timestamp_ms,request_id,um,function_node,decision_type,physical_node,container_id,cold_start_ms,transfer_ms,execution_ms,container_state_before,container_state_after,cpu_request_mcpu,memory_mb,transfer_data_mb,bandwidth_mbps,allocated_cpu_mcpu,reason
1251,req-1,dag_0013,dag_0013_fn_008,cold_start,host-9,ctr-1,1571,0,299,,RUNNING,1408,1882,0.000000,,1760.000000,no_warm_container
1927,req-2,dag_0010,dag_0010_fn_004,cold_start,host-19,ctr-2,1270,0,166,,RUNNING,1387,874,0.000000,,1733.750000,no_warm_container
3121,req-1,dag_0013,dag_0013_fn_001,cold_start,host-20,ctr-12,1413,18,303,,RUNNING,1577,1927,8.345903,3713.082985,1971.250000,no_warm_container
3363,req-2,dag_0010,dag_0010_fn_005,cold_start,host-4,ctr-13,1285,6,262,,RUNNING,1553,1727,11.385418,17478.288243,1941.250000,no_warm_container
4855,req-1,dag_0013,dag_0013_fn_010,warm_reuse,host-17,ctr-11,0,3,273,IDLE,RUNNING,1853,1407,7.762459,23598.277270,2316.250000,warm_container_available
4916,req-2,dag_0010,dag_0010_fn_006,cold_start,host-24,ctr-14,878,205,371,,RUNNING,1969,2257,32.040049,1252.870764,2461.250000,no_warm_container
6370,req-2,dag_0010,dag_0010_fn_007,cold_start,host-15,ctr-16,869,13,365,,RUNNING,1551,2231,33.484786,21744.504774,1938.750000,no_warm_container
6752,req-3,dag_0011,dag_0011_fn_006,cold_start,host-5,ctr-17,571,0,273,,RUNNING,1806,2124,0.000000,,2257.500000,no_warm_container
7378,req-4,dag_0012,dag_0012_fn_010,cold_start,host-13,ctr-18,818,0,209,,RUNNING,872,872,0.000000,,1090.000000,no_warm_container
7596,req-3,dag_0011,dag_0011_fn_011,cold_start,host-11,ctr-19,1298,13,285,,RUNNING,973,1558,14.722002,9642.896742,1216.250000,no_warm_container
8405,req-4,dag_0012,dag_0012_fn_012,cold_start,host-14,ctr-20,851,8,388,,RUNNING,2309,2949,10.740312,11175.077486,2886.250000,no_warm_container
9192,req-3,dag_0011,dag_0011_fn_012,cold_start,host-12,ctr-25,611,13,168,,RUNNING,831,1049,23.067503,14729.723397,1038.750000,no_warm_container
9984,req-3,dag_0011,dag_0011_fn_013,warm_reuse,host-7,ctr-22,0,10,228,IDLE,RUNNING,1019,563,27.069235,23818.231433,1273.750000,warm_container_available
9652,req-4,dag_0012,dag_0012_fn_013,cold_start,host-10,ctr-26,1300,33,134,,RUNNING,946,1015,27.879769,6848.307128,1182.500000,no_warm_container
10222,req-3,dag_0011,dag_0011_fn_014,cold_start,host-13,ctr-27,1483,23,256,,RUNNING,1646,1241,26.999585,9451.217697,2057.500000,no_warm_container
11666,req-5,dag_0015,dag_0015_fn_007,cold_start,host-18,ctr-28,1368,0,211,,RUNNING,1401,746,0.000000,,1751.250000,no_warm_container
13026,req-6,dag_0011,dag_0011_fn_004,cold_start,host-7,ctr-30,935,0,331,,RUNNING,2275,2314,0.000000,,2843.750000,no_warm_container
13245,req-5,dag_0015,dag_0015_fn_004,cold_start,host-3,ctr-31,821,52,366,,RUNNING,2471,2298,33.840261,5239.880644,3088.750000,no_warm_container
14292,req-6,dag_0011,dag_0011_fn_011,warm_reuse,host-11,ctr-19,0,24,285,IDLE,RUNNING,973,1558,31.073613,10649.372827,1216.250000,warm_container_available
14601,req-6,dag_0011,dag_0011_fn_012,warm_reuse,host-12,ctr-25,0,13,168,IDLE,RUNNING,831,1049,23.067503,14729.723397,1038.750000,warm_container_available
14782,req-6,dag_0011,dag_0011_fn_013,warm_reuse,host-7,ctr-22,0,10,228,IDLE,RUNNING,1019,563,27.069235,23818.231433,1273.750000,warm_container_available
14511,req-7,dag_0009,dag_0009_fn_012,cold_start,host-9,ctr-33,567,0,176,,RUNNING,1223,1424,0.000000,,1528.750000,no_warm_container
15020,req-6,dag_0011,dag_0011_fn_014,warm_reuse,host-23,ctr-23,0,60,256,IDLE,RUNNING,1646,1241,26.999585,3657.576205,2057.500000,warm_container_available
14484,req-5,dag_0015,dag_0015_fn_005,cold_start,host-19,ctr-32,681,10,240,,RUNNING,1682,1753,28.268505,23233.856599,2102.500000,no_warm_container
15254,req-7,dag_0009,dag_0009_fn_010,cold_start,host-20,ctr-58,506,68,185,,RUNNING,1471,704,31.378274,3713.082985,1838.750000,no_warm_container
14904,req-8,dag_0005,dag_0005_fn_007,cold_start,host-15,ctr-34,1275,0,367,,RUNNING,2124,2384,0.000000,,2655.000000,no_warm_container
15415,req-5,dag_0015,dag_0015_fn_006,cold_start,host-11,ctr-59,1011,11,361,,RUNNING,1626,1583,33.415142,24455.803384,2032.500000,no_warm_container
16798,req-5,dag_0015,dag_0015_fn_008,warm_reuse,host-11,ctr-29,0,0,179,IDLE,RUNNING,1227,904,25.449310,,1533.750000,warm_container_available
16546,req-8,dag_0005,dag_0005_fn_016,cold_start,host-19,ctr-61,618,5,226,,RUNNING,860,531,9.046479,15814.031445,1075.000000,no_warm_container
16013,req-7,dag_0009,dag_0009_fn_014,cold_start,host-6,ctr-60,1371,4,239,,RUNNING,1630,1533,7.554987,18474.138054,2037.500000,no_warm_container
17395,req-8,dag_0005,dag_0005_fn_003,warm_reuse,host-12,ctr-37,0,12,199,IDLE,RUNNING,1609,1529,16.253019,11287.931143,2011.250000,warm_container_available
17606,req-8,dag_0005,dag_0005_fn_012,warm_reuse,host-17,ctr-43,0,10,316,IDLE,RUNNING,2372,2377,20.466084,17895.061457,2965.000000,warm_container_available
17932,req-8,dag_0005,dag_0005_fn_013,warm_reuse,host-8,ctr-44,0,18,391,IDLE,RUNNING,2050,2686,32.436835,14505.328543,2562.500000,warm_container_available
17775,req-9,dag_0003,dag_0003_fn_026,cold_start,host-12,ctr-62,1143,0,393,,RUNNING,1907,2324,0.000000,,2383.750000,no_warm_container
19311,req-9,dag_0003,dag_0003_fn_027,warm_reuse,host-23,ctr-63,0,11,107,IDLE,RUNNING,1168,350,29.814858,21738.362247,1460.000000,warm_container_available
18810,req-10,dag_0002,dag_0002_fn_012,cold_start,host-4,ctr-67,1372,0,300,,RUNNING,1989,1467,0.000000,,2486.250000,no_warm_container
19429,req-9,dag_0003,dag_0003_fn_028,cold_start,host-13,ctr-68,1440,9,264,,RUNNING,1867,1188,21.153485,20453.185703,2333.750000,no_warm_container
21142,req-9,dag_0003,dag_0003_fn_029,warm_reuse,host-7,ctr-65,0,14,251,IDLE,RUNNING,1746,1249,16.513362,9545.539213,2182.500000,warm_container_available
21407,req-9,dag_0003,dag_0003_fn_030,warm_reuse,host-14,ctr-66,0,10,213,IDLE,RUNNING,1436,813,26.111300,22475.550793,1795.000000,warm_container_available
21927,req-12,dag_0010,dag_0010_fn_004,warm_reuse,host-19,ctr-2,0,0,166,IDLE,RUNNING,1387,874,0.000000,,1733.750000,warm_container_available
20482,req-10,dag_0002,dag_0002_fn_008,cold_start,host-3,ctr-69,1561,4,293,,RUNNING,1692,2022,7.980514,16574.091290,2115.000000,no_warm_container
22093,req-12,dag_0010,dag_0010_fn_005,warm_reuse,host-4,ctr-13,0,6,262,IDLE,RUNNING,1553,1727,11.385418,17478.288243,1941.250000,warm_container_available
22340,req-10,dag_0002,dag_0002_fn_014,warm_reuse,host-19,ctr-72,0,8,289,IDLE,RUNNING,2107,1863,22.696604,23233.856599,2633.750000,warm_container_available
21717,req-11,dag_0008,dag_0008_fn_013,cold_start,host-21,ctr-75,766,0,120,,RUNNING,1288,1283,0.000000,,1610.000000,no_warm_container
22361,req-12,dag_0010,dag_0010_fn_006,warm_reuse,host-24,ctr-14,0,205,371,IDLE,RUNNING,1969,2257,32.040049,1252.870764,2461.250000,warm_container_available
22637,req-10,dag_0002,dag_0002_fn_009,warm_reuse,host-15,ctr-70,0,18,262,IDLE,RUNNING,1091,1460,27.518717,12243.427657,1363.750000,warm_container_available
22917,req-10,dag_0002,dag_0002_fn_010,warm_reuse,host-5,ctr-71,0,9,305,IDLE,RUNNING,1128,1630,19.973001,18745.948150,1410.000000,warm_container_available
22937,req-12,dag_0010,dag_0010_fn_007,warm_reuse,host-15,ctr-16,0,13,365,IDLE,RUNNING,1551,2231,33.484786,21744.504774,1938.750000,warm_container_available
22603,req-11,dag_0008,dag_0008_fn_003,cold_start,host-2,ctr-76,638,13,392,,RUNNING,2054,2593,31.707319,20821.533934,2567.500000,no_warm_container
23231,req-10,dag_0002,dag_0002_fn_029,warm_reuse,host-8,ctr-73,0,48,348,IDLE,RUNNING,1694,2261,18.545680,3147.523889,2117.500000,warm_container_available
23627,req-10,dag_0002,dag_0002_fn_030,warm_reuse,host-9,ctr-74,0,51,424,IDLE,RUNNING,2022,2269,22.307476,3500.719714,2527.500000,warm_container_available
23646,req-11,dag_0008,dag_0008_fn_004,cold_start,host-17,ctr-77,1127,3,131,,RUNNING,1002,680,5.174287,16037.694620,1252.500000,no_warm_container
24907,req-11,dag_0008,dag_0008_fn_016,cold_start,host-3,ctr-80,1129,8,338,,RUNNING,2312,1977,8.132014,8515.606688,2890.000000,no_warm_container
26382,req-11,dag_0008,dag_0008_fn_017,warm_reuse,host-8,ctr-79,0,131,200,IDLE,RUNNING,1490,686,33.572218,2061.510902,1862.500000,warm_container_available
28242,req-13,dag_0014,dag_0014_fn_005,cold_start,host-22,ctr-81,833,0,165,,RUNNING,1181,713,0.000000,,1476.250000,no_warm_container
29240,req-13,dag_0014,dag_0014_fn_006,cold_start,host-16,ctr-82,513,153,170,,RUNNING,1009,1327,20.726888,1090.766981,1261.250000,no_warm_container
30076,req-13,dag_0014,dag_0014_fn_008,cold_start,host-1,ctr-85,777,158,352,,RUNNING,1423,1918,26.793608,1358.397560,1778.750000,no_warm_container
30662,req-14,dag_0011,dag_0011_fn_006,cold_start,host-5,ctr-86,571,0,273,,RUNNING,1806,2124,0.000000,,2257.500000,no_warm_container
31506,req-14,dag_0011,dag_0011_fn_011,warm_reuse,host-11,ctr-19,0,13,285,IDLE,RUNNING,973,1558,14.722002,9642.896742,1216.250000,warm_container_available
31804,req-14,dag_0011,dag_0011_fn_012,warm_reuse,host-12,ctr-25,0,13,168,IDLE,RUNNING,831,1049,23.067503,14729.723397,1038.750000,warm_container_available
31985,req-14,dag_0011,dag_0011_fn_013,warm_reuse,host-7,ctr-22,0,10,228,IDLE,RUNNING,1019,563,27.069235,23818.231433,1273.750000,warm_container_available
32223,req-14,dag_0011,dag_0011_fn_014,warm_reuse,host-23,ctr-23,0,60,256,IDLE,RUNNING,1646,1241,26.999585,3657.576205,2057.500000,warm_container_available
31363,req-13,dag_0014,dag_0014_fn_009,cold_start,host-17,ctr-87,1578,5,335,,RUNNING,1851,2312,9.152835,14728.855037,2313.750000,no_warm_container
32216,req-15,dag_0012,dag_0012_fn_009,cold_start,host-13,ctr-88,1591,0,170,,RUNNING,1427,1225,0.000000,,1783.750000,no_warm_container
33977,req-15,dag_0012,dag_0012_fn_012,warm_reuse,host-10,ctr-89,0,7,388,IDLE,RUNNING,2309,2949,13.341765,15616.137894,2886.250000,warm_container_available
34372,req-15,dag_0012,dag_0012_fn_013,warm_reuse,host-18,ctr-90,0,10,134,IDLE,RUNNING,946,1015,27.879769,23794.521531,1182.500000,warm_container_available
33177,req-16,dag_0013,dag_0013_fn_008,cold_start,host-22,ctr-91,1571,0,299,,RUNNING,1408,1882,0.000000,,1760.000000,no_warm_container
35234,req-17,dag_0009,dag_0009_fn_012,warm_reuse,host-9,ctr-33,0,0,176,IDLE,RUNNING,1223,1424,0.000000,,1528.750000,warm_container_available
35410,req-17,dag_0009,dag_0009_fn_004,warm_reuse,host-22,ctr-52,0,68,424,IDLE,RUNNING,2285,2568,31.378274,3704.182897,2856.250000,warm_container_available
35769,req-18,dag_0005,dag_0005_fn_007,warm_reuse,host-15,ctr-34,0,0,367,IDLE,RUNNING,2124,2384,0.000000,,2655.000000,warm_container_available
35047,req-16,dag_0013,dag_0013_fn_009,cold_start,host-7,ctr-92,773,4,179,,RUNNING,976,1261,8.345903,19529.885747,1220.000000,no_warm_container
35902,req-17,dag_0009,dag_0009_fn_014,warm_reuse,host-16,ctr-56,0,85,239,IDLE,RUNNING,1630,1533,11.504602,1090.766981,2037.500000,warm_container_available
36003,req-16,dag_0013,dag_0013_fn_010,cold_start,host-24,ctr-94,778,11,273,,RUNNING,1853,1407,27.427542,21773.650509,2316.250000,no_warm_container
36136,req-18,dag_0005,dag_0005_fn_005,cold_start,host-21,ctr-96,841,5,169,,RUNNING,1424,1148,9.046479,14541.871000,1780.000000,no_warm_container
36067,req-19,dag_0003,dag_0003_fn_022,cold_start,host-2,ctr-95,928,0,255,,RUNNING,1386,1636,0.000000,,1732.500000,no_warm_container
37250,req-19,dag_0003,dag_0003_fn_028,warm_reuse,host-13,ctr-68,0,4,264,IDLE,RUNNING,1867,1188,5.068042,13168.139926,2333.750000,warm_container_available
37518,req-19,dag_0003,dag_0003_fn_029,warm_reuse,host-7,ctr-65,0,14,251,IDLE,RUNNING,1746,1249,16.513362,9545.539213,2182.500000,warm_container_available
37783,req-19,dag_0003,dag_0003_fn_030,warm_reuse,host-14,ctr-66,0,10,213,IDLE,RUNNING,1436,813,26.111300,22475.550793,1795.000000,warm_container_available
37151,req-18,dag_0005,dag_0005_fn_006,cold_start,host-11,ctr-97,1235,31,245,,RUNNING,1548,1043,12.782703,3403.454307,1935.000000,no_warm_container
38662,req-18,dag_0005,dag_0005_fn_010,cold_start,host-20,ctr-99,778,27,192,,RUNNING,1446,1444,20.508260,6127.944144,1807.500000,no_warm_container
38490,req-20,dag_0015,dag_0015_fn_001,cold_start,host-1,ctr-98,1443,0,385,,RUNNING,2180,2731,0.000000,,2725.000000,no_warm_container
40318,req-20,dag_0015,dag_0015_fn_006,warm_reuse,host-21,ctr-103,0,7,361,IDLE,RUNNING,1626,1583,12.985388,15577.776580,2032.500000,warm_container_available
39659,req-18,dag_0005,dag_0005_fn_013,cold_start,host-18,ctr-105,838,22,391,,RUNNING,2050,2686,16.572930,6205.691369,2562.500000,no_warm_container
40686,req-20,dag_0015,dag_0015_fn_008,warm_reuse,host-12,ctr-104,0,12,179,IDLE,RUNNING,1227,904,25.449310,17552.597640,1533.750000,warm_container_available
41927,req-21,dag_0010,dag_0010_fn_002,cold_start,host-4,ctr-106,713,0,211,,RUNNING,1360,897,0.000000,,1700.000000,no_warm_container
42851,req-21,dag_0010,dag_0010_fn_008,cold_start,host-23,ctr-107,1446,10,165,,RUNNING,1022,581,6.653566,5551.994866,1277.500000,no_warm_container
44143,req-22,dag_0018,dag_0018_fn_003,cold_start,host-19,ctr-108,636,0,328,,RUNNING,2263,2580,0.000000,,2828.750000,no_warm_container
45322,req-23,dag_0013,dag_0013_fn_008,warm_reuse,host-22,ctr-91,0,0,299,IDLE,RUNNING,1408,1882,0.000000,,1760.000000,warm_container_available
44472,req-21,dag_0010,dag_0010_fn_013,cold_start,host-4,ctr-109,1006,12,377,,RUNNING,1908,2224,12.081508,8676.752562,2385.000000,no_warm_container
45621,req-23,dag_0013,dag_0013_fn_002,cold_start,host-17,ctr-114,605,7,363,,RUNNING,1926,1810,8.345903,10395.440687,2407.500000,no_warm_container
46596,req-23,dag_0013,dag_0013_fn_010,warm_reuse,host-24,ctr-94,0,7,273,IDLE,RUNNING,1853,1407,6.315953,8073.520589,2316.250000,warm_container_available
45107,req-22,dag_0018,dag_0018_fn_004,cold_start,host-5,ctr-113,1538,6,251,,RUNNING,1334,1505,15.018022,22828.888370,1667.500000,no_warm_container
46902,req-22,dag_0018,dag_0018_fn_005,warm_reuse,host-8,ctr-112,0,31,157,IDLE,RUNNING,1167,1365,11.976465,3147.523889,1458.750000,warm_container_available
45867,req-21,dag_0010,dag_0010_fn_014,cold_start,host-24,ctr-115,1184,199,404,,RUNNING,2129,2221,31.036224,1252.870764,2661.250000,no_warm_container
47311,req-24,dag_0019,dag_0019_fn_006,cold_start,host-3,ctr-116,1278,0,166,,RUNNING,1433,1335,0.000000,,1791.250000,no_warm_container
48788,req-25,dag_0009,dag_0009_fn_012,warm_reuse,host-9,ctr-33,0,0,176,IDLE,RUNNING,1223,1424,0.000000,,1528.750000,warm_container_available
48964,req-25,dag_0009,dag_0009_fn_004,warm_reuse,host-22,ctr-52,0,68,424,IDLE,RUNNING,2285,2568,31.378274,3704.182897,2856.250000,warm_container_available
49456,req-25,dag_0009,dag_0009_fn_014,warm_reuse,host-16,ctr-56,0,85,239,IDLE,RUNNING,1630,1533,11.504602,1090.766981,2037.500000,warm_container_available
50082,req-27,dag_0004,dag_0004_fn_008,cold_start,host-3,ctr-118,648,0,204,,RUNNING,1322,1383,0.000000,,1652.500000,no_warm_container
51228,req-28,dag_0005,dag_0005_fn_007,warm_reuse,host-15,ctr-34,0,0,367,IDLE,RUNNING,2124,2384,0.000000,,2655.000000,warm_container_available
49979,req-26,dag_0002,dag_0002_fn_024,cold_start,host-8,ctr-117,1588,0,298,,RUNNING,1370,1197,0.000000,,1712.500000,no_warm_container
51595,req-28,dag_0005,dag_0005_fn_016,cold_start,host-2,ctr-128,618,5,226,,RUNNING,860,531,9.046479,17197.914267,1075.000000,no_warm_container
50934,req-27,dag_0004,dag_0004_fn_010,cold_start,host-6,ctr-119,1589,43,302,,RUNNING,1758,1818,16.733574,3178.333045,2197.500000,no_warm_container
51865,req-26,dag_0002,dag_0002_fn_025,cold_start,host-3,ctr-129,943,10,318,,RUNNING,1886,2321,29.715526,23943.938850,2357.500000,no_warm_container
53512,req-29,dag_0013,dag_0013_fn_008,warm_reuse,host-22,ctr-91,0,0,299,IDLE,RUNNING,1408,1882,0.000000,,1760.000000,warm_container_available
53136,req-26,dag_0002,dag_0002_fn_027,cold_start,host-20,ctr-131,637,26,147,,RUNNING,1224,833,25.113934,7777.880916,1530.000000,no_warm_container
52444,req-28,dag_0005,dag_0005_fn_003,cold_start,host-5,ctr-130,1599,15,199,,RUNNING,1609,1529,16.253019,9024.108827,2011.250000,no_warm_container
53946,req-26,dag_0002,dag_0002_fn_028,cold_start,host-12,ctr-133,859,14,286,,RUNNING,1535,1525,23.750071,13980.477547,1918.750000,no_warm_container
53811,req-29,dag_0013,dag_0013_fn_007,cold_start,host-1,ctr-132,1110,4,338,,RUNNING,1380,1249,8.345903,18376.014808,1725.000000,no_warm_container
55105,req-26,dag_0002,dag_0002_fn_029,warm_reuse,host-8,ctr-126,0,12,348,IDLE,RUNNING,1694,2261,34.642392,23843.107737,2117.500000,warm_container_available
55263,req-29,dag_0013,dag_0013_fn_010,warm_reuse,host-18,ctr-93,0,8,273,IDLE,RUNNING,1853,1407,16.989637,19286.931650,2316.250000,warm_container_available
54257,req-28,dag_0005,dag_0005_fn_012,cold_start,host-17,ctr-135,1135,8,316,,RUNNING,2372,2377,20.466084,22286.217861,2965.000000,no_warm_container
55465,req-26,dag_0002,dag_0002_fn_030,warm_reuse,host-23,ctr-127,0,54,424,IDLE,RUNNING,2022,2269,22.307476,3335.855912,2527.500000,warm_container_available
55576,req-30,dag_0015,dag_0015_fn_001,warm_reuse,host-1,ctr-98,0,0,385,IDLE,RUNNING,2180,2731,0.000000,,2725.000000,warm_container_available
55716,req-28,dag_0005,dag_0005_fn_013,warm_reuse,host-18,ctr-105,0,12,391,IDLE,RUNNING,2050,2686,32.436835,22602.281420,2562.500000,warm_container_available
55961,req-30,dag_0015,dag_0015_fn_006,warm_reuse,host-21,ctr-103,0,7,361,IDLE,RUNNING,1626,1583,12.985388,15577.776580,2032.500000,warm_container_available
56329,req-30,dag_0015,dag_0015_fn_008,warm_reuse,host-12,ctr-104,0,12,179,IDLE,RUNNING,1227,904,25.449310,17552.597640,1533.750000,warm_container_available
59324,req-31,dag_0013,dag_0013_fn_008,warm_reuse,host-22,ctr-91,0,0,299,IDLE,RUNNING,1408,1882,0.000000,,1760.000000,warm_container_available
59623,req-31,dag_0013,dag_0013_fn_009,cold_start,host-7,ctr-136,773,4,179,,RUNNING,976,1261,8.345903,19529.885747,1220.000000,no_warm_container
60579,req-31,dag_0013,dag_0013_fn_010,warm_reuse,host-18,ctr-93,0,18,273,IDLE,RUNNING,1853,1407,27.427542,12682.672788,2316.250000,warm_container_available
60344,req-32,dag_0012,dag_0012_fn_010,cold_start,host-11,ctr-137,818,0,209,,RUNNING,872,872,0.000000,,1090.000000,no_warm_container
61371,req-32,dag_0012,dag_0012_fn_012,cold_start,host-11,ctr-138,851,0,388,,RUNNING,2309,2949,10.740312,,2886.250000,no_warm_container
62318,req-35,dag_0013,dag_0013_fn_008,warm_reuse,host-22,ctr-91,0,0,299,IDLE,RUNNING,1408,1882,0.000000,,1760.000000,warm_container_available
62617,req-35,dag_0013,dag_0013_fn_009,warm_reuse,host-7,ctr-136,0,4,179,IDLE,RUNNING,976,1261,8.345903,19529.885747,1220.000000,warm_container_available
62800,req-35,dag_0013,dag_0013_fn_010,warm_reuse,host-18,ctr-93,0,18,273,IDLE,RUNNING,1853,1407,27.427542,12682.672788,2316.250000,warm_container_available
61970,req-34,dag_0003,dag_0003_fn_013,cold_start,host-20,ctr-140,949,0,278,,RUNNING,1455,1403,0.000000,,1818.750000,no_warm_container
61927,req-33,dag_0010,dag_0010_fn_004,cold_start,host-7,ctr-139,1270,0,166,,RUNNING,1387,874,0.000000,,1733.750000,no_warm_container
63363,req-33,dag_0010,dag_0010_fn_011,cold_start,host-21,ctr-150,498,13,143,,RUNNING,1067,1016,11.385418,7163.316737,1333.750000,no_warm_container
62610,req-32,dag_0012,dag_0012_fn_013,cold_start,host-21,ctr-141,1300,20,134,,RUNNING,946,1015,27.879769,11644.089346,1182.500000,no_warm_container
63197,req-34,dag_0003,dag_0003_fn_014,cold_start,host-14,ctr-149,1305,4,134,,RUNNING,954,641,5.766705,11866.985656,1192.500000,no_warm_container
64640,req-34,dag_0003,dag_0003_fn_028,warm_reuse,host-6,ctr-143,0,28,264,IDLE,RUNNING,1867,1188,12.598050,3607.256446,2333.750000,warm_container_available
64932,req-34,dag_0003,dag_0003_fn_029,warm_reuse,host-10,ctr-144,0,8,251,IDLE,RUNNING,1746,1249,16.513362,18740.272580,2182.500000,warm_container_available
64017,req-33,dag_0010,dag_0010_fn_012,cold_start,host-16,ctr-151,1113,18,338,,RUNNING,2361,2606,7.039783,3308.186299,2951.250000,no_warm_container
65191,req-34,dag_0003,dag_0003_fn_030,warm_reuse,host-4,ctr-145,0,16,213,IDLE,RUNNING,1436,813,26.111300,13094.177995,1795.000000,warm_container_available
65486,req-33,dag_0010,dag_0010_fn_013,warm_reuse,host-4,ctr-109,0,22,377,IDLE,RUNNING,1908,2224,18.487276,6809.339680,2385.000000,warm_container_available
65885,req-33,dag_0010,dag_0010_fn_014,warm_reuse,host-9,ctr-110,0,22,404,IDLE,RUNNING,2129,2221,31.036224,11704.051401,2661.250000,warm_container_available
66536,req-41,dag_0013,dag_0013_fn_008,warm_reuse,host-22,ctr-91,0,0,299,IDLE,RUNNING,1408,1882,0.000000,,1760.000000,warm_container_available
66051,req-39,dag_0011,dag_0011_fn_006,cold_start,host-20,ctr-163,571,0,273,,RUNNING,1806,2124,0.000000,,2257.500000,no_warm_container
65985,req-38,dag_0007,dag_0007_fn_003,cold_start,host-5,ctr-154,681,0,325,,RUNNING,1467,1390,0.000000,,1833.750000,no_warm_container
65299,req-36,dag_0015,dag_0015_fn_007,cold_start,host-23,ctr-152,1368,0,211,,RUNNING,1401,746,0.000000,,1751.250000,no_warm_container
66835,req-41,dag_0013,dag_0013_fn_009,warm_reuse,host-7,ctr-136,0,4,179,IDLE,RUNNING,976,1261,8.345903,19529.885747,1220.000000,warm_container_available
66878,req-36,dag_0015,dag_0015_fn_004,warm_reuse,host-15,ctr-161,0,12,366,IDLE,RUNNING,2471,2298,33.840261,24219.897885,3088.750000,warm_container_available
65736,req-37,dag_0009,dag_0009_fn_001,cold_start,host-20,ctr-153,1223,0,146,,RUNNING,852,1073,0.000000,,1065.000000,no_warm_container
66991,req-38,dag_0007,dag_0007_fn_012,warm_reuse,host-19,ctr-155,0,4,347,IDLE,RUNNING,1935,2414,9.294136,23133.657012,2418.750000,warm_container_available
67018,req-41,dag_0013,dag_0013_fn_010,warm_reuse,host-18,ctr-93,0,18,273,IDLE,RUNNING,1853,1407,27.427542,12682.672788,2316.250000,warm_container_available
67256,req-36,dag_0015,dag_0015_fn_005,warm_reuse,host-14,ctr-162,0,15,240,IDLE,RUNNING,1682,1753,28.268505,15663.234149,2102.500000,warm_container_available
67342,req-38,dag_0007,dag_0007_fn_013,warm_reuse,host-11,ctr-156,0,10,237,IDLE,RUNNING,1206,827,28.741075,24455.803384,1507.500000,warm_container_available
66115,req-40,dag_0002,dag_0002_fn_012,cold_start,host-10,ctr-164,1372,0,300,,RUNNING,1989,1467,0.000000,,2486.250000,no_warm_container
67511,req-36,dag_0015,dag_0015_fn_006,warm_reuse,host-21,ctr-103,0,16,361,IDLE,RUNNING,1626,1583,33.415142,16985.908266,2032.500000,warm_container_available
67589,req-38,dag_0007,dag_0007_fn_017,warm_reuse,host-4,ctr-157,0,10,182,IDLE,RUNNING,1217,641,27.862452,24243.784236,1521.250000,warm_container_available
67781,req-38,dag_0007,dag_0007_fn_018,warm_reuse,host-9,ctr-158,0,18,381,IDLE,RUNNING,1850,1873,26.303743,11704.051401,2312.500000,warm_container_available
67888,req-36,dag_0015,dag_0015_fn_008,warm_reuse,host-12,ctr-104,0,12,179,IDLE,RUNNING,1227,904,25.449310,17552.597640,1533.750000,warm_container_available
68180,req-38,dag_0007,dag_0007_fn_019,warm_reuse,host-19,ctr-159,0,9,383,IDLE,RUNNING,2457,2786,24.763478,24449.177005,3071.250000,warm_container_available
66895,req-39,dag_0011,dag_0011_fn_011,cold_start,host-1,ctr-165,1298,17,285,,RUNNING,973,1558,14.722002,7259.317820,1216.250000,no_warm_container
67105,req-37,dag_0009,dag_0009_fn_002,cold_start,host-24,ctr-166,1374,8,175,,RUNNING,889,522,10.651236,10733.528994,1111.250000,no_warm_container
68662,req-37,dag_0009,dag_0009_fn_014,warm_reuse,host-16,ctr-56,0,15,239,IDLE,RUNNING,1630,1533,24.384062,13575.380684,2037.500000,warm_container_available
68495,req-39,dag_0011,dag_0011_fn_012,cold_start,host-24,ctr-168,611,50,168,,RUNNING,831,1049,23.067503,3722.133272,1038.750000,no_warm_container
67787,req-40,dag_0002,dag_0002_fn_008,cold_start,host-17,ctr-167,1561,5,293,,RUNNING,1692,2022,7.980514,13253.132489,2115.000000,no_warm_container
69500,req-42,dag_0005,dag_0005_fn_007,warm_reuse,host-15,ctr-34,0,0,367,IDLE,RUNNING,2124,2384,0.000000,,2655.000000,warm_container_available
69867,req-42,dag_0005,dag_0005_fn_016,warm_reuse,host-2,ctr-128,0,5,226,IDLE,RUNNING,860,531,9.046479,17197.914267,1075.000000,warm_container_available
70098,req-42,dag_0005,dag_0005_fn_003,warm_reuse,host-5,ctr-130,0,15,199,IDLE,RUNNING,1609,1529,16.253019,9024.108827,2011.250000,warm_container_available
69324,req-39,dag_0011,dag_0011_fn_013,cold_start,host-5,ctr-172,978,16,228,,RUNNING,1019,563,27.069235,14386.255584,1273.750000,no_warm_container
70312,req-42,dag_0005,dag_0005_fn_012,warm_reuse,host-13,ctr-134,0,15,316,IDLE,RUNNING,2372,2377,20.466084,11182.131164,2965.000000,warm_container_available
70546,req-39,dag_0011,dag_0011_fn_014,warm_reuse,host-8,ctr-171,0,69,256,IDLE,RUNNING,1646,1241,26.999585,3147.523889,2057.500000,warm_container_available
70643,req-42,dag_0005,dag_0005_fn_013,warm_reuse,host-18,ctr-105,0,29,391,IDLE,RUNNING,2050,2686,32.436835,8968.302625,2562.500000,warm_container_available
69646,req-40,dag_0002,dag_0002_fn_014,cold_start,host-3,ctr-173,1089,22,289,,RUNNING,2107,1863,22.696604,8515.606688,2633.750000,no_warm_container
71046,req-40,dag_0002,dag_0002_fn_009,warm_reuse,host-14,ctr-120,0,12,262,IDLE,RUNNING,1091,1460,27.518717,19364.206121,1363.750000,warm_container_available
71320,req-40,dag_0002,dag_0002_fn_010,warm_reuse,host-12,ctr-121,0,38,305,IDLE,RUNNING,1128,1630,19.973001,4249.235441,1410.000000,warm_container_available
71663,req-40,dag_0002,dag_0002_fn_029,warm_reuse,host-8,ctr-126,0,7,348,IDLE,RUNNING,1694,2261,18.545680,23843.107737,2117.500000,warm_container_available
72018,req-40,dag_0002,dag_0002_fn_030,warm_reuse,host-23,ctr-127,0,54,424,IDLE,RUNNING,2022,2269,22.307476,3335.855912,2527.500000,warm_container_available
75935,req-43,dag_0001,dag_0001_fn_010,cold_start,host-22,ctr-174,1103,0,241,,RUNNING,1319,875,0.000000,,1648.750000,no_warm_container
77279,req-43,dag_0001,dag_0001_fn_025,cold_start,host-1,ctr-175,1218,15,293,,RUNNING,1745,1928,33.085626,18376.014808,2181.250000,no_warm_container
78805,req-43,dag_0001,dag_0001_fn_007,cold_start,host-3,ctr-184,963,9,353,,RUNNING,2185,2705,21.822820,21754.675022,2731.250000,no_warm_container
80130,req-43,dag_0001,dag_0001_fn_032,warm_reuse,host-6,ctr-183,0,87,289,IDLE,RUNNING,1082,1300,34.355821,3178.333045,1352.500000,warm_container_available
79643,req-44,dag_0003,dag_0003_fn_015,cold_start,host-8,ctr-185,1405,0,173,,RUNNING,980,1123,0.000000,,1225.000000,no_warm_container
81221,req-44,dag_0003,dag_0003_fn_028,warm_reuse,host-6,ctr-143,0,9,264,IDLE,RUNNING,1867,1188,11.957639,11144.293892,2333.750000,warm_container_available
81494,req-44,dag_0003,dag_0003_fn_029,warm_reuse,host-10,ctr-144,0,8,251,IDLE,RUNNING,1746,1249,16.513362,18740.272580,2182.500000,warm_container_available
81753,req-44,dag_0003,dag_0003_fn_030,warm_reuse,host-4,ctr-145,0,16,213,IDLE,RUNNING,1436,813,26.111300,13094.177995,1795.000000,warm_container_available
81896,req-45,dag_0002,dag_0002_fn_012,warm_reuse,host-10,ctr-164,0,0,300,IDLE,RUNNING,1989,1467,0.000000,,2486.250000,warm_container_available
82196,req-45,dag_0002,dag_0002_fn_008,warm_reuse,host-17,ctr-167,0,5,293,IDLE,RUNNING,1692,2022,7.980514,13253.132489,2115.000000,warm_container_available
82494,req-45,dag_0002,dag_0002_fn_014,warm_reuse,host-24,ctr-169,0,23,289,IDLE,RUNNING,2107,1863,22.696604,8073.520589,2633.750000,warm_container_available
82243,req-47,dag_0009,dag_0009_fn_012,cold_start,host-11,ctr-187,567,0,176,,RUNNING,1223,1424,0.000000,,1528.750000,no_warm_container
82806,req-45,dag_0002,dag_0002_fn_009,warm_reuse,host-14,ctr-120,0,64,262,IDLE,RUNNING,1091,1460,27.518717,3485.693727,1363.750000,warm_container_available
83132,req-45,dag_0002,dag_0002_fn_010,warm_reuse,host-12,ctr-121,0,38,305,IDLE,RUNNING,1128,1630,19.973001,4249.235441,1410.000000,warm_container_available
81927,req-46,dag_0010,dag_0010_fn_009,cold_start,host-2,ctr-186,1505,0,157,,RUNNING,1227,1200,0.000000,,1533.750000,no_warm_container
83475,req-45,dag_0002,dag_0002_fn_029,warm_reuse,host-8,ctr-126,0,7,348,IDLE,RUNNING,1694,2261,18.545680,23843.107737,2117.500000,warm_container_available
83585,req-49,dag_0005,dag_0005_fn_007,warm_reuse,host-15,ctr-34,0,0,367,IDLE,RUNNING,2124,2384,0.000000,,2655.000000,warm_container_available
83589,req-46,dag_0010,dag_0010_fn_012,warm_reuse,host-16,ctr-151,0,14,338,IDLE,RUNNING,2361,2606,30.320737,18258.834726,2951.250000,warm_container_available
83830,req-45,dag_0002,dag_0002_fn_030,warm_reuse,host-23,ctr-127,0,54,424,IDLE,RUNNING,2022,2269,22.307476,3335.855912,2527.500000,warm_container_available
83952,req-49,dag_0005,dag_0005_fn_016,warm_reuse,host-2,ctr-128,0,5,226,IDLE,RUNNING,860,531,9.046479,17197.914267,1075.000000,warm_container_available
83941,req-46,dag_0010,dag_0010_fn_013,warm_reuse,host-4,ctr-109,0,22,377,IDLE,RUNNING,1908,2224,18.487276,6809.339680,2385.000000,warm_container_available
82986,req-47,dag_0009,dag_0009_fn_004,cold_start,host-12,ctr-189,1013,18,424,,RUNNING,2285,2568,31.378274,14729.723397,2856.250000,no_warm_container
82552,req-48,dag_0012,dag_0012_fn_009,cold_start,host-21,ctr-188,1591,0,170,,RUNNING,1427,1225,0.000000,,1783.750000,no_warm_container
84183,req-49,dag_0005,dag_0005_fn_003,warm_reuse,host-5,ctr-130,0,15,199,IDLE,RUNNING,1609,1529,16.253019,9024.108827,2011.250000,warm_container_available
84340,req-46,dag_0010,dag_0010_fn_014,warm_reuse,host-9,ctr-110,0,22,404,IDLE,RUNNING,2129,2221,31.036224,11704.051401,2661.250000,warm_container_available
84397,req-49,dag_0005,dag_0005_fn_012,warm_reuse,host-13,ctr-134,0,15,316,IDLE,RUNNING,2372,2377,20.466084,11182.131164,2965.000000,warm_container_available
84441,req-47,dag_0009,dag_0009_fn_014,warm_reuse,host-16,ctr-56,0,16,239,IDLE,RUNNING,1630,1533,11.504602,5765.566180,2037.500000,warm_container_available
84728,req-49,dag_0005,dag_0005_fn_013,warm_reuse,host-18,ctr-105,0,29,391,IDLE,RUNNING,2050,2686,32.436835,8968.302625,2562.500000,warm_container_available
84313,req-48,dag_0012,dag_0012_fn_012,cold_start,host-13,ctr-191,851,25,388,,RUNNING,2309,2949,13.341765,4413.130721,2886.250000,no_warm_container
85577,req-48,dag_0012,dag_0012_fn_013,cold_start,host-11,ctr-192,1300,26,134,,RUNNING,946,1015,27.879769,8726.934405,1182.500000,no_warm_container
86400,req-50,dag_0020,dag_0020_fn_001,cold_start,host-20,ctr-193,543,0,193,,RUNNING,1383,1585,0.000000,,1728.750000,no_warm_container
87136,req-50,dag_0020,dag_0020_fn_003,cold_start,host-14,ctr-196,1328,18,322,,RUNNING,2265,2314,26.368483,11866.985656,2831.250000,no_warm_container
88804,req-50,dag_0020,dag_0020_fn_004,warm_reuse,host-5,ctr-195,0,56,185,IDLE,RUNNING,1400,1104,17.965145,2584.574231,1750.000000,warm_container_available
87757,req-51,dag_0013,dag_0013_fn_008,cold_start,host-23,ctr-197,1571,0,299,,RUNNING,1408,1882,0.000000,,1760.000000,no_warm_container
89627,req-51,dag_0013,dag_0013_fn_002,cold_start,host-19,ctr-198,605,3,363,,RUNNING,1926,1810,8.345903,22392.099810,2407.500000,no_warm_container
90598,req-51,dag_0013,dag_0013_fn_010,cold_start,host-19,ctr-200,778,0,273,,RUNNING,1853,1407,6.315953,,2316.250000,no_warm_container
92725,req-52,dag_0019,dag_0019_fn_001,cold_start,host-18,ctr-201,894,0,200,,RUNNING,1206,1506,0.000000,,1507.500000,no_warm_container
93819,req-52,dag_0019,dag_0019_fn_002,cold_start,host-15,ctr-204,1152,72,311,,RUNNING,2247,1909,20.483005,2281.809807,2808.750000,no_warm_container
94379,req-53,dag_0011,dag_0011_fn_007,cold_start,host-9,ctr-205,734,0,212,,RUNNING,1385,1078,0.000000,,1731.250000,no_warm_container
95325,req-53,dag_0011,dag_0011_fn_008,cold_start,host-7,ctr-207,657,8,236,,RUNNING,1126,916,15.485135,16859.038140,1407.500000,no_warm_container
96374,req-55,dag_0002,dag_0002_fn_012,warm_reuse,host-10,ctr-164,0,0,300,IDLE,RUNNING,1989,1467,0.000000,,2486.250000,warm_container_available
96674,req-55,dag_0002,dag_0002_fn_008,warm_reuse,host-17,ctr-167,0,5,293,IDLE,RUNNING,1692,2022,7.980514,13253.132489,2115.000000,warm_container_available
95283,req-54,dag_0015,dag_0015_fn_001,cold_start,host-11,ctr-206,1443,0,385,,RUNNING,2180,2731,0.000000,,2725.000000,no_warm_container
96972,req-55,dag_0002,dag_0002_fn_014,warm_reuse,host-24,ctr-169,0,23,289,IDLE,RUNNING,2107,1863,22.696604,8073.520589,2633.750000,warm_container_available
97111,req-54,dag_0015,dag_0015_fn_006,warm_reuse,host-21,ctr-212,0,9,361,IDLE,RUNNING,1626,1583,12.985388,11644.089346,2032.500000,warm_container_available
97284,req-55,dag_0002,dag_0002_fn_009,warm_reuse,host-14,ctr-120,0,64,262,IDLE,RUNNING,1091,1460,27.518717,3485.693727,1363.750000,warm_container_available
97481,req-54,dag_0015,dag_0015_fn_008,warm_reuse,host-4,ctr-213,0,61,179,IDLE,RUNNING,1227,904,25.449310,3370.365830,1533.750000,warm_container_available
96226,req-53,dag_0011,dag_0011_fn_011,cold_start,host-3,ctr-214,1298,51,285,,RUNNING,973,1558,28.048344,4477.928063,1216.250000,no_warm_container
97610,req-55,dag_0002,dag_0002_fn_010,warm_reuse,host-12,ctr-121,0,38,305,IDLE,RUNNING,1128,1630,19.973001,4249.235441,1410.000000,warm_container_available
97860,req-53,dag_0011,dag_0011_fn_012,warm_reuse,host-22,ctr-209,0,13,168,IDLE,RUNNING,831,1049,23.067503,15119.332154,1038.750000,warm_container_available
97953,req-55,dag_0002,dag_0002_fn_029,warm_reuse,host-8,ctr-126,0,7,348,IDLE,RUNNING,1694,2261,18.545680,23843.107737,2117.500000,warm_container_available
98041,req-53,dag_0011,dag_0011_fn_013,warm_reuse,host-5,ctr-210,0,13,228,IDLE,RUNNING,1019,563,27.069235,17639.845128,1273.750000,warm_container_available
98282,req-53,dag_0011,dag_0011_fn_014,warm_reuse,host-18,ctr-211,0,19,256,IDLE,RUNNING,1646,1241,26.999585,11759.303755,2057.500000,warm_container_available
98308,req-55,dag_0002,dag_0002_fn_030,warm_reuse,host-23,ctr-127,0,54,424,IDLE,RUNNING,2022,2269,22.307476,3335.855912,2527.500000,warm_container_available
99520,req-56,dag_0009,dag_0009_fn_012,warm_reuse,host-11,ctr-187,0,0,176,IDLE,RUNNING,1223,1424,0.000000,,1528.750000,warm_container_available
99696,req-56,dag_0009,dag_0009_fn_004,warm_reuse,host-12,ctr-189,0,18,424,IDLE,RUNNING,2285,2568,31.378274,14729.723397,2856.250000,warm_container_available
99717,req-57,dag_0005,dag_0005_fn_007,warm_reuse,host-15,ctr-34,0,0,367,IDLE,RUNNING,2124,2384,0.000000,,2655.000000,warm_container_available
100084,req-57,dag_0005,dag_0005_fn_016,warm_reuse,host-2,ctr-128,0,5,226,IDLE,RUNNING,860,531,9.046479,17197.914267,1075.000000,warm_container_available
100138,req-56,dag_0009,dag_0009_fn_014,warm_reuse,host-16,ctr-56,0,16,239,IDLE,RUNNING,1630,1533,11.504602,5765.566180,2037.500000,warm_container_available
100315,req-57,dag_0005,dag_0005_fn_003,warm_reuse,host-5,ctr-130,0,15,199,IDLE,RUNNING,1609,1529,16.253019,9024.108827,2011.250000,warm_container_available
100529,req-57,dag_0005,dag_0005_fn_012,warm_reuse,host-13,ctr-134,0,15,316,IDLE,RUNNING,2372,2377,20.466084,11182.131164,2965.000000,warm_container_available
100860,req-57,dag_0005,dag_0005_fn_013,warm_reuse,host-18,ctr-105,0,29,391,IDLE,RUNNING,2050,2686,32.436835,8968.302625,2562.500000,warm_container_available
100074,req-58,dag_0014,dag_0014_fn_001,cold_start,host-1,ctr-215,1384,0,336,,RUNNING,2431,2920,0.000000,,3038.750000,no_warm_container
100837,req-59,dag_0018,dag_0018_fn_003,cold_start,host-22,ctr-216,636,0,328,,RUNNING,2263,2580,0.000000,,2828.750000,no_warm_container
101927,req-60,dag_0010,dag_0010_fn_001,cold_start,host-6,ctr-219,624,0,305,,RUNNING,1870,1715,0.000000,,2337.500000,no_warm_container
101801,req-59,dag_0018,dag_0018_fn_004,cold_start,host-17,ctr-218,1538,12,251,,RUNNING,1334,1505,15.018022,10395.440687,1667.500000,no_warm_container
101794,req-58,dag_0014,dag_0014_fn_002,cold_start,host-3,ctr-217,1589,3,329,,RUNNING,2010,2414,7.969419,21754.675022,2512.500000,no_warm_container
103602,req-59,dag_0018,dag_0018_fn_005,warm_reuse,host-3,ctr-224,0,12,157,IDLE,RUNNING,1167,1365,11.976465,8515.606688,1458.750000,warm_container_available
103715,req-58,dag_0014,dag_0014_fn_003,warm_reuse,host-10,ctr-221,0,5,329,IDLE,RUNNING,1537,1482,8.548646,14598.324480,1921.250000,warm_container_available
102856,req-60,dag_0010,dag_0010_fn_007,cold_start,host-17,ctr-225,869,5,365,,RUNNING,1551,2231,10.767523,18643.369495,1938.750000,no_warm_container
104049,req-58,dag_0014,dag_0014_fn_008,warm_reuse,host-1,ctr-222,0,8,352,IDLE,RUNNING,1423,1918,8.353655,8701.129502,1778.750000,warm_container_available
104409,req-58,dag_0014,dag_0014_fn_009,warm_reuse,host-8,ctr-223,0,23,335,IDLE,RUNNING,1851,2312,9.152835,3241.777822,2313.750000,warm_container_available
105262,req-61,dag_0003,dag_0003_fn_025,cold_start,host-7,ctr-226,895,0,318,,RUNNING,1894,2079,0.000000,,2367.500000,no_warm_container
106475,req-61,dag_0003,dag_0003_fn_027,cold_start,host-4,ctr-227,896,4,107,,RUNNING,1168,350,5.459694,12020.812710,1460.000000,no_warm_container
107482,req-61,dag_0003,dag_0003_fn_028,cold_start,host-9,ctr-228,1440,15,264,,RUNNING,1867,1188,21.153485,11704.051401,2333.750000,no_warm_container
109981,req-62,dag_0002,dag_0002_fn_012,warm_reuse,host-10,ctr-164,0,0,300,IDLE,RUNNING,1989,1467,0.000000,,2486.250000,warm_container_available
110281,req-62,dag_0002,dag_0002_fn_008,warm_reuse,host-17,ctr-167,0,5,293,IDLE,RUNNING,1692,2022,7.980514,13253.132489,2115.000000,warm_container_available
109201,req-61,dag_0003,dag_0003_fn_029,cold_start,host-14,ctr-231,1226,65,251,,RUNNING,1746,1249,16.513362,2037.536986,2182.500000,no_warm_container
110579,req-62,dag_0002,dag_0002_fn_014,warm_reuse,host-24,ctr-169,0,23,289,IDLE,RUNNING,2107,1863,22.696604,8073.520589,2633.750000,warm_container_available
110641,req-63,dag_0011,dag_0011_fn_007,warm_reuse,host-9,ctr-205,0,0,212,IDLE,RUNNING,1385,1078,0.000000,,1731.250000,warm_container_available
110743,req-61,dag_0003,dag_0003_fn_030,warm_reuse,host-20,ctr-230,0,10,213,IDLE,RUNNING,1436,813,26.111300,20947.982970,1795.000000,warm_container_available
110853,req-63,dag_0011,dag_0011_fn_008,warm_reuse,host-7,ctr-207,0,8,236,IDLE,RUNNING,1126,916,15.485135,16859.038140,1407.500000,warm_container_available
110891,req-62,dag_0002,dag_0002_fn_009,warm_reuse,host-14,ctr-120,0,64,262,IDLE,RUNNING,1091,1460,27.518717,3485.693727,1363.750000,warm_container_available
111097,req-63,dag_0011,dag_0011_fn_011,warm_reuse,host-3,ctr-214,0,51,285,IDLE,RUNNING,973,1558,28.048344,4477.928063,1216.250000,warm_container_available
111217,req-62,dag_0002,dag_0002_fn_010,warm_reuse,host-12,ctr-121,0,38,305,IDLE,RUNNING,1128,1630,19.973001,4249.235441,1410.000000,warm_container_available
111433,req-63,dag_0011,dag_0011_fn_012,warm_reuse,host-22,ctr-209,0,13,168,IDLE,RUNNING,831,1049,23.067503,15119.332154,1038.750000,warm_container_available
111552,req-64,dag_0015,dag_0015_fn_001,warm_reuse,host-11,ctr-206,0,0,385,IDLE,RUNNING,2180,2731,0.000000,,2725.000000,warm_container_available
111560,req-62,dag_0002,dag_0002_fn_029,warm_reuse,host-8,ctr-126,0,7,348,IDLE,RUNNING,1694,2261,18.545680,23843.107737,2117.500000,warm_container_available
111614,req-63,dag_0011,dag_0011_fn_013,warm_reuse,host-5,ctr-210,0,13,228,IDLE,RUNNING,1019,563,27.069235,17639.845128,1273.750000,warm_container_available
111855,req-63,dag_0011,dag_0011_fn_014,warm_reuse,host-18,ctr-211,0,19,256,IDLE,RUNNING,1646,1241,26.999585,11759.303755,2057.500000,warm_container_available
111937,req-64,dag_0015,dag_0015_fn_006,warm_reuse,host-21,ctr-212,0,9,361,IDLE,RUNNING,1626,1583,12.985388,11644.089346,2032.500000,warm_container_available
111915,req-62,dag_0002,dag_0002_fn_030,warm_reuse,host-23,ctr-127,0,54,424,IDLE,RUNNING,2022,2269,22.307476,3335.855912,2527.500000,warm_container_available
112307,req-64,dag_0015,dag_0015_fn_008,warm_reuse,host-4,ctr-213,0,61,179,IDLE,RUNNING,1227,904,25.449310,3370.365830,1533.750000,warm_container_available
114942,req-65,dag_0004,dag_0004_fn_002,cold_start,host-19,ctr-232,1449,0,207,,RUNNING,1147,1495,0.000000,,1433.750000,no_warm_container
115657,req-66,dag_0012,dag_0012_fn_009,cold_start,host-2,ctr-233,1591,0,170,,RUNNING,1427,1225,0.000000,,1783.750000,no_warm_container
116598,req-65,dag_0004,dag_0004_fn_006,cold_start,host-19,ctr-234,690,0,340,,RUNNING,1821,2304,14.014943,,2276.250000,no_warm_container
117418,req-66,dag_0012,dag_0012_fn_012,cold_start,host-24,ctr-238,851,9,388,,RUNNING,2309,2949,13.341765,11988.408516,2886.250000,no_warm_container
118666,req-66,dag_0012,dag_0012_fn_013,warm_reuse,host-23,ctr-237,0,41,134,IDLE,RUNNING,946,1015,27.879769,5539.423387,1182.500000,warm_container_available
117628,req-65,dag_0004,dag_0004_fn_007,cold_start,host-15,ctr-239,1254,13,338,,RUNNING,2125,2296,18.729914,12243.427657,2656.250000,no_warm_container
119251,req-67,dag_0011,dag_0011_fn_004,cold_start,host-2,ctr-240,935,0,331,,RUNNING,2275,2314,0.000000,,2843.750000,no_warm_container
120517,req-67,dag_0011,dag_0011_fn_011,warm_reuse,host-3,ctr-214,0,12,285,IDLE,RUNNING,973,1558,31.073613,20896.199903,1216.250000,warm_container_available
120220,req-68,dag_0003,dag_0003_fn_010,cold_start,host-11,ctr-241,422,0,169,,RUNNING,1361,598,0.000000,,1701.250000,no_warm_container
120814,req-67,dag_0011,dag_0011_fn_012,warm_reuse,host-22,ctr-209,0,13,168,IDLE,RUNNING,831,1049,23.067503,15119.332154,1038.750000,warm_container_available
120995,req-67,dag_0011,dag_0011_fn_013,warm_reuse,host-5,ctr-210,0,13,228,IDLE,RUNNING,1019,563,27.069235,17639.845128,1273.750000,warm_container_available
121236,req-67,dag_0011,dag_0011_fn_014,warm_reuse,host-18,ctr-211,0,19,256,IDLE,RUNNING,1646,1241,26.999585,11759.303755,2057.500000,warm_container_available
120811,req-68,dag_0003,dag_0003_fn_011,cold_start,host-13,ctr-242,497,47,165,,RUNNING,1209,953,8.517297,1468.381159,1511.250000,no_warm_container
121520,req-68,dag_0003,dag_0003_fn_012,cold_start,host-5,ctr-243,795,13,358,,RUNNING,1695,2132,25.768738,16522.586997,2118.750000,no_warm_container
121927,req-69,dag_0010,dag_0010_fn_004,cold_start,host-12,ctr-244,1270,0,166,,RUNNING,1387,874,0.000000,,1733.750000,no_warm_container
122162,req-70,dag_0005,dag_0005_fn_007,cold_start,host-22,ctr-245,1275,0,367,,RUNNING,2124,2384,0.000000,,2655.000000,no_warm_container
122446,req-71,dag_0009,dag_0009_fn_001,cold_start,host-13,ctr-246,1223,0,146,,RUNNING,852,1073,0.000000,,1065.000000,no_warm_container
123804,req-70,dag_0005,dag_0005_fn_016,warm_reuse,host-16,ctr-251,0,67,226,IDLE,RUNNING,860,531,9.046479,1090.766981,1075.000000,warm_container_available
123363,req-69,dag_0010,dag_0010_fn_011,cold_start,host-5,ctr-258,498,12,143,,RUNNING,1067,1016,11.385418,8098.820478,1333.750000,no_warm_container
122686,req-68,dag_0003,dag_0003_fn_014,cold_start,host-1,ctr-247,1305,25,134,,RUNNING,954,641,9.239683,3014.991767,1192.500000,no_warm_container
124150,req-68,dag_0003,dag_0003_fn_028,warm_reuse,host-9,ctr-228,0,7,264,IDLE,RUNNING,1867,1188,12.598050,15616.369006,2333.750000,warm_container_available
124421,req-68,dag_0003,dag_0003_fn_029,warm_reuse,host-14,ctr-231,0,65,251,IDLE,RUNNING,1746,1249,16.513362,2037.536986,2182.500000,warm_container_available
124737,req-68,dag_0003,dag_0003_fn_030,warm_reuse,host-20,ctr-230,0,10,213,IDLE,RUNNING,1436,813,26.111300,20947.982970,1795.000000,warm_container_available
124016,req-69,dag_0010,dag_0010_fn_012,cold_start,host-3,ctr-260,1113,4,338,,RUNNING,2361,2606,7.039783,18371.718175,2951.250000,no_warm_container
123815,req-71,dag_0009,dag_0009_fn_002,cold_start,host-14,ctr-259,1374,8,175,,RUNNING,889,522,10.651236,11175.077486,1111.250000,no_warm_container
125372,req-71,dag_0009,dag_0009_fn_014,warm_reuse,host-15,ctr-253,0,20,239,IDLE,RUNNING,1630,1533,24.384062,9914.439054,2037.500000,warm_container_available
125471,req-69,dag_0010,dag_0010_fn_013,warm_reuse,host-12,ctr-256,0,13,377,IDLE,RUNNING,1908,2224,18.487276,12253.977668,2385.000000,warm_container_available
124097,req-70,dag_0005,dag_0005_fn_003,cold_start,host-13,ctr-261,1599,28,199,,RUNNING,1609,1529,16.253019,4699.840468,2011.250000,no_warm_container
125861,req-69,dag_0010,dag_0010_fn_014,warm_reuse,host-16,ctr-257,0,44,404,IDLE,RUNNING,2129,2221,31.036224,5765.566180,2661.250000,warm_container_available
125923,req-70,dag_0005,dag_0005_fn_012,warm_reuse,host-6,ctr-249,0,14,316,IDLE,RUNNING,2372,2377,20.466084,12579.129611,2965.000000,warm_container_available
126253,req-70,dag_0005,dag_0005_fn_013,warm_reuse,host-18,ctr-250,0,17,391,IDLE,RUNNING,2050,2686,32.436835,15539.827759,2562.500000,warm_container_available
133495,req-72,dag_0011,dag_0011_fn_006,cold_start,host-7,ctr-262,571,0,273,,RUNNING,1806,2124,0.000000,,2257.500000,no_warm_container
134339,req-72,dag_0011,dag_0011_fn_011,warm_reuse,host-3,ctr-214,0,27,285,IDLE,RUNNING,973,1558,14.722002,4477.928063,1216.250000,warm_container_available
134651,req-72,dag_0011,dag_0011_fn_012,warm_reuse,host-22,ctr-209,0,13,168,IDLE,RUNNING,831,1049,23.067503,15119.332154,1038.750000,warm_container_available
134832,req-72,dag_0011,dag_0011_fn_013,warm_reuse,host-5,ctr-210,0,13,228,IDLE,RUNNING,1019,563,27.069235,17639.845128,1273.750000,warm_container_available
135073,req-72,dag_0011,dag_0011_fn_014,warm_reuse,host-18,ctr-211,0,19,256,IDLE,RUNNING,1646,1241,26.999585,11759.303755,2057.500000,warm_container_available
136438,req-73,dag_0005,dag_0005_fn_007,warm_reuse,host-22,ctr-245,0,0,367,IDLE,RUNNING,2124,2384,0.000000,,2655.000000,warm_container_available
136805,req-73,dag_0005,dag_0005_fn_016,warm_reuse,host-16,ctr-251,0,67,226,IDLE,RUNNING,860,531,9.046479,1090.766981,1075.000000,warm_container_available
137098,req-73,dag_0005,dag_0005_fn_003,warm_reuse,host-6,ctr-248,0,12,199,IDLE,RUNNING,1609,1529,16.253019,11110.103088,2011.250000,warm_container_available
137309,req-73,dag_0005,dag_0005_fn_012,warm_reuse,host-6,ctr-249,0,0,316,IDLE,RUNNING,2372,2377,20.466084,,2965.000000,warm_container_available
137496,req-74,dag_0009,dag_0009_fn_001,warm_reuse,host-13,ctr-246,0,0,146,IDLE,RUNNING,852,1073,0.000000,,1065.000000,warm_container_available
137625,req-73,dag_0005,dag_0005_fn_013,warm_reuse,host-18,ctr-250,0,17,391,IDLE,RUNNING,2050,2686,32.436835,15539.827759,2562.500000,warm_container_available
137642,req-74,dag_0009,dag_0009_fn_002,warm_reuse,host-14,ctr-259,0,8,175,IDLE,RUNNING,889,522,10.651236,11175.077486,1111.250000,warm_container_available
137825,req-74,dag_0009,dag_0009_fn_014,warm_reuse,host-15,ctr-253,0,20,239,IDLE,RUNNING,1630,1533,24.384062,9914.439054,2037.500000,warm_container_available
139370,req-76,dag_0003,dag_0003_fn_010,warm_reuse,host-11,ctr-241,0,0,169,IDLE,RUNNING,1361,598,0.000000,,1701.250000,warm_container_available
139539,req-76,dag_0003,dag_0003_fn_011,warm_reuse,host-13,ctr-242,0,47,165,IDLE,RUNNING,1209,953,8.517297,1468.381159,1511.250000,warm_container_available
139751,req-76,dag_0003,dag_0003_fn_012,warm_reuse,host-5,ctr-243,0,13,358,IDLE,RUNNING,1695,2132,25.768738,16522.586997,2118.750000,warm_container_available
138464,req-75,dag_0012,dag_0012_fn_009,cold_start,host-17,ctr-263,1591,0,170,,RUNNING,1427,1225,0.000000,,1783.750000,no_warm_container
140122,req-76,dag_0003,dag_0003_fn_014,warm_reuse,host-1,ctr-247,0,25,134,IDLE,RUNNING,954,641,9.239683,3014.991767,1192.500000,warm_container_available
140281,req-76,dag_0003,dag_0003_fn_028,warm_reuse,host-9,ctr-228,0,7,264,IDLE,RUNNING,1867,1188,12.598050,15616.369006,2333.750000,warm_container_available
140552,req-76,dag_0003,dag_0003_fn_029,warm_reuse,host-14,ctr-231,0,65,251,IDLE,RUNNING,1746,1249,16.513362,2037.536986,2182.500000,warm_container_available
140868,req-76,dag_0003,dag_0003_fn_030,warm_reuse,host-20,ctr-230,0,10,213,IDLE,RUNNING,1436,813,26.111300,20947.982970,1795.000000,warm_container_available
140225,req-75,dag_0012,dag_0012_fn_012,cold_start,host-8,ctr-264,851,8,388,,RUNNING,2309,2949,13.341765,14505.328543,2886.250000,no_warm_container
141472,req-75,dag_0012,dag_0012_fn_013,cold_start,host-2,ctr-266,1300,10,134,,RUNNING,946,1015,27.879769,23008.816567,1182.500000,no_warm_container
141927,req-78,dag_0010,dag_0010_fn_003,cold_start,host-23,ctr-268,1085,0,109,,RUNNING,1190,371,0.000000,,1487.500000,no_warm_container
142377,req-79,dag_0006,dag_0006_fn_001,cold_start,host-10,ctr-269,818,0,298,,RUNNING,1050,820,0.000000,,1312.500000,no_warm_container
141783,req-77,dag_0013,dag_0013_fn_008,cold_start,host-19,ctr-267,1571,0,299,,RUNNING,1408,1882,0.000000,,1760.000000,no_warm_container
143493,req-79,dag_0006,dag_0006_fn_002,cold_start,host-24,ctr-271,759,24,377,,RUNNING,2206,2642,26.750135,9258.664183,2757.500000,no_warm_container
143121,req-78,dag_0010,dag_0010_fn_005,cold_start,host-21,ctr-270,1285,18,262,,RUNNING,1553,1727,24.105105,11056.200546,1941.250000,no_warm_container
143653,req-77,dag_0013,dag_0013_fn_009,cold_start,host-2,ctr-272,773,3,179,,RUNNING,976,1261,8.345903,23356.338094,1220.000000,no_warm_container
144608,req-77,dag_0013,dag_0013_fn_010,cold_start,host-23,ctr-294,778,10,273,,RUNNING,1853,1407,27.427542,22393.330445,2316.250000,no_warm_container
144686,req-78,dag_0010,dag_0010_fn_006,cold_start,host-15,ctr-296,878,11,371,,RUNNING,1969,2257,32.040049,24242.641422,2461.250000,no_warm_container
145946,req-78,dag_0010,dag_0010_fn_007,warm_reuse,host-11,ctr-292,0,20,365,IDLE,RUNNING,1551,2231,33.484786,13953.367164,1938.750000,warm_container_available
144653,req-79,dag_0006,dag_0006_fn_003,cold_start,host-21,ctr-295,1360,11,160,,RUNNING,1335,507,17.904475,13092.252281,1668.750000,no_warm_container
146184,req-79,dag_0006,dag_0006_fn_004,warm_reuse,host-10,ctr-274,0,82,222,IDLE,RUNNING,1325,1031,33.195552,3271.508288,1656.250000,warm_container_available
146488,req-79,dag_0006,dag_0006_fn_005,warm_reuse,host-23,ctr-275,0,15,258,IDLE,RUNNING,1568,1877,32.958464,18231.657871,1960.000000,warm_container_available
146761,req-79,dag_0006,dag_0006_fn_006,warm_reuse,host-11,ctr-276,0,10,134,IDLE,RUNNING,1195,1243,27.539168,22618.038486,1493.750000,warm_container_available
146905,req-79,dag_0006,dag_0006_fn_007,warm_reuse,host-19,ctr-277,0,12,230,IDLE,RUNNING,887,1331,20.283043,14165.276764,1108.750000,warm_container_available
147147,req-79,dag_0006,dag_0006_fn_008,warm_reuse,host-17,ctr-278,0,31,433,IDLE,RUNNING,2176,2879,9.841006,2602.682929,2720.000000,warm_container_available
146047,req-80,dag_0002,dag_0002_fn_012,cold_start,host-3,ctr-297,1372,0,300,,RUNNING,1989,1467,0.000000,,2486.250000,no_warm_container
147611,req-79,dag_0006,dag_0006_fn_009,warm_reuse,host-20,ctr-279,0,56,322,IDLE,RUNNING,1116,1763,31.366159,4494.356361,1395.000000,warm_container_available
147989,req-79,dag_0006,dag_0006_fn_010,warm_reuse,host-21,ctr-280,0,13,128,IDLE,RUNNING,1246,795,30.259579,18991.416523,1557.500000,warm_container_available
148130,req-79,dag_0006,dag_0006_fn_011,warm_reuse,host-15,ctr-281,0,3,187,IDLE,RUNNING,1201,1052,8.084792,24242.641422,1501.250000,warm_container_available
148320,req-79,dag_0006,dag_0006_fn_012,warm_reuse,host-7,ctr-282,0,137,329,IDLE,RUNNING,1877,1564,32.073225,1879.311218,2346.250000,warm_container_available
148786,req-79,dag_0006,dag_0006_fn_013,warm_reuse,host-9,ctr-283,0,5,252,IDLE,RUNNING,1522,1850,8.399779,13649.067798,1902.500000,warm_container_available
147462,req-81,dag_0015,dag_0015_fn_001,cold_start,host-16,ctr-304,1443,0,385,,RUNNING,2180,2731,0.000000,,2725.000000,no_warm_container
149043,req-79,dag_0006,dag_0006_fn_014,warm_reuse,host-12,ctr-284,0,11,277,IDLE,RUNNING,1147,864,21.646566,15984.998180,1433.750000,warm_container_available
147719,req-80,dag_0002,dag_0002_fn_008,cold_start,host-5,ctr-305,1561,3,293,,RUNNING,1692,2022,7.980514,21306.620240,2115.000000,no_warm_container
149331,req-79,dag_0006,dag_0006_fn_015,warm_reuse,host-2,ctr-285,0,4,397,IDLE,RUNNING,2119,2742,7.138192,14790.693815,2648.750000,warm_container_available
149487,req-82,dag_0013,dag_0013_fn_008,warm_reuse,host-19,ctr-267,0,0,299,IDLE,RUNNING,1408,1882,0.000000,,1760.000000,warm_container_available
149576,req-80,dag_0002,dag_0002_fn_014,warm_reuse,host-13,ctr-301,0,17,289,IDLE,RUNNING,2107,1863,22.696604,11182.131164,2633.750000,warm_container_available
149786,req-82,dag_0013,dag_0013_fn_009,warm_reuse,host-2,ctr-272,0,3,179,IDLE,RUNNING,976,1261,8.345903,23356.338094,1220.000000,warm_container_available
149732,req-79,dag_0006,dag_0006_fn_016,warm_reuse,host-1,ctr-286,0,79,336,IDLE,RUNNING,2286,1866,28.497976,2913.250024,2857.500000,warm_container_available
149882,req-80,dag_0002,dag_0002_fn_009,warm_reuse,host-4,ctr-299,0,11,262,IDLE,RUNNING,1091,1460,27.518717,20871.278489,1363.750000,warm_container_available
149968,req-82,dag_0013,dag_0013_fn_010,warm_reuse,host-14,ctr-293,0,10,273,IDLE,RUNNING,1853,1407,27.427542,21951.196998,2316.250000,warm_container_available
150147,req-79,dag_0006,dag_0006_fn_017,warm_reuse,host-19,ctr-287,0,6,194,IDLE,RUNNING,906,1198,10.332896,15075.690799,1132.500000,warm_container_available
150155,req-80,dag_0002,dag_0002_fn_010,warm_reuse,host-12,ctr-300,0,15,305,IDLE,RUNNING,1128,1630,19.973001,11083.198176,1410.000000,warm_container_available
149290,req-81,dag_0015,dag_0015_fn_006,cold_start,host-22,ctr-306,1011,12,361,,RUNNING,1626,1583,12.985388,8874.627623,2032.500000,no_warm_container
150347,req-79,dag_0006,dag_0006_fn_018,warm_reuse,host-8,ctr-288,0,11,187,IDLE,RUNNING,735,1196,29.952652,22495.302010,918.750000,warm_container_available
150475,req-80,dag_0002,dag_0002_fn_029,warm_reuse,host-4,ctr-302,0,8,348,IDLE,RUNNING,1694,2261,18.545680,18615.903622,2117.500000,warm_container_available
150545,req-79,dag_0006,dag_0006_fn_019,warm_reuse,host-4,ctr-289,0,6,242,IDLE,RUNNING,986,594,13.001285,20567.590274,1232.500000,warm_container_available
150793,req-79,dag_0006,dag_0006_fn_020,warm_reuse,host-10,ctr-290,0,27,351,IDLE,RUNNING,2202,1894,20.335360,6203.705401,2752.500000,warm_container_available
150831,req-80,dag_0002,dag_0002_fn_030,warm_reuse,host-12,ctr-303,0,17,424,IDLE,RUNNING,2022,2269,22.307476,11083.198176,2527.500000,warm_container_available
151076,req-83,dag_0011,dag_0011_fn_006,warm_reuse,host-7,ctr-262,0,0,273,IDLE,RUNNING,1806,2124,0.000000,,2257.500000,warm_container_available
151349,req-83,dag_0011,dag_0011_fn_011,warm_reuse,host-3,ctr-214,0,27,285,IDLE,RUNNING,973,1558,14.722002,4477.928063,1216.250000,warm_container_available
151661,req-83,dag_0011,dag_0011_fn_012,warm_reuse,host-22,ctr-209,0,13,168,IDLE,RUNNING,831,1049,23.067503,15119.332154,1038.750000,warm_container_available
150674,req-81,dag_0015,dag_0015_fn_008,cold_start,host-8,ctr-308,1082,10,179,,RUNNING,1227,904,25.449310,21207.251273,1533.750000,no_warm_container
151842,req-83,dag_0011,dag_0011_fn_013,warm_reuse,host-5,ctr-210,0,13,228,IDLE,RUNNING,1019,563,27.069235,17639.845128,1273.750000,warm_container_available
152083,req-83,dag_0011,dag_0011_fn_014,warm_reuse,host-18,ctr-211,0,19,256,IDLE,RUNNING,1646,1241,26.999585,11759.303755,2057.500000,warm_container_available
151905,req-84,dag_0001,dag_0001_fn_010,cold_start,host-24,ctr-309,1103,0,241,,RUNNING,1319,875,0.000000,,1648.750000,no_warm_container
153249,req-84,dag_0001,dag_0001_fn_025,cold_start,host-7,ctr-313,1218,30,293,,RUNNING,1745,1928,33.085626,8930.257880,2181.250000,no_warm_container
154790,req-84,dag_0001,dag_0001_fn_007,warm_reuse,host-19,ctr-310,0,11,353,IDLE,RUNNING,2185,2705,21.822820,16632.254388,2731.250000,warm_container_available
155154,req-84,dag_0001,dag_0001_fn_032,warm_reuse,host-17,ctr-312,0,106,289,IDLE,RUNNING,1082,1300,34.355821,2602.682929,1352.500000,warm_container_available
155932,req-85,dag_0005,dag_0005_fn_007,warm_reuse,host-22,ctr-245,0,0,367,IDLE,RUNNING,2124,2384,0.000000,,2655.000000,warm_container_available
156429,req-86,dag_0009,dag_0009_fn_001,warm_reuse,host-13,ctr-246,0,0,146,IDLE,RUNNING,852,1073,0.000000,,1065.000000,warm_container_available
156575,req-86,dag_0009,dag_0009_fn_002,warm_reuse,host-14,ctr-259,0,8,175,IDLE,RUNNING,889,522,10.651236,11175.077486,1111.250000,warm_container_available
156758,req-86,dag_0009,dag_0009_fn_014,warm_reuse,host-15,ctr-253,0,20,239,IDLE,RUNNING,1630,1533,24.384062,9914.439054,2037.500000,warm_container_available
156299,req-85,dag_0005,dag_0005_fn_005,cold_start,host-18,ctr-314,841,4,169,,RUNNING,1424,1148,9.046479,22408.870995,1780.000000,no_warm_container
157313,req-85,dag_0005,dag_0005_fn_006,cold_start,host-4,ctr-315,1235,6,245,,RUNNING,1548,1043,12.782703,17529.653597,1935.000000,no_warm_container
158799,req-85,dag_0005,dag_0005_fn_010,cold_start,host-6,ctr-316,778,8,192,,RUNNING,1446,1444,20.508260,21610.500723,1807.500000,no_warm_container
159777,req-85,dag_0005,dag_0005_fn_013,cold_start,host-18,ctr-318,838,9,391,,RUNNING,2050,2686,16.572930,15539.827759,2562.500000,no_warm_container
160745,req-87,dag_0012,dag_0012_fn_010,cold_start,host-11,ctr-319,818,0,209,,RUNNING,872,872,0.000000,,1090.000000,no_warm_container
161772,req-87,dag_0012,dag_0012_fn_012,warm_reuse,host-8,ctr-264,0,14,388,IDLE,RUNNING,2309,2949,10.740312,6369.003974,2886.250000,warm_container_available
162174,req-87,dag_0012,dag_0012_fn_013,warm_reuse,host-2,ctr-266,0,10,134,IDLE,RUNNING,946,1015,27.879769,23008.816567,1182.500000,warm_container_available
161927,req-88,dag_0010,dag_0010_fn_004,cold_start,host-5,ctr-320,1270,0,166,,RUNNING,1387,874,0.000000,,1733.750000,no_warm_container
163363,req-88,dag_0010,dag_0010_fn_011,warm_reuse,host-14,ctr-321,0,15,143,IDLE,RUNNING,1067,1016,11.385418,6454.981141,1333.750000,warm_container_available
163521,req-88,dag_0010,dag_0010_fn_012,warm_reuse,host-13,ctr-322,0,4,338,IDLE,RUNNING,2361,2606,7.039783,16313.147166,2951.250000,warm_container_available
163863,req-88,dag_0010,dag_0010_fn_013,warm_reuse,host-20,ctr-323,0,28,377,IDLE,RUNNING,1908,2224,18.487276,5448.346048,2385.000000,warm_container_available
162582,req-89,dag_0015,dag_0015_fn_007,cold_start,host-9,ctr-325,1368,0,211,,RUNNING,1401,746,0.000000,,1751.250000,no_warm_container
164268,req-88,dag_0010,dag_0010_fn_014,warm_reuse,host-17,ctr-324,0,11,404,IDLE,RUNNING,2129,2221,31.036224,23598.277270,2661.250000,warm_container_available
163257,req-90,dag_0002,dag_0002_fn_011,cold_start,host-6,ctr-326,1119,0,110,,RUNNING,1127,1100,0.000000,,1408.750000,no_warm_container
164161,req-89,dag_0015,dag_0015_fn_004,cold_start,host-23,ctr-327,821,13,366,,RUNNING,2471,2298,33.840261,21474.446308,3088.750000,no_warm_container
164351,req-91,dag_0003,dag_0003_fn_020,cold_start,host-24,ctr-328,904,0,277,,RUNNING,1303,1388,0.000000,,1628.750000,no_warm_container
164486,req-90,dag_0002,dag_0002_fn_006,cold_start,host-10,ctr-329,1065,7,277,,RUNNING,1900,2225,15.364348,18740.272580,2375.000000,no_warm_container
165361,req-89,dag_0015,dag_0015_fn_005,cold_start,host-1,ctr-335,681,11,240,,RUNNING,1682,1753,28.268505,22104.273250,2102.500000,no_warm_container
166293,req-92,dag_0011,dag_0011_fn_006,warm_reuse,host-7,ctr-262,0,0,273,IDLE,RUNNING,1806,2124,0.000000,,2257.500000,warm_container_available
166293,req-89,dag_0015,dag_0015_fn_006,warm_reuse,host-22,ctr-306,0,12,361,IDLE,RUNNING,1626,1583,33.415142,24011.121997,2032.500000,warm_container_available
165835,req-90,dag_0002,dag_0002_fn_007,cold_start,host-16,ctr-337,676,16,263,,RUNNING,1723,1949,33.515489,17522.409326,2153.750000,no_warm_container
166566,req-92,dag_0011,dag_0011_fn_011,warm_reuse,host-3,ctr-214,0,27,285,IDLE,RUNNING,973,1558,14.722002,4477.928063,1216.250000,warm_container_available
166666,req-89,dag_0015,dag_0015_fn_008,warm_reuse,host-3,ctr-307,0,19,179,IDLE,RUNNING,1227,904,25.449310,11039.075824,1533.750000,warm_container_available
166790,req-90,dag_0002,dag_0002_fn_029,warm_reuse,host-4,ctr-302,0,35,348,IDLE,RUNNING,1694,2261,29.333775,6809.339680,2117.500000,warm_container_available
166878,req-92,dag_0011,dag_0011_fn_012,warm_reuse,host-22,ctr-209,0,13,168,IDLE,RUNNING,831,1049,23.067503,15119.332154,1038.750000,warm_container_available
165532,req-91,dag_0003,dag_0003_fn_028,cold_start,host-14,ctr-336,1440,38,264,,RUNNING,1867,1188,16.346092,3485.693727,2333.750000,no_warm_container
167059,req-92,dag_0011,dag_0011_fn_013,warm_reuse,host-5,ctr-210,0,13,228,IDLE,RUNNING,1019,563,27.069235,17639.845128,1273.750000,warm_container_available
167173,req-90,dag_0002,dag_0002_fn_030,warm_reuse,host-12,ctr-303,0,17,424,IDLE,RUNNING,2022,2269,22.307476,11083.198176,2527.500000,warm_container_available
167274,req-91,dag_0003,dag_0003_fn_029,warm_reuse,host-20,ctr-332,0,7,251,IDLE,RUNNING,1746,1249,16.513362,20947.982970,2182.500000,warm_container_available
167300,req-92,dag_0011,dag_0011_fn_014,warm_reuse,host-18,ctr-211,0,19,256,IDLE,RUNNING,1646,1241,26.999585,11759.303755,2057.500000,warm_container_available
167532,req-91,dag_0003,dag_0003_fn_030,warm_reuse,host-21,ctr-333,0,11,213,IDLE,RUNNING,1436,813,26.111300,18991.416523,1795.000000,warm_container_available
168640,req-93,dag_0018,dag_0018_fn_003,cold_start,host-3,ctr-338,636,0,328,,RUNNING,2263,2580,0.000000,,2828.750000,no_warm_container
169604,req-93,dag_0018,dag_0018_fn_004,cold_start,host-15,ctr-339,1538,7,251,,RUNNING,1334,1505,15.018022,19807.880776,1667.500000,no_warm_container
171264,req-94,dag_0009,dag_0009_fn_012,cold_start,host-1,ctr-341,567,0,176,,RUNNING,1223,1424,0.000000,,1528.750000,no_warm_container
171400,req-93,dag_0018,dag_0018_fn_005,cold_start,host-16,ctr-342,589,23,157,,RUNNING,1167,1365,11.976465,4193.645588,1458.750000,no_warm_container
172007,req-94,dag_0009,dag_0009_fn_004,cold_start,host-10,ctr-343,1013,12,424,,RUNNING,2285,2568,31.378274,22752.907726,2856.250000,no_warm_container
173456,req-94,dag_0009,dag_0009_fn_014,warm_reuse,host-15,ctr-253,0,5,239,IDLE,RUNNING,1630,1533,11.504602,19583.238345,2037.500000,warm_container_available
172613,req-95,dag_0014,dag_0014_fn_001,cold_start,host-12,ctr-344,1384,0,336,,RUNNING,2431,2920,0.000000,,3038.750000,no_warm_container
174333,req-95,dag_0014,dag_0014_fn_002,cold_start,host-5,ctr-349,1589,8,329,,RUNNING,2010,2414,7.969419,8098.820478,2512.500000,no_warm_container
175933,req-96,dag_0005,dag_0005_fn_007,warm_reuse,host-22,ctr-245,0,0,367,IDLE,RUNNING,2124,2384,0.000000,,2655.000000,warm_container_available
176259,req-95,dag_0014,dag_0014_fn_003,warm_reuse,host-19,ctr-346,0,3,329,IDLE,RUNNING,1537,1482,8.548646,23133.657012,1921.250000,warm_container_available
176300,req-96,dag_0005,dag_0005_fn_005,warm_reuse,host-18,ctr-314,0,4,169,IDLE,RUNNING,1424,1148,9.046479,22408.870995,1780.000000,warm_container_available
176473,req-96,dag_0005,dag_0005_fn_006,warm_reuse,host-4,ctr-315,0,6,245,IDLE,RUNNING,1548,1043,12.782703,17529.653597,1935.000000,warm_container_available
176591,req-95,dag_0014,dag_0014_fn_008,warm_reuse,host-8,ctr-347,0,3,352,IDLE,RUNNING,1423,1918,8.353655,22495.302010,1778.750000,warm_container_available
176724,req-96,dag_0005,dag_0005_fn_010,warm_reuse,host-6,ctr-316,0,8,192,IDLE,RUNNING,1446,1444,20.508260,21610.500723,1807.500000,warm_container_available
176924,req-96,dag_0005,dag_0005_fn_013,warm_reuse,host-6,ctr-317,0,0,391,IDLE,RUNNING,2050,2686,16.572930,,2562.500000,warm_container_available
176946,req-95,dag_0014,dag_0014_fn_009,warm_reuse,host-21,ctr-348,0,4,335,IDLE,RUNNING,1851,2312,9.152835,19643.239847,2313.750000,warm_container_available
178994,req-97,dag_0002,dag_0002_fn_012,cold_start,host-9,ctr-350,1372,0,300,,RUNNING,1989,1467,0.000000,,2486.250000,no_warm_container
179991,req-98,dag_0020,dag_0020_fn_001,cold_start,host-19,ctr-351,543,0,193,,RUNNING,1383,1585,0.000000,,1728.750000,no_warm_container
180727,req-98,dag_0020,dag_0020_fn_003,cold_start,host-19,ctr-359,1328,0,322,,RUNNING,2265,2314,26.368483,,2831.250000,no_warm_container
180666,req-97,dag_0002,dag_0002_fn_008,cold_start,host-1,ctr-358,1561,6,293,,RUNNING,1692,2022,7.980514,11468.894014,2115.000000,no_warm_container
182377,req-98,dag_0020,dag_0020_fn_004,warm_reuse,host-16,ctr-357,0,9,185,IDLE,RUNNING,1400,1104,17.965145,17881.140467,1750.000000,warm_container_available
181063,req-99,dag_0003,dag_0003_fn_018,cold_start,host-14,ctr-360,1370,0,408,,RUNNING,1840,2189,0.000000,,2300.000000,no_warm_container
182526,req-97,dag_0002,dag_0002_fn_014,warm_reuse,host-23,ctr-355,0,12,289,IDLE,RUNNING,2107,1863,22.696604,16296.749515,2633.750000,warm_container_available
181927,req-100,dag_0010,dag_0010_fn_002,cold_start,host-15,ctr-361,713,0,211,,RUNNING,1360,897,0.000000,,1700.000000,no_warm_container
182841,req-99,dag_0003,dag_0003_fn_028,warm_reuse,host-24,ctr-331,0,8,264,IDLE,RUNNING,1867,1188,24.085188,24213.100923,2333.750000,warm_container_available
182827,req-97,dag_0002,dag_0002_fn_009,warm_reuse,host-17,ctr-353,0,42,262,IDLE,RUNNING,1091,1460,27.518717,5289.124068,1363.750000,warm_container_available
183113,req-99,dag_0003,dag_0003_fn_029,warm_reuse,host-20,ctr-332,0,12,251,IDLE,RUNNING,1746,1249,16.513362,11110.620959,2182.500000,warm_container_available
183131,req-97,dag_0002,dag_0002_fn_010,warm_reuse,host-13,ctr-354,0,7,305,IDLE,RUNNING,1128,1630,19.973001,22859.220499,1410.000000,warm_container_available
183376,req-99,dag_0003,dag_0003_fn_030,warm_reuse,host-21,ctr-333,0,11,213,IDLE,RUNNING,1436,813,26.111300,18991.416523,1795.000000,warm_container_available
183443,req-97,dag_0002,dag_0002_fn_029,warm_reuse,host-4,ctr-302,0,8,348,IDLE,RUNNING,1694,2261,18.545680,20871.278489,2117.500000,warm_container_available
183799,req-97,dag_0002,dag_0002_fn_030,warm_reuse,host-12,ctr-303,0,17,424,IDLE,RUNNING,2022,2269,22.307476,11083.198176,2527.500000,warm_container_available
182851,req-100,dag_0010,dag_0010_fn_008,cold_start,host-18,ctr-362,1446,29,165,,RUNNING,1022,581,6.653566,1880.845876,1277.500000,no_warm_container
184491,req-100,dag_0010,dag_0010_fn_013,warm_reuse,host-20,ctr-323,0,10,377,IDLE,RUNNING,1908,2224,12.081508,10527.234805,2385.000000,warm_container_available
184878,req-100,dag_0010,dag_0010_fn_014,warm_reuse,host-17,ctr-324,0,11,404,IDLE,RUNNING,2129,2221,31.036224,23598.277270,2661.250000,warm_container_available
186433,req-101,dag_0012,dag_0012_fn_009,cold_start,host-13,ctr-363,1591,0,170,,RUNNING,1427,1225,0.000000,,1783.750000,no_warm_container
188194,req-101,dag_0012,dag_0012_fn_012,cold_start,host-8,ctr-364,851,14,388,,RUNNING,2309,2949,13.341765,8154.051959,2886.250000,no_warm_container
189447,req-101,dag_0012,dag_0012_fn_013,cold_start,host-14,ctr-366,1300,89,134,,RUNNING,946,1015,27.879769,2526.275018,1182.500000,no_warm_container
194064,req-102,dag_0007,dag_0007_fn_015,cold_start,host-3,ctr-367,1244,0,127,,RUNNING,1330,692,0.000000,,1662.500000,no_warm_container
195055,req-103,dag_0011,dag_0011_fn_004,cold_start,host-10,ctr-372,935,0,331,,RUNNING,2275,2314,0.000000,,2843.750000,no_warm_container
195435,req-102,dag_0007,dag_0007_fn_016,cold_start,host-1,ctr-373,741,23,389,,RUNNING,1647,2039,34.398042,11980.971473,2058.750000,no_warm_container
196588,req-102,dag_0007,dag_0007_fn_017,warm_reuse,host-3,ctr-369,0,6,182,IDLE,RUNNING,1217,641,16.308849,21754.675022,1521.250000,warm_container_available
195511,req-104,dag_0003,dag_0003_fn_026,cold_start,host-24,ctr-374,1143,0,393,,RUNNING,1907,2324,0.000000,,2383.750000,no_warm_container
196776,req-102,dag_0007,dag_0007_fn_018,warm_reuse,host-15,ctr-370,0,11,381,IDLE,RUNNING,1850,1873,26.303743,19807.880776,2312.500000,warm_container_available
197168,req-102,dag_0007,dag_0007_fn_019,warm_reuse,host-16,ctr-371,0,48,383,IDLE,RUNNING,2457,2786,24.763478,4193.645588,3071.250000,warm_container_available
196321,req-103,dag_0011,dag_0011_fn_011,cold_start,host-2,ctr-375,1298,17,285,,RUNNING,973,1558,31.073613,14750.822802,1216.250000,no_warm_container
196570,req-105,dag_0002,dag_0002_fn_020,cold_start,host-2,ctr-376,1305,0,265,,RUNNING,1344,916,0.000000,,1680.000000,no_warm_container
197047,req-104,dag_0003,dag_0003_fn_027,cold_start,host-5,ctr-377,896,17,107,,RUNNING,1168,350,29.814858,14386.255584,1460.000000,no_warm_container
198067,req-104,dag_0003,dag_0003_fn_028,warm_reuse,host-24,ctr-331,0,16,264,IDLE,RUNNING,1867,1188,21.153485,11166.511284,2333.750000,warm_container_available
198347,req-104,dag_0003,dag_0003_fn_029,warm_reuse,host-20,ctr-332,0,12,251,IDLE,RUNNING,1746,1249,16.513362,11110.620959,2182.500000,warm_container_available
197921,req-103,dag_0011,dag_0011_fn_012,cold_start,host-22,ctr-378,611,13,168,,RUNNING,831,1049,23.067503,15323.466459,1038.750000,no_warm_container
198610,req-104,dag_0003,dag_0003_fn_030,warm_reuse,host-21,ctr-333,0,11,213,IDLE,RUNNING,1436,813,26.111300,18991.416523,1795.000000,warm_container_available
198140,req-105,dag_0002,dag_0002_fn_021,cold_start,host-6,ctr-383,1016,9,242,,RUNNING,1805,1676,20.618479,19016.447829,2256.250000,no_warm_container
199407,req-105,dag_0002,dag_0002_fn_019,warm_reuse,host-6,ctr-379,0,0,195,IDLE,RUNNING,1424,1209,11.580609,,1780.000000,warm_container_available
199602,req-105,dag_0002,dag_0002_fn_029,warm_reuse,host-4,ctr-302,0,18,348,IDLE,RUNNING,1694,2261,30.862580,13975.542262,2117.500000,warm_container_available
198713,req-103,dag_0011,dag_0011_fn_013,cold_start,host-21,ctr-384,978,13,228,,RUNNING,1019,563,27.069235,17960.675929,1273.750000,no_warm_container
199932,req-103,dag_0011,dag_0011_fn_014,warm_reuse,host-5,ctr-382,0,42,256,IDLE,RUNNING,1646,1241,26.999585,5161.364519,2057.500000,warm_container_available
199968,req-105,dag_0002,dag_0002_fn_030,warm_reuse,host-12,ctr-303,0,17,424,IDLE,RUNNING,2022,2269,22.307476,11083.198176,2527.500000,warm_container_available
198904,req-106,dag_0009,dag_0009_fn_001,cold_start,host-4,ctr-385,1223,0,146,,RUNNING,852,1073,0.000000,,1065.000000,no_warm_container
200273,req-106,dag_0009,dag_0009_fn_002,cold_start,host-9,ctr-386,1374,8,175,,RUNNING,889,522,10.651236,11704.051401,1111.250000,no_warm_container
201927,req-107,dag_0010,dag_0010_fn_004,cold_start,host-18,ctr-389,1270,0,166,,RUNNING,1387,874,0.000000,,1733.750000,no_warm_container
201830,req-106,dag_0009,dag_0009_fn_014,cold_start,host-12,ctr-388,1371,13,239,,RUNNING,1630,1533,24.384062,15984.998180,2037.500000,no_warm_container
203363,req-107,dag_0010,dag_0010_fn_011,cold_start,host-11,ctr-390,498,5,143,,RUNNING,1067,1016,11.385418,20704.483897,1333.750000,no_warm_container
203467,req-108,dag_0013,dag_0013_fn_008,cold_start,host-23,ctr-391,1571,0,299,,RUNNING,1408,1882,0.000000,,1760.000000,no_warm_container
204009,req-107,dag_0010,dag_0010_fn_012,cold_start,host-11,ctr-395,1113,0,338,,RUNNING,2361,2606,7.039783,,2951.250000,no_warm_container
204130,req-109,dag_0005,dag_0005_fn_007,cold_start,host-23,ctr-396,1275,0,367,,RUNNING,2124,2384,0.000000,,2655.000000,no_warm_container
204515,req-110,dag_0015,dag_0015_fn_001,cold_start,host-13,ctr-397,1443,0,385,,RUNNING,2180,2731,0.000000,,2725.000000,no_warm_container
205772,req-109,dag_0005,dag_0005_fn_016,cold_start,host-15,ctr-400,618,3,226,,RUNNING,860,531,9.046479,24219.897885,1075.000000,no_warm_container
205337,req-108,dag_0013,dag_0013_fn_007,cold_start,host-1,ctr-398,1110,4,338,,RUNNING,1380,1249,8.345903,22104.273250,1725.000000,no_warm_container
205460,req-107,dag_0010,dag_0010_fn_013,cold_start,host-20,ctr-399,1006,25,377,,RUNNING,1908,2224,18.487276,6127.944144,2385.000000,no_warm_container
206789,req-108,dag_0013,dag_0013_fn_010,warm_reuse,host-14,ctr-394,0,20,273,IDLE,RUNNING,1853,1407,16.989637,6868.475392,2316.250000,warm_container_available
206343,req-110,dag_0015,dag_0015_fn_006,cold_start,host-17,ctr-401,1011,18,361,,RUNNING,1626,1583,12.985388,5880.846034,2032.500000,no_warm_container
206868,req-107,dag_0010,dag_0010_fn_014,cold_start,host-7,ctr-403,1184,36,404,,RUNNING,2129,2221,31.036224,6984.466098,2661.250000,no_warm_container
206619,req-109,dag_0005,dag_0005_fn_003,cold_start,host-17,ctr-402,1599,11,199,,RUNNING,1609,1529,16.253019,12574.500229,2011.250000,no_warm_container
208428,req-109,dag_0005,dag_0005_fn_012,warm_reuse,host-8,ctr-404,0,12,316,IDLE,RUNNING,2372,2377,20.466084,14505.328543,2965.000000,warm_container_available
208552,req-111,dag_0013,dag_0013_fn_008,warm_reuse,host-23,ctr-391,0,0,299,IDLE,RUNNING,1408,1882,0.000000,,1760.000000,warm_container_available
208756,req-109,dag_0005,dag_0005_fn_013,warm_reuse,host-2,ctr-405,0,12,391,IDLE,RUNNING,2050,2686,32.436835,23008.816567,2562.500000,warm_container_available
207733,req-110,dag_0015,dag_0015_fn_008,cold_start,host-18,ctr-407,1082,10,179,,RUNNING,1227,904,25.449310,22602.281420,1533.750000,no_warm_container
208851,req-111,dag_0013,dag_0013_fn_009,warm_reuse,host-7,ctr-393,0,6,179,IDLE,RUNNING,976,1261,8.345903,12412.311552,1220.000000,warm_container_available
209036,req-111,dag_0013,dag_0013_fn_010,warm_reuse,host-14,ctr-394,0,10,273,IDLE,RUNNING,1853,1407,27.427542,22475.550793,2316.250000,warm_container_available
213948,req-114,dag_0011,dag_0011_fn_004,warm_reuse,host-10,ctr-372,0,0,331,IDLE,RUNNING,2275,2314,0.000000,,2843.750000,warm_container_available
212624,req-112,dag_0012,dag_0012_fn_009,cold_start,host-14,ctr-408,1591,0,170,,RUNNING,1427,1225,0.000000,,1783.750000,no_warm_container
212882,req-113,dag_0002,dag_0002_fn_012,cold_start,host-13,ctr-409,1372,0,300,,RUNNING,1989,1467,0.000000,,2486.250000,no_warm_container
214279,req-114,dag_0011,dag_0011_fn_011,warm_reuse,host-2,ctr-375,0,17,285,IDLE,RUNNING,973,1558,31.073613,14750.822802,1216.250000,warm_container_available
214385,req-112,dag_0012,dag_0012_fn_012,warm_reuse,host-4,ctr-414,0,52,388,IDLE,RUNNING,2309,2949,13.341765,2052.776251,2886.250000,warm_container_available
214581,req-114,dag_0011,dag_0011_fn_012,warm_reuse,host-22,ctr-378,0,13,168,IDLE,RUNNING,831,1049,23.067503,15323.466459,1038.750000,warm_container_available
214762,req-114,dag_0011,dag_0011_fn_013,warm_reuse,host-21,ctr-384,0,13,228,IDLE,RUNNING,1019,563,27.069235,17960.675929,1273.750000,warm_container_available
214825,req-112,dag_0012,dag_0012_fn_013,warm_reuse,host-3,ctr-415,0,14,134,IDLE,RUNNING,946,1015,27.879769,16574.091290,1182.500000,warm_container_available
215003,req-114,dag_0011,dag_0011_fn_014,warm_reuse,host-5,ctr-382,0,42,256,IDLE,RUNNING,1646,1241,26.999585,5161.364519,2057.500000,warm_container_available
214554,req-113,dag_0002,dag_0002_fn_008,cold_start,host-22,ctr-416,1561,3,293,,RUNNING,1692,2022,7.980514,22566.508253,2115.000000,no_warm_container
216411,req-113,dag_0002,dag_0002_fn_014,warm_reuse,host-9,ctr-413,0,16,289,IDLE,RUNNING,2107,1863,22.696604,11604.525966,2633.750000,warm_container_available
216716,req-113,dag_0002,dag_0002_fn_009,warm_reuse,host-21,ctr-411,0,22,262,IDLE,RUNNING,1091,1460,27.518717,10306.206153,1363.750000,warm_container_available
217000,req-113,dag_0002,dag_0002_fn_010,warm_reuse,host-16,ctr-412,0,49,305,IDLE,RUNNING,1128,1630,19.973001,3308.186299,1410.000000,warm_container_available
217354,req-113,dag_0002,dag_0002_fn_029,warm_reuse,host-4,ctr-302,0,22,348,IDLE,RUNNING,1694,2261,18.545680,6809.339680,2117.500000,warm_container_available
216070,req-115,dag_0003,dag_0003_fn_019,cold_start,host-3,ctr-417,1324,0,372,,RUNNING,1425,1924,0.000000,,1781.250000,no_warm_container
217724,req-113,dag_0002,dag_0002_fn_030,warm_reuse,host-12,ctr-303,0,17,424,IDLE,RUNNING,2022,2269,22.307476,11083.198176,2527.500000,warm_container_available
217766,req-115,dag_0003,dag_0003_fn_028,warm_reuse,host-24,ctr-331,0,9,264,IDLE,RUNNING,1867,1188,17.851401,16671.486553,2333.750000,warm_container_available
218039,req-115,dag_0003,dag_0003_fn_029,warm_reuse,host-20,ctr-332,0,12,251,IDLE,RUNNING,1746,1249,16.513362,11110.620959,2182.500000,warm_container_available
218302,req-115,dag_0003,dag_0003_fn_030,warm_reuse,host-21,ctr-333,0,11,213,IDLE,RUNNING,1436,813,26.111300,18991.416523,1795.000000,warm_container_available
219220,req-116,dag_0009,dag_0009_fn_012,cold_start,host-15,ctr-418,567,0,176,,RUNNING,1223,1424,0.000000,,1528.750000,no_warm_container
219963,req-116,dag_0009,dag_0009_fn_004,cold_start,host-16,ctr-419,1013,60,424,,RUNNING,2285,2568,31.378274,4193.645588,2856.250000,no_warm_container
221460,req-116,dag_0009,dag_0009_fn_014,warm_reuse,host-12,ctr-388,0,14,239,IDLE,RUNNING,1630,1533,11.504602,6857.821848,2037.500000,warm_container_available
221927,req-117,dag_0010,dag_0010_fn_004,warm_reuse,host-18,ctr-389,0,0,166,IDLE,RUNNING,1387,874,0.000000,,1733.750000,warm_container_available
222059,req-118,dag_0013,dag_0013_fn_008,warm_reuse,host-23,ctr-391,0,0,299,IDLE,RUNNING,1408,1882,0.000000,,1760.000000,warm_container_available
222093,req-117,dag_0010,dag_0010_fn_011,warm_reuse,host-11,ctr-390,0,5,143,IDLE,RUNNING,1067,1016,11.385418,20704.483897,1333.750000,warm_container_available
222241,req-117,dag_0010,dag_0010_fn_012,warm_reuse,host-11,ctr-395,0,0,338,IDLE,RUNNING,2361,2606,7.039783,,2951.250000,warm_container_available
222358,req-118,dag_0013,dag_0013_fn_007,warm_reuse,host-1,ctr-398,0,4,338,IDLE,RUNNING,1380,1249,8.345903,22104.273250,1725.000000,warm_container_available
222579,req-117,dag_0010,dag_0010_fn_013,warm_reuse,host-20,ctr-399,0,25,377,IDLE,RUNNING,1908,2224,18.487276,6127.944144,2385.000000,warm_container_available
222700,req-118,dag_0013,dag_0013_fn_010,warm_reuse,host-14,ctr-394,0,20,273,IDLE,RUNNING,1853,1407,16.989637,6868.475392,2316.250000,warm_container_available
222757,req-119,dag_0005,dag_0005_fn_007,warm_reuse,host-23,ctr-396,0,0,367,IDLE,RUNNING,2124,2384,0.000000,,2655.000000,warm_container_available
222981,req-117,dag_0010,dag_0010_fn_014,warm_reuse,host-7,ctr-403,0,36,404,IDLE,RUNNING,2129,2221,31.036224,6984.466098,2661.250000,warm_container_available
223364,req-120,dag_0011,dag_0011_fn_004,warm_reuse,host-10,ctr-372,0,0,331,IDLE,RUNNING,2275,2314,0.000000,,2843.750000,warm_container_available
223695,req-120,dag_0011,dag_0011_fn_011,warm_reuse,host-2,ctr-375,0,17,285,IDLE,RUNNING,973,1558,31.073613,14750.822802,1216.250000,warm_container_available
223124,req-119,dag_0005,dag_0005_fn_005,cold_start,host-6,ctr-420,841,32,169,,RUNNING,1424,1148,9.046479,2303.125916,1780.000000,no_warm_container
223997,req-120,dag_0011,dag_0011_fn_012,warm_reuse,host-22,ctr-378,0,13,168,IDLE,RUNNING,831,1049,23.067503,15323.466459,1038.750000,warm_container_available
224178,req-120,dag_0011,dag_0011_fn_013,warm_reuse,host-21,ctr-384,0,13,228,IDLE,RUNNING,1019,563,27.069235,17960.675929,1273.750000,warm_container_available
224419,req-120,dag_0011,dag_0011_fn_014,warm_reuse,host-5,ctr-382,0,42,256,IDLE,RUNNING,1646,1241,26.999585,5161.364519,2057.500000,warm_container_available
225254,req-121,dag_0012,dag_0012_fn_009,warm_reuse,host-14,ctr-408,0,0,170,IDLE,RUNNING,1427,1225,0.000000,,1783.750000,warm_container_available
224166,req-119,dag_0005,dag_0005_fn_006,cold_start,host-1,ctr-421,1235,5,245,,RUNNING,1548,1043,12.782703,24397.449453,1935.000000,no_warm_container
225424,req-121,dag_0012,dag_0012_fn_012,warm_reuse,host-4,ctr-414,0,52,388,IDLE,RUNNING,2309,2949,13.341765,2052.776251,2886.250000,warm_container_available
225864,req-121,dag_0012,dag_0012_fn_013,warm_reuse,host-3,ctr-415,0,14,134,IDLE,RUNNING,946,1015,27.879769,16574.091290,1182.500000,warm_container_available
225651,req-119,dag_0005,dag_0005_fn_010,cold_start,host-5,ctr-423,778,21,192,,RUNNING,1446,1444,20.508260,7974.537795,1807.500000,no_warm_container
226642,req-119,dag_0005,dag_0005_fn_013,warm_reuse,host-2,ctr-405,0,9,391,IDLE,RUNNING,2050,2686,16.572930,15243.301631,2562.500000,warm_container_available
228215,req-123,dag_0013,dag_0013_fn_008,warm_reuse,host-23,ctr-391,0,0,299,IDLE,RUNNING,1408,1882,0.000000,,1760.000000,warm_container_available
228514,req-123,dag_0013,dag_0013_fn_009,warm_reuse,host-7,ctr-393,0,6,179,IDLE,RUNNING,976,1261,8.345903,12412.311552,1220.000000,warm_container_available
227875,req-122,dag_0001,dag_0001_fn_001,cold_start,host-15,ctr-424,786,0,234,,RUNNING,1428,1048,0.000000,,1785.000000,no_warm_container
228699,req-123,dag_0013,dag_0013_fn_010,warm_reuse,host-14,ctr-394,0,10,273,IDLE,RUNNING,1853,1407,27.427542,22475.550793,2316.250000,warm_container_available
228895,req-122,dag_0001,dag_0001_fn_025,cold_start,host-13,ctr-428,1218,7,293,,RUNNING,1745,1928,18.482314,23684.125553,2181.250000,no_warm_container
229893,req-124,dag_0003,dag_0003_fn_008,cold_start,host-8,ctr-429,879,0,418,,RUNNING,2083,2754,0.000000,,2603.750000,no_warm_container
231178,req-125,dag_0013,dag_0013_fn_008,warm_reuse,host-23,ctr-391,0,0,299,IDLE,RUNNING,1408,1882,0.000000,,1760.000000,warm_container_available
231190,req-124,dag_0003,dag_0003_fn_028,warm_reuse,host-24,ctr-331,0,10,264,IDLE,RUNNING,1867,1188,26.159446,21283.019833,2333.750000,warm_container_available
231464,req-124,dag_0003,dag_0003_fn_029,warm_reuse,host-20,ctr-332,0,12,251,IDLE,RUNNING,1746,1249,16.513362,11110.620959,2182.500000,warm_container_available
230413,req-122,dag_0001,dag_0001_fn_002,cold_start,host-18,ctr-430,1123,20,165,,RUNNING,780,630,21.822820,8968.302625,975.000000,no_warm_container
231727,req-124,dag_0003,dag_0003_fn_030,warm_reuse,host-21,ctr-333,0,11,213,IDLE,RUNNING,1436,813,26.111300,18991.416523,1795.000000,warm_container_available
231721,req-122,dag_0001,dag_0001_fn_003,cold_start,host-19,ctr-434,1042,4,146,,RUNNING,1144,1308,9.504287,19736.082845,1430.000000,no_warm_container
231477,req-125,dag_0013,dag_0013_fn_001,cold_start,host-9,ctr-432,1413,5,303,,RUNNING,1577,1927,8.345903,13841.803466,1971.250000,no_warm_container
232913,req-122,dag_0001,dag_0001_fn_032,warm_reuse,host-24,ctr-427,0,4,289,IDLE,RUNNING,1082,1300,9.411823,18843.218941,1352.500000,warm_container_available
231692,req-126,dag_0015,dag_0015_fn_007,cold_start,host-18,ctr-433,1368,0,211,,RUNNING,1401,746,0.000000,,1751.250000,no_warm_container
233198,req-125,dag_0013,dag_0013_fn_010,warm_reuse,host-14,ctr-394,0,31,273,IDLE,RUNNING,1853,1407,7.762459,2037.536986,2316.250000,warm_container_available
232684,req-127,dag_0009,dag_0009_fn_001,cold_start,host-10,ctr-435,1223,0,146,,RUNNING,852,1073,0.000000,,1065.000000,no_warm_container
233271,req-126,dag_0015,dag_0015_fn_004,cold_start,host-3,ctr-436,821,52,366,,RUNNING,2471,2298,33.840261,5239.880644,3088.750000,no_warm_container
234510,req-126,dag_0015,dag_0015_fn_005,cold_start,host-24,ctr-442,681,14,240,,RUNNING,1682,1753,28.268505,16671.486553,2102.500000,no_warm_container
234053,req-127,dag_0009,dag_0009_fn_002,cold_start,host-1,ctr-441,1374,10,175,,RUNNING,889,522,10.651236,8701.129502,1111.250000,no_warm_container
235445,req-126,dag_0015,dag_0015_fn_006,warm_reuse,host-6,ctr-439,0,54,361,IDLE,RUNNING,1626,1583,33.415142,5020.687992,2032.500000,warm_container_available
235612,req-127,dag_0009,dag_0009_fn_014,warm_reuse,host-12,ctr-388,0,93,239,IDLE,RUNNING,1630,1533,24.384062,2099.606100,2037.500000,warm_container_available
235860,req-126,dag_0015,dag_0015_fn_008,warm_reuse,host-17,ctr-440,0,11,179,IDLE,RUNNING,1227,904,25.449310,18643.369495,1533.750000,warm_container_available
241927,req-129,dag_0010,dag_0010_fn_004,warm_reuse,host-18,ctr-389,0,0,166,IDLE,RUNNING,1387,874,0.000000,,1733.750000,warm_container_available
242093,req-129,dag_0010,dag_0010_fn_011,warm_reuse,host-11,ctr-390,0,5,143,IDLE,RUNNING,1067,1016,11.385418,20704.483897,1333.750000,warm_container_available
242241,req-129,dag_0010,dag_0010_fn_012,warm_reuse,host-11,ctr-395,0,0,338,IDLE,RUNNING,2361,2606,7.039783,,2951.250000,warm_container_available
241602,req-128,dag_0019,dag_0019_fn_001,cold_start,host-9,ctr-443,894,0,200,,RUNNING,1206,1506,0.000000,,1507.500000,no_warm_container
242579,req-129,dag_0010,dag_0010_fn_013,warm_reuse,host-20,ctr-399,0,25,377,IDLE,RUNNING,1908,2224,18.487276,6127.944144,2385.000000,warm_container_available
242981,req-129,dag_0010,dag_0010_fn_014,warm_reuse,host-7,ctr-403,0,36,404,IDLE,RUNNING,2129,2221,31.036224,6984.466098,2661.250000,warm_container_available
242696,req-128,dag_0019,dag_0019_fn_003,cold_start,host-16,ctr-444,1534,27,265,,RUNNING,1478,1606,20.483005,6294.379999,1847.500000,no_warm_container
244357,req-130,dag_0014,dag_0014_fn_001,cold_start,host-10,ctr-445,1384,0,336,,RUNNING,2431,2920,0.000000,,3038.750000,no_warm_container
246077,req-130,dag_0014,dag_0014_fn_002,cold_start,host-21,ctr-450,1589,9,329,,RUNNING,2010,2414,7.969419,7338.567846,2512.500000,no_warm_container
248004,req-130,dag_0014,dag_0014_fn_003,warm_reuse,host-1,ctr-447,0,4,329,IDLE,RUNNING,1537,1482,8.548646,22457.202118,1921.250000,warm_container_available
248337,req-130,dag_0014,dag_0014_fn_008,warm_reuse,host-22,ctr-448,0,3,352,IDLE,RUNNING,1423,1918,8.353655,24011.121997,1778.750000,warm_container_available
248692,req-130,dag_0014,dag_0014_fn_009,warm_reuse,host-23,ctr-449,0,14,335,IDLE,RUNNING,1851,2312,9.152835,5298.007277,2313.750000,warm_container_available
248318,req-131,dag_0005,dag_0005_fn_007,cold_start,host-2,ctr-451,1275,0,367,,RUNNING,2124,2384,0.000000,,2655.000000,no_warm_container
249492,req-132,dag_0003,dag_0003_fn_010,cold_start,host-6,ctr-456,422,0,169,,RUNNING,1361,598,0.000000,,1701.250000,no_warm_container
249960,req-131,dag_0005,dag_0005_fn_016,cold_start,host-12,ctr-457,618,23,226,,RUNNING,860,531,9.046479,3254.174263,1075.000000,no_warm_container
250083,req-132,dag_0003,dag_0003_fn_011,cold_start,host-15,ctr-458,497,22,165,,RUNNING,1209,953,8.517297,3230.840925,1511.250000,no_warm_container
250767,req-132,dag_0003,dag_0003_fn_012,cold_start,host-13,ctr-459,795,9,358,,RUNNING,1695,2132,25.768738,23684.125553,2118.750000,no_warm_container
250827,req-131,dag_0005,dag_0005_fn_003,cold_start,host-14,ctr-460,1599,35,199,,RUNNING,1609,1529,16.253019,3789.163071,2011.250000,no_warm_container
251929,req-132,dag_0003,dag_0003_fn_014,cold_start,host-13,ctr-461,1305,0,134,,RUNNING,954,641,9.239683,,1192.500000,no_warm_container
252660,req-131,dag_0005,dag_0005_fn_012,cold_start,host-21,ctr-466,1135,10,316,,RUNNING,2372,2377,20.466084,16985.908266,2965.000000,no_warm_container
254121,req-131,dag_0005,dag_0005_fn_013,warm_reuse,host-16,ctr-455,0,79,391,IDLE,RUNNING,2050,2686,32.436835,3308.186299,2562.500000,warm_container_available
253883,req-133,dag_0018,dag_0018_fn_003,cold_start,host-19,ctr-468,636,0,328,,RUNNING,2263,2580,0.000000,,2828.750000,no_warm_container
253368,req-132,dag_0003,dag_0003_fn_028,cold_start,host-17,ctr-467,1440,18,264,,RUNNING,1867,1188,12.598050,5880.846034,2333.750000,no_warm_container
255090,req-132,dag_0003,dag_0003_fn_029,warm_reuse,host-23,ctr-463,0,13,251,IDLE,RUNNING,1746,1249,16.513362,10624.987257,2182.500000,warm_container_available
255354,req-132,dag_0003,dag_0003_fn_030,warm_reuse,host-8,ctr-464,0,17,213,IDLE,RUNNING,1436,813,26.111300,12761.842568,1795.000000,warm_container_available
254547,req-134,dag_0015,dag_0015_fn_007,cold_start,host-9,ctr-469,1368,0,211,,RUNNING,1401,746,0.000000,,1751.250000,no_warm_container
256126,req-134,dag_0015,dag_0015_fn_004,warm_reuse,host-3,ctr-471,0,260,366,IDLE,RUNNING,2471,2298,33.840261,1042.382942,3088.750000,warm_container_available
254847,req-133,dag_0018,dag_0018_fn_004,cold_start,host-18,ctr-470,1538,22,251,,RUNNING,1334,1505,15.018022,5702.285114,1667.500000,no_warm_container
256658,req-133,dag_0018,dag_0018_fn_005,warm_reuse,host-15,ctr-472,0,42,157,IDLE,RUNNING,1167,1365,11.976465,2281.809807,1458.750000,warm_container_available
256752,req-134,dag_0015,dag_0015_fn_005,cold_start,host-24,ctr-473,681,14,240,,RUNNING,1682,1753,28.268505,16671.486553,2102.500000,no_warm_container
257687,req-134,dag_0015,dag_0015_fn_006,cold_start,host-12,ctr-474,1011,17,361,,RUNNING,1626,1583,33.415142,16264.296115,2032.500000,no_warm_container
259076,req-134,dag_0015,dag_0015_fn_008,cold_start,host-22,ctr-476,1082,12,179,,RUNNING,1227,904,25.449310,18343.449652,1533.750000,no_warm_container
260896,req-136,dag_0005,dag_0005_fn_007,warm_reuse,host-2,ctr-451,0,0,367,IDLE,RUNNING,2124,2384,0.000000,,2655.000000,warm_container_available
261263,req-136,dag_0005,dag_0005_fn_005,warm_reuse,host-5,ctr-452,0,9,169,IDLE,RUNNING,1424,1148,9.046479,9024.108827,1780.000000,warm_container_available
261441,req-136,dag_0005,dag_0005_fn_006,warm_reuse,host-19,ctr-453,0,5,245,IDLE,RUNNING,1548,1043,12.782703,23133.657012,1935.000000,warm_container_available
261691,req-136,dag_0005,dag_0005_fn_010,warm_reuse,host-5,ctr-454,0,8,192,IDLE,RUNNING,1446,1444,20.508260,22828.888370,1807.500000,warm_container_available
260262,req-135,dag_0013,dag_0013_fn_008,cold_start,host-1,ctr-477,1571,0,299,,RUNNING,1408,1882,0.000000,,1760.000000,no_warm_container
261891,req-136,dag_0005,dag_0005_fn_013,warm_reuse,host-16,ctr-455,0,86,391,IDLE,RUNNING,2050,2686,16.572930,1546.838593,2562.500000,warm_container_available
261927,req-138,dag_0010,dag_0010_fn_001,cold_start,host-4,ctr-481,624,0,305,,RUNNING,1870,1715,0.000000,,2337.500000,no_warm_container
261695,req-137,dag_0011,dag_0011_fn_004,cold_start,host-17,ctr-480,935,0,331,,RUNNING,2275,2314,0.000000,,2843.750000,no_warm_container
262132,req-135,dag_0013,dag_0013_fn_007,cold_start,host-2,ctr-482,1110,4,338,,RUNNING,1380,1249,8.345903,21189.262885,1725.000000,no_warm_container
263584,req-135,dag_0013,dag_0013_fn_010,warm_reuse,host-24,ctr-479,0,12,273,IDLE,RUNNING,1853,1407,16.989637,11988.408516,2316.250000,warm_container_available
262856,req-138,dag_0010,dag_0010_fn_007,cold_start,host-7,ctr-483,869,26,365,,RUNNING,1551,2231,10.767523,3316.520455,1938.750000,no_warm_container
262961,req-137,dag_0011,dag_0011_fn_011,cold_start,host-15,ctr-484,1298,26,285,,RUNNING,973,1558,31.073613,9567.989488,1216.250000,no_warm_container
263705,req-139,dag_0009,dag_0009_fn_001,cold_start,host-11,ctr-485,1223,0,146,,RUNNING,852,1073,0.000000,,1065.000000,no_warm_container
264570,req-137,dag_0011,dag_0011_fn_012,cold_start,host-9,ctr-491,611,82,168,,RUNNING,831,1049,23.067503,2264.895966,1038.750000,no_warm_container
265431,req-137,dag_0011,dag_0011_fn_013,warm_reuse,host-7,ctr-489,0,13,228,IDLE,RUNNING,1019,563,27.069235,16859.038140,1273.750000,warm_container_available
265672,req-137,dag_0011,dag_0011_fn_014,warm_reuse,host-11,ctr-490,0,21,256,IDLE,RUNNING,1646,1241,26.999585,10649.372827,2057.500000,warm_container_available
265184,req-141,dag_0012,dag_0012_fn_011,cold_start,host-10,ctr-494,615,0,245,,RUNNING,904,1365,0.000000,,1130.000000,no_warm_container
264822,req-140,dag_0003,dag_0003_fn_024,cold_start,host-20,ctr-492,1226,0,315,,RUNNING,1367,1242,0.000000,,1708.750000,no_warm_container
266363,req-140,dag_0003,dag_0003_fn_028,warm_reuse,host-8,ctr-462,0,14,264,IDLE,RUNNING,1867,1188,27.260867,16679.298471,2333.750000,warm_container_available
265074,req-139,dag_0009,dag_0009_fn_002,cold_start,host-16,ctr-493,1374,54,175,,RUNNING,889,522,10.651236,1589.498124,1111.250000,no_warm_container
266641,req-140,dag_0003,dag_0003_fn_029,warm_reuse,host-23,ctr-463,0,40,251,IDLE,RUNNING,1746,1249,16.513362,3335.855912,2182.500000,warm_container_available
266677,req-139,dag_0009,dag_0009_fn_014,warm_reuse,host-18,ctr-487,0,33,239,IDLE,RUNNING,1630,1533,24.384062,5989.402610,2037.500000,warm_container_available
266044,req-141,dag_0012,dag_0012_fn_012,cold_start,host-3,ctr-495,851,50,388,,RUNNING,2309,2949,25.615849,4173.147776,2886.250000,no_warm_container
266932,req-140,dag_0003,dag_0003_fn_030,warm_reuse,host-8,ctr-464,0,17,213,IDLE,RUNNING,1436,813,26.111300,12761.842568,1795.000000,warm_container_available
267333,req-141,dag_0012,dag_0012_fn_013,cold_start,host-10,ctr-497,1300,16,134,,RUNNING,946,1015,27.879769,14598.324480,1182.500000,no_warm_container
272246,req-142,dag_0002,dag_0002_fn_012,cold_start,host-13,ctr-498,1372,0,300,,RUNNING,1989,1467,0.000000,,2486.250000,no_warm_container
273582,req-143,dag_0020,dag_0020_fn_005,cold_start,host-4,ctr-505,1253,0,270,,RUNNING,1840,1242,0.000000,,2300.000000,no_warm_container
273918,req-142,dag_0002,dag_0002_fn_008,cold_start,host-15,ctr-506,1561,5,293,,RUNNING,1692,2022,7.980514,12889.933994,2115.000000,no_warm_container
275777,req-142,dag_0002,dag_0002_fn_014,warm_reuse,host-14,ctr-502,0,12,289,IDLE,RUNNING,2107,1863,22.696604,15663.234149,2633.750000,warm_container_available
275105,req-143,dag_0020,dag_0020_fn_006,cold_start,host-21,ctr-507,984,6,182,,RUNNING,889,434,8.022456,11428.889167,1111.250000,no_warm_container
276078,req-142,dag_0002,dag_0002_fn_009,warm_reuse,host-6,ctr-500,0,62,262,IDLE,RUNNING,1091,1460,27.518717,3607.256446,1363.750000,warm_container_available
276402,req-142,dag_0002,dag_0002_fn_010,warm_reuse,host-1,ctr-501,0,7,305,IDLE,RUNNING,1128,1630,19.973001,24397.449453,1410.000000,warm_container_available
276714,req-142,dag_0002,dag_0002_fn_029,warm_reuse,host-12,ctr-503,0,71,348,IDLE,RUNNING,1694,2261,18.545680,2099.606100,2117.500000,warm_container_available
277133,req-142,dag_0002,dag_0002_fn_030,warm_reuse,host-23,ctr-504,0,9,424,IDLE,RUNNING,2022,2269,22.307476,21738.362247,2527.500000,warm_container_available
280224,req-144,dag_0005,dag_0005_fn_007,warm_reuse,host-2,ctr-451,0,0,367,IDLE,RUNNING,2124,2384,0.000000,,2655.000000,warm_container_available
280591,req-144,dag_0005,dag_0005_fn_016,cold_start,host-21,ctr-508,618,6,226,,RUNNING,860,531,9.046479,12380.302027,1075.000000,no_warm_container
281927,req-145,dag_0010,dag_0010_fn_001,warm_reuse,host-4,ctr-481,0,0,305,IDLE,RUNNING,1870,1715,0.000000,,2337.500000,warm_container_available
282232,req-145,dag_0010,dag_0010_fn_007,warm_reuse,host-7,ctr-483,0,26,365,IDLE,RUNNING,1551,2231,10.767523,3316.520455,1938.750000,warm_container_available
281441,req-144,dag_0005,dag_0005_fn_003,cold_start,host-6,ctr-509,1599,6,199,,RUNNING,1609,1529,16.253019,22047.158174,2011.250000,no_warm_container
283245,req-144,dag_0005,dag_0005_fn_012,warm_reuse,host-19,ctr-510,0,14,316,IDLE,RUNNING,2372,2377,20.466084,12286.054661,2965.000000,warm_container_available
283575,req-144,dag_0005,dag_0005_fn_013,cold_start,host-17,ctr-511,838,100,391,,RUNNING,2050,2686,32.436835,2602.682929,2562.500000,no_warm_container
285725,req-146,dag_0009,dag_0009_fn_001,warm_reuse,host-11,ctr-485,0,0,146,IDLE,RUNNING,852,1073,0.000000,,1065.000000,warm_container_available
285871,req-146,dag_0009,dag_0009_fn_002,warm_reuse,host-16,ctr-493,0,54,175,IDLE,RUNNING,889,522,10.651236,1589.498124,1111.250000,warm_container_available
286100,req-146,dag_0009,dag_0009_fn_014,warm_reuse,host-18,ctr-487,0,33,239,IDLE,RUNNING,1630,1533,24.384062,5989.402610,2037.500000,warm_container_available
286165,req-147,dag_0002,dag_0002_fn_024,cold_start,host-5,ctr-512,1588,0,298,,RUNNING,1370,1197,0.000000,,1712.500000,no_warm_container
288051,req-147,dag_0002,dag_0002_fn_016,cold_start,host-9,ctr-516,1392,37,335,,RUNNING,1321,1621,29.715526,6536.486695,1651.250000,no_warm_container
289815,req-147,dag_0002,dag_0002_fn_009,warm_reuse,host-6,ctr-500,0,18,262,IDLE,RUNNING,1091,1460,18.205203,8545.036482,1363.750000,warm_container_available
290095,req-147,dag_0002,dag_0002_fn_010,warm_reuse,host-1,ctr-501,0,7,305,IDLE,RUNNING,1128,1630,19.973001,24397.449453,1410.000000,warm_container_available
290407,req-147,dag_0002,dag_0002_fn_029,warm_reuse,host-12,ctr-503,0,71,348,IDLE,RUNNING,1694,2261,18.545680,2099.606100,2117.500000,warm_container_available
290826,req-147,dag_0002,dag_0002_fn_030,warm_reuse,host-23,ctr-504,0,9,424,IDLE,RUNNING,2022,2269,22.307476,21738.362247,2527.500000,warm_container_available
290557,req-148,dag_0015,dag_0015_fn_001,cold_start,host-10,ctr-517,1443,0,385,,RUNNING,2180,2731,0.000000,,2725.000000,no_warm_container
292385,req-148,dag_0015,dag_0015_fn_006,warm_reuse,host-8,ctr-518,0,70,361,IDLE,RUNNING,1626,1583,12.985388,1498.580126,2032.500000,warm_container_available
291048,req-149,dag_0012,dag_0012_fn_009,cold_start,host-16,ctr-520,1591,0,170,,RUNNING,1427,1225,0.000000,,1783.750000,no_warm_container
292816,req-148,dag_0015,dag_0015_fn_008,warm_reuse,host-11,ctr-519,0,10,179,IDLE,RUNNING,1227,904,25.449310,21819.215479,1533.750000,warm_container_available
293650,req-150,dag_0005,dag_0005_fn_007,warm_reuse,host-2,ctr-451,0,0,367,IDLE,RUNNING,2124,2384,0.000000,,2655.000000,warm_container_available
292809,req-149,dag_0012,dag_0012_fn_012,cold_start,host-1,ctr-521,851,79,388,,RUNNING,2309,2949,13.341765,1358.397560,2886.250000,no_warm_container
294017,req-150,dag_0005,dag_0005_fn_016,warm_reuse,host-21,ctr-508,0,6,226,IDLE,RUNNING,860,531,9.046479,12380.302027,1075.000000,warm_container_available
294249,req-150,dag_0005,dag_0005_fn_003,warm_reuse,host-6,ctr-509,0,6,199,IDLE,RUNNING,1609,1529,16.253019,22047.158174,2011.250000,warm_container_available
294454,req-150,dag_0005,dag_0005_fn_012,warm_reuse,host-19,ctr-510,0,14,316,IDLE,RUNNING,2372,2377,20.466084,12286.054661,2965.000000,warm_container_available
294784,req-150,dag_0005,dag_0005_fn_013,warm_reuse,host-17,ctr-511,0,100,391,IDLE,RUNNING,2050,2686,32.436835,2602.682929,2562.500000,warm_container_available
294127,req-149,dag_0012,dag_0012_fn_013,cold_start,host-13,ctr-523,1300,35,134,,RUNNING,946,1015,27.879769,6425.884987,1182.500000,no_warm_container
298970,req-151,dag_0009,dag_0009_fn_012,cold_start,host-14,ctr-524,567,0,176,,RUNNING,1223,1424,0.000000,,1528.750000,no_warm_container
299165,req-152,dag_0002,dag_0002_fn_005,cold_start,host-22,ctr-525,1488,0,176,,RUNNING,920,1197,0.000000,,1150.000000,no_warm_container
299713,req-151,dag_0009,dag_0009_fn_007,cold_start,host-21,ctr-527,1133,15,152,,RUNNING,1086,1084,31.378274,16985.908266,1357.500000,no_warm_container
299396,req-153,dag_0013,dag_0013_fn_008,cold_start,host-15,ctr-526,1571,0,299,,RUNNING,1408,1882,0.000000,,1760.000000,no_warm_container
301013,req-151,dag_0009,dag_0009_fn_014,warm_reuse,host-18,ctr-487,0,63,239,IDLE,RUNNING,1630,1533,19.024041,2415.854339,2037.500000,warm_container_available
300829,req-152,dag_0002,dag_0002_fn_001,cold_start,host-5,ctr-532,1115,10,280,,RUNNING,1761,1267,21.472265,17639.845128,2201.250000,no_warm_container
301266,req-153,dag_0013,dag_0013_fn_003,cold_start,host-15,ctr-533,1034,0,194,,RUNNING,741,815,8.345903,,926.250000,no_warm_container
302530,req-155,dag_0013,dag_0013_fn_008,warm_reuse,host-15,ctr-526,0,0,299,IDLE,RUNNING,1408,1882,0.000000,,1760.000000,warm_container_available
302494,req-153,dag_0013,dag_0013_fn_010,warm_reuse,host-9,ctr-531,0,81,273,IDLE,RUNNING,1853,1407,22.751607,2264.895966,2316.250000,warm_container_available
301927,req-154,dag_0010,dag_0010_fn_002,cold_start,host-20,ctr-534,713,0,211,,RUNNING,1360,897,0.000000,,1700.000000,no_warm_container
302234,req-152,dag_0002,dag_0002_fn_002,cold_start,host-7,ctr-535,852,3,127,,RUNNING,1007,708,8.041797,24116.897210,1258.750000,no_warm_container
302829,req-155,dag_0013,dag_0013_fn_009,cold_start,host-8,ctr-536,773,4,179,,RUNNING,976,1261,8.345903,21363.875918,1220.000000,no_warm_container
303638,req-156,dag_0005,dag_0005_fn_007,warm_reuse,host-2,ctr-451,0,0,367,IDLE,RUNNING,2124,2384,0.000000,,2655.000000,warm_container_available
303216,req-152,dag_0002,dag_0002_fn_003,cold_start,host-12,ctr-541,575,44,202,,RUNNING,1099,893,29.774004,5502.596203,1373.750000,no_warm_container
303785,req-155,dag_0013,dag_0013_fn_010,warm_reuse,host-9,ctr-531,0,63,273,IDLE,RUNNING,1853,1407,27.427542,3500.719714,2316.250000,warm_container_available
304037,req-152,dag_0002,dag_0002_fn_030,warm_reuse,host-23,ctr-504,0,11,424,IDLE,RUNNING,2022,2269,28.274710,21738.362247,2527.500000,warm_container_available
302851,req-154,dag_0010,dag_0010_fn_008,cold_start,host-18,ctr-537,1446,9,165,,RUNNING,1022,581,6.653566,6205.691369,1277.500000,no_warm_container
304471,req-154,dag_0010,dag_0010_fn_013,warm_reuse,host-7,ctr-539,0,36,377,IDLE,RUNNING,1908,2224,12.081508,2704.499859,2385.000000,warm_container_available
303845,req-157,dag_0001,dag_0001_fn_001,cold_start,host-24,ctr-542,786,0,234,,RUNNING,1428,1048,0.000000,,1785.000000,no_warm_container
304005,req-156,dag_0005,dag_0005_fn_005,cold_start,host-13,ctr-543,841,6,169,,RUNNING,1424,1148,9.046479,13168.139926,1780.000000,no_warm_container
304884,req-154,dag_0010,dag_0010_fn_014,warm_reuse,host-4,ctr-540,0,21,404,IDLE,RUNNING,2129,2221,31.036224,12020.812710,2661.250000,warm_container_available
304865,req-157,dag_0001,dag_0001_fn_025,cold_start,host-21,ctr-544,1218,12,293,,RUNNING,1745,1928,18.482314,13092.252281,2181.250000,no_warm_container
305021,req-156,dag_0005,dag_0005_fn_006,cold_start,host-23,ctr-545,1235,5,245,,RUNNING,1548,1043,12.782703,23606.502664,1935.000000,no_warm_container
305943,req-158,dag_0007,dag_0007_fn_002,cold_start,host-17,ctr-546,1073,0,254,,RUNNING,1085,870,0.000000,,1356.250000,no_warm_container
307270,req-158,dag_0007,dag_0007_fn_012,warm_reuse,host-10,ctr-551,0,7,347,IDLE,RUNNING,1935,2414,19.019384,23814.069596,2418.750000,warm_container_available
306506,req-156,dag_0005,dag_0005_fn_010,cold_start,host-6,ctr-557,778,72,192,,RUNNING,1446,1444,20.508260,2303.125916,1807.500000,no_warm_container
307548,req-156,dag_0005,dag_0005_fn_013,warm_reuse,host-17,ctr-511,0,8,391,IDLE,RUNNING,2050,2686,16.572930,18643.369495,2562.500000,warm_container_available
306388,req-157,dag_0001,dag_0001_fn_002,cold_start,host-18,ctr-556,1123,73,165,,RUNNING,780,630,21.822820,2415.854339,975.000000,no_warm_container
307624,req-158,dag_0007,dag_0007_fn_013,warm_reuse,host-16,ctr-552,0,14,237,IDLE,RUNNING,1206,827,28.741075,17522.409326,1507.500000,warm_container_available
307749,req-157,dag_0001,dag_0001_fn_003,warm_reuse,host-11,ctr-548,0,4,146,IDLE,RUNNING,1144,1308,9.504287,20704.483897,1430.000000,warm_container_available
307875,req-158,dag_0007,dag_0007_fn_017,warm_reuse,host-19,ctr-553,0,15,182,IDLE,RUNNING,1217,641,27.862452,15796.689939,1521.250000,warm_container_available
307899,req-157,dag_0001,dag_0001_fn_032,warm_reuse,host-2,ctr-549,0,4,289,IDLE,RUNNING,1082,1300,9.411823,19787.274418,1352.500000,warm_container_available
308072,req-158,dag_0007,dag_0007_fn_018,warm_reuse,host-8,ctr-554,0,10,381,IDLE,RUNNING,1850,1873,26.303743,22495.302010,2312.500000,warm_container_available
308463,req-158,dag_0007,dag_0007_fn_019,warm_reuse,host-3,ctr-555,0,9,383,IDLE,RUNNING,2457,2786,24.763478,23943.938850,3071.250000,warm_container_available
311775,req-159,dag_0003,dag_0003_fn_010,cold_start,host-12,ctr-558,422,0,169,,RUNNING,1361,598,0.000000,,1701.250000,no_warm_container
312366,req-159,dag_0003,dag_0003_fn_011,cold_start,host-20,ctr-565,497,4,165,,RUNNING,1209,953,8.517297,18161.004177,1511.250000,no_warm_container
313032,req-159,dag_0003,dag_0003_fn_012,warm_reuse,host-24,ctr-560,0,20,358,IDLE,RUNNING,1695,2132,25.768738,10733.528994,2118.750000,warm_container_available
313410,req-159,dag_0003,dag_0003_fn_014,warm_reuse,host-5,ctr-561,0,6,134,IDLE,RUNNING,954,641,9.239683,14386.255584,1192.500000,warm_container_available
313550,req-159,dag_0003,dag_0003_fn_028,warm_reuse,host-9,ctr-562,0,16,264,IDLE,RUNNING,1867,1188,12.598050,6536.486695,2333.750000,warm_container_available
313830,req-159,dag_0003,dag_0003_fn_029,warm_reuse,host-1,ctr-563,0,12,251,IDLE,RUNNING,1746,1249,16.513362,11468.894014,2182.500000,warm_container_available
312730,req-160,dag_0015,dag_0015_fn_007,cold_start,host-16,ctr-566,1368,0,211,,RUNNING,1401,746,0.000000,,1751.250000,no_warm_container
314093,req-159,dag_0003,dag_0003_fn_030,warm_reuse,host-12,ctr-564,0,100,213,IDLE,RUNNING,1436,813,26.111300,2099.606100,1795.000000,warm_container_available
314309,req-160,dag_0015,dag_0015_fn_004,cold_start,host-11,ctr-567,821,18,366,,RUNNING,2471,2298,33.840261,15743.121001,3088.750000,no_warm_container
315514,req-160,dag_0015,dag_0015_fn_005,cold_start,host-16,ctr-572,681,143,240,,RUNNING,1682,1753,28.268505,1589.498124,2102.500000,no_warm_container
316578,req-160,dag_0015,dag_0015_fn_006,warm_reuse,host-6,ctr-569,0,25,361,IDLE,RUNNING,1626,1583,33.415142,11110.103088,2032.500000,warm_container_available
315481,req-161,dag_0014,dag_0014_fn_007,cold_start,host-10,ctr-571,1259,0,337,,RUNNING,2394,2536,0.000000,,2992.500000,no_warm_container
316964,req-160,dag_0015,dag_0015_fn_008,warm_reuse,host-1,ctr-570,0,9,179,IDLE,RUNNING,1227,904,25.449310,24397.449453,1533.750000,warm_container_available
317077,req-161,dag_0014,dag_0014_fn_008,cold_start,host-13,ctr-573,777,6,352,,RUNNING,1423,1918,14.982579,21347.912469,1778.750000,no_warm_container
318614,req-163,dag_0002,dag_0002_fn_005,warm_reuse,host-22,ctr-525,0,0,176,IDLE,RUNNING,920,1197,0.000000,,1150.000000,warm_container_available
318790,req-163,dag_0002,dag_0002_fn_001,warm_reuse,host-5,ctr-532,0,10,280,IDLE,RUNNING,1761,1267,21.472265,17639.845128,2201.250000,warm_container_available
319080,req-163,dag_0002,dag_0002_fn_002,warm_reuse,host-7,ctr-535,0,3,127,IDLE,RUNNING,1007,708,8.041797,24116.897210,1258.750000,warm_container_available
318009,req-162,dag_0011,dag_0011_fn_009,cold_start,host-22,ctr-575,1138,0,145,,RUNNING,1231,1302,0.000000,,1538.750000,no_warm_container
319210,req-163,dag_0002,dag_0002_fn_003,warm_reuse,host-4,ctr-538,0,20,202,IDLE,RUNNING,1099,893,29.774004,12020.812710,1373.750000,warm_container_available
319432,req-163,dag_0002,dag_0002_fn_030,warm_reuse,host-23,ctr-504,0,41,424,IDLE,RUNNING,2022,2269,28.274710,5551.994866,2527.500000,warm_container_available
318212,req-161,dag_0014,dag_0014_fn_009,cold_start,host-8,ctr-576,1578,9,335,,RUNNING,1851,2312,9.152835,8154.051959,2313.750000,no_warm_container
319292,req-162,dag_0011,dag_0011_fn_010,cold_start,host-21,ctr-577,633,16,196,,RUNNING,965,1305,34.404775,17960.675929,1206.250000,no_warm_container
320417,req-165,dag_0005,dag_0005_fn_007,warm_reuse,host-2,ctr-451,0,0,367,IDLE,RUNNING,2124,2384,0.000000,,2655.000000,warm_container_available
320137,req-162,dag_0011,dag_0011_fn_011,cold_start,host-13,ctr-579,1298,50,285,,RUNNING,973,1558,27.574942,4413.130721,1216.250000,no_warm_container
320784,req-165,dag_0005,dag_0005_fn_002,cold_start,host-19,ctr-580,726,4,312,,RUNNING,1853,1398,9.046479,19206.340528,2316.250000,no_warm_container
320110,req-164,dag_0012,dag_0012_fn_009,cold_start,host-14,ctr-578,1591,0,170,,RUNNING,1427,1225,0.000000,,1783.750000,no_warm_container
321770,req-162,dag_0011,dag_0011_fn_012,warm_reuse,host-1,ctr-583,0,11,168,IDLE,RUNNING,831,1049,23.067503,18350.019875,1038.750000,warm_container_available
321871,req-164,dag_0012,dag_0012_fn_012,warm_reuse,host-24,ctr-586,0,5,388,IDLE,RUNNING,2309,2949,13.341765,24213.100923,2886.250000,warm_container_available
321826,req-165,dag_0005,dag_0005_fn_001,cold_start,host-2,ctr-588,728,5,157,,RUNNING,1400,1230,12.992913,23356.338094,1750.000000,no_warm_container
321949,req-162,dag_0011,dag_0011_fn_013,cold_start,host-18,ctr-590,978,12,228,,RUNNING,1019,563,27.069235,19286.931650,1273.750000,no_warm_container
323167,req-162,dag_0011,dag_0011_fn_014,warm_reuse,host-6,ctr-585,0,10,256,IDLE,RUNNING,1646,1241,26.999585,23500.723762,2057.500000,warm_container_available
321927,req-166,dag_0010,dag_0010_fn_004,cold_start,host-4,ctr-589,1270,0,166,,RUNNING,1387,874,0.000000,,1733.750000,no_warm_container
322716,req-165,dag_0005,dag_0005_fn_004,cold_start,host-3,ctr-592,590,5,294,,RUNNING,1386,1169,10.668931,20896.199903,1732.500000,no_warm_container
322264,req-164,dag_0012,dag_0012_fn_013,cold_start,host-22,ctr-591,1300,10,134,,RUNNING,946,1015,27.879769,24266.495912,1182.500000,no_warm_container
323363,req-166,dag_0010,dag_0010_fn_011,cold_start,host-15,ctr-593,498,14,143,,RUNNING,1067,1016,11.385418,6672.979716,1333.750000,no_warm_container
323605,req-165,dag_0005,dag_0005_fn_011,cold_start,host-20,ctr-594,968,16,384,,RUNNING,1990,1877,15.295242,7777.880916,2487.500000,no_warm_container
324018,req-166,dag_0010,dag_0010_fn_012,cold_start,host-21,ctr-596,1113,4,338,,RUNNING,2361,2606,7.039783,14541.871000,2951.250000,no_warm_container
325473,req-166,dag_0010,dag_0010_fn_013,cold_start,host-18,ctr-597,1006,62,377,,RUNNING,1908,2224,18.487276,2415.854339,2385.000000,no_warm_container
326725,req-167,dag_0009,dag_0009_fn_001,cold_start,host-9,ctr-598,1223,0,146,,RUNNING,852,1073,0.000000,,1065.000000,no_warm_container
326918,req-166,dag_0010,dag_0010_fn_014,cold_start,host-13,ctr-599,1184,25,404,,RUNNING,2129,2221,31.036224,10226.412097,2661.250000,no_warm_container
328094,req-167,dag_0009,dag_0009_fn_002,cold_start,host-17,ctr-602,1374,8,175,,RUNNING,889,522,10.651236,11736.996858,1111.250000,no_warm_container
329651,req-167,dag_0009,dag_0009_fn_014,warm_reuse,host-4,ctr-601,0,24,239,IDLE,RUNNING,1630,1533,24.384062,8150.027095,2037.500000,warm_container_available
330843,req-168,dag_0011,dag_0011_fn_006,cold_start,host-3,ctr-603,571,0,273,,RUNNING,1806,2124,0.000000,,2257.500000,no_warm_container
331687,req-168,dag_0011,dag_0011_fn_011,warm_reuse,host-13,ctr-579,0,10,285,IDLE,RUNNING,973,1558,14.722002,12230.970358,1216.250000,warm_container_available
331982,req-168,dag_0011,dag_0011_fn_012,warm_reuse,host-1,ctr-583,0,11,168,IDLE,RUNNING,831,1049,23.067503,18350.019875,1038.750000,warm_container_available
332161,req-168,dag_0011,dag_0011_fn_013,warm_reuse,host-18,ctr-590,0,12,228,IDLE,RUNNING,1019,563,27.069235,19286.931650,1273.750000,warm_container_available
332401,req-168,dag_0011,dag_0011_fn_014,warm_reuse,host-6,ctr-585,0,10,256,IDLE,RUNNING,1646,1241,26.999585,23500.723762,2057.500000,warm_container_available
331501,req-169,dag_0002,dag_0002_fn_011,cold_start,host-17,ctr-604,1119,0,110,,RUNNING,1127,1100,0.000000,,1408.750000,no_warm_container
332730,req-169,dag_0002,dag_0002_fn_006,cold_start,host-8,ctr-605,1065,9,277,,RUNNING,1900,2225,15.364348,14505.328543,2375.000000,no_warm_container
334081,req-169,dag_0002,dag_0002_fn_007,warm_reuse,host-12,ctr-607,0,18,263,IDLE,RUNNING,1723,1949,33.515489,14945.898601,2153.750000,warm_container_available
334362,req-169,dag_0002,dag_0002_fn_029,warm_reuse,host-11,ctr-608,0,10,348,IDLE,RUNNING,1694,2261,29.333775,24913.099511,2117.500000,warm_container_available
332939,req-170,dag_0015,dag_0015_fn_001,cold_start,host-10,ctr-606,1443,0,385,,RUNNING,2180,2731,0.000000,,2725.000000,no_warm_container
334720,req-169,dag_0002,dag_0002_fn_030,warm_reuse,host-23,ctr-504,0,8,424,IDLE,RUNNING,2022,2269,22.307476,23078.342578,2527.500000,warm_container_available
334767,req-170,dag_0015,dag_0015_fn_006,warm_reuse,host-6,ctr-569,0,30,361,IDLE,RUNNING,1626,1583,12.985388,3530.043747,2032.500000,warm_container_available
333435,req-171,dag_0013,dag_0013_fn_008,cold_start,host-9,ctr-609,1571,0,299,,RUNNING,1408,1882,0.000000,,1760.000000,no_warm_container
335158,req-170,dag_0015,dag_0015_fn_008,warm_reuse,host-1,ctr-570,0,9,179,IDLE,RUNNING,1227,904,25.449310,24397.449453,1533.750000,warm_container_available
334364,req-172,dag_0003,dag_0003_fn_001,cold_start,host-20,ctr-610,1131,0,359,,RUNNING,2600,2826,0.000000,,3250.000000,no_warm_container
335427,req-173,dag_0012,dag_0012_fn_010,cold_start,host-12,ctr-612,818,0,209,,RUNNING,872,872,0.000000,,1090.000000,no_warm_container
336454,req-173,dag_0012,dag_0012_fn_012,warm_reuse,host-24,ctr-586,0,10,388,IDLE,RUNNING,2309,2949,10.740312,9434.067196,2886.250000,warm_container_available
335854,req-172,dag_0003,dag_0003_fn_002,cold_start,host-1,ctr-613,762,37,394,,RUNNING,1699,2392,32.963231,7259.317820,2123.750000,no_warm_container
335305,req-171,dag_0013,dag_0013_fn_006,cold_start,host-16,ctr-611,1366,11,309,,RUNNING,2179,2430,8.345903,6294.379999,2723.750000,no_warm_container
336852,req-173,dag_0012,dag_0012_fn_013,warm_reuse,host-17,ctr-587,0,19,134,IDLE,RUNNING,946,1015,27.879769,12342.890523,1182.500000,warm_container_available
336991,req-171,dag_0013,dag_0013_fn_010,warm_reuse,host-12,ctr-618,0,10,273,IDLE,RUNNING,1853,1407,7.947359,6857.821848,2316.250000,warm_container_available
337047,req-172,dag_0003,dag_0003_fn_003,cold_start,host-16,ctr-619,1451,12,415,,RUNNING,1980,2177,17.852607,12878.678704,2475.000000,no_warm_container
338925,req-172,dag_0003,dag_0003_fn_004,warm_reuse,host-19,ctr-615,0,16,317,IDLE,RUNNING,2201,1876,30.224330,15796.689939,2751.250000,warm_container_available
339258,req-172,dag_0003,dag_0003_fn_029,warm_reuse,host-9,ctr-616,0,11,251,IDLE,RUNNING,1746,1249,14.467495,11400.198803,2182.500000,warm_container_available
339520,req-172,dag_0003,dag_0003_fn_030,warm_reuse,host-24,ctr-617,0,10,213,IDLE,RUNNING,1436,813,26.111300,21935.170685,1795.000000,warm_container_available
339791,req-176,dag_0005,dag_0005_fn_007,warm_reuse,host-2,ctr-451,0,0,367,IDLE,RUNNING,2124,2384,0.000000,,2655.000000,warm_container_available
338623,req-174,dag_0019,dag_0019_fn_006,cold_start,host-10,ctr-620,1278,0,166,,RUNNING,1433,1335,0.000000,,1791.250000,no_warm_container
339096,req-175,dag_0002,dag_0002_fn_012,cold_start,host-22,ctr-621,1372,0,300,,RUNNING,1989,1467,0.000000,,2486.250000,no_warm_container
340158,req-176,dag_0005,dag_0005_fn_016,cold_start,host-5,ctr-622,618,9,226,,RUNNING,860,531,9.046479,9024.108827,1075.000000,no_warm_container
341011,req-176,dag_0005,dag_0005_fn_003,warm_reuse,host-14,ctr-581,0,21,199,IDLE,RUNNING,1609,1529,16.253019,6454.981141,2011.250000,warm_container_available
341231,req-176,dag_0005,dag_0005_fn_012,warm_reuse,host-7,ctr-582,0,31,316,IDLE,RUNNING,2372,2377,20.466084,5381.566342,2965.000000,warm_container_available
340768,req-175,dag_0002,dag_0002_fn_013,cold_start,host-5,ctr-623,1274,4,168,,RUNNING,906,1086,7.980514,17639.845128,1132.500000,no_warm_container
341578,req-176,dag_0005,dag_0005_fn_013,cold_start,host-5,ctr-624,838,13,391,,RUNNING,2050,2686,32.436835,20377.607788,2562.500000,no_warm_container
341927,req-177,dag_0010,dag_0010_fn_002,cold_start,host-8,ctr-625,713,0,211,,RUNNING,1360,897,0.000000,,1700.000000,no_warm_container
342214,req-175,dag_0002,dag_0002_fn_014,cold_start,host-14,ctr-630,1089,9,289,,RUNNING,2107,1863,7.101441,6454.981141,2633.750000,no_warm_container
343601,req-175,dag_0002,dag_0002_fn_009,warm_reuse,host-14,ctr-626,0,0,262,IDLE,RUNNING,1091,1460,27.518717,,1363.750000,warm_container_available
343863,req-175,dag_0002,dag_0002_fn_010,warm_reuse,host-19,ctr-627,0,8,305,IDLE,RUNNING,1128,1630,19.973001,21913.148898,1410.000000,warm_container_available
344176,req-175,dag_0002,dag_0002_fn_029,warm_reuse,host-11,ctr-608,0,7,348,IDLE,RUNNING,1694,2261,18.545680,24455.803384,2117.500000,warm_container_available
342851,req-177,dag_0010,dag_0010_fn_008,cold_start,host-23,ctr-631,1446,16,165,,RUNNING,1022,581,6.653566,3335.855912,1277.500000,no_warm_container
344478,req-177,dag_0010,dag_0010_fn_013,warm_reuse,host-18,ctr-597,0,8,377,IDLE,RUNNING,1908,2224,12.081508,12868.228232,2385.000000,warm_container_available
344531,req-175,dag_0002,dag_0002_fn_030,warm_reuse,host-23,ctr-504,0,8,424,IDLE,RUNNING,2022,2269,22.307476,23078.342578,2527.500000,warm_container_available
344863,req-177,dag_0010,dag_0010_fn_014,warm_reuse,host-13,ctr-599,0,25,404,IDLE,RUNNING,2129,2221,31.036224,10226.412097,2661.250000,warm_container_available
347719,req-178,dag_0009,dag_0009_fn_001,warm_reuse,host-9,ctr-598,0,0,146,IDLE,RUNNING,852,1073,0.000000,,1065.000000,warm_container_available
347865,req-178,dag_0009,dag_0009_fn_002,warm_reuse,host-17,ctr-602,0,8,175,IDLE,RUNNING,889,522,10.651236,11736.996858,1111.250000,warm_container_available
348048,req-178,dag_0009,dag_0009_fn_014,warm_reuse,host-4,ctr-601,0,24,239,IDLE,RUNNING,1630,1533,24.384062,8150.027095,2037.500000,warm_container_available
350817,req-179,dag_0015,dag_0015_fn_007,cold_start,host-15,ctr-632,1368,0,211,,RUNNING,1401,746,0.000000,,1751.250000,no_warm_container
352396,req-179,dag_0015,dag_0015_fn_004,warm_reuse,host-15,ctr-633,0,0,366,IDLE,RUNNING,2471,2298,33.840261,,3088.750000,warm_container_available
352762,req-179,dag_0015,dag_0015_fn_005,warm_reuse,host-4,ctr-634,0,12,240,IDLE,RUNNING,1682,1753,28.268505,19442.661953,2102.500000,warm_container_available
353014,req-179,dag_0015,dag_0015_fn_006,warm_reuse,host-6,ctr-569,0,13,361,IDLE,RUNNING,1626,1583,33.415142,21610.500723,2032.500000,warm_container_available
353388,req-179,dag_0015,dag_0015_fn_008,warm_reuse,host-1,ctr-570,0,9,179,IDLE,RUNNING,1227,904,25.449310,24397.449453,1533.750000,warm_container_available
352422,req-181,dag_0018,dag_0018_fn_001,cold_start,host-3,ctr-636,998,0,192,,RUNNING,1280,600,0.000000,,1600.000000,no_warm_container
351964,req-180,dag_0012,dag_0012_fn_009,cold_start,host-3,ctr-635,1591,0,170,,RUNNING,1427,1225,0.000000,,1783.750000,no_warm_container
353725,req-180,dag_0012,dag_0012_fn_012,warm_reuse,host-24,ctr-586,0,7,388,IDLE,RUNNING,2309,2949,13.341765,16671.486553,2886.250000,warm_container_available
354120,req-180,dag_0012,dag_0012_fn_013,warm_reuse,host-17,ctr-587,0,19,134,IDLE,RUNNING,946,1015,27.879769,12342.890523,1182.500000,warm_container_available
353612,req-181,dag_0018,dag_0018_fn_002,cold_start,host-6,ctr-637,906,44,390,,RUNNING,1859,2606,17.386138,3178.333045,2323.750000,no_warm_container
353758,req-182,dag_0003,dag_0003_fn_024,cold_start,host-17,ctr-638,1226,0,315,,RUNNING,1367,1242,0.000000,,1708.750000,no_warm_container
354952,req-181,dag_0018,dag_0018_fn_006,cold_start,host-21,ctr-641,1409,17,321,,RUNNING,2300,2487,33.364492,16546.124355,2875.000000,no_warm_container
355299,req-182,dag_0003,dag_0003_fn_028,cold_start,host-8,ctr-642,1440,16,264,,RUNNING,1867,1188,27.260867,14505.328543,2333.750000,no_warm_container
357019,req-182,dag_0003,dag_0003_fn_029,warm_reuse,host-9,ctr-616,0,38,251,IDLE,RUNNING,1746,1249,16.513362,3500.719714,2182.500000,warm_container_available
357308,req-182,dag_0003,dag_0003_fn_030,warm_reuse,host-24,ctr-617,0,10,213,IDLE,RUNNING,1436,813,26.111300,21935.170685,1795.000000,warm_container_available
360917,req-183,dag_0003,dag_0003_fn_022,cold_start,host-16,ctr-643,928,0,255,,RUNNING,1386,1636,0.000000,,1732.500000,no_warm_container
362100,req-183,dag_0003,dag_0003_fn_028,warm_reuse,host-8,ctr-642,0,7,264,IDLE,RUNNING,1867,1188,5.068042,5847.379380,2333.750000,warm_container_available
361564,req-184,dag_0009,dag_0009_fn_012,cold_start,host-2,ctr-644,567,0,176,,RUNNING,1223,1424,0.000000,,1528.750000,no_warm_container
362371,req-183,dag_0003,dag_0003_fn_029,warm_reuse,host-9,ctr-616,0,38,251,IDLE,RUNNING,1746,1249,16.513362,3500.719714,2182.500000,warm_container_available
361927,req-185,dag_0010,dag_0010_fn_010,cold_start,host-20,ctr-645,489,0,185,,RUNNING,1414,1571,0.000000,,1767.500000,no_warm_container
362660,req-183,dag_0003,dag_0003_fn_030,warm_reuse,host-24,ctr-617,0,10,213,IDLE,RUNNING,1436,813,26.111300,21935.170685,1795.000000,warm_container_available
362601,req-185,dag_0010,dag_0010_fn_011,cold_start,host-12,ctr-647,498,13,143,,RUNNING,1067,1016,21.921490,13980.477547,1333.750000,no_warm_container
362307,req-184,dag_0009,dag_0009_fn_004,cold_start,host-10,ctr-646,1013,15,424,,RUNNING,2285,2568,31.378274,17532.618670,2856.250000,no_warm_container
363759,req-184,dag_0009,dag_0009_fn_014,warm_reuse,host-4,ctr-601,0,8,239,IDLE,RUNNING,1630,1533,11.504602,13094.177995,2037.500000,warm_container_available
363255,req-185,dag_0010,dag_0010_fn_012,cold_start,host-7,ctr-649,1113,3,338,,RUNNING,2361,2606,7.039783,23818.231433,2951.250000,no_warm_container
364557,req-189,dag_0012,dag_0012_fn_009,warm_reuse,host-3,ctr-635,0,0,170,IDLE,RUNNING,1427,1225,0.000000,,1783.750000,warm_container_available
363741,req-186,dag_0011,dag_0011_fn_004,cold_start,host-12,ctr-650,935,0,331,,RUNNING,2275,2314,0.000000,,2843.750000,no_warm_container
364709,req-185,dag_0010,dag_0010_fn_013,warm_reuse,host-18,ctr-597,0,12,377,IDLE,RUNNING,1908,2224,18.487276,12682.672788,2385.000000,warm_container_available
364727,req-189,dag_0012,dag_0012_fn_012,warm_reuse,host-24,ctr-586,0,7,388,IDLE,RUNNING,2309,2949,13.341765,16671.486553,2886.250000,warm_container_available
364220,req-187,dag_0008,dag_0008_fn_013,cold_start,host-14,ctr-651,766,0,120,,RUNNING,1288,1283,0.000000,,1610.000000,no_warm_container
365098,req-185,dag_0010,dag_0010_fn_014,warm_reuse,host-13,ctr-599,0,25,404,IDLE,RUNNING,2129,2221,31.036224,10226.412097,2661.250000,warm_container_available
365122,req-189,dag_0012,dag_0012_fn_013,warm_reuse,host-17,ctr-587,0,19,134,IDLE,RUNNING,946,1015,27.879769,12342.890523,1182.500000,warm_container_available
364369,req-188,dag_0005,dag_0005_fn_007,cold_start,host-19,ctr-652,1275,0,367,,RUNNING,2124,2384,0.000000,,2655.000000,no_warm_container
365007,req-186,dag_0011,dag_0011_fn_011,cold_start,host-23,ctr-653,1298,12,285,,RUNNING,973,1558,31.073613,21738.362247,1216.250000,no_warm_container
365106,req-187,dag_0008,dag_0008_fn_014,cold_start,host-11,ctr-654,1335,26,260,,RUNNING,1079,1328,31.707319,10005.484642,1348.750000,no_warm_container
366011,req-188,dag_0005,dag_0005_fn_016,cold_start,host-19,ctr-665,618,0,226,,RUNNING,860,531,9.046479,,1075.000000,no_warm_container
366727,req-187,dag_0008,dag_0008_fn_015,warm_reuse,host-1,ctr-659,0,35,341,IDLE,RUNNING,1256,1336,20.578497,4795.535213,1570.000000,warm_container_available
366602,req-186,dag_0011,dag_0011_fn_012,cold_start,host-13,ctr-666,611,10,168,,RUNNING,831,1049,23.067503,20453.185703,1038.750000,no_warm_container
367391,req-186,dag_0011,dag_0011_fn_013,warm_reuse,host-8,ctr-663,0,27,228,IDLE,RUNNING,1019,563,27.069235,8154.051959,1273.750000,warm_container_available
367646,req-186,dag_0011,dag_0011_fn_014,warm_reuse,host-2,ctr-664,0,10,256,IDLE,RUNNING,1646,1241,26.999585,23008.816567,2057.500000,warm_container_available
367173,req-190,dag_0020,dag_0020_fn_002,cold_start,host-21,ctr-669,626,0,239,,RUNNING,1616,1567,0.000000,,2020.000000,no_warm_container
367103,req-187,dag_0008,dag_0008_fn_016,cold_start,host-10,ctr-668,1129,8,338,,RUNNING,2312,1977,20.757466,22752.907726,2890.000000,no_warm_container
366855,req-188,dag_0005,dag_0005_fn_003,cold_start,host-20,ctr-667,1599,7,199,,RUNNING,1609,1529,16.253019,21336.547121,2011.250000,no_warm_container
368578,req-187,dag_0008,dag_0008_fn_017,warm_reuse,host-16,ctr-661,0,16,200,IDLE,RUNNING,1490,686,33.572218,17522.409326,1862.500000,warm_container_available
368038,req-190,dag_0020,dag_0020_fn_003,cold_start,host-9,ctr-670,1328,6,322,,RUNNING,2265,2314,15.043409,22254.410607,2831.250000,no_warm_container
368660,req-188,dag_0005,dag_0005_fn_017,cold_start,host-7,ctr-671,825,24,338,,RUNNING,2531,2482,20.466084,6984.466098,3163.750000,no_warm_container
369694,req-190,dag_0020,dag_0020_fn_004,warm_reuse,host-5,ctr-673,0,7,185,IDLE,RUNNING,1400,1104,17.965145,20792.304254,1750.000000,warm_container_available
369847,req-188,dag_0005,dag_0005_fn_018,cold_start,host-1,ctr-674,969,25,341,,RUNNING,2047,2352,32.094234,10649.032862,2558.750000,no_warm_container
369868,req-191,dag_0002,dag_0002_fn_023,cold_start,host-23,ctr-675,1295,0,266,,RUNNING,1410,1051,0.000000,,1762.500000,no_warm_container
371429,req-191,dag_0002,dag_0002_fn_025,cold_start,host-3,ctr-676,943,21,318,,RUNNING,1886,2321,24.772986,9557.136145,2357.500000,no_warm_container
372711,req-191,dag_0002,dag_0002_fn_027,warm_reuse,host-16,ctr-677,0,10,147,IDLE,RUNNING,1224,833,25.113934,21313.964813,1530.000000,warm_container_available
372868,req-191,dag_0002,dag_0002_fn_028,warm_reuse,host-8,ctr-678,0,33,286,IDLE,RUNNING,1535,1525,23.750071,5847.379380,1918.750000,warm_container_available
373187,req-191,dag_0002,dag_0002_fn_029,warm_reuse,host-13,ctr-679,0,13,348,IDLE,RUNNING,1694,2261,34.642392,21330.552714,2117.500000,warm_container_available
373548,req-191,dag_0002,dag_0002_fn_030,warm_reuse,host-19,ctr-680,0,16,424,IDLE,RUNNING,2022,2269,22.307476,11819.616268,2527.500000,warm_container_available
376957,req-192,dag_0011,dag_0011_fn_004,warm_reuse,host-12,ctr-650,0,0,331,IDLE,RUNNING,2275,2314,0.000000,,2843.750000,warm_container_available
377010,req-193,dag_0009,dag_0009_fn_012,warm_reuse,host-2,ctr-644,0,0,176,IDLE,RUNNING,1223,1424,0.000000,,1528.750000,warm_container_available
377186,req-193,dag_0009,dag_0009_fn_004,warm_reuse,host-10,ctr-646,0,15,424,IDLE,RUNNING,2285,2568,31.378274,17532.618670,2856.250000,warm_container_available
377288,req-192,dag_0011,dag_0011_fn_011,warm_reuse,host-23,ctr-653,0,12,285,IDLE,RUNNING,973,1558,31.073613,21738.362247,1216.250000,warm_container_available
377585,req-192,dag_0011,dag_0011_fn_012,warm_reuse,host-20,ctr-662,0,9,168,IDLE,RUNNING,831,1049,23.067503,20810.770957,1038.750000,warm_container_available
377625,req-193,dag_0009,dag_0009_fn_014,warm_reuse,host-4,ctr-601,0,8,239,IDLE,RUNNING,1630,1533,11.504602,13094.177995,2037.500000,warm_container_available
377762,req-192,dag_0011,dag_0011_fn_013,warm_reuse,host-8,ctr-663,0,13,228,IDLE,RUNNING,1019,563,27.069235,16679.298471,1273.750000,warm_container_available
378003,req-192,dag_0011,dag_0011_fn_014,warm_reuse,host-2,ctr-664,0,10,256,IDLE,RUNNING,1646,1241,26.999585,23008.816567,2057.500000,warm_container_available
378390,req-196,dag_0005,dag_0005_fn_007,warm_reuse,host-19,ctr-652,0,0,367,IDLE,RUNNING,2124,2384,0.000000,,2655.000000,warm_container_available
377529,req-194,dag_0007,dag_0007_fn_002,cold_start,host-15,ctr-681,1073,0,254,,RUNNING,1085,870,0.000000,,1356.250000,no_warm_container
378856,req-194,dag_0007,dag_0007_fn_012,warm_reuse,host-15,ctr-683,0,0,347,IDLE,RUNNING,1935,2414,19.019384,,2418.750000,warm_container_available
377590,req-195,dag_0003,dag_0003_fn_017,cold_start,host-6,ctr-682,1445,0,372,,RUNNING,1967,2501,0.000000,,2458.750000,no_warm_container
379203,req-194,dag_0007,dag_0007_fn_013,warm_reuse,host-21,ctr-684,0,16,237,IDLE,RUNNING,1206,827,28.741075,14541.871000,1507.500000,warm_container_available
379407,req-195,dag_0003,dag_0003_fn_028,warm_reuse,host-8,ctr-642,0,14,264,IDLE,RUNNING,1867,1188,15.754164,9170.398342,2333.750000,warm_container_available
379456,req-194,dag_0007,dag_0007_fn_017,warm_reuse,host-4,ctr-685,0,67,182,IDLE,RUNNING,1217,641,27.862452,3370.365830,1521.250000,warm_container_available
378757,req-196,dag_0005,dag_0005_fn_005,cold_start,host-22,ctr-688,841,3,169,,RUNNING,1424,1148,9.046479,24428.527232,1780.000000,no_warm_container
379705,req-194,dag_0007,dag_0007_fn_018,warm_reuse,host-18,ctr-686,0,9,381,IDLE,RUNNING,1850,1873,26.303743,24309.449782,2312.500000,warm_container_available
379685,req-195,dag_0003,dag_0003_fn_029,warm_reuse,host-9,ctr-616,0,38,251,IDLE,RUNNING,1746,1249,16.513362,3500.719714,2182.500000,warm_container_available
379974,req-195,dag_0003,dag_0003_fn_030,warm_reuse,host-24,ctr-617,0,10,213,IDLE,RUNNING,1436,813,26.111300,21935.170685,1795.000000,warm_container_available
380095,req-194,dag_0007,dag_0007_fn_019,warm_reuse,host-6,ctr-687,0,9,383,IDLE,RUNNING,2457,2786,24.763478,23500.723762,3071.250000,warm_container_available
379815,req-198,dag_0001,dag_0001_fn_001,cold_start,host-17,ctr-691,786,0,234,,RUNNING,1428,1048,0.000000,,1785.000000,no_warm_container
379368,req-197,dag_0015,dag_0015_fn_007,cold_start,host-21,ctr-689,1368,0,211,,RUNNING,1401,746,0.000000,,1751.250000,no_warm_container
379770,req-196,dag_0005,dag_0005_fn_006,cold_start,host-4,ctr-690,1235,10,245,,RUNNING,1548,1043,12.782703,11243.876800,1935.000000,no_warm_container
380947,req-197,dag_0015,dag_0015_fn_004,cold_start,host-1,ctr-693,821,13,366,,RUNNING,2471,2298,33.840261,22457.202118,3088.750000,no_warm_container
381927,req-199,dag_0010,dag_0010_fn_010,warm_reuse,host-20,ctr-645,0,0,185,IDLE,RUNNING,1414,1571,0.000000,,1767.500000,warm_container_available
381260,req-196,dag_0005,dag_0005_fn_010,cold_start,host-18,ctr-701,778,7,192,,RUNNING,1446,1444,20.508260,24309.449782,1807.500000,no_warm_container
380835,req-198,dag_0001,dag_0001_fn_025,cold_start,host-15,ctr-692,1218,16,293,,RUNNING,1745,1928,18.482314,9567.989488,2181.250000,no_warm_container
382112,req-199,dag_0010,dag_0010_fn_011,warm_reuse,host-12,ctr-647,0,13,143,IDLE,RUNNING,1067,1016,21.921490,13980.477547,1333.750000,warm_container_available
382147,req-197,dag_0015,dag_0015_fn_005,warm_reuse,host-14,ctr-698,0,33,240,IDLE,RUNNING,1682,1753,28.268505,6868.475392,2102.500000,warm_container_available
382237,req-196,dag_0005,dag_0005_fn_013,warm_reuse,host-22,ctr-657,0,13,391,IDLE,RUNNING,2050,2686,16.572930,10514.964015,2562.500000,warm_container_available
382268,req-199,dag_0010,dag_0010_fn_012,warm_reuse,host-5,ctr-648,0,7,338,IDLE,RUNNING,2361,2606,7.039783,8098.820478,2951.250000,warm_container_available
382420,req-197,dag_0015,dag_0015_fn_006,warm_reuse,host-2,ctr-699,0,75,361,IDLE,RUNNING,1626,1583,33.415142,3588.316484,2032.500000,warm_container_available
382613,req-199,dag_0010,dag_0010_fn_013,warm_reuse,host-18,ctr-597,0,13,377,IDLE,RUNNING,1908,2224,18.487276,11759.303755,2385.000000,warm_container_available
382856,req-197,dag_0015,dag_0015_fn_008,warm_reuse,host-24,ctr-700,0,17,179,IDLE,RUNNING,1227,904,25.449310,11988.408516,1533.750000,warm_container_available
383003,req-199,dag_0010,dag_0010_fn_014,warm_reuse,host-13,ctr-599,0,25,404,IDLE,RUNNING,2129,2221,31.036224,10226.412097,2661.250000,warm_container_available
382362,req-198,dag_0001,dag_0001_fn_016,cold_start,host-5,ctr-702,997,10,127,,RUNNING,1043,1121,21.822820,18745.948150,1303.750000,no_warm_container
384522,req-200,dag_0002,dag_0002_fn_023,warm_reuse,host-23,ctr-675,0,0,266,IDLE,RUNNING,1410,1051,0.000000,,1762.500000,warm_container_available
383496,req-198,dag_0001,dag_0001_fn_018,cold_start,host-16,ctr-703,1174,30,270,,RUNNING,1186,900,5.753738,1546.838593,1482.500000,no_warm_container
384788,req-200,dag_0002,dag_0002_fn_025,warm_reuse,host-3,ctr-676,0,21,318,IDLE,RUNNING,1886,2321,24.772986,9557.136145,2357.500000,warm_container_available
385127,req-200,dag_0002,dag_0002_fn_027,warm_reuse,host-16,ctr-677,0,10,147,IDLE,RUNNING,1224,833,25.113934,21313.964813,1530.000000,warm_container_available
385284,req-200,dag_0002,dag_0002_fn_028,warm_reuse,host-8,ctr-678,0,33,286,IDLE,RUNNING,1535,1525,23.750071,5847.379380,1918.750000,warm_container_available
385603,req-200,dag_0002,dag_0002_fn_029,warm_reuse,host-13,ctr-679,0,13,348,IDLE,RUNNING,1694,2261,34.642392,21330.552714,2117.500000,warm_container_available
385964,req-200,dag_0002,dag_0002_fn_030,warm_reuse,host-19,ctr-680,0,16,424,IDLE,RUNNING,2022,2269,22.307476,11819.616268,2527.500000,warm_container_available
384970,req-198,dag_0001,dag_0001_fn_019,cold_start,host-23,ctr-706,1367,42,295,,RUNNING,2044,2311,13.748443,2660.683061,2555.000000,no_warm_container
386674,req-198,dag_0001,dag_0001_fn_020,warm_reuse,host-16,ctr-705,0,6,369,IDLE,RUNNING,2295,2654,12.249442,17843.864143,2868.750000,warm_container_available
387049,req-198,dag_0001,dag_0001_fn_032,warm_reuse,host-11,ctr-696,0,4,289,IDLE,RUNNING,1082,1300,6.618977,15743.121001,1352.500000,warm_container_available
387809,req-201,dag_0014,dag_0014_fn_001,cold_start,host-7,ctr-707,1384,0,336,,RUNNING,2431,2920,0.000000,,3038.750000,no_warm_container
389529,req-201,dag_0014,dag_0014_fn_002,cold_start,host-11,ctr-708,1589,6,329,,RUNNING,2010,2414,7.969419,10649.372827,2512.500000,no_warm_container
391453,req-201,dag_0014,dag_0014_fn_003,warm_reuse,host-17,ctr-709,0,6,329,IDLE,RUNNING,1537,1482,8.548646,12823.345962,1921.250000,warm_container_available
391653,req-203,dag_0011,dag_0011_fn_004,warm_reuse,host-12,ctr-650,0,0,331,IDLE,RUNNING,2275,2314,0.000000,,2843.750000,warm_container_available
391788,req-201,dag_0014,dag_0014_fn_008,warm_reuse,host-14,ctr-710,0,5,352,IDLE,RUNNING,1423,1918,8.353655,15979.549167,1778.750000,warm_container_available
390297,req-202,dag_0012,dag_0012_fn_009,cold_start,host-10,ctr-712,1591,0,170,,RUNNING,1427,1225,0.000000,,1783.750000,no_warm_container
391984,req-203,dag_0011,dag_0011_fn_011,warm_reuse,host-23,ctr-653,0,12,285,IDLE,RUNNING,973,1558,31.073613,21738.362247,1216.250000,warm_container_available
392145,req-201,dag_0014,dag_0014_fn_009,warm_reuse,host-9,ctr-711,0,4,335,IDLE,RUNNING,1851,2312,9.152835,21205.369729,2313.750000,warm_container_available
392281,req-203,dag_0011,dag_0011_fn_012,warm_reuse,host-20,ctr-662,0,9,168,IDLE,RUNNING,831,1049,23.067503,20810.770957,1038.750000,warm_container_available
392458,req-203,dag_0011,dag_0011_fn_013,warm_reuse,host-8,ctr-663,0,13,228,IDLE,RUNNING,1019,563,27.069235,16679.298471,1273.750000,warm_container_available
392659,req-204,dag_0009,dag_0009_fn_012,warm_reuse,host-2,ctr-644,0,0,176,IDLE,RUNNING,1223,1424,0.000000,,1528.750000,warm_container_available
392699,req-203,dag_0011,dag_0011_fn_014,warm_reuse,host-2,ctr-664,0,10,256,IDLE,RUNNING,1646,1241,26.999585,23008.816567,2057.500000,warm_container_available
392835,req-204,dag_0009,dag_0009_fn_004,warm_reuse,host-10,ctr-646,0,15,424,IDLE,RUNNING,2285,2568,31.378274,17532.618670,2856.250000,warm_container_available
392058,req-202,dag_0012,dag_0012_fn_012,cold_start,host-7,ctr-713,851,10,388,,RUNNING,2309,2949,13.341765,11545.716624,2886.250000,no_warm_container
393274,req-204,dag_0009,dag_0009_fn_014,warm_reuse,host-4,ctr-601,0,8,239,IDLE,RUNNING,1630,1533,11.504602,13094.177995,2037.500000,warm_container_available
393307,req-202,dag_0012,dag_0012_fn_013,cold_start,host-21,ctr-715,1300,32,134,,RUNNING,946,1015,27.879769,7163.316737,1182.500000,no_warm_container
396600,req-205,dag_0005,dag_0005_fn_007,warm_reuse,host-19,ctr-652,0,0,367,IDLE,RUNNING,2124,2384,0.000000,,2655.000000,warm_container_available
396967,req-205,dag_0005,dag_0005_fn_005,warm_reuse,host-22,ctr-688,0,3,169,IDLE,RUNNING,1424,1148,9.046479,24428.527232,1780.000000,warm_container_available
397139,req-205,dag_0005,dag_0005_fn_006,warm_reuse,host-4,ctr-690,0,10,245,IDLE,RUNNING,1548,1043,12.782703,11243.876800,1935.000000,warm_container_available
397394,req-205,dag_0005,dag_0005_fn_010,warm_reuse,host-22,ctr-697,0,22,192,IDLE,RUNNING,1446,1444,20.508260,7768.895403,1807.500000,warm_container_available
397608,req-205,dag_0005,dag_0005_fn_013,warm_reuse,host-22,ctr-657,0,0,391,IDLE,RUNNING,2050,2686,16.572930,,2562.500000,warm_container_available
399159,req-208,dag_0011,dag_0011_fn_004,warm_reuse,host-12,ctr-650,0,0,331,IDLE,RUNNING,2275,2314,0.000000,,2843.750000,warm_container_available
398497,req-206,dag_0015,dag_0015_fn_002,cold_start,host-24,ctr-716,960,0,342,,RUNNING,1366,1581,0.000000,,1707.500000,no_warm_container
399490,req-208,dag_0011,dag_0011_fn_011,warm_reuse,host-23,ctr-653,0,12,285,IDLE,RUNNING,973,1558,31.073613,21738.362247,1216.250000,warm_container_available
399787,req-208,dag_0011,dag_0011_fn_012,warm_reuse,host-20,ctr-662,0,9,168,IDLE,RUNNING,831,1049,23.067503,20810.770957,1038.750000,warm_container_available
399964,req-208,dag_0011,dag_0011_fn_013,warm_reuse,host-8,ctr-663,0,13,228,IDLE,RUNNING,1019,563,27.069235,16679.298471,1273.750000,warm_container_available
400205,req-208,dag_0011,dag_0011_fn_014,warm_reuse,host-2,ctr-664,0,10,256,IDLE,RUNNING,1646,1241,26.999585,23008.816567,2057.500000,warm_container_available
398661,req-207,dag_0013,dag_0013_fn_008,cold_start,host-3,ctr-717,1571,0,299,,RUNNING,1408,1882,0.000000,,1760.000000,no_warm_container
399799,req-206,dag_0015,dag_0015_fn_003,cold_start,host-5,ctr-721,1480,13,337,,RUNNING,1700,1505,22.869483,14386.255584,2125.000000,no_warm_container
400531,req-207,dag_0013,dag_0013_fn_007,cold_start,host-15,ctr-722,1110,4,338,,RUNNING,1380,1249,8.345903,19807.880776,1725.000000,no_warm_container
401629,req-206,dag_0015,dag_0015_fn_005,warm_reuse,host-14,ctr-698,0,35,240,IDLE,RUNNING,1682,1753,27.826786,6454.981141,2102.500000,warm_container_available
401904,req-206,dag_0015,dag_0015_fn_006,warm_reuse,host-2,ctr-699,0,75,361,IDLE,RUNNING,1626,1583,33.415142,3588.316484,2032.500000,warm_container_available
401983,req-207,dag_0013,dag_0013_fn_010,warm_reuse,host-11,ctr-719,0,10,273,IDLE,RUNNING,1853,1407,16.989637,13953.367164,2316.250000,warm_container_available
402340,req-206,dag_0015,dag_0015_fn_008,warm_reuse,host-24,ctr-700,0,17,179,IDLE,RUNNING,1227,904,25.449310,11988.408516,1533.750000,warm_container_available
401927,req-209,dag_0010,dag_0010_fn_004,cold_start,host-6,ctr-723,1270,0,166,,RUNNING,1387,874,0.000000,,1733.750000,no_warm_container
403626,req-210,dag_0018,dag_0018_fn_001,cold_start,host-1,ctr-725,998,0,192,,RUNNING,1280,600,0.000000,,1600.000000,no_warm_container
403363,req-209,dag_0010,dag_0010_fn_005,cold_start,host-21,ctr-724,1285,6,262,,RUNNING,1553,1727,11.385418,16546.124355,1941.250000,no_warm_container
404816,req-210,dag_0018,dag_0018_fn_002,cold_start,host-18,ctr-726,906,8,390,,RUNNING,1859,2606,17.386138,19286.931650,2323.750000,no_warm_container
404916,req-209,dag_0010,dag_0010_fn_006,cold_start,host-15,ctr-727,878,11,371,,RUNNING,1969,2257,32.040049,24242.641422,2461.250000,no_warm_container
406176,req-209,dag_0010,dag_0010_fn_007,warm_reuse,host-6,ctr-728,0,15,365,IDLE,RUNNING,1551,2231,33.484786,18990.707000,1938.750000,warm_container_available
406120,req-210,dag_0018,dag_0018_fn_005,cold_start,host-20,ctr-730,589,26,157,,RUNNING,1167,1365,33.364492,10527.234805,1458.750000,no_warm_container
406835,req-211,dag_0003,dag_0003_fn_010,cold_start,host-8,ctr-731,422,0,169,,RUNNING,1361,598,0.000000,,1701.250000,no_warm_container
407426,req-211,dag_0003,dag_0003_fn_011,cold_start,host-23,ctr-732,497,21,165,,RUNNING,1209,953,8.517297,3335.855912,1511.250000,no_warm_container
408109,req-211,dag_0003,dag_0003_fn_012,cold_start,host-18,ctr-738,795,17,358,,RUNNING,1695,2132,25.768738,12868.228232,2118.750000,no_warm_container
409279,req-211,dag_0003,dag_0003_fn_014,cold_start,host-20,ctr-739,1305,8,134,,RUNNING,954,641,9.239683,10527.234805,1192.500000,no_warm_container
410726,req-211,dag_0003,dag_0003_fn_028,warm_reuse,host-16,ctr-735,0,6,264,IDLE,RUNNING,1867,1188,12.598050,18264.063273,2333.750000,warm_container_available
410996,req-211,dag_0003,dag_0003_fn_029,warm_reuse,host-5,ctr-736,0,11,251,IDLE,RUNNING,1746,1249,16.513362,12497.888012,2182.500000,warm_container_available
411258,req-211,dag_0003,dag_0003_fn_030,warm_reuse,host-9,ctr-737,0,32,213,IDLE,RUNNING,1436,813,26.111300,6536.486695,1795.000000,warm_container_available
410382,req-212,dag_0002,dag_0002_fn_012,cold_start,host-19,ctr-740,1372,0,300,,RUNNING,1989,1467,0.000000,,2486.250000,no_warm_container
411825,req-213,dag_0013,dag_0013_fn_008,warm_reuse,host-3,ctr-717,0,0,299,IDLE,RUNNING,1408,1882,0.000000,,1760.000000,warm_container_available
412124,req-213,dag_0013,dag_0013_fn_009,cold_start,host-17,ctr-748,773,14,179,,RUNNING,976,1261,8.345903,5112.983107,1220.000000,no_warm_container
413090,req-213,dag_0013,dag_0013_fn_010,warm_reuse,host-11,ctr-719,0,13,273,IDLE,RUNNING,1853,1407,27.427542,16893.572087,2316.250000,warm_container_available
412054,req-212,dag_0002,dag_0002_fn_008,cold_start,host-11,ctr-747,1561,3,293,,RUNNING,1692,2022,7.980514,24455.803384,2115.000000,no_warm_container
413911,req-212,dag_0002,dag_0002_fn_014,warm_reuse,host-13,ctr-744,0,124,289,IDLE,RUNNING,2107,1863,22.696604,1468.381159,2633.750000,warm_container_available
414324,req-212,dag_0002,dag_0002_fn_009,warm_reuse,host-23,ctr-741,0,10,262,IDLE,RUNNING,1091,1460,27.518717,23606.502664,1363.750000,warm_container_available
414596,req-212,dag_0002,dag_0002_fn_010,warm_reuse,host-1,ctr-742,0,8,305,IDLE,RUNNING,1128,1630,19.973001,22104.273250,1410.000000,warm_container_available
414909,req-212,dag_0002,dag_0002_fn_029,warm_reuse,host-7,ctr-745,0,14,348,IDLE,RUNNING,1694,2261,18.545680,11250.400121,2117.500000,warm_container_available
415271,req-212,dag_0002,dag_0002_fn_030,warm_reuse,host-3,ctr-746,0,40,424,IDLE,RUNNING,2022,2269,22.307476,4477.928063,2527.500000,warm_container_available
414591,req-214,dag_0009,dag_0009_fn_001,cold_start,host-10,ctr-749,1223,0,146,,RUNNING,852,1073,0.000000,,1065.000000,no_warm_container
415960,req-214,dag_0009,dag_0009_fn_002,cold_start,host-10,ctr-750,1374,0,175,,RUNNING,889,522,10.651236,,1111.250000,no_warm_container
417509,req-214,dag_0009,dag_0009_fn_014,cold_start,host-4,ctr-752,1371,15,239,,RUNNING,1630,1533,24.384062,13094.177995,2037.500000,no_warm_container
418247,req-215,dag_0015,dag_0015_fn_007,cold_start,host-22,ctr-753,1368,0,211,,RUNNING,1401,746,0.000000,,1751.250000,no_warm_container
419026,req-216,dag_0004,dag_0004_fn_008,cold_start,host-22,ctr-754,648,0,204,,RUNNING,1322,1383,0.000000,,1652.500000,no_warm_container
419826,req-215,dag_0015,dag_0015_fn_004,cold_start,host-21,ctr-755,821,16,366,,RUNNING,2471,2298,33.840261,17960.675929,3088.750000,no_warm_container
421029,req-215,dag_0015,dag_0015_fn_005,warm_reuse,host-14,ctr-698,0,12,240,IDLE,RUNNING,1682,1753,28.268505,20066.512119,2102.500000,warm_container_available
421281,req-215,dag_0015,dag_0015_fn_006,warm_reuse,host-2,ctr-699,0,75,361,IDLE,RUNNING,1626,1583,33.415142,3588.316484,2032.500000,warm_container_available
419878,req-216,dag_0004,dag_0004_fn_010,cold_start,host-4,ctr-756,1589,12,302,,RUNNING,1758,1818,16.733574,11243.876800,2197.500000,no_warm_container
421717,req-215,dag_0015,dag_0015_fn_008,warm_reuse,host-24,ctr-700,0,17,179,IDLE,RUNNING,1227,904,25.449310,11988.408516,1533.750000,warm_container_available
421927,req-217,dag_0010,dag_0010_fn_002,cold_start,host-12,ctr-757,713,0,211,,RUNNING,1360,897,0.000000,,1700.000000,no_warm_container
422846,req-218,dag_0013,dag_0013_fn_008,warm_reuse,host-3,ctr-717,0,0,299,IDLE,RUNNING,1408,1882,0.000000,,1760.000000,warm_container_available
423145,req-218,dag_0013,dag_0013_fn_009,warm_reuse,host-17,ctr-748,0,14,179,IDLE,RUNNING,976,1261,8.345903,5112.983107,1220.000000,warm_container_available
423338,req-218,dag_0013,dag_0013_fn_010,warm_reuse,host-11,ctr-719,0,13,273,IDLE,RUNNING,1853,1407,27.427542,16893.572087,2316.250000,warm_container_available
422874,req-219,dag_0003,dag_0003_fn_009,cold_start,host-24,ctr-759,738,0,306,,RUNNING,1366,1252,0.000000,,1707.500000,no_warm_container
423918,req-219,dag_0003,dag_0003_fn_028,warm_reuse,host-16,ctr-735,0,14,264,IDLE,RUNNING,1867,1188,22.783934,13575.380684,2333.750000,warm_container_available
424196,req-219,dag_0003,dag_0003_fn_029,warm_reuse,host-5,ctr-736,0,11,251,IDLE,RUNNING,1746,1249,16.513362,12497.888012,2182.500000,warm_container_available
422851,req-217,dag_0010,dag_0010_fn_008,cold_start,host-17,ctr-758,1446,3,165,,RUNNING,1022,581,6.653566,17895.061457,1277.500000,no_warm_container
424465,req-217,dag_0010,dag_0010_fn_013,warm_reuse,host-8,ctr-760,0,7,377,IDLE,RUNNING,1908,2224,12.081508,14505.328543,2385.000000,warm_container_available
424458,req-219,dag_0003,dag_0003_fn_030,warm_reuse,host-9,ctr-737,0,32,213,IDLE,RUNNING,1436,813,26.111300,6536.486695,1795.000000,warm_container_available
424849,req-217,dag_0010,dag_0010_fn_014,warm_reuse,host-2,ctr-761,0,11,404,IDLE,RUNNING,2129,2221,31.036224,23008.816567,2661.250000,warm_container_available
426189,req-221,dag_0013,dag_0013_fn_008,warm_reuse,host-3,ctr-717,0,0,299,IDLE,RUNNING,1408,1882,0.000000,,1760.000000,warm_container_available
425934,req-220,dag_0012,dag_0012_fn_009,cold_start,host-1,ctr-762,1591,0,170,,RUNNING,1427,1225,0.000000,,1783.750000,no_warm_container
427695,req-220,dag_0012,dag_0012_fn_012,warm_reuse,host-6,ctr-763,0,9,388,IDLE,RUNNING,2309,2949,13.341765,12108.298389,2886.250000,warm_container_available
426600,req-222,dag_0005,dag_0005_fn_007,cold_start,host-10,ctr-766,1275,0,367,,RUNNING,2124,2384,0.000000,,2655.000000,no_warm_container
426488,req-221,dag_0013,dag_0013_fn_005,cold_start,host-7,ctr-765,1582,3,158,,RUNNING,1324,1114,8.345903,23479.202576,1655.000000,no_warm_container
428092,req-220,dag_0012,dag_0012_fn_013,warm_reuse,host-14,ctr-764,0,71,134,IDLE,RUNNING,946,1015,27.879769,3184.095406,1182.500000,warm_container_available
428231,req-221,dag_0013,dag_0013_fn_010,warm_reuse,host-11,ctr-719,0,15,273,IDLE,RUNNING,1853,1407,19.400349,10649.372827,2316.250000,warm_container_available
427517,req-223,dag_0011,dag_0011_fn_007,cold_start,host-15,ctr-767,734,0,212,,RUNNING,1385,1078,0.000000,,1731.250000,no_warm_container
428242,req-222,dag_0005,dag_0005_fn_002,cold_start,host-20,ctr-768,726,8,312,,RUNNING,1853,1398,9.046479,9508.806750,2316.250000,no_warm_container
428463,req-223,dag_0011,dag_0011_fn_008,cold_start,host-15,ctr-769,657,0,236,,RUNNING,1126,916,15.485135,,1407.500000,no_warm_container
429288,req-222,dag_0005,dag_0005_fn_001,cold_start,host-6,ctr-779,728,6,157,,RUNNING,1400,1230,12.992913,18474.138054,1750.000000,no_warm_container
430179,req-222,dag_0005,dag_0005_fn_004,warm_reuse,host-18,ctr-771,0,6,294,IDLE,RUNNING,1386,1169,10.668931,15539.827759,1732.500000,warm_container_available
430319,req-224,dag_0002,dag_0002_fn_012,warm_reuse,host-19,ctr-740,0,0,300,IDLE,RUNNING,1989,1467,0.000000,,2486.250000,warm_container_available
430479,req-222,dag_0005,dag_0005_fn_011,warm_reuse,host-5,ctr-772,0,16,384,IDLE,RUNNING,1990,1877,15.295242,7656.950472,2487.500000,warm_container_available
430619,req-224,dag_0002,dag_0002_fn_008,warm_reuse,host-11,ctr-747,0,3,293,IDLE,RUNNING,1692,2022,7.980514,24455.803384,2115.000000,warm_container_available
429356,req-223,dag_0011,dag_0011_fn_011,cold_start,host-21,ctr-780,1298,16,285,,RUNNING,973,1558,28.048344,14541.871000,1216.250000,no_warm_container
430915,req-224,dag_0002,dag_0002_fn_014,warm_reuse,host-13,ctr-744,0,124,289,IDLE,RUNNING,2107,1863,22.696604,1468.381159,2633.750000,warm_container_available
430955,req-223,dag_0011,dag_0011_fn_012,warm_reuse,host-17,ctr-776,0,99,168,IDLE,RUNNING,831,1049,23.067503,1882.126959,1038.750000,warm_container_available
431222,req-223,dag_0011,dag_0011_fn_013,warm_reuse,host-13,ctr-777,0,10,228,IDLE,RUNNING,1019,563,27.069235,22859.220499,1273.750000,warm_container_available
431328,req-224,dag_0002,dag_0002_fn_009,warm_reuse,host-23,ctr-741,0,10,262,IDLE,RUNNING,1091,1460,27.518717,23606.502664,1363.750000,warm_container_available
431460,req-223,dag_0011,dag_0011_fn_014,warm_reuse,host-12,ctr-778,0,26,256,IDLE,RUNNING,1646,1241,26.999585,8477.403845,2057.500000,warm_container_available
431600,req-224,dag_0002,dag_0002_fn_010,warm_reuse,host-1,ctr-742,0,8,305,IDLE,RUNNING,1128,1630,19.973001,22104.273250,1410.000000,warm_container_available
431913,req-224,dag_0002,dag_0002_fn_029,warm_reuse,host-7,ctr-745,0,14,348,IDLE,RUNNING,1694,2261,18.545680,11250.400121,2117.500000,warm_container_available
432275,req-224,dag_0002,dag_0002_fn_030,warm_reuse,host-3,ctr-746,0,40,424,IDLE,RUNNING,2022,2269,22.307476,4477.928063,2527.500000,warm_container_available
433445,req-225,dag_0011,dag_0011_fn_003,cold_start,host-18,ctr-781,742,0,321,,RUNNING,1204,1395,0.000000,,1505.000000,no_warm_container
434508,req-225,dag_0011,dag_0011_fn_011,warm_reuse,host-19,ctr-775,0,11,285,IDLE,RUNNING,973,1558,27.051166,19736.082845,1216.250000,warm_container_available
434804,req-225,dag_0011,dag_0011_fn_012,warm_reuse,host-17,ctr-776,0,71,168,IDLE,RUNNING,831,1049,23.067503,2602.682929,1038.750000,warm_container_available
434889,req-226,dag_0015,dag_0015_fn_007,warm_reuse,host-22,ctr-753,0,0,211,IDLE,RUNNING,1401,746,0.000000,,1751.250000,warm_container_available
435043,req-225,dag_0011,dag_0011_fn_013,warm_reuse,host-13,ctr-777,0,10,228,IDLE,RUNNING,1019,563,27.069235,22859.220499,1273.750000,warm_container_available
435100,req-226,dag_0015,dag_0015_fn_004,warm_reuse,host-21,ctr-755,0,16,366,IDLE,RUNNING,2471,2298,33.840261,17960.675929,3088.750000,warm_container_available
435281,req-225,dag_0011,dag_0011_fn_014,warm_reuse,host-12,ctr-778,0,26,256,IDLE,RUNNING,1646,1241,26.999585,8477.403845,2057.500000,warm_container_available
434926,req-227,dag_0009,dag_0009_fn_012,cold_start,host-20,ctr-782,567,0,176,,RUNNING,1223,1424,0.000000,,1528.750000,no_warm_container
435482,req-226,dag_0015,dag_0015_fn_005,warm_reuse,host-14,ctr-698,0,12,240,IDLE,RUNNING,1682,1753,28.268505,20066.512119,2102.500000,warm_container_available
435734,req-226,dag_0015,dag_0015_fn_006,warm_reuse,host-2,ctr-699,0,75,361,IDLE,RUNNING,1626,1583,33.415142,3588.316484,2032.500000,warm_container_available
436170,req-226,dag_0015,dag_0015_fn_008,warm_reuse,host-24,ctr-700,0,17,179,IDLE,RUNNING,1227,904,25.449310,11988.408516,1533.750000,warm_container_available
435669,req-227,dag_0009,dag_0009_fn_004,cold_start,host-15,ctr-784,1013,18,424,,RUNNING,2285,2568,31.378274,14480.736870,2856.250000,no_warm_container
437124,req-227,dag_0009,dag_0009_fn_014,warm_reuse,host-9,ctr-751,0,41,239,IDLE,RUNNING,1630,1533,11.504602,2264.895966,2037.500000,warm_container_available
437557,req-228,dag_0013,dag_0013_fn_008,warm_reuse,host-3,ctr-717,0,0,299,IDLE,RUNNING,1408,1882,0.000000,,1760.000000,warm_container_available
437856,req-228,dag_0013,dag_0013_fn_009,warm_reuse,host-17,ctr-748,0,14,179,IDLE,RUNNING,976,1261,8.345903,5112.983107,1220.000000,warm_container_available
438049,req-228,dag_0013,dag_0013_fn_010,warm_reuse,host-11,ctr-719,0,13,273,IDLE,RUNNING,1853,1407,27.427542,16893.572087,2316.250000,warm_container_available
439825,req-229,dag_0002,dag_0002_fn_012,warm_reuse,host-19,ctr-740,0,0,300,IDLE,RUNNING,1989,1467,0.000000,,2486.250000,warm_container_available
440125,req-229,dag_0002,dag_0002_fn_008,warm_reuse,host-11,ctr-747,0,3,293,IDLE,RUNNING,1692,2022,7.980514,24455.803384,2115.000000,warm_container_available
440421,req-229,dag_0002,dag_0002_fn_014,warm_reuse,host-13,ctr-744,0,124,289,IDLE,RUNNING,2107,1863,22.696604,1468.381159,2633.750000,warm_container_available
440834,req-229,dag_0002,dag_0002_fn_009,warm_reuse,host-23,ctr-741,0,10,262,IDLE,RUNNING,1091,1460,27.518717,23606.502664,1363.750000,warm_container_available
441106,req-229,dag_0002,dag_0002_fn_010,warm_reuse,host-1,ctr-742,0,8,305,IDLE,RUNNING,1128,1630,19.973001,22104.273250,1410.000000,warm_container_available
441419,req-229,dag_0002,dag_0002_fn_029,warm_reuse,host-7,ctr-745,0,14,348,IDLE,RUNNING,1694,2261,18.545680,11250.400121,2117.500000,warm_container_available
441781,req-229,dag_0002,dag_0002_fn_030,warm_reuse,host-3,ctr-746,0,40,424,IDLE,RUNNING,2022,2269,22.307476,4477.928063,2527.500000,warm_container_available
440939,req-230,dag_0019,dag_0019_fn_001,cold_start,host-22,ctr-785,894,0,200,,RUNNING,1206,1506,0.000000,,1507.500000,no_warm_container
442602,req-232,dag_0005,dag_0005_fn_007,warm_reuse,host-10,ctr-766,0,0,367,IDLE,RUNNING,2124,2384,0.000000,,2655.000000,warm_container_available
442033,req-230,dag_0019,dag_0019_fn_002,cold_start,host-4,ctr-788,1152,15,311,,RUNNING,2247,1909,20.483005,11243.876800,2808.750000,no_warm_container
441927,req-231,dag_0010,dag_0010_fn_009,cold_start,host-10,ctr-787,1505,0,157,,RUNNING,1227,1200,0.000000,,1533.750000,no_warm_container
442969,req-232,dag_0005,dag_0005_fn_016,cold_start,host-1,ctr-789,618,9,226,,RUNNING,860,531,9.046479,8701.129502,1075.000000,no_warm_container
443589,req-231,dag_0010,dag_0010_fn_012,cold_start,host-12,ctr-790,1113,15,338,,RUNNING,2361,2606,30.320737,16273.420718,2951.250000,no_warm_container
443822,req-232,dag_0005,dag_0005_fn_003,cold_start,host-18,ctr-791,1599,7,199,,RUNNING,1609,1529,16.253019,19286.931650,2011.250000,no_warm_container
445055,req-231,dag_0010,dag_0010_fn_013,cold_start,host-24,ctr-792,1006,16,377,,RUNNING,1908,2224,18.487276,9434.067196,2385.000000,no_warm_container
445627,req-232,dag_0005,dag_0005_fn_012,cold_start,host-9,ctr-793,1135,8,316,,RUNNING,2372,2377,20.466084,20897.461845,2965.000000,no_warm_container
445944,req-233,dag_0015,dag_0015_fn_001,cold_start,host-17,ctr-794,1443,0,385,,RUNNING,2180,2731,0.000000,,2725.000000,no_warm_container
446454,req-231,dag_0010,dag_0010_fn_014,cold_start,host-2,ctr-795,1184,23,404,,RUNNING,2129,2221,31.036224,11246.415319,2661.250000,no_warm_container
447772,req-233,dag_0015,dag_0015_fn_006,warm_reuse,host-2,ctr-699,0,5,361,IDLE,RUNNING,1626,1583,12.985388,23865.145209,2032.500000,warm_container_available
447086,req-232,dag_0005,dag_0005_fn_013,cold_start,host-8,ctr-797,838,23,391,,RUNNING,2050,2686,32.436835,11576.116776,2562.500000,no_warm_container
448138,req-233,dag_0015,dag_0015_fn_008,warm_reuse,host-24,ctr-700,0,17,179,IDLE,RUNNING,1227,904,25.449310,11988.408516,1533.750000,warm_container_available
448753,req-234,dag_0011,dag_0011_fn_004,cold_start,host-1,ctr-798,935,0,331,,RUNNING,2275,2314,0.000000,,2843.750000,no_warm_container
450019,req-234,dag_0011,dag_0011_fn_011,warm_reuse,host-19,ctr-775,0,17,285,IDLE,RUNNING,973,1558,31.073613,15075.690799,1216.250000,warm_container_available
450321,req-234,dag_0011,dag_0011_fn_012,warm_reuse,host-17,ctr-776,0,71,168,IDLE,RUNNING,831,1049,23.067503,2602.682929,1038.750000,warm_container_available
449410,req-235,dag_0018,dag_0018_fn_001,cold_start,host-6,ctr-799,998,0,192,,RUNNING,1280,600,0.000000,,1600.000000,no_warm_container
450560,req-234,dag_0011,dag_0011_fn_013,warm_reuse,host-13,ctr-777,0,10,228,IDLE,RUNNING,1019,563,27.069235,22859.220499,1273.750000,warm_container_available
450798,req-234,dag_0011,dag_0011_fn_014,warm_reuse,host-12,ctr-778,0,26,256,IDLE,RUNNING,1646,1241,26.999585,8477.403845,2057.500000,warm_container_available
450600,req-235,dag_0018,dag_0018_fn_002,cold_start,host-14,ctr-802,906,44,390,,RUNNING,1859,2606,17.386138,3184.095406,2323.750000,no_warm_container
451940,req-235,dag_0018,dag_0018_fn_005,warm_reuse,host-20,ctr-801,0,13,157,IDLE,RUNNING,1167,1365,33.364492,20947.982970,1458.750000,warm_container_available
451290,req-237,dag_0012,dag_0012_fn_010,cold_start,host-7,ctr-804,818,0,209,,RUNNING,872,872,0.000000,,1090.000000,no_warm_container
451214,req-236,dag_0003,dag_0003_fn_024,cold_start,host-6,ctr-803,1226,0,315,,RUNNING,1367,1242,0.000000,,1708.750000,no_warm_container
452317,req-237,dag_0012,dag_0012_fn_012,cold_start,host-16,ctr-805,851,14,388,,RUNNING,2309,2949,10.740312,6145.044957,2886.250000,no_warm_container
452755,req-236,dag_0003,dag_0003_fn_028,cold_start,host-5,ctr-806,1440,11,264,,RUNNING,1867,1188,27.260867,20647.765651,2333.750000,no_warm_container
454470,req-236,dag_0003,dag_0003_fn_029,warm_reuse,host-8,ctr-807,0,42,251,IDLE,RUNNING,1746,1249,16.513362,3147.523889,2182.500000,warm_container_available
454658,req-238,dag_0002,dag_0002_fn_012,warm_reuse,host-19,ctr-740,0,0,300,IDLE,RUNNING,1989,1467,0.000000,,2486.250000,warm_container_available
454763,req-236,dag_0003,dag_0003_fn_030,warm_reuse,host-15,ctr-808,0,26,213,IDLE,RUNNING,1436,813,26.111300,8049.165821,1795.000000,warm_container_available
453570,req-237,dag_0012,dag_0012_fn_013,cold_start,host-21,ctr-810,1300,10,134,,RUNNING,946,1015,27.879769,24695.927789,1182.500000,no_warm_container
454958,req-238,dag_0002,dag_0002_fn_008,warm_reuse,host-11,ctr-747,0,3,293,IDLE,RUNNING,1692,2022,7.980514,24455.803384,2115.000000,warm_container_available
455254,req-238,dag_0002,dag_0002_fn_014,warm_reuse,host-13,ctr-744,0,124,289,IDLE,RUNNING,2107,1863,22.696604,1468.381159,2633.750000,warm_container_available
455667,req-238,dag_0002,dag_0002_fn_009,warm_reuse,host-23,ctr-741,0,10,262,IDLE,RUNNING,1091,1460,27.518717,23606.502664,1363.750000,warm_container_available
455939,req-238,dag_0002,dag_0002_fn_010,warm_reuse,host-1,ctr-742,0,8,305,IDLE,RUNNING,1128,1630,19.973001,22104.273250,1410.000000,warm_container_available
456252,req-238,dag_0002,dag_0002_fn_029,warm_reuse,host-7,ctr-745,0,14,348,IDLE,RUNNING,1694,2261,18.545680,11250.400121,2117.500000,warm_container_available
455785,req-239,dag_0001,dag_0001_fn_001,cold_start,host-18,ctr-811,786,0,234,,RUNNING,1428,1048,0.000000,,1785.000000,no_warm_container
456614,req-238,dag_0002,dag_0002_fn_030,warm_reuse,host-3,ctr-746,0,40,424,IDLE,RUNNING,2022,2269,22.307476,4477.928063,2527.500000,warm_container_available
456805,req-239,dag_0001,dag_0001_fn_025,cold_start,host-7,ctr-818,1218,55,293,,RUNNING,1745,1928,18.482314,2704.499859,2181.250000,no_warm_container
458371,req-239,dag_0001,dag_0001_fn_002,cold_start,host-23,ctr-819,1123,48,165,,RUNNING,780,630,21.822820,3657.576205,975.000000,no_warm_container
458824,req-240,dag_0009,dag_0009_fn_001,cold_start,host-15,ctr-820,1223,0,146,,RUNNING,852,1073,0.000000,,1065.000000,no_warm_container
458876,req-241,dag_0014,dag_0014_fn_001,cold_start,host-23,ctr-821,1384,0,336,,RUNNING,2431,2920,0.000000,,3038.750000,no_warm_container
460352,req-243,dag_0005,dag_0005_fn_007,warm_reuse,host-10,ctr-766,0,0,367,IDLE,RUNNING,2124,2384,0.000000,,2655.000000,warm_container_available
460596,req-241,dag_0014,dag_0014_fn_002,warm_reuse,host-9,ctr-825,0,5,329,IDLE,RUNNING,2010,2414,7.969419,13841.803466,2512.500000,warm_container_available
459106,req-242,dag_0013,dag_0013_fn_008,cold_start,host-19,ctr-829,1571,0,299,,RUNNING,1408,1882,0.000000,,1760.000000,no_warm_container
459707,req-239,dag_0001,dag_0001_fn_003,cold_start,host-17,ctr-830,1042,15,146,,RUNNING,1144,1308,9.504287,5289.124068,1430.000000,no_warm_container
460910,req-239,dag_0001,dag_0001_fn_032,warm_reuse,host-22,ctr-817,0,5,289,IDLE,RUNNING,1082,1300,9.411823,17205.121401,1352.500000,warm_container_available
460930,req-241,dag_0014,dag_0014_fn_003,warm_reuse,host-6,ctr-826,0,9,329,IDLE,RUNNING,1537,1482,8.548646,8545.036482,1921.250000,warm_container_available
461268,req-241,dag_0014,dag_0014_fn_008,warm_reuse,host-11,ctr-827,0,3,352,IDLE,RUNNING,1423,1918,8.353655,23531.236617,1778.750000,warm_container_available
460719,req-243,dag_0005,dag_0005_fn_005,cold_start,host-13,ctr-832,841,4,169,,RUNNING,1424,1148,9.046479,21347.912469,1780.000000,no_warm_container
460193,req-240,dag_0009,dag_0009_fn_002,cold_start,host-18,ctr-831,1374,46,175,,RUNNING,889,522,10.651236,1880.845876,1111.250000,no_warm_container
461623,req-241,dag_0014,dag_0014_fn_009,warm_reuse,host-3,ctr-828,0,6,335,IDLE,RUNNING,1851,2312,9.152835,12784.021286,2313.750000,warm_container_available
460976,req-242,dag_0013,dag_0013_fn_009,cold_start,host-10,ctr-834,773,7,179,,RUNNING,976,1261,8.345903,9945.098212,1220.000000,no_warm_container
461788,req-240,dag_0009,dag_0009_fn_014,warm_reuse,host-15,ctr-824,0,86,239,IDLE,RUNNING,1630,1533,24.384062,2281.809807,2037.500000,warm_container_available
460764,req-244,dag_0020,dag_0020_fn_005,cold_start,host-24,ctr-833,1253,0,270,,RUNNING,1840,1242,0.000000,,2300.000000,no_warm_container
461071,req-245,dag_0017,dag_0017_fn_004,cold_start,host-22,ctr-835,1492,0,270,,RUNNING,1317,1251,0.000000,,1646.250000,no_warm_container
461935,req-242,dag_0013,dag_0013_fn_010,cold_start,host-8,ctr-838,778,147,273,,RUNNING,1853,1407,27.427542,1498.580126,2316.250000,no_warm_container
461733,req-243,dag_0005,dag_0005_fn_006,cold_start,host-4,ctr-836,1235,5,245,,RUNNING,1548,1043,12.782703,20871.278489,1935.000000,no_warm_container
461927,req-246,dag_0010,dag_0010_fn_004,cold_start,host-2,ctr-837,1270,0,166,,RUNNING,1387,874,0.000000,,1733.750000,no_warm_container
463218,req-243,dag_0005,dag_0005_fn_010,warm_reuse,host-20,ctr-839,0,12,192,IDLE,RUNNING,1446,1444,20.508260,14229.558707,1807.500000,warm_container_available
462287,req-244,dag_0020,dag_0020_fn_006,cold_start,host-6,ctr-847,984,13,182,,RUNNING,889,434,8.022456,5020.687992,1111.250000,no_warm_container
463422,req-243,dag_0005,dag_0005_fn_013,warm_reuse,host-8,ctr-797,0,8,391,IDLE,RUNNING,2050,2686,16.572930,16679.298471,2562.500000,warm_container_available
463363,req-246,dag_0010,dag_0010_fn_011,cold_start,host-22,ctr-849,498,6,143,,RUNNING,1067,1016,11.385418,15323.466459,1333.750000,no_warm_container
462833,req-245,dag_0017,dag_0017_fn_005,cold_start,host-11,ctr-848,1077,25,144,,RUNNING,1348,677,33.571364,11068.163876,1685.000000,no_warm_container
464010,req-246,dag_0010,dag_0010_fn_012,warm_reuse,host-12,ctr-790,0,4,338,IDLE,RUNNING,2361,2606,7.039783,18724.493376,2951.250000,warm_container_available
464079,req-245,dag_0017,dag_0017_fn_003,warm_reuse,host-18,ctr-843,0,17,134,IDLE,RUNNING,1110,809,27.945288,13383.797546,1387.500000,warm_container_available
464230,req-245,dag_0017,dag_0017_fn_007,warm_reuse,host-17,ctr-845,0,12,242,IDLE,RUNNING,1336,1039,20.414272,13905.615194,1670.000000,warm_container_available
464352,req-246,dag_0010,dag_0010_fn_013,warm_reuse,host-24,ctr-792,0,16,377,IDLE,RUNNING,1908,2224,18.487276,9434.067196,2385.000000,warm_container_available
464745,req-246,dag_0010,dag_0010_fn_014,warm_reuse,host-2,ctr-795,0,23,404,IDLE,RUNNING,2129,2221,31.036224,11246.415319,2661.250000,warm_container_available
467118,req-247,dag_0011,dag_0011_fn_005,cold_start,host-4,ctr-850,792,0,336,,RUNNING,2334,2186,0.000000,,2917.500000,no_warm_container
468246,req-247,dag_0011,dag_0011_fn_011,warm_reuse,host-19,ctr-775,0,6,285,IDLE,RUNNING,973,1558,17.140286,23426.327359,1216.250000,warm_container_available
468537,req-247,dag_0011,dag_0011_fn_012,warm_reuse,host-17,ctr-776,0,71,168,IDLE,RUNNING,831,1049,23.067503,2602.682929,1038.750000,warm_container_available
468776,req-247,dag_0011,dag_0011_fn_013,warm_reuse,host-13,ctr-777,0,10,228,IDLE,RUNNING,1019,563,27.069235,22859.220499,1273.750000,warm_container_available
469014,req-247,dag_0011,dag_0011_fn_014,warm_reuse,host-12,ctr-778,0,26,256,IDLE,RUNNING,1646,1241,26.999585,8477.403845,2057.500000,warm_container_available
469361,req-248,dag_0003,dag_0003_fn_018,cold_start,host-9,ctr-851,1370,0,408,,RUNNING,1840,2189,0.000000,,2300.000000,no_warm_container
471139,req-248,dag_0003,dag_0003_fn_028,warm_reuse,host-5,ctr-806,0,10,264,IDLE,RUNNING,1867,1188,24.085188,20792.304254,2333.750000,warm_container_available
471413,req-248,dag_0003,dag_0003_fn_029,warm_reuse,host-8,ctr-807,0,42,251,IDLE,RUNNING,1746,1249,16.513362,3147.523889,2182.500000,warm_container_available
470288,req-249,dag_0019,dag_0019_fn_006,cold_start,host-10,ctr-852,1278,0,166,,RUNNING,1433,1335,0.000000,,1791.250000,no_warm_container
471706,req-248,dag_0003,dag_0003_fn_030,warm_reuse,host-15,ctr-808,0,26,213,IDLE,RUNNING,1436,813,26.111300,8049.165821,1795.000000,warm_container_available
472397,req-250,dag_0015,dag_0015_fn_007,cold_start,host-1,ctr-853,1368,0,211,,RUNNING,1401,746,0.000000,,1751.250000,no_warm_container
474534,req-251,dag_0005,dag_0005_fn_007,warm_reuse,host-10,ctr-766,0,0,367,IDLE,RUNNING,2124,2384,0.000000,,2655.000000,warm_container_available
473976,req-250,dag_0015,dag_0015_fn_004,cold_start,host-6,ctr-854,821,23,366,,RUNNING,2471,2298,33.840261,12108.298389,3088.750000,no_warm_container
474901,req-251,dag_0005,dag_0005_fn_005,warm_reuse,host-13,ctr-832,0,4,169,IDLE,RUNNING,1424,1148,9.046479,21347.912469,1780.000000,warm_container_available
475074,req-251,dag_0005,dag_0005_fn_006,warm_reuse,host-4,ctr-836,0,5,245,IDLE,RUNNING,1548,1043,12.782703,20871.278489,1935.000000,warm_container_available
475186,req-250,dag_0015,dag_0015_fn_005,warm_reuse,host-16,ctr-855,0,21,240,IDLE,RUNNING,1682,1753,28.268505,11163.477207,2102.500000,warm_container_available
475324,req-251,dag_0005,dag_0005_fn_010,warm_reuse,host-20,ctr-839,0,12,192,IDLE,RUNNING,1446,1444,20.508260,14229.558707,1807.500000,warm_container_available
475528,req-251,dag_0005,dag_0005_fn_013,warm_reuse,host-8,ctr-797,0,8,391,IDLE,RUNNING,2050,2686,16.572930,16679.298471,2562.500000,warm_container_available
475447,req-250,dag_0015,dag_0015_fn_006,warm_reuse,host-1,ctr-856,0,197,361,IDLE,RUNNING,1626,1583,33.415142,1358.397560,2032.500000,warm_container_available
475723,req-252,dag_0009,dag_0009_fn_001,warm_reuse,host-15,ctr-820,0,0,146,IDLE,RUNNING,852,1073,0.000000,,1065.000000,warm_container_available
475869,req-252,dag_0009,dag_0009_fn_002,warm_reuse,host-18,ctr-831,0,46,175,IDLE,RUNNING,889,522,10.651236,1880.845876,1111.250000,warm_container_available
476005,req-250,dag_0015,dag_0015_fn_008,warm_reuse,host-16,ctr-857,0,16,179,IDLE,RUNNING,1227,904,25.449310,12878.678704,1533.750000,warm_container_available
476090,req-252,dag_0009,dag_0009_fn_014,warm_reuse,host-15,ctr-824,0,86,239,IDLE,RUNNING,1630,1533,24.384062,2281.809807,2037.500000,warm_container_available
478147,req-253,dag_0003,dag_0003_fn_024,cold_start,host-21,ctr-858,1226,0,315,,RUNNING,1367,1242,0.000000,,1708.750000,no_warm_container
479688,req-253,dag_0003,dag_0003_fn_028,warm_reuse,host-5,ctr-806,0,43,264,IDLE,RUNNING,1867,1188,27.260867,5161.364519,2333.750000,warm_container_available
479995,req-253,dag_0003,dag_0003_fn_029,warm_reuse,host-8,ctr-807,0,42,251,IDLE,RUNNING,1746,1249,16.513362,3147.523889,2182.500000,warm_container_available
480288,req-253,dag_0003,dag_0003_fn_030,warm_reuse,host-15,ctr-808,0,26,213,IDLE,RUNNING,1436,813,26.111300,8049.165821,1795.000000,warm_container_available
481927,req-254,dag_0010,dag_0010_fn_004,warm_reuse,host-2,ctr-837,0,0,166,IDLE,RUNNING,1387,874,0.000000,,1733.750000,warm_container_available
482093,req-254,dag_0010,dag_0010_fn_011,warm_reuse,host-22,ctr-849,0,6,143,IDLE,RUNNING,1067,1016,11.385418,15323.466459,1333.750000,warm_container_available
482245,req-255,dag_0015,dag_0015_fn_007,warm_reuse,host-1,ctr-853,0,0,211,IDLE,RUNNING,1401,746,0.000000,,1751.250000,warm_container_available
482242,req-254,dag_0010,dag_0010_fn_012,warm_reuse,host-12,ctr-790,0,4,338,IDLE,RUNNING,2361,2606,7.039783,18724.493376,2951.250000,warm_container_available
482456,req-255,dag_0015,dag_0015_fn_004,warm_reuse,host-6,ctr-854,0,23,366,IDLE,RUNNING,2471,2298,33.840261,12108.298389,3088.750000,warm_container_available
482584,req-254,dag_0010,dag_0010_fn_013,warm_reuse,host-24,ctr-792,0,16,377,IDLE,RUNNING,1908,2224,18.487276,9434.067196,2385.000000,warm_container_available
482845,req-255,dag_0015,dag_0015_fn_005,warm_reuse,host-16,ctr-855,0,21,240,IDLE,RUNNING,1682,1753,28.268505,11163.477207,2102.500000,warm_container_available
482977,req-254,dag_0010,dag_0010_fn_014,warm_reuse,host-2,ctr-795,0,23,404,IDLE,RUNNING,2129,2221,31.036224,11246.415319,2661.250000,warm_container_available
483106,req-255,dag_0015,dag_0015_fn_006,warm_reuse,host-1,ctr-856,0,197,361,IDLE,RUNNING,1626,1583,33.415142,1358.397560,2032.500000,warm_container_available
483664,req-255,dag_0015,dag_0015_fn_008,warm_reuse,host-16,ctr-857,0,16,179,IDLE,RUNNING,1227,904,25.449310,12878.678704,1533.750000,warm_container_available
482905,req-256,dag_0012,dag_0012_fn_009,cold_start,host-7,ctr-859,1591,0,170,,RUNNING,1427,1225,0.000000,,1783.750000,no_warm_container
482976,req-257,dag_0013,dag_0013_fn_008,cold_start,host-3,ctr-860,1571,0,299,,RUNNING,1408,1882,0.000000,,1760.000000,no_warm_container
484666,req-256,dag_0012,dag_0012_fn_012,warm_reuse,host-23,ctr-861,0,30,388,IDLE,RUNNING,2309,2949,13.341765,3657.576205,2886.250000,warm_container_available
485084,req-256,dag_0012,dag_0012_fn_013,warm_reuse,host-19,ctr-862,0,10,134,IDLE,RUNNING,946,1015,27.879769,22392.099810,1182.500000,warm_container_available
484846,req-257,dag_0013,dag_0013_fn_003,cold_start,host-14,ctr-864,1034,4,194,,RUNNING,741,815,8.345903,19364.206121,926.250000,no_warm_container
486078,req-257,dag_0013,dag_0013_fn_010,cold_start,host-14,ctr-866,778,0,273,,RUNNING,1853,1407,22.751607,,2316.250000,no_warm_container
486834,req-258,dag_0011,dag_0011_fn_006,cold_start,host-17,ctr-867,571,0,273,,RUNNING,1806,2124,0.000000,,2257.500000,no_warm_container
487678,req-258,dag_0011,dag_0011_fn_011,warm_reuse,host-19,ctr-775,0,7,285,IDLE,RUNNING,973,1558,14.722002,19155.217080,1216.250000,warm_container_available
487970,req-258,dag_0011,dag_0011_fn_012,warm_reuse,host-17,ctr-776,0,71,168,IDLE,RUNNING,831,1049,23.067503,2602.682929,1038.750000,warm_container_available
488209,req-258,dag_0011,dag_0011_fn_013,warm_reuse,host-13,ctr-777,0,10,228,IDLE,RUNNING,1019,563,27.069235,22859.220499,1273.750000,warm_container_available
488447,req-258,dag_0011,dag_0011_fn_014,warm_reuse,host-12,ctr-778,0,26,256,IDLE,RUNNING,1646,1241,26.999585,8477.403845,2057.500000,warm_container_available
488723,req-260,dag_0009,dag_0009_fn_001,warm_reuse,host-15,ctr-820,0,0,146,IDLE,RUNNING,852,1073,0.000000,,1065.000000,warm_container_available
488869,req-260,dag_0009,dag_0009_fn_002,warm_reuse,host-18,ctr-831,0,46,175,IDLE,RUNNING,889,522,10.651236,1880.845876,1111.250000,warm_container_available
489090,req-260,dag_0009,dag_0009_fn_014,warm_reuse,host-15,ctr-824,0,86,239,IDLE,RUNNING,1630,1533,24.384062,2281.809807,2037.500000,warm_container_available
488708,req-259,dag_0002,dag_0002_fn_012,cold_start,host-18,ctr-868,1372,0,300,,RUNNING,1989,1467,0.000000,,2486.250000,no_warm_container
490380,req-259,dag_0002,dag_0002_fn_008,cold_start,host-11,ctr-875,1561,4,293,,RUNNING,1692,2022,7.980514,20704.483897,2115.000000,no_warm_container
492238,req-259,dag_0002,dag_0002_fn_014,warm_reuse,host-20,ctr-872,0,30,289,IDLE,RUNNING,2107,1863,22.696604,6127.944144,2633.750000,warm_container_available
492557,req-259,dag_0002,dag_0002_fn_009,warm_reuse,host-3,ctr-870,0,12,262,IDLE,RUNNING,1091,1460,27.518717,19026.003914,1363.750000,warm_container_available
492831,req-259,dag_0002,dag_0002_fn_010,warm_reuse,host-7,ctr-871,0,7,305,IDLE,RUNNING,1128,1630,19.973001,23479.202576,1410.000000,warm_container_available
493143,req-259,dag_0002,dag_0002_fn_029,warm_reuse,host-4,ctr-873,0,13,348,IDLE,RUNNING,1694,2261,18.545680,12020.812710,2117.500000,warm_container_available
493504,req-259,dag_0002,dag_0002_fn_030,warm_reuse,host-9,ctr-874,0,16,424,IDLE,RUNNING,2022,2269,22.307476,11704.051401,2527.500000,warm_container_available
493611,req-261,dag_0003,dag_0003_fn_015,cold_start,host-5,ctr-876,1405,0,173,,RUNNING,980,1123,0.000000,,1225.000000,no_warm_container
495189,req-261,dag_0003,dag_0003_fn_028,warm_reuse,host-5,ctr-806,0,0,264,IDLE,RUNNING,1867,1188,11.957639,,2333.750000,warm_container_available
495453,req-261,dag_0003,dag_0003_fn_029,warm_reuse,host-8,ctr-807,0,42,251,IDLE,RUNNING,1746,1249,16.513362,3147.523889,2182.500000,warm_container_available
495746,req-261,dag_0003,dag_0003_fn_030,warm_reuse,host-15,ctr-808,0,26,213,IDLE,RUNNING,1436,813,26.111300,8049.165821,1795.000000,warm_container_available
495269,req-263,dag_0004,dag_0004_fn_008,cold_start,host-24,ctr-878,648,0,204,,RUNNING,1322,1383,0.000000,,1652.500000,no_warm_container
495126,req-262,dag_0005,dag_0005_fn_007,cold_start,host-10,ctr-877,1275,0,367,,RUNNING,2124,2384,0.000000,,2655.000000,no_warm_container
496768,req-262,dag_0005,dag_0005_fn_016,cold_start,host-4,ctr-880,618,6,226,,RUNNING,860,531,9.046479,13094.177995,1075.000000,no_warm_container
496121,req-263,dag_0004,dag_0004_fn_010,cold_start,host-13,ctr-879,1589,88,302,,RUNNING,1758,1818,16.733574,1527.244944,2197.500000,no_warm_container
497618,req-262,dag_0005,dag_0005_fn_003,cold_start,host-8,ctr-881,1599,9,199,,RUNNING,1609,1529,16.253019,14471.083307,2011.250000,no_warm_container
499425,req-262,dag_0005,dag_0005_fn_012,warm_reuse,host-19,ctr-882,0,10,316,IDLE,RUNNING,2372,2377,20.466084,17383.010774,2965.000000,warm_container_available
499751,req-262,dag_0005,dag_0005_fn_013,warm_reuse,host-9,ctr-883,0,23,391,IDLE,RUNNING,2050,2686,32.436835,11400.198803,2562.500000,warm_container_available
498828,req-264,dag_0002,dag_0002_fn_020,cold_start,host-22,ctr-884,1305,0,265,,RUNNING,1344,916,0.000000,,1680.000000,no_warm_container
500398,req-264,dag_0002,dag_0002_fn_021,cold_start,host-21,ctr-885,1016,10,242,,RUNNING,1805,1676,20.618479,17960.675929,2256.250000,no_warm_container
501666,req-264,dag_0002,dag_0002_fn_019,cold_start,host-10,ctr-887,1391,29,195,,RUNNING,1424,1209,11.580609,3271.508288,1780.000000,no_warm_container
503281,req-264,dag_0002,dag_0002_fn_029,warm_reuse,host-4,ctr-873,0,19,348,IDLE,RUNNING,1694,2261,30.862580,13094.177995,2117.500000,warm_container_available
503648,req-264,dag_0002,dag_0002_fn_030,warm_reuse,host-9,ctr-874,0,16,424,IDLE,RUNNING,2022,2269,22.307476,11704.051401,2527.500000,warm_container_available
