timestamp_sec,node,active_containers,busy_containers,max_containers,replicas,inflight,queue_len,utilization,draining_replicas,cpu_total_mcpu,cpu_reserved_mcpu,cpu_utilization,mem_total_mb,mem_reserved_mb,mem_utilization,cold_starting_containers,running_containers,idle_containers
0,host-1,0,0,14,0,0,0,0.000000,0,32000,0,0.000000,131072,0,0.000000,0,0,0
0,host-10,0,0,14,0,0,0,0.000000,0,32000,0,0.000000,131072,0,0.000000,0,0,0
0,host-11,0,0,14,0,0,0,0.000000,0,32000,0,0.000000,131072,0,0.000000,0,0,0
0,host-12,0,0,14,0,0,0,0.000000,0,32000,0,0.000000,131072,0,0.000000,0,0,0
0,host-13,0,0,14,0,0,0,0.000000,0,32000,0,0.000000,131072,0,0.000000,0,0,0
0,host-14,0,0,14,0,0,0,0.000000,0,32000,0,0.000000,131072,0,0.000000,0,0,0
0,host-15,0,0,14,0,0,0,0.000000,0,32000,0,0.000000,131072,0,0.000000,0,0,0
0,host-16,0,0,14,0,0,0,0.000000,0,32000,0,0.000000,131072,0,0.000000,0,0,0
0,host-17,0,0,14,0,0,0,0.000000,0,32000,0,0.000000,131072,0,0.000000,0,0,0
0,host-18,0,0,14,0,0,0,0.000000,0,32000,0,0.000000,131072,0,0.000000,0,0,0
0,host-19,0,0,14,0,0,0,0.000000,0,32000,0,0.000000,131072,0,0.000000,0,0,0
0,host-2,0,0,14,0,0,0,0.000000,0,32000,0,0.000000,131072,0,0.000000,0,0,0
0,host-20,0,0,14,0,0,0,0.000000,0,32000,0,0.000000,131072,0,0.000000,0,0,0
0,host-21,0,0,14,0,0,0,0.000000,0,32000,0,0.000000,131072,0,0.000000,0,0,0
0,host-22,0,0,14,0,0,0,0.000000,0,32000,0,0.000000,131072,0,0.000000,0,0,0
0,host-23,0,0,14,0,0,0,0.000000,0,32000,0,0.000000,131072,0,0.000000,0,0,0
0,host-24,0,0,14,0,0,0,0.000000,0,32000,0,0.000000,131072,0,0.000000,0,0,0
0,host-3,0,0,14,0,0,0,0.000000,0,32000,0,0.000000,131072,0,0.000000,0,0,0
0,host-4,0,0,14,0,0,0,0.000000,0,32000,0,0.000000,131072,0,0.000000,0,0,0
0,host-5,0,0,14,0,0,0,0.000000,0,32000,0,0.000000,131072,0,0.000000,0,0,0
0,host-6,0,0,14,0,0,0,0.000000,0,32000,0,0.000000,131072,0,0.000000,0,0,0
0,host-7,0,0,14,0,0,0,0.000000,0,32000,0,0.000000,131072,0,0.000000,0,0,0
0,host-8,0,0,14,0,0,0,0.000000,0,32000,0,0.000000,131072,0,0.000000,0,0,0
0,host-9,0,0,14,0,0,0,0.000000,0,32000,0,0.000000,131072,0,0.000000,0,0,0
1,host-1,0,0,14,0,0,0,0.000000,0,32000,0,0.000000,131072,0,0.000000,0,0,0
1,host-10,0,0,14,0,0,0,0.000000,0,32000,0,0.000000,131072,0,0.000000,0,0,0
1,host-11,0,0,14,0,0,0,0.000000,0,32000,0,0.000000,131072,0,0.000000,0,0,0
1,host-12,0,0,14,0,0,0,0.000000,0,32000,0,0.000000,131072,0,0.000000,0,0,0
1,host-13,0,0,14,0,0,0,0.000000,0,32000,0,0.000000,131072,0,0.000000,0,0,0
1,host-14,0,0,14,0,0,0,0.000000,0,32000,0,0.000000,131072,0,0.000000,0,0,0
1,host-15,0,0,14,0,0,0,0.000000,0,32000,0,0.000000,131072,0,0.000000,0,0,0
1,host-16,0,0,14,0,0,0,0.000000,0,32000,0,0.000000,131072,0,0.000000,0,0,0
1,host-17,0,0,14,0,0,0,0.000000,0,32000,0,0.000000,131072,0,0.000000,0,0,0
1,host-18,0,0,14,0,0,0,0.000000,0,32000,0,0.000000,131072,0,0.000000,0,0,0
1,host-19,0,0,14,0,0,0,0.000000,0,32000,0,0.000000,131072,0,0.000000,0,0,0
1,host-2,0,0,14,0,0,0,0.000000,0,32000,0,0.000000,131072,0,0.000000,0,0,0
1,host-20,0,0,14,0,0,0,0.000000,0,32000,0,0.000000,131072,0,0.000000,0,0,0
1,host-21,0,0,14,0,0,0,0.000000,0,32000,0,0.000000,131072,0,0.000000,0,0,0
1,host-22,0,0,14,0,0,0,0.000000,0,32000,0,0.000000,131072,0,0.000000,0,0,0
1,host-23,0,0,14,0,0,0,0.000000,0,32000,0,0.000000,131072,0,0.000000,0,0,0
1,host-24,0,0,14,0,0,0,0.000000,0,32000,0,0.000000,131072,0,0.000000,0,0,0
1,host-3,0,0,14,0,0,0,0.000000,0,32000,0,0.000000,131072,0,0.000000,0,0,0
1,host-4,0,0,14,0,0,0,0.000000,0,32000,0,0.000000,131072,0,0.000000,0,0,0
1,host-5,0,0,14,0,0,0,0.000000,0,32000,0,0.000000,131072,0,0.000000,0,0,0
1,host-6,0,0,14,0,0,0,0.000000,0,32000,0,0.000000,131072,0,0.000000,0,0,0
1,host-7,0,0,14,0,0,0,0.000000,0,32000,0,0.000000,131072,0,0.000000,0,0,0
1,host-8,0,0,14,0,0,0,0.000000,0,32000,0,0.000000,131072,0,0.000000,0,0,0
1,host-9,0,0,14,0,0,0,0.000000,0,32000,0,0.000000,131072,0,0.000000,0,0,0
2,host-1,0,0,14,0,0,0,0.000000,0,32000,0,0.000000,131072,0,0.000000,0,0,0
2,host-10,0,0,14,0,0,0,0.000000,0,32000,0,0.000000,131072,0,0.000000,0,0,0
2,host-11,0,0,14,0,0,0,0.000000,0,32000,0,0.000000,131072,0,0.000000,0,0,0
2,host-12,0,0,14,0,0,0,0.000000,0,32000,0,0.000000,131072,0,0.000000,0,0,0
2,host-13,0,0,14,0,0,0,0.000000,0,32000,0,0.000000,131072,0,0.000000,0,0,0
2,host-14,0,0,14,0,0,0,0.000000,0,32000,0,0.000000,131072,0,0.000000,0,0,0
2,host-15,0,0,14,0,0,0,0.000000,0,32000,0,0.000000,131072,0,0.000000,0,0,0
2,host-16,0,0,14,0,0,0,0.000000,0,32000,0,0.000000,131072,0,0.000000,0,0,0
2,host-17,0,0,14,0,0,0,0.000000,0,32000,0,0.000000,131072,0,0.000000,0,0,0
2,host-18,0,0,14,0,0,0,0.000000,0,32000,0,0.000000,131072,0,0.000000,0,0,0
2,host-19,1,1,14,1,1,0,0.043344,0,32000,1387,0.043344,131072,874,0.006668,1,0,0
2,host-2,0,0,14,0,0,0,0.000000,0,32000,0,0.000000,131072,0,0.000000,0,0,0
2,host-20,0,0,14,0,0,0,0.000000,0,32000,0,0.000000,131072,0,0.000000,0,0,0
2,host-21,0,0,14,0,0,0,0.000000,0,32000,0,0.000000,131072,0,0.000000,0,0,0
2,host-22,0,0,14,0,0,0,0.000000,0,32000,0,0.000000,131072,0,0.000000,0,0,0
2,host-23,0,0,14,0,0,0,0.000000,0,32000,0,0.000000,131072,0,0.000000,0,0,0
2,host-24,0,0,14,0,0,0,0.000000,0,32000,0,0.000000,131072,0,0.000000,0,0,0
2,host-3,0,0,14,0,0,0,0.000000,0,32000,0,0.000000,131072,0,0.000000,0,0,0
2,host-4,0,0,14,0,0,0,0.000000,0,32000,0,0.000000,131072,0,0.000000,0,0,0
2,host-5,0,0,14,0,0,0,0.000000,0,32000,0,0.000000,131072,0,0.000000,0,0,0
2,host-6,0,0,14,0,0,0,0.000000,0,32000,0,0.000000,131072,0,0.000000,0,0,0
2,host-7,0,0,14,0,0,0,0.000000,0,32000,0,0.000000,131072,0,0.000000,0,0,0
2,host-8,0,0,14,0,0,0,0.000000,0,32000,0,0.000000,131072,0,0.000000,0,0,0
2,host-9,1,1,14,1,1,0,0.044000,0,32000,1408,0.044000,131072,1882,0.014359,1,0,0
3,host-1,1,1,14,1,1,0,0.049281,0,32000,1577,0.049281,131072,1927,0.014702,1,0,0
3,host-10,0,0,14,0,0,0,0.000000,0,32000,0,0.000000,131072,0,0.000000,0,0,0
3,host-11,0,0,14,0,0,0,0.000000,0,32000,0,0.000000,131072,0,0.000000,0,0,0
3,host-12,1,1,14,1,1,0,0.023156,0,32000,741,0.023156,131072,815,0.006218,1,0,0
3,host-13,0,0,14,0,0,0,0.000000,0,32000,0,0.000000,131072,0,0.000000,0,0,0
3,host-14,0,0,14,0,0,0,0.000000,0,32000,0,0.000000,131072,0,0.000000,0,0,0
3,host-15,0,0,14,0,0,0,0.000000,0,32000,0,0.000000,131072,0,0.000000,0,0,0
3,host-16,1,1,14,1,1,0,0.059625,0,32000,1908,0.059625,131072,2224,0.016968,1,0,0
3,host-17,1,1,14,1,1,0,0.057906,0,32000,1853,0.057906,131072,1407,0.010735,1,0,0
3,host-18,0,0,14,0,0,0,0.000000,0,32000,0,0.000000,131072,0,0.000000,0,0,0
3,host-19,1,1,14,1,1,0,0.043344,0,32000,1387,0.043344,131072,874,0.006668,1,0,0
3,host-2,1,1,14,1,1,0,0.066531,0,32000,2129,0.066531,131072,2221,0.016945,1,0,0
3,host-20,0,0,14,0,0,0,0.000000,0,32000,0,0.000000,131072,0,0.000000,0,0,0
3,host-21,0,0,14,0,0,0,0.000000,0,32000,0,0.000000,131072,0,0.000000,0,0,0
3,host-22,1,1,14,1,1,0,0.073781,0,32000,2361,0.073781,131072,2606,0.019882,1,0,0
3,host-23,0,0,14,0,0,0,0.000000,0,32000,0,0.000000,131072,0,0.000000,0,0,0
3,host-24,0,0,14,0,0,0,0.000000,0,32000,0,0.000000,131072,0,0.000000,0,0,0
3,host-3,1,1,14,1,1,0,0.033344,0,32000,1067,0.033344,131072,1016,0.007751,1,0,0
3,host-4,0,0,14,0,0,0,0.000000,0,32000,0,0.000000,131072,0,0.000000,0,0,0
3,host-5,0,0,14,0,0,0,0.000000,0,32000,0,0.000000,131072,0,0.000000,0,0,0
3,host-6,1,1,14,1,1,0,0.060187,0,32000,1926,0.060187,131072,1810,0.013809,1,0,0
3,host-7,0,0,14,0,0,0,0.000000,0,32000,0,0.000000,131072,0,0.000000,0,0,0
3,host-8,1,1,14,1,1,0,0.059437,0,32000,1902,0.059437,131072,2539,0.019371,1,0,0
3,host-9,1,1,14,1,1,0,0.044000,0,32000,1408,0.044000,131072,1882,0.014359,0,1,0
4,host-1,1,1,14,1,1,0,0.049281,0,32000,1577,0.049281,131072,1927,0.014702,1,0,0
4,host-10,0,0,14,0,0,0,0.000000,0,32000,0,0.000000,131072,0,0.000000,0,0,0
4,host-11,0,0,14,0,0,0,0.000000,0,32000,0,0.000000,131072,0,0.000000,0,0,0
4,host-12,1,1,14,1,1,0,0.023156,0,32000,741,0.023156,131072,815,0.006218,1,0,0
4,host-13,0,0,14,0,0,0,0.000000,0,32000,0,0.000000,131072,0,0.000000,0,0,0
4,host-14,0,0,14,0,0,0,0.000000,0,32000,0,0.000000,131072,0,0.000000,0,0,0
4,host-15,0,0,14,0,0,0,0.000000,0,32000,0,0.000000,131072,0,0.000000,0,0,0
4,host-16,1,1,14,1,1,0,0.059625,0,32000,1908,0.059625,131072,2224,0.016968,1,0,0
4,host-17,1,0,14,1,0,0,0.057906,0,32000,1853,0.057906,131072,1407,0.010735,0,0,1
4,host-18,0,0,14,0,0,0,0.000000,0,32000,0,0.000000,131072,0,0.000000,0,0,0
4,host-19,1,0,14,1,0,0,0.043344,0,32000,1387,0.043344,131072,874,0.006668,0,0,1
4,host-2,1,1,14,1,1,0,0.066531,0,32000,2129,0.066531,131072,2221,0.016945,1,0,0
4,host-20,1,1,14,1,1,0,0.049281,0,32000,1577,0.049281,131072,1927,0.014702,1,0,0
4,host-21,0,0,14,0,0,0,0.000000,0,32000,0,0.000000,131072,0,0.000000,0,0,0
4,host-22,1,1,14,1,1,0,0.073781,0,32000,2361,0.073781,131072,2606,0.019882,1,0,0
4,host-23,0,0,14,0,0,0,0.000000,0,32000,0,0.000000,131072,0,0.000000,0,0,0
4,host-24,0,0,14,0,0,0,0.000000,0,32000,0,0.000000,131072,0,0.000000,0,0,0
4,host-3,1,0,14,1,0,0,0.033344,0,32000,1067,0.033344,131072,1016,0.007751,0,0,1
4,host-4,1,1,14,1,1,0,0.048531,0,32000,1553,0.048531,131072,1727,0.013176,1,0,0
4,host-5,0,0,14,0,0,0,0.000000,0,32000,0,0.000000,131072,0,0.000000,0,0,0
4,host-6,1,0,14,1,0,0,0.060187,0,32000,1926,0.060187,131072,1810,0.013809,0,0,1
4,host-7,0,0,14,0,0,0,0.000000,0,32000,0,0.000000,131072,0,0.000000,0,0,0
4,host-8,1,0,14,1,0,0,0.059437,0,32000,1902,0.059437,131072,2539,0.019371,0,0,1
4,host-9,1,0,14,1,0,0,0.044000,0,32000,1408,0.044000,131072,1882,0.014359,0,0,1
5,host-1,1,0,14,1,0,0,0.049281,0,32000,1577,0.049281,131072,1927,0.014702,0,0,1
5,host-10,0,0,14,0,0,0,0.000000,0,32000,0,0.000000,131072,0,0.000000,0,0,0
5,host-11,0,0,14,0,0,0,0.000000,0,32000,0,0.000000,131072,0,0.000000,0,0,0
5,host-12,1,0,14,1,0,0,0.023156,0,32000,741,0.023156,131072,815,0.006218,0,0,1
5,host-13,0,0,14,0,0,0,0.000000,0,32000,0,0.000000,131072,0,0.000000,0,0,0
5,host-14,0,0,14,0,0,0,0.000000,0,32000,0,0.000000,131072,0,0.000000,0,0,0
5,host-15,0,0,14,0,0,0,0.000000,0,32000,0,0.000000,131072,0,0.000000,0,0,0
5,host-16,1,0,14,1,0,0,0.059625,0,32000,1908,0.059625,131072,2224,0.016968,0,0,1
5,host-17,1,1,14,1,1,0,0.057906,0,32000,1853,0.057906,131072,1407,0.010735,0,1,0
5,host-18,0,0,14,0,0,0,0.000000,0,32000,0,0.000000,131072,0,0.000000,0,0,0
5,host-19,1,0,14,1,0,0,0.043344,0,32000,1387,0.043344,131072,874,0.006668,0,0,1
5,host-2,1,0,14,1,0,0,0.066531,0,32000,2129,0.066531,131072,2221,0.016945,0,0,1
5,host-20,1,0,14,1,0,0,0.049281,0,32000,1577,0.049281,131072,1927,0.014702,0,0,1
5,host-21,0,0,14,0,0,0,0.000000,0,32000,0,0.000000,131072,0,0.000000,0,0,0
5,host-22,1,0,14,1,0,0,0.073781,0,32000,2361,0.073781,131072,2606,0.019882,0,0,1
5,host-23,0,0,14,0,0,0,0.000000,0,32000,0,0.000000,131072,0,0.000000,0,0,0
5,host-24,1,1,14,1,1,0,0.061531,0,32000,1969,0.061531,131072,2257,0.017220,1,0,0
5,host-3,1,0,14,1,0,0,0.033344,0,32000,1067,0.033344,131072,1016,0.007751,0,0,1
5,host-4,1,0,14,1,0,0,0.048531,0,32000,1553,0.048531,131072,1727,0.013176,0,0,1
5,host-5,0,0,14,0,0,0,0.000000,0,32000,0,0.000000,131072,0,0.000000,0,0,0
5,host-6,1,0,14,1,0,0,0.060187,0,32000,1926,0.060187,131072,1810,0.013809,0,0,1
5,host-7,0,0,14,0,0,0,0.000000,0,32000,0,0.000000,131072,0,0.000000,0,0,0
5,host-8,1,0,14,1,0,0,0.059437,0,32000,1902,0.059437,131072,2539,0.019371,0,0,1
5,host-9,1,0,14,1,0,0,0.044000,0,32000,1408,0.044000,131072,1882,0.014359,0,0,1
6,host-1,1,0,14,1,0,0,0.049281,0,32000,1577,0.049281,131072,1927,0.014702,0,0,1
6,host-10,0,0,14,0,0,0,0.000000,0,32000,0,0.000000,131072,0,0.000000,0,0,0
6,host-11,0,0,14,0,0,0,0.000000,0,32000,0,0.000000,131072,0,0.000000,0,0,0
6,host-12,1,0,14,1,0,0,0.023156,0,32000,741,0.023156,131072,815,0.006218,0,0,1
6,host-13,0,0,14,0,0,0,0.000000,0,32000,0,0.000000,131072,0,0.000000,0,0,0
6,host-14,0,0,14,0,0,0,0.000000,0,32000,0,0.000000,131072,0,0.000000,0,0,0
6,host-15,0,0,14,0,0,0,0.000000,0,32000,0,0.000000,131072,0,0.000000,0,0,0
6,host-16,1,0,14,1,0,0,0.059625,0,32000,1908,0.059625,131072,2224,0.016968,0,0,1
6,host-17,1,0,14,1,0,0,0.057906,0,32000,1853,0.057906,131072,1407,0.010735,0,0,1
6,host-18,0,0,14,0,0,0,0.000000,0,32000,0,0.000000,131072,0,0.000000,0,0,0
6,host-19,1,0,14,1,0,0,0.043344,0,32000,1387,0.043344,131072,874,0.006668,0,0,1
6,host-2,1,0,14,1,0,0,0.066531,0,32000,2129,0.066531,131072,2221,0.016945,0,0,1
6,host-20,1,0,14,1,0,0,0.049281,0,32000,1577,0.049281,131072,1927,0.014702,0,0,1
6,host-21,1,1,14,1,1,0,0.048469,0,32000,1551,0.048469,131072,2231,0.017021,1,0,0
6,host-22,1,0,14,1,0,0,0.073781,0,32000,2361,0.073781,131072,2606,0.019882,0,0,1
6,host-23,0,0,14,0,0,0,0.000000,0,32000,0,0.000000,131072,0,0.000000,0,0,0
6,host-24,1,1,14,1,1,0,0.061531,0,32000,1969,0.061531,131072,2257,0.017220,0,1,0
6,host-3,1,0,14,1,0,0,0.033344,0,32000,1067,0.033344,131072,1016,0.007751,0,0,1
6,host-4,1,0,14,1,0,0,0.048531,0,32000,1553,0.048531,131072,1727,0.013176,0,0,1
6,host-5,0,0,14,0,0,0,0.000000,0,32000,0,0.000000,131072,0,0.000000,0,0,0
6,host-6,1,0,14,1,0,0,0.060187,0,32000,1926,0.060187,131072,1810,0.013809,0,0,1
6,host-7,0,0,14,0,0,0,0.000000,0,32000,0,0.000000,131072,0,0.000000,0,0,0
6,host-8,1,0,14,1,0,0,0.059437,0,32000,1902,0.059437,131072,2539,0.019371,0,0,1
6,host-9,1,0,14,1,0,0,0.044000,0,32000,1408,0.044000,131072,1882,0.014359,0,0,1
7,host-1,1,0,14,1,0,0,0.049281,0,32000,1577,0.049281,131072,1927,0.014702,0,0,1
7,host-10,0,0,14,0,0,0,0.000000,0,32000,0,0.000000,131072,0,0.000000,0,0,0
7,host-11,0,0,14,0,0,0,0.000000,0,32000,0,0.000000,131072,0,0.000000,0,0,0
7,host-12,1,0,14,1,0,0,0.023156,0,32000,741,0.023156,131072,815,0.006218,0,0,1
7,host-13,0,0,14,0,0,0,0.000000,0,32000,0,0.000000,131072,0,0.000000,0,0,0
7,host-14,0,0,14,0,0,0,0.000000,0,32000,0,0.000000,131072,0,0.000000,0,0,0
7,host-15,1,1,14,1,1,0,0.048469,0,32000,1551,0.048469,131072,2231,0.017021,1,0,0
7,host-16,1,0,14,1,0,0,0.059625,0,32000,1908,0.059625,131072,2224,0.016968,0,0,1
7,host-17,1,0,14,1,0,0,0.057906,0,32000,1853,0.057906,131072,1407,0.010735,0,0,1
7,host-18,0,0,14,0,0,0,0.000000,0,32000,0,0.000000,131072,0,0.000000,0,0,0
7,host-19,1,0,14,1,0,0,0.043344,0,32000,1387,0.043344,131072,874,0.006668,0,0,1
7,host-2,1,0,14,1,0,0,0.066531,0,32000,2129,0.066531,131072,2221,0.016945,0,0,1
7,host-20,1,0,14,1,0,0,0.049281,0,32000,1577,0.049281,131072,1927,0.014702,0,0,1
7,host-21,1,0,14,1,0,0,0.048469,0,32000,1551,0.048469,131072,2231,0.017021,0,0,1
7,host-22,1,0,14,1,0,0,0.073781,0,32000,2361,0.073781,131072,2606,0.019882,0,0,1
7,host-23,0,0,14,0,0,0,0.000000,0,32000,0,0.000000,131072,0,0.000000,0,0,0
7,host-24,1,0,14,1,0,0,0.061531,0,32000,1969,0.061531,131072,2257,0.017220,0,0,1
7,host-3,1,0,14,1,0,0,0.033344,0,32000,1067,0.033344,131072,1016,0.007751,0,0,1
7,host-4,1,0,14,1,0,0,0.048531,0,32000,1553,0.048531,131072,1727,0.013176,0,0,1
7,host-5,1,1,14,1,1,0,0.056438,0,32000,1806,0.056438,131072,2124,0.016205,1,0,0
7,host-6,1,0,14,1,0,0,0.060187,0,32000,1926,0.060187,131072,1810,0.013809,0,0,1
7,host-7,0,0,14,0,0,0,0.000000,0,32000,0,0.000000,131072,0,0.000000,0,0,0
7,host-8,1,0,14,1,0,0,0.059437,0,32000,1902,0.059437,131072,2539,0.019371,0,0,1
7,host-9,1,0,14,1,0,0,0.044000,0,32000,1408,0.044000,131072,1882,0.014359,0,0,1
8,host-1,1,0,14,1,0,0,0.049281,0,32000,1577,0.049281,131072,1927,0.014702,0,0,1
8,host-10,0,0,14,0,0,0,0.000000,0,32000,0,0.000000,131072,0,0.000000,0,0,0
8,host-11,1,1,14,1,1,0,0.030406,0,32000,973,0.030406,131072,1558,0.011887,1,0,0
8,host-12,1,0,14,1,0,0,0.023156,0,32000,741,0.023156,131072,815,0.006218,0,0,1
8,host-13,1,1,14,1,1,0,0.027250,0,32000,872,0.027250,131072,872,0.006653,1,0,0
8,host-14,0,0,14,0,0,0,0.000000,0,32000,0,0.000000,131072,0,0.000000,0,0,0
8,host-15,1,0,14,1,0,0,0.048469,0,32000,1551,0.048469,131072,2231,0.017021,0,0,1
8,host-16,1,0,14,1,0,0,0.059625,0,32000,1908,0.059625,131072,2224,0.016968,0,0,1
8,host-17,1,0,14,1,0,0,0.057906,0,32000,1853,0.057906,131072,1407,0.010735,0,0,1
8,host-18,0,0,14,0,0,0,0.000000,0,32000,0,0.000000,131072,0,0.000000,0,0,0
8,host-19,1,0,14,1,0,0,0.043344,0,32000,1387,0.043344,131072,874,0.006668,0,0,1
8,host-2,1,0,14,1,0,0,0.066531,0,32000,2129,0.066531,131072,2221,0.016945,0,0,1
8,host-20,1,0,14,1,0,0,0.049281,0,32000,1577,0.049281,131072,1927,0.014702,0,0,1
8,host-21,1,0,14,1,0,0,0.048469,0,32000,1551,0.048469,131072,2231,0.017021,0,0,1
8,host-22,1,0,14,1,0,0,0.073781,0,32000,2361,0.073781,131072,2606,0.019882,0,0,1
8,host-23,0,0,14,0,0,0,0.000000,0,32000,0,0.000000,131072,0,0.000000,0,0,0
8,host-24,1,0,14,1,0,0,0.061531,0,32000,1969,0.061531,131072,2257,0.017220,0,0,1
8,host-3,1,0,14,1,0,0,0.033344,0,32000,1067,0.033344,131072,1016,0.007751,0,0,1
8,host-4,1,0,14,1,0,0,0.048531,0,32000,1553,0.048531,131072,1727,0.013176,0,0,1
8,host-5,1,0,14,1,0,0,0.056438,0,32000,1806,0.056438,131072,2124,0.016205,0,0,1
8,host-6,1,0,14,1,0,0,0.060187,0,32000,1926,0.060187,131072,1810,0.013809,0,0,1
8,host-7,0,0,14,0,0,0,0.000000,0,32000,0,0.000000,131072,0,0.000000,0,0,0
8,host-8,1,0,14,1,0,0,0.059437,0,32000,1902,0.059437,131072,2539,0.019371,0,0,1
8,host-9,1,0,14,1,0,0,0.044000,0,32000,1408,0.044000,131072,1882,0.014359,0,0,1
9,host-1,1,0,14,1,0,0,0.049281,0,32000,1577,0.049281,131072,1927,0.014702,0,0,1
9,host-10,1,1,14,1,1,0,0.025969,0,32000,831,0.025969,131072,1049,0.008003,1,0,0
9,host-11,1,1,14,1,1,0,0.030406,0,32000,973,0.030406,131072,1558,0.011887,0,1,0
9,host-12,1,0,14,1,0,0,0.023156,0,32000,741,0.023156,131072,815,0.006218,0,0,1
9,host-13,1,0,14,1,0,0,0.027250,0,32000,872,0.027250,131072,872,0.006653,0,0,1
9,host-14,1,1,14,1,1,0,0.072156,0,32000,2309,0.072156,131072,2949,0.022499,1,0,0
9,host-15,1,0,14,1,0,0,0.048469,0,32000,1551,0.048469,131072,2231,0.017021,0,0,1
9,host-16,1,0,14,1,0,0,0.059625,0,32000,1908,0.059625,131072,2224,0.016968,0,0,1
9,host-17,1,0,14,1,0,0,0.057906,0,32000,1853,0.057906,131072,1407,0.010735,0,0,1
9,host-18,1,1,14,1,1,0,0.029562,0,32000,946,0.029562,131072,1015,0.007744,1,0,0
9,host-19,1,0,14,1,0,0,0.043344,0,32000,1387,0.043344,131072,874,0.006668,0,0,1
9,host-2,1,0,14,1,0,0,0.066531,0,32000,2129,0.066531,131072,2221,0.016945,0,0,1
9,host-20,1,0,14,1,0,0,0.049281,0,32000,1577,0.049281,131072,1927,0.014702,0,0,1
9,host-21,1,0,14,1,0,0,0.048469,0,32000,1551,0.048469,131072,2231,0.017021,0,0,1
9,host-22,1,0,14,1,0,0,0.073781,0,32000,2361,0.073781,131072,2606,0.019882,0,0,1
9,host-23,1,1,14,1,1,0,0.051437,0,32000,1646,0.051437,131072,1241,0.009468,1,0,0
9,host-24,1,0,14,1,0,0,0.061531,0,32000,1969,0.061531,131072,2257,0.017220,0,0,1
9,host-3,1,0,14,1,0,0,0.033344,0,32000,1067,0.033344,131072,1016,0.007751,0,0,1
9,host-4,1,0,14,1,0,0,0.048531,0,32000,1553,0.048531,131072,1727,0.013176,0,0,1
9,host-5,1,0,14,1,0,0,0.056438,0,32000,1806,0.056438,131072,2124,0.016205,0,0,1
9,host-6,1,0,14,1,0,0,0.060187,0,32000,1926,0.060187,131072,1810,0.013809,0,0,1
9,host-7,1,1,14,1,1,0,0.031844,0,32000,1019,0.031844,131072,563,0.004295,1,0,0
9,host-8,1,0,14,1,0,0,0.059437,0,32000,1902,0.059437,131072,2539,0.019371,0,0,1
9,host-9,1,0,14,1,0,0,0.044000,0,32000,1408,0.044000,131072,1882,0.014359,0,0,1
10,host-1,1,0,14,1,0,0,0.049281,0,32000,1577,0.049281,131072,1927,0.014702,0,0,1
10,host-10,2,1,14,2,1,0,0.055531,0,32000,1777,0.055531,131072,2064,0.015747,1,0,1
10,host-11,1,0,14,1,0,0,0.030406,0,32000,973,0.030406,131072,1558,0.011887,0,0,1
10,host-12,2,0,14,2,0,0,0.049125,0,32000,1572,0.049125,131072,1864,0.014221,0,0,2
10,host-13,1,0,14,1,0,0,0.027250,0,32000,872,0.027250,131072,872,0.006653,0,0,1
10,host-14,1,0,14,1,0,0,0.072156,0,32000,2309,0.072156,131072,2949,0.022499,0,0,1
10,host-15,1,0,14,1,0,0,0.048469,0,32000,1551,0.048469,131072,2231,0.017021,0,0,1
10,host-16,1,0,14,1,0,0,0.059625,0,32000,1908,0.059625,131072,2224,0.016968,0,0,1
10,host-17,1,0,14,1,0,0,0.057906,0,32000,1853,0.057906,131072,1407,0.010735,0,0,1
10,host-18,1,1,14,1,1,0,0.029562,0,32000,946,0.029562,131072,1015,0.007744,1,0,0
10,host-19,1,0,14,1,0,0,0.043344,0,32000,1387,0.043344,131072,874,0.006668,0,0,1
10,host-2,1,0,14,1,0,0,0.066531,0,32000,2129,0.066531,131072,2221,0.016945,0,0,1
10,host-20,1,0,14,1,0,0,0.049281,0,32000,1577,0.049281,131072,1927,0.014702,0,0,1
10,host-21,1,0,14,1,0,0,0.048469,0,32000,1551,0.048469,131072,2231,0.017021,0,0,1
10,host-22,1,0,14,1,0,0,0.073781,0,32000,2361,0.073781,131072,2606,0.019882,0,0,1
10,host-23,1,1,14,1,1,0,0.051437,0,32000,1646,0.051437,131072,1241,0.009468,1,0,0
10,host-24,1,0,14,1,0,0,0.061531,0,32000,1969,0.061531,131072,2257,0.017220,0,0,1
10,host-3,1,0,14,1,0,0,0.033344,0,32000,1067,0.033344,131072,1016,0.007751,0,0,1
10,host-4,1,0,14,1,0,0,0.048531,0,32000,1553,0.048531,131072,1727,0.013176,0,0,1
10,host-5,1,0,14,1,0,0,0.056438,0,32000,1806,0.056438,131072,2124,0.016205,0,0,1
10,host-6,1,0,14,1,0,0,0.060187,0,32000,1926,0.060187,131072,1810,0.013809,0,0,1
10,host-7,1,1,14,1,1,0,0.031844,0,32000,1019,0.031844,131072,563,0.004295,0,1,0
10,host-8,1,0,14,1,0,0,0.059437,0,32000,1902,0.059437,131072,2539,0.019371,0,0,1
10,host-9,1,0,14,1,0,0,0.044000,0,32000,1408,0.044000,131072,1882,0.014359,0,0,1
11,host-1,1,0,14,1,0,0,0.049281,0,32000,1577,0.049281,131072,1927,0.014702,0,0,1
11,host-10,2,1,14,2,1,0,0.055531,0,32000,1777,0.055531,131072,2064,0.015747,0,1,1
11,host-11,1,0,14,1,0,0,0.030406,0,32000,973,0.030406,131072,1558,0.011887,0,0,1
11,host-12,2,0,14,2,0,0,0.049125,0,32000,1572,0.049125,131072,1864,0.014221,0,0,2
11,host-13,2,1,14,2,1,0,0.078687,0,32000,2518,0.078687,131072,2113,0.016121,1,0,1
11,host-14,1,0,14,1,0,0,0.072156,0,32000,2309,0.072156,131072,2949,0.022499,0,0,1
11,host-15,1,0,14,1,0,0,0.048469,0,32000,1551,0.048469,131072,2231,0.017021,0,0,1
11,host-16,1,0,14,1,0,0,0.059625,0,32000,1908,0.059625,131072,2224,0.016968,0,0,1
11,host-17,1,0,14,1,0,0,0.057906,0,32000,1853,0.057906,131072,1407,0.010735,0,0,1
11,host-18,1,0,14,1,0,0,0.029562,0,32000,946,0.029562,131072,1015,0.007744,0,0,1
11,host-19,1,0,14,1,0,0,0.043344,0,32000,1387,0.043344,131072,874,0.006668,0,0,1
11,host-2,1,0,14,1,0,0,0.066531,0,32000,2129,0.066531,131072,2221,0.016945,0,0,1
11,host-20,1,0,14,1,0,0,0.049281,0,32000,1577,0.049281,131072,1927,0.014702,0,0,1
11,host-21,1,0,14,1,0,0,0.048469,0,32000,1551,0.048469,131072,2231,0.017021,0,0,1
11,host-22,1,0,14,1,0,0,0.073781,0,32000,2361,0.073781,131072,2606,0.019882,0,0,1
11,host-23,1,0,14,1,0,0,0.051437,0,32000,1646,0.051437,131072,1241,0.009468,0,0,1
11,host-24,1,0,14,1,0,0,0.061531,0,32000,1969,0.061531,131072,2257,0.017220,0,0,1
11,host-3,1,0,14,1,0,0,0.033344,0,32000,1067,0.033344,131072,1016,0.007751,0,0,1
11,host-4,1,0,14,1,0,0,0.048531,0,32000,1553,0.048531,131072,1727,0.013176,0,0,1
11,host-5,1,0,14,1,0,0,0.056438,0,32000,1806,0.056438,131072,2124,0.016205,0,0,1
11,host-6,1,0,14,1,0,0,0.060187,0,32000,1926,0.060187,131072,1810,0.013809,0,0,1
11,host-7,1,0,14,1,0,0,0.031844,0,32000,1019,0.031844,131072,563,0.004295,0,0,1
11,host-8,1,0,14,1,0,0,0.059437,0,32000,1902,0.059437,131072,2539,0.019371,0,0,1
11,host-9,1,0,14,1,0,0,0.044000,0,32000,1408,0.044000,131072,1882,0.014359,0,0,1
12,host-1,1,0,14,1,0,0,0.049281,0,32000,1577,0.049281,131072,1927,0.014702,0,0,1
12,host-10,2,0,14,2,0,0,0.055531,0,32000,1777,0.055531,131072,2064,0.015747,0,0,2
12,host-11,2,1,14,2,1,0,0.068750,0,32000,2200,0.068750,131072,2462,0.018784,1,0,1
12,host-12,2,0,14,2,0,0,0.049125,0,32000,1572,0.049125,131072,1864,0.014221,0,0,2
12,host-13,2,0,14,2,0,0,0.078687,0,32000,2518,0.078687,131072,2113,0.016121,0,0,2
12,host-14,1,0,14,1,0,0,0.072156,0,32000,2309,0.072156,131072,2949,0.022499,0,0,1
12,host-15,1,0,14,1,0,0,0.048469,0,32000,1551,0.048469,131072,2231,0.017021,0,0,1
12,host-16,1,0,14,1,0,0,0.059625,0,32000,1908,0.059625,131072,2224,0.016968,0,0,1
12,host-17,1,0,14,1,0,0,0.057906,0,32000,1853,0.057906,131072,1407,0.010735,0,0,1
12,host-18,2,1,14,2,1,0,0.073344,0,32000,2347,0.073344,131072,1761,0.013435,1,0,1
12,host-19,1,0,14,1,0,0,0.043344,0,32000,1387,0.043344,131072,874,0.006668,0,0,1
12,host-2,1,0,14,1,0,0,0.066531,0,32000,2129,0.066531,131072,2221,0.016945,0,0,1
12,host-20,1,0,14,1,0,0,0.049281,0,32000,1577,0.049281,131072,1927,0.014702,0,0,1
12,host-21,1,0,14,1,0,0,0.048469,0,32000,1551,0.048469,131072,2231,0.017021,0,0,1
12,host-22,1,0,14,1,0,0,0.073781,0,32000,2361,0.073781,131072,2606,0.019882,0,0,1
12,host-23,1,0,14,1,0,0,0.051437,0,32000,1646,0.051437,131072,1241,0.009468,0,0,1
12,host-24,1,0,14,1,0,0,0.061531,0,32000,1969,0.061531,131072,2257,0.017220,0,0,1
12,host-3,1,0,14,1,0,0,0.033344,0,32000,1067,0.033344,131072,1016,0.007751,0,0,1
12,host-4,1,0,14,1,0,0,0.048531,0,32000,1553,0.048531,131072,1727,0.013176,0,0,1
12,host-5,1,0,14,1,0,0,0.056438,0,32000,1806,0.056438,131072,2124,0.016205,0,0,1
12,host-6,1,0,14,1,0,0,0.060187,0,32000,1926,0.060187,131072,1810,0.013809,0,0,1
12,host-7,1,0,14,1,0,0,0.031844,0,32000,1019,0.031844,131072,563,0.004295,0,0,1
12,host-8,1,0,14,1,0,0,0.059437,0,32000,1902,0.059437,131072,2539,0.019371,0,0,1
12,host-9,1,0,14,1,0,0,0.044000,0,32000,1408,0.044000,131072,1882,0.014359,0,0,1
13,host-1,1,0,14,1,0,0,0.049281,0,32000,1577,0.049281,131072,1927,0.014702,0,0,1
13,host-10,2,0,14,2,0,0,0.055531,0,32000,1777,0.055531,131072,2064,0.015747,0,0,2
13,host-11,2,1,14,2,1,0,0.068750,0,32000,2200,0.068750,131072,2462,0.018784,1,0,1
13,host-12,2,0,14,2,0,0,0.049125,0,32000,1572,0.049125,131072,1864,0.014221,0,0,2
13,host-13,2,0,14,2,0,0,0.078687,0,32000,2518,0.078687,131072,2113,0.016121,0,0,2
13,host-14,1,0,14,1,0,0,0.072156,0,32000,2309,0.072156,131072,2949,0.022499,0,0,1
13,host-15,1,0,14,1,0,0,0.048469,0,32000,1551,0.048469,131072,2231,0.017021,0,0,1
13,host-16,1,0,14,1,0,0,0.059625,0,32000,1908,0.059625,131072,2224,0.016968,0,0,1
13,host-17,1,0,14,1,0,0,0.057906,0,32000,1853,0.057906,131072,1407,0.010735,0,0,1
13,host-18,2,1,14,2,1,0,0.073344,0,32000,2347,0.073344,131072,1761,0.013435,1,0,1
13,host-19,1,0,14,1,0,0,0.043344,0,32000,1387,0.043344,131072,874,0.006668,0,0,1
13,host-2,1,0,14,1,0,0,0.066531,0,32000,2129,0.066531,131072,2221,0.016945,0,0,1
13,host-20,1,0,14,1,0,0,0.049281,0,32000,1577,0.049281,131072,1927,0.014702,0,0,1
13,host-21,1,0,14,1,0,0,0.048469,0,32000,1551,0.048469,131072,2231,0.017021,0,0,1
13,host-22,1,0,14,1,0,0,0.073781,0,32000,2361,0.073781,131072,2606,0.019882,0,0,1
13,host-23,1,0,14,1,0,0,0.051437,0,32000,1646,0.051437,131072,1241,0.009468,0,0,1
13,host-24,1,0,14,1,0,0,0.061531,0,32000,1969,0.061531,131072,2257,0.017220,0,0,1
13,host-3,1,0,14,1,0,0,0.033344,0,32000,1067,0.033344,131072,1016,0.007751,0,0,1
13,host-4,1,0,14,1,0,0,0.048531,0,32000,1553,0.048531,131072,1727,0.013176,0,0,1
13,host-5,1,0,14,1,0,0,0.056438,0,32000,1806,0.056438,131072,2124,0.016205,0,0,1
13,host-6,1,0,14,1,0,0,0.060187,0,32000,1926,0.060187,131072,1810,0.013809,0,0,1
13,host-7,1,0,14,1,0,0,0.031844,0,32000,1019,0.031844,131072,563,0.004295,0,0,1
13,host-8,1,0,14,1,0,0,0.059437,0,32000,1902,0.059437,131072,2539,0.019371,0,0,1
13,host-9,1,0,14,1,0,0,0.044000,0,32000,1408,0.044000,131072,1882,0.014359,0,0,1
14,host-1,1,0,14,1,0,0,0.049281,0,32000,1577,0.049281,131072,1927,0.014702,0,0,1
14,host-10,2,0,14,2,0,0,0.055531,0,32000,1777,0.055531,131072,2064,0.015747,0,0,2
14,host-11,2,0,14,2,0,0,0.068750,0,32000,2200,0.068750,131072,2462,0.018784,0,0,2
14,host-12,2,0,14,2,0,0,0.049125,0,32000,1572,0.049125,131072,1864,0.014221,0,0,2
14,host-13,2,0,14,2,0,0,0.078687,0,32000,2518,0.078687,131072,2113,0.016121,0,0,2
14,host-14,1,0,14,1,0,0,0.072156,0,32000,2309,0.072156,131072,2949,0.022499,0,0,1
14,host-15,1,0,14,1,0,0,0.048469,0,32000,1551,0.048469,131072,2231,0.017021,0,0,1
14,host-16,1,0,14,1,0,0,0.059625,0,32000,1908,0.059625,131072,2224,0.016968,0,0,1
14,host-17,1,0,14,1,0,0,0.057906,0,32000,1853,0.057906,131072,1407,0.010735,0,0,1
14,host-18,2,0,14,2,0,0,0.073344,0,32000,2347,0.073344,131072,1761,0.013435,0,0,2
14,host-19,1,0,14,1,0,0,0.043344,0,32000,1387,0.043344,131072,874,0.006668,0,0,1
14,host-2,1,0,14,1,0,0,0.066531,0,32000,2129,0.066531,131072,2221,0.016945,0,0,1
14,host-20,1,0,14,1,0,0,0.049281,0,32000,1577,0.049281,131072,1927,0.014702,0,0,1
14,host-21,1,0,14,1,0,0,0.048469,0,32000,1551,0.048469,131072,2231,0.017021,0,0,1
14,host-22,1,0,14,1,0,0,0.073781,0,32000,2361,0.073781,131072,2606,0.019882,0,0,1
14,host-23,1,0,14,1,0,0,0.051437,0,32000,1646,0.051437,131072,1241,0.009468,0,0,1
14,host-24,1,0,14,1,0,0,0.061531,0,32000,1969,0.061531,131072,2257,0.017220,0,0,1
14,host-3,2,1,14,2,1,0,0.110562,0,32000,3538,0.110562,131072,3314,0.025284,1,0,1
14,host-4,1,0,14,1,0,0,0.048531,0,32000,1553,0.048531,131072,1727,0.013176,0,0,1
14,host-5,1,0,14,1,0,0,0.056438,0,32000,1806,0.056438,131072,2124,0.016205,0,0,1
14,host-6,1,0,14,1,0,0,0.060187,0,32000,1926,0.060187,131072,1810,0.013809,0,0,1
14,host-7,2,1,14,2,1,0,0.102938,0,32000,3294,0.102938,131072,2877,0.021950,0,1,1
14,host-8,1,0,14,1,0,0,0.059437,0,32000,1902,0.059437,131072,2539,0.019371,0,0,1
14,host-9,1,0,14,1,0,0,0.044000,0,32000,1408,0.044000,131072,1882,0.014359,0,0,1
15,host-1,3,2,14,3,2,0,0.143406,0,32000,4589,0.143406,131072,4679,0.035698,2,0,1
15,host-10,3,1,14,3,1,0,0.100719,0,32000,3223,0.100719,131072,3508,0.026764,1,0,2
15,host-11,3,1,14,3,1,0,0.094875,0,32000,3036,0.094875,131072,2953,0.022530,1,0,2
15,host-12,3,1,14,3,1,0,0.099406,0,32000,3181,0.099406,131072,3393,0.025887,1,0,2
15,host-13,3,1,14,3,1,0,0.109594,0,32000,3507,0.109594,131072,3144,0.023987,1,0,2
15,host-14,2,1,14,2,1,0,0.104656,0,32000,3349,0.104656,131072,3801,0.028999,1,0,1
15,host-15,2,1,14,2,1,0,0.114844,0,32000,3675,0.114844,131072,4615,0.035210,1,0,1
15,host-16,3,2,14,3,2,0,0.143344,0,32000,4587,0.143344,131072,4198,0.032028,2,0,1
15,host-17,2,1,14,2,1,0,0.132031,0,32000,4225,0.132031,131072,3784,0.028870,1,0,1
15,host-18,3,1,14,3,1,0,0.137656,0,32000,4405,0.137656,131072,3150,0.024033,1,0,2
15,host-19,2,1,14,2,1,0,0.095906,0,32000,3069,0.095906,131072,2627,0.020042,1,0,1
15,host-2,2,1,14,2,1,0,0.130500,0,32000,4176,0.130500,131072,4573,0.034889,1,0,1
15,host-20,2,1,14,2,1,0,0.093781,0,32000,3001,0.093781,131072,3075,0.023460,1,0,1
15,host-21,3,2,14,3,2,0,0.126156,0,32000,4037,0.126156,131072,4545,0.034676,2,0,1
15,host-22,2,1,14,2,1,0,0.145187,0,32000,4646,0.145187,131072,5174,0.039474,1,0,1
15,host-23,2,1,14,2,1,0,0.099812,0,32000,3194,0.099812,131072,2284,0.017426,1,0,1
15,host-24,2,1,14,2,1,0,0.140625,0,32000,4500,0.140625,131072,4739,0.036156,1,0,1
15,host-3,2,0,14,2,0,0,0.110562,0,32000,3538,0.110562,131072,3314,0.025284,0,0,2
15,host-4,2,1,14,2,1,0,0.106438,0,32000,3406,0.106438,131072,3125,0.023842,1,0,1
15,host-5,2,1,14,2,1,0,0.118625,0,32000,3796,0.118625,131072,4001,0.030525,1,0,1
15,host-6,2,1,14,2,1,0,0.095000,0,32000,3040,0.095000,131072,3346,0.025528,1,0,1
15,host-7,2,1,14,2,1,0,0.102938,0,32000,3294,0.102938,131072,2877,0.021950,0,1,1
15,host-8,2,1,14,2,1,0,0.123500,0,32000,3952,0.123500,131072,5225,0.039864,1,0,1
15,host-9,3,2,14,3,2,0,0.126062,0,32000,4034,0.126062,131072,4962,0.037857,2,0,1
16,host-1,3,1,14,3,1,0,0.143406,0,32000,4589,0.143406,131072,4679,0.035698,1,0,2
16,host-10,3,0,14,3,0,0,0.100719,0,32000,3223,0.100719,131072,3508,0.026764,0,0,3
16,host-11,4,2,14,4,2,0,0.145687,0,32000,4662,0.145687,131072,4536,0.034607,2,0,2
16,host-12,3,1,14,3,1,0,0.099406,0,32000,3181,0.099406,131072,3393,0.025887,1,0,2
16,host-13,3,0,14,3,0,0,0.109594,0,32000,3507,0.109594,131072,3144,0.023987,0,0,3
16,host-14,2,0,14,2,0,0,0.104656,0,32000,3349,0.104656,131072,3801,0.028999,0,0,2
16,host-15,2,1,14,2,1,0,0.114844,0,32000,3675,0.114844,131072,4615,0.035210,1,0,1
16,host-16,3,1,14,3,1,0,0.143344,0,32000,4587,0.143344,131072,4198,0.032028,1,0,2
16,host-17,2,1,14,2,1,0,0.132031,0,32000,4225,0.132031,131072,3784,0.028870,1,0,1
16,host-18,3,0,14,3,0,0,0.137656,0,32000,4405,0.137656,131072,3150,0.024033,0,0,3
16,host-19,2,0,14,2,0,0,0.095906,0,32000,3069,0.095906,131072,2627,0.020042,0,0,2
16,host-2,2,0,14,2,0,0,0.130500,0,32000,4176,0.130500,131072,4573,0.034889,0,0,2
16,host-20,3,1,14,3,1,0,0.139750,0,32000,4472,0.139750,131072,3779,0.028831,0,1,2
16,host-21,3,1,14,3,1,0,0.126156,0,32000,4037,0.126156,131072,4545,0.034676,1,0,2
16,host-22,2,1,14,2,1,0,0.145187,0,32000,4646,0.145187,131072,5174,0.039474,1,0,1
16,host-23,2,1,14,2,1,0,0.099812,0,32000,3194,0.099812,131072,2284,0.017426,1,0,1
16,host-24,2,0,14,2,0,0,0.140625,0,32000,4500,0.140625,131072,4739,0.036156,0,0,2
16,host-3,2,0,14,2,0,0,0.110562,0,32000,3538,0.110562,131072,3314,0.025284,0,0,2
16,host-4,2,0,14,2,0,0,0.106438,0,32000,3406,0.106438,131072,3125,0.023842,0,0,2
16,host-5,2,0,14,2,0,0,0.118625,0,32000,3796,0.118625,131072,4001,0.030525,0,0,2
16,host-6,2,0,14,2,0,0,0.095000,0,32000,3040,0.095000,131072,3346,0.025528,0,0,2
16,host-7,2,0,14,2,0,0,0.102938,0,32000,3294,0.102938,131072,2877,0.021950,0,0,2
16,host-8,2,0,14,2,0,0,0.123500,0,32000,3952,0.123500,131072,5225,0.039864,0,0,2
16,host-9,3,0,14,3,0,0,0.126062,0,32000,4034,0.126062,131072,4962,0.037857,0,0,3
17,host-1,3,0,14,3,0,0,0.143406,0,32000,4589,0.143406,131072,4679,0.035698,0,0,3
17,host-10,3,0,14,3,0,0,0.100719,0,32000,3223,0.100719,131072,3508,0.026764,0,0,3
17,host-11,4,0,14,4,0,0,0.145687,0,32000,4662,0.145687,131072,4536,0.034607,0,0,4
17,host-12,3,0,14,3,0,0,0.099406,0,32000,3181,0.099406,131072,3393,0.025887,0,0,3
17,host-13,3,0,14,3,0,0,0.109594,0,32000,3507,0.109594,131072,3144,0.023987,0,0,3
17,host-14,2,0,14,2,0,0,0.104656,0,32000,3349,0.104656,131072,3801,0.028999,0,0,2
17,host-15,2,0,14,2,0,0,0.114844,0,32000,3675,0.114844,131072,4615,0.035210,0,0,2
17,host-16,3,0,14,3,0,0,0.143344,0,32000,4587,0.143344,131072,4198,0.032028,0,0,3
17,host-17,2,0,14,2,0,0,0.132031,0,32000,4225,0.132031,131072,3784,0.028870,0,0,2
17,host-18,3,0,14,3,0,0,0.137656,0,32000,4405,0.137656,131072,3150,0.024033,0,0,3
17,host-19,3,1,14,3,1,0,0.122781,0,32000,3929,0.122781,131072,3158,0.024094,1,0,2
17,host-2,2,0,14,2,0,0,0.130500,0,32000,4176,0.130500,131072,4573,0.034889,0,0,2
17,host-20,3,0,14,3,0,0,0.139750,0,32000,4472,0.139750,131072,3779,0.028831,0,0,3
17,host-21,3,0,14,3,0,0,0.126156,0,32000,4037,0.126156,131072,4545,0.034676,0,0,3
17,host-22,2,0,14,2,0,0,0.145187,0,32000,4646,0.145187,131072,5174,0.039474,0,0,2
17,host-23,2,0,14,2,0,0,0.099812,0,32000,3194,0.099812,131072,2284,0.017426,0,0,2
17,host-24,2,0,14,2,0,0,0.140625,0,32000,4500,0.140625,131072,4739,0.036156,0,0,2
17,host-3,2,0,14,2,0,0,0.110562,0,32000,3538,0.110562,131072,3314,0.025284,0,0,2
17,host-4,2,0,14,2,0,0,0.106438,0,32000,3406,0.106438,131072,3125,0.023842,0,0,2
17,host-5,2,0,14,2,0,0,0.118625,0,32000,3796,0.118625,131072,4001,0.030525,0,0,2
17,host-6,3,1,14,3,1,0,0.145937,0,32000,4670,0.145937,131072,4879,0.037224,1,0,2
17,host-7,2,0,14,2,0,0,0.102938,0,32000,3294,0.102938,131072,2877,0.021950,0,0,2
17,host-8,2,0,14,2,0,0,0.123500,0,32000,3952,0.123500,131072,5225,0.039864,0,0,2
17,host-9,3,0,14,3,0,0,0.126062,0,32000,4034,0.126062,131072,4962,0.037857,0,0,3
18,host-1,3,0,14,3,0,0,0.143406,0,32000,4589,0.143406,131072,4679,0.035698,0,0,3
18,host-10,4,1,14,4,1,0,0.159062,0,32000,5090,0.159062,131072,4696,0.035828,1,0,3
18,host-11,4,0,14,4,0,0,0.145687,0,32000,4662,0.145687,131072,4536,0.034607,0,0,4
18,host-12,4,1,14,4,1,0,0.159000,0,32000,5088,0.159000,131072,5717,0.043617,1,0,3
18,host-13,3,0,14,3,0,0,0.109594,0,32000,3507,0.109594,131072,3144,0.023987,0,0,3
18,host-14,3,1,14,3,1,0,0.149531,0,32000,4785,0.149531,131072,4614,0.035202,1,0,2
18,host-15,2,0,14,2,0,0,0.114844,0,32000,3675,0.114844,131072,4615,0.035210,0,0,2
18,host-16,3,0,14,3,0,0,0.143344,0,32000,4587,0.143344,131072,4198,0.032028,0,0,3
18,host-17,2,0,14,2,0,0,0.132031,0,32000,4225,0.132031,131072,3784,0.028870,0,0,2
18,host-18,3,0,14,3,0,0,0.137656,0,32000,4405,0.137656,131072,3150,0.024033,0,0,3
18,host-19,3,0,14,3,0,0,0.122781,0,32000,3929,0.122781,131072,3158,0.024094,0,0,3
18,host-2,2,0,14,2,0,0,0.130500,0,32000,4176,0.130500,131072,4573,0.034889,0,0,2
18,host-20,3,0,14,3,0,0,0.139750,0,32000,4472,0.139750,131072,3779,0.028831,0,0,3
18,host-21,3,0,14,3,0,0,0.126156,0,32000,4037,0.126156,131072,4545,0.034676,0,0,3
18,host-22,2,0,14,2,0,0,0.145187,0,32000,4646,0.145187,131072,5174,0.039474,0,0,2
18,host-23,3,1,14,3,1,0,0.136313,0,32000,4362,0.136313,131072,2634,0.020096,1,0,2
18,host-24,2,0,14,2,0,0,0.140625,0,32000,4500,0.140625,131072,4739,0.036156,0,0,2
18,host-3,2,0,14,2,0,0,0.110562,0,32000,3538,0.110562,131072,3314,0.025284,0,0,2
18,host-4,2,0,14,2,0,0,0.106438,0,32000,3406,0.106438,131072,3125,0.023842,0,0,2
18,host-5,2,0,14,2,0,0,0.118625,0,32000,3796,0.118625,131072,4001,0.030525,0,0,2
18,host-6,3,0,14,3,0,0,0.145937,0,32000,4670,0.145937,131072,4879,0.037224,0,0,3
18,host-7,3,1,14,3,1,0,0.157500,0,32000,5040,0.157500,131072,4126,0.031479,1,0,2
18,host-8,2,1,14,2,1,0,0.123500,0,32000,3952,0.123500,131072,5225,0.039864,0,1,1
18,host-9,3,0,14,3,0,0,0.126062,0,32000,4034,0.126062,131072,4962,0.037857,0,0,3
19,host-1,3,0,14,3,0,0,0.143406,0,32000,4589,0.143406,131072,4679,0.035698,0,0,3
19,host-10,4,1,14,4,1,0,0.159062,0,32000,5090,0.159062,131072,4696,0.035828,1,0,3
19,host-11,4,0,14,4,0,0,0.145687,0,32000,4662,0.145687,131072,4536,0.034607,0,0,4
19,host-12,4,1,14,4,1,0,0.159000,0,32000,5088,0.159000,131072,5717,0.043617,0,1,3
19,host-13,3,0,14,3,0,0,0.109594,0,32000,3507,0.109594,131072,3144,0.023987,0,0,3
19,host-14,3,1,14,3,1,0,0.149531,0,32000,4785,0.149531,131072,4614,0.035202,1,0,2
19,host-15,2,0,14,2,0,0,0.114844,0,32000,3675,0.114844,131072,4615,0.035210,0,0,2
19,host-16,3,0,14,3,0,0,0.143344,0,32000,4587,0.143344,131072,4198,0.032028,0,0,3
19,host-17,2,0,14,2,0,0,0.132031,0,32000,4225,0.132031,131072,3784,0.028870,0,0,2
19,host-18,3,0,14,3,0,0,0.137656,0,32000,4405,0.137656,131072,3150,0.024033,0,0,3
19,host-19,3,0,14,3,0,0,0.122781,0,32000,3929,0.122781,131072,3158,0.024094,0,0,3
19,host-2,2,0,14,2,0,0,0.130500,0,32000,4176,0.130500,131072,4573,0.034889,0,0,2
19,host-20,3,0,14,3,0,0,0.139750,0,32000,4472,0.139750,131072,3779,0.028831,0,0,3
19,host-21,3,0,14,3,0,0,0.126156,0,32000,4037,0.126156,131072,4545,0.034676,0,0,3
19,host-22,2,0,14,2,0,0,0.145187,0,32000,4646,0.145187,131072,5174,0.039474,0,0,2
19,host-23,3,0,14,3,0,0,0.136313,0,32000,4362,0.136313,131072,2634,0.020096,0,0,3
19,host-24,2,0,14,2,0,0,0.140625,0,32000,4500,0.140625,131072,4739,0.036156,0,0,2
19,host-3,2,0,14,2,0,0,0.110562,0,32000,3538,0.110562,131072,3314,0.025284,0,0,2
19,host-4,3,1,14,3,1,0,0.168594,0,32000,5395,0.168594,131072,4592,0.035034,1,0,2
19,host-5,2,0,14,2,0,0,0.118625,0,32000,3796,0.118625,131072,4001,0.030525,0,0,2
19,host-6,3,0,14,3,0,0,0.145937,0,32000,4670,0.145937,131072,4879,0.037224,0,0,3
19,host-7,3,1,14,3,1,0,0.157500,0,32000,5040,0.157500,131072,4126,0.031479,1,0,2
19,host-8,2,0,14,2,0,0,0.123500,0,32000,3952,0.123500,131072,5225,0.039864,0,0,2
19,host-9,3,0,14,3,0,0,0.126062,0,32000,4034,0.126062,131072,4962,0.037857,0,0,3
20,host-1,3,0,14,3,0,0,0.143406,0,32000,4589,0.143406,131072,4679,0.035698,0,0,3
20,host-10,4,0,14,4,0,0,0.159062,0,32000,5090,0.159062,131072,4696,0.035828,0,0,4
20,host-11,4,0,14,4,0,0,0.145687,0,32000,4662,0.145687,131072,4536,0.034607,0,0,4
20,host-12,4,0,14,4,0,0,0.159000,0,32000,5088,0.159000,131072,5717,0.043617,0,0,4
20,host-13,4,1,14,4,1,0,0.167937,0,32000,5374,0.167937,131072,4332,0.033051,1,0,3
20,host-14,3,0,14,3,0,0,0.149531,0,32000,4785,0.149531,131072,4614,0.035202,0,0,3
20,host-15,2,0,14,2,0,0,0.114844,0,32000,3675,0.114844,131072,4615,0.035210,0,0,2
20,host-16,3,0,14,3,0,0,0.143344,0,32000,4587,0.143344,131072,4198,0.032028,0,0,3
20,host-17,2,0,14,2,0,0,0.132031,0,32000,4225,0.132031,131072,3784,0.028870,0,0,2
20,host-18,3,0,14,3,0,0,0.137656,0,32000,4405,0.137656,131072,3150,0.024033,0,0,3
20,host-19,3,0,14,3,0,0,0.122781,0,32000,3929,0.122781,131072,3158,0.024094,0,0,3
20,host-2,2,0,14,2,0,0,0.130500,0,32000,4176,0.130500,131072,4573,0.034889,0,0,2
20,host-20,3,0,14,3,0,0,0.139750,0,32000,4472,0.139750,131072,3779,0.028831,0,0,3
20,host-21,3,0,14,3,0,0,0.126156,0,32000,4037,0.126156,131072,4545,0.034676,0,0,3
20,host-22,2,0,14,2,0,0,0.145187,0,32000,4646,0.145187,131072,5174,0.039474,0,0,2
20,host-23,3,0,14,3,0,0,0.136313,0,32000,4362,0.136313,131072,2634,0.020096,0,0,3
20,host-24,2,0,14,2,0,0,0.140625,0,32000,4500,0.140625,131072,4739,0.036156,0,0,2
20,host-3,2,0,14,2,0,0,0.110562,0,32000,3538,0.110562,131072,3314,0.025284,0,0,2
20,host-4,3,1,14,3,1,0,0.168594,0,32000,5395,0.168594,131072,4592,0.035034,1,0,2
20,host-5,2,0,14,2,0,0,0.118625,0,32000,3796,0.118625,131072,4001,0.030525,0,0,2
20,host-6,3,0,14,3,0,0,0.145937,0,32000,4670,0.145937,131072,4879,0.037224,0,0,3
20,host-7,3,0,14,3,0,0,0.157500,0,32000,5040,0.157500,131072,4126,0.031479,0,0,3
20,host-8,2,0,14,2,0,0,0.123500,0,32000,3952,0.123500,131072,5225,0.039864,0,0,2
20,host-9,3,0,14,3,0,0,0.126062,0,32000,4034,0.126062,131072,4962,0.037857,0,0,3
21,host-1,3,0,14,3,0,0,0.143406,0,32000,4589,0.143406,131072,4679,0.035698,0,0,3
21,host-10,4,0,14,4,0,0,0.159062,0,32000,5090,0.159062,131072,4696,0.035828,0,0,4
21,host-11,4,0,14,4,0,0,0.145687,0,32000,4662,0.145687,131072,4536,0.034607,0,0,4
21,host-12,4,0,14,4,0,0,0.159000,0,32000,5088,0.159000,131072,5717,0.043617,0,0,4
21,host-13,4,1,14,4,1,0,0.167937,0,32000,5374,0.167937,131072,4332,0.033051,0,1,3
21,host-14,3,0,14,3,0,0,0.149531,0,32000,4785,0.149531,131072,4614,0.035202,0,0,3
21,host-15,3,1,14,3,1,0,0.148938,0,32000,4766,0.148938,131072,6075,0.046349,1,0,2
21,host-16,3,0,14,3,0,0,0.143344,0,32000,4587,0.143344,131072,4198,0.032028,0,0,3
21,host-17,2,0,14,2,0,0,0.132031,0,32000,4225,0.132031,131072,3784,0.028870,0,0,2
21,host-18,3,0,14,3,0,0,0.137656,0,32000,4405,0.137656,131072,3150,0.024033,0,0,3
21,host-19,4,1,14,4,1,0,0.188625,0,32000,6036,0.188625,131072,5021,0.038307,1,0,3
21,host-2,2,0,14,2,0,0,0.130500,0,32000,4176,0.130500,131072,4573,0.034889,0,0,2
21,host-20,3,0,14,3,0,0,0.139750,0,32000,4472,0.139750,131072,3779,0.028831,0,0,3
21,host-21,3,0,14,3,0,0,0.126156,0,32000,4037,0.126156,131072,4545,0.034676,0,0,3
21,host-22,2,0,14,2,0,0,0.145187,0,32000,4646,0.145187,131072,5174,0.039474,0,0,2
21,host-23,3,0,14,3,0,0,0.136313,0,32000,4362,0.136313,131072,2634,0.020096,0,0,3
21,host-24,2,0,14,2,0,0,0.140625,0,32000,4500,0.140625,131072,4739,0.036156,0,0,2
21,host-3,3,1,14,3,1,0,0.163438,0,32000,5230,0.163438,131072,5336,0.040710,1,0,2
21,host-4,3,0,14,3,0,0,0.168594,0,32000,5395,0.168594,131072,4592,0.035034,0,0,3
21,host-5,3,1,14,3,1,0,0.153875,0,32000,4924,0.153875,131072,5631,0.042961,1,0,2
21,host-6,3,0,14,3,0,0,0.145937,0,32000,4670,0.145937,131072,4879,0.037224,0,0,3
21,host-7,3,0,14,3,0,0,0.157500,0,32000,5040,0.157500,131072,4126,0.031479,0,0,3
21,host-8,3,1,14,3,1,0,0.176437,0,32000,5646,0.176437,131072,7486,0.057114,1,0,2
21,host-9,4,1,14,4,1,0,0.189250,0,32000,6056,0.189250,131072,7231,0.055168,1,0,3
22,host-1,3,0,14,3,0,0,0.143406,0,32000,4589,0.143406,131072,4679,0.035698,0,0,3
22,host-10,4,0,14,4,0,0,0.159062,0,32000,5090,0.159062,131072,4696,0.035828,0,0,4
22,host-11,4,0,14,4,0,0,0.145687,0,32000,4662,0.145687,131072,4536,0.034607,0,0,4
22,host-12,4,0,14,4,0,0,0.159000,0,32000,5088,0.159000,131072,5717,0.043617,0,0,4
22,host-13,4,0,14,4,0,0,0.167937,0,32000,5374,0.167937,131072,4332,0.033051,0,0,4
22,host-14,3,0,14,3,0,0,0.149531,0,32000,4785,0.149531,131072,4614,0.035202,0,0,3
22,host-15,3,1,14,3,1,0,0.148938,0,32000,4766,0.148938,131072,6075,0.046349,1,0,2
22,host-16,3,0,14,3,0,0,0.143344,0,32000,4587,0.143344,131072,4198,0.032028,0,0,3
22,host-17,2,0,14,2,0,0,0.132031,0,32000,4225,0.132031,131072,3784,0.028870,0,0,2
22,host-18,3,0,14,3,0,0,0.137656,0,32000,4405,0.137656,131072,3150,0.024033,0,0,3
22,host-19,4,2,14,4,2,0,0.188625,0,32000,6036,0.188625,131072,5021,0.038307,1,1,2
22,host-2,2,0,14,2,0,0,0.130500,0,32000,4176,0.130500,131072,4573,0.034889,0,0,2
22,host-20,3,0,14,3,0,0,0.139750,0,32000,4472,0.139750,131072,3779,0.028831,0,0,3
22,host-21,4,1,14,4,1,0,0.166406,0,32000,5325,0.166406,131072,5828,0.044464,1,0,3
22,host-22,2,0,14,2,0,0,0.145187,0,32000,4646,0.145187,131072,5174,0.039474,0,0,2
22,host-23,3,0,14,3,0,0,0.136313,0,32000,4362,0.136313,131072,2634,0.020096,0,0,3
22,host-24,2,0,14,2,0,0,0.140625,0,32000,4500,0.140625,131072,4739,0.036156,0,0,2
22,host-3,3,1,14,3,1,0,0.163438,0,32000,5230,0.163438,131072,5336,0.040710,1,0,2
22,host-4,3,0,14,3,0,0,0.168594,0,32000,5395,0.168594,131072,4592,0.035034,0,0,3
22,host-5,3,1,14,3,1,0,0.153875,0,32000,4924,0.153875,131072,5631,0.042961,1,0,2
22,host-6,3,0,14,3,0,0,0.145937,0,32000,4670,0.145937,131072,4879,0.037224,0,0,3
22,host-7,3,0,14,3,0,0,0.157500,0,32000,5040,0.157500,131072,4126,0.031479,0,0,3
22,host-8,3,0,14,3,0,0,0.176437,0,32000,5646,0.176437,131072,7486,0.057114,0,0,3
22,host-9,4,0,14,4,0,0,0.189250,0,32000,6056,0.189250,131072,7231,0.055168,0,0,4
23,host-1,3,0,14,3,0,0,0.143406,0,32000,4589,0.143406,131072,4679,0.035698,0,0,3
23,host-10,4,0,14,4,0,0,0.159062,0,32000,5090,0.159062,131072,4696,0.035828,0,0,4
23,host-11,4,0,14,4,0,0,0.145687,0,32000,4662,0.145687,131072,4536,0.034607,0,0,4
23,host-12,4,0,14,4,0,0,0.159000,0,32000,5088,0.159000,131072,5717,0.043617,0,0,4
23,host-13,4,0,14,4,0,0,0.167937,0,32000,5374,0.167937,131072,4332,0.033051,0,0,4
23,host-14,3,0,14,3,0,0,0.149531,0,32000,4785,0.149531,131072,4614,0.035202,0,0,3
23,host-15,3,1,14,3,1,0,0.148938,0,32000,4766,0.148938,131072,6075,0.046349,0,1,2
23,host-16,3,0,14,3,0,0,0.143344,0,32000,4587,0.143344,131072,4198,0.032028,0,0,3
23,host-17,2,0,14,2,0,0,0.132031,0,32000,4225,0.132031,131072,3784,0.028870,0,0,2
23,host-18,3,0,14,3,0,0,0.137656,0,32000,4405,0.137656,131072,3150,0.024033,0,0,3
23,host-19,4,0,14,4,0,0,0.188625,0,32000,6036,0.188625,131072,5021,0.038307,0,0,4
23,host-2,3,1,14,3,1,0,0.194688,0,32000,6230,0.194688,131072,7166,0.054672,1,0,2
23,host-20,3,0,14,3,0,0,0.139750,0,32000,4472,0.139750,131072,3779,0.028831,0,0,3
23,host-21,4,0,14,4,0,0,0.166406,0,32000,5325,0.166406,131072,5828,0.044464,0,0,4
23,host-22,2,0,14,2,0,0,0.145187,0,32000,4646,0.145187,131072,5174,0.039474,0,0,2
23,host-23,3,0,14,3,0,0,0.136313,0,32000,4362,0.136313,131072,2634,0.020096,0,0,3
23,host-24,2,0,14,2,0,0,0.140625,0,32000,4500,0.140625,131072,4739,0.036156,0,0,2
23,host-3,3,0,14,3,0,0,0.163438,0,32000,5230,0.163438,131072,5336,0.040710,0,0,3
23,host-4,3,0,14,3,0,0,0.168594,0,32000,5395,0.168594,131072,4592,0.035034,0,0,3
23,host-5,3,1,14,3,1,0,0.153875,0,32000,4924,0.153875,131072,5631,0.042961,0,1,2
23,host-6,3,0,14,3,0,0,0.145937,0,32000,4670,0.145937,131072,4879,0.037224,0,0,3
23,host-7,3,0,14,3,0,0,0.157500,0,32000,5040,0.157500,131072,4126,0.031479,0,0,3
23,host-8,3,0,14,3,0,0,0.176437,0,32000,5646,0.176437,131072,7486,0.057114,0,0,3
23,host-9,4,0,14,4,0,0,0.189250,0,32000,6056,0.189250,131072,7231,0.055168,0,0,4
24,host-1,3,0,14,3,0,0,0.143406,0,32000,4589,0.143406,131072,4679,0.035698,0,0,3
24,host-10,4,0,14,4,0,0,0.159062,0,32000,5090,0.159062,131072,4696,0.035828,0,0,4
24,host-11,4,0,14,4,0,0,0.145687,0,32000,4662,0.145687,131072,4536,0.034607,0,0,4
24,host-12,4,0,14,4,0,0,0.159000,0,32000,5088,0.159000,131072,5717,0.043617,0,0,4
24,host-13,4,0,14,4,0,0,0.167937,0,32000,5374,0.167937,131072,4332,0.033051,0,0,4
24,host-14,3,0,14,3,0,0,0.149531,0,32000,4785,0.149531,131072,4614,0.035202,0,0,3
24,host-15,3,0,14,3,0,0,0.148938,0,32000,4766,0.148938,131072,6075,0.046349,0,0,3
24,host-16,3,0,14,3,0,0,0.143344,0,32000,4587,0.143344,131072,4198,0.032028,0,0,3
24,host-17,3,1,14,3,1,0,0.163344,0,32000,5227,0.163344,131072,4464,0.034058,1,0,2
24,host-18,3,0,14,3,0,0,0.137656,0,32000,4405,0.137656,131072,3150,0.024033,0,0,3
24,host-19,4,0,14,4,0,0,0.188625,0,32000,6036,0.188625,131072,5021,0.038307,0,0,4
24,host-2,3,0,14,3,0,0,0.194688,0,32000,6230,0.194688,131072,7166,0.054672,0,0,3
24,host-20,3,0,14,3,0,0,0.139750,0,32000,4472,0.139750,131072,3779,0.028831,0,0,3
24,host-21,4,0,14,4,0,0,0.166406,0,32000,5325,0.166406,131072,5828,0.044464,0,0,4
24,host-22,2,0,14,2,0,0,0.145187,0,32000,4646,0.145187,131072,5174,0.039474,0,0,2
24,host-23,3,0,14,3,0,0,0.136313,0,32000,4362,0.136313,131072,2634,0.020096,0,0,3
24,host-24,2,0,14,2,0,0,0.140625,0,32000,4500,0.140625,131072,4739,0.036156,0,0,2
24,host-3,2,0,14,2,0,0,0.130094,0,32000,4163,0.130094,131072,4320,0.032959,0,0,2
24,host-4,3,0,14,3,0,0,0.168594,0,32000,5395,0.168594,131072,4592,0.035034,0,0,3
24,host-5,3,0,14,3,0,0,0.153875,0,32000,4924,0.153875,131072,5631,0.042961,0,0,3
24,host-6,3,1,14,3,1,0,0.158000,0,32000,5056,0.158000,131072,5046,0.038498,1,0,2
24,host-7,3,0,14,3,0,0,0.157500,0,32000,5040,0.157500,131072,4126,0.031479,0,0,3
24,host-8,3,1,14,3,1,0,0.163562,0,32000,5234,0.163562,131072,5633,0.042976,1,0,2
24,host-9,3,1,14,3,1,0,0.145250,0,32000,4648,0.145250,131072,5349,0.040810,0,1,2
25,host-1,2,0,14,2,0,0,0.094125,0,32000,3012,0.094125,131072,2752,0.020996,0,0,2
25,host-10,4,0,14,4,0,0,0.159062,0,32000,5090,0.159062,131072,4696,0.035828,0,0,4
25,host-11,4,0,14,4,0,0,0.145687,0,32000,4662,0.145687,131072,4536,0.034607,0,0,4
25,host-12,3,0,14,3,0,0,0.135844,0,32000,4347,0.135844,131072,4902,0.037399,0,0,3
25,host-13,4,0,14,4,0,0,0.167937,0,32000,5374,0.167937,131072,4332,0.033051,0,0,4
25,host-14,3,0,14,3,0,0,0.149531,0,32000,4785,0.149531,131072,4614,0.035202,0,0,3
25,host-15,3,0,14,3,0,0,0.148938,0,32000,4766,0.148938,131072,6075,0.046349,0,0,3
25,host-16,2,0,14,2,0,0,0.083719,0,32000,2679,0.083719,131072,1974,0.015060,0,0,2
25,host-17,3,0,14,3,0,0,0.163344,0,32000,5227,0.163344,131072,4464,0.034058,0,0,3
25,host-18,3,0,14,3,0,0,0.137656,0,32000,4405,0.137656,131072,3150,0.024033,0,0,3
25,host-19,4,0,14,4,0,0,0.188625,0,32000,6036,0.188625,131072,5021,0.038307,0,0,4
25,host-2,2,0,14,2,0,0,0.128156,0,32000,4101,0.128156,131072,4945,0.037727,0,0,2
25,host-20,2,0,14,2,0,0,0.090469,0,32000,2895,0.090469,131072,1852,0.014130,0,0,2
25,host-21,4,0,14,4,0,0,0.166406,0,32000,5325,0.166406,131072,5828,0.044464,0,0,4
25,host-22,1,0,14,1,0,0,0.071406,0,32000,2285,0.071406,131072,2568,0.019592,0,0,1
25,host-23,3,0,14,3,0,0,0.136313,0,32000,4362,0.136313,131072,2634,0.020096,0,0,3
25,host-24,2,0,14,2,0,0,0.140625,0,32000,4500,0.140625,131072,4739,0.036156,0,0,2
25,host-3,3,1,14,3,1,0,0.202344,0,32000,6475,0.202344,131072,6297,0.048042,1,0,2
25,host-4,3,0,14,3,0,0,0.168594,0,32000,5395,0.168594,131072,4592,0.035034,0,0,3
25,host-5,3,0,14,3,0,0,0.153875,0,32000,4924,0.153875,131072,5631,0.042961,0,0,3
25,host-6,3,1,14,3,1,0,0.158000,0,32000,5056,0.158000,131072,5046,0.038498,1,0,2
25,host-7,3,0,14,3,0,0,0.157500,0,32000,5040,0.157500,131072,4126,0.031479,0,0,3
25,host-8,3,0,14,3,0,0,0.163562,0,32000,5234,0.163562,131072,5633,0.042976,0,0,3
25,host-9,3,0,14,3,0,0,0.145250,0,32000,4648,0.145250,131072,5349,0.040810,0,0,3
26,host-1,2,0,14,2,0,0,0.094125,0,32000,3012,0.094125,131072,2752,0.020996,0,0,2
26,host-10,4,0,14,4,0,0,0.159062,0,32000,5090,0.159062,131072,4696,0.035828,0,0,4
26,host-11,4,0,14,4,0,0,0.145687,0,32000,4662,0.145687,131072,4536,0.034607,0,0,4
26,host-12,3,0,14,3,0,0,0.135844,0,32000,4347,0.135844,131072,4902,0.037399,0,0,3
26,host-13,4,0,14,4,0,0,0.167937,0,32000,5374,0.167937,131072,4332,0.033051,0,0,4
26,host-14,3,0,14,3,0,0,0.149531,0,32000,4785,0.149531,131072,4614,0.035202,0,0,3
26,host-15,3,0,14,3,0,0,0.148938,0,32000,4766,0.148938,131072,6075,0.046349,0,0,3
26,host-16,2,0,14,2,0,0,0.083719,0,32000,2679,0.083719,131072,1974,0.015060,0,0,2
26,host-17,2,0,14,2,0,0,0.105438,0,32000,3374,0.105438,131072,3057,0.023323,0,0,2
26,host-18,3,0,14,3,0,0,0.137656,0,32000,4405,0.137656,131072,3150,0.024033,0,0,3
26,host-19,4,0,14,4,0,0,0.188625,0,32000,6036,0.188625,131072,5021,0.038307,0,0,4
26,host-2,2,0,14,2,0,0,0.128156,0,32000,4101,0.128156,131072,4945,0.037727,0,0,2
26,host-20,2,0,14,2,0,0,0.090469,0,32000,2895,0.090469,131072,1852,0.014130,0,0,2
26,host-21,4,0,14,4,0,0,0.166406,0,32000,5325,0.166406,131072,5828,0.044464,0,0,4
26,host-22,1,0,14,1,0,0,0.071406,0,32000,2285,0.071406,131072,2568,0.019592,0,0,1
26,host-23,3,0,14,3,0,0,0.136313,0,32000,4362,0.136313,131072,2634,0.020096,0,0,3
26,host-24,2,0,14,2,0,0,0.140625,0,32000,4500,0.140625,131072,4739,0.036156,0,0,2
26,host-3,3,1,14,3,1,0,0.202344,0,32000,6475,0.202344,131072,6297,0.048042,1,0,2
26,host-4,3,0,14,3,0,0,0.168594,0,32000,5395,0.168594,131072,4592,0.035034,0,0,3
26,host-5,3,0,14,3,0,0,0.153875,0,32000,4924,0.153875,131072,5631,0.042961,0,0,3
26,host-6,3,0,14,3,0,0,0.158000,0,32000,5056,0.158000,131072,5046,0.038498,0,0,3
26,host-7,3,0,14,3,0,0,0.157500,0,32000,5040,0.157500,131072,4126,0.031479,0,0,3
26,host-8,3,0,14,3,0,0,0.163562,0,32000,5234,0.163562,131072,5633,0.042976,0,0,3
26,host-9,3,0,14,3,0,0,0.145250,0,32000,4648,0.145250,131072,5349,0.040810,0,0,3
27,host-1,2,0,14,2,0,0,0.094125,0,32000,3012,0.094125,131072,2752,0.020996,0,0,2
27,host-10,4,0,14,4,0,0,0.159062,0,32000,5090,0.159062,131072,4696,0.035828,0,0,4
27,host-11,4,0,14,4,0,0,0.145687,0,32000,4662,0.145687,131072,4536,0.034607,0,0,4
27,host-12,3,0,14,3,0,0,0.135844,0,32000,4347,0.135844,131072,4902,0.037399,0,0,3
27,host-13,4,0,14,4,0,0,0.167937,0,32000,5374,0.167937,131072,4332,0.033051,0,0,4
27,host-14,3,0,14,3,0,0,0.149531,0,32000,4785,0.149531,131072,4614,0.035202,0,0,3
27,host-15,3,0,14,3,0,0,0.148938,0,32000,4766,0.148938,131072,6075,0.046349,0,0,3
27,host-16,2,0,14,2,0,0,0.083719,0,32000,2679,0.083719,131072,1974,0.015060,0,0,2
27,host-17,2,0,14,2,0,0,0.105438,0,32000,3374,0.105438,131072,3057,0.023323,0,0,2
27,host-18,3,0,14,3,0,0,0.137656,0,32000,4405,0.137656,131072,3150,0.024033,0,0,3
27,host-19,4,0,14,4,0,0,0.188625,0,32000,6036,0.188625,131072,5021,0.038307,0,0,4
27,host-2,2,0,14,2,0,0,0.128156,0,32000,4101,0.128156,131072,4945,0.037727,0,0,2
27,host-20,2,0,14,2,0,0,0.090469,0,32000,2895,0.090469,131072,1852,0.014130,0,0,2
27,host-21,3,0,14,3,0,0,0.117938,0,32000,3774,0.117938,131072,3597,0.027443,0,0,3
27,host-22,1,0,14,1,0,0,0.071406,0,32000,2285,0.071406,131072,2568,0.019592,0,0,1
27,host-23,3,0,14,3,0,0,0.136313,0,32000,4362,0.136313,131072,2634,0.020096,0,0,3
27,host-24,2,0,14,2,0,0,0.140625,0,32000,4500,0.140625,131072,4739,0.036156,0,0,2
27,host-3,3,0,14,3,0,0,0.202344,0,32000,6475,0.202344,131072,6297,0.048042,0,0,3
27,host-4,3,0,14,3,0,0,0.168594,0,32000,5395,0.168594,131072,4592,0.035034,0,0,3
27,host-5,3,0,14,3,0,0,0.153875,0,32000,4924,0.153875,131072,5631,0.042961,0,0,3
27,host-6,3,0,14,3,0,0,0.158000,0,32000,5056,0.158000,131072,5046,0.038498,0,0,3
27,host-7,3,0,14,3,0,0,0.157500,0,32000,5040,0.157500,131072,4126,0.031479,0,0,3
27,host-8,3,0,14,3,0,0,0.163562,0,32000,5234,0.163562,131072,5633,0.042976,0,0,3
27,host-9,3,0,14,3,0,0,0.145250,0,32000,4648,0.145250,131072,5349,0.040810,0,0,3
28,host-1,2,0,14,2,0,0,0.094125,0,32000,3012,0.094125,131072,2752,0.020996,0,0,2
28,host-10,4,0,14,4,0,0,0.159062,0,32000,5090,0.159062,131072,4696,0.035828,0,0,4
28,host-11,4,0,14,4,0,0,0.145687,0,32000,4662,0.145687,131072,4536,0.034607,0,0,4
28,host-12,3,0,14,3,0,0,0.135844,0,32000,4347,0.135844,131072,4902,0.037399,0,0,3
28,host-13,4,0,14,4,0,0,0.167937,0,32000,5374,0.167937,131072,4332,0.033051,0,0,4
28,host-14,3,0,14,3,0,0,0.149531,0,32000,4785,0.149531,131072,4614,0.035202,0,0,3
28,host-15,3,0,14,3,0,0,0.148938,0,32000,4766,0.148938,131072,6075,0.046349,0,0,3
28,host-16,2,0,14,2,0,0,0.083719,0,32000,2679,0.083719,131072,1974,0.015060,0,0,2
28,host-17,2,0,14,2,0,0,0.105438,0,32000,3374,0.105438,131072,3057,0.023323,0,0,2
28,host-18,3,0,14,3,0,0,0.137656,0,32000,4405,0.137656,131072,3150,0.024033,0,0,3
28,host-19,4,0,14,4,0,0,0.188625,0,32000,6036,0.188625,131072,5021,0.038307,0,0,4
28,host-2,2,0,14,2,0,0,0.128156,0,32000,4101,0.128156,131072,4945,0.037727,0,0,2
28,host-20,2,0,14,2,0,0,0.090469,0,32000,2895,0.090469,131072,1852,0.014130,0,0,2
28,host-21,3,0,14,3,0,0,0.117938,0,32000,3774,0.117938,131072,3597,0.027443,0,0,3
28,host-22,1,0,14,1,0,0,0.071406,0,32000,2285,0.071406,131072,2568,0.019592,0,0,1
28,host-23,3,0,14,3,0,0,0.136313,0,32000,4362,0.136313,131072,2634,0.020096,0,0,3
28,host-24,2,0,14,2,0,0,0.140625,0,32000,4500,0.140625,131072,4739,0.036156,0,0,2
28,host-3,3,0,14,3,0,0,0.202344,0,32000,6475,0.202344,131072,6297,0.048042,0,0,3
28,host-4,3,0,14,3,0,0,0.168594,0,32000,5395,0.168594,131072,4592,0.035034,0,0,3
28,host-5,2,0,14,2,0,0,0.097437,0,32000,3118,0.097437,131072,3507,0.026756,0,0,2
28,host-6,3,0,14,3,0,0,0.158000,0,32000,5056,0.158000,131072,5046,0.038498,0,0,3
28,host-7,3,0,14,3,0,0,0.157500,0,32000,5040,0.157500,131072,4126,0.031479,0,0,3
28,host-8,3,0,14,3,0,0,0.163562,0,32000,5234,0.163562,131072,5633,0.042976,0,0,3
28,host-9,3,0,14,3,0,0,0.145250,0,32000,4648,0.145250,131072,5349,0.040810,0,0,3
29,host-1,2,0,14,2,0,0,0.094125,0,32000,3012,0.094125,131072,2752,0.020996,0,0,2
29,host-10,4,0,14,4,0,0,0.159062,0,32000,5090,0.159062,131072,4696,0.035828,0,0,4
29,host-11,4,0,14,4,0,0,0.145687,0,32000,4662,0.145687,131072,4536,0.034607,0,0,4
29,host-12,3,0,14,3,0,0,0.135844,0,32000,4347,0.135844,131072,4902,0.037399,0,0,3
29,host-13,3,0,14,3,0,0,0.140687,0,32000,4502,0.140687,131072,3460,0.026398,0,0,3
29,host-14,3,0,14,3,0,0,0.149531,0,32000,4785,0.149531,131072,4614,0.035202,0,0,3
29,host-15,3,0,14,3,0,0,0.148938,0,32000,4766,0.148938,131072,6075,0.046349,0,0,3
29,host-16,2,0,14,2,0,0,0.083719,0,32000,2679,0.083719,131072,1974,0.015060,0,0,2
29,host-17,2,0,14,2,0,0,0.105438,0,32000,3374,0.105438,131072,3057,0.023323,0,0,2
29,host-18,3,0,14,3,0,0,0.137656,0,32000,4405,0.137656,131072,3150,0.024033,0,0,3
29,host-19,4,0,14,4,0,0,0.188625,0,32000,6036,0.188625,131072,5021,0.038307,0,0,4
29,host-2,2,0,14,2,0,0,0.128156,0,32000,4101,0.128156,131072,4945,0.037727,0,0,2
29,host-20,2,0,14,2,0,0,0.090469,0,32000,2895,0.090469,131072,1852,0.014130,0,0,2
29,host-21,3,0,14,3,0,0,0.117938,0,32000,3774,0.117938,131072,3597,0.027443,0,0,3
29,host-22,2,1,14,2,1,0,0.108313,0,32000,3466,0.108313,131072,3281,0.025032,1,0,1
29,host-23,3,0,14,3,0,0,0.136313,0,32000,4362,0.136313,131072,2634,0.020096,0,0,3
29,host-24,2,0,14,2,0,0,0.140625,0,32000,4500,0.140625,131072,4739,0.036156,0,0,2
29,host-3,3,0,14,3,0,0,0.202344,0,32000,6475,0.202344,131072,6297,0.048042,0,0,3
29,host-4,3,0,14,3,0,0,0.168594,0,32000,5395,0.168594,131072,4592,0.035034,0,0,3
29,host-5,2,0,14,2,0,0,0.097437,0,32000,3118,0.097437,131072,3507,0.026756,0,0,2
29,host-6,3,0,14,3,0,0,0.158000,0,32000,5056,0.158000,131072,5046,0.038498,0,0,3
29,host-7,3,0,14,3,0,0,0.157500,0,32000,5040,0.157500,131072,4126,0.031479,0,0,3
29,host-8,3,0,14,3,0,0,0.163562,0,32000,5234,0.163562,131072,5633,0.042976,0,0,3
29,host-9,3,0,14,3,0,0,0.145250,0,32000,4648,0.145250,131072,5349,0.040810,0,0,3
30,host-1,2,0,14,2,0,0,0.094125,0,32000,3012,0.094125,131072,2752,0.020996,0,0,2
30,host-10,3,0,14,3,0,0,0.133094,0,32000,4259,0.133094,131072,3647,0.027824,0,0,3
30,host-11,4,0,14,4,0,0,0.145687,0,32000,4662,0.145687,131072,4536,0.034607,0,0,4
30,host-12,3,0,14,3,0,0,0.135844,0,32000,4347,0.135844,131072,4902,0.037399,0,0,3
30,host-13,3,0,14,3,0,0,0.140687,0,32000,4502,0.140687,131072,3460,0.026398,0,0,3
30,host-14,3,1,14,3,1,0,0.121844,0,32000,3899,0.121844,131072,3583,0.027336,1,0,2
30,host-15,3,0,14,3,0,0,0.148938,0,32000,4766,0.148938,131072,6075,0.046349,0,0,3
30,host-16,3,1,14,3,1,0,0.115250,0,32000,3688,0.115250,131072,3301,0.025185,0,1,2
30,host-17,2,0,14,2,0,0,0.105438,0,32000,3374,0.105438,131072,3057,0.023323,0,0,2
30,host-18,3,0,14,3,0,0,0.137656,0,32000,4405,0.137656,131072,3150,0.024033,0,0,3
30,host-19,4,0,14,4,0,0,0.188625,0,32000,6036,0.188625,131072,5021,0.038307,0,0,4
30,host-2,2,0,14,2,0,0,0.128156,0,32000,4101,0.128156,131072,4945,0.037727,0,0,2
30,host-20,3,1,14,3,1,0,0.148313,0,32000,4746,0.148313,131072,4164,0.031769,1,0,2
30,host-21,3,0,14,3,0,0,0.117938,0,32000,3774,0.117938,131072,3597,0.027443,0,0,3
30,host-22,2,0,14,2,0,0,0.108313,0,32000,3466,0.108313,131072,3281,0.025032,0,0,2
30,host-23,3,0,14,3,0,0,0.136313,0,32000,4362,0.136313,131072,2634,0.020096,0,0,3
30,host-24,2,0,14,2,0,0,0.140625,0,32000,4500,0.140625,131072,4739,0.036156,0,0,2
30,host-3,3,0,14,3,0,0,0.202344,0,32000,6475,0.202344,131072,6297,0.048042,0,0,3
30,host-4,3,0,14,3,0,0,0.168594,0,32000,5395,0.168594,131072,4592,0.035034,0,0,3
30,host-5,2,0,14,2,0,0,0.097437,0,32000,3118,0.097437,131072,3507,0.026756,0,0,2
30,host-6,3,0,14,3,0,0,0.158000,0,32000,5056,0.158000,131072,5046,0.038498,0,0,3
30,host-7,3,0,14,3,0,0,0.157500,0,32000,5040,0.157500,131072,4126,0.031479,0,0,3
30,host-8,3,0,14,3,0,0,0.163562,0,32000,5234,0.163562,131072,5633,0.042976,0,0,3
30,host-9,3,0,14,3,0,0,0.145250,0,32000,4648,0.145250,131072,5349,0.040810,0,0,3
31,host-1,3,1,14,3,1,0,0.138594,0,32000,4435,0.138594,131072,4670,0.035629,1,0,2
31,host-10,3,0,14,3,0,0,0.133094,0,32000,4259,0.133094,131072,3647,0.027824,0,0,3
31,host-11,4,0,14,4,0,0,0.145687,0,32000,4662,0.145687,131072,4536,0.034607,0,0,4
31,host-12,3,0,14,3,0,0,0.135844,0,32000,4347,0.135844,131072,4902,0.037399,0,0,3
31,host-13,3,0,14,3,0,0,0.140687,0,32000,4502,0.140687,131072,3460,0.026398,0,0,3
31,host-14,3,0,14,3,0,0,0.121844,0,32000,3899,0.121844,131072,3583,0.027336,0,0,3
31,host-15,3,0,14,3,0,0,0.148938,0,32000,4766,0.148938,131072,6075,0.046349,0,0,3
31,host-16,3,0,14,3,0,0,0.115250,0,32000,3688,0.115250,131072,3301,0.025185,0,0,3
31,host-17,2,0,14,2,0,0,0.105438,0,32000,3374,0.105438,131072,3057,0.023323,0,0,2
31,host-18,2,0,14,2,0,0,0.108094,0,32000,3459,0.108094,131072,2135,0.016289,0,0,2
31,host-19,4,0,14,4,0,0,0.188625,0,32000,6036,0.188625,131072,5021,0.038307,0,0,4
31,host-2,2,0,14,2,0,0,0.128156,0,32000,4101,0.128156,131072,4945,0.037727,0,0,2
31,host-20,3,1,14,3,1,0,0.148313,0,32000,4746,0.148313,131072,4164,0.031769,1,0,2
31,host-21,3,0,14,3,0,0,0.117938,0,32000,3774,0.117938,131072,3597,0.027443,0,0,3
31,host-22,2,0,14,2,0,0,0.108313,0,32000,3466,0.108313,131072,3281,0.025032,0,0,2
31,host-23,3,0,14,3,0,0,0.136313,0,32000,4362,0.136313,131072,2634,0.020096,0,0,3
31,host-24,2,0,14,2,0,0,0.140625,0,32000,4500,0.140625,131072,4739,0.036156,0,0,2
31,host-3,3,0,14,3,0,0,0.202344,0,32000,6475,0.202344,131072,6297,0.048042,0,0,3
31,host-4,3,0,14,3,0,0,0.168594,0,32000,5395,0.168594,131072,4592,0.035034,0,0,3
31,host-5,3,1,14,3,1,0,0.153875,0,32000,4924,0.153875,131072,5631,0.042961,1,0,2
31,host-6,3,0,14,3,0,0,0.158000,0,32000,5056,0.158000,131072,5046,0.038498,0,0,3
31,host-7,3,0,14,3,0,0,0.157500,0,32000,5040,0.157500,131072,4126,0.031479,0,0,3
31,host-8,3,0,14,3,0,0,0.163562,0,32000,5234,0.163562,131072,5633,0.042976,0,0,3
31,host-9,3,0,14,3,0,0,0.145250,0,32000,4648,0.145250,131072,5349,0.040810,0,0,3
32,host-1,3,0,14,3,0,0,0.138594,0,32000,4435,0.138594,131072,4670,0.035629,0,0,3
32,host-10,2,0,14,2,0,0,0.103531,0,32000,3313,0.103531,131072,2632,0.020081,0,0,2
32,host-11,4,0,14,4,0,0,0.145687,0,32000,4662,0.145687,131072,4536,0.034607,0,0,4
32,host-12,3,0,14,3,0,0,0.135844,0,32000,4347,0.135844,131072,4902,0.037399,0,0,3
32,host-13,2,0,14,2,0,0,0.089250,0,32000,2856,0.089250,131072,2219,0.016930,0,0,2
32,host-14,3,0,14,3,0,0,0.121844,0,32000,3899,0.121844,131072,3583,0.027336,0,0,3
32,host-15,3,0,14,3,0,0,0.148938,0,32000,4766,0.148938,131072,6075,0.046349,0,0,3
32,host-16,3,0,14,3,0,0,0.115250,0,32000,3688,0.115250,131072,3301,0.025185,0,0,3
32,host-17,3,1,14,3,1,0,0.163281,0,32000,5225,0.163281,131072,5369,0.040962,1,0,2
32,host-18,2,0,14,2,0,0,0.108094,0,32000,3459,0.108094,131072,2135,0.016289,0,0,2
32,host-19,4,0,14,4,0,0,0.188625,0,32000,6036,0.188625,131072,5021,0.038307,0,0,4
32,host-2,2,0,14,2,0,0,0.128156,0,32000,4101,0.128156,131072,4945,0.037727,0,0,2
32,host-20,3,0,14,3,0,0,0.148313,0,32000,4746,0.148313,131072,4164,0.031769,0,0,3
32,host-21,3,0,14,3,0,0,0.117938,0,32000,3774,0.117938,131072,3597,0.027443,0,0,3
32,host-22,2,0,14,2,0,0,0.108313,0,32000,3466,0.108313,131072,3281,0.025032,0,0,2
32,host-23,3,0,14,3,0,0,0.136313,0,32000,4362,0.136313,131072,2634,0.020096,0,0,3
32,host-24,2,0,14,2,0,0,0.140625,0,32000,4500,0.140625,131072,4739,0.036156,0,0,2
32,host-3,3,0,14,3,0,0,0.202344,0,32000,6475,0.202344,131072,6297,0.048042,0,0,3
32,host-4,3,0,14,3,0,0,0.168594,0,32000,5395,0.168594,131072,4592,0.035034,0,0,3
32,host-5,3,0,14,3,0,0,0.153875,0,32000,4924,0.153875,131072,5631,0.042961,0,0,3
32,host-6,3,0,14,3,0,0,0.158000,0,32000,5056,0.158000,131072,5046,0.038498,0,0,3
32,host-7,3,1,14,3,1,0,0.157500,0,32000,5040,0.157500,131072,4126,0.031479,0,1,2
32,host-8,3,0,14,3,0,0,0.163562,0,32000,5234,0.163562,131072,5633,0.042976,0,0,3
32,host-9,3,0,14,3,0,0,0.145250,0,32000,4648,0.145250,131072,5349,0.040810,0,0,3
33,host-1,3,0,14,3,0,0,0.138594,0,32000,4435,0.138594,131072,4670,0.035629,0,0,3
33,host-10,3,1,14,3,1,0,0.175687,0,32000,5622,0.175687,131072,5581,0.042580,1,0,2
33,host-11,4,0,14,4,0,0,0.145687,0,32000,4662,0.145687,131072,4536,0.034607,0,0,4
33,host-12,3,0,14,3,0,0,0.135844,0,32000,4347,0.135844,131072,4902,0.037399,0,0,3
33,host-13,3,1,14,3,1,0,0.133844,0,32000,4283,0.133844,131072,3444,0.026276,1,0,2
33,host-14,3,0,14,3,0,0,0.121844,0,32000,3899,0.121844,131072,3583,0.027336,0,0,3
33,host-15,3,0,14,3,0,0,0.148938,0,32000,4766,0.148938,131072,6075,0.046349,0,0,3
33,host-16,3,0,14,3,0,0,0.115250,0,32000,3688,0.115250,131072,3301,0.025185,0,0,3
33,host-17,3,1,14,3,1,0,0.163281,0,32000,5225,0.163281,131072,5369,0.040962,0,1,2
33,host-18,3,1,14,3,1,0,0.137656,0,32000,4405,0.137656,131072,3150,0.024033,1,0,2
33,host-19,4,0,14,4,0,0,0.188625,0,32000,6036,0.188625,131072,5021,0.038307,0,0,4
33,host-2,2,0,14,2,0,0,0.128156,0,32000,4101,0.128156,131072,4945,0.037727,0,0,2
33,host-20,3,0,14,3,0,0,0.148313,0,32000,4746,0.148313,131072,4164,0.031769,0,0,3
33,host-21,3,0,14,3,0,0,0.117938,0,32000,3774,0.117938,131072,3597,0.027443,0,0,3
33,host-22,2,0,14,2,0,0,0.108313,0,32000,3466,0.108313,131072,3281,0.025032,0,0,2
33,host-23,3,0,14,3,0,0,0.136313,0,32000,4362,0.136313,131072,2634,0.020096,0,0,3
33,host-24,2,0,14,2,0,0,0.140625,0,32000,4500,0.140625,131072,4739,0.036156,0,0,2
33,host-3,3,0,14,3,0,0,0.202344,0,32000,6475,0.202344,131072,6297,0.048042,0,0,3
33,host-4,3,0,14,3,0,0,0.168594,0,32000,5395,0.168594,131072,4592,0.035034,0,0,3
33,host-5,3,0,14,3,0,0,0.153875,0,32000,4924,0.153875,131072,5631,0.042961,0,0,3
33,host-6,3,0,14,3,0,0,0.158000,0,32000,5056,0.158000,131072,5046,0.038498,0,0,3
33,host-7,3,0,14,3,0,0,0.157500,0,32000,5040,0.157500,131072,4126,0.031479,0,0,3
33,host-8,3,0,14,3,0,0,0.163562,0,32000,5234,0.163562,131072,5633,0.042976,0,0,3
33,host-9,3,0,14,3,0,0,0.145250,0,32000,4648,0.145250,131072,5349,0.040810,0,0,3
34,host-1,3,0,14,3,0,0,0.138594,0,32000,4435,0.138594,131072,4670,0.035629,0,0,3
34,host-10,3,1,14,3,1,0,0.175687,0,32000,5622,0.175687,131072,5581,0.042580,0,1,2
34,host-11,4,0,14,4,0,0,0.145687,0,32000,4662,0.145687,131072,4536,0.034607,0,0,4
34,host-12,3,0,14,3,0,0,0.135844,0,32000,4347,0.135844,131072,4902,0.037399,0,0,3
34,host-13,3,0,14,3,0,0,0.133844,0,32000,4283,0.133844,131072,3444,0.026276,0,0,3
34,host-14,3,0,14,3,0,0,0.121844,0,32000,3899,0.121844,131072,3583,0.027336,0,0,3
34,host-15,3,0,14,3,0,0,0.148938,0,32000,4766,0.148938,131072,6075,0.046349,0,0,3
34,host-16,3,0,14,3,0,0,0.115250,0,32000,3688,0.115250,131072,3301,0.025185,0,0,3
34,host-17,3,0,14,3,0,0,0.163281,0,32000,5225,0.163281,131072,5369,0.040962,0,0,3
34,host-18,2,1,14,2,1,0,0.093875,0,32000,3004,0.093875,131072,2404,0.018341,1,0,1
34,host-19,4,0,14,4,0,0,0.188625,0,32000,6036,0.188625,131072,5021,0.038307,0,0,4
34,host-2,2,0,14,2,0,0,0.128156,0,32000,4101,0.128156,131072,4945,0.037727,0,0,2
34,host-20,3,0,14,3,0,0,0.148313,0,32000,4746,0.148313,131072,4164,0.031769,0,0,3
34,host-21,3,0,14,3,0,0,0.117938,0,32000,3774,0.117938,131072,3597,0.027443,0,0,3
34,host-22,3,1,14,3,1,0,0.152312,0,32000,4874,0.152312,131072,5163,0.039391,1,0,2
34,host-23,3,0,14,3,0,0,0.136313,0,32000,4362,0.136313,131072,2634,0.020096,0,0,3
34,host-24,2,0,14,2,0,0,0.140625,0,32000,4500,0.140625,131072,4739,0.036156,0,0,2
34,host-3,3,0,14,3,0,0,0.202344,0,32000,6475,0.202344,131072,6297,0.048042,0,0,3
34,host-4,3,0,14,3,0,0,0.168594,0,32000,5395,0.168594,131072,4592,0.035034,0,0,3
34,host-5,3,0,14,3,0,0,0.153875,0,32000,4924,0.153875,131072,5631,0.042961,0,0,3
34,host-6,3,0,14,3,0,0,0.158000,0,32000,5056,0.158000,131072,5046,0.038498,0,0,3
34,host-7,3,0,14,3,0,0,0.157500,0,32000,5040,0.157500,131072,4126,0.031479,0,0,3
34,host-8,3,0,14,3,0,0,0.163562,0,32000,5234,0.163562,131072,5633,0.042976,0,0,3
34,host-9,3,0,14,3,0,0,0.145250,0,32000,4648,0.145250,131072,5349,0.040810,0,0,3
35,host-1,3,0,14,3,0,0,0.138594,0,32000,4435,0.138594,131072,4670,0.035629,0,0,3
35,host-10,3,0,14,3,0,0,0.175687,0,32000,5622,0.175687,131072,5581,0.042580,0,0,3
35,host-11,4,0,14,4,0,0,0.145687,0,32000,4662,0.145687,131072,4536,0.034607,0,0,4
35,host-12,3,0,14,3,0,0,0.135844,0,32000,4347,0.135844,131072,4902,0.037399,0,0,3
35,host-13,3,0,14,3,0,0,0.133844,0,32000,4283,0.133844,131072,3444,0.026276,0,0,3
35,host-14,3,0,14,3,0,0,0.121844,0,32000,3899,0.121844,131072,3583,0.027336,0,0,3
35,host-15,3,0,14,3,0,0,0.148938,0,32000,4766,0.148938,131072,6075,0.046349,0,0,3
35,host-16,3,0,14,3,0,0,0.115250,0,32000,3688,0.115250,131072,3301,0.025185,0,0,3
35,host-17,3,0,14,3,0,0,0.163281,0,32000,5225,0.163281,131072,5369,0.040962,0,0,3
35,host-18,2,0,14,2,0,0,0.093875,0,32000,3004,0.093875,131072,2404,0.018341,0,0,2
35,host-19,4,0,14,4,0,0,0.188625,0,32000,6036,0.188625,131072,5021,0.038307,0,0,4
35,host-2,2,0,14,2,0,0,0.128156,0,32000,4101,0.128156,131072,4945,0.037727,0,0,2
35,host-20,3,0,14,3,0,0,0.148313,0,32000,4746,0.148313,131072,4164,0.031769,0,0,3
35,host-21,3,0,14,3,0,0,0.117938,0,32000,3774,0.117938,131072,3597,0.027443,0,0,3
35,host-22,3,1,14,3,1,0,0.152312,0,32000,4874,0.152312,131072,5163,0.039391,0,1,2
35,host-23,3,0,14,3,0,0,0.136313,0,32000,4362,0.136313,131072,2634,0.020096,0,0,3
35,host-24,2,0,14,2,0,0,0.140625,0,32000,4500,0.140625,131072,4739,0.036156,0,0,2
35,host-3,2,0,14,2,0,0,0.125125,0,32000,4004,0.125125,131072,3999,0.030510,0,0,2
35,host-4,3,0,14,3,0,0,0.168594,0,32000,5395,0.168594,131072,4592,0.035034,0,0,3
35,host-5,3,0,14,3,0,0,0.153875,0,32000,4924,0.153875,131072,5631,0.042961,0,0,3
35,host-6,3,0,14,3,0,0,0.158000,0,32000,5056,0.158000,131072,5046,0.038498,0,0,3
35,host-7,2,0,14,2,0,0,0.086406,0,32000,2765,0.086406,131072,1812,0.013824,0,0,2
35,host-8,3,0,14,3,0,0,0.163562,0,32000,5234,0.163562,131072,5633,0.042976,0,0,3
35,host-9,3,0,14,3,0,0,0.145250,0,32000,4648,0.145250,131072,5349,0.040810,0,0,3
36,host-1,2,0,14,2,0,0,0.095281,0,32000,3049,0.095281,131072,3501,0.026711,0,0,2
36,host-10,2,0,14,2,0,0,0.130500,0,32000,4176,0.130500,131072,4137,0.031563,0,0,2
36,host-11,4,0,14,4,0,0,0.145687,0,32000,4662,0.145687,131072,4536,0.034607,0,0,4
36,host-12,3,0,14,3,0,0,0.135844,0,32000,4347,0.135844,131072,4902,0.037399,0,0,3
36,host-13,2,0,14,2,0,0,0.102938,0,32000,3294,0.102938,131072,2413,0.018410,0,0,2
36,host-14,2,0,14,2,0,0,0.089344,0,32000,2859,0.089344,131072,2731,0.020836,0,0,2
36,host-15,3,1,14,3,1,0,0.148938,0,32000,4766,0.148938,131072,6075,0.046349,0,1,2
36,host-16,2,1,14,2,1,0,0.082469,0,32000,2639,0.082469,131072,2860,0.021820,0,1,1
36,host-17,3,0,14,3,0,0,0.163281,0,32000,5225,0.163281,131072,5369,0.040962,0,0,3
36,host-18,2,1,14,2,1,0,0.087469,0,32000,2799,0.087469,131072,2422,0.018478,1,0,1
36,host-19,3,0,14,3,0,0,0.136063,0,32000,4354,0.136063,131072,3268,0.024933,0,0,3
36,host-2,1,0,14,1,0,0,0.064187,0,32000,2054,0.064187,131072,2593,0.019783,0,0,1
36,host-20,2,0,14,2,0,0,0.103813,0,32000,3322,0.103813,131072,3016,0.023010,0,0,2
36,host-21,2,0,14,2,0,0,0.074188,0,32000,2374,0.074188,131072,2367,0.018059,0,0,2
36,host-22,3,0,14,3,0,0,0.152312,0,32000,4874,0.152312,131072,5163,0.039391,0,0,3
36,host-23,3,0,14,3,0,0,0.136313,0,32000,4362,0.136313,131072,2634,0.020096,0,0,3
36,host-24,1,0,14,1,0,0,0.061531,0,32000,1969,0.061531,131072,2257,0.017220,0,0,1
36,host-3,2,0,14,2,0,0,0.125125,0,32000,4004,0.125125,131072,3999,0.030510,0,0,2
36,host-4,2,0,14,2,0,0,0.110687,0,32000,3542,0.110687,131072,3194,0.024368,0,0,2
36,host-5,2,0,14,2,0,0,0.091688,0,32000,2934,0.091688,131072,3754,0.028641,0,0,2
36,host-6,2,0,14,2,0,0,0.123188,0,32000,3942,0.123188,131072,3510,0.026779,0,0,2
36,host-7,3,1,14,3,1,0,0.116906,0,32000,3741,0.116906,131072,3073,0.023445,0,1,2
36,host-8,3,0,14,3,0,0,0.163562,0,32000,5234,0.163562,131072,5633,0.042976,0,0,3
36,host-9,2,0,14,2,0,0,0.101406,0,32000,3245,0.101406,131072,3693,0.028175,0,0,2
37,host-1,1,0,14,1,0,0,0.044469,0,32000,1423,0.044469,131072,1918,0.014633,0,0,1
37,host-10,2,0,14,2,0,0,0.130500,0,32000,4176,0.130500,131072,4137,0.031563,0,0,2
37,host-11,1,0,14,1,0,0,0.030406,0,32000,973,0.030406,131072,1558,0.011887,0,0,1
37,host-12,3,0,14,3,0,0,0.135844,0,32000,4347,0.135844,131072,4902,0.037399,0,0,3
37,host-13,2,0,14,2,0,0,0.102938,0,32000,3294,0.102938,131072,2413,0.018410,0,0,2
37,host-14,2,0,14,2,0,0,0.089344,0,32000,2859,0.089344,131072,2731,0.020836,0,0,2
37,host-15,3,0,14,3,0,0,0.148938,0,32000,4766,0.148938,131072,6075,0.046349,0,0,3
37,host-16,2,0,14,2,0,0,0.082469,0,32000,2639,0.082469,131072,2860,0.021820,0,0,2
37,host-17,3,0,14,3,0,0,0.163281,0,32000,5225,0.163281,131072,5369,0.040962,0,0,3
37,host-18,2,0,14,2,0,0,0.087469,0,32000,2799,0.087469,131072,2422,0.018478,0,0,2
37,host-19,3,0,14,3,0,0,0.136063,0,32000,4354,0.136063,131072,3268,0.024933,0,0,3
37,host-2,2,1,14,2,1,0,0.107500,0,32000,3440,0.107500,131072,4229,0.032265,0,1,1
37,host-20,1,0,14,1,0,0,0.057844,0,32000,1851,0.057844,131072,2312,0.017639,0,0,1
37,host-21,2,1,14,2,1,0,0.084750,0,32000,2712,0.084750,131072,2431,0.018547,0,1,1
37,host-22,3,0,14,3,0,0,0.152312,0,32000,4874,0.152312,131072,5163,0.039391,0,0,3
37,host-23,2,0,14,2,0,0,0.087938,0,32000,2814,0.087938,131072,1591,0.012138,0,0,2
37,host-24,2,1,14,2,1,0,0.119438,0,32000,3822,0.119438,131072,3664,0.027954,0,1,1
37,host-3,2,0,14,2,0,0,0.125125,0,32000,4004,0.125125,131072,3999,0.030510,0,0,2
37,host-4,2,0,14,2,0,0,0.110687,0,32000,3542,0.110687,131072,3194,0.024368,0,0,2
37,host-5,2,0,14,2,0,0,0.091688,0,32000,2934,0.091688,131072,3754,0.028641,0,0,2
37,host-6,2,0,14,2,0,0,0.123188,0,32000,3942,0.123188,131072,3510,0.026779,0,0,2
37,host-7,3,0,14,3,0,0,0.116906,0,32000,3741,0.116906,131072,3073,0.023445,0,0,3
37,host-8,3,0,14,3,0,0,0.163562,0,32000,5234,0.163562,131072,5633,0.042976,0,0,3
37,host-9,2,0,14,2,0,0,0.101406,0,32000,3245,0.101406,131072,3693,0.028175,0,0,2
38,host-1,1,0,14,1,0,0,0.044469,0,32000,1423,0.044469,131072,1918,0.014633,0,0,1
38,host-10,2,0,14,2,0,0,0.130500,0,32000,4176,0.130500,131072,4137,0.031563,0,0,2
38,host-11,2,1,14,2,1,0,0.078781,0,32000,2521,0.078781,131072,2601,0.019844,1,0,1
38,host-12,2,0,14,2,0,0,0.085562,0,32000,2738,0.085562,131072,3373,0.025734,0,0,2
38,host-13,2,0,14,2,0,0,0.102938,0,32000,3294,0.102938,131072,2413,0.018410,0,0,2
38,host-14,2,1,14,2,1,0,0.089344,0,32000,2859,0.089344,131072,2731,0.020836,0,1,1
38,host-15,3,0,14,3,0,0,0.148938,0,32000,4766,0.148938,131072,6075,0.046349,0,0,3
38,host-16,2,0,14,2,0,0,0.082469,0,32000,2639,0.082469,131072,2860,0.021820,0,0,2
38,host-17,2,0,14,2,0,0,0.089156,0,32000,2853,0.089156,131072,2992,0.022827,0,0,2
38,host-18,2,0,14,2,0,0,0.087469,0,32000,2799,0.087469,131072,2422,0.018478,0,0,2
38,host-19,2,0,14,2,0,0,0.109188,0,32000,3494,0.109188,131072,2737,0.020882,0,0,2
38,host-2,2,0,14,2,0,0,0.107500,0,32000,3440,0.107500,131072,4229,0.032265,0,0,2
38,host-20,1,0,14,1,0,0,0.057844,0,32000,1851,0.057844,131072,2312,0.017639,0,0,1
38,host-21,2,0,14,2,0,0,0.084750,0,32000,2712,0.084750,131072,2431,0.018547,0,0,2
38,host-22,3,0,14,3,0,0,0.152312,0,32000,4874,0.152312,131072,5163,0.039391,0,0,3
38,host-23,2,0,14,2,0,0,0.087938,0,32000,2814,0.087938,131072,1591,0.012138,0,0,2
38,host-24,2,0,14,2,0,0,0.119438,0,32000,3822,0.119438,131072,3664,0.027954,0,0,2
38,host-3,2,0,14,2,0,0,0.125125,0,32000,4004,0.125125,131072,3999,0.030510,0,0,2
38,host-4,2,0,14,2,0,0,0.110687,0,32000,3542,0.110687,131072,3194,0.024368,0,0,2
38,host-5,2,0,14,2,0,0,0.091688,0,32000,2934,0.091688,131072,3754,0.028641,0,0,2
38,host-6,1,0,14,1,0,0,0.072250,0,32000,2312,0.072250,131072,1977,0.015083,0,0,1
38,host-7,3,0,14,3,0,0,0.116906,0,32000,3741,0.116906,131072,3073,0.023445,0,0,3
38,host-8,3,0,14,3,0,0,0.163562,0,32000,5234,0.163562,131072,5633,0.042976,0,0,3
38,host-9,2,0,14,2,0,0,0.101406,0,32000,3245,0.101406,131072,3693,0.028175,0,0,2
39,host-1,2,1,14,2,1,0,0.112594,0,32000,3603,0.112594,131072,4649,0.035469,1,0,1
39,host-10,2,0,14,2,0,0,0.130500,0,32000,4176,0.130500,131072,4137,0.031563,0,0,2
39,host-11,3,1,14,3,1,0,0.113594,0,32000,3635,0.113594,131072,4137,0.031563,1,0,2
39,host-12,3,1,14,3,1,0,0.123906,0,32000,3965,0.123906,131072,4277,0.032631,1,0,2
39,host-13,2,0,14,2,0,0,0.102938,0,32000,3294,0.102938,131072,2413,0.018410,0,0,2
39,host-14,2,0,14,2,0,0,0.089344,0,32000,2859,0.089344,131072,2731,0.020836,0,0,2
39,host-15,3,0,14,3,0,0,0.148938,0,32000,4766,0.148938,131072,6075,0.046349,0,0,3
39,host-16,3,1,14,3,1,0,0.146437,0,32000,4686,0.146437,131072,5212,0.039764,1,0,2
39,host-17,2,0,14,2,0,0,0.089156,0,32000,2853,0.089156,131072,2992,0.022827,0,0,2
39,host-18,2,0,14,2,0,0,0.087469,0,32000,2799,0.087469,131072,2422,0.018478,0,0,2
39,host-19,2,0,14,2,0,0,0.109188,0,32000,3494,0.109188,131072,2737,0.020882,0,0,2
39,host-2,2,0,14,2,0,0,0.107500,0,32000,3440,0.107500,131072,4229,0.032265,0,0,2
39,host-20,2,1,14,2,1,0,0.103031,0,32000,3297,0.103031,131072,3756,0.028656,1,0,1
39,host-21,3,1,14,3,1,0,0.135563,0,32000,4338,0.135563,131072,4014,0.030624,1,0,2
39,host-22,3,0,14,3,0,0,0.152312,0,32000,4874,0.152312,131072,5163,0.039391,0,0,3
39,host-23,2,0,14,2,0,0,0.087938,0,32000,2814,0.087938,131072,1591,0.012138,0,0,2
39,host-24,2,0,14,2,0,0,0.119438,0,32000,3822,0.119438,131072,3664,0.027954,0,0,2
39,host-3,2,0,14,2,0,0,0.125125,0,32000,4004,0.125125,131072,3999,0.030510,0,0,2
39,host-4,2,0,14,2,0,0,0.110687,0,32000,3542,0.110687,131072,3194,0.024368,0,0,2
39,host-5,2,0,14,2,0,0,0.091688,0,32000,2934,0.091688,131072,3754,0.028641,0,0,2
39,host-6,2,1,14,2,1,0,0.134437,0,32000,4302,0.134437,131072,3854,0.029404,1,0,1
39,host-7,3,0,14,3,0,0,0.116906,0,32000,3741,0.116906,131072,3073,0.023445,0,0,3
39,host-8,2,0,14,2,0,0,0.099500,0,32000,3184,0.099500,131072,2947,0.022484,0,0,2
39,host-9,2,0,14,2,0,0,0.101406,0,32000,3245,0.101406,131072,3693,0.028175,0,0,2
40,host-1,2,1,14,2,1,0,0.112594,0,32000,3603,0.112594,131072,4649,0.035469,0,1,1
40,host-10,1,0,14,1,0,0,0.072156,0,32000,2309,0.072156,131072,2949,0.022499,0,0,1
40,host-11,3,0,14,3,0,0,0.113594,0,32000,3635,0.113594,131072,4137,0.031563,0,0,3
40,host-12,2,1,14,2,1,0,0.064312,0,32000,2058,0.064312,131072,1953,0.014900,1,0,1
40,host-13,2,0,14,2,0,0,0.102938,0,32000,3294,0.102938,131072,2413,0.018410,0,0,2
40,host-14,2,0,14,2,0,0,0.089344,0,32000,2859,0.089344,131072,2731,0.020836,0,0,2
40,host-15,3,0,14,3,0,0,0.148938,0,32000,4766,0.148938,131072,6075,0.046349,0,0,3
40,host-16,3,0,14,3,0,0,0.146437,0,32000,4686,0.146437,131072,5212,0.039764,0,0,3
40,host-17,2,0,14,2,0,0,0.089156,0,32000,2853,0.089156,131072,2992,0.022827,0,0,2
40,host-18,3,1,14,3,1,0,0.151531,0,32000,4849,0.151531,131072,5108,0.038971,1,0,2
40,host-19,2,0,14,2,0,0,0.109188,0,32000,3494,0.109188,131072,2737,0.020882,0,0,2
40,host-2,2,0,14,2,0,0,0.107500,0,32000,3440,0.107500,131072,4229,0.032265,0,0,2
40,host-20,2,0,14,2,0,0,0.103031,0,32000,3297,0.103031,131072,3756,0.028656,0,0,2
40,host-21,3,1,14,3,1,0,0.135563,0,32000,4338,0.135563,131072,4014,0.030624,1,0,2
40,host-22,3,0,14,3,0,0,0.152312,0,32000,4874,0.152312,131072,5163,0.039391,0,0,3
40,host-23,1,0,14,1,0,0,0.051437,0,32000,1646,0.051437,131072,1241,0.009468,0,0,1
40,host-24,2,0,14,2,0,0,0.119438,0,32000,3822,0.119438,131072,3664,0.027954,0,0,2
40,host-3,2,0,14,2,0,0,0.125125,0,32000,4004,0.125125,131072,3999,0.030510,0,0,2
40,host-4,2,0,14,2,0,0,0.110687,0,32000,3542,0.110687,131072,3194,0.024368,0,0,2
40,host-5,2,0,14,2,0,0,0.091688,0,32000,2934,0.091688,131072,3754,0.028641,0,0,2
40,host-6,2,0,14,2,0,0,0.134437,0,32000,4302,0.134437,131072,3854,0.029404,0,0,2
40,host-7,3,0,14,3,0,0,0.116906,0,32000,3741,0.116906,131072,3073,0.023445,0,0,3
40,host-8,2,0,14,2,0,0,0.099500,0,32000,3184,0.099500,131072,2947,0.022484,0,0,2
40,host-9,2,0,14,2,0,0,0.101406,0,32000,3245,0.101406,131072,3693,0.028175,0,0,2
41,host-1,2,0,14,2,0,0,0.112594,0,32000,3603,0.112594,131072,4649,0.035469,0,0,2
41,host-10,1,0,14,1,0,0,0.072156,0,32000,2309,0.072156,131072,2949,0.022499,0,0,1
41,host-11,3,0,14,3,0,0,0.113594,0,32000,3635,0.113594,131072,4137,0.031563,0,0,3
41,host-12,2,0,14,2,0,0,0.064312,0,32000,2058,0.064312,131072,1953,0.014900,0,0,2
41,host-13,2,0,14,2,0,0,0.102938,0,32000,3294,0.102938,131072,2413,0.018410,0,0,2
41,host-14,2,0,14,2,0,0,0.089344,0,32000,2859,0.089344,131072,2731,0.020836,0,0,2
41,host-15,3,0,14,3,0,0,0.148938,0,32000,4766,0.148938,131072,6075,0.046349,0,0,3
41,host-16,3,0,14,3,0,0,0.146437,0,32000,4686,0.146437,131072,5212,0.039764,0,0,3
41,host-17,2,0,14,2,0,0,0.089156,0,32000,2853,0.089156,131072,2992,0.022827,0,0,2
41,host-18,3,0,14,3,0,0,0.151531,0,32000,4849,0.151531,131072,5108,0.038971,0,0,3
41,host-19,2,0,14,2,0,0,0.109188,0,32000,3494,0.109188,131072,2737,0.020882,0,0,2
41,host-2,2,0,14,2,0,0,0.107500,0,32000,3440,0.107500,131072,4229,0.032265,0,0,2
41,host-20,2,0,14,2,0,0,0.103031,0,32000,3297,0.103031,131072,3756,0.028656,0,0,2
41,host-21,3,0,14,3,0,0,0.135563,0,32000,4338,0.135563,131072,4014,0.030624,0,0,3
41,host-22,3,0,14,3,0,0,0.152312,0,32000,4874,0.152312,131072,5163,0.039391,0,0,3
41,host-23,1,0,14,1,0,0,0.051437,0,32000,1646,0.051437,131072,1241,0.009468,0,0,1
41,host-24,2,0,14,2,0,0,0.119438,0,32000,3822,0.119438,131072,3664,0.027954,0,0,2
41,host-3,2,0,14,2,0,0,0.125125,0,32000,4004,0.125125,131072,3999,0.030510,0,0,2
41,host-4,1,0,14,1,0,0,0.048531,0,32000,1553,0.048531,131072,1727,0.013176,0,0,1
41,host-5,2,0,14,2,0,0,0.091688,0,32000,2934,0.091688,131072,3754,0.028641,0,0,2
41,host-6,2,0,14,2,0,0,0.134437,0,32000,4302,0.134437,131072,3854,0.029404,0,0,2
41,host-7,3,0,14,3,0,0,0.116906,0,32000,3741,0.116906,131072,3073,0.023445,0,0,3
41,host-8,2,0,14,2,0,0,0.099500,0,32000,3184,0.099500,131072,2947,0.022484,0,0,2
41,host-9,2,0,14,2,0,0,0.101406,0,32000,3245,0.101406,131072,3693,0.028175,0,0,2
42,host-1,2,0,14,2,0,0,0.112594,0,32000,3603,0.112594,131072,4649,0.035469,0,0,2
42,host-10,1,0,14,1,0,0,0.072156,0,32000,2309,0.072156,131072,2949,0.022499,0,0,1
42,host-11,3,0,14,3,0,0,0.113594,0,32000,3635,0.113594,131072,4137,0.031563,0,0,3
42,host-12,2,0,14,2,0,0,0.064312,0,32000,2058,0.064312,131072,1953,0.014900,0,0,2
42,host-13,2,0,14,2,0,0,0.102938,0,32000,3294,0.102938,131072,2413,0.018410,0,0,2
42,host-14,2,0,14,2,0,0,0.089344,0,32000,2859,0.089344,131072,2731,0.020836,0,0,2
42,host-15,3,0,14,3,0,0,0.148938,0,32000,4766,0.148938,131072,6075,0.046349,0,0,3
42,host-16,3,0,14,3,0,0,0.146437,0,32000,4686,0.146437,131072,5212,0.039764,0,0,3
42,host-17,2,0,14,2,0,0,0.089156,0,32000,2853,0.089156,131072,2992,0.022827,0,0,2
42,host-18,3,0,14,3,0,0,0.151531,0,32000,4849,0.151531,131072,5108,0.038971,0,0,3
42,host-19,2,0,14,2,0,0,0.109188,0,32000,3494,0.109188,131072,2737,0.020882,0,0,2
42,host-2,2,0,14,2,0,0,0.107500,0,32000,3440,0.107500,131072,4229,0.032265,0,0,2
42,host-20,2,0,14,2,0,0,0.103031,0,32000,3297,0.103031,131072,3756,0.028656,0,0,2
42,host-21,3,0,14,3,0,0,0.135563,0,32000,4338,0.135563,131072,4014,0.030624,0,0,3
42,host-22,3,0,14,3,0,0,0.152312,0,32000,4874,0.152312,131072,5163,0.039391,0,0,3
42,host-23,1,0,14,1,0,0,0.051437,0,32000,1646,0.051437,131072,1241,0.009468,0,0,1
42,host-24,2,0,14,2,0,0,0.119438,0,32000,3822,0.119438,131072,3664,0.027954,0,0,2
42,host-3,2,0,14,2,0,0,0.125125,0,32000,4004,0.125125,131072,3999,0.030510,0,0,2
42,host-4,2,1,14,2,1,0,0.091031,0,32000,2913,0.091031,131072,2624,0.020020,1,0,1
42,host-5,2,0,14,2,0,0,0.091688,0,32000,2934,0.091688,131072,3754,0.028641,0,0,2
42,host-6,2,0,14,2,0,0,0.134437,0,32000,4302,0.134437,131072,3854,0.029404,0,0,2
42,host-7,3,0,14,3,0,0,0.116906,0,32000,3741,0.116906,131072,3073,0.023445,0,0,3
42,host-8,2,0,14,2,0,0,0.099500,0,32000,3184,0.099500,131072,2947,0.022484,0,0,2
42,host-9,2,0,14,2,0,0,0.101406,0,32000,3245,0.101406,131072,3693,0.028175,0,0,2
43,host-1,2,0,14,2,0,0,0.112594,0,32000,3603,0.112594,131072,4649,0.035469,0,0,2
43,host-10,1,0,14,1,0,0,0.072156,0,32000,2309,0.072156,131072,2949,0.022499,0,0,1
43,host-11,3,0,14,3,0,0,0.113594,0,32000,3635,0.113594,131072,4137,0.031563,0,0,3
43,host-12,2,0,14,2,0,0,0.064312,0,32000,2058,0.064312,131072,1953,0.014900,0,0,2
43,host-13,2,0,14,2,0,0,0.102938,0,32000,3294,0.102938,131072,2413,0.018410,0,0,2
43,host-14,2,0,14,2,0,0,0.089344,0,32000,2859,0.089344,131072,2731,0.020836,0,0,2
43,host-15,2,0,14,2,0,0,0.114844,0,32000,3675,0.114844,131072,4615,0.035210,0,0,2
43,host-16,3,0,14,3,0,0,0.146437,0,32000,4686,0.146437,131072,5212,0.039764,0,0,3
43,host-17,2,0,14,2,0,0,0.089156,0,32000,2853,0.089156,131072,2992,0.022827,0,0,2
43,host-18,3,0,14,3,0,0,0.151531,0,32000,4849,0.151531,131072,5108,0.038971,0,0,3
43,host-19,0,0,14,0,0,0,0.000000,0,32000,0,0.000000,131072,0,0.000000,0,0,0
43,host-2,2,0,14,2,0,0,0.107500,0,32000,3440,0.107500,131072,4229,0.032265,0,0,2
43,host-20,2,0,14,2,0,0,0.103031,0,32000,3297,0.103031,131072,3756,0.028656,0,0,2
43,host-21,2,0,14,2,0,0,0.095312,0,32000,3050,0.095312,131072,2731,0.020836,0,0,2
43,host-22,3,0,14,3,0,0,0.152312,0,32000,4874,0.152312,131072,5163,0.039391,0,0,3
43,host-23,2,1,14,2,1,0,0.083375,0,32000,2668,0.083375,131072,1822,0.013901,1,0,1
43,host-24,1,0,14,1,0,0,0.057906,0,32000,1853,0.057906,131072,1407,0.010735,0,0,1
43,host-3,1,0,14,1,0,0,0.072250,0,32000,2312,0.072250,131072,1977,0.015083,0,0,1
43,host-4,1,0,14,1,0,0,0.042500,0,32000,1360,0.042500,131072,897,0.006844,0,0,1
43,host-5,2,0,14,2,0,0,0.091688,0,32000,2934,0.091688,131072,3754,0.028641,0,0,2
43,host-6,2,0,14,2,0,0,0.134437,0,32000,4302,0.134437,131072,3854,0.029404,0,0,2
43,host-7,3,0,14,3,0,0,0.116906,0,32000,3741,0.116906,131072,3073,0.023445,0,0,3
43,host-8,2,0,14,2,0,0,0.099500,0,32000,3184,0.099500,131072,2947,0.022484,0,0,2
43,host-9,2,0,14,2,0,0,0.101406,0,32000,3245,0.101406,131072,3693,0.028175,0,0,2
44,host-1,2,0,14,2,0,0,0.112594,0,32000,3603,0.112594,131072,4649,0.035469,0,0,2
44,host-10,1,0,14,1,0,0,0.072156,0,32000,2309,0.072156,131072,2949,0.022499,0,0,1
44,host-11,3,0,14,3,0,0,0.113594,0,32000,3635,0.113594,131072,4137,0.031563,0,0,3
44,host-12,2,0,14,2,0,0,0.064312,0,32000,2058,0.064312,131072,1953,0.014900,0,0,2
44,host-13,2,0,14,2,0,0,0.102938,0,32000,3294,0.102938,131072,2413,0.018410,0,0,2
44,host-14,2,0,14,2,0,0,0.089344,0,32000,2859,0.089344,131072,2731,0.020836,0,0,2
44,host-15,1,0,14,1,0,0,0.066375,0,32000,2124,0.066375,131072,2384,0.018188,0,0,1
44,host-16,3,0,14,3,0,0,0.146437,0,32000,4686,0.146437,131072,5212,0.039764,0,0,3
44,host-17,2,0,14,2,0,0,0.089156,0,32000,2853,0.089156,131072,2992,0.022827,0,0,2
44,host-18,3,0,14,3,0,0,0.151531,0,32000,4849,0.151531,131072,5108,0.038971,0,0,3
44,host-19,0,0,14,0,0,0,0.000000,0,32000,0,0.000000,131072,0,0.000000,0,0,0
44,host-2,1,0,14,1,0,0,0.043312,0,32000,1386,0.043312,131072,1636,0.012482,0,0,1
44,host-20,2,0,14,2,0,0,0.103031,0,32000,3297,0.103031,131072,3756,0.028656,0,0,2
44,host-21,2,0,14,2,0,0,0.095312,0,32000,3050,0.095312,131072,2731,0.020836,0,0,2
44,host-22,3,0,14,3,0,0,0.152312,0,32000,4874,0.152312,131072,5163,0.039391,0,0,3
44,host-23,2,1,14,2,1,0,0.083375,0,32000,2668,0.083375,131072,1822,0.013901,1,0,1
44,host-24,1,0,14,1,0,0,0.057906,0,32000,1853,0.057906,131072,1407,0.010735,0,0,1
44,host-3,1,0,14,1,0,0,0.072250,0,32000,2312,0.072250,131072,1977,0.015083,0,0,1
44,host-4,1,0,14,1,0,0,0.042500,0,32000,1360,0.042500,131072,897,0.006844,0,0,1
44,host-5,1,0,14,1,0,0,0.056438,0,32000,1806,0.056438,131072,2124,0.016205,0,0,1
44,host-6,2,0,14,2,0,0,0.134437,0,32000,4302,0.134437,131072,3854,0.029404,0,0,2
44,host-7,3,0,14,3,0,0,0.116906,0,32000,3741,0.116906,131072,3073,0.023445,0,0,3
44,host-8,1,0,14,1,0,0,0.046562,0,32000,1490,0.046562,131072,686,0.005234,0,0,1
44,host-9,2,0,14,2,0,0,0.101406,0,32000,3245,0.101406,131072,3693,0.028175,0,0,2
45,host-1,2,0,14,2,0,0,0.112594,0,32000,3603,0.112594,131072,4649,0.035469,0,0,2
45,host-10,1,0,14,1,0,0,0.072156,0,32000,2309,0.072156,131072,2949,0.022499,0,0,1
45,host-11,3,0,14,3,0,0,0.113594,0,32000,3635,0.113594,131072,4137,0.031563,0,0,3
45,host-12,2,0,14,2,0,0,0.064312,0,32000,2058,0.064312,131072,1953,0.014900,0,0,2
45,host-13,2,0,14,2,0,0,0.102938,0,32000,3294,0.102938,131072,2413,0.018410,0,0,2
45,host-14,2,0,14,2,0,0,0.089344,0,32000,2859,0.089344,131072,2731,0.020836,0,0,2
45,host-15,1,0,14,1,0,0,0.066375,0,32000,2124,0.066375,131072,2384,0.018188,0,0,1
45,host-16,3,0,14,3,0,0,0.146437,0,32000,4686,0.146437,131072,5212,0.039764,0,0,3
45,host-17,1,0,14,1,0,0,0.057844,0,32000,1851,0.057844,131072,2312,0.017639,0,0,1
45,host-18,3,0,14,3,0,0,0.151531,0,32000,4849,0.151531,131072,5108,0.038971,0,0,3
45,host-19,1,1,14,1,1,0,0.070719,0,32000,2263,0.070719,131072,2580,0.019684,0,1,0
45,host-2,2,1,14,2,1,0,0.085000,0,32000,2720,0.085000,131072,3141,0.023964,1,0,1
45,host-20,2,0,14,2,0,0,0.103031,0,32000,3297,0.103031,131072,3756,0.028656,0,0,2
45,host-21,2,0,14,2,0,0,0.095312,0,32000,3050,0.095312,131072,2731,0.020836,0,0,2
45,host-22,3,0,14,3,0,0,0.152312,0,32000,4874,0.152312,131072,5163,0.039391,0,0,3
45,host-23,2,0,14,2,0,0,0.083375,0,32000,2668,0.083375,131072,1822,0.013901,0,0,2
45,host-24,1,0,14,1,0,0,0.057906,0,32000,1853,0.057906,131072,1407,0.010735,0,0,1
45,host-3,1,0,14,1,0,0,0.072250,0,32000,2312,0.072250,131072,1977,0.015083,0,0,1
45,host-4,2,1,14,2,1,0,0.102125,0,32000,3268,0.102125,131072,3121,0.023811,1,0,1
45,host-5,1,0,14,1,0,0,0.056438,0,32000,1806,0.056438,131072,2124,0.016205,0,0,1
45,host-6,2,0,14,2,0,0,0.134437,0,32000,4302,0.134437,131072,3854,0.029404,0,0,2
45,host-7,3,0,14,3,0,0,0.116906,0,32000,3741,0.116906,131072,3073,0.023445,0,0,3
45,host-8,2,1,14,2,1,0,0.083031,0,32000,2657,0.083031,131072,2051,0.015648,1,0,1
45,host-9,2,1,14,2,1,0,0.104750,0,32000,3352,0.104750,131072,3645,0.027809,1,0,1
46,host-1,2,0,14,2,0,0,0.112594,0,32000,3603,0.112594,131072,4649,0.035469,0,0,2
46,host-10,1,0,14,1,0,0,0.072156,0,32000,2309,0.072156,131072,2949,0.022499,0,0,1
46,host-11,3,0,14,3,0,0,0.113594,0,32000,3635,0.113594,131072,4137,0.031563,0,0,3
46,host-12,2,0,14,2,0,0,0.064312,0,32000,2058,0.064312,131072,1953,0.014900,0,0,2
46,host-13,2,0,14,2,0,0,0.102938,0,32000,3294,0.102938,131072,2413,0.018410,0,0,2
46,host-14,2,0,14,2,0,0,0.089344,0,32000,2859,0.089344,131072,2731,0.020836,0,0,2
46,host-15,1,0,14,1,0,0,0.066375,0,32000,2124,0.066375,131072,2384,0.018188,0,0,1
46,host-16,3,0,14,3,0,0,0.146437,0,32000,4686,0.146437,131072,5212,0.039764,0,0,3
46,host-17,2,1,14,2,1,0,0.118031,0,32000,3777,0.118031,131072,4122,0.031448,1,0,1
46,host-18,3,0,14,3,0,0,0.151531,0,32000,4849,0.151531,131072,5108,0.038971,0,0,3
46,host-19,1,0,14,1,0,0,0.070719,0,32000,2263,0.070719,131072,2580,0.019684,0,0,1
46,host-2,2,1,14,2,1,0,0.085000,0,32000,2720,0.085000,131072,3141,0.023964,1,0,1
46,host-20,2,0,14,2,0,0,0.103031,0,32000,3297,0.103031,131072,3756,0.028656,0,0,2
46,host-21,2,0,14,2,0,0,0.095312,0,32000,3050,0.095312,131072,2731,0.020836,0,0,2
46,host-22,3,0,14,3,0,0,0.152312,0,32000,4874,0.152312,131072,5163,0.039391,0,0,3
46,host-23,2,0,14,2,0,0,0.083375,0,32000,2668,0.083375,131072,1822,0.013901,0,0,2
46,host-24,2,1,14,2,1,0,0.124438,0,32000,3982,0.124438,131072,3628,0.027679,1,0,1
46,host-3,1,0,14,1,0,0,0.072250,0,32000,2312,0.072250,131072,1977,0.015083,0,0,1
46,host-4,2,0,14,2,0,0,0.102125,0,32000,3268,0.102125,131072,3121,0.023811,0,0,2
46,host-5,2,1,14,2,1,0,0.098125,0,32000,3140,0.098125,131072,3629,0.027687,1,0,1
46,host-6,1,0,14,1,0,0,0.062187,0,32000,1990,0.062187,131072,1877,0.014320,0,0,1
46,host-7,3,0,14,3,0,0,0.116906,0,32000,3741,0.116906,131072,3073,0.023445,0,0,3
46,host-8,2,0,14,2,0,0,0.083031,0,32000,2657,0.083031,131072,2051,0.015648,0,0,2
46,host-9,2,1,14,2,1,0,0.104750,0,32000,3352,0.104750,131072,3645,0.027809,1,0,1
47,host-1,2,0,14,2,0,0,0.112594,0,32000,3603,0.112594,131072,4649,0.035469,0,0,2
47,host-10,1,0,14,1,0,0,0.072156,0,32000,2309,0.072156,131072,2949,0.022499,0,0,1
47,host-11,3,0,14,3,0,0,0.113594,0,32000,3635,0.113594,131072,4137,0.031563,0,0,3
47,host-12,2,0,14,2,0,0,0.064312,0,32000,2058,0.064312,131072,1953,0.014900,0,0,2
47,host-13,2,0,14,2,0,0,0.102938,0,32000,3294,0.102938,131072,2413,0.018410,0,0,2
47,host-14,2,0,14,2,0,0,0.089344,0,32000,2859,0.089344,131072,2731,0.020836,0,0,2
47,host-15,1,0,14,1,0,0,0.066375,0,32000,2124,0.066375,131072,2384,0.018188,0,0,1
47,host-16,3,0,14,3,0,0,0.146437,0,32000,4686,0.146437,131072,5212,0.039764,0,0,3
47,host-17,2,0,14,2,0,0,0.118031,0,32000,3777,0.118031,131072,4122,0.031448,0,0,2
47,host-18,3,0,14,3,0,0,0.151531,0,32000,4849,0.151531,131072,5108,0.038971,0,0,3
47,host-19,1,0,14,1,0,0,0.070719,0,32000,2263,0.070719,131072,2580,0.019684,0,0,1
47,host-2,2,0,14,2,0,0,0.085000,0,32000,2720,0.085000,131072,3141,0.023964,0,0,2
47,host-20,2,0,14,2,0,0,0.103031,0,32000,3297,0.103031,131072,3756,0.028656,0,0,2
47,host-21,2,0,14,2,0,0,0.095312,0,32000,3050,0.095312,131072,2731,0.020836,0,0,2
47,host-22,3,0,14,3,0,0,0.152312,0,32000,4874,0.152312,131072,5163,0.039391,0,0,3
47,host-23,2,0,14,2,0,0,0.083375,0,32000,2668,0.083375,131072,1822,0.013901,0,0,2
47,host-24,2,1,14,2,1,0,0.124438,0,32000,3982,0.124438,131072,3628,0.027679,1,0,1
47,host-3,0,0,14,0,0,0,0.000000,0,32000,0,0.000000,131072,0,0.000000,0,0,0
47,host-4,2,0,14,2,0,0,0.102125,0,32000,3268,0.102125,131072,3121,0.023811,0,0,2
47,host-5,2,0,14,2,0,0,0.098125,0,32000,3140,0.098125,131072,3629,0.027687,0,0,2
47,host-6,1,0,14,1,0,0,0.062187,0,32000,1990,0.062187,131072,1877,0.014320,0,0,1
47,host-7,3,0,14,3,0,0,0.116906,0,32000,3741,0.116906,131072,3073,0.023445,0,0,3
47,host-8,1,1,14,1,1,0,0.036469,0,32000,1167,0.036469,131072,1365,0.010414,0,1,0
47,host-9,2,0,14,2,0,0,0.104750,0,32000,3352,0.104750,131072,3645,0.027809,0,0,2
48,host-1,2,0,14,2,0,0,0.112594,0,32000,3603,0.112594,131072,4649,0.035469,0,0,2
48,host-10,1,0,14,1,0,0,0.072156,0,32000,2309,0.072156,131072,2949,0.022499,0,0,1
48,host-11,3,0,14,3,0,0,0.113594,0,32000,3635,0.113594,131072,4137,0.031563,0,0,3
48,host-12,2,0,14,2,0,0,0.064312,0,32000,2058,0.064312,131072,1953,0.014900,0,0,2
48,host-13,2,0,14,2,0,0,0.102938,0,32000,3294,0.102938,131072,2413,0.018410,0,0,2
48,host-14,2,0,14,2,0,0,0.089344,0,32000,2859,0.089344,131072,2731,0.020836,0,0,2
48,host-15,1,0,14,1,0,0,0.066375,0,32000,2124,0.066375,131072,2384,0.018188,0,0,1
48,host-16,3,0,14,3,0,0,0.146437,0,32000,4686,0.146437,131072,5212,0.039764,0,0,3
48,host-17,2,0,14,2,0,0,0.118031,0,32000,3777,0.118031,131072,4122,0.031448,0,0,2
48,host-18,3,0,14,3,0,0,0.151531,0,32000,4849,0.151531,131072,5108,0.038971,0,0,3
48,host-19,1,0,14,1,0,0,0.070719,0,32000,2263,0.070719,131072,2580,0.019684,0,0,1
48,host-2,2,0,14,2,0,0,0.085000,0,32000,2720,0.085000,131072,3141,0.023964,0,0,2
48,host-20,2,0,14,2,0,0,0.103031,0,32000,3297,0.103031,131072,3756,0.028656,0,0,2
48,host-21,2,0,14,2,0,0,0.095312,0,32000,3050,0.095312,131072,2731,0.020836,0,0,2
48,host-22,3,0,14,3,0,0,0.152312,0,32000,4874,0.152312,131072,5163,0.039391,0,0,3
48,host-23,2,0,14,2,0,0,0.083375,0,32000,2668,0.083375,131072,1822,0.013901,0,0,2
48,host-24,2,0,14,2,0,0,0.124438,0,32000,3982,0.124438,131072,3628,0.027679,0,0,2
48,host-3,1,1,14,1,1,0,0.044781,0,32000,1433,0.044781,131072,1335,0.010185,1,0,0
48,host-4,2,0,14,2,0,0,0.102125,0,32000,3268,0.102125,131072,3121,0.023811,0,0,2
48,host-5,2,0,14,2,0,0,0.098125,0,32000,3140,0.098125,131072,3629,0.027687,0,0,2
48,host-6,1,0,14,1,0,0,0.062187,0,32000,1990,0.062187,131072,1877,0.014320,0,0,1
48,host-7,3,0,14,3,0,0,0.116906,0,32000,3741,0.116906,131072,3073,0.023445,0,0,3
48,host-8,1,0,14,1,0,0,0.036469,0,32000,1167,0.036469,131072,1365,0.010414,0,0,1
48,host-9,2,0,14,2,0,0,0.104750,0,32000,3352,0.104750,131072,3645,0.027809,0,0,2
49,host-1,2,0,14,2,0,0,0.112594,0,32000,3603,0.112594,131072,4649,0.035469,0,0,2
49,host-10,1,0,14,1,0,0,0.072156,0,32000,2309,0.072156,131072,2949,0.022499,0,0,1
49,host-11,3,0,14,3,0,0,0.113594,0,32000,3635,0.113594,131072,4137,0.031563,0,0,3
49,host-12,2,0,14,2,0,0,0.064312,0,32000,2058,0.064312,131072,1953,0.014900,0,0,2
49,host-13,2,0,14,2,0,0,0.102938,0,32000,3294,0.102938,131072,2413,0.018410,0,0,2
49,host-14,2,0,14,2,0,0,0.089344,0,32000,2859,0.089344,131072,2731,0.020836,0,0,2
49,host-15,1,0,14,1,0,0,0.066375,0,32000,2124,0.066375,131072,2384,0.018188,0,0,1
49,host-16,3,0,14,3,0,0,0.146437,0,32000,4686,0.146437,131072,5212,0.039764,0,0,3
49,host-17,2,0,14,2,0,0,0.118031,0,32000,3777,0.118031,131072,4122,0.031448,0,0,2
49,host-18,3,0,14,3,0,0,0.151531,0,32000,4849,0.151531,131072,5108,0.038971,0,0,3
49,host-19,1,0,14,1,0,0,0.070719,0,32000,2263,0.070719,131072,2580,0.019684,0,0,1
49,host-2,2,0,14,2,0,0,0.085000,0,32000,2720,0.085000,131072,3141,0.023964,0,0,2
49,host-20,2,0,14,2,0,0,0.103031,0,32000,3297,0.103031,131072,3756,0.028656,0,0,2
49,host-21,2,0,14,2,0,0,0.095312,0,32000,3050,0.095312,131072,2731,0.020836,0,0,2
49,host-22,3,1,14,3,1,0,0.152312,0,32000,4874,0.152312,131072,5163,0.039391,0,1,2
49,host-23,2,0,14,2,0,0,0.083375,0,32000,2668,0.083375,131072,1822,0.013901,0,0,2
49,host-24,2,0,14,2,0,0,0.124438,0,32000,3982,0.124438,131072,3628,0.027679,0,0,2
49,host-3,1,0,14,1,0,0,0.044781,0,32000,1433,0.044781,131072,1335,0.010185,0,0,1
49,host-4,2,0,14,2,0,0,0.102125,0,32000,3268,0.102125,131072,3121,0.023811,0,0,2
49,host-5,2,0,14,2,0,0,0.098125,0,32000,3140,0.098125,131072,3629,0.027687,0,0,2
49,host-6,1,0,14,1,0,0,0.062187,0,32000,1990,0.062187,131072,1877,0.014320,0,0,1
49,host-7,3,0,14,3,0,0,0.116906,0,32000,3741,0.116906,131072,3073,0.023445,0,0,3
49,host-8,1,0,14,1,0,0,0.036469,0,32000,1167,0.036469,131072,1365,0.010414,0,0,1
49,host-9,2,0,14,2,0,0,0.104750,0,32000,3352,0.104750,131072,3645,0.027809,0,0,2
50,host-1,2,0,14,2,0,0,0.112594,0,32000,3603,0.112594,131072,4649,0.035469,0,0,2
50,host-10,1,0,14,1,0,0,0.072156,0,32000,2309,0.072156,131072,2949,0.022499,0,0,1
50,host-11,3,0,14,3,0,0,0.113594,0,32000,3635,0.113594,131072,4137,0.031563,0,0,3
50,host-12,2,0,14,2,0,0,0.064312,0,32000,2058,0.064312,131072,1953,0.014900,0,0,2
50,host-13,2,0,14,2,0,0,0.102938,0,32000,3294,0.102938,131072,2413,0.018410,0,0,2
50,host-14,2,0,14,2,0,0,0.089344,0,32000,2859,0.089344,131072,2731,0.020836,0,0,2
50,host-15,1,0,14,1,0,0,0.066375,0,32000,2124,0.066375,131072,2384,0.018188,0,0,1
50,host-16,3,0,14,3,0,0,0.146437,0,32000,4686,0.146437,131072,5212,0.039764,0,0,3
50,host-17,2,0,14,2,0,0,0.118031,0,32000,3777,0.118031,131072,4122,0.031448,0,0,2
50,host-18,3,0,14,3,0,0,0.151531,0,32000,4849,0.151531,131072,5108,0.038971,0,0,3
50,host-19,1,0,14,1,0,0,0.070719,0,32000,2263,0.070719,131072,2580,0.019684,0,0,1
50,host-2,2,0,14,2,0,0,0.085000,0,32000,2720,0.085000,131072,3141,0.023964,0,0,2
50,host-20,2,0,14,2,0,0,0.103031,0,32000,3297,0.103031,131072,3756,0.028656,0,0,2
50,host-21,2,0,14,2,0,0,0.095312,0,32000,3050,0.095312,131072,2731,0.020836,0,0,2
50,host-22,2,0,14,2,0,0,0.115406,0,32000,3693,0.115406,131072,4450,0.033951,0,0,2
50,host-23,2,0,14,2,0,0,0.083375,0,32000,2668,0.083375,131072,1822,0.013901,0,0,2
50,host-24,2,0,14,2,0,0,0.124438,0,32000,3982,0.124438,131072,3628,0.027679,0,0,2
50,host-3,1,0,14,1,0,0,0.044781,0,32000,1433,0.044781,131072,1335,0.010185,0,0,1
50,host-4,2,0,14,2,0,0,0.102125,0,32000,3268,0.102125,131072,3121,0.023811,0,0,2
50,host-5,2,0,14,2,0,0,0.098125,0,32000,3140,0.098125,131072,3629,0.027687,0,0,2
50,host-6,1,0,14,1,0,0,0.062187,0,32000,1990,0.062187,131072,1877,0.014320,0,0,1
50,host-7,3,0,14,3,0,0,0.116906,0,32000,3741,0.116906,131072,3073,0.023445,0,0,3
50,host-8,2,1,14,2,1,0,0.079281,0,32000,2537,0.079281,131072,2562,0.019547,1,0,1
50,host-9,2,0,14,2,0,0,0.104750,0,32000,3352,0.104750,131072,3645,0.027809,0,0,2
51,host-1,2,0,14,2,0,0,0.112594,0,32000,3603,0.112594,131072,4649,0.035469,0,0,2
51,host-10,2,1,14,2,1,0,0.128562,0,32000,4114,0.128562,131072,4625,0.035286,1,0,1
51,host-11,3,0,14,3,0,0,0.113594,0,32000,3635,0.113594,131072,4137,0.031563,0,0,3
51,host-12,3,1,14,3,1,0,0.099562,0,32000,3186,0.099562,131072,3583,0.027336,1,0,2
51,host-13,2,0,14,2,0,0,0.102938,0,32000,3294,0.102938,131072,2413,0.018410,0,0,2
51,host-14,3,2,14,3,2,0,0.124906,0,32000,3997,0.124906,131072,3574,0.027267,2,0,1
51,host-15,2,1,14,2,1,0,0.107656,0,32000,3445,0.107656,131072,4005,0.030556,1,0,1
51,host-16,2,0,14,2,0,0,0.114906,0,32000,3677,0.114906,131072,3885,0.029640,0,0,2
51,host-17,2,0,14,2,0,0,0.118031,0,32000,3777,0.118031,131072,4122,0.031448,0,0,2
51,host-18,3,0,14,3,0,0,0.151531,0,32000,4849,0.151531,131072,5108,0.038971,0,0,3
51,host-19,2,1,14,2,1,0,0.115219,0,32000,3687,0.115219,131072,3789,0.028908,1,0,1
51,host-2,2,0,14,2,0,0,0.085000,0,32000,2720,0.085000,131072,3141,0.023964,0,0,2
51,host-20,2,0,14,2,0,0,0.103031,0,32000,3297,0.103031,131072,3756,0.028656,0,0,2
51,host-21,2,0,14,2,0,0,0.095312,0,32000,3050,0.095312,131072,2731,0.020836,0,0,2
51,host-22,2,0,14,2,0,0,0.115406,0,32000,3693,0.115406,131072,4450,0.033951,0,0,2
51,host-23,3,1,14,3,1,0,0.146563,0,32000,4690,0.146563,131072,4091,0.031212,1,0,2
51,host-24,2,0,14,2,0,0,0.124438,0,32000,3982,0.124438,131072,3628,0.027679,0,0,2
51,host-3,2,0,14,2,0,0,0.086094,0,32000,2755,0.086094,131072,2718,0.020737,0,0,2
51,host-4,2,0,14,2,0,0,0.102125,0,32000,3268,0.102125,131072,3121,0.023811,0,0,2
51,host-5,2,0,14,2,0,0,0.098125,0,32000,3140,0.098125,131072,3629,0.027687,0,0,2
51,host-6,2,1,14,2,1,0,0.117125,0,32000,3748,0.117125,131072,3695,0.028191,1,0,1
51,host-7,3,0,14,3,0,0,0.116906,0,32000,3741,0.116906,131072,3073,0.023445,0,0,3
51,host-8,3,2,14,3,2,0,0.132219,0,32000,4231,0.132219,131072,4823,0.036797,2,0,1
51,host-9,2,0,14,2,0,0,0.104750,0,32000,3352,0.104750,131072,3645,0.027809,0,0,2
52,host-1,1,0,14,1,0,0,0.068125,0,32000,2180,0.068125,131072,2731,0.020836,0,0,1
52,host-10,2,1,14,2,1,0,0.128562,0,32000,4114,0.128562,131072,4625,0.035286,1,0,1
52,host-11,2,0,14,2,0,0,0.083187,0,32000,2662,0.083187,131072,2579,0.019676,0,0,2
52,host-12,2,1,14,2,1,0,0.073594,0,32000,2355,0.073594,131072,2534,0.019333,1,0,1
52,host-13,2,0,14,2,0,0,0.102938,0,32000,3294,0.102938,131072,2413,0.018410,0,0,2
52,host-14,3,1,14,3,1,0,0.124906,0,32000,3997,0.124906,131072,3574,0.027267,1,0,2
52,host-15,2,1,14,2,1,0,0.107656,0,32000,3445,0.107656,131072,4005,0.030556,1,0,1
52,host-16,2,0,14,2,0,0,0.114906,0,32000,3677,0.114906,131072,3885,0.029640,0,0,2
52,host-17,2,0,14,2,0,0,0.118031,0,32000,3777,0.118031,131072,4122,0.031448,0,0,2
52,host-18,3,0,14,3,0,0,0.151531,0,32000,4849,0.151531,131072,5108,0.038971,0,0,3
52,host-19,2,1,14,2,1,0,0.115219,0,32000,3687,0.115219,131072,3789,0.028908,1,0,1
52,host-2,3,1,14,3,1,0,0.111875,0,32000,3580,0.111875,131072,3672,0.028015,1,0,2
52,host-20,1,0,14,1,0,0,0.045187,0,32000,1446,0.045187,131072,1444,0.011017,0,0,1
52,host-21,2,0,14,2,0,0,0.095312,0,32000,3050,0.095312,131072,2731,0.020836,0,0,2
52,host-22,2,0,14,2,0,0,0.115406,0,32000,3693,0.115406,131072,4450,0.033951,0,0,2
52,host-23,3,0,14,3,0,0,0.146563,0,32000,4690,0.146563,131072,4091,0.031212,0,0,3
52,host-24,2,0,14,2,0,0,0.124438,0,32000,3982,0.124438,131072,3628,0.027679,0,0,2
52,host-3,3,1,14,3,1,0,0.145031,0,32000,4641,0.145031,131072,5039,0.038445,1,0,2
52,host-4,2,0,14,2,0,0,0.102125,0,32000,3268,0.102125,131072,3121,0.023811,0,0,2
52,host-5,1,0,14,1,0,0,0.041688,0,32000,1334,0.041688,131072,1505,0.011482,0,0,1
52,host-6,2,1,14,2,1,0,0.117125,0,32000,3748,0.117125,131072,3695,0.028191,1,0,1
52,host-7,3,0,14,3,0,0,0.116906,0,32000,3741,0.116906,131072,3073,0.023445,0,0,3
52,host-8,3,0,14,3,0,0,0.132219,0,32000,4231,0.132219,131072,4823,0.036797,0,0,3
52,host-9,2,0,14,2,0,0,0.104750,0,32000,3352,0.104750,131072,3645,0.027809,0,0,2
53,host-1,1,0,14,1,0,0,0.068125,0,32000,2180,0.068125,131072,2731,0.020836,0,0,1
53,host-10,2,0,14,2,0,0,0.128562,0,32000,4114,0.128562,131072,4625,0.035286,0,0,2
53,host-11,2,0,14,2,0,0,0.083187,0,32000,2662,0.083187,131072,2579,0.019676,0,0,2
53,host-12,2,0,14,2,0,0,0.073594,0,32000,2355,0.073594,131072,2534,0.019333,0,0,2
53,host-13,2,0,14,2,0,0,0.102938,0,32000,3294,0.102938,131072,2413,0.018410,0,0,2
53,host-14,3,0,14,3,0,0,0.124906,0,32000,3997,0.124906,131072,3574,0.027267,0,0,3
53,host-15,2,0,14,2,0,0,0.107656,0,32000,3445,0.107656,131072,4005,0.030556,0,0,2
53,host-16,2,0,14,2,0,0,0.114906,0,32000,3677,0.114906,131072,3885,0.029640,0,0,2
53,host-17,2,0,14,2,0,0,0.118031,0,32000,3777,0.118031,131072,4122,0.031448,0,0,2
53,host-18,3,0,14,3,0,0,0.151531,0,32000,4849,0.151531,131072,5108,0.038971,0,0,3
53,host-19,2,0,14,2,0,0,0.115219,0,32000,3687,0.115219,131072,3789,0.028908,0,0,2
53,host-2,3,0,14,3,0,0,0.111875,0,32000,3580,0.111875,131072,3672,0.028015,0,0,3
53,host-20,1,0,14,1,0,0,0.045187,0,32000,1446,0.045187,131072,1444,0.011017,0,0,1
53,host-21,2,0,14,2,0,0,0.095312,0,32000,3050,0.095312,131072,2731,0.020836,0,0,2
53,host-22,2,0,14,2,0,0,0.115406,0,32000,3693,0.115406,131072,4450,0.033951,0,0,2
53,host-23,2,0,14,2,0,0,0.095125,0,32000,3044,0.095125,131072,2850,0.021744,0,0,2
53,host-24,2,0,14,2,0,0,0.124438,0,32000,3982,0.124438,131072,3628,0.027679,0,0,2
53,host-3,3,1,14,3,1,0,0.145031,0,32000,4641,0.145031,131072,5039,0.038445,0,1,2
53,host-4,2,0,14,2,0,0,0.102125,0,32000,3268,0.102125,131072,3121,0.023811,0,0,2
53,host-5,2,1,14,2,1,0,0.091969,0,32000,2943,0.091969,131072,3034,0.023148,1,0,1
53,host-6,2,0,14,2,0,0,0.117125,0,32000,3748,0.117125,131072,3695,0.028191,0,0,2
53,host-7,2,0,14,2,0,0,0.085062,0,32000,2722,0.085062,131072,2510,0.019150,0,0,2
53,host-8,3,0,14,3,0,0,0.132219,0,32000,4231,0.132219,131072,4823,0.036797,0,0,3
53,host-9,2,0,14,2,0,0,0.104750,0,32000,3352,0.104750,131072,3645,0.027809,0,0,2
54,host-1,2,1,14,2,1,0,0.111250,0,32000,3560,0.111250,131072,3980,0.030365,1,0,1
54,host-10,2,0,14,2,0,0,0.128562,0,32000,4114,0.128562,131072,4625,0.035286,0,0,2
54,host-11,2,0,14,2,0,0,0.083187,0,32000,2662,0.083187,131072,2579,0.019676,0,0,2
54,host-12,3,1,14,3,1,0,0.121563,0,32000,3890,0.121563,131072,4059,0.030968,1,0,2
54,host-13,2,1,14,2,1,0,0.132469,0,32000,4239,0.132469,131072,3565,0.027199,1,0,1
54,host-14,3,0,14,3,0,0,0.124906,0,32000,3997,0.124906,131072,3574,0.027267,0,0,3
54,host-15,2,0,14,2,0,0,0.107656,0,32000,3445,0.107656,131072,4005,0.030556,0,0,2
54,host-16,2,0,14,2,0,0,0.114906,0,32000,3677,0.114906,131072,3885,0.029640,0,0,2
54,host-17,1,0,14,1,0,0,0.060187,0,32000,1926,0.060187,131072,1810,0.013809,0,0,1
54,host-18,3,0,14,3,0,0,0.151531,0,32000,4849,0.151531,131072,5108,0.038971,0,0,3
54,host-19,2,0,14,2,0,0,0.115219,0,32000,3687,0.115219,131072,3789,0.028908,0,0,2
54,host-2,3,0,14,3,0,0,0.111875,0,32000,3580,0.111875,131072,3672,0.028015,0,0,3
54,host-20,2,0,14,2,0,0,0.083437,0,32000,2670,0.083437,131072,2277,0.017372,0,0,2
54,host-21,2,0,14,2,0,0,0.095312,0,32000,3050,0.095312,131072,2731,0.020836,0,0,2
54,host-22,2,0,14,2,0,0,0.115406,0,32000,3693,0.115406,131072,4450,0.033951,0,0,2
54,host-23,2,0,14,2,0,0,0.095125,0,32000,3044,0.095125,131072,2850,0.021744,0,0,2
54,host-24,2,0,14,2,0,0,0.124438,0,32000,3982,0.124438,131072,3628,0.027679,0,0,2
54,host-3,3,0,14,3,0,0,0.145031,0,32000,4641,0.145031,131072,5039,0.038445,0,0,3
54,host-4,2,0,14,2,0,0,0.102125,0,32000,3268,0.102125,131072,3121,0.023811,0,0,2
54,host-5,2,1,14,2,1,0,0.091969,0,32000,2943,0.091969,131072,3034,0.023148,1,0,1
54,host-6,2,0,14,2,0,0,0.117125,0,32000,3748,0.117125,131072,3695,0.028191,0,0,2
54,host-7,2,0,14,2,0,0,0.085062,0,32000,2722,0.085062,131072,2510,0.019150,0,0,2
54,host-8,3,0,14,3,0,0,0.132219,0,32000,4231,0.132219,131072,4823,0.036797,0,0,3
54,host-9,2,0,14,2,0,0,0.104750,0,32000,3352,0.104750,131072,3645,0.027809,0,0,2
55,host-1,2,1,14,2,1,0,0.111250,0,32000,3560,0.111250,131072,3980,0.030365,0,1,1
55,host-10,1,0,14,1,0,0,0.056406,0,32000,1805,0.056406,131072,1676,0.012787,0,0,1
55,host-11,2,0,14,2,0,0,0.083187,0,32000,2662,0.083187,131072,2579,0.019676,0,0,2
55,host-12,3,1,14,3,1,0,0.121563,0,32000,3890,0.121563,131072,4059,0.030968,0,1,2
55,host-13,2,1,14,2,1,0,0.132469,0,32000,4239,0.132469,131072,3565,0.027199,1,0,1
55,host-14,3,0,14,3,0,0,0.124906,0,32000,3997,0.124906,131072,3574,0.027267,0,0,3
55,host-15,2,0,14,2,0,0,0.107656,0,32000,3445,0.107656,131072,4005,0.030556,0,0,2
55,host-16,2,0,14,2,0,0,0.114906,0,32000,3677,0.114906,131072,3885,0.029640,0,0,2
55,host-17,2,1,14,2,1,0,0.134313,0,32000,4298,0.134313,131072,4187,0.031944,1,0,1
55,host-18,2,0,14,2,0,0,0.121969,0,32000,3903,0.121969,131072,4093,0.031227,0,0,2
55,host-19,2,0,14,2,0,0,0.115219,0,32000,3687,0.115219,131072,3789,0.028908,0,0,2
55,host-2,3,0,14,3,0,0,0.111875,0,32000,3580,0.111875,131072,3672,0.028015,0,0,3
55,host-20,2,0,14,2,0,0,0.083437,0,32000,2670,0.083437,131072,2277,0.017372,0,0,2
55,host-21,2,0,14,2,0,0,0.095312,0,32000,3050,0.095312,131072,2731,0.020836,0,0,2
55,host-22,2,0,14,2,0,0,0.115406,0,32000,3693,0.115406,131072,4450,0.033951,0,0,2
55,host-23,2,0,14,2,0,0,0.095125,0,32000,3044,0.095125,131072,2850,0.021744,0,0,2
55,host-24,2,0,14,2,0,0,0.124438,0,32000,3982,0.124438,131072,3628,0.027679,0,0,2
55,host-3,3,0,14,3,0,0,0.145031,0,32000,4641,0.145031,131072,5039,0.038445,0,0,3
55,host-4,2,0,14,2,0,0,0.102125,0,32000,3268,0.102125,131072,3121,0.023811,0,0,2
55,host-5,2,0,14,2,0,0,0.091969,0,32000,2943,0.091969,131072,3034,0.023148,0,0,2
55,host-6,2,0,14,2,0,0,0.117125,0,32000,3748,0.117125,131072,3695,0.028191,0,0,2
55,host-7,2,0,14,2,0,0,0.085062,0,32000,2722,0.085062,131072,2510,0.019150,0,0,2
55,host-8,3,0,14,3,0,0,0.132219,0,32000,4231,0.132219,131072,4823,0.036797,0,0,3
55,host-9,2,0,14,2,0,0,0.104750,0,32000,3352,0.104750,131072,3645,0.027809,0,0,2
56,host-1,2,0,14,2,0,0,0.111250,0,32000,3560,0.111250,131072,3980,0.030365,0,0,2
56,host-10,1,0,14,1,0,0,0.056406,0,32000,1805,0.056406,131072,1676,0.012787,0,0,1
56,host-11,2,0,14,2,0,0,0.083187,0,32000,2662,0.083187,131072,2579,0.019676,0,0,2
56,host-12,3,0,14,3,0,0,0.121563,0,32000,3890,0.121563,131072,4059,0.030968,0,0,3
56,host-13,2,0,14,2,0,0,0.132469,0,32000,4239,0.132469,131072,3565,0.027199,0,0,2
56,host-14,3,0,14,3,0,0,0.124906,0,32000,3997,0.124906,131072,3574,0.027267,0,0,3
56,host-15,2,0,14,2,0,0,0.107656,0,32000,3445,0.107656,131072,4005,0.030556,0,0,2
56,host-16,2,0,14,2,0,0,0.114906,0,32000,3677,0.114906,131072,3885,0.029640,0,0,2
56,host-17,2,0,14,2,0,0,0.134313,0,32000,4298,0.134313,131072,4187,0.031944,0,0,2
56,host-18,2,1,14,2,1,0,0.121969,0,32000,3903,0.121969,131072,4093,0.031227,0,1,1
56,host-19,2,0,14,2,0,0,0.115219,0,32000,3687,0.115219,131072,3789,0.028908,0,0,2
56,host-2,3,0,14,3,0,0,0.111875,0,32000,3580,0.111875,131072,3672,0.028015,0,0,3
56,host-20,2,0,14,2,0,0,0.083437,0,32000,2670,0.083437,131072,2277,0.017372,0,0,2
56,host-21,2,1,14,2,1,0,0.095312,0,32000,3050,0.095312,131072,2731,0.020836,0,1,1
56,host-22,2,0,14,2,0,0,0.115406,0,32000,3693,0.115406,131072,4450,0.033951,0,0,2
56,host-23,2,0,14,2,0,0,0.095125,0,32000,3044,0.095125,131072,2850,0.021744,0,0,2
56,host-24,2,0,14,2,0,0,0.124438,0,32000,3982,0.124438,131072,3628,0.027679,0,0,2
56,host-3,3,0,14,3,0,0,0.145031,0,32000,4641,0.145031,131072,5039,0.038445,0,0,3
56,host-4,2,0,14,2,0,0,0.102125,0,32000,3268,0.102125,131072,3121,0.023811,0,0,2
56,host-5,2,0,14,2,0,0,0.091969,0,32000,2943,0.091969,131072,3034,0.023148,0,0,2
56,host-6,2,0,14,2,0,0,0.117125,0,32000,3748,0.117125,131072,3695,0.028191,0,0,2
56,host-7,2,0,14,2,0,0,0.085062,0,32000,2722,0.085062,131072,2510,0.019150,0,0,2
56,host-8,3,0,14,3,0,0,0.132219,0,32000,4231,0.132219,131072,4823,0.036797,0,0,3
56,host-9,2,0,14,2,0,0,0.104750,0,32000,3352,0.104750,131072,3645,0.027809,0,0,2
57,host-1,2,0,14,2,0,0,0.111250,0,32000,3560,0.111250,131072,3980,0.030365,0,0,2
57,host-10,1,0,14,1,0,0,0.056406,0,32000,1805,0.056406,131072,1676,0.012787,0,0,1
57,host-11,2,0,14,2,0,0,0.083187,0,32000,2662,0.083187,131072,2579,0.019676,0,0,2
57,host-12,3,0,14,3,0,0,0.121563,0,32000,3890,0.121563,131072,4059,0.030968,0,0,3
57,host-13,2,0,14,2,0,0,0.132469,0,32000,4239,0.132469,131072,3565,0.027199,0,0,2
57,host-14,3,0,14,3,0,0,0.124906,0,32000,3997,0.124906,131072,3574,0.027267,0,0,3
57,host-15,2,0,14,2,0,0,0.107656,0,32000,3445,0.107656,131072,4005,0.030556,0,0,2
57,host-16,2,0,14,2,0,0,0.114906,0,32000,3677,0.114906,131072,3885,0.029640,0,0,2
57,host-17,2,0,14,2,0,0,0.134313,0,32000,4298,0.134313,131072,4187,0.031944,0,0,2
57,host-18,2,0,14,2,0,0,0.121969,0,32000,3903,0.121969,131072,4093,0.031227,0,0,2
57,host-19,2,0,14,2,0,0,0.115219,0,32000,3687,0.115219,131072,3789,0.028908,0,0,2
57,host-2,3,0,14,3,0,0,0.111875,0,32000,3580,0.111875,131072,3672,0.028015,0,0,3
57,host-20,2,0,14,2,0,0,0.083437,0,32000,2670,0.083437,131072,2277,0.017372,0,0,2
57,host-21,2,0,14,2,0,0,0.095312,0,32000,3050,0.095312,131072,2731,0.020836,0,0,2
57,host-22,2,0,14,2,0,0,0.115406,0,32000,3693,0.115406,131072,4450,0.033951,0,0,2
57,host-23,2,0,14,2,0,0,0.095125,0,32000,3044,0.095125,131072,2850,0.021744,0,0,2
57,host-24,2,0,14,2,0,0,0.124438,0,32000,3982,0.124438,131072,3628,0.027679,0,0,2
57,host-3,3,0,14,3,0,0,0.145031,0,32000,4641,0.145031,131072,5039,0.038445,0,0,3
57,host-4,2,0,14,2,0,0,0.102125,0,32000,3268,0.102125,131072,3121,0.023811,0,0,2
57,host-5,2,0,14,2,0,0,0.091969,0,32000,2943,0.091969,131072,3034,0.023148,0,0,2
57,host-6,2,0,14,2,0,0,0.117125,0,32000,3748,0.117125,131072,3695,0.028191,0,0,2
57,host-7,1,0,14,1,0,0,0.054562,0,32000,1746,0.054562,131072,1249,0.009529,0,0,1
57,host-8,3,0,14,3,0,0,0.132219,0,32000,4231,0.132219,131072,4823,0.036797,0,0,3
57,host-9,2,0,14,2,0,0,0.104750,0,32000,3352,0.104750,131072,3645,0.027809,0,0,2
58,host-1,2,0,14,2,0,0,0.111250,0,32000,3560,0.111250,131072,3980,0.030365,0,0,2
58,host-10,1,0,14,1,0,0,0.056406,0,32000,1805,0.056406,131072,1676,0.012787,0,0,1
58,host-11,2,0,14,2,0,0,0.083187,0,32000,2662,0.083187,131072,2579,0.019676,0,0,2
58,host-12,3,0,14,3,0,0,0.121563,0,32000,3890,0.121563,131072,4059,0.030968,0,0,3
58,host-13,1,0,14,1,0,0,0.074125,0,32000,2372,0.074125,131072,2377,0.018135,0,0,1
58,host-14,3,0,14,3,0,0,0.124906,0,32000,3997,0.124906,131072,3574,0.027267,0,0,3
58,host-15,2,0,14,2,0,0,0.107656,0,32000,3445,0.107656,131072,4005,0.030556,0,0,2
58,host-16,2,0,14,2,0,0,0.114906,0,32000,3677,0.114906,131072,3885,0.029640,0,0,2
58,host-17,2,0,14,2,0,0,0.134313,0,32000,4298,0.134313,131072,4187,0.031944,0,0,2
58,host-18,2,0,14,2,0,0,0.121969,0,32000,3903,0.121969,131072,4093,0.031227,0,0,2
58,host-19,2,0,14,2,0,0,0.115219,0,32000,3687,0.115219,131072,3789,0.028908,0,0,2
58,host-2,2,0,14,2,0,0,0.068562,0,32000,2194,0.068562,131072,2036,0.015533,0,0,2
58,host-20,2,0,14,2,0,0,0.083437,0,32000,2670,0.083437,131072,2277,0.017372,0,0,2
58,host-21,1,0,14,1,0,0,0.050812,0,32000,1626,0.050812,131072,1583,0.012077,0,0,1
58,host-22,2,0,14,2,0,0,0.115406,0,32000,3693,0.115406,131072,4450,0.033951,0,0,2
58,host-23,2,0,14,2,0,0,0.095125,0,32000,3044,0.095125,131072,2850,0.021744,0,0,2
58,host-24,2,0,14,2,0,0,0.124438,0,32000,3982,0.124438,131072,3628,0.027679,0,0,2
58,host-3,3,0,14,3,0,0,0.145031,0,32000,4641,0.145031,131072,5039,0.038445,0,0,3
58,host-4,2,0,14,2,0,0,0.102125,0,32000,3268,0.102125,131072,3121,0.023811,0,0,2
58,host-5,2,0,14,2,0,0,0.091969,0,32000,2943,0.091969,131072,3034,0.023148,0,0,2
58,host-6,2,0,14,2,0,0,0.117125,0,32000,3748,0.117125,131072,3695,0.028191,0,0,2
58,host-7,0,0,14,0,0,0,0.000000,0,32000,0,0.000000,131072,0,0.000000,0,0,0
58,host-8,3,0,14,3,0,0,0.132219,0,32000,4231,0.132219,131072,4823,0.036797,0,0,3
58,host-9,2,0,14,2,0,0,0.104750,0,32000,3352,0.104750,131072,3645,0.027809,0,0,2
59,host-1,2,0,14,2,0,0,0.111250,0,32000,3560,0.111250,131072,3980,0.030365,0,0,2
59,host-10,1,0,14,1,0,0,0.056406,0,32000,1805,0.056406,131072,1676,0.012787,0,0,1
59,host-11,1,0,14,1,0,0,0.034813,0,32000,1114,0.034813,131072,1536,0.011719,0,0,1
59,host-12,3,0,14,3,0,0,0.121563,0,32000,3890,0.121563,131072,4059,0.030968,0,0,3
59,host-13,1,0,14,1,0,0,0.074125,0,32000,2372,0.074125,131072,2377,0.018135,0,0,1
59,host-14,2,0,14,2,0,0,0.080031,0,32000,2561,0.080031,131072,2761,0.021065,0,0,2
59,host-15,2,0,14,2,0,0,0.107656,0,32000,3445,0.107656,131072,4005,0.030556,0,0,2
59,host-16,2,0,14,2,0,0,0.114906,0,32000,3677,0.114906,131072,3885,0.029640,0,0,2
59,host-17,2,0,14,2,0,0,0.134313,0,32000,4298,0.134313,131072,4187,0.031944,0,0,2
59,host-18,2,0,14,2,0,0,0.121969,0,32000,3903,0.121969,131072,4093,0.031227,0,0,2
59,host-19,2,0,14,2,0,0,0.115219,0,32000,3687,0.115219,131072,3789,0.028908,0,0,2
59,host-2,2,0,14,2,0,0,0.068562,0,32000,2194,0.068562,131072,2036,0.015533,0,0,2
59,host-20,2,0,14,2,0,0,0.083437,0,32000,2670,0.083437,131072,2277,0.017372,0,0,2
59,host-21,1,0,14,1,0,0,0.050812,0,32000,1626,0.050812,131072,1583,0.012077,0,0,1
59,host-22,2,0,14,2,0,0,0.115406,0,32000,3693,0.115406,131072,4450,0.033951,0,0,2
59,host-23,2,0,14,2,0,0,0.095125,0,32000,3044,0.095125,131072,2850,0.021744,0,0,2
59,host-24,2,0,14,2,0,0,0.124438,0,32000,3982,0.124438,131072,3628,0.027679,0,0,2
59,host-3,3,0,14,3,0,0,0.145031,0,32000,4641,0.145031,131072,5039,0.038445,0,0,3
59,host-4,2,0,14,2,0,0,0.102125,0,32000,3268,0.102125,131072,3121,0.023811,0,0,2
59,host-5,2,0,14,2,0,0,0.091969,0,32000,2943,0.091969,131072,3034,0.023148,0,0,2
59,host-6,2,0,14,2,0,0,0.117125,0,32000,3748,0.117125,131072,3695,0.028191,0,0,2
59,host-7,0,0,14,0,0,0,0.000000,0,32000,0,0.000000,131072,0,0.000000,0,0,0
59,host-8,3,0,14,3,0,0,0.132219,0,32000,4231,0.132219,131072,4823,0.036797,0,0,3
59,host-9,2,0,14,2,0,0,0.104750,0,32000,3352,0.104750,131072,3645,0.027809,0,0,2
60,host-1,2,0,14,2,0,0,0.111250,0,32000,3560,0.111250,131072,3980,0.030365,0,0,2
60,host-10,1,0,14,1,0,0,0.056406,0,32000,1805,0.056406,131072,1676,0.012787,0,0,1
60,host-11,0,0,14,0,0,0,0.000000,0,32000,0,0.000000,131072,0,0.000000,0,0,0
60,host-12,3,0,14,3,0,0,0.121563,0,32000,3890,0.121563,131072,4059,0.030968,0,0,3
60,host-13,1,0,14,1,0,0,0.074125,0,32000,2372,0.074125,131072,2377,0.018135,0,0,1
60,host-14,2,0,14,2,0,0,0.080031,0,32000,2561,0.080031,131072,2761,0.021065,0,0,2
60,host-15,2,0,14,2,0,0,0.107656,0,32000,3445,0.107656,131072,4005,0.030556,0,0,2
60,host-16,1,0,14,1,0,0,0.050937,0,32000,1630,0.050937,131072,1533,0.011696,0,0,1
60,host-17,2,0,14,2,0,0,0.134313,0,32000,4298,0.134313,131072,4187,0.031944,0,0,2
60,host-18,2,0,14,2,0,0,0.121969,0,32000,3903,0.121969,131072,4093,0.031227,0,0,2
60,host-19,2,0,14,2,0,0,0.115219,0,32000,3687,0.115219,131072,3789,0.028908,0,0,2
60,host-2,2,0,14,2,0,0,0.068562,0,32000,2194,0.068562,131072,2036,0.015533,0,0,2
60,host-20,1,0,14,1,0,0,0.038250,0,32000,1224,0.038250,131072,833,0.006355,0,0,1
60,host-21,1,0,14,1,0,0,0.050812,0,32000,1626,0.050812,131072,1583,0.012077,0,0,1
60,host-22,2,0,14,2,0,0,0.115406,0,32000,3693,0.115406,131072,4450,0.033951,0,0,2
60,host-23,2,0,14,2,0,0,0.095125,0,32000,3044,0.095125,131072,2850,0.021744,0,0,2
60,host-24,2,0,14,2,0,0,0.124438,0,32000,3982,0.124438,131072,3628,0.027679,0,0,2
60,host-3,3,0,14,3,0,0,0.145031,0,32000,4641,0.145031,131072,5039,0.038445,0,0,3
60,host-4,2,0,14,2,0,0,0.102125,0,32000,3268,0.102125,131072,3121,0.023811,0,0,2
60,host-5,2,0,14,2,0,0,0.091969,0,32000,2943,0.091969,131072,3034,0.023148,0,0,2
60,host-6,1,0,14,1,0,0,0.054938,0,32000,1758,0.054938,131072,1818,0.013870,0,0,1
60,host-7,1,1,14,1,1,0,0.030500,0,32000,976,0.030500,131072,1261,0.009621,1,0,0
60,host-8,3,0,14,3,0,0,0.132219,0,32000,4231,0.132219,131072,4823,0.036797,0,0,3
60,host-9,2,0,14,2,0,0,0.104750,0,32000,3352,0.104750,131072,3645,0.027809,0,0,2
61,host-1,2,0,14,2,0,0,0.111250,0,32000,3560,0.111250,131072,3980,0.030365,0,0,2
61,host-10,1,0,14,1,0,0,0.056406,0,32000,1805,0.056406,131072,1676,0.012787,0,0,1
61,host-11,1,1,14,1,1,0,0.027250,0,32000,872,0.027250,131072,872,0.006653,1,0,0
61,host-12,3,0,14,3,0,0,0.121563,0,32000,3890,0.121563,131072,4059,0.030968,0,0,3
61,host-13,1,0,14,1,0,0,0.074125,0,32000,2372,0.074125,131072,2377,0.018135,0,0,1
61,host-14,2,0,14,2,0,0,0.080031,0,32000,2561,0.080031,131072,2761,0.021065,0,0,2
61,host-15,2,0,14,2,0,0,0.107656,0,32000,3445,0.107656,131072,4005,0.030556,0,0,2
61,host-16,1,0,14,1,0,0,0.050937,0,32000,1630,0.050937,131072,1533,0.011696,0,0,1
61,host-17,2,0,14,2,0,0,0.134313,0,32000,4298,0.134313,131072,4187,0.031944,0,0,2
61,host-18,2,0,14,2,0,0,0.121969,0,32000,3903,0.121969,131072,4093,0.031227,0,0,2
61,host-19,2,0,14,2,0,0,0.115219,0,32000,3687,0.115219,131072,3789,0.028908,0,0,2
61,host-2,2,0,14,2,0,0,0.068562,0,32000,2194,0.068562,131072,2036,0.015533,0,0,2
61,host-20,1,0,14,1,0,0,0.038250,0,32000,1224,0.038250,131072,833,0.006355,0,0,1
61,host-21,1,0,14,1,0,0,0.050812,0,32000,1626,0.050812,131072,1583,0.012077,0,0,1
61,host-22,2,0,14,2,0,0,0.115406,0,32000,3693,0.115406,131072,4450,0.033951,0,0,2
61,host-23,2,0,14,2,0,0,0.095125,0,32000,3044,0.095125,131072,2850,0.021744,0,0,2
61,host-24,2,0,14,2,0,0,0.124438,0,32000,3982,0.124438,131072,3628,0.027679,0,0,2
61,host-3,3,0,14,3,0,0,0.145031,0,32000,4641,0.145031,131072,5039,0.038445,0,0,3
61,host-4,2,0,14,2,0,0,0.102125,0,32000,3268,0.102125,131072,3121,0.023811,0,0,2
61,host-5,2,0,14,2,0,0,0.091969,0,32000,2943,0.091969,131072,3034,0.023148,0,0,2
61,host-6,1,0,14,1,0,0,0.054938,0,32000,1758,0.054938,131072,1818,0.013870,0,0,1
61,host-7,1,0,14,1,0,0,0.030500,0,32000,976,0.030500,131072,1261,0.009621,0,0,1
61,host-8,3,0,14,3,0,0,0.132219,0,32000,4231,0.132219,131072,4823,0.036797,0,0,3
61,host-9,2,0,14,2,0,0,0.104750,0,32000,3352,0.104750,131072,3645,0.027809,0,0,2
62,host-1,2,0,14,2,0,0,0.111250,0,32000,3560,0.111250,131072,3980,0.030365,0,0,2
62,host-10,1,0,14,1,0,0,0.056406,0,32000,1805,0.056406,131072,1676,0.012787,0,0,1
62,host-11,2,1,14,2,1,0,0.099406,0,32000,3181,0.099406,131072,3821,0.029152,1,0,1
62,host-12,3,0,14,3,0,0,0.121563,0,32000,3890,0.121563,131072,4059,0.030968,0,0,3
62,host-13,1,0,14,1,0,0,0.074125,0,32000,2372,0.074125,131072,2377,0.018135,0,0,1
62,host-14,2,0,14,2,0,0,0.080031,0,32000,2561,0.080031,131072,2761,0.021065,0,0,2
62,host-15,2,0,14,2,0,0,0.107656,0,32000,3445,0.107656,131072,4005,0.030556,0,0,2
62,host-16,1,0,14,1,0,0,0.050937,0,32000,1630,0.050937,131072,1533,0.011696,0,0,1
62,host-17,2,0,14,2,0,0,0.134313,0,32000,4298,0.134313,131072,4187,0.031944,0,0,2
62,host-18,2,0,14,2,0,0,0.121969,0,32000,3903,0.121969,131072,4093,0.031227,0,0,2
62,host-19,2,0,14,2,0,0,0.115219,0,32000,3687,0.115219,131072,3789,0.028908,0,0,2
62,host-2,2,0,14,2,0,0,0.068562,0,32000,2194,0.068562,131072,2036,0.015533,0,0,2
62,host-20,2,1,14,2,1,0,0.083719,0,32000,2679,0.083719,131072,2236,0.017059,1,0,1
62,host-21,1,0,14,1,0,0,0.050812,0,32000,1626,0.050812,131072,1583,0.012077,0,0,1
62,host-22,2,0,14,2,0,0,0.115406,0,32000,3693,0.115406,131072,4450,0.033951,0,0,2
62,host-23,2,0,14,2,0,0,0.095125,0,32000,3044,0.095125,131072,2850,0.021744,0,0,2
62,host-24,2,0,14,2,0,0,0.124438,0,32000,3982,0.124438,131072,3628,0.027679,0,0,2
62,host-3,3,0,14,3,0,0,0.145031,0,32000,4641,0.145031,131072,5039,0.038445,0,0,3
62,host-4,2,0,14,2,0,0,0.102125,0,32000,3268,0.102125,131072,3121,0.023811,0,0,2
62,host-5,2,0,14,2,0,0,0.091969,0,32000,2943,0.091969,131072,3034,0.023148,0,0,2
62,host-6,1,0,14,1,0,0,0.054938,0,32000,1758,0.054938,131072,1818,0.013870,0,0,1
62,host-7,2,1,14,2,1,0,0.073844,0,32000,2363,0.073844,131072,2135,0.016289,1,0,1
62,host-8,3,0,14,3,0,0,0.132219,0,32000,4231,0.132219,131072,4823,0.036797,0,0,3
62,host-9,2,0,14,2,0,0,0.104750,0,32000,3352,0.104750,131072,3645,0.027809,0,0,2
63,host-1,2,0,14,2,0,0,0.111250,0,32000,3560,0.111250,131072,3980,0.030365,0,0,2
63,host-10,2,1,14,2,1,0,0.110969,0,32000,3551,0.110969,131072,2925,0.022316,1,0,1
63,host-11,2,0,14,2,0,0,0.099406,0,32000,3181,0.099406,131072,3821,0.029152,0,0,2
63,host-12,3,0,14,3,0,0,0.121563,0,32000,3890,0.121563,131072,4059,0.030968,0,0,3
63,host-13,2,1,14,2,1,0,0.122594,0,32000,3923,0.122594,131072,4608,0.035156,1,0,1
63,host-14,2,0,14,2,0,0,0.080031,0,32000,2561,0.080031,131072,2761,0.021065,0,0,2
63,host-15,2,0,14,2,0,0,0.107656,0,32000,3445,0.107656,131072,4005,0.030556,0,0,2
63,host-16,2,1,14,2,1,0,0.080750,0,32000,2584,0.080750,131072,2174,0.016586,1,0,1
63,host-17,2,0,14,2,0,0,0.134313,0,32000,4298,0.134313,131072,4187,0.031944,0,0,2
63,host-18,2,1,14,2,1,0,0.121969,0,32000,3903,0.121969,131072,4093,0.031227,0,1,1
63,host-19,2,0,14,2,0,0,0.115219,0,32000,3687,0.115219,131072,3789,0.028908,0,0,2
63,host-2,3,1,14,3,1,0,0.117094,0,32000,3747,0.117094,131072,3763,0.028709,1,0,2
63,host-20,2,1,14,2,1,0,0.083719,0,32000,2679,0.083719,131072,2236,0.017059,0,1,1
63,host-21,2,1,14,2,1,0,0.080375,0,32000,2572,0.080375,131072,2598,0.019821,1,0,1
63,host-22,2,0,14,2,0,0,0.115406,0,32000,3693,0.115406,131072,4450,0.033951,0,0,2
63,host-23,2,0,14,2,0,0,0.095125,0,32000,3044,0.095125,131072,2850,0.021744,0,0,2
63,host-24,2,0,14,2,0,0,0.124438,0,32000,3982,0.124438,131072,3628,0.027679,0,0,2
63,host-3,3,0,14,3,0,0,0.145031,0,32000,4641,0.145031,131072,5039,0.038445,0,0,3
63,host-4,2,1,14,2,1,0,0.104500,0,32000,3344,0.104500,131072,3037,0.023170,1,0,1
63,host-5,2,0,14,2,0,0,0.091969,0,32000,2943,0.091969,131072,3034,0.023148,0,0,2
63,host-6,2,1,14,2,1,0,0.113281,0,32000,3625,0.113281,131072,3006,0.022934,1,0,1
63,host-7,3,2,14,3,2,0,0.135375,0,32000,4332,0.135375,131072,4392,0.033508,2,0,1
63,host-8,3,0,14,3,0,0,0.132219,0,32000,4231,0.132219,131072,4823,0.036797,0,0,3
63,host-9,2,0,14,2,0,0,0.104750,0,32000,3352,0.104750,131072,3645,0.027809,0,0,2
64,host-1,2,0,14,2,0,0,0.111250,0,32000,3560,0.111250,131072,3980,0.030365,0,0,2
64,host-10,2,1,14,2,1,0,0.110969,0,32000,3551,0.110969,131072,2925,0.022316,1,0,1
64,host-11,2,0,14,2,0,0,0.099406,0,32000,3181,0.099406,131072,3821,0.029152,0,0,2
64,host-12,3,0,14,3,0,0,0.121563,0,32000,3890,0.121563,131072,4059,0.030968,0,0,3
64,host-13,2,0,14,2,0,0,0.122594,0,32000,3923,0.122594,131072,4608,0.035156,0,0,2
64,host-14,3,1,14,3,1,0,0.109844,0,32000,3515,0.109844,131072,3402,0.025955,1,0,2
64,host-15,2,0,14,2,0,0,0.107656,0,32000,3445,0.107656,131072,4005,0.030556,0,0,2
64,host-16,2,1,14,2,1,0,0.080750,0,32000,2584,0.080750,131072,2174,0.016586,1,0,1
64,host-17,2,0,14,2,0,0,0.134313,0,32000,4298,0.134313,131072,4187,0.031944,0,0,2
64,host-18,2,0,14,2,0,0,0.121969,0,32000,3903,0.121969,131072,4093,0.031227,0,0,2
64,host-19,2,0,14,2,0,0,0.115219,0,32000,3687,0.115219,131072,3789,0.028908,0,0,2
64,host-2,3,1,14,3,1,0,0.117094,0,32000,3747,0.117094,131072,3763,0.028709,1,0,2
64,host-20,2,0,14,2,0,0,0.083719,0,32000,2679,0.083719,131072,2236,0.017059,0,0,2
64,host-21,3,2,14,3,2,0,0.113719,0,32000,3639,0.113719,131072,3614,0.027573,0,2,1
64,host-22,2,0,14,2,0,0,0.115406,0,32000,3693,0.115406,131072,4450,0.033951,0,0,2
64,host-23,2,0,14,2,0,0,0.095125,0,32000,3044,0.095125,131072,2850,0.021744,0,0,2
64,host-24,2,0,14,2,0,0,0.124438,0,32000,3982,0.124438,131072,3628,0.027679,0,0,2
64,host-3,3,0,14,3,0,0,0.145031,0,32000,4641,0.145031,131072,5039,0.038445,0,0,3
64,host-4,2,1,14,2,1,0,0.104500,0,32000,3344,0.104500,131072,3037,0.023170,1,0,1
64,host-5,2,0,14,2,0,0,0.091969,0,32000,2943,0.091969,131072,3034,0.023148,0,0,2
64,host-6,2,1,14,2,1,0,0.113281,0,32000,3625,0.113281,131072,3006,0.022934,1,0,1
64,host-7,3,0,14,3,0,0,0.135375,0,32000,4332,0.135375,131072,4392,0.033508,0,0,3
64,host-8,3,0,14,3,0,0,0.132219,0,32000,4231,0.132219,131072,4823,0.036797,0,0,3
64,host-9,2,0,14,2,0,0,0.104750,0,32000,3352,0.104750,131072,3645,0.027809,0,0,2
65,host-1,2,0,14,2,0,0,0.111250,0,32000,3560,0.111250,131072,3980,0.030365,0,0,2
65,host-10,2,1,14,2,1,0,0.110969,0,32000,3551,0.110969,131072,2925,0.022316,0,1,1
65,host-11,2,0,14,2,0,0,0.099406,0,32000,3181,0.099406,131072,3821,0.029152,0,0,2
65,host-12,3,0,14,3,0,0,0.121563,0,32000,3890,0.121563,131072,4059,0.030968,0,0,3
65,host-13,2,0,14,2,0,0,0.122594,0,32000,3923,0.122594,131072,4608,0.035156,0,0,2
65,host-14,3,0,14,3,0,0,0.109844,0,32000,3515,0.109844,131072,3402,0.025955,0,0,3
65,host-15,2,0,14,2,0,0,0.107656,0,32000,3445,0.107656,131072,4005,0.030556,0,0,2
65,host-16,3,1,14,3,1,0,0.154531,0,32000,4945,0.154531,131072,4780,0.036469,1,0,2
65,host-17,2,0,14,2,0,0,0.134313,0,32000,4298,0.134313,131072,4187,0.031944,0,0,2
65,host-18,2,0,14,2,0,0,0.121969,0,32000,3903,0.121969,131072,4093,0.031227,0,0,2
65,host-19,2,0,14,2,0,0,0.115219,0,32000,3687,0.115219,131072,3789,0.028908,0,0,2
65,host-2,3,0,14,3,0,0,0.117094,0,32000,3747,0.117094,131072,3763,0.028709,0,0,3
65,host-20,2,0,14,2,0,0,0.083719,0,32000,2679,0.083719,131072,2236,0.017059,0,0,2
65,host-21,3,0,14,3,0,0,0.113719,0,32000,3639,0.113719,131072,3614,0.027573,0,0,3
65,host-22,2,0,14,2,0,0,0.115406,0,32000,3693,0.115406,131072,4450,0.033951,0,0,2
65,host-23,1,0,14,1,0,0,0.063187,0,32000,2022,0.063187,131072,2269,0.017311,0,0,1
65,host-24,2,0,14,2,0,0,0.124438,0,32000,3982,0.124438,131072,3628,0.027679,0,0,2
65,host-3,3,0,14,3,0,0,0.145031,0,32000,4641,0.145031,131072,5039,0.038445,0,0,3
65,host-4,2,0,14,2,0,0,0.104500,0,32000,3344,0.104500,131072,3037,0.023170,0,0,2
65,host-5,2,0,14,2,0,0,0.091969,0,32000,2943,0.091969,131072,3034,0.023148,0,0,2
65,host-6,2,0,14,2,0,0,0.113281,0,32000,3625,0.113281,131072,3006,0.022934,0,0,2
65,host-7,3,0,14,3,0,0,0.135375,0,32000,4332,0.135375,131072,4392,0.033508,0,0,3
65,host-8,3,0,14,3,0,0,0.132219,0,32000,4231,0.132219,131072,4823,0.036797,0,0,3
65,host-9,2,0,14,2,0,0,0.104750,0,32000,3352,0.104750,131072,3645,0.027809,0,0,2
66,host-1,2,0,14,2,0,0,0.111250,0,32000,3560,0.111250,131072,3980,0.030365,0,0,2
66,host-10,2,0,14,2,0,0,0.110969,0,32000,3551,0.110969,131072,2925,0.022316,0,0,2
66,host-11,3,1,14,3,1,0,0.137094,0,32000,4387,0.137094,131072,4648,0.035461,1,0,2
66,host-12,3,0,14,3,0,0,0.121563,0,32000,3890,0.121563,131072,4059,0.030968,0,0,3
66,host-13,2,0,14,2,0,0,0.122594,0,32000,3923,0.122594,131072,4608,0.035156,0,0,2
66,host-14,3,0,14,3,0,0,0.109844,0,32000,3515,0.109844,131072,3402,0.025955,0,0,3
66,host-15,2,0,14,2,0,0,0.107656,0,32000,3445,0.107656,131072,4005,0.030556,0,0,2
66,host-16,3,0,14,3,0,0,0.154531,0,32000,4945,0.154531,131072,4780,0.036469,0,0,3
66,host-17,2,0,14,2,0,0,0.134313,0,32000,4298,0.134313,131072,4187,0.031944,0,0,2
66,host-18,2,0,14,2,0,0,0.121969,0,32000,3903,0.121969,131072,4093,0.031227,0,0,2
66,host-19,3,2,14,3,2,0,0.181750,0,32000,5816,0.181750,131072,6409,0.048897,2,0,1
66,host-2,3,0,14,3,0,0,0.117094,0,32000,3747,0.117094,131072,3763,0.028709,0,0,3
66,host-20,3,1,14,3,1,0,0.110344,0,32000,3531,0.110344,131072,3309,0.025246,1,0,2
66,host-21,3,0,14,3,0,0,0.113719,0,32000,3639,0.113719,131072,3614,0.027573,0,0,3
66,host-22,2,0,14,2,0,0,0.115406,0,32000,3693,0.115406,131072,4450,0.033951,0,0,2
66,host-23,3,2,14,3,2,0,0.134750,0,32000,4312,0.134750,131072,3537,0.026985,2,0,1
66,host-24,2,0,14,2,0,0,0.124438,0,32000,3982,0.124438,131072,3628,0.027679,0,0,2
66,host-3,3,0,14,3,0,0,0.145031,0,32000,4641,0.145031,131072,5039,0.038445,0,0,3
66,host-4,3,1,14,3,1,0,0.142531,0,32000,4561,0.142531,131072,3678,0.028061,1,0,2
66,host-5,3,1,14,3,1,0,0.137813,0,32000,4410,0.137813,131072,4424,0.033752,1,0,2
66,host-6,2,0,14,2,0,0,0.113281,0,32000,3625,0.113281,131072,3006,0.022934,0,0,2
66,host-7,3,0,14,3,0,0,0.135375,0,32000,4332,0.135375,131072,4392,0.033508,0,0,3
66,host-8,3,0,14,3,0,0,0.132219,0,32000,4231,0.132219,131072,4823,0.036797,0,0,3
66,host-9,3,2,14,3,2,0,0.162562,0,32000,5202,0.162562,131072,5518,0.042099,1,1,1
67,host-1,2,0,14,2,0,0,0.111250,0,32000,3560,0.111250,131072,3980,0.030365,0,0,2
67,host-10,3,1,14,3,1,0,0.188188,0,32000,6022,0.188188,131072,5223,0.039848,1,0,2
67,host-11,3,0,14,3,0,0,0.137094,0,32000,4387,0.137094,131072,4648,0.035461,0,0,3
67,host-12,3,0,14,3,0,0,0.121563,0,32000,3890,0.121563,131072,4059,0.030968,0,0,3
67,host-13,2,0,14,2,0,0,0.122594,0,32000,3923,0.122594,131072,4608,0.035156,0,0,2
67,host-14,4,1,14,4,1,0,0.138594,0,32000,4435,0.138594,131072,4599,0.035088,1,0,3
67,host-15,3,1,14,3,1,0,0.178750,0,32000,5720,0.178750,131072,6319,0.048210,0,1,2
67,host-16,3,0,14,3,0,0,0.154531,0,32000,4945,0.154531,131072,4780,0.036469,0,0,3
67,host-17,1,0,14,1,0,0,0.074125,0,32000,2372,0.074125,131072,2377,0.018135,0,0,1
67,host-18,2,0,14,2,0,0,0.121969,0,32000,3903,0.121969,131072,4093,0.031227,0,0,2
67,host-19,3,2,14,3,2,0,0.181750,0,32000,5816,0.181750,131072,6409,0.048897,1,1,1
67,host-2,2,0,14,2,0,0,0.075406,0,32000,2413,0.075406,131072,2258,0.017227,0,0,2
67,host-20,4,2,14,4,2,0,0.151719,0,32000,4855,0.151719,131072,4423,0.033745,1,1,2
67,host-21,3,0,14,3,0,0,0.113719,0,32000,3639,0.113719,131072,3614,0.027573,0,0,3
67,host-22,2,0,14,2,0,0,0.115406,0,32000,3693,0.115406,131072,4450,0.033951,0,0,2
67,host-23,3,1,14,3,1,0,0.134750,0,32000,4312,0.134750,131072,3537,0.026985,1,0,2
67,host-24,1,0,14,1,0,0,0.066531,0,32000,2129,0.066531,131072,2221,0.016945,0,0,1
67,host-3,3,0,14,3,0,0,0.145031,0,32000,4641,0.145031,131072,5039,0.038445,0,0,3
67,host-4,3,0,14,3,0,0,0.142531,0,32000,4561,0.142531,131072,3678,0.028061,0,0,3
67,host-5,2,0,14,2,0,0,0.096125,0,32000,3076,0.096125,131072,2919,0.022270,0,0,2
67,host-6,2,0,14,2,0,0,0.113281,0,32000,3625,0.113281,131072,3006,0.022934,0,0,2
67,host-7,3,0,14,3,0,0,0.135375,0,32000,4332,0.135375,131072,4392,0.033508,0,0,3
67,host-8,3,0,14,3,0,0,0.132219,0,32000,4231,0.132219,131072,4823,0.036797,0,0,3
67,host-9,3,1,14,3,1,0,0.162562,0,32000,5202,0.162562,131072,5518,0.042099,1,0,2
68,host-1,2,0,14,2,0,0,0.111250,0,32000,3560,0.111250,131072,3980,0.030365,0,0,2
68,host-10,3,1,14,3,1,0,0.188188,0,32000,6022,0.188188,131072,5223,0.039848,0,1,2
68,host-11,3,0,14,3,0,0,0.137094,0,32000,4387,0.137094,131072,4648,0.035461,0,0,3
68,host-12,3,0,14,3,0,0,0.121563,0,32000,3890,0.121563,131072,4059,0.030968,0,0,3
68,host-13,2,0,14,2,0,0,0.122594,0,32000,3923,0.122594,131072,4608,0.035156,0,0,2
68,host-14,4,0,14,4,0,0,0.138594,0,32000,4435,0.138594,131072,4599,0.035088,0,0,4
68,host-15,3,0,14,3,0,0,0.178750,0,32000,5720,0.178750,131072,6319,0.048210,0,0,3
68,host-16,3,0,14,3,0,0,0.154531,0,32000,4945,0.154531,131072,4780,0.036469,0,0,3
68,host-17,2,1,14,2,1,0,0.104531,0,32000,3345,0.104531,131072,3935,0.030022,1,0,1
68,host-18,2,0,14,2,0,0,0.121969,0,32000,3903,0.121969,131072,4093,0.031227,0,0,2
68,host-19,3,0,14,3,0,0,0.181750,0,32000,5816,0.181750,131072,6409,0.048897,0,0,3
68,host-2,3,1,14,3,1,0,0.130438,0,32000,4174,0.130438,131072,3525,0.026894,1,0,2
68,host-20,4,1,14,4,1,0,0.151719,0,32000,4855,0.151719,131072,4423,0.033745,1,0,3
68,host-21,3,0,14,3,0,0,0.113719,0,32000,3639,0.113719,131072,3614,0.027573,0,0,3
68,host-22,2,0,14,2,0,0,0.115406,0,32000,3693,0.115406,131072,4450,0.033951,0,0,2
68,host-23,3,0,14,3,0,0,0.134750,0,32000,4312,0.134750,131072,3537,0.026985,0,0,3
68,host-24,1,1,14,1,1,0,0.027781,0,32000,889,0.027781,131072,522,0.003983,1,0,0
68,host-3,3,0,14,3,0,0,0.145031,0,32000,4641,0.145031,131072,5039,0.038445,0,0,3
68,host-4,3,0,14,3,0,0,0.142531,0,32000,4561,0.142531,131072,3678,0.028061,0,0,3
68,host-5,2,0,14,2,0,0,0.096125,0,32000,3076,0.096125,131072,2919,0.022270,0,0,2
68,host-6,2,0,14,2,0,0,0.113281,0,32000,3625,0.113281,131072,3006,0.022934,0,0,2
68,host-7,3,0,14,3,0,0,0.135375,0,32000,4332,0.135375,131072,4392,0.033508,0,0,3
68,host-8,2,0,14,2,0,0,0.095750,0,32000,3064,0.095750,131072,3458,0.026382,0,0,2
68,host-9,3,1,14,3,1,0,0.162562,0,32000,5202,0.162562,131072,5518,0.042099,0,1,2
69,host-1,2,0,14,2,0,0,0.111250,0,32000,3560,0.111250,131072,3980,0.030365,0,0,2
69,host-10,3,0,14,3,0,0,0.188188,0,32000,6022,0.188188,131072,5223,0.039848,0,0,3
69,host-11,3,0,14,3,0,0,0.137094,0,32000,4387,0.137094,131072,4648,0.035461,0,0,3
69,host-12,3,0,14,3,0,0,0.121563,0,32000,3890,0.121563,131072,4059,0.030968,0,0,3
69,host-13,2,0,14,2,0,0,0.122594,0,32000,3923,0.122594,131072,4608,0.035156,0,0,2
69,host-14,4,0,14,4,0,0,0.138594,0,32000,4435,0.138594,131072,4599,0.035088,0,0,4
69,host-15,3,0,14,3,0,0,0.178750,0,32000,5720,0.178750,131072,6319,0.048210,0,0,3
69,host-16,3,0,14,3,0,0,0.154531,0,32000,4945,0.154531,131072,4780,0.036469,0,0,3
69,host-17,3,1,14,3,1,0,0.155969,0,32000,4991,0.155969,131072,5176,0.039490,1,0,2
69,host-18,2,0,14,2,0,0,0.121969,0,32000,3903,0.121969,131072,4093,0.031227,0,0,2
69,host-19,3,0,14,3,0,0,0.181750,0,32000,5816,0.181750,131072,6409,0.048897,0,0,3
69,host-2,3,1,14,3,1,0,0.130438,0,32000,4174,0.130438,131072,3525,0.026894,0,1,2
69,host-20,4,0,14,4,0,0,0.151719,0,32000,4855,0.151719,131072,4423,0.033745,0,0,4
69,host-21,3,0,14,3,0,0,0.113719,0,32000,3639,0.113719,131072,3614,0.027573,0,0,3
69,host-22,2,0,14,2,0,0,0.115406,0,32000,3693,0.115406,131072,4450,0.033951,0,0,2
69,host-23,3,0,14,3,0,0,0.134750,0,32000,4312,0.134750,131072,3537,0.026985,0,0,3
69,host-24,3,2,14,3,2,0,0.106313,0,32000,3402,0.106313,131072,3324,0.025360,1,1,1
69,host-3,3,1,14,3,1,0,0.132094,0,32000,4227,0.132094,131072,4267,0.032555,1,0,2
69,host-4,3,0,14,3,0,0,0.142531,0,32000,4561,0.142531,131072,3678,0.028061,0,0,3
69,host-5,3,1,14,3,1,0,0.130469,0,32000,4175,0.130469,131072,3812,0.029083,1,0,2
69,host-6,2,0,14,2,0,0,0.113281,0,32000,3625,0.113281,131072,3006,0.022934,0,0,2
69,host-7,3,0,14,3,0,0,0.135375,0,32000,4332,0.135375,131072,4392,0.033508,0,0,3
69,host-8,3,1,14,3,1,0,0.127219,0,32000,4071,0.127219,131072,4166,0.031784,1,0,2
69,host-9,2,0,14,2,0,0,0.124344,0,32000,3979,0.124344,131072,4094,0.031235,0,0,2
70,host-1,3,1,14,3,1,0,0.143094,0,32000,4579,0.143094,131072,4543,0.034660,1,0,2
70,host-10,3,0,14,3,0,0,0.188188,0,32000,6022,0.188188,131072,5223,0.039848,0,0,3
70,host-11,3,0,14,3,0,0,0.137094,0,32000,4387,0.137094,131072,4648,0.035461,0,0,3
70,host-12,3,0,14,3,0,0,0.121563,0,32000,3890,0.121563,131072,4059,0.030968,0,0,3
70,host-13,2,0,14,2,0,0,0.122594,0,32000,3923,0.122594,131072,4608,0.035156,0,0,2
70,host-14,4,0,14,4,0,0,0.138594,0,32000,4435,0.138594,131072,4599,0.035088,0,0,4
70,host-15,3,0,14,3,0,0,0.178750,0,32000,5720,0.178750,131072,6319,0.048210,0,0,3
70,host-16,3,0,14,3,0,0,0.154531,0,32000,4945,0.154531,131072,4780,0.036469,0,0,3
70,host-17,3,1,14,3,1,0,0.155969,0,32000,4991,0.155969,131072,5176,0.039490,1,0,2
70,host-18,2,0,14,2,0,0,0.121969,0,32000,3903,0.121969,131072,4093,0.031227,0,0,2
70,host-19,3,0,14,3,0,0,0.181750,0,32000,5816,0.181750,131072,6409,0.048897,0,0,3
70,host-2,3,0,14,3,0,0,0.130438,0,32000,4174,0.130438,131072,3525,0.026894,0,0,3
70,host-20,4,0,14,4,0,0,0.151719,0,32000,4855,0.151719,131072,4423,0.033745,0,0,4
70,host-21,3,0,14,3,0,0,0.113719,0,32000,3639,0.113719,131072,3614,0.027573,0,0,3
70,host-22,1,0,14,1,0,0,0.044000,0,32000,1408,0.044000,131072,1882,0.014359,0,0,1
70,host-23,3,0,14,3,0,0,0.134750,0,32000,4312,0.134750,131072,3537,0.026985,0,0,3
70,host-24,4,1,14,4,1,0,0.137781,0,32000,4409,0.137781,131072,4032,0.030762,1,0,3
70,host-3,3,0,14,3,0,0,0.132094,0,32000,4227,0.132094,131072,4267,0.032555,0,0,3
70,host-4,3,0,14,3,0,0,0.142531,0,32000,4561,0.142531,131072,3678,0.028061,0,0,3
70,host-5,3,0,14,3,0,0,0.130469,0,32000,4175,0.130469,131072,3812,0.029083,0,0,3
70,host-6,3,1,14,3,1,0,0.171187,0,32000,5478,0.171187,131072,4404,0.033600,1,0,2
70,host-7,3,0,14,3,0,0,0.135375,0,32000,4332,0.135375,131072,4392,0.033508,0,0,3
70,host-8,3,0,14,3,0,0,0.127219,0,32000,4071,0.127219,131072,4166,0.031784,0,0,3
70,host-9,2,0,14,2,0,0,0.124344,0,32000,3979,0.124344,131072,4094,0.031235,0,0,2
71,host-1,3,0,14,3,0,0,0.143094,0,32000,4579,0.143094,131072,4543,0.034660,0,0,3
71,host-10,3,0,14,3,0,0,0.188188,0,32000,6022,0.188188,131072,5223,0.039848,0,0,3
71,host-11,3,0,14,3,0,0,0.137094,0,32000,4387,0.137094,131072,4648,0.035461,0,0,3
71,host-12,3,0,14,3,0,0,0.121563,0,32000,3890,0.121563,131072,4059,0.030968,0,0,3
71,host-13,2,0,14,2,0,0,0.122594,0,32000,3923,0.122594,131072,4608,0.035156,0,0,2
71,host-14,4,0,14,4,0,0,0.138594,0,32000,4435,0.138594,131072,4599,0.035088,0,0,4
71,host-15,3,0,14,3,0,0,0.178750,0,32000,5720,0.178750,131072,6319,0.048210,0,0,3
71,host-16,3,0,14,3,0,0,0.154531,0,32000,4945,0.154531,131072,4780,0.036469,0,0,3
71,host-17,3,1,14,3,1,0,0.155969,0,32000,4991,0.155969,131072,5176,0.039490,0,1,2
71,host-18,2,0,14,2,0,0,0.121969,0,32000,3903,0.121969,131072,4093,0.031227,0,0,2
71,host-19,3,0,14,3,0,0,0.181750,0,32000,5816,0.181750,131072,6409,0.048897,0,0,3
71,host-2,3,0,14,3,0,0,0.130438,0,32000,4174,0.130438,131072,3525,0.026894,0,0,3
71,host-20,4,0,14,4,0,0,0.151719,0,32000,4855,0.151719,131072,4423,0.033745,0,0,4
71,host-21,3,0,14,3,0,0,0.113719,0,32000,3639,0.113719,131072,3614,0.027573,0,0,3
71,host-22,2,1,14,2,1,0,0.087750,0,32000,2808,0.087750,131072,3112,0.023743,1,0,1
71,host-23,3,0,14,3,0,0,0.134750,0,32000,4312,0.134750,131072,3537,0.026985,0,0,3
71,host-24,4,0,14,4,0,0,0.137781,0,32000,4409,0.137781,131072,4032,0.030762,0,0,4
71,host-3,2,0,14,2,0,0,0.090781,0,32000,2905,0.090781,131072,2884,0.022003,0,0,2
71,host-4,3,0,14,3,0,0,0.142531,0,32000,4561,0.142531,131072,3678,0.028061,0,0,3
71,host-5,3,0,14,3,0,0,0.130469,0,32000,4175,0.130469,131072,3812,0.029083,0,0,3
71,host-6,3,0,14,3,0,0,0.171187,0,32000,5478,0.171187,131072,4404,0.033600,0,0,3
71,host-7,3,0,14,3,0,0,0.135375,0,32000,4332,0.135375,131072,4392,0.033508,0,0,3
71,host-8,3,0,14,3,0,0,0.127219,0,32000,4071,0.127219,131072,4166,0.031784,0,0,3
71,host-9,2,0,14,2,0,0,0.124344,0,32000,3979,0.124344,131072,4094,0.031235,0,0,2
72,host-1,3,0,14,3,0,0,0.143094,0,32000,4579,0.143094,131072,4543,0.034660,0,0,3
72,host-10,3,0,14,3,0,0,0.188188,0,32000,6022,0.188188,131072,5223,0.039848,0,0,3
72,host-11,3,0,14,3,0,0,0.137094,0,32000,4387,0.137094,131072,4648,0.035461,0,0,3
72,host-12,3,0,14,3,0,0,0.121563,0,32000,3890,0.121563,131072,4059,0.030968,0,0,3
72,host-13,2,0,14,2,0,0,0.122594,0,32000,3923,0.122594,131072,4608,0.035156,0,0,2
72,host-14,3,0,14,3,0,0,0.092656,0,32000,2965,0.092656,131072,3298,0.025162,0,0,3
72,host-15,3,0,14,3,0,0,0.178750,0,32000,5720,0.178750,131072,6319,0.048210,0,0,3
72,host-16,3,0,14,3,0,0,0.154531,0,32000,4945,0.154531,131072,4780,0.036469,0,0,3
72,host-17,3,0,14,3,0,0,0.155969,0,32000,4991,0.155969,131072,5176,0.039490,0,0,3
72,host-18,2,0,14,2,0,0,0.121969,0,32000,3903,0.121969,131072,4093,0.031227,0,0,2
72,host-19,3,0,14,3,0,0,0.181750,0,32000,5816,0.181750,131072,6409,0.048897,0,0,3
72,host-2,3,0,14,3,0,0,0.130438,0,32000,4174,0.130438,131072,3525,0.026894,0,0,3
72,host-20,4,0,14,4,0,0,0.151719,0,32000,4855,0.151719,131072,4423,0.033745,0,0,4
72,host-21,3,0,14,3,0,0,0.113719,0,32000,3639,0.113719,131072,3614,0.027573,0,0,3
72,host-22,3,1,14,3,1,0,0.131062,0,32000,4194,0.131062,131072,4281,0.032661,1,0,2
72,host-23,3,0,14,3,0,0,0.134750,0,32000,4312,0.134750,131072,3537,0.026985,0,0,3
72,host-24,4,0,14,4,0,0,0.137781,0,32000,4409,0.137781,131072,4032,0.030762,0,0,4
72,host-3,2,0,14,2,0,0,0.090781,0,32000,2905,0.090781,131072,2884,0.022003,0,0,2
72,host-4,3,0,14,3,0,0,0.142531,0,32000,4561,0.142531,131072,3678,0.028061,0,0,3
72,host-5,3,0,14,3,0,0,0.130469,0,32000,4175,0.130469,131072,3812,0.029083,0,0,3
72,host-6,3,0,14,3,0,0,0.171187,0,32000,5478,0.171187,131072,4404,0.033600,0,0,3
72,host-7,3,0,14,3,0,0,0.135375,0,32000,4332,0.135375,131072,4392,0.033508,0,0,3
72,host-8,3,1,14,3,1,0,0.146594,0,32000,4691,0.146594,131072,4846,0.036972,1,0,2
72,host-9,2,0,14,2,0,0,0.124344,0,32000,3979,0.124344,131072,4094,0.031235,0,0,2
73,host-1,3,0,14,3,0,0,0.143094,0,32000,4579,0.143094,131072,4543,0.034660,0,0,3
73,host-10,2,0,14,2,0,0,0.131781,0,32000,4217,0.131781,131072,3547,0.027061,0,0,2
73,host-11,3,0,14,3,0,0,0.137094,0,32000,4387,0.137094,131072,4648,0.035461,0,0,3
73,host-12,2,0,14,2,0,0,0.086313,0,32000,2762,0.086313,131072,2429,0.018532,0,0,2
73,host-13,2,0,14,2,0,0,0.122594,0,32000,3923,0.122594,131072,4608,0.035156,0,0,2
73,host-14,2,0,14,2,0,0,0.058563,0,32000,1874,0.058563,131072,1838,0.014023,0,0,2
73,host-15,2,0,14,2,0,0,0.137469,0,32000,4399,0.137469,131072,4698,0.035843,0,0,2
73,host-16,3,0,14,3,0,0,0.154531,0,32000,4945,0.154531,131072,4780,0.036469,0,0,3
73,host-17,3,0,14,3,0,0,0.155969,0,32000,4991,0.155969,131072,5176,0.039490,0,0,3
73,host-18,2,0,14,2,0,0,0.121969,0,32000,3903,0.121969,131072,4093,0.031227,0,0,2
73,host-19,2,0,14,2,0,0,0.137250,0,32000,4392,0.137250,131072,5200,0.039673,0,0,2
73,host-2,2,0,14,2,0,0,0.103563,0,32000,3314,0.103563,131072,2994,0.022842,0,0,2
73,host-20,4,0,14,4,0,0,0.151719,0,32000,4855,0.151719,131072,4423,0.033745,0,0,4
73,host-21,3,0,14,3,0,0,0.113719,0,32000,3639,0.113719,131072,3614,0.027573,0,0,3
73,host-22,3,0,14,3,0,0,0.131062,0,32000,4194,0.131062,131072,4281,0.032661,0,0,3
73,host-23,3,0,14,3,0,0,0.134750,0,32000,4312,0.134750,131072,3537,0.026985,0,0,3
73,host-24,4,0,14,4,0,0,0.137781,0,32000,4409,0.137781,131072,4032,0.030762,0,0,4
73,host-3,3,1,14,3,1,0,0.152969,0,32000,4895,0.152969,131072,4761,0.036324,1,0,2
73,host-4,3,0,14,3,0,0,0.142531,0,32000,4561,0.142531,131072,3678,0.028061,0,0,3
73,host-5,3,0,14,3,0,0,0.130469,0,32000,4175,0.130469,131072,3812,0.029083,0,0,3
73,host-6,2,0,14,2,0,0,0.116250,0,32000,3720,0.116250,131072,2586,0.019730,0,0,2
73,host-7,3,0,14,3,0,0,0.135375,0,32000,4332,0.135375,131072,4392,0.033508,0,0,3
73,host-8,3,0,14,3,0,0,0.146594,0,32000,4691,0.146594,131072,4846,0.036972,0,0,3
73,host-9,2,0,14,2,0,0,0.124344,0,32000,3979,0.124344,131072,4094,0.031235,0,0,2
74,host-1,3,0,14,3,0,0,0.143094,0,32000,4579,0.143094,131072,4543,0.034660,0,0,3
74,host-10,2,0,14,2,0,0,0.131781,0,32000,4217,0.131781,131072,3547,0.027061,0,0,2
74,host-11,3,0,14,3,0,0,0.137094,0,32000,4387,0.137094,131072,4648,0.035461,0,0,3
74,host-12,2,0,14,2,0,0,0.086313,0,32000,2762,0.086313,131072,2429,0.018532,0,0,2
74,host-13,2,0,14,2,0,0,0.122594,0,32000,3923,0.122594,131072,4608,0.035156,0,0,2
74,host-14,2,0,14,2,0,0,0.058563,0,32000,1874,0.058563,131072,1838,0.014023,0,0,2
74,host-15,2,0,14,2,0,0,0.137469,0,32000,4399,0.137469,131072,4698,0.035843,0,0,2
74,host-16,3,0,14,3,0,0,0.154531,0,32000,4945,0.154531,131072,4780,0.036469,0,0,3
74,host-17,3,0,14,3,0,0,0.155969,0,32000,4991,0.155969,131072,5176,0.039490,0,0,3
74,host-18,2,0,14,2,0,0,0.121969,0,32000,3903,0.121969,131072,4093,0.031227,0,0,2
74,host-19,2,0,14,2,0,0,0.137250,0,32000,4392,0.137250,131072,5200,0.039673,0,0,2
74,host-2,2,0,14,2,0,0,0.103563,0,32000,3314,0.103563,131072,2994,0.022842,0,0,2
74,host-20,3,0,14,3,0,0,0.113469,0,32000,3631,0.113469,131072,3590,0.027390,0,0,3
74,host-21,3,0,14,3,0,0,0.113719,0,32000,3639,0.113719,131072,3614,0.027573,0,0,3
74,host-22,3,0,14,3,0,0,0.131062,0,32000,4194,0.131062,131072,4281,0.032661,0,0,3
74,host-23,3,0,14,3,0,0,0.134750,0,32000,4312,0.134750,131072,3537,0.026985,0,0,3
74,host-24,4,0,14,4,0,0,0.137781,0,32000,4409,0.137781,131072,4032,0.030762,0,0,4
74,host-3,2,1,14,2,1,0,0.094031,0,32000,3009,0.094031,131072,2440,0.018616,0,1,1
74,host-4,3,0,14,3,0,0,0.142531,0,32000,4561,0.142531,131072,3678,0.028061,0,0,3
74,host-5,3,0,14,3,0,0,0.130469,0,32000,4175,0.130469,131072,3812,0.029083,0,0,3
74,host-6,2,0,14,2,0,0,0.116250,0,32000,3720,0.116250,131072,2586,0.019730,0,0,2
74,host-7,3,0,14,3,0,0,0.135375,0,32000,4332,0.135375,131072,4392,0.033508,0,0,3
74,host-8,3,0,14,3,0,0,0.146594,0,32000,4691,0.146594,131072,4846,0.036972,0,0,3
74,host-9,2,0,14,2,0,0,0.124344,0,32000,3979,0.124344,131072,4094,0.031235,0,0,2
75,host-1,3,0,14,3,0,0,0.143094,0,32000,4579,0.143094,131072,4543,0.034660,0,0,3
75,host-10,2,0,14,2,0,0,0.131781,0,32000,4217,0.131781,131072,3547,0.027061,0,0,2
75,host-11,3,0,14,3,0,0,0.137094,0,32000,4387,0.137094,131072,4648,0.035461,0,0,3
75,host-12,2,0,14,2,0,0,0.086313,0,32000,2762,0.086313,131072,2429,0.018532,0,0,2
75,host-13,2,0,14,2,0,0,0.122594,0,32000,3923,0.122594,131072,4608,0.035156,0,0,2
75,host-14,2,0,14,2,0,0,0.058563,0,32000,1874,0.058563,131072,1838,0.014023,0,0,2
75,host-15,2,0,14,2,0,0,0.137469,0,32000,4399,0.137469,131072,4698,0.035843,0,0,2
75,host-16,3,0,14,3,0,0,0.154531,0,32000,4945,0.154531,131072,4780,0.036469,0,0,3
75,host-17,3,0,14,3,0,0,0.155969,0,32000,4991,0.155969,131072,5176,0.039490,0,0,3
75,host-18,2,0,14,2,0,0,0.121969,0,32000,3903,0.121969,131072,4093,0.031227,0,0,2
75,host-19,2,0,14,2,0,0,0.137250,0,32000,4392,0.137250,131072,5200,0.039673,0,0,2
75,host-2,2,0,14,2,0,0,0.103563,0,32000,3314,0.103563,131072,2994,0.022842,0,0,2
75,host-20,3,0,14,3,0,0,0.113469,0,32000,3631,0.113469,131072,3590,0.027390,0,0,3
75,host-21,3,0,14,3,0,0,0.113719,0,32000,3639,0.113719,131072,3614,0.027573,0,0,3
75,host-22,3,0,14,3,0,0,0.131062,0,32000,4194,0.131062,131072,4281,0.032661,0,0,3
75,host-23,3,0,14,3,0,0,0.134750,0,32000,4312,0.134750,131072,3537,0.026985,0,0,3
75,host-24,4,0,14,4,0,0,0.137781,0,32000,4409,0.137781,131072,4032,0.030762,0,0,4
75,host-3,2,0,14,2,0,0,0.094031,0,32000,3009,0.094031,131072,2440,0.018616,0,0,2
75,host-4,3,0,14,3,0,0,0.142531,0,32000,4561,0.142531,131072,3678,0.028061,0,0,3
75,host-5,2,0,14,2,0,0,0.080187,0,32000,2566,0.080187,131072,2283,0.017418,0,0,2
75,host-6,2,0,14,2,0,0,0.116250,0,32000,3720,0.116250,131072,2586,0.019730,0,0,2
75,host-7,3,0,14,3,0,0,0.135375,0,32000,4332,0.135375,131072,4392,0.033508,0,0,3
75,host-8,3,0,14,3,0,0,0.146594,0,32000,4691,0.146594,131072,4846,0.036972,0,0,3
75,host-9,2,0,14,2,0,0,0.124344,0,32000,3979,0.124344,131072,4094,0.031235,0,0,2
76,host-1,1,0,14,1,0,0,0.031844,0,32000,1019,0.031844,131072,563,0.004295,0,0,1
76,host-10,2,0,14,2,0,0,0.131781,0,32000,4217,0.131781,131072,3547,0.027061,0,0,2
76,host-11,3,0,14,3,0,0,0.137094,0,32000,4387,0.137094,131072,4648,0.035461,0,0,3
76,host-12,1,0,14,1,0,0,0.038344,0,32000,1227,0.038344,131072,904,0.006897,0,0,1
76,host-13,1,0,14,1,0,0,0.048469,0,32000,1551,0.048469,131072,2231,0.017021,0,0,1
76,host-14,3,1,14,3,1,0,0.126812,0,32000,4058,0.126812,131072,4480,0.034180,1,0,2
76,host-15,2,0,14,2,0,0,0.137469,0,32000,4399,0.137469,131072,4698,0.035843,0,0,2
76,host-16,3,0,14,3,0,0,0.154531,0,32000,4945,0.154531,131072,4780,0.036469,0,0,3
76,host-17,2,0,14,2,0,0,0.081844,0,32000,2619,0.081844,131072,2799,0.021355,0,0,2
76,host-18,2,0,14,2,0,0,0.121969,0,32000,3903,0.121969,131072,4093,0.031227,0,0,2
76,host-19,2,0,14,2,0,0,0.137250,0,32000,4392,0.137250,131072,5200,0.039673,0,0,2
76,host-2,2,0,14,2,0,0,0.103563,0,32000,3314,0.103563,131072,2994,0.022842,0,0,2
76,host-20,3,0,14,3,0,0,0.113469,0,32000,3631,0.113469,131072,3590,0.027390,0,0,3
76,host-21,3,0,14,3,0,0,0.113719,0,32000,3639,0.113719,131072,3614,0.027573,0,0,3
76,host-22,3,0,14,3,0,0,0.131062,0,32000,4194,0.131062,131072,4281,0.032661,0,0,3
76,host-23,3,0,14,3,0,0,0.134750,0,32000,4312,0.134750,131072,3537,0.026985,0,0,3
76,host-24,4,0,14,4,0,0,0.137781,0,32000,4409,0.137781,131072,4032,0.030762,0,0,4
76,host-3,2,0,14,2,0,0,0.094031,0,32000,3009,0.094031,131072,2440,0.018616,0,0,2
76,host-4,3,0,14,3,0,0,0.142531,0,32000,4561,0.142531,131072,3678,0.028061,0,0,3
76,host-5,2,0,14,2,0,0,0.080187,0,32000,2566,0.080187,131072,2283,0.017418,0,0,2
76,host-6,2,0,14,2,0,0,0.116250,0,32000,3720,0.116250,131072,2586,0.019730,0,0,2
76,host-7,3,0,14,3,0,0,0.135375,0,32000,4332,0.135375,131072,4392,0.033508,0,0,3
76,host-8,2,0,14,2,0,0,0.093656,0,32000,2997,0.093656,131072,2585,0.019722,0,0,2
76,host-9,2,0,14,2,0,0,0.124344,0,32000,3979,0.124344,131072,4094,0.031235,0,0,2
77,host-1,1,0,14,1,0,0,0.031844,0,32000,1019,0.031844,131072,563,0.004295,0,0,1
77,host-10,2,0,14,2,0,0,0.131781,0,32000,4217,0.131781,131072,3547,0.027061,0,0,2
77,host-11,3,0,14,3,0,0,0.137094,0,32000,4387,0.137094,131072,4648,0.035461,0,0,3
77,host-12,1,0,14,1,0,0,0.038344,0,32000,1227,0.038344,131072,904,0.006897,0,0,1
77,host-13,1,0,14,1,0,0,0.048469,0,32000,1551,0.048469,131072,2231,0.017021,0,0,1
77,host-14,3,1,14,3,1,0,0.126812,0,32000,4058,0.126812,131072,4480,0.034180,0,1,2
77,host-15,2,0,14,2,0,0,0.137469,0,32000,4399,0.137469,131072,4698,0.035843,0,0,2
77,host-16,3,0,14,3,0,0,0.154531,0,32000,4945,0.154531,131072,4780,0.036469,0,0,3
77,host-17,2,0,14,2,0,0,0.081844,0,32000,2619,0.081844,131072,2799,0.021355,0,0,2
77,host-18,1,0,14,1,0,0,0.057906,0,32000,1853,0.057906,131072,1407,0.010735,0,0,1
77,host-19,2,0,14,2,0,0,0.137250,0,32000,4392,0.137250,131072,5200,0.039673,0,0,2
77,host-2,2,0,14,2,0,0,0.103563,0,32000,3314,0.103563,131072,2994,0.022842,0,0,2
77,host-20,3,0,14,3,0,0,0.113469,0,32000,3631,0.113469,131072,3590,0.027390,0,0,3
77,host-21,3,0,14,3,0,0,0.113719,0,32000,3639,0.113719,131072,3614,0.027573,0,0,3
77,host-22,3,0,14,3,0,0,0.131062,0,32000,4194,0.131062,131072,4281,0.032661,0,0,3
77,host-23,3,0,14,3,0,0,0.134750,0,32000,4312,0.134750,131072,3537,0.026985,0,0,3
77,host-24,4,0,14,4,0,0,0.137781,0,32000,4409,0.137781,131072,4032,0.030762,0,0,4
77,host-3,2,0,14,2,0,0,0.094031,0,32000,3009,0.094031,131072,2440,0.018616,0,0,2
77,host-4,3,0,14,3,0,0,0.142531,0,32000,4561,0.142531,131072,3678,0.028061,0,0,3
77,host-5,2,0,14,2,0,0,0.080187,0,32000,2566,0.080187,131072,2283,0.017418,0,0,2
77,host-6,2,0,14,2,0,0,0.116250,0,32000,3720,0.116250,131072,2586,0.019730,0,0,2
77,host-7,3,0,14,3,0,0,0.135375,0,32000,4332,0.135375,131072,4392,0.033508,0,0,3
77,host-8,2,0,14,2,0,0,0.093656,0,32000,2997,0.093656,131072,2585,0.019722,0,0,2
77,host-9,2,0,14,2,0,0,0.124344,0,32000,3979,0.124344,131072,4094,0.031235,0,0,2
78,host-1,2,1,14,2,1,0,0.068906,0,32000,2205,0.068906,131072,1463,0.011162,1,0,1
78,host-10,2,0,14,2,0,0,0.131781,0,32000,4217,0.131781,131072,3547,0.027061,0,0,2
78,host-11,3,0,14,3,0,0,0.137094,0,32000,4387,0.137094,131072,4648,0.035461,0,0,3
78,host-12,2,1,14,2,1,0,0.102219,0,32000,3271,0.102219,131072,3215,0.024529,1,0,1
78,host-13,2,1,14,2,1,0,0.120188,0,32000,3846,0.120188,131072,4885,0.037270,1,0,1
78,host-14,3,0,14,3,0,0,0.126812,0,32000,4058,0.126812,131072,4480,0.034180,0,0,3
78,host-15,2,0,14,2,0,0,0.137469,0,32000,4399,0.137469,131072,4698,0.035843,0,0,2
78,host-16,3,0,14,3,0,0,0.154531,0,32000,4945,0.154531,131072,4780,0.036469,0,0,3
78,host-17,2,0,14,2,0,0,0.081844,0,32000,2619,0.081844,131072,2799,0.021355,0,0,2
78,host-18,2,1,14,2,1,0,0.091719,0,32000,2935,0.091719,131072,2707,0.020653,1,0,1
78,host-19,2,0,14,2,0,0,0.137250,0,32000,4392,0.137250,131072,5200,0.039673,0,0,2
78,host-2,2,0,14,2,0,0,0.103563,0,32000,3314,0.103563,131072,2994,0.022842,0,0,2
78,host-20,3,0,14,3,0,0,0.113469,0,32000,3631,0.113469,131072,3590,0.027390,0,0,3
78,host-21,3,0,14,3,0,0,0.113719,0,32000,3639,0.113719,131072,3614,0.027573,0,0,3
78,host-22,3,0,14,3,0,0,0.131062,0,32000,4194,0.131062,131072,4281,0.032661,0,0,3
78,host-23,3,0,14,3,0,0,0.134750,0,32000,4312,0.134750,131072,3537,0.026985,0,0,3
78,host-24,4,0,14,4,0,0,0.137781,0,32000,4409,0.137781,131072,4032,0.030762,0,0,4
78,host-3,2,0,14,2,0,0,0.094031,0,32000,3009,0.094031,131072,2440,0.018616,0,0,2
78,host-4,3,0,14,3,0,0,0.142531,0,32000,4561,0.142531,131072,3678,0.028061,0,0,3
78,host-5,2,0,14,2,0,0,0.080187,0,32000,2566,0.080187,131072,2283,0.017418,0,0,2
78,host-6,2,0,14,2,0,0,0.116250,0,32000,3720,0.116250,131072,2586,0.019730,0,0,2
78,host-7,3,0,14,3,0,0,0.135375,0,32000,4332,0.135375,131072,4392,0.033508,0,0,3
78,host-8,2,0,14,2,0,0,0.093656,0,32000,2997,0.093656,131072,2585,0.019722,0,0,2
78,host-9,2,0,14,2,0,0,0.124344,0,32000,3979,0.124344,131072,4094,0.031235,0,0,2
79,host-1,3,1,14,3,1,0,0.132781,0,32000,4249,0.132781,131072,3774,0.028793,1,0,2
79,host-10,2,0,14,2,0,0,0.131781,0,32000,4217,0.131781,131072,3547,0.027061,0,0,2
79,host-11,3,0,14,3,0,0,0.137094,0,32000,4387,0.137094,131072,4648,0.035461,0,0,3
79,host-12,2,1,14,2,1,0,0.102219,0,32000,3271,0.102219,131072,3215,0.024529,1,0,1
79,host-13,2,1,14,2,1,0,0.120188,0,32000,3846,0.120188,131072,4885,0.037270,1,0,1
79,host-14,3,0,14,3,0,0,0.126812,0,32000,4058,0.126812,131072,4480,0.034180,0,0,3
79,host-15,2,0,14,2,0,0,0.137469,0,32000,4399,0.137469,131072,4698,0.035843,0,0,2
79,host-16,3,0,14,3,0,0,0.154531,0,32000,4945,0.154531,131072,4780,0.036469,0,0,3
79,host-17,2,0,14,2,0,0,0.081844,0,32000,2619,0.081844,131072,2799,0.021355,0,0,2
79,host-18,2,1,14,2,1,0,0.091719,0,32000,2935,0.091719,131072,2707,0.020653,1,0,1
79,host-19,2,0,14,2,0,0,0.137250,0,32000,4392,0.137250,131072,5200,0.039673,0,0,2
79,host-2,2,0,14,2,0,0,0.103563,0,32000,3314,0.103563,131072,2994,0.022842,0,0,2
79,host-20,3,0,14,3,0,0,0.113469,0,32000,3631,0.113469,131072,3590,0.027390,0,0,3
79,host-21,3,0,14,3,0,0,0.113719,0,32000,3639,0.113719,131072,3614,0.027573,0,0,3
79,host-22,3,0,14,3,0,0,0.131062,0,32000,4194,0.131062,131072,4281,0.032661,0,0,3
79,host-23,3,0,14,3,0,0,0.134750,0,32000,4312,0.134750,131072,3537,0.026985,0,0,3
79,host-24,4,0,14,4,0,0,0.137781,0,32000,4409,0.137781,131072,4032,0.030762,0,0,4
79,host-3,2,0,14,2,0,0,0.094031,0,32000,3009,0.094031,131072,2440,0.018616,0,0,2
79,host-4,3,0,14,3,0,0,0.142531,0,32000,4561,0.142531,131072,3678,0.028061,0,0,3
79,host-5,2,0,14,2,0,0,0.080187,0,32000,2566,0.080187,131072,2283,0.017418,0,0,2
79,host-6,2,0,14,2,0,0,0.116250,0,32000,3720,0.116250,131072,2586,0.019730,0,0,2
79,host-7,3,0,14,3,0,0,0.135375,0,32000,4332,0.135375,131072,4392,0.033508,0,0,3
79,host-8,2,0,14,2,0,0,0.093656,0,32000,2997,0.093656,131072,2585,0.019722,0,0,2
79,host-9,2,0,14,2,0,0,0.124344,0,32000,3979,0.124344,131072,4094,0.031235,0,0,2
80,host-1,3,1,14,3,1,0,0.132781,0,32000,4249,0.132781,131072,3774,0.028793,0,1,2
80,host-10,2,0,14,2,0,0,0.131781,0,32000,4217,0.131781,131072,3547,0.027061,0,0,2
80,host-11,3,0,14,3,0,0,0.137094,0,32000,4387,0.137094,131072,4648,0.035461,0,0,3
80,host-12,2,0,14,2,0,0,0.102219,0,32000,3271,0.102219,131072,3215,0.024529,0,0,2
80,host-13,2,0,14,2,0,0,0.120188,0,32000,3846,0.120188,131072,4885,0.037270,0,0,2
80,host-14,3,0,14,3,0,0,0.126812,0,32000,4058,0.126812,131072,4480,0.034180,0,0,3
80,host-15,2,0,14,2,0,0,0.137469,0,32000,4399,0.137469,131072,4698,0.035843,0,0,2
80,host-16,3,0,14,3,0,0,0.154531,0,32000,4945,0.154531,131072,4780,0.036469,0,0,3
80,host-17,2,0,14,2,0,0,0.081844,0,32000,2619,0.081844,131072,2799,0.021355,0,0,2
80,host-18,2,0,14,2,0,0,0.091719,0,32000,2935,0.091719,131072,2707,0.020653,0,0,2
80,host-19,2,0,14,2,0,0,0.137250,0,32000,4392,0.137250,131072,5200,0.039673,0,0,2
80,host-2,2,0,14,2,0,0,0.103563,0,32000,3314,0.103563,131072,2994,0.022842,0,0,2
80,host-20,3,0,14,3,0,0,0.113469,0,32000,3631,0.113469,131072,3590,0.027390,0,0,3
80,host-21,3,0,14,3,0,0,0.113719,0,32000,3639,0.113719,131072,3614,0.027573,0,0,3
80,host-22,3,0,14,3,0,0,0.131062,0,32000,4194,0.131062,131072,4281,0.032661,0,0,3
80,host-23,3,0,14,3,0,0,0.134750,0,32000,4312,0.134750,131072,3537,0.026985,0,0,3
80,host-24,4,0,14,4,0,0,0.137781,0,32000,4409,0.137781,131072,4032,0.030762,0,0,4
80,host-3,2,0,14,2,0,0,0.094031,0,32000,3009,0.094031,131072,2440,0.018616,0,0,2
80,host-4,3,0,14,3,0,0,0.142531,0,32000,4561,0.142531,131072,3678,0.028061,0,0,3
80,host-5,3,1,14,3,1,0,0.141656,0,32000,4533,0.141656,131072,4784,0.036499,1,0,2
80,host-6,2,0,14,2,0,0,0.116250,0,32000,3720,0.116250,131072,2586,0.019730,0,0,2
80,host-7,3,0,14,3,0,0,0.135375,0,32000,4332,0.135375,131072,4392,0.033508,0,0,3
80,host-8,2,0,14,2,0,0,0.093656,0,32000,2997,0.093656,131072,2585,0.019722,0,0,2
80,host-9,2,0,14,2,0,0,0.124344,0,32000,3979,0.124344,131072,4094,0.031235,0,0,2
81,host-1,3,0,14,3,0,0,0.132781,0,32000,4249,0.132781,131072,3774,0.028793,0,0,3
81,host-10,2,0,14,2,0,0,0.131781,0,32000,4217,0.131781,131072,3547,0.027061,0,0,2
81,host-11,3,0,14,3,0,0,0.137094,0,32000,4387,0.137094,131072,4648,0.035461,0,0,3
81,host-12,2,0,14,2,0,0,0.102219,0,32000,3271,0.102219,131072,3215,0.024529,0,0,2
81,host-13,2,0,14,2,0,0,0.120188,0,32000,3846,0.120188,131072,4885,0.037270,0,0,2
81,host-14,3,0,14,3,0,0,0.126812,0,32000,4058,0.126812,131072,4480,0.034180,0,0,3
81,host-15,2,0,14,2,0,0,0.137469,0,32000,4399,0.137469,131072,4698,0.035843,0,0,2
81,host-16,3,0,14,3,0,0,0.154531,0,32000,4945,0.154531,131072,4780,0.036469,0,0,3
81,host-17,2,0,14,2,0,0,0.081844,0,32000,2619,0.081844,131072,2799,0.021355,0,0,2
81,host-18,2,0,14,2,0,0,0.091719,0,32000,2935,0.091719,131072,2707,0.020653,0,0,2
81,host-19,2,0,14,2,0,0,0.137250,0,32000,4392,0.137250,131072,5200,0.039673,0,0,2
81,host-2,2,0,14,2,0,0,0.103563,0,32000,3314,0.103563,131072,2994,0.022842,0,0,2
81,host-20,3,0,14,3,0,0,0.113469,0,32000,3631,0.113469,131072,3590,0.027390,0,0,3
81,host-21,3,0,14,3,0,0,0.113719,0,32000,3639,0.113719,131072,3614,0.027573,0,0,3
81,host-22,3,0,14,3,0,0,0.131062,0,32000,4194,0.131062,131072,4281,0.032661,0,0,3
81,host-23,3,0,14,3,0,0,0.134750,0,32000,4312,0.134750,131072,3537,0.026985,0,0,3
81,host-24,4,0,14,4,0,0,0.137781,0,32000,4409,0.137781,131072,4032,0.030762,0,0,4
81,host-3,2,0,14,2,0,0,0.094031,0,32000,3009,0.094031,131072,2440,0.018616,0,0,2
81,host-4,3,0,14,3,0,0,0.142531,0,32000,4561,0.142531,131072,3678,0.028061,0,0,3
81,host-5,3,1,14,3,1,0,0.141656,0,32000,4533,0.141656,131072,4784,0.036499,1,0,2
81,host-6,2,0,14,2,0,0,0.116250,0,32000,3720,0.116250,131072,2586,0.019730,0,0,2
81,host-7,3,0,14,3,0,0,0.135375,0,32000,4332,0.135375,131072,4392,0.033508,0,0,3
81,host-8,2,0,14,2,0,0,0.093656,0,32000,2997,0.093656,131072,2585,0.019722,0,0,2
81,host-9,2,0,14,2,0,0,0.124344,0,32000,3979,0.124344,131072,4094,0.031235,0,0,2
82,host-1,3,0,14,3,0,0,0.132781,0,32000,4249,0.132781,131072,3774,0.028793,0,0,3
82,host-10,2,0,14,2,0,0,0.131781,0,32000,4217,0.131781,131072,3547,0.027061,0,0,2
82,host-11,2,0,14,2,0,0,0.109844,0,32000,3515,0.109844,131072,3776,0.028809,0,0,2
82,host-12,2,0,14,2,0,0,0.102219,0,32000,3271,0.102219,131072,3215,0.024529,0,0,2
82,host-13,2,0,14,2,0,0,0.120188,0,32000,3846,0.120188,131072,4885,0.037270,0,0,2
82,host-14,3,0,14,3,0,0,0.126812,0,32000,4058,0.126812,131072,4480,0.034180,0,0,3
82,host-15,2,0,14,2,0,0,0.137469,0,32000,4399,0.137469,131072,4698,0.035843,0,0,2
82,host-16,3,0,14,3,0,0,0.154531,0,32000,4945,0.154531,131072,4780,0.036469,0,0,3
82,host-17,3,1,14,3,1,0,0.144000,0,32000,4608,0.144000,131072,4266,0.032547,1,0,2
82,host-18,3,1,14,3,1,0,0.130062,0,32000,4162,0.130062,131072,3907,0.029808,1,0,2
82,host-19,2,0,14,2,0,0,0.137250,0,32000,4392,0.137250,131072,5200,0.039673,0,0,2
82,host-2,2,0,14,2,0,0,0.103563,0,32000,3314,0.103563,131072,2994,0.022842,0,0,2
82,host-20,3,0,14,3,0,0,0.113469,0,32000,3631,0.113469,131072,3590,0.027390,0,0,3
82,host-21,3,0,14,3,0,0,0.113719,0,32000,3639,0.113719,131072,3614,0.027573,0,0,3
82,host-22,3,0,14,3,0,0,0.131062,0,32000,4194,0.131062,131072,4281,0.032661,0,0,3
82,host-23,3,0,14,3,0,0,0.134750,0,32000,4312,0.134750,131072,3537,0.026985,0,0,3
82,host-24,4,0,14,4,0,0,0.137781,0,32000,4409,0.137781,131072,4032,0.030762,0,0,4
82,host-3,2,0,14,2,0,0,0.094031,0,32000,3009,0.094031,131072,2440,0.018616,0,0,2
82,host-4,3,1,14,3,1,0,0.142531,0,32000,4561,0.142531,131072,3678,0.028061,0,1,2
82,host-5,3,0,14,3,0,0,0.141656,0,32000,4533,0.141656,131072,4784,0.036499,0,0,3
82,host-6,2,0,14,2,0,0,0.116250,0,32000,3720,0.116250,131072,2586,0.019730,0,0,2
82,host-7,3,0,14,3,0,0,0.135375,0,32000,4332,0.135375,131072,4392,0.033508,0,0,3
82,host-8,2,0,14,2,0,0,0.093656,0,32000,2997,0.093656,131072,2585,0.019722,0,0,2
82,host-9,2,0,14,2,0,0,0.124344,0,32000,3979,0.124344,131072,4094,0.031235,0,0,2
83,host-1,3,0,14,3,0,0,0.132781,0,32000,4249,0.132781,131072,3774,0.028793,0,0,3
83,host-10,2,0,14,2,0,0,0.131781,0,32000,4217,0.131781,131072,3547,0.027061,0,0,2
83,host-11,1,0,14,1,0,0,0.037687,0,32000,1206,0.037687,131072,827,0.006310,0,0,1
83,host-12,3,1,14,3,1,0,0.173625,0,32000,5556,0.173625,131072,5783,0.044121,1,0,2
83,host-13,2,0,14,2,0,0,0.120188,0,32000,3846,0.120188,131072,4885,0.037270,0,0,2
83,host-14,3,0,14,3,0,0,0.126812,0,32000,4058,0.126812,131072,4480,0.034180,0,0,3
83,host-15,2,0,14,2,0,0,0.137469,0,32000,4399,0.137469,131072,4698,0.035843,0,0,2
83,host-16,3,0,14,3,0,0,0.154531,0,32000,4945,0.154531,131072,4780,0.036469,0,0,3
83,host-17,3,1,14,3,1,0,0.144000,0,32000,4608,0.144000,131072,4266,0.032547,1,0,2
83,host-18,3,1,14,3,1,0,0.130062,0,32000,4162,0.130062,131072,3907,0.029808,1,0,2
83,host-19,2,0,14,2,0,0,0.137250,0,32000,4392,0.137250,131072,5200,0.039673,0,0,2
83,host-2,2,0,14,2,0,0,0.103563,0,32000,3314,0.103563,131072,2994,0.022842,0,0,2
83,host-20,3,0,14,3,0,0,0.113469,0,32000,3631,0.113469,131072,3590,0.027390,0,0,3
83,host-21,3,0,14,3,0,0,0.113719,0,32000,3639,0.113719,131072,3614,0.027573,0,0,3
83,host-22,3,0,14,3,0,0,0.131062,0,32000,4194,0.131062,131072,4281,0.032661,0,0,3
83,host-23,3,0,14,3,0,0,0.134750,0,32000,4312,0.134750,131072,3537,0.026985,0,0,3
83,host-24,4,0,14,4,0,0,0.137781,0,32000,4409,0.137781,131072,4032,0.030762,0,0,4
83,host-3,3,1,14,3,1,0,0.121281,0,32000,3881,0.121281,131072,3312,0.025269,1,0,2
83,host-4,3,0,14,3,0,0,0.142531,0,32000,4561,0.142531,131072,3678,0.028061,0,0,3
83,host-5,3,0,14,3,0,0,0.141656,0,32000,4533,0.141656,131072,4784,0.036499,0,0,3
83,host-6,2,0,14,2,0,0,0.116250,0,32000,3720,0.116250,131072,2586,0.019730,0,0,2
83,host-7,2,0,14,2,0,0,0.104875,0,32000,3356,0.104875,131072,3131,0.023888,0,0,2
83,host-8,3,0,14,3,0,0,0.131875,0,32000,4220,0.131875,131072,4009,0.030586,0,0,3
83,host-9,2,0,14,2,0,0,0.124344,0,32000,3979,0.124344,131072,4094,0.031235,0,0,2
84,host-1,3,0,14,3,0,0,0.132781,0,32000,4249,0.132781,131072,3774,0.028793,0,0,3
84,host-10,2,0,14,2,0,0,0.131781,0,32000,4217,0.131781,131072,3547,0.027061,0,0,2
84,host-11,3,2,14,3,2,0,0.162719,0,32000,5207,0.162719,131072,5798,0.044235,2,0,1
84,host-12,3,1,14,3,1,0,0.173625,0,32000,5556,0.173625,131072,5783,0.044121,1,0,2
84,host-13,1,0,14,1,0,0,0.071719,0,32000,2295,0.071719,131072,2654,0.020248,0,0,1
84,host-14,3,0,14,3,0,0,0.126812,0,32000,4058,0.126812,131072,4480,0.034180,0,0,3
84,host-15,2,0,14,2,0,0,0.137469,0,32000,4399,0.137469,131072,4698,0.035843,0,0,2
84,host-16,3,0,14,3,0,0,0.154531,0,32000,4945,0.154531,131072,4780,0.036469,0,0,3
84,host-17,3,0,14,3,0,0,0.144000,0,32000,4608,0.144000,131072,4266,0.032547,0,0,3
84,host-18,3,0,14,3,0,0,0.130062,0,32000,4162,0.130062,131072,3907,0.029808,0,0,3
84,host-19,2,0,14,2,0,0,0.137250,0,32000,4392,0.137250,131072,5200,0.039673,0,0,2
84,host-2,3,1,14,3,1,0,0.130438,0,32000,4174,0.130438,131072,3525,0.026894,1,0,2
84,host-20,3,1,14,3,1,0,0.133844,0,32000,4283,0.133844,131072,4050,0.030899,1,0,2
84,host-21,3,0,14,3,0,0,0.113719,0,32000,3639,0.113719,131072,3614,0.027573,0,0,3
84,host-22,3,0,14,3,0,0,0.131062,0,32000,4194,0.131062,131072,4281,0.032661,0,0,3
84,host-23,3,0,14,3,0,0,0.134750,0,32000,4312,0.134750,131072,3537,0.026985,0,0,3
84,host-24,4,0,14,4,0,0,0.137781,0,32000,4409,0.137781,131072,4032,0.030762,0,0,4
84,host-3,3,0,14,3,0,0,0.121281,0,32000,3881,0.121281,131072,3312,0.025269,0,0,3
84,host-4,3,1,14,3,1,0,0.142531,0,32000,4561,0.142531,131072,3678,0.028061,0,1,2
84,host-5,3,0,14,3,0,0,0.141656,0,32000,4533,0.141656,131072,4784,0.036499,0,0,3
84,host-6,2,0,14,2,0,0,0.116250,0,32000,3720,0.116250,131072,2586,0.019730,0,0,2
84,host-7,3,3,14,3,3,0,0.122281,0,32000,3913,0.122281,131072,5351,0.040825,3,0,0
84,host-8,3,0,14,3,0,0,0.131875,0,32000,4220,0.131875,131072,4009,0.030586,0,0,3
84,host-9,2,0,14,2,0,0,0.124344,0,32000,3979,0.124344,131072,4094,0.031235,0,0,2
85,host-1,3,0,14,3,0,0,0.132781,0,32000,4249,0.132781,131072,3774,0.028793,0,0,3
85,host-10,2,0,14,2,0,0,0.131781,0,32000,4217,0.131781,131072,3547,0.027061,0,0,2
85,host-11,3,1,14,3,1,0,0.162719,0,32000,5207,0.162719,131072,5798,0.044235,1,0,2
85,host-12,3,0,14,3,0,0,0.173625,0,32000,5556,0.173625,131072,5783,0.044121,0,0,3
85,host-13,2,1,14,2,1,0,0.122000,0,32000,3904,0.122000,131072,4183,0.031914,1,0,1
85,host-14,2,0,14,2,0,0,0.097000,0,32000,3104,0.097000,131072,3839,0.029289,0,0,2
85,host-15,2,0,14,2,0,0,0.137469,0,32000,4399,0.137469,131072,4698,0.035843,0,0,2
85,host-16,2,0,14,2,0,0,0.124719,0,32000,3991,0.124719,131072,4139,0.031578,0,0,2
85,host-17,3,0,14,3,0,0,0.144000,0,32000,4608,0.144000,131072,4266,0.032547,0,0,3
85,host-18,3,0,14,3,0,0,0.130062,0,32000,4162,0.130062,131072,3907,0.029808,0,0,3
85,host-19,2,0,14,2,0,0,0.137250,0,32000,4392,0.137250,131072,5200,0.039673,0,0,2
85,host-2,2,0,14,2,0,0,0.081906,0,32000,2621,0.081906,131072,1798,0.013718,0,0,2
85,host-20,3,1,14,3,1,0,0.133844,0,32000,4283,0.133844,131072,4050,0.030899,1,0,2
85,host-21,2,0,14,2,0,0,0.080375,0,32000,2572,0.080375,131072,2598,0.019821,0,0,2
85,host-22,3,0,14,3,0,0,0.131062,0,32000,4194,0.131062,131072,4281,0.032661,0,0,3
85,host-23,3,0,14,3,0,0,0.134750,0,32000,4312,0.134750,131072,3537,0.026985,0,0,3
85,host-24,4,0,14,4,0,0,0.137781,0,32000,4409,0.137781,131072,4032,0.030762,0,0,4
85,host-3,3,0,14,3,0,0,0.121281,0,32000,3881,0.121281,131072,3312,0.025269,0,0,3
85,host-4,3,0,14,3,0,0,0.142531,0,32000,4561,0.142531,131072,3678,0.028061,0,0,3
85,host-5,3,0,14,3,0,0,0.141656,0,32000,4533,0.141656,131072,4784,0.036499,0,0,3
85,host-6,2,0,14,2,0,0,0.116250,0,32000,3720,0.116250,131072,2586,0.019730,0,0,2
85,host-7,3,2,14,3,2,0,0.122281,0,32000,3913,0.122281,131072,5351,0.040825,2,0,1
85,host-8,3,0,14,3,0,0,0.131875,0,32000,4220,0.131875,131072,4009,0.030586,0,0,3
85,host-9,2,0,14,2,0,0,0.124344,0,32000,3979,0.124344,131072,4094,0.031235,0,0,2
86,host-1,3,0,14,3,0,0,0.132781,0,32000,4249,0.132781,131072,3774,0.028793,0,0,3
86,host-10,2,0,14,2,0,0,0.131781,0,32000,4217,0.131781,131072,3547,0.027061,0,0,2
86,host-11,3,0,14,3,0,0,0.162719,0,32000,5207,0.162719,131072,5798,0.044235,0,0,3
86,host-12,3,0,14,3,0,0,0.173625,0,32000,5556,0.173625,131072,5783,0.044121,0,0,3
86,host-13,2,1,14,2,1,0,0.122000,0,32000,3904,0.122000,131072,4183,0.031914,1,0,1
86,host-14,2,0,14,2,0,0,0.097000,0,32000,3104,0.097000,131072,3839,0.029289,0,0,2
86,host-15,2,0,14,2,0,0,0.137469,0,32000,4399,0.137469,131072,4698,0.035843,0,0,2
86,host-16,2,0,14,2,0,0,0.124719,0,32000,3991,0.124719,131072,4139,0.031578,0,0,2
86,host-17,3,0,14,3,0,0,0.144000,0,32000,4608,0.144000,131072,4266,0.032547,0,0,3
86,host-18,3,0,14,3,0,0,0.130062,0,32000,4162,0.130062,131072,3907,0.029808,0,0,3
86,host-19,2,0,14,2,0,0,0.137250,0,32000,4392,0.137250,131072,5200,0.039673,0,0,2
86,host-2,2,0,14,2,0,0,0.081906,0,32000,2621,0.081906,131072,1798,0.013718,0,0,2
86,host-20,3,0,14,3,0,0,0.133844,0,32000,4283,0.133844,131072,4050,0.030899,0,0,3
86,host-21,2,0,14,2,0,0,0.080375,0,32000,2572,0.080375,131072,2598,0.019821,0,0,2
86,host-22,3,0,14,3,0,0,0.131062,0,32000,4194,0.131062,131072,4281,0.032661,0,0,3
86,host-23,3,0,14,3,0,0,0.134750,0,32000,4312,0.134750,131072,3537,0.026985,0,0,3
86,host-24,4,0,14,4,0,0,0.137781,0,32000,4409,0.137781,131072,4032,0.030762,0,0,4
86,host-3,3,0,14,3,0,0,0.121281,0,32000,3881,0.121281,131072,3312,0.025269,0,0,3
86,host-4,3,0,14,3,0,0,0.142531,0,32000,4561,0.142531,131072,3678,0.028061,0,0,3
86,host-5,3,0,14,3,0,0,0.141656,0,32000,4533,0.141656,131072,4784,0.036499,0,0,3
86,host-6,2,0,14,2,0,0,0.116250,0,32000,3720,0.116250,131072,2586,0.019730,0,0,2
86,host-7,3,1,14,3,1,0,0.122281,0,32000,3913,0.122281,131072,5351,0.040825,0,1,2
86,host-8,3,0,14,3,0,0,0.131875,0,32000,4220,0.131875,131072,4009,0.030586,0,0,3
86,host-9,2,0,14,2,0,0,0.124344,0,32000,3979,0.124344,131072,4094,0.031235,0,0,2
87,host-1,3,0,14,3,0,0,0.132781,0,32000,4249,0.132781,131072,3774,0.028793,0,0,3
87,host-10,2,0,14,2,0,0,0.131781,0,32000,4217,0.131781,131072,3547,0.027061,0,0,2
87,host-11,3,0,14,3,0,0,0.162719,0,32000,5207,0.162719,131072,5798,0.044235,0,0,3
87,host-12,3,0,14,3,0,0,0.173625,0,32000,5556,0.173625,131072,5783,0.044121,0,0,3
87,host-13,2,0,14,2,0,0,0.122000,0,32000,3904,0.122000,131072,4183,0.031914,0,0,2
87,host-14,2,0,14,2,0,0,0.097000,0,32000,3104,0.097000,131072,3839,0.029289,0,0,2
87,host-15,2,0,14,2,0,0,0.137469,0,32000,4399,0.137469,131072,4698,0.035843,0,0,2
87,host-16,2,0,14,2,0,0,0.124719,0,32000,3991,0.124719,131072,4139,0.031578,0,0,2
87,host-17,3,0,14,3,0,0,0.144000,0,32000,4608,0.144000,131072,4266,0.032547,0,0,3
87,host-18,3,0,14,3,0,0,0.130062,0,32000,4162,0.130062,131072,3907,0.029808,0,0,3
87,host-19,2,0,14,2,0,0,0.137250,0,32000,4392,0.137250,131072,5200,0.039673,0,0,2
87,host-2,3,1,14,3,1,0,0.156031,0,32000,4993,0.156031,131072,4175,0.031853,1,0,2
87,host-20,3,0,14,3,0,0,0.133844,0,32000,4283,0.133844,131072,4050,0.030899,0,0,3
87,host-21,3,1,14,3,1,0,0.137875,0,32000,4412,0.137875,131072,3840,0.029297,1,0,2
87,host-22,3,1,14,3,1,0,0.151125,0,32000,4836,0.151125,131072,5085,0.038795,1,0,2
87,host-23,3,2,14,3,2,0,0.118750,0,32000,3800,0.118750,131072,3225,0.024605,1,1,1
87,host-24,4,0,14,4,0,0,0.137781,0,32000,4409,0.137781,131072,4032,0.030762,0,0,4
87,host-3,3,0,14,3,0,0,0.121281,0,32000,3881,0.121281,131072,3312,0.025269,0,0,3
87,host-4,3,0,14,3,0,0,0.142531,0,32000,4561,0.142531,131072,3678,0.028061,0,0,3
87,host-5,2,0,14,2,0,0,0.095812,0,32000,3066,0.095812,131072,3394,0.025894,0,0,2
87,host-6,2,0,14,2,0,0,0.116250,0,32000,3720,0.116250,131072,2586,0.019730,0,0,2
87,host-7,3,0,14,3,0,0,0.122281,0,32000,3913,0.122281,131072,5351,0.040825,0,0,3
87,host-8,3,0,14,3,0,0,0.131875,0,32000,4220,0.131875,131072,4009,0.030586,0,0,3
87,host-9,2,0,14,2,0,0,0.124344,0,32000,3979,0.124344,131072,4094,0.031235,0,0,2
88,host-1,3,0,14,3,0,0,0.132781,0,32000,4249,0.132781,131072,3774,0.028793,0,0,3
88,host-10,2,0,14,2,0,0,0.131781,0,32000,4217,0.131781,131072,3547,0.027061,0,0,2
88,host-11,2,0,14,2,0,0,0.125031,0,32000,4001,0.125031,131072,4971,0.037926,0,0,2
88,host-12,3,0,14,3,0,0,0.173625,0,32000,5556,0.173625,131072,5783,0.044121,0,0,3
88,host-13,2,0,14,2,0,0,0.122000,0,32000,3904,0.122000,131072,4183,0.031914,0,0,2
88,host-14,2,1,14,2,1,0,0.096031,0,32000,3073,0.096031,131072,3076,0.023468,1,0,1
88,host-15,1,0,14,1,0,0,0.066375,0,32000,2124,0.066375,131072,2384,0.018188,0,0,1
88,host-16,2,0,14,2,0,0,0.124719,0,32000,3991,0.124719,131072,4139,0.031578,0,0,2
88,host-17,3,0,14,3,0,0,0.144000,0,32000,4608,0.144000,131072,4266,0.032547,0,0,3
88,host-18,3,0,14,3,0,0,0.130062,0,32000,4162,0.130062,131072,3907,0.029808,0,0,3
88,host-19,1,0,14,1,0,0,0.076781,0,32000,2457,0.076781,131072,2786,0.021255,0,0,1
88,host-2,3,1,14,3,1,0,0.156031,0,32000,4993,0.156031,131072,4175,0.031853,0,1,2
88,host-20,2,0,14,2,0,0,0.107219,0,32000,3431,0.107219,131072,2977,0.022713,0,0,2
88,host-21,3,0,14,3,0,0,0.137875,0,32000,4412,0.137875,131072,3840,0.029297,0,0,3
88,host-22,3,0,14,3,0,0,0.151125,0,32000,4836,0.151125,131072,5085,0.038795,0,0,3
88,host-23,2,0,14,2,0,0,0.090969,0,32000,2911,0.090969,131072,2703,0.020622,0,0,2
88,host-24,4,0,14,4,0,0,0.137781,0,32000,4409,0.137781,131072,4032,0.030762,0,0,4
88,host-3,3,0,14,3,0,0,0.121281,0,32000,3881,0.121281,131072,3312,0.025269,0,0,3
88,host-4,2,0,14,2,0,0,0.104500,0,32000,3344,0.104500,131072,3037,0.023170,0,0,2
88,host-5,3,1,14,3,1,0,0.139813,0,32000,4474,0.139813,131072,5276,0.040253,1,0,2
88,host-6,2,0,14,2,0,0,0.116250,0,32000,3720,0.116250,131072,2586,0.019730,0,0,2
88,host-7,3,0,14,3,0,0,0.122281,0,32000,3913,0.122281,131072,5351,0.040825,0,0,3
88,host-8,3,0,14,3,0,0,0.131875,0,32000,4220,0.131875,131072,4009,0.030586,0,0,3
88,host-9,2,0,14,2,0,0,0.124344,0,32000,3979,0.124344,131072,4094,0.031235,0,0,2
89,host-1,3,0,14,3,0,0,0.132781,0,32000,4249,0.132781,131072,3774,0.028793,0,0,3
89,host-10,1,0,14,1,0,0,0.054562,0,32000,1746,0.054562,131072,1249,0.009529,0,0,1
89,host-11,2,0,14,2,0,0,0.125031,0,32000,4001,0.125031,131072,4971,0.037926,0,0,2
89,host-12,3,0,14,3,0,0,0.173625,0,32000,5556,0.173625,131072,5783,0.044121,0,0,3
89,host-13,2,0,14,2,0,0,0.122000,0,32000,3904,0.122000,131072,4183,0.031914,0,0,2
89,host-14,2,1,14,2,1,0,0.096031,0,32000,3073,0.096031,131072,3076,0.023468,0,1,1
89,host-15,1,0,14,1,0,0,0.066375,0,32000,2124,0.066375,131072,2384,0.018188,0,0,1
89,host-16,2,0,14,2,0,0,0.124719,0,32000,3991,0.124719,131072,4139,0.031578,0,0,2
89,host-17,2,0,14,2,0,0,0.113594,0,32000,3635,0.113594,131072,2708,0.020660,0,0,2
89,host-18,2,0,14,2,0,0,0.072156,0,32000,2309,0.072156,131072,2500,0.019073,0,0,2
89,host-19,0,0,14,0,0,0,0.000000,0,32000,0,0.000000,131072,0,0.000000,0,0,0
89,host-2,3,0,14,3,0,0,0.156031,0,32000,4993,0.156031,131072,4175,0.031853,0,0,3
89,host-20,1,0,14,1,0,0,0.065844,0,32000,2107,0.065844,131072,1863,0.014214,0,0,1
89,host-21,3,0,14,3,0,0,0.137875,0,32000,4412,0.137875,131072,3840,0.029297,0,0,3
89,host-22,3,0,14,3,0,0,0.151125,0,32000,4836,0.151125,131072,5085,0.038795,0,0,3
89,host-23,2,0,14,2,0,0,0.090969,0,32000,2911,0.090969,131072,2703,0.020622,0,0,2
89,host-24,3,0,14,3,0,0,0.110000,0,32000,3520,0.110000,131072,3510,0.026779,0,0,3
89,host-3,3,0,14,3,0,0,0.121281,0,32000,3881,0.121281,131072,3312,0.025269,0,0,3
89,host-4,2,0,14,2,0,0,0.104500,0,32000,3344,0.104500,131072,3037,0.023170,0,0,2
89,host-5,3,1,14,3,1,0,0.139813,0,32000,4474,0.139813,131072,5276,0.040253,1,0,2
89,host-6,2,0,14,2,0,0,0.116250,0,32000,3720,0.116250,131072,2586,0.019730,0,0,2
89,host-7,3,0,14,3,0,0,0.122281,0,32000,3913,0.122281,131072,5351,0.040825,0,0,3
89,host-8,3,0,14,3,0,0,0.131875,0,32000,4220,0.131875,131072,4009,0.030586,0,0,3
89,host-9,1,0,14,1,0,0,0.066531,0,32000,2129,0.066531,131072,2221,0.016945,0,0,1
90,host-1,3,0,14,3,0,0,0.132781,0,32000,4249,0.132781,131072,3774,0.028793,0,0,3
90,host-10,1,0,14,1,0,0,0.054562,0,32000,1746,0.054562,131072,1249,0.009529,0,0,1
90,host-11,2,0,14,2,0,0,0.125031,0,32000,4001,0.125031,131072,4971,0.037926,0,0,2
90,host-12,2,0,14,2,0,0,0.135281,0,32000,4329,0.135281,131072,4879,0.037224,0,0,2
90,host-13,2,0,14,2,0,0,0.122000,0,32000,3904,0.122000,131072,4183,0.031914,0,0,2
90,host-14,2,0,14,2,0,0,0.096031,0,32000,3073,0.096031,131072,3076,0.023468,0,0,2
90,host-15,1,0,14,1,0,0,0.066375,0,32000,2124,0.066375,131072,2384,0.018188,0,0,1
90,host-16,2,0,14,2,0,0,0.124719,0,32000,3991,0.124719,131072,4139,0.031578,0,0,2
90,host-17,2,0,14,2,0,0,0.113594,0,32000,3635,0.113594,131072,2708,0.020660,0,0,2
90,host-18,2,0,14,2,0,0,0.072156,0,32000,2309,0.072156,131072,2500,0.019073,0,0,2
90,host-19,1,1,14,1,1,0,0.059437,0,32000,1902,0.059437,131072,2539,0.019371,1,0,0
90,host-2,2,0,14,2,0,0,0.101000,0,32000,3232,0.101000,131072,2908,0.022186,0,0,2
90,host-20,1,0,14,1,0,0,0.065844,0,32000,2107,0.065844,131072,1863,0.014214,0,0,1
90,host-21,2,0,14,2,0,0,0.087063,0,32000,2786,0.087063,131072,2257,0.017220,0,0,2
90,host-22,3,0,14,3,0,0,0.151125,0,32000,4836,0.151125,131072,5085,0.038795,0,0,3
90,host-23,2,0,14,2,0,0,0.090969,0,32000,2911,0.090969,131072,2703,0.020622,0,0,2
90,host-24,2,1,14,2,1,0,0.089375,0,32000,2860,0.089375,131072,2115,0.016136,1,0,1
90,host-3,2,0,14,2,0,0,0.089438,0,32000,2862,0.089438,131072,2749,0.020973,0,0,2
90,host-4,2,0,14,2,0,0,0.104500,0,32000,3344,0.104500,131072,3037,0.023170,0,0,2
90,host-5,3,0,14,3,0,0,0.139813,0,32000,4474,0.139813,131072,5276,0.040253,0,0,3
90,host-6,2,0,14,2,0,0,0.116250,0,32000,3720,0.116250,131072,2586,0.019730,0,0,2
90,host-7,3,0,14,3,0,0,0.122281,0,32000,3913,0.122281,131072,5351,0.040825,0,0,3
90,host-8,2,0,14,2,0,0,0.100406,0,32000,3213,0.100406,131072,3301,0.025185,0,0,2
90,host-9,1,0,14,1,0,0,0.066531,0,32000,2129,0.066531,131072,2221,0.016945,0,0,1
91,host-1,2,0,14,2,0,0,0.100937,0,32000,3230,0.100937,131072,3211,0.024498,0,0,2
91,host-10,1,0,14,1,0,0,0.054562,0,32000,1746,0.054562,131072,1249,0.009529,0,0,1
91,host-11,2,0,14,2,0,0,0.125031,0,32000,4001,0.125031,131072,4971,0.037926,0,0,2
91,host-12,2,0,14,2,0,0,0.135281,0,32000,4329,0.135281,131072,4879,0.037224,0,0,2
91,host-13,2,0,14,2,0,0,0.122000,0,32000,3904,0.122000,131072,4183,0.031914,0,0,2
91,host-14,2,0,14,2,0,0,0.096031,0,32000,3073,0.096031,131072,3076,0.023468,0,0,2
91,host-15,1,0,14,1,0,0,0.066375,0,32000,2124,0.066375,131072,2384,0.018188,0,0,1
91,host-16,2,0,14,2,0,0,0.124719,0,32000,3991,0.124719,131072,4139,0.031578,0,0,2
91,host-17,2,0,14,2,0,0,0.113594,0,32000,3635,0.113594,131072,2708,0.020660,0,0,2
91,host-18,2,0,14,2,0,0,0.072156,0,32000,2309,0.072156,131072,2500,0.019073,0,0,2
91,host-19,1,0,14,1,0,0,0.059437,0,32000,1902,0.059437,131072,2539,0.019371,0,0,1
91,host-2,2,0,14,2,0,0,0.101000,0,32000,3232,0.101000,131072,2908,0.022186,0,0,2
91,host-20,1,0,14,1,0,0,0.065844,0,32000,2107,0.065844,131072,1863,0.014214,0,0,1
91,host-21,2,0,14,2,0,0,0.087063,0,32000,2786,0.087063,131072,2257,0.017220,0,0,2
91,host-22,3,0,14,3,0,0,0.151125,0,32000,4836,0.151125,131072,5085,0.038795,0,0,3
91,host-23,2,0,14,2,0,0,0.090969,0,32000,2911,0.090969,131072,2703,0.020622,0,0,2
91,host-24,1,1,14,1,1,0,0.057906,0,32000,1853,0.057906,131072,1407,0.010735,0,1,0
91,host-3,2,0,14,2,0,0,0.089438,0,32000,2862,0.089438,131072,2749,0.020973,0,0,2
91,host-4,2,0,14,2,0,0,0.104500,0,32000,3344,0.104500,131072,3037,0.023170,0,0,2
91,host-5,2,0,14,2,0,0,0.105469,0,32000,3375,0.105469,131072,4383,0.033440,0,0,2
91,host-6,1,0,14,1,0,0,0.058344,0,32000,1867,0.058344,131072,1188,0.009064,0,0,1
91,host-7,3,0,14,3,0,0,0.122281,0,32000,3913,0.122281,131072,5351,0.040825,0,0,3
91,host-8,2,0,14,2,0,0,0.100406,0,32000,3213,0.100406,131072,3301,0.025185,0,0,2
91,host-9,1,0,14,1,0,0,0.066531,0,32000,2129,0.066531,131072,2221,0.016945,0,0,1
92,host-1,2,0,14,2,0,0,0.100937,0,32000,3230,0.100937,131072,3211,0.024498,0,0,2
92,host-10,1,0,14,1,0,0,0.054562,0,32000,1746,0.054562,131072,1249,0.009529,0,0,1
92,host-11,2,0,14,2,0,0,0.125031,0,32000,4001,0.125031,131072,4971,0.037926,0,0,2
92,host-12,2,0,14,2,0,0,0.135281,0,32000,4329,0.135281,131072,4879,0.037224,0,0,2
92,host-13,2,0,14,2,0,0,0.122000,0,32000,3904,0.122000,131072,4183,0.031914,0,0,2
92,host-14,2,0,14,2,0,0,0.096031,0,32000,3073,0.096031,131072,3076,0.023468,0,0,2
92,host-15,1,0,14,1,0,0,0.066375,0,32000,2124,0.066375,131072,2384,0.018188,0,0,1
92,host-16,2,0,14,2,0,0,0.124719,0,32000,3991,0.124719,131072,4139,0.031578,0,0,2
92,host-17,1,0,14,1,0,0,0.062156,0,32000,1989,0.062156,131072,1467,0.011192,0,0,1
92,host-18,2,0,14,2,0,0,0.072156,0,32000,2309,0.072156,131072,2500,0.019073,0,0,2
92,host-19,1,0,14,1,0,0,0.059437,0,32000,1902,0.059437,131072,2539,0.019371,0,0,1
92,host-2,2,0,14,2,0,0,0.101000,0,32000,3232,0.101000,131072,2908,0.022186,0,0,2
92,host-20,1,0,14,1,0,0,0.065844,0,32000,2107,0.065844,131072,1863,0.014214,0,0,1
92,host-21,2,0,14,2,0,0,0.087063,0,32000,2786,0.087063,131072,2257,0.017220,0,0,2
92,host-22,2,0,14,2,0,0,0.107375,0,32000,3436,0.107375,131072,3855,0.029411,0,0,2
92,host-23,2,0,14,2,0,0,0.090969,0,32000,2911,0.090969,131072,2703,0.020622,0,0,2
92,host-24,1,0,14,1,0,0,0.057906,0,32000,1853,0.057906,131072,1407,0.010735,0,0,1
92,host-3,2,0,14,2,0,0,0.089438,0,32000,2862,0.089438,131072,2749,0.020973,0,0,2
92,host-4,2,0,14,2,0,0,0.104500,0,32000,3344,0.104500,131072,3037,0.023170,0,0,2
92,host-5,2,0,14,2,0,0,0.105469,0,32000,3375,0.105469,131072,4383,0.033440,0,0,2
92,host-6,1,0,14,1,0,0,0.058344,0,32000,1867,0.058344,131072,1188,0.009064,0,0,1
92,host-7,3,0,14,3,0,0,0.122281,0,32000,3913,0.122281,131072,5351,0.040825,0,0,3
92,host-8,2,0,14,2,0,0,0.100406,0,32000,3213,0.100406,131072,3301,0.025185,0,0,2
92,host-9,1,0,14,1,0,0,0.066531,0,32000,2129,0.066531,131072,2221,0.016945,0,0,1
93,host-1,2,0,14,2,0,0,0.100937,0,32000,3230,0.100937,131072,3211,0.024498,0,0,2
93,host-10,2,1,14,2,1,0,0.099344,0,32000,3179,0.099344,131072,2584,0.019714,1,0,1
93,host-11,2,0,14,2,0,0,0.125031,0,32000,4001,0.125031,131072,4971,0.037926,0,0,2
93,host-12,2,0,14,2,0,0,0.135281,0,32000,4329,0.135281,131072,4879,0.037224,0,0,2
93,host-13,2,0,14,2,0,0,0.122000,0,32000,3904,0.122000,131072,4183,0.031914,0,0,2
93,host-14,2,0,14,2,0,0,0.096031,0,32000,3073,0.096031,131072,3076,0.023468,0,0,2
93,host-15,1,0,14,1,0,0,0.066375,0,32000,2124,0.066375,131072,2384,0.018188,0,0,1
93,host-16,2,0,14,2,0,0,0.124719,0,32000,3991,0.124719,131072,4139,0.031578,0,0,2
93,host-17,1,0,14,1,0,0,0.062156,0,32000,1989,0.062156,131072,1467,0.011192,0,0,1
93,host-18,2,0,14,2,0,0,0.072156,0,32000,2309,0.072156,131072,2500,0.019073,0,0,2
93,host-19,1,0,14,1,0,0,0.059437,0,32000,1902,0.059437,131072,2539,0.019371,0,0,1
93,host-2,2,0,14,2,0,0,0.101000,0,32000,3232,0.101000,131072,2908,0.022186,0,0,2
93,host-20,1,0,14,1,0,0,0.065844,0,32000,2107,0.065844,131072,1863,0.014214,0,0,1
93,host-21,2,0,14,2,0,0,0.087063,0,32000,2786,0.087063,131072,2257,0.017220,0,0,2
93,host-22,1,0,14,1,0,0,0.064062,0,32000,2050,0.064062,131072,2686,0.020493,0,0,1
93,host-23,2,0,14,2,0,0,0.090969,0,32000,2911,0.090969,131072,2703,0.020622,0,0,2
93,host-24,1,0,14,1,0,0,0.057906,0,32000,1853,0.057906,131072,1407,0.010735,0,0,1
93,host-3,2,0,14,2,0,0,0.089438,0,32000,2862,0.089438,131072,2749,0.020973,0,0,2
93,host-4,2,0,14,2,0,0,0.104500,0,32000,3344,0.104500,131072,3037,0.023170,0,0,2
93,host-5,2,0,14,2,0,0,0.105469,0,32000,3375,0.105469,131072,4383,0.033440,0,0,2
93,host-6,1,0,14,1,0,0,0.058344,0,32000,1867,0.058344,131072,1188,0.009064,0,0,1
93,host-7,3,0,14,3,0,0,0.122281,0,32000,3913,0.122281,131072,5351,0.040825,0,0,3
93,host-8,1,0,14,1,0,0,0.038219,0,32000,1223,0.038219,131072,1424,0.010864,0,0,1
93,host-9,1,0,14,1,0,0,0.066531,0,32000,2129,0.066531,131072,2221,0.016945,0,0,1
94,host-1,2,0,14,2,0,0,0.100937,0,32000,3230,0.100937,131072,3211,0.024498,0,0,2
94,host-10,2,1,14,2,1,0,0.099344,0,32000,3179,0.099344,131072,2584,0.019714,1,0,1
94,host-11,2,0,14,2,0,0,0.125031,0,32000,4001,0.125031,131072,4971,0.037926,0,0,2
94,host-12,2,0,14,2,0,0,0.135281,0,32000,4329,0.135281,131072,4879,0.037224,0,0,2
94,host-13,2,0,14,2,0,0,0.122000,0,32000,3904,0.122000,131072,4183,0.031914,0,0,2
94,host-14,2,0,14,2,0,0,0.096031,0,32000,3073,0.096031,131072,3076,0.023468,0,0,2
94,host-15,1,0,14,1,0,0,0.066375,0,32000,2124,0.066375,131072,2384,0.018188,0,0,1
94,host-16,2,0,14,2,0,0,0.124719,0,32000,3991,0.124719,131072,4139,0.031578,0,0,2
94,host-17,1,0,14,1,0,0,0.062156,0,32000,1989,0.062156,131072,1467,0.011192,0,0,1
94,host-18,2,0,14,2,0,0,0.072156,0,32000,2309,0.072156,131072,2500,0.019073,0,0,2
94,host-19,1,0,14,1,0,0,0.059437,0,32000,1902,0.059437,131072,2539,0.019371,0,0,1
94,host-2,2,0,14,2,0,0,0.101000,0,32000,3232,0.101000,131072,2908,0.022186,0,0,2
94,host-20,1,0,14,1,0,0,0.065844,0,32000,2107,0.065844,131072,1863,0.014214,0,0,1
94,host-21,2,0,14,2,0,0,0.087063,0,32000,2786,0.087063,131072,2257,0.017220,0,0,2
94,host-22,1,0,14,1,0,0,0.064062,0,32000,2050,0.064062,131072,2686,0.020493,0,0,1
94,host-23,2,0,14,2,0,0,0.090969,0,32000,2911,0.090969,131072,2703,0.020622,0,0,2
94,host-24,1,0,14,1,0,0,0.057906,0,32000,1853,0.057906,131072,1407,0.010735,0,0,1
94,host-3,2,0,14,2,0,0,0.089438,0,32000,2862,0.089438,131072,2749,0.020973,0,0,2
94,host-4,2,0,14,2,0,0,0.104500,0,32000,3344,0.104500,131072,3037,0.023170,0,0,2
94,host-5,2,0,14,2,0,0,0.105469,0,32000,3375,0.105469,131072,4383,0.033440,0,0,2
94,host-6,1,0,14,1,0,0,0.058344,0,32000,1867,0.058344,131072,1188,0.009064,0,0,1
94,host-7,3,0,14,3,0,0,0.122281,0,32000,3913,0.122281,131072,5351,0.040825,0,0,3
94,host-8,1,0,14,1,0,0,0.038219,0,32000,1223,0.038219,131072,1424,0.010864,0,0,1
94,host-9,1,0,14,1,0,0,0.066531,0,32000,2129,0.066531,131072,2221,0.016945,0,0,1
95,host-1,2,0,14,2,0,0,0.100937,0,32000,3230,0.100937,131072,3211,0.024498,0,0,2
95,host-10,2,0,14,2,0,0,0.099344,0,32000,3179,0.099344,131072,2584,0.019714,0,0,2
95,host-11,2,0,14,2,0,0,0.125031,0,32000,4001,0.125031,131072,4971,0.037926,0,0,2
95,host-12,2,0,14,2,0,0,0.135281,0,32000,4329,0.135281,131072,4879,0.037224,0,0,2
95,host-13,2,0,14,2,0,0,0.122000,0,32000,3904,0.122000,131072,4183,0.031914,0,0,2
95,host-14,2,0,14,2,0,0,0.096031,0,32000,3073,0.096031,131072,3076,0.023468,0,0,2
95,host-15,1,0,14,1,0,0,0.066375,0,32000,2124,0.066375,131072,2384,0.018188,0,0,1
95,host-16,2,0,14,2,0,0,0.124719,0,32000,3991,0.124719,131072,4139,0.031578,0,0,2
95,host-17,1,0,14,1,0,0,0.062156,0,32000,1989,0.062156,131072,1467,0.011192,0,0,1
95,host-18,2,0,14,2,0,0,0.072156,0,32000,2309,0.072156,131072,2500,0.019073,0,0,2
95,host-19,1,0,14,1,0,0,0.059437,0,32000,1902,0.059437,131072,2539,0.019371,0,0,1
95,host-2,2,0,14,2,0,0,0.101000,0,32000,3232,0.101000,131072,2908,0.022186,0,0,2
95,host-20,1,0,14,1,0,0,0.065844,0,32000,2107,0.065844,131072,1863,0.014214,0,0,1
95,host-21,2,0,14,2,0,0,0.087063,0,32000,2786,0.087063,131072,2257,0.017220,0,0,2
95,host-22,1,0,14,1,0,0,0.064062,0,32000,2050,0.064062,131072,2686,0.020493,0,0,1
95,host-23,2,0,14,2,0,0,0.090969,0,32000,2911,0.090969,131072,2703,0.020622,0,0,2
95,host-24,1,0,14,1,0,0,0.057906,0,32000,1853,0.057906,131072,1407,0.010735,0,0,1
95,host-3,1,0,14,1,0,0,0.027250,0,32000,872,0.027250,131072,872,0.006653,0,0,1
95,host-4,2,0,14,2,0,0,0.104500,0,32000,3344,0.104500,131072,3037,0.023170,0,0,2
95,host-5,2,0,14,2,0,0,0.105469,0,32000,3375,0.105469,131072,4383,0.033440,0,0,2
95,host-6,1,0,14,1,0,0,0.058344,0,32000,1867,0.058344,131072,1188,0.009064,0,0,1
95,host-7,3,0,14,3,0,0,0.122281,0,32000,3913,0.122281,131072,5351,0.040825,0,0,3
95,host-8,2,1,14,2,1,0,0.094656,0,32000,3029,0.094656,131072,3548,0.027069,0,1,1
95,host-9,1,0,14,1,0,0,0.066531,0,32000,2129,0.066531,131072,2221,0.016945,0,0,1
96,host-1,2,0,14,2,0,0,0.100937,0,32000,3230,0.100937,131072,3211,0.024498,0,0,2
96,host-10,2,0,14,2,0,0,0.099344,0,32000,3179,0.099344,131072,2584,0.019714,0,0,2
96,host-11,2,0,14,2,0,0,0.125031,0,32000,4001,0.125031,131072,4971,0.037926,0,0,2
96,host-12,2,0,14,2,0,0,0.135281,0,32000,4329,0.135281,131072,4879,0.037224,0,0,2
96,host-13,2,0,14,2,0,0,0.122000,0,32000,3904,0.122000,131072,4183,0.031914,0,0,2
96,host-14,2,0,14,2,0,0,0.096031,0,32000,3073,0.096031,131072,3076,0.023468,0,0,2
96,host-15,1,0,14,1,0,0,0.066375,0,32000,2124,0.066375,131072,2384,0.018188,0,0,1
96,host-16,2,0,14,2,0,0,0.124719,0,32000,3991,0.124719,131072,4139,0.031578,0,0,2
96,host-17,2,1,14,2,1,0,0.112969,0,32000,3615,0.112969,131072,3050,0.023270,1,0,1
96,host-18,2,0,14,2,0,0,0.072156,0,32000,2309,0.072156,131072,2500,0.019073,0,0,2
96,host-19,2,1,14,2,1,0,0.110875,0,32000,3548,0.110875,131072,3780,0.028839,1,0,1
96,host-2,2,0,14,2,0,0,0.101000,0,32000,3232,0.101000,131072,2908,0.022186,0,0,2
96,host-20,1,0,14,1,0,0,0.065844,0,32000,2107,0.065844,131072,1863,0.014214,0,0,1
96,host-21,2,0,14,2,0,0,0.087063,0,32000,2786,0.087063,131072,2257,0.017220,0,0,2
96,host-22,2,1,14,2,1,0,0.102406,0,32000,3277,0.102406,131072,3590,0.027390,1,0,1
96,host-23,2,0,14,2,0,0,0.090969,0,32000,2911,0.090969,131072,2703,0.020622,0,0,2
96,host-24,2,1,14,2,1,0,0.083875,0,32000,2684,0.083875,131072,2456,0.018738,1,0,1
96,host-3,3,2,14,3,2,0,0.125781,0,32000,4025,0.125781,131072,5161,0.039375,2,0,1
96,host-4,2,0,14,2,0,0,0.104500,0,32000,3344,0.104500,131072,3037,0.023170,0,0,2
96,host-5,2,0,14,2,0,0,0.105469,0,32000,3375,0.105469,131072,4383,0.033440,0,0,2
96,host-6,2,1,14,2,1,0,0.090188,0,32000,2886,0.090188,131072,1751,0.013359,1,0,1
96,host-7,3,0,14,3,0,0,0.122281,0,32000,3913,0.122281,131072,5351,0.040825,0,0,3
96,host-8,2,0,14,2,0,0,0.094656,0,32000,3029,0.094656,131072,3548,0.027069,0,0,2
96,host-9,1,0,14,1,0,0,0.066531,0,32000,2129,0.066531,131072,2221,0.016945,0,0,1
97,host-1,2,0,14,2,0,0,0.100937,0,32000,3230,0.100937,131072,3211,0.024498,0,0,2
97,host-10,2,0,14,2,0,0,0.099344,0,32000,3179,0.099344,131072,2584,0.019714,0,0,2
97,host-11,2,0,14,2,0,0,0.125031,0,32000,4001,0.125031,131072,4971,0.037926,0,0,2
97,host-12,2,0,14,2,0,0,0.135281,0,32000,4329,0.135281,131072,4879,0.037224,0,0,2
97,host-13,2,0,14,2,0,0,0.122000,0,32000,3904,0.122000,131072,4183,0.031914,0,0,2
97,host-14,2,0,14,2,0,0,0.096031,0,32000,3073,0.096031,131072,3076,0.023468,0,0,2
97,host-15,1,0,14,1,0,0,0.066375,0,32000,2124,0.066375,131072,2384,0.018188,0,0,1
97,host-16,2,0,14,2,0,0,0.124719,0,32000,3991,0.124719,131072,4139,0.031578,0,0,2
97,host-17,2,1,14,2,1,0,0.112969,0,32000,3615,0.112969,131072,3050,0.023270,1,0,1
97,host-18,2,0,14,2,0,0,0.072156,0,32000,2309,0.072156,131072,2500,0.019073,0,0,2
97,host-19,2,1,14,2,1,0,0.110875,0,32000,3548,0.110875,131072,3780,0.028839,1,0,1
97,host-2,2,0,14,2,0,0,0.101000,0,32000,3232,0.101000,131072,2908,0.022186,0,0,2
97,host-20,2,1,14,2,1,0,0.110125,0,32000,3524,0.110125,131072,3183,0.024284,1,0,1
97,host-21,2,0,14,2,0,0,0.087063,0,32000,2786,0.087063,131072,2257,0.017220,0,0,2
97,host-22,2,1,14,2,1,0,0.102406,0,32000,3277,0.102406,131072,3590,0.027390,1,0,1
97,host-23,2,0,14,2,0,0,0.090969,0,32000,2911,0.090969,131072,2703,0.020622,0,0,2
97,host-24,2,0,14,2,0,0,0.083875,0,32000,2684,0.083875,131072,2456,0.018738,0,0,2
97,host-3,3,1,14,3,1,0,0.125781,0,32000,4025,0.125781,131072,5161,0.039375,0,1,2
97,host-4,2,0,14,2,0,0,0.104500,0,32000,3344,0.104500,131072,3037,0.023170,0,0,2
97,host-5,2,0,14,2,0,0,0.105469,0,32000,3375,0.105469,131072,4383,0.033440,0,0,2
97,host-6,2,1,14,2,1,0,0.090188,0,32000,2886,0.090188,131072,1751,0.013359,0,1,1
97,host-7,3,0,14,3,0,0,0.122281,0,32000,3913,0.122281,131072,5351,0.040825,0,0,3
97,host-8,2,0,14,2,0,0,0.094656,0,32000,3029,0.094656,131072,3548,0.027069,0,0,2
97,host-9,1,0,14,1,0,0,0.066531,0,32000,2129,0.066531,131072,2221,0.016945,0,0,1
98,host-1,2,0,14,2,0,0,0.100937,0,32000,3230,0.100937,131072,3211,0.024498,0,0,2
98,host-10,2,0,14,2,0,0,0.099344,0,32000,3179,0.099344,131072,2584,0.019714,0,0,2
98,host-11,2,0,14,2,0,0,0.125031,0,32000,4001,0.125031,131072,4971,0.037926,0,0,2
98,host-12,2,0,14,2,0,0,0.135281,0,32000,4329,0.135281,131072,4879,0.037224,0,0,2
98,host-13,2,0,14,2,0,0,0.122000,0,32000,3904,0.122000,131072,4183,0.031914,0,0,2
98,host-14,1,0,14,1,0,0,0.027781,0,32000,889,0.027781,131072,434,0.003311,0,0,1
98,host-15,2,1,14,2,1,0,0.117813,0,32000,3770,0.117813,131072,3625,0.027657,1,0,1
98,host-16,2,0,14,2,0,0,0.124719,0,32000,3991,0.124719,131072,4139,0.031578,0,0,2
98,host-17,2,0,14,2,0,0,0.112969,0,32000,3615,0.112969,131072,3050,0.023270,0,0,2
98,host-18,2,0,14,2,0,0,0.072156,0,32000,2309,0.072156,131072,2500,0.019073,0,0,2
98,host-19,2,0,14,2,0,0,0.110875,0,32000,3548,0.110875,131072,3780,0.028839,0,0,2
98,host-2,2,0,14,2,0,0,0.101000,0,32000,3232,0.101000,131072,2908,0.022186,0,0,2
98,host-20,2,0,14,2,0,0,0.110125,0,32000,3524,0.110125,131072,3183,0.024284,0,0,2
98,host-21,2,0,14,2,0,0,0.087063,0,32000,2786,0.087063,131072,2257,0.017220,0,0,2
98,host-22,2,0,14,2,0,0,0.102406,0,32000,3277,0.102406,131072,3590,0.027390,0,0,2
98,host-23,2,0,14,2,0,0,0.090969,0,32000,2911,0.090969,131072,2703,0.020622,0,0,2
98,host-24,2,0,14,2,0,0,0.083875,0,32000,2684,0.083875,131072,2456,0.018738,0,0,2
98,host-3,3,0,14,3,0,0,0.125781,0,32000,4025,0.125781,131072,5161,0.039375,0,0,3
98,host-4,2,0,14,2,0,0,0.104500,0,32000,3344,0.104500,131072,3037,0.023170,0,0,2
98,host-5,2,0,14,2,0,0,0.105469,0,32000,3375,0.105469,131072,4383,0.033440,0,0,2
98,host-6,2,0,14,2,0,0,0.090188,0,32000,2886,0.090188,131072,1751,0.013359,0,0,2
98,host-7,3,0,14,3,0,0,0.122281,0,32000,3913,0.122281,131072,5351,0.040825,0,0,3
98,host-8,2,0,14,2,0,0,0.094656,0,32000,3029,0.094656,131072,3548,0.027069,0,0,2
98,host-9,2,1,14,2,1,0,0.107813,0,32000,3450,0.107813,131072,3842,0.029312,1,0,1
99,host-1,1,0,14,1,0,0,0.063875,0,32000,2044,0.063875,131072,2311,0.017632,0,0,1
99,host-10,2,0,14,2,0,0,0.099344,0,32000,3179,0.099344,131072,2584,0.019714,0,0,2
99,host-11,2,0,14,2,0,0,0.125031,0,32000,4001,0.125031,131072,4971,0.037926,0,0,2
99,host-12,2,0,14,2,0,0,0.135281,0,32000,4329,0.135281,131072,4879,0.037224,0,0,2
99,host-13,2,0,14,2,0,0,0.122000,0,32000,3904,0.122000,131072,4183,0.031914,0,0,2
99,host-14,1,0,14,1,0,0,0.027781,0,32000,889,0.027781,131072,434,0.003311,0,0,1
99,host-15,2,1,14,2,1,0,0.117813,0,32000,3770,0.117813,131072,3625,0.027657,0,1,1
99,host-16,2,0,14,2,0,0,0.124719,0,32000,3991,0.124719,131072,4139,0.031578,0,0,2
99,host-17,2,0,14,2,0,0,0.112969,0,32000,3615,0.112969,131072,3050,0.023270,0,0,2
99,host-18,2,0,14,2,0,0,0.072156,0,32000,2309,0.072156,131072,2500,0.019073,0,0,2
99,host-19,2,0,14,2,0,0,0.110875,0,32000,3548,0.110875,131072,3780,0.028839,0,0,2
99,host-2,2,0,14,2,0,0,0.101000,0,32000,3232,0.101000,131072,2908,0.022186,0,0,2
99,host-20,2,0,14,2,0,0,0.110125,0,32000,3524,0.110125,131072,3183,0.024284,0,0,2
99,host-21,2,0,14,2,0,0,0.087063,0,32000,2786,0.087063,131072,2257,0.017220,0,0,2
99,host-22,2,0,14,2,0,0,0.102406,0,32000,3277,0.102406,131072,3590,0.027390,0,0,2
99,host-23,2,0,14,2,0,0,0.090969,0,32000,2911,0.090969,131072,2703,0.020622,0,0,2
99,host-24,2,0,14,2,0,0,0.083875,0,32000,2684,0.083875,131072,2456,0.018738,0,0,2
99,host-3,3,0,14,3,0,0,0.125781,0,32000,4025,0.125781,131072,5161,0.039375,0,0,3
99,host-4,2,0,14,2,0,0,0.104500,0,32000,3344,0.104500,131072,3037,0.023170,0,0,2
99,host-5,2,0,14,2,0,0,0.105469,0,32000,3375,0.105469,131072,4383,0.033440,0,0,2
99,host-6,2,0,14,2,0,0,0.090188,0,32000,2886,0.090188,131072,1751,0.013359,0,0,2
99,host-7,3,0,14,3,0,0,0.122281,0,32000,3913,0.122281,131072,5351,0.040825,0,0,3
99,host-8,2,0,14,2,0,0,0.094656,0,32000,3029,0.094656,131072,3548,0.027069,0,0,2
99,host-9,2,1,14,2,1,0,0.107813,0,32000,3450,0.107813,131072,3842,0.029312,1,0,1
100,host-1,1,0,14,1,0,0,0.063875,0,32000,2044,0.063875,131072,2311,0.017632,0,0,1
100,host-10,2,0,14,2,0,0,0.099344,0,32000,3179,0.099344,131072,2584,0.019714,0,0,2
100,host-11,2,0,14,2,0,0,0.125031,0,32000,4001,0.125031,131072,4971,0.037926,0,0,2
100,host-12,1,1,14,1,1,0,0.071406,0,32000,2285,0.071406,131072,2568,0.019592,0,1,0
100,host-13,2,0,14,2,0,0,0.122000,0,32000,3904,0.122000,131072,4183,0.031914,0,0,2
100,host-14,2,1,14,2,1,0,0.074063,0,32000,2370,0.074063,131072,1680,0.012817,1,0,1
100,host-15,2,1,14,2,1,0,0.117813,0,32000,3770,0.117813,131072,3625,0.027657,0,1,1
100,host-16,2,0,14,2,0,0,0.124719,0,32000,3991,0.124719,131072,4139,0.031578,0,0,2
100,host-17,2,0,14,2,0,0,0.112969,0,32000,3615,0.112969,131072,3050,0.023270,0,0,2
100,host-18,2,0,14,2,0,0,0.072156,0,32000,2309,0.072156,131072,2500,0.019073,0,0,2
100,host-19,2,0,14,2,0,0,0.110875,0,32000,3548,0.110875,131072,3780,0.028839,0,0,2
100,host-2,2,0,14,2,0,0,0.101000,0,32000,3232,0.101000,131072,2908,0.022186,0,0,2
100,host-20,2,0,14,2,0,0,0.110125,0,32000,3524,0.110125,131072,3183,0.024284,0,0,2
100,host-21,2,0,14,2,0,0,0.087063,0,32000,2786,0.087063,131072,2257,0.017220,0,0,2
100,host-22,2,0,14,2,0,0,0.102406,0,32000,3277,0.102406,131072,3590,0.027390,0,0,2
100,host-23,2,0,14,2,0,0,0.090969,0,32000,2911,0.090969,131072,2703,0.020622,0,0,2
100,host-24,2,0,14,2,0,0,0.083875,0,32000,2684,0.083875,131072,2456,0.018738,0,0,2
100,host-3,3,0,14,3,0,0,0.125781,0,32000,4025,0.125781,131072,5161,0.039375,0,0,3
100,host-4,2,0,14,2,0,0,0.104500,0,32000,3344,0.104500,131072,3037,0.023170,0,0,2
100,host-5,2,0,14,2,0,0,0.105469,0,32000,3375,0.105469,131072,4383,0.033440,0,0,2
100,host-6,2,0,14,2,0,0,0.090188,0,32000,2886,0.090188,131072,1751,0.013359,0,0,2
100,host-7,3,0,14,3,0,0,0.122281,0,32000,3913,0.122281,131072,5351,0.040825,0,0,3
100,host-8,2,0,14,2,0,0,0.094656,0,32000,3029,0.094656,131072,3548,0.027069,0,0,2
100,host-9,2,0,14,2,0,0,0.107813,0,32000,3450,0.107813,131072,3842,0.029312,0,0,2
101,host-1,1,1,14,1,1,0,0.075969,0,32000,2431,0.075969,131072,2920,0.022278,1,0,0
101,host-10,2,0,14,2,0,0,0.099344,0,32000,3179,0.099344,131072,2584,0.019714,0,0,2
101,host-11,2,0,14,2,0,0,0.125031,0,32000,4001,0.125031,131072,4971,0.037926,0,0,2
101,host-12,2,1,14,2,1,0,0.115906,0,32000,3709,0.115906,131072,3716,0.028351,0,1,1
101,host-13,1,0,14,1,0,0,0.050281,0,32000,1609,0.050281,131072,1529,0.011665,0,0,1
101,host-14,3,1,14,3,1,0,0.119125,0,32000,3812,0.119125,131072,2445,0.018654,1,0,2
101,host-15,2,0,14,2,0,0,0.117813,0,32000,3770,0.117813,131072,3625,0.027657,0,0,2
101,host-16,2,0,14,2,0,0,0.124719,0,32000,3991,0.124719,131072,4139,0.031578,0,0,2
101,host-17,2,0,14,2,0,0,0.112969,0,32000,3615,0.112969,131072,3050,0.023270,0,0,2
101,host-18,2,1,14,2,1,0,0.109063,0,32000,3490,0.109063,131072,3780,0.028839,1,0,1
101,host-19,2,0,14,2,0,0,0.110875,0,32000,3548,0.110875,131072,3780,0.028839,0,0,2
101,host-2,2,0,14,2,0,0,0.101000,0,32000,3232,0.101000,131072,2908,0.022186,0,0,2
101,host-20,2,0,14,2,0,0,0.110125,0,32000,3524,0.110125,131072,3183,0.024284,0,0,2
101,host-21,2,0,14,2,0,0,0.087063,0,32000,2786,0.087063,131072,2257,0.017220,0,0,2
101,host-22,2,0,14,2,0,0,0.102406,0,32000,3277,0.102406,131072,3590,0.027390,0,0,2
101,host-23,2,0,14,2,0,0,0.090969,0,32000,2911,0.090969,131072,2703,0.020622,0,0,2
101,host-24,2,0,14,2,0,0,0.083875,0,32000,2684,0.083875,131072,2456,0.018738,0,0,2
101,host-3,3,0,14,3,0,0,0.125781,0,32000,4025,0.125781,131072,5161,0.039375,0,0,3
101,host-4,2,0,14,2,0,0,0.104500,0,32000,3344,0.104500,131072,3037,0.023170,0,0,2
101,host-5,2,0,14,2,0,0,0.105469,0,32000,3375,0.105469,131072,4383,0.033440,0,0,2
101,host-6,2,0,14,2,0,0,0.090188,0,32000,2886,0.090188,131072,1751,0.013359,0,0,2
101,host-7,3,0,14,3,0,0,0.122281,0,32000,3913,0.122281,131072,5351,0.040825,0,0,3
101,host-8,2,0,14,2,0,0,0.094656,0,32000,3029,0.094656,131072,3548,0.027069,0,0,2
101,host-9,2,0,14,2,0,0,0.107813,0,32000,3450,0.107813,131072,3842,0.029312,0,0,2
102,host-1,2,1,14,2,1,0,0.138781,0,32000,4441,0.138781,131072,5334,0.040695,1,0,1
102,host-10,3,2,14,3,2,0,0.124750,0,32000,3992,0.124750,131072,3398,0.025925,2,0,1
102,host-11,2,0,14,2,0,0,0.125031,0,32000,4001,0.125031,131072,4971,0.037926,0,0,2
102,host-12,2,0,14,2,0,0,0.115906,0,32000,3709,0.115906,131072,3716,0.028351,0,0,2
102,host-13,2,1,14,2,1,0,0.098656,0,32000,3157,0.098656,131072,2572,0.019623,1,0,1
102,host-14,3,0,14,3,0,0,0.119125,0,32000,3812,0.119125,131072,2445,0.018654,0,0,3
102,host-15,2,0,14,2,0,0,0.117813,0,32000,3770,0.117813,131072,3625,0.027657,0,0,2
102,host-16,2,0,14,2,0,0,0.124719,0,32000,3991,0.124719,131072,4139,0.031578,0,0,2
102,host-17,2,0,14,2,0,0,0.112969,0,32000,3615,0.112969,131072,3050,0.023270,0,0,2
102,host-18,2,0,14,2,0,0,0.109063,0,32000,3490,0.109063,131072,3780,0.028839,0,0,2
102,host-19,2,0,14,2,0,0,0.110875,0,32000,3548,0.110875,131072,3780,0.028839,0,0,2
102,host-2,2,0,14,2,0,0,0.101000,0,32000,3232,0.101000,131072,2908,0.022186,0,0,2
102,host-20,2,0,14,2,0,0,0.110125,0,32000,3524,0.110125,131072,3183,0.024284,0,0,2
102,host-21,3,1,14,3,1,0,0.129562,0,32000,4146,0.129562,131072,3154,0.024063,1,0,2
102,host-22,2,0,14,2,0,0,0.102406,0,32000,3277,0.102406,131072,3590,0.027390,0,0,2
102,host-23,3,2,14,3,2,0,0.148812,0,32000,4762,0.148812,131072,5015,0.038261,1,1,1
102,host-24,3,1,14,3,1,0,0.125562,0,32000,4018,0.125562,131072,3961,0.030220,1,0,2
102,host-3,3,0,14,3,0,0,0.125781,0,32000,4025,0.125781,131072,5161,0.039375,0,0,3
102,host-4,2,0,14,2,0,0,0.104500,0,32000,3344,0.104500,131072,3037,0.023170,0,0,2
102,host-5,2,1,14,2,1,0,0.106188,0,32000,3398,0.106188,131072,3759,0.028679,1,0,1
102,host-6,3,2,14,3,2,0,0.121500,0,32000,3888,0.121500,131072,3925,0.029945,2,0,1
102,host-7,3,0,14,3,0,0,0.122281,0,32000,3913,0.122281,131072,5351,0.040825,0,0,3
102,host-8,3,1,14,3,1,0,0.131125,0,32000,4196,0.131125,131072,4913,0.037483,1,0,2
102,host-9,2,0,14,2,0,0,0.107813,0,32000,3450,0.107813,131072,3842,0.029312,0,0,2
103,host-1,2,1,14,2,1,0,0.138781,0,32000,4441,0.138781,131072,5334,0.040695,1,0,1
103,host-10,3,2,14,3,2,0,0.124750,0,32000,3992,0.124750,131072,3398,0.025925,2,0,1
103,host-11,2,0,14,2,0,0,0.125031,0,32000,4001,0.125031,131072,4971,0.037926,0,0,2
103,host-12,2,0,14,2,0,0,0.115906,0,32000,3709,0.115906,131072,3716,0.028351,0,0,2
103,host-13,3,1,14,3,1,0,0.143844,0,32000,4603,0.143844,131072,4016,0.030640,1,0,2
103,host-14,3,0,14,3,0,0,0.119125,0,32000,3812,0.119125,131072,2445,0.018654,0,0,3
103,host-15,2,0,14,2,0,0,0.117813,0,32000,3770,0.117813,131072,3625,0.027657,0,0,2
103,host-16,2,0,14,2,0,0,0.124719,0,32000,3991,0.124719,131072,4139,0.031578,0,0,2
103,host-17,2,0,14,2,0,0,0.112969,0,32000,3615,0.112969,131072,3050,0.023270,0,0,2
103,host-18,2,0,14,2,0,0,0.109063,0,32000,3490,0.109063,131072,3780,0.028839,0,0,2
103,host-19,2,0,14,2,0,0,0.110875,0,32000,3548,0.110875,131072,3780,0.028839,0,0,2
103,host-2,3,1,14,3,1,0,0.132937,0,32000,4254,0.132937,131072,3489,0.026619,1,0,2
103,host-20,2,0,14,2,0,0,0.110125,0,32000,3524,0.110125,131072,3183,0.024284,0,0,2
103,host-21,3,0,14,3,0,0,0.129562,0,32000,4146,0.129562,131072,3154,0.024063,0,0,3
103,host-22,2,0,14,2,0,0,0.102406,0,32000,3277,0.102406,131072,3590,0.027390,0,0,2
103,host-23,3,1,14,3,1,0,0.148812,0,32000,4762,0.148812,131072,5015,0.038261,1,0,2
103,host-24,3,1,14,3,1,0,0.125562,0,32000,4018,0.125562,131072,3961,0.030220,1,0,2
103,host-3,3,0,14,3,0,0,0.125781,0,32000,4025,0.125781,131072,5161,0.039375,0,0,3
103,host-4,1,0,14,1,0,0,0.059625,0,32000,1908,0.059625,131072,2224,0.016968,0,0,1
103,host-5,2,0,14,2,0,0,0.106188,0,32000,3398,0.106188,131072,3759,0.028679,0,0,2
103,host-6,3,0,14,3,0,0,0.121500,0,32000,3888,0.121500,131072,3925,0.029945,0,0,3
103,host-7,3,0,14,3,0,0,0.122281,0,32000,3913,0.122281,131072,5351,0.040825,0,0,3
103,host-8,3,0,14,3,0,0,0.131125,0,32000,4196,0.131125,131072,4913,0.037483,0,0,3
103,host-9,2,0,14,2,0,0,0.107813,0,32000,3450,0.107813,131072,3842,0.029312,0,0,2
104,host-1,2,0,14,2,0,0,0.138781,0,32000,4441,0.138781,131072,5334,0.040695,0,0,2
104,host-10,3,1,14,3,1,0,0.124750,0,32000,3992,0.124750,131072,3398,0.025925,0,1,2
104,host-11,2,0,14,2,0,0,0.125031,0,32000,4001,0.125031,131072,4971,0.037926,0,0,2
104,host-12,2,0,14,2,0,0,0.115906,0,32000,3709,0.115906,131072,3716,0.028351,0,0,2
104,host-13,3,0,14,3,0,0,0.143844,0,32000,4603,0.143844,131072,4016,0.030640,0,0,3
104,host-14,3,0,14,3,0,0,0.119125,0,32000,3812,0.119125,131072,2445,0.018654,0,0,3
104,host-15,2,0,14,2,0,0,0.117813,0,32000,3770,0.117813,131072,3625,0.027657,0,0,2
104,host-16,1,0,14,1,0,0,0.050937,0,32000,1630,0.050937,131072,1533,0.011696,0,0,1
104,host-17,1,0,14,1,0,0,0.050812,0,32000,1626,0.050812,131072,1583,0.012077,0,0,1
104,host-18,1,0,14,1,0,0,0.070719,0,32000,2263,0.070719,131072,2580,0.019684,0,0,1
104,host-19,2,0,14,2,0,0,0.110875,0,32000,3548,0.110875,131072,3780,0.028839,0,0,2
104,host-2,3,1,14,3,1,0,0.132937,0,32000,4254,0.132937,131072,3489,0.026619,1,0,2
104,host-20,2,0,14,2,0,0,0.110125,0,32000,3524,0.110125,131072,3183,0.024284,0,0,2
104,host-21,3,0,14,3,0,0,0.129562,0,32000,4146,0.129562,131072,3154,0.024063,0,0,3
104,host-22,2,0,14,2,0,0,0.102406,0,32000,3277,0.102406,131072,3590,0.027390,0,0,2
104,host-23,3,0,14,3,0,0,0.148812,0,32000,4762,0.148812,131072,5015,0.038261,0,0,3
104,host-24,3,0,14,3,0,0,0.125562,0,32000,4018,0.125562,131072,3961,0.030220,0,0,3
104,host-3,2,0,14,2,0,0,0.098531,0,32000,3153,0.098531,131072,4289,0.032722,0,0,2
104,host-4,1,0,14,1,0,0,0.059625,0,32000,1908,0.059625,131072,2224,0.016968,0,0,1
104,host-5,2,0,14,2,0,0,0.106188,0,32000,3398,0.106188,131072,3759,0.028679,0,0,2
104,host-6,3,0,14,3,0,0,0.121500,0,32000,3888,0.121500,131072,3925,0.029945,0,0,3
104,host-7,3,0,14,3,0,0,0.122281,0,32000,3913,0.122281,131072,5351,0.040825,0,0,3
104,host-8,3,0,14,3,0,0,0.131125,0,32000,4196,0.131125,131072,4913,0.037483,0,0,3
104,host-9,2,0,14,2,0,0,0.107813,0,32000,3450,0.107813,131072,3842,0.029312,0,0,2
105,host-1,2,0,14,2,0,0,0.138781,0,32000,4441,0.138781,131072,5334,0.040695,0,0,2
105,host-10,3,0,14,3,0,0,0.124750,0,32000,3992,0.124750,131072,3398,0.025925,0,0,3
105,host-11,1,0,14,1,0,0,0.052875,0,32000,1692,0.052875,131072,2022,0.015427,0,0,1
105,host-12,2,0,14,2,0,0,0.115906,0,32000,3709,0.115906,131072,3716,0.028351,0,0,2
105,host-13,3,0,14,3,0,0,0.143844,0,32000,4603,0.143844,131072,4016,0.030640,0,0,3
105,host-14,3,0,14,3,0,0,0.119125,0,32000,3812,0.119125,131072,2445,0.018654,0,0,3
105,host-15,2,0,14,2,0,0,0.117813,0,32000,3770,0.117813,131072,3625,0.027657,0,0,2
105,host-16,1,0,14,1,0,0,0.050937,0,32000,1630,0.050937,131072,1533,0.011696,0,0,1
105,host-17,1,0,14,1,0,0,0.050812,0,32000,1626,0.050812,131072,1583,0.012077,0,0,1
105,host-18,1,0,14,1,0,0,0.070719,0,32000,2263,0.070719,131072,2580,0.019684,0,0,1
105,host-19,2,0,14,2,0,0,0.110875,0,32000,3548,0.110875,131072,3780,0.028839,0,0,2
105,host-2,2,0,14,2,0,0,0.106063,0,32000,3394,0.106063,131072,2958,0.022568,0,0,2
105,host-20,2,0,14,2,0,0,0.110125,0,32000,3524,0.110125,131072,3183,0.024284,0,0,2
105,host-21,2,0,14,2,0,0,0.100000,0,32000,3200,0.100000,131072,2139,0.016319,0,0,2
105,host-22,2,0,14,2,0,0,0.102406,0,32000,3277,0.102406,131072,3590,0.027390,0,0,2
105,host-23,3,0,14,3,0,0,0.148812,0,32000,4762,0.148812,131072,5015,0.038261,0,0,3
105,host-24,3,0,14,3,0,0,0.125562,0,32000,4018,0.125562,131072,3961,0.030220,0,0,3
105,host-3,2,0,14,2,0,0,0.098531,0,32000,3153,0.098531,131072,4289,0.032722,0,0,2
105,host-4,1,0,14,1,0,0,0.059625,0,32000,1908,0.059625,131072,2224,0.016968,0,0,1
105,host-5,2,0,14,2,0,0,0.106188,0,32000,3398,0.106188,131072,3759,0.028679,0,0,2
105,host-6,3,0,14,3,0,0,0.121500,0,32000,3888,0.121500,131072,3925,0.029945,0,0,3
105,host-7,3,0,14,3,0,0,0.122281,0,32000,3913,0.122281,131072,5351,0.040825,0,0,3
105,host-8,3,0,14,3,0,0,0.131125,0,32000,4196,0.131125,131072,4913,0.037483,0,0,3
105,host-9,2,1,14,2,1,0,0.107813,0,32000,3450,0.107813,131072,3842,0.029312,0,1,1
106,host-1,2,0,14,2,0,0,0.138781,0,32000,4441,0.138781,131072,5334,0.040695,0,0,2
106,host-10,3,0,14,3,0,0,0.124750,0,32000,3992,0.124750,131072,3398,0.025925,0,0,3
106,host-11,0,0,14,0,0,0,0.000000,0,32000,0,0.000000,131072,0,0.000000,0,0,0
106,host-12,2,0,14,2,0,0,0.115906,0,32000,3709,0.115906,131072,3716,0.028351,0,0,2
106,host-13,3,0,14,3,0,0,0.143844,0,32000,4603,0.143844,131072,4016,0.030640,0,0,3
106,host-14,3,0,14,3,0,0,0.119125,0,32000,3812,0.119125,131072,2445,0.018654,0,0,3
106,host-15,2,0,14,2,0,0,0.117813,0,32000,3770,0.117813,131072,3625,0.027657,0,0,2
106,host-16,1,0,14,1,0,0,0.050937,0,32000,1630,0.050937,131072,1533,0.011696,0,0,1
106,host-17,2,1,14,2,1,0,0.110000,0,32000,3520,0.110000,131072,3662,0.027939,1,0,1
106,host-18,1,0,14,1,0,0,0.070719,0,32000,2263,0.070719,131072,2580,0.019684,0,0,1
106,host-19,2,0,14,2,0,0,0.110875,0,32000,3548,0.110875,131072,3780,0.028839,0,0,2
106,host-2,2,0,14,2,0,0,0.106063,0,32000,3394,0.106063,131072,2958,0.022568,0,0,2
106,host-20,1,0,14,1,0,0,0.044281,0,32000,1417,0.044281,131072,1320,0.010071,0,0,1
106,host-21,2,0,14,2,0,0,0.100000,0,32000,3200,0.100000,131072,2139,0.016319,0,0,2
106,host-22,2,0,14,2,0,0,0.102406,0,32000,3277,0.102406,131072,3590,0.027390,0,0,2
106,host-23,3,0,14,3,0,0,0.148812,0,32000,4762,0.148812,131072,5015,0.038261,0,0,3
106,host-24,3,0,14,3,0,0,0.125562,0,32000,4018,0.125562,131072,3961,0.030220,0,0,3
106,host-3,2,0,14,2,0,0,0.098531,0,32000,3153,0.098531,131072,4289,0.032722,0,0,2
106,host-4,1,0,14,1,0,0,0.059625,0,32000,1908,0.059625,131072,2224,0.016968,0,0,1
106,host-5,2,0,14,2,0,0,0.106188,0,32000,3398,0.106188,131072,3759,0.028679,0,0,2
106,host-6,3,0,14,3,0,0,0.121500,0,32000,3888,0.121500,131072,3925,0.029945,0,0,3
106,host-7,3,0,14,3,0,0,0.122281,0,32000,3913,0.122281,131072,5351,0.040825,0,0,3
106,host-8,3,0,14,3,0,0,0.131125,0,32000,4196,0.131125,131072,4913,0.037483,0,0,3
106,host-9,2,0,14,2,0,0,0.107813,0,32000,3450,0.107813,131072,3842,0.029312,0,0,2
107,host-1,2,0,14,2,0,0,0.138781,0,32000,4441,0.138781,131072,5334,0.040695,0,0,2
107,host-10,3,0,14,3,0,0,0.124750,0,32000,3992,0.124750,131072,3398,0.025925,0,0,3
107,host-11,1,1,14,1,1,0,0.036500,0,32000,1168,0.036500,131072,350,0.002670,1,0,0
107,host-12,2,0,14,2,0,0,0.115906,0,32000,3709,0.115906,131072,3716,0.028351,0,0,2
107,host-13,2,0,14,2,0,0,0.093563,0,32000,2994,0.093563,131072,2487,0.018974,0,0,2
107,host-14,3,0,14,3,0,0,0.119125,0,32000,3812,0.119125,131072,2445,0.018654,0,0,3
107,host-15,2,0,14,2,0,0,0.117813,0,32000,3770,0.117813,131072,3625,0.027657,0,0,2
107,host-16,1,0,14,1,0,0,0.050937,0,32000,1630,0.050937,131072,1533,0.011696,0,0,1
107,host-17,2,0,14,2,0,0,0.110000,0,32000,3520,0.110000,131072,3662,0.027939,0,0,2
107,host-18,1,0,14,1,0,0,0.070719,0,32000,2263,0.070719,131072,2580,0.019684,0,0,1
107,host-19,2,0,14,2,0,0,0.110875,0,32000,3548,0.110875,131072,3780,0.028839,0,0,2
107,host-2,2,0,14,2,0,0,0.106063,0,32000,3394,0.106063,131072,2958,0.022568,0,0,2
107,host-20,1,0,14,1,0,0,0.044281,0,32000,1417,0.044281,131072,1320,0.010071,0,0,1
107,host-21,2,0,14,2,0,0,0.100000,0,32000,3200,0.100000,131072,2139,0.016319,0,0,2
107,host-22,2,0,14,2,0,0,0.102406,0,32000,3277,0.102406,131072,3590,0.027390,0,0,2
107,host-23,3,0,14,3,0,0,0.148812,0,32000,4762,0.148812,131072,5015,0.038261,0,0,3
107,host-24,3,0,14,3,0,0,0.125562,0,32000,4018,0.125562,131072,3961,0.030220,0,0,3
107,host-3,2,0,14,2,0,0,0.098531,0,32000,3153,0.098531,131072,4289,0.032722,0,0,2
107,host-4,1,0,14,1,0,0,0.059625,0,32000,1908,0.059625,131072,2224,0.016968,0,0,1
107,host-5,2,0,14,2,0,0,0.106188,0,32000,3398,0.106188,131072,3759,0.028679,0,0,2
107,host-6,3,0,14,3,0,0,0.121500,0,32000,3888,0.121500,131072,3925,0.029945,0,0,3
107,host-7,1,0,14,1,0,0,0.052937,0,32000,1694,0.052937,131072,2261,0.017250,0,0,1
107,host-8,3,0,14,3,0,0,0.131125,0,32000,4196,0.131125,131072,4913,0.037483,0,0,3
107,host-9,2,0,14,2,0,0,0.107813,0,32000,3450,0.107813,131072,3842,0.029312,0,0,2
108,host-1,2,0,14,2,0,0,0.138781,0,32000,4441,0.138781,131072,5334,0.040695,0,0,2
108,host-10,3,0,14,3,0,0,0.124750,0,32000,3992,0.124750,131072,3398,0.025925,0,0,3
108,host-11,2,1,14,2,1,0,0.094844,0,32000,3035,0.094844,131072,1538,0.011734,1,0,1
108,host-12,2,0,14,2,0,0,0.115906,0,32000,3709,0.115906,131072,3716,0.028351,0,0,2
108,host-13,2,0,14,2,0,0,0.093563,0,32000,2994,0.093563,131072,2487,0.018974,0,0,2
108,host-14,3,0,14,3,0,0,0.119125,0,32000,3812,0.119125,131072,2445,0.018654,0,0,3
108,host-15,2,0,14,2,0,0,0.117813,0,32000,3770,0.117813,131072,3625,0.027657,0,0,2
108,host-16,1,0,14,1,0,0,0.050937,0,32000,1630,0.050937,131072,1533,0.011696,0,0,1
108,host-17,2,0,14,2,0,0,0.110000,0,32000,3520,0.110000,131072,3662,0.027939,0,0,2
108,host-18,1,0,14,1,0,0,0.070719,0,32000,2263,0.070719,131072,2580,0.019684,0,0,1
108,host-19,2,0,14,2,0,0,0.110875,0,32000,3548,0.110875,131072,3780,0.028839,0,0,2
108,host-2,2,0,14,2,0,0,0.106063,0,32000,3394,0.106063,131072,2958,0.022568,0,0,2
108,host-20,2,1,14,2,1,0,0.089156,0,32000,2853,0.089156,131072,2133,0.016273,1,0,1
108,host-21,2,1,14,2,1,0,0.097062,0,32000,3106,0.097062,131072,2146,0.016373,1,0,1
108,host-22,2,0,14,2,0,0,0.102406,0,32000,3277,0.102406,131072,3590,0.027390,0,0,2
108,host-23,2,0,14,2,0,0,0.121031,0,32000,3873,0.121031,131072,4581,0.034950,0,0,2
108,host-24,3,0,14,3,0,0,0.125562,0,32000,4018,0.125562,131072,3961,0.030220,0,0,3
108,host-3,2,0,14,2,0,0,0.098531,0,32000,3153,0.098531,131072,4289,0.032722,0,0,2
108,host-4,1,0,14,1,0,0,0.059625,0,32000,1908,0.059625,131072,2224,0.016968,0,0,1
108,host-5,2,0,14,2,0,0,0.106188,0,32000,3398,0.106188,131072,3759,0.028679,0,0,2
108,host-6,3,0,14,3,0,0,0.121500,0,32000,3888,0.121500,131072,3925,0.029945,0,0,3
108,host-7,1,0,14,1,0,0,0.052937,0,32000,1694,0.052937,131072,2261,0.017250,0,0,1
108,host-8,3,0,14,3,0,0,0.131125,0,32000,4196,0.131125,131072,4913,0.037483,0,0,3
108,host-9,2,0,14,2,0,0,0.107813,0,32000,3450,0.107813,131072,3842,0.029312,0,0,2
109,host-1,2,0,14,2,0,0,0.138781,0,32000,4441,0.138781,131072,5334,0.040695,0,0,2
109,host-10,3,0,14,3,0,0,0.124750,0,32000,3992,0.124750,131072,3398,0.025925,0,0,3
109,host-11,2,1,14,2,1,0,0.094844,0,32000,3035,0.094844,131072,1538,0.011734,0,1,1
109,host-12,2,0,14,2,0,0,0.115906,0,32000,3709,0.115906,131072,3716,0.028351,0,0,2
109,host-13,2,0,14,2,0,0,0.093563,0,32000,2994,0.093563,131072,2487,0.018974,0,0,2
109,host-14,3,0,14,3,0,0,0.119125,0,32000,3812,0.119125,131072,2445,0.018654,0,0,3
109,host-15,2,0,14,2,0,0,0.117813,0,32000,3770,0.117813,131072,3625,0.027657,0,0,2
109,host-16,1,0,14,1,0,0,0.050937,0,32000,1630,0.050937,131072,1533,0.011696,0,0,1
109,host-17,2,0,14,2,0,0,0.110000,0,32000,3520,0.110000,131072,3662,0.027939,0,0,2
109,host-18,1,0,14,1,0,0,0.070719,0,32000,2263,0.070719,131072,2580,0.019684,0,0,1
109,host-19,2,0,14,2,0,0,0.110875,0,32000,3548,0.110875,131072,3780,0.028839,0,0,2
109,host-2,1,0,14,1,0,0,0.031938,0,32000,1022,0.031938,131072,581,0.004433,0,0,1
109,host-20,2,1,14,2,1,0,0.089156,0,32000,2853,0.089156,131072,2133,0.016273,1,0,1
109,host-21,2,1,14,2,1,0,0.097062,0,32000,3106,0.097062,131072,2146,0.016373,1,0,1
109,host-22,2,0,14,2,0,0,0.102406,0,32000,3277,0.102406,131072,3590,0.027390,0,0,2
109,host-23,2,0,14,2,0,0,0.121031,0,32000,3873,0.121031,131072,4581,0.034950,0,0,2
109,host-24,3,0,14,3,0,0,0.125562,0,32000,4018,0.125562,131072,3961,0.030220,0,0,3
109,host-3,2,0,14,2,0,0,0.098531,0,32000,3153,0.098531,131072,4289,0.032722,0,0,2
109,host-4,1,0,14,1,0,0,0.059625,0,32000,1908,0.059625,131072,2224,0.016968,0,0,1
109,host-5,2,0,14,2,0,0,0.106188,0,32000,3398,0.106188,131072,3759,0.028679,0,0,2
109,host-6,3,0,14,3,0,0,0.121500,0,32000,3888,0.121500,131072,3925,0.029945,0,0,3
109,host-7,1,0,14,1,0,0,0.052937,0,32000,1694,0.052937,131072,2261,0.017250,0,0,1
109,host-8,3,0,14,3,0,0,0.131125,0,32000,4196,0.131125,131072,4913,0.037483,0,0,3
109,host-9,2,0,14,2,0,0,0.107813,0,32000,3450,0.107813,131072,3842,0.029312,0,0,2
110,host-1,2,0,14,2,0,0,0.138781,0,32000,4441,0.138781,131072,5334,0.040695,0,0,2
110,host-10,3,0,14,3,0,0,0.124750,0,32000,3992,0.124750,131072,3398,0.025925,0,0,3
110,host-11,2,0,14,2,0,0,0.094844,0,32000,3035,0.094844,131072,1538,0.011734,0,0,2
110,host-12,2,0,14,2,0,0,0.115906,0,32000,3709,0.115906,131072,3716,0.028351,0,0,2
110,host-13,2,0,14,2,0,0,0.093563,0,32000,2994,0.093563,131072,2487,0.018974,0,0,2
110,host-14,2,0,14,2,0,0,0.091344,0,32000,2923,0.091344,131072,2011,0.015343,0,0,2
110,host-15,2,0,14,2,0,0,0.117813,0,32000,3770,0.117813,131072,3625,0.027657,0,0,2
110,host-16,2,1,14,2,1,0,0.079687,0,32000,2550,0.079687,131072,2730,0.020828,1,0,1
110,host-17,2,0,14,2,0,0,0.110000,0,32000,3520,0.110000,131072,3662,0.027939,0,0,2
110,host-18,1,0,14,1,0,0,0.070719,0,32000,2263,0.070719,131072,2580,0.019684,0,0,1
110,host-19,2,0,14,2,0,0,0.110875,0,32000,3548,0.110875,131072,3780,0.028839,0,0,2
110,host-2,2,1,14,2,1,0,0.086500,0,32000,2768,0.086500,131072,1830,0.013962,1,0,1
110,host-20,2,0,14,2,0,0,0.089156,0,32000,2853,0.089156,131072,2133,0.016273,0,0,2
110,host-21,2,0,14,2,0,0,0.097062,0,32000,3106,0.097062,131072,2146,0.016373,0,0,2
110,host-22,2,0,14,2,0,0,0.102406,0,32000,3277,0.102406,131072,3590,0.027390,0,0,2
110,host-23,2,0,14,2,0,0,0.121031,0,32000,3873,0.121031,131072,4581,0.034950,0,0,2
110,host-24,3,0,14,3,0,0,0.125562,0,32000,4018,0.125562,131072,3961,0.030220,0,0,3
110,host-3,2,0,14,2,0,0,0.098531,0,32000,3153,0.098531,131072,4289,0.032722,0,0,2
110,host-4,1,0,14,1,0,0,0.059625,0,32000,1908,0.059625,131072,2224,0.016968,0,0,1
110,host-5,1,0,14,1,0,0,0.062187,0,32000,1990,0.062187,131072,1877,0.014320,0,0,1
110,host-6,3,0,14,3,0,0,0.121500,0,32000,3888,0.121500,131072,3925,0.029945,0,0,3
110,host-7,1,0,14,1,0,0,0.052937,0,32000,1694,0.052937,131072,2261,0.017250,0,0,1
110,host-8,3,0,14,3,0,0,0.131125,0,32000,4196,0.131125,131072,4913,0.037483,0,0,3
110,host-9,2,0,14,2,0,0,0.107813,0,32000,3450,0.107813,131072,3842,0.029312,0,0,2
111,host-1,2,0,14,2,0,0,0.138781,0,32000,4441,0.138781,131072,5334,0.040695,0,0,2
111,host-10,3,0,14,3,0,0,0.124750,0,32000,3992,0.124750,131072,3398,0.025925,0,0,3
111,host-11,2,0,14,2,0,0,0.094844,0,32000,3035,0.094844,131072,1538,0.011734,0,0,2
111,host-12,2,0,14,2,0,0,0.115906,0,32000,3709,0.115906,131072,3716,0.028351,0,0,2
111,host-13,2,0,14,2,0,0,0.093563,0,32000,2994,0.093563,131072,2487,0.018974,0,0,2
111,host-14,2,0,14,2,0,0,0.091344,0,32000,2923,0.091344,131072,2011,0.015343,0,0,2
111,host-15,2,0,14,2,0,0,0.117813,0,32000,3770,0.117813,131072,3625,0.027657,0,0,2
111,host-16,2,1,14,2,1,0,0.079687,0,32000,2550,0.079687,131072,2730,0.020828,1,0,1
111,host-17,2,0,14,2,0,0,0.110000,0,32000,3520,0.110000,131072,3662,0.027939,0,0,2
111,host-18,1,0,14,1,0,0,0.070719,0,32000,2263,0.070719,131072,2580,0.019684,0,0,1
111,host-19,2,1,14,2,1,0,0.106469,0,32000,3407,0.106469,131072,2508,0.019135,1,0,1
111,host-2,2,0,14,2,0,0,0.086500,0,32000,2768,0.086500,131072,1830,0.013962,0,0,2
111,host-20,2,0,14,2,0,0,0.089156,0,32000,2853,0.089156,131072,2133,0.016273,0,0,2
111,host-21,2,0,14,2,0,0,0.097062,0,32000,3106,0.097062,131072,2146,0.016373,0,0,2
111,host-22,2,0,14,2,0,0,0.102406,0,32000,3277,0.102406,131072,3590,0.027390,0,0,2
111,host-23,2,0,14,2,0,0,0.121031,0,32000,3873,0.121031,131072,4581,0.034950,0,0,2
111,host-24,3,0,14,3,0,0,0.125562,0,32000,4018,0.125562,131072,3961,0.030220,0,0,3
111,host-3,2,0,14,2,0,0,0.098531,0,32000,3153,0.098531,131072,4289,0.032722,0,0,2
111,host-4,2,1,14,2,1,0,0.091094,0,32000,2915,0.091094,131072,2932,0.022369,1,0,1
111,host-5,2,1,14,2,1,0,0.096531,0,32000,3089,0.096531,131072,2770,0.021133,1,0,1
111,host-6,3,0,14,3,0,0,0.121500,0,32000,3888,0.121500,131072,3925,0.029945,0,0,3
111,host-7,2,1,14,2,1,0,0.087063,0,32000,2786,0.087063,131072,3372,0.025726,1,0,1
111,host-8,3,0,14,3,0,0,0.131125,0,32000,4196,0.131125,131072,4913,0.037483,0,0,3
111,host-9,2,0,14,2,0,0,0.107813,0,32000,3450,0.107813,131072,3842,0.029312,0,0,2
112,host-1,2,0,14,2,0,0,0.138781,0,32000,4441,0.138781,131072,5334,0.040695,0,0,2
112,host-10,3,0,14,3,0,0,0.124750,0,32000,3992,0.124750,131072,3398,0.025925,0,0,3
112,host-11,2,0,14,2,0,0,0.094844,0,32000,3035,0.094844,131072,1538,0.011734,0,0,2
112,host-12,2,0,14,2,0,0,0.115906,0,32000,3709,0.115906,131072,3716,0.028351,0,0,2
112,host-13,2,0,14,2,0,0,0.093563,0,32000,2994,0.093563,131072,2487,0.018974,0,0,2
112,host-14,2,0,14,2,0,0,0.091344,0,32000,2923,0.091344,131072,2011,0.015343,0,0,2
112,host-15,2,0,14,2,0,0,0.117813,0,32000,3770,0.117813,131072,3625,0.027657,0,0,2
112,host-16,3,1,14,3,1,0,0.134719,0,32000,4311,0.134719,131072,3997,0.030495,1,0,2
112,host-17,2,0,14,2,0,0,0.110000,0,32000,3520,0.110000,131072,3662,0.027939,0,0,2
112,host-18,2,1,14,2,1,0,0.114500,0,32000,3664,0.114500,131072,3326,0.025375,1,0,1
112,host-19,2,1,14,2,1,0,0.106469,0,32000,3407,0.106469,131072,2508,0.019135,1,0,1
112,host-2,2,0,14,2,0,0,0.086500,0,32000,2768,0.086500,131072,1830,0.013962,0,0,2
112,host-20,2,0,14,2,0,0,0.089156,0,32000,2853,0.089156,131072,2133,0.016273,0,0,2
112,host-21,2,0,14,2,0,0,0.097062,0,32000,3106,0.097062,131072,2146,0.016373,0,0,2
112,host-22,2,0,14,2,0,0,0.102406,0,32000,3277,0.102406,131072,3590,0.027390,0,0,2
112,host-23,2,0,14,2,0,0,0.121031,0,32000,3873,0.121031,131072,4581,0.034950,0,0,2
112,host-24,2,0,14,2,0,0,0.067656,0,32000,2165,0.067656,131072,2554,0.019485,0,0,2
112,host-3,2,0,14,2,0,0,0.098531,0,32000,3153,0.098531,131072,4289,0.032722,0,0,2
112,host-4,2,0,14,2,0,0,0.091094,0,32000,2915,0.091094,131072,2932,0.022369,0,0,2
112,host-5,2,0,14,2,0,0,0.096531,0,32000,3089,0.096531,131072,2770,0.021133,0,0,2
112,host-6,3,1,14,3,1,0,0.121500,0,32000,3888,0.121500,131072,3925,0.029945,0,1,2
112,host-7,2,0,14,2,0,0,0.087063,0,32000,2786,0.087063,131072,3372,0.025726,0,0,2
112,host-8,3,0,14,3,0,0,0.131125,0,32000,4196,0.131125,131072,4913,0.037483,0,0,3
112,host-9,2,0,14,2,0,0,0.107813,0,32000,3450,0.107813,131072,3842,0.029312,0,0,2
113,host-1,2,0,14,2,0,0,0.138781,0,32000,4441,0.138781,131072,5334,0.040695,0,0,2
113,host-10,3,0,14,3,0,0,0.124750,0,32000,3992,0.124750,131072,3398,0.025925,0,0,3
113,host-11,2,0,14,2,0,0,0.094844,0,32000,3035,0.094844,131072,1538,0.011734,0,0,2
113,host-12,2,0,14,2,0,0,0.115906,0,32000,3709,0.115906,131072,3716,0.028351,0,0,2
113,host-13,2,0,14,2,0,0,0.093563,0,32000,2994,0.093563,131072,2487,0.018974,0,0,2
113,host-14,2,0,14,2,0,0,0.091344,0,32000,2923,0.091344,131072,2011,0.015343,0,0,2
113,host-15,2,0,14,2,0,0,0.117813,0,32000,3770,0.117813,131072,3625,0.027657,0,0,2
113,host-16,3,1,14,3,1,0,0.134719,0,32000,4311,0.134719,131072,3997,0.030495,0,1,2
113,host-17,2,0,14,2,0,0,0.110000,0,32000,3520,0.110000,131072,3662,0.027939,0,0,2
113,host-18,2,1,14,2,1,0,0.114500,0,32000,3664,0.114500,131072,3326,0.025375,0,1,1
113,host-19,2,0,14,2,0,0,0.106469,0,32000,3407,0.106469,131072,2508,0.019135,0,0,2
113,host-2,2,0,14,2,0,0,0.086500,0,32000,2768,0.086500,131072,1830,0.013962,0,0,2
113,host-20,2,0,14,2,0,0,0.089156,0,32000,2853,0.089156,131072,2133,0.016273,0,0,2
113,host-21,2,0,14,2,0,0,0.097062,0,32000,3106,0.097062,131072,2146,0.016373,0,0,2
113,host-22,2,0,14,2,0,0,0.102406,0,32000,3277,0.102406,131072,3590,0.027390,0,0,2
113,host-23,2,0,14,2,0,0,0.121031,0,32000,3873,0.121031,131072,4581,0.034950,0,0,2
113,host-24,2,0,14,2,0,0,0.067656,0,32000,2165,0.067656,131072,2554,0.019485,0,0,2
113,host-3,2,0,14,2,0,0,0.098531,0,32000,3153,0.098531,131072,4289,0.032722,0,0,2
113,host-4,2,0,14,2,0,0,0.091094,0,32000,2915,0.091094,131072,2932,0.022369,0,0,2
113,host-5,2,0,14,2,0,0,0.096531,0,32000,3089,0.096531,131072,2770,0.021133,0,0,2
113,host-6,3,0,14,3,0,0,0.121500,0,32000,3888,0.121500,131072,3925,0.029945,0,0,3
113,host-7,2,0,14,2,0,0,0.087063,0,32000,2786,0.087063,131072,3372,0.025726,0,0,2
113,host-8,3,0,14,3,0,0,0.131125,0,32000,4196,0.131125,131072,4913,0.037483,0,0,3
113,host-9,2,0,14,2,0,0,0.107813,0,32000,3450,0.107813,131072,3842,0.029312,0,0,2
114,host-1,2,0,14,2,0,0,0.138781,0,32000,4441,0.138781,131072,5334,0.040695,0,0,2
114,host-10,3,0,14,3,0,0,0.124750,0,32000,3992,0.124750,131072,3398,0.025925,0,0,3
114,host-11,2,0,14,2,0,0,0.094844,0,32000,3035,0.094844,131072,1538,0.011734,0,0,2
114,host-12,2,0,14,2,0,0,0.115906,0,32000,3709,0.115906,131072,3716,0.028351,0,0,2
114,host-13,2,0,14,2,0,0,0.093563,0,32000,2994,0.093563,131072,2487,0.018974,0,0,2
114,host-14,2,0,14,2,0,0,0.091344,0,32000,2923,0.091344,131072,2011,0.015343,0,0,2
114,host-15,2,0,14,2,0,0,0.117813,0,32000,3770,0.117813,131072,3625,0.027657,0,0,2
114,host-16,3,0,14,3,0,0,0.134719,0,32000,4311,0.134719,131072,3997,0.030495,0,0,3
114,host-17,2,0,14,2,0,0,0.110000,0,32000,3520,0.110000,131072,3662,0.027939,0,0,2
114,host-18,2,0,14,2,0,0,0.114500,0,32000,3664,0.114500,131072,3326,0.025375,0,0,2
114,host-19,2,0,14,2,0,0,0.106469,0,32000,3407,0.106469,131072,2508,0.019135,0,0,2
114,host-2,3,1,14,3,1,0,0.139063,0,32000,4450,0.139063,131072,3583,0.027336,1,0,2
114,host-20,2,0,14,2,0,0,0.089156,0,32000,2853,0.089156,131072,2133,0.016273,0,0,2
114,host-21,2,0,14,2,0,0,0.097062,0,32000,3106,0.097062,131072,2146,0.016373,0,0,2
114,host-22,2,0,14,2,0,0,0.102406,0,32000,3277,0.102406,131072,3590,0.027390,0,0,2
114,host-23,2,0,14,2,0,0,0.121031,0,32000,3873,0.121031,131072,4581,0.034950,0,0,2
114,host-24,3,1,14,3,1,0,0.144875,0,32000,4636,0.144875,131072,4852,0.037018,0,1,2
114,host-3,2,0,14,2,0,0,0.098531,0,32000,3153,0.098531,131072,4289,0.032722,0,0,2
114,host-4,2,0,14,2,0,0,0.091094,0,32000,2915,0.091094,131072,2932,0.022369,0,0,2
114,host-5,2,0,14,2,0,0,0.096531,0,32000,3089,0.096531,131072,2770,0.021133,0,0,2
114,host-6,3,0,14,3,0,0,0.121500,0,32000,3888,0.121500,131072,3925,0.029945,0,0,3
114,host-7,2,0,14,2,0,0,0.087063,0,32000,2786,0.087063,131072,3372,0.025726,0,0,2
114,host-8,3,0,14,3,0,0,0.131125,0,32000,4196,0.131125,131072,4913,0.037483,0,0,3
114,host-9,2,0,14,2,0,0,0.107813,0,32000,3450,0.107813,131072,3842,0.029312,0,0,2
115,host-1,2,0,14,2,0,0,0.138781,0,32000,4441,0.138781,131072,5334,0.040695,0,0,2
115,host-10,2,0,14,2,0,0,0.079969,0,32000,2559,0.079969,131072,2063,0.015739,0,0,2
115,host-11,2,0,14,2,0,0,0.094844,0,32000,3035,0.094844,131072,1538,0.011734,0,0,2
115,host-12,2,0,14,2,0,0,0.115906,0,32000,3709,0.115906,131072,3716,0.028351,0,0,2
115,host-13,2,0,14,2,0,0,0.093563,0,32000,2994,0.093563,131072,2487,0.018974,0,0,2
115,host-14,2,0,14,2,0,0,0.091344,0,32000,2923,0.091344,131072,2011,0.015343,0,0,2
115,host-15,2,0,14,2,0,0,0.117813,0,32000,3770,0.117813,131072,3625,0.027657,0,0,2
115,host-16,3,0,14,3,0,0,0.134719,0,32000,4311,0.134719,131072,3997,0.030495,0,0,3
115,host-17,2,0,14,2,0,0,0.110000,0,32000,3520,0.110000,131072,3662,0.027939,0,0,2
115,host-18,2,0,14,2,0,0,0.114500,0,32000,3664,0.114500,131072,3326,0.025375,0,0,2
115,host-19,2,0,14,2,0,0,0.106469,0,32000,3407,0.106469,131072,2508,0.019135,0,0,2
115,host-2,3,0,14,3,0,0,0.139063,0,32000,4450,0.139063,131072,3583,0.027336,0,0,3
115,host-20,3,1,14,3,1,0,0.130469,0,32000,4175,0.130469,131072,3516,0.026825,1,0,2
115,host-21,2,0,14,2,0,0,0.097062,0,32000,3106,0.097062,131072,2146,0.016373,0,0,2
115,host-22,2,0,14,2,0,0,0.102406,0,32000,3277,0.102406,131072,3590,0.027390,0,0,2
115,host-23,2,0,14,2,0,0,0.121031,0,32000,3873,0.121031,131072,4581,0.034950,0,0,2
115,host-24,3,0,14,3,0,0,0.144875,0,32000,4636,0.144875,131072,4852,0.037018,0,0,3
115,host-3,2,0,14,2,0,0,0.098531,0,32000,3153,0.098531,131072,4289,0.032722,0,0,2
115,host-4,2,0,14,2,0,0,0.091094,0,32000,2915,0.091094,131072,2932,0.022369,0,0,2
115,host-5,2,0,14,2,0,0,0.096531,0,32000,3089,0.096531,131072,2770,0.021133,0,0,2
115,host-6,3,0,14,3,0,0,0.121500,0,32000,3888,0.121500,131072,3925,0.029945,0,0,3
115,host-7,3,1,14,3,1,0,0.139625,0,32000,4468,0.139625,131072,5125,0.039101,1,0,2
115,host-8,3,0,14,3,0,0,0.131125,0,32000,4196,0.131125,131072,4913,0.037483,0,0,3
115,host-9,2,0,14,2,0,0,0.107813,0,32000,3450,0.107813,131072,3842,0.029312,0,0,2
116,host-1,2,0,14,2,0,0,0.138781,0,32000,4441,0.138781,131072,5334,0.040695,0,0,2
116,host-10,3,1,14,3,1,0,0.107219,0,32000,3431,0.107219,131072,2935,0.022392,1,0,2
116,host-11,2,0,14,2,0,0,0.094844,0,32000,3035,0.094844,131072,1538,0.011734,0,0,2
116,host-12,2,0,14,2,0,0,0.115906,0,32000,3709,0.115906,131072,3716,0.028351,0,0,2
116,host-13,2,0,14,2,0,0,0.093563,0,32000,2994,0.093563,131072,2487,0.018974,0,0,2
116,host-14,2,0,14,2,0,0,0.091344,0,32000,2923,0.091344,131072,2011,0.015343,0,0,2
116,host-15,2,0,14,2,0,0,0.117813,0,32000,3770,0.117813,131072,3625,0.027657,0,0,2
116,host-16,3,0,14,3,0,0,0.134719,0,32000,4311,0.134719,131072,3997,0.030495,0,0,3
116,host-17,2,0,14,2,0,0,0.110000,0,32000,3520,0.110000,131072,3662,0.027939,0,0,2
116,host-18,2,0,14,2,0,0,0.114500,0,32000,3664,0.114500,131072,3326,0.025375,0,0,2
116,host-19,2,0,14,2,0,0,0.106469,0,32000,3407,0.106469,131072,2508,0.019135,0,0,2
116,host-2,3,0,14,3,0,0,0.139063,0,32000,4450,0.139063,131072,3583,0.027336,0,0,3
116,host-20,3,0,14,3,0,0,0.130469,0,32000,4175,0.130469,131072,3516,0.026825,0,0,3
116,host-21,2,0,14,2,0,0,0.097062,0,32000,3106,0.097062,131072,2146,0.016373,0,0,2
116,host-22,2,0,14,2,0,0,0.102406,0,32000,3277,0.102406,131072,3590,0.027390,0,0,2
116,host-23,2,0,14,2,0,0,0.121031,0,32000,3873,0.121031,131072,4581,0.034950,0,0,2
116,host-24,3,0,14,3,0,0,0.144875,0,32000,4636,0.144875,131072,4852,0.037018,0,0,3
116,host-3,2,0,14,2,0,0,0.098531,0,32000,3153,0.098531,131072,4289,0.032722,0,0,2
116,host-4,3,1,14,3,1,0,0.146031,0,32000,4673,0.146031,131072,4750,0.036240,1,0,2
116,host-5,2,0,14,2,0,0,0.096531,0,32000,3089,0.096531,131072,2770,0.021133,0,0,2
116,host-6,3,0,14,3,0,0,0.121500,0,32000,3888,0.121500,131072,3925,0.029945,0,0,3
116,host-7,3,0,14,3,0,0,0.139625,0,32000,4468,0.139625,131072,5125,0.039101,0,0,3
116,host-8,2,0,14,2,0,0,0.074688,0,32000,2390,0.074688,131072,2789,0.021278,0,0,2
116,host-9,2,0,14,2,0,0,0.107813,0,32000,3450,0.107813,131072,3842,0.029312,0,0,2
117,host-1,2,0,14,2,0,0,0.138781,0,32000,4441,0.138781,131072,5334,0.040695,0,0,2
117,host-10,3,0,14,3,0,0,0.107219,0,32000,3431,0.107219,131072,2935,0.022392,0,0,3
117,host-11,2,0,14,2,0,0,0.094844,0,32000,3035,0.094844,131072,1538,0.011734,0,0,2
117,host-12,2,0,14,2,0,0,0.115906,0,32000,3709,0.115906,131072,3716,0.028351,0,0,2
117,host-13,2,0,14,2,0,0,0.093563,0,32000,2994,0.093563,131072,2487,0.018974,0,0,2
117,host-14,2,0,14,2,0,0,0.091344,0,32000,2923,0.091344,131072,2011,0.015343,0,0,2
117,host-15,2,0,14,2,0,0,0.117813,0,32000,3770,0.117813,131072,3625,0.027657,0,0,2
117,host-16,3,0,14,3,0,0,0.134719,0,32000,4311,0.134719,131072,3997,0.030495,0,0,3
117,host-17,2,0,14,2,0,0,0.110000,0,32000,3520,0.110000,131072,3662,0.027939,0,0,2
117,host-18,2,0,14,2,0,0,0.114500,0,32000,3664,0.114500,131072,3326,0.025375,0,0,2
117,host-19,2,0,14,2,0,0,0.106469,0,32000,3407,0.106469,131072,2508,0.019135,0,0,2
117,host-2,3,0,14,3,0,0,0.139063,0,32000,4450,0.139063,131072,3583,0.027336,0,0,3
117,host-20,3,0,14,3,0,0,0.130469,0,32000,4175,0.130469,131072,3516,0.026825,0,0,3
117,host-21,2,0,14,2,0,0,0.097062,0,32000,3106,0.097062,131072,2146,0.016373,0,0,2
117,host-22,2,0,14,2,0,0,0.102406,0,32000,3277,0.102406,131072,3590,0.027390,0,0,2
117,host-23,2,0,14,2,0,0,0.121031,0,32000,3873,0.121031,131072,4581,0.034950,0,0,2
117,host-24,3,0,14,3,0,0,0.144875,0,32000,4636,0.144875,131072,4852,0.037018,0,0,3
117,host-3,2,1,14,2,1,0,0.097687,0,32000,3126,0.097687,131072,3746,0.028580,1,0,1
117,host-4,3,1,14,3,1,0,0.146031,0,32000,4673,0.146031,131072,4750,0.036240,1,0,2
117,host-5,2,0,14,2,0,0,0.096531,0,32000,3089,0.096531,131072,2770,0.021133,0,0,2
117,host-6,3,0,14,3,0,0,0.121500,0,32000,3888,0.121500,131072,3925,0.029945,0,0,3
117,host-7,3,0,14,3,0,0,0.139625,0,32000,4468,0.139625,131072,5125,0.039101,0,0,3
117,host-8,3,1,14,3,1,0,0.146844,0,32000,4699,0.146844,131072,5738,0.043777,1,0,2
117,host-9,2,0,14,2,0,0,0.107813,0,32000,3450,0.107813,131072,3842,0.029312,0,0,2
118,host-1,2,0,14,2,0,0,0.138781,0,32000,4441,0.138781,131072,5334,0.040695,0,0,2
118,host-10,3,0,14,3,0,0,0.107219,0,32000,3431,0.107219,131072,2935,0.022392,0,0,3
118,host-11,2,0,14,2,0,0,0.094844,0,32000,3035,0.094844,131072,1538,0.011734,0,0,2
118,host-12,2,0,14,2,0,0,0.115906,0,32000,3709,0.115906,131072,3716,0.028351,0,0,2
118,host-13,2,0,14,2,0,0,0.093563,0,32000,2994,0.093563,131072,2487,0.018974,0,0,2
118,host-14,3,1,14,3,1,0,0.120906,0,32000,3869,0.120906,131072,3026,0.023087,1,0,2
118,host-15,2,0,14,2,0,0,0.117813,0,32000,3770,0.117813,131072,3625,0.027657,0,0,2
118,host-16,3,0,14,3,0,0,0.134719,0,32000,4311,0.134719,131072,3997,0.030495,0,0,3
118,host-17,2,0,14,2,0,0,0.110000,0,32000,3520,0.110000,131072,3662,0.027939,0,0,2
118,host-18,2,0,14,2,0,0,0.114500,0,32000,3664,0.114500,131072,3326,0.025375,0,0,2
118,host-19,2,0,14,2,0,0,0.106469,0,32000,3407,0.106469,131072,2508,0.019135,0,0,2
118,host-2,3,0,14,3,0,0,0.139063,0,32000,4450,0.139063,131072,3583,0.027336,0,0,3
118,host-20,2,0,14,2,0,0,0.086188,0,32000,2758,0.086188,131072,2196,0.016754,0,0,2
118,host-21,2,0,14,2,0,0,0.097062,0,32000,3106,0.097062,131072,2146,0.016373,0,0,2
118,host-22,2,0,14,2,0,0,0.102406,0,32000,3277,0.102406,131072,3590,0.027390,0,0,2
118,host-23,2,0,14,2,0,0,0.121031,0,32000,3873,0.121031,131072,4581,0.034950,0,0,2
118,host-24,3,0,14,3,0,0,0.144875,0,32000,4636,0.144875,131072,4852,0.037018,0,0,3
118,host-3,1,1,14,1,1,0,0.029562,0,32000,946,0.029562,131072,1015,0.007744,1,0,0
118,host-4,3,0,14,3,0,0,0.146031,0,32000,4673,0.146031,131072,4750,0.036240,0,0,3
118,host-5,2,0,14,2,0,0,0.096531,0,32000,3089,0.096531,131072,2770,0.021133,0,0,2
118,host-6,3,0,14,3,0,0,0.121500,0,32000,3888,0.121500,131072,3925,0.029945,0,0,3
118,host-7,3,0,14,3,0,0,0.139625,0,32000,4468,0.139625,131072,5125,0.039101,0,0,3
118,host-8,3,0,14,3,0,0,0.146844,0,32000,4699,0.146844,131072,5738,0.043777,0,0,3
118,host-9,2,0,14,2,0,0,0.107813,0,32000,3450,0.107813,131072,3842,0.029312,0,0,2
119,host-1,2,0,14,2,0,0,0.138781,0,32000,4441,0.138781,131072,5334,0.040695,0,0,2
119,host-10,3,0,14,3,0,0,0.107219,0,32000,3431,0.107219,131072,2935,0.022392,0,0,3
119,host-11,2,0,14,2,0,0,0.094844,0,32000,3035,0.094844,131072,1538,0.011734,0,0,2
119,host-12,2,0,14,2,0,0,0.115906,0,32000,3709,0.115906,131072,3716,0.028351,0,0,2
119,host-13,2,0,14,2,0,0,0.093563,0,32000,2994,0.093563,131072,2487,0.018974,0,0,2
119,host-14,3,1,14,3,1,0,0.120906,0,32000,3869,0.120906,131072,3026,0.023087,1,0,2
119,host-15,2,0,14,2,0,0,0.117813,0,32000,3770,0.117813,131072,3625,0.027657,0,0,2
119,host-16,3,0,14,3,0,0,0.134719,0,32000,4311,0.134719,131072,3997,0.030495,0,0,3
119,host-17,2,0,14,2,0,0,0.110000,0,32000,3520,0.110000,131072,3662,0.027939,0,0,2
119,host-18,2,0,14,2,0,0,0.114500,0,32000,3664,0.114500,131072,3326,0.025375,0,0,2
119,host-19,2,0,14,2,0,0,0.106469,0,32000,3407,0.106469,131072,2508,0.019135,0,0,2
119,host-2,3,0,14,3,0,0,0.139063,0,32000,4450,0.139063,131072,3583,0.027336,0,0,3
119,host-20,2,0,14,2,0,0,0.086188,0,32000,2758,0.086188,131072,2196,0.016754,0,0,2
119,host-21,2,0,14,2,0,0,0.097062,0,32000,3106,0.097062,131072,2146,0.016373,0,0,2
119,host-22,2,0,14,2,0,0,0.102406,0,32000,3277,0.102406,131072,3590,0.027390,0,0,2
119,host-23,2,0,14,2,0,0,0.121031,0,32000,3873,0.121031,131072,4581,0.034950,0,0,2
119,host-24,3,0,14,3,0,0,0.144875,0,32000,4636,0.144875,131072,4852,0.037018,0,0,3
119,host-3,1,0,14,1,0,0,0.029562,0,32000,946,0.029562,131072,1015,0.007744,0,0,1
119,host-4,3,0,14,3,0,0,0.146031,0,32000,4673,0.146031,131072,4750,0.036240,0,0,3
119,host-5,2,0,14,2,0,0,0.096531,0,32000,3089,0.096531,131072,2770,0.021133,0,0,2
119,host-6,3,0,14,3,0,0,0.121500,0,32000,3888,0.121500,131072,3925,0.029945,0,0,3
119,host-7,3,0,14,3,0,0,0.139625,0,32000,4468,0.139625,131072,5125,0.039101,0,0,3
119,host-8,3,0,14,3,0,0,0.146844,0,32000,4699,0.146844,131072,5738,0.043777,0,0,3
119,host-9,2,0,14,2,0,0,0.107813,0,32000,3450,0.107813,131072,3842,0.029312,0,0,2
120,host-1,2,0,14,2,0,0,0.138781,0,32000,4441,0.138781,131072,5334,0.040695,0,0,2
120,host-10,3,0,14,3,0,0,0.107219,0,32000,3431,0.107219,131072,2935,0.022392,0,0,3
120,host-11,2,0,14,2,0,0,0.094844,0,32000,3035,0.094844,131072,1538,0.011734,0,0,2
120,host-12,2,0,14,2,0,0,0.115906,0,32000,3709,0.115906,131072,3716,0.028351,0,0,2
120,host-13,2,0,14,2,0,0,0.093563,0,32000,2994,0.093563,131072,2487,0.018974,0,0,2
120,host-14,3,0,14,3,0,0,0.120906,0,32000,3869,0.120906,131072,3026,0.023087,0,0,3
120,host-15,2,1,14,2,1,0,0.096781,0,32000,3097,0.096781,131072,3942,0.030075,1,0,1
120,host-16,3,0,14,3,0,0,0.134719,0,32000,4311,0.134719,131072,3997,0.030495,0,0,3
120,host-17,2,0,14,2,0,0,0.110000,0,32000,3520,0.110000,131072,3662,0.027939,0,0,2
120,host-18,2,0,14,2,0,0,0.114500,0,32000,3664,0.114500,131072,3326,0.025375,0,0,2
120,host-19,2,0,14,2,0,0,0.106469,0,32000,3407,0.106469,131072,2508,0.019135,0,0,2
120,host-2,3,0,14,3,0,0,0.139063,0,32000,4450,0.139063,131072,3583,0.027336,0,0,3
120,host-20,2,0,14,2,0,0,0.086188,0,32000,2758,0.086188,131072,2196,0.016754,0,0,2
120,host-21,2,0,14,2,0,0,0.097062,0,32000,3106,0.097062,131072,2146,0.016373,0,0,2
120,host-22,2,0,14,2,0,0,0.102406,0,32000,3277,0.102406,131072,3590,0.027390,0,0,2
120,host-23,2,0,14,2,0,0,0.121031,0,32000,3873,0.121031,131072,4581,0.034950,0,0,2
120,host-24,3,0,14,3,0,0,0.144875,0,32000,4636,0.144875,131072,4852,0.037018,0,0,3
120,host-3,2,1,14,2,1,0,0.086000,0,32000,2752,0.086000,131072,3139,0.023949,0,1,1
120,host-4,3,0,14,3,0,0,0.146031,0,32000,4673,0.146031,131072,4750,0.036240,0,0,3
120,host-5,2,0,14,2,0,0,0.096531,0,32000,3089,0.096531,131072,2770,0.021133,0,0,2
120,host-6,3,0,14,3,0,0,0.121500,0,32000,3888,0.121500,131072,3925,0.029945,0,0,3
120,host-7,3,0,14,3,0,0,0.139625,0,32000,4468,0.139625,131072,5125,0.039101,0,0,3
120,host-8,2,0,14,2,0,0,0.108625,0,32000,3476,0.108625,131072,4314,0.032913,0,0,2
120,host-9,1,0,14,1,0,0,0.066531,0,32000,2129,0.066531,131072,2221,0.016945,0,0,1
121,host-1,2,0,14,2,0,0,0.138781,0,32000,4441,0.138781,131072,5334,0.040695,0,0,2
121,host-10,3,0,14,3,0,0,0.107219,0,32000,3431,0.107219,131072,2935,0.022392,0,0,3
121,host-11,2,0,14,2,0,0,0.094844,0,32000,3035,0.094844,131072,1538,0.011734,0,0,2
121,host-12,1,0,14,1,0,0,0.044500,0,32000,1424,0.044500,131072,1148,0.008759,0,0,1
121,host-13,2,0,14,2,0,0,0.093563,0,32000,2994,0.093563,131072,2487,0.018974,0,0,2
121,host-14,2,0,14,2,0,0,0.074625,0,32000,2388,0.074625,131072,1780,0.013580,0,0,2
121,host-15,1,1,14,1,1,0,0.030406,0,32000,973,0.030406,131072,1558,0.011887,1,0,0
121,host-16,2,0,14,2,0,0,0.083781,0,32000,2681,0.083781,131072,2464,0.018799,0,0,2
121,host-17,2,0,14,2,0,0,0.110000,0,32000,3520,0.110000,131072,3662,0.027939,0,0,2
121,host-18,2,0,14,2,0,0,0.114500,0,32000,3664,0.114500,131072,3326,0.025375,0,0,2
121,host-19,2,0,14,2,0,0,0.106469,0,32000,3407,0.106469,131072,2508,0.019135,0,0,2
121,host-2,3,0,14,3,0,0,0.139063,0,32000,4450,0.139063,131072,3583,0.027336,0,0,3
121,host-20,2,0,14,2,0,0,0.086188,0,32000,2758,0.086188,131072,2196,0.016754,0,0,2
121,host-21,2,0,14,2,0,0,0.097062,0,32000,3106,0.097062,131072,2146,0.016373,0,0,2
121,host-22,2,0,14,2,0,0,0.102406,0,32000,3277,0.102406,131072,3590,0.027390,0,0,2
121,host-23,2,0,14,2,0,0,0.121031,0,32000,3873,0.121031,131072,4581,0.034950,0,0,2
121,host-24,3,0,14,3,0,0,0.144875,0,32000,4636,0.144875,131072,4852,0.037018,0,0,3
121,host-3,3,1,14,3,1,0,0.145594,0,32000,4659,0.145594,131072,5463,0.041679,1,0,2
121,host-4,3,0,14,3,0,0,0.146031,0,32000,4673,0.146031,131072,4750,0.036240,0,0,3
121,host-5,2,0,14,2,0,0,0.096531,0,32000,3089,0.096531,131072,2770,0.021133,0,0,2
121,host-6,3,0,14,3,0,0,0.121500,0,32000,3888,0.121500,131072,3925,0.029945,0,0,3
121,host-7,3,0,14,3,0,0,0.139625,0,32000,4468,0.139625,131072,5125,0.039101,0,0,3
121,host-8,2,0,14,2,0,0,0.108625,0,32000,3476,0.108625,131072,4314,0.032913,0,0,2
121,host-9,2,1,14,2,1,0,0.096937,0,32000,3102,0.096937,131072,3779,0.028831,1,0,1
122,host-1,1,0,14,1,0,0,0.062812,0,32000,2010,0.062812,131072,2414,0.018417,0,0,1
122,host-10,3,0,14,3,0,0,0.107219,0,32000,3431,0.107219,131072,2935,0.022392,0,0,3
122,host-11,2,1,14,2,1,0,0.094844,0,32000,3035,0.094844,131072,1538,0.011734,0,1,1
122,host-12,0,0,14,0,0,0,0.000000,0,32000,0,0.000000,131072,0,0.000000,0,0,0
122,host-13,2,0,14,2,0,0,0.093563,0,32000,2994,0.093563,131072,2487,0.018974,0,0,2
122,host-14,1,0,14,1,0,0,0.029562,0,32000,946,0.029562,131072,1015,0.007744,0,0,1
122,host-15,2,1,14,2,1,0,0.068750,0,32000,2200,0.068750,131072,2758,0.021042,1,0,1
122,host-16,2,0,14,2,0,0,0.083781,0,32000,2681,0.083781,131072,2464,0.018799,0,0,2
122,host-17,2,0,14,2,0,0,0.110000,0,32000,3520,0.110000,131072,3662,0.027939,0,0,2
122,host-18,1,0,14,1,0,0,0.043781,0,32000,1401,0.043781,131072,746,0.005692,0,0,1
122,host-19,2,0,14,2,0,0,0.106469,0,32000,3407,0.106469,131072,2508,0.019135,0,0,2
122,host-2,3,0,14,3,0,0,0.139063,0,32000,4450,0.139063,131072,3583,0.027336,0,0,3
122,host-20,2,0,14,2,0,0,0.086188,0,32000,2758,0.086188,131072,2196,0.016754,0,0,2
122,host-21,2,0,14,2,0,0,0.097062,0,32000,3106,0.097062,131072,2146,0.016373,0,0,2
122,host-22,2,0,14,2,0,0,0.102406,0,32000,3277,0.102406,131072,3590,0.027390,0,0,2
122,host-23,2,0,14,2,0,0,0.121031,0,32000,3873,0.121031,131072,4581,0.034950,0,0,2
122,host-24,3,0,14,3,0,0,0.144875,0,32000,4636,0.144875,131072,4852,0.037018,0,0,3
122,host-3,3,0,14,3,0,0,0.145594,0,32000,4659,0.145594,131072,5463,0.041679,0,0,3
122,host-4,3,0,14,3,0,0,0.146031,0,32000,4673,0.146031,131072,4750,0.036240,0,0,3
122,host-5,2,0,14,2,0,0,0.096531,0,32000,3089,0.096531,131072,2770,0.021133,0,0,2
122,host-6,3,1,14,3,1,0,0.121500,0,32000,3888,0.121500,131072,3925,0.029945,0,1,2
122,host-7,2,0,14,2,0,0,0.086688,0,32000,2774,0.086688,131072,2864,0.021851,0,0,2
122,host-8,2,0,14,2,0,0,0.108625,0,32000,3476,0.108625,131072,4314,0.032913,0,0,2
122,host-9,2,0,14,2,0,0,0.096937,0,32000,3102,0.096937,131072,3779,0.028831,0,0,2
123,host-1,1,0,14,1,0,0,0.062812,0,32000,2010,0.062812,131072,2414,0.018417,0,0,1
123,host-10,3,0,14,3,0,0,0.107219,0,32000,3431,0.107219,131072,2935,0.022392,0,0,3
123,host-11,2,0,14,2,0,0,0.094844,0,32000,3035,0.094844,131072,1538,0.011734,0,0,2
123,host-12,1,1,14,1,1,0,0.066375,0,32000,2124,0.066375,131072,2384,0.018188,1,0,0
123,host-13,2,1,14,2,1,0,0.072969,0,32000,2335,0.072969,131072,1966,0.014999,1,0,1
123,host-14,3,2,14,3,2,0,0.129969,0,32000,4159,0.129969,131072,4694,0.035812,2,0,1
123,host-15,2,1,14,2,1,0,0.068750,0,32000,2200,0.068750,131072,2758,0.021042,1,0,1
123,host-16,2,0,14,2,0,0,0.083781,0,32000,2681,0.083781,131072,2464,0.018799,0,0,2
123,host-17,2,0,14,2,0,0,0.110000,0,32000,3520,0.110000,131072,3662,0.027939,0,0,2
123,host-18,2,1,14,2,1,0,0.092156,0,32000,2949,0.092156,131072,1789,0.013649,1,0,1
123,host-19,2,0,14,2,0,0,0.106469,0,32000,3407,0.106469,131072,2508,0.019135,0,0,2
123,host-2,3,0,14,3,0,0,0.139063,0,32000,4450,0.139063,131072,3583,0.027336,0,0,3
123,host-20,2,0,14,2,0,0,0.086188,0,32000,2758,0.086188,131072,2196,0.016754,0,0,2
123,host-21,2,1,14,2,1,0,0.105500,0,32000,3376,0.105500,131072,2782,0.021225,1,0,1
123,host-22,2,0,14,2,0,0,0.102406,0,32000,3277,0.102406,131072,3590,0.027390,0,0,2
123,host-23,2,0,14,2,0,0,0.121031,0,32000,3873,0.121031,131072,4581,0.034950,0,0,2
123,host-24,3,0,14,3,0,0,0.144875,0,32000,4636,0.144875,131072,4852,0.037018,0,0,3
123,host-3,3,0,14,3,0,0,0.145594,0,32000,4659,0.145594,131072,5463,0.041679,0,0,3
123,host-4,3,0,14,3,0,0,0.146031,0,32000,4673,0.146031,131072,4750,0.036240,0,0,3
123,host-5,2,1,14,2,1,0,0.078844,0,32000,2523,0.078844,131072,2041,0.015572,1,0,1
123,host-6,2,0,14,2,0,0,0.076313,0,32000,2442,0.076313,131072,2481,0.018929,0,0,2
123,host-7,2,0,14,2,0,0,0.086688,0,32000,2774,0.086688,131072,2864,0.021851,0,0,2
123,host-8,2,0,14,2,0,0,0.108625,0,32000,3476,0.108625,131072,4314,0.032913,0,0,2
123,host-9,2,0,14,2,0,0,0.096937,0,32000,3102,0.096937,131072,3779,0.028831,0,0,2
124,host-1,1,1,14,1,1,0,0.073781,0,32000,2361,0.073781,131072,2606,0.019882,1,0,0
124,host-10,2,0,14,2,0,0,0.075281,0,32000,2409,0.075281,131072,2354,0.017960,0,0,2
124,host-11,2,0,14,2,0,0,0.094844,0,32000,3035,0.094844,131072,1538,0.011734,0,0,2
124,host-12,2,1,14,2,1,0,0.093250,0,32000,2984,0.093250,131072,2915,0.022240,1,0,1
124,host-13,1,1,14,1,1,0,0.027781,0,32000,889,0.027781,131072,522,0.003983,1,0,0
124,host-14,3,1,14,3,1,0,0.129969,0,32000,4159,0.129969,131072,4694,0.035812,1,0,2
124,host-15,3,1,14,3,1,0,0.096531,0,32000,3089,0.096531,131072,3280,0.025024,1,0,2
124,host-16,2,0,14,2,0,0,0.083781,0,32000,2681,0.083781,131072,2464,0.018799,0,0,2
124,host-17,2,0,14,2,0,0,0.110000,0,32000,3520,0.110000,131072,3662,0.027939,0,0,2
124,host-18,2,1,14,2,1,0,0.092156,0,32000,2949,0.092156,131072,1789,0.013649,1,0,1
124,host-19,2,0,14,2,0,0,0.106469,0,32000,3407,0.106469,131072,2508,0.019135,0,0,2
124,host-2,3,0,14,3,0,0,0.139063,0,32000,4450,0.139063,131072,3583,0.027336,0,0,3
124,host-20,2,0,14,2,0,0,0.086188,0,32000,2758,0.086188,131072,2196,0.016754,0,0,2
124,host-21,2,1,14,2,1,0,0.105500,0,32000,3376,0.105500,131072,2782,0.021225,1,0,1
124,host-22,1,0,14,1,0,0,0.038344,0,32000,1227,0.038344,131072,904,0.006897,0,0,1
124,host-23,2,0,14,2,0,0,0.121031,0,32000,3873,0.121031,131072,4581,0.034950,0,0,2
124,host-24,2,0,14,2,0,0,0.103188,0,32000,3302,0.103188,131072,3347,0.025536,0,0,2
124,host-3,3,0,14,3,0,0,0.145594,0,32000,4659,0.145594,131072,5463,0.041679,0,0,3
124,host-4,3,0,14,3,0,0,0.146031,0,32000,4673,0.146031,131072,4750,0.036240,0,0,3
124,host-5,2,0,14,2,0,0,0.078844,0,32000,2523,0.078844,131072,2041,0.015572,0,0,2
124,host-6,2,0,14,2,0,0,0.076313,0,32000,2442,0.076313,131072,2481,0.018929,0,0,2
124,host-7,2,0,14,2,0,0,0.086688,0,32000,2774,0.086688,131072,2864,0.021851,0,0,2
124,host-8,1,0,14,1,0,0,0.072156,0,32000,2309,0.072156,131072,2949,0.022499,0,0,1
124,host-9,2,0,14,2,0,0,0.096937,0,32000,3102,0.096937,131072,3779,0.028831,0,0,2
125,host-1,1,1,14,1,1,0,0.073781,0,32000,2361,0.073781,131072,2606,0.019882,0,1,0
125,host-10,1,0,14,1,0,0,0.027250,0,32000,872,0.027250,131072,872,0.006653,0,0,1
125,host-11,2,0,14,2,0,0,0.094844,0,32000,3035,0.094844,131072,1538,0.011734,0,0,2
125,host-12,2,0,14,2,0,0,0.093250,0,32000,2984,0.093250,131072,2915,0.022240,0,0,2
125,host-13,2,1,14,2,1,0,0.078063,0,32000,2498,0.078063,131072,2051,0.015648,1,0,1
125,host-14,3,0,14,3,0,0,0.129969,0,32000,4159,0.129969,131072,4694,0.035812,0,0,3
125,host-15,3,1,14,3,1,0,0.096531,0,32000,3089,0.096531,131072,3280,0.025024,1,0,2
125,host-16,2,0,14,2,0,0,0.083781,0,32000,2681,0.083781,131072,2464,0.018799,0,0,2
125,host-17,2,0,14,2,0,0,0.110000,0,32000,3520,0.110000,131072,3662,0.027939,0,0,2
125,host-18,2,0,14,2,0,0,0.092156,0,32000,2949,0.092156,131072,1789,0.013649,0,0,2
125,host-19,2,0,14,2,0,0,0.106469,0,32000,3407,0.106469,131072,2508,0.019135,0,0,2
125,host-2,2,0,14,2,0,0,0.107125,0,32000,3428,0.107125,131072,3002,0.022903,0,0,2
125,host-20,2,0,14,2,0,0,0.086188,0,32000,2758,0.086188,131072,2196,0.016754,0,0,2
125,host-21,2,0,14,2,0,0,0.105500,0,32000,3376,0.105500,131072,2782,0.021225,0,0,2
125,host-22,1,0,14,1,0,0,0.038344,0,32000,1227,0.038344,131072,904,0.006897,0,0,1
125,host-23,1,0,14,1,0,0,0.063187,0,32000,2022,0.063187,131072,2269,0.017311,0,0,1
125,host-24,2,0,14,2,0,0,0.103188,0,32000,3302,0.103188,131072,3347,0.025536,0,0,2
125,host-3,3,0,14,3,0,0,0.145594,0,32000,4659,0.145594,131072,5463,0.041679,0,0,3
125,host-4,2,0,14,2,0,0,0.086406,0,32000,2765,0.086406,131072,2526,0.019272,0,0,2
125,host-5,2,0,14,2,0,0,0.078844,0,32000,2523,0.078844,131072,2041,0.015572,0,0,2
125,host-6,1,0,14,1,0,0,0.031844,0,32000,1019,0.031844,131072,563,0.004295,0,0,1
125,host-7,2,0,14,2,0,0,0.086688,0,32000,2774,0.086688,131072,2864,0.021851,0,0,2
125,host-8,1,0,14,1,0,0,0.072156,0,32000,2309,0.072156,131072,2949,0.022499,0,0,1
125,host-9,2,0,14,2,0,0,0.096937,0,32000,3102,0.096937,131072,3779,0.028831,0,0,2
126,host-1,1,0,14,1,0,0,0.073781,0,32000,2361,0.073781,131072,2606,0.019882,0,0,1
126,host-10,2,1,14,2,1,0,0.086875,0,32000,2780,0.086875,131072,3096,0.023621,1,0,1
126,host-11,2,0,14,2,0,0,0.094844,0,32000,3035,0.094844,131072,1538,0.011734,0,0,2
126,host-12,2,0,14,2,0,0,0.093250,0,32000,2984,0.093250,131072,2915,0.022240,0,0,2
126,host-13,2,1,14,2,1,0,0.078063,0,32000,2498,0.078063,131072,2051,0.015648,1,0,1
126,host-14,3,0,14,3,0,0,0.129969,0,32000,4159,0.129969,131072,4694,0.035812,0,0,3
126,host-15,3,0,14,3,0,0,0.096531,0,32000,3089,0.096531,131072,3280,0.025024,0,0,3
126,host-16,2,0,14,2,0,0,0.083781,0,32000,2681,0.083781,131072,2464,0.018799,0,0,2
126,host-17,2,0,14,2,0,0,0.110000,0,32000,3520,0.110000,131072,3662,0.027939,0,0,2
126,host-18,2,0,14,2,0,0,0.092156,0,32000,2949,0.092156,131072,1789,0.013649,0,0,2
126,host-19,2,0,14,2,0,0,0.106469,0,32000,3407,0.106469,131072,2508,0.019135,0,0,2
126,host-2,2,0,14,2,0,0,0.107125,0,32000,3428,0.107125,131072,3002,0.022903,0,0,2
126,host-20,2,0,14,2,0,0,0.086188,0,32000,2758,0.086188,131072,2196,0.016754,0,0,2
126,host-21,2,0,14,2,0,0,0.105500,0,32000,3376,0.105500,131072,2782,0.021225,0,0,2
126,host-22,2,1,14,2,1,0,0.104875,0,32000,3356,0.104875,131072,3125,0.023842,1,0,1
126,host-23,1,0,14,1,0,0,0.063187,0,32000,2022,0.063187,131072,2269,0.017311,0,0,1
126,host-24,2,0,14,2,0,0,0.103188,0,32000,3302,0.103188,131072,3347,0.025536,0,0,2
126,host-3,3,0,14,3,0,0,0.145594,0,32000,4659,0.145594,131072,5463,0.041679,0,0,3
126,host-4,2,0,14,2,0,0,0.086406,0,32000,2765,0.086406,131072,2526,0.019272,0,0,2
126,host-5,2,0,14,2,0,0,0.078844,0,32000,2523,0.078844,131072,2041,0.015572,0,0,2
126,host-6,2,1,14,2,1,0,0.095906,0,32000,3069,0.095906,131072,3249,0.024788,1,0,1
126,host-7,2,0,14,2,0,0,0.086688,0,32000,2774,0.086688,131072,2864,0.021851,0,0,2
126,host-8,1,0,14,1,0,0,0.072156,0,32000,2309,0.072156,131072,2949,0.022499,0,0,1
126,host-9,2,1,14,2,1,0,0.104531,0,32000,3345,0.104531,131072,3935,0.030022,1,0,1
127,host-1,1,0,14,1,0,0,0.073781,0,32000,2361,0.073781,131072,2606,0.019882,0,0,1
127,host-10,2,0,14,2,0,0,0.086875,0,32000,2780,0.086875,131072,3096,0.023621,0,0,2
127,host-11,2,0,14,2,0,0,0.094844,0,32000,3035,0.094844,131072,1538,0.011734,0,0,2
127,host-12,2,0,14,2,0,0,0.093250,0,32000,2984,0.093250,131072,2915,0.022240,0,0,2
127,host-13,2,0,14,2,0,0,0.078063,0,32000,2498,0.078063,131072,2051,0.015648,0,0,2
127,host-14,3,0,14,3,0,0,0.129969,0,32000,4159,0.129969,131072,4694,0.035812,0,0,3
127,host-15,3,0,14,3,0,0,0.096531,0,32000,3089,0.096531,131072,3280,0.025024,0,0,3
127,host-16,2,0,14,2,0,0,0.083781,0,32000,2681,0.083781,131072,2464,0.018799,0,0,2
127,host-17,1,0,14,1,0,0,0.050812,0,32000,1626,0.050812,131072,1583,0.012077,0,0,1
127,host-18,2,0,14,2,0,0,0.092156,0,32000,2949,0.092156,131072,1789,0.013649,0,0,2
127,host-19,2,0,14,2,0,0,0.106469,0,32000,3407,0.106469,131072,2508,0.019135,0,0,2
127,host-2,2,0,14,2,0,0,0.107125,0,32000,3428,0.107125,131072,3002,0.022903,0,0,2
127,host-20,2,0,14,2,0,0,0.086188,0,32000,2758,0.086188,131072,2196,0.016754,0,0,2
127,host-21,2,0,14,2,0,0,0.105500,0,32000,3376,0.105500,131072,2782,0.021225,0,0,2
127,host-22,2,1,14,2,1,0,0.104875,0,32000,3356,0.104875,131072,3125,0.023842,1,0,1
127,host-23,2,1,14,2,1,0,0.129719,0,32000,4151,0.129719,131072,4490,0.034256,1,0,1
127,host-24,2,0,14,2,0,0,0.103188,0,32000,3302,0.103188,131072,3347,0.025536,0,0,2
127,host-3,3,0,14,3,0,0,0.145594,0,32000,4659,0.145594,131072,5463,0.041679,0,0,3
127,host-4,2,0,14,2,0,0,0.086406,0,32000,2765,0.086406,131072,2526,0.019272,0,0,2
127,host-5,2,0,14,2,0,0,0.078844,0,32000,2523,0.078844,131072,2041,0.015572,0,0,2
127,host-6,2,0,14,2,0,0,0.095906,0,32000,3069,0.095906,131072,3249,0.024788,0,0,2
127,host-7,2,0,14,2,0,0,0.086688,0,32000,2774,0.086688,131072,2864,0.021851,0,0,2
127,host-8,2,1,14,2,1,0,0.146281,0,32000,4681,0.146281,131072,5326,0.040634,1,0,1
127,host-9,2,1,14,2,1,0,0.104531,0,32000,3345,0.104531,131072,3935,0.030022,1,0,1
128,host-1,1,0,14,1,0,0,0.073781,0,32000,2361,0.073781,131072,2606,0.019882,0,0,1
128,host-10,2,0,14,2,0,0,0.086875,0,32000,2780,0.086875,131072,3096,0.023621,0,0,2
128,host-11,2,0,14,2,0,0,0.094844,0,32000,3035,0.094844,131072,1538,0.011734,0,0,2
128,host-12,2,0,14,2,0,0,0.093250,0,32000,2984,0.093250,131072,2915,0.022240,0,0,2
128,host-13,2,0,14,2,0,0,0.078063,0,32000,2498,0.078063,131072,2051,0.015648,0,0,2
128,host-14,3,0,14,3,0,0,0.129969,0,32000,4159,0.129969,131072,4694,0.035812,0,0,3
128,host-15,3,0,14,3,0,0,0.096531,0,32000,3089,0.096531,131072,3280,0.025024,0,0,3
128,host-16,2,0,14,2,0,0,0.083781,0,32000,2681,0.083781,131072,2464,0.018799,0,0,2
128,host-17,1,0,14,1,0,0,0.050812,0,32000,1626,0.050812,131072,1583,0.012077,0,0,1
128,host-18,2,0,14,2,0,0,0.092156,0,32000,2949,0.092156,131072,1789,0.013649,0,0,2
128,host-19,2,0,14,2,0,0,0.106469,0,32000,3407,0.106469,131072,2508,0.019135,0,0,2
128,host-2,2,0,14,2,0,0,0.107125,0,32000,3428,0.107125,131072,3002,0.022903,0,0,2
128,host-20,2,0,14,2,0,0,0.086188,0,32000,2758,0.086188,131072,2196,0.016754,0,0,2
128,host-21,2,0,14,2,0,0,0.105500,0,32000,3376,0.105500,131072,2782,0.021225,0,0,2
128,host-22,2,0,14,2,0,0,0.104875,0,32000,3356,0.104875,131072,3125,0.023842,0,0,2
128,host-23,2,1,14,2,1,0,0.129719,0,32000,4151,0.129719,131072,4490,0.034256,0,1,1
128,host-24,2,0,14,2,0,0,0.103188,0,32000,3302,0.103188,131072,3347,0.025536,0,0,2
128,host-3,3,0,14,3,0,0,0.145594,0,32000,4659,0.145594,131072,5463,0.041679,0,0,3
128,host-4,2,0,14,2,0,0,0.086406,0,32000,2765,0.086406,131072,2526,0.019272,0,0,2
128,host-5,2,0,14,2,0,0,0.078844,0,32000,2523,0.078844,131072,2041,0.015572,0,0,2
128,host-6,2,1,14,2,1,0,0.095906,0,32000,3069,0.095906,131072,3249,0.024788,0,1,1
128,host-7,2,0,14,2,0,0,0.086688,0,32000,2774,0.086688,131072,2864,0.021851,0,0,2
128,host-8,2,0,14,2,0,0,0.146281,0,32000,4681,0.146281,131072,5326,0.040634,0,0,2
128,host-9,2,0,14,2,0,0,0.104531,0,32000,3345,0.104531,131072,3935,0.030022,0,0,2
129,host-1,1,0,14,1,0,0,0.073781,0,32000,2361,0.073781,131072,2606,0.019882,0,0,1
129,host-10,2,0,14,2,0,0,0.086875,0,32000,2780,0.086875,131072,3096,0.023621,0,0,2
129,host-11,2,0,14,2,0,0,0.094844,0,32000,3035,0.094844,131072,1538,0.011734,0,0,2
129,host-12,2,0,14,2,0,0,0.093250,0,32000,2984,0.093250,131072,2915,0.022240,0,0,2
129,host-13,2,0,14,2,0,0,0.078063,0,32000,2498,0.078063,131072,2051,0.015648,0,0,2
129,host-14,3,0,14,3,0,0,0.129969,0,32000,4159,0.129969,131072,4694,0.035812,0,0,3
129,host-15,3,0,14,3,0,0,0.096531,0,32000,3089,0.096531,131072,3280,0.025024,0,0,3
129,host-16,2,0,14,2,0,0,0.083781,0,32000,2681,0.083781,131072,2464,0.018799,0,0,2
129,host-17,1,0,14,1,0,0,0.050812,0,32000,1626,0.050812,131072,1583,0.012077,0,0,1
129,host-18,2,0,14,2,0,0,0.092156,0,32000,2949,0.092156,131072,1789,0.013649,0,0,2
129,host-19,2,0,14,2,0,0,0.106469,0,32000,3407,0.106469,131072,2508,0.019135,0,0,2
129,host-2,2,0,14,2,0,0,0.107125,0,32000,3428,0.107125,131072,3002,0.022903,0,0,2
129,host-20,2,0,14,2,0,0,0.086188,0,32000,2758,0.086188,131072,2196,0.016754,0,0,2
129,host-21,2,0,14,2,0,0,0.105500,0,32000,3376,0.105500,131072,2782,0.021225,0,0,2
129,host-22,2,0,14,2,0,0,0.104875,0,32000,3356,0.104875,131072,3125,0.023842,0,0,2
129,host-23,2,0,14,2,0,0,0.129719,0,32000,4151,0.129719,131072,4490,0.034256,0,0,2
129,host-24,2,0,14,2,0,0,0.103188,0,32000,3302,0.103188,131072,3347,0.025536,0,0,2
129,host-3,3,0,14,3,0,0,0.145594,0,32000,4659,0.145594,131072,5463,0.041679,0,0,3
129,host-4,2,0,14,2,0,0,0.086406,0,32000,2765,0.086406,131072,2526,0.019272,0,0,2
129,host-5,2,0,14,2,0,0,0.078844,0,32000,2523,0.078844,131072,2041,0.015572,0,0,2
129,host-6,2,0,14,2,0,0,0.095906,0,32000,3069,0.095906,131072,3249,0.024788,0,0,2
129,host-7,2,0,14,2,0,0,0.086688,0,32000,2774,0.086688,131072,2864,0.021851,0,0,2
129,host-8,2,0,14,2,0,0,0.146281,0,32000,4681,0.146281,131072,5326,0.040634,0,0,2
129,host-9,2,0,14,2,0,0,0.104531,0,32000,3345,0.104531,131072,3935,0.030022,0,0,2
130,host-1,1,0,14,1,0,0,0.073781,0,32000,2361,0.073781,131072,2606,0.019882,0,0,1
130,host-10,2,0,14,2,0,0,0.086875,0,32000,2780,0.086875,131072,3096,0.023621,0,0,2
130,host-11,2,0,14,2,0,0,0.094844,0,32000,3035,0.094844,131072,1538,0.011734,0,0,2
130,host-12,2,0,14,2,0,0,0.093250,0,32000,2984,0.093250,131072,2915,0.022240,0,0,2
130,host-13,2,0,14,2,0,0,0.078063,0,32000,2498,0.078063,131072,2051,0.015648,0,0,2
130,host-14,3,0,14,3,0,0,0.129969,0,32000,4159,0.129969,131072,4694,0.035812,0,0,3
130,host-15,3,0,14,3,0,0,0.096531,0,32000,3089,0.096531,131072,3280,0.025024,0,0,3
130,host-16,2,0,14,2,0,0,0.083781,0,32000,2681,0.083781,131072,2464,0.018799,0,0,2
130,host-17,1,0,14,1,0,0,0.050812,0,32000,1626,0.050812,131072,1583,0.012077,0,0,1
130,host-18,2,0,14,2,0,0,0.092156,0,32000,2949,0.092156,131072,1789,0.013649,0,0,2
130,host-19,2,0,14,2,0,0,0.106469,0,32000,3407,0.106469,131072,2508,0.019135,0,0,2
130,host-2,2,0,14,2,0,0,0.107125,0,32000,3428,0.107125,131072,3002,0.022903,0,0,2
130,host-20,2,0,14,2,0,0,0.086188,0,32000,2758,0.086188,131072,2196,0.016754,0,0,2
130,host-21,2,0,14,2,0,0,0.105500,0,32000,3376,0.105500,131072,2782,0.021225,0,0,2
130,host-22,2,0,14,2,0,0,0.104875,0,32000,3356,0.104875,131072,3125,0.023842,0,0,2
130,host-23,2,0,14,2,0,0,0.129719,0,32000,4151,0.129719,131072,4490,0.034256,0,0,2
130,host-24,2,0,14,2,0,0,0.103188,0,32000,3302,0.103188,131072,3347,0.025536,0,0,2
130,host-3,3,0,14,3,0,0,0.145594,0,32000,4659,0.145594,131072,5463,0.041679,0,0,3
130,host-4,2,0,14,2,0,0,0.086406,0,32000,2765,0.086406,131072,2526,0.019272,0,0,2
130,host-5,2,0,14,2,0,0,0.078844,0,32000,2523,0.078844,131072,2041,0.015572,0,0,2
130,host-6,2,0,14,2,0,0,0.095906,0,32000,3069,0.095906,131072,3249,0.024788,0,0,2
130,host-7,2,0,14,2,0,0,0.086688,0,32000,2774,0.086688,131072,2864,0.021851,0,0,2
130,host-8,2,0,14,2,0,0,0.146281,0,32000,4681,0.146281,131072,5326,0.040634,0,0,2
130,host-9,2,0,14,2,0,0,0.104531,0,32000,3345,0.104531,131072,3935,0.030022,0,0,2
131,host-1,1,0,14,1,0,0,0.073781,0,32000,2361,0.073781,131072,2606,0.019882,0,0,1
131,host-10,2,0,14,2,0,0,0.086875,0,32000,2780,0.086875,131072,3096,0.023621,0,0,2
131,host-11,2,0,14,2,0,0,0.094844,0,32000,3035,0.094844,131072,1538,0.011734,0,0,2
131,host-12,2,0,14,2,0,0,0.093250,0,32000,2984,0.093250,131072,2915,0.022240,0,0,2
131,host-13,2,0,14,2,0,0,0.078063,0,32000,2498,0.078063,131072,2051,0.015648,0,0,2
131,host-14,3,0,14,3,0,0,0.129969,0,32000,4159,0.129969,131072,4694,0.035812,0,0,3
131,host-15,3,0,14,3,0,0,0.096531,0,32000,3089,0.096531,131072,3280,0.025024,0,0,3
131,host-16,2,0,14,2,0,0,0.083781,0,32000,2681,0.083781,131072,2464,0.018799,0,0,2
131,host-17,1,0,14,1,0,0,0.050812,0,32000,1626,0.050812,131072,1583,0.012077,0,0,1
131,host-18,2,0,14,2,0,0,0.092156,0,32000,2949,0.092156,131072,1789,0.013649,0,0,2
131,host-19,2,0,14,2,0,0,0.106469,0,32000,3407,0.106469,131072,2508,0.019135,0,0,2
131,host-2,1,0,14,1,0,0,0.052562,0,32000,1682,0.052562,131072,1753,0.013374,0,0,1
131,host-20,2,0,14,2,0,0,0.086188,0,32000,2758,0.086188,131072,2196,0.016754,0,0,2
131,host-21,2,0,14,2,0,0,0.105500,0,32000,3376,0.105500,131072,2782,0.021225,0,0,2
131,host-22,2,0,14,2,0,0,0.104875,0,32000,3356,0.104875,131072,3125,0.023842,0,0,2
131,host-23,2,0,14,2,0,0,0.129719,0,32000,4151,0.129719,131072,4490,0.034256,0,0,2
131,host-24,2,0,14,2,0,0,0.103188,0,32000,3302,0.103188,131072,3347,0.025536,0,0,2
131,host-3,3,0,14,3,0,0,0.145594,0,32000,4659,0.145594,131072,5463,0.041679,0,0,3
131,host-4,2,0,14,2,0,0,0.086406,0,32000,2765,0.086406,131072,2526,0.019272,0,0,2
131,host-5,2,0,14,2,0,0,0.078844,0,32000,2523,0.078844,131072,2041,0.015572,0,0,2
131,host-6,2,0,14,2,0,0,0.095906,0,32000,3069,0.095906,131072,3249,0.024788,0,0,2
131,host-7,2,0,14,2,0,0,0.086688,0,32000,2774,0.086688,131072,2864,0.021851,0,0,2
131,host-8,2,0,14,2,0,0,0.146281,0,32000,4681,0.146281,131072,5326,0.040634,0,0,2
131,host-9,2,0,14,2,0,0,0.104531,0,32000,3345,0.104531,131072,3935,0.030022,0,0,2
132,host-1,1,0,14,1,0,0,0.073781,0,32000,2361,0.073781,131072,2606,0.019882,0,0,1
132,host-10,2,0,14,2,0,0,0.086875,0,32000,2780,0.086875,131072,3096,0.023621,0,0,2
132,host-11,2,0,14,2,0,0,0.094844,0,32000,3035,0.094844,131072,1538,0.011734,0,0,2
132,host-12,2,0,14,2,0,0,0.093250,0,32000,2984,0.093250,131072,2915,0.022240,0,0,2
132,host-13,2,0,14,2,0,0,0.078063,0,32000,2498,0.078063,131072,2051,0.015648,0,0,2
132,host-14,3,0,14,3,0,0,0.129969,0,32000,4159,0.129969,131072,4694,0.035812,0,0,3
132,host-15,3,0,14,3,0,0,0.096531,0,32000,3089,0.096531,131072,3280,0.025024,0,0,3
132,host-16,1,0,14,1,0,0,0.055031,0,32000,1761,0.055031,131072,1267,0.009666,0,0,1
132,host-17,1,0,14,1,0,0,0.050812,0,32000,1626,0.050812,131072,1583,0.012077,0,0,1
132,host-18,2,0,14,2,0,0,0.092156,0,32000,2949,0.092156,131072,1789,0.013649,0,0,2
132,host-19,2,0,14,2,0,0,0.106469,0,32000,3407,0.106469,131072,2508,0.019135,0,0,2
132,host-2,1,0,14,1,0,0,0.052562,0,32000,1682,0.052562,131072,1753,0.013374,0,0,1
132,host-20,2,0,14,2,0,0,0.086188,0,32000,2758,0.086188,131072,2196,0.016754,0,0,2
132,host-21,2,0,14,2,0,0,0.105500,0,32000,3376,0.105500,131072,2782,0.021225,0,0,2
132,host-22,2,0,14,2,0,0,0.104875,0,32000,3356,0.104875,131072,3125,0.023842,0,0,2
132,host-23,2,0,14,2,0,0,0.129719,0,32000,4151,0.129719,131072,4490,0.034256,0,0,2
132,host-24,2,0,14,2,0,0,0.103188,0,32000,3302,0.103188,131072,3347,0.025536,0,0,2
132,host-3,3,0,14,3,0,0,0.145594,0,32000,4659,0.145594,131072,5463,0.041679,0,0,3
132,host-4,2,0,14,2,0,0,0.086406,0,32000,2765,0.086406,131072,2526,0.019272,0,0,2
132,host-5,2,0,14,2,0,0,0.078844,0,32000,2523,0.078844,131072,2041,0.015572,0,0,2
132,host-6,2,0,14,2,0,0,0.095906,0,32000,3069,0.095906,131072,3249,0.024788,0,0,2
132,host-7,1,0,14,1,0,0,0.052562,0,32000,1682,0.052562,131072,1753,0.013374,0,0,1
132,host-8,2,0,14,2,0,0,0.146281,0,32000,4681,0.146281,131072,5326,0.040634,0,0,2
132,host-9,2,0,14,2,0,0,0.104531,0,32000,3345,0.104531,131072,3935,0.030022,0,0,2
133,host-1,1,0,14,1,0,0,0.073781,0,32000,2361,0.073781,131072,2606,0.019882,0,0,1
133,host-10,2,0,14,2,0,0,0.086875,0,32000,2780,0.086875,131072,3096,0.023621,0,0,2
133,host-11,2,0,14,2,0,0,0.094844,0,32000,3035,0.094844,131072,1538,0.011734,0,0,2
133,host-12,2,0,14,2,0,0,0.093250,0,32000,2984,0.093250,131072,2915,0.022240,0,0,2
133,host-13,2,0,14,2,0,0,0.078063,0,32000,2498,0.078063,131072,2051,0.015648,0,0,2
133,host-14,3,0,14,3,0,0,0.129969,0,32000,4159,0.129969,131072,4694,0.035812,0,0,3
133,host-15,3,0,14,3,0,0,0.096531,0,32000,3089,0.096531,131072,3280,0.025024,0,0,3
133,host-16,1,0,14,1,0,0,0.055031,0,32000,1761,0.055031,131072,1267,0.009666,0,0,1
133,host-17,1,0,14,1,0,0,0.050812,0,32000,1626,0.050812,131072,1583,0.012077,0,0,1
133,host-18,2,0,14,2,0,0,0.092156,0,32000,2949,0.092156,131072,1789,0.013649,0,0,2
133,host-19,1,0,14,1,0,0,0.051437,0,32000,1646,0.051437,131072,1241,0.009468,0,0,1
133,host-2,1,0,14,1,0,0,0.052562,0,32000,1682,0.052562,131072,1753,0.013374,0,0,1
133,host-20,2,0,14,2,0,0,0.086188,0,32000,2758,0.086188,131072,2196,0.016754,0,0,2
133,host-21,2,0,14,2,0,0,0.105500,0,32000,3376,0.105500,131072,2782,0.021225,0,0,2
133,host-22,2,0,14,2,0,0,0.104875,0,32000,3356,0.104875,131072,3125,0.023842,0,0,2
133,host-23,2,0,14,2,0,0,0.129719,0,32000,4151,0.129719,131072,4490,0.034256,0,0,2
133,host-24,2,0,14,2,0,0,0.103188,0,32000,3302,0.103188,131072,3347,0.025536,0,0,2
133,host-3,3,0,14,3,0,0,0.145594,0,32000,4659,0.145594,131072,5463,0.041679,0,0,3
133,host-4,2,0,14,2,0,0,0.086406,0,32000,2765,0.086406,131072,2526,0.019272,0,0,2
133,host-5,2,0,14,2,0,0,0.078844,0,32000,2523,0.078844,131072,2041,0.015572,0,0,2
133,host-6,2,0,14,2,0,0,0.095906,0,32000,3069,0.095906,131072,3249,0.024788,0,0,2
133,host-7,1,0,14,1,0,0,0.052562,0,32000,1682,0.052562,131072,1753,0.013374,0,0,1
133,host-8,2,0,14,2,0,0,0.146281,0,32000,4681,0.146281,131072,5326,0.040634,0,0,2
133,host-9,2,0,14,2,0,0,0.104531,0,32000,3345,0.104531,131072,3935,0.030022,0,0,2
134,host-1,1,0,14,1,0,0,0.073781,0,32000,2361,0.073781,131072,2606,0.019882,0,0,1
134,host-10,2,0,14,2,0,0,0.086875,0,32000,2780,0.086875,131072,3096,0.023621,0,0,2
134,host-11,2,0,14,2,0,0,0.094844,0,32000,3035,0.094844,131072,1538,0.011734,0,0,2
134,host-12,2,0,14,2,0,0,0.093250,0,32000,2984,0.093250,131072,2915,0.022240,0,0,2
134,host-13,2,0,14,2,0,0,0.078063,0,32000,2498,0.078063,131072,2051,0.015648,0,0,2
134,host-14,3,0,14,3,0,0,0.129969,0,32000,4159,0.129969,131072,4694,0.035812,0,0,3
134,host-15,3,0,14,3,0,0,0.096531,0,32000,3089,0.096531,131072,3280,0.025024,0,0,3
134,host-16,0,0,14,0,0,0,0.000000,0,32000,0,0.000000,131072,0,0.000000,0,0,0
134,host-17,2,1,14,2,1,0,0.121906,0,32000,3901,0.121906,131072,3897,0.029732,1,0,1
134,host-18,1,0,14,1,0,0,0.048375,0,32000,1548,0.048375,131072,1043,0.007957,0,0,1
134,host-19,1,0,14,1,0,0,0.051437,0,32000,1646,0.051437,131072,1241,0.009468,0,0,1
134,host-2,1,0,14,1,0,0,0.052562,0,32000,1682,0.052562,131072,1753,0.013374,0,0,1
134,host-20,2,0,14,2,0,0,0.086188,0,32000,2758,0.086188,131072,2196,0.016754,0,0,2
134,host-21,2,0,14,2,0,0,0.105500,0,32000,3376,0.105500,131072,2782,0.021225,0,0,2
134,host-22,2,0,14,2,0,0,0.104875,0,32000,3356,0.104875,131072,3125,0.023842,0,0,2
134,host-23,1,0,14,1,0,0,0.066531,0,32000,2129,0.066531,131072,2221,0.016945,0,0,1
134,host-24,2,0,14,2,0,0,0.103188,0,32000,3302,0.103188,131072,3347,0.025536,0,0,2
134,host-3,3,0,14,3,0,0,0.145594,0,32000,4659,0.145594,131072,5463,0.041679,0,0,3
134,host-4,1,0,14,1,0,0,0.054938,0,32000,1758,0.054938,131072,1818,0.013870,0,0,1
134,host-5,1,0,14,1,0,0,0.044500,0,32000,1424,0.044500,131072,1148,0.008759,0,0,1
134,host-6,2,0,14,2,0,0,0.095906,0,32000,3069,0.095906,131072,3249,0.024788,0,0,2
134,host-7,1,0,14,1,0,0,0.052562,0,32000,1682,0.052562,131072,1753,0.013374,0,0,1
134,host-8,2,0,14,2,0,0,0.146281,0,32000,4681,0.146281,131072,5326,0.040634,0,0,2
134,host-9,2,0,14,2,0,0,0.104531,0,32000,3345,0.104531,131072,3935,0.030022,0,0,2
135,host-1,1,0,14,1,0,0,0.073781,0,32000,2361,0.073781,131072,2606,0.019882,0,0,1
135,host-10,2,0,14,2,0,0,0.086875,0,32000,2780,0.086875,131072,3096,0.023621,0,0,2
135,host-11,2,0,14,2,0,0,0.094844,0,32000,3035,0.094844,131072,1538,0.011734,0,0,2
135,host-12,2,0,14,2,0,0,0.093250,0,32000,2984,0.093250,131072,2915,0.022240,0,0,2
135,host-13,2,0,14,2,0,0,0.078063,0,32000,2498,0.078063,131072,2051,0.015648,0,0,2
135,host-14,3,0,14,3,0,0,0.129969,0,32000,4159,0.129969,131072,4694,0.035812,0,0,3
135,host-15,3,1,14,3,1,0,0.096531,0,32000,3089,0.096531,131072,3280,0.025024,0,1,2
135,host-16,0,0,14,0,0,0,0.000000,0,32000,0,0.000000,131072,0,0.000000,0,0,0
135,host-17,2,0,14,2,0,0,0.121906,0,32000,3901,0.121906,131072,3897,0.029732,0,0,2
135,host-18,1,0,14,1,0,0,0.048375,0,32000,1548,0.048375,131072,1043,0.007957,0,0,1
135,host-19,1,0,14,1,0,0,0.051437,0,32000,1646,0.051437,131072,1241,0.009468,0,0,1
135,host-2,0,0,14,0,0,0,0.000000,0,32000,0,0.000000,131072,0,0.000000,0,0,0
135,host-20,2,0,14,2,0,0,0.086188,0,32000,2758,0.086188,131072,2196,0.016754,0,0,2
135,host-21,2,0,14,2,0,0,0.105500,0,32000,3376,0.105500,131072,2782,0.021225,0,0,2
135,host-22,2,0,14,2,0,0,0.104875,0,32000,3356,0.104875,131072,3125,0.023842,0,0,2
135,host-23,1,0,14,1,0,0,0.066531,0,32000,2129,0.066531,131072,2221,0.016945,0,0,1
135,host-24,1,0,14,1,0,0,0.025969,0,32000,831,0.025969,131072,1049,0.008003,0,0,1
135,host-3,3,0,14,3,0,0,0.145594,0,32000,4659,0.145594,131072,5463,0.041679,0,0,3
135,host-4,1,0,14,1,0,0,0.054938,0,32000,1758,0.054938,131072,1818,0.013870,0,0,1
135,host-5,1,0,14,1,0,0,0.044500,0,32000,1424,0.044500,131072,1148,0.008759,0,0,1
135,host-6,2,0,14,2,0,0,0.095906,0,32000,3069,0.095906,131072,3249,0.024788,0,0,2
135,host-7,1,0,14,1,0,0,0.052562,0,32000,1682,0.052562,131072,1753,0.013374,0,0,1
135,host-8,2,0,14,2,0,0,0.146281,0,32000,4681,0.146281,131072,5326,0.040634,0,0,2
135,host-9,2,0,14,2,0,0,0.104531,0,32000,3345,0.104531,131072,3935,0.030022,0,0,2
136,host-1,1,0,14,1,0,0,0.073781,0,32000,2361,0.073781,131072,2606,0.019882,0,0,1
136,host-10,2,0,14,2,0,0,0.086875,0,32000,2780,0.086875,131072,3096,0.023621,0,0,2
136,host-11,2,0,14,2,0,0,0.094844,0,32000,3035,0.094844,131072,1538,0.011734,0,0,2
136,host-12,2,0,14,2,0,0,0.093250,0,32000,2984,0.093250,131072,2915,0.022240,0,0,2
136,host-13,2,0,14,2,0,0,0.078063,0,32000,2498,0.078063,131072,2051,0.015648,0,0,2
136,host-14,3,0,14,3,0,0,0.129969,0,32000,4159,0.129969,131072,4694,0.035812,0,0,3
136,host-15,3,0,14,3,0,0,0.096531,0,32000,3089,0.096531,131072,3280,0.025024,0,0,3
136,host-16,0,0,14,0,0,0,0.000000,0,32000,0,0.000000,131072,0,0.000000,0,0,0
136,host-17,1,0,14,1,0,0,0.071094,0,32000,2275,0.071094,131072,2314,0.017654,0,0,1
136,host-18,1,0,14,1,0,0,0.048375,0,32000,1548,0.048375,131072,1043,0.007957,0,0,1
136,host-19,1,0,14,1,0,0,0.051437,0,32000,1646,0.051437,131072,1241,0.009468,0,0,1
136,host-2,0,0,14,0,0,0,0.000000,0,32000,0,0.000000,131072,0,0.000000,0,0,0
136,host-20,1,0,14,1,0,0,0.044875,0,32000,1436,0.044875,131072,813,0.006203,0,0,1
136,host-21,2,0,14,2,0,0,0.105500,0,32000,3376,0.105500,131072,2782,0.021225,0,0,2
136,host-22,1,0,14,1,0,0,0.066531,0,32000,2129,0.066531,131072,2221,0.016945,0,0,1
136,host-23,1,0,14,1,0,0,0.066531,0,32000,2129,0.066531,131072,2221,0.016945,0,0,1
136,host-24,1,0,14,1,0,0,0.025969,0,32000,831,0.025969,131072,1049,0.008003,0,0,1
136,host-3,3,0,14,3,0,0,0.145594,0,32000,4659,0.145594,131072,5463,0.041679,0,0,3
136,host-4,1,0,14,1,0,0,0.054938,0,32000,1758,0.054938,131072,1818,0.013870,0,0,1
136,host-5,1,0,14,1,0,0,0.044500,0,32000,1424,0.044500,131072,1148,0.008759,0,0,1
136,host-6,2,0,14,2,0,0,0.095906,0,32000,3069,0.095906,131072,3249,0.024788,0,0,2
136,host-7,0,0,14,0,0,0,0.000000,0,32000,0,0.000000,131072,0,0.000000,0,0,0
136,host-8,2,0,14,2,0,0,0.146281,0,32000,4681,0.146281,131072,5326,0.040634,0,0,2
136,host-9,2,0,14,2,0,0,0.104531,0,32000,3345,0.104531,131072,3935,0.030022,0,0,2
137,host-1,1,0,14,1,0,0,0.073781,0,32000,2361,0.073781,131072,2606,0.019882,0,0,1
137,host-10,1,0,14,1,0,0,0.059625,0,32000,1908,0.059625,131072,2224,0.016968,0,0,1
137,host-11,2,0,14,2,0,0,0.094844,0,32000,3035,0.094844,131072,1538,0.011734,0,0,2
137,host-12,2,0,14,2,0,0,0.093250,0,32000,2984,0.093250,131072,2915,0.022240,0,0,2
137,host-13,2,0,14,2,0,0,0.078063,0,32000,2498,0.078063,131072,2051,0.015648,0,0,2
137,host-14,3,0,14,3,0,0,0.129969,0,32000,4159,0.129969,131072,4694,0.035812,0,0,3
137,host-15,3,0,14,3,0,0,0.096531,0,32000,3089,0.096531,131072,3280,0.025024,0,0,3
137,host-16,0,0,14,0,0,0,0.000000,0,32000,0,0.000000,131072,0,0.000000,0,0,0
137,host-17,1,0,14,1,0,0,0.071094,0,32000,2275,0.071094,131072,2314,0.017654,0,0,1
137,host-18,1,1,14,1,1,0,0.048375,0,32000,1548,0.048375,131072,1043,0.007957,0,1,0
137,host-19,1,0,14,1,0,0,0.051437,0,32000,1646,0.051437,131072,1241,0.009468,0,0,1
137,host-2,0,0,14,0,0,0,0.000000,0,32000,0,0.000000,131072,0,0.000000,0,0,0
137,host-20,1,0,14,1,0,0,0.044875,0,32000,1436,0.044875,131072,813,0.006203,0,0,1
137,host-21,2,0,14,2,0,0,0.105500,0,32000,3376,0.105500,131072,2782,0.021225,0,0,2
137,host-22,1,0,14,1,0,0,0.066531,0,32000,2129,0.066531,131072,2221,0.016945,0,0,1
137,host-23,1,0,14,1,0,0,0.066531,0,32000,2129,0.066531,131072,2221,0.016945,0,0,1
137,host-24,1,0,14,1,0,0,0.025969,0,32000,831,0.025969,131072,1049,0.008003,0,0,1
137,host-3,3,0,14,3,0,0,0.145594,0,32000,4659,0.145594,131072,5463,0.041679,0,0,3
137,host-4,1,0,14,1,0,0,0.054938,0,32000,1758,0.054938,131072,1818,0.013870,0,0,1
137,host-5,1,0,14,1,0,0,0.044500,0,32000,1424,0.044500,131072,1148,0.008759,0,0,1
137,host-6,2,0,14,2,0,0,0.095906,0,32000,3069,0.095906,131072,3249,0.024788,0,0,2
137,host-7,0,0,14,0,0,0,0.000000,0,32000,0,0.000000,131072,0,0.000000,0,0,0
137,host-8,2,0,14,2,0,0,0.146281,0,32000,4681,0.146281,131072,5326,0.040634,0,0,2
137,host-9,2,0,14,2,0,0,0.104531,0,32000,3345,0.104531,131072,3935,0.030022,0,0,2
138,host-1,1,0,14,1,0,0,0.073781,0,32000,2361,0.073781,131072,2606,0.019882,0,0,1
138,host-10,1,0,14,1,0,0,0.059625,0,32000,1908,0.059625,131072,2224,0.016968,0,0,1
138,host-11,2,0,14,2,0,0,0.094844,0,32000,3035,0.094844,131072,1538,0.011734,0,0,2
138,host-12,2,0,14,2,0,0,0.093250,0,32000,2984,0.093250,131072,2915,0.022240,0,0,2
138,host-13,2,0,14,2,0,0,0.078063,0,32000,2498,0.078063,131072,2051,0.015648,0,0,2
138,host-14,3,0,14,3,0,0,0.129969,0,32000,4159,0.129969,131072,4694,0.035812,0,0,3
138,host-15,3,0,14,3,0,0,0.096531,0,32000,3089,0.096531,131072,3280,0.025024,0,0,3
138,host-16,0,0,14,0,0,0,0.000000,0,32000,0,0.000000,131072,0,0.000000,0,0,0
138,host-17,1,0,14,1,0,0,0.071094,0,32000,2275,0.071094,131072,2314,0.017654,0,0,1
138,host-18,1,0,14,1,0,0,0.048375,0,32000,1548,0.048375,131072,1043,0.007957,0,0,1
138,host-19,1,0,14,1,0,0,0.051437,0,32000,1646,0.051437,131072,1241,0.009468,0,0,1
138,host-2,1,1,14,1,1,0,0.038219,0,32000,1223,0.038219,131072,1424,0.010864,1,0,0
138,host-20,1,0,14,1,0,0,0.044875,0,32000,1436,0.044875,131072,813,0.006203,0,0,1
138,host-21,2,0,14,2,0,0,0.105500,0,32000,3376,0.105500,131072,2782,0.021225,0,0,2
138,host-22,1,0,14,1,0,0,0.066531,0,32000,2129,0.066531,131072,2221,0.016945,0,0,1
138,host-23,1,0,14,1,0,0,0.066531,0,32000,2129,0.066531,131072,2221,0.016945,0,0,1
138,host-24,1,0,14,1,0,0,0.025969,0,32000,831,0.025969,131072,1049,0.008003,0,0,1
138,host-3,3,0,14,3,0,0,0.145594,0,32000,4659,0.145594,131072,5463,0.041679,0,0,3
138,host-4,1,1,14,1,1,0,0.071406,0,32000,2285,0.071406,131072,2568,0.019592,1,0,0
138,host-5,1,0,14,1,0,0,0.044500,0,32000,1424,0.044500,131072,1148,0.008759,0,0,1
138,host-6,2,0,14,2,0,0,0.095906,0,32000,3069,0.095906,131072,3249,0.024788,0,0,2
138,host-7,1,1,14,1,1,0,0.045187,0,32000,1446,0.045187,131072,1444,0.011017,1,0,0
138,host-8,1,0,14,1,0,0,0.074125,0,32000,2372,0.074125,131072,2377,0.018135,0,0,1
138,host-9,2,0,14,2,0,0,0.104531,0,32000,3345,0.104531,131072,3935,0.030022,0,0,2
139,host-1,1,0,14,1,0,0,0.073781,0,32000,2361,0.073781,131072,2606,0.019882,0,0,1
139,host-10,1,0,14,1,0,0,0.059625,0,32000,1908,0.059625,131072,2224,0.016968,0,0,1
139,host-11,2,0,14,2,0,0,0.094844,0,32000,3035,0.094844,131072,1538,0.011734,0,0,2
139,host-12,2,0,14,2,0,0,0.093250,0,32000,2984,0.093250,131072,2915,0.022240,0,0,2
139,host-13,2,0,14,2,0,0,0.078063,0,32000,2498,0.078063,131072,2051,0.015648,0,0,2
139,host-14,3,0,14,3,0,0,0.129969,0,32000,4159,0.129969,131072,4694,0.035812,0,0,3
139,host-15,3,0,14,3,0,0,0.096531,0,32000,3089,0.096531,131072,3280,0.025024,0,0,3
139,host-16,1,1,14,1,1,0,0.071406,0,32000,2285,0.071406,131072,2568,0.019592,1,0,0
139,host-17,1,0,14,1,0,0,0.071094,0,32000,2275,0.071094,131072,2314,0.017654,0,0,1
139,host-18,1,0,14,1,0,0,0.048375,0,32000,1548,0.048375,131072,1043,0.007957,0,0,1
139,host-19,1,0,14,1,0,0,0.051437,0,32000,1646,0.051437,131072,1241,0.009468,0,0,1
139,host-2,1,0,14,1,0,0,0.038219,0,32000,1223,0.038219,131072,1424,0.010864,0,0,1
139,host-20,1,0,14,1,0,0,0.044875,0,32000,1436,0.044875,131072,813,0.006203,0,0,1
139,host-21,2,0,14,2,0,0,0.105500,0,32000,3376,0.105500,131072,2782,0.021225,0,0,2
139,host-22,1,0,14,1,0,0,0.066531,0,32000,2129,0.066531,131072,2221,0.016945,0,0,1
139,host-23,1,0,14,1,0,0,0.066531,0,32000,2129,0.066531,131072,2221,0.016945,0,0,1
139,host-24,2,1,14,2,1,0,0.089594,0,32000,2867,0.089594,131072,3348,0.025543,1,0,1
139,host-3,2,0,14,2,0,0,0.116031,0,32000,3713,0.116031,131072,4448,0.033936,0,0,2
139,host-4,1,1,14,1,1,0,0.071406,0,32000,2285,0.071406,131072,2568,0.019592,1,0,0
139,host-5,1,0,14,1,0,0,0.044500,0,32000,1424,0.044500,131072,1148,0.008759,0,0,1
139,host-6,2,0,14,2,0,0,0.095906,0,32000,3069,0.095906,131072,3249,0.024788,0,0,2
139,host-7,1,0,14,1,0,0,0.045187,0,32000,1446,0.045187,131072,1444,0.011017,0,0,1
139,host-8,1,0,14,1,0,0,0.074125,0,32000,2372,0.074125,131072,2377,0.018135,0,0,1
139,host-9,2,0,14,2,0,0,0.104531,0,32000,3345,0.104531,131072,3935,0.030022,0,0,2
140,host-1,1,0,14,1,0,0,0.073781,0,32000,2361,0.073781,131072,2606,0.019882,0,0,1
140,host-10,1,0,14,1,0,0,0.059625,0,32000,1908,0.059625,131072,2224,0.016968,0,0,1
140,host-11,2,0,14,2,0,0,0.094844,0,32000,3035,0.094844,131072,1538,0.011734,0,0,2
140,host-12,2,0,14,2,0,0,0.093250,0,32000,2984,0.093250,131072,2915,0.022240,0,0,2
140,host-13,2,0,14,2,0,0,0.078063,0,32000,2498,0.078063,131072,2051,0.015648,0,0,2
140,host-14,2,0,14,2,0,0,0.100406,0,32000,3213,0.100406,131072,3679,0.028069,0,0,2
140,host-15,3,0,14,3,0,0,0.096531,0,32000,3089,0.096531,131072,3280,0.025024,0,0,3
140,host-16,1,0,14,1,0,0,0.071406,0,32000,2285,0.071406,131072,2568,0.019592,0,0,1
140,host-17,1,0,14,1,0,0,0.071094,0,32000,2275,0.071094,131072,2314,0.017654,0,0,1
140,host-18,1,0,14,1,0,0,0.048375,0,32000,1548,0.048375,131072,1043,0.007957,0,0,1
140,host-19,1,0,14,1,0,0,0.051437,0,32000,1646,0.051437,131072,1241,0.009468,0,0,1
140,host-2,2,1,14,2,1,0,0.083687,0,32000,2678,0.083687,131072,2827,0.021568,1,0,1
140,host-20,1,0,14,1,0,0,0.044875,0,32000,1436,0.044875,131072,813,0.006203,0,0,1
140,host-21,2,0,14,2,0,0,0.105500,0,32000,3376,0.105500,131072,2782,0.021225,0,0,2
140,host-22,1,0,14,1,0,0,0.066531,0,32000,2129,0.066531,131072,2221,0.016945,0,0,1
140,host-23,1,0,14,1,0,0,0.066531,0,32000,2129,0.066531,131072,2221,0.016945,0,0,1
140,host-24,2,0,14,2,0,0,0.089594,0,32000,2867,0.089594,131072,3348,0.025543,0,0,2
140,host-3,2,0,14,2,0,0,0.116031,0,32000,3713,0.116031,131072,4448,0.033936,0,0,2
140,host-4,1,0,14,1,0,0,0.071406,0,32000,2285,0.071406,131072,2568,0.019592,0,0,1
140,host-5,2,1,14,2,1,0,0.075188,0,32000,2406,0.075188,131072,1508,0.011505,1,0,1
140,host-6,2,0,14,2,0,0,0.095906,0,32000,3069,0.095906,131072,3249,0.024788,0,0,2
140,host-7,1,0,14,1,0,0,0.045187,0,32000,1446,0.045187,131072,1444,0.011017,0,0,1
140,host-8,1,0,14,1,0,0,0.074125,0,32000,2372,0.074125,131072,2377,0.018135,0,0,1
140,host-9,2,0,14,2,0,0,0.104531,0,32000,3345,0.104531,131072,3935,0.030022,0,0,2
141,host-1,1,0,14,1,0,0,0.073781,0,32000,2361,0.073781,131072,2606,0.019882,0,0,1
141,host-10,1,0,14,1,0,0,0.059625,0,32000,1908,0.059625,131072,2224,0.016968,0,0,1
141,host-11,2,0,14,2,0,0,0.094844,0,32000,3035,0.094844,131072,1538,0.011734,0,0,2
141,host-12,2,0,14,2,0,0,0.093250,0,32000,2984,0.093250,131072,2915,0.022240,0,0,2
141,host-13,2,0,14,2,0,0,0.078063,0,32000,2498,0.078063,131072,2051,0.015648,0,0,2
141,host-14,2,0,14,2,0,0,0.100406,0,32000,3213,0.100406,131072,3679,0.028069,0,0,2
141,host-15,3,0,14,3,0,0,0.096531,0,32000,3089,0.096531,131072,3280,0.025024,0,0,3
141,host-16,1,0,14,1,0,0,0.071406,0,32000,2285,0.071406,131072,2568,0.019592,0,0,1
141,host-17,1,0,14,1,0,0,0.071094,0,32000,2275,0.071094,131072,2314,0.017654,0,0,1
141,host-18,2,1,14,2,1,0,0.120531,0,32000,3857,0.120531,131072,3992,0.030457,1,0,1
141,host-19,2,1,14,2,1,0,0.081000,0,32000,2592,0.081000,131072,2256,0.017212,1,0,1
141,host-2,2,0,14,2,0,0,0.083687,0,32000,2678,0.083687,131072,2827,0.021568,0,0,2
141,host-20,2,1,14,2,1,0,0.074688,0,32000,2390,0.074688,131072,1454,0.011093,1,0,1
141,host-21,2,0,14,2,0,0,0.105500,0,32000,3376,0.105500,131072,2782,0.021225,0,0,2
141,host-22,1,0,14,1,0,0,0.066531,0,32000,2129,0.066531,131072,2221,0.016945,0,0,1
141,host-23,1,0,14,1,0,0,0.066531,0,32000,2129,0.066531,131072,2221,0.016945,0,0,1
141,host-24,2,0,14,2,0,0,0.089594,0,32000,2867,0.089594,131072,3348,0.025543,0,0,2
141,host-3,1,0,14,1,0,0,0.059594,0,32000,1907,0.059594,131072,2324,0.017731,0,0,1
141,host-4,1,0,14,1,0,0,0.071406,0,32000,2285,0.071406,131072,2568,0.019592,0,0,1
141,host-5,2,1,14,2,1,0,0.075188,0,32000,2406,0.075188,131072,1508,0.011505,1,0,1
141,host-6,2,0,14,2,0,0,0.095906,0,32000,3069,0.095906,131072,3249,0.024788,0,0,2
141,host-7,2,1,14,2,1,0,0.112469,0,32000,3599,0.112469,131072,4080,0.031128,1,0,1
141,host-8,1,0,14,1,0,0,0.074125,0,32000,2372,0.074125,131072,2377,0.018135,0,0,1
141,host-9,2,0,14,2,0,0,0.104531,0,32000,3345,0.104531,131072,3935,0.030022,0,0,2
142,host-1,1,0,14,1,0,0,0.073781,0,32000,2361,0.073781,131072,2606,0.019882,0,0,1
142,host-10,2,1,14,2,1,0,0.103625,0,32000,3316,0.103625,131072,4106,0.031326,1,0,1
142,host-11,1,0,14,1,0,0,0.058344,0,32000,1867,0.058344,131072,1188,0.009064,0,0,1
142,host-12,2,0,14,2,0,0,0.093250,0,32000,2984,0.093250,131072,2915,0.022240,0,0,2
142,host-13,2,0,14,2,0,0,0.078063,0,32000,2498,0.078063,131072,2051,0.015648,0,0,2
142,host-14,2,0,14,2,0,0,0.100406,0,32000,3213,0.100406,131072,3679,0.028069,0,0,2
142,host-15,3,0,14,3,0,0,0.096531,0,32000,3089,0.096531,131072,3280,0.025024,0,0,3
142,host-16,1,0,14,1,0,0,0.071406,0,32000,2285,0.071406,131072,2568,0.019592,0,0,1
142,host-17,1,0,14,1,0,0,0.071094,0,32000,2275,0.071094,131072,2314,0.017654,0,0,1
142,host-18,2,0,14,2,0,0,0.120531,0,32000,3857,0.120531,131072,3992,0.030457,0,0,2
142,host-19,2,1,14,2,1,0,0.081000,0,32000,2592,0.081000,131072,2256,0.017212,1,0,1
142,host-2,2,0,14,2,0,0,0.083687,0,32000,2678,0.083687,131072,2827,0.021568,0,0,2
142,host-20,2,1,14,2,1,0,0.074688,0,32000,2390,0.074688,131072,1454,0.011093,0,1,1
142,host-21,2,0,14,2,0,0,0.105500,0,32000,3376,0.105500,131072,2782,0.021225,0,0,2
142,host-22,2,1,14,2,1,0,0.109875,0,32000,3516,0.109875,131072,3095,0.023613,1,0,1
142,host-23,1,0,14,1,0,0,0.066531,0,32000,2129,0.066531,131072,2221,0.016945,0,0,1
142,host-24,2,0,14,2,0,0,0.089594,0,32000,2867,0.089594,131072,3348,0.025543,0,0,2
142,host-3,1,1,14,1,1,0,0.067281,0,32000,2153,0.067281,131072,2636,0.020111,1,0,0
142,host-4,1,0,14,1,0,0,0.071406,0,32000,2285,0.071406,131072,2568,0.019592,0,0,1
142,host-5,2,0,14,2,0,0,0.075188,0,32000,2406,0.075188,131072,1508,0.011505,0,0,2
142,host-6,2,0,14,2,0,0,0.095906,0,32000,3069,0.095906,131072,3249,0.024788,0,0,2
142,host-7,2,1,14,2,1,0,0.112469,0,32000,3599,0.112469,131072,4080,0.031128,1,0,1
142,host-8,1,0,14,1,0,0,0.074125,0,32000,2372,0.074125,131072,2377,0.018135,0,0,1
142,host-9,1,0,14,1,0,0,0.074125,0,32000,2372,0.074125,131072,2377,0.018135,0,0,1
143,host-1,1,0,14,1,0,0,0.073781,0,32000,2361,0.073781,131072,2606,0.019882,0,0,1
143,host-10,2,1,14,2,1,0,0.103625,0,32000,3316,0.103625,131072,4106,0.031326,1,0,1
143,host-11,2,1,14,2,1,0,0.091156,0,32000,2917,0.091156,131072,2008,0.015320,1,0,1
143,host-12,2,0,14,2,0,0,0.093250,0,32000,2984,0.093250,131072,2915,0.022240,0,0,2
143,host-13,2,0,14,2,0,0,0.078063,0,32000,2498,0.078063,131072,2051,0.015648,0,0,2
143,host-14,2,0,14,2,0,0,0.100406,0,32000,3213,0.100406,131072,3679,0.028069,0,0,2
143,host-15,3,0,14,3,0,0,0.096531,0,32000,3089,0.096531,131072,3280,0.025024,0,0,3
143,host-16,1,0,14,1,0,0,0.071406,0,32000,2285,0.071406,131072,2568,0.019592,0,0,1
143,host-17,1,0,14,1,0,0,0.071094,0,32000,2275,0.071094,131072,2314,0.017654,0,0,1
143,host-18,2,1,14,2,1,0,0.120531,0,32000,3857,0.120531,131072,3992,0.030457,0,1,1
143,host-19,2,0,14,2,0,0,0.081000,0,32000,2592,0.081000,131072,2256,0.017212,0,0,2
143,host-2,2,0,14,2,0,0,0.083687,0,32000,2678,0.083687,131072,2827,0.021568,0,0,2
143,host-20,2,0,14,2,0,0,0.074688,0,32000,2390,0.074688,131072,1454,0.011093,0,0,2
143,host-21,2,0,14,2,0,0,0.105500,0,32000,3376,0.105500,131072,2782,0.021225,0,0,2
143,host-22,2,1,14,2,1,0,0.109875,0,32000,3516,0.109875,131072,3095,0.023613,1,0,1
143,host-23,1,0,14,1,0,0,0.066531,0,32000,2129,0.066531,131072,2221,0.016945,0,0,1
143,host-24,2,0,14,2,0,0,0.089594,0,32000,2867,0.089594,131072,3348,0.025543,0,0,2
143,host-3,1,0,14,1,0,0,0.067281,0,32000,2153,0.067281,131072,2636,0.020111,0,0,1
143,host-4,1,0,14,1,0,0,0.071406,0,32000,2285,0.071406,131072,2568,0.019592,0,0,1
143,host-5,2,0,14,2,0,0,0.075188,0,32000,2406,0.075188,131072,1508,0.011505,0,0,2
143,host-6,2,0,14,2,0,0,0.095906,0,32000,3069,0.095906,131072,3249,0.024788,0,0,2
143,host-7,2,0,14,2,0,0,0.112469,0,32000,3599,0.112469,131072,4080,0.031128,0,0,2
143,host-8,1,0,14,1,0,0,0.074125,0,32000,2372,0.074125,131072,2377,0.018135,0,0,1
143,host-9,1,0,14,1,0,0,0.074125,0,32000,2372,0.074125,131072,2377,0.018135,0,0,1
144,host-1,2,1,14,2,1,0,0.111125,0,32000,3556,0.111125,131072,3849,0.029366,1,0,1
144,host-10,2,0,14,2,0,0,0.103625,0,32000,3316,0.103625,131072,4106,0.031326,0,0,2
144,host-11,3,1,14,3,1,0,0.162594,0,32000,5203,0.162594,131072,3874,0.029556,1,0,2
144,host-12,3,1,14,3,1,0,0.121563,0,32000,3890,0.121563,131072,4113,0.031380,1,0,2
144,host-13,3,1,14,3,1,0,0.136719,0,32000,4375,0.136719,131072,3615,0.027580,1,0,2
144,host-14,3,2,14,3,2,0,0.159406,0,32000,5101,0.159406,131072,5344,0.040771,2,0,1
144,host-15,4,2,14,4,2,0,0.168719,0,32000,5399,0.168719,131072,4481,0.034187,2,0,2
144,host-16,2,1,14,2,1,0,0.120406,0,32000,3853,0.120406,131072,4445,0.033913,1,0,1
144,host-17,2,1,14,2,1,0,0.131281,0,32000,4201,0.131281,131072,4124,0.031464,1,0,1
144,host-18,2,0,14,2,0,0,0.120531,0,32000,3857,0.120531,131072,3992,0.030457,0,0,2
144,host-19,3,1,14,3,1,0,0.128562,0,32000,4114,0.128562,131072,4106,0.031326,1,0,2
144,host-2,3,1,14,3,1,0,0.119531,0,32000,3825,0.119531,131072,3691,0.028160,1,0,2
144,host-20,3,1,14,3,1,0,0.113625,0,32000,3636,0.113625,131072,2249,0.017159,1,0,2
144,host-21,2,0,14,2,0,0,0.105500,0,32000,3376,0.105500,131072,2782,0.021225,0,0,2
144,host-22,2,0,14,2,0,0,0.109875,0,32000,3516,0.109875,131072,3095,0.023613,0,0,2
144,host-23,3,2,14,3,2,0,0.130688,0,32000,4182,0.130688,131072,3831,0.029228,1,1,1
144,host-24,3,1,14,3,1,0,0.155812,0,32000,4986,0.155812,131072,6090,0.046463,1,0,2
144,host-3,2,1,14,2,1,0,0.136219,0,32000,4359,0.136219,131072,5278,0.040268,1,0,1
144,host-4,2,1,14,2,1,0,0.112812,0,32000,3610,0.112812,131072,3599,0.027458,1,0,1
144,host-5,3,1,14,3,1,0,0.112719,0,32000,3607,0.112719,131072,2560,0.019531,1,0,2
144,host-6,3,1,14,3,1,0,0.118875,0,32000,3804,0.118875,131072,4445,0.033913,1,0,2
144,host-7,2,0,14,2,0,0,0.112469,0,32000,3599,0.112469,131072,4080,0.031128,0,0,2
144,host-8,2,1,14,2,1,0,0.142125,0,32000,4548,0.142125,131072,5256,0.040100,1,0,1
144,host-9,2,1,14,2,1,0,0.109000,0,32000,3488,0.109000,131072,4140,0.031586,1,0,1
145,host-1,2,0,14,2,0,0,0.111125,0,32000,3556,0.111125,131072,3849,0.029366,0,0,2
145,host-10,3,1,14,3,1,0,0.161531,0,32000,5169,0.161531,131072,5513,0.042061,1,0,2
145,host-11,3,1,14,3,1,0,0.162594,0,32000,5203,0.162594,131072,3874,0.029556,1,0,2
145,host-12,2,1,14,2,1,0,0.094687,0,32000,3030,0.094687,131072,3582,0.027328,1,0,1
145,host-13,2,0,14,2,0,0,0.108938,0,32000,3486,0.108938,131072,3093,0.023598,0,0,2
145,host-14,2,1,14,2,1,0,0.085625,0,32000,2740,0.085625,131072,2738,0.020889,1,0,1
145,host-15,4,1,14,4,1,0,0.168719,0,32000,5399,0.168719,131072,4481,0.034187,1,0,3
145,host-16,2,1,14,2,1,0,0.120406,0,32000,3853,0.120406,131072,4445,0.033913,1,0,1
145,host-17,2,0,14,2,0,0,0.131281,0,32000,4201,0.131281,131072,4124,0.031464,0,0,2
145,host-18,2,0,14,2,0,0,0.120531,0,32000,3857,0.120531,131072,3992,0.030457,0,0,2
145,host-19,3,0,14,3,0,0,0.128562,0,32000,4114,0.128562,131072,4106,0.031326,0,0,3
145,host-2,3,0,14,3,0,0,0.119531,0,32000,3825,0.119531,131072,3691,0.028160,0,0,3
145,host-20,3,0,14,3,0,0,0.113625,0,32000,3636,0.113625,131072,2249,0.017159,0,0,3
145,host-21,3,1,14,3,1,0,0.147219,0,32000,4711,0.147219,131072,3289,0.025093,1,0,2
145,host-22,2,1,14,2,1,0,0.109875,0,32000,3516,0.109875,131072,3095,0.023613,0,1,1
145,host-23,3,1,14,3,1,0,0.130688,0,32000,4182,0.130688,131072,3831,0.029228,1,0,2
145,host-24,3,1,14,3,1,0,0.155812,0,32000,4986,0.155812,131072,6090,0.046463,1,0,2
145,host-3,2,0,14,2,0,0,0.136219,0,32000,4359,0.136219,131072,5278,0.040268,0,0,2
145,host-4,2,0,14,2,0,0,0.112812,0,32000,3610,0.112812,131072,3599,0.027458,0,0,2
145,host-5,3,1,14,3,1,0,0.112719,0,32000,3607,0.112719,131072,2560,0.019531,1,0,2
145,host-6,3,0,14,3,0,0,0.118875,0,32000,3804,0.118875,131072,4445,0.033913,0,0,3
145,host-7,2,0,14,2,0,0,0.112469,0,32000,3599,0.112469,131072,4080,0.031128,0,0,2
145,host-8,2,0,14,2,0,0,0.142125,0,32000,4548,0.142125,131072,5256,0.040100,0,0,2
145,host-9,2,1,14,2,1,0,0.109000,0,32000,3488,0.109000,131072,4140,0.031586,1,0,1
146,host-1,2,0,14,2,0,0,0.111125,0,32000,3556,0.111125,131072,3849,0.029366,0,0,2
146,host-10,3,0,14,3,0,0,0.161531,0,32000,5169,0.161531,131072,5513,0.042061,0,0,3
146,host-11,3,0,14,3,0,0,0.162594,0,32000,5203,0.162594,131072,3874,0.029556,0,0,3
146,host-12,2,0,14,2,0,0,0.094687,0,32000,3030,0.094687,131072,3582,0.027328,0,0,2
146,host-13,2,0,14,2,0,0,0.108938,0,32000,3486,0.108938,131072,3093,0.023598,0,0,2
146,host-14,2,0,14,2,0,0,0.085625,0,32000,2740,0.085625,131072,2738,0.020889,0,0,2
146,host-15,3,0,14,3,0,0,0.140937,0,32000,4510,0.140937,131072,3959,0.030205,0,0,3
146,host-16,2,0,14,2,0,0,0.120406,0,32000,3853,0.120406,131072,4445,0.033913,0,0,2
146,host-17,2,0,14,2,0,0,0.131281,0,32000,4201,0.131281,131072,4124,0.031464,0,0,2
146,host-18,2,0,14,2,0,0,0.120531,0,32000,3857,0.120531,131072,3992,0.030457,0,0,2
146,host-19,3,0,14,3,0,0,0.128562,0,32000,4114,0.128562,131072,4106,0.031326,0,0,3
146,host-2,3,0,14,3,0,0,0.119531,0,32000,3825,0.119531,131072,3691,0.028160,0,0,3
146,host-20,3,0,14,3,0,0,0.113625,0,32000,3636,0.113625,131072,2249,0.017159,0,0,3
146,host-21,3,1,14,3,1,0,0.147219,0,32000,4711,0.147219,131072,3289,0.025093,1,0,2
146,host-22,2,0,14,2,0,0,0.109875,0,32000,3516,0.109875,131072,3095,0.023613,0,0,2
146,host-23,3,0,14,3,0,0,0.130688,0,32000,4182,0.130688,131072,3831,0.029228,0,0,3
146,host-24,3,0,14,3,0,0,0.155812,0,32000,4986,0.155812,131072,6090,0.046463,0,0,3
146,host-3,2,0,14,2,0,0,0.136219,0,32000,4359,0.136219,131072,5278,0.040268,0,0,2
146,host-4,2,0,14,2,0,0,0.112812,0,32000,3610,0.112812,131072,3599,0.027458,0,0,2
146,host-5,3,0,14,3,0,0,0.112719,0,32000,3607,0.112719,131072,2560,0.019531,0,0,3
146,host-6,3,0,14,3,0,0,0.118875,0,32000,3804,0.118875,131072,4445,0.033913,0,0,3
146,host-7,2,0,14,2,0,0,0.112469,0,32000,3599,0.112469,131072,4080,0.031128,0,0,2
146,host-8,2,0,14,2,0,0,0.142125,0,32000,4548,0.142125,131072,5256,0.040100,0,0,2
146,host-9,2,0,14,2,0,0,0.109000,0,32000,3488,0.109000,131072,4140,0.031586,0,0,2
147,host-1,3,2,14,3,2,0,0.164062,0,32000,5250,0.164062,131072,6110,0.046616,1,1,1
147,host-10,3,0,14,3,0,0,0.161531,0,32000,5169,0.161531,131072,5513,0.042061,0,0,3
147,host-11,3,0,14,3,0,0,0.162594,0,32000,5203,0.162594,131072,3874,0.029556,0,0,3
147,host-12,3,1,14,3,1,0,0.160531,0,32000,5137,0.160531,131072,5445,0.041542,1,0,2
147,host-13,3,2,14,3,2,0,0.174719,0,32000,5591,0.174719,131072,5855,0.044670,2,0,1
147,host-14,3,1,14,3,1,0,0.147781,0,32000,4729,0.147781,131072,4205,0.032082,1,0,2
147,host-15,3,0,14,3,0,0,0.140937,0,32000,4510,0.140937,131072,3959,0.030205,0,0,3
147,host-16,2,0,14,2,0,0,0.120406,0,32000,3853,0.120406,131072,4445,0.033913,0,0,2
147,host-17,2,0,14,2,0,0,0.131281,0,32000,4201,0.131281,131072,4124,0.031464,0,0,2
147,host-18,2,0,14,2,0,0,0.120531,0,32000,3857,0.120531,131072,3992,0.030457,0,0,2
147,host-19,3,0,14,3,0,0,0.128562,0,32000,4114,0.128562,131072,4106,0.031326,0,0,3
147,host-2,3,0,14,3,0,0,0.119531,0,32000,3825,0.119531,131072,3691,0.028160,0,0,3
147,host-20,3,0,14,3,0,0,0.113625,0,32000,3636,0.113625,131072,2249,0.017159,0,0,3
147,host-21,3,0,14,3,0,0,0.147219,0,32000,4711,0.147219,131072,3289,0.025093,0,0,3
147,host-22,3,1,14,3,1,0,0.154938,0,32000,4958,0.154938,131072,3860,0.029449,1,0,2
147,host-23,3,0,14,3,0,0,0.130688,0,32000,4182,0.130688,131072,3831,0.029228,0,0,3
147,host-24,3,0,14,3,0,0,0.155812,0,32000,4986,0.155812,131072,6090,0.046463,0,0,3
147,host-3,2,0,14,2,0,0,0.136219,0,32000,4359,0.136219,131072,5278,0.040268,0,0,2
147,host-4,2,0,14,2,0,0,0.112812,0,32000,3610,0.112812,131072,3599,0.027458,0,0,2
147,host-5,3,0,14,3,0,0,0.112719,0,32000,3607,0.112719,131072,2560,0.019531,0,0,3
147,host-6,3,0,14,3,0,0,0.118875,0,32000,3804,0.118875,131072,4445,0.033913,0,0,3
147,host-7,2,0,14,2,0,0,0.112469,0,32000,3599,0.112469,131072,4080,0.031128,0,0,2
147,host-8,2,0,14,2,0,0,0.142125,0,32000,4548,0.142125,131072,5256,0.040100,0,0,2
147,host-9,3,1,14,3,1,0,0.155281,0,32000,4969,0.155281,131072,5386,0.041092,1,0,2
148,host-1,3,0,14,3,0,0,0.164062,0,32000,5250,0.164062,131072,6110,0.046616,0,0,3
148,host-10,3,0,14,3,0,0,0.161531,0,32000,5169,0.161531,131072,5513,0.042061,0,0,3
148,host-11,3,0,14,3,0,0,0.162594,0,32000,5203,0.162594,131072,3874,0.029556,0,0,3
148,host-12,3,1,14,3,1,0,0.160531,0,32000,5137,0.160531,131072,5445,0.041542,1,0,2
148,host-13,3,1,14,3,1,0,0.174719,0,32000,5591,0.174719,131072,5855,0.044670,1,0,2
148,host-14,3,0,14,3,0,0,0.147781,0,32000,4729,0.147781,131072,4205,0.032082,0,0,3
148,host-15,3,0,14,3,0,0,0.140937,0,32000,4510,0.140937,131072,3959,0.030205,0,0,3
148,host-16,2,0,14,2,0,0,0.120406,0,32000,3853,0.120406,131072,4445,0.033913,0,0,2
148,host-17,2,0,14,2,0,0,0.131281,0,32000,4201,0.131281,131072,4124,0.031464,0,0,2
148,host-18,2,0,14,2,0,0,0.120531,0,32000,3857,0.120531,131072,3992,0.030457,0,0,2
148,host-19,3,0,14,3,0,0,0.128562,0,32000,4114,0.128562,131072,4106,0.031326,0,0,3
148,host-2,3,0,14,3,0,0,0.119531,0,32000,3825,0.119531,131072,3691,0.028160,0,0,3
148,host-20,3,0,14,3,0,0,0.113625,0,32000,3636,0.113625,131072,2249,0.017159,0,0,3
148,host-21,3,0,14,3,0,0,0.147219,0,32000,4711,0.147219,131072,3289,0.025093,0,0,3
148,host-22,3,0,14,3,0,0,0.154938,0,32000,4958,0.154938,131072,3860,0.029449,0,0,3
148,host-23,3,0,14,3,0,0,0.130688,0,32000,4182,0.130688,131072,3831,0.029228,0,0,3
148,host-24,3,0,14,3,0,0,0.155812,0,32000,4986,0.155812,131072,6090,0.046463,0,0,3
148,host-3,2,0,14,2,0,0,0.136219,0,32000,4359,0.136219,131072,5278,0.040268,0,0,2
148,host-4,2,0,14,2,0,0,0.112812,0,32000,3610,0.112812,131072,3599,0.027458,0,0,2
148,host-5,4,1,14,4,1,0,0.165594,0,32000,5299,0.165594,131072,4582,0.034958,1,0,3
148,host-6,3,0,14,3,0,0,0.118875,0,32000,3804,0.118875,131072,4445,0.033913,0,0,3
148,host-7,3,1,14,3,1,0,0.155156,0,32000,4965,0.155156,131072,5661,0.043190,1,0,2
148,host-8,1,0,14,1,0,0,0.068000,0,32000,2176,0.068000,131072,2879,0.021965,0,0,1
148,host-9,2,2,14,2,2,0,0.081156,0,32000,2597,0.081156,131072,3009,0.022957,1,1,0
149,host-1,3,0,14,3,0,0,0.164062,0,32000,5250,0.164062,131072,6110,0.046616,0,0,3
149,host-10,3,0,14,3,0,0,0.161531,0,32000,5169,0.161531,131072,5513,0.042061,0,0,3
149,host-11,3,0,14,3,0,0,0.162594,0,32000,5203,0.162594,131072,3874,0.029556,0,0,3
149,host-12,3,0,14,3,0,0,0.160531,0,32000,5137,0.160531,131072,5445,0.041542,0,0,3
149,host-13,3,0,14,3,0,0,0.174719,0,32000,5591,0.174719,131072,5855,0.044670,0,0,3
149,host-14,3,0,14,3,0,0,0.147781,0,32000,4729,0.147781,131072,4205,0.032082,0,0,3
149,host-15,3,0,14,3,0,0,0.140937,0,32000,4510,0.140937,131072,3959,0.030205,0,0,3
149,host-16,2,0,14,2,0,0,0.120406,0,32000,3853,0.120406,131072,4445,0.033913,0,0,2
149,host-17,2,0,14,2,0,0,0.131281,0,32000,4201,0.131281,131072,4124,0.031464,0,0,2
149,host-18,2,0,14,2,0,0,0.120531,0,32000,3857,0.120531,131072,3992,0.030457,0,0,2
149,host-19,3,1,14,3,1,0,0.128562,0,32000,4114,0.128562,131072,4106,0.031326,0,1,2
149,host-2,3,0,14,3,0,0,0.119531,0,32000,3825,0.119531,131072,3691,0.028160,0,0,3
149,host-20,3,0,14,3,0,0,0.113625,0,32000,3636,0.113625,131072,2249,0.017159,0,0,3
149,host-21,3,0,14,3,0,0,0.147219,0,32000,4711,0.147219,131072,3289,0.025093,0,0,3
149,host-22,3,0,14,3,0,0,0.154938,0,32000,4958,0.154938,131072,3860,0.029449,0,0,3
149,host-23,2,0,14,2,0,0,0.064156,0,32000,2053,0.064156,131072,1610,0.012283,0,0,2
149,host-24,3,0,14,3,0,0,0.155812,0,32000,4986,0.155812,131072,6090,0.046463,0,0,3
149,host-3,2,0,14,2,0,0,0.136219,0,32000,4359,0.136219,131072,5278,0.040268,0,0,2
149,host-4,2,0,14,2,0,0,0.112812,0,32000,3610,0.112812,131072,3599,0.027458,0,0,2
149,host-5,4,1,14,4,1,0,0.165594,0,32000,5299,0.165594,131072,4582,0.034958,1,0,3
149,host-6,3,0,14,3,0,0,0.118875,0,32000,3804,0.118875,131072,4445,0.033913,0,0,3
149,host-7,3,0,14,3,0,0,0.155156,0,32000,4965,0.155156,131072,5661,0.043190,0,0,3
149,host-8,2,1,14,2,1,0,0.121125,0,32000,3876,0.121125,131072,4384,0.033447,1,0,1
149,host-9,2,0,14,2,0,0,0.081156,0,32000,2597,0.081156,131072,3009,0.022957,0,0,2
150,host-1,3,0,14,3,0,0,0.164062,0,32000,5250,0.164062,131072,6110,0.046616,0,0,3
150,host-10,3,0,14,3,0,0,0.161531,0,32000,5169,0.161531,131072,5513,0.042061,0,0,3
150,host-11,3,1,14,3,1,0,0.162594,0,32000,5203,0.162594,131072,3874,0.029556,0,1,2
150,host-12,3,0,14,3,0,0,0.160531,0,32000,5137,0.160531,131072,5445,0.041542,0,0,3
150,host-13,3,0,14,3,0,0,0.174719,0,32000,5591,0.174719,131072,5855,0.044670,0,0,3
150,host-14,3,0,14,3,0,0,0.147781,0,32000,4729,0.147781,131072,4205,0.032082,0,0,3
150,host-15,3,0,14,3,0,0,0.140937,0,32000,4510,0.140937,131072,3959,0.030205,0,0,3
150,host-16,2,0,14,2,0,0,0.120406,0,32000,3853,0.120406,131072,4445,0.033913,0,0,2
150,host-17,2,0,14,2,0,0,0.131281,0,32000,4201,0.131281,131072,4124,0.031464,0,0,2
150,host-18,2,0,14,2,0,0,0.120531,0,32000,3857,0.120531,131072,3992,0.030457,0,0,2
150,host-19,3,0,14,3,0,0,0.128562,0,32000,4114,0.128562,131072,4106,0.031326,0,0,3
150,host-2,3,0,14,3,0,0,0.119531,0,32000,3825,0.119531,131072,3691,0.028160,0,0,3
150,host-20,4,1,14,4,1,0,0.164437,0,32000,5262,0.164437,131072,3832,0.029236,1,0,3
150,host-21,3,0,14,3,0,0,0.147219,0,32000,4711,0.147219,131072,3289,0.025093,0,0,3
150,host-22,3,0,14,3,0,0,0.154938,0,32000,4958,0.154938,131072,3860,0.029449,0,0,3
150,host-23,4,2,14,4,2,0,0.142531,0,32000,4561,0.142531,131072,4489,0.034248,2,0,2
150,host-24,3,0,14,3,0,0,0.155812,0,32000,4986,0.155812,131072,6090,0.046463,0,0,3
150,host-3,2,0,14,2,0,0,0.136219,0,32000,4359,0.136219,131072,5278,0.040268,0,0,2
150,host-4,3,1,14,3,1,0,0.165375,0,32000,5292,0.165375,131072,5352,0.040833,1,0,2
150,host-5,4,0,14,4,0,0,0.165594,0,32000,5299,0.165594,131072,4582,0.034958,0,0,4
150,host-6,3,0,14,3,0,0,0.118875,0,32000,3804,0.118875,131072,4445,0.033913,0,0,3
150,host-7,3,0,14,3,0,0,0.155156,0,32000,4965,0.155156,131072,5661,0.043190,0,0,3
150,host-8,2,1,14,2,1,0,0.121125,0,32000,3876,0.121125,131072,4384,0.033447,1,0,1
150,host-9,4,2,14,4,2,0,0.153594,0,32000,4915,0.153594,131072,5373,0.040993,2,0,2
151,host-1,3,0,14,3,0,0,0.164062,0,32000,5250,0.164062,131072,6110,0.046616,0,0,3
151,host-10,3,0,14,3,0,0,0.161531,0,32000,5169,0.161531,131072,5513,0.042061,0,0,3
151,host-11,3,0,14,3,0,0,0.162594,0,32000,5203,0.162594,131072,3874,0.029556,0,0,3
151,host-12,3,0,14,3,0,0,0.160531,0,32000,5137,0.160531,131072,5445,0.041542,0,0,3
151,host-13,3,0,14,3,0,0,0.174719,0,32000,5591,0.174719,131072,5855,0.044670,0,0,3
151,host-14,3,0,14,3,0,0,0.147781,0,32000,4729,0.147781,131072,4205,0.032082,0,0,3
151,host-15,3,1,14,3,1,0,0.140937,0,32000,4510,0.140937,131072,3959,0.030205,0,1,2
151,host-16,2,0,14,2,0,0,0.120406,0,32000,3853,0.120406,131072,4445,0.033913,0,0,2
151,host-17,2,0,14,2,0,0,0.131281,0,32000,4201,0.131281,131072,4124,0.031464,0,0,2
151,host-18,2,0,14,2,0,0,0.120531,0,32000,3857,0.120531,131072,3992,0.030457,0,0,2
151,host-19,3,0,14,3,0,0,0.128562,0,32000,4114,0.128562,131072,4106,0.031326,0,0,3
151,host-2,3,0,14,3,0,0,0.119531,0,32000,3825,0.119531,131072,3691,0.028160,0,0,3
151,host-20,4,1,14,4,1,0,0.164437,0,32000,5262,0.164437,131072,3832,0.029236,1,0,3
151,host-21,3,0,14,3,0,0,0.147219,0,32000,4711,0.147219,131072,3289,0.025093,0,0,3
151,host-22,3,0,14,3,0,0,0.154938,0,32000,4958,0.154938,131072,3860,0.029449,0,0,3
151,host-23,4,2,14,4,2,0,0.142531,0,32000,4561,0.142531,131072,4489,0.034248,1,1,2
151,host-24,3,0,14,3,0,0,0.155812,0,32000,4986,0.155812,131072,6090,0.046463,0,0,3
151,host-3,2,0,14,2,0,0,0.136219,0,32000,4359,0.136219,131072,5278,0.040268,0,0,2
151,host-4,3,0,14,3,0,0,0.165375,0,32000,5292,0.165375,131072,5352,0.040833,0,0,3
151,host-5,4,0,14,4,0,0,0.165594,0,32000,5299,0.165594,131072,4582,0.034958,0,0,4
151,host-6,4,1,14,4,1,0,0.171437,0,32000,5486,0.171437,131072,6198,0.047287,1,0,3
151,host-7,3,0,14,3,0,0,0.155156,0,32000,4965,0.155156,131072,5661,0.043190,0,0,3
151,host-8,2,0,14,2,0,0,0.121125,0,32000,3876,0.121125,131072,4384,0.033447,0,0,2
151,host-9,4,2,14,4,2,0,0.153594,0,32000,4915,0.153594,131072,5373,0.040993,2,0,2
152,host-1,3,1,14,3,1,0,0.164062,0,32000,5250,0.164062,131072,6110,0.046616,0,1,2
152,host-10,3,0,14,3,0,0,0.161531,0,32000,5169,0.161531,131072,5513,0.042061,0,0,3
152,host-11,3,0,14,3,0,0,0.162594,0,32000,5203,0.162594,131072,3874,0.029556,0,0,3
152,host-12,3,0,14,3,0,0,0.160531,0,32000,5137,0.160531,131072,5445,0.041542,0,0,3
152,host-13,3,0,14,3,0,0,0.174719,0,32000,5591,0.174719,131072,5855,0.044670,0,0,3
152,host-14,3,0,14,3,0,0,0.147781,0,32000,4729,0.147781,131072,4205,0.032082,0,0,3
152,host-15,3,0,14,3,0,0,0.140937,0,32000,4510,0.140937,131072,3959,0.030205,0,0,3
152,host-16,3,1,14,3,1,0,0.161625,0,32000,5172,0.161625,131072,5320,0.040588,1,0,2
152,host-17,2,0,14,2,0,0,0.131281,0,32000,4201,0.131281,131072,4124,0.031464,0,0,2
152,host-18,2,0,14,2,0,0,0.120531,0,32000,3857,0.120531,131072,3992,0.030457,0,0,2
152,host-19,3,0,14,3,0,0,0.128562,0,32000,4114,0.128562,131072,4106,0.031326,0,0,3
152,host-2,4,1,14,4,1,0,0.162812,0,32000,5210,0.162812,131072,4769,0.036385,0,1,3
152,host-20,4,1,14,4,1,0,0.164437,0,32000,5262,0.164437,131072,3832,0.029236,0,1,3
152,host-21,3,0,14,3,0,0,0.147219,0,32000,4711,0.147219,131072,3289,0.025093,0,0,3
152,host-22,3,0,14,3,0,0,0.154938,0,32000,4958,0.154938,131072,3860,0.029449,0,0,3
152,host-23,4,0,14,4,0,0,0.142531,0,32000,4561,0.142531,131072,4489,0.034248,0,0,4
152,host-24,3,0,14,3,0,0,0.155812,0,32000,4986,0.155812,131072,6090,0.046463,0,0,3
152,host-3,2,0,14,2,0,0,0.136219,0,32000,4359,0.136219,131072,5278,0.040268,0,0,2
152,host-4,3,0,14,3,0,0,0.165375,0,32000,5292,0.165375,131072,5352,0.040833,0,0,3
152,host-5,4,0,14,4,0,0,0.165594,0,32000,5299,0.165594,131072,4582,0.034958,0,0,4
152,host-6,4,0,14,4,0,0,0.171437,0,32000,5486,0.171437,131072,6198,0.047287,0,0,4
152,host-7,3,0,14,3,0,0,0.155156,0,32000,4965,0.155156,131072,5661,0.043190,0,0,3
152,host-8,2,0,14,2,0,0,0.121125,0,32000,3876,0.121125,131072,4384,0.033447,0,0,2
152,host-9,4,0,14,4,0,0,0.153594,0,32000,4915,0.153594,131072,5373,0.040993,0,0,4
153,host-1,3,0,14,3,0,0,0.164062,0,32000,5250,0.164062,131072,6110,0.046616,0,0,3
153,host-10,3,0,14,3,0,0,0.161531,0,32000,5169,0.161531,131072,5513,0.042061,0,0,3
153,host-11,3,0,14,3,0,0,0.162594,0,32000,5203,0.162594,131072,3874,0.029556,0,0,3
153,host-12,3,0,14,3,0,0,0.160531,0,32000,5137,0.160531,131072,5445,0.041542,0,0,3
153,host-13,3,0,14,3,0,0,0.174719,0,32000,5591,0.174719,131072,5855,0.044670,0,0,3
153,host-14,4,1,14,4,1,0,0.181594,0,32000,5811,0.181594,131072,5505,0.042000,1,0,3
153,host-15,4,2,14,4,2,0,0.209219,0,32000,6695,0.209219,131072,6664,0.050842,1,1,2
153,host-16,3,1,14,3,1,0,0.161625,0,32000,5172,0.161625,131072,5320,0.040588,1,0,2
153,host-17,3,1,14,3,1,0,0.167656,0,32000,5365,0.167656,131072,5294,0.040390,1,0,2
153,host-18,3,0,14,3,0,0,0.155719,0,32000,4983,0.155719,131072,4908,0.037445,0,0,3
153,host-19,4,1,14,4,1,0,0.164313,0,32000,5258,0.164313,131072,5414,0.041306,1,0,3
153,host-2,4,0,14,4,0,0,0.162812,0,32000,5210,0.162812,131072,4769,0.036385,0,0,4
153,host-20,4,0,14,4,0,0,0.164437,0,32000,5262,0.164437,131072,3832,0.029236,0,0,4
153,host-21,4,1,14,4,1,0,0.201750,0,32000,6456,0.201750,131072,5217,0.039803,1,0,3
153,host-22,3,0,14,3,0,0,0.154938,0,32000,4958,0.154938,131072,3860,0.029449,0,0,3
153,host-23,5,1,14,5,1,0,0.198625,0,32000,6356,0.198625,131072,5846,0.044601,1,0,4
153,host-24,3,0,14,3,0,0,0.155812,0,32000,4986,0.155812,131072,6090,0.046463,0,0,3
153,host-3,3,1,14,3,1,0,0.176594,0,32000,5651,0.176594,131072,6692,0.051056,1,0,2
153,host-4,3,0,14,3,0,0,0.165375,0,32000,5292,0.165375,131072,5352,0.040833,0,0,3
153,host-5,4,0,14,4,0,0,0.165594,0,32000,5299,0.165594,131072,4582,0.034958,0,0,4
153,host-6,4,0,14,4,0,0,0.171437,0,32000,5486,0.171437,131072,6198,0.047287,0,0,4
153,host-7,3,0,14,3,0,0,0.155156,0,32000,4965,0.155156,131072,5661,0.043190,0,0,3
153,host-8,4,2,14,4,2,0,0.198250,0,32000,6344,0.198250,131072,6854,0.052292,2,0,2
153,host-9,4,0,14,4,0,0,0.153594,0,32000,4915,0.153594,131072,5373,0.040993,0,0,4
154,host-1,3,0,14,3,0,0,0.164062,0,32000,5250,0.164062,131072,6110,0.046616,0,0,3
154,host-10,3,0,14,3,0,0,0.161531,0,32000,5169,0.161531,131072,5513,0.042061,0,0,3
154,host-11,3,0,14,3,0,0,0.162594,0,32000,5203,0.162594,131072,3874,0.029556,0,0,3
154,host-12,3,0,14,3,0,0,0.160531,0,32000,5137,0.160531,131072,5445,0.041542,0,0,3
154,host-13,3,0,14,3,0,0,0.174719,0,32000,5591,0.174719,131072,5855,0.044670,0,0,3
154,host-14,4,1,14,4,1,0,0.181594,0,32000,5811,0.181594,131072,5505,0.042000,1,0,3
154,host-15,4,0,14,4,0,0,0.209219,0,32000,6695,0.209219,131072,6664,0.050842,0,0,4
154,host-16,3,0,14,3,0,0,0.161625,0,32000,5172,0.161625,131072,5320,0.040588,0,0,3
154,host-17,3,1,14,3,1,0,0.167656,0,32000,5365,0.167656,131072,5294,0.040390,1,0,2
154,host-18,3,0,14,3,0,0,0.155719,0,32000,4983,0.155719,131072,4908,0.037445,0,0,3
154,host-19,4,2,14,4,2,0,0.164313,0,32000,5258,0.164313,131072,5414,0.041306,1,1,2
154,host-2,4,0,14,4,0,0,0.162812,0,32000,5210,0.162812,131072,4769,0.036385,0,0,4
154,host-20,4,0,14,4,0,0,0.164437,0,32000,5262,0.164437,131072,3832,0.029236,0,0,4
154,host-21,4,1,14,4,1,0,0.201750,0,32000,6456,0.201750,131072,5217,0.039803,1,0,3
154,host-22,3,0,14,3,0,0,0.154938,0,32000,4958,0.154938,131072,3860,0.029449,0,0,3
154,host-23,5,0,14,5,0,0,0.198625,0,32000,6356,0.198625,131072,5846,0.044601,0,0,5
154,host-24,3,0,14,3,0,0,0.155812,0,32000,4986,0.155812,131072,6090,0.046463,0,0,3
154,host-3,3,0,14,3,0,0,0.176594,0,32000,5651,0.176594,131072,6692,0.051056,0,0,3
154,host-4,3,0,14,3,0,0,0.165375,0,32000,5292,0.165375,131072,5352,0.040833,0,0,3
154,host-5,4,0,14,4,0,0,0.165594,0,32000,5299,0.165594,131072,4582,0.034958,0,0,4
154,host-6,4,0,14,4,0,0,0.171437,0,32000,5486,0.171437,131072,6198,0.047287,0,0,4
154,host-7,3,0,14,3,0,0,0.155156,0,32000,4965,0.155156,131072,5661,0.043190,0,0,3
154,host-8,4,2,14,4,2,0,0.198250,0,32000,6344,0.198250,131072,6854,0.052292,2,0,2
154,host-9,5,1,14,5,1,0,0.208125,0,32000,6660,0.208125,131072,7301,0.055702,1,0,4
155,host-1,3,0,14,3,0,0,0.164062,0,32000,5250,0.164062,131072,6110,0.046616,0,0,3
155,host-10,3,0,14,3,0,0,0.161531,0,32000,5169,0.161531,131072,5513,0.042061,0,0,3
155,host-11,3,0,14,3,0,0,0.162594,0,32000,5203,0.162594,131072,3874,0.029556,0,0,3
155,host-12,3,0,14,3,0,0,0.160531,0,32000,5137,0.160531,131072,5445,0.041542,0,0,3
155,host-13,3,0,14,3,0,0,0.174719,0,32000,5591,0.174719,131072,5855,0.044670,0,0,3
155,host-14,4,0,14,4,0,0,0.181594,0,32000,5811,0.181594,131072,5505,0.042000,0,0,4
155,host-15,4,0,14,4,0,0,0.209219,0,32000,6695,0.209219,131072,6664,0.050842,0,0,4
155,host-16,3,0,14,3,0,0,0.161625,0,32000,5172,0.161625,131072,5320,0.040588,0,0,3
155,host-17,2,0,14,2,0,0,0.096562,0,32000,3090,0.096562,131072,2980,0.022736,0,0,2
155,host-18,3,0,14,3,0,0,0.155719,0,32000,4983,0.155719,131072,4908,0.037445,0,0,3
155,host-19,4,0,14,4,0,0,0.164313,0,32000,5258,0.164313,131072,5414,0.041306,0,0,4
155,host-2,4,0,14,4,0,0,0.162812,0,32000,5210,0.162812,131072,4769,0.036385,0,0,4
155,host-20,4,0,14,4,0,0,0.164437,0,32000,5262,0.164437,131072,3832,0.029236,0,0,4
155,host-21,4,0,14,4,0,0,0.201750,0,32000,6456,0.201750,131072,5217,0.039803,0,0,4
155,host-22,3,0,14,3,0,0,0.154938,0,32000,4958,0.154938,131072,3860,0.029449,0,0,3
155,host-23,5,1,14,5,1,0,0.198625,0,32000,6356,0.198625,131072,5846,0.044601,0,1,4
155,host-24,3,0,14,3,0,0,0.155812,0,32000,4986,0.155812,131072,6090,0.046463,0,0,3
155,host-3,3,0,14,3,0,0,0.176594,0,32000,5651,0.176594,131072,6692,0.051056,0,0,3
155,host-4,3,0,14,3,0,0,0.165375,0,32000,5292,0.165375,131072,5352,0.040833,0,0,3
155,host-5,4,0,14,4,0,0,0.165594,0,32000,5299,0.165594,131072,4582,0.034958,0,0,4
155,host-6,4,0,14,4,0,0,0.171437,0,32000,5486,0.171437,131072,6198,0.047287,0,0,4
155,host-7,3,0,14,3,0,0,0.155156,0,32000,4965,0.155156,131072,5661,0.043190,0,0,3
155,host-8,4,0,14,4,0,0,0.198250,0,32000,6344,0.198250,131072,6854,0.052292,0,0,4
155,host-9,5,0,14,5,0,0,0.208125,0,32000,6660,0.208125,131072,7301,0.055702,0,0,5
156,host-1,3,0,14,3,0,0,0.164062,0,32000,5250,0.164062,131072,6110,0.046616,0,0,3
156,host-10,3,0,14,3,0,0,0.161531,0,32000,5169,0.161531,131072,5513,0.042061,0,0,3
156,host-11,3,0,14,3,0,0,0.162594,0,32000,5203,0.162594,131072,3874,0.029556,0,0,3
156,host-12,3,1,14,3,1,0,0.160531,0,32000,5137,0.160531,131072,5445,0.041542,0,1,2
156,host-13,3,0,14,3,0,0,0.174719,0,32000,5591,0.174719,131072,5855,0.044670,0,0,3
156,host-14,4,0,14,4,0,0,0.181594,0,32000,5811,0.181594,131072,5505,0.042000,0,0,4
156,host-15,4,0,14,4,0,0,0.209219,0,32000,6695,0.209219,131072,6664,0.050842,0,0,4
156,host-16,3,0,14,3,0,0,0.161625,0,32000,5172,0.161625,131072,5320,0.040588,0,0,3
156,host-17,2,0,14,2,0,0,0.096562,0,32000,3090,0.096562,131072,2980,0.022736,0,0,2
156,host-18,3,0,14,3,0,0,0.155719,0,32000,4983,0.155719,131072,4908,0.037445,0,0,3
156,host-19,4,0,14,4,0,0,0.164313,0,32000,5258,0.164313,131072,5414,0.041306,0,0,4
156,host-2,4,0,14,4,0,0,0.162812,0,32000,5210,0.162812,131072,4769,0.036385,0,0,4
156,host-20,4,0,14,4,0,0,0.164437,0,32000,5262,0.164437,131072,3832,0.029236,0,0,4
156,host-21,4,0,14,4,0,0,0.201750,0,32000,6456,0.201750,131072,5217,0.039803,0,0,4
156,host-22,3,0,14,3,0,0,0.154938,0,32000,4958,0.154938,131072,3860,0.029449,0,0,3
156,host-23,5,0,14,5,0,0,0.198625,0,32000,6356,0.198625,131072,5846,0.044601,0,0,5
156,host-24,3,0,14,3,0,0,0.155812,0,32000,4986,0.155812,131072,6090,0.046463,0,0,3
156,host-3,3,0,14,3,0,0,0.176594,0,32000,5651,0.176594,131072,6692,0.051056,0,0,3
156,host-4,3,0,14,3,0,0,0.165375,0,32000,5292,0.165375,131072,5352,0.040833,0,0,3
156,host-5,4,0,14,4,0,0,0.165594,0,32000,5299,0.165594,131072,4582,0.034958,0,0,4
156,host-6,4,0,14,4,0,0,0.171437,0,32000,5486,0.171437,131072,6198,0.047287,0,0,4
156,host-7,3,0,14,3,0,0,0.155156,0,32000,4965,0.155156,131072,5661,0.043190,0,0,3
156,host-8,4,0,14,4,0,0,0.198250,0,32000,6344,0.198250,131072,6854,0.052292,0,0,4
156,host-9,5,0,14,5,0,0,0.208125,0,32000,6660,0.208125,131072,7301,0.055702,0,0,5
157,host-1,3,0,14,3,0,0,0.164062,0,32000,5250,0.164062,131072,6110,0.046616,0,0,3
157,host-10,3,0,14,3,0,0,0.161531,0,32000,5169,0.161531,131072,5513,0.042061,0,0,3
157,host-11,3,0,14,3,0,0,0.162594,0,32000,5203,0.162594,131072,3874,0.029556,0,0,3
157,host-12,3,0,14,3,0,0,0.160531,0,32000,5137,0.160531,131072,5445,0.041542,0,0,3
157,host-13,3,0,14,3,0,0,0.174719,0,32000,5591,0.174719,131072,5855,0.044670,0,0,3
157,host-14,4,0,14,4,0,0,0.181594,0,32000,5811,0.181594,131072,5505,0.042000,0,0,4
157,host-15,4,0,14,4,0,0,0.209219,0,32000,6695,0.209219,131072,6664,0.050842,0,0,4
157,host-16,3,0,14,3,0,0,0.161625,0,32000,5172,0.161625,131072,5320,0.040588,0,0,3
157,host-17,3,1,14,3,1,0,0.123188,0,32000,3942,0.123188,131072,4053,0.030922,1,0,2
157,host-18,3,0,14,3,0,0,0.155719,0,32000,4983,0.155719,131072,4908,0.037445,0,0,3
157,host-19,4,0,14,4,0,0,0.164313,0,32000,5258,0.164313,131072,5414,0.041306,0,0,4
157,host-2,4,0,14,4,0,0,0.162812,0,32000,5210,0.162812,131072,4769,0.036385,0,0,4
157,host-20,4,0,14,4,0,0,0.164437,0,32000,5262,0.164437,131072,3832,0.029236,0,0,4
157,host-21,4,0,14,4,0,0,0.201750,0,32000,6456,0.201750,131072,5217,0.039803,0,0,4
157,host-22,3,0,14,3,0,0,0.154938,0,32000,4958,0.154938,131072,3860,0.029449,0,0,3
157,host-23,5,0,14,5,0,0,0.198625,0,32000,6356,0.198625,131072,5846,0.044601,0,0,5
157,host-24,3,0,14,3,0,0,0.155812,0,32000,4986,0.155812,131072,6090,0.046463,0,0,3
157,host-3,3,0,14,3,0,0,0.176594,0,32000,5651,0.176594,131072,6692,0.051056,0,0,3
157,host-4,3,0,14,3,0,0,0.165375,0,32000,5292,0.165375,131072,5352,0.040833,0,0,3
157,host-5,4,0,14,4,0,0,0.165594,0,32000,5299,0.165594,131072,4582,0.034958,0,0,4
157,host-6,4,1,14,4,1,0,0.171437,0,32000,5486,0.171437,131072,6198,0.047287,0,1,3
157,host-7,3,0,14,3,0,0,0.155156,0,32000,4965,0.155156,131072,5661,0.043190,0,0,3
157,host-8,4,0,14,4,0,0,0.198250,0,32000,6344,0.198250,131072,6854,0.052292,0,0,4
157,host-9,5,0,14,5,0,0,0.208125,0,32000,6660,0.208125,131072,7301,0.055702,0,0,5
158,host-1,3,0,14,3,0,0,0.164062,0,32000,5250,0.164062,131072,6110,0.046616,0,0,3
158,host-10,3,0,14,3,0,0,0.161531,0,32000,5169,0.161531,131072,5513,0.042061,0,0,3
158,host-11,3,0,14,3,0,0,0.162594,0,32000,5203,0.162594,131072,3874,0.029556,0,0,3
158,host-12,3,0,14,3,0,0,0.160531,0,32000,5137,0.160531,131072,5445,0.041542,0,0,3
158,host-13,3,0,14,3,0,0,0.174719,0,32000,5591,0.174719,131072,5855,0.044670,0,0,3
158,host-14,4,0,14,4,0,0,0.181594,0,32000,5811,0.181594,131072,5505,0.042000,0,0,4
158,host-15,4,0,14,4,0,0,0.209219,0,32000,6695,0.209219,131072,6664,0.050842,0,0,4
158,host-16,3,0,14,3,0,0,0.161625,0,32000,5172,0.161625,131072,5320,0.040588,0,0,3
158,host-17,4,1,14,4,1,0,0.150969,0,32000,4831,0.150969,131072,4575,0.034904,1,0,3
158,host-18,3,0,14,3,0,0,0.155719,0,32000,4983,0.155719,131072,4908,0.037445,0,0,3
158,host-19,4,0,14,4,0,0,0.164313,0,32000,5258,0.164313,131072,5414,0.041306,0,0,4
158,host-2,4,0,14,4,0,0,0.162812,0,32000,5210,0.162812,131072,4769,0.036385,0,0,4
158,host-20,4,0,14,4,0,0,0.164437,0,32000,5262,0.164437,131072,3832,0.029236,0,0,4
158,host-21,4,0,14,4,0,0,0.201750,0,32000,6456,0.201750,131072,5217,0.039803,0,0,4
158,host-22,3,0,14,3,0,0,0.154938,0,32000,4958,0.154938,131072,3860,0.029449,0,0,3
158,host-23,5,0,14,5,0,0,0.198625,0,32000,6356,0.198625,131072,5846,0.044601,0,0,5
158,host-24,3,0,14,3,0,0,0.155812,0,32000,4986,0.155812,131072,6090,0.046463,0,0,3
158,host-3,3,0,14,3,0,0,0.176594,0,32000,5651,0.176594,131072,6692,0.051056,0,0,3
158,host-4,3,0,14,3,0,0,0.165375,0,32000,5292,0.165375,131072,5352,0.040833,0,0,3
158,host-5,4,0,14,4,0,0,0.165594,0,32000,5299,0.165594,131072,4582,0.034958,0,0,4
158,host-6,4,0,14,4,0,0,0.171437,0,32000,5486,0.171437,131072,6198,0.047287,0,0,4
158,host-7,3,0,14,3,0,0,0.155156,0,32000,4965,0.155156,131072,5661,0.043190,0,0,3
158,host-8,4,0,14,4,0,0,0.198250,0,32000,6344,0.198250,131072,6854,0.052292,0,0,4
158,host-9,5,0,14,5,0,0,0.208125,0,32000,6660,0.208125,131072,7301,0.055702,0,0,5
159,host-1,3,0,14,3,0,0,0.164062,0,32000,5250,0.164062,131072,6110,0.046616,0,0,3
159,host-10,3,0,14,3,0,0,0.161531,0,32000,5169,0.161531,131072,5513,0.042061,0,0,3
159,host-11,3,0,14,3,0,0,0.162594,0,32000,5203,0.162594,131072,3874,0.029556,0,0,3
159,host-12,3,0,14,3,0,0,0.160531,0,32000,5137,0.160531,131072,5445,0.041542,0,0,3
159,host-13,3,0,14,3,0,0,0.174719,0,32000,5591,0.174719,131072,5855,0.044670,0,0,3
159,host-14,4,0,14,4,0,0,0.181594,0,32000,5811,0.181594,131072,5505,0.042000,0,0,4
159,host-15,4,0,14,4,0,0,0.209219,0,32000,6695,0.209219,131072,6664,0.050842,0,0,4
159,host-16,3,0,14,3,0,0,0.161625,0,32000,5172,0.161625,131072,5320,0.040588,0,0,3
159,host-17,4,1,14,4,1,0,0.150969,0,32000,4831,0.150969,131072,4575,0.034904,1,0,3
159,host-18,3,0,14,3,0,0,0.155719,0,32000,4983,0.155719,131072,4908,0.037445,0,0,3
159,host-19,4,0,14,4,0,0,0.164313,0,32000,5258,0.164313,131072,5414,0.041306,0,0,4
159,host-2,3,0,14,3,0,0,0.124594,0,32000,3987,0.124594,131072,3345,0.025520,0,0,3
159,host-20,4,0,14,4,0,0,0.164437,0,32000,5262,0.164437,131072,3832,0.029236,0,0,4
159,host-21,4,0,14,4,0,0,0.201750,0,32000,6456,0.201750,131072,5217,0.039803,0,0,4
159,host-22,3,0,14,3,0,0,0.154938,0,32000,4958,0.154938,131072,3860,0.029449,0,0,3
159,host-23,5,0,14,5,0,0,0.198625,0,32000,6356,0.198625,131072,5846,0.044601,0,0,5
159,host-24,3,0,14,3,0,0,0.155812,0,32000,4986,0.155812,131072,6090,0.046463,0,0,3
159,host-3,3,0,14,3,0,0,0.176594,0,32000,5651,0.176594,131072,6692,0.051056,0,0,3
159,host-4,3,0,14,3,0,0,0.165375,0,32000,5292,0.165375,131072,5352,0.040833,0,0,3
159,host-5,4,0,14,4,0,0,0.165594,0,32000,5299,0.165594,131072,4582,0.034958,0,0,4
159,host-6,4,0,14,4,0,0,0.171437,0,32000,5486,0.171437,131072,6198,0.047287,0,0,4
159,host-7,3,0,14,3,0,0,0.155156,0,32000,4965,0.155156,131072,5661,0.043190,0,0,3
159,host-8,4,0,14,4,0,0,0.198250,0,32000,6344,0.198250,131072,6854,0.052292,0,0,4
159,host-9,5,0,14,5,0,0,0.208125,0,32000,6660,0.208125,131072,7301,0.055702,0,0,5
160,host-1,3,0,14,3,0,0,0.164062,0,32000,5250,0.164062,131072,6110,0.046616,0,0,3
160,host-10,3,0,14,3,0,0,0.161531,0,32000,5169,0.161531,131072,5513,0.042061,0,0,3
160,host-11,3,0,14,3,0,0,0.162594,0,32000,5203,0.162594,131072,3874,0.029556,0,0,3
160,host-12,3,0,14,3,0,0,0.160531,0,32000,5137,0.160531,131072,5445,0.041542,0,0,3
160,host-13,3,0,14,3,0,0,0.174719,0,32000,5591,0.174719,131072,5855,0.044670,0,0,3
160,host-14,4,0,14,4,0,0,0.181594,0,32000,5811,0.181594,131072,5505,0.042000,0,0,4
160,host-15,4,0,14,4,0,0,0.209219,0,32000,6695,0.209219,131072,6664,0.050842,0,0,4
160,host-16,2,0,14,2,0,0,0.090219,0,32000,2887,0.090219,131072,2752,0.020996,0,0,2
160,host-17,4,0,14,4,0,0,0.150969,0,32000,4831,0.150969,131072,4575,0.034904,0,0,4
160,host-18,3,0,14,3,0,0,0.155719,0,32000,4983,0.155719,131072,4908,0.037445,0,0,3
160,host-19,4,0,14,4,0,0,0.164313,0,32000,5258,0.164313,131072,5414,0.041306,0,0,4
160,host-2,3,0,14,3,0,0,0.124594,0,32000,3987,0.124594,131072,3345,0.025520,0,0,3
160,host-20,4,0,14,4,0,0,0.164437,0,32000,5262,0.164437,131072,3832,0.029236,0,0,4
160,host-21,4,0,14,4,0,0,0.201750,0,32000,6456,0.201750,131072,5217,0.039803,0,0,4
160,host-22,3,0,14,3,0,0,0.154938,0,32000,4958,0.154938,131072,3860,0.029449,0,0,3
160,host-23,5,0,14,5,0,0,0.198625,0,32000,6356,0.198625,131072,5846,0.044601,0,0,5
160,host-24,2,0,14,2,0,0,0.092188,0,32000,2950,0.092188,131072,3791,0.028923,0,0,2
160,host-3,3,0,14,3,0,0,0.176594,0,32000,5651,0.176594,131072,6692,0.051056,0,0,3
160,host-4,2,0,14,2,0,0,0.093969,0,32000,3007,0.093969,131072,2784,0.021240,0,0,2
160,host-5,4,0,14,4,0,0,0.165594,0,32000,5299,0.165594,131072,4582,0.034958,0,0,4
160,host-6,4,0,14,4,0,0,0.171437,0,32000,5486,0.171437,131072,6198,0.047287,0,0,4
160,host-7,3,0,14,3,0,0,0.155156,0,32000,4965,0.155156,131072,5661,0.043190,0,0,3
160,host-8,4,0,14,4,0,0,0.198250,0,32000,6344,0.198250,131072,6854,0.052292,0,0,4
160,host-9,5,0,14,5,0,0,0.208125,0,32000,6660,0.208125,131072,7301,0.055702,0,0,5
161,host-1,3,0,14,3,0,0,0.164062,0,32000,5250,0.164062,131072,6110,0.046616,0,0,3
161,host-10,3,0,14,3,0,0,0.161531,0,32000,5169,0.161531,131072,5513,0.042061,0,0,3
161,host-11,3,0,14,3,0,0,0.162594,0,32000,5203,0.162594,131072,3874,0.029556,0,0,3
161,host-12,3,0,14,3,0,0,0.160531,0,32000,5137,0.160531,131072,5445,0.041542,0,0,3
161,host-13,3,0,14,3,0,0,0.174719,0,32000,5591,0.174719,131072,5855,0.044670,0,0,3
161,host-14,4,0,14,4,0,0,0.181594,0,32000,5811,0.181594,131072,5505,0.042000,0,0,4
161,host-15,4,0,14,4,0,0,0.209219,0,32000,6695,0.209219,131072,6664,0.050842,0,0,4
161,host-16,3,1,14,3,1,0,0.117469,0,32000,3759,0.117469,131072,3624,0.027649,1,0,2
161,host-17,4,0,14,4,0,0,0.150969,0,32000,4831,0.150969,131072,4575,0.034904,0,0,4
161,host-18,3,0,14,3,0,0,0.155719,0,32000,4983,0.155719,131072,4908,0.037445,0,0,3
161,host-19,4,0,14,4,0,0,0.164313,0,32000,5258,0.164313,131072,5414,0.041306,0,0,4
161,host-2,2,0,14,2,0,0,0.079125,0,32000,2532,0.079125,131072,1942,0.014816,0,0,2
161,host-20,4,0,14,4,0,0,0.164437,0,32000,5262,0.164437,131072,3832,0.029236,0,0,4
161,host-21,4,0,14,4,0,0,0.201750,0,32000,6456,0.201750,131072,5217,0.039803,0,0,4
161,host-22,3,0,14,3,0,0,0.154938,0,32000,4958,0.154938,131072,3860,0.029449,0,0,3
161,host-23,5,0,14,5,0,0,0.198625,0,32000,6356,0.198625,131072,5846,0.044601,0,0,5
161,host-24,2,0,14,2,0,0,0.092188,0,32000,2950,0.092188,131072,3791,0.028923,0,0,2
161,host-3,3,0,14,3,0,0,0.176594,0,32000,5651,0.176594,131072,6692,0.051056,0,0,3
161,host-4,2,0,14,2,0,0,0.093969,0,32000,3007,0.093969,131072,2784,0.021240,0,0,2
161,host-5,4,0,14,4,0,0,0.165594,0,32000,5299,0.165594,131072,4582,0.034958,0,0,4
161,host-6,4,0,14,4,0,0,0.171437,0,32000,5486,0.171437,131072,6198,0.047287,0,0,4
161,host-7,3,0,14,3,0,0,0.155156,0,32000,4965,0.155156,131072,5661,0.043190,0,0,3
161,host-8,4,0,14,4,0,0,0.198250,0,32000,6344,0.198250,131072,6854,0.052292,0,0,4
161,host-9,5,0,14,5,0,0,0.208125,0,32000,6660,0.208125,131072,7301,0.055702,0,0,5
162,host-1,3,0,14,3,0,0,0.164062,0,32000,5250,0.164062,131072,6110,0.046616,0,0,3
162,host-10,3,0,14,3,0,0,0.161531,0,32000,5169,0.161531,131072,5513,0.042061,0,0,3
162,host-11,3,0,14,3,0,0,0.162594,0,32000,5203,0.162594,131072,3874,0.029556,0,0,3
162,host-12,3,0,14,3,0,0,0.160531,0,32000,5137,0.160531,131072,5445,0.041542,0,0,3
162,host-13,3,0,14,3,0,0,0.174719,0,32000,5591,0.174719,131072,5855,0.044670,0,0,3
162,host-14,4,0,14,4,0,0,0.181594,0,32000,5811,0.181594,131072,5505,0.042000,0,0,4
162,host-15,4,0,14,4,0,0,0.209219,0,32000,6695,0.209219,131072,6664,0.050842,0,0,4
162,host-16,3,0,14,3,0,0,0.117469,0,32000,3759,0.117469,131072,3624,0.027649,0,0,3
162,host-17,4,0,14,4,0,0,0.150969,0,32000,4831,0.150969,131072,4575,0.034904,0,0,4
162,host-18,3,1,14,3,1,0,0.155719,0,32000,4983,0.155719,131072,4908,0.037445,0,1,2
162,host-19,4,0,14,4,0,0,0.164313,0,32000,5258,0.164313,131072,5414,0.041306,0,0,4
162,host-2,2,0,14,2,0,0,0.079125,0,32000,2532,0.079125,131072,1942,0.014816,0,0,2
162,host-20,4,0,14,4,0,0,0.164437,0,32000,5262,0.164437,131072,3832,0.029236,0,0,4
162,host-21,4,0,14,4,0,0,0.201750,0,32000,6456,0.201750,131072,5217,0.039803,0,0,4
162,host-22,3,1,14,3,1,0,0.154938,0,32000,4958,0.154938,131072,3860,0.029449,0,1,2
162,host-23,5,0,14,5,0,0,0.198625,0,32000,6356,0.198625,131072,5846,0.044601,0,0,5
162,host-24,2,0,14,2,0,0,0.092188,0,32000,2950,0.092188,131072,3791,0.028923,0,0,2
162,host-3,3,0,14,3,0,0,0.176594,0,32000,5651,0.176594,131072,6692,0.051056,0,0,3
162,host-4,2,0,14,2,0,0,0.093969,0,32000,3007,0.093969,131072,2784,0.021240,0,0,2
162,host-5,3,0,14,3,0,0,0.134906,0,32000,4317,0.134906,131072,4222,0.032211,0,0,3
162,host-6,4,0,14,4,0,0,0.171437,0,32000,5486,0.171437,131072,6198,0.047287,0,0,4
162,host-7,3,0,14,3,0,0,0.155156,0,32000,4965,0.155156,131072,5661,0.043190,0,0,3
162,host-8,4,0,14,4,0,0,0.198250,0,32000,6344,0.198250,131072,6854,0.052292,0,0,4
162,host-9,5,0,14,5,0,0,0.208125,0,32000,6660,0.208125,131072,7301,0.055702,0,0,5
163,host-1,3,0,14,3,0,0,0.164062,0,32000,5250,0.164062,131072,6110,0.046616,0,0,3
163,host-10,3,0,14,3,0,0,0.161531,0,32000,5169,0.161531,131072,5513,0.042061,0,0,3
163,host-11,2,0,14,2,0,0,0.104250,0,32000,3336,0.104250,131072,2686,0.020493,0,0,2
163,host-12,3,0,14,3,0,0,0.160531,0,32000,5137,0.160531,131072,5445,0.041542,0,0,3
163,host-13,3,0,14,3,0,0,0.174719,0,32000,5591,0.174719,131072,5855,0.044670,0,0,3
163,host-14,4,0,14,4,0,0,0.181594,0,32000,5811,0.181594,131072,5505,0.042000,0,0,4
163,host-15,4,0,14,4,0,0,0.209219,0,32000,6695,0.209219,131072,6664,0.050842,0,0,4
163,host-16,3,0,14,3,0,0,0.117469,0,32000,3759,0.117469,131072,3624,0.027649,0,0,3
163,host-17,4,0,14,4,0,0,0.150969,0,32000,4831,0.150969,131072,4575,0.034904,0,0,4
163,host-18,3,0,14,3,0,0,0.155719,0,32000,4983,0.155719,131072,4908,0.037445,0,0,3
163,host-19,4,0,14,4,0,0,0.164313,0,32000,5258,0.164313,131072,5414,0.041306,0,0,4
163,host-2,3,1,14,3,1,0,0.122906,0,32000,3933,0.122906,131072,2688,0.020508,1,0,2
163,host-20,2,0,14,2,0,0,0.089750,0,32000,2872,0.089750,131072,2378,0.018143,0,0,2
163,host-21,3,0,14,3,0,0,0.147187,0,32000,4710,0.147187,131072,3968,0.030273,0,0,3
163,host-22,3,1,14,3,1,0,0.154938,0,32000,4958,0.154938,131072,3860,0.029449,0,1,2
163,host-23,5,0,14,5,0,0,0.198625,0,32000,6356,0.198625,131072,5846,0.044601,0,0,5
163,host-24,2,0,14,2,0,0,0.092188,0,32000,2950,0.092188,131072,3791,0.028923,0,0,2
163,host-3,2,0,14,2,0,0,0.109313,0,32000,3498,0.109313,131072,4056,0.030945,0,0,2
163,host-4,2,0,14,2,0,0,0.093969,0,32000,3007,0.093969,131072,2784,0.021240,0,0,2
163,host-5,3,0,14,3,0,0,0.134906,0,32000,4317,0.134906,131072,4222,0.032211,0,0,3
163,host-6,4,0,14,4,0,0,0.171437,0,32000,5486,0.171437,131072,6198,0.047287,0,0,4
163,host-7,2,0,14,2,0,0,0.087875,0,32000,2812,0.087875,131072,3025,0.023079,0,0,2
163,host-8,4,0,14,4,0,0,0.198250,0,32000,6344,0.198250,131072,6854,0.052292,0,0,4
163,host-9,5,0,14,5,0,0,0.208125,0,32000,6660,0.208125,131072,7301,0.055702,0,0,5
164,host-1,3,0,14,3,0,0,0.164062,0,32000,5250,0.164062,131072,6110,0.046616,0,0,3
164,host-10,3,0,14,3,0,0,0.161531,0,32000,5169,0.161531,131072,5513,0.042061,0,0,3
164,host-11,1,0,14,1,0,0,0.071438,0,32000,2286,0.071438,131072,1866,0.014236,0,0,1
164,host-12,3,0,14,3,0,0,0.160531,0,32000,5137,0.160531,131072,5445,0.041542,0,0,3
164,host-13,3,0,14,3,0,0,0.174719,0,32000,5591,0.174719,131072,5855,0.044670,0,0,3
164,host-14,4,0,14,4,0,0,0.181594,0,32000,5811,0.181594,131072,5505,0.042000,0,0,4
164,host-15,4,0,14,4,0,0,0.209219,0,32000,6695,0.209219,131072,6664,0.050842,0,0,4
164,host-16,3,0,14,3,0,0,0.117469,0,32000,3759,0.117469,131072,3624,0.027649,0,0,3
164,host-17,4,0,14,4,0,0,0.150969,0,32000,4831,0.150969,131072,4575,0.034904,0,0,4
164,host-18,3,0,14,3,0,0,0.155719,0,32000,4983,0.155719,131072,4908,0.037445,0,0,3
164,host-19,4,0,14,4,0,0,0.164313,0,32000,5258,0.164313,131072,5414,0.041306,0,0,4
164,host-2,3,1,14,3,1,0,0.122906,0,32000,3933,0.122906,131072,2688,0.020508,0,1,2
164,host-20,2,0,14,2,0,0,0.089750,0,32000,2872,0.089750,131072,2378,0.018143,0,0,2
164,host-21,3,0,14,3,0,0,0.147187,0,32000,4710,0.147187,131072,3968,0.030273,0,0,3
164,host-22,3,0,14,3,0,0,0.154938,0,32000,4958,0.154938,131072,3860,0.029449,0,0,3
164,host-23,5,0,14,5,0,0,0.198625,0,32000,6356,0.198625,131072,5846,0.044601,0,0,5
164,host-24,2,0,14,2,0,0,0.092188,0,32000,2950,0.092188,131072,3791,0.028923,0,0,2
164,host-3,2,0,14,2,0,0,0.109313,0,32000,3498,0.109313,131072,4056,0.030945,0,0,2
164,host-4,2,0,14,2,0,0,0.093969,0,32000,3007,0.093969,131072,2784,0.021240,0,0,2
164,host-5,3,0,14,3,0,0,0.134906,0,32000,4317,0.134906,131072,4222,0.032211,0,0,3
164,host-6,4,0,14,4,0,0,0.171437,0,32000,5486,0.171437,131072,6198,0.047287,0,0,4
164,host-7,3,1,14,3,1,0,0.116625,0,32000,3732,0.116625,131072,4222,0.032211,1,0,2
164,host-8,4,0,14,4,0,0,0.198250,0,32000,6344,0.198250,131072,6854,0.052292,0,0,4
164,host-9,5,0,14,5,0,0,0.208125,0,32000,6660,0.208125,131072,7301,0.055702,0,0,5
165,host-1,3,0,14,3,0,0,0.164062,0,32000,5250,0.164062,131072,6110,0.046616,0,0,3
165,host-10,3,0,14,3,0,0,0.161531,0,32000,5169,0.161531,131072,5513,0.042061,0,0,3
165,host-11,2,1,14,2,1,0,0.148656,0,32000,4757,0.148656,131072,4164,0.031769,1,0,1
165,host-12,3,0,14,3,0,0,0.160531,0,32000,5137,0.160531,131072,5445,0.041542,0,0,3
165,host-13,3,0,14,3,0,0,0.174719,0,32000,5591,0.174719,131072,5855,0.044670,0,0,3
165,host-14,4,0,14,4,0,0,0.181594,0,32000,5811,0.181594,131072,5505,0.042000,0,0,4
165,host-15,4,0,14,4,0,0,0.209219,0,32000,6695,0.209219,131072,6664,0.050842,0,0,4
165,host-16,3,0,14,3,0,0,0.117469,0,32000,3759,0.117469,131072,3624,0.027649,0,0,3
165,host-17,4,1,14,4,1,0,0.149125,0,32000,4772,0.149125,131072,3953,0.030159,1,0,3
165,host-18,3,0,14,3,0,0,0.155719,0,32000,4983,0.155719,131072,4908,0.037445,0,0,3
165,host-19,4,0,14,4,0,0,0.164313,0,32000,5258,0.164313,131072,5414,0.041306,0,0,4
165,host-2,3,0,14,3,0,0,0.122906,0,32000,3933,0.122906,131072,2688,0.020508,0,0,3
165,host-20,3,1,14,3,1,0,0.132438,0,32000,4238,0.132438,131072,3630,0.027695,1,0,2
165,host-21,3,0,14,3,0,0,0.147187,0,32000,4710,0.147187,131072,3968,0.030273,0,0,3
165,host-22,3,0,14,3,0,0,0.154938,0,32000,4958,0.154938,131072,3860,0.029449,0,0,3
165,host-23,5,0,14,5,0,0,0.198625,0,32000,6356,0.198625,131072,5846,0.044601,0,0,5
165,host-24,3,1,14,3,1,0,0.147219,0,32000,4711,0.147219,131072,5058,0.038589,1,0,2
165,host-3,4,3,14,4,3,0,0.151062,0,32000,4834,0.151062,131072,3828,0.029205,3,0,1
165,host-4,3,1,14,3,1,0,0.148531,0,32000,4753,0.148531,131072,4033,0.030769,1,0,2
165,host-5,3,0,14,3,0,0,0.134906,0,32000,4317,0.134906,131072,4222,0.032211,0,0,3
165,host-6,4,0,14,4,0,0,0.171437,0,32000,5486,0.171437,131072,6198,0.047287,0,0,4
165,host-7,3,0,14,3,0,0,0.116625,0,32000,3732,0.116625,131072,4222,0.032211,0,0,3
165,host-8,4,0,14,4,0,0,0.198250,0,32000,6344,0.198250,131072,6854,0.052292,0,0,4
165,host-9,5,0,14,5,0,0,0.208125,0,32000,6660,0.208125,131072,7301,0.055702,0,0,5
166,host-1,3,0,14,3,0,0,0.164062,0,32000,5250,0.164062,131072,6110,0.046616,0,0,3
166,host-10,2,0,14,2,0,0,0.103625,0,32000,3316,0.103625,131072,4106,0.031326,0,0,2
166,host-11,2,0,14,2,0,0,0.148656,0,32000,4757,0.148656,131072,4164,0.031769,0,0,2
166,host-12,3,0,14,3,0,0,0.160531,0,32000,5137,0.160531,131072,5445,0.041542,0,0,3
166,host-13,3,0,14,3,0,0,0.174719,0,32000,5591,0.174719,131072,5855,0.044670,0,0,3
166,host-14,4,0,14,4,0,0,0.181594,0,32000,5811,0.181594,131072,5505,0.042000,0,0,4
166,host-15,3,0,14,3,0,0,0.167500,0,32000,5360,0.167500,131072,6157,0.046974,0,0,3
166,host-16,3,0,14,3,0,0,0.117469,0,32000,3759,0.117469,131072,3624,0.027649,0,0,3
166,host-17,4,1,14,4,1,0,0.149125,0,32000,4772,0.149125,131072,3953,0.030159,1,0,3
166,host-18,3,0,14,3,0,0,0.155719,0,32000,4983,0.155719,131072,4908,0.037445,0,0,3
166,host-19,4,0,14,4,0,0,0.164313,0,32000,5258,0.164313,131072,5414,0.041306,0,0,4
166,host-2,3,0,14,3,0,0,0.122906,0,32000,3933,0.122906,131072,2688,0.020508,0,0,3
166,host-20,3,0,14,3,0,0,0.132438,0,32000,4238,0.132438,131072,3630,0.027695,0,0,3
166,host-21,3,0,14,3,0,0,0.147187,0,32000,4710,0.147187,131072,3968,0.030273,0,0,3
166,host-22,3,0,14,3,0,0,0.154938,0,32000,4958,0.154938,131072,3860,0.029449,0,0,3
166,host-23,5,0,14,5,0,0,0.198625,0,32000,6356,0.198625,131072,5846,0.044601,0,0,5
166,host-24,3,1,14,3,1,0,0.147219,0,32000,4711,0.147219,131072,5058,0.038589,1,0,2
166,host-3,4,1,14,4,1,0,0.151062,0,32000,4834,0.151062,131072,3828,0.029205,1,0,3
166,host-4,3,1,14,3,1,0,0.148531,0,32000,4753,0.148531,131072,4033,0.030769,1,0,2
166,host-5,3,0,14,3,0,0,0.134906,0,32000,4317,0.134906,131072,4222,0.032211,0,0,3
166,host-6,4,0,14,4,0,0,0.171437,0,32000,5486,0.171437,131072,6198,0.047287,0,0,4
166,host-7,4,1,14,4,1,0,0.174969,0,32000,5599,0.174969,131072,5410,0.041275,1,0,3
166,host-8,4,0,14,4,0,0,0.198250,0,32000,6344,0.198250,131072,6854,0.052292,0,0,4
166,host-9,5,1,14,5,1,0,0.208125,0,32000,6660,0.208125,131072,7301,0.055702,0,1,4
167,host-1,3,0,14,3,0,0,0.164062,0,32000,5250,0.164062,131072,6110,0.046616,0,0,3
167,host-10,3,1,14,3,1,0,0.160062,0,32000,5122,0.160062,131072,6230,0.047531,0,1,2
167,host-11,2,0,14,2,0,0,0.148656,0,32000,4757,0.148656,131072,4164,0.031769,0,0,2
167,host-12,3,0,14,3,0,0,0.160531,0,32000,5137,0.160531,131072,5445,0.041542,0,0,3
167,host-13,3,1,14,3,1,0,0.174719,0,32000,5591,0.174719,131072,5855,0.044670,0,1,2
167,host-14,4,0,14,4,0,0,0.181594,0,32000,5811,0.181594,131072,5505,0.042000,0,0,4
167,host-15,3,0,14,3,0,0,0.167500,0,32000,5360,0.167500,131072,6157,0.046974,0,0,3
167,host-16,2,0,14,2,0,0,0.068469,0,32000,2191,0.068469,131072,1747,0.013329,0,0,2
167,host-17,4,0,14,4,0,0,0.149125,0,32000,4772,0.149125,131072,3953,0.030159,0,0,4
167,host-18,3,0,14,3,0,0,0.155719,0,32000,4983,0.155719,131072,4908,0.037445,0,0,3
167,host-19,4,0,14,4,0,0,0.164313,0,32000,5258,0.164313,131072,5414,0.041306,0,0,4
167,host-2,3,0,14,3,0,0,0.122906,0,32000,3933,0.122906,131072,2688,0.020508,0,0,3
167,host-20,3,0,14,3,0,0,0.132438,0,32000,4238,0.132438,131072,3630,0.027695,0,0,3
167,host-21,2,0,14,2,0,0,0.105469,0,32000,3375,0.105469,131072,3461,0.026405,0,0,2
167,host-22,3,0,14,3,0,0,0.154938,0,32000,4958,0.154938,131072,3860,0.029449,0,0,3
167,host-23,5,0,14,5,0,0,0.198625,0,32000,6356,0.198625,131072,5846,0.044601,0,0,5
167,host-24,3,0,14,3,0,0,0.147219,0,32000,4711,0.147219,131072,5058,0.038589,0,0,3
167,host-3,4,0,14,4,0,0,0.151062,0,32000,4834,0.151062,131072,3828,0.029205,0,0,4
167,host-4,2,0,14,2,0,0,0.107125,0,32000,3428,0.107125,131072,3002,0.022903,0,0,2
167,host-5,3,0,14,3,0,0,0.134906,0,32000,4317,0.134906,131072,4222,0.032211,0,0,3
167,host-6,4,0,14,4,0,0,0.171437,0,32000,5486,0.171437,131072,6198,0.047287,0,0,4
167,host-7,4,1,14,4,1,0,0.174969,0,32000,5599,0.174969,131072,5410,0.041275,0,1,3
167,host-8,4,0,14,4,0,0,0.198250,0,32000,6344,0.198250,131072,6854,0.052292,0,0,4
167,host-9,5,0,14,5,0,0,0.208125,0,32000,6660,0.208125,131072,7301,0.055702,0,0,5
168,host-1,2,0,14,2,0,0,0.126719,0,32000,4055,0.126719,131072,4867,0.037132,0,0,2
168,host-10,3,0,14,3,0,0,0.160062,0,32000,5122,0.160062,131072,6230,0.047531,0,0,3
168,host-11,2,0,14,2,0,0,0.148656,0,32000,4757,0.148656,131072,4164,0.031769,0,0,2
168,host-12,3,0,14,3,0,0,0.160531,0,32000,5137,0.160531,131072,5445,0.041542,0,0,3
168,host-13,3,0,14,3,0,0,0.174719,0,32000,5591,0.174719,131072,5855,0.044670,0,0,3
168,host-14,2,0,14,2,0,0,0.091719,0,32000,2935,0.091719,131072,2707,0.020653,0,0,2
168,host-15,3,0,14,3,0,0,0.167500,0,32000,5360,0.167500,131072,6157,0.046974,0,0,3
168,host-16,2,0,14,2,0,0,0.068469,0,32000,2191,0.068469,131072,1747,0.013329,0,0,2
168,host-17,4,0,14,4,0,0,0.149125,0,32000,4772,0.149125,131072,3953,0.030159,0,0,4
168,host-18,3,0,14,3,0,0,0.155719,0,32000,4983,0.155719,131072,4908,0.037445,0,0,3
168,host-19,4,1,14,4,1,0,0.164313,0,32000,5258,0.164313,131072,5414,0.041306,0,1,3
168,host-2,3,0,14,3,0,0,0.122906,0,32000,3933,0.122906,131072,2688,0.020508,0,0,3
168,host-20,3,0,14,3,0,0,0.132438,0,32000,4238,0.132438,131072,3630,0.027695,0,0,3
168,host-21,2,0,14,2,0,0,0.105469,0,32000,3375,0.105469,131072,3461,0.026405,0,0,2
168,host-22,2,0,14,2,0,0,0.109875,0,32000,3516,0.109875,131072,3095,0.023613,0,0,2
168,host-23,5,0,14,5,0,0,0.198625,0,32000,6356,0.198625,131072,5846,0.044601,0,0,5
168,host-24,3,0,14,3,0,0,0.147219,0,32000,4711,0.147219,131072,5058,0.038589,0,0,3
168,host-3,4,0,14,4,0,0,0.151062,0,32000,4834,0.151062,131072,3828,0.029205,0,0,4
168,host-4,2,0,14,2,0,0,0.107125,0,32000,3428,0.107125,131072,3002,0.022903,0,0,2
168,host-5,3,0,14,3,0,0,0.134906,0,32000,4317,0.134906,131072,4222,0.032211,0,0,3
168,host-6,4,0,14,4,0,0,0.171437,0,32000,5486,0.171437,131072,6198,0.047287,0,0,4
168,host-7,4,0,14,4,0,0,0.174969,0,32000,5599,0.174969,131072,5410,0.041275,0,0,4
168,host-8,3,0,14,3,0,0,0.130250,0,32000,4168,0.130250,131072,3975,0.030327,0,0,3
168,host-9,5,0,14,5,0,0,0.208125,0,32000,6660,0.208125,131072,7301,0.055702,0,0,5
169,host-1,2,0,14,2,0,0,0.126719,0,32000,4055,0.126719,131072,4867,0.037132,0,0,2
169,host-10,3,0,14,3,0,0,0.160062,0,32000,5122,0.160062,131072,6230,0.047531,0,0,3
169,host-11,2,0,14,2,0,0,0.148656,0,32000,4757,0.148656,131072,4164,0.031769,0,0,2
169,host-12,3,0,14,3,0,0,0.160531,0,32000,5137,0.160531,131072,5445,0.041542,0,0,3
169,host-13,1,0,14,1,0,0,0.063187,0,32000,2022,0.063187,131072,2269,0.017311,0,0,1
169,host-14,2,0,14,2,0,0,0.091719,0,32000,2935,0.091719,131072,2707,0.020653,0,0,2
169,host-15,3,0,14,3,0,0,0.167500,0,32000,5360,0.167500,131072,6157,0.046974,0,0,3
169,host-16,3,1,14,3,1,0,0.108469,0,32000,3471,0.108469,131072,2347,0.017906,1,0,2
169,host-17,4,0,14,4,0,0,0.149125,0,32000,4772,0.149125,131072,3953,0.030159,0,0,4
169,host-18,3,0,14,3,0,0,0.155719,0,32000,4983,0.155719,131072,4908,0.037445,0,0,3
169,host-19,4,0,14,4,0,0,0.164313,0,32000,5258,0.164313,131072,5414,0.041306,0,0,4
169,host-2,3,0,14,3,0,0,0.122906,0,32000,3933,0.122906,131072,2688,0.020508,0,0,3
169,host-20,2,0,14,2,0,0,0.093500,0,32000,2992,0.093500,131072,2835,0.021629,0,0,2
169,host-21,2,0,14,2,0,0,0.105469,0,32000,3375,0.105469,131072,3461,0.026405,0,0,2
169,host-22,2,0,14,2,0,0,0.109875,0,32000,3516,0.109875,131072,3095,0.023613,0,0,2
169,host-23,5,0,14,5,0,0,0.198625,0,32000,6356,0.198625,131072,5846,0.044601,0,0,5
169,host-24,3,0,14,3,0,0,0.147219,0,32000,4711,0.147219,131072,5058,0.038589,0,0,3
169,host-3,4,0,14,4,0,0,0.151062,0,32000,4834,0.151062,131072,3828,0.029205,0,0,4
169,host-4,2,0,14,2,0,0,0.107125,0,32000,3428,0.107125,131072,3002,0.022903,0,0,2
169,host-5,2,0,14,2,0,0,0.097375,0,32000,3116,0.097375,131072,3170,0.024185,0,0,2
169,host-6,4,0,14,4,0,0,0.171437,0,32000,5486,0.171437,131072,6198,0.047287,0,0,4
169,host-7,3,0,14,3,0,0,0.132281,0,32000,4233,0.132281,131072,3829,0.029213,0,0,3
169,host-8,3,0,14,3,0,0,0.130250,0,32000,4168,0.130250,131072,3975,0.030327,0,0,3
169,host-9,3,0,14,3,0,0,0.126969,0,32000,4063,0.126969,131072,4292,0.032745,0,0,3
170,host-1,2,0,14,2,0,0,0.126719,0,32000,4055,0.126719,131072,4867,0.037132,0,0,2
170,host-10,2,0,14,2,0,0,0.116062,0,32000,3714,0.116062,131072,4348,0.033173,0,0,2
170,host-11,2,0,14,2,0,0,0.148656,0,32000,4757,0.148656,131072,4164,0.031769,0,0,2
170,host-12,2,0,14,2,0,0,0.094687,0,32000,3030,0.094687,131072,3582,0.027328,0,0,2
170,host-13,2,1,14,2,1,0,0.121281,0,32000,3881,0.121281,131072,4875,0.037193,1,0,1
170,host-14,2,0,14,2,0,0,0.091719,0,32000,2935,0.091719,131072,2707,0.020653,0,0,2
170,host-15,3,0,14,3,0,0,0.167500,0,32000,5360,0.167500,131072,6157,0.046974,0,0,3
170,host-16,3,0,14,3,0,0,0.108469,0,32000,3471,0.108469,131072,2347,0.017906,0,0,3
170,host-17,4,0,14,4,0,0,0.149125,0,32000,4772,0.149125,131072,3953,0.030159,0,0,4
170,host-18,3,0,14,3,0,0,0.155719,0,32000,4983,0.155719,131072,4908,0.037445,0,0,3
170,host-19,3,0,14,3,0,0,0.116750,0,32000,3736,0.116750,131072,3564,0.027191,0,0,3
170,host-2,2,0,14,2,0,0,0.087063,0,32000,2786,0.087063,131072,1824,0.013916,0,0,2
170,host-20,2,0,14,2,0,0,0.093500,0,32000,2992,0.093500,131072,2835,0.021629,0,0,2
170,host-21,2,0,14,2,0,0,0.105469,0,32000,3375,0.105469,131072,3461,0.026405,0,0,2
170,host-22,2,0,14,2,0,0,0.109875,0,32000,3516,0.109875,131072,3095,0.023613,0,0,2
170,host-23,5,0,14,5,0,0,0.198625,0,32000,6356,0.198625,131072,5846,0.044601,0,0,5
170,host-24,2,0,14,2,0,0,0.081000,0,32000,2592,0.081000,131072,2316,0.017670,0,0,2
170,host-3,4,0,14,4,0,0,0.151062,0,32000,4834,0.151062,131072,3828,0.029205,0,0,4
170,host-4,2,0,14,2,0,0,0.107125,0,32000,3428,0.107125,131072,3002,0.022903,0,0,2
170,host-5,1,0,14,1,0,0,0.044500,0,32000,1424,0.044500,131072,1148,0.008759,0,0,1
170,host-6,4,0,14,4,0,0,0.171437,0,32000,5486,0.171437,131072,6198,0.047287,0,0,4
170,host-7,3,0,14,3,0,0,0.132281,0,32000,4233,0.132281,131072,3829,0.029213,0,0,3
170,host-8,3,0,14,3,0,0,0.130250,0,32000,4168,0.130250,131072,3975,0.030327,0,0,3
170,host-9,3,0,14,3,0,0,0.126969,0,32000,4063,0.126969,131072,4292,0.032745,0,0,3
171,host-1,2,0,14,2,0,0,0.126719,0,32000,4055,0.126719,131072,4867,0.037132,0,0,2
171,host-10,2,0,14,2,0,0,0.116062,0,32000,3714,0.116062,131072,4348,0.033173,0,0,2
171,host-11,1,0,14,1,0,0,0.077219,0,32000,2471,0.077219,131072,2298,0.017532,0,0,1
171,host-12,1,0,14,1,0,0,0.066375,0,32000,2124,0.066375,131072,2384,0.018188,0,0,1
171,host-13,2,1,14,2,1,0,0.121281,0,32000,3881,0.121281,131072,4875,0.037193,0,1,1
171,host-14,2,0,14,2,0,0,0.091719,0,32000,2935,0.091719,131072,2707,0.020653,0,0,2
171,host-15,3,0,14,3,0,0,0.167500,0,32000,5360,0.167500,131072,6157,0.046974,0,0,3
171,host-16,3,0,14,3,0,0,0.108469,0,32000,3471,0.108469,131072,2347,0.017906,0,0,3
171,host-17,4,0,14,4,0,0,0.149125,0,32000,4772,0.149125,131072,3953,0.030159,0,0,4
171,host-18,3,0,14,3,0,0,0.155719,0,32000,4983,0.155719,131072,4908,0.037445,0,0,3
171,host-19,3,0,14,3,0,0,0.116750,0,32000,3736,0.116750,131072,3564,0.027191,0,0,3
171,host-2,2,0,14,2,0,0,0.087063,0,32000,2786,0.087063,131072,1824,0.013916,0,0,2
171,host-20,2,0,14,2,0,0,0.093500,0,32000,2992,0.093500,131072,2835,0.021629,0,0,2
171,host-21,2,0,14,2,0,0,0.105469,0,32000,3375,0.105469,131072,3461,0.026405,0,0,2
171,host-22,2,0,14,2,0,0,0.109875,0,32000,3516,0.109875,131072,3095,0.023613,0,0,2
171,host-23,4,0,14,4,0,0,0.167813,0,32000,5370,0.167813,131072,5252,0.040070,0,0,4
171,host-24,2,0,14,2,0,0,0.081000,0,32000,2592,0.081000,131072,2316,0.017670,0,0,2
171,host-3,4,0,14,4,0,0,0.151062,0,32000,4834,0.151062,131072,3828,0.029205,0,0,4
171,host-4,2,0,14,2,0,0,0.107125,0,32000,3428,0.107125,131072,3002,0.022903,0,0,2
171,host-5,2,1,14,2,1,0,0.080969,0,32000,2591,0.080969,131072,2513,0.019173,1,0,1
171,host-6,3,0,14,3,0,0,0.148469,0,32000,4751,0.148469,131072,5002,0.038162,0,0,3
171,host-7,3,0,14,3,0,0,0.132281,0,32000,4233,0.132281,131072,3829,0.029213,0,0,3
171,host-8,2,0,14,2,0,0,0.077125,0,32000,2468,0.077125,131072,2470,0.018845,0,0,2
171,host-9,3,0,14,3,0,0,0.126969,0,32000,4063,0.126969,131072,4292,0.032745,0,0,3
172,host-1,2,0,14,2,0,0,0.126719,0,32000,4055,0.126719,131072,4867,0.037132,0,0,2
172,host-10,2,0,14,2,0,0,0.116062,0,32000,3714,0.116062,131072,4348,0.033173,0,0,2
172,host-11,1,0,14,1,0,0,0.077219,0,32000,2471,0.077219,131072,2298,0.017532,0,0,1
172,host-12,2,0,14,2,0,0,0.102844,0,32000,3291,0.102844,131072,3749,0.028603,0,0,2
172,host-13,2,0,14,2,0,0,0.121281,0,32000,3881,0.121281,131072,4875,0.037193,0,0,2
172,host-14,1,0,14,1,0,0,0.033813,0,32000,1082,0.033813,131072,1300,0.009918,0,0,1
172,host-15,2,0,14,2,0,0,0.098687,0,32000,3158,0.098687,131072,4263,0.032524,0,0,2
172,host-16,3,0,14,3,0,0,0.108469,0,32000,3471,0.108469,131072,2347,0.017906,0,0,3
172,host-17,4,0,14,4,0,0,0.149125,0,32000,4772,0.149125,131072,3953,0.030159,0,0,4
172,host-18,3,0,14,3,0,0,0.155719,0,32000,4983,0.155719,131072,4908,0.037445,0,0,3
172,host-19,3,0,14,3,0,0,0.116750,0,32000,3736,0.116750,131072,3564,0.027191,0,0,3
172,host-2,2,0,14,2,0,0,0.087063,0,32000,2786,0.087063,131072,1824,0.013916,0,0,2
172,host-20,2,0,14,2,0,0,0.093500,0,32000,2992,0.093500,131072,2835,0.021629,0,0,2
172,host-21,2,0,14,2,0,0,0.105469,0,32000,3375,0.105469,131072,3461,0.026405,0,0,2
172,host-22,2,0,14,2,0,0,0.109875,0,32000,3516,0.109875,131072,3095,0.023613,0,0,2
172,host-23,2,0,14,2,0,0,0.089438,0,32000,2862,0.089438,131072,2373,0.018105,0,0,2
172,host-24,2,0,14,2,0,0,0.081000,0,32000,2592,0.081000,131072,2316,0.017670,0,0,2
172,host-3,4,0,14,4,0,0,0.151062,0,32000,4834,0.151062,131072,3828,0.029205,0,0,4
172,host-4,2,0,14,2,0,0,0.107125,0,32000,3428,0.107125,131072,3002,0.022903,0,0,2
172,host-5,2,0,14,2,0,0,0.080969,0,32000,2591,0.080969,131072,2513,0.019173,0,0,2
172,host-6,2,0,14,2,0,0,0.095906,0,32000,3069,0.095906,131072,3249,0.024788,0,0,2
172,host-7,3,0,14,3,0,0,0.132281,0,32000,4233,0.132281,131072,3829,0.029213,0,0,3
172,host-8,2,0,14,2,0,0,0.077125,0,32000,2468,0.077125,131072,2470,0.018845,0,0,2
172,host-9,2,0,14,2,0,0,0.092875,0,32000,2972,0.092875,131072,2832,0.021606,0,0,2
173,host-1,1,0,14,1,0,0,0.073781,0,32000,2361,0.073781,131072,2606,0.019882,0,0,1
173,host-10,2,0,14,2,0,0,0.116062,0,32000,3714,0.116062,131072,4348,0.033173,0,0,2
173,host-11,1,0,14,1,0,0,0.077219,0,32000,2471,0.077219,131072,2298,0.017532,0,0,1
173,host-12,2,0,14,2,0,0,0.102844,0,32000,3291,0.102844,131072,3749,0.028603,0,0,2
173,host-13,2,0,14,2,0,0,0.121281,0,32000,3881,0.121281,131072,4875,0.037193,0,0,2
173,host-14,2,1,14,2,1,0,0.109781,0,32000,3513,0.109781,131072,4220,0.032196,1,0,1
173,host-15,2,0,14,2,0,0,0.098687,0,32000,3158,0.098687,131072,4263,0.032524,0,0,2
173,host-16,3,0,14,3,0,0,0.108469,0,32000,3471,0.108469,131072,2347,0.017906,0,0,3
173,host-17,4,0,14,4,0,0,0.149125,0,32000,4772,0.149125,131072,3953,0.030159,0,0,4
173,host-18,2,0,14,2,0,0,0.120531,0,32000,3857,0.120531,131072,3992,0.030457,0,0,2
173,host-19,3,0,14,3,0,0,0.116750,0,32000,3736,0.116750,131072,3564,0.027191,0,0,3
173,host-2,1,0,14,1,0,0,0.043781,0,32000,1401,0.043781,131072,746,0.005692,0,0,1
173,host-20,2,0,14,2,0,0,0.093500,0,32000,2992,0.093500,131072,2835,0.021629,0,0,2
173,host-21,2,0,14,2,0,0,0.105469,0,32000,3375,0.105469,131072,3461,0.026405,0,0,2
173,host-22,2,0,14,2,0,0,0.109875,0,32000,3516,0.109875,131072,3095,0.023613,0,0,2
173,host-23,2,0,14,2,0,0,0.089438,0,32000,2862,0.089438,131072,2373,0.018105,0,0,2
173,host-24,2,0,14,2,0,0,0.081000,0,32000,2592,0.081000,131072,2316,0.017670,0,0,2
173,host-3,4,0,14,4,0,0,0.151062,0,32000,4834,0.151062,131072,3828,0.029205,0,0,4
173,host-4,2,0,14,2,0,0,0.107125,0,32000,3428,0.107125,131072,3002,0.022903,0,0,2
173,host-5,2,0,14,2,0,0,0.080969,0,32000,2591,0.080969,131072,2513,0.019173,0,0,2
173,host-6,2,0,14,2,0,0,0.095906,0,32000,3069,0.095906,131072,3249,0.024788,0,0,2
173,host-7,3,0,14,3,0,0,0.132281,0,32000,4233,0.132281,131072,3829,0.029213,0,0,3
173,host-8,2,0,14,2,0,0,0.077125,0,32000,2468,0.077125,131072,2470,0.018845,0,0,2
173,host-9,2,0,14,2,0,0,0.092875,0,32000,2972,0.092875,131072,2832,0.021606,0,0,2
174,host-1,2,1,14,2,1,0,0.131625,0,32000,4212,0.131625,131072,4918,0.037521,1,0,1
174,host-10,2,0,14,2,0,0,0.116062,0,32000,3714,0.116062,131072,4348,0.033173,0,0,2
174,host-11,1,0,14,1,0,0,0.077219,0,32000,2471,0.077219,131072,2298,0.017532,0,0,1
174,host-12,2,0,14,2,0,0,0.102844,0,32000,3291,0.102844,131072,3749,0.028603,0,0,2
174,host-13,2,0,14,2,0,0,0.121281,0,32000,3881,0.121281,131072,4875,0.037193,0,0,2
174,host-14,2,1,14,2,1,0,0.109781,0,32000,3513,0.109781,131072,4220,0.032196,0,1,1
174,host-15,2,1,14,2,1,0,0.093219,0,32000,2983,0.093219,131072,3972,0.030304,1,0,1
174,host-16,3,1,14,3,1,0,0.111719,0,32000,3575,0.111719,131072,3390,0.025864,1,0,2
174,host-17,4,0,14,4,0,0,0.149125,0,32000,4772,0.149125,131072,3953,0.030159,0,0,4
174,host-18,2,0,14,2,0,0,0.120531,0,32000,3857,0.120531,131072,3992,0.030457,0,0,2
174,host-19,3,0,14,3,0,0,0.116750,0,32000,3736,0.116750,131072,3564,0.027191,0,0,3
174,host-2,2,1,14,2,1,0,0.091813,0,32000,2938,0.091813,131072,2228,0.016998,1,0,1
174,host-20,2,0,14,2,0,0,0.093500,0,32000,2992,0.093500,131072,2835,0.021629,0,0,2
174,host-21,2,0,14,2,0,0,0.105469,0,32000,3375,0.105469,131072,3461,0.026405,0,0,2
174,host-22,2,0,14,2,0,0,0.109875,0,32000,3516,0.109875,131072,3095,0.023613,0,0,2
174,host-23,2,0,14,2,0,0,0.089438,0,32000,2862,0.089438,131072,2373,0.018105,0,0,2
174,host-24,2,0,14,2,0,0,0.081000,0,32000,2592,0.081000,131072,2316,0.017670,0,0,2
174,host-3,3,0,14,3,0,0,0.110687,0,32000,3542,0.110687,131072,2414,0.018417,0,0,3
174,host-4,2,0,14,2,0,0,0.107125,0,32000,3428,0.107125,131072,3002,0.022903,0,0,2
174,host-5,2,0,14,2,0,0,0.080969,0,32000,2591,0.080969,131072,2513,0.019173,0,0,2
174,host-6,2,0,14,2,0,0,0.095906,0,32000,3069,0.095906,131072,3249,0.024788,0,0,2
174,host-7,3,0,14,3,0,0,0.132281,0,32000,4233,0.132281,131072,3829,0.029213,0,0,3
174,host-8,2,0,14,2,0,0,0.077125,0,32000,2468,0.077125,131072,2470,0.018845,0,0,2
174,host-9,2,0,14,2,0,0,0.092875,0,32000,2972,0.092875,131072,2832,0.021606,0,0,2
175,host-1,2,1,14,2,1,0,0.131625,0,32000,4212,0.131625,131072,4918,0.037521,1,0,1
175,host-10,2,0,14,2,0,0,0.116062,0,32000,3714,0.116062,131072,4348,0.033173,0,0,2
175,host-11,1,0,14,1,0,0,0.077219,0,32000,2471,0.077219,131072,2298,0.017532,0,0,1
175,host-12,2,0,14,2,0,0,0.102844,0,32000,3291,0.102844,131072,3749,0.028603,0,0,2
175,host-13,2,0,14,2,0,0,0.121281,0,32000,3881,0.121281,131072,4875,0.037193,0,0,2
175,host-14,2,0,14,2,0,0,0.109781,0,32000,3513,0.109781,131072,4220,0.032196,0,0,2
175,host-15,2,1,14,2,1,0,0.093219,0,32000,2983,0.093219,131072,3972,0.030304,1,0,1
175,host-16,3,0,14,3,0,0,0.111719,0,32000,3575,0.111719,131072,3390,0.025864,0,0,3
175,host-17,3,0,14,3,0,0,0.112750,0,32000,3608,0.112750,131072,2783,0.021233,0,0,3
175,host-18,2,0,14,2,0,0,0.120531,0,32000,3857,0.120531,131072,3992,0.030457,0,0,2
175,host-19,2,0,14,2,0,0,0.081000,0,32000,2592,0.081000,131072,2256,0.017212,0,0,2
175,host-2,2,1,14,2,1,0,0.091813,0,32000,2938,0.091813,131072,2228,0.016998,1,0,1
175,host-20,2,0,14,2,0,0,0.093500,0,32000,2992,0.093500,131072,2835,0.021629,0,0,2
175,host-21,1,0,14,1,0,0,0.050937,0,32000,1630,0.050937,131072,1533,0.011696,0,0,1
175,host-22,2,0,14,2,0,0,0.109875,0,32000,3516,0.109875,131072,3095,0.023613,0,0,2
175,host-23,2,0,14,2,0,0,0.089438,0,32000,2862,0.089438,131072,2373,0.018105,0,0,2
175,host-24,2,0,14,2,0,0,0.081000,0,32000,2592,0.081000,131072,2316,0.017670,0,0,2
175,host-3,3,0,14,3,0,0,0.110687,0,32000,3542,0.110687,131072,2414,0.018417,0,0,3
175,host-4,2,0,14,2,0,0,0.107125,0,32000,3428,0.107125,131072,3002,0.022903,0,0,2
175,host-5,2,0,14,2,0,0,0.080969,0,32000,2591,0.080969,131072,2513,0.019173,0,0,2
175,host-6,2,0,14,2,0,0,0.095906,0,32000,3069,0.095906,131072,3249,0.024788,0,0,2
175,host-7,3,0,14,3,0,0,0.132281,0,32000,4233,0.132281,131072,3829,0.029213,0,0,3
175,host-8,2,1,14,2,1,0,0.115562,0,32000,3698,0.115562,131072,4254,0.032455,1,0,1
175,host-9,1,0,14,1,0,0,0.038344,0,32000,1227,0.038344,131072,904,0.006897,0,0,1
176,host-1,2,0,14,2,0,0,0.131625,0,32000,4212,0.131625,131072,4918,0.037521,0,0,2
176,host-10,2,0,14,2,0,0,0.116062,0,32000,3714,0.116062,131072,4348,0.033173,0,0,2
176,host-11,1,0,14,1,0,0,0.077219,0,32000,2471,0.077219,131072,2298,0.017532,0,0,1
176,host-12,2,1,14,2,1,0,0.102844,0,32000,3291,0.102844,131072,3749,0.028603,0,1,1
176,host-13,2,0,14,2,0,0,0.121281,0,32000,3881,0.121281,131072,4875,0.037193,0,0,2
176,host-14,1,0,14,1,0,0,0.075969,0,32000,2431,0.075969,131072,2920,0.022278,0,0,1
176,host-15,2,0,14,2,0,0,0.093219,0,32000,2983,0.093219,131072,3972,0.030304,0,0,2
176,host-16,3,0,14,3,0,0,0.111719,0,32000,3575,0.111719,131072,3390,0.025864,0,0,3
176,host-17,3,0,14,3,0,0,0.112750,0,32000,3608,0.112750,131072,2783,0.021233,0,0,3
176,host-18,2,0,14,2,0,0,0.120531,0,32000,3857,0.120531,131072,3992,0.030457,0,0,2
176,host-19,2,0,14,2,0,0,0.081000,0,32000,2592,0.081000,131072,2256,0.017212,0,0,2
176,host-2,2,0,14,2,0,0,0.091813,0,32000,2938,0.091813,131072,2228,0.016998,0,0,2
176,host-20,2,0,14,2,0,0,0.093500,0,32000,2992,0.093500,131072,2835,0.021629,0,0,2
176,host-21,1,0,14,1,0,0,0.050937,0,32000,1630,0.050937,131072,1533,0.011696,0,0,1
176,host-22,2,0,14,2,0,0,0.109875,0,32000,3516,0.109875,131072,3095,0.023613,0,0,2
176,host-23,1,0,14,1,0,0,0.033344,0,32000,1067,0.033344,131072,1016,0.007751,0,0,1
176,host-24,2,0,14,2,0,0,0.081000,0,32000,2592,0.081000,131072,2316,0.017670,0,0,2
176,host-3,3,0,14,3,0,0,0.110687,0,32000,3542,0.110687,131072,2414,0.018417,0,0,3
176,host-4,2,0,14,2,0,0,0.107125,0,32000,3428,0.107125,131072,3002,0.022903,0,0,2
176,host-5,2,0,14,2,0,0,0.080969,0,32000,2591,0.080969,131072,2513,0.019173,0,0,2
176,host-6,2,0,14,2,0,0,0.095906,0,32000,3069,0.095906,131072,3249,0.024788,0,0,2
176,host-7,3,0,14,3,0,0,0.132281,0,32000,4233,0.132281,131072,3829,0.029213,0,0,3
176,host-8,1,1,14,1,1,0,0.062812,0,32000,2010,0.062812,131072,2414,0.018417,0,1,0
176,host-9,1,0,14,1,0,0,0.038344,0,32000,1227,0.038344,131072,904,0.006897,0,0,1
177,host-1,2,1,14,2,1,0,0.131625,0,32000,4212,0.131625,131072,4918,0.037521,0,1,1
177,host-10,2,0,14,2,0,0,0.116062,0,32000,3714,0.116062,131072,4348,0.033173,0,0,2
177,host-11,1,0,14,1,0,0,0.077219,0,32000,2471,0.077219,131072,2298,0.017532,0,0,1
177,host-12,2,0,14,2,0,0,0.102844,0,32000,3291,0.102844,131072,3749,0.028603,0,0,2
177,host-13,2,0,14,2,0,0,0.121281,0,32000,3881,0.121281,131072,4875,0.037193,0,0,2
177,host-14,1,0,14,1,0,0,0.075969,0,32000,2431,0.075969,131072,2920,0.022278,0,0,1
177,host-15,2,0,14,2,0,0,0.093219,0,32000,2983,0.093219,131072,3972,0.030304,0,0,2
177,host-16,3,0,14,3,0,0,0.111719,0,32000,3575,0.111719,131072,3390,0.025864,0,0,3
177,host-17,3,0,14,3,0,0,0.112750,0,32000,3608,0.112750,131072,2783,0.021233,0,0,3
177,host-18,2,0,14,2,0,0,0.120531,0,32000,3857,0.120531,131072,3992,0.030457,0,0,2
177,host-19,2,0,14,2,0,0,0.081000,0,32000,2592,0.081000,131072,2256,0.017212,0,0,2
177,host-2,2,0,14,2,0,0,0.091813,0,32000,2938,0.091813,131072,2228,0.016998,0,0,2
177,host-20,2,0,14,2,0,0,0.093500,0,32000,2992,0.093500,131072,2835,0.021629,0,0,2
177,host-21,1,0,14,1,0,0,0.050937,0,32000,1630,0.050937,131072,1533,0.011696,0,0,1
177,host-22,2,0,14,2,0,0,0.109875,0,32000,3516,0.109875,131072,3095,0.023613,0,0,2
177,host-23,1,0,14,1,0,0,0.033344,0,32000,1067,0.033344,131072,1016,0.007751,0,0,1
177,host-24,2,0,14,2,0,0,0.081000,0,32000,2592,0.081000,131072,2316,0.017670,0,0,2
177,host-3,3,0,14,3,0,0,0.110687,0,32000,3542,0.110687,131072,2414,0.018417,0,0,3
177,host-4,2,0,14,2,0,0,0.107125,0,32000,3428,0.107125,131072,3002,0.022903,0,0,2
177,host-5,2,0,14,2,0,0,0.080969,0,32000,2591,0.080969,131072,2513,0.019173,0,0,2
177,host-6,2,1,14,2,1,0,0.095906,0,32000,3069,0.095906,131072,3249,0.024788,0,1,1
177,host-7,3,0,14,3,0,0,0.132281,0,32000,4233,0.132281,131072,3829,0.029213,0,0,3
177,host-8,1,0,14,1,0,0,0.062812,0,32000,2010,0.062812,131072,2414,0.018417,0,0,1
177,host-9,1,0,14,1,0,0,0.038344,0,32000,1227,0.038344,131072,904,0.006897,0,0,1
178,host-1,2,0,14,2,0,0,0.131625,0,32000,4212,0.131625,131072,4918,0.037521,0,0,2
178,host-10,2,0,14,2,0,0,0.116062,0,32000,3714,0.116062,131072,4348,0.033173,0,0,2
178,host-11,1,0,14,1,0,0,0.077219,0,32000,2471,0.077219,131072,2298,0.017532,0,0,1
178,host-12,2,0,14,2,0,0,0.102844,0,32000,3291,0.102844,131072,3749,0.028603,0,0,2
178,host-13,2,0,14,2,0,0,0.121281,0,32000,3881,0.121281,131072,4875,0.037193,0,0,2
178,host-14,1,0,14,1,0,0,0.075969,0,32000,2431,0.075969,131072,2920,0.022278,0,0,1
178,host-15,2,0,14,2,0,0,0.093219,0,32000,2983,0.093219,131072,3972,0.030304,0,0,2
178,host-16,3,0,14,3,0,0,0.111719,0,32000,3575,0.111719,131072,3390,0.025864,0,0,3
178,host-17,3,0,14,3,0,0,0.112750,0,32000,3608,0.112750,131072,2783,0.021233,0,0,3
178,host-18,2,0,14,2,0,0,0.120531,0,32000,3857,0.120531,131072,3992,0.030457,0,0,2
178,host-19,2,0,14,2,0,0,0.081000,0,32000,2592,0.081000,131072,2256,0.017212,0,0,2
178,host-2,2,0,14,2,0,0,0.091813,0,32000,2938,0.091813,131072,2228,0.016998,0,0,2
178,host-20,2,0,14,2,0,0,0.093500,0,32000,2992,0.093500,131072,2835,0.021629,0,0,2
178,host-21,1,0,14,1,0,0,0.050937,0,32000,1630,0.050937,131072,1533,0.011696,0,0,1
178,host-22,2,0,14,2,0,0,0.109875,0,32000,3516,0.109875,131072,3095,0.023613,0,0,2
178,host-23,1,0,14,1,0,0,0.033344,0,32000,1067,0.033344,131072,1016,0.007751,0,0,1
178,host-24,2,0,14,2,0,0,0.081000,0,32000,2592,0.081000,131072,2316,0.017670,0,0,2
178,host-3,3,0,14,3,0,0,0.110687,0,32000,3542,0.110687,131072,2414,0.018417,0,0,3
178,host-4,2,0,14,2,0,0,0.107125,0,32000,3428,0.107125,131072,3002,0.022903,0,0,2
178,host-5,2,0,14,2,0,0,0.080969,0,32000,2591,0.080969,131072,2513,0.019173,0,0,2
178,host-6,2,0,14,2,0,0,0.095906,0,32000,3069,0.095906,131072,3249,0.024788,0,0,2
178,host-7,3,0,14,3,0,0,0.132281,0,32000,4233,0.132281,131072,3829,0.029213,0,0,3
178,host-8,1,0,14,1,0,0,0.062812,0,32000,2010,0.062812,131072,2414,0.018417,0,0,1
178,host-9,1,0,14,1,0,0,0.038344,0,32000,1227,0.038344,131072,904,0.006897,0,0,1
179,host-1,2,0,14,2,0,0,0.131625,0,32000,4212,0.131625,131072,4918,0.037521,0,0,2
179,host-10,2,0,14,2,0,0,0.116062,0,32000,3714,0.116062,131072,4348,0.033173,0,0,2
179,host-11,1,0,14,1,0,0,0.077219,0,32000,2471,0.077219,131072,2298,0.017532,0,0,1
179,host-12,2,0,14,2,0,0,0.102844,0,32000,3291,0.102844,131072,3749,0.028603,0,0,2
179,host-13,2,0,14,2,0,0,0.121281,0,32000,3881,0.121281,131072,4875,0.037193,0,0,2
179,host-14,1,0,14,1,0,0,0.075969,0,32000,2431,0.075969,131072,2920,0.022278,0,0,1
179,host-15,2,0,14,2,0,0,0.093219,0,32000,2983,0.093219,131072,3972,0.030304,0,0,2
179,host-16,3,0,14,3,0,0,0.111719,0,32000,3575,0.111719,131072,3390,0.025864,0,0,3
179,host-17,3,0,14,3,0,0,0.112750,0,32000,3608,0.112750,131072,2783,0.021233,0,0,3
179,host-18,2,0,14,2,0,0,0.120531,0,32000,3857,0.120531,131072,3992,0.030457,0,0,2
179,host-19,2,0,14,2,0,0,0.081000,0,32000,2592,0.081000,131072,2256,0.017212,0,0,2
179,host-2,2,0,14,2,0,0,0.091813,0,32000,2938,0.091813,131072,2228,0.016998,0,0,2
179,host-20,2,0,14,2,0,0,0.093500,0,32000,2992,0.093500,131072,2835,0.021629,0,0,2
179,host-21,1,0,14,1,0,0,0.050937,0,32000,1630,0.050937,131072,1533,0.011696,0,0,1
179,host-22,2,0,14,2,0,0,0.109875,0,32000,3516,0.109875,131072,3095,0.023613,0,0,2
179,host-23,2,1,14,2,1,0,0.095500,0,32000,3056,0.095500,131072,2483,0.018944,1,0,1
179,host-24,2,0,14,2,0,0,0.081000,0,32000,2592,0.081000,131072,2316,0.017670,0,0,2
179,host-3,3,0,14,3,0,0,0.110687,0,32000,3542,0.110687,131072,2414,0.018417,0,0,3
179,host-4,2,0,14,2,0,0,0.107125,0,32000,3428,0.107125,131072,3002,0.022903,0,0,2
179,host-5,2,0,14,2,0,0,0.080969,0,32000,2591,0.080969,131072,2513,0.019173,0,0,2
179,host-6,2,0,14,2,0,0,0.095906,0,32000,3069,0.095906,131072,3249,0.024788,0,0,2
179,host-7,3,0,14,3,0,0,0.132281,0,32000,4233,0.132281,131072,3829,0.029213,0,0,3
179,host-8,1,0,14,1,0,0,0.062812,0,32000,2010,0.062812,131072,2414,0.018417,0,0,1
179,host-9,1,0,14,1,0,0,0.038344,0,32000,1227,0.038344,131072,904,0.006897,0,0,1
180,host-1,2,0,14,2,0,0,0.131625,0,32000,4212,0.131625,131072,4918,0.037521,0,0,2
180,host-10,2,0,14,2,0,0,0.116062,0,32000,3714,0.116062,131072,4348,0.033173,0,0,2
180,host-11,2,1,14,2,1,0,0.143063,0,32000,4578,0.143063,131072,4161,0.031746,1,0,1
180,host-12,2,0,14,2,0,0,0.102844,0,32000,3291,0.102844,131072,3749,0.028603,0,0,2
180,host-13,2,0,14,2,0,0,0.121281,0,32000,3881,0.121281,131072,4875,0.037193,0,0,2
180,host-14,2,1,14,2,1,0,0.111219,0,32000,3559,0.111219,131072,4550,0.034714,1,0,1
180,host-15,2,0,14,2,0,0,0.093219,0,32000,2983,0.093219,131072,3972,0.030304,0,0,2
180,host-16,3,0,14,3,0,0,0.111719,0,32000,3575,0.111719,131072,3390,0.025864,0,0,3
180,host-17,3,0,14,3,0,0,0.112750,0,32000,3608,0.112750,131072,2783,0.021233,0,0,3
180,host-18,2,0,14,2,0,0,0.120531,0,32000,3857,0.120531,131072,3992,0.030457,0,0,2
180,host-19,2,0,14,2,0,0,0.081000,0,32000,2592,0.081000,131072,2256,0.017212,0,0,2
180,host-2,2,0,14,2,0,0,0.091813,0,32000,2938,0.091813,131072,2228,0.016998,0,0,2
180,host-20,2,0,14,2,0,0,0.093500,0,32000,2992,0.093500,131072,2835,0.021629,0,0,2
180,host-21,2,1,14,2,1,0,0.103813,0,32000,3322,0.103813,131072,3555,0.027122,1,0,1
180,host-22,2,0,14,2,0,0,0.109875,0,32000,3516,0.109875,131072,3095,0.023613,0,0,2
180,host-23,2,1,14,2,1,0,0.095500,0,32000,3056,0.095500,131072,2483,0.018944,1,0,1
180,host-24,3,1,14,3,1,0,0.108781,0,32000,3481,0.108781,131072,2750,0.020981,1,0,2
180,host-3,3,0,14,3,0,0,0.110687,0,32000,3542,0.110687,131072,2414,0.018417,0,0,3
180,host-4,2,0,14,2,0,0,0.107125,0,32000,3428,0.107125,131072,3002,0.022903,0,0,2
180,host-5,3,1,14,3,1,0,0.133906,0,32000,4285,0.133906,131072,4774,0.036423,1,0,2
180,host-6,2,0,14,2,0,0,0.095906,0,32000,3069,0.095906,131072,3249,0.024788,0,0,2
180,host-7,3,0,14,3,0,0,0.132281,0,32000,4233,0.132281,131072,3829,0.029213,0,0,3
180,host-8,2,1,14,2,1,0,0.096906,0,32000,3101,0.096906,131072,3874,0.029556,1,0,1
180,host-9,2,1,14,2,1,0,0.095844,0,32000,3067,0.095844,131072,2146,0.016373,1,0,1
181,host-1,2,0,14,2,0,0,0.131625,0,32000,4212,0.131625,131072,4918,0.037521,0,0,2
181,host-10,2,0,14,2,0,0,0.116062,0,32000,3714,0.116062,131072,4348,0.033173,0,0,2
181,host-11,2,1,14,2,1,0,0.143063,0,32000,4578,0.143063,131072,4161,0.031746,1,0,1
181,host-12,2,0,14,2,0,0,0.102844,0,32000,3291,0.102844,131072,3749,0.028603,0,0,2
181,host-13,2,0,14,2,0,0,0.121281,0,32000,3881,0.121281,131072,4875,0.037193,0,0,2
181,host-14,2,1,14,2,1,0,0.111219,0,32000,3559,0.111219,131072,4550,0.034714,1,0,1
181,host-15,2,0,14,2,0,0,0.093219,0,32000,2983,0.093219,131072,3972,0.030304,0,0,2
181,host-16,3,0,14,3,0,0,0.111719,0,32000,3575,0.111719,131072,3390,0.025864,0,0,3
181,host-17,3,0,14,3,0,0,0.112750,0,32000,3608,0.112750,131072,2783,0.021233,0,0,3
181,host-18,2,0,14,2,0,0,0.120531,0,32000,3857,0.120531,131072,3992,0.030457,0,0,2
181,host-19,3,1,14,3,1,0,0.133875,0,32000,4284,0.133875,131072,4278,0.032639,1,0,2
181,host-2,2,0,14,2,0,0,0.091813,0,32000,2938,0.091813,131072,2228,0.016998,0,0,2
181,host-20,2,0,14,2,0,0,0.093500,0,32000,2992,0.093500,131072,2835,0.021629,0,0,2
181,host-21,2,1,14,2,1,0,0.103813,0,32000,3322,0.103813,131072,3555,0.027122,1,0,1
181,host-22,2,0,14,2,0,0,0.109875,0,32000,3516,0.109875,131072,3095,0.023613,0,0,2
181,host-23,2,0,14,2,0,0,0.095500,0,32000,3056,0.095500,131072,2483,0.018944,0,0,2
181,host-24,3,0,14,3,0,0,0.108781,0,32000,3481,0.108781,131072,2750,0.020981,0,0,3
181,host-3,3,0,14,3,0,0,0.110687,0,32000,3542,0.110687,131072,2414,0.018417,0,0,3
181,host-4,2,0,14,2,0,0,0.107125,0,32000,3428,0.107125,131072,3002,0.022903,0,0,2
181,host-5,3,0,14,3,0,0,0.133906,0,32000,4285,0.133906,131072,4774,0.036423,0,0,3
181,host-6,2,0,14,2,0,0,0.095906,0,32000,3069,0.095906,131072,3249,0.024788,0,0,2
181,host-7,3,0,14,3,0,0,0.132281,0,32000,4233,0.132281,131072,3829,0.029213,0,0,3
181,host-8,2,1,14,2,1,0,0.096906,0,32000,3101,0.096906,131072,3874,0.029556,1,0,1
181,host-9,2,1,14,2,1,0,0.095844,0,32000,3067,0.095844,131072,2146,0.016373,1,0,1
182,host-1,2,0,14,2,0,0,0.131625,0,32000,4212,0.131625,131072,4918,0.037521,0,0,2
182,host-10,2,0,14,2,0,0,0.116062,0,32000,3714,0.116062,131072,4348,0.033173,0,0,2
182,host-11,2,0,14,2,0,0,0.143063,0,32000,4578,0.143063,131072,4161,0.031746,0,0,2
182,host-12,2,0,14,2,0,0,0.102844,0,32000,3291,0.102844,131072,3749,0.028603,0,0,2
182,host-13,2,0,14,2,0,0,0.121281,0,32000,3881,0.121281,131072,4875,0.037193,0,0,2
182,host-14,2,0,14,2,0,0,0.111219,0,32000,3559,0.111219,131072,4550,0.034714,0,0,2
182,host-15,3,1,14,3,1,0,0.131562,0,32000,4210,0.131562,131072,5172,0.039459,1,0,2
182,host-16,2,0,14,2,0,0,0.084469,0,32000,2703,0.084469,131072,2518,0.019211,0,0,2
182,host-17,3,0,14,3,0,0,0.112750,0,32000,3608,0.112750,131072,2783,0.021233,0,0,3
182,host-18,2,0,14,2,0,0,0.120531,0,32000,3857,0.120531,131072,3992,0.030457,0,0,2
182,host-19,3,1,14,3,1,0,0.133875,0,32000,4284,0.133875,131072,4278,0.032639,1,0,2
182,host-2,3,1,14,3,1,0,0.168281,0,32000,5385,0.168281,131072,4743,0.036186,0,1,2
182,host-20,2,0,14,2,0,0,0.093500,0,32000,2992,0.093500,131072,2835,0.021629,0,0,2
182,host-21,2,0,14,2,0,0,0.103813,0,32000,3322,0.103813,131072,3555,0.027122,0,0,2
182,host-22,2,0,14,2,0,0,0.109875,0,32000,3516,0.109875,131072,3095,0.023613,0,0,2
182,host-23,2,0,14,2,0,0,0.095500,0,32000,3056,0.095500,131072,2483,0.018944,0,0,2
182,host-24,3,0,14,3,0,0,0.108781,0,32000,3481,0.108781,131072,2750,0.020981,0,0,3
182,host-3,3,0,14,3,0,0,0.110687,0,32000,3542,0.110687,131072,2414,0.018417,0,0,3
182,host-4,2,0,14,2,0,0,0.107125,0,32000,3428,0.107125,131072,3002,0.022903,0,0,2
182,host-5,3,0,14,3,0,0,0.133906,0,32000,4285,0.133906,131072,4774,0.036423,0,0,3
182,host-6,2,0,14,2,0,0,0.095906,0,32000,3069,0.095906,131072,3249,0.024788,0,0,2
182,host-7,3,0,14,3,0,0,0.132281,0,32000,4233,0.132281,131072,3829,0.029213,0,0,3
182,host-8,2,0,14,2,0,0,0.096906,0,32000,3101,0.096906,131072,3874,0.029556,0,0,2
182,host-9,2,0,14,2,0,0,0.095844,0,32000,3067,0.095844,131072,2146,0.016373,0,0,2
183,host-1,1,0,14,1,0,0,0.057844,0,32000,1851,0.057844,131072,2312,0.017639,0,0,1
183,host-10,2,1,14,2,1,0,0.116062,0,32000,3714,0.116062,131072,4348,0.033173,1,0,1
183,host-11,2,0,14,2,0,0,0.143063,0,32000,4578,0.143063,131072,4161,0.031746,0,0,2
183,host-12,2,0,14,2,0,0,0.102844,0,32000,3291,0.102844,131072,3749,0.028603,0,0,2
183,host-13,2,0,14,2,0,0,0.121281,0,32000,3881,0.121281,131072,4875,0.037193,0,0,2
183,host-14,2,0,14,2,0,0,0.111219,0,32000,3559,0.111219,131072,4550,0.034714,0,0,2
183,host-15,3,1,14,3,1,0,0.131562,0,32000,4210,0.131562,131072,5172,0.039459,1,0,2
183,host-16,2,0,14,2,0,0,0.084469,0,32000,2703,0.084469,131072,2518,0.019211,0,0,2
183,host-17,3,0,14,3,0,0,0.112750,0,32000,3608,0.112750,131072,2783,0.021233,0,0,3
183,host-18,2,1,14,2,1,0,0.122156,0,32000,3909,0.122156,131072,3649,0.027840,1,0,1
183,host-19,2,0,14,2,0,0,0.104313,0,32000,3338,0.104313,131072,3263,0.024895,0,0,2
183,host-2,3,0,14,3,0,0,0.168281,0,32000,5385,0.168281,131072,4743,0.036186,0,0,3
183,host-20,2,0,14,2,0,0,0.093500,0,32000,2992,0.093500,131072,2835,0.021629,0,0,2
183,host-21,2,0,14,2,0,0,0.103813,0,32000,3322,0.103813,131072,3555,0.027122,0,0,2
183,host-22,1,0,14,1,0,0,0.066531,0,32000,2129,0.066531,131072,2221,0.016945,0,0,1
183,host-23,1,0,14,1,0,0,0.062156,0,32000,1989,0.062156,131072,1467,0.011192,0,0,1
183,host-24,3,0,14,3,0,0,0.108781,0,32000,3481,0.108781,131072,2750,0.020981,0,0,3
183,host-3,3,1,14,3,1,0,0.110687,0,32000,3542,0.110687,131072,2414,0.018417,0,1,2
183,host-4,2,0,14,2,0,0,0.107125,0,32000,3428,0.107125,131072,3002,0.022903,0,0,2
183,host-5,3,0,14,3,0,0,0.133906,0,32000,4285,0.133906,131072,4774,0.036423,0,0,3
183,host-6,2,0,14,2,0,0,0.095906,0,32000,3069,0.095906,131072,3249,0.024788,0,0,2
183,host-7,3,0,14,3,0,0,0.132281,0,32000,4233,0.132281,131072,3829,0.029213,0,0,3
183,host-8,2,1,14,2,1,0,0.096906,0,32000,3101,0.096906,131072,3874,0.029556,0,1,1
183,host-9,2,0,14,2,0,0,0.095844,0,32000,3067,0.095844,131072,2146,0.016373,0,0,2
184,host-1,2,1,14,2,1,0,0.131625,0,32000,4212,0.131625,131072,4918,0.037521,1,0,1
184,host-10,2,1,14,2,1,0,0.116062,0,32000,3714,0.116062,131072,4348,0.033173,1,0,1
184,host-11,2,0,14,2,0,0,0.143063,0,32000,4578,0.143063,131072,4161,0.031746,0,0,2
184,host-12,2,0,14,2,0,0,0.102844,0,32000,3291,0.102844,131072,3749,0.028603,0,0,2
184,host-13,2,1,14,2,1,0,0.121281,0,32000,3881,0.121281,131072,4875,0.037193,0,1,1
184,host-14,2,0,14,2,0,0,0.111219,0,32000,3559,0.111219,131072,4550,0.034714,0,0,2
184,host-15,3,0,14,3,0,0,0.131562,0,32000,4210,0.131562,131072,5172,0.039459,0,0,3
184,host-16,2,0,14,2,0,0,0.084469,0,32000,2703,0.084469,131072,2518,0.019211,0,0,2
184,host-17,3,0,14,3,0,0,0.112750,0,32000,3608,0.112750,131072,2783,0.021233,0,0,3
184,host-18,2,1,14,2,1,0,0.122156,0,32000,3909,0.122156,131072,3649,0.027840,1,0,1
184,host-19,2,0,14,2,0,0,0.104313,0,32000,3338,0.104313,131072,3263,0.024895,0,0,2
184,host-2,3,0,14,3,0,0,0.168281,0,32000,5385,0.168281,131072,4743,0.036186,0,0,3
184,host-20,2,0,14,2,0,0,0.093500,0,32000,2992,0.093500,131072,2835,0.021629,0,0,2
184,host-21,2,0,14,2,0,0,0.103813,0,32000,3322,0.103813,131072,3555,0.027122,0,0,2
184,host-22,0,0,14,0,0,0,0.000000,0,32000,0,0.000000,131072,0,0.000000,0,0,0
184,host-23,1,0,14,1,0,0,0.062156,0,32000,1989,0.062156,131072,1467,0.011192,0,0,1
184,host-24,3,0,14,3,0,0,0.108781,0,32000,3481,0.108781,131072,2750,0.020981,0,0,3
184,host-3,3,0,14,3,0,0,0.110687,0,32000,3542,0.110687,131072,2414,0.018417,0,0,3
184,host-4,2,0,14,2,0,0,0.107125,0,32000,3428,0.107125,131072,3002,0.022903,0,0,2
184,host-5,3,0,14,3,0,0,0.133906,0,32000,4285,0.133906,131072,4774,0.036423,0,0,3
184,host-6,2,0,14,2,0,0,0.095906,0,32000,3069,0.095906,131072,3249,0.024788,0,0,2
184,host-7,3,0,14,3,0,0,0.132281,0,32000,4233,0.132281,131072,3829,0.029213,0,0,3
184,host-8,2,0,14,2,0,0,0.096906,0,32000,3101,0.096906,131072,3874,0.029556,0,0,2
184,host-9,2,0,14,2,0,0,0.095844,0,32000,3067,0.095844,131072,2146,0.016373,0,0,2
185,host-1,2,1,14,2,1,0,0.131625,0,32000,4212,0.131625,131072,4918,0.037521,0,1,1
185,host-10,2,0,14,2,0,0,0.116062,0,32000,3714,0.116062,131072,4348,0.033173,0,0,2
185,host-11,2,0,14,2,0,0,0.143063,0,32000,4578,0.143063,131072,4161,0.031746,0,0,2
185,host-12,2,0,14,2,0,0,0.102844,0,32000,3291,0.102844,131072,3749,0.028603,0,0,2
185,host-13,2,0,14,2,0,0,0.121281,0,32000,3881,0.121281,131072,4875,0.037193,0,0,2
185,host-14,2,0,14,2,0,0,0.111219,0,32000,3559,0.111219,131072,4550,0.034714,0,0,2
185,host-15,3,0,14,3,0,0,0.131562,0,32000,4210,0.131562,131072,5172,0.039459,0,0,3
185,host-16,2,0,14,2,0,0,0.084469,0,32000,2703,0.084469,131072,2518,0.019211,0,0,2
185,host-17,3,0,14,3,0,0,0.112750,0,32000,3608,0.112750,131072,2783,0.021233,0,0,3
185,host-18,2,0,14,2,0,0,0.122156,0,32000,3909,0.122156,131072,3649,0.027840,0,0,2
185,host-19,2,0,14,2,0,0,0.104313,0,32000,3338,0.104313,131072,3263,0.024895,0,0,2
185,host-2,2,0,14,2,0,0,0.124500,0,32000,3984,0.124500,131072,3997,0.030495,0,0,2
185,host-20,2,0,14,2,0,0,0.093500,0,32000,2992,0.093500,131072,2835,0.021629,0,0,2
185,host-21,2,0,14,2,0,0,0.103813,0,32000,3322,0.103813,131072,3555,0.027122,0,0,2
185,host-22,0,0,14,0,0,0,0.000000,0,32000,0,0.000000,131072,0,0.000000,0,0,0
185,host-23,1,0,14,1,0,0,0.062156,0,32000,1989,0.062156,131072,1467,0.011192,0,0,1
185,host-24,3,0,14,3,0,0,0.108781,0,32000,3481,0.108781,131072,2750,0.020981,0,0,3
185,host-3,3,0,14,3,0,0,0.110687,0,32000,3542,0.110687,131072,2414,0.018417,0,0,3
185,host-4,2,0,14,2,0,0,0.107125,0,32000,3428,0.107125,131072,3002,0.022903,0,0,2
185,host-5,3,0,14,3,0,0,0.133906,0,32000,4285,0.133906,131072,4774,0.036423,0,0,3
185,host-6,2,0,14,2,0,0,0.095906,0,32000,3069,0.095906,131072,3249,0.024788,0,0,2
185,host-7,2,0,14,2,0,0,0.103531,0,32000,3313,0.103531,131072,2632,0.020081,0,0,2
185,host-8,2,0,14,2,0,0,0.096906,0,32000,3101,0.096906,131072,3874,0.029556,0,0,2
185,host-9,2,0,14,2,0,0,0.095844,0,32000,3067,0.095844,131072,2146,0.016373,0,0,2
186,host-1,2,0,14,2,0,0,0.131625,0,32000,4212,0.131625,131072,4918,0.037521,0,0,2
186,host-10,2,0,14,2,0,0,0.116062,0,32000,3714,0.116062,131072,4348,0.033173,0,0,2
186,host-11,1,0,14,1,0,0,0.065844,0,32000,2107,0.065844,131072,1863,0.014214,0,0,1
186,host-12,2,0,14,2,0,0,0.102844,0,32000,3291,0.102844,131072,3749,0.028603,0,0,2
186,host-13,2,0,14,2,0,0,0.121281,0,32000,3881,0.121281,131072,4875,0.037193,0,0,2
186,host-14,2,0,14,2,0,0,0.111219,0,32000,3559,0.111219,131072,4550,0.034714,0,0,2
186,host-15,3,0,14,3,0,0,0.131562,0,32000,4210,0.131562,131072,5172,0.039459,0,0,3
186,host-16,2,0,14,2,0,0,0.084469,0,32000,2703,0.084469,131072,2518,0.019211,0,0,2
186,host-17,3,0,14,3,0,0,0.112750,0,32000,3608,0.112750,131072,2783,0.021233,0,0,3
186,host-18,2,0,14,2,0,0,0.122156,0,32000,3909,0.122156,131072,3649,0.027840,0,0,2
186,host-19,2,0,14,2,0,0,0.104313,0,32000,3338,0.104313,131072,3263,0.024895,0,0,2
186,host-2,2,0,14,2,0,0,0.124500,0,32000,3984,0.124500,131072,3997,0.030495,0,0,2
186,host-20,0,0,14,0,0,0,0.000000,0,32000,0,0.000000,131072,0,0.000000,0,0,0
186,host-21,2,0,14,2,0,0,0.103813,0,32000,3322,0.103813,131072,3555,0.027122,0,0,2
186,host-22,1,1,14,1,1,0,0.066531,0,32000,2129,0.066531,131072,2221,0.016945,1,0,0
186,host-23,1,0,14,1,0,0,0.062156,0,32000,1989,0.062156,131072,1467,0.011192,0,0,1
186,host-24,3,0,14,3,0,0,0.108781,0,32000,3481,0.108781,131072,2750,0.020981,0,0,3
186,host-3,3,0,14,3,0,0,0.110687,0,32000,3542,0.110687,131072,2414,0.018417,0,0,3
186,host-4,1,0,14,1,0,0,0.054562,0,32000,1746,0.054562,131072,1249,0.009529,0,0,1
186,host-5,3,0,14,3,0,0,0.133906,0,32000,4285,0.133906,131072,4774,0.036423,0,0,3
186,host-6,2,0,14,2,0,0,0.095906,0,32000,3069,0.095906,131072,3249,0.024788,0,0,2
186,host-7,2,0,14,2,0,0,0.103531,0,32000,3313,0.103531,131072,2632,0.020081,0,0,2
186,host-8,2,0,14,2,0,0,0.096906,0,32000,3101,0.096906,131072,3874,0.029556,0,0,2
186,host-9,2,0,14,2,0,0,0.095844,0,32000,3067,0.095844,131072,2146,0.016373,0,0,2
187,host-1,2,0,14,2,0,0,0.131625,0,32000,4212,0.131625,131072,4918,0.037521,0,0,2
187,host-10,2,0,14,2,0,0,0.116062,0,32000,3714,0.116062,131072,4348,0.033173,0,0,2
187,host-11,1,0,14,1,0,0,0.065844,0,32000,2107,0.065844,131072,1863,0.014214,0,0,1
187,host-12,2,0,14,2,0,0,0.102844,0,32000,3291,0.102844,131072,3749,0.028603,0,0,2
187,host-13,2,0,14,2,0,0,0.121281,0,32000,3881,0.121281,131072,4875,0.037193,0,0,2
187,host-14,2,0,14,2,0,0,0.111219,0,32000,3559,0.111219,131072,4550,0.034714,0,0,2
187,host-15,3,0,14,3,0,0,0.131562,0,32000,4210,0.131562,131072,5172,0.039459,0,0,3
187,host-16,2,0,14,2,0,0,0.084469,0,32000,2703,0.084469,131072,2518,0.019211,0,0,2
187,host-17,3,0,14,3,0,0,0.112750,0,32000,3608,0.112750,131072,2783,0.021233,0,0,3
187,host-18,2,0,14,2,0,0,0.122156,0,32000,3909,0.122156,131072,3649,0.027840,0,0,2
187,host-19,2,0,14,2,0,0,0.104313,0,32000,3338,0.104313,131072,3263,0.024895,0,0,2
187,host-2,2,0,14,2,0,0,0.124500,0,32000,3984,0.124500,131072,3997,0.030495,0,0,2
187,host-20,1,1,14,1,1,0,0.027250,0,32000,872,0.027250,131072,872,0.006653,1,0,0
187,host-21,2,0,14,2,0,0,0.103813,0,32000,3322,0.103813,131072,3555,0.027122,0,0,2
187,host-22,1,1,14,1,1,0,0.066531,0,32000,2129,0.066531,131072,2221,0.016945,0,1,0
187,host-23,1,0,14,1,0,0,0.062156,0,32000,1989,0.062156,131072,1467,0.011192,0,0,1
187,host-24,2,0,14,2,0,0,0.053750,0,32000,1720,0.053750,131072,1483,0.011314,0,0,2
187,host-3,1,0,14,1,0,0,0.044875,0,32000,1436,0.044875,131072,813,0.006203,0,0,1
187,host-4,1,0,14,1,0,0,0.054562,0,32000,1746,0.054562,131072,1249,0.009529,0,0,1
187,host-5,3,0,14,3,0,0,0.133906,0,32000,4285,0.133906,131072,4774,0.036423,0,0,3
187,host-6,2,0,14,2,0,0,0.095906,0,32000,3069,0.095906,131072,3249,0.024788,0,0,2
187,host-7,2,0,14,2,0,0,0.103531,0,32000,3313,0.103531,131072,2632,0.020081,0,0,2
187,host-8,2,0,14,2,0,0,0.096906,0,32000,3101,0.096906,131072,3874,0.029556,0,0,2
187,host-9,1,0,14,1,0,0,0.057500,0,32000,1840,0.057500,131072,1242,0.009476,0,0,1
188,host-1,2,0,14,2,0,0,0.131625,0,32000,4212,0.131625,131072,4918,0.037521,0,0,2
188,host-10,1,0,14,1,0,0,0.059625,0,32000,1908,0.059625,131072,2224,0.016968,0,0,1
188,host-11,1,0,14,1,0,0,0.065844,0,32000,2107,0.065844,131072,1863,0.014214,0,0,1
188,host-12,2,0,14,2,0,0,0.102844,0,32000,3291,0.102844,131072,3749,0.028603,0,0,2
188,host-13,2,0,14,2,0,0,0.121281,0,32000,3881,0.121281,131072,4875,0.037193,0,0,2
188,host-14,2,0,14,2,0,0,0.111219,0,32000,3559,0.111219,131072,4550,0.034714,0,0,2
188,host-15,2,0,14,2,0,0,0.101156,0,32000,3237,0.101156,131072,3614,0.027573,0,0,2
188,host-16,2,0,14,2,0,0,0.084469,0,32000,2703,0.084469,131072,2518,0.019211,0,0,2
188,host-17,3,0,14,3,0,0,0.112750,0,32000,3608,0.112750,131072,2783,0.021233,0,0,3
188,host-18,2,0,14,2,0,0,0.122156,0,32000,3909,0.122156,131072,3649,0.027840,0,0,2
188,host-19,2,0,14,2,0,0,0.104313,0,32000,3338,0.104313,131072,3263,0.024895,0,0,2
188,host-2,2,0,14,2,0,0,0.124500,0,32000,3984,0.124500,131072,3997,0.030495,0,0,2
188,host-20,2,1,14,2,1,0,0.099406,0,32000,3181,0.099406,131072,3821,0.029152,1,0,1
188,host-21,2,0,14,2,0,0,0.103813,0,32000,3322,0.103813,131072,3555,0.027122,0,0,2
188,host-22,1,0,14,1,0,0,0.066531,0,32000,2129,0.066531,131072,2221,0.016945,0,0,1
188,host-23,1,0,14,1,0,0,0.062156,0,32000,1989,0.062156,131072,1467,0.011192,0,0,1
188,host-24,1,0,14,1,0,0,0.027781,0,32000,889,0.027781,131072,434,0.003311,0,0,1
188,host-3,1,0,14,1,0,0,0.044875,0,32000,1436,0.044875,131072,813,0.006203,0,0,1
188,host-4,1,0,14,1,0,0,0.054562,0,32000,1746,0.054562,131072,1249,0.009529,0,0,1
188,host-5,3,0,14,3,0,0,0.133906,0,32000,4285,0.133906,131072,4774,0.036423,0,0,3
188,host-6,1,0,14,1,0,0,0.064062,0,32000,2050,0.064062,131072,2686,0.020493,0,0,1
188,host-7,1,0,14,1,0,0,0.045187,0,32000,1446,0.045187,131072,1444,0.011017,0,0,1
188,host-8,2,0,14,2,0,0,0.096906,0,32000,3101,0.096906,131072,3874,0.029556,0,0,2
188,host-9,1,0,14,1,0,0,0.057500,0,32000,1840,0.057500,131072,1242,0.009476,0,0,1
189,host-1,2,0,14,2,0,0,0.131625,0,32000,4212,0.131625,131072,4918,0.037521,0,0,2
189,host-10,1,0,14,1,0,0,0.059625,0,32000,1908,0.059625,131072,2224,0.016968,0,0,1
189,host-11,1,0,14,1,0,0,0.065844,0,32000,2107,0.065844,131072,1863,0.014214,0,0,1
189,host-12,2,0,14,2,0,0,0.102844,0,32000,3291,0.102844,131072,3749,0.028603,0,0,2
189,host-13,2,0,14,2,0,0,0.121281,0,32000,3881,0.121281,131072,4875,0.037193,0,0,2
189,host-14,2,0,14,2,0,0,0.111219,0,32000,3559,0.111219,131072,4550,0.034714,0,0,2
189,host-15,2,0,14,2,0,0,0.101156,0,32000,3237,0.101156,131072,3614,0.027573,0,0,2
189,host-16,2,0,14,2,0,0,0.084469,0,32000,2703,0.084469,131072,2518,0.019211,0,0,2
189,host-17,3,0,14,3,0,0,0.112750,0,32000,3608,0.112750,131072,2783,0.021233,0,0,3
189,host-18,2,0,14,2,0,0,0.122156,0,32000,3909,0.122156,131072,3649,0.027840,0,0,2
189,host-19,1,0,14,1,0,0,0.052875,0,32000,1692,0.052875,131072,2022,0.015427,0,0,1
189,host-2,2,0,14,2,0,0,0.124500,0,32000,3984,0.124500,131072,3997,0.030495,0,0,2
189,host-20,2,0,14,2,0,0,0.099406,0,32000,3181,0.099406,131072,3821,0.029152,0,0,2
189,host-21,2,0,14,2,0,0,0.103813,0,32000,3322,0.103813,131072,3555,0.027122,0,0,2
189,host-22,1,0,14,1,0,0,0.066531,0,32000,2129,0.066531,131072,2221,0.016945,0,0,1
189,host-23,1,0,14,1,0,0,0.062156,0,32000,1989,0.062156,131072,1467,0.011192,0,0,1
189,host-24,2,1,14,2,1,0,0.057344,0,32000,1835,0.057344,131072,1449,0.011055,1,0,1
189,host-3,1,0,14,1,0,0,0.044875,0,32000,1436,0.044875,131072,813,0.006203,0,0,1
189,host-4,1,0,14,1,0,0,0.054562,0,32000,1746,0.054562,131072,1249,0.009529,0,0,1
189,host-5,3,0,14,3,0,0,0.133906,0,32000,4285,0.133906,131072,4774,0.036423,0,0,3
189,host-6,1,0,14,1,0,0,0.064062,0,32000,2050,0.064062,131072,2686,0.020493,0,0,1
189,host-7,1,0,14,1,0,0,0.045187,0,32000,1446,0.045187,131072,1444,0.011017,0,0,1
189,host-8,2,0,14,2,0,0,0.096906,0,32000,3101,0.096906,131072,3874,0.029556,0,0,2
189,host-9,1,0,14,1,0,0,0.057500,0,32000,1840,0.057500,131072,1242,0.009476,0,0,1
190,host-1,2,0,14,2,0,0,0.131625,0,32000,4212,0.131625,131072,4918,0.037521,0,0,2
190,host-10,1,0,14,1,0,0,0.059625,0,32000,1908,0.059625,131072,2224,0.016968,0,0,1
190,host-11,1,0,14,1,0,0,0.065844,0,32000,2107,0.065844,131072,1863,0.014214,0,0,1
190,host-12,2,0,14,2,0,0,0.102844,0,32000,3291,0.102844,131072,3749,0.028603,0,0,2
190,host-13,2,0,14,2,0,0,0.121281,0,32000,3881,0.121281,131072,4875,0.037193,0,0,2
190,host-14,2,0,14,2,0,0,0.111219,0,32000,3559,0.111219,131072,4550,0.034714,0,0,2
190,host-15,2,0,14,2,0,0,0.101156,0,32000,3237,0.101156,131072,3614,0.027573,0,0,2
190,host-16,1,0,14,1,0,0,0.044469,0,32000,1423,0.044469,131072,1918,0.014633,0,0,1
190,host-17,3,0,14,3,0,0,0.112750,0,32000,3608,0.112750,131072,2783,0.021233,0,0,3
190,host-18,2,0,14,2,0,0,0.122156,0,32000,3909,0.122156,131072,3649,0.027840,0,0,2
190,host-19,1,0,14,1,0,0,0.052875,0,32000,1692,0.052875,131072,2022,0.015427,0,0,1
190,host-2,2,0,14,2,0,0,0.124500,0,32000,3984,0.124500,131072,3997,0.030495,0,0,2
190,host-20,2,0,14,2,0,0,0.099406,0,32000,3181,0.099406,131072,3821,0.029152,0,0,2
190,host-21,2,0,14,2,0,0,0.103813,0,32000,3322,0.103813,131072,3555,0.027122,0,0,2
190,host-22,1,0,14,1,0,0,0.066531,0,32000,2129,0.066531,131072,2221,0.016945,0,0,1
190,host-23,1,0,14,1,0,0,0.062156,0,32000,1989,0.062156,131072,1467,0.011192,0,0,1
190,host-24,2,1,14,2,1,0,0.057344,0,32000,1835,0.057344,131072,1449,0.011055,1,0,1
190,host-3,1,0,14,1,0,0,0.044875,0,32000,1436,0.044875,131072,813,0.006203,0,0,1
190,host-4,1,0,14,1,0,0,0.054562,0,32000,1746,0.054562,131072,1249,0.009529,0,0,1
190,host-5,3,0,14,3,0,0,0.133906,0,32000,4285,0.133906,131072,4774,0.036423,0,0,3
190,host-6,1,0,14,1,0,0,0.064062,0,32000,2050,0.064062,131072,2686,0.020493,0,0,1
190,host-7,1,0,14,1,0,0,0.045187,0,32000,1446,0.045187,131072,1444,0.011017,0,0,1
190,host-8,2,0,14,2,0,0,0.096906,0,32000,3101,0.096906,131072,3874,0.029556,0,0,2
190,host-9,1,0,14,1,0,0,0.057500,0,32000,1840,0.057500,131072,1242,0.009476,0,0,1
191,host-1,2,0,14,2,0,0,0.131625,0,32000,4212,0.131625,131072,4918,0.037521,0,0,2
191,host-10,1,0,14,1,0,0,0.059625,0,32000,1908,0.059625,131072,2224,0.016968,0,0,1
191,host-11,1,0,14,1,0,0,0.065844,0,32000,2107,0.065844,131072,1863,0.014214,0,0,1
191,host-12,2,0,14,2,0,0,0.102844,0,32000,3291,0.102844,131072,3749,0.028603,0,0,2
191,host-13,2,0,14,2,0,0,0.121281,0,32000,3881,0.121281,131072,4875,0.037193,0,0,2
191,host-14,2,0,14,2,0,0,0.111219,0,32000,3559,0.111219,131072,4550,0.034714,0,0,2
191,host-15,2,0,14,2,0,0,0.101156,0,32000,3237,0.101156,131072,3614,0.027573,0,0,2
191,host-16,1,0,14,1,0,0,0.044469,0,32000,1423,0.044469,131072,1918,0.014633,0,0,1
191,host-17,3,0,14,3,0,0,0.112750,0,32000,3608,0.112750,131072,2783,0.021233,0,0,3
191,host-18,2,0,14,2,0,0,0.122156,0,32000,3909,0.122156,131072,3649,0.027840,0,0,2
191,host-19,1,0,14,1,0,0,0.052875,0,32000,1692,0.052875,131072,2022,0.015427,0,0,1
191,host-2,2,0,14,2,0,0,0.124500,0,32000,3984,0.124500,131072,3997,0.030495,0,0,2
191,host-20,2,0,14,2,0,0,0.099406,0,32000,3181,0.099406,131072,3821,0.029152,0,0,2
191,host-21,2,0,14,2,0,0,0.103813,0,32000,3322,0.103813,131072,3555,0.027122,0,0,2
191,host-22,1,0,14,1,0,0,0.066531,0,32000,2129,0.066531,131072,2221,0.016945,0,0,1
191,host-23,1,0,14,1,0,0,0.062156,0,32000,1989,0.062156,131072,1467,0.011192,0,0,1
191,host-24,2,0,14,2,0,0,0.057344,0,32000,1835,0.057344,131072,1449,0.011055,0,0,2
191,host-3,1,0,14,1,0,0,0.044875,0,32000,1436,0.044875,131072,813,0.006203,0,0,1
191,host-4,1,0,14,1,0,0,0.054562,0,32000,1746,0.054562,131072,1249,0.009529,0,0,1
191,host-5,3,0,14,3,0,0,0.133906,0,32000,4285,0.133906,131072,4774,0.036423,0,0,3
191,host-6,1,0,14,1,0,0,0.064062,0,32000,2050,0.064062,131072,2686,0.020493,0,0,1
191,host-7,1,0,14,1,0,0,0.045187,0,32000,1446,0.045187,131072,1444,0.011017,0,0,1
191,host-8,2,0,14,2,0,0,0.096906,0,32000,3101,0.096906,131072,3874,0.029556,0,0,2
191,host-9,1,0,14,1,0,0,0.057500,0,32000,1840,0.057500,131072,1242,0.009476,0,0,1
192,host-1,2,0,14,2,0,0,0.131625,0,32000,4212,0.131625,131072,4918,0.037521,0,0,2
192,host-10,1,0,14,1,0,0,0.059625,0,32000,1908,0.059625,131072,2224,0.016968,0,0,1
192,host-11,1,0,14,1,0,0,0.065844,0,32000,2107,0.065844,131072,1863,0.014214,0,0,1
192,host-12,1,0,14,1,0,0,0.066375,0,32000,2124,0.066375,131072,2384,0.018188,0,0,1
192,host-13,1,0,14,1,0,0,0.063187,0,32000,2022,0.063187,131072,2269,0.017311,0,0,1
192,host-14,2,0,14,2,0,0,0.111219,0,32000,3559,0.111219,131072,4550,0.034714,0,0,2
192,host-15,2,0,14,2,0,0,0.101156,0,32000,3237,0.101156,131072,3614,0.027573,0,0,2
192,host-16,1,0,14,1,0,0,0.044469,0,32000,1423,0.044469,131072,1918,0.014633,0,0,1
192,host-17,1,0,14,1,0,0,0.058344,0,32000,1867,0.058344,131072,1188,0.009064,0,0,1
192,host-18,2,0,14,2,0,0,0.122156,0,32000,3909,0.122156,131072,3649,0.027840,0,0,2
192,host-19,1,0,14,1,0,0,0.052875,0,32000,1692,0.052875,131072,2022,0.015427,0,0,1
192,host-2,2,0,14,2,0,0,0.124500,0,32000,3984,0.124500,131072,3997,0.030495,0,0,2
192,host-20,2,0,14,2,0,0,0.099406,0,32000,3181,0.099406,131072,3821,0.029152,0,0,2
192,host-21,1,0,14,1,0,0,0.052875,0,32000,1692,0.052875,131072,2022,0.015427,0,0,1
192,host-22,1,0,14,1,0,0,0.066531,0,32000,2129,0.066531,131072,2221,0.016945,0,0,1
192,host-23,1,0,14,1,0,0,0.062156,0,32000,1989,0.062156,131072,1467,0.011192,0,0,1
192,host-24,2,0,14,2,0,0,0.057344,0,32000,1835,0.057344,131072,1449,0.011055,0,0,2
192,host-3,1,0,14,1,0,0,0.044875,0,32000,1436,0.044875,131072,813,0.006203,0,0,1
192,host-4,1,0,14,1,0,0,0.054562,0,32000,1746,0.054562,131072,1249,0.009529,0,0,1
192,host-5,2,0,14,2,0,0,0.097437,0,32000,3118,0.097437,131072,3409,0.026009,0,0,2
192,host-6,1,0,14,1,0,0,0.064062,0,32000,2050,0.064062,131072,2686,0.020493,0,0,1
192,host-7,1,0,14,1,0,0,0.045187,0,32000,1446,0.045187,131072,1444,0.011017,0,0,1
192,host-8,2,0,14,2,0,0,0.096906,0,32000,3101,0.096906,131072,3874,0.029556,0,0,2
192,host-9,1,0,14,1,0,0,0.057500,0,32000,1840,0.057500,131072,1242,0.009476,0,0,1
193,host-1,2,0,14,2,0,0,0.131625,0,32000,4212,0.131625,131072,4918,0.037521,0,0,2
193,host-10,1,0,14,1,0,0,0.059625,0,32000,1908,0.059625,131072,2224,0.016968,0,0,1
193,host-11,1,0,14,1,0,0,0.065844,0,32000,2107,0.065844,131072,1863,0.014214,0,0,1
193,host-12,1,0,14,1,0,0,0.066375,0,32000,2124,0.066375,131072,2384,0.018188,0,0,1
193,host-13,1,0,14,1,0,0,0.063187,0,32000,2022,0.063187,131072,2269,0.017311,0,0,1
193,host-14,2,0,14,2,0,0,0.111219,0,32000,3559,0.111219,131072,4550,0.034714,0,0,2
193,host-15,2,0,14,2,0,0,0.101156,0,32000,3237,0.101156,131072,3614,0.027573,0,0,2
193,host-16,1,0,14,1,0,0,0.044469,0,32000,1423,0.044469,131072,1918,0.014633,0,0,1
193,host-17,1,0,14,1,0,0,0.058344,0,32000,1867,0.058344,131072,1188,0.009064,0,0,1
193,host-18,2,0,14,2,0,0,0.122156,0,32000,3909,0.122156,131072,3649,0.027840,0,0,2
193,host-19,1,0,14,1,0,0,0.052875,0,32000,1692,0.052875,131072,2022,0.015427,0,0,1
193,host-2,2,0,14,2,0,0,0.124500,0,32000,3984,0.124500,131072,3997,0.030495,0,0,2
193,host-20,2,0,14,2,0,0,0.099406,0,32000,3181,0.099406,131072,3821,0.029152,0,0,2
193,host-21,1,0,14,1,0,0,0.052875,0,32000,1692,0.052875,131072,2022,0.015427,0,0,1
193,host-22,1,0,14,1,0,0,0.066531,0,32000,2129,0.066531,131072,2221,0.016945,0,0,1
193,host-23,1,0,14,1,0,0,0.062156,0,32000,1989,0.062156,131072,1467,0.011192,0,0,1
193,host-24,2,0,14,2,0,0,0.057344,0,32000,1835,0.057344,131072,1449,0.011055,0,0,2
193,host-3,1,0,14,1,0,0,0.044875,0,32000,1436,0.044875,131072,813,0.006203,0,0,1
193,host-4,1,0,14,1,0,0,0.054562,0,32000,1746,0.054562,131072,1249,0.009529,0,0,1
193,host-5,2,0,14,2,0,0,0.097437,0,32000,3118,0.097437,131072,3409,0.026009,0,0,2
193,host-6,1,0,14,1,0,0,0.064062,0,32000,2050,0.064062,131072,2686,0.020493,0,0,1
193,host-7,1,0,14,1,0,0,0.045187,0,32000,1446,0.045187,131072,1444,0.011017,0,0,1
193,host-8,2,0,14,2,0,0,0.096906,0,32000,3101,0.096906,131072,3874,0.029556,0,0,2
193,host-9,1,0,14,1,0,0,0.057500,0,32000,1840,0.057500,131072,1242,0.009476,0,0,1
194,host-1,2,0,14,2,0,0,0.131625,0,32000,4212,0.131625,131072,4918,0.037521,0,0,2
194,host-10,1,0,14,1,0,0,0.059625,0,32000,1908,0.059625,131072,2224,0.016968,0,0,1
194,host-11,1,0,14,1,0,0,0.065844,0,32000,2107,0.065844,131072,1863,0.014214,0,0,1
194,host-12,1,0,14,1,0,0,0.066375,0,32000,2124,0.066375,131072,2384,0.018188,0,0,1
194,host-13,1,0,14,1,0,0,0.063187,0,32000,2022,0.063187,131072,2269,0.017311,0,0,1
194,host-14,2,0,14,2,0,0,0.111219,0,32000,3559,0.111219,131072,4550,0.034714,0,0,2
194,host-15,2,0,14,2,0,0,0.101156,0,32000,3237,0.101156,131072,3614,0.027573,0,0,2
194,host-16,1,0,14,1,0,0,0.044469,0,32000,1423,0.044469,131072,1918,0.014633,0,0,1
194,host-17,1,0,14,1,0,0,0.058344,0,32000,1867,0.058344,131072,1188,0.009064,0,0,1
194,host-18,2,0,14,2,0,0,0.122156,0,32000,3909,0.122156,131072,3649,0.027840,0,0,2
194,host-19,1,0,14,1,0,0,0.052875,0,32000,1692,0.052875,131072,2022,0.015427,0,0,1
194,host-2,2,0,14,2,0,0,0.124500,0,32000,3984,0.124500,131072,3997,0.030495,0,0,2
194,host-20,2,0,14,2,0,0,0.099406,0,32000,3181,0.099406,131072,3821,0.029152,0,0,2
194,host-21,1,0,14,1,0,0,0.052875,0,32000,1692,0.052875,131072,2022,0.015427,0,0,1
194,host-22,1,0,14,1,0,0,0.066531,0,32000,2129,0.066531,131072,2221,0.016945,0,0,1
194,host-23,1,0,14,1,0,0,0.062156,0,32000,1989,0.062156,131072,1467,0.011192,0,0,1
194,host-24,2,0,14,2,0,0,0.057344,0,32000,1835,0.057344,131072,1449,0.011055,0,0,2
194,host-3,1,0,14,1,0,0,0.044875,0,32000,1436,0.044875,131072,813,0.006203,0,0,1
194,host-4,1,0,14,1,0,0,0.054562,0,32000,1746,0.054562,131072,1249,0.009529,0,0,1
194,host-5,2,0,14,2,0,0,0.097437,0,32000,3118,0.097437,131072,3409,0.026009,0,0,2
194,host-6,1,0,14,1,0,0,0.064062,0,32000,2050,0.064062,131072,2686,0.020493,0,0,1
194,host-7,1,0,14,1,0,0,0.045187,0,32000,1446,0.045187,131072,1444,0.011017,0,0,1
194,host-8,2,0,14,2,0,0,0.096906,0,32000,3101,0.096906,131072,3874,0.029556,0,0,2
194,host-9,1,0,14,1,0,0,0.057500,0,32000,1840,0.057500,131072,1242,0.009476,0,0,1
195,host-1,2,0,14,2,0,0,0.131625,0,32000,4212,0.131625,131072,4918,0.037521,0,0,2
195,host-10,1,0,14,1,0,0,0.059625,0,32000,1908,0.059625,131072,2224,0.016968,0,0,1
195,host-11,1,0,14,1,0,0,0.065844,0,32000,2107,0.065844,131072,1863,0.014214,0,0,1
195,host-12,1,0,14,1,0,0,0.066375,0,32000,2124,0.066375,131072,2384,0.018188,0,0,1
195,host-13,1,0,14,1,0,0,0.063187,0,32000,2022,0.063187,131072,2269,0.017311,0,0,1
195,host-14,2,1,14,2,1,0,0.095719,0,32000,3063,0.095719,131072,4044,0.030853,1,0,1
195,host-15,2,0,14,2,0,0,0.101156,0,32000,3237,0.101156,131072,3614,0.027573,0,0,2
195,host-16,2,1,14,2,1,0,0.078375,0,32000,2508,0.078375,131072,2788,0.021271,1,0,1
195,host-17,1,0,14,1,0,0,0.058344,0,32000,1867,0.058344,131072,1188,0.009064,0,0,1
195,host-18,2,0,14,2,0,0,0.122156,0,32000,3909,0.122156,131072,3649,0.027840,0,0,2
195,host-19,2,1,14,2,1,0,0.129656,0,32000,4149,0.129656,131072,4808,0.036682,1,0,1
195,host-2,2,0,14,2,0,0,0.124500,0,32000,3984,0.124500,131072,3997,0.030495,0,0,2
195,host-20,2,0,14,2,0,0,0.099406,0,32000,3181,0.099406,131072,3821,0.029152,0,0,2
195,host-21,2,1,14,2,1,0,0.110687,0,32000,3542,0.110687,131072,3895,0.029716,1,0,1
195,host-22,1,0,14,1,0,0,0.066531,0,32000,2129,0.066531,131072,2221,0.016945,0,0,1
195,host-23,1,0,14,1,0,0,0.062156,0,32000,1989,0.062156,131072,1467,0.011192,0,0,1
195,host-24,2,0,14,2,0,0,0.057344,0,32000,1835,0.057344,131072,1449,0.011055,0,0,2
195,host-3,2,1,14,2,1,0,0.082562,0,32000,2642,0.082562,131072,1640,0.012512,1,0,1
195,host-4,1,0,14,1,0,0,0.054562,0,32000,1746,0.054562,131072,1249,0.009529,0,0,1
195,host-5,2,0,14,2,0,0,0.097437,0,32000,3118,0.097437,131072,3409,0.026009,0,0,2
195,host-6,1,0,14,1,0,0,0.064062,0,32000,2050,0.064062,131072,2686,0.020493,0,0,1
195,host-7,2,1,14,2,1,0,0.083219,0,32000,2663,0.083219,131072,2085,0.015907,1,0,1
195,host-8,2,0,14,2,0,0,0.096906,0,32000,3101,0.096906,131072,3874,0.029556,0,0,2
195,host-9,1,0,14,1,0,0,0.057500,0,32000,1840,0.057500,131072,1242,0.009476,0,0,1
196,host-1,2,0,14,2,0,0,0.131625,0,32000,4212,0.131625,131072,4918,0.037521,0,0,2
196,host-10,1,0,14,1,0,0,0.059625,0,32000,1908,0.059625,131072,2224,0.016968,0,0,1
196,host-11,1,0,14,1,0,0,0.065844,0,32000,2107,0.065844,131072,1863,0.014214,0,0,1
196,host-12,1,0,14,1,0,0,0.066375,0,32000,2124,0.066375,131072,2384,0.018188,0,0,1
196,host-13,1,0,14,1,0,0,0.063187,0,32000,2022,0.063187,131072,2269,0.017311,0,0,1
196,host-14,2,0,14,2,0,0,0.095719,0,32000,3063,0.095719,131072,4044,0.030853,0,0,2
196,host-15,1,0,14,1,0,0,0.038344,0,32000,1227,0.038344,131072,1200,0.009155,0,0,1
196,host-16,2,0,14,2,0,0,0.078375,0,32000,2508,0.078375,131072,2788,0.021271,0,0,2
196,host-17,1,0,14,1,0,0,0.058344,0,32000,1867,0.058344,131072,1188,0.009064,0,0,1
196,host-18,2,0,14,2,0,0,0.122156,0,32000,3909,0.122156,131072,3649,0.027840,0,0,2
196,host-19,2,1,14,2,1,0,0.129656,0,32000,4149,0.129656,131072,4808,0.036682,1,0,1
196,host-2,2,0,14,2,0,0,0.124500,0,32000,3984,0.124500,131072,3997,0.030495,0,0,2
196,host-20,2,0,14,2,0,0,0.099406,0,32000,3181,0.099406,131072,3821,0.029152,0,0,2
196,host-21,2,1,14,2,1,0,0.110687,0,32000,3542,0.110687,131072,3895,0.029716,1,0,1
196,host-22,1,0,14,1,0,0,0.066531,0,32000,2129,0.066531,131072,2221,0.016945,0,0,1
196,host-23,1,0,14,1,0,0,0.062156,0,32000,1989,0.062156,131072,1467,0.011192,0,0,1
196,host-24,3,1,14,3,1,0,0.117813,0,32000,3770,0.117813,131072,3863,0.029472,1,0,2
196,host-3,2,0,14,2,0,0,0.082562,0,32000,2642,0.082562,131072,1640,0.012512,0,0,2
196,host-4,2,1,14,2,1,0,0.125656,0,32000,4021,0.125656,131072,3563,0.027184,0,1,1
196,host-5,2,0,14,2,0,0,0.097437,0,32000,3118,0.097437,131072,3409,0.026009,0,0,2
196,host-6,1,0,14,1,0,0,0.064062,0,32000,2050,0.064062,131072,2686,0.020493,0,0,1
196,host-7,2,0,14,2,0,0,0.083219,0,32000,2663,0.083219,131072,2085,0.015907,0,0,2
196,host-8,2,0,14,2,0,0,0.096906,0,32000,3101,0.096906,131072,3874,0.029556,0,0,2
196,host-9,2,1,14,2,1,0,0.089938,0,32000,2878,0.089938,131072,2303,0.017570,1,0,1
197,host-1,2,0,14,2,0,0,0.131625,0,32000,4212,0.131625,131072,4918,0.037521,0,0,2
197,host-10,1,0,14,1,0,0,0.059625,0,32000,1908,0.059625,131072,2224,0.016968,0,0,1
197,host-11,1,0,14,1,0,0,0.065844,0,32000,2107,0.065844,131072,1863,0.014214,0,0,1
197,host-12,0,0,14,0,0,0,0.000000,0,32000,0,0.000000,131072,0,0.000000,0,0,0
197,host-13,1,0,14,1,0,0,0.063187,0,32000,2022,0.063187,131072,2269,0.017311,0,0,1
197,host-14,2,0,14,2,0,0,0.095719,0,32000,3063,0.095719,131072,4044,0.030853,0,0,2
197,host-15,2,1,14,2,1,0,0.068750,0,32000,2200,0.068750,131072,2758,0.021042,1,0,1
197,host-16,1,0,14,1,0,0,0.033906,0,32000,1085,0.033906,131072,870,0.006638,0,0,1
197,host-17,2,1,14,2,1,0,0.087094,0,32000,2787,0.087094,131072,2385,0.018196,1,0,1
197,host-18,1,0,14,1,0,0,0.073781,0,32000,2361,0.073781,131072,2606,0.019882,0,0,1
197,host-19,2,0,14,2,0,0,0.129656,0,32000,4149,0.129656,131072,4808,0.036682,0,0,2
197,host-2,1,0,14,1,0,0,0.076469,0,32000,2447,0.076469,131072,2515,0.019188,0,0,1
197,host-20,2,0,14,2,0,0,0.099406,0,32000,3181,0.099406,131072,3821,0.029152,0,0,2
197,host-21,2,0,14,2,0,0,0.110687,0,32000,3542,0.110687,131072,3895,0.029716,0,0,2
197,host-22,1,0,14,1,0,0,0.066531,0,32000,2129,0.066531,131072,2221,0.016945,0,0,1
197,host-23,1,0,14,1,0,0,0.062156,0,32000,1989,0.062156,131072,1467,0.011192,0,0,1
197,host-24,3,0,14,3,0,0,0.117813,0,32000,3770,0.117813,131072,3863,0.029472,0,0,3
197,host-3,2,0,14,2,0,0,0.082562,0,32000,2642,0.082562,131072,1640,0.012512,0,0,2
197,host-4,2,0,14,2,0,0,0.125656,0,32000,4021,0.125656,131072,3563,0.027184,0,0,2
197,host-5,1,0,14,1,0,0,0.052937,0,32000,1694,0.052937,131072,2261,0.017250,0,0,1
197,host-6,1,0,14,1,0,0,0.064062,0,32000,2050,0.064062,131072,2686,0.020493,0,0,1
197,host-7,1,1,14,1,1,0,0.038031,0,32000,1217,0.038031,131072,641,0.004890,0,1,0
197,host-8,1,0,14,1,0,0,0.034094,0,32000,1091,0.034094,131072,1460,0.011139,0,0,1
197,host-9,2,1,14,2,1,0,0.089938,0,32000,2878,0.089938,131072,2303,0.017570,0,1,1
198,host-1,1,0,14,1,0,0,0.073781,0,32000,2361,0.073781,131072,2606,0.019882,0,0,1
198,host-10,1,0,14,1,0,0,0.059625,0,32000,1908,0.059625,131072,2224,0.016968,0,0,1
198,host-11,1,0,14,1,0,0,0.065844,0,32000,2107,0.065844,131072,1863,0.014214,0,0,1
198,host-12,2,2,14,2,2,0,0.057438,0,32000,1838,0.057438,131072,1757,0.013405,2,0,0
198,host-13,1,0,14,1,0,0,0.063187,0,32000,2022,0.063187,131072,2269,0.017311,0,0,1
198,host-14,2,0,14,2,0,0,0.095719,0,32000,3063,0.095719,131072,4044,0.030853,0,0,2
198,host-15,2,0,14,2,0,0,0.068750,0,32000,2200,0.068750,131072,2758,0.021042,0,0,2
198,host-16,2,1,14,2,1,0,0.068250,0,32000,2184,0.068250,131072,1763,0.013451,1,0,1
198,host-17,2,1,14,2,1,0,0.087094,0,32000,2787,0.087094,131072,2385,0.018196,1,0,1
198,host-18,1,0,14,1,0,0,0.073781,0,32000,2361,0.073781,131072,2606,0.019882,0,0,1
198,host-19,2,0,14,2,0,0,0.129656,0,32000,4149,0.129656,131072,4808,0.036682,0,0,2
198,host-2,1,0,14,1,0,0,0.076469,0,32000,2447,0.076469,131072,2515,0.019188,0,0,1
198,host-20,2,0,14,2,0,0,0.099406,0,32000,3181,0.099406,131072,3821,0.029152,0,0,2
198,host-21,2,0,14,2,0,0,0.110687,0,32000,3542,0.110687,131072,3895,0.029716,0,0,2
198,host-22,1,0,14,1,0,0,0.066531,0,32000,2129,0.066531,131072,2221,0.016945,0,0,1
198,host-23,1,0,14,1,0,0,0.062156,0,32000,1989,0.062156,131072,1467,0.011192,0,0,1
198,host-24,3,0,14,3,0,0,0.117813,0,32000,3770,0.117813,131072,3863,0.029472,0,0,3
198,host-3,2,0,14,2,0,0,0.082562,0,32000,2642,0.082562,131072,1640,0.012512,0,0,2
198,host-4,2,0,14,2,0,0,0.125656,0,32000,4021,0.125656,131072,3563,0.027184,0,0,2
198,host-5,1,0,14,1,0,0,0.052937,0,32000,1694,0.052937,131072,2261,0.017250,0,0,1
198,host-6,1,1,14,1,1,0,0.055031,0,32000,1761,0.055031,131072,1267,0.009666,1,0,0
198,host-7,2,1,14,2,1,0,0.089469,0,32000,2863,0.089469,131072,1882,0.014359,1,0,1
198,host-8,2,1,14,2,1,0,0.065937,0,32000,2110,0.065937,131072,2023,0.015434,1,0,1
198,host-9,2,0,14,2,0,0,0.089938,0,32000,2878,0.089938,131072,2303,0.017570,0,0,2
199,host-1,1,0,14,1,0,0,0.073781,0,32000,2361,0.073781,131072,2606,0.019882,0,0,1
199,host-10,1,0,14,1,0,0,0.059625,0,32000,1908,0.059625,131072,2224,0.016968,0,0,1
199,host-11,1,0,14,1,0,0,0.065844,0,32000,2107,0.065844,131072,1863,0.014214,0,0,1
199,host-12,3,1,14,3,1,0,0.095656,0,32000,3061,0.095656,131072,3181,0.024269,1,0,2
199,host-13,1,0,14,1,0,0,0.063187,0,32000,2022,0.063187,131072,2269,0.017311,0,0,1
199,host-14,2,0,14,2,0,0,0.095719,0,32000,3063,0.095719,131072,4044,0.030853,0,0,2
199,host-15,2,0,14,2,0,0,0.068750,0,32000,2200,0.068750,131072,2758,0.021042,0,0,2
199,host-16,2,0,14,2,0,0,0.068250,0,32000,2184,0.068250,131072,1763,0.013451,0,0,2
199,host-17,2,0,14,2,0,0,0.087094,0,32000,2787,0.087094,131072,2385,0.018196,0,0,2
199,host-18,1,0,14,1,0,0,0.073781,0,32000,2361,0.073781,131072,2606,0.019882,0,0,1
199,host-19,2,0,14,2,0,0,0.129656,0,32000,4149,0.129656,131072,4808,0.036682,0,0,2
199,host-2,1,0,14,1,0,0,0.076469,0,32000,2447,0.076469,131072,2515,0.019188,0,0,1
199,host-20,2,0,14,2,0,0,0.099406,0,32000,3181,0.099406,131072,3821,0.029152,0,0,2
199,host-21,2,0,14,2,0,0,0.110687,0,32000,3542,0.110687,131072,3895,0.029716,0,0,2
199,host-22,1,0,14,1,0,0,0.066531,0,32000,2129,0.066531,131072,2221,0.016945,0,0,1
199,host-23,1,0,14,1,0,0,0.062156,0,32000,1989,0.062156,131072,1467,0.011192,0,0,1
199,host-24,3,0,14,3,0,0,0.117813,0,32000,3770,0.117813,131072,3863,0.029472,0,0,3
199,host-3,2,0,14,2,0,0,0.082562,0,32000,2642,0.082562,131072,1640,0.012512,0,0,2
199,host-4,2,0,14,2,0,0,0.125656,0,32000,4021,0.125656,131072,3563,0.027184,0,0,2
199,host-5,2,1,14,2,1,0,0.107969,0,32000,3455,0.107969,131072,3528,0.026917,1,0,1
199,host-6,2,2,14,2,2,0,0.086875,0,32000,2780,0.086875,131072,1830,0.013962,2,0,0
199,host-7,2,1,14,2,1,0,0.089469,0,32000,2863,0.089469,131072,1882,0.014359,1,0,1
199,host-8,2,0,14,2,0,0,0.065937,0,32000,2110,0.065937,131072,2023,0.015434,0,0,2
199,host-9,2,0,14,2,0,0,0.089938,0,32000,2878,0.089938,131072,2303,0.017570,0,0,2
200,host-1,1,0,14,1,0,0,0.073781,0,32000,2361,0.073781,131072,2606,0.019882,0,0,1
200,host-10,2,1,14,2,1,0,0.131031,0,32000,4193,0.131031,131072,4792,0.036560,1,0,1
200,host-11,1,0,14,1,0,0,0.065844,0,32000,2107,0.065844,131072,1863,0.014214,0,0,1
200,host-12,3,0,14,3,0,0,0.095656,0,32000,3061,0.095656,131072,3181,0.024269,0,0,3
200,host-13,1,0,14,1,0,0,0.063187,0,32000,2022,0.063187,131072,2269,0.017311,0,0,1
200,host-14,2,0,14,2,0,0,0.095719,0,32000,3063,0.095719,131072,4044,0.030853,0,0,2
200,host-15,2,0,14,2,0,0,0.068750,0,32000,2200,0.068750,131072,2758,0.021042,0,0,2
200,host-16,2,1,14,2,1,0,0.068250,0,32000,2184,0.068250,131072,1763,0.013451,0,1,1
200,host-17,2,0,14,2,0,0,0.087094,0,32000,2787,0.087094,131072,2385,0.018196,0,0,2
200,host-18,1,0,14,1,0,0,0.073781,0,32000,2361,0.073781,131072,2606,0.019882,0,0,1
200,host-19,2,0,14,2,0,0,0.129656,0,32000,4149,0.129656,131072,4808,0.036682,0,0,2
200,host-2,1,0,14,1,0,0,0.076469,0,32000,2447,0.076469,131072,2515,0.019188,0,0,1
200,host-20,2,0,14,2,0,0,0.099406,0,32000,3181,0.099406,131072,3821,0.029152,0,0,2
200,host-21,2,0,14,2,0,0,0.110687,0,32000,3542,0.110687,131072,3895,0.029716,0,0,2
200,host-22,1,0,14,1,0,0,0.066531,0,32000,2129,0.066531,131072,2221,0.016945,0,0,1
200,host-23,1,0,14,1,0,0,0.062156,0,32000,1989,0.062156,131072,1467,0.011192,0,0,1
200,host-24,3,0,14,3,0,0,0.117813,0,32000,3770,0.117813,131072,3863,0.029472,0,0,3
200,host-3,2,0,14,2,0,0,0.082562,0,32000,2642,0.082562,131072,1640,0.012512,0,0,2
200,host-4,2,0,14,2,0,0,0.125656,0,32000,4021,0.125656,131072,3563,0.027184,0,0,2
200,host-5,2,0,14,2,0,0,0.107969,0,32000,3455,0.107969,131072,3528,0.026917,0,0,2
200,host-6,2,0,14,2,0,0,0.086875,0,32000,2780,0.086875,131072,1830,0.013962,0,0,2
200,host-7,2,1,14,2,1,0,0.089469,0,32000,2863,0.089469,131072,1882,0.014359,0,1,1
200,host-8,2,0,14,2,0,0,0.065937,0,32000,2110,0.065937,131072,2023,0.015434,0,0,2
200,host-9,2,0,14,2,0,0,0.089938,0,32000,2878,0.089938,131072,2303,0.017570,0,0,2
201,host-1,1,0,14,1,0,0,0.073781,0,32000,2361,0.073781,131072,2606,0.019882,0,0,1
201,host-10,2,1,14,2,1,0,0.131031,0,32000,4193,0.131031,131072,4792,0.036560,0,1,1
201,host-11,1,0,14,1,0,0,0.065844,0,32000,2107,0.065844,131072,1863,0.014214,0,0,1
201,host-12,3,0,14,3,0,0,0.095656,0,32000,3061,0.095656,131072,3181,0.024269,0,0,3
201,host-13,1,0,14,1,0,0,0.063187,0,32000,2022,0.063187,131072,2269,0.017311,0,0,1
201,host-14,2,0,14,2,0,0,0.095719,0,32000,3063,0.095719,131072,4044,0.030853,0,0,2
201,host-15,2,0,14,2,0,0,0.068750,0,32000,2200,0.068750,131072,2758,0.021042,0,0,2
201,host-16,2,0,14,2,0,0,0.068250,0,32000,2184,0.068250,131072,1763,0.013451,0,0,2
201,host-17,2,0,14,2,0,0,0.087094,0,32000,2787,0.087094,131072,2385,0.018196,0,0,2
201,host-18,1,0,14,1,0,0,0.073781,0,32000,2361,0.073781,131072,2606,0.019882,0,0,1
201,host-19,2,0,14,2,0,0,0.129656,0,32000,4149,0.129656,131072,4808,0.036682,0,0,2
201,host-2,1,0,14,1,0,0,0.076469,0,32000,2447,0.076469,131072,2515,0.019188,0,0,1
201,host-20,2,0,14,2,0,0,0.099406,0,32000,3181,0.099406,131072,3821,0.029152,0,0,2
201,host-21,2,0,14,2,0,0,0.110687,0,32000,3542,0.110687,131072,3895,0.029716,0,0,2
201,host-22,1,0,14,1,0,0,0.066531,0,32000,2129,0.066531,131072,2221,0.016945,0,0,1
201,host-23,1,1,14,1,1,0,0.050937,0,32000,1630,0.050937,131072,1533,0.011696,1,0,0
201,host-24,3,0,14,3,0,0,0.117813,0,32000,3770,0.117813,131072,3863,0.029472,0,0,3
201,host-3,2,0,14,2,0,0,0.082562,0,32000,2642,0.082562,131072,1640,0.012512,0,0,2
201,host-4,2,0,14,2,0,0,0.125656,0,32000,4021,0.125656,131072,3563,0.027184,0,0,2
201,host-5,2,0,14,2,0,0,0.107969,0,32000,3455,0.107969,131072,3528,0.026917,0,0,2
201,host-6,2,0,14,2,0,0,0.086875,0,32000,2780,0.086875,131072,1830,0.013962,0,0,2
201,host-7,2,0,14,2,0,0,0.089469,0,32000,2863,0.089469,131072,1882,0.014359,0,0,2
201,host-8,2,0,14,2,0,0,0.065937,0,32000,2110,0.065937,131072,2023,0.015434,0,0,2
201,host-9,2,0,14,2,0,0,0.089938,0,32000,2878,0.089938,131072,2303,0.017570,0,0,2
202,host-1,1,0,14,1,0,0,0.073781,0,32000,2361,0.073781,131072,2606,0.019882,0,0,1
202,host-10,2,0,14,2,0,0,0.131031,0,32000,4193,0.131031,131072,4792,0.036560,0,0,2
202,host-11,1,0,14,1,0,0,0.065844,0,32000,2107,0.065844,131072,1863,0.014214,0,0,1
202,host-12,3,0,14,3,0,0,0.095656,0,32000,3061,0.095656,131072,3181,0.024269,0,0,3
202,host-13,2,1,14,2,1,0,0.106531,0,32000,3409,0.106531,131072,3143,0.023979,1,0,1
202,host-14,2,0,14,2,0,0,0.095719,0,32000,3063,0.095719,131072,4044,0.030853,0,0,2
202,host-15,2,0,14,2,0,0,0.068750,0,32000,2200,0.068750,131072,2758,0.021042,0,0,2
202,host-16,2,0,14,2,0,0,0.068250,0,32000,2184,0.068250,131072,1763,0.013451,0,0,2
202,host-17,2,0,14,2,0,0,0.087094,0,32000,2787,0.087094,131072,2385,0.018196,0,0,2
202,host-18,1,0,14,1,0,0,0.073781,0,32000,2361,0.073781,131072,2606,0.019882,0,0,1
202,host-19,2,0,14,2,0,0,0.129656,0,32000,4149,0.129656,131072,4808,0.036682,0,0,2
202,host-2,1,0,14,1,0,0,0.076469,0,32000,2447,0.076469,131072,2515,0.019188,0,0,1
202,host-20,2,0,14,2,0,0,0.099406,0,32000,3181,0.099406,131072,3821,0.029152,0,0,2
202,host-21,1,0,14,1,0,0,0.057813,0,32000,1850,0.057813,131072,1873,0.014290,0,0,1
202,host-22,1,0,14,1,0,0,0.066531,0,32000,2129,0.066531,131072,2221,0.016945,0,0,1
202,host-23,2,2,14,2,2,0,0.101875,0,32000,3260,0.101875,131072,3066,0.023392,2,0,0
202,host-24,2,0,14,2,0,0,0.090031,0,32000,2881,0.090031,131072,3429,0.026161,0,0,2
202,host-3,2,0,14,2,0,0,0.082562,0,32000,2642,0.082562,131072,1640,0.012512,0,0,2
202,host-4,2,0,14,2,0,0,0.125656,0,32000,4021,0.125656,131072,3563,0.027184,0,0,2
202,host-5,2,0,14,2,0,0,0.107969,0,32000,3455,0.107969,131072,3528,0.026917,0,0,2
202,host-6,2,0,14,2,0,0,0.086875,0,32000,2780,0.086875,131072,1830,0.013962,0,0,2
202,host-7,2,0,14,2,0,0,0.089469,0,32000,2863,0.089469,131072,1882,0.014359,0,0,2
202,host-8,2,0,14,2,0,0,0.065937,0,32000,2110,0.065937,131072,2023,0.015434,0,0,2
202,host-9,1,0,14,1,0,0,0.032438,0,32000,1038,0.032438,131072,1061,0.008095,0,0,1
203,host-1,1,0,14,1,0,0,0.073781,0,32000,2361,0.073781,131072,2606,0.019882,0,0,1
203,host-10,2,0,14,2,0,0,0.131031,0,32000,4193,0.131031,131072,4792,0.036560,0,0,2
203,host-11,0,0,14,0,0,0,0.000000,0,32000,0,0.000000,131072,0,0.000000,0,0,0
203,host-12,3,0,14,3,0,0,0.095656,0,32000,3061,0.095656,131072,3181,0.024269,0,0,3
203,host-13,2,1,14,2,1,0,0.106531,0,32000,3409,0.106531,131072,3143,0.023979,1,0,1
203,host-14,2,0,14,2,0,0,0.095719,0,32000,3063,0.095719,131072,4044,0.030853,0,0,2
203,host-15,2,0,14,2,0,0,0.068750,0,32000,2200,0.068750,131072,2758,0.021042,0,0,2
203,host-16,2,0,14,2,0,0,0.068250,0,32000,2184,0.068250,131072,1763,0.013451,0,0,2
203,host-17,2,0,14,2,0,0,0.087094,0,32000,2787,0.087094,131072,2385,0.018196,0,0,2
203,host-18,1,0,14,1,0,0,0.073781,0,32000,2361,0.073781,131072,2606,0.019882,0,0,1
203,host-19,1,0,14,1,0,0,0.076781,0,32000,2457,0.076781,131072,2786,0.021255,0,0,1
203,host-2,0,0,14,0,0,0,0.000000,0,32000,0,0.000000,131072,0,0.000000,0,0,0
203,host-20,2,0,14,2,0,0,0.099406,0,32000,3181,0.099406,131072,3821,0.029152,0,0,2
203,host-21,1,0,14,1,0,0,0.057813,0,32000,1850,0.057813,131072,1873,0.014290,0,0,1
203,host-22,1,0,14,1,0,0,0.066531,0,32000,2129,0.066531,131072,2221,0.016945,0,0,1
203,host-23,2,0,14,2,0,0,0.101875,0,32000,3260,0.101875,131072,3066,0.023392,0,0,2
203,host-24,2,0,14,2,0,0,0.090031,0,32000,2881,0.090031,131072,3429,0.026161,0,0,2
203,host-3,2,0,14,2,0,0,0.082562,0,32000,2642,0.082562,131072,1640,0.012512,0,0,2
203,host-4,2,0,14,2,0,0,0.125656,0,32000,4021,0.125656,131072,3563,0.027184,0,0,2
203,host-5,2,0,14,2,0,0,0.107969,0,32000,3455,0.107969,131072,3528,0.026917,0,0,2
203,host-6,2,0,14,2,0,0,0.086875,0,32000,2780,0.086875,131072,1830,0.013962,0,0,2
203,host-7,2,0,14,2,0,0,0.089469,0,32000,2863,0.089469,131072,1882,0.014359,0,0,2
203,host-8,2,0,14,2,0,0,0.065937,0,32000,2110,0.065937,131072,2023,0.015434,0,0,2
203,host-9,1,0,14,1,0,0,0.032438,0,32000,1038,0.032438,131072,1061,0.008095,0,0,1
204,host-1,1,0,14,1,0,0,0.073781,0,32000,2361,0.073781,131072,2606,0.019882,0,0,1
204,host-10,2,0,14,2,0,0,0.131031,0,32000,4193,0.131031,131072,4792,0.036560,0,0,2
204,host-11,1,1,14,1,1,0,0.033344,0,32000,1067,0.033344,131072,1016,0.007751,0,1,0
204,host-12,3,0,14,3,0,0,0.095656,0,32000,3061,0.095656,131072,3181,0.024269,0,0,3
204,host-13,2,0,14,2,0,0,0.106531,0,32000,3409,0.106531,131072,3143,0.023979,0,0,2
204,host-14,1,0,14,1,0,0,0.060469,0,32000,1935,0.060469,131072,2414,0.018417,0,0,1
204,host-15,2,1,14,2,1,0,0.073531,0,32000,2353,0.073531,131072,2807,0.021416,1,0,1
204,host-16,2,0,14,2,0,0,0.068250,0,32000,2184,0.068250,131072,1763,0.013451,0,0,2
204,host-17,2,0,14,2,0,0,0.087094,0,32000,2787,0.087094,131072,2385,0.018196,0,0,2
204,host-18,1,0,14,1,0,0,0.073781,0,32000,2361,0.073781,131072,2606,0.019882,0,0,1
204,host-19,1,0,14,1,0,0,0.076781,0,32000,2457,0.076781,131072,2786,0.021255,0,0,1
204,host-2,1,1,14,1,1,0,0.044000,0,32000,1408,0.044000,131072,1882,0.014359,1,0,0
204,host-20,2,0,14,2,0,0,0.099406,0,32000,3181,0.099406,131072,3821,0.029152,0,0,2
204,host-21,1,0,14,1,0,0,0.057813,0,32000,1850,0.057813,131072,1873,0.014290,0,0,1
204,host-22,1,0,14,1,0,0,0.066531,0,32000,2129,0.066531,131072,2221,0.016945,0,0,1
204,host-23,2,0,14,2,0,0,0.101875,0,32000,3260,0.101875,131072,3066,0.023392,0,0,2
204,host-24,2,0,14,2,0,0,0.090031,0,32000,2881,0.090031,131072,3429,0.026161,0,0,2
204,host-3,2,0,14,2,0,0,0.082562,0,32000,2642,0.082562,131072,1640,0.012512,0,0,2
204,host-4,2,0,14,2,0,0,0.125656,0,32000,4021,0.125656,131072,3563,0.027184,0,0,2
204,host-5,1,0,14,1,0,0,0.055031,0,32000,1761,0.055031,131072,1267,0.009666,0,0,1
204,host-6,2,0,14,2,0,0,0.086875,0,32000,2780,0.086875,131072,1830,0.013962,0,0,2
204,host-7,2,0,14,2,0,0,0.089469,0,32000,2863,0.089469,131072,1882,0.014359,0,0,2
204,host-8,2,1,14,2,1,0,0.089750,0,32000,2872,0.089750,131072,1970,0.015030,1,0,1
204,host-9,1,0,14,1,0,0,0.032438,0,32000,1038,0.032438,131072,1061,0.008095,0,0,1
205,host-1,1,0,14,1,0,0,0.073781,0,32000,2361,0.073781,131072,2606,0.019882,0,0,1
205,host-10,2,0,14,2,0,0,0.131031,0,32000,4193,0.131031,131072,4792,0.036560,0,0,2
205,host-11,2,1,14,2,1,0,0.077125,0,32000,2468,0.077125,131072,1762,0.013443,1,0,1
205,host-12,3,0,14,3,0,0,0.095656,0,32000,3061,0.095656,131072,3181,0.024269,0,0,3
205,host-13,2,0,14,2,0,0,0.106531,0,32000,3409,0.106531,131072,3143,0.023979,0,0,2
205,host-14,1,0,14,1,0,0,0.060469,0,32000,1935,0.060469,131072,2414,0.018417,0,0,1
205,host-15,2,1,14,2,1,0,0.073531,0,32000,2353,0.073531,131072,2807,0.021416,1,0,1
205,host-16,2,0,14,2,0,0,0.068250,0,32000,2184,0.068250,131072,1763,0.013451,0,0,2
205,host-17,2,0,14,2,0,0,0.087094,0,32000,2787,0.087094,131072,2385,0.018196,0,0,2
205,host-18,1,0,14,1,0,0,0.073781,0,32000,2361,0.073781,131072,2606,0.019882,0,0,1
205,host-19,1,0,14,1,0,0,0.076781,0,32000,2457,0.076781,131072,2786,0.021255,0,0,1
205,host-2,1,1,14,1,1,0,0.044000,0,32000,1408,0.044000,131072,1882,0.014359,1,0,0
205,host-20,2,0,14,2,0,0,0.099406,0,32000,3181,0.099406,131072,3821,0.029152,0,0,2
205,host-21,1,0,14,1,0,0,0.057813,0,32000,1850,0.057813,131072,1873,0.014290,0,0,1
205,host-22,1,1,14,1,1,0,0.066531,0,32000,2129,0.066531,131072,2221,0.016945,0,1,0
205,host-23,2,0,14,2,0,0,0.101875,0,32000,3260,0.101875,131072,3066,0.023392,0,0,2
205,host-24,2,0,14,2,0,0,0.090031,0,32000,2881,0.090031,131072,3429,0.026161,0,0,2
205,host-3,2,0,14,2,0,0,0.082562,0,32000,2642,0.082562,131072,1640,0.012512,0,0,2
205,host-4,2,0,14,2,0,0,0.125656,0,32000,4021,0.125656,131072,3563,0.027184,0,0,2
205,host-5,1,0,14,1,0,0,0.055031,0,32000,1761,0.055031,131072,1267,0.009666,0,0,1
205,host-6,2,0,14,2,0,0,0.086875,0,32000,2780,0.086875,131072,1830,0.013962,0,0,2
205,host-7,2,0,14,2,0,0,0.089469,0,32000,2863,0.089469,131072,1882,0.014359,0,0,2
205,host-8,2,0,14,2,0,0,0.089750,0,32000,2872,0.089750,131072,1970,0.015030,0,0,2
205,host-9,2,1,14,2,1,0,0.098812,0,32000,3162,0.098812,131072,3445,0.026283,1,0,1
206,host-1,0,0,14,0,0,0,0.000000,0,32000,0,0.000000,131072,0,0.000000,0,0,0
206,host-10,2,0,14,2,0,0,0.131031,0,32000,4193,0.131031,131072,4792,0.036560,0,0,2
206,host-11,2,1,14,2,1,0,0.077125,0,32000,2468,0.077125,131072,1762,0.013443,0,1,1
206,host-12,3,0,14,3,0,0,0.095656,0,32000,3061,0.095656,131072,3181,0.024269,0,0,3
206,host-13,2,0,14,2,0,0,0.106531,0,32000,3409,0.106531,131072,3143,0.023979,0,0,2
206,host-14,1,0,14,1,0,0,0.060469,0,32000,1935,0.060469,131072,2414,0.018417,0,0,1
206,host-15,2,0,14,2,0,0,0.073531,0,32000,2353,0.073531,131072,2807,0.021416,0,0,2
206,host-16,2,0,14,2,0,0,0.068250,0,32000,2184,0.068250,131072,1763,0.013451,0,0,2
206,host-17,2,0,14,2,0,0,0.087094,0,32000,2787,0.087094,131072,2385,0.018196,0,0,2
206,host-18,1,0,14,1,0,0,0.073781,0,32000,2361,0.073781,131072,2606,0.019882,0,0,1
206,host-19,1,0,14,1,0,0,0.076781,0,32000,2457,0.076781,131072,2786,0.021255,0,0,1
206,host-2,2,1,14,2,1,0,0.103438,0,32000,3310,0.103438,131072,4421,0.033730,1,0,1
206,host-20,2,0,14,2,0,0,0.099406,0,32000,3181,0.099406,131072,3821,0.029152,0,0,2
206,host-21,1,0,14,1,0,0,0.057813,0,32000,1850,0.057813,131072,1873,0.014290,0,0,1
206,host-22,1,0,14,1,0,0,0.066531,0,32000,2129,0.066531,131072,2221,0.016945,0,0,1
206,host-23,2,0,14,2,0,0,0.101875,0,32000,3260,0.101875,131072,3066,0.023392,0,0,2
206,host-24,2,0,14,2,0,0,0.090031,0,32000,2881,0.090031,131072,3429,0.026161,0,0,2
206,host-3,2,0,14,2,0,0,0.082562,0,32000,2642,0.082562,131072,1640,0.012512,0,0,2
206,host-4,2,0,14,2,0,0,0.125656,0,32000,4021,0.125656,131072,3563,0.027184,0,0,2
206,host-5,2,1,14,2,1,0,0.081906,0,32000,2621,0.081906,131072,1798,0.013718,1,0,1
206,host-6,2,0,14,2,0,0,0.086875,0,32000,2780,0.086875,131072,1830,0.013962,0,0,2
206,host-7,2,0,14,2,0,0,0.089469,0,32000,2863,0.089469,131072,1882,0.014359,0,0,2
206,host-8,2,0,14,2,0,0,0.089750,0,32000,2872,0.089750,131072,1970,0.015030,0,0,2
206,host-9,2,0,14,2,0,0,0.098812,0,32000,3162,0.098812,131072,3445,0.026283,0,0,2
207,host-1,1,1,14,1,1,0,0.077219,0,32000,2471,0.077219,131072,2298,0.017532,0,1,0
207,host-10,2,0,14,2,0,0,0.131031,0,32000,4193,0.131031,131072,4792,0.036560,0,0,2
207,host-11,2,0,14,2,0,0,0.077125,0,32000,2468,0.077125,131072,1762,0.013443,0,0,2
207,host-12,3,0,14,3,0,0,0.095656,0,32000,3061,0.095656,131072,3181,0.024269,0,0,3
207,host-13,2,0,14,2,0,0,0.106531,0,32000,3409,0.106531,131072,3143,0.023979,0,0,2
207,host-14,2,1,14,2,1,0,0.134594,0,32000,4307,0.134594,131072,4791,0.036552,1,0,1
207,host-15,3,1,14,3,1,0,0.124344,0,32000,3979,0.124344,131072,4390,0.033493,1,0,2
207,host-16,3,1,14,3,1,0,0.120813,0,32000,3866,0.120813,131072,3516,0.026825,1,0,2
207,host-17,2,0,14,2,0,0,0.087094,0,32000,2787,0.087094,131072,2385,0.018196,0,0,2
207,host-18,2,1,14,2,1,0,0.112125,0,32000,3588,0.112125,131072,3510,0.026779,1,0,1
207,host-19,1,0,14,1,0,0,0.076781,0,32000,2457,0.076781,131072,2786,0.021255,0,0,1
207,host-2,2,0,14,2,0,0,0.103438,0,32000,3310,0.103438,131072,4421,0.033730,0,0,2
207,host-20,2,0,14,2,0,0,0.099406,0,32000,3181,0.099406,131072,3821,0.029152,0,0,2
207,host-21,2,1,14,2,1,0,0.108094,0,32000,3459,0.108094,131072,3402,0.025955,1,0,1
207,host-22,2,1,14,2,1,0,0.130594,0,32000,4179,0.130594,131072,4907,0.037437,1,0,1
207,host-23,2,0,14,2,0,0,0.101875,0,32000,3260,0.101875,131072,3066,0.023392,0,0,2
207,host-24,2,0,14,2,0,0,0.090031,0,32000,2881,0.090031,131072,3429,0.026161,0,0,2
207,host-3,2,0,14,2,0,0,0.082562,0,32000,2642,0.082562,131072,1640,0.012512,0,0,2
207,host-4,2,0,14,2,0,0,0.125656,0,32000,4021,0.125656,131072,3563,0.027184,0,0,2
207,host-5,2,0,14,2,0,0,0.081906,0,32000,2621,0.081906,131072,1798,0.013718,0,0,2
207,host-6,2,0,14,2,0,0,0.086875,0,32000,2780,0.086875,131072,1830,0.013962,0,0,2
207,host-7,2,0,14,2,0,0,0.089469,0,32000,2863,0.089469,131072,1882,0.014359,0,0,2
207,host-8,2,0,14,2,0,0,0.089750,0,32000,2872,0.089750,131072,1970,0.015030,0,0,2
207,host-9,2,0,14,2,0,0,0.098812,0,32000,3162,0.098812,131072,3445,0.026283,0,0,2
208,host-1,1,0,14,1,0,0,0.077219,0,32000,2471,0.077219,131072,2298,0.017532,0,0,1
208,host-10,2,0,14,2,0,0,0.131031,0,32000,4193,0.131031,131072,4792,0.036560,0,0,2
208,host-11,2,0,14,2,0,0,0.077125,0,32000,2468,0.077125,131072,1762,0.013443,0,0,2
208,host-12,3,0,14,3,0,0,0.095656,0,32000,3061,0.095656,131072,3181,0.024269,0,0,3
208,host-13,2,0,14,2,0,0,0.106531,0,32000,3409,0.106531,131072,3143,0.023979,0,0,2
208,host-14,2,1,14,2,1,0,0.134594,0,32000,4307,0.134594,131072,4791,0.036552,1,0,1
208,host-15,3,1,14,3,1,0,0.124344,0,32000,3979,0.124344,131072,4390,0.033493,1,0,2
208,host-16,3,0,14,3,0,0,0.120813,0,32000,3866,0.120813,131072,3516,0.026825,0,0,3
208,host-17,2,0,14,2,0,0,0.087094,0,32000,2787,0.087094,131072,2385,0.018196,0,0,2
208,host-18,2,1,14,2,1,0,0.112125,0,32000,3588,0.112125,131072,3510,0.026779,1,0,1
208,host-19,2,1,14,2,1,0,0.129344,0,32000,4139,0.129344,131072,4539,0.034630,1,0,1
208,host-2,2,0,14,2,0,0,0.103438,0,32000,3310,0.103438,131072,4421,0.033730,0,0,2
208,host-20,1,0,14,1,0,0,0.072156,0,32000,2309,0.072156,131072,2949,0.022499,0,0,1
208,host-21,2,1,14,2,1,0,0.108094,0,32000,3459,0.108094,131072,3402,0.025955,1,0,1
208,host-22,2,0,14,2,0,0,0.130594,0,32000,4179,0.130594,131072,4907,0.037437,0,0,2
208,host-23,2,0,14,2,0,0,0.101875,0,32000,3260,0.101875,131072,3066,0.023392,0,0,2
208,host-24,2,0,14,2,0,0,0.090031,0,32000,2881,0.090031,131072,3429,0.026161,0,0,2
208,host-3,2,0,14,2,0,0,0.082562,0,32000,2642,0.082562,131072,1640,0.012512,0,0,2
208,host-4,2,0,14,2,0,0,0.125656,0,32000,4021,0.125656,131072,3563,0.027184,0,0,2
208,host-5,2,0,14,2,0,0,0.081906,0,32000,2621,0.081906,131072,1798,0.013718,0,0,2
208,host-6,2,0,14,2,0,0,0.086875,0,32000,2780,0.086875,131072,1830,0.013962,0,0,2
208,host-7,2,0,14,2,0,0,0.089469,0,32000,2863,0.089469,131072,1882,0.014359,0,0,2
208,host-8,2,0,14,2,0,0,0.089750,0,32000,2872,0.089750,131072,1970,0.015030,0,0,2
208,host-9,2,0,14,2,0,0,0.098812,0,32000,3162,0.098812,131072,3445,0.026283,0,0,2
209,host-1,1,0,14,1,0,0,0.077219,0,32000,2471,0.077219,131072,2298,0.017532,0,0,1
209,host-10,2,0,14,2,0,0,0.131031,0,32000,4193,0.131031,131072,4792,0.036560,0,0,2
209,host-11,2,0,14,2,0,0,0.077125,0,32000,2468,0.077125,131072,1762,0.013443,0,0,2
209,host-12,3,0,14,3,0,0,0.095656,0,32000,3061,0.095656,131072,3181,0.024269,0,0,3
209,host-13,2,0,14,2,0,0,0.106531,0,32000,3409,0.106531,131072,3143,0.023979,0,0,2
209,host-14,2,0,14,2,0,0,0.134594,0,32000,4307,0.134594,131072,4791,0.036552,0,0,2
209,host-15,3,0,14,3,0,0,0.124344,0,32000,3979,0.124344,131072,4390,0.033493,0,0,3
209,host-16,3,0,14,3,0,0,0.120813,0,32000,3866,0.120813,131072,3516,0.026825,0,0,3
209,host-17,2,0,14,2,0,0,0.087094,0,32000,2787,0.087094,131072,2385,0.018196,0,0,2
209,host-18,2,0,14,2,0,0,0.112125,0,32000,3588,0.112125,131072,3510,0.026779,0,0,2
209,host-19,2,0,14,2,0,0,0.129344,0,32000,4139,0.129344,131072,4539,0.034630,0,0,2
209,host-2,2,0,14,2,0,0,0.103438,0,32000,3310,0.103438,131072,4421,0.033730,0,0,2
209,host-20,1,1,14,1,1,0,0.049281,0,32000,1577,0.049281,131072,1927,0.014702,1,0,0
209,host-21,2,0,14,2,0,0,0.108094,0,32000,3459,0.108094,131072,3402,0.025955,0,0,2
209,host-22,2,1,14,2,1,0,0.130594,0,32000,4179,0.130594,131072,4907,0.037437,0,1,1
209,host-23,2,0,14,2,0,0,0.101875,0,32000,3260,0.101875,131072,3066,0.023392,0,0,2
209,host-24,2,0,14,2,0,0,0.090031,0,32000,2881,0.090031,131072,3429,0.026161,0,0,2
209,host-3,2,0,14,2,0,0,0.082562,0,32000,2642,0.082562,131072,1640,0.012512,0,0,2
209,host-4,2,0,14,2,0,0,0.125656,0,32000,4021,0.125656,131072,3563,0.027184,0,0,2
209,host-5,2,0,14,2,0,0,0.081906,0,32000,2621,0.081906,131072,1798,0.013718,0,0,2
209,host-6,2,0,14,2,0,0,0.086875,0,32000,2780,0.086875,131072,1830,0.013962,0,0,2
209,host-7,2,0,14,2,0,0,0.089469,0,32000,2863,0.089469,131072,1882,0.014359,0,0,2
209,host-8,2,0,14,2,0,0,0.089750,0,32000,2872,0.089750,131072,1970,0.015030,0,0,2
209,host-9,2,0,14,2,0,0,0.098812,0,32000,3162,0.098812,131072,3445,0.026283,0,0,2
210,host-1,1,0,14,1,0,0,0.077219,0,32000,2471,0.077219,131072,2298,0.017532,0,0,1
210,host-10,2,0,14,2,0,0,0.131031,0,32000,4193,0.131031,131072,4792,0.036560,0,0,2
210,host-11,2,0,14,2,0,0,0.077125,0,32000,2468,0.077125,131072,1762,0.013443,0,0,2
210,host-12,3,0,14,3,0,0,0.095656,0,32000,3061,0.095656,131072,3181,0.024269,0,0,3
210,host-13,2,0,14,2,0,0,0.106531,0,32000,3409,0.106531,131072,3143,0.023979,0,0,2
210,host-14,2,0,14,2,0,0,0.134594,0,32000,4307,0.134594,131072,4791,0.036552,0,0,2
210,host-15,3,0,14,3,0,0,0.124344,0,32000,3979,0.124344,131072,4390,0.033493,0,0,3
210,host-16,3,0,14,3,0,0,0.120813,0,32000,3866,0.120813,131072,3516,0.026825,0,0,3
210,host-17,2,0,14,2,0,0,0.087094,0,32000,2787,0.087094,131072,2385,0.018196,0,0,2
210,host-18,2,0,14,2,0,0,0.112125,0,32000,3588,0.112125,131072,3510,0.026779,0,0,2
210,host-19,2,0,14,2,0,0,0.129344,0,32000,4139,0.129344,131072,4539,0.034630,0,0,2
210,host-2,2,0,14,2,0,0,0.103438,0,32000,3310,0.103438,131072,4421,0.033730,0,0,2
210,host-20,1,1,14,1,1,0,0.049281,0,32000,1577,0.049281,131072,1927,0.014702,1,0,0
210,host-21,2,0,14,2,0,0,0.108094,0,32000,3459,0.108094,131072,3402,0.025955,0,0,2
210,host-22,2,0,14,2,0,0,0.130594,0,32000,4179,0.130594,131072,4907,0.037437,0,0,2
210,host-23,2,0,14,2,0,0,0.101875,0,32000,3260,0.101875,131072,3066,0.023392,0,0,2
210,host-24,2,0,14,2,0,0,0.090031,0,32000,2881,0.090031,131072,3429,0.026161,0,0,2
210,host-3,2,0,14,2,0,0,0.082562,0,32000,2642,0.082562,131072,1640,0.012512,0,0,2
210,host-4,2,0,14,2,0,0,0.125656,0,32000,4021,0.125656,131072,3563,0.027184,0,0,2
210,host-5,2,0,14,2,0,0,0.081906,0,32000,2621,0.081906,131072,1798,0.013718,0,0,2
210,host-6,2,0,14,2,0,0,0.086875,0,32000,2780,0.086875,131072,1830,0.013962,0,0,2
210,host-7,2,0,14,2,0,0,0.089469,0,32000,2863,0.089469,131072,1882,0.014359,0,0,2
210,host-8,2,0,14,2,0,0,0.089750,0,32000,2872,0.089750,131072,1970,0.015030,0,0,2
210,host-9,2,0,14,2,0,0,0.098812,0,32000,3162,0.098812,131072,3445,0.026283,0,0,2
211,host-1,1,0,14,1,0,0,0.077219,0,32000,2471,0.077219,131072,2298,0.017532,0,0,1
211,host-10,2,0,14,2,0,0,0.131031,0,32000,4193,0.131031,131072,4792,0.036560,0,0,2
211,host-11,2,0,14,2,0,0,0.077125,0,32000,2468,0.077125,131072,1762,0.013443,0,0,2
211,host-12,3,0,14,3,0,0,0.095656,0,32000,3061,0.095656,131072,3181,0.024269,0,0,3
211,host-13,2,0,14,2,0,0,0.106531,0,32000,3409,0.106531,131072,3143,0.023979,0,0,2
211,host-14,2,0,14,2,0,0,0.134594,0,32000,4307,0.134594,131072,4791,0.036552,0,0,2
211,host-15,3,0,14,3,0,0,0.124344,0,32000,3979,0.124344,131072,4390,0.033493,0,0,3
211,host-16,3,0,14,3,0,0,0.120813,0,32000,3866,0.120813,131072,3516,0.026825,0,0,3
211,host-17,2,0,14,2,0,0,0.087094,0,32000,2787,0.087094,131072,2385,0.018196,0,0,2
211,host-18,2,0,14,2,0,0,0.112125,0,32000,3588,0.112125,131072,3510,0.026779,0,0,2
211,host-19,2,0,14,2,0,0,0.129344,0,32000,4139,0.129344,131072,4539,0.034630,0,0,2
211,host-2,2,0,14,2,0,0,0.103438,0,32000,3310,0.103438,131072,4421,0.033730,0,0,2
211,host-20,1,0,14,1,0,0,0.049281,0,32000,1577,0.049281,131072,1927,0.014702,0,0,1
211,host-21,2,0,14,2,0,0,0.108094,0,32000,3459,0.108094,131072,3402,0.025955,0,0,2
211,host-22,2,0,14,2,0,0,0.130594,0,32000,4179,0.130594,131072,4907,0.037437,0,0,2
211,host-23,2,0,14,2,0,0,0.101875,0,32000,3260,0.101875,131072,3066,0.023392,0,0,2
211,host-24,1,0,14,1,0,0,0.060469,0,32000,1935,0.060469,131072,2414,0.018417,0,0,1
211,host-3,2,0,14,2,0,0,0.082562,0,32000,2642,0.082562,131072,1640,0.012512,0,0,2
211,host-4,2,0,14,2,0,0,0.125656,0,32000,4021,0.125656,131072,3563,0.027184,0,0,2
211,host-5,2,0,14,2,0,0,0.081906,0,32000,2621,0.081906,131072,1798,0.013718,0,0,2
211,host-6,2,0,14,2,0,0,0.086875,0,32000,2780,0.086875,131072,1830,0.013962,0,0,2
211,host-7,2,0,14,2,0,0,0.089469,0,32000,2863,0.089469,131072,1882,0.014359,0,0,2
211,host-8,2,0,14,2,0,0,0.089750,0,32000,2872,0.089750,131072,1970,0.015030,0,0,2
211,host-9,2,0,14,2,0,0,0.098812,0,32000,3162,0.098812,131072,3445,0.026283,0,0,2
212,host-1,1,0,14,1,0,0,0.077219,0,32000,2471,0.077219,131072,2298,0.017532,0,0,1
212,host-10,2,0,14,2,0,0,0.131031,0,32000,4193,0.131031,131072,4792,0.036560,0,0,2
212,host-11,2,0,14,2,0,0,0.077125,0,32000,2468,0.077125,131072,1762,0.013443,0,0,2
212,host-12,3,0,14,3,0,0,0.095656,0,32000,3061,0.095656,131072,3181,0.024269,0,0,3
212,host-13,2,0,14,2,0,0,0.106531,0,32000,3409,0.106531,131072,3143,0.023979,0,0,2
212,host-14,2,0,14,2,0,0,0.134594,0,32000,4307,0.134594,131072,4791,0.036552,0,0,2
212,host-15,3,0,14,3,0,0,0.124344,0,32000,3979,0.124344,131072,4390,0.033493,0,0,3
212,host-16,3,0,14,3,0,0,0.120813,0,32000,3866,0.120813,131072,3516,0.026825,0,0,3
212,host-17,2,0,14,2,0,0,0.087094,0,32000,2787,0.087094,131072,2385,0.018196,0,0,2
212,host-18,2,0,14,2,0,0,0.112125,0,32000,3588,0.112125,131072,3510,0.026779,0,0,2
212,host-19,2,0,14,2,0,0,0.129344,0,32000,4139,0.129344,131072,4539,0.034630,0,0,2
212,host-2,2,0,14,2,0,0,0.103438,0,32000,3310,0.103438,131072,4421,0.033730,0,0,2
212,host-20,1,0,14,1,0,0,0.049281,0,32000,1577,0.049281,131072,1927,0.014702,0,0,1
212,host-21,2,0,14,2,0,0,0.108094,0,32000,3459,0.108094,131072,3402,0.025955,0,0,2
212,host-22,2,0,14,2,0,0,0.130594,0,32000,4179,0.130594,131072,4907,0.037437,0,0,2
212,host-23,2,0,14,2,0,0,0.101875,0,32000,3260,0.101875,131072,3066,0.023392,0,0,2
212,host-24,1,0,14,1,0,0,0.060469,0,32000,1935,0.060469,131072,2414,0.018417,0,0,1
212,host-3,2,0,14,2,0,0,0.082562,0,32000,2642,0.082562,131072,1640,0.012512,0,0,2
212,host-4,2,0,14,2,0,0,0.125656,0,32000,4021,0.125656,131072,3563,0.027184,0,0,2
212,host-5,2,0,14,2,0,0,0.081906,0,32000,2621,0.081906,131072,1798,0.013718,0,0,2
212,host-6,2,0,14,2,0,0,0.086875,0,32000,2780,0.086875,131072,1830,0.013962,0,0,2
212,host-7,2,0,14,2,0,0,0.089469,0,32000,2863,0.089469,131072,1882,0.014359,0,0,2
212,host-8,2,0,14,2,0,0,0.089750,0,32000,2872,0.089750,131072,1970,0.015030,0,0,2
212,host-9,2,0,14,2,0,0,0.098812,0,32000,3162,0.098812,131072,3445,0.026283,0,0,2
213,host-1,1,0,14,1,0,0,0.077219,0,32000,2471,0.077219,131072,2298,0.017532,0,0,1
213,host-10,2,0,14,2,0,0,0.131031,0,32000,4193,0.131031,131072,4792,0.036560,0,0,2
213,host-11,3,1,14,3,1,0,0.106688,0,32000,3414,0.106688,131072,2777,0.021187,1,0,2
213,host-12,3,0,14,3,0,0,0.095656,0,32000,3061,0.095656,131072,3181,0.024269,0,0,3
213,host-13,2,0,14,2,0,0,0.106531,0,32000,3409,0.106531,131072,3143,0.023979,0,0,2
213,host-14,2,0,14,2,0,0,0.134594,0,32000,4307,0.134594,131072,4791,0.036552,0,0,2
213,host-15,3,0,14,3,0,0,0.124344,0,32000,3979,0.124344,131072,4390,0.033493,0,0,3
213,host-16,3,0,14,3,0,0,0.120813,0,32000,3866,0.120813,131072,3516,0.026825,0,0,3
213,host-17,2,1,14,2,1,0,0.087094,0,32000,2787,0.087094,131072,2385,0.018196,0,1,1
213,host-18,2,0,14,2,0,0,0.112125,0,32000,3588,0.112125,131072,3510,0.026779,0,0,2
213,host-19,2,0,14,2,0,0,0.129344,0,32000,4139,0.129344,131072,4539,0.034630,0,0,2
213,host-2,2,0,14,2,0,0,0.103438,0,32000,3310,0.103438,131072,4421,0.033730,0,0,2
213,host-20,2,1,14,2,1,0,0.093875,0,32000,3004,0.093875,131072,3152,0.024048,1,0,1
213,host-21,2,0,14,2,0,0,0.108094,0,32000,3459,0.108094,131072,3402,0.025955,0,0,2
213,host-22,2,0,14,2,0,0,0.130594,0,32000,4179,0.130594,131072,4907,0.037437,0,0,2
213,host-23,2,0,14,2,0,0,0.101875,0,32000,3260,0.101875,131072,3066,0.023392,0,0,2
213,host-24,2,1,14,2,1,0,0.132625,0,32000,4244,0.132625,131072,5363,0.040916,1,0,1
213,host-3,2,0,14,2,0,0,0.082562,0,32000,2642,0.082562,131072,1640,0.012512,0,0,2
213,host-4,2,0,14,2,0,0,0.125656,0,32000,4021,0.125656,131072,3563,0.027184,0,0,2
213,host-5,2,0,14,2,0,0,0.081906,0,32000,2621,0.081906,131072,1798,0.013718,0,0,2
213,host-6,2,0,14,2,0,0,0.086875,0,32000,2780,0.086875,131072,1830,0.013962,0,0,2
213,host-7,2,0,14,2,0,0,0.089469,0,32000,2863,0.089469,131072,1882,0.014359,0,0,2
213,host-8,2,0,14,2,0,0,0.089750,0,32000,2872,0.089750,131072,1970,0.015030,0,0,2
213,host-9,2,0,14,2,0,0,0.098812,0,32000,3162,0.098812,131072,3445,0.026283,0,0,2
214,host-1,1,0,14,1,0,0,0.077219,0,32000,2471,0.077219,131072,2298,0.017532,0,0,1
214,host-10,2,0,14,2,0,0,0.131031,0,32000,4193,0.131031,131072,4792,0.036560,0,0,2
214,host-11,3,1,14,3,1,0,0.106688,0,32000,3414,0.106688,131072,2777,0.021187,1,0,2
214,host-12,3,0,14,3,0,0,0.095656,0,32000,3061,0.095656,131072,3181,0.024269,0,0,3
214,host-13,2,1,14,2,1,0,0.106531,0,32000,3409,0.106531,131072,3143,0.023979,0,1,1
214,host-14,2,0,14,2,0,0,0.134594,0,32000,4307,0.134594,131072,4791,0.036552,0,0,2
214,host-15,3,0,14,3,0,0,0.124344,0,32000,3979,0.124344,131072,4390,0.033493,0,0,3
214,host-16,3,0,14,3,0,0,0.120813,0,32000,3866,0.120813,131072,3516,0.026825,0,0,3
214,host-17,2,0,14,2,0,0,0.087094,0,32000,2787,0.087094,131072,2385,0.018196,0,0,2
214,host-18,2,0,14,2,0,0,0.112125,0,32000,3588,0.112125,131072,3510,0.026779,0,0,2
214,host-19,2,0,14,2,0,0,0.129344,0,32000,4139,0.129344,131072,4539,0.034630,0,0,2
214,host-2,2,0,14,2,0,0,0.103438,0,32000,3310,0.103438,131072,4421,0.033730,0,0,2
214,host-20,2,1,14,2,1,0,0.093875,0,32000,3004,0.093875,131072,3152,0.024048,1,0,1
214,host-21,2,0,14,2,0,0,0.108094,0,32000,3459,0.108094,131072,3402,0.025955,0,0,2
214,host-22,2,0,14,2,0,0,0.130594,0,32000,4179,0.130594,131072,4907,0.037437,0,0,2
214,host-23,2,0,14,2,0,0,0.101875,0,32000,3260,0.101875,131072,3066,0.023392,0,0,2
214,host-24,2,0,14,2,0,0,0.132625,0,32000,4244,0.132625,131072,5363,0.040916,0,0,2
214,host-3,2,0,14,2,0,0,0.082562,0,32000,2642,0.082562,131072,1640,0.012512,0,0,2
214,host-4,2,1,14,2,1,0,0.125656,0,32000,4021,0.125656,131072,3563,0.027184,0,1,1
214,host-5,2,0,14,2,0,0,0.081906,0,32000,2621,0.081906,131072,1798,0.013718,0,0,2
214,host-6,2,0,14,2,0,0,0.086875,0,32000,2780,0.086875,131072,1830,0.013962,0,0,2
214,host-7,2,0,14,2,0,0,0.089469,0,32000,2863,0.089469,131072,1882,0.014359,0,0,2
214,host-8,2,0,14,2,0,0,0.089750,0,32000,2872,0.089750,131072,1970,0.015030,0,0,2
214,host-9,2,0,14,2,0,0,0.098812,0,32000,3162,0.098812,131072,3445,0.026283,0,0,2
215,host-1,1,0,14,1,0,0,0.077219,0,32000,2471,0.077219,131072,2298,0.017532,0,0,1
215,host-10,2,0,14,2,0,0,0.131031,0,32000,4193,0.131031,131072,4792,0.036560,0,0,2
215,host-11,3,0,14,3,0,0,0.106688,0,32000,3414,0.106688,131072,2777,0.021187,0,0,3
215,host-12,3,0,14,3,0,0,0.095656,0,32000,3061,0.095656,131072,3181,0.024269,0,0,3
215,host-13,2,0,14,2,0,0,0.106531,0,32000,3409,0.106531,131072,3143,0.023979,0,0,2
215,host-14,2,0,14,2,0,0,0.134594,0,32000,4307,0.134594,131072,4791,0.036552,0,0,2
215,host-15,3,0,14,3,0,0,0.124344,0,32000,3979,0.124344,131072,4390,0.033493,0,0,3
215,host-16,3,0,14,3,0,0,0.120813,0,32000,3866,0.120813,131072,3516,0.026825,0,0,3
215,host-17,2,0,14,2,0,0,0.087094,0,32000,2787,0.087094,131072,2385,0.018196,0,0,2
215,host-18,2,0,14,2,0,0,0.112125,0,32000,3588,0.112125,131072,3510,0.026779,0,0,2
215,host-19,2,0,14,2,0,0,0.129344,0,32000,4139,0.129344,131072,4539,0.034630,0,0,2
215,host-2,2,0,14,2,0,0,0.103438,0,32000,3310,0.103438,131072,4421,0.033730,0,0,2
215,host-20,2,0,14,2,0,0,0.093875,0,32000,3004,0.093875,131072,3152,0.024048,0,0,2
215,host-21,2,0,14,2,0,0,0.108094,0,32000,3459,0.108094,131072,3402,0.025955,0,0,2
215,host-22,2,0,14,2,0,0,0.130594,0,32000,4179,0.130594,131072,4907,0.037437,0,0,2
215,host-23,2,0,14,2,0,0,0.101875,0,32000,3260,0.101875,131072,3066,0.023392,0,0,2
215,host-24,2,0,14,2,0,0,0.132625,0,32000,4244,0.132625,131072,5363,0.040916,0,0,2
215,host-3,2,0,14,2,0,0,0.082562,0,32000,2642,0.082562,131072,1640,0.012512,0,0,2
215,host-4,2,0,14,2,0,0,0.125656,0,32000,4021,0.125656,131072,3563,0.027184,0,0,2
215,host-5,2,0,14,2,0,0,0.081906,0,32000,2621,0.081906,131072,1798,0.013718,0,0,2
215,host-6,2,1,14,2,1,0,0.086875,0,32000,2780,0.086875,131072,1830,0.013962,0,1,1
215,host-7,2,0,14,2,0,0,0.089469,0,32000,2863,0.089469,131072,1882,0.014359,0,0,2
215,host-8,2,0,14,2,0,0,0.089750,0,32000,2872,0.089750,131072,1970,0.015030,0,0,2
215,host-9,2,0,14,2,0,0,0.098812,0,32000,3162,0.098812,131072,3445,0.026283,0,0,2
216,host-1,1,0,14,1,0,0,0.077219,0,32000,2471,0.077219,131072,2298,0.017532,0,0,1
216,host-10,2,0,14,2,0,0,0.131031,0,32000,4193,0.131031,131072,4792,0.036560,0,0,2
216,host-11,3,0,14,3,0,0,0.106688,0,32000,3414,0.106688,131072,2777,0.021187,0,0,3
216,host-12,3,0,14,3,0,0,0.095656,0,32000,3061,0.095656,131072,3181,0.024269,0,0,3
216,host-13,2,0,14,2,0,0,0.106531,0,32000,3409,0.106531,131072,3143,0.023979,0,0,2
216,host-14,1,0,14,1,0,0,0.074125,0,32000,2372,0.074125,131072,2377,0.018135,0,0,1
216,host-15,3,0,14,3,0,0,0.124344,0,32000,3979,0.124344,131072,4390,0.033493,0,0,3
216,host-16,2,0,14,2,0,0,0.086906,0,32000,2781,0.086906,131072,2646,0.020187,0,0,2
216,host-17,2,0,14,2,0,0,0.087094,0,32000,2787,0.087094,131072,2385,0.018196,0,0,2
216,host-18,2,0,14,2,0,0,0.112125,0,32000,3588,0.112125,131072,3510,0.026779,0,0,2
216,host-19,2,0,14,2,0,0,0.129344,0,32000,4139,0.129344,131072,4539,0.034630,0,0,2
216,host-2,2,0,14,2,0,0,0.103438,0,32000,3310,0.103438,131072,4421,0.033730,0,0,2
216,host-20,2,0,14,2,0,0,0.093875,0,32000,3004,0.093875,131072,3152,0.024048,0,0,2
216,host-21,2,0,14,2,0,0,0.108094,0,32000,3459,0.108094,131072,3402,0.025955,0,0,2
216,host-22,2,0,14,2,0,0,0.130594,0,32000,4179,0.130594,131072,4907,0.037437,0,0,2
216,host-23,2,0,14,2,0,0,0.101875,0,32000,3260,0.101875,131072,3066,0.023392,0,0,2
216,host-24,2,0,14,2,0,0,0.132625,0,32000,4244,0.132625,131072,5363,0.040916,0,0,2
216,host-3,2,0,14,2,0,0,0.082562,0,32000,2642,0.082562,131072,1640,0.012512,0,0,2
216,host-4,2,0,14,2,0,0,0.125656,0,32000,4021,0.125656,131072,3563,0.027184,0,0,2
216,host-5,2,0,14,2,0,0,0.081906,0,32000,2621,0.081906,131072,1798,0.013718,0,0,2
216,host-6,2,0,14,2,0,0,0.086875,0,32000,2780,0.086875,131072,1830,0.013962,0,0,2
216,host-7,2,0,14,2,0,0,0.089469,0,32000,2863,0.089469,131072,1882,0.014359,0,0,2
216,host-8,2,0,14,2,0,0,0.089750,0,32000,2872,0.089750,131072,1970,0.015030,0,0,2
216,host-9,2,0,14,2,0,0,0.098812,0,32000,3162,0.098812,131072,3445,0.026283,0,0,2
217,host-1,2,1,14,2,1,0,0.115000,0,32000,3680,0.115000,131072,3251,0.024803,1,0,1
217,host-10,2,0,14,2,0,0,0.131031,0,32000,4193,0.131031,131072,4792,0.036560,0,0,2
217,host-11,3,0,14,3,0,0,0.106688,0,32000,3414,0.106688,131072,2777,0.021187,0,0,3
217,host-12,3,0,14,3,0,0,0.095656,0,32000,3061,0.095656,131072,3181,0.024269,0,0,3
217,host-13,2,0,14,2,0,0,0.106531,0,32000,3409,0.106531,131072,3143,0.023979,0,0,2
217,host-14,2,0,14,2,0,0,0.116656,0,32000,3733,0.116656,131072,2975,0.022697,0,0,2
217,host-15,3,0,14,3,0,0,0.124344,0,32000,3979,0.124344,131072,4390,0.033493,0,0,3
217,host-16,2,0,14,2,0,0,0.086906,0,32000,2781,0.086906,131072,2646,0.020187,0,0,2
217,host-17,2,0,14,2,0,0,0.087094,0,32000,2787,0.087094,131072,2385,0.018196,0,0,2
217,host-18,2,0,14,2,0,0,0.112125,0,32000,3588,0.112125,131072,3510,0.026779,0,0,2
217,host-19,2,0,14,2,0,0,0.129344,0,32000,4139,0.129344,131072,4539,0.034630,0,0,2
217,host-2,2,0,14,2,0,0,0.103438,0,32000,3310,0.103438,131072,4421,0.033730,0,0,2
217,host-20,2,0,14,2,0,0,0.093875,0,32000,3004,0.093875,131072,3152,0.024048,0,0,2
217,host-21,2,0,14,2,0,0,0.108094,0,32000,3459,0.108094,131072,3402,0.025955,0,0,2
217,host-22,2,0,14,2,0,0,0.130594,0,32000,4179,0.130594,131072,4907,0.037437,0,0,2
217,host-23,2,0,14,2,0,0,0.101875,0,32000,3260,0.101875,131072,3066,0.023392,0,0,2
217,host-24,1,0,14,1,0,0,0.072156,0,32000,2309,0.072156,131072,2949,0.022499,0,0,1
217,host-3,1,0,14,1,0,0,0.044875,0,32000,1436,0.044875,131072,813,0.006203,0,0,1
217,host-4,2,0,14,2,0,0,0.125656,0,32000,4021,0.125656,131072,3563,0.027184,0,0,2
217,host-5,2,0,14,2,0,0,0.081906,0,32000,2621,0.081906,131072,1798,0.013718,0,0,2
217,host-6,2,0,14,2,0,0,0.086875,0,32000,2780,0.086875,131072,1830,0.013962,0,0,2
217,host-7,2,0,14,2,0,0,0.089469,0,32000,2863,0.089469,131072,1882,0.014359,0,0,2
217,host-8,2,0,14,2,0,0,0.089750,0,32000,2872,0.089750,131072,1970,0.015030,0,0,2
217,host-9,2,0,14,2,0,0,0.098812,0,32000,3162,0.098812,131072,3445,0.026283,0,0,2
218,host-1,2,0,14,2,0,0,0.115000,0,32000,3680,0.115000,131072,3251,0.024803,0,0,2
218,host-10,2,0,14,2,0,0,0.131031,0,32000,4193,0.131031,131072,4792,0.036560,0,0,2
218,host-11,3,0,14,3,0,0,0.106688,0,32000,3414,0.106688,131072,2777,0.021187,0,0,3
218,host-12,3,0,14,3,0,0,0.095656,0,32000,3061,0.095656,131072,3181,0.024269,0,0,3
218,host-13,2,0,14,2,0,0,0.106531,0,32000,3409,0.106531,131072,3143,0.023979,0,0,2
218,host-14,2,0,14,2,0,0,0.116656,0,32000,3733,0.116656,131072,2975,0.022697,0,0,2
218,host-15,3,0,14,3,0,0,0.124344,0,32000,3979,0.124344,131072,4390,0.033493,0,0,3
218,host-16,2,0,14,2,0,0,0.086906,0,32000,2781,0.086906,131072,2646,0.020187,0,0,2
218,host-17,1,0,14,1,0,0,0.028750,0,32000,920,0.028750,131072,1197,0.009132,0,0,1
218,host-18,2,0,14,2,0,0,0.112125,0,32000,3588,0.112125,131072,3510,0.026779,0,0,2
218,host-19,1,0,14,1,0,0,0.052562,0,32000,1682,0.052562,131072,1753,0.013374,0,0,1
218,host-2,2,0,14,2,0,0,0.103438,0,32000,3310,0.103438,131072,4421,0.033730,0,0,2
218,host-20,2,0,14,2,0,0,0.093875,0,32000,3004,0.093875,131072,3152,0.024048,0,0,2
218,host-21,1,0,14,1,0,0,0.050281,0,32000,1609,0.050281,131072,1529,0.011665,0,0,1
218,host-22,2,0,14,2,0,0,0.130594,0,32000,4179,0.130594,131072,4907,0.037437,0,0,2
218,host-23,2,0,14,2,0,0,0.101875,0,32000,3260,0.101875,131072,3066,0.023392,0,0,2
218,host-24,1,0,14,1,0,0,0.072156,0,32000,2309,0.072156,131072,2949,0.022499,0,0,1
218,host-3,1,1,14,1,1,0,0.052969,0,32000,1695,0.052969,131072,2132,0.016266,1,0,0
218,host-4,1,0,14,1,0,0,0.071094,0,32000,2275,0.071094,131072,2314,0.017654,0,0,1
218,host-5,2,0,14,2,0,0,0.081906,0,32000,2621,0.081906,131072,1798,0.013718,0,0,2
218,host-6,2,0,14,2,0,0,0.086875,0,32000,2780,0.086875,131072,1830,0.013962,0,0,2
218,host-7,1,0,14,1,0,0,0.051437,0,32000,1646,0.051437,131072,1241,0.009468,0,0,1
218,host-8,2,0,14,2,0,0,0.089750,0,32000,2872,0.089750,131072,1970,0.015030,0,0,2
218,host-9,1,0,14,1,0,0,0.066375,0,32000,2124,0.066375,131072,2384,0.018188,0,0,1
219,host-1,2,0,14,2,0,0,0.115000,0,32000,3680,0.115000,131072,3251,0.024803,0,0,2
219,host-10,2,0,14,2,0,0,0.131031,0,32000,4193,0.131031,131072,4792,0.036560,0,0,2
219,host-11,3,0,14,3,0,0,0.106688,0,32000,3414,0.106688,131072,2777,0.021187,0,0,3
219,host-12,3,0,14,3,0,0,0.095656,0,32000,3061,0.095656,131072,3181,0.024269,0,0,3
219,host-13,2,0,14,2,0,0,0.106531,0,32000,3409,0.106531,131072,3143,0.023979,0,0,2
219,host-14,2,0,14,2,0,0,0.116656,0,32000,3733,0.116656,131072,2975,0.022697,0,0,2
219,host-15,3,0,14,3,0,0,0.124344,0,32000,3979,0.124344,131072,4390,0.033493,0,0,3
219,host-16,2,0,14,2,0,0,0.086906,0,32000,2781,0.086906,131072,2646,0.020187,0,0,2
219,host-17,2,1,14,2,1,0,0.058563,0,32000,1874,0.058563,131072,1838,0.014023,1,0,1
219,host-18,2,0,14,2,0,0,0.112125,0,32000,3588,0.112125,131072,3510,0.026779,0,0,2
219,host-19,2,1,14,2,1,0,0.097437,0,32000,3118,0.097437,131072,2566,0.019577,1,0,1
219,host-2,2,0,14,2,0,0,0.103438,0,32000,3310,0.103438,131072,4421,0.033730,0,0,2
219,host-20,2,0,14,2,0,0,0.093875,0,32000,3004,0.093875,131072,3152,0.024048,0,0,2
219,host-21,2,1,14,2,1,0,0.108625,0,32000,3476,0.108625,131072,2717,0.020729,1,0,1
219,host-22,2,0,14,2,0,0,0.130594,0,32000,4179,0.130594,131072,4907,0.037437,0,0,2
219,host-23,2,0,14,2,0,0,0.101875,0,32000,3260,0.101875,131072,3066,0.023392,0,0,2
219,host-24,1,0,14,1,0,0,0.072156,0,32000,2309,0.072156,131072,2949,0.022499,0,0,1
219,host-3,1,0,14,1,0,0,0.052969,0,32000,1695,0.052969,131072,2132,0.016266,0,0,1
219,host-4,1,0,14,1,0,0,0.071094,0,32000,2275,0.071094,131072,2314,0.017654,0,0,1
219,host-5,2,0,14,2,0,0,0.081906,0,32000,2621,0.081906,131072,1798,0.013718,0,0,2
219,host-6,2,0,14,2,0,0,0.086875,0,32000,2780,0.086875,131072,1830,0.013962,0,0,2
219,host-7,2,1,14,2,1,0,0.106000,0,32000,3392,0.106000,131072,2490,0.018997,1,0,1
219,host-8,1,0,14,1,0,0,0.057906,0,32000,1853,0.057906,131072,1407,0.010735,0,0,1
219,host-9,1,0,14,1,0,0,0.066375,0,32000,2124,0.066375,131072,2384,0.018188,0,0,1
220,host-1,2,0,14,2,0,0,0.115000,0,32000,3680,0.115000,131072,3251,0.024803,0,0,2
220,host-10,2,0,14,2,0,0,0.131031,0,32000,4193,0.131031,131072,4792,0.036560,0,0,2
220,host-11,3,0,14,3,0,0,0.106688,0,32000,3414,0.106688,131072,2777,0.021187,0,0,3
220,host-12,3,0,14,3,0,0,0.095656,0,32000,3061,0.095656,131072,3181,0.024269,0,0,3
220,host-13,2,0,14,2,0,0,0.106531,0,32000,3409,0.106531,131072,3143,0.023979,0,0,2
220,host-14,2,0,14,2,0,0,0.116656,0,32000,3733,0.116656,131072,2975,0.022697,0,0,2
220,host-15,3,0,14,3,0,0,0.124344,0,32000,3979,0.124344,131072,4390,0.033493,0,0,3
220,host-16,2,0,14,2,0,0,0.086906,0,32000,2781,0.086906,131072,2646,0.020187,0,0,2
220,host-17,2,0,14,2,0,0,0.058563,0,32000,1874,0.058563,131072,1838,0.014023,0,0,2
220,host-18,2,0,14,2,0,0,0.112125,0,32000,3588,0.112125,131072,3510,0.026779,0,0,2
220,host-19,2,1,14,2,1,0,0.097437,0,32000,3118,0.097437,131072,2566,0.019577,1,0,1
220,host-2,2,0,14,2,0,0,0.103438,0,32000,3310,0.103438,131072,4421,0.033730,0,0,2
220,host-20,2,0,14,2,0,0,0.093875,0,32000,3004,0.093875,131072,3152,0.024048,0,0,2
220,host-21,2,1,14,2,1,0,0.108625,0,32000,3476,0.108625,131072,2717,0.020729,1,0,1
220,host-22,2,0,14,2,0,0,0.130594,0,32000,4179,0.130594,131072,4907,0.037437,0,0,2
220,host-23,2,1,14,2,1,0,0.101875,0,32000,3260,0.101875,131072,3066,0.023392,0,1,1
220,host-24,1,0,14,1,0,0,0.072156,0,32000,2309,0.072156,131072,2949,0.022499,0,0,1
220,host-3,2,1,14,2,1,0,0.111312,0,32000,3562,0.111312,131072,3320,0.025330,1,0,1
220,host-4,1,0,14,1,0,0,0.071094,0,32000,2275,0.071094,131072,2314,0.017654,0,0,1
220,host-5,2,0,14,2,0,0,0.081906,0,32000,2621,0.081906,131072,1798,0.013718,0,0,2
220,host-6,1,0,14,1,0,0,0.031844,0,32000,1019,0.031844,131072,563,0.004295,0,0,1
220,host-7,2,1,14,2,1,0,0.106000,0,32000,3392,0.106000,131072,2490,0.018997,1,0,1
220,host-8,1,0,14,1,0,0,0.057906,0,32000,1853,0.057906,131072,1407,0.010735,0,0,1
220,host-9,1,0,14,1,0,0,0.066375,0,32000,2124,0.066375,131072,2384,0.018188,0,0,1
221,host-1,2,0,14,2,0,0,0.115000,0,32000,3680,0.115000,131072,3251,0.024803,0,0,2
221,host-10,2,0,14,2,0,0,0.131031,0,32000,4193,0.131031,131072,4792,0.036560,0,0,2
221,host-11,3,0,14,3,0,0,0.106688,0,32000,3414,0.106688,131072,2777,0.021187,0,0,3
221,host-12,3,0,14,3,0,0,0.095656,0,32000,3061,0.095656,131072,3181,0.024269,0,0,3
221,host-13,2,0,14,2,0,0,0.106531,0,32000,3409,0.106531,131072,3143,0.023979,0,0,2
221,host-14,2,0,14,2,0,0,0.116656,0,32000,3733,0.116656,131072,2975,0.022697,0,0,2
221,host-15,3,0,14,3,0,0,0.124344,0,32000,3979,0.124344,131072,4390,0.033493,0,0,3
221,host-16,2,0,14,2,0,0,0.086906,0,32000,2781,0.086906,131072,2646,0.020187,0,0,2
221,host-17,2,0,14,2,0,0,0.058563,0,32000,1874,0.058563,131072,1838,0.014023,0,0,2
221,host-18,2,0,14,2,0,0,0.112125,0,32000,3588,0.112125,131072,3510,0.026779,0,0,2
221,host-19,2,0,14,2,0,0,0.097437,0,32000,3118,0.097437,131072,2566,0.019577,0,0,2
221,host-2,2,0,14,2,0,0,0.103438,0,32000,3310,0.103438,131072,4421,0.033730,0,0,2
221,host-20,2,0,14,2,0,0,0.093875,0,32000,3004,0.093875,131072,3152,0.024048,0,0,2
221,host-21,2,0,14,2,0,0,0.108625,0,32000,3476,0.108625,131072,2717,0.020729,0,0,2
221,host-22,2,0,14,2,0,0,0.130594,0,32000,4179,0.130594,131072,4907,0.037437,0,0,2
221,host-23,2,0,14,2,0,0,0.101875,0,32000,3260,0.101875,131072,3066,0.023392,0,0,2
221,host-24,1,0,14,1,0,0,0.072156,0,32000,2309,0.072156,131072,2949,0.022499,0,0,1
221,host-3,2,1,14,2,1,0,0.111312,0,32000,3562,0.111312,131072,3320,0.025330,1,0,1
221,host-4,1,0,14,1,0,0,0.071094,0,32000,2275,0.071094,131072,2314,0.017654,0,0,1
221,host-5,2,0,14,2,0,0,0.081906,0,32000,2621,0.081906,131072,1798,0.013718,0,0,2
221,host-6,1,0,14,1,0,0,0.031844,0,32000,1019,0.031844,131072,563,0.004295,0,0,1
221,host-7,2,0,14,2,0,0,0.106000,0,32000,3392,0.106000,131072,2490,0.018997,0,0,2
221,host-8,1,0,14,1,0,0,0.057906,0,32000,1853,0.057906,131072,1407,0.010735,0,0,1
221,host-9,1,0,14,1,0,0,0.066375,0,32000,2124,0.066375,131072,2384,0.018188,0,0,1
222,host-1,2,0,14,2,0,0,0.115000,0,32000,3680,0.115000,131072,3251,0.024803,0,0,2
222,host-10,2,0,14,2,0,0,0.131031,0,32000,4193,0.131031,131072,4792,0.036560,0,0,2
222,host-11,3,0,14,3,0,0,0.106688,0,32000,3414,0.106688,131072,2777,0.021187,0,0,3
222,host-12,3,0,14,3,0,0,0.095656,0,32000,3061,0.095656,131072,3181,0.024269,0,0,3
222,host-13,2,1,14,2,1,0,0.106531,0,32000,3409,0.106531,131072,3143,0.023979,0,1,1
222,host-14,2,0,14,2,0,0,0.116656,0,32000,3733,0.116656,131072,2975,0.022697,0,0,2
222,host-15,3,0,14,3,0,0,0.124344,0,32000,3979,0.124344,131072,4390,0.033493,0,0,3
222,host-16,2,0,14,2,0,0,0.086906,0,32000,2781,0.086906,131072,2646,0.020187,0,0,2
222,host-17,2,0,14,2,0,0,0.058563,0,32000,1874,0.058563,131072,1838,0.014023,0,0,2
222,host-18,2,0,14,2,0,0,0.112125,0,32000,3588,0.112125,131072,3510,0.026779,0,0,2
222,host-19,2,1,14,2,1,0,0.097437,0,32000,3118,0.097437,131072,2566,0.019577,0,1,1
222,host-2,2,0,14,2,0,0,0.103438,0,32000,3310,0.103438,131072,4421,0.033730,0,0,2
222,host-20,2,0,14,2,0,0,0.093875,0,32000,3004,0.093875,131072,3152,0.024048,0,0,2
222,host-21,2,0,14,2,0,0,0.108625,0,32000,3476,0.108625,131072,2717,0.020729,0,0,2
222,host-22,2,0,14,2,0,0,0.130594,0,32000,4179,0.130594,131072,4907,0.037437,0,0,2
222,host-23,2,0,14,2,0,0,0.101875,0,32000,3260,0.101875,131072,3066,0.023392,0,0,2
222,host-24,1,0,14,1,0,0,0.072156,0,32000,2309,0.072156,131072,2949,0.022499,0,0,1
222,host-3,2,0,14,2,0,0,0.111312,0,32000,3562,0.111312,131072,3320,0.025330,0,0,2
222,host-4,1,0,14,1,0,0,0.071094,0,32000,2275,0.071094,131072,2314,0.017654,0,0,1
222,host-5,2,0,14,2,0,0,0.081906,0,32000,2621,0.081906,131072,1798,0.013718,0,0,2
222,host-6,1,0,14,1,0,0,0.031844,0,32000,1019,0.031844,131072,563,0.004295,0,0,1
222,host-7,2,0,14,2,0,0,0.106000,0,32000,3392,0.106000,131072,2490,0.018997,0,0,2
222,host-8,1,0,14,1,0,0,0.057906,0,32000,1853,0.057906,131072,1407,0.010735,0,0,1
222,host-9,1,0,14,1,0,0,0.066375,0,32000,2124,0.066375,131072,2384,0.018188,0,0,1
223,host-1,2,0,14,2,0,0,0.115000,0,32000,3680,0.115000,131072,3251,0.024803,0,0,2
223,host-10,2,0,14,2,0,0,0.131031,0,32000,4193,0.131031,131072,4792,0.036560,0,0,2
223,host-11,3,0,14,3,0,0,0.106688,0,32000,3414,0.106688,131072,2777,0.021187,0,0,3
223,host-12,3,0,14,3,0,0,0.095656,0,32000,3061,0.095656,131072,3181,0.024269,0,0,3
223,host-13,2,0,14,2,0,0,0.106531,0,32000,3409,0.106531,131072,3143,0.023979,0,0,2
223,host-14,2,0,14,2,0,0,0.116656,0,32000,3733,0.116656,131072,2975,0.022697,0,0,2
223,host-15,3,0,14,3,0,0,0.124344,0,32000,3979,0.124344,131072,4390,0.033493,0,0,3
223,host-16,2,0,14,2,0,0,0.086906,0,32000,2781,0.086906,131072,2646,0.020187,0,0,2
223,host-17,2,0,14,2,0,0,0.058563,0,32000,1874,0.058563,131072,1838,0.014023,0,0,2
223,host-18,2,0,14,2,0,0,0.112125,0,32000,3588,0.112125,131072,3510,0.026779,0,0,2
223,host-19,2,0,14,2,0,0,0.097437,0,32000,3118,0.097437,131072,2566,0.019577,0,0,2
223,host-2,2,0,14,2,0,0,0.103438,0,32000,3310,0.103438,131072,4421,0.033730,0,0,2
223,host-20,2,0,14,2,0,0,0.093875,0,32000,3004,0.093875,131072,3152,0.024048,0,0,2
223,host-21,2,0,14,2,0,0,0.108625,0,32000,3476,0.108625,131072,2717,0.020729,0,0,2
223,host-22,2,0,14,2,0,0,0.130594,0,32000,4179,0.130594,131072,4907,0.037437,0,0,2
223,host-23,1,0,14,1,0,0,0.050937,0,32000,1630,0.050937,131072,1533,0.011696,0,0,1
223,host-24,1,0,14,1,0,0,0.072156,0,32000,2309,0.072156,131072,2949,0.022499,0,0,1
223,host-3,2,0,14,2,0,0,0.111312,0,32000,3562,0.111312,131072,3320,0.025330,0,0,2
223,host-4,1,0,14,1,0,0,0.071094,0,32000,2275,0.071094,131072,2314,0.017654,0,0,1
223,host-5,2,0,14,2,0,0,0.081906,0,32000,2621,0.081906,131072,1798,0.013718,0,0,2
223,host-6,2,1,14,2,1,0,0.080375,0,32000,2572,0.080375,131072,2290,0.017471,1,0,1
223,host-7,2,0,14,2,0,0,0.106000,0,32000,3392,0.106000,131072,2490,0.018997,0,0,2
223,host-8,1,0,14,1,0,0,0.057906,0,32000,1853,0.057906,131072,1407,0.010735,0,0,1
223,host-9,1,1,14,1,1,0,0.066375,0,32000,2124,0.066375,131072,2384,0.018188,0,1,0
224,host-1,2,0,14,2,0,0,0.115000,0,32000,3680,0.115000,131072,3251,0.024803,0,0,2
224,host-10,2,0,14,2,0,0,0.131031,0,32000,4193,0.131031,131072,4792,0.036560,0,0,2
224,host-11,3,0,14,3,0,0,0.106688,0,32000,3414,0.106688,131072,2777,0.021187,0,0,3
224,host-12,3,0,14,3,0,0,0.095656,0,32000,3061,0.095656,131072,3181,0.024269,0,0,3
224,host-13,2,0,14,2,0,0,0.106531,0,32000,3409,0.106531,131072,3143,0.023979,0,0,2
224,host-14,2,0,14,2,0,0,0.116656,0,32000,3733,0.116656,131072,2975,0.022697,0,0,2
224,host-15,3,0,14,3,0,0,0.124344,0,32000,3979,0.124344,131072,4390,0.033493,0,0,3
224,host-16,2,0,14,2,0,0,0.086906,0,32000,2781,0.086906,131072,2646,0.020187,0,0,2
224,host-17,3,1,14,3,1,0,0.120094,0,32000,3843,0.120094,131072,4095,0.031242,1,0,2
224,host-18,2,0,14,2,0,0,0.112125,0,32000,3588,0.112125,131072,3510,0.026779,0,0,2
224,host-19,2,0,14,2,0,0,0.097437,0,32000,3118,0.097437,131072,2566,0.019577,0,0,2
224,host-2,2,0,14,2,0,0,0.103438,0,32000,3310,0.103438,131072,4421,0.033730,0,0,2
224,host-20,2,0,14,2,0,0,0.093875,0,32000,3004,0.093875,131072,3152,0.024048,0,0,2
224,host-21,2,0,14,2,0,0,0.108625,0,32000,3476,0.108625,131072,2717,0.020729,0,0,2
224,host-22,2,0,14,2,0,0,0.130594,0,32000,4179,0.130594,131072,4907,0.037437,0,0,2
224,host-23,2,1,14,2,1,0,0.108844,0,32000,3483,0.108844,131072,2931,0.022362,0,1,1
224,host-24,1,0,14,1,0,0,0.072156,0,32000,2309,0.072156,131072,2949,0.022499,0,0,1
224,host-3,2,0,14,2,0,0,0.111312,0,32000,3562,0.111312,131072,3320,0.025330,0,0,2
224,host-4,1,0,14,1,0,0,0.071094,0,32000,2275,0.071094,131072,2314,0.017654,0,0,1
224,host-5,2,0,14,2,0,0,0.081906,0,32000,2621,0.081906,131072,1798,0.013718,0,0,2
224,host-6,2,0,14,2,0,0,0.080375,0,32000,2572,0.080375,131072,2290,0.017471,0,0,2
224,host-7,2,0,14,2,0,0,0.106000,0,32000,3392,0.106000,131072,2490,0.018997,0,0,2
224,host-8,2,1,14,2,1,0,0.114344,0,32000,3659,0.114344,131072,3531,0.026939,0,1,1
224,host-9,1,0,14,1,0,0,0.066375,0,32000,2124,0.066375,131072,2384,0.018188,0,0,1
225,host-1,2,0,14,2,0,0,0.115000,0,32000,3680,0.115000,131072,3251,0.024803,0,0,2
225,host-10,1,0,14,1,0,0,0.071406,0,32000,2285,0.071406,131072,2568,0.019592,0,0,1
225,host-11,2,0,14,2,0,0,0.073344,0,32000,2347,0.073344,131072,1761,0.013435,0,0,2
225,host-12,3,0,14,3,0,0,0.095656,0,32000,3061,0.095656,131072,3181,0.024269,0,0,3
225,host-13,2,0,14,2,0,0,0.106531,0,32000,3409,0.106531,131072,3143,0.023979,0,0,2
225,host-14,2,0,14,2,0,0,0.116656,0,32000,3733,0.116656,131072,2975,0.022697,0,0,2
225,host-15,3,0,14,3,0,0,0.124344,0,32000,3979,0.124344,131072,4390,0.033493,0,0,3
225,host-16,2,0,14,2,0,0,0.086906,0,32000,2781,0.086906,131072,2646,0.020187,0,0,2
225,host-17,3,0,14,3,0,0,0.120094,0,32000,3843,0.120094,131072,4095,0.031242,0,0,3
225,host-18,1,0,14,1,0,0,0.038344,0,32000,1227,0.038344,131072,904,0.006897,0,0,1
225,host-19,2,0,14,2,0,0,0.097437,0,32000,3118,0.097437,131072,2566,0.019577,0,0,2
225,host-2,2,0,14,2,0,0,0.103438,0,32000,3310,0.103438,131072,4421,0.033730,0,0,2
225,host-20,2,0,14,2,0,0,0.093875,0,32000,3004,0.093875,131072,3152,0.024048,0,0,2
225,host-21,2,0,14,2,0,0,0.108625,0,32000,3476,0.108625,131072,2717,0.020729,0,0,2
225,host-22,2,0,14,2,0,0,0.130594,0,32000,4179,0.130594,131072,4907,0.037437,0,0,2
225,host-23,2,0,14,2,0,0,0.108844,0,32000,3483,0.108844,131072,2931,0.022362,0,0,2
225,host-24,1,0,14,1,0,0,0.072156,0,32000,2309,0.072156,131072,2949,0.022499,0,0,1
225,host-3,2,0,14,2,0,0,0.111312,0,32000,3562,0.111312,131072,3320,0.025330,0,0,2
225,host-4,2,1,14,2,1,0,0.119563,0,32000,3826,0.119563,131072,4545,0.034676,1,0,1
225,host-5,2,0,14,2,0,0,0.081906,0,32000,2621,0.081906,131072,1798,0.013718,0,0,2
225,host-6,2,0,14,2,0,0,0.080375,0,32000,2572,0.080375,131072,2290,0.017471,0,0,2
225,host-7,2,1,14,2,1,0,0.106000,0,32000,3392,0.106000,131072,2490,0.018997,0,1,1
225,host-8,2,0,14,2,0,0,0.114344,0,32000,3659,0.114344,131072,3531,0.026939,0,0,2
225,host-9,2,1,14,2,1,0,0.110125,0,32000,3524,0.110125,131072,3614,0.027573,0,1,1
226,host-1,2,0,14,2,0,0,0.115000,0,32000,3680,0.115000,131072,3251,0.024803,0,0,2
226,host-10,2,1,14,2,1,0,0.133594,0,32000,4275,0.133594,131072,4445,0.033913,1,0,1
226,host-11,2,0,14,2,0,0,0.073344,0,32000,2347,0.073344,131072,1761,0.013435,0,0,2
226,host-12,3,0,14,3,0,0,0.095656,0,32000,3061,0.095656,131072,3181,0.024269,0,0,3
226,host-13,2,0,14,2,0,0,0.106531,0,32000,3409,0.106531,131072,3143,0.023979,0,0,2
226,host-14,2,0,14,2,0,0,0.116656,0,32000,3733,0.116656,131072,2975,0.022697,0,0,2
226,host-15,2,0,14,2,0,0,0.081219,0,32000,2599,0.081219,131072,3141,0.023964,0,0,2
226,host-16,2,0,14,2,0,0,0.086906,0,32000,2781,0.086906,131072,2646,0.020187,0,0,2
226,host-17,3,0,14,3,0,0,0.120094,0,32000,3843,0.120094,131072,4095,0.031242,0,0,3
226,host-18,2,0,14,2,0,0,0.081656,0,32000,2613,0.081656,131072,2073,0.015816,0,0,2
226,host-19,2,0,14,2,0,0,0.097437,0,32000,3118,0.097437,131072,2566,0.019577,0,0,2
226,host-2,2,0,14,2,0,0,0.103438,0,32000,3310,0.103438,131072,4421,0.033730,0,0,2
226,host-20,2,0,14,2,0,0,0.093875,0,32000,3004,0.093875,131072,3152,0.024048,0,0,2
226,host-21,2,0,14,2,0,0,0.108625,0,32000,3476,0.108625,131072,2717,0.020729,0,0,2
226,host-22,1,0,14,1,0,0,0.064062,0,32000,2050,0.064062,131072,2686,0.020493,0,0,1
226,host-23,2,0,14,2,0,0,0.108844,0,32000,3483,0.108844,131072,2931,0.022362,0,0,2
226,host-24,1,0,14,1,0,0,0.072156,0,32000,2309,0.072156,131072,2949,0.022499,0,0,1
226,host-3,2,0,14,2,0,0,0.111312,0,32000,3562,0.111312,131072,3320,0.025330,0,0,2
226,host-4,2,1,14,2,1,0,0.119563,0,32000,3826,0.119563,131072,4545,0.034676,0,1,1
226,host-5,2,0,14,2,0,0,0.081906,0,32000,2621,0.081906,131072,1798,0.013718,0,0,2
226,host-6,2,0,14,2,0,0,0.080375,0,32000,2572,0.080375,131072,2290,0.017471,0,0,2
226,host-7,2,0,14,2,0,0,0.106000,0,32000,3392,0.106000,131072,2490,0.018997,0,0,2
226,host-8,2,0,14,2,0,0,0.114344,0,32000,3659,0.114344,131072,3531,0.026939,0,0,2
226,host-9,2,0,14,2,0,0,0.110125,0,32000,3524,0.110125,131072,3614,0.027573,0,0,2
227,host-1,2,0,14,2,0,0,0.115000,0,32000,3680,0.115000,131072,3251,0.024803,0,0,2
227,host-10,2,1,14,2,1,0,0.133594,0,32000,4275,0.133594,131072,4445,0.033913,0,1,1
227,host-11,1,0,14,1,0,0,0.029562,0,32000,946,0.029562,131072,1015,0.007744,0,0,1
227,host-12,3,0,14,3,0,0,0.095656,0,32000,3061,0.095656,131072,3181,0.024269,0,0,3
227,host-13,2,0,14,2,0,0,0.106531,0,32000,3409,0.106531,131072,3143,0.023979,0,0,2
227,host-14,2,0,14,2,0,0,0.116656,0,32000,3733,0.116656,131072,2975,0.022697,0,0,2
227,host-15,2,0,14,2,0,0,0.081219,0,32000,2599,0.081219,131072,3141,0.023964,0,0,2
227,host-16,2,0,14,2,0,0,0.086906,0,32000,2781,0.086906,131072,2646,0.020187,0,0,2
227,host-17,3,0,14,3,0,0,0.120094,0,32000,3843,0.120094,131072,4095,0.031242,0,0,3
227,host-18,2,0,14,2,0,0,0.081656,0,32000,2613,0.081656,131072,2073,0.015816,0,0,2
227,host-19,2,0,14,2,0,0,0.097437,0,32000,3118,0.097437,131072,2566,0.019577,0,0,2
227,host-2,1,0,14,1,0,0,0.044000,0,32000,1408,0.044000,131072,1882,0.014359,0,0,1
227,host-20,2,0,14,2,0,0,0.093875,0,32000,3004,0.093875,131072,3152,0.024048,0,0,2
227,host-21,2,0,14,2,0,0,0.108625,0,32000,3476,0.108625,131072,2717,0.020729,0,0,2
227,host-22,1,0,14,1,0,0,0.064062,0,32000,2050,0.064062,131072,2686,0.020493,0,0,1
227,host-23,2,0,14,2,0,0,0.108844,0,32000,3483,0.108844,131072,2931,0.022362,0,0,2
227,host-24,1,0,14,1,0,0,0.072156,0,32000,2309,0.072156,131072,2949,0.022499,0,0,1
227,host-3,2,0,14,2,0,0,0.111312,0,32000,3562,0.111312,131072,3320,0.025330,0,0,2
227,host-4,2,0,14,2,0,0,0.119563,0,32000,3826,0.119563,131072,4545,0.034676,0,0,2
227,host-5,1,0,14,1,0,0,0.055031,0,32000,1761,0.055031,131072,1267,0.009666,0,0,1
227,host-6,2,0,14,2,0,0,0.080375,0,32000,2572,0.080375,131072,2290,0.017471,0,0,2
227,host-7,2,0,14,2,0,0,0.106000,0,32000,3392,0.106000,131072,2490,0.018997,0,0,2
227,host-8,2,0,14,2,0,0,0.114344,0,32000,3659,0.114344,131072,3531,0.026939,0,0,2
227,host-9,2,0,14,2,0,0,0.110125,0,32000,3524,0.110125,131072,3614,0.027573,0,0,2
228,host-1,2,1,14,2,1,0,0.090531,0,32000,2897,0.090531,131072,2793,0.021309,1,0,1
228,host-10,2,0,14,2,0,0,0.133594,0,32000,4275,0.133594,131072,4445,0.033913,0,0,2
228,host-11,2,1,14,2,1,0,0.067937,0,32000,2174,0.067937,131072,2167,0.016533,1,0,1
228,host-12,3,0,14,3,0,0,0.095656,0,32000,3061,0.095656,131072,3181,0.024269,0,0,3
228,host-13,2,0,14,2,0,0,0.106531,0,32000,3409,0.106531,131072,3143,0.023979,0,0,2
228,host-14,2,0,14,2,0,0,0.116656,0,32000,3733,0.116656,131072,2975,0.022697,0,0,2
228,host-15,2,0,14,2,0,0,0.081219,0,32000,2599,0.081219,131072,3141,0.023964,0,0,2
228,host-16,2,1,14,2,1,0,0.090438,0,32000,2894,0.090438,131072,2250,0.017166,1,0,1
228,host-17,3,0,14,3,0,0,0.120094,0,32000,3843,0.120094,131072,4095,0.031242,0,0,3
228,host-18,2,0,14,2,0,0,0.081656,0,32000,2613,0.081656,131072,2073,0.015816,0,0,2
228,host-19,2,0,14,2,0,0,0.097437,0,32000,3118,0.097437,131072,2566,0.019577,0,0,2
228,host-2,2,1,14,2,1,0,0.098531,0,32000,3153,0.098531,131072,3810,0.029068,1,0,1
228,host-20,2,0,14,2,0,0,0.093875,0,32000,3004,0.093875,131072,3152,0.024048,0,0,2
228,host-21,2,0,14,2,0,0,0.108625,0,32000,3476,0.108625,131072,2717,0.020729,0,0,2
228,host-22,1,0,14,1,0,0,0.064062,0,32000,2050,0.064062,131072,2686,0.020493,0,0,1
228,host-23,2,0,14,2,0,0,0.108844,0,32000,3483,0.108844,131072,2931,0.022362,0,0,2
228,host-24,1,0,14,1,0,0,0.072156,0,32000,2309,0.072156,131072,2949,0.022499,0,0,1
228,host-3,2,0,14,2,0,0,0.111312,0,32000,3562,0.111312,131072,3320,0.025330,0,0,2
228,host-4,2,0,14,2,0,0,0.119563,0,32000,3826,0.119563,131072,4545,0.034676,0,0,2
228,host-5,2,1,14,2,1,0,0.088844,0,32000,2843,0.088844,131072,2567,0.019585,1,0,1
228,host-6,2,0,14,2,0,0,0.080375,0,32000,2572,0.080375,131072,2290,0.017471,0,0,2
228,host-7,2,0,14,2,0,0,0.106000,0,32000,3392,0.106000,131072,2490,0.018997,0,0,2
228,host-8,2,0,14,2,0,0,0.114344,0,32000,3659,0.114344,131072,3531,0.026939,0,0,2
228,host-9,2,0,14,2,0,0,0.110125,0,32000,3524,0.110125,131072,3614,0.027573,0,0,2
229,host-1,2,1,14,2,1,0,0.090531,0,32000,2897,0.090531,131072,2793,0.021309,1,0,1
229,host-10,2,0,14,2,0,0,0.133594,0,32000,4275,0.133594,131072,4445,0.033913,0,0,2
229,host-11,3,1,14,3,1,0,0.122469,0,32000,3919,0.122469,131072,4095,0.031242,1,0,2
229,host-12,3,0,14,3,0,0,0.095656,0,32000,3061,0.095656,131072,3181,0.024269,0,0,3
229,host-13,2,0,14,2,0,0,0.106531,0,32000,3409,0.106531,131072,3143,0.023979,0,0,2
229,host-14,1,0,14,1,0,0,0.042531,0,32000,1361,0.042531,131072,598,0.004562,0,0,1
229,host-15,1,0,14,1,0,0,0.030406,0,32000,973,0.030406,131072,1558,0.011887,0,0,1
229,host-16,2,0,14,2,0,0,0.090438,0,32000,2894,0.090438,131072,2250,0.017166,0,0,2
229,host-17,3,0,14,3,0,0,0.120094,0,32000,3843,0.120094,131072,4095,0.031242,0,0,3
229,host-18,1,0,14,1,0,0,0.043312,0,32000,1386,0.043312,131072,1169,0.008919,0,0,1
229,host-19,1,0,14,1,0,0,0.044875,0,32000,1436,0.044875,131072,813,0.006203,0,0,1
229,host-2,2,1,14,2,1,0,0.098531,0,32000,3153,0.098531,131072,3810,0.029068,1,0,1
229,host-20,2,0,14,2,0,0,0.093875,0,32000,3004,0.093875,131072,3152,0.024048,0,0,2
229,host-21,1,0,14,1,0,0,0.058344,0,32000,1867,0.058344,131072,1188,0.009064,0,0,1
229,host-22,2,1,14,2,1,0,0.107188,0,32000,3430,0.107188,131072,3935,0.030022,1,0,1
229,host-23,2,0,14,2,0,0,0.108844,0,32000,3483,0.108844,131072,2931,0.022362,0,0,2
229,host-24,1,0,14,1,0,0,0.072156,0,32000,2309,0.072156,131072,2949,0.022499,0,0,1
229,host-3,2,0,14,2,0,0,0.111312,0,32000,3562,0.111312,131072,3320,0.025330,0,0,2
229,host-4,2,0,14,2,0,0,0.119563,0,32000,3826,0.119563,131072,4545,0.034676,0,0,2
229,host-5,2,1,14,2,1,0,0.088844,0,32000,2843,0.088844,131072,2567,0.019585,1,0,1
229,host-6,2,0,14,2,0,0,0.080375,0,32000,2572,0.080375,131072,2290,0.017471,0,0,2
229,host-7,2,0,14,2,0,0,0.106000,0,32000,3392,0.106000,131072,2490,0.018997,0,0,2
229,host-8,2,0,14,2,0,0,0.114344,0,32000,3659,0.114344,131072,3531,0.026939,0,0,2
229,host-9,2,0,14,2,0,0,0.110125,0,32000,3524,0.110125,131072,3614,0.027573,0,0,2
230,host-1,2,0,14,2,0,0,0.090531,0,32000,2897,0.090531,131072,2793,0.021309,0,0,2
230,host-10,2,0,14,2,0,0,0.133594,0,32000,4275,0.133594,131072,4445,0.033913,0,0,2
230,host-11,3,1,14,3,1,0,0.122469,0,32000,3919,0.122469,131072,4095,0.031242,1,0,2
230,host-12,3,0,14,3,0,0,0.095656,0,32000,3061,0.095656,131072,3181,0.024269,0,0,3
230,host-13,2,0,14,2,0,0,0.106531,0,32000,3409,0.106531,131072,3143,0.023979,0,0,2
230,host-14,1,0,14,1,0,0,0.042531,0,32000,1361,0.042531,131072,598,0.004562,0,0,1
230,host-15,2,1,14,2,1,0,0.076000,0,32000,2432,0.076000,131072,2429,0.018532,1,0,1
230,host-16,2,0,14,2,0,0,0.090438,0,32000,2894,0.090438,131072,2250,0.017166,0,0,2
230,host-17,3,0,14,3,0,0,0.120094,0,32000,3843,0.120094,131072,4095,0.031242,0,0,3
230,host-18,1,0,14,1,0,0,0.043312,0,32000,1386,0.043312,131072,1169,0.008919,0,0,1
230,host-19,1,0,14,1,0,0,0.044875,0,32000,1436,0.044875,131072,813,0.006203,0,0,1
230,host-2,2,0,14,2,0,0,0.098531,0,32000,3153,0.098531,131072,3810,0.029068,0,0,2
230,host-20,2,0,14,2,0,0,0.093875,0,32000,3004,0.093875,131072,3152,0.024048,0,0,2
230,host-21,1,0,14,1,0,0,0.058344,0,32000,1867,0.058344,131072,1188,0.009064,0,0,1
230,host-22,1,0,14,1,0,0,0.043125,0,32000,1380,0.043125,131072,1249,0.009529,0,0,1
230,host-23,2,0,14,2,0,0,0.108844,0,32000,3483,0.108844,131072,2931,0.022362,0,0,2
230,host-24,1,0,14,1,0,0,0.072156,0,32000,2309,0.072156,131072,2949,0.022499,0,0,1
230,host-3,2,0,14,2,0,0,0.111312,0,32000,3562,0.111312,131072,3320,0.025330,0,0,2
230,host-4,2,0,14,2,0,0,0.119563,0,32000,3826,0.119563,131072,4545,0.034676,0,0,2
230,host-5,2,0,14,2,0,0,0.088844,0,32000,2843,0.088844,131072,2567,0.019585,0,0,2
230,host-6,2,0,14,2,0,0,0.080375,0,32000,2572,0.080375,131072,2290,0.017471,0,0,2
230,host-7,2,0,14,2,0,0,0.106000,0,32000,3392,0.106000,131072,2490,0.018997,0,0,2
230,host-8,2,1,14,2,1,0,0.114344,0,32000,3659,0.114344,131072,3531,0.026939,0,1,1
230,host-9,2,0,14,2,0,0,0.110125,0,32000,3524,0.110125,131072,3614,0.027573,0,0,2
231,host-1,2,0,14,2,0,0,0.090531,0,32000,2897,0.090531,131072,2793,0.021309,0,0,2
231,host-10,2,0,14,2,0,0,0.133594,0,32000,4275,0.133594,131072,4445,0.033913,0,0,2
231,host-11,3,0,14,3,0,0,0.122469,0,32000,3919,0.122469,131072,4095,0.031242,0,0,3
231,host-12,3,0,14,3,0,0,0.095656,0,32000,3061,0.095656,131072,3181,0.024269,0,0,3
231,host-13,2,0,14,2,0,0,0.106531,0,32000,3409,0.106531,131072,3143,0.023979,0,0,2
231,host-14,2,1,14,2,1,0,0.078906,0,32000,2525,0.078906,131072,1768,0.013489,1,0,1
231,host-15,2,1,14,2,1,0,0.076000,0,32000,2432,0.076000,131072,2429,0.018532,1,0,1
231,host-16,2,0,14,2,0,0,0.090438,0,32000,2894,0.090438,131072,2250,0.017166,0,0,2
231,host-17,3,0,14,3,0,0,0.120094,0,32000,3843,0.120094,131072,4095,0.031242,0,0,3
231,host-18,2,1,14,2,1,0,0.113844,0,32000,3643,0.113844,131072,3582,0.027328,1,0,1
231,host-19,2,1,14,2,1,0,0.070125,0,32000,2244,0.070125,131072,1287,0.009819,1,0,1
231,host-2,2,0,14,2,0,0,0.098531,0,32000,3153,0.098531,131072,3810,0.029068,0,0,2
231,host-20,2,0,14,2,0,0,0.093875,0,32000,3004,0.093875,131072,3152,0.024048,0,0,2
231,host-21,1,0,14,1,0,0,0.058344,0,32000,1867,0.058344,131072,1188,0.009064,0,0,1
231,host-22,2,1,14,2,1,0,0.083500,0,32000,2672,0.083500,131072,2663,0.020317,1,0,1
231,host-23,2,0,14,2,0,0,0.108844,0,32000,3483,0.108844,131072,2931,0.022362,0,0,2
231,host-24,1,0,14,1,0,0,0.072156,0,32000,2309,0.072156,131072,2949,0.022499,0,0,1
231,host-3,2,0,14,2,0,0,0.111312,0,32000,3562,0.111312,131072,3320,0.025330,0,0,2
231,host-4,2,0,14,2,0,0,0.119563,0,32000,3826,0.119563,131072,4545,0.034676,0,0,2
231,host-5,2,0,14,2,0,0,0.088844,0,32000,2843,0.088844,131072,2567,0.019585,0,0,2
231,host-6,2,0,14,2,0,0,0.080375,0,32000,2572,0.080375,131072,2290,0.017471,0,0,2
231,host-7,2,0,14,2,0,0,0.106000,0,32000,3392,0.106000,131072,2490,0.018997,0,0,2
231,host-8,2,0,14,2,0,0,0.114344,0,32000,3659,0.114344,131072,3531,0.026939,0,0,2
231,host-9,2,0,14,2,0,0,0.110125,0,32000,3524,0.110125,131072,3614,0.027573,0,0,2
232,host-1,2,0,14,2,0,0,0.090531,0,32000,2897,0.090531,131072,2793,0.021309,0,0,2
232,host-10,2,0,14,2,0,0,0.133594,0,32000,4275,0.133594,131072,4445,0.033913,0,0,2
232,host-11,3,0,14,3,0,0,0.122469,0,32000,3919,0.122469,131072,4095,0.031242,0,0,3
232,host-12,3,0,14,3,0,0,0.095656,0,32000,3061,0.095656,131072,3181,0.024269,0,0,3
232,host-13,2,0,14,2,0,0,0.106531,0,32000,3409,0.106531,131072,3143,0.023979,0,0,2
232,host-14,2,1,14,2,1,0,0.078906,0,32000,2525,0.078906,131072,1768,0.013489,0,1,1
232,host-15,2,0,14,2,0,0,0.076000,0,32000,2432,0.076000,131072,2429,0.018532,0,0,2
232,host-16,2,0,14,2,0,0,0.090438,0,32000,2894,0.090438,131072,2250,0.017166,0,0,2
232,host-17,3,0,14,3,0,0,0.120094,0,32000,3843,0.120094,131072,4095,0.031242,0,0,3
232,host-18,2,0,14,2,0,0,0.113844,0,32000,3643,0.113844,131072,3582,0.027328,0,0,2
232,host-19,3,1,14,3,1,0,0.140656,0,32000,4501,0.140656,131072,3700,0.028229,1,0,2
232,host-2,2,0,14,2,0,0,0.098531,0,32000,3153,0.098531,131072,3810,0.029068,0,0,2
232,host-20,2,0,14,2,0,0,0.093875,0,32000,3004,0.093875,131072,3152,0.024048,0,0,2
232,host-21,2,1,14,2,1,0,0.099719,0,32000,3191,0.099719,131072,2302,0.017563,1,0,1
232,host-22,2,0,14,2,0,0,0.083500,0,32000,2672,0.083500,131072,2663,0.020317,0,0,2
232,host-23,2,0,14,2,0,0,0.108844,0,32000,3483,0.108844,131072,2931,0.022362,0,0,2
232,host-24,2,1,14,2,1,0,0.140281,0,32000,4489,0.140281,131072,5680,0.043335,1,0,1
232,host-3,2,0,14,2,0,0,0.111312,0,32000,3562,0.111312,131072,3320,0.025330,0,0,2
232,host-4,2,0,14,2,0,0,0.119563,0,32000,3826,0.119563,131072,4545,0.034676,0,0,2
232,host-5,2,0,14,2,0,0,0.088844,0,32000,2843,0.088844,131072,2567,0.019585,0,0,2
232,host-6,2,0,14,2,0,0,0.080375,0,32000,2572,0.080375,131072,2290,0.017471,0,0,2
232,host-7,2,0,14,2,0,0,0.106000,0,32000,3392,0.106000,131072,2490,0.018997,0,0,2
232,host-8,2,0,14,2,0,0,0.114344,0,32000,3659,0.114344,131072,3531,0.026939,0,0,2
232,host-9,2,0,14,2,0,0,0.110125,0,32000,3524,0.110125,131072,3614,0.027573,0,0,2
233,host-1,2,0,14,2,0,0,0.090531,0,32000,2897,0.090531,131072,2793,0.021309,0,0,2
233,host-10,2,0,14,2,0,0,0.133594,0,32000,4275,0.133594,131072,4445,0.033913,0,0,2
233,host-11,3,0,14,3,0,0,0.122469,0,32000,3919,0.122469,131072,4095,0.031242,0,0,3
233,host-12,3,0,14,3,0,0,0.095656,0,32000,3061,0.095656,131072,3181,0.024269,0,0,3
233,host-13,2,0,14,2,0,0,0.106531,0,32000,3409,0.106531,131072,3143,0.023979,0,0,2
233,host-14,2,0,14,2,0,0,0.078906,0,32000,2525,0.078906,131072,1768,0.013489,0,0,2
233,host-15,3,1,14,3,1,0,0.102625,0,32000,3284,0.102625,131072,3502,0.026718,1,0,2
233,host-16,2,0,14,2,0,0,0.090438,0,32000,2894,0.090438,131072,2250,0.017166,0,0,2
233,host-17,3,0,14,3,0,0,0.120094,0,32000,3843,0.120094,131072,4095,0.031242,0,0,3
233,host-18,2,0,14,2,0,0,0.113844,0,32000,3643,0.113844,131072,3582,0.027328,0,0,2
233,host-19,3,1,14,3,1,0,0.140656,0,32000,4501,0.140656,131072,3700,0.028229,0,1,2
233,host-2,2,0,14,2,0,0,0.098531,0,32000,3153,0.098531,131072,3810,0.029068,0,0,2
233,host-20,2,0,14,2,0,0,0.093875,0,32000,3004,0.093875,131072,3152,0.024048,0,0,2
233,host-21,2,1,14,2,1,0,0.099719,0,32000,3191,0.099719,131072,2302,0.017563,1,0,1
233,host-22,2,0,14,2,0,0,0.083500,0,32000,2672,0.083500,131072,2663,0.020317,0,0,2
233,host-23,2,0,14,2,0,0,0.108844,0,32000,3483,0.108844,131072,2931,0.022362,0,0,2
233,host-24,2,1,14,2,1,0,0.140281,0,32000,4489,0.140281,131072,5680,0.043335,1,0,1
233,host-3,2,0,14,2,0,0,0.111312,0,32000,3562,0.111312,131072,3320,0.025330,0,0,2
233,host-4,2,0,14,2,0,0,0.119563,0,32000,3826,0.119563,131072,4545,0.034676,0,0,2
233,host-5,2,0,14,2,0,0,0.088844,0,32000,2843,0.088844,131072,2567,0.019585,0,0,2
233,host-6,2,0,14,2,0,0,0.080375,0,32000,2572,0.080375,131072,2290,0.017471,0,0,2
233,host-7,2,0,14,2,0,0,0.106000,0,32000,3392,0.106000,131072,2490,0.018997,0,0,2
233,host-8,2,0,14,2,0,0,0.114344,0,32000,3659,0.114344,131072,3531,0.026939,0,0,2
233,host-9,2,0,14,2,0,0,0.110125,0,32000,3524,0.110125,131072,3614,0.027573,0,0,2
234,host-1,2,0,14,2,0,0,0.090531,0,32000,2897,0.090531,131072,2793,0.021309,0,0,2
234,host-10,2,0,14,2,0,0,0.133594,0,32000,4275,0.133594,131072,4445,0.033913,0,0,2
234,host-11,3,0,14,3,0,0,0.122469,0,32000,3919,0.122469,131072,4095,0.031242,0,0,3
234,host-12,2,0,14,2,0,0,0.064187,0,32000,2054,0.064187,131072,2473,0.018867,0,0,2
234,host-13,2,0,14,2,0,0,0.106531,0,32000,3409,0.106531,131072,3143,0.023979,0,0,2
234,host-14,3,1,14,3,1,0,0.129719,0,32000,4151,0.129719,131072,3351,0.025566,1,0,2
234,host-15,3,1,14,3,1,0,0.102625,0,32000,3284,0.102625,131072,3502,0.026718,0,1,2
234,host-16,2,1,14,2,1,0,0.094437,0,32000,3022,0.094437,131072,2261,0.017250,1,0,1
234,host-17,2,0,14,2,0,0,0.091344,0,32000,2923,0.091344,131072,2898,0.022110,0,0,2
234,host-18,2,0,14,2,0,0,0.113844,0,32000,3643,0.113844,131072,3582,0.027328,0,0,2
234,host-19,3,0,14,3,0,0,0.140656,0,32000,4501,0.140656,131072,3700,0.028229,0,0,3
234,host-2,2,0,14,2,0,0,0.098531,0,32000,3153,0.098531,131072,3810,0.029068,0,0,2
234,host-20,2,0,14,2,0,0,0.093875,0,32000,3004,0.093875,131072,3152,0.024048,0,0,2
234,host-21,2,0,14,2,0,0,0.099719,0,32000,3191,0.099719,131072,2302,0.017563,0,0,2
234,host-22,2,0,14,2,0,0,0.083500,0,32000,2672,0.083500,131072,2663,0.020317,0,0,2
234,host-23,2,0,14,2,0,0,0.108844,0,32000,3483,0.108844,131072,2931,0.022362,0,0,2
234,host-24,2,0,14,2,0,0,0.140281,0,32000,4489,0.140281,131072,5680,0.043335,0,0,2
234,host-3,2,0,14,2,0,0,0.111312,0,32000,3562,0.111312,131072,3320,0.025330,0,0,2
234,host-4,2,0,14,2,0,0,0.119563,0,32000,3826,0.119563,131072,4545,0.034676,0,0,2
234,host-5,2,1,14,2,1,0,0.061594,0,32000,1971,0.061594,131072,1822,0.013901,1,0,1
234,host-6,2,0,14,2,0,0,0.080375,0,32000,2572,0.080375,131072,2290,0.017471,0,0,2
234,host-7,2,0,14,2,0,0,0.106000,0,32000,3392,0.106000,131072,2490,0.018997,0,0,2
234,host-8,2,0,14,2,0,0,0.114344,0,32000,3659,0.114344,131072,3531,0.026939,0,0,2
234,host-9,2,0,14,2,0,0,0.110125,0,32000,3524,0.110125,131072,3614,0.027573,0,0,2
235,host-1,2,0,14,2,0,0,0.090531,0,32000,2897,0.090531,131072,2793,0.021309,0,0,2
235,host-10,2,0,14,2,0,0,0.133594,0,32000,4275,0.133594,131072,4445,0.033913,0,0,2
235,host-11,3,0,14,3,0,0,0.122469,0,32000,3919,0.122469,131072,4095,0.031242,0,0,3
235,host-12,3,1,14,3,1,0,0.102531,0,32000,3281,0.102531,131072,3377,0.025764,1,0,2
235,host-13,1,0,14,1,0,0,0.043344,0,32000,1387,0.043344,131072,874,0.006668,0,0,1
235,host-14,3,0,14,3,0,0,0.129719,0,32000,4151,0.129719,131072,3351,0.025566,0,0,3
235,host-15,3,0,14,3,0,0,0.102625,0,32000,3284,0.102625,131072,3502,0.026718,0,0,3
235,host-16,2,1,14,2,1,0,0.094437,0,32000,3022,0.094437,131072,2261,0.017250,1,0,1
235,host-17,2,0,14,2,0,0,0.091344,0,32000,2923,0.091344,131072,2898,0.022110,0,0,2
235,host-18,2,0,14,2,0,0,0.113844,0,32000,3643,0.113844,131072,3582,0.027328,0,0,2
235,host-19,3,0,14,3,0,0,0.140656,0,32000,4501,0.140656,131072,3700,0.028229,0,0,3
235,host-2,2,0,14,2,0,0,0.098531,0,32000,3153,0.098531,131072,3810,0.029068,0,0,2
235,host-20,2,0,14,2,0,0,0.093875,0,32000,3004,0.093875,131072,3152,0.024048,0,0,2
235,host-21,2,0,14,2,0,0,0.099719,0,32000,3191,0.099719,131072,2302,0.017563,0,0,2
235,host-22,2,0,14,2,0,0,0.083500,0,32000,2672,0.083500,131072,2663,0.020317,0,0,2
235,host-23,2,0,14,2,0,0,0.108844,0,32000,3483,0.108844,131072,2931,0.022362,0,0,2
235,host-24,2,0,14,2,0,0,0.140281,0,32000,4489,0.140281,131072,5680,0.043335,0,0,2
235,host-3,2,0,14,2,0,0,0.111312,0,32000,3562,0.111312,131072,3320,0.025330,0,0,2
235,host-4,1,0,14,1,0,0,0.048469,0,32000,1551,0.048469,131072,2231,0.017021,0,0,1
235,host-5,3,2,14,3,2,0,0.089375,0,32000,2860,0.089375,131072,2344,0.017883,2,0,1
235,host-6,2,0,14,2,0,0,0.080375,0,32000,2572,0.080375,131072,2290,0.017471,0,0,2
235,host-7,2,0,14,2,0,0,0.106000,0,32000,3392,0.106000,131072,2490,0.018997,0,0,2
235,host-8,2,0,14,2,0,0,0.114344,0,32000,3659,0.114344,131072,3531,0.026939,0,0,2
235,host-9,2,0,14,2,0,0,0.110125,0,32000,3524,0.110125,131072,3614,0.027573,0,0,2
236,host-1,2,0,14,2,0,0,0.090531,0,32000,2897,0.090531,131072,2793,0.021309,0,0,2
236,host-10,2,0,14,2,0,0,0.133594,0,32000,4275,0.133594,131072,4445,0.033913,0,0,2
236,host-11,3,0,14,3,0,0,0.122469,0,32000,3919,0.122469,131072,4095,0.031242,0,0,3
236,host-12,3,1,14,3,1,0,0.102531,0,32000,3281,0.102531,131072,3377,0.025764,1,0,2
236,host-13,1,0,14,1,0,0,0.043344,0,32000,1387,0.043344,131072,874,0.006668,0,0,1
236,host-14,3,0,14,3,0,0,0.129719,0,32000,4151,0.129719,131072,3351,0.025566,0,0,3
236,host-15,3,0,14,3,0,0,0.102625,0,32000,3284,0.102625,131072,3502,0.026718,0,0,3
236,host-16,2,0,14,2,0,0,0.094437,0,32000,3022,0.094437,131072,2261,0.017250,0,0,2
236,host-17,2,0,14,2,0,0,0.091344,0,32000,2923,0.091344,131072,2898,0.022110,0,0,2
236,host-18,2,0,14,2,0,0,0.113844,0,32000,3643,0.113844,131072,3582,0.027328,0,0,2
236,host-19,3,0,14,3,0,0,0.140656,0,32000,4501,0.140656,131072,3700,0.028229,0,0,3
236,host-2,2,0,14,2,0,0,0.098531,0,32000,3153,0.098531,131072,3810,0.029068,0,0,2
236,host-20,2,0,14,2,0,0,0.093875,0,32000,3004,0.093875,131072,3152,0.024048,0,0,2
236,host-21,2,0,14,2,0,0,0.099719,0,32000,3191,0.099719,131072,2302,0.017563,0,0,2
236,host-22,2,0,14,2,0,0,0.083500,0,32000,2672,0.083500,131072,2663,0.020317,0,0,2
236,host-23,2,0,14,2,0,0,0.108844,0,32000,3483,0.108844,131072,2931,0.022362,0,0,2
236,host-24,2,0,14,2,0,0,0.140281,0,32000,4489,0.140281,131072,5680,0.043335,0,0,2
236,host-3,2,0,14,2,0,0,0.111312,0,32000,3562,0.111312,131072,3320,0.025330,0,0,2
236,host-4,1,0,14,1,0,0,0.048469,0,32000,1551,0.048469,131072,2231,0.017021,0,0,1
236,host-5,3,0,14,3,0,0,0.089375,0,32000,2860,0.089375,131072,2344,0.017883,0,0,3
236,host-6,2,0,14,2,0,0,0.080375,0,32000,2572,0.080375,131072,2290,0.017471,0,0,2
236,host-7,2,0,14,2,0,0,0.106000,0,32000,3392,0.106000,131072,2490,0.018997,0,0,2
236,host-8,2,0,14,2,0,0,0.114344,0,32000,3659,0.114344,131072,3531,0.026939,0,0,2
236,host-9,2,0,14,2,0,0,0.110125,0,32000,3524,0.110125,131072,3614,0.027573,0,0,2
237,host-1,2,0,14,2,0,0,0.090531,0,32000,2897,0.090531,131072,2793,0.021309,0,0,2
237,host-10,2,0,14,2,0,0,0.133594,0,32000,4275,0.133594,131072,4445,0.033913,0,0,2
237,host-11,3,0,14,3,0,0,0.122469,0,32000,3919,0.122469,131072,4095,0.031242,0,0,3
237,host-12,3,0,14,3,0,0,0.102531,0,32000,3281,0.102531,131072,3377,0.025764,0,0,3
237,host-13,1,0,14,1,0,0,0.043344,0,32000,1387,0.043344,131072,874,0.006668,0,0,1
237,host-14,2,0,14,2,0,0,0.087188,0,32000,2790,0.087188,131072,2753,0.021004,0,0,2
237,host-15,3,0,14,3,0,0,0.102625,0,32000,3284,0.102625,131072,3502,0.026718,0,0,3
237,host-16,2,0,14,2,0,0,0.094437,0,32000,3022,0.094437,131072,2261,0.017250,0,0,2
237,host-17,2,0,14,2,0,0,0.091344,0,32000,2923,0.091344,131072,2898,0.022110,0,0,2
237,host-18,2,0,14,2,0,0,0.113844,0,32000,3643,0.113844,131072,3582,0.027328,0,0,2
237,host-19,3,0,14,3,0,0,0.140656,0,32000,4501,0.140656,131072,3700,0.028229,0,0,3
237,host-2,2,0,14,2,0,0,0.098531,0,32000,3153,0.098531,131072,3810,0.029068,0,0,2
237,host-20,2,0,14,2,0,0,0.093875,0,32000,3004,0.093875,131072,3152,0.024048,0,0,2
237,host-21,2,0,14,2,0,0,0.099719,0,32000,3191,0.099719,131072,2302,0.017563,0,0,2
237,host-22,2,0,14,2,0,0,0.083500,0,32000,2672,0.083500,131072,2663,0.020317,0,0,2
237,host-23,2,0,14,2,0,0,0.108844,0,32000,3483,0.108844,131072,2931,0.022362,0,0,2
237,host-24,2,0,14,2,0,0,0.140281,0,32000,4489,0.140281,131072,5680,0.043335,0,0,2
237,host-3,2,0,14,2,0,0,0.111312,0,32000,3562,0.111312,131072,3320,0.025330,0,0,2
237,host-4,1,0,14,1,0,0,0.048469,0,32000,1551,0.048469,131072,2231,0.017021,0,0,1
237,host-5,3,0,14,3,0,0,0.089375,0,32000,2860,0.089375,131072,2344,0.017883,0,0,3
237,host-6,2,0,14,2,0,0,0.080375,0,32000,2572,0.080375,131072,2290,0.017471,0,0,2
237,host-7,2,0,14,2,0,0,0.106000,0,32000,3392,0.106000,131072,2490,0.018997,0,0,2
237,host-8,2,0,14,2,0,0,0.114344,0,32000,3659,0.114344,131072,3531,0.026939,0,0,2
237,host-9,2,0,14,2,0,0,0.110125,0,32000,3524,0.110125,131072,3614,0.027573,0,0,2
238,host-1,1,0,14,1,0,0,0.052750,0,32000,1688,0.052750,131072,1840,0.014038,0,0,1
238,host-10,2,0,14,2,0,0,0.133594,0,32000,4275,0.133594,131072,4445,0.033913,0,0,2
238,host-11,3,0,14,3,0,0,0.122469,0,32000,3919,0.122469,131072,4095,0.031242,0,0,3
238,host-12,3,0,14,3,0,0,0.102531,0,32000,3281,0.102531,131072,3377,0.025764,0,0,3
238,host-13,1,0,14,1,0,0,0.043344,0,32000,1387,0.043344,131072,874,0.006668,0,0,1
238,host-14,2,0,14,2,0,0,0.087188,0,32000,2790,0.087188,131072,2753,0.021004,0,0,2
238,host-15,3,0,14,3,0,0,0.102625,0,32000,3284,0.102625,131072,3502,0.026718,0,0,3
238,host-16,2,0,14,2,0,0,0.094437,0,32000,3022,0.094437,131072,2261,0.017250,0,0,2
238,host-17,2,0,14,2,0,0,0.091344,0,32000,2923,0.091344,131072,2898,0.022110,0,0,2
238,host-18,2,0,14,2,0,0,0.113844,0,32000,3643,0.113844,131072,3582,0.027328,0,0,2
238,host-19,3,0,14,3,0,0,0.140656,0,32000,4501,0.140656,131072,3700,0.028229,0,0,3
238,host-2,2,0,14,2,0,0,0.098531,0,32000,3153,0.098531,131072,3810,0.029068,0,0,2
238,host-20,2,0,14,2,0,0,0.093875,0,32000,3004,0.093875,131072,3152,0.024048,0,0,2
238,host-21,2,0,14,2,0,0,0.099719,0,32000,3191,0.099719,131072,2302,0.017563,0,0,2
238,host-22,2,0,14,2,0,0,0.083500,0,32000,2672,0.083500,131072,2663,0.020317,0,0,2
238,host-23,2,0,14,2,0,0,0.108844,0,32000,3483,0.108844,131072,2931,0.022362,0,0,2
238,host-24,2,0,14,2,0,0,0.140281,0,32000,4489,0.140281,131072,5680,0.043335,0,0,2
238,host-3,2,0,14,2,0,0,0.111312,0,32000,3562,0.111312,131072,3320,0.025330,0,0,2
238,host-4,1,0,14,1,0,0,0.048469,0,32000,1551,0.048469,131072,2231,0.017021,0,0,1
238,host-5,3,0,14,3,0,0,0.089375,0,32000,2860,0.089375,131072,2344,0.017883,0,0,3
238,host-6,2,0,14,2,0,0,0.080375,0,32000,2572,0.080375,131072,2290,0.017471,0,0,2
238,host-7,2,0,14,2,0,0,0.106000,0,32000,3392,0.106000,131072,2490,0.018997,0,0,2
238,host-8,2,0,14,2,0,0,0.114344,0,32000,3659,0.114344,131072,3531,0.026939,0,0,2
238,host-9,2,0,14,2,0,0,0.110125,0,32000,3524,0.110125,131072,3614,0.027573,0,0,2
239,host-1,1,0,14,1,0,0,0.052750,0,32000,1688,0.052750,131072,1840,0.014038,0,0,1
239,host-10,2,0,14,2,0,0,0.133594,0,32000,4275,0.133594,131072,4445,0.033913,0,0,2
239,host-11,3,0,14,3,0,0,0.122469,0,32000,3919,0.122469,131072,4095,0.031242,0,0,3
239,host-12,3,0,14,3,0,0,0.102531,0,32000,3281,0.102531,131072,3377,0.025764,0,0,3
239,host-13,1,0,14,1,0,0,0.043344,0,32000,1387,0.043344,131072,874,0.006668,0,0,1
239,host-14,2,0,14,2,0,0,0.087188,0,32000,2790,0.087188,131072,2753,0.021004,0,0,2
239,host-15,3,0,14,3,0,0,0.102625,0,32000,3284,0.102625,131072,3502,0.026718,0,0,3
239,host-16,2,0,14,2,0,0,0.094437,0,32000,3022,0.094437,131072,2261,0.017250,0,0,2
239,host-17,2,0,14,2,0,0,0.091344,0,32000,2923,0.091344,131072,2898,0.022110,0,0,2
239,host-18,2,0,14,2,0,0,0.113844,0,32000,3643,0.113844,131072,3582,0.027328,0,0,2
239,host-19,3,0,14,3,0,0,0.140656,0,32000,4501,0.140656,131072,3700,0.028229,0,0,3
239,host-2,2,0,14,2,0,0,0.098531,0,32000,3153,0.098531,131072,3810,0.029068,0,0,2
239,host-20,2,0,14,2,0,0,0.093875,0,32000,3004,0.093875,131072,3152,0.024048,0,0,2
239,host-21,2,0,14,2,0,0,0.099719,0,32000,3191,0.099719,131072,2302,0.017563,0,0,2
239,host-22,2,0,14,2,0,0,0.083500,0,32000,2672,0.083500,131072,2663,0.020317,0,0,2
239,host-23,2,0,14,2,0,0,0.108844,0,32000,3483,0.108844,131072,2931,0.022362,0,0,2
239,host-24,2,0,14,2,0,0,0.140281,0,32000,4489,0.140281,131072,5680,0.043335,0,0,2
239,host-3,1,0,14,1,0,0,0.058344,0,32000,1867,0.058344,131072,1188,0.009064,0,0,1
239,host-4,1,0,14,1,0,0,0.048469,0,32000,1551,0.048469,131072,2231,0.017021,0,0,1
239,host-5,3,0,14,3,0,0,0.089375,0,32000,2860,0.089375,131072,2344,0.017883,0,0,3
239,host-6,2,0,14,2,0,0,0.080375,0,32000,2572,0.080375,131072,2290,0.017471,0,0,2
239,host-7,2,0,14,2,0,0,0.106000,0,32000,3392,0.106000,131072,2490,0.018997,0,0,2
239,host-8,2,0,14,2,0,0,0.114344,0,32000,3659,0.114344,131072,3531,0.026939,0,0,2
239,host-9,2,0,14,2,0,0,0.110125,0,32000,3524,0.110125,131072,3614,0.027573,0,0,2
240,host-1,1,0,14,1,0,0,0.052750,0,32000,1688,0.052750,131072,1840,0.014038,0,0,1
240,host-10,1,0,14,1,0,0,0.062187,0,32000,1990,0.062187,131072,1877,0.014320,0,0,1
240,host-11,3,0,14,3,0,0,0.122469,0,32000,3919,0.122469,131072,4095,0.031242,0,0,3
240,host-12,2,0,14,2,0,0,0.064312,0,32000,2058,0.064312,131072,1953,0.014900,0,0,2
240,host-13,1,0,14,1,0,0,0.043344,0,32000,1387,0.043344,131072,874,0.006668,0,0,1
240,host-14,2,0,14,2,0,0,0.087188,0,32000,2790,0.087188,131072,2753,0.021004,0,0,2
240,host-15,3,0,14,3,0,0,0.102625,0,32000,3284,0.102625,131072,3502,0.026718,0,0,3
240,host-16,2,0,14,2,0,0,0.094437,0,32000,3022,0.094437,131072,2261,0.017250,0,0,2
240,host-17,1,0,14,1,0,0,0.061531,0,32000,1969,0.061531,131072,2257,0.017220,0,0,1
240,host-18,2,0,14,2,0,0,0.113844,0,32000,3643,0.113844,131072,3582,0.027328,0,0,2
240,host-19,3,0,14,3,0,0,0.140656,0,32000,4501,0.140656,131072,3700,0.028229,0,0,3
240,host-2,2,0,14,2,0,0,0.098531,0,32000,3153,0.098531,131072,3810,0.029068,0,0,2
240,host-20,2,0,14,2,0,0,0.093875,0,32000,3004,0.093875,131072,3152,0.024048,0,0,2
240,host-21,2,0,14,2,0,0,0.099719,0,32000,3191,0.099719,131072,2302,0.017563,0,0,2
240,host-22,2,0,14,2,0,0,0.083500,0,32000,2672,0.083500,131072,2663,0.020317,0,0,2
240,host-23,2,0,14,2,0,0,0.108844,0,32000,3483,0.108844,131072,2931,0.022362,0,0,2
240,host-24,2,0,14,2,0,0,0.140281,0,32000,4489,0.140281,131072,5680,0.043335,0,0,2
240,host-3,1,0,14,1,0,0,0.058344,0,32000,1867,0.058344,131072,1188,0.009064,0,0,1
240,host-4,1,0,14,1,0,0,0.048469,0,32000,1551,0.048469,131072,2231,0.017021,0,0,1
240,host-5,3,0,14,3,0,0,0.089375,0,32000,2860,0.089375,131072,2344,0.017883,0,0,3
240,host-6,2,0,14,2,0,0,0.080375,0,32000,2572,0.080375,131072,2290,0.017471,0,0,2
240,host-7,2,0,14,2,0,0,0.106000,0,32000,3392,0.106000,131072,2490,0.018997,0,0,2
240,host-8,2,0,14,2,0,0,0.114344,0,32000,3659,0.114344,131072,3531,0.026939,0,0,2
240,host-9,2,0,14,2,0,0,0.110125,0,32000,3524,0.110125,131072,3614,0.027573,0,0,2
241,host-1,1,0,14,1,0,0,0.052750,0,32000,1688,0.052750,131072,1840,0.014038,0,0,1
241,host-10,1,0,14,1,0,0,0.062187,0,32000,1990,0.062187,131072,1877,0.014320,0,0,1
241,host-11,3,0,14,3,0,0,0.122469,0,32000,3919,0.122469,131072,4095,0.031242,0,0,3
241,host-12,2,0,14,2,0,0,0.064312,0,32000,2058,0.064312,131072,1953,0.014900,0,0,2
241,host-13,1,0,14,1,0,0,0.043344,0,32000,1387,0.043344,131072,874,0.006668,0,0,1
241,host-14,2,0,14,2,0,0,0.087188,0,32000,2790,0.087188,131072,2753,0.021004,0,0,2
241,host-15,3,0,14,3,0,0,0.102625,0,32000,3284,0.102625,131072,3502,0.026718,0,0,3
241,host-16,2,0,14,2,0,0,0.094437,0,32000,3022,0.094437,131072,2261,0.017250,0,0,2
241,host-17,1,0,14,1,0,0,0.061531,0,32000,1969,0.061531,131072,2257,0.017220,0,0,1
241,host-18,2,0,14,2,0,0,0.113844,0,32000,3643,0.113844,131072,3582,0.027328,0,0,2
241,host-19,3,0,14,3,0,0,0.140656,0,32000,4501,0.140656,131072,3700,0.028229,0,0,3
241,host-2,2,0,14,2,0,0,0.098531,0,32000,3153,0.098531,131072,3810,0.029068,0,0,2
241,host-20,2,0,14,2,0,0,0.093875,0,32000,3004,0.093875,131072,3152,0.024048,0,0,2
241,host-21,2,0,14,2,0,0,0.099719,0,32000,3191,0.099719,131072,2302,0.017563,0,0,2
241,host-22,2,0,14,2,0,0,0.083500,0,32000,2672,0.083500,131072,2663,0.020317,0,0,2
241,host-23,2,0,14,2,0,0,0.108844,0,32000,3483,0.108844,131072,2931,0.022362,0,0,2
241,host-24,2,0,14,2,0,0,0.140281,0,32000,4489,0.140281,131072,5680,0.043335,0,0,2
241,host-3,1,0,14,1,0,0,0.058344,0,32000,1867,0.058344,131072,1188,0.009064,0,0,1
241,host-4,1,0,14,1,0,0,0.048469,0,32000,1551,0.048469,131072,2231,0.017021,0,0,1
241,host-5,3,0,14,3,0,0,0.089375,0,32000,2860,0.089375,131072,2344,0.017883,0,0,3
241,host-6,2,0,14,2,0,0,0.080375,0,32000,2572,0.080375,131072,2290,0.017471,0,0,2
241,host-7,2,0,14,2,0,0,0.106000,0,32000,3392,0.106000,131072,2490,0.018997,0,0,2
241,host-8,2,0,14,2,0,0,0.114344,0,32000,3659,0.114344,131072,3531,0.026939,0,0,2
241,host-9,2,0,14,2,0,0,0.110125,0,32000,3524,0.110125,131072,3614,0.027573,0,0,2
242,host-1,1,0,14,1,0,0,0.052750,0,32000,1688,0.052750,131072,1840,0.014038,0,0,1
242,host-10,1,0,14,1,0,0,0.062187,0,32000,1990,0.062187,131072,1877,0.014320,0,0,1
242,host-11,3,0,14,3,0,0,0.122469,0,32000,3919,0.122469,131072,4095,0.031242,0,0,3
242,host-12,2,0,14,2,0,0,0.064312,0,32000,2058,0.064312,131072,1953,0.014900,0,0,2
242,host-13,2,1,14,2,1,0,0.088125,0,32000,2820,0.088125,131072,2209,0.016853,1,0,1
242,host-14,2,0,14,2,0,0,0.087188,0,32000,2790,0.087188,131072,2753,0.021004,0,0,2
242,host-15,3,0,14,3,0,0,0.102625,0,32000,3284,0.102625,131072,3502,0.026718,0,0,3
242,host-16,2,0,14,2,0,0,0.094437,0,32000,3022,0.094437,131072,2261,0.017250,0,0,2
242,host-17,1,0,14,1,0,0,0.061531,0,32000,1969,0.061531,131072,2257,0.017220,0,0,1
242,host-18,2,0,14,2,0,0,0.113844,0,32000,3643,0.113844,131072,3582,0.027328,0,0,2
242,host-19,3,0,14,3,0,0,0.140656,0,32000,4501,0.140656,131072,3700,0.028229,0,0,3
242,host-2,2,0,14,2,0,0,0.098531,0,32000,3153,0.098531,131072,3810,0.029068,0,0,2
242,host-20,2,0,14,2,0,0,0.093875,0,32000,3004,0.093875,131072,3152,0.024048,0,0,2
242,host-21,2,0,14,2,0,0,0.099719,0,32000,3191,0.099719,131072,2302,0.017563,0,0,2
242,host-22,2,0,14,2,0,0,0.083500,0,32000,2672,0.083500,131072,2663,0.020317,0,0,2
242,host-23,2,0,14,2,0,0,0.108844,0,32000,3483,0.108844,131072,2931,0.022362,0,0,2
242,host-24,2,0,14,2,0,0,0.140281,0,32000,4489,0.140281,131072,5680,0.043335,0,0,2
242,host-3,0,0,14,0,0,0,0.000000,0,32000,0,0.000000,131072,0,0.000000,0,0,0
242,host-4,2,1,14,2,1,0,0.086813,0,32000,2778,0.086813,131072,3431,0.026176,1,0,1
242,host-5,3,0,14,3,0,0,0.089375,0,32000,2860,0.089375,131072,2344,0.017883,0,0,3
242,host-6,2,0,14,2,0,0,0.080375,0,32000,2572,0.080375,131072,2290,0.017471,0,0,2
242,host-7,2,0,14,2,0,0,0.106000,0,32000,3392,0.106000,131072,2490,0.018997,0,0,2
242,host-8,2,0,14,2,0,0,0.114344,0,32000,3659,0.114344,131072,3531,0.026939,0,0,2
242,host-9,2,0,14,2,0,0,0.110125,0,32000,3524,0.110125,131072,3614,0.027573,0,0,2
243,host-1,1,0,14,1,0,0,0.052750,0,32000,1688,0.052750,131072,1840,0.014038,0,0,1
243,host-10,1,0,14,1,0,0,0.062187,0,32000,1990,0.062187,131072,1877,0.014320,0,0,1
243,host-11,3,0,14,3,0,0,0.122469,0,32000,3919,0.122469,131072,4095,0.031242,0,0,3
243,host-12,2,0,14,2,0,0,0.064312,0,32000,2058,0.064312,131072,1953,0.014900,0,0,2
243,host-13,2,2,14,2,2,0,0.111312,0,32000,3562,0.111312,131072,3556,0.027130,1,1,0
243,host-14,2,0,14,2,0,0,0.087188,0,32000,2790,0.087188,131072,2753,0.021004,0,0,2
243,host-15,3,0,14,3,0,0,0.102625,0,32000,3284,0.102625,131072,3502,0.026718,0,0,3
243,host-16,2,0,14,2,0,0,0.094437,0,32000,3022,0.094437,131072,2261,0.017250,0,0,2
243,host-17,1,0,14,1,0,0,0.061531,0,32000,1969,0.061531,131072,2257,0.017220,0,0,1
243,host-18,2,0,14,2,0,0,0.113844,0,32000,3643,0.113844,131072,3582,0.027328,0,0,2
243,host-19,3,0,14,3,0,0,0.140656,0,32000,4501,0.140656,131072,3700,0.028229,0,0,3
243,host-2,2,0,14,2,0,0,0.098531,0,32000,3153,0.098531,131072,3810,0.029068,0,0,2
243,host-20,2,1,14,2,1,0,0.104219,0,32000,3335,0.104219,131072,3449,0.026314,1,0,1
243,host-21,2,0,14,2,0,0,0.099719,0,32000,3191,0.099719,131072,2302,0.017563,0,0,2
243,host-22,2,0,14,2,0,0,0.083500,0,32000,2672,0.083500,131072,2663,0.020317,0,0,2
243,host-23,2,0,14,2,0,0,0.108844,0,32000,3483,0.108844,131072,2931,0.022362,0,0,2
243,host-24,2,0,14,2,0,0,0.140281,0,32000,4489,0.140281,131072,5680,0.043335,0,0,2
243,host-3,1,1,14,1,1,0,0.073781,0,32000,2361,0.073781,131072,2606,0.019882,1,0,0
243,host-4,2,1,14,2,1,0,0.086813,0,32000,2778,0.086813,131072,3431,0.026176,1,0,1
243,host-5,3,0,14,3,0,0,0.089375,0,32000,2860,0.089375,131072,2344,0.017883,0,0,3
243,host-6,2,0,14,2,0,0,0.080375,0,32000,2572,0.080375,131072,2290,0.017471,0,0,2
243,host-7,2,0,14,2,0,0,0.106000,0,32000,3392,0.106000,131072,2490,0.018997,0,0,2
243,host-8,2,0,14,2,0,0,0.114344,0,32000,3659,0.114344,131072,3531,0.026939,0,0,2
243,host-9,2,0,14,2,0,0,0.110125,0,32000,3524,0.110125,131072,3614,0.027573,0,0,2
244,host-1,2,1,14,2,1,0,0.126531,0,32000,4049,0.126531,131072,4446,0.033920,1,0,1
244,host-10,1,0,14,1,0,0,0.062187,0,32000,1990,0.062187,131072,1877,0.014320,0,0,1
244,host-11,3,0,14,3,0,0,0.122469,0,32000,3919,0.122469,131072,4095,0.031242,0,0,3
244,host-12,2,0,14,2,0,0,0.064312,0,32000,2058,0.064312,131072,1953,0.014900,0,0,2
244,host-13,2,1,14,2,1,0,0.111312,0,32000,3562,0.111312,131072,3556,0.027130,1,0,1
244,host-14,2,0,14,2,0,0,0.087188,0,32000,2790,0.087188,131072,2753,0.021004,0,0,2
244,host-15,3,0,14,3,0,0,0.102625,0,32000,3284,0.102625,131072,3502,0.026718,0,0,3
244,host-16,2,0,14,2,0,0,0.094437,0,32000,3022,0.094437,131072,2261,0.017250,0,0,2
244,host-17,1,0,14,1,0,0,0.061531,0,32000,1969,0.061531,131072,2257,0.017220,0,0,1
244,host-18,2,0,14,2,0,0,0.113844,0,32000,3643,0.113844,131072,3582,0.027328,0,0,2
244,host-19,3,0,14,3,0,0,0.140656,0,32000,4501,0.140656,131072,3700,0.028229,0,0,3
244,host-2,2,0,14,2,0,0,0.098531,0,32000,3153,0.098531,131072,3810,0.029068,0,0,2
244,host-20,2,1,14,2,1,0,0.104219,0,32000,3335,0.104219,131072,3449,0.026314,1,0,1
244,host-21,2,0,14,2,0,0,0.099719,0,32000,3191,0.099719,131072,2302,0.017563,0,0,2
244,host-22,2,0,14,2,0,0,0.083500,0,32000,2672,0.083500,131072,2663,0.020317,0,0,2
244,host-23,2,0,14,2,0,0,0.108844,0,32000,3483,0.108844,131072,2931,0.022362,0,0,2
244,host-24,2,0,14,2,0,0,0.140281,0,32000,4489,0.140281,131072,5680,0.043335,0,0,2
244,host-3,1,1,14,1,1,0,0.073781,0,32000,2361,0.073781,131072,2606,0.019882,1,0,0
244,host-4,2,0,14,2,0,0,0.086813,0,32000,2778,0.086813,131072,3431,0.026176,0,0,2
244,host-5,3,0,14,3,0,0,0.089375,0,32000,2860,0.089375,131072,2344,0.017883,0,0,3
244,host-6,1,0,14,1,0,0,0.031844,0,32000,1019,0.031844,131072,563,0.004295,0,0,1
244,host-7,2,0,14,2,0,0,0.106000,0,32000,3392,0.106000,131072,2490,0.018997,0,0,2
244,host-8,2,0,14,2,0,0,0.114344,0,32000,3659,0.114344,131072,3531,0.026939,0,0,2
244,host-9,1,0,14,1,0,0,0.043750,0,32000,1400,0.043750,131072,1230,0.009384,0,0,1
245,host-1,2,1,14,2,1,0,0.126531,0,32000,4049,0.126531,131072,4446,0.033920,0,1,1
245,host-10,1,0,14,1,0,0,0.062187,0,32000,1990,0.062187,131072,1877,0.014320,0,0,1
245,host-11,3,0,14,3,0,0,0.122469,0,32000,3919,0.122469,131072,4095,0.031242,0,0,3
245,host-12,1,0,14,1,0,0,0.038344,0,32000,1227,0.038344,131072,904,0.006897,0,0,1
245,host-13,2,0,14,2,0,0,0.111312,0,32000,3562,0.111312,131072,3556,0.027130,0,0,2
245,host-14,2,0,14,2,0,0,0.087188,0,32000,2790,0.087188,131072,2753,0.021004,0,0,2
245,host-15,2,0,14,2,0,0,0.072219,0,32000,2311,0.072219,131072,1944,0.014832,0,0,2
245,host-16,2,0,14,2,0,0,0.094437,0,32000,3022,0.094437,131072,2261,0.017250,0,0,2
245,host-17,0,0,14,0,0,0,0.000000,0,32000,0,0.000000,131072,0,0.000000,0,0,0
245,host-18,2,0,14,2,0,0,0.113844,0,32000,3643,0.113844,131072,3582,0.027328,0,0,2
245,host-19,3,0,14,3,0,0,0.140656,0,32000,4501,0.140656,131072,3700,0.028229,0,0,3
245,host-2,2,0,14,2,0,0,0.098531,0,32000,3153,0.098531,131072,3810,0.029068,0,0,2
245,host-20,2,0,14,2,0,0,0.104219,0,32000,3335,0.104219,131072,3449,0.026314,0,0,2
245,host-21,2,0,14,2,0,0,0.099719,0,32000,3191,0.099719,131072,2302,0.017563,0,0,2
245,host-22,2,0,14,2,0,0,0.083500,0,32000,2672,0.083500,131072,2663,0.020317,0,0,2
245,host-23,1,0,14,1,0,0,0.050937,0,32000,1630,0.050937,131072,1533,0.011696,0,0,1
245,host-24,2,0,14,2,0,0,0.140281,0,32000,4489,0.140281,131072,5680,0.043335,0,0,2
245,host-3,1,0,14,1,0,0,0.073781,0,32000,2361,0.073781,131072,2606,0.019882,0,0,1
245,host-4,2,0,14,2,0,0,0.086813,0,32000,2778,0.086813,131072,3431,0.026176,0,0,2
245,host-5,3,0,14,3,0,0,0.089375,0,32000,2860,0.089375,131072,2344,0.017883,0,0,3
245,host-6,1,1,14,1,1,0,0.075969,0,32000,2431,0.075969,131072,2920,0.022278,1,0,0
245,host-7,2,0,14,2,0,0,0.106000,0,32000,3392,0.106000,131072,2490,0.018997,0,0,2
245,host-8,1,0,14,1,0,0,0.057906,0,32000,1853,0.057906,131072,1407,0.010735,0,0,1
245,host-9,1,0,14,1,0,0,0.043750,0,32000,1400,0.043750,131072,1230,0.009384,0,0,1
246,host-1,2,0,14,2,0,0,0.126531,0,32000,4049,0.126531,131072,4446,0.033920,0,0,2
246,host-10,1,0,14,1,0,0,0.062187,0,32000,1990,0.062187,131072,1877,0.014320,0,0,1
246,host-11,2,0,14,2,0,0,0.092906,0,32000,2973,0.092906,131072,3080,0.023499,0,0,2
246,host-12,2,1,14,2,1,0,0.082812,0,32000,2650,0.082812,131072,2822,0.021530,1,0,1
246,host-13,2,0,14,2,0,0,0.111312,0,32000,3562,0.111312,131072,3556,0.027130,0,0,2
246,host-14,2,0,14,2,0,0,0.087188,0,32000,2790,0.087188,131072,2753,0.021004,0,0,2
246,host-15,2,0,14,2,0,0,0.072219,0,32000,2311,0.072219,131072,1944,0.014832,0,0,2
246,host-16,2,0,14,2,0,0,0.094437,0,32000,3022,0.094437,131072,2261,0.017250,0,0,2
246,host-17,2,2,14,2,2,0,0.105875,0,32000,3388,0.105875,131072,3794,0.028946,2,0,0
246,host-18,1,0,14,1,0,0,0.070531,0,32000,2257,0.070531,131072,2413,0.018410,0,0,1
246,host-19,3,0,14,3,0,0,0.140656,0,32000,4501,0.140656,131072,3700,0.028229,0,0,3
246,host-2,2,0,14,2,0,0,0.098531,0,32000,3153,0.098531,131072,3810,0.029068,0,0,2
246,host-20,1,0,14,1,0,0,0.059625,0,32000,1908,0.059625,131072,2224,0.016968,0,0,1
246,host-21,2,0,14,2,0,0,0.099719,0,32000,3191,0.099719,131072,2302,0.017563,0,0,2
246,host-22,2,0,14,2,0,0,0.083500,0,32000,2672,0.083500,131072,2663,0.020317,0,0,2
246,host-23,1,0,14,1,0,0,0.050937,0,32000,1630,0.050937,131072,1533,0.011696,0,0,1
246,host-24,1,0,14,1,0,0,0.068125,0,32000,2180,0.068125,131072,2731,0.020836,0,0,1
246,host-3,1,0,14,1,0,0,0.073781,0,32000,2361,0.073781,131072,2606,0.019882,0,0,1
246,host-4,2,0,14,2,0,0,0.086813,0,32000,2778,0.086813,131072,3431,0.026176,0,0,2
246,host-5,3,0,14,3,0,0,0.089375,0,32000,2860,0.089375,131072,2344,0.017883,0,0,3
246,host-6,1,1,14,1,1,0,0.075969,0,32000,2431,0.075969,131072,2920,0.022278,0,1,0
246,host-7,1,0,14,1,0,0,0.054562,0,32000,1746,0.054562,131072,1249,0.009529,0,0,1
246,host-8,1,0,14,1,0,0,0.057906,0,32000,1853,0.057906,131072,1407,0.010735,0,0,1
246,host-9,1,1,14,1,1,0,0.062812,0,32000,2010,0.062812,131072,2414,0.018417,1,0,0
247,host-1,2,0,14,2,0,0,0.126531,0,32000,4049,0.126531,131072,4446,0.033920,0,0,2
247,host-10,1,0,14,1,0,0,0.062187,0,32000,1990,0.062187,131072,1877,0.014320,0,0,1
247,host-11,2,0,14,2,0,0,0.092906,0,32000,2973,0.092906,131072,3080,0.023499,0,0,2
247,host-12,2,0,14,2,0,0,0.082812,0,32000,2650,0.082812,131072,2822,0.021530,0,0,2
247,host-13,2,0,14,2,0,0,0.111312,0,32000,3562,0.111312,131072,3556,0.027130,0,0,2
247,host-14,2,0,14,2,0,0,0.087188,0,32000,2790,0.087188,131072,2753,0.021004,0,0,2
247,host-15,2,0,14,2,0,0,0.072219,0,32000,2311,0.072219,131072,1944,0.014832,0,0,2
247,host-16,2,0,14,2,0,0,0.094437,0,32000,3022,0.094437,131072,2261,0.017250,0,0,2
247,host-17,2,2,14,2,2,0,0.105875,0,32000,3388,0.105875,131072,3794,0.028946,2,0,0
247,host-18,1,0,14,1,0,0,0.070531,0,32000,2257,0.070531,131072,2413,0.018410,0,0,1
247,host-19,3,0,14,3,0,0,0.140656,0,32000,4501,0.140656,131072,3700,0.028229,0,0,3
247,host-2,2,0,14,2,0,0,0.098531,0,32000,3153,0.098531,131072,3810,0.029068,0,0,2
247,host-20,1,0,14,1,0,0,0.059625,0,32000,1908,0.059625,131072,2224,0.016968,0,0,1
247,host-21,2,0,14,2,0,0,0.099719,0,32000,3191,0.099719,131072,2302,0.017563,0,0,2
247,host-22,2,0,14,2,0,0,0.083500,0,32000,2672,0.083500,131072,2663,0.020317,0,0,2
247,host-23,2,1,14,2,1,0,0.113750,0,32000,3640,0.113750,131072,3947,0.030113,1,0,1
247,host-24,1,0,14,1,0,0,0.068125,0,32000,2180,0.068125,131072,2731,0.020836,0,0,1
247,host-3,1,0,14,1,0,0,0.073781,0,32000,2361,0.073781,131072,2606,0.019882,0,0,1
247,host-4,1,0,14,1,0,0,0.038344,0,32000,1227,0.038344,131072,1200,0.009155,0,0,1
247,host-5,3,0,14,3,0,0,0.089375,0,32000,2860,0.089375,131072,2344,0.017883,0,0,3
247,host-6,1,0,14,1,0,0,0.075969,0,32000,2431,0.075969,131072,2920,0.022278,0,0,1
247,host-7,1,0,14,1,0,0,0.054562,0,32000,1746,0.054562,131072,1249,0.009529,0,0,1
247,host-8,1,0,14,1,0,0,0.057906,0,32000,1853,0.057906,131072,1407,0.010735,0,0,1
247,host-9,1,1,14,1,1,0,0.062812,0,32000,2010,0.062812,131072,2414,0.018417,1,0,0
248,host-1,2,0,14,2,0,0,0.126531,0,32000,4049,0.126531,131072,4446,0.033920,0,0,2
248,host-10,0,0,14,0,0,0,0.000000,0,32000,0,0.000000,131072,0,0.000000,0,0,0
248,host-11,2,0,14,2,0,0,0.092906,0,32000,2973,0.092906,131072,3080,0.023499,0,0,2
248,host-12,2,0,14,2,0,0,0.082812,0,32000,2650,0.082812,131072,2822,0.021530,0,0,2
248,host-13,2,0,14,2,0,0,0.111312,0,32000,3562,0.111312,131072,3556,0.027130,0,0,2
248,host-14,2,0,14,2,0,0,0.087188,0,32000,2790,0.087188,131072,2753,0.021004,0,0,2
248,host-15,2,0,14,2,0,0,0.072219,0,32000,2311,0.072219,131072,1944,0.014832,0,0,2
248,host-16,2,0,14,2,0,0,0.094437,0,32000,3022,0.094437,131072,2261,0.017250,0,0,2
248,host-17,2,1,14,2,1,0,0.105875,0,32000,3388,0.105875,131072,3794,0.028946,0,1,1
248,host-18,1,0,14,1,0,0,0.070531,0,32000,2257,0.070531,131072,2413,0.018410,0,0,1
248,host-19,3,0,14,3,0,0,0.140656,0,32000,4501,0.140656,131072,3700,0.028229,0,0,3
248,host-2,2,0,14,2,0,0,0.098531,0,32000,3153,0.098531,131072,3810,0.029068,0,0,2
248,host-20,1,0,14,1,0,0,0.059625,0,32000,1908,0.059625,131072,2224,0.016968,0,0,1
248,host-21,2,0,14,2,0,0,0.099719,0,32000,3191,0.099719,131072,2302,0.017563,0,0,2
248,host-22,2,0,14,2,0,0,0.083500,0,32000,2672,0.083500,131072,2663,0.020317,0,0,2
248,host-23,2,0,14,2,0,0,0.113750,0,32000,3640,0.113750,131072,3947,0.030113,0,0,2
248,host-24,1,0,14,1,0,0,0.068125,0,32000,2180,0.068125,131072,2731,0.020836,0,0,1
248,host-3,1,0,14,1,0,0,0.073781,0,32000,2361,0.073781,131072,2606,0.019882,0,0,1
248,host-4,1,0,14,1,0,0,0.038344,0,32000,1227,0.038344,131072,1200,0.009155,0,0,1
248,host-5,3,0,14,3,0,0,0.089375,0,32000,2860,0.089375,131072,2344,0.017883,0,0,3
248,host-6,1,0,14,1,0,0,0.075969,0,32000,2431,0.075969,131072,2920,0.022278,0,0,1
248,host-7,1,0,14,1,0,0,0.054562,0,32000,1746,0.054562,131072,1249,0.009529,0,0,1
248,host-8,1,0,14,1,0,0,0.057906,0,32000,1853,0.057906,131072,1407,0.010735,0,0,1
248,host-9,1,0,14,1,0,0,0.062812,0,32000,2010,0.062812,131072,2414,0.018417,0,0,1
249,host-1,2,0,14,2,0,0,0.126531,0,32000,4049,0.126531,131072,4446,0.033920,0,0,2
249,host-10,1,1,14,1,1,0,0.066375,0,32000,2124,0.066375,131072,2384,0.018188,1,0,0
249,host-11,2,1,14,2,1,0,0.097844,0,32000,3131,0.097844,131072,3097,0.023628,1,0,1
249,host-12,2,0,14,2,0,0,0.082812,0,32000,2650,0.082812,131072,2822,0.021530,0,0,2
249,host-13,2,0,14,2,0,0,0.111312,0,32000,3562,0.111312,131072,3556,0.027130,0,0,2
249,host-14,2,0,14,2,0,0,0.087188,0,32000,2790,0.087188,131072,2753,0.021004,0,0,2
249,host-15,2,0,14,2,0,0,0.072219,0,32000,2311,0.072219,131072,1944,0.014832,0,0,2
249,host-16,2,1,14,2,1,0,0.096250,0,32000,3080,0.096250,131072,2302,0.017563,1,0,1
249,host-17,2,1,14,2,1,0,0.105875,0,32000,3388,0.105875,131072,3794,0.028946,0,1,1
249,host-18,1,0,14,1,0,0,0.070531,0,32000,2257,0.070531,131072,2413,0.018410,0,0,1
249,host-19,3,0,14,3,0,0,0.140656,0,32000,4501,0.140656,131072,3700,0.028229,0,0,3
249,host-2,2,0,14,2,0,0,0.098531,0,32000,3153,0.098531,131072,3810,0.029068,0,0,2
249,host-20,1,0,14,1,0,0,0.059625,0,32000,1908,0.059625,131072,2224,0.016968,0,0,1
249,host-21,2,0,14,2,0,0,0.099719,0,32000,3191,0.099719,131072,2302,0.017563,0,0,2
249,host-22,2,0,14,2,0,0,0.083500,0,32000,2672,0.083500,131072,2663,0.020317,0,0,2
249,host-23,2,0,14,2,0,0,0.113750,0,32000,3640,0.113750,131072,3947,0.030113,0,0,2
249,host-24,1,0,14,1,0,0,0.068125,0,32000,2180,0.068125,131072,2731,0.020836,0,0,1
249,host-3,1,0,14,1,0,0,0.073781,0,32000,2361,0.073781,131072,2606,0.019882,0,0,1
249,host-4,2,1,14,2,1,0,0.082094,0,32000,2627,0.082094,131072,2430,0.018539,1,0,1
249,host-5,3,0,14,3,0,0,0.089375,0,32000,2860,0.089375,131072,2344,0.017883,0,0,3
249,host-6,1,0,14,1,0,0,0.075969,0,32000,2431,0.075969,131072,2920,0.022278,0,0,1
249,host-7,2,1,14,2,1,0,0.116750,0,32000,3736,0.116750,131072,3126,0.023849,1,0,1
249,host-8,1,0,14,1,0,0,0.057906,0,32000,1853,0.057906,131072,1407,0.010735,0,0,1
249,host-9,1,0,14,1,0,0,0.062812,0,32000,2010,0.062812,131072,2414,0.018417,0,0,1
250,host-1,1,0,14,1,0,0,0.073781,0,32000,2361,0.073781,131072,2606,0.019882,0,0,1
250,host-10,1,0,14,1,0,0,0.066375,0,32000,2124,0.066375,131072,2384,0.018188,0,0,1
250,host-11,2,0,14,2,0,0,0.097844,0,32000,3131,0.097844,131072,3097,0.023628,0,0,2
250,host-12,2,0,14,2,0,0,0.082812,0,32000,2650,0.082812,131072,2822,0.021530,0,0,2
250,host-13,2,0,14,2,0,0,0.111312,0,32000,3562,0.111312,131072,3556,0.027130,0,0,2
250,host-14,2,0,14,2,0,0,0.087188,0,32000,2790,0.087188,131072,2753,0.021004,0,0,2
250,host-15,2,0,14,2,0,0,0.072219,0,32000,2311,0.072219,131072,1944,0.014832,0,0,2
250,host-16,2,0,14,2,0,0,0.096250,0,32000,3080,0.096250,131072,2302,0.017563,0,0,2
250,host-17,2,0,14,2,0,0,0.105875,0,32000,3388,0.105875,131072,3794,0.028946,0,0,2
250,host-18,1,0,14,1,0,0,0.070531,0,32000,2257,0.070531,131072,2413,0.018410,0,0,1
250,host-19,3,0,14,3,0,0,0.140656,0,32000,4501,0.140656,131072,3700,0.028229,0,0,3
250,host-2,1,0,14,1,0,0,0.044000,0,32000,1408,0.044000,131072,1882,0.014359,0,0,1
250,host-20,2,1,14,2,1,0,0.104125,0,32000,3332,0.104125,131072,3372,0.025726,1,0,1
250,host-21,2,0,14,2,0,0,0.099719,0,32000,3191,0.099719,131072,2302,0.017563,0,0,2
250,host-22,1,0,14,1,0,0,0.040375,0,32000,1292,0.040375,131072,1414,0.010788,0,0,1
250,host-23,2,0,14,2,0,0,0.113750,0,32000,3640,0.113750,131072,3947,0.030113,0,0,2
250,host-24,1,0,14,1,0,0,0.068125,0,32000,2180,0.068125,131072,2731,0.020836,0,0,1
250,host-3,1,0,14,1,0,0,0.073781,0,32000,2361,0.073781,131072,2606,0.019882,0,0,1
250,host-4,2,0,14,2,0,0,0.082094,0,32000,2627,0.082094,131072,2430,0.018539,0,0,2
250,host-5,3,0,14,3,0,0,0.089375,0,32000,2860,0.089375,131072,2344,0.017883,0,0,3
250,host-6,1,0,14,1,0,0,0.075969,0,32000,2431,0.075969,131072,2920,0.022278,0,0,1
250,host-7,2,0,14,2,0,0,0.116750,0,32000,3736,0.116750,131072,3126,0.023849,0,0,2
250,host-8,2,1,14,2,1,0,0.103375,0,32000,3308,0.103375,131072,2810,0.021439,1,0,1
250,host-9,1,0,14,1,0,0,0.062812,0,32000,2010,0.062812,131072,2414,0.018417,0,0,1
251,host-1,1,0,14,1,0,0,0.073781,0,32000,2361,0.073781,131072,2606,0.019882,0,0,1
251,host-10,1,0,14,1,0,0,0.066375,0,32000,2124,0.066375,131072,2384,0.018188,0,0,1
251,host-11,1,0,14,1,0,0,0.043312,0,32000,1386,0.043312,131072,1169,0.008919,0,0,1
251,host-12,2,0,14,2,0,0,0.082812,0,32000,2650,0.082812,131072,2822,0.021530,0,0,2
251,host-13,2,0,14,2,0,0,0.111312,0,32000,3562,0.111312,131072,3556,0.027130,0,0,2
251,host-14,2,0,14,2,0,0,0.087188,0,32000,2790,0.087188,131072,2753,0.021004,0,0,2
251,host-15,2,0,14,2,0,0,0.072219,0,32000,2311,0.072219,131072,1944,0.014832,0,0,2
251,host-16,2,0,14,2,0,0,0.096250,0,32000,3080,0.096250,131072,2302,0.017563,0,0,2
251,host-17,2,0,14,2,0,0,0.105875,0,32000,3388,0.105875,131072,3794,0.028946,0,0,2
251,host-18,1,0,14,1,0,0,0.070531,0,32000,2257,0.070531,131072,2413,0.018410,0,0,1
251,host-19,3,0,14,3,0,0,0.140656,0,32000,4501,0.140656,131072,3700,0.028229,0,0,3
251,host-2,2,1,14,2,1,0,0.092375,0,32000,2956,0.092375,131072,2925,0.022316,1,0,1
251,host-20,2,0,14,2,0,0,0.104125,0,32000,3332,0.104125,131072,3372,0.025726,0,0,2
251,host-21,2,0,14,2,0,0,0.099719,0,32000,3191,0.099719,131072,2302,0.017563,0,0,2
251,host-22,2,1,14,2,1,0,0.070187,0,32000,2246,0.070187,131072,2055,0.015678,1,0,1
251,host-23,2,0,14,2,0,0,0.113750,0,32000,3640,0.113750,131072,3947,0.030113,0,0,2
251,host-24,1,0,14,1,0,0,0.068125,0,32000,2180,0.068125,131072,2731,0.020836,0,0,1
251,host-3,1,0,14,1,0,0,0.073781,0,32000,2361,0.073781,131072,2606,0.019882,0,0,1
251,host-4,2,0,14,2,0,0,0.082094,0,32000,2627,0.082094,131072,2430,0.018539,0,0,2
251,host-5,3,0,14,3,0,0,0.089375,0,32000,2860,0.089375,131072,2344,0.017883,0,0,3
251,host-6,1,0,14,1,0,0,0.075969,0,32000,2431,0.075969,131072,2920,0.022278,0,0,1
251,host-7,2,0,14,2,0,0,0.116750,0,32000,3736,0.116750,131072,3126,0.023849,0,0,2
251,host-8,2,0,14,2,0,0,0.103375,0,32000,3308,0.103375,131072,2810,0.021439,0,0,2
251,host-9,1,0,14,1,0,0,0.062812,0,32000,2010,0.062812,131072,2414,0.018417,0,0,1
252,host-1,1,0,14,1,0,0,0.073781,0,32000,2361,0.073781,131072,2606,0.019882,0,0,1
252,host-10,1,0,14,1,0,0,0.066375,0,32000,2124,0.066375,131072,2384,0.018188,0,0,1
252,host-11,1,0,14,1,0,0,0.043312,0,32000,1386,0.043312,131072,1169,0.008919,0,0,1
252,host-12,2,0,14,2,0,0,0.082812,0,32000,2650,0.082812,131072,2822,0.021530,0,0,2
252,host-13,2,0,14,2,0,0,0.111312,0,32000,3562,0.111312,131072,3556,0.027130,0,0,2
252,host-14,2,0,14,2,0,0,0.087188,0,32000,2790,0.087188,131072,2753,0.021004,0,0,2
252,host-15,2,1,14,2,1,0,0.090688,0,32000,2902,0.090688,131072,3759,0.028679,1,0,1
252,host-16,2,0,14,2,0,0,0.096250,0,32000,3080,0.096250,131072,2302,0.017563,0,0,2
252,host-17,2,0,14,2,0,0,0.105875,0,32000,3388,0.105875,131072,3794,0.028946,0,0,2
252,host-18,1,1,14,1,1,0,0.045187,0,32000,1446,0.045187,131072,1444,0.011017,1,0,0
252,host-19,3,0,14,3,0,0,0.140656,0,32000,4501,0.140656,131072,3700,0.028229,0,0,3
252,host-2,1,1,14,1,1,0,0.048375,0,32000,1548,0.048375,131072,1043,0.007957,1,0,0
252,host-20,2,0,14,2,0,0,0.104125,0,32000,3332,0.104125,131072,3372,0.025726,0,0,2
252,host-21,2,0,14,2,0,0,0.099719,0,32000,3191,0.099719,131072,2302,0.017563,0,0,2
252,host-22,2,1,14,2,1,0,0.070187,0,32000,2246,0.070187,131072,2055,0.015678,1,0,1
252,host-23,2,0,14,2,0,0,0.113750,0,32000,3640,0.113750,131072,3947,0.030113,0,0,2
252,host-24,1,0,14,1,0,0,0.068125,0,32000,2180,0.068125,131072,2731,0.020836,0,0,1
252,host-3,1,0,14,1,0,0,0.073781,0,32000,2361,0.073781,131072,2606,0.019882,0,0,1
252,host-4,2,0,14,2,0,0,0.082094,0,32000,2627,0.082094,131072,2430,0.018539,0,0,2
252,host-5,3,0,14,3,0,0,0.089375,0,32000,2860,0.089375,131072,2344,0.017883,0,0,3
252,host-6,1,0,14,1,0,0,0.075969,0,32000,2431,0.075969,131072,2920,0.022278,0,0,1
252,host-7,2,0,14,2,0,0,0.116750,0,32000,3736,0.116750,131072,3126,0.023849,0,0,2
252,host-8,2,0,14,2,0,0,0.103375,0,32000,3308,0.103375,131072,2810,0.021439,0,0,2
252,host-9,1,0,14,1,0,0,0.062812,0,32000,2010,0.062812,131072,2414,0.018417,0,0,1
253,host-1,1,0,14,1,0,0,0.073781,0,32000,2361,0.073781,131072,2606,0.019882,0,0,1
253,host-10,1,0,14,1,0,0,0.066375,0,32000,2124,0.066375,131072,2384,0.018188,0,0,1
253,host-11,2,1,14,2,1,0,0.088500,0,32000,2832,0.088500,131072,2613,0.019936,1,0,1
253,host-12,2,0,14,2,0,0,0.082812,0,32000,2650,0.082812,131072,2822,0.021530,0,0,2
253,host-13,2,0,14,2,0,0,0.111312,0,32000,3562,0.111312,131072,3556,0.027130,0,0,2
253,host-14,1,0,14,1,0,0,0.050812,0,32000,1626,0.050812,131072,1583,0.012077,0,0,1
253,host-15,2,0,14,2,0,0,0.090688,0,32000,2902,0.090688,131072,3759,0.028679,0,0,2
253,host-16,2,0,14,2,0,0,0.096250,0,32000,3080,0.096250,131072,2302,0.017563,0,0,2
253,host-17,2,0,14,2,0,0,0.105875,0,32000,3388,0.105875,131072,3794,0.028946,0,0,2
253,host-18,1,0,14,1,0,0,0.045187,0,32000,1446,0.045187,131072,1444,0.011017,0,0,1
253,host-19,2,0,14,2,0,0,0.070125,0,32000,2244,0.070125,131072,1287,0.009819,0,0,2
253,host-2,1,0,14,1,0,0,0.048375,0,32000,1548,0.048375,131072,1043,0.007957,0,0,1
253,host-20,2,0,14,2,0,0,0.104125,0,32000,3332,0.104125,131072,3372,0.025726,0,0,2
253,host-21,2,0,14,2,0,0,0.099719,0,32000,3191,0.099719,131072,2302,0.017563,0,0,2
253,host-22,1,0,14,1,0,0,0.029812,0,32000,954,0.029812,131072,641,0.004890,0,0,1
253,host-23,2,0,14,2,0,0,0.113750,0,32000,3640,0.113750,131072,3947,0.030113,0,0,2
253,host-24,1,0,14,1,0,0,0.068125,0,32000,2180,0.068125,131072,2731,0.020836,0,0,1
253,host-3,1,0,14,1,0,0,0.073781,0,32000,2361,0.073781,131072,2606,0.019882,0,0,1
253,host-4,2,0,14,2,0,0,0.082094,0,32000,2627,0.082094,131072,2430,0.018539,0,0,2
253,host-5,2,0,14,2,0,0,0.055563,0,32000,1778,0.055563,131072,1044,0.007965,0,0,2
253,host-6,1,0,14,1,0,0,0.075969,0,32000,2431,0.075969,131072,2920,0.022278,0,0,1
253,host-7,2,0,14,2,0,0,0.116750,0,32000,3736,0.116750,131072,3126,0.023849,0,0,2
253,host-8,2,0,14,2,0,0,0.103375,0,32000,3308,0.103375,131072,2810,0.021439,0,0,2
253,host-9,1,0,14,1,0,0,0.062812,0,32000,2010,0.062812,131072,2414,0.018417,0,0,1
254,host-1,1,0,14,1,0,0,0.073781,0,32000,2361,0.073781,131072,2606,0.019882,0,0,1
254,host-10,1,0,14,1,0,0,0.066375,0,32000,2124,0.066375,131072,2384,0.018188,0,0,1
254,host-11,2,0,14,2,0,0,0.088500,0,32000,2832,0.088500,131072,2613,0.019936,0,0,2
254,host-12,2,0,14,2,0,0,0.082812,0,32000,2650,0.082812,131072,2822,0.021530,0,0,2
254,host-13,2,0,14,2,0,0,0.111312,0,32000,3562,0.111312,131072,3556,0.027130,0,0,2
254,host-14,1,0,14,1,0,0,0.050812,0,32000,1626,0.050812,131072,1583,0.012077,0,0,1
254,host-15,2,0,14,2,0,0,0.090688,0,32000,2902,0.090688,131072,3759,0.028679,0,0,2
254,host-16,2,0,14,2,0,0,0.096250,0,32000,3080,0.096250,131072,2302,0.017563,0,0,2
254,host-17,2,0,14,2,0,0,0.105875,0,32000,3388,0.105875,131072,3794,0.028946,0,0,2
254,host-18,1,0,14,1,0,0,0.045187,0,32000,1446,0.045187,131072,1444,0.011017,0,0,1
254,host-19,1,0,14,1,0,0,0.044875,0,32000,1436,0.044875,131072,813,0.006203,0,0,1
254,host-2,1,0,14,1,0,0,0.048375,0,32000,1548,0.048375,131072,1043,0.007957,0,0,1
254,host-20,2,0,14,2,0,0,0.104125,0,32000,3332,0.104125,131072,3372,0.025726,0,0,2
254,host-21,1,0,14,1,0,0,0.058344,0,32000,1867,0.058344,131072,1188,0.009064,0,0,1
254,host-22,2,1,14,2,1,0,0.100531,0,32000,3217,0.100531,131072,3221,0.024574,1,0,1
254,host-23,2,0,14,2,0,0,0.113750,0,32000,3640,0.113750,131072,3947,0.030113,0,0,2
254,host-24,0,0,14,0,0,0,0.000000,0,32000,0,0.000000,131072,0,0.000000,0,0,0
254,host-3,1,0,14,1,0,0,0.073781,0,32000,2361,0.073781,131072,2606,0.019882,0,0,1
254,host-4,2,0,14,2,0,0,0.082094,0,32000,2627,0.082094,131072,2430,0.018539,0,0,2
254,host-5,2,0,14,2,0,0,0.055563,0,32000,1778,0.055563,131072,1044,0.007965,0,0,2
254,host-6,1,0,14,1,0,0,0.075969,0,32000,2431,0.075969,131072,2920,0.022278,0,0,1
254,host-7,2,0,14,2,0,0,0.116750,0,32000,3736,0.116750,131072,3126,0.023849,0,0,2
254,host-8,1,0,14,1,0,0,0.045469,0,32000,1455,0.045469,131072,1403,0.010704,0,0,1
254,host-9,1,0,14,1,0,0,0.062812,0,32000,2010,0.062812,131072,2414,0.018417,0,0,1
255,host-1,1,0,14,1,0,0,0.073781,0,32000,2361,0.073781,131072,2606,0.019882,0,0,1
255,host-10,1,0,14,1,0,0,0.066375,0,32000,2124,0.066375,131072,2384,0.018188,0,0,1
255,host-11,2,0,14,2,0,0,0.088500,0,32000,2832,0.088500,131072,2613,0.019936,0,0,2
255,host-12,2,0,14,2,0,0,0.082812,0,32000,2650,0.082812,131072,2822,0.021530,0,0,2
255,host-13,2,0,14,2,0,0,0.111312,0,32000,3562,0.111312,131072,3556,0.027130,0,0,2
255,host-14,1,1,14,1,1,0,0.077219,0,32000,2471,0.077219,131072,2298,0.017532,1,0,0
255,host-15,1,0,14,1,0,0,0.064062,0,32000,2050,0.064062,131072,2686,0.020493,0,0,1
255,host-16,2,0,14,2,0,0,0.096250,0,32000,3080,0.096250,131072,2302,0.017563,0,0,2
255,host-17,2,0,14,2,0,0,0.105875,0,32000,3388,0.105875,131072,3794,0.028946,0,0,2
255,host-18,2,1,14,2,1,0,0.096000,0,32000,3072,0.096000,131072,3027,0.023094,1,0,1
255,host-19,2,1,14,2,1,0,0.097437,0,32000,3118,0.097437,131072,2566,0.019577,1,0,1
255,host-2,1,0,14,1,0,0,0.048375,0,32000,1548,0.048375,131072,1043,0.007957,0,0,1
255,host-20,2,0,14,2,0,0,0.104125,0,32000,3332,0.104125,131072,3372,0.025726,0,0,2
255,host-21,1,0,14,1,0,0,0.058344,0,32000,1867,0.058344,131072,1188,0.009064,0,0,1
255,host-22,2,0,14,2,0,0,0.100531,0,32000,3217,0.100531,131072,3221,0.024574,0,0,2
255,host-23,2,0,14,2,0,0,0.113750,0,32000,3640,0.113750,131072,3947,0.030113,0,0,2
255,host-24,2,2,14,2,2,0,0.085469,0,32000,2735,0.085469,131072,2251,0.017174,2,0,0
255,host-3,1,0,14,1,0,0,0.073781,0,32000,2361,0.073781,131072,2606,0.019882,0,0,1
255,host-4,2,0,14,2,0,0,0.082094,0,32000,2627,0.082094,131072,2430,0.018539,0,0,2
255,host-5,2,0,14,2,0,0,0.055563,0,32000,1778,0.055563,131072,1044,0.007965,0,0,2
255,host-6,1,0,14,1,0,0,0.075969,0,32000,2431,0.075969,131072,2920,0.022278,0,0,1
255,host-7,2,0,14,2,0,0,0.116750,0,32000,3736,0.116750,131072,3126,0.023849,0,0,2
255,host-8,2,1,14,2,1,0,0.081937,0,32000,2622,0.081937,131072,2768,0.021118,1,0,1
255,host-9,1,0,14,1,0,0,0.062812,0,32000,2010,0.062812,131072,2414,0.018417,0,0,1
256,host-1,1,0,14,1,0,0,0.073781,0,32000,2361,0.073781,131072,2606,0.019882,0,0,1
256,host-10,1,0,14,1,0,0,0.066375,0,32000,2124,0.066375,131072,2384,0.018188,0,0,1
256,host-11,2,0,14,2,0,0,0.088500,0,32000,2832,0.088500,131072,2613,0.019936,0,0,2
256,host-12,2,0,14,2,0,0,0.082812,0,32000,2650,0.082812,131072,2822,0.021530,0,0,2
256,host-13,2,0,14,2,0,0,0.111312,0,32000,3562,0.111312,131072,3556,0.027130,0,0,2
256,host-14,1,0,14,1,0,0,0.077219,0,32000,2471,0.077219,131072,2298,0.017532,0,0,1
256,host-15,1,0,14,1,0,0,0.064062,0,32000,2050,0.064062,131072,2686,0.020493,0,0,1
256,host-16,1,0,14,1,0,0,0.057906,0,32000,1853,0.057906,131072,1398,0.010666,0,0,1
256,host-17,2,0,14,2,0,0,0.105875,0,32000,3388,0.105875,131072,3794,0.028946,0,0,2
256,host-18,2,1,14,2,1,0,0.096000,0,32000,3072,0.096000,131072,3027,0.023094,1,0,1
256,host-19,2,0,14,2,0,0,0.097437,0,32000,3118,0.097437,131072,2566,0.019577,0,0,2
256,host-2,1,0,14,1,0,0,0.048375,0,32000,1548,0.048375,131072,1043,0.007957,0,0,1
256,host-20,2,0,14,2,0,0,0.104125,0,32000,3332,0.104125,131072,3372,0.025726,0,0,2
256,host-21,1,0,14,1,0,0,0.058344,0,32000,1867,0.058344,131072,1188,0.009064,0,0,1
256,host-22,2,0,14,2,0,0,0.100531,0,32000,3217,0.100531,131072,3221,0.024574,0,0,2
256,host-23,1,0,14,1,0,0,0.062812,0,32000,2010,0.062812,131072,2414,0.018417,0,0,1
256,host-24,2,2,14,2,2,0,0.085469,0,32000,2735,0.085469,131072,2251,0.017174,1,1,0
256,host-3,1,0,14,1,0,0,0.073781,0,32000,2361,0.073781,131072,2606,0.019882,0,0,1
256,host-4,2,0,14,2,0,0,0.082094,0,32000,2627,0.082094,131072,2430,0.018539,0,0,2
256,host-5,0,0,14,0,0,0,0.000000,0,32000,0,0.000000,131072,0,0.000000,0,0,0
256,host-6,1,0,14,1,0,0,0.075969,0,32000,2431,0.075969,131072,2920,0.022278,0,0,1
256,host-7,2,0,14,2,0,0,0.116750,0,32000,3736,0.116750,131072,3126,0.023849,0,0,2
256,host-8,2,0,14,2,0,0,0.081937,0,32000,2622,0.081937,131072,2768,0.021118,0,0,2
256,host-9,1,0,14,1,0,0,0.062812,0,32000,2010,0.062812,131072,2414,0.018417,0,0,1
257,host-1,1,0,14,1,0,0,0.073781,0,32000,2361,0.073781,131072,2606,0.019882,0,0,1
257,host-10,1,0,14,1,0,0,0.066375,0,32000,2124,0.066375,131072,2384,0.018188,0,0,1
257,host-11,2,0,14,2,0,0,0.088500,0,32000,2832,0.088500,131072,2613,0.019936,0,0,2
257,host-12,1,0,14,1,0,0,0.044469,0,32000,1423,0.044469,131072,1918,0.014633,0,0,1
257,host-13,2,0,14,2,0,0,0.111312,0,32000,3562,0.111312,131072,3556,0.027130,0,0,2
257,host-14,1,0,14,1,0,0,0.077219,0,32000,2471,0.077219,131072,2298,0.017532,0,0,1
257,host-15,1,0,14,1,0,0,0.064062,0,32000,2050,0.064062,131072,2686,0.020493,0,0,1
257,host-16,1,0,14,1,0,0,0.057906,0,32000,1853,0.057906,131072,1398,0.010666,0,0,1
257,host-17,2,0,14,2,0,0,0.105875,0,32000,3388,0.105875,131072,3794,0.028946,0,0,2
257,host-18,2,1,14,2,1,0,0.096000,0,32000,3072,0.096000,131072,3027,0.023094,0,1,1
257,host-19,2,0,14,2,0,0,0.097437,0,32000,3118,0.097437,131072,2566,0.019577,0,0,2
257,host-2,1,0,14,1,0,0,0.048375,0,32000,1548,0.048375,131072,1043,0.007957,0,0,1
257,host-20,2,0,14,2,0,0,0.104125,0,32000,3332,0.104125,131072,3372,0.025726,0,0,2
257,host-21,1,0,14,1,0,0,0.058344,0,32000,1867,0.058344,131072,1188,0.009064,0,0,1
257,host-22,2,0,14,2,0,0,0.100531,0,32000,3217,0.100531,131072,3221,0.024574,0,0,2
257,host-23,1,0,14,1,0,0,0.062812,0,32000,2010,0.062812,131072,2414,0.018417,0,0,1
257,host-24,2,0,14,2,0,0,0.085469,0,32000,2735,0.085469,131072,2251,0.017174,0,0,2
257,host-3,1,0,14,1,0,0,0.073781,0,32000,2361,0.073781,131072,2606,0.019882,0,0,1
257,host-4,2,0,14,2,0,0,0.082094,0,32000,2627,0.082094,131072,2430,0.018539,0,0,2
257,host-5,0,0,14,0,0,0,0.000000,0,32000,0,0.000000,131072,0,0.000000,0,0,0
257,host-6,1,0,14,1,0,0,0.075969,0,32000,2431,0.075969,131072,2920,0.022278,0,0,1
257,host-7,2,0,14,2,0,0,0.116750,0,32000,3736,0.116750,131072,3126,0.023849,0,0,2
257,host-8,2,0,14,2,0,0,0.081937,0,32000,2622,0.081937,131072,2768,0.021118,0,0,2
257,host-9,1,0,14,1,0,0,0.062812,0,32000,2010,0.062812,131072,2414,0.018417,0,0,1
258,host-1,1,0,14,1,0,0,0.073781,0,32000,2361,0.073781,131072,2606,0.019882,0,0,1
258,host-10,1,0,14,1,0,0,0.066375,0,32000,2124,0.066375,131072,2384,0.018188,0,0,1
258,host-11,2,0,14,2,0,0,0.088500,0,32000,2832,0.088500,131072,2613,0.019936,0,0,2
258,host-12,1,0,14,1,0,0,0.044469,0,32000,1423,0.044469,131072,1918,0.014633,0,0,1
258,host-13,2,0,14,2,0,0,0.111312,0,32000,3562,0.111312,131072,3556,0.027130,0,0,2
258,host-14,1,0,14,1,0,0,0.077219,0,32000,2471,0.077219,131072,2298,0.017532,0,0,1
258,host-15,1,0,14,1,0,0,0.064062,0,32000,2050,0.064062,131072,2686,0.020493,0,0,1
258,host-16,1,0,14,1,0,0,0.057906,0,32000,1853,0.057906,131072,1398,0.010666,0,0,1
258,host-17,2,0,14,2,0,0,0.105875,0,32000,3388,0.105875,131072,3794,0.028946,0,0,2
258,host-18,2,0,14,2,0,0,0.096000,0,32000,3072,0.096000,131072,3027,0.023094,0,0,2
258,host-19,2,0,14,2,0,0,0.097437,0,32000,3118,0.097437,131072,2566,0.019577,0,0,2
258,host-2,1,0,14,1,0,0,0.048375,0,32000,1548,0.048375,131072,1043,0.007957,0,0,1
258,host-20,2,0,14,2,0,0,0.104125,0,32000,3332,0.104125,131072,3372,0.025726,0,0,2
258,host-21,1,0,14,1,0,0,0.058344,0,32000,1867,0.058344,131072,1188,0.009064,0,0,1
258,host-22,2,0,14,2,0,0,0.100531,0,32000,3217,0.100531,131072,3221,0.024574,0,0,2
258,host-23,1,0,14,1,0,0,0.062812,0,32000,2010,0.062812,131072,2414,0.018417,0,0,1
258,host-24,2,0,14,2,0,0,0.085469,0,32000,2735,0.085469,131072,2251,0.017174,0,0,2
258,host-3,1,0,14,1,0,0,0.073781,0,32000,2361,0.073781,131072,2606,0.019882,0,0,1
258,host-4,2,0,14,2,0,0,0.082094,0,32000,2627,0.082094,131072,2430,0.018539,0,0,2
258,host-5,1,1,14,1,1,0,0.038344,0,32000,1227,0.038344,131072,904,0.006897,1,0,0
258,host-6,1,0,14,1,0,0,0.075969,0,32000,2431,0.075969,131072,2920,0.022278,0,0,1
258,host-7,2,0,14,2,0,0,0.116750,0,32000,3736,0.116750,131072,3126,0.023849,0,0,2
258,host-8,2,0,14,2,0,0,0.081937,0,32000,2622,0.081937,131072,2768,0.021118,0,0,2
258,host-9,1,0,14,1,0,0,0.062812,0,32000,2010,0.062812,131072,2414,0.018417,0,0,1
259,host-1,1,0,14,1,0,0,0.073781,0,32000,2361,0.073781,131072,2606,0.019882,0,0,1
259,host-10,1,0,14,1,0,0,0.066375,0,32000,2124,0.066375,131072,2384,0.018188,0,0,1
259,host-11,2,0,14,2,0,0,0.088500,0,32000,2832,0.088500,131072,2613,0.019936,0,0,2
259,host-12,1,0,14,1,0,0,0.044469,0,32000,1423,0.044469,131072,1918,0.014633,0,0,1
259,host-13,2,0,14,2,0,0,0.111312,0,32000,3562,0.111312,131072,3556,0.027130,0,0,2
259,host-14,1,0,14,1,0,0,0.077219,0,32000,2471,0.077219,131072,2298,0.017532,0,0,1
259,host-15,1,0,14,1,0,0,0.064062,0,32000,2050,0.064062,131072,2686,0.020493,0,0,1
259,host-16,1,0,14,1,0,0,0.057906,0,32000,1853,0.057906,131072,1398,0.010666,0,0,1
259,host-17,2,0,14,2,0,0,0.105875,0,32000,3388,0.105875,131072,3794,0.028946,0,0,2
259,host-18,2,0,14,2,0,0,0.096000,0,32000,3072,0.096000,131072,3027,0.023094,0,0,2
259,host-19,2,0,14,2,0,0,0.097437,0,32000,3118,0.097437,131072,2566,0.019577,0,0,2
259,host-2,1,0,14,1,0,0,0.048375,0,32000,1548,0.048375,131072,1043,0.007957,0,0,1
259,host-20,2,0,14,2,0,0,0.104125,0,32000,3332,0.104125,131072,3372,0.025726,0,0,2
259,host-21,1,0,14,1,0,0,0.058344,0,32000,1867,0.058344,131072,1188,0.009064,0,0,1
259,host-22,2,0,14,2,0,0,0.100531,0,32000,3217,0.100531,131072,3221,0.024574,0,0,2
259,host-23,1,0,14,1,0,0,0.062812,0,32000,2010,0.062812,131072,2414,0.018417,0,0,1
259,host-24,2,0,14,2,0,0,0.085469,0,32000,2735,0.085469,131072,2251,0.017174,0,0,2
259,host-3,1,0,14,1,0,0,0.073781,0,32000,2361,0.073781,131072,2606,0.019882,0,0,1
259,host-4,2,0,14,2,0,0,0.082094,0,32000,2627,0.082094,131072,2430,0.018539,0,0,2
259,host-5,1,0,14,1,0,0,0.038344,0,32000,1227,0.038344,131072,904,0.006897,0,0,1
259,host-6,1,0,14,1,0,0,0.075969,0,32000,2431,0.075969,131072,2920,0.022278,0,0,1
259,host-7,2,0,14,2,0,0,0.116750,0,32000,3736,0.116750,131072,3126,0.023849,0,0,2
259,host-8,2,0,14,2,0,0,0.081937,0,32000,2622,0.081937,131072,2768,0.021118,0,0,2
259,host-9,1,0,14,1,0,0,0.062812,0,32000,2010,0.062812,131072,2414,0.018417,0,0,1
260,host-1,1,0,14,1,0,0,0.073781,0,32000,2361,0.073781,131072,2606,0.019882,0,0,1
260,host-10,1,0,14,1,0,0,0.066375,0,32000,2124,0.066375,131072,2384,0.018188,0,0,1
260,host-11,2,0,14,2,0,0,0.088500,0,32000,2832,0.088500,131072,2613,0.019936,0,0,2
260,host-12,1,0,14,1,0,0,0.044469,0,32000,1423,0.044469,131072,1918,0.014633,0,0,1
260,host-13,2,0,14,2,0,0,0.111312,0,32000,3562,0.111312,131072,3556,0.027130,0,0,2
260,host-14,1,0,14,1,0,0,0.077219,0,32000,2471,0.077219,131072,2298,0.017532,0,0,1
260,host-15,1,0,14,1,0,0,0.064062,0,32000,2050,0.064062,131072,2686,0.020493,0,0,1
260,host-16,1,0,14,1,0,0,0.057906,0,32000,1853,0.057906,131072,1398,0.010666,0,0,1
260,host-17,2,0,14,2,0,0,0.105875,0,32000,3388,0.105875,131072,3794,0.028946,0,0,2
260,host-18,2,0,14,2,0,0,0.096000,0,32000,3072,0.096000,131072,3027,0.023094,0,0,2
260,host-19,2,0,14,2,0,0,0.097437,0,32000,3118,0.097437,131072,2566,0.019577,0,0,2
260,host-2,1,0,14,1,0,0,0.048375,0,32000,1548,0.048375,131072,1043,0.007957,0,0,1
260,host-20,2,0,14,2,0,0,0.104125,0,32000,3332,0.104125,131072,3372,0.025726,0,0,2
260,host-21,1,0,14,1,0,0,0.058344,0,32000,1867,0.058344,131072,1188,0.009064,0,0,1
260,host-22,2,0,14,2,0,0,0.100531,0,32000,3217,0.100531,131072,3221,0.024574,0,0,2
260,host-23,1,0,14,1,0,0,0.062812,0,32000,2010,0.062812,131072,2414,0.018417,0,0,1
260,host-24,2,0,14,2,0,0,0.085469,0,32000,2735,0.085469,131072,2251,0.017174,0,0,2
260,host-3,1,0,14,1,0,0,0.073781,0,32000,2361,0.073781,131072,2606,0.019882,0,0,1
260,host-4,2,0,14,2,0,0,0.082094,0,32000,2627,0.082094,131072,2430,0.018539,0,0,2
260,host-5,1,0,14,1,0,0,0.038344,0,32000,1227,0.038344,131072,904,0.006897,0,0,1
260,host-6,1,0,14,1,0,0,0.075969,0,32000,2431,0.075969,131072,2920,0.022278,0,0,1
260,host-7,2,0,14,2,0,0,0.116750,0,32000,3736,0.116750,131072,3126,0.023849,0,0,2
260,host-8,2,0,14,2,0,0,0.081937,0,32000,2622,0.081937,131072,2768,0.021118,0,0,2
260,host-9,1,0,14,1,0,0,0.062812,0,32000,2010,0.062812,131072,2414,0.018417,0,0,1
261,host-1,1,0,14,1,0,0,0.073781,0,32000,2361,0.073781,131072,2606,0.019882,0,0,1
261,host-10,1,1,14,1,1,0,0.066375,0,32000,2124,0.066375,131072,2384,0.018188,0,1,0
261,host-11,2,0,14,2,0,0,0.088500,0,32000,2832,0.088500,131072,2613,0.019936,0,0,2
261,host-12,2,1,14,2,1,0,0.085844,0,32000,2747,0.085844,131072,3032,0.023132,1,0,1
261,host-13,2,0,14,2,0,0,0.111312,0,32000,3562,0.111312,131072,3556,0.027130,0,0,2
261,host-14,1,0,14,1,0,0,0.077219,0,32000,2471,0.077219,131072,2298,0.017532,0,0,1
261,host-15,1,0,14,1,0,0,0.064062,0,32000,2050,0.064062,131072,2686,0.020493,0,0,1
261,host-16,1,0,14,1,0,0,0.057906,0,32000,1853,0.057906,131072,1398,0.010666,0,0,1
261,host-17,2,0,14,2,0,0,0.105875,0,32000,3388,0.105875,131072,3794,0.028946,0,0,2
261,host-18,2,0,14,2,0,0,0.096000,0,32000,3072,0.096000,131072,3027,0.023094,0,0,2
261,host-19,2,0,14,2,0,0,0.097437,0,32000,3118,0.097437,131072,2566,0.019577,0,0,2
261,host-2,2,1,14,2,1,0,0.106281,0,32000,3401,0.106281,131072,2450,0.018692,1,0,1
261,host-20,2,0,14,2,0,0,0.104125,0,32000,3332,0.104125,131072,3372,0.025726,0,0,2
261,host-21,1,0,14,1,0,0,0.058344,0,32000,1867,0.058344,131072,1188,0.009064,0,0,1
261,host-22,2,0,14,2,0,0,0.100531,0,32000,3217,0.100531,131072,3221,0.024574,0,0,2
261,host-23,1,0,14,1,0,0,0.062812,0,32000,2010,0.062812,131072,2414,0.018417,0,0,1
261,host-24,2,0,14,2,0,0,0.085469,0,32000,2735,0.085469,131072,2251,0.017174,0,0,2
261,host-3,1,0,14,1,0,0,0.073781,0,32000,2361,0.073781,131072,2606,0.019882,0,0,1
261,host-4,2,0,14,2,0,0,0.082094,0,32000,2627,0.082094,131072,2430,0.018539,0,0,2
261,host-5,2,1,14,2,1,0,0.082344,0,32000,2635,0.082344,131072,2786,0.021255,1,0,1
261,host-6,1,0,14,1,0,0,0.075969,0,32000,2431,0.075969,131072,2920,0.022278,0,0,1
261,host-7,2,0,14,2,0,0,0.116750,0,32000,3736,0.116750,131072,3126,0.023849,0,0,2
261,host-8,2,0,14,2,0,0,0.081937,0,32000,2622,0.081937,131072,2768,0.021118,0,0,2
261,host-9,1,0,14,1,0,0,0.062812,0,32000,2010,0.062812,131072,2414,0.018417,0,0,1
262,host-1,1,0,14,1,0,0,0.073781,0,32000,2361,0.073781,131072,2606,0.019882,0,0,1
262,host-10,1,0,14,1,0,0,0.066375,0,32000,2124,0.066375,131072,2384,0.018188,0,0,1
262,host-11,2,0,14,2,0,0,0.088500,0,32000,2832,0.088500,131072,2613,0.019936,0,0,2
262,host-12,2,1,14,2,1,0,0.085844,0,32000,2747,0.085844,131072,3032,0.023132,1,0,1
262,host-13,2,0,14,2,0,0,0.111312,0,32000,3562,0.111312,131072,3556,0.027130,0,0,2
262,host-14,1,0,14,1,0,0,0.077219,0,32000,2471,0.077219,131072,2298,0.017532,0,0,1
262,host-15,1,0,14,1,0,0,0.064062,0,32000,2050,0.064062,131072,2686,0.020493,0,0,1
262,host-16,2,1,14,2,1,0,0.084781,0,32000,2713,0.084781,131072,1929,0.014717,0,1,1
262,host-17,2,0,14,2,0,0,0.105875,0,32000,3388,0.105875,131072,3794,0.028946,0,0,2
262,host-18,2,0,14,2,0,0,0.096000,0,32000,3072,0.096000,131072,3027,0.023094,0,0,2
262,host-19,2,0,14,2,0,0,0.097437,0,32000,3118,0.097437,131072,2566,0.019577,0,0,2
262,host-2,2,0,14,2,0,0,0.106281,0,32000,3401,0.106281,131072,2450,0.018692,0,0,2
262,host-20,2,0,14,2,0,0,0.104125,0,32000,3332,0.104125,131072,3372,0.025726,0,0,2
262,host-21,2,1,14,2,1,0,0.129438,0,32000,4142,0.129438,131072,3502,0.026718,1,0,1
262,host-22,2,0,14,2,0,0,0.100531,0,32000,3217,0.100531,131072,3221,0.024574,0,0,2
262,host-23,1,0,14,1,0,0,0.062812,0,32000,2010,0.062812,131072,2414,0.018417,0,0,1
262,host-24,2,0,14,2,0,0,0.085469,0,32000,2735,0.085469,131072,2251,0.017174,0,0,2
262,host-3,1,0,14,1,0,0,0.073781,0,32000,2361,0.073781,131072,2606,0.019882,0,0,1
262,host-4,2,1,14,2,1,0,0.082094,0,32000,2627,0.082094,131072,2430,0.018539,0,1,1
262,host-5,2,1,14,2,1,0,0.082344,0,32000,2635,0.082344,131072,2786,0.021255,0,1,1
262,host-6,1,0,14,1,0,0,0.075969,0,32000,2431,0.075969,131072,2920,0.022278,0,0,1
262,host-7,2,0,14,2,0,0,0.116750,0,32000,3736,0.116750,131072,3126,0.023849,0,0,2
262,host-8,2,0,14,2,0,0,0.081937,0,32000,2622,0.081937,131072,2768,0.021118,0,0,2
262,host-9,1,0,14,1,0,0,0.062812,0,32000,2010,0.062812,131072,2414,0.018417,0,0,1
263,host-1,1,0,14,1,0,0,0.073781,0,32000,2361,0.073781,131072,2606,0.019882,0,0,1
263,host-10,1,0,14,1,0,0,0.066375,0,32000,2124,0.066375,131072,2384,0.018188,0,0,1
263,host-11,2,0,14,2,0,0,0.088500,0,32000,2832,0.088500,131072,2613,0.019936,0,0,2
263,host-12,2,0,14,2,0,0,0.085844,0,32000,2747,0.085844,131072,3032,0.023132,0,0,2
263,host-13,2,1,14,2,1,0,0.111312,0,32000,3562,0.111312,131072,3556,0.027130,0,1,1
263,host-14,1,0,14,1,0,0,0.077219,0,32000,2471,0.077219,131072,2298,0.017532,0,0,1
263,host-15,2,1,14,2,1,0,0.094469,0,32000,3023,0.094469,131072,4244,0.032379,1,0,1
263,host-16,2,0,14,2,0,0,0.084781,0,32000,2713,0.084781,131072,1929,0.014717,0,0,2
263,host-17,2,0,14,2,0,0,0.105875,0,32000,3388,0.105875,131072,3794,0.028946,0,0,2
263,host-18,2,0,14,2,0,0,0.096000,0,32000,3072,0.096000,131072,3027,0.023094,0,0,2
263,host-19,2,0,14,2,0,0,0.097437,0,32000,3118,0.097437,131072,2566,0.019577,0,0,2
263,host-2,2,0,14,2,0,0,0.106281,0,32000,3401,0.106281,131072,2450,0.018692,0,0,2
263,host-20,2,0,14,2,0,0,0.104125,0,32000,3332,0.104125,131072,3372,0.025726,0,0,2
263,host-21,2,0,14,2,0,0,0.129438,0,32000,4142,0.129438,131072,3502,0.026718,0,0,2
263,host-22,2,0,14,2,0,0,0.100531,0,32000,3217,0.100531,131072,3221,0.024574,0,0,2
263,host-23,2,1,14,2,1,0,0.113094,0,32000,3619,0.113094,131072,3943,0.030083,1,0,1
263,host-24,2,0,14,2,0,0,0.085469,0,32000,2735,0.085469,131072,2251,0.017174,0,0,2
263,host-3,1,0,14,1,0,0,0.073781,0,32000,2361,0.073781,131072,2606,0.019882,0,0,1
263,host-4,2,0,14,2,0,0,0.082094,0,32000,2627,0.082094,131072,2430,0.018539,0,0,2
263,host-5,2,0,14,2,0,0,0.082344,0,32000,2635,0.082344,131072,2786,0.021255,0,0,2
263,host-6,1,0,14,1,0,0,0.075969,0,32000,2431,0.075969,131072,2920,0.022278,0,0,1
263,host-7,2,0,14,2,0,0,0.116750,0,32000,3736,0.116750,131072,3126,0.023849,0,0,2
263,host-8,2,0,14,2,0,0,0.081937,0,32000,2622,0.081937,131072,2768,0.021118,0,0,2
263,host-9,2,1,14,2,1,0,0.093313,0,32000,2986,0.093313,131072,3675,0.028038,0,1,1
264,host-1,2,1,14,2,1,0,0.147906,0,32000,4733,0.147906,131072,4983,0.038017,1,0,1
264,host-10,2,1,14,2,1,0,0.104594,0,32000,3347,0.104594,131072,3808,0.029053,1,0,1
264,host-11,2,0,14,2,0,0,0.088500,0,32000,2832,0.088500,131072,2613,0.019936,0,0,2
264,host-12,2,0,14,2,0,0,0.085844,0,32000,2747,0.085844,131072,3032,0.023132,0,0,2
264,host-13,2,1,14,2,1,0,0.137937,0,32000,4414,0.137937,131072,4789,0.036537,1,0,1
264,host-14,2,1,14,2,1,0,0.109063,0,32000,3490,0.109063,131072,2861,0.021828,1,0,1
264,host-15,2,1,14,2,1,0,0.094469,0,32000,3023,0.094469,131072,4244,0.032379,1,0,1
264,host-16,2,0,14,2,0,0,0.084781,0,32000,2713,0.084781,131072,1929,0.014717,0,0,2
264,host-17,2,0,14,2,0,0,0.105875,0,32000,3388,0.105875,131072,3794,0.028946,0,0,2
264,host-18,2,0,14,2,0,0,0.096000,0,32000,3072,0.096000,131072,3027,0.023094,0,0,2
264,host-19,2,0,14,2,0,0,0.097437,0,32000,3118,0.097437,131072,2566,0.019577,0,0,2
264,host-2,2,0,14,2,0,0,0.106281,0,32000,3401,0.106281,131072,2450,0.018692,0,0,2
264,host-20,2,0,14,2,0,0,0.104125,0,32000,3332,0.104125,131072,3372,0.025726,0,0,2
264,host-21,2,0,14,2,0,0,0.129438,0,32000,4142,0.129438,131072,3502,0.026718,0,0,2
264,host-22,2,0,14,2,0,0,0.100531,0,32000,3217,0.100531,131072,3221,0.024574,0,0,2
264,host-23,2,0,14,2,0,0,0.113094,0,32000,3619,0.113094,131072,3943,0.030083,0,0,2
264,host-24,2,0,14,2,0,0,0.085469,0,32000,2735,0.085469,131072,2251,0.017174,0,0,2
264,host-3,2,1,14,2,1,0,0.124719,0,32000,3991,0.124719,131072,4139,0.031578,1,0,1
264,host-4,2,0,14,2,0,0,0.082094,0,32000,2627,0.082094,131072,2430,0.018539,0,0,2
264,host-5,2,0,14,2,0,0,0.082344,0,32000,2635,0.082344,131072,2786,0.021255,0,0,2
264,host-6,2,1,14,2,1,0,0.101938,0,32000,3262,0.101938,131072,3969,0.030281,1,0,1
264,host-7,2,0,14,2,0,0,0.116750,0,32000,3736,0.116750,131072,3126,0.023849,0,0,2
264,host-8,3,1,14,3,1,0,0.133375,0,32000,4268,0.133375,131072,4009,0.030586,1,0,2
264,host-9,2,0,14,2,0,0,0.093313,0,32000,2986,0.093313,131072,3675,0.028038,0,0,2
265,host-1,2,1,14,2,1,0,0.147906,0,32000,4733,0.147906,131072,4983,0.038017,1,0,1
265,host-10,2,0,14,2,0,0,0.104594,0,32000,3347,0.104594,131072,3808,0.029053,0,0,2
265,host-11,2,0,14,2,0,0,0.088500,0,32000,2832,0.088500,131072,2613,0.019936,0,0,2
265,host-12,2,0,14,2,0,0,0.085844,0,32000,2747,0.085844,131072,3032,0.023132,0,0,2
265,host-13,2,1,14,2,1,0,0.137937,0,32000,4414,0.137937,131072,4789,0.036537,1,0,1
265,host-14,2,0,14,2,0,0,0.109063,0,32000,3490,0.109063,131072,2861,0.021828,0,0,2
265,host-15,2,0,14,2,0,0,0.094469,0,32000,3023,0.094469,131072,4244,0.032379,0,0,2
265,host-16,3,1,14,3,1,0,0.166031,0,32000,5313,0.166031,131072,4755,0.036278,1,0,2
265,host-17,2,0,14,2,0,0,0.105875,0,32000,3388,0.105875,131072,3794,0.028946,0,0,2
265,host-18,2,0,14,2,0,0,0.096000,0,32000,3072,0.096000,131072,3027,0.023094,0,0,2
265,host-19,2,0,14,2,0,0,0.097437,0,32000,3118,0.097437,131072,2566,0.019577,0,0,2
265,host-2,2,0,14,2,0,0,0.106281,0,32000,3401,0.106281,131072,2450,0.018692,0,0,2
265,host-20,2,0,14,2,0,0,0.104125,0,32000,3332,0.104125,131072,3372,0.025726,0,0,2
265,host-21,2,0,14,2,0,0,0.129438,0,32000,4142,0.129438,131072,3502,0.026718,0,0,2
265,host-22,2,0,14,2,0,0,0.100531,0,32000,3217,0.100531,131072,3221,0.024574,0,0,2
265,host-23,2,0,14,2,0,0,0.113094,0,32000,3619,0.113094,131072,3943,0.030083,0,0,2
265,host-24,2,0,14,2,0,0,0.085469,0,32000,2735,0.085469,131072,2251,0.017174,0,0,2
265,host-3,2,1,14,2,1,0,0.124719,0,32000,3991,0.124719,131072,4139,0.031578,1,0,1
265,host-4,3,1,14,3,1,0,0.140531,0,32000,4497,0.140531,131072,4774,0.036423,1,0,2
265,host-5,3,1,14,3,1,0,0.108313,0,32000,3466,0.108313,131072,3835,0.029259,1,0,2
265,host-6,2,0,14,2,0,0,0.101938,0,32000,3262,0.101938,131072,3969,0.030281,0,0,2
265,host-7,2,0,14,2,0,0,0.116750,0,32000,3736,0.116750,131072,3126,0.023849,0,0,2
265,host-8,3,1,14,3,1,0,0.133375,0,32000,4268,0.133375,131072,4009,0.030586,1,0,2
265,host-9,2,0,14,2,0,0,0.093313,0,32000,2986,0.093313,131072,3675,0.028038,0,0,2
266,host-1,1,0,14,1,0,0,0.074125,0,32000,2372,0.074125,131072,2377,0.018135,0,0,1
266,host-10,2,0,14,2,0,0,0.104594,0,32000,3347,0.104594,131072,3808,0.029053,0,0,2
266,host-11,2,0,14,2,0,0,0.088500,0,32000,2832,0.088500,131072,2613,0.019936,0,0,2
266,host-12,2,0,14,2,0,0,0.085844,0,32000,2747,0.085844,131072,3032,0.023132,0,0,2
266,host-13,2,0,14,2,0,0,0.137937,0,32000,4414,0.137937,131072,4789,0.036537,0,0,2
266,host-14,2,0,14,2,0,0,0.109063,0,32000,3490,0.109063,131072,2861,0.021828,0,0,2
266,host-15,2,0,14,2,0,0,0.094469,0,32000,3023,0.094469,131072,4244,0.032379,0,0,2
266,host-16,3,1,14,3,1,0,0.166031,0,32000,5313,0.166031,131072,4755,0.036278,0,1,2
266,host-17,2,0,14,2,0,0,0.105875,0,32000,3388,0.105875,131072,3794,0.028946,0,0,2
266,host-18,2,0,14,2,0,0,0.096000,0,32000,3072,0.096000,131072,3027,0.023094,0,0,2
266,host-19,2,0,14,2,0,0,0.097437,0,32000,3118,0.097437,131072,2566,0.019577,0,0,2
266,host-2,2,0,14,2,0,0,0.106281,0,32000,3401,0.106281,131072,2450,0.018692,0,0,2
266,host-20,2,0,14,2,0,0,0.104125,0,32000,3332,0.104125,131072,3372,0.025726,0,0,2
266,host-21,2,0,14,2,0,0,0.129438,0,32000,4142,0.129438,131072,3502,0.026718,0,0,2
266,host-22,2,0,14,2,0,0,0.100531,0,32000,3217,0.100531,131072,3221,0.024574,0,0,2
266,host-23,2,0,14,2,0,0,0.113094,0,32000,3619,0.113094,131072,3943,0.030083,0,0,2
266,host-24,3,1,14,3,1,0,0.113719,0,32000,3639,0.113719,131072,3616,0.027588,0,1,2
266,host-3,2,0,14,2,0,0,0.124719,0,32000,3991,0.124719,131072,4139,0.031578,0,0,2
266,host-4,3,0,14,3,0,0,0.140531,0,32000,4497,0.140531,131072,4774,0.036423,0,0,3
266,host-5,3,0,14,3,0,0,0.108313,0,32000,3466,0.108313,131072,3835,0.029259,0,0,3
266,host-6,2,0,14,2,0,0,0.101938,0,32000,3262,0.101938,131072,3969,0.030281,0,0,2
266,host-7,2,0,14,2,0,0,0.116750,0,32000,3736,0.116750,131072,3126,0.023849,0,0,2
266,host-8,3,0,14,3,0,0,0.133375,0,32000,4268,0.133375,131072,4009,0.030586,0,0,3
266,host-9,2,0,14,2,0,0,0.093313,0,32000,2986,0.093313,131072,3675,0.028038,0,0,2
267,host-1,2,1,14,2,1,0,0.146281,0,32000,4681,0.146281,131072,5326,0.040634,0,1,1
267,host-10,2,0,14,2,0,0,0.104594,0,32000,3347,0.104594,131072,3808,0.029053,0,0,2
267,host-11,3,1,14,3,1,0,0.118063,0,32000,3778,0.118063,131072,3628,0.027679,1,0,2
267,host-12,3,1,14,3,1,0,0.138937,0,32000,4446,0.138937,131072,5424,0.041382,1,0,2
267,host-13,2,0,14,2,0,0,0.137937,0,32000,4414,0.137937,131072,4789,0.036537,0,0,2
267,host-14,2,0,14,2,0,0,0.109063,0,32000,3490,0.109063,131072,2861,0.021828,0,0,2
267,host-15,2,0,14,2,0,0,0.094469,0,32000,3023,0.094469,131072,4244,0.032379,0,0,2
267,host-16,3,0,14,3,0,0,0.166031,0,32000,5313,0.166031,131072,4755,0.036278,0,0,3
267,host-17,2,0,14,2,0,0,0.105875,0,32000,3388,0.105875,131072,3794,0.028946,0,0,2
267,host-18,2,0,14,2,0,0,0.096000,0,32000,3072,0.096000,131072,3027,0.023094,0,0,2
267,host-19,2,0,14,2,0,0,0.097437,0,32000,3118,0.097437,131072,2566,0.019577,0,0,2
267,host-2,2,0,14,2,0,0,0.106281,0,32000,3401,0.106281,131072,2450,0.018692,0,0,2
267,host-20,2,0,14,2,0,0,0.104125,0,32000,3332,0.104125,131072,3372,0.025726,0,0,2
267,host-21,2,0,14,2,0,0,0.129438,0,32000,4142,0.129438,131072,3502,0.026718,0,0,2
267,host-22,2,0,14,2,0,0,0.100531,0,32000,3217,0.100531,131072,3221,0.024574,0,0,2
267,host-23,2,0,14,2,0,0,0.113094,0,32000,3619,0.113094,131072,3943,0.030083,0,0,2
267,host-24,3,0,14,3,0,0,0.113719,0,32000,3639,0.113719,131072,3616,0.027588,0,0,3
267,host-3,2,0,14,2,0,0,0.124719,0,32000,3991,0.124719,131072,4139,0.031578,0,0,2
267,host-4,3,0,14,3,0,0,0.140531,0,32000,4497,0.140531,131072,4774,0.036423,0,0,3
267,host-5,3,0,14,3,0,0,0.108313,0,32000,3466,0.108313,131072,3835,0.029259,0,0,3
267,host-6,3,2,14,3,2,0,0.156625,0,32000,5012,0.156625,131072,5102,0.038925,2,0,1
267,host-7,2,0,14,2,0,0,0.116750,0,32000,3736,0.116750,131072,3126,0.023849,0,0,2
267,host-8,3,0,14,3,0,0,0.133375,0,32000,4268,0.133375,131072,4009,0.030586,0,0,3
267,host-9,2,0,14,2,0,0,0.093313,0,32000,2986,0.093313,131072,3675,0.028038,0,0,2
268,host-1,2,0,14,2,0,0,0.146281,0,32000,4681,0.146281,131072,5326,0.040634,0,0,2
268,host-10,2,0,14,2,0,0,0.104594,0,32000,3347,0.104594,131072,3808,0.029053,0,0,2
268,host-11,3,1,14,3,1,0,0.118063,0,32000,3778,0.118063,131072,3628,0.027679,1,0,2
268,host-12,3,0,14,3,0,0,0.138937,0,32000,4446,0.138937,131072,5424,0.041382,0,0,3
268,host-13,2,0,14,2,0,0,0.137937,0,32000,4414,0.137937,131072,4789,0.036537,0,0,2
268,host-14,2,0,14,2,0,0,0.109063,0,32000,3490,0.109063,131072,2861,0.021828,0,0,2
268,host-15,3,1,14,3,1,0,0.156344,0,32000,5003,0.156344,131072,6421,0.048988,1,0,2
268,host-16,3,0,14,3,0,0,0.166031,0,32000,5313,0.166031,131072,4755,0.036278,0,0,3
268,host-17,2,0,14,2,0,0,0.105875,0,32000,3388,0.105875,131072,3794,0.028946,0,0,2
268,host-18,2,0,14,2,0,0,0.096000,0,32000,3072,0.096000,131072,3027,0.023094,0,0,2
268,host-19,2,0,14,2,0,0,0.097437,0,32000,3118,0.097437,131072,2566,0.019577,0,0,2
268,host-2,2,0,14,2,0,0,0.106281,0,32000,3401,0.106281,131072,2450,0.018692,0,0,2
268,host-20,2,0,14,2,0,0,0.104125,0,32000,3332,0.104125,131072,3372,0.025726,0,0,2
268,host-21,2,0,14,2,0,0,0.129438,0,32000,4142,0.129438,131072,3502,0.026718,0,0,2
268,host-22,2,0,14,2,0,0,0.100531,0,32000,3217,0.100531,131072,3221,0.024574,0,0,2
268,host-23,1,0,14,1,0,0,0.050281,0,32000,1609,0.050281,131072,1529,0.011665,0,0,1
268,host-24,3,0,14,3,0,0,0.113719,0,32000,3639,0.113719,131072,3616,0.027588,0,0,3
268,host-3,2,0,14,2,0,0,0.124719,0,32000,3991,0.124719,131072,4139,0.031578,0,0,2
268,host-4,3,0,14,3,0,0,0.140531,0,32000,4497,0.140531,131072,4774,0.036423,0,0,3
268,host-5,3,0,14,3,0,0,0.108313,0,32000,3466,0.108313,131072,3835,0.029259,0,0,3
268,host-6,3,1,14,3,1,0,0.156625,0,32000,5012,0.156625,131072,5102,0.038925,1,0,2
268,host-7,2,0,14,2,0,0,0.116750,0,32000,3736,0.116750,131072,3126,0.023849,0,0,2
268,host-8,3,0,14,3,0,0,0.133375,0,32000,4268,0.133375,131072,4009,0.030586,0,0,3
268,host-9,2,1,14,2,1,0,0.060062,0,32000,1922,0.060062,131072,2276,0.017365,1,0,1
269,host-1,2,0,14,2,0,0,0.146281,0,32000,4681,0.146281,131072,5326,0.040634,0,0,2
269,host-10,2,0,14,2,0,0,0.104594,0,32000,3347,0.104594,131072,3808,0.029053,0,0,2
269,host-11,3,0,14,3,0,0,0.118063,0,32000,3778,0.118063,131072,3628,0.027679,0,0,3
269,host-12,2,0,14,2,0,0,0.094469,0,32000,3023,0.094469,131072,3506,0.026749,0,0,2
269,host-13,2,0,14,2,0,0,0.137937,0,32000,4414,0.137937,131072,4789,0.036537,0,0,2
269,host-14,2,0,14,2,0,0,0.109063,0,32000,3490,0.109063,131072,2861,0.021828,0,0,2
269,host-15,3,1,14,3,1,0,0.156344,0,32000,5003,0.156344,131072,6421,0.048988,0,1,2
269,host-16,3,0,14,3,0,0,0.166031,0,32000,5313,0.166031,131072,4755,0.036278,0,0,3
269,host-17,1,0,14,1,0,0,0.057844,0,32000,1851,0.057844,131072,2312,0.017639,0,0,1
269,host-18,2,0,14,2,0,0,0.096000,0,32000,3072,0.096000,131072,3027,0.023094,0,0,2
269,host-19,2,0,14,2,0,0,0.097437,0,32000,3118,0.097437,131072,2566,0.019577,0,0,2
269,host-2,2,0,14,2,0,0,0.106281,0,32000,3401,0.106281,131072,2450,0.018692,0,0,2
269,host-20,2,0,14,2,0,0,0.104125,0,32000,3332,0.104125,131072,3372,0.025726,0,0,2
269,host-21,2,0,14,2,0,0,0.129438,0,32000,4142,0.129438,131072,3502,0.026718,0,0,2
269,host-22,2,0,14,2,0,0,0.100531,0,32000,3217,0.100531,131072,3221,0.024574,0,0,2
269,host-23,1,0,14,1,0,0,0.050281,0,32000,1609,0.050281,131072,1529,0.011665,0,0,1
269,host-24,3,0,14,3,0,0,0.113719,0,32000,3639,0.113719,131072,3616,0.027588,0,0,3
269,host-3,2,0,14,2,0,0,0.124719,0,32000,3991,0.124719,131072,4139,0.031578,0,0,2
269,host-4,3,0,14,3,0,0,0.140531,0,32000,4497,0.140531,131072,4774,0.036423,0,0,3
269,host-5,3,0,14,3,0,0,0.108313,0,32000,3466,0.108313,131072,3835,0.029259,0,0,3
269,host-6,3,0,14,3,0,0,0.156625,0,32000,5012,0.156625,131072,5102,0.038925,0,0,3
269,host-7,2,0,14,2,0,0,0.116750,0,32000,3736,0.116750,131072,3126,0.023849,0,0,2
269,host-8,3,0,14,3,0,0,0.133375,0,32000,4268,0.133375,131072,4009,0.030586,0,0,3
269,host-9,2,0,14,2,0,0,0.060062,0,32000,1922,0.060062,131072,2276,0.017365,0,0,2
270,host-1,2,0,14,2,0,0,0.146281,0,32000,4681,0.146281,131072,5326,0.040634,0,0,2
270,host-10,2,0,14,2,0,0,0.104594,0,32000,3347,0.104594,131072,3808,0.029053,0,0,2
270,host-11,2,0,14,2,0,0,0.074750,0,32000,2392,0.074750,131072,2459,0.018761,0,0,2
270,host-12,2,0,14,2,0,0,0.094469,0,32000,3023,0.094469,131072,3506,0.026749,0,0,2
270,host-13,2,0,14,2,0,0,0.137937,0,32000,4414,0.137937,131072,4789,0.036537,0,0,2
270,host-14,2,0,14,2,0,0,0.109063,0,32000,3490,0.109063,131072,2861,0.021828,0,0,2
270,host-15,3,0,14,3,0,0,0.156344,0,32000,5003,0.156344,131072,6421,0.048988,0,0,3
270,host-16,2,0,14,2,0,0,0.108125,0,32000,3460,0.108125,131072,3357,0.025612,0,0,2
270,host-17,0,0,14,0,0,0,0.000000,0,32000,0,0.000000,131072,0,0.000000,0,0,0
270,host-18,2,0,14,2,0,0,0.096000,0,32000,3072,0.096000,131072,3027,0.023094,0,0,2
270,host-19,2,1,14,2,1,0,0.097437,0,32000,3118,0.097437,131072,2566,0.019577,0,1,1
270,host-2,2,0,14,2,0,0,0.106281,0,32000,3401,0.106281,131072,2450,0.018692,0,0,2
270,host-20,2,0,14,2,0,0,0.104125,0,32000,3332,0.104125,131072,3372,0.025726,0,0,2
270,host-21,2,0,14,2,0,0,0.129438,0,32000,4142,0.129438,131072,3502,0.026718,0,0,2
270,host-22,2,0,14,2,0,0,0.100531,0,32000,3217,0.100531,131072,3221,0.024574,0,0,2
270,host-23,1,0,14,1,0,0,0.050281,0,32000,1609,0.050281,131072,1529,0.011665,0,0,1
270,host-24,3,0,14,3,0,0,0.113719,0,32000,3639,0.113719,131072,3616,0.027588,0,0,3
270,host-3,2,0,14,2,0,0,0.124719,0,32000,3991,0.124719,131072,4139,0.031578,0,0,2
270,host-4,2,0,14,2,0,0,0.096781,0,32000,3097,0.096781,131072,3544,0.027039,0,0,2
270,host-5,3,0,14,3,0,0,0.108313,0,32000,3466,0.108313,131072,3835,0.029259,0,0,3
270,host-6,3,0,14,3,0,0,0.156625,0,32000,5012,0.156625,131072,5102,0.038925,0,0,3
270,host-7,1,0,14,1,0,0,0.054562,0,32000,1746,0.054562,131072,1249,0.009529,0,0,1
270,host-8,3,0,14,3,0,0,0.133375,0,32000,4268,0.133375,131072,4009,0.030586,0,0,3
270,host-9,2,0,14,2,0,0,0.060062,0,32000,1922,0.060062,131072,2276,0.017365,0,0,2
271,host-1,2,0,14,2,0,0,0.146281,0,32000,4681,0.146281,131072,5326,0.040634,0,0,2
271,host-10,2,0,14,2,0,0,0.104594,0,32000,3347,0.104594,131072,3808,0.029053,0,0,2
271,host-11,2,0,14,2,0,0,0.074750,0,32000,2392,0.074750,131072,2459,0.018761,0,0,2
271,host-12,2,0,14,2,0,0,0.094469,0,32000,3023,0.094469,131072,3506,0.026749,0,0,2
271,host-13,2,0,14,2,0,0,0.137937,0,32000,4414,0.137937,131072,4789,0.036537,0,0,2
271,host-14,2,0,14,2,0,0,0.109063,0,32000,3490,0.109063,131072,2861,0.021828,0,0,2
271,host-15,3,0,14,3,0,0,0.156344,0,32000,5003,0.156344,131072,6421,0.048988,0,0,3
271,host-16,2,0,14,2,0,0,0.108125,0,32000,3460,0.108125,131072,3357,0.025612,0,0,2
271,host-17,0,0,14,0,0,0,0.000000,0,32000,0,0.000000,131072,0,0.000000,0,0,0
271,host-18,2,0,14,2,0,0,0.096000,0,32000,3072,0.096000,131072,3027,0.023094,0,0,2
271,host-19,2,0,14,2,0,0,0.097437,0,32000,3118,0.097437,131072,2566,0.019577,0,0,2
271,host-2,2,0,14,2,0,0,0.106281,0,32000,3401,0.106281,131072,2450,0.018692,0,0,2
271,host-20,1,0,14,1,0,0,0.059625,0,32000,1908,0.059625,131072,2224,0.016968,0,0,1
271,host-21,2,0,14,2,0,0,0.129438,0,32000,4142,0.129438,131072,3502,0.026718,0,0,2
271,host-22,2,0,14,2,0,0,0.100531,0,32000,3217,0.100531,131072,3221,0.024574,0,0,2
271,host-23,1,0,14,1,0,0,0.050281,0,32000,1609,0.050281,131072,1529,0.011665,0,0,1
271,host-24,3,0,14,3,0,0,0.113719,0,32000,3639,0.113719,131072,3616,0.027588,0,0,3
271,host-3,2,0,14,2,0,0,0.124719,0,32000,3991,0.124719,131072,4139,0.031578,0,0,2
271,host-4,2,0,14,2,0,0,0.096781,0,32000,3097,0.096781,131072,3544,0.027039,0,0,2
271,host-5,3,0,14,3,0,0,0.108313,0,32000,3466,0.108313,131072,3835,0.029259,0,0,3
271,host-6,3,0,14,3,0,0,0.156625,0,32000,5012,0.156625,131072,5102,0.038925,0,0,3
271,host-7,1,0,14,1,0,0,0.054562,0,32000,1746,0.054562,131072,1249,0.009529,0,0,1
271,host-8,2,0,14,2,0,0,0.087906,0,32000,2813,0.087906,131072,2606,0.019882,0,0,2
271,host-9,2,0,14,2,0,0,0.060062,0,32000,1922,0.060062,131072,2276,0.017365,0,0,2
272,host-1,2,0,14,2,0,0,0.146281,0,32000,4681,0.146281,131072,5326,0.040634,0,0,2
272,host-10,2,0,14,2,0,0,0.104594,0,32000,3347,0.104594,131072,3808,0.029053,0,0,2
272,host-11,2,0,14,2,0,0,0.074750,0,32000,2392,0.074750,131072,2459,0.018761,0,0,2
272,host-12,2,0,14,2,0,0,0.094469,0,32000,3023,0.094469,131072,3506,0.026749,0,0,2
272,host-13,2,0,14,2,0,0,0.137937,0,32000,4414,0.137937,131072,4789,0.036537,0,0,2
272,host-14,2,0,14,2,0,0,0.109063,0,32000,3490,0.109063,131072,2861,0.021828,0,0,2
272,host-15,3,0,14,3,0,0,0.156344,0,32000,5003,0.156344,131072,6421,0.048988,0,0,3
272,host-16,2,0,14,2,0,0,0.108125,0,32000,3460,0.108125,131072,3357,0.025612,0,0,2
272,host-17,0,0,14,0,0,0,0.000000,0,32000,0,0.000000,131072,0,0.000000,0,0,0
272,host-18,2,0,14,2,0,0,0.096000,0,32000,3072,0.096000,131072,3027,0.023094,0,0,2
272,host-19,2,0,14,2,0,0,0.097437,0,32000,3118,0.097437,131072,2566,0.019577,0,0,2
272,host-2,2,0,14,2,0,0,0.106281,0,32000,3401,0.106281,131072,2450,0.018692,0,0,2
272,host-20,1,0,14,1,0,0,0.059625,0,32000,1908,0.059625,131072,2224,0.016968,0,0,1
272,host-21,2,0,14,2,0,0,0.129438,0,32000,4142,0.129438,131072,3502,0.026718,0,0,2
272,host-22,2,0,14,2,0,0,0.100531,0,32000,3217,0.100531,131072,3221,0.024574,0,0,2
272,host-23,1,0,14,1,0,0,0.050281,0,32000,1609,0.050281,131072,1529,0.011665,0,0,1
272,host-24,3,0,14,3,0,0,0.113719,0,32000,3639,0.113719,131072,3616,0.027588,0,0,3
272,host-3,2,0,14,2,0,0,0.124719,0,32000,3991,0.124719,131072,4139,0.031578,0,0,2
272,host-4,2,0,14,2,0,0,0.096781,0,32000,3097,0.096781,131072,3544,0.027039,0,0,2
272,host-5,3,0,14,3,0,0,0.108313,0,32000,3466,0.108313,131072,3835,0.029259,0,0,3
272,host-6,3,0,14,3,0,0,0.156625,0,32000,5012,0.156625,131072,5102,0.038925,0,0,3
272,host-7,1,0,14,1,0,0,0.054562,0,32000,1746,0.054562,131072,1249,0.009529,0,0,1
272,host-8,2,0,14,2,0,0,0.087906,0,32000,2813,0.087906,131072,2606,0.019882,0,0,2
272,host-9,2,0,14,2,0,0,0.060062,0,32000,1922,0.060062,131072,2276,0.017365,0,0,2
273,host-1,2,0,14,2,0,0,0.146281,0,32000,4681,0.146281,131072,5326,0.040634,0,0,2
273,host-10,2,0,14,2,0,0,0.104594,0,32000,3347,0.104594,131072,3808,0.029053,0,0,2
273,host-11,2,0,14,2,0,0,0.074750,0,32000,2392,0.074750,131072,2459,0.018761,0,0,2
273,host-12,2,0,14,2,0,0,0.094469,0,32000,3023,0.094469,131072,3506,0.026749,0,0,2
273,host-13,2,0,14,2,0,0,0.137937,0,32000,4414,0.137937,131072,4789,0.036537,0,0,2
273,host-14,2,0,14,2,0,0,0.109063,0,32000,3490,0.109063,131072,2861,0.021828,0,0,2
273,host-15,3,0,14,3,0,0,0.156344,0,32000,5003,0.156344,131072,6421,0.048988,0,0,3
273,host-16,2,0,14,2,0,0,0.108125,0,32000,3460,0.108125,131072,3357,0.025612,0,0,2
273,host-17,2,2,14,2,2,0,0.083781,0,32000,2681,0.083781,131072,2464,0.018799,2,0,0
273,host-18,2,1,14,2,1,0,0.085156,0,32000,2725,0.085156,131072,2476,0.018890,1,0,1
273,host-19,2,0,14,2,0,0,0.097437,0,32000,3118,0.097437,131072,2566,0.019577,0,0,2
273,host-2,1,0,14,1,0,0,0.057906,0,32000,1853,0.057906,131072,1407,0.010735,0,0,1
273,host-20,1,0,14,1,0,0,0.059625,0,32000,1908,0.059625,131072,2224,0.016968,0,0,1
273,host-21,1,0,14,1,0,0,0.071094,0,32000,2275,0.071094,131072,2314,0.017654,0,0,1
273,host-22,1,0,14,1,0,0,0.070719,0,32000,2263,0.070719,131072,2580,0.019684,0,0,1
273,host-23,2,1,14,2,1,0,0.081750,0,32000,2616,0.081750,131072,2237,0.017067,1,0,1
273,host-24,3,0,14,3,0,0,0.113719,0,32000,3639,0.113719,131072,3616,0.027588,0,0,3
273,host-3,2,0,14,2,0,0,0.124719,0,32000,3991,0.124719,131072,4139,0.031578,0,0,2
273,host-4,2,0,14,2,0,0,0.096781,0,32000,3097,0.096781,131072,3544,0.027039,0,0,2
273,host-5,3,0,14,3,0,0,0.108313,0,32000,3466,0.108313,131072,3835,0.029259,0,0,3
273,host-6,3,0,14,3,0,0,0.156625,0,32000,5012,0.156625,131072,5102,0.038925,0,0,3
273,host-7,2,1,14,2,1,0,0.117750,0,32000,3768,0.117750,131072,3518,0.026840,1,0,1
273,host-8,2,0,14,2,0,0,0.087906,0,32000,2813,0.087906,131072,2606,0.019882,0,0,2
273,host-9,2,0,14,2,0,0,0.060062,0,32000,1922,0.060062,131072,2276,0.017365,0,0,2
274,host-1,2,0,14,2,0,0,0.146281,0,32000,4681,0.146281,131072,5326,0.040634,0,0,2
274,host-10,2,0,14,2,0,0,0.104594,0,32000,3347,0.104594,131072,3808,0.029053,0,0,2
274,host-11,1,0,14,1,0,0,0.029562,0,32000,946,0.029562,131072,1015,0.007744,0,0,1
274,host-12,2,0,14,2,0,0,0.094469,0,32000,3023,0.094469,131072,3506,0.026749,0,0,2
274,host-13,2,0,14,2,0,0,0.137937,0,32000,4414,0.137937,131072,4789,0.036537,0,0,2
274,host-14,2,0,14,2,0,0,0.109063,0,32000,3490,0.109063,131072,2861,0.021828,0,0,2
274,host-15,3,0,14,3,0,0,0.156344,0,32000,5003,0.156344,131072,6421,0.048988,0,0,3
274,host-16,2,0,14,2,0,0,0.108125,0,32000,3460,0.108125,131072,3357,0.025612,0,0,2
274,host-17,2,1,14,2,1,0,0.083781,0,32000,2681,0.083781,131072,2464,0.018799,1,0,1
274,host-18,2,0,14,2,0,0,0.085156,0,32000,2725,0.085156,131072,2476,0.018890,0,0,2
274,host-19,2,0,14,2,0,0,0.097437,0,32000,3118,0.097437,131072,2566,0.019577,0,0,2
274,host-2,2,1,14,2,1,0,0.108406,0,32000,3469,0.108406,131072,2974,0.022690,1,0,1
274,host-20,2,1,14,2,1,0,0.114656,0,32000,3669,0.114656,131072,3491,0.026634,1,0,1
274,host-21,1,0,14,1,0,0,0.071094,0,32000,2275,0.071094,131072,2314,0.017654,0,0,1
274,host-22,1,0,14,1,0,0,0.070719,0,32000,2263,0.070719,131072,2580,0.019684,0,0,1
274,host-23,2,0,14,2,0,0,0.081750,0,32000,2616,0.081750,131072,2237,0.017067,0,0,2
274,host-24,3,0,14,3,0,0,0.113719,0,32000,3639,0.113719,131072,3616,0.027588,0,0,3
274,host-3,2,0,14,2,0,0,0.124719,0,32000,3991,0.124719,131072,4139,0.031578,0,0,2
274,host-4,2,0,14,2,0,0,0.096781,0,32000,3097,0.096781,131072,3544,0.027039,0,0,2
274,host-5,3,0,14,3,0,0,0.108313,0,32000,3466,0.108313,131072,3835,0.029259,0,0,3
274,host-6,3,0,14,3,0,0,0.156625,0,32000,5012,0.156625,131072,5102,0.038925,0,0,3
274,host-7,2,0,14,2,0,0,0.117750,0,32000,3768,0.117750,131072,3518,0.026840,0,0,2
274,host-8,2,0,14,2,0,0,0.087906,0,32000,2813,0.087906,131072,2606,0.019882,0,0,2
274,host-9,2,0,14,2,0,0,0.060062,0,32000,1922,0.060062,131072,2276,0.017365,0,0,2
275,host-1,2,0,14,2,0,0,0.146281,0,32000,4681,0.146281,131072,5326,0.040634,0,0,2
275,host-10,2,0,14,2,0,0,0.104594,0,32000,3347,0.104594,131072,3808,0.029053,0,0,2
275,host-11,2,1,14,2,1,0,0.100344,0,32000,3211,0.100344,131072,3329,0.025398,1,0,1
275,host-12,2,0,14,2,0,0,0.094469,0,32000,3023,0.094469,131072,3506,0.026749,0,0,2
275,host-13,2,0,14,2,0,0,0.137937,0,32000,4414,0.137937,131072,4789,0.036537,0,0,2
275,host-14,2,0,14,2,0,0,0.109063,0,32000,3490,0.109063,131072,2861,0.021828,0,0,2
275,host-15,3,0,14,3,0,0,0.156344,0,32000,5003,0.156344,131072,6421,0.048988,0,0,3
275,host-16,2,0,14,2,0,0,0.108125,0,32000,3460,0.108125,131072,3357,0.025612,0,0,2
275,host-17,2,0,14,2,0,0,0.083781,0,32000,2681,0.083781,131072,2464,0.018799,0,0,2
275,host-18,2,0,14,2,0,0,0.085156,0,32000,2725,0.085156,131072,2476,0.018890,0,0,2
275,host-19,2,0,14,2,0,0,0.097437,0,32000,3118,0.097437,131072,2566,0.019577,0,0,2
275,host-2,2,0,14,2,0,0,0.108406,0,32000,3469,0.108406,131072,2974,0.022690,0,0,2
275,host-20,2,1,14,2,1,0,0.114656,0,32000,3669,0.114656,131072,3491,0.026634,1,0,1
275,host-21,1,0,14,1,0,0,0.071094,0,32000,2275,0.071094,131072,2314,0.017654,0,0,1
275,host-22,0,0,14,0,0,0,0.000000,0,32000,0,0.000000,131072,0,0.000000,0,0,0
275,host-23,2,0,14,2,0,0,0.081750,0,32000,2616,0.081750,131072,2237,0.017067,0,0,2
275,host-24,3,0,14,3,0,0,0.113719,0,32000,3639,0.113719,131072,3616,0.027588,0,0,3
275,host-3,2,0,14,2,0,0,0.124719,0,32000,3991,0.124719,131072,4139,0.031578,0,0,2
275,host-4,2,0,14,2,0,0,0.096781,0,32000,3097,0.096781,131072,3544,0.027039,0,0,2
275,host-5,3,0,14,3,0,0,0.108313,0,32000,3466,0.108313,131072,3835,0.029259,0,0,3
275,host-6,3,0,14,3,0,0,0.156625,0,32000,5012,0.156625,131072,5102,0.038925,0,0,3
275,host-7,2,0,14,2,0,0,0.117750,0,32000,3768,0.117750,131072,3518,0.026840,0,0,2
275,host-8,2,0,14,2,0,0,0.087906,0,32000,2813,0.087906,131072,2606,0.019882,0,0,2
275,host-9,2,0,14,2,0,0,0.060062,0,32000,1922,0.060062,131072,2276,0.017365,0,0,2
276,host-1,2,0,14,2,0,0,0.146281,0,32000,4681,0.146281,131072,5326,0.040634,0,0,2
276,host-10,2,0,14,2,0,0,0.104594,0,32000,3347,0.104594,131072,3808,0.029053,0,0,2
276,host-11,2,1,14,2,1,0,0.100344,0,32000,3211,0.100344,131072,3329,0.025398,0,1,1
276,host-12,2,0,14,2,0,0,0.094469,0,32000,3023,0.094469,131072,3506,0.026749,0,0,2
276,host-13,2,0,14,2,0,0,0.137937,0,32000,4414,0.137937,131072,4789,0.036537,0,0,2
276,host-14,2,0,14,2,0,0,0.109063,0,32000,3490,0.109063,131072,2861,0.021828,0,0,2
276,host-15,3,0,14,3,0,0,0.156344,0,32000,5003,0.156344,131072,6421,0.048988,0,0,3
276,host-16,2,0,14,2,0,0,0.108125,0,32000,3460,0.108125,131072,3357,0.025612,0,0,2
276,host-17,2,0,14,2,0,0,0.083781,0,32000,2681,0.083781,131072,2464,0.018799,0,0,2
276,host-18,2,0,14,2,0,0,0.085156,0,32000,2725,0.085156,131072,2476,0.018890,0,0,2
276,host-19,2,0,14,2,0,0,0.097437,0,32000,3118,0.097437,131072,2566,0.019577,0,0,2
276,host-2,2,0,14,2,0,0,0.108406,0,32000,3469,0.108406,131072,2974,0.022690,0,0,2
276,host-20,2,0,14,2,0,0,0.114656,0,32000,3669,0.114656,131072,3491,0.026634,0,0,2
276,host-21,1,0,14,1,0,0,0.071094,0,32000,2275,0.071094,131072,2314,0.017654,0,0,1
276,host-22,1,1,14,1,1,0,0.043750,0,32000,1400,0.043750,131072,1104,0.008423,1,0,0
276,host-23,2,0,14,2,0,0,0.081750,0,32000,2616,0.081750,131072,2237,0.017067,0,0,2
276,host-24,3,0,14,3,0,0,0.113719,0,32000,3639,0.113719,131072,3616,0.027588,0,0,3
276,host-3,2,0,14,2,0,0,0.124719,0,32000,3991,0.124719,131072,4139,0.031578,0,0,2
276,host-4,2,0,14,2,0,0,0.096781,0,32000,3097,0.096781,131072,3544,0.027039,0,0,2
276,host-5,3,0,14,3,0,0,0.108313,0,32000,3466,0.108313,131072,3835,0.029259,0,0,3
276,host-6,3,0,14,3,0,0,0.156625,0,32000,5012,0.156625,131072,5102,0.038925,0,0,3
276,host-7,2,1,14,2,1,0,0.117750,0,32000,3768,0.117750,131072,3518,0.026840,0,1,1
276,host-8,2,0,14,2,0,0,0.087906,0,32000,2813,0.087906,131072,2606,0.019882,0,0,2
276,host-9,2,0,14,2,0,0,0.060062,0,32000,1922,0.060062,131072,2276,0.017365,0,0,2
277,host-1,2,0,14,2,0,0,0.146281,0,32000,4681,0.146281,131072,5326,0.040634,0,0,2
277,host-10,2,0,14,2,0,0,0.104594,0,32000,3347,0.104594,131072,3808,0.029053,0,0,2
277,host-11,2,0,14,2,0,0,0.100344,0,32000,3211,0.100344,131072,3329,0.025398,0,0,2
277,host-12,2,0,14,2,0,0,0.094469,0,32000,3023,0.094469,131072,3506,0.026749,0,0,2
277,host-13,2,0,14,2,0,0,0.137937,0,32000,4414,0.137937,131072,4789,0.036537,0,0,2
277,host-14,1,0,14,1,0,0,0.031844,0,32000,1019,0.031844,131072,563,0.004295,0,0,1
277,host-15,3,0,14,3,0,0,0.156344,0,32000,5003,0.156344,131072,6421,0.048988,0,0,3
277,host-16,2,0,14,2,0,0,0.108125,0,32000,3460,0.108125,131072,3357,0.025612,0,0,2
277,host-17,2,0,14,2,0,0,0.083781,0,32000,2681,0.083781,131072,2464,0.018799,0,0,2
277,host-18,2,0,14,2,0,0,0.085156,0,32000,2725,0.085156,131072,2476,0.018890,0,0,2
277,host-19,1,0,14,1,0,0,0.044875,0,32000,1436,0.044875,131072,813,0.006203,0,0,1
277,host-2,2,0,14,2,0,0,0.108406,0,32000,3469,0.108406,131072,2974,0.022690,0,0,2
277,host-20,2,0,14,2,0,0,0.114656,0,32000,3669,0.114656,131072,3491,0.026634,0,0,2
277,host-21,1,0,14,1,0,0,0.071094,0,32000,2275,0.071094,131072,2314,0.017654,0,0,1
277,host-22,2,0,14,2,0,0,0.087500,0,32000,2800,0.087500,131072,2208,0.016846,0,0,2
277,host-23,2,0,14,2,0,0,0.081750,0,32000,2616,0.081750,131072,2237,0.017067,0,0,2
277,host-24,1,0,14,1,0,0,0.028250,0,32000,904,0.028250,131072,1365,0.010414,0,0,1
277,host-3,2,0,14,2,0,0,0.124719,0,32000,3991,0.124719,131072,4139,0.031578,0,0,2
277,host-4,2,0,14,2,0,0,0.096781,0,32000,3097,0.096781,131072,3544,0.027039,0,0,2
277,host-5,3,0,14,3,0,0,0.108313,0,32000,3466,0.108313,131072,3835,0.029259,0,0,3
277,host-6,3,0,14,3,0,0,0.156625,0,32000,5012,0.156625,131072,5102,0.038925,0,0,3
277,host-7,2,0,14,2,0,0,0.117750,0,32000,3768,0.117750,131072,3518,0.026840,0,0,2
277,host-8,1,0,14,1,0,0,0.051437,0,32000,1646,0.051437,131072,1241,0.009468,0,0,1
277,host-9,2,0,14,2,0,0,0.060062,0,32000,1922,0.060062,131072,2276,0.017365,0,0,2
278,host-1,2,0,14,2,0,0,0.146281,0,32000,4681,0.146281,131072,5326,0.040634,0,0,2
278,host-10,2,0,14,2,0,0,0.104594,0,32000,3347,0.104594,131072,3808,0.029053,0,0,2
278,host-11,2,0,14,2,0,0,0.100344,0,32000,3211,0.100344,131072,3329,0.025398,0,0,2
278,host-12,2,0,14,2,0,0,0.094469,0,32000,3023,0.094469,131072,3506,0.026749,0,0,2
278,host-13,2,0,14,2,0,0,0.137937,0,32000,4414,0.137937,131072,4789,0.036537,0,0,2
278,host-14,1,0,14,1,0,0,0.031844,0,32000,1019,0.031844,131072,563,0.004295,0,0,1
278,host-15,3,0,14,3,0,0,0.156344,0,32000,5003,0.156344,131072,6421,0.048988,0,0,3
278,host-16,2,0,14,2,0,0,0.108125,0,32000,3460,0.108125,131072,3357,0.025612,0,0,2
278,host-17,2,0,14,2,0,0,0.083781,0,32000,2681,0.083781,131072,2464,0.018799,0,0,2
278,host-18,1,0,14,1,0,0,0.034344,0,32000,1099,0.034344,131072,893,0.006813,0,0,1
278,host-19,1,0,14,1,0,0,0.044875,0,32000,1436,0.044875,131072,813,0.006203,0,0,1
278,host-2,2,0,14,2,0,0,0.108406,0,32000,3469,0.108406,131072,2974,0.022690,0,0,2
278,host-20,2,0,14,2,0,0,0.114656,0,32000,3669,0.114656,131072,3491,0.026634,0,0,2
278,host-21,1,0,14,1,0,0,0.071094,0,32000,2275,0.071094,131072,2314,0.017654,0,0,1
278,host-22,2,0,14,2,0,0,0.087500,0,32000,2800,0.087500,131072,2208,0.016846,0,0,2
278,host-23,2,0,14,2,0,0,0.081750,0,32000,2616,0.081750,131072,2237,0.017067,0,0,2
278,host-24,1,0,14,1,0,0,0.028250,0,32000,904,0.028250,131072,1365,0.010414,0,0,1
278,host-3,2,0,14,2,0,0,0.124719,0,32000,3991,0.124719,131072,4139,0.031578,0,0,2
278,host-4,2,0,14,2,0,0,0.096781,0,32000,3097,0.096781,131072,3544,0.027039,0,0,2
278,host-5,3,0,14,3,0,0,0.108313,0,32000,3466,0.108313,131072,3835,0.029259,0,0,3
278,host-6,3,0,14,3,0,0,0.156625,0,32000,5012,0.156625,131072,5102,0.038925,0,0,3
278,host-7,2,0,14,2,0,0,0.117750,0,32000,3768,0.117750,131072,3518,0.026840,0,0,2
278,host-8,1,0,14,1,0,0,0.051437,0,32000,1646,0.051437,131072,1241,0.009468,0,0,1
278,host-9,2,0,14,2,0,0,0.060062,0,32000,1922,0.060062,131072,2276,0.017365,0,0,2
279,host-1,2,0,14,2,0,0,0.146281,0,32000,4681,0.146281,131072,5326,0.040634,0,0,2
279,host-10,2,0,14,2,0,0,0.104594,0,32000,3347,0.104594,131072,3808,0.029053,0,0,2
279,host-11,2,0,14,2,0,0,0.100344,0,32000,3211,0.100344,131072,3329,0.025398,0,0,2
279,host-12,2,0,14,2,0,0,0.094469,0,32000,3023,0.094469,131072,3506,0.026749,0,0,2
279,host-13,2,0,14,2,0,0,0.137937,0,32000,4414,0.137937,131072,4789,0.036537,0,0,2
279,host-14,1,0,14,1,0,0,0.031844,0,32000,1019,0.031844,131072,563,0.004295,0,0,1
279,host-15,3,0,14,3,0,0,0.156344,0,32000,5003,0.156344,131072,6421,0.048988,0,0,3
279,host-16,2,0,14,2,0,0,0.108125,0,32000,3460,0.108125,131072,3357,0.025612,0,0,2
279,host-17,2,0,14,2,0,0,0.083781,0,32000,2681,0.083781,131072,2464,0.018799,0,0,2
279,host-18,1,0,14,1,0,0,0.034344,0,32000,1099,0.034344,131072,893,0.006813,0,0,1
279,host-19,1,0,14,1,0,0,0.044875,0,32000,1436,0.044875,131072,813,0.006203,0,0,1
279,host-2,2,0,14,2,0,0,0.108406,0,32000,3469,0.108406,131072,2974,0.022690,0,0,2
279,host-20,2,0,14,2,0,0,0.114656,0,32000,3669,0.114656,131072,3491,0.026634,0,0,2
279,host-21,1,0,14,1,0,0,0.071094,0,32000,2275,0.071094,131072,2314,0.017654,0,0,1
279,host-22,2,0,14,2,0,0,0.087500,0,32000,2800,0.087500,131072,2208,0.016846,0,0,2
279,host-23,2,0,14,2,0,0,0.081750,0,32000,2616,0.081750,131072,2237,0.017067,0,0,2
279,host-24,1,0,14,1,0,0,0.028250,0,32000,904,0.028250,131072,1365,0.010414,0,0,1
279,host-3,2,0,14,2,0,0,0.124719,0,32000,3991,0.124719,131072,4139,0.031578,0,0,2
279,host-4,2,0,14,2,0,0,0.096781,0,32000,3097,0.096781,131072,3544,0.027039,0,0,2
279,host-5,2,0,14,2,0,0,0.069969,0,32000,2239,0.069969,131072,2931,0.022362,0,0,2
279,host-6,3,0,14,3,0,0,0.156625,0,32000,5012,0.156625,131072,5102,0.038925,0,0,3
279,host-7,2,0,14,2,0,0,0.117750,0,32000,3768,0.117750,131072,3518,0.026840,0,0,2
279,host-8,1,0,14,1,0,0,0.051437,0,32000,1646,0.051437,131072,1241,0.009468,0,0,1
279,host-9,2,0,14,2,0,0,0.060062,0,32000,1922,0.060062,131072,2276,0.017365,0,0,2
280,host-1,2,0,14,2,0,0,0.146281,0,32000,4681,0.146281,131072,5326,0.040634,0,0,2
280,host-10,2,0,14,2,0,0,0.104594,0,32000,3347,0.104594,131072,3808,0.029053,0,0,2
280,host-11,2,0,14,2,0,0,0.100344,0,32000,3211,0.100344,131072,3329,0.025398,0,0,2
280,host-12,2,0,14,2,0,0,0.094469,0,32000,3023,0.094469,131072,3506,0.026749,0,0,2
280,host-13,2,0,14,2,0,0,0.137937,0,32000,4414,0.137937,131072,4789,0.036537,0,0,2
280,host-14,1,0,14,1,0,0,0.031844,0,32000,1019,0.031844,131072,563,0.004295,0,0,1
280,host-15,3,0,14,3,0,0,0.156344,0,32000,5003,0.156344,131072,6421,0.048988,0,0,3
280,host-16,2,0,14,2,0,0,0.108125,0,32000,3460,0.108125,131072,3357,0.025612,0,0,2
280,host-17,2,0,14,2,0,0,0.083781,0,32000,2681,0.083781,131072,2464,0.018799,0,0,2
280,host-18,1,0,14,1,0,0,0.034344,0,32000,1099,0.034344,131072,893,0.006813,0,0,1
280,host-19,1,0,14,1,0,0,0.044875,0,32000,1436,0.044875,131072,813,0.006203,0,0,1
280,host-2,2,0,14,2,0,0,0.108406,0,32000,3469,0.108406,131072,2974,0.022690,0,0,2
280,host-20,2,0,14,2,0,0,0.114656,0,32000,3669,0.114656,131072,3491,0.026634,0,0,2
280,host-21,1,0,14,1,0,0,0.071094,0,32000,2275,0.071094,131072,2314,0.017654,0,0,1
280,host-22,2,0,14,2,0,0,0.087500,0,32000,2800,0.087500,131072,2208,0.016846,0,0,2
280,host-23,2,0,14,2,0,0,0.081750,0,32000,2616,0.081750,131072,2237,0.017067,0,0,2
280,host-24,1,0,14,1,0,0,0.028250,0,32000,904,0.028250,131072,1365,0.010414,0,0,1
280,host-3,2,0,14,2,0,0,0.124719,0,32000,3991,0.124719,131072,4139,0.031578,0,0,2
280,host-4,2,0,14,2,0,0,0.096781,0,32000,3097,0.096781,131072,3544,0.027039,0,0,2
280,host-5,2,0,14,2,0,0,0.069969,0,32000,2239,0.069969,131072,2931,0.022362,0,0,2
280,host-6,3,0,14,3,0,0,0.156625,0,32000,5012,0.156625,131072,5102,0.038925,0,0,3
280,host-7,2,0,14,2,0,0,0.117750,0,32000,3768,0.117750,131072,3518,0.026840,0,0,2
280,host-8,1,0,14,1,0,0,0.051437,0,32000,1646,0.051437,131072,1241,0.009468,0,0,1
280,host-9,2,0,14,2,0,0,0.060062,0,32000,1922,0.060062,131072,2276,0.017365,0,0,2
281,host-1,2,0,14,2,0,0,0.146281,0,32000,4681,0.146281,131072,5326,0.040634,0,0,2
281,host-10,2,0,14,2,0,0,0.104594,0,32000,3347,0.104594,131072,3808,0.029053,0,0,2
281,host-11,2,0,14,2,0,0,0.100344,0,32000,3211,0.100344,131072,3329,0.025398,0,0,2
281,host-12,2,0,14,2,0,0,0.094469,0,32000,3023,0.094469,131072,3506,0.026749,0,0,2
281,host-13,2,0,14,2,0,0,0.137937,0,32000,4414,0.137937,131072,4789,0.036537,0,0,2
281,host-14,1,0,14,1,0,0,0.031844,0,32000,1019,0.031844,131072,563,0.004295,0,0,1
281,host-15,3,0,14,3,0,0,0.156344,0,32000,5003,0.156344,131072,6421,0.048988,0,0,3
281,host-16,2,0,14,2,0,0,0.108125,0,32000,3460,0.108125,131072,3357,0.025612,0,0,2
281,host-17,2,0,14,2,0,0,0.083781,0,32000,2681,0.083781,131072,2464,0.018799,0,0,2
281,host-18,1,0,14,1,0,0,0.034344,0,32000,1099,0.034344,131072,893,0.006813,0,0,1
281,host-19,1,0,14,1,0,0,0.044875,0,32000,1436,0.044875,131072,813,0.006203,0,0,1
281,host-2,2,0,14,2,0,0,0.108406,0,32000,3469,0.108406,131072,2974,0.022690,0,0,2
281,host-20,2,0,14,2,0,0,0.114656,0,32000,3669,0.114656,131072,3491,0.026634,0,0,2
281,host-21,1,0,14,1,0,0,0.071094,0,32000,2275,0.071094,131072,2314,0.017654,0,0,1
281,host-22,2,0,14,2,0,0,0.087500,0,32000,2800,0.087500,131072,2208,0.016846,0,0,2
281,host-23,2,0,14,2,0,0,0.081750,0,32000,2616,0.081750,131072,2237,0.017067,0,0,2
281,host-24,2,1,14,2,1,0,0.072750,0,32000,2328,0.072750,131072,2513,0.019173,1,0,1
281,host-3,2,0,14,2,0,0,0.124719,0,32000,3991,0.124719,131072,4139,0.031578,0,0,2
281,host-4,2,0,14,2,0,0,0.096781,0,32000,3097,0.096781,131072,3544,0.027039,0,0,2
281,host-5,2,0,14,2,0,0,0.069969,0,32000,2239,0.069969,131072,2931,0.022362,0,0,2
281,host-6,3,0,14,3,0,0,0.156625,0,32000,5012,0.156625,131072,5102,0.038925,0,0,3
281,host-7,2,0,14,2,0,0,0.117750,0,32000,3768,0.117750,131072,3518,0.026840,0,0,2
281,host-8,1,0,14,1,0,0,0.051437,0,32000,1646,0.051437,131072,1241,0.009468,0,0,1
281,host-9,2,0,14,2,0,0,0.060062,0,32000,1922,0.060062,131072,2276,0.017365,0,0,2
282,host-1,2,0,14,2,0,0,0.146281,0,32000,4681,0.146281,131072,5326,0.040634,0,0,2
282,host-10,2,0,14,2,0,0,0.104594,0,32000,3347,0.104594,131072,3808,0.029053,0,0,2
282,host-11,2,0,14,2,0,0,0.100344,0,32000,3211,0.100344,131072,3329,0.025398,0,0,2
282,host-12,2,0,14,2,0,0,0.094469,0,32000,3023,0.094469,131072,3506,0.026749,0,0,2
282,host-13,2,0,14,2,0,0,0.137937,0,32000,4414,0.137937,131072,4789,0.036537,0,0,2
282,host-14,2,1,14,2,1,0,0.080219,0,32000,2567,0.080219,131072,1606,0.012253,1,0,1
282,host-15,3,0,14,3,0,0,0.156344,0,32000,5003,0.156344,131072,6421,0.048988,0,0,3
282,host-16,2,0,14,2,0,0,0.108125,0,32000,3460,0.108125,131072,3357,0.025612,0,0,2
282,host-17,2,0,14,2,0,0,0.083781,0,32000,2681,0.083781,131072,2464,0.018799,0,0,2
282,host-18,2,1,14,2,1,0,0.076844,0,32000,2459,0.076844,131072,1790,0.013657,1,0,1
282,host-19,2,1,14,2,1,0,0.090063,0,32000,2882,0.090063,131072,2257,0.017220,1,0,1
282,host-2,2,0,14,2,0,0,0.108406,0,32000,3469,0.108406,131072,2974,0.022690,0,0,2
282,host-20,2,0,14,2,0,0,0.114656,0,32000,3669,0.114656,131072,3491,0.026634,0,0,2
282,host-21,1,0,14,1,0,0,0.071094,0,32000,2275,0.071094,131072,2314,0.017654,0,0,1
282,host-22,2,0,14,2,0,0,0.087500,0,32000,2800,0.087500,131072,2208,0.016846,0,0,2
282,host-23,2,0,14,2,0,0,0.081750,0,32000,2616,0.081750,131072,2237,0.017067,0,0,2
282,host-24,2,0,14,2,0,0,0.072750,0,32000,2328,0.072750,131072,2513,0.019173,0,0,2
282,host-3,2,0,14,2,0,0,0.124719,0,32000,3991,0.124719,131072,4139,0.031578,0,0,2
282,host-4,2,0,14,2,0,0,0.096781,0,32000,3097,0.096781,131072,3544,0.027039,0,0,2
282,host-5,2,0,14,2,0,0,0.069969,0,32000,2239,0.069969,131072,2931,0.022362,0,0,2
282,host-6,3,0,14,3,0,0,0.156625,0,32000,5012,0.156625,131072,5102,0.038925,0,0,3
282,host-7,2,0,14,2,0,0,0.117750,0,32000,3768,0.117750,131072,3518,0.026840,0,0,2
282,host-8,2,1,14,2,1,0,0.083375,0,32000,2668,0.083375,131072,1822,0.013901,1,0,1
282,host-9,2,0,14,2,0,0,0.060062,0,32000,1922,0.060062,131072,2276,0.017365,0,0,2
283,host-1,2,0,14,2,0,0,0.146281,0,32000,4681,0.146281,131072,5326,0.040634,0,0,2
283,host-10,2,0,14,2,0,0,0.104594,0,32000,3347,0.104594,131072,3808,0.029053,0,0,2
283,host-11,2,0,14,2,0,0,0.100344,0,32000,3211,0.100344,131072,3329,0.025398,0,0,2
283,host-12,1,0,14,1,0,0,0.053094,0,32000,1699,0.053094,131072,2392,0.018250,0,0,1
283,host-13,2,0,14,2,0,0,0.137937,0,32000,4414,0.137937,131072,4789,0.036537,0,0,2
283,host-14,2,1,14,2,1,0,0.080219,0,32000,2567,0.080219,131072,1606,0.012253,0,1,1
283,host-15,3,0,14,3,0,0,0.156344,0,32000,5003,0.156344,131072,6421,0.048988,0,0,3
283,host-16,1,0,14,1,0,0,0.081250,0,32000,2600,0.081250,131072,2826,0.021561,0,0,1
283,host-17,2,0,14,2,0,0,0.083781,0,32000,2681,0.083781,131072,2464,0.018799,0,0,2
283,host-18,2,0,14,2,0,0,0.076844,0,32000,2459,0.076844,131072,1790,0.013657,0,0,2
283,host-19,2,0,14,2,0,0,0.090063,0,32000,2882,0.090063,131072,2257,0.017220,0,0,2
283,host-2,2,0,14,2,0,0,0.108406,0,32000,3469,0.108406,131072,2974,0.022690,0,0,2
283,host-20,1,0,14,1,0,0,0.055031,0,32000,1761,0.055031,131072,1267,0.009666,0,0,1
283,host-21,0,0,14,0,0,0,0.000000,0,32000,0,0.000000,131072,0,0.000000,0,0,0
283,host-22,2,0,14,2,0,0,0.087500,0,32000,2800,0.087500,131072,2208,0.016846,0,0,2
283,host-23,2,0,14,2,0,0,0.081750,0,32000,2616,0.081750,131072,2237,0.017067,0,0,2
283,host-24,2,0,14,2,0,0,0.072750,0,32000,2328,0.072750,131072,2513,0.019173,0,0,2
283,host-3,1,0,14,1,0,0,0.050937,0,32000,1630,0.050937,131072,1533,0.011696,0,0,1
283,host-4,1,0,14,1,0,0,0.058438,0,32000,1870,0.058438,131072,2344,0.017883,0,0,1
283,host-5,1,0,14,1,0,0,0.025969,0,32000,831,0.025969,131072,1049,0.008003,0,0,1
283,host-6,3,0,14,3,0,0,0.156625,0,32000,5012,0.156625,131072,5102,0.038925,0,0,3
283,host-7,2,0,14,2,0,0,0.117750,0,32000,3768,0.117750,131072,3518,0.026840,0,0,2
283,host-8,2,1,14,2,1,0,0.083375,0,32000,2668,0.083375,131072,1822,0.013901,1,0,1
283,host-9,3,1,14,3,1,0,0.092000,0,32000,2944,0.092000,131072,2857,0.021797,1,0,2
284,host-1,2,0,14,2,0,0,0.146281,0,32000,4681,0.146281,131072,5326,0.040634,0,0,2
284,host-10,2,0,14,2,0,0,0.104594,0,32000,3347,0.104594,131072,3808,0.029053,0,0,2
284,host-11,2,0,14,2,0,0,0.100344,0,32000,3211,0.100344,131072,3329,0.025398,0,0,2
284,host-12,1,0,14,1,0,0,0.053094,0,32000,1699,0.053094,131072,2392,0.018250,0,0,1
284,host-13,1,0,14,1,0,0,0.071406,0,32000,2285,0.071406,131072,2568,0.019592,0,0,1
284,host-14,2,0,14,2,0,0,0.080219,0,32000,2567,0.080219,131072,1606,0.012253,0,0,2
284,host-15,3,0,14,3,0,0,0.156344,0,32000,5003,0.156344,131072,6421,0.048988,0,0,3
284,host-16,1,0,14,1,0,0,0.081250,0,32000,2600,0.081250,131072,2826,0.021561,0,0,1
284,host-17,2,0,14,2,0,0,0.083781,0,32000,2681,0.083781,131072,2464,0.018799,0,0,2
284,host-18,2,0,14,2,0,0,0.076844,0,32000,2459,0.076844,131072,1790,0.013657,0,0,2
284,host-19,2,0,14,2,0,0,0.090063,0,32000,2882,0.090063,131072,2257,0.017220,0,0,2
284,host-2,1,0,14,1,0,0,0.050500,0,32000,1616,0.050500,131072,1567,0.011955,0,0,1
284,host-20,1,0,14,1,0,0,0.055031,0,32000,1761,0.055031,131072,1267,0.009666,0,0,1
284,host-21,0,0,14,0,0,0,0.000000,0,32000,0,0.000000,131072,0,0.000000,0,0,0
284,host-22,2,0,14,2,0,0,0.087500,0,32000,2800,0.087500,131072,2208,0.016846,0,0,2
284,host-23,1,0,14,1,0,0,0.031469,0,32000,1007,0.031469,131072,708,0.005402,0,0,1
284,host-24,2,0,14,2,0,0,0.072750,0,32000,2328,0.072750,131072,2513,0.019173,0,0,2
284,host-3,1,0,14,1,0,0,0.050937,0,32000,1630,0.050937,131072,1533,0.011696,0,0,1
284,host-4,1,0,14,1,0,0,0.058438,0,32000,1870,0.058438,131072,2344,0.017883,0,0,1
284,host-5,1,0,14,1,0,0,0.025969,0,32000,831,0.025969,131072,1049,0.008003,0,0,1
284,host-6,3,0,14,3,0,0,0.156625,0,32000,5012,0.156625,131072,5102,0.038925,0,0,3
284,host-7,2,0,14,2,0,0,0.117750,0,32000,3768,0.117750,131072,3518,0.026840,0,0,2
284,host-8,2,0,14,2,0,0,0.083375,0,32000,2668,0.083375,131072,1822,0.013901,0,0,2
284,host-9,2,1,14,2,1,0,0.061500,0,32000,1968,0.061500,131072,1596,0.012177,1,0,1
285,host-1,2,0,14,2,0,0,0.146281,0,32000,4681,0.146281,131072,5326,0.040634,0,0,2
285,host-10,1,0,14,1,0,0,0.066375,0,32000,2124,0.066375,131072,2384,0.018188,0,0,1
285,host-11,2,0,14,2,0,0,0.100344,0,32000,3211,0.100344,131072,3329,0.025398,0,0,2
285,host-12,1,0,14,1,0,0,0.053094,0,32000,1699,0.053094,131072,2392,0.018250,0,0,1
285,host-13,1,0,14,1,0,0,0.071406,0,32000,2285,0.071406,131072,2568,0.019592,0,0,1
285,host-14,2,0,14,2,0,0,0.080219,0,32000,2567,0.080219,131072,1606,0.012253,0,0,2
285,host-15,2,0,14,2,0,0,0.125938,0,32000,4030,0.125938,131072,4863,0.037102,0,0,2
285,host-16,1,0,14,1,0,0,0.081250,0,32000,2600,0.081250,131072,2826,0.021561,0,0,1
285,host-17,2,0,14,2,0,0,0.083781,0,32000,2681,0.083781,131072,2464,0.018799,0,0,2
285,host-18,2,0,14,2,0,0,0.076844,0,32000,2459,0.076844,131072,1790,0.013657,0,0,2
285,host-19,2,0,14,2,0,0,0.090063,0,32000,2882,0.090063,131072,2257,0.017220,0,0,2
285,host-2,1,0,14,1,0,0,0.050500,0,32000,1616,0.050500,131072,1567,0.011955,0,0,1
285,host-20,1,0,14,1,0,0,0.055031,0,32000,1761,0.055031,131072,1267,0.009666,0,0,1
285,host-21,1,1,14,1,1,0,0.059625,0,32000,1908,0.059625,131072,2224,0.016968,1,0,0
285,host-22,2,0,14,2,0,0,0.087500,0,32000,2800,0.087500,131072,2208,0.016846,0,0,2
285,host-23,1,0,14,1,0,0,0.031469,0,32000,1007,0.031469,131072,708,0.005402,0,0,1
285,host-24,2,0,14,2,0,0,0.072750,0,32000,2328,0.072750,131072,2513,0.019173,0,0,2
285,host-3,1,0,14,1,0,0,0.050937,0,32000,1630,0.050937,131072,1533,0.011696,0,0,1
285,host-4,1,0,14,1,0,0,0.058438,0,32000,1870,0.058438,131072,2344,0.017883,0,0,1
285,host-5,2,1,14,2,1,0,0.092500,0,32000,2960,0.092500,131072,3270,0.024948,1,0,1
285,host-6,2,0,14,2,0,0,0.130656,0,32000,4181,0.130656,131072,4053,0.030922,0,0,2
285,host-7,2,0,14,2,0,0,0.117750,0,32000,3768,0.117750,131072,3518,0.026840,0,0,2
285,host-8,2,0,14,2,0,0,0.083375,0,32000,2668,0.083375,131072,1822,0.013901,0,0,2
285,host-9,2,0,14,2,0,0,0.061500,0,32000,1968,0.061500,131072,1596,0.012177,0,0,2
286,host-1,1,0,14,1,0,0,0.072156,0,32000,2309,0.072156,131072,2949,0.022499,0,0,1
286,host-10,1,0,14,1,0,0,0.066375,0,32000,2124,0.066375,131072,2384,0.018188,0,0,1
286,host-11,2,0,14,2,0,0,0.100344,0,32000,3211,0.100344,131072,3329,0.025398,0,0,2
286,host-12,1,0,14,1,0,0,0.053094,0,32000,1699,0.053094,131072,2392,0.018250,0,0,1
286,host-13,0,0,14,0,0,0,0.000000,0,32000,0,0.000000,131072,0,0.000000,0,0,0
286,host-14,1,0,14,1,0,0,0.048375,0,32000,1548,0.048375,131072,1043,0.007957,0,0,1
286,host-15,2,0,14,2,0,0,0.125938,0,32000,4030,0.125938,131072,4863,0.037102,0,0,2
286,host-16,1,0,14,1,0,0,0.081250,0,32000,2600,0.081250,131072,2826,0.021561,0,0,1
286,host-17,2,0,14,2,0,0,0.083781,0,32000,2681,0.083781,131072,2464,0.018799,0,0,2
286,host-18,2,0,14,2,0,0,0.076844,0,32000,2459,0.076844,131072,1790,0.013657,0,0,2
286,host-19,2,0,14,2,0,0,0.090063,0,32000,2882,0.090063,131072,2257,0.017220,0,0,2
286,host-2,2,1,14,2,1,0,0.117031,0,32000,3745,0.117031,131072,3788,0.028900,1,0,1
286,host-20,1,0,14,1,0,0,0.055031,0,32000,1761,0.055031,131072,1267,0.009666,0,0,1
286,host-21,1,0,14,1,0,0,0.059625,0,32000,1908,0.059625,131072,2224,0.016968,0,0,1
286,host-22,2,0,14,2,0,0,0.087500,0,32000,2800,0.087500,131072,2208,0.016846,0,0,2
286,host-23,2,1,14,2,1,0,0.058094,0,32000,1859,0.058094,131072,1781,0.013588,1,0,1
286,host-24,2,0,14,2,0,0,0.072750,0,32000,2328,0.072750,131072,2513,0.019173,0,0,2
286,host-3,0,0,14,0,0,0,0.000000,0,32000,0,0.000000,131072,0,0.000000,0,0,0
286,host-4,0,0,14,0,0,0,0.000000,0,32000,0,0.000000,131072,0,0.000000,0,0,0
286,host-5,1,1,14,1,1,0,0.066531,0,32000,2129,0.066531,131072,2221,0.016945,1,0,0
286,host-6,2,0,14,2,0,0,0.130656,0,32000,4181,0.130656,131072,4053,0.030922,0,0,2
286,host-7,2,0,14,2,0,0,0.117750,0,32000,3768,0.117750,131072,3518,0.026840,0,0,2
286,host-8,1,0,14,1,0,0,0.031938,0,32000,1022,0.031938,131072,581,0.004433,0,0,1
286,host-9,2,0,14,2,0,0,0.061500,0,32000,1968,0.061500,131072,1596,0.012177,0,0,2
287,host-1,1,0,14,1,0,0,0.072156,0,32000,2309,0.072156,131072,2949,0.022499,0,0,1
287,host-10,1,0,14,1,0,0,0.066375,0,32000,2124,0.066375,131072,2384,0.018188,0,0,1
287,host-11,2,0,14,2,0,0,0.100344,0,32000,3211,0.100344,131072,3329,0.025398,0,0,2
287,host-12,1,0,14,1,0,0,0.053094,0,32000,1699,0.053094,131072,2392,0.018250,0,0,1
287,host-13,1,1,14,1,1,0,0.062156,0,32000,1989,0.062156,131072,1467,0.011192,1,0,0
287,host-14,1,0,14,1,0,0,0.048375,0,32000,1548,0.048375,131072,1043,0.007957,0,0,1
287,host-15,2,0,14,2,0,0,0.125938,0,32000,4030,0.125938,131072,4863,0.037102,0,0,2
287,host-16,0,0,14,0,0,0,0.000000,0,32000,0,0.000000,131072,0,0.000000,0,0,0
287,host-17,2,0,14,2,0,0,0.083781,0,32000,2681,0.083781,131072,2464,0.018799,0,0,2
287,host-18,2,0,14,2,0,0,0.076844,0,32000,2459,0.076844,131072,1790,0.013657,0,0,2
287,host-19,2,0,14,2,0,0,0.090063,0,32000,2882,0.090063,131072,2257,0.017220,0,0,2
287,host-2,2,1,14,2,1,0,0.117031,0,32000,3745,0.117031,131072,3788,0.028900,1,0,1
287,host-20,1,0,14,1,0,0,0.055031,0,32000,1761,0.055031,131072,1267,0.009666,0,0,1
287,host-21,1,0,14,1,0,0,0.059625,0,32000,1908,0.059625,131072,2224,0.016968,0,0,1
287,host-22,2,0,14,2,0,0,0.087500,0,32000,2800,0.087500,131072,2208,0.016846,0,0,2
287,host-23,2,1,14,2,1,0,0.058094,0,32000,1859,0.058094,131072,1781,0.013588,0,1,1
287,host-24,1,0,14,1,0,0,0.044500,0,32000,1424,0.044500,131072,1148,0.008759,0,0,1
287,host-3,0,0,14,0,0,0,0.000000,0,32000,0,0.000000,131072,0,0.000000,0,0,0
287,host-4,0,0,14,0,0,0,0.000000,0,32000,0,0.000000,131072,0,0.000000,0,0,0
287,host-5,1,0,14,1,0,0,0.066531,0,32000,2129,0.066531,131072,2221,0.016945,0,0,1
287,host-6,2,0,14,2,0,0,0.130656,0,32000,4181,0.130656,131072,4053,0.030922,0,0,2
287,host-7,2,0,14,2,0,0,0.117750,0,32000,3768,0.117750,131072,3518,0.026840,0,0,2
287,host-8,1,0,14,1,0,0,0.031938,0,32000,1022,0.031938,131072,581,0.004433,0,0,1
287,host-9,2,0,14,2,0,0,0.061500,0,32000,1968,0.061500,131072,1596,0.012177,0,0,2
288,host-1,1,1,14,1,1,0,0.035250,0,32000,1128,0.035250,131072,1630,0.012436,1,0,0
288,host-10,1,0,14,1,0,0,0.066375,0,32000,2124,0.066375,131072,2384,0.018188,0,0,1
288,host-11,2,0,14,2,0,0,0.100344,0,32000,3211,0.100344,131072,3329,0.025398,0,0,2
288,host-12,1,1,14,1,1,0,0.034094,0,32000,1091,0.034094,131072,1460,0.011139,1,0,0
288,host-13,1,0,14,1,0,0,0.062156,0,32000,1989,0.062156,131072,1467,0.011192,0,0,1
288,host-14,1,0,14,1,0,0,0.048375,0,32000,1548,0.048375,131072,1043,0.007957,0,0,1
288,host-15,2,0,14,2,0,0,0.125938,0,32000,4030,0.125938,131072,4863,0.037102,0,0,2
288,host-16,2,2,14,2,2,0,0.080719,0,32000,2583,0.080719,131072,2783,0.021233,2,0,0
288,host-17,2,0,14,2,0,0,0.083781,0,32000,2681,0.083781,131072,2464,0.018799,0,0,2
288,host-18,2,0,14,2,0,0,0.076844,0,32000,2459,0.076844,131072,1790,0.013657,0,0,2
288,host-19,2,0,14,2,0,0,0.090063,0,32000,2882,0.090063,131072,2257,0.017220,0,0,2
288,host-2,2,0,14,2,0,0,0.117031,0,32000,3745,0.117031,131072,3788,0.028900,0,0,2
288,host-20,1,0,14,1,0,0,0.055031,0,32000,1761,0.055031,131072,1267,0.009666,0,0,1
288,host-21,1,0,14,1,0,0,0.059625,0,32000,1908,0.059625,131072,2224,0.016968,0,0,1
288,host-22,2,0,14,2,0,0,0.087500,0,32000,2800,0.087500,131072,2208,0.016846,0,0,2
288,host-23,2,0,14,2,0,0,0.058094,0,32000,1859,0.058094,131072,1781,0.013588,0,0,2
288,host-24,1,0,14,1,0,0,0.044500,0,32000,1424,0.044500,131072,1148,0.008759,0,0,1
288,host-3,1,1,14,1,1,0,0.052875,0,32000,1692,0.052875,131072,2022,0.015427,1,0,0
288,host-4,1,1,14,1,1,0,0.065844,0,32000,2107,0.065844,131072,1863,0.014214,1,0,0
288,host-5,1,0,14,1,0,0,0.066531,0,32000,2129,0.066531,131072,2221,0.016945,0,0,1
288,host-6,2,0,14,2,0,0,0.130656,0,32000,4181,0.130656,131072,4053,0.030922,0,0,2
288,host-7,2,0,14,2,0,0,0.117750,0,32000,3768,0.117750,131072,3518,0.026840,0,0,2
288,host-8,2,1,14,2,1,0,0.082875,0,32000,2652,0.082875,131072,2114,0.016129,1,0,1
288,host-9,2,0,14,2,0,0,0.061500,0,32000,1968,0.061500,131072,1596,0.012177,0,0,2
289,host-1,1,1,14,1,1,0,0.035250,0,32000,1128,0.035250,131072,1630,0.012436,1,0,0
289,host-10,1,0,14,1,0,0,0.066375,0,32000,2124,0.066375,131072,2384,0.018188,0,0,1
289,host-11,1,0,14,1,0,0,0.070781,0,32000,2265,0.070781,131072,2314,0.017654,0,0,1
289,host-12,2,2,14,2,2,0,0.085031,0,32000,2721,0.085031,131072,2993,0.022835,2,0,0
289,host-13,1,0,14,1,0,0,0.062156,0,32000,1989,0.062156,131072,1467,0.011192,0,0,1
289,host-14,1,0,14,1,0,0,0.048375,0,32000,1548,0.048375,131072,1043,0.007957,0,0,1
289,host-15,2,0,14,2,0,0,0.125938,0,32000,4030,0.125938,131072,4863,0.037102,0,0,2
289,host-16,2,0,14,2,0,0,0.080719,0,32000,2583,0.080719,131072,2783,0.021233,0,0,2
289,host-17,2,0,14,2,0,0,0.083781,0,32000,2681,0.083781,131072,2464,0.018799,0,0,2
289,host-18,2,0,14,2,0,0,0.076844,0,32000,2459,0.076844,131072,1790,0.013657,0,0,2
289,host-19,2,0,14,2,0,0,0.090063,0,32000,2882,0.090063,131072,2257,0.017220,0,0,2
289,host-2,2,0,14,2,0,0,0.117031,0,32000,3745,0.117031,131072,3788,0.028900,0,0,2
289,host-20,1,0,14,1,0,0,0.055031,0,32000,1761,0.055031,131072,1267,0.009666,0,0,1
289,host-21,1,0,14,1,0,0,0.059625,0,32000,1908,0.059625,131072,2224,0.016968,0,0,1
289,host-22,2,0,14,2,0,0,0.087500,0,32000,2800,0.087500,131072,2208,0.016846,0,0,2
289,host-23,2,0,14,2,0,0,0.058094,0,32000,1859,0.058094,131072,1781,0.013588,0,0,2
289,host-24,1,0,14,1,0,0,0.044500,0,32000,1424,0.044500,131072,1148,0.008759,0,0,1
289,host-3,1,1,14,1,1,0,0.052875,0,32000,1692,0.052875,131072,2022,0.015427,1,0,0
289,host-4,1,1,14,1,1,0,0.065844,0,32000,2107,0.065844,131072,1863,0.014214,1,0,0
289,host-5,1,0,14,1,0,0,0.066531,0,32000,2129,0.066531,131072,2221,0.016945,0,0,1
289,host-6,1,0,14,1,0,0,0.068781,0,32000,2201,0.068781,131072,1876,0.014313,0,0,1
289,host-7,2,0,14,2,0,0,0.117750,0,32000,3768,0.117750,131072,3518,0.026840,0,0,2
289,host-8,2,1,14,2,1,0,0.082875,0,32000,2652,0.082875,131072,2114,0.016129,1,0,1
289,host-9,1,0,14,1,0,0,0.031938,0,32000,1022,0.031938,131072,581,0.004433,0,0,1
290,host-1,1,0,14,1,0,0,0.035250,0,32000,1128,0.035250,131072,1630,0.012436,0,0,1
290,host-10,1,0,14,1,0,0,0.066375,0,32000,2124,0.066375,131072,2384,0.018188,0,0,1
290,host-11,1,0,14,1,0,0,0.070781,0,32000,2265,0.070781,131072,2314,0.017654,0,0,1
290,host-12,2,1,14,2,1,0,0.085031,0,32000,2721,0.085031,131072,2993,0.022835,1,0,1
290,host-13,1,0,14,1,0,0,0.062156,0,32000,1989,0.062156,131072,1467,0.011192,0,0,1
290,host-14,1,0,14,1,0,0,0.048375,0,32000,1548,0.048375,131072,1043,0.007957,0,0,1
290,host-15,1,0,14,1,0,0,0.064062,0,32000,2050,0.064062,131072,2686,0.020493,0,0,1
290,host-16,2,0,14,2,0,0,0.080719,0,32000,2583,0.080719,131072,2783,0.021233,0,0,2
290,host-17,2,0,14,2,0,0,0.083781,0,32000,2681,0.083781,131072,2464,0.018799,0,0,2
290,host-18,2,0,14,2,0,0,0.076844,0,32000,2459,0.076844,131072,1790,0.013657,0,0,2
290,host-19,2,0,14,2,0,0,0.090063,0,32000,2882,0.090063,131072,2257,0.017220,0,0,2
290,host-2,2,0,14,2,0,0,0.117031,0,32000,3745,0.117031,131072,3788,0.028900,0,0,2
290,host-20,1,0,14,1,0,0,0.055031,0,32000,1761,0.055031,131072,1267,0.009666,0,0,1
290,host-21,1,0,14,1,0,0,0.059625,0,32000,1908,0.059625,131072,2224,0.016968,0,0,1
290,host-22,2,0,14,2,0,0,0.087500,0,32000,2800,0.087500,131072,2208,0.016846,0,0,2
290,host-23,2,0,14,2,0,0,0.058094,0,32000,1859,0.058094,131072,1781,0.013588,0,0,2
290,host-24,1,0,14,1,0,0,0.044500,0,32000,1424,0.044500,131072,1148,0.008759,0,0,1
290,host-3,1,0,14,1,0,0,0.052875,0,32000,1692,0.052875,131072,2022,0.015427,0,0,1
290,host-4,1,1,14,1,1,0,0.065844,0,32000,2107,0.065844,131072,1863,0.014214,0,1,0
290,host-5,1,0,14,1,0,0,0.066531,0,32000,2129,0.066531,131072,2221,0.016945,0,0,1
290,host-6,0,0,14,0,0,0,0.000000,0,32000,0,0.000000,131072,0,0.000000,0,0,0
290,host-7,1,0,14,1,0,0,0.063187,0,32000,2022,0.063187,131072,2269,0.017311,0,0,1
290,host-8,2,0,14,2,0,0,0.082875,0,32000,2652,0.082875,131072,2114,0.016129,0,0,2
290,host-9,1,0,14,1,0,0,0.031938,0,32000,1022,0.031938,131072,581,0.004433,0,0,1
291,host-1,2,1,14,2,1,0,0.087813,0,32000,2810,0.087813,131072,3383,0.025810,1,0,1
291,host-10,1,0,14,1,0,0,0.066375,0,32000,2124,0.066375,131072,2384,0.018188,0,0,1
291,host-11,1,0,14,1,0,0,0.070781,0,32000,2265,0.070781,131072,2314,0.017654,0,0,1
291,host-12,2,0,14,2,0,0,0.085031,0,32000,2721,0.085031,131072,2993,0.022835,0,0,2
291,host-13,1,0,14,1,0,0,0.062156,0,32000,1989,0.062156,131072,1467,0.011192,0,0,1
291,host-14,1,0,14,1,0,0,0.048375,0,32000,1548,0.048375,131072,1043,0.007957,0,0,1
291,host-15,1,0,14,1,0,0,0.064062,0,32000,2050,0.064062,131072,2686,0.020493,0,0,1
291,host-16,2,0,14,2,0,0,0.080719,0,32000,2583,0.080719,131072,2783,0.021233,0,0,2
291,host-17,2,0,14,2,0,0,0.083781,0,32000,2681,0.083781,131072,2464,0.018799,0,0,2
291,host-18,2,0,14,2,0,0,0.076844,0,32000,2459,0.076844,131072,1790,0.013657,0,0,2
291,host-19,1,0,14,1,0,0,0.045187,0,32000,1446,0.045187,131072,1444,0.011017,0,0,1
291,host-2,2,0,14,2,0,0,0.117031,0,32000,3745,0.117031,131072,3788,0.028900,0,0,2
291,host-20,1,0,14,1,0,0,0.055031,0,32000,1761,0.055031,131072,1267,0.009666,0,0,1
291,host-21,1,0,14,1,0,0,0.059625,0,32000,1908,0.059625,131072,2224,0.016968,0,0,1
291,host-22,2,0,14,2,0,0,0.087500,0,32000,2800,0.087500,131072,2208,0.016846,0,0,2
291,host-23,2,0,14,2,0,0,0.058094,0,32000,1859,0.058094,131072,1781,0.013588,0,0,2
291,host-24,2,1,14,2,1,0,0.082844,0,32000,2651,0.082844,131072,2052,0.015656,1,0,1
291,host-3,1,0,14,1,0,0,0.052875,0,32000,1692,0.052875,131072,2022,0.015427,0,0,1
291,host-4,1,0,14,1,0,0,0.065844,0,32000,2107,0.065844,131072,1863,0.014214,0,0,1
291,host-5,1,0,14,1,0,0,0.066531,0,32000,2129,0.066531,131072,2221,0.016945,0,0,1
291,host-6,2,2,14,2,2,0,0.094594,0,32000,3027,0.094594,131072,2329,0.017769,2,0,0
291,host-7,1,1,14,1,1,0,0.063187,0,32000,2022,0.063187,131072,2269,0.017311,0,1,0
291,host-8,2,0,14,2,0,0,0.082875,0,32000,2652,0.082875,131072,2114,0.016129,0,0,2
291,host-9,2,1,14,2,1,0,0.109156,0,32000,3493,0.109156,131072,2879,0.021965,1,0,1
292,host-1,2,0,14,2,0,0,0.087813,0,32000,2810,0.087813,131072,3383,0.025810,0,0,2
292,host-10,1,0,14,1,0,0,0.066375,0,32000,2124,0.066375,131072,2384,0.018188,0,0,1
292,host-11,1,0,14,1,0,0,0.070781,0,32000,2265,0.070781,131072,2314,0.017654,0,0,1
292,host-12,2,0,14,2,0,0,0.085031,0,32000,2721,0.085031,131072,2993,0.022835,0,0,2
292,host-13,1,0,14,1,0,0,0.062156,0,32000,1989,0.062156,131072,1467,0.011192,0,0,1
292,host-14,1,0,14,1,0,0,0.048375,0,32000,1548,0.048375,131072,1043,0.007957,0,0,1
292,host-15,1,0,14,1,0,0,0.064062,0,32000,2050,0.064062,131072,2686,0.020493,0,0,1
292,host-16,2,0,14,2,0,0,0.080719,0,32000,2583,0.080719,131072,2783,0.021233,0,0,2
292,host-17,2,0,14,2,0,0,0.083781,0,32000,2681,0.083781,131072,2464,0.018799,0,0,2
292,host-18,2,0,14,2,0,0,0.076844,0,32000,2459,0.076844,131072,1790,0.013657,0,0,2
292,host-19,2,1,14,2,1,0,0.071406,0,32000,2285,0.071406,131072,2014,0.015366,1,0,1
292,host-2,2,0,14,2,0,0,0.117031,0,32000,3745,0.117031,131072,3788,0.028900,0,0,2
292,host-20,1,0,14,1,0,0,0.055031,0,32000,1761,0.055031,131072,1267,0.009666,0,0,1
292,host-21,1,0,14,1,0,0,0.059625,0,32000,1908,0.059625,131072,2224,0.016968,0,0,1
292,host-22,2,0,14,2,0,0,0.087500,0,32000,2800,0.087500,131072,2208,0.016846,0,0,2
292,host-23,2,0,14,2,0,0,0.058094,0,32000,1859,0.058094,131072,1781,0.013588,0,0,2
292,host-24,2,1,14,2,1,0,0.082844,0,32000,2651,0.082844,131072,2052,0.015656,1,0,1
292,host-3,1,0,14,1,0,0,0.052875,0,32000,1692,0.052875,131072,2022,0.015427,0,0,1
292,host-4,1,0,14,1,0,0,0.065844,0,32000,2107,0.065844,131072,1863,0.014214,0,0,1
292,host-5,1,0,14,1,0,0,0.066531,0,32000,2129,0.066531,131072,2221,0.016945,0,0,1
292,host-6,2,2,14,2,2,0,0.094594,0,32000,3027,0.094594,131072,2329,0.017769,1,1,0
292,host-7,1,0,14,1,0,0,0.063187,0,32000,2022,0.063187,131072,2269,0.017311,0,0,1
292,host-8,2,0,14,2,0,0,0.082875,0,32000,2652,0.082875,131072,2114,0.016129,0,0,2
292,host-9,2,0,14,2,0,0,0.109156,0,32000,3493,0.109156,131072,2879,0.021965,0,0,2
293,host-1,2,0,14,2,0,0,0.087813,0,32000,2810,0.087813,131072,3383,0.025810,0,0,2
293,host-10,1,0,14,1,0,0,0.066375,0,32000,2124,0.066375,131072,2384,0.018188,0,0,1
293,host-11,1,0,14,1,0,0,0.070781,0,32000,2265,0.070781,131072,2314,0.017654,0,0,1
293,host-12,2,0,14,2,0,0,0.085031,0,32000,2721,0.085031,131072,2993,0.022835,0,0,2
293,host-13,1,0,14,1,0,0,0.062156,0,32000,1989,0.062156,131072,1467,0.011192,0,0,1
293,host-14,2,1,14,2,1,0,0.087656,0,32000,2805,0.087656,131072,2980,0.022736,0,1,1
293,host-15,1,0,14,1,0,0,0.064062,0,32000,2050,0.064062,131072,2686,0.020493,0,0,1
293,host-16,2,0,14,2,0,0,0.080719,0,32000,2583,0.080719,131072,2783,0.021233,0,0,2
293,host-17,2,0,14,2,0,0,0.083781,0,32000,2681,0.083781,131072,2464,0.018799,0,0,2
293,host-18,2,0,14,2,0,0,0.076844,0,32000,2459,0.076844,131072,1790,0.013657,0,0,2
293,host-19,2,0,14,2,0,0,0.071406,0,32000,2285,0.071406,131072,2014,0.015366,0,0,2
293,host-2,2,0,14,2,0,0,0.117031,0,32000,3745,0.117031,131072,3788,0.028900,0,0,2
293,host-20,1,0,14,1,0,0,0.055031,0,32000,1761,0.055031,131072,1267,0.009666,0,0,1
293,host-21,1,0,14,1,0,0,0.059625,0,32000,1908,0.059625,131072,2224,0.016968,0,0,1
293,host-22,2,0,14,2,0,0,0.087500,0,32000,2800,0.087500,131072,2208,0.016846,0,0,2
293,host-23,2,0,14,2,0,0,0.058094,0,32000,1859,0.058094,131072,1781,0.013588,0,0,2
293,host-24,2,0,14,2,0,0,0.082844,0,32000,2651,0.082844,131072,2052,0.015656,0,0,2
293,host-3,1,0,14,1,0,0,0.052875,0,32000,1692,0.052875,131072,2022,0.015427,0,0,1
293,host-4,1,0,14,1,0,0,0.065844,0,32000,2107,0.065844,131072,1863,0.014214,0,0,1
293,host-5,1,0,14,1,0,0,0.066531,0,32000,2129,0.066531,131072,2221,0.016945,0,0,1
293,host-6,2,1,14,2,1,0,0.094594,0,32000,3027,0.094594,131072,2329,0.017769,0,1,1
293,host-7,1,0,14,1,0,0,0.063187,0,32000,2022,0.063187,131072,2269,0.017311,0,0,1
293,host-8,2,0,14,2,0,0,0.082875,0,32000,2652,0.082875,131072,2114,0.016129,0,0,2
293,host-9,2,0,14,2,0,0,0.109156,0,32000,3493,0.109156,131072,2879,0.021965,0,0,2
294,host-1,2,0,14,2,0,0,0.087813,0,32000,2810,0.087813,131072,3383,0.025810,0,0,2
294,host-10,1,1,14,1,1,0,0.066375,0,32000,2124,0.066375,131072,2384,0.018188,0,1,0
294,host-11,1,0,14,1,0,0,0.070781,0,32000,2265,0.070781,131072,2314,0.017654,0,0,1
294,host-12,2,0,14,2,0,0,0.085031,0,32000,2721,0.085031,131072,2993,0.022835,0,0,2
294,host-13,1,0,14,1,0,0,0.062156,0,32000,1989,0.062156,131072,1467,0.011192,0,0,1
294,host-14,2,0,14,2,0,0,0.087656,0,32000,2805,0.087656,131072,2980,0.022736,0,0,2
294,host-15,1,0,14,1,0,0,0.064062,0,32000,2050,0.064062,131072,2686,0.020493,0,0,1
294,host-16,2,0,14,2,0,0,0.080719,0,32000,2583,0.080719,131072,2783,0.021233,0,0,2
294,host-17,2,1,14,2,1,0,0.127188,0,32000,4070,0.127188,131072,4216,0.032166,1,0,1
294,host-18,2,0,14,2,0,0,0.076844,0,32000,2459,0.076844,131072,1790,0.013657,0,0,2
294,host-19,2,0,14,2,0,0,0.071406,0,32000,2285,0.071406,131072,2014,0.015366,0,0,2
294,host-2,2,0,14,2,0,0,0.117031,0,32000,3745,0.117031,131072,3788,0.028900,0,0,2
294,host-20,2,1,14,2,1,0,0.084594,0,32000,2707,0.084594,131072,2282,0.017410,1,0,1
294,host-21,1,0,14,1,0,0,0.059625,0,32000,1908,0.059625,131072,2224,0.016968,0,0,1
294,host-22,2,0,14,2,0,0,0.087500,0,32000,2800,0.087500,131072,2208,0.016846,0,0,2
294,host-23,2,0,14,2,0,0,0.058094,0,32000,1859,0.058094,131072,1781,0.013588,0,0,2
294,host-24,2,0,14,2,0,0,0.082844,0,32000,2651,0.082844,131072,2052,0.015656,0,0,2
294,host-3,2,1,14,2,1,0,0.092063,0,32000,2946,0.092063,131072,3125,0.023842,1,0,1
294,host-4,1,0,14,1,0,0,0.065844,0,32000,2107,0.065844,131072,1863,0.014214,0,0,1
294,host-5,1,0,14,1,0,0,0.066531,0,32000,2129,0.066531,131072,2221,0.016945,0,0,1
294,host-6,2,0,14,2,0,0,0.094594,0,32000,3027,0.094594,131072,2329,0.017769,0,0,2
294,host-7,1,0,14,1,0,0,0.063187,0,32000,2022,0.063187,131072,2269,0.017311,0,0,1
294,host-8,2,0,14,2,0,0,0.082875,0,32000,2652,0.082875,131072,2114,0.016129,0,0,2
294,host-9,2,0,14,2,0,0,0.109156,0,32000,3493,0.109156,131072,2879,0.021965,0,0,2
295,host-1,2,0,14,2,0,0,0.087813,0,32000,2810,0.087813,131072,3383,0.025810,0,0,2
295,host-10,1,0,14,1,0,0,0.066375,0,32000,2124,0.066375,131072,2384,0.018188,0,0,1
295,host-11,1,0,14,1,0,0,0.070781,0,32000,2265,0.070781,131072,2314,0.017654,0,0,1
295,host-12,2,0,14,2,0,0,0.085031,0,32000,2721,0.085031,131072,2993,0.022835,0,0,2
295,host-13,1,0,14,1,0,0,0.062156,0,32000,1989,0.062156,131072,1467,0.011192,0,0,1
295,host-14,2,0,14,2,0,0,0.087656,0,32000,2805,0.087656,131072,2980,0.022736,0,0,2
295,host-15,1,1,14,1,1,0,0.064062,0,32000,2050,0.064062,131072,2686,0.020493,0,1,0
295,host-16,2,0,14,2,0,0,0.080719,0,32000,2583,0.080719,131072,2783,0.021233,0,0,2
295,host-17,1,0,14,1,0,0,0.072156,0,32000,2309,0.072156,131072,2949,0.022499,0,0,1
295,host-18,2,0,14,2,0,0,0.076844,0,32000,2459,0.076844,131072,1790,0.013657,0,0,2
295,host-19,2,0,14,2,0,0,0.071406,0,32000,2285,0.071406,131072,2014,0.015366,0,0,2
295,host-2,1,0,14,1,0,0,0.066531,0,32000,2129,0.066531,131072,2221,0.016945,0,0,1
295,host-20,2,1,14,2,1,0,0.084594,0,32000,2707,0.084594,131072,2282,0.017410,1,0,1
295,host-21,1,0,14,1,0,0,0.059625,0,32000,1908,0.059625,131072,2224,0.016968,0,0,1
295,host-22,2,0,14,2,0,0,0.087500,0,32000,2800,0.087500,131072,2208,0.016846,0,0,2
295,host-23,2,0,14,2,0,0,0.058094,0,32000,1859,0.058094,131072,1781,0.013588,0,0,2
295,host-24,2,0,14,2,0,0,0.082844,0,32000,2651,0.082844,131072,2052,0.015656,0,0,2
295,host-3,2,1,14,2,1,0,0.092063,0,32000,2946,0.092063,131072,3125,0.023842,0,1,1
295,host-4,1,0,14,1,0,0,0.065844,0,32000,2107,0.065844,131072,1863,0.014214,0,0,1
295,host-5,1,0,14,1,0,0,0.066531,0,32000,2129,0.066531,131072,2221,0.016945,0,0,1
295,host-6,2,0,14,2,0,0,0.094594,0,32000,3027,0.094594,131072,2329,0.017769,0,0,2
295,host-7,1,0,14,1,0,0,0.063187,0,32000,2022,0.063187,131072,2269,0.017311,0,0,1
295,host-8,2,0,14,2,0,0,0.082875,0,32000,2652,0.082875,131072,2114,0.016129,0,0,2
295,host-9,2,0,14,2,0,0,0.109156,0,32000,3493,0.109156,131072,2879,0.021965,0,0,2
296,host-1,2,0,14,2,0,0,0.087813,0,32000,2810,0.087813,131072,3383,0.025810,0,0,2
296,host-10,1,0,14,1,0,0,0.066375,0,32000,2124,0.066375,131072,2384,0.018188,0,0,1
296,host-11,1,0,14,1,0,0,0.070781,0,32000,2265,0.070781,131072,2314,0.017654,0,0,1
296,host-12,2,0,14,2,0,0,0.085031,0,32000,2721,0.085031,131072,2993,0.022835,0,0,2
296,host-13,1,0,14,1,0,0,0.062156,0,32000,1989,0.062156,131072,1467,0.011192,0,0,1
296,host-14,2,0,14,2,0,0,0.087656,0,32000,2805,0.087656,131072,2980,0.022736,0,0,2
296,host-15,1,0,14,1,0,0,0.064062,0,32000,2050,0.064062,131072,2686,0.020493,0,0,1
296,host-16,2,0,14,2,0,0,0.080719,0,32000,2583,0.080719,131072,2783,0.021233,0,0,2
296,host-17,1,0,14,1,0,0,0.072156,0,32000,2309,0.072156,131072,2949,0.022499,0,0,1
296,host-18,1,0,14,1,0,0,0.042500,0,32000,1360,0.042500,131072,897,0.006844,0,0,1
296,host-19,2,0,14,2,0,0,0.071406,0,32000,2285,0.071406,131072,2014,0.015366,0,0,2
296,host-2,1,0,14,1,0,0,0.066531,0,32000,2129,0.066531,131072,2221,0.016945,0,0,1
296,host-20,1,0,14,1,0,0,0.029562,0,32000,946,0.029562,131072,1015,0.007744,0,0,1
296,host-21,1,0,14,1,0,0,0.059625,0,32000,1908,0.059625,131072,2224,0.016968,0,0,1
296,host-22,2,0,14,2,0,0,0.087500,0,32000,2800,0.087500,131072,2208,0.016846,0,0,2
296,host-23,1,0,14,1,0,0,0.026625,0,32000,852,0.026625,131072,1073,0.008186,0,0,1
296,host-24,2,0,14,2,0,0,0.082844,0,32000,2651,0.082844,131072,2052,0.015656,0,0,2
296,host-3,2,0,14,2,0,0,0.092063,0,32000,2946,0.092063,131072,3125,0.023842,0,0,2
296,host-4,1,0,14,1,0,0,0.065844,0,32000,2107,0.065844,131072,1863,0.014214,0,0,1
296,host-5,1,0,14,1,0,0,0.066531,0,32000,2129,0.066531,131072,2221,0.016945,0,0,1
296,host-6,2,0,14,2,0,0,0.094594,0,32000,3027,0.094594,131072,2329,0.017769,0,0,2
296,host-7,1,0,14,1,0,0,0.063187,0,32000,2022,0.063187,131072,2269,0.017311,0,0,1
296,host-8,2,0,14,2,0,0,0.082875,0,32000,2652,0.082875,131072,2114,0.016129,0,0,2
296,host-9,2,0,14,2,0,0,0.109156,0,32000,3493,0.109156,131072,2879,0.021965,0,0,2
297,host-1,2,0,14,2,0,0,0.087813,0,32000,2810,0.087813,131072,3383,0.025810,0,0,2
297,host-10,1,0,14,1,0,0,0.066375,0,32000,2124,0.066375,131072,2384,0.018188,0,0,1
297,host-11,0,0,14,0,0,0,0.000000,0,32000,0,0.000000,131072,0,0.000000,0,0,0
297,host-12,2,0,14,2,0,0,0.085031,0,32000,2721,0.085031,131072,2993,0.022835,0,0,2
297,host-13,1,0,14,1,0,0,0.062156,0,32000,1989,0.062156,131072,1467,0.011192,0,0,1
297,host-14,2,0,14,2,0,0,0.087656,0,32000,2805,0.087656,131072,2980,0.022736,0,0,2
297,host-15,1,0,14,1,0,0,0.064062,0,32000,2050,0.064062,131072,2686,0.020493,0,0,1
297,host-16,2,0,14,2,0,0,0.080719,0,32000,2583,0.080719,131072,2783,0.021233,0,0,2
297,host-17,1,0,14,1,0,0,0.072156,0,32000,2309,0.072156,131072,2949,0.022499,0,0,1
297,host-18,1,0,14,1,0,0,0.042500,0,32000,1360,0.042500,131072,897,0.006844,0,0,1
297,host-19,2,0,14,2,0,0,0.071406,0,32000,2285,0.071406,131072,2014,0.015366,0,0,2
297,host-2,1,0,14,1,0,0,0.066531,0,32000,2129,0.066531,131072,2221,0.016945,0,0,1
297,host-20,1,0,14,1,0,0,0.029562,0,32000,946,0.029562,131072,1015,0.007744,0,0,1
297,host-21,1,0,14,1,0,0,0.059625,0,32000,1908,0.059625,131072,2224,0.016968,0,0,1
297,host-22,0,0,14,0,0,0,0.000000,0,32000,0,0.000000,131072,0,0.000000,0,0,0
297,host-23,1,0,14,1,0,0,0.026625,0,32000,852,0.026625,131072,1073,0.008186,0,0,1
297,host-24,2,0,14,2,0,0,0.082844,0,32000,2651,0.082844,131072,2052,0.015656,0,0,2
297,host-3,2,0,14,2,0,0,0.092063,0,32000,2946,0.092063,131072,3125,0.023842,0,0,2
297,host-4,1,0,14,1,0,0,0.065844,0,32000,2107,0.065844,131072,1863,0.014214,0,0,1
297,host-5,1,0,14,1,0,0,0.066531,0,32000,2129,0.066531,131072,2221,0.016945,0,0,1
297,host-6,2,0,14,2,0,0,0.094594,0,32000,3027,0.094594,131072,2329,0.017769,0,0,2
297,host-7,1,0,14,1,0,0,0.063187,0,32000,2022,0.063187,131072,2269,0.017311,0,0,1
297,host-8,2,0,14,2,0,0,0.082875,0,32000,2652,0.082875,131072,2114,0.016129,0,0,2
297,host-9,2,0,14,2,0,0,0.109156,0,32000,3493,0.109156,131072,2879,0.021965,0,0,2
298,host-1,2,0,14,2,0,0,0.087813,0,32000,2810,0.087813,131072,3383,0.025810,0,0,2
298,host-10,1,0,14,1,0,0,0.066375,0,32000,2124,0.066375,131072,2384,0.018188,0,0,1
298,host-11,0,0,14,0,0,0,0.000000,0,32000,0,0.000000,131072,0,0.000000,0,0,0
298,host-12,2,0,14,2,0,0,0.085031,0,32000,2721,0.085031,131072,2993,0.022835,0,0,2
298,host-13,1,0,14,1,0,0,0.062156,0,32000,1989,0.062156,131072,1467,0.011192,0,0,1
298,host-14,2,0,14,2,0,0,0.087656,0,32000,2805,0.087656,131072,2980,0.022736,0,0,2
298,host-15,1,0,14,1,0,0,0.064062,0,32000,2050,0.064062,131072,2686,0.020493,0,0,1
298,host-16,2,0,14,2,0,0,0.080719,0,32000,2583,0.080719,131072,2783,0.021233,0,0,2
298,host-17,1,0,14,1,0,0,0.072156,0,32000,2309,0.072156,131072,2949,0.022499,0,0,1
298,host-18,1,0,14,1,0,0,0.042500,0,32000,1360,0.042500,131072,897,0.006844,0,0,1
298,host-19,2,0,14,2,0,0,0.071406,0,32000,2285,0.071406,131072,2014,0.015366,0,0,2
298,host-2,1,0,14,1,0,0,0.066531,0,32000,2129,0.066531,131072,2221,0.016945,0,0,1
298,host-20,1,0,14,1,0,0,0.029562,0,32000,946,0.029562,131072,1015,0.007744,0,0,1
298,host-21,1,0,14,1,0,0,0.059625,0,32000,1908,0.059625,131072,2224,0.016968,0,0,1
298,host-22,0,0,14,0,0,0,0.000000,0,32000,0,0.000000,131072,0,0.000000,0,0,0
298,host-23,1,0,14,1,0,0,0.026625,0,32000,852,0.026625,131072,1073,0.008186,0,0,1
298,host-24,2,0,14,2,0,0,0.082844,0,32000,2651,0.082844,131072,2052,0.015656,0,0,2
298,host-3,2,0,14,2,0,0,0.092063,0,32000,2946,0.092063,131072,3125,0.023842,0,0,2
298,host-4,1,0,14,1,0,0,0.065844,0,32000,2107,0.065844,131072,1863,0.014214,0,0,1
298,host-5,1,0,14,1,0,0,0.066531,0,32000,2129,0.066531,131072,2221,0.016945,0,0,1
298,host-6,2,0,14,2,0,0,0.094594,0,32000,3027,0.094594,131072,2329,0.017769,0,0,2
298,host-7,1,0,14,1,0,0,0.063187,0,32000,2022,0.063187,131072,2269,0.017311,0,0,1
298,host-8,2,0,14,2,0,0,0.082875,0,32000,2652,0.082875,131072,2114,0.016129,0,0,2
298,host-9,2,0,14,2,0,0,0.109156,0,32000,3493,0.109156,131072,2879,0.021965,0,0,2
299,host-1,2,0,14,2,0,0,0.087813,0,32000,2810,0.087813,131072,3383,0.025810,0,0,2
299,host-10,1,0,14,1,0,0,0.066375,0,32000,2124,0.066375,131072,2384,0.018188,0,0,1
299,host-11,0,0,14,0,0,0,0.000000,0,32000,0,0.000000,131072,0,0.000000,0,0,0
299,host-12,2,0,14,2,0,0,0.085031,0,32000,2721,0.085031,131072,2993,0.022835,0,0,2
299,host-13,1,0,14,1,0,0,0.062156,0,32000,1989,0.062156,131072,1467,0.011192,0,0,1
299,host-14,2,0,14,2,0,0,0.087656,0,32000,2805,0.087656,131072,2980,0.022736,0,0,2
299,host-15,1,0,14,1,0,0,0.064062,0,32000,2050,0.064062,131072,2686,0.020493,0,0,1
299,host-16,2,0,14,2,0,0,0.080719,0,32000,2583,0.080719,131072,2783,0.021233,0,0,2
299,host-17,1,0,14,1,0,0,0.072156,0,32000,2309,0.072156,131072,2949,0.022499,0,0,1
299,host-18,1,0,14,1,0,0,0.042500,0,32000,1360,0.042500,131072,897,0.006844,0,0,1
299,host-19,2,0,14,2,0,0,0.071406,0,32000,2285,0.071406,131072,2014,0.015366,0,0,2
299,host-2,1,0,14,1,0,0,0.066531,0,32000,2129,0.066531,131072,2221,0.016945,0,0,1
299,host-20,1,0,14,1,0,0,0.029562,0,32000,946,0.029562,131072,1015,0.007744,0,0,1
299,host-21,1,0,14,1,0,0,0.059625,0,32000,1908,0.059625,131072,2224,0.016968,0,0,1
299,host-22,0,0,14,0,0,0,0.000000,0,32000,0,0.000000,131072,0,0.000000,0,0,0
299,host-23,1,1,14,1,1,0,0.026625,0,32000,852,0.026625,131072,1073,0.008186,0,1,0
299,host-24,2,0,14,2,0,0,0.082844,0,32000,2651,0.082844,131072,2052,0.015656,0,0,2
299,host-3,2,0,14,2,0,0,0.092063,0,32000,2946,0.092063,131072,3125,0.023842,0,0,2
299,host-4,1,0,14,1,0,0,0.065844,0,32000,2107,0.065844,131072,1863,0.014214,0,0,1
299,host-5,1,0,14,1,0,0,0.066531,0,32000,2129,0.066531,131072,2221,0.016945,0,0,1
299,host-6,2,0,14,2,0,0,0.094594,0,32000,3027,0.094594,131072,2329,0.017769,0,0,2
299,host-7,1,0,14,1,0,0,0.063187,0,32000,2022,0.063187,131072,2269,0.017311,0,0,1
299,host-8,2,0,14,2,0,0,0.082875,0,32000,2652,0.082875,131072,2114,0.016129,0,0,2
299,host-9,2,0,14,2,0,0,0.109156,0,32000,3493,0.109156,131072,2879,0.021965,0,0,2
300,host-1,2,0,14,2,0,0,0.087813,0,32000,2810,0.087813,131072,3383,0.025810,0,0,2
300,host-10,1,0,14,1,0,0,0.066375,0,32000,2124,0.066375,131072,2384,0.018188,0,0,1
300,host-11,2,2,14,2,2,0,0.072500,0,32000,2320,0.072500,131072,2177,0.016609,2,0,0
300,host-12,2,0,14,2,0,0,0.085031,0,32000,2721,0.085031,131072,2993,0.022835,0,0,2
300,host-13,1,0,14,1,0,0,0.062156,0,32000,1989,0.062156,131072,1467,0.011192,0,0,1
300,host-14,2,0,14,2,0,0,0.087656,0,32000,2805,0.087656,131072,2980,0.022736,0,0,2
300,host-15,1,0,14,1,0,0,0.064062,0,32000,2050,0.064062,131072,2686,0.020493,0,0,1
300,host-16,2,0,14,2,0,0,0.080719,0,32000,2583,0.080719,131072,2783,0.021233,0,0,2
300,host-17,1,0,14,1,0,0,0.072156,0,32000,2309,0.072156,131072,2949,0.022499,0,0,1
300,host-18,2,1,14,2,1,0,0.100406,0,32000,3213,0.100406,131072,2304,0.017578,1,0,1
300,host-19,2,0,14,2,0,0,0.071406,0,32000,2285,0.071406,131072,2014,0.015366,0,0,2
300,host-2,1,0,14,1,0,0,0.066531,0,32000,2129,0.066531,131072,2221,0.016945,0,0,1
300,host-20,2,1,14,2,1,0,0.085969,0,32000,2751,0.085969,131072,2691,0.020531,1,0,1
300,host-21,1,0,14,1,0,0,0.059625,0,32000,1908,0.059625,131072,2224,0.016968,0,0,1
300,host-22,1,1,14,1,1,0,0.044000,0,32000,1408,0.044000,131072,1882,0.014359,1,0,0
300,host-23,2,1,14,2,1,0,0.071125,0,32000,2276,0.071125,131072,2282,0.017410,1,0,1
300,host-24,2,0,14,2,0,0,0.082844,0,32000,2651,0.082844,131072,2052,0.015656,0,0,2
300,host-3,2,0,14,2,0,0,0.092063,0,32000,2946,0.092063,131072,3125,0.023842,0,0,2
300,host-4,1,0,14,1,0,0,0.065844,0,32000,2107,0.065844,131072,1863,0.014214,0,0,1
300,host-5,1,0,14,1,0,0,0.066531,0,32000,2129,0.066531,131072,2221,0.016945,0,0,1
300,host-6,2,0,14,2,0,0,0.094594,0,32000,3027,0.094594,131072,2329,0.017769,0,0,2
300,host-7,1,0,14,1,0,0,0.063187,0,32000,2022,0.063187,131072,2269,0.017311,0,0,1
300,host-8,2,0,14,2,0,0,0.082875,0,32000,2652,0.082875,131072,2114,0.016129,0,0,2
300,host-9,2,0,14,2,0,0,0.109156,0,32000,3493,0.109156,131072,2879,0.021965,0,0,2
301,host-1,2,0,14,2,0,0,0.087813,0,32000,2810,0.087813,131072,3383,0.025810,0,0,2
301,host-10,1,0,14,1,0,0,0.066375,0,32000,2124,0.066375,131072,2384,0.018188,0,0,1
301,host-11,2,0,14,2,0,0,0.072500,0,32000,2320,0.072500,131072,2177,0.016609,0,0,2
301,host-12,2,0,14,2,0,0,0.085031,0,32000,2721,0.085031,131072,2993,0.022835,0,0,2
301,host-13,1,0,14,1,0,0,0.062156,0,32000,1989,0.062156,131072,1467,0.011192,0,0,1
301,host-14,2,0,14,2,0,0,0.087656,0,32000,2805,0.087656,131072,2980,0.022736,0,0,2
301,host-15,1,0,14,1,0,0,0.064062,0,32000,2050,0.064062,131072,2686,0.020493,0,0,1
301,host-16,2,0,14,2,0,0,0.080719,0,32000,2583,0.080719,131072,2783,0.021233,0,0,2
301,host-17,1,0,14,1,0,0,0.072156,0,32000,2309,0.072156,131072,2949,0.022499,0,0,1
301,host-18,2,0,14,2,0,0,0.100406,0,32000,3213,0.100406,131072,2304,0.017578,0,0,2
301,host-19,2,0,14,2,0,0,0.071406,0,32000,2285,0.071406,131072,2014,0.015366,0,0,2
301,host-2,1,0,14,1,0,0,0.066531,0,32000,2129,0.066531,131072,2221,0.016945,0,0,1
301,host-20,2,1,14,2,1,0,0.085969,0,32000,2751,0.085969,131072,2691,0.020531,1,0,1
301,host-21,1,0,14,1,0,0,0.059625,0,32000,1908,0.059625,131072,2224,0.016968,0,0,1
301,host-22,2,2,14,2,2,0,0.100406,0,32000,3213,0.100406,131072,3558,0.027145,1,1,0
301,host-23,2,1,14,2,1,0,0.071125,0,32000,2276,0.071125,131072,2282,0.017410,1,0,1
301,host-24,2,0,14,2,0,0,0.082844,0,32000,2651,0.082844,131072,2052,0.015656,0,0,2
301,host-3,2,0,14,2,0,0,0.092063,0,32000,2946,0.092063,131072,3125,0.023842,0,0,2
301,host-4,1,0,14,1,0,0,0.065844,0,32000,2107,0.065844,131072,1863,0.014214,0,0,1
301,host-5,1,0,14,1,0,0,0.066531,0,32000,2129,0.066531,131072,2221,0.016945,0,0,1
301,host-6,2,0,14,2,0,0,0.094594,0,32000,3027,0.094594,131072,2329,0.017769,0,0,2
301,host-7,1,0,14,1,0,0,0.063187,0,32000,2022,0.063187,131072,2269,0.017311,0,0,1
301,host-8,2,0,14,2,0,0,0.082875,0,32000,2652,0.082875,131072,2114,0.016129,0,0,2
301,host-9,2,0,14,2,0,0,0.109156,0,32000,3493,0.109156,131072,2879,0.021965,0,0,2
302,host-1,2,0,14,2,0,0,0.087813,0,32000,2810,0.087813,131072,3383,0.025810,0,0,2
302,host-10,1,0,14,1,0,0,0.066375,0,32000,2124,0.066375,131072,2384,0.018188,0,0,1
302,host-11,2,0,14,2,0,0,0.072500,0,32000,2320,0.072500,131072,2177,0.016609,0,0,2
302,host-12,2,0,14,2,0,0,0.085031,0,32000,2721,0.085031,131072,2993,0.022835,0,0,2
302,host-13,1,0,14,1,0,0,0.062156,0,32000,1989,0.062156,131072,1467,0.011192,0,0,1
302,host-14,2,0,14,2,0,0,0.087656,0,32000,2805,0.087656,131072,2980,0.022736,0,0,2
302,host-15,1,0,14,1,0,0,0.064062,0,32000,2050,0.064062,131072,2686,0.020493,0,0,1
302,host-16,2,0,14,2,0,0,0.080719,0,32000,2583,0.080719,131072,2783,0.021233,0,0,2
302,host-17,1,0,14,1,0,0,0.072156,0,32000,2309,0.072156,131072,2949,0.022499,0,0,1
302,host-18,2,1,14,2,1,0,0.100406,0,32000,3213,0.100406,131072,2304,0.017578,0,1,1
302,host-19,2,0,14,2,0,0,0.071406,0,32000,2285,0.071406,131072,2014,0.015366,0,0,2
302,host-2,1,0,14,1,0,0,0.066531,0,32000,2129,0.066531,131072,2221,0.016945,0,0,1
302,host-20,2,0,14,2,0,0,0.085969,0,32000,2751,0.085969,131072,2691,0.020531,0,0,2
302,host-21,2,1,14,2,1,0,0.119063,0,32000,3810,0.119063,131072,4763,0.036339,1,0,1
302,host-22,2,1,14,2,1,0,0.100406,0,32000,3213,0.100406,131072,3558,0.027145,0,1,1
302,host-23,2,0,14,2,0,0,0.071125,0,32000,2276,0.071125,131072,2282,0.017410,0,0,2
302,host-24,2,0,14,2,0,0,0.082844,0,32000,2651,0.082844,131072,2052,0.015656,0,0,2
302,host-3,2,0,14,2,0,0,0.092063,0,32000,2946,0.092063,131072,3125,0.023842,0,0,2
302,host-4,1,0,14,1,0,0,0.065844,0,32000,2107,0.065844,131072,1863,0.014214,0,0,1
302,host-5,1,0,14,1,0,0,0.066531,0,32000,2129,0.066531,131072,2221,0.016945,0,0,1
302,host-6,2,0,14,2,0,0,0.094594,0,32000,3027,0.094594,131072,2329,0.017769,0,0,2
302,host-7,1,0,14,1,0,0,0.063187,0,32000,2022,0.063187,131072,2269,0.017311,0,0,1
302,host-8,2,0,14,2,0,0,0.082875,0,32000,2652,0.082875,131072,2114,0.016129,0,0,2
302,host-9,2,0,14,2,0,0,0.109156,0,32000,3493,0.109156,131072,2879,0.021965,0,0,2
303,host-1,2,0,14,2,0,0,0.087813,0,32000,2810,0.087813,131072,3383,0.025810,0,0,2
303,host-10,1,0,14,1,0,0,0.066375,0,32000,2124,0.066375,131072,2384,0.018188,0,0,1
303,host-11,2,0,14,2,0,0,0.072500,0,32000,2320,0.072500,131072,2177,0.016609,0,0,2
303,host-12,2,0,14,2,0,0,0.085031,0,32000,2721,0.085031,131072,2993,0.022835,0,0,2
303,host-13,2,1,14,2,1,0,0.111437,0,32000,3566,0.111437,131072,3394,0.025894,1,0,1
303,host-14,2,0,14,2,0,0,0.087656,0,32000,2805,0.087656,131072,2980,0.022736,0,0,2
303,host-15,1,0,14,1,0,0,0.064062,0,32000,2050,0.064062,131072,2686,0.020493,0,0,1
303,host-16,2,0,14,2,0,0,0.080719,0,32000,2583,0.080719,131072,2783,0.021233,0,0,2
303,host-17,1,0,14,1,0,0,0.072156,0,32000,2309,0.072156,131072,2949,0.022499,0,0,1
303,host-18,2,0,14,2,0,0,0.100406,0,32000,3213,0.100406,131072,2304,0.017578,0,0,2
303,host-19,2,0,14,2,0,0,0.071406,0,32000,2285,0.071406,131072,2014,0.015366,0,0,2
303,host-2,1,1,14,1,1,0,0.066531,0,32000,2129,0.066531,131072,2221,0.016945,0,1,0
303,host-20,2,0,14,2,0,0,0.085969,0,32000,2751,0.085969,131072,2691,0.020531,0,0,2
303,host-21,2,0,14,2,0,0,0.119063,0,32000,3810,0.119063,131072,4763,0.036339,0,0,2
303,host-22,2,0,14,2,0,0,0.100406,0,32000,3213,0.100406,131072,3558,0.027145,0,0,2
303,host-23,2,0,14,2,0,0,0.071125,0,32000,2276,0.071125,131072,2282,0.017410,0,0,2
303,host-24,2,0,14,2,0,0,0.082844,0,32000,2651,0.082844,131072,2052,0.015656,0,0,2
303,host-3,2,0,14,2,0,0,0.092063,0,32000,2946,0.092063,131072,3125,0.023842,0,0,2
303,host-4,1,0,14,1,0,0,0.065844,0,32000,2107,0.065844,131072,1863,0.014214,0,0,1
303,host-5,1,0,14,1,0,0,0.066531,0,32000,2129,0.066531,131072,2221,0.016945,0,0,1
303,host-6,2,0,14,2,0,0,0.094594,0,32000,3027,0.094594,131072,2329,0.017769,0,0,2
303,host-7,1,1,14,1,1,0,0.063187,0,32000,2022,0.063187,131072,2269,0.017311,0,1,0
303,host-8,2,0,14,2,0,0,0.082875,0,32000,2652,0.082875,131072,2114,0.016129,0,0,2
303,host-9,2,0,14,2,0,0,0.109156,0,32000,3493,0.109156,131072,2879,0.021965,0,0,2
304,host-1,2,0,14,2,0,0,0.087813,0,32000,2810,0.087813,131072,3383,0.025810,0,0,2
304,host-10,1,1,14,1,1,0,0.066375,0,32000,2124,0.066375,131072,2384,0.018188,0,1,0
304,host-11,2,0,14,2,0,0,0.072500,0,32000,2320,0.072500,131072,2177,0.016609,0,0,2
304,host-12,2,0,14,2,0,0,0.085031,0,32000,2721,0.085031,131072,2993,0.022835,0,0,2
304,host-13,2,1,14,2,1,0,0.111437,0,32000,3566,0.111437,131072,3394,0.025894,1,0,1
304,host-14,2,0,14,2,0,0,0.087656,0,32000,2805,0.087656,131072,2980,0.022736,0,0,2
304,host-15,1,0,14,1,0,0,0.064062,0,32000,2050,0.064062,131072,2686,0.020493,0,0,1
304,host-16,2,0,14,2,0,0,0.080719,0,32000,2583,0.080719,131072,2783,0.021233,0,0,2
304,host-17,1,0,14,1,0,0,0.072156,0,32000,2309,0.072156,131072,2949,0.022499,0,0,1
304,host-18,2,0,14,2,0,0,0.100406,0,32000,3213,0.100406,131072,2304,0.017578,0,0,2
304,host-19,2,0,14,2,0,0,0.071406,0,32000,2285,0.071406,131072,2014,0.015366,0,0,2
304,host-2,1,0,14,1,0,0,0.066531,0,32000,2129,0.066531,131072,2221,0.016945,0,0,1
304,host-20,2,0,14,2,0,0,0.085969,0,32000,2751,0.085969,131072,2691,0.020531,0,0,2
304,host-21,2,0,14,2,0,0,0.119063,0,32000,3810,0.119063,131072,4763,0.036339,0,0,2
304,host-22,2,0,14,2,0,0,0.100406,0,32000,3213,0.100406,131072,3558,0.027145,0,0,2
304,host-23,2,0,14,2,0,0,0.071125,0,32000,2276,0.071125,131072,2282,0.017410,0,0,2
304,host-24,2,0,14,2,0,0,0.082844,0,32000,2651,0.082844,131072,2052,0.015656,0,0,2
304,host-3,2,0,14,2,0,0,0.092063,0,32000,2946,0.092063,131072,3125,0.023842,0,0,2
304,host-4,1,0,14,1,0,0,0.065844,0,32000,2107,0.065844,131072,1863,0.014214,0,0,1
304,host-5,1,0,14,1,0,0,0.066531,0,32000,2129,0.066531,131072,2221,0.016945,0,0,1
304,host-6,2,0,14,2,0,0,0.094594,0,32000,3027,0.094594,131072,2329,0.017769,0,0,2
304,host-7,2,1,14,2,1,0,0.104406,0,32000,3341,0.104406,131072,3144,0.023987,1,0,1
304,host-8,2,0,14,2,0,0,0.082875,0,32000,2652,0.082875,131072,2114,0.016129,0,0,2
304,host-9,2,0,14,2,0,0,0.109156,0,32000,3493,0.109156,131072,2879,0.021965,0,0,2
305,host-1,2,0,14,2,0,0,0.087813,0,32000,2810,0.087813,131072,3383,0.025810,0,0,2
305,host-10,1,0,14,1,0,0,0.066375,0,32000,2124,0.066375,131072,2384,0.018188,0,0,1
305,host-11,2,0,14,2,0,0,0.072500,0,32000,2320,0.072500,131072,2177,0.016609,0,0,2
305,host-12,2,0,14,2,0,0,0.085031,0,32000,2721,0.085031,131072,2993,0.022835,0,0,2
305,host-13,2,0,14,2,0,0,0.111437,0,32000,3566,0.111437,131072,3394,0.025894,0,0,2
305,host-14,2,0,14,2,0,0,0.087656,0,32000,2805,0.087656,131072,2980,0.022736,0,0,2
305,host-15,2,1,14,2,1,0,0.121969,0,32000,3903,0.121969,131072,4084,0.031158,0,1,1
305,host-16,2,0,14,2,0,0,0.080719,0,32000,2583,0.080719,131072,2783,0.021233,0,0,2
305,host-17,1,0,14,1,0,0,0.072156,0,32000,2309,0.072156,131072,2949,0.022499,0,0,1
305,host-18,2,0,14,2,0,0,0.100406,0,32000,3213,0.100406,131072,2304,0.017578,0,0,2
305,host-19,2,0,14,2,0,0,0.071406,0,32000,2285,0.071406,131072,2014,0.015366,0,0,2
305,host-2,1,0,14,1,0,0,0.066531,0,32000,2129,0.066531,131072,2221,0.016945,0,0,1
305,host-20,2,0,14,2,0,0,0.085969,0,32000,2751,0.085969,131072,2691,0.020531,0,0,2
305,host-21,2,0,14,2,0,0,0.119063,0,32000,3810,0.119063,131072,4763,0.036339,0,0,2
305,host-22,2,0,14,2,0,0,0.100406,0,32000,3213,0.100406,131072,3558,0.027145,0,0,2
305,host-23,2,0,14,2,0,0,0.071125,0,32000,2276,0.071125,131072,2282,0.017410,0,0,2
305,host-24,2,0,14,2,0,0,0.082844,0,32000,2651,0.082844,131072,2052,0.015656,0,0,2
305,host-3,2,0,14,2,0,0,0.092063,0,32000,2946,0.092063,131072,3125,0.023842,0,0,2
305,host-4,1,0,14,1,0,0,0.065844,0,32000,2107,0.065844,131072,1863,0.014214,0,0,1
305,host-5,1,0,14,1,0,0,0.066531,0,32000,2129,0.066531,131072,2221,0.016945,0,0,1
305,host-6,2,0,14,2,0,0,0.094594,0,32000,3027,0.094594,131072,2329,0.017769,0,0,2
305,host-7,2,1,14,2,1,0,0.104406,0,32000,3341,0.104406,131072,3144,0.023987,0,1,1
305,host-8,2,0,14,2,0,0,0.082875,0,32000,2652,0.082875,131072,2114,0.016129,0,0,2
305,host-9,1,0,14,1,0,0,0.077219,0,32000,2471,0.077219,131072,2298,0.017532,0,0,1
306,host-1,2,0,14,2,0,0,0.087813,0,32000,2810,0.087813,131072,3383,0.025810,0,0,2
306,host-10,2,1,14,2,1,0,0.120906,0,32000,3869,0.120906,131072,4312,0.032898,1,0,1
306,host-11,3,1,14,3,1,0,0.134687,0,32000,4310,0.134687,131072,4054,0.030930,1,0,2
306,host-12,3,1,14,3,1,0,0.161812,0,32000,5178,0.161812,131072,5779,0.044090,1,0,2
306,host-13,2,0,14,2,0,0,0.111437,0,32000,3566,0.111437,131072,3394,0.025894,0,0,2
306,host-14,2,0,14,2,0,0,0.087656,0,32000,2805,0.087656,131072,2980,0.022736,0,0,2
306,host-15,2,0,14,2,0,0,0.121969,0,32000,3903,0.121969,131072,4084,0.031158,0,0,2
306,host-16,3,1,14,3,1,0,0.118406,0,32000,3789,0.118406,131072,3610,0.027542,1,0,2
306,host-17,2,1,14,2,1,0,0.105969,0,32000,3391,0.105969,131072,4249,0.032417,1,0,1
306,host-18,2,0,14,2,0,0,0.100406,0,32000,3213,0.100406,131072,2304,0.017578,0,0,2
306,host-19,3,1,14,3,1,0,0.111781,0,32000,3577,0.111781,131072,3428,0.026154,1,0,2
306,host-2,2,1,14,2,1,0,0.100437,0,32000,3214,0.100437,131072,3091,0.023582,1,0,1
306,host-20,2,0,14,2,0,0,0.085969,0,32000,2751,0.085969,131072,2691,0.020531,0,0,2
306,host-21,2,0,14,2,0,0,0.119063,0,32000,3810,0.119063,131072,4763,0.036339,0,0,2
306,host-22,2,0,14,2,0,0,0.100406,0,32000,3213,0.100406,131072,3558,0.027145,0,0,2
306,host-23,3,1,14,3,1,0,0.107500,0,32000,3440,0.107500,131072,3452,0.026337,1,0,2
306,host-24,3,1,14,3,1,0,0.120875,0,32000,3868,0.120875,131072,2693,0.020546,1,0,2
306,host-3,2,0,14,2,0,0,0.092063,0,32000,2946,0.092063,131072,3125,0.023842,0,0,2
306,host-4,2,0,14,2,0,0,0.109594,0,32000,3507,0.109594,131072,3093,0.023598,0,0,2
306,host-5,2,1,14,2,1,0,0.109844,0,32000,3515,0.109844,131072,3390,0.025864,1,0,1
306,host-6,2,0,14,2,0,0,0.094594,0,32000,3027,0.094594,131072,2329,0.017769,0,0,2
306,host-7,2,0,14,2,0,0,0.104406,0,32000,3341,0.104406,131072,3144,0.023987,0,0,2
306,host-8,3,1,14,3,1,0,0.140687,0,32000,4502,0.140687,131072,3987,0.030418,1,0,2
306,host-9,2,1,14,2,1,0,0.137687,0,32000,4406,0.137687,131072,4712,0.035950,1,0,1
307,host-1,2,0,14,2,0,0,0.087813,0,32000,2810,0.087813,131072,3383,0.025810,0,0,2
307,host-10,2,0,14,2,0,0,0.120906,0,32000,3869,0.120906,131072,4312,0.032898,0,0,2
307,host-11,3,0,14,3,0,0,0.134687,0,32000,4310,0.134687,131072,4054,0.030930,0,0,3
307,host-12,3,1,14,3,1,0,0.161812,0,32000,5178,0.161812,131072,5779,0.044090,1,0,2
307,host-13,2,0,14,2,0,0,0.111437,0,32000,3566,0.111437,131072,3394,0.025894,0,0,2
307,host-14,3,1,14,3,1,0,0.149844,0,32000,4795,0.149844,131072,4857,0.037056,1,0,2
307,host-15,2,0,14,2,0,0,0.121969,0,32000,3903,0.121969,131072,4084,0.031158,0,0,2
307,host-16,3,0,14,3,0,0,0.118406,0,32000,3789,0.118406,131072,3610,0.027542,0,0,3
307,host-17,2,1,14,2,1,0,0.105969,0,32000,3391,0.105969,131072,4249,0.032417,1,0,1
307,host-18,2,0,14,2,0,0,0.100406,0,32000,3213,0.100406,131072,2304,0.017578,0,0,2
307,host-19,3,0,14,3,0,0,0.111781,0,32000,3577,0.111781,131072,3428,0.026154,0,0,3
307,host-2,2,1,14,2,1,0,0.100437,0,32000,3214,0.100437,131072,3091,0.023582,1,0,1
307,host-20,3,1,14,3,1,0,0.154250,0,32000,4936,0.154250,131072,5396,0.041168,1,0,2
307,host-21,2,0,14,2,0,0,0.119063,0,32000,3810,0.119063,131072,4763,0.036339,0,0,2
307,host-22,2,0,14,2,0,0,0.100406,0,32000,3213,0.100406,131072,3558,0.027145,0,0,2
307,host-23,3,1,14,3,1,0,0.107500,0,32000,3440,0.107500,131072,3452,0.026337,1,0,2
307,host-24,3,0,14,3,0,0,0.120875,0,32000,3868,0.120875,131072,2693,0.020546,0,0,3
307,host-3,2,0,14,2,0,0,0.092063,0,32000,2946,0.092063,131072,3125,0.023842,0,0,2
307,host-4,2,0,14,2,0,0,0.109594,0,32000,3507,0.109594,131072,3093,0.023598,0,0,2
307,host-5,1,0,14,1,0,0,0.043312,0,32000,1386,0.043312,131072,1169,0.008919,0,0,1
307,host-6,2,0,14,2,0,0,0.094594,0,32000,3027,0.094594,131072,2329,0.017769,0,0,2
307,host-7,2,0,14,2,0,0,0.104406,0,32000,3341,0.104406,131072,3144,0.023987,0,0,2
307,host-8,3,1,14,3,1,0,0.140687,0,32000,4502,0.140687,131072,3987,0.030418,1,0,2
307,host-9,2,0,14,2,0,0,0.137687,0,32000,4406,0.137687,131072,4712,0.035950,0,0,2
308,host-1,2,0,14,2,0,0,0.087813,0,32000,2810,0.087813,131072,3383,0.025810,0,0,2
308,host-10,2,0,14,2,0,0,0.120906,0,32000,3869,0.120906,131072,4312,0.032898,0,0,2
308,host-11,3,0,14,3,0,0,0.134687,0,32000,4310,0.134687,131072,4054,0.030930,0,0,3
308,host-12,3,0,14,3,0,0,0.161812,0,32000,5178,0.161812,131072,5779,0.044090,0,0,3
308,host-13,1,0,14,1,0,0,0.049281,0,32000,1577,0.049281,131072,1927,0.014702,0,0,1
308,host-14,3,1,14,3,1,0,0.149844,0,32000,4795,0.149844,131072,4857,0.037056,0,1,2
308,host-15,2,0,14,2,0,0,0.121969,0,32000,3903,0.121969,131072,4084,0.031158,0,0,2
308,host-16,3,0,14,3,0,0,0.118406,0,32000,3789,0.118406,131072,3610,0.027542,0,0,3
308,host-17,2,0,14,2,0,0,0.105969,0,32000,3391,0.105969,131072,4249,0.032417,0,0,2
308,host-18,2,0,14,2,0,0,0.100406,0,32000,3213,0.100406,131072,2304,0.017578,0,0,2
308,host-19,3,0,14,3,0,0,0.111781,0,32000,3577,0.111781,131072,3428,0.026154,0,0,3
308,host-2,2,0,14,2,0,0,0.100437,0,32000,3214,0.100437,131072,3091,0.023582,0,0,2
308,host-20,3,1,14,3,1,0,0.154250,0,32000,4936,0.154250,131072,5396,0.041168,0,1,2
308,host-21,2,0,14,2,0,0,0.119063,0,32000,3810,0.119063,131072,4763,0.036339,0,0,2
308,host-22,2,0,14,2,0,0,0.100406,0,32000,3213,0.100406,131072,3558,0.027145,0,0,2
308,host-23,3,0,14,3,0,0,0.107500,0,32000,3440,0.107500,131072,3452,0.026337,0,0,3
308,host-24,3,1,14,3,1,0,0.120875,0,32000,3868,0.120875,131072,2693,0.020546,0,1,2
308,host-3,2,0,14,2,0,0,0.092063,0,32000,2946,0.092063,131072,3125,0.023842,0,0,2
308,host-4,2,0,14,2,0,0,0.109594,0,32000,3507,0.109594,131072,3093,0.023598,0,0,2
308,host-5,1,0,14,1,0,0,0.043312,0,32000,1386,0.043312,131072,1169,0.008919,0,0,1
308,host-6,2,0,14,2,0,0,0.094594,0,32000,3027,0.094594,131072,2329,0.017769,0,0,2
308,host-7,2,0,14,2,0,0,0.104406,0,32000,3341,0.104406,131072,3144,0.023987,0,0,2
308,host-8,3,0,14,3,0,0,0.140687,0,32000,4502,0.140687,131072,3987,0.030418,0,0,3
308,host-9,2,0,14,2,0,0,0.137687,0,32000,4406,0.137687,131072,4712,0.035950,0,0,2
309,host-1,2,0,14,2,0,0,0.087813,0,32000,2810,0.087813,131072,3383,0.025810,0,0,2
309,host-10,2,0,14,2,0,0,0.120906,0,32000,3869,0.120906,131072,4312,0.032898,0,0,2
309,host-11,3,0,14,3,0,0,0.134687,0,32000,4310,0.134687,131072,4054,0.030930,0,0,3
309,host-12,3,0,14,3,0,0,0.161812,0,32000,5178,0.161812,131072,5779,0.044090,0,0,3
309,host-13,1,0,14,1,0,0,0.049281,0,32000,1577,0.049281,131072,1927,0.014702,0,0,1
309,host-14,3,0,14,3,0,0,0.149844,0,32000,4795,0.149844,131072,4857,0.037056,0,0,3
309,host-15,2,0,14,2,0,0,0.121969,0,32000,3903,0.121969,131072,4084,0.031158,0,0,2
309,host-16,3,0,14,3,0,0,0.118406,0,32000,3789,0.118406,131072,3610,0.027542,0,0,3
309,host-17,2,0,14,2,0,0,0.105969,0,32000,3391,0.105969,131072,4249,0.032417,0,0,2
309,host-18,2,0,14,2,0,0,0.100406,0,32000,3213,0.100406,131072,2304,0.017578,0,0,2
309,host-19,3,0,14,3,0,0,0.111781,0,32000,3577,0.111781,131072,3428,0.026154,0,0,3
309,host-2,2,0,14,2,0,0,0.100437,0,32000,3214,0.100437,131072,3091,0.023582,0,0,2
309,host-20,3,0,14,3,0,0,0.154250,0,32000,4936,0.154250,131072,5396,0.041168,0,0,3
309,host-21,2,0,14,2,0,0,0.119063,0,32000,3810,0.119063,131072,4763,0.036339,0,0,2
309,host-22,2,0,14,2,0,0,0.100406,0,32000,3213,0.100406,131072,3558,0.027145,0,0,2
309,host-23,3,0,14,3,0,0,0.107500,0,32000,3440,0.107500,131072,3452,0.026337,0,0,3
309,host-24,3,0,14,3,0,0,0.120875,0,32000,3868,0.120875,131072,2693,0.020546,0,0,3
309,host-3,2,0,14,2,0,0,0.092063,0,32000,2946,0.092063,131072,3125,0.023842,0,0,2
309,host-4,2,0,14,2,0,0,0.109594,0,32000,3507,0.109594,131072,3093,0.023598,0,0,2
309,host-5,1,0,14,1,0,0,0.043312,0,32000,1386,0.043312,131072,1169,0.008919,0,0,1
309,host-6,2,0,14,2,0,0,0.094594,0,32000,3027,0.094594,131072,2329,0.017769,0,0,2
309,host-7,2,0,14,2,0,0,0.104406,0,32000,3341,0.104406,131072,3144,0.023987,0,0,2
309,host-8,3,0,14,3,0,0,0.140687,0,32000,4502,0.140687,131072,3987,0.030418,0,0,3
309,host-9,2,0,14,2,0,0,0.137687,0,32000,4406,0.137687,131072,4712,0.035950,0,0,2
310,host-1,2,0,14,2,0,0,0.087813,0,32000,2810,0.087813,131072,3383,0.025810,0,0,2
310,host-10,2,0,14,2,0,0,0.120906,0,32000,3869,0.120906,131072,4312,0.032898,0,0,2
310,host-11,3,0,14,3,0,0,0.134687,0,32000,4310,0.134687,131072,4054,0.030930,0,0,3
310,host-12,3,0,14,3,0,0,0.161812,0,32000,5178,0.161812,131072,5779,0.044090,0,0,3
310,host-13,1,0,14,1,0,0,0.049281,0,32000,1577,0.049281,131072,1927,0.014702,0,0,1
310,host-14,3,0,14,3,0,0,0.149844,0,32000,4795,0.149844,131072,4857,0.037056,0,0,3
310,host-15,2,0,14,2,0,0,0.121969,0,32000,3903,0.121969,131072,4084,0.031158,0,0,2
310,host-16,3,0,14,3,0,0,0.118406,0,32000,3789,0.118406,131072,3610,0.027542,0,0,3
310,host-17,2,0,14,2,0,0,0.105969,0,32000,3391,0.105969,131072,4249,0.032417,0,0,2
310,host-18,2,0,14,2,0,0,0.100406,0,32000,3213,0.100406,131072,2304,0.017578,0,0,2
310,host-19,3,0,14,3,0,0,0.111781,0,32000,3577,0.111781,131072,3428,0.026154,0,0,3
310,host-2,2,0,14,2,0,0,0.100437,0,32000,3214,0.100437,131072,3091,0.023582,0,0,2
310,host-20,3,0,14,3,0,0,0.154250,0,32000,4936,0.154250,131072,5396,0.041168,0,0,3
310,host-21,2,0,14,2,0,0,0.119063,0,32000,3810,0.119063,131072,4763,0.036339,0,0,2
310,host-22,2,0,14,2,0,0,0.100406,0,32000,3213,0.100406,131072,3558,0.027145,0,0,2
310,host-23,3,0,14,3,0,0,0.107500,0,32000,3440,0.107500,131072,3452,0.026337,0,0,3
310,host-24,3,0,14,3,0,0,0.120875,0,32000,3868,0.120875,131072,2693,0.020546,0,0,3
310,host-3,1,0,14,1,0,0,0.039188,0,32000,1254,0.039188,131072,1103,0.008415,0,0,1
310,host-4,1,0,14,1,0,0,0.043750,0,32000,1400,0.043750,131072,1230,0.009384,0,0,1
310,host-5,1,0,14,1,0,0,0.043312,0,32000,1386,0.043312,131072,1169,0.008919,0,0,1
310,host-6,2,0,14,2,0,0,0.094594,0,32000,3027,0.094594,131072,2329,0.017769,0,0,2
310,host-7,2,0,14,2,0,0,0.104406,0,32000,3341,0.104406,131072,3144,0.023987,0,0,2
310,host-8,3,0,14,3,0,0,0.140687,0,32000,4502,0.140687,131072,3987,0.030418,0,0,3
310,host-9,2,0,14,2,0,0,0.137687,0,32000,4406,0.137687,131072,4712,0.035950,0,0,2
311,host-1,1,0,14,1,0,0,0.052562,0,32000,1682,0.052562,131072,1753,0.013374,0,0,1
311,host-10,2,0,14,2,0,0,0.120906,0,32000,3869,0.120906,131072,4312,0.032898,0,0,2
311,host-11,3,0,14,3,0,0,0.134687,0,32000,4310,0.134687,131072,4054,0.030930,0,0,3
311,host-12,1,0,14,1,0,0,0.076781,0,32000,2457,0.076781,131072,2786,0.021255,0,0,1
311,host-13,1,0,14,1,0,0,0.049281,0,32000,1577,0.049281,131072,1927,0.014702,0,0,1
311,host-14,3,0,14,3,0,0,0.149844,0,32000,4795,0.149844,131072,4857,0.037056,0,0,3
311,host-15,2,0,14,2,0,0,0.121969,0,32000,3903,0.121969,131072,4084,0.031158,0,0,2
311,host-16,3,0,14,3,0,0,0.118406,0,32000,3789,0.118406,131072,3610,0.027542,0,0,3
311,host-17,2,0,14,2,0,0,0.105969,0,32000,3391,0.105969,131072,4249,0.032417,0,0,2
311,host-18,2,0,14,2,0,0,0.100406,0,32000,3213,0.100406,131072,2304,0.017578,0,0,2
311,host-19,3,0,14,3,0,0,0.111781,0,32000,3577,0.111781,131072,3428,0.026154,0,0,3
311,host-2,2,0,14,2,0,0,0.100437,0,32000,3214,0.100437,131072,3091,0.023582,0,0,2
311,host-20,3,0,14,3,0,0,0.154250,0,32000,4936,0.154250,131072,5396,0.041168,0,0,3
311,host-21,2,0,14,2,0,0,0.119063,0,32000,3810,0.119063,131072,4763,0.036339,0,0,2
311,host-22,2,0,14,2,0,0,0.100406,0,32000,3213,0.100406,131072,3558,0.027145,0,0,2
311,host-23,3,0,14,3,0,0,0.107500,0,32000,3440,0.107500,131072,3452,0.026337,0,0,3
311,host-24,3,0,14,3,0,0,0.120875,0,32000,3868,0.120875,131072,2693,0.020546,0,0,3
311,host-3,1,0,14,1,0,0,0.039188,0,32000,1254,0.039188,131072,1103,0.008415,0,0,1
311,host-4,1,0,14,1,0,0,0.043750,0,32000,1400,0.043750,131072,1230,0.009384,0,0,1
311,host-5,1,0,14,1,0,0,0.043312,0,32000,1386,0.043312,131072,1169,0.008919,0,0,1
311,host-6,2,0,14,2,0,0,0.094594,0,32000,3027,0.094594,131072,2329,0.017769,0,0,2
311,host-7,2,0,14,2,0,0,0.104406,0,32000,3341,0.104406,131072,3144,0.023987,0,0,2
311,host-8,3,0,14,3,0,0,0.140687,0,32000,4502,0.140687,131072,3987,0.030418,0,0,3
311,host-9,2,0,14,2,0,0,0.137687,0,32000,4406,0.137687,131072,4712,0.035950,0,0,2
312,host-1,1,0,14,1,0,0,0.052562,0,32000,1682,0.052562,131072,1753,0.013374,0,0,1
312,host-10,2,0,14,2,0,0,0.120906,0,32000,3869,0.120906,131072,4312,0.032898,0,0,2
312,host-11,3,0,14,3,0,0,0.134687,0,32000,4310,0.134687,131072,4054,0.030930,0,0,3
312,host-12,1,0,14,1,0,0,0.076781,0,32000,2457,0.076781,131072,2786,0.021255,0,0,1
312,host-13,2,1,14,2,1,0,0.094156,0,32000,3013,0.094156,131072,2740,0.020905,1,0,1
312,host-14,3,0,14,3,0,0,0.149844,0,32000,4795,0.149844,131072,4857,0.037056,0,0,3
312,host-15,2,0,14,2,0,0,0.121969,0,32000,3903,0.121969,131072,4084,0.031158,0,0,2
312,host-16,3,0,14,3,0,0,0.118406,0,32000,3789,0.118406,131072,3610,0.027542,0,0,3
312,host-17,2,0,14,2,0,0,0.105969,0,32000,3391,0.105969,131072,4249,0.032417,0,0,2
312,host-18,2,0,14,2,0,0,0.100406,0,32000,3213,0.100406,131072,2304,0.017578,0,0,2
312,host-19,3,0,14,3,0,0,0.111781,0,32000,3577,0.111781,131072,3428,0.026154,0,0,3
312,host-2,2,0,14,2,0,0,0.100437,0,32000,3214,0.100437,131072,3091,0.023582,0,0,2
312,host-20,3,0,14,3,0,0,0.154250,0,32000,4936,0.154250,131072,5396,0.041168,0,0,3
312,host-21,2,0,14,2,0,0,0.119063,0,32000,3810,0.119063,131072,4763,0.036339,0,0,2
312,host-22,2,0,14,2,0,0,0.100406,0,32000,3213,0.100406,131072,3558,0.027145,0,0,2
312,host-23,3,0,14,3,0,0,0.107500,0,32000,3440,0.107500,131072,3452,0.026337,0,0,3
312,host-24,3,0,14,3,0,0,0.120875,0,32000,3868,0.120875,131072,2693,0.020546,0,0,3
312,host-3,2,1,14,2,1,0,0.082500,0,32000,2640,0.082500,131072,2739,0.020897,1,0,1
312,host-4,2,1,14,2,1,0,0.098312,0,32000,3146,0.098312,131072,2479,0.018913,1,0,1
312,host-5,2,1,14,2,1,0,0.101656,0,32000,3253,0.101656,131072,2357,0.017982,1,0,1
312,host-6,2,0,14,2,0,0,0.094594,0,32000,3027,0.094594,131072,2329,0.017769,0,0,2
312,host-7,2,0,14,2,0,0,0.104406,0,32000,3341,0.104406,131072,3144,0.023987,0,0,2
312,host-8,3,0,14,3,0,0,0.140687,0,32000,4502,0.140687,131072,3987,0.030418,0,0,3
312,host-9,2,0,14,2,0,0,0.137687,0,32000,4406,0.137687,131072,4712,0.035950,0,0,2
313,host-1,1,1,14,1,1,0,0.058344,0,32000,1867,0.058344,131072,1188,0.009064,1,0,0
313,host-10,2,0,14,2,0,0,0.120906,0,32000,3869,0.120906,131072,4312,0.032898,0,0,2
313,host-11,3,0,14,3,0,0,0.134687,0,32000,4310,0.134687,131072,4054,0.030930,0,0,3
313,host-12,1,0,14,1,0,0,0.076781,0,32000,2457,0.076781,131072,2786,0.021255,0,0,1
313,host-13,2,1,14,2,1,0,0.094156,0,32000,3013,0.094156,131072,2740,0.020905,1,0,1
313,host-14,3,0,14,3,0,0,0.149844,0,32000,4795,0.149844,131072,4857,0.037056,0,0,3
313,host-15,2,0,14,2,0,0,0.121969,0,32000,3903,0.121969,131072,4084,0.031158,0,0,2
313,host-16,3,0,14,3,0,0,0.118406,0,32000,3789,0.118406,131072,3610,0.027542,0,0,3
313,host-17,2,0,14,2,0,0,0.105969,0,32000,3391,0.105969,131072,4249,0.032417,0,0,2
313,host-18,2,0,14,2,0,0,0.100406,0,32000,3213,0.100406,131072,2304,0.017578,0,0,2
313,host-19,2,0,14,2,0,0,0.085562,0,32000,2738,0.085562,131072,2858,0.021805,0,0,2
313,host-2,2,0,14,2,0,0,0.100437,0,32000,3214,0.100437,131072,3091,0.023582,0,0,2
313,host-20,3,0,14,3,0,0,0.154250,0,32000,4936,0.154250,131072,5396,0.041168,0,0,3
313,host-21,2,0,14,2,0,0,0.119063,0,32000,3810,0.119063,131072,4763,0.036339,0,0,2
313,host-22,2,0,14,2,0,0,0.100406,0,32000,3213,0.100406,131072,3558,0.027145,0,0,2
313,host-23,3,0,14,3,0,0,0.107500,0,32000,3440,0.107500,131072,3452,0.026337,0,0,3
313,host-24,3,0,14,3,0,0,0.120875,0,32000,3868,0.120875,131072,2693,0.020546,0,0,3
313,host-3,2,0,14,2,0,0,0.082500,0,32000,2640,0.082500,131072,2739,0.020897,0,0,2
313,host-4,2,1,14,2,1,0,0.098312,0,32000,3146,0.098312,131072,2479,0.018913,1,0,1
313,host-5,2,1,14,2,1,0,0.101656,0,32000,3253,0.101656,131072,2357,0.017982,1,0,1
313,host-6,2,0,14,2,0,0,0.094594,0,32000,3027,0.094594,131072,2329,0.017769,0,0,2
313,host-7,2,0,14,2,0,0,0.104406,0,32000,3341,0.104406,131072,3144,0.023987,0,0,2
313,host-8,3,0,14,3,0,0,0.140687,0,32000,4502,0.140687,131072,3987,0.030418,0,0,3
313,host-9,2,1,14,2,1,0,0.137687,0,32000,4406,0.137687,131072,4712,0.035950,0,1,1
314,host-1,2,2,14,2,2,0,0.110906,0,32000,3549,0.110906,131072,2941,0.022438,2,0,0
314,host-10,2,0,14,2,0,0,0.120906,0,32000,3869,0.120906,131072,4312,0.032898,0,0,2
314,host-11,3,0,14,3,0,0,0.134687,0,32000,4310,0.134687,131072,4054,0.030930,0,0,3
314,host-12,1,0,14,1,0,0,0.076781,0,32000,2457,0.076781,131072,2786,0.021255,0,0,1
314,host-13,2,0,14,2,0,0,0.094156,0,32000,3013,0.094156,131072,2740,0.020905,0,0,2
314,host-14,2,0,14,2,0,0,0.110562,0,32000,3538,0.110562,131072,2920,0.022278,0,0,2
314,host-15,2,0,14,2,0,0,0.121969,0,32000,3903,0.121969,131072,4084,0.031158,0,0,2
314,host-16,3,0,14,3,0,0,0.118406,0,32000,3789,0.118406,131072,3610,0.027542,0,0,3
314,host-17,2,0,14,2,0,0,0.105969,0,32000,3391,0.105969,131072,4249,0.032417,0,0,2
314,host-18,2,0,14,2,0,0,0.100406,0,32000,3213,0.100406,131072,2304,0.017578,0,0,2
314,host-19,2,0,14,2,0,0,0.085562,0,32000,2738,0.085562,131072,2858,0.021805,0,0,2
314,host-2,2,0,14,2,0,0,0.100437,0,32000,3214,0.100437,131072,3091,0.023582,0,0,2
314,host-20,3,0,14,3,0,0,0.154250,0,32000,4936,0.154250,131072,5396,0.041168,0,0,3
314,host-21,2,0,14,2,0,0,0.119063,0,32000,3810,0.119063,131072,4763,0.036339,0,0,2
314,host-22,2,0,14,2,0,0,0.100406,0,32000,3213,0.100406,131072,3558,0.027145,0,0,2
314,host-23,3,0,14,3,0,0,0.107500,0,32000,3440,0.107500,131072,3452,0.026337,0,0,3
314,host-24,2,0,14,2,0,0,0.082531,0,32000,2641,0.082531,131072,1789,0.013649,0,0,2
314,host-3,2,0,14,2,0,0,0.082500,0,32000,2640,0.082500,131072,2739,0.020897,0,0,2
314,host-4,2,0,14,2,0,0,0.098312,0,32000,3146,0.098312,131072,2479,0.018913,0,0,2
314,host-5,2,0,14,2,0,0,0.101656,0,32000,3253,0.101656,131072,2357,0.017982,0,0,2
314,host-6,1,0,14,1,0,0,0.043781,0,32000,1401,0.043781,131072,746,0.005692,0,0,1
314,host-7,2,0,14,2,0,0,0.104406,0,32000,3341,0.104406,131072,3144,0.023987,0,0,2
314,host-8,3,0,14,3,0,0,0.140687,0,32000,4502,0.140687,131072,3987,0.030418,0,0,3
314,host-9,2,0,14,2,0,0,0.137687,0,32000,4406,0.137687,131072,4712,0.035950,0,0,2
315,host-1,2,0,14,2,0,0,0.110906,0,32000,3549,0.110906,131072,2941,0.022438,0,0,2
315,host-10,2,0,14,2,0,0,0.120906,0,32000,3869,0.120906,131072,4312,0.032898,0,0,2
315,host-11,3,0,14,3,0,0,0.134687,0,32000,4310,0.134687,131072,4054,0.030930,0,0,3
315,host-12,1,0,14,1,0,0,0.076781,0,32000,2457,0.076781,131072,2786,0.021255,0,0,1
315,host-13,2,1,14,2,1,0,0.094156,0,32000,3013,0.094156,131072,2740,0.020905,0,1,1
315,host-14,1,0,14,1,0,0,0.062187,0,32000,1990,0.062187,131072,1877,0.014320,0,0,1
315,host-15,2,0,14,2,0,0,0.121969,0,32000,3903,0.121969,131072,4084,0.031158,0,0,2
315,host-16,3,0,14,3,0,0,0.118406,0,32000,3789,0.118406,131072,3610,0.027542,0,0,3
315,host-17,2,0,14,2,0,0,0.105969,0,32000,3391,0.105969,131072,4249,0.032417,0,0,2
315,host-18,2,0,14,2,0,0,0.100406,0,32000,3213,0.100406,131072,2304,0.017578,0,0,2
315,host-19,1,0,14,1,0,0,0.040375,0,32000,1292,0.040375,131072,1414,0.010788,0,0,1
315,host-2,2,0,14,2,0,0,0.100437,0,32000,3214,0.100437,131072,3091,0.023582,0,0,2
315,host-20,3,0,14,3,0,0,0.154250,0,32000,4936,0.154250,131072,5396,0.041168,0,0,3
315,host-21,2,0,14,2,0,0,0.119063,0,32000,3810,0.119063,131072,4763,0.036339,0,0,2
315,host-22,2,0,14,2,0,0,0.100406,0,32000,3213,0.100406,131072,3558,0.027145,0,0,2
315,host-23,3,0,14,3,0,0,0.107500,0,32000,3440,0.107500,131072,3452,0.026337,0,0,3
315,host-24,2,1,14,2,1,0,0.076375,0,32000,2444,0.076375,131072,1545,0.011787,1,0,1
315,host-3,2,0,14,2,0,0,0.082500,0,32000,2640,0.082500,131072,2739,0.020897,0,0,2
315,host-4,2,0,14,2,0,0,0.098312,0,32000,3146,0.098312,131072,2479,0.018913,0,0,2
315,host-5,2,0,14,2,0,0,0.101656,0,32000,3253,0.101656,131072,2357,0.017982,0,0,2
315,host-6,2,1,14,2,1,0,0.094594,0,32000,3027,0.094594,131072,2329,0.017769,1,0,1
315,host-7,2,0,14,2,0,0,0.104406,0,32000,3341,0.104406,131072,3144,0.023987,0,0,2
315,host-8,3,0,14,3,0,0,0.140687,0,32000,4502,0.140687,131072,3987,0.030418,0,0,3
315,host-9,2,0,14,2,0,0,0.137687,0,32000,4406,0.137687,131072,4712,0.035950,0,0,2
316,host-1,2,0,14,2,0,0,0.110906,0,32000,3549,0.110906,131072,2941,0.022438,0,0,2
316,host-10,2,0,14,2,0,0,0.120906,0,32000,3869,0.120906,131072,4312,0.032898,0,0,2
316,host-11,3,0,14,3,0,0,0.134687,0,32000,4310,0.134687,131072,4054,0.030930,0,0,3
316,host-12,1,0,14,1,0,0,0.076781,0,32000,2457,0.076781,131072,2786,0.021255,0,0,1
316,host-13,2,0,14,2,0,0,0.094156,0,32000,3013,0.094156,131072,2740,0.020905,0,0,2
316,host-14,2,1,14,2,1,0,0.100531,0,32000,3217,0.100531,131072,2781,0.021217,1,0,1
316,host-15,1,0,14,1,0,0,0.057906,0,32000,1853,0.057906,131072,1398,0.010666,0,0,1
316,host-16,3,0,14,3,0,0,0.118406,0,32000,3789,0.118406,131072,3610,0.027542,0,0,3
316,host-17,1,0,14,1,0,0,0.033813,0,32000,1082,0.033813,131072,1300,0.009918,0,0,1
316,host-18,2,0,14,2,0,0,0.100406,0,32000,3213,0.100406,131072,2304,0.017578,0,0,2
316,host-19,2,1,14,2,1,0,0.064750,0,32000,2072,0.064750,131072,2460,0.018768,1,0,1
316,host-2,2,0,14,2,0,0,0.100437,0,32000,3214,0.100437,131072,3091,0.023582,0,0,2
316,host-20,2,0,14,2,0,0,0.124688,0,32000,3990,0.124688,131072,4381,0.033424,0,0,2
316,host-21,2,0,14,2,0,0,0.119063,0,32000,3810,0.119063,131072,4763,0.036339,0,0,2
316,host-22,2,0,14,2,0,0,0.100406,0,32000,3213,0.100406,131072,3558,0.027145,0,0,2
316,host-23,3,0,14,3,0,0,0.107500,0,32000,3440,0.107500,131072,3452,0.026337,0,0,3
316,host-24,2,1,14,2,1,0,0.076375,0,32000,2444,0.076375,131072,1545,0.011787,1,0,1
316,host-3,1,0,14,1,0,0,0.043312,0,32000,1386,0.043312,131072,1636,0.012482,0,0,1
316,host-4,2,0,14,2,0,0,0.098312,0,32000,3146,0.098312,131072,2479,0.018913,0,0,2
316,host-5,2,0,14,2,0,0,0.101656,0,32000,3253,0.101656,131072,2357,0.017982,0,0,2
316,host-6,2,0,14,2,0,0,0.094594,0,32000,3027,0.094594,131072,2329,0.017769,0,0,2
316,host-7,2,0,14,2,0,0,0.104406,0,32000,3341,0.104406,131072,3144,0.023987,0,0,2
316,host-8,3,0,14,3,0,0,0.140687,0,32000,4502,0.140687,131072,3987,0.030418,0,0,3
316,host-9,2,0,14,2,0,0,0.137687,0,32000,4406,0.137687,131072,4712,0.035950,0,0,2
317,host-1,2,0,14,2,0,0,0.110906,0,32000,3549,0.110906,131072,2941,0.022438,0,0,2
317,host-10,2,0,14,2,0,0,0.120906,0,32000,3869,0.120906,131072,4312,0.032898,0,0,2
317,host-11,3,0,14,3,0,0,0.134687,0,32000,4310,0.134687,131072,4054,0.030930,0,0,3
317,host-12,1,0,14,1,0,0,0.076781,0,32000,2457,0.076781,131072,2786,0.021255,0,0,1
317,host-13,2,0,14,2,0,0,0.094156,0,32000,3013,0.094156,131072,2740,0.020905,0,0,2
317,host-14,2,0,14,2,0,0,0.100531,0,32000,3217,0.100531,131072,2781,0.021217,0,0,2
317,host-15,1,0,14,1,0,0,0.057906,0,32000,1853,0.057906,131072,1398,0.010666,0,0,1
317,host-16,3,0,14,3,0,0,0.118406,0,32000,3789,0.118406,131072,3610,0.027542,0,0,3
317,host-17,2,1,14,2,1,0,0.065344,0,32000,2091,0.065344,131072,2627,0.020042,1,0,1
317,host-18,2,0,14,2,0,0,0.100406,0,32000,3213,0.100406,131072,2304,0.017578,0,0,2
317,host-19,2,0,14,2,0,0,0.064750,0,32000,2072,0.064750,131072,2460,0.018768,0,0,2
317,host-2,2,0,14,2,0,0,0.100437,0,32000,3214,0.100437,131072,3091,0.023582,0,0,2
317,host-20,2,0,14,2,0,0,0.124688,0,32000,3990,0.124688,131072,4381,0.033424,0,0,2
317,host-21,2,0,14,2,0,0,0.119063,0,32000,3810,0.119063,131072,4763,0.036339,0,0,2
317,host-22,2,0,14,2,0,0,0.100406,0,32000,3213,0.100406,131072,3558,0.027145,0,0,2
317,host-23,3,0,14,3,0,0,0.107500,0,32000,3440,0.107500,131072,3452,0.026337,0,0,3
317,host-24,2,0,14,2,0,0,0.076375,0,32000,2444,0.076375,131072,1545,0.011787,0,0,2
317,host-3,1,0,14,1,0,0,0.043312,0,32000,1386,0.043312,131072,1636,0.012482,0,0,1
317,host-4,2,0,14,2,0,0,0.098312,0,32000,3146,0.098312,131072,2479,0.018913,0,0,2
317,host-5,2,0,14,2,0,0,0.101656,0,32000,3253,0.101656,131072,2357,0.017982,0,0,2
317,host-6,2,0,14,2,0,0,0.094594,0,32000,3027,0.094594,131072,2329,0.017769,0,0,2
317,host-7,2,0,14,2,0,0,0.104406,0,32000,3341,0.104406,131072,3144,0.023987,0,0,2
317,host-8,3,0,14,3,0,0,0.140687,0,32000,4502,0.140687,131072,3987,0.030418,0,0,3
317,host-9,2,0,14,2,0,0,0.137687,0,32000,4406,0.137687,131072,4712,0.035950,0,0,2
318,host-1,2,0,14,2,0,0,0.110906,0,32000,3549,0.110906,131072,2941,0.022438,0,0,2
318,host-10,2,0,14,2,0,0,0.120906,0,32000,3869,0.120906,131072,4312,0.032898,0,0,2
318,host-11,3,0,14,3,0,0,0.134687,0,32000,4310,0.134687,131072,4054,0.030930,0,0,3
318,host-12,1,0,14,1,0,0,0.076781,0,32000,2457,0.076781,131072,2786,0.021255,0,0,1
318,host-13,2,0,14,2,0,0,0.094156,0,32000,3013,0.094156,131072,2740,0.020905,0,0,2
318,host-14,2,0,14,2,0,0,0.100531,0,32000,3217,0.100531,131072,2781,0.021217,0,0,2
318,host-15,2,1,14,2,1,0,0.115750,0,32000,3704,0.115750,131072,3710,0.028305,1,0,1
318,host-16,3,0,14,3,0,0,0.118406,0,32000,3789,0.118406,131072,3610,0.027542,0,0,3
318,host-17,2,0,14,2,0,0,0.065344,0,32000,2091,0.065344,131072,2627,0.020042,0,0,2
318,host-18,2,0,14,2,0,0,0.100406,0,32000,3213,0.100406,131072,2304,0.017578,0,0,2
318,host-19,2,0,14,2,0,0,0.064750,0,32000,2072,0.064750,131072,2460,0.018768,0,0,2
318,host-2,2,0,14,2,0,0,0.100437,0,32000,3214,0.100437,131072,3091,0.023582,0,0,2
318,host-20,2,0,14,2,0,0,0.124688,0,32000,3990,0.124688,131072,4381,0.033424,0,0,2
318,host-21,2,0,14,2,0,0,0.119063,0,32000,3810,0.119063,131072,4763,0.036339,0,0,2
318,host-22,2,0,14,2,0,0,0.100406,0,32000,3213,0.100406,131072,3558,0.027145,0,0,2
318,host-23,3,0,14,3,0,0,0.107500,0,32000,3440,0.107500,131072,3452,0.026337,0,0,3
318,host-24,2,0,14,2,0,0,0.076375,0,32000,2444,0.076375,131072,1545,0.011787,0,0,2
318,host-3,2,1,14,2,1,0,0.087781,0,32000,2809,0.087781,131072,3554,0.027115,1,0,1
318,host-4,2,0,14,2,0,0,0.098312,0,32000,3146,0.098312,131072,2479,0.018913,0,0,2
318,host-5,2,0,14,2,0,0,0.101656,0,32000,3253,0.101656,131072,2357,0.017982,0,0,2
318,host-6,2,0,14,2,0,0,0.094594,0,32000,3027,0.094594,131072,2329,0.017769,0,0,2
318,host-7,2,0,14,2,0,0,0.104406,0,32000,3341,0.104406,131072,3144,0.023987,0,0,2
318,host-8,3,0,14,3,0,0,0.140687,0,32000,4502,0.140687,131072,3987,0.030418,0,0,3
318,host-9,2,0,14,2,0,0,0.137687,0,32000,4406,0.137687,131072,4712,0.035950,0,0,2
319,host-1,2,0,14,2,0,0,0.110906,0,32000,3549,0.110906,131072,2941,0.022438,0,0,2
319,host-10,2,0,14,2,0,0,0.120906,0,32000,3869,0.120906,131072,4312,0.032898,0,0,2
319,host-11,3,0,14,3,0,0,0.134687,0,32000,4310,0.134687,131072,4054,0.030930,0,0,3
319,host-12,2,1,14,2,1,0,0.111969,0,32000,3583,0.111969,131072,3702,0.028244,1,0,1
319,host-13,2,0,14,2,0,0,0.094156,0,32000,3013,0.094156,131072,2740,0.020905,0,0,2
319,host-14,2,0,14,2,0,0,0.100531,0,32000,3217,0.100531,131072,2781,0.021217,0,0,2
319,host-15,2,1,14,2,1,0,0.115750,0,32000,3704,0.115750,131072,3710,0.028305,1,0,1
319,host-16,3,0,14,3,0,0,0.118406,0,32000,3789,0.118406,131072,3610,0.027542,0,0,3
319,host-17,3,1,14,3,1,0,0.123188,0,32000,3942,0.123188,131072,4939,0.037682,1,0,2
319,host-18,2,0,14,2,0,0,0.100406,0,32000,3213,0.100406,131072,2304,0.017578,0,0,2
319,host-19,3,0,14,3,0,0,0.108031,0,32000,3457,0.108031,131072,3538,0.026993,0,0,3
319,host-2,2,0,14,2,0,0,0.100437,0,32000,3214,0.100437,131072,3091,0.023582,0,0,2
319,host-20,2,0,14,2,0,0,0.124688,0,32000,3990,0.124688,131072,4381,0.033424,0,0,2
319,host-21,2,0,14,2,0,0,0.119063,0,32000,3810,0.119063,131072,4763,0.036339,0,0,2
319,host-22,2,0,14,2,0,0,0.100406,0,32000,3213,0.100406,131072,3558,0.027145,0,0,2
319,host-23,3,0,14,3,0,0,0.107500,0,32000,3440,0.107500,131072,3452,0.026337,0,0,3
319,host-24,3,1,14,3,1,0,0.138531,0,32000,4433,0.138531,131072,3012,0.022980,1,0,2
319,host-3,2,0,14,2,0,0,0.087781,0,32000,2809,0.087781,131072,3554,0.027115,0,0,2
319,host-4,2,0,14,2,0,0,0.098312,0,32000,3146,0.098312,131072,2479,0.018913,0,0,2
319,host-5,2,0,14,2,0,0,0.101656,0,32000,3253,0.101656,131072,2357,0.017982,0,0,2
319,host-6,2,0,14,2,0,0,0.094594,0,32000,3027,0.094594,131072,2329,0.017769,0,0,2
319,host-7,2,0,14,2,0,0,0.104406,0,32000,3341,0.104406,131072,3144,0.023987,0,0,2
319,host-8,3,0,14,3,0,0,0.140687,0,32000,4502,0.140687,131072,3987,0.030418,0,0,3
319,host-9,2,0,14,2,0,0,0.137687,0,32000,4406,0.137687,131072,4712,0.035950,0,0,2
320,host-1,2,0,14,2,0,0,0.110906,0,32000,3549,0.110906,131072,2941,0.022438,0,0,2
320,host-10,2,0,14,2,0,0,0.120906,0,32000,3869,0.120906,131072,4312,0.032898,0,0,2
320,host-11,3,0,14,3,0,0,0.134687,0,32000,4310,0.134687,131072,4054,0.030930,0,0,3
320,host-12,2,0,14,2,0,0,0.111969,0,32000,3583,0.111969,131072,3702,0.028244,0,0,2
320,host-13,2,0,14,2,0,0,0.094156,0,32000,3013,0.094156,131072,2740,0.020905,0,0,2
320,host-14,2,0,14,2,0,0,0.100531,0,32000,3217,0.100531,131072,2781,0.021217,0,0,2
320,host-15,2,0,14,2,0,0,0.115750,0,32000,3704,0.115750,131072,3710,0.028305,0,0,2
320,host-16,2,0,14,2,0,0,0.090625,0,32000,2900,0.090625,131072,3088,0.023560,0,0,2
320,host-17,3,1,14,3,1,0,0.123188,0,32000,3942,0.123188,131072,4939,0.037682,1,0,2
320,host-18,2,0,14,2,0,0,0.100406,0,32000,3213,0.100406,131072,2304,0.017578,0,0,2
320,host-19,3,0,14,3,0,0,0.108031,0,32000,3457,0.108031,131072,3538,0.026993,0,0,3
320,host-2,2,0,14,2,0,0,0.100437,0,32000,3214,0.100437,131072,3091,0.023582,0,0,2
320,host-20,2,0,14,2,0,0,0.124688,0,32000,3990,0.124688,131072,4381,0.033424,0,0,2
320,host-21,2,0,14,2,0,0,0.119063,0,32000,3810,0.119063,131072,4763,0.036339,0,0,2
320,host-22,2,0,14,2,0,0,0.100406,0,32000,3213,0.100406,131072,3558,0.027145,0,0,2
320,host-23,2,0,14,2,0,0,0.080875,0,32000,2588,0.080875,131072,2379,0.018150,0,0,2
320,host-24,3,1,14,3,1,0,0.138531,0,32000,4433,0.138531,131072,3012,0.022980,0,1,2
320,host-3,3,1,14,3,1,0,0.118188,0,32000,3782,0.118188,131072,5112,0.039001,1,0,2
320,host-4,2,0,14,2,0,0,0.098312,0,32000,3146,0.098312,131072,2479,0.018913,0,0,2
320,host-5,2,0,14,2,0,0,0.101656,0,32000,3253,0.101656,131072,2357,0.017982,0,0,2
320,host-6,2,0,14,2,0,0,0.094594,0,32000,3027,0.094594,131072,2329,0.017769,0,0,2
320,host-7,2,0,14,2,0,0,0.104406,0,32000,3341,0.104406,131072,3144,0.023987,0,0,2
320,host-8,2,0,14,2,0,0,0.089750,0,32000,2872,0.089750,131072,2454,0.018723,0,0,2
320,host-9,2,0,14,2,0,0,0.137687,0,32000,4406,0.137687,131072,4712,0.035950,0,0,2
321,host-1,2,0,14,2,0,0,0.110906,0,32000,3549,0.110906,131072,2941,0.022438,0,0,2
321,host-10,2,0,14,2,0,0,0.120906,0,32000,3869,0.120906,131072,4312,0.032898,0,0,2
321,host-11,3,2,14,3,2,0,0.144656,0,32000,4629,0.144656,131072,4380,0.033417,2,0,1
321,host-12,2,0,14,2,0,0,0.111969,0,32000,3583,0.111969,131072,3702,0.028244,0,0,2
321,host-13,3,1,14,3,1,0,0.129406,0,32000,4141,0.129406,131072,4370,0.033340,1,0,2
321,host-14,3,1,14,3,1,0,0.151969,0,32000,4863,0.151969,131072,4022,0.030685,1,0,2
321,host-15,2,0,14,2,0,0,0.115750,0,32000,3704,0.115750,131072,3710,0.028305,0,0,2
321,host-16,3,1,14,3,1,0,0.135125,0,32000,4324,0.135125,131072,4236,0.032318,1,0,2
321,host-17,3,0,14,3,0,0,0.123188,0,32000,3942,0.123188,131072,4939,0.037682,0,0,3
321,host-18,3,1,14,3,1,0,0.164469,0,32000,5263,0.164469,131072,4990,0.038071,1,0,2
321,host-19,4,1,14,4,1,0,0.137594,0,32000,4403,0.137594,131072,4553,0.034737,1,0,3
321,host-2,3,1,14,3,1,0,0.132281,0,32000,4233,0.132281,131072,3654,0.027878,1,0,2
321,host-20,2,0,14,2,0,0,0.124688,0,32000,3990,0.124688,131072,4381,0.033424,0,0,2
321,host-21,2,0,14,2,0,0,0.119063,0,32000,3810,0.119063,131072,4763,0.036339,0,0,2
321,host-22,3,1,14,3,1,0,0.126375,0,32000,4044,0.126375,131072,4607,0.035149,1,0,2
321,host-23,4,2,14,4,2,0,0.179250,0,32000,5736,0.179250,131072,5898,0.044998,2,0,2
321,host-24,3,0,14,3,0,0,0.138531,0,32000,4433,0.138531,131072,3012,0.022980,0,0,3
321,host-3,3,1,14,3,1,0,0.118188,0,32000,3782,0.118188,131072,5112,0.039001,1,0,2
321,host-4,3,1,14,3,1,0,0.143500,0,32000,4592,0.143500,131072,3923,0.029930,1,0,2
321,host-5,3,1,14,3,1,0,0.140937,0,32000,4510,0.140937,131072,4294,0.032761,1,0,2
321,host-6,3,1,14,3,1,0,0.160438,0,32000,5134,0.160438,131072,4192,0.031982,1,0,2
321,host-7,3,1,14,3,1,0,0.143594,0,32000,4595,0.143594,131072,4247,0.032402,1,0,2
321,host-8,3,1,14,3,1,0,0.142625,0,32000,4564,0.142625,131072,4476,0.034149,1,0,2
321,host-9,2,0,14,2,0,0,0.137687,0,32000,4406,0.137687,131072,4712,0.035950,0,0,2
322,host-1,3,1,14,3,1,0,0.150188,0,32000,4806,0.150188,131072,4878,0.037216,1,0,2
322,host-10,2,0,14,2,0,0,0.120906,0,32000,3869,0.120906,131072,4312,0.032898,0,0,2
322,host-11,3,2,14,3,2,0,0.144656,0,32000,4629,0.144656,131072,4380,0.033417,2,0,1
322,host-12,3,1,14,3,1,0,0.137937,0,32000,4414,0.137937,131072,4751,0.036247,1,0,2
322,host-13,3,1,14,3,1,0,0.129406,0,32000,4141,0.129406,131072,4370,0.033340,1,0,2
322,host-14,3,1,14,3,1,0,0.151969,0,32000,4863,0.151969,131072,4022,0.030685,1,0,2
322,host-15,3,1,14,3,1,0,0.164125,0,32000,5252,0.164125,131072,4753,0.036263,1,0,2
322,host-16,3,0,14,3,0,0,0.135125,0,32000,4324,0.135125,131072,4236,0.032318,0,0,3
322,host-17,3,0,14,3,0,0,0.123188,0,32000,3942,0.123188,131072,4939,0.037682,0,0,3
322,host-18,3,0,14,3,0,0,0.164469,0,32000,5263,0.164469,131072,4990,0.038071,0,0,3
322,host-19,4,1,14,4,1,0,0.137594,0,32000,4403,0.137594,131072,4553,0.034737,1,0,3
322,host-2,3,0,14,3,0,0,0.132281,0,32000,4233,0.132281,131072,3654,0.027878,0,0,3
322,host-20,1,0,14,1,0,0,0.068281,0,32000,2185,0.068281,131072,2705,0.020638,0,0,1
322,host-21,2,0,14,2,0,0,0.119063,0,32000,3810,0.119063,131072,4763,0.036339,0,0,2
322,host-22,3,0,14,3,0,0,0.126375,0,32000,4044,0.126375,131072,4607,0.035149,0,0,3
322,host-23,4,0,14,4,0,0,0.179250,0,32000,5736,0.179250,131072,5898,0.044998,0,0,4
322,host-24,3,0,14,3,0,0,0.138531,0,32000,4433,0.138531,131072,3012,0.022980,0,0,3
322,host-3,4,1,14,4,1,0,0.156531,0,32000,5009,0.156531,131072,6312,0.048157,1,0,3
322,host-4,3,0,14,3,0,0,0.143500,0,32000,4592,0.143500,131072,3923,0.029930,0,0,3
322,host-5,3,0,14,3,0,0,0.140937,0,32000,4510,0.140937,131072,4294,0.032761,0,0,3
322,host-6,3,1,14,3,1,0,0.160438,0,32000,5134,0.160438,131072,4192,0.031982,1,0,2
322,host-7,3,1,14,3,1,0,0.143594,0,32000,4595,0.143594,131072,4247,0.032402,1,0,2
322,host-8,3,1,14,3,1,0,0.142625,0,32000,4564,0.142625,131072,4476,0.034149,0,1,2
322,host-9,2,0,14,2,0,0,0.137687,0,32000,4406,0.137687,131072,4712,0.035950,0,0,2
323,host-1,3,0,14,3,0,0,0.150188,0,32000,4806,0.150188,131072,4878,0.037216,0,0,3
323,host-10,2,0,14,2,0,0,0.120906,0,32000,3869,0.120906,131072,4312,0.032898,0,0,2
323,host-11,3,0,14,3,0,0,0.144656,0,32000,4629,0.144656,131072,4380,0.033417,0,0,3
323,host-12,3,0,14,3,0,0,0.137937,0,32000,4414,0.137937,131072,4751,0.036247,0,0,3
323,host-13,3,1,14,3,1,0,0.129406,0,32000,4141,0.129406,131072,4370,0.033340,0,1,2
323,host-14,3,0,14,3,0,0,0.151969,0,32000,4863,0.151969,131072,4022,0.030685,0,0,3
323,host-15,3,1,14,3,1,0,0.164125,0,32000,5252,0.164125,131072,4753,0.036263,1,0,2
323,host-16,2,0,14,2,0,0,0.082187,0,32000,2630,0.082187,131072,1975,0.015068,0,0,2
323,host-17,3,0,14,3,0,0,0.123188,0,32000,3942,0.123188,131072,4939,0.037682,0,0,3
323,host-18,2,0,14,2,0,0,0.121969,0,32000,3903,0.121969,131072,4093,0.031227,0,0,2
323,host-19,4,0,14,4,0,0,0.137594,0,32000,4403,0.137594,131072,4553,0.034737,0,0,4
323,host-2,3,0,14,3,0,0,0.132281,0,32000,4233,0.132281,131072,3654,0.027878,0,0,3
323,host-20,2,1,14,2,1,0,0.107469,0,32000,3439,0.107469,131072,3808,0.029053,1,0,1
323,host-21,0,0,14,0,0,0,0.000000,0,32000,0,0.000000,131072,0,0.000000,0,0,0
323,host-22,1,0,14,1,0,0,0.025969,0,32000,831,0.025969,131072,1049,0.008003,0,0,1
323,host-23,3,0,14,3,0,0,0.134750,0,32000,4312,0.134750,131072,4689,0.035774,0,0,3
323,host-24,3,0,14,3,0,0,0.138531,0,32000,4433,0.138531,131072,3012,0.022980,0,0,3
323,host-3,4,1,14,4,1,0,0.156531,0,32000,5009,0.156531,131072,6312,0.048157,1,0,3
323,host-4,3,0,14,3,0,0,0.143500,0,32000,4592,0.143500,131072,3923,0.029930,0,0,3
323,host-5,3,0,14,3,0,0,0.140937,0,32000,4510,0.140937,131072,4294,0.032761,0,0,3
323,host-6,3,0,14,3,0,0,0.160438,0,32000,5134,0.160438,131072,4192,0.031982,0,0,3
323,host-7,3,0,14,3,0,0,0.143594,0,32000,4595,0.143594,131072,4247,0.032402,0,0,3
323,host-8,2,0,14,2,0,0,0.110687,0,32000,3542,0.110687,131072,3895,0.029716,0,0,2
323,host-9,2,0,14,2,0,0,0.137687,0,32000,4406,0.137687,131072,4712,0.035950,0,0,2
324,host-1,3,0,14,3,0,0,0.150188,0,32000,4806,0.150188,131072,4878,0.037216,0,0,3
324,host-10,2,0,14,2,0,0,0.120906,0,32000,3869,0.120906,131072,4312,0.032898,0,0,2
324,host-11,3,0,14,3,0,0,0.144656,0,32000,4629,0.144656,131072,4380,0.033417,0,0,3
324,host-12,3,0,14,3,0,0,0.137937,0,32000,4414,0.137937,131072,4751,0.036247,0,0,3
324,host-13,3,0,14,3,0,0,0.129406,0,32000,4141,0.129406,131072,4370,0.033340,0,0,3
324,host-14,3,0,14,3,0,0,0.151969,0,32000,4863,0.151969,131072,4022,0.030685,0,0,3
324,host-15,3,0,14,3,0,0,0.164125,0,32000,5252,0.164125,131072,4753,0.036263,0,0,3
324,host-16,2,0,14,2,0,0,0.082187,0,32000,2630,0.082187,131072,1975,0.015068,0,0,2
324,host-17,3,0,14,3,0,0,0.123188,0,32000,3942,0.123188,131072,4939,0.037682,0,0,3
324,host-18,2,0,14,2,0,0,0.121969,0,32000,3903,0.121969,131072,4093,0.031227,0,0,2
324,host-19,4,0,14,4,0,0,0.137594,0,32000,4403,0.137594,131072,4553,0.034737,0,0,4
324,host-2,3,1,14,3,1,0,0.125375,0,32000,4012,0.125375,131072,3657,0.027901,1,0,2
324,host-20,2,1,14,2,1,0,0.107469,0,32000,3439,0.107469,131072,3808,0.029053,0,1,1
324,host-21,2,2,14,2,2,0,0.116125,0,32000,3716,0.116125,131072,4530,0.034561,1,1,0
324,host-22,2,1,14,2,1,0,0.099750,0,32000,3192,0.099750,131072,3655,0.027885,1,0,1
324,host-23,3,0,14,3,0,0,0.134750,0,32000,4312,0.134750,131072,4689,0.035774,0,0,3
324,host-24,3,0,14,3,0,0,0.138531,0,32000,4433,0.138531,131072,3012,0.022980,0,0,3
324,host-3,4,0,14,4,0,0,0.156531,0,32000,5009,0.156531,131072,6312,0.048157,0,0,4
324,host-4,3,0,14,3,0,0,0.143500,0,32000,4592,0.143500,131072,3923,0.029930,0,0,3
324,host-5,3,0,14,3,0,0,0.140937,0,32000,4510,0.140937,131072,4294,0.032761,0,0,3
324,host-6,3,0,14,3,0,0,0.160438,0,32000,5134,0.160438,131072,4192,0.031982,0,0,3
324,host-7,3,1,14,3,1,0,0.146937,0,32000,4702,0.146937,131072,4199,0.032036,1,0,2
324,host-8,2,0,14,2,0,0,0.110687,0,32000,3542,0.110687,131072,3895,0.029716,0,0,2
324,host-9,2,0,14,2,0,0,0.137687,0,32000,4406,0.137687,131072,4712,0.035950,0,0,2
325,host-1,3,0,14,3,0,0,0.150188,0,32000,4806,0.150188,131072,4878,0.037216,0,0,3
325,host-10,2,0,14,2,0,0,0.120906,0,32000,3869,0.120906,131072,4312,0.032898,0,0,2
325,host-11,3,0,14,3,0,0,0.144656,0,32000,4629,0.144656,131072,4380,0.033417,0,0,3
325,host-12,3,0,14,3,0,0,0.137937,0,32000,4414,0.137937,131072,4751,0.036247,0,0,3
325,host-13,2,0,14,2,0,0,0.080125,0,32000,2564,0.080125,131072,2443,0.018639,0,0,2
325,host-14,3,0,14,3,0,0,0.151969,0,32000,4863,0.151969,131072,4022,0.030685,0,0,3
325,host-15,3,0,14,3,0,0,0.164125,0,32000,5252,0.164125,131072,4753,0.036263,0,0,3
325,host-16,3,1,14,3,1,0,0.145375,0,32000,4652,0.145375,131072,4244,0.032379,1,0,2
325,host-17,3,0,14,3,0,0,0.123188,0,32000,3942,0.123188,131072,4939,0.037682,0,0,3
325,host-18,1,0,14,1,0,0,0.064062,0,32000,2050,0.064062,131072,2686,0.020493,0,0,1
325,host-19,4,0,14,4,0,0,0.137594,0,32000,4403,0.137594,131072,4553,0.034737,0,0,4
325,host-2,3,1,14,3,1,0,0.125375,0,32000,4012,0.125375,131072,3657,0.027901,1,0,2
325,host-20,2,0,14,2,0,0,0.107469,0,32000,3439,0.107469,131072,3808,0.029053,0,0,2
325,host-21,2,0,14,2,0,0,0.116125,0,32000,3716,0.116125,131072,4530,0.034561,0,0,2
325,host-22,2,1,14,2,1,0,0.099750,0,32000,3192,0.099750,131072,3655,0.027885,0,1,1
325,host-23,3,0,14,3,0,0,0.134750,0,32000,4312,0.134750,131072,4689,0.035774,0,0,3
325,host-24,3,0,14,3,0,0,0.138531,0,32000,4433,0.138531,131072,3012,0.022980,0,0,3
325,host-3,4,0,14,4,0,0,0.156531,0,32000,5009,0.156531,131072,6312,0.048157,0,0,4
325,host-4,3,0,14,3,0,0,0.143500,0,32000,4592,0.143500,131072,3923,0.029930,0,0,3
325,host-5,3,0,14,3,0,0,0.140937,0,32000,4510,0.140937,131072,4294,0.032761,0,0,3
325,host-6,3,0,14,3,0,0,0.160438,0,32000,5134,0.160438,131072,4192,0.031982,0,0,3
325,host-7,3,1,14,3,1,0,0.146937,0,32000,4702,0.146937,131072,4199,0.032036,1,0,2
325,host-8,2,0,14,2,0,0,0.110687,0,32000,3542,0.110687,131072,3895,0.029716,0,0,2
325,host-9,2,0,14,2,0,0,0.137687,0,32000,4406,0.137687,131072,4712,0.035950,0,0,2
326,host-1,3,0,14,3,0,0,0.150188,0,32000,4806,0.150188,131072,4878,0.037216,0,0,3
326,host-10,2,0,14,2,0,0,0.120906,0,32000,3869,0.120906,131072,4312,0.032898,0,0,2
326,host-11,3,0,14,3,0,0,0.144656,0,32000,4629,0.144656,131072,4380,0.033417,0,0,3
326,host-12,3,0,14,3,0,0,0.137937,0,32000,4414,0.137937,131072,4751,0.036247,0,0,3
326,host-13,2,0,14,2,0,0,0.080125,0,32000,2564,0.080125,131072,2443,0.018639,0,0,2
326,host-14,3,0,14,3,0,0,0.151969,0,32000,4863,0.151969,131072,4022,0.030685,0,0,3
326,host-15,2,0,14,2,0,0,0.106219,0,32000,3399,0.106219,131072,3355,0.025597,0,0,2
326,host-16,3,0,14,3,0,0,0.145375,0,32000,4652,0.145375,131072,4244,0.032379,0,0,3
326,host-17,3,0,14,3,0,0,0.123188,0,32000,3942,0.123188,131072,4939,0.037682,0,0,3
326,host-18,1,0,14,1,0,0,0.064062,0,32000,2050,0.064062,131072,2686,0.020493,0,0,1
326,host-19,4,0,14,4,0,0,0.137594,0,32000,4403,0.137594,131072,4553,0.034737,0,0,4
326,host-2,3,0,14,3,0,0,0.125375,0,32000,4012,0.125375,131072,3657,0.027901,0,0,3
326,host-20,2,0,14,2,0,0,0.107469,0,32000,3439,0.107469,131072,3808,0.029053,0,0,2
326,host-21,2,0,14,2,0,0,0.116125,0,32000,3716,0.116125,131072,4530,0.034561,0,0,2
326,host-22,2,0,14,2,0,0,0.099750,0,32000,3192,0.099750,131072,3655,0.027885,0,0,2
326,host-23,3,0,14,3,0,0,0.134750,0,32000,4312,0.134750,131072,4689,0.035774,0,0,3
326,host-24,3,0,14,3,0,0,0.138531,0,32000,4433,0.138531,131072,3012,0.022980,0,0,3
326,host-3,4,0,14,4,0,0,0.156531,0,32000,5009,0.156531,131072,6312,0.048157,0,0,4
326,host-4,2,0,14,2,0,0,0.099750,0,32000,3192,0.099750,131072,2693,0.020546,0,0,2
326,host-5,3,0,14,3,0,0,0.140937,0,32000,4510,0.140937,131072,4294,0.032761,0,0,3
326,host-6,3,0,14,3,0,0,0.160438,0,32000,5134,0.160438,131072,4192,0.031982,0,0,3
326,host-7,2,0,14,2,0,0,0.105719,0,32000,3383,0.105719,131072,3324,0.025360,0,0,2
326,host-8,2,0,14,2,0,0,0.110687,0,32000,3542,0.110687,131072,3895,0.029716,0,0,2
326,host-9,2,0,14,2,0,0,0.137687,0,32000,4406,0.137687,131072,4712,0.035950,0,0,2
327,host-1,3,0,14,3,0,0,0.150188,0,32000,4806,0.150188,131072,4878,0.037216,0,0,3
327,host-10,2,1,14,2,1,0,0.094156,0,32000,3013,0.094156,131072,2906,0.022171,1,0,1
327,host-11,2,0,14,2,0,0,0.082469,0,32000,2639,0.082469,131072,2503,0.019096,0,0,2
327,host-12,3,0,14,3,0,0,0.137937,0,32000,4414,0.137937,131072,4751,0.036247,0,0,3
327,host-13,3,1,14,3,1,0,0.131062,0,32000,4194,0.131062,131072,3976,0.030334,1,0,2
327,host-14,3,0,14,3,0,0,0.151969,0,32000,4863,0.151969,131072,4022,0.030685,0,0,3
327,host-15,2,0,14,2,0,0,0.106219,0,32000,3399,0.106219,131072,3355,0.025597,0,0,2
327,host-16,3,0,14,3,0,0,0.145375,0,32000,4652,0.145375,131072,4244,0.032379,0,0,3
327,host-17,3,0,14,3,0,0,0.123188,0,32000,3942,0.123188,131072,4939,0.037682,0,0,3
327,host-18,2,1,14,2,1,0,0.090688,0,32000,2902,0.090688,131072,3759,0.028679,1,0,1
327,host-19,3,0,14,3,0,0,0.097219,0,32000,3111,0.097219,131072,3139,0.023949,0,0,3
327,host-2,3,0,14,3,0,0,0.125375,0,32000,4012,0.125375,131072,3657,0.027901,0,0,3
327,host-20,2,0,14,2,0,0,0.107469,0,32000,3439,0.107469,131072,3808,0.029053,0,0,2
327,host-21,2,0,14,2,0,0,0.116125,0,32000,3716,0.116125,131072,4530,0.034561,0,0,2
327,host-22,2,0,14,2,0,0,0.099750,0,32000,3192,0.099750,131072,3655,0.027885,0,0,2
327,host-23,3,0,14,3,0,0,0.134750,0,32000,4312,0.134750,131072,4689,0.035774,0,0,3
327,host-24,3,0,14,3,0,0,0.138531,0,32000,4433,0.138531,131072,3012,0.022980,0,0,3
327,host-3,4,0,14,4,0,0,0.156531,0,32000,5009,0.156531,131072,6312,0.048157,0,0,4
327,host-4,2,0,14,2,0,0,0.099750,0,32000,3192,0.099750,131072,2693,0.020546,0,0,2
327,host-5,2,0,14,2,0,0,0.097625,0,32000,3124,0.097625,131072,3125,0.023842,0,0,2
327,host-6,3,0,14,3,0,0,0.160438,0,32000,5134,0.160438,131072,4192,0.031982,0,0,3
327,host-7,2,0,14,2,0,0,0.105719,0,32000,3383,0.105719,131072,3324,0.025360,0,0,2
327,host-8,2,0,14,2,0,0,0.110687,0,32000,3542,0.110687,131072,3895,0.029716,0,0,2
327,host-9,2,0,14,2,0,0,0.137687,0,32000,4406,0.137687,131072,4712,0.035950,0,0,2
328,host-1,3,0,14,3,0,0,0.150188,0,32000,4806,0.150188,131072,4878,0.037216,0,0,3
328,host-10,2,1,14,2,1,0,0.094156,0,32000,3013,0.094156,131072,2906,0.022171,1,0,1
328,host-11,2,0,14,2,0,0,0.082469,0,32000,2639,0.082469,131072,2503,0.019096,0,0,2
328,host-12,3,0,14,3,0,0,0.137937,0,32000,4414,0.137937,131072,4751,0.036247,0,0,3
328,host-13,3,1,14,3,1,0,0.131062,0,32000,4194,0.131062,131072,3976,0.030334,1,0,2
328,host-14,3,0,14,3,0,0,0.151969,0,32000,4863,0.151969,131072,4022,0.030685,0,0,3
328,host-15,2,0,14,2,0,0,0.106219,0,32000,3399,0.106219,131072,3355,0.025597,0,0,2
328,host-16,2,0,14,2,0,0,0.107688,0,32000,3446,0.107688,131072,3417,0.026070,0,0,2
328,host-17,3,0,14,3,0,0,0.123188,0,32000,3942,0.123188,131072,4939,0.037682,0,0,3
328,host-18,2,1,14,2,1,0,0.090688,0,32000,2902,0.090688,131072,3759,0.028679,0,1,1
328,host-19,3,0,14,3,0,0,0.097219,0,32000,3111,0.097219,131072,3139,0.023949,0,0,3
328,host-2,2,0,14,2,0,0,0.091469,0,32000,2927,0.091469,131072,2787,0.021263,0,0,2
328,host-20,2,0,14,2,0,0,0.107469,0,32000,3439,0.107469,131072,3808,0.029053,0,0,2
328,host-21,2,0,14,2,0,0,0.116125,0,32000,3716,0.116125,131072,4530,0.034561,0,0,2
328,host-22,2,0,14,2,0,0,0.099750,0,32000,3192,0.099750,131072,3655,0.027885,0,0,2
328,host-23,2,0,14,2,0,0,0.098375,0,32000,3148,0.098375,131072,3519,0.026848,0,0,2
328,host-24,3,0,14,3,0,0,0.138531,0,32000,4433,0.138531,131072,3012,0.022980,0,0,3
328,host-3,4,0,14,4,0,0,0.156531,0,32000,5009,0.156531,131072,6312,0.048157,0,0,4
328,host-4,2,0,14,2,0,0,0.099750,0,32000,3192,0.099750,131072,2693,0.020546,0,0,2
328,host-5,2,0,14,2,0,0,0.097625,0,32000,3124,0.097625,131072,3125,0.023842,0,0,2
328,host-6,3,0,14,3,0,0,0.160438,0,32000,5134,0.160438,131072,4192,0.031982,0,0,3
328,host-7,2,0,14,2,0,0,0.105719,0,32000,3383,0.105719,131072,3324,0.025360,0,0,2
328,host-8,2,0,14,2,0,0,0.110687,0,32000,3542,0.110687,131072,3895,0.029716,0,0,2
328,host-9,1,0,14,1,0,0,0.077219,0,32000,2471,0.077219,131072,2298,0.017532,0,0,1
329,host-1,3,0,14,3,0,0,0.150188,0,32000,4806,0.150188,131072,4878,0.037216,0,0,3
329,host-10,2,0,14,2,0,0,0.094156,0,32000,3013,0.094156,131072,2906,0.022171,0,0,2
329,host-11,2,0,14,2,0,0,0.082469,0,32000,2639,0.082469,131072,2503,0.019096,0,0,2
329,host-12,2,0,14,2,0,0,0.061156,0,32000,1957,0.061156,131072,1965,0.014992,0,0,2
329,host-13,3,0,14,3,0,0,0.131062,0,32000,4194,0.131062,131072,3976,0.030334,0,0,3
329,host-14,2,0,14,2,0,0,0.089781,0,32000,2873,0.089781,131072,2145,0.016365,0,0,2
329,host-15,2,0,14,2,0,0,0.106219,0,32000,3399,0.106219,131072,3355,0.025597,0,0,2
329,host-16,2,0,14,2,0,0,0.107688,0,32000,3446,0.107688,131072,3417,0.026070,0,0,2
329,host-17,2,0,14,2,0,0,0.089375,0,32000,2860,0.089375,131072,3639,0.027763,0,0,2
329,host-18,2,0,14,2,0,0,0.090688,0,32000,2902,0.090688,131072,3759,0.028679,0,0,2
329,host-19,3,0,14,3,0,0,0.097219,0,32000,3111,0.097219,131072,3139,0.023949,0,0,3
329,host-2,2,0,14,2,0,0,0.091469,0,32000,2927,0.091469,131072,2787,0.021263,0,0,2
329,host-20,1,0,14,1,0,0,0.039188,0,32000,1254,0.039188,131072,1103,0.008415,0,0,1
329,host-21,2,0,14,2,0,0,0.116125,0,32000,3716,0.116125,131072,4530,0.034561,0,0,2
329,host-22,2,0,14,2,0,0,0.099750,0,32000,3192,0.099750,131072,3655,0.027885,0,0,2
329,host-23,2,0,14,2,0,0,0.098375,0,32000,3148,0.098375,131072,3519,0.026848,0,0,2
329,host-24,2,0,14,2,0,0,0.100500,0,32000,3216,0.100500,131072,2371,0.018089,0,0,2
329,host-3,4,0,14,4,0,0,0.156531,0,32000,5009,0.156531,131072,6312,0.048157,0,0,4
329,host-4,2,0,14,2,0,0,0.099750,0,32000,3192,0.099750,131072,2693,0.020546,0,0,2
329,host-5,2,0,14,2,0,0,0.097625,0,32000,3124,0.097625,131072,3125,0.023842,0,0,2
329,host-6,3,0,14,3,0,0,0.160438,0,32000,5134,0.160438,131072,4192,0.031982,0,0,3
329,host-7,2,0,14,2,0,0,0.105719,0,32000,3383,0.105719,131072,3324,0.025360,0,0,2
329,host-8,1,0,14,1,0,0,0.052875,0,32000,1692,0.052875,131072,2022,0.015427,0,0,1
329,host-9,2,1,14,2,1,0,0.105000,0,32000,3360,0.105000,131072,2820,0.021515,1,0,1
330,host-1,3,0,14,3,0,0,0.150188,0,32000,4806,0.150188,131072,4878,0.037216,0,0,3
330,host-10,2,0,14,2,0,0,0.094156,0,32000,3013,0.094156,131072,2906,0.022171,0,0,2
330,host-11,2,0,14,2,0,0,0.082469,0,32000,2639,0.082469,131072,2503,0.019096,0,0,2
330,host-12,2,0,14,2,0,0,0.061156,0,32000,1957,0.061156,131072,1965,0.014992,0,0,2
330,host-13,3,0,14,3,0,0,0.131062,0,32000,4194,0.131062,131072,3976,0.030334,0,0,3
330,host-14,2,0,14,2,0,0,0.089781,0,32000,2873,0.089781,131072,2145,0.016365,0,0,2
330,host-15,2,0,14,2,0,0,0.106219,0,32000,3399,0.106219,131072,3355,0.025597,0,0,2
330,host-16,2,0,14,2,0,0,0.107688,0,32000,3446,0.107688,131072,3417,0.026070,0,0,2
330,host-17,2,0,14,2,0,0,0.089375,0,32000,2860,0.089375,131072,3639,0.027763,0,0,2
330,host-18,2,0,14,2,0,0,0.090688,0,32000,2902,0.090688,131072,3759,0.028679,0,0,2
330,host-19,3,0,14,3,0,0,0.097219,0,32000,3111,0.097219,131072,3139,0.023949,0,0,3
330,host-2,2,0,14,2,0,0,0.091469,0,32000,2927,0.091469,131072,2787,0.021263,0,0,2
330,host-20,1,0,14,1,0,0,0.039188,0,32000,1254,0.039188,131072,1103,0.008415,0,0,1
330,host-21,2,0,14,2,0,0,0.116125,0,32000,3716,0.116125,131072,4530,0.034561,0,0,2
330,host-22,2,0,14,2,0,0,0.099750,0,32000,3192,0.099750,131072,3655,0.027885,0,0,2
330,host-23,2,0,14,2,0,0,0.098375,0,32000,3148,0.098375,131072,3519,0.026848,0,0,2
330,host-24,2,0,14,2,0,0,0.100500,0,32000,3216,0.100500,131072,2371,0.018089,0,0,2
330,host-3,4,0,14,4,0,0,0.156531,0,32000,5009,0.156531,131072,6312,0.048157,0,0,4
330,host-4,2,0,14,2,0,0,0.099750,0,32000,3192,0.099750,131072,2693,0.020546,0,0,2
330,host-5,2,0,14,2,0,0,0.097625,0,32000,3124,0.097625,131072,3125,0.023842,0,0,2
330,host-6,3,0,14,3,0,0,0.160438,0,32000,5134,0.160438,131072,4192,0.031982,0,0,3
330,host-7,2,0,14,2,0,0,0.105719,0,32000,3383,0.105719,131072,3324,0.025360,0,0,2
330,host-8,1,0,14,1,0,0,0.052875,0,32000,1692,0.052875,131072,2022,0.015427,0,0,1
330,host-9,2,0,14,2,0,0,0.105000,0,32000,3360,0.105000,131072,2820,0.021515,0,0,2
331,host-1,3,0,14,3,0,0,0.150188,0,32000,4806,0.150188,131072,4878,0.037216,0,0,3
331,host-10,2,0,14,2,0,0,0.094156,0,32000,3013,0.094156,131072,2906,0.022171,0,0,2
331,host-11,2,0,14,2,0,0,0.082469,0,32000,2639,0.082469,131072,2503,0.019096,0,0,2
331,host-12,2,0,14,2,0,0,0.061156,0,32000,1957,0.061156,131072,1965,0.014992,0,0,2
331,host-13,3,0,14,3,0,0,0.131062,0,32000,4194,0.131062,131072,3976,0.030334,0,0,3
331,host-14,2,0,14,2,0,0,0.089781,0,32000,2873,0.089781,131072,2145,0.016365,0,0,2
331,host-15,2,0,14,2,0,0,0.106219,0,32000,3399,0.106219,131072,3355,0.025597,0,0,2
331,host-16,2,0,14,2,0,0,0.107688,0,32000,3446,0.107688,131072,3417,0.026070,0,0,2
331,host-17,2,0,14,2,0,0,0.089375,0,32000,2860,0.089375,131072,3639,0.027763,0,0,2
331,host-18,2,0,14,2,0,0,0.090688,0,32000,2902,0.090688,131072,3759,0.028679,0,0,2
331,host-19,3,1,14,3,1,0,0.097219,0,32000,3111,0.097219,131072,3139,0.023949,0,1,2
331,host-2,2,0,14,2,0,0,0.091469,0,32000,2927,0.091469,131072,2787,0.021263,0,0,2
331,host-20,1,0,14,1,0,0,0.039188,0,32000,1254,0.039188,131072,1103,0.008415,0,0,1
331,host-21,2,0,14,2,0,0,0.116125,0,32000,3716,0.116125,131072,4530,0.034561,0,0,2
331,host-22,2,0,14,2,0,0,0.099750,0,32000,3192,0.099750,131072,3655,0.027885,0,0,2
331,host-23,2,0,14,2,0,0,0.098375,0,32000,3148,0.098375,131072,3519,0.026848,0,0,2
331,host-24,2,0,14,2,0,0,0.100500,0,32000,3216,0.100500,131072,2371,0.018089,0,0,2
331,host-3,4,0,14,4,0,0,0.156531,0,32000,5009,0.156531,131072,6312,0.048157,0,0,4
331,host-4,2,0,14,2,0,0,0.099750,0,32000,3192,0.099750,131072,2693,0.020546,0,0,2
331,host-5,2,0,14,2,0,0,0.097625,0,32000,3124,0.097625,131072,3125,0.023842,0,0,2
331,host-6,3,0,14,3,0,0,0.160438,0,32000,5134,0.160438,131072,4192,0.031982,0,0,3
331,host-7,2,0,14,2,0,0,0.105719,0,32000,3383,0.105719,131072,3324,0.025360,0,0,2
331,host-8,1,0,14,1,0,0,0.052875,0,32000,1692,0.052875,131072,2022,0.015427,0,0,1
331,host-9,2,0,14,2,0,0,0.105000,0,32000,3360,0.105000,131072,2820,0.021515,0,0,2
332,host-1,3,0,14,3,0,0,0.150188,0,32000,4806,0.150188,131072,4878,0.037216,0,0,3
332,host-10,2,0,14,2,0,0,0.094156,0,32000,3013,0.094156,131072,2906,0.022171,0,0,2
332,host-11,2,0,14,2,0,0,0.082469,0,32000,2639,0.082469,131072,2503,0.019096,0,0,2
332,host-12,2,0,14,2,0,0,0.061156,0,32000,1957,0.061156,131072,1965,0.014992,0,0,2
332,host-13,3,0,14,3,0,0,0.131062,0,32000,4194,0.131062,131072,3976,0.030334,0,0,3
332,host-14,2,0,14,2,0,0,0.089781,0,32000,2873,0.089781,131072,2145,0.016365,0,0,2
332,host-15,2,0,14,2,0,0,0.106219,0,32000,3399,0.106219,131072,3355,0.025597,0,0,2
332,host-16,2,0,14,2,0,0,0.107688,0,32000,3446,0.107688,131072,3417,0.026070,0,0,2
332,host-17,2,0,14,2,0,0,0.089375,0,32000,2860,0.089375,131072,3639,0.027763,0,0,2
332,host-18,2,0,14,2,0,0,0.090688,0,32000,2902,0.090688,131072,3759,0.028679,0,0,2
332,host-19,3,0,14,3,0,0,0.097219,0,32000,3111,0.097219,131072,3139,0.023949,0,0,3
332,host-2,2,1,14,2,1,0,0.091469,0,32000,2927,0.091469,131072,2787,0.021263,0,1,1
332,host-20,2,1,14,2,1,0,0.067750,0,32000,2168,0.067750,131072,2121,0.016182,1,0,1
332,host-21,2,0,14,2,0,0,0.116125,0,32000,3716,0.116125,131072,4530,0.034561,0,0,2
332,host-22,2,0,14,2,0,0,0.099750,0,32000,3192,0.099750,131072,3655,0.027885,0,0,2
332,host-23,2,0,14,2,0,0,0.098375,0,32000,3148,0.098375,131072,3519,0.026848,0,0,2
332,host-24,2,0,14,2,0,0,0.100500,0,32000,3216,0.100500,131072,2371,0.018089,0,0,2
332,host-3,4,0,14,4,0,0,0.156531,0,32000,5009,0.156531,131072,6312,0.048157,0,0,4
332,host-4,2,0,14,2,0,0,0.099750,0,32000,3192,0.099750,131072,2693,0.020546,0,0,2
332,host-5,2,0,14,2,0,0,0.097625,0,32000,3124,0.097625,131072,3125,0.023842,0,0,2
332,host-6,3,0,14,3,0,0,0.160438,0,32000,5134,0.160438,131072,4192,0.031982,0,0,3
332,host-7,2,0,14,2,0,0,0.105719,0,32000,3383,0.105719,131072,3324,0.025360,0,0,2
332,host-8,1,0,14,1,0,0,0.052875,0,32000,1692,0.052875,131072,2022,0.015427,0,0,1
332,host-9,2,0,14,2,0,0,0.105000,0,32000,3360,0.105000,131072,2820,0.021515,0,0,2
333,host-1,3,0,14,3,0,0,0.150188,0,32000,4806,0.150188,131072,4878,0.037216,0,0,3
333,host-10,2,0,14,2,0,0,0.094156,0,32000,3013,0.094156,131072,2906,0.022171,0,0,2
333,host-11,3,1,14,3,1,0,0.135594,0,32000,4339,0.135594,131072,4008,0.030579,1,0,2
333,host-12,3,1,14,3,1,0,0.099406,0,32000,3181,0.099406,131072,2798,0.021347,1,0,2
333,host-13,3,0,14,3,0,0,0.131062,0,32000,4194,0.131062,131072,3976,0.030334,0,0,3
333,host-14,2,0,14,2,0,0,0.089781,0,32000,2873,0.089781,131072,2145,0.016365,0,0,2
333,host-15,2,0,14,2,0,0,0.106219,0,32000,3399,0.106219,131072,3355,0.025597,0,0,2
333,host-16,2,0,14,2,0,0,0.107688,0,32000,3446,0.107688,131072,3417,0.026070,0,0,2
333,host-17,2,0,14,2,0,0,0.089375,0,32000,2860,0.089375,131072,3639,0.027763,0,0,2
333,host-18,2,0,14,2,0,0,0.090688,0,32000,2902,0.090688,131072,3759,0.028679,0,0,2
333,host-19,3,0,14,3,0,0,0.097219,0,32000,3111,0.097219,131072,3139,0.023949,0,0,3
333,host-2,2,0,14,2,0,0,0.091469,0,32000,2927,0.091469,131072,2787,0.021263,0,0,2
333,host-20,3,2,14,3,2,0,0.115719,0,32000,3703,0.115719,131072,3646,0.027817,1,1,1
333,host-21,2,0,14,2,0,0,0.116125,0,32000,3716,0.116125,131072,4530,0.034561,0,0,2
333,host-22,2,0,14,2,0,0,0.099750,0,32000,3192,0.099750,131072,3655,0.027885,0,0,2
333,host-23,2,0,14,2,0,0,0.098375,0,32000,3148,0.098375,131072,3519,0.026848,0,0,2
333,host-24,2,0,14,2,0,0,0.100500,0,32000,3216,0.100500,131072,2371,0.018089,0,0,2
333,host-3,3,0,14,3,0,0,0.113219,0,32000,3623,0.113219,131072,4676,0.035675,0,0,3
333,host-4,2,0,14,2,0,0,0.099750,0,32000,3192,0.099750,131072,2693,0.020546,0,0,2
333,host-5,2,0,14,2,0,0,0.097625,0,32000,3124,0.097625,131072,3125,0.023842,0,0,2
333,host-6,2,0,14,2,0,0,0.116656,0,32000,3733,0.116656,131072,3446,0.026291,0,0,2
333,host-7,2,0,14,2,0,0,0.105719,0,32000,3383,0.105719,131072,3324,0.025360,0,0,2
333,host-8,2,1,14,2,1,0,0.095562,0,32000,3058,0.095562,131072,3603,0.027489,1,0,1
333,host-9,2,0,14,2,0,0,0.105000,0,32000,3360,0.105000,131072,2820,0.021515,0,0,2
334,host-1,3,0,14,3,0,0,0.150188,0,32000,4806,0.150188,131072,4878,0.037216,0,0,3
334,host-10,2,0,14,2,0,0,0.094156,0,32000,3013,0.094156,131072,2906,0.022171,0,0,2
334,host-11,3,1,14,3,1,0,0.135594,0,32000,4339,0.135594,131072,4008,0.030579,1,0,2
334,host-12,3,0,14,3,0,0,0.099406,0,32000,3181,0.099406,131072,2798,0.021347,0,0,3
334,host-13,3,0,14,3,0,0,0.131062,0,32000,4194,0.131062,131072,3976,0.030334,0,0,3
334,host-14,3,1,14,3,1,0,0.133781,0,32000,4281,0.133781,131072,4027,0.030724,1,0,2
334,host-15,2,0,14,2,0,0,0.106219,0,32000,3399,0.106219,131072,3355,0.025597,0,0,2
334,host-16,2,0,14,2,0,0,0.107688,0,32000,3446,0.107688,131072,3417,0.026070,0,0,2
334,host-17,3,0,14,3,0,0,0.127625,0,32000,4084,0.127625,131072,4472,0.034119,0,0,3
334,host-18,3,1,14,3,1,0,0.138656,0,32000,4437,0.138656,131072,5284,0.040314,1,0,2
334,host-19,3,0,14,3,0,0,0.097219,0,32000,3111,0.097219,131072,3139,0.023949,0,0,3
334,host-2,2,0,14,2,0,0,0.091469,0,32000,2927,0.091469,131072,2787,0.021263,0,0,2
334,host-20,3,0,14,3,0,0,0.115719,0,32000,3703,0.115719,131072,3646,0.027817,0,0,3
334,host-21,2,0,14,2,0,0,0.116125,0,32000,3716,0.116125,131072,4530,0.034561,0,0,2
334,host-22,2,0,14,2,0,0,0.099750,0,32000,3192,0.099750,131072,3655,0.027885,0,0,2
334,host-23,2,0,14,2,0,0,0.098375,0,32000,3148,0.098375,131072,3519,0.026848,0,0,2
334,host-24,2,0,14,2,0,0,0.100500,0,32000,3216,0.100500,131072,2371,0.018089,0,0,2
334,host-3,3,0,14,3,0,0,0.113219,0,32000,3623,0.113219,131072,4676,0.035675,0,0,3
334,host-4,2,0,14,2,0,0,0.099750,0,32000,3192,0.099750,131072,2693,0.020546,0,0,2
334,host-5,1,0,14,1,0,0,0.039281,0,32000,1257,0.039281,131072,1937,0.014778,0,0,1
334,host-6,2,0,14,2,0,0,0.116656,0,32000,3733,0.116656,131072,3446,0.026291,0,0,2
334,host-7,2,0,14,2,0,0,0.105719,0,32000,3383,0.105719,131072,3324,0.025360,0,0,2
334,host-8,2,1,14,2,1,0,0.095562,0,32000,3058,0.095562,131072,3603,0.027489,0,1,1
334,host-9,1,0,14,1,0,0,0.027781,0,32000,889,0.027781,131072,522,0.003983,0,0,1
335,host-1,1,0,14,1,0,0,0.039281,0,32000,1257,0.039281,131072,1937,0.014778,0,0,1
335,host-10,2,0,14,2,0,0,0.094156,0,32000,3013,0.094156,131072,2906,0.022171,0,0,2
335,host-11,3,0,14,3,0,0,0.135594,0,32000,4339,0.135594,131072,4008,0.030579,0,0,3
335,host-12,3,0,14,3,0,0,0.099406,0,32000,3181,0.099406,131072,2798,0.021347,0,0,3
335,host-13,3,0,14,3,0,0,0.131062,0,32000,4194,0.131062,131072,3976,0.030334,0,0,3
335,host-14,3,1,14,3,1,0,0.133781,0,32000,4281,0.133781,131072,4027,0.030724,1,0,2
335,host-15,2,0,14,2,0,0,0.106219,0,32000,3399,0.106219,131072,3355,0.025597,0,0,2
335,host-16,2,0,14,2,0,0,0.107688,0,32000,3446,0.107688,131072,3417,0.026070,0,0,2
335,host-17,3,0,14,3,0,0,0.127625,0,32000,4084,0.127625,131072,4472,0.034119,0,0,3
335,host-18,3,0,14,3,0,0,0.138656,0,32000,4437,0.138656,131072,5284,0.040314,0,0,3
335,host-19,3,0,14,3,0,0,0.097219,0,32000,3111,0.097219,131072,3139,0.023949,0,0,3
335,host-2,2,0,14,2,0,0,0.091469,0,32000,2927,0.091469,131072,2787,0.021263,0,0,2
335,host-20,3,0,14,3,0,0,0.115719,0,32000,3703,0.115719,131072,3646,0.027817,0,0,3
335,host-21,2,1,14,2,1,0,0.116125,0,32000,3716,0.116125,131072,4530,0.034561,0,1,1
335,host-22,2,0,14,2,0,0,0.099750,0,32000,3192,0.099750,131072,3655,0.027885,0,0,2
335,host-23,2,0,14,2,0,0,0.098375,0,32000,3148,0.098375,131072,3519,0.026848,0,0,2
335,host-24,2,0,14,2,0,0,0.100500,0,32000,3216,0.100500,131072,2371,0.018089,0,0,2
335,host-3,3,0,14,3,0,0,0.113219,0,32000,3623,0.113219,131072,4676,0.035675,0,0,3
335,host-4,1,0,14,1,0,0,0.045187,0,32000,1446,0.045187,131072,1444,0.011017,0,0,1
335,host-5,2,1,14,2,1,0,0.082594,0,32000,2643,0.082594,131072,3573,0.027260,1,0,1
335,host-6,2,0,14,2,0,0,0.116656,0,32000,3733,0.116656,131072,3446,0.026291,0,0,2
335,host-7,2,0,14,2,0,0,0.105719,0,32000,3383,0.105719,131072,3324,0.025360,0,0,2
335,host-8,2,0,14,2,0,0,0.095562,0,32000,3058,0.095562,131072,3603,0.027489,0,0,2
335,host-9,2,1,14,2,1,0,0.080906,0,32000,2589,0.080906,131072,2027,0.015465,1,0,1
336,host-1,3,2,14,3,2,0,0.128125,0,32000,4100,0.128125,131072,4386,0.033463,2,0,1
336,host-10,2,0,14,2,0,0,0.094156,0,32000,3013,0.094156,131072,2906,0.022171,0,0,2
336,host-11,3,0,14,3,0,0,0.135594,0,32000,4339,0.135594,131072,4008,0.030579,0,0,3
336,host-12,3,0,14,3,0,0,0.099406,0,32000,3181,0.099406,131072,2798,0.021347,0,0,3
336,host-13,3,1,14,3,1,0,0.137000,0,32000,4384,0.137000,131072,4746,0.036209,1,0,2
336,host-14,3,0,14,3,0,0,0.133781,0,32000,4281,0.133781,131072,4027,0.030724,0,0,3
336,host-15,2,0,14,2,0,0,0.106219,0,32000,3399,0.106219,131072,3355,0.025597,0,0,2
336,host-16,2,0,14,2,0,0,0.107688,0,32000,3446,0.107688,131072,3417,0.026070,0,0,2
336,host-17,3,0,14,3,0,0,0.127625,0,32000,4084,0.127625,131072,4472,0.034119,0,0,3
336,host-18,3,0,14,3,0,0,0.138656,0,32000,4437,0.138656,131072,5284,0.040314,0,0,3
336,host-19,3,0,14,3,0,0,0.097219,0,32000,3111,0.097219,131072,3139,0.023949,0,0,3
336,host-2,2,0,14,2,0,0,0.091469,0,32000,2927,0.091469,131072,2787,0.021263,0,0,2
336,host-20,3,0,14,3,0,0,0.115719,0,32000,3703,0.115719,131072,3646,0.027817,0,0,3
336,host-21,2,0,14,2,0,0,0.116125,0,32000,3716,0.116125,131072,4530,0.034561,0,0,2
336,host-22,2,0,14,2,0,0,0.099750,0,32000,3192,0.099750,131072,3655,0.027885,0,0,2
336,host-23,2,0,14,2,0,0,0.098375,0,32000,3148,0.098375,131072,3519,0.026848,0,0,2
336,host-24,2,0,14,2,0,0,0.100500,0,32000,3216,0.100500,131072,2371,0.018089,0,0,2
336,host-3,3,0,14,3,0,0,0.113219,0,32000,3623,0.113219,131072,4676,0.035675,0,0,3
336,host-4,3,2,14,3,2,0,0.117313,0,32000,3754,0.117313,131072,3129,0.023872,2,0,1
336,host-5,3,1,14,3,1,0,0.135156,0,32000,4325,0.135156,131072,5326,0.040634,1,0,2
336,host-6,2,1,14,2,1,0,0.120406,0,32000,3853,0.120406,131072,3112,0.023743,1,0,1
336,host-7,2,0,14,2,0,0,0.105719,0,32000,3383,0.105719,131072,3324,0.025360,0,0,2
336,host-8,2,0,14,2,0,0,0.095562,0,32000,3058,0.095562,131072,3603,0.027489,0,0,2
336,host-9,3,2,14,3,2,0,0.138813,0,32000,4442,0.138813,131072,3434,0.026199,1,1,1
337,host-1,3,1,14,3,1,0,0.128125,0,32000,4100,0.128125,131072,4386,0.033463,1,0,2
337,host-10,3,1,14,3,1,0,0.152062,0,32000,4866,0.152062,131072,4313,0.032906,1,0,2
337,host-11,3,0,14,3,0,0,0.135594,0,32000,4339,0.135594,131072,4008,0.030579,0,0,3
337,host-12,3,0,14,3,0,0,0.099406,0,32000,3181,0.099406,131072,2798,0.021347,0,0,3
337,host-13,3,1,14,3,1,0,0.137000,0,32000,4384,0.137000,131072,4746,0.036209,1,0,2
337,host-14,2,0,14,2,0,0,0.095437,0,32000,3054,0.095437,131072,3123,0.023827,0,0,2
337,host-15,2,0,14,2,0,0,0.106219,0,32000,3399,0.106219,131072,3355,0.025597,0,0,2
337,host-16,2,0,14,2,0,0,0.107688,0,32000,3446,0.107688,131072,3417,0.026070,0,0,2
337,host-17,3,0,14,3,0,0,0.127625,0,32000,4084,0.127625,131072,4472,0.034119,0,0,3
337,host-18,3,0,14,3,0,0,0.138656,0,32000,4437,0.138656,131072,5284,0.040314,0,0,3
337,host-19,2,1,14,2,1,0,0.072844,0,32000,2331,0.072844,131072,2093,0.015968,0,1,1
337,host-2,3,1,14,3,1,0,0.144031,0,32000,4609,0.144031,131072,4540,0.034637,0,1,2
337,host-20,3,0,14,3,0,0,0.115719,0,32000,3703,0.115719,131072,3646,0.027817,0,0,3
337,host-21,2,0,14,2,0,0,0.116125,0,32000,3716,0.116125,131072,4530,0.034561,0,0,2
337,host-22,2,0,14,2,0,0,0.099750,0,32000,3192,0.099750,131072,3655,0.027885,0,0,2
337,host-23,2,0,14,2,0,0,0.098375,0,32000,3148,0.098375,131072,3519,0.026848,0,0,2
337,host-24,1,0,14,1,0,0,0.062156,0,32000,1989,0.062156,131072,1467,0.011192,0,0,1
337,host-3,3,0,14,3,0,0,0.113219,0,32000,3623,0.113219,131072,4676,0.035675,0,0,3
337,host-4,3,1,14,3,1,0,0.117313,0,32000,3754,0.117313,131072,3129,0.023872,1,0,2
337,host-5,3,0,14,3,0,0,0.135156,0,32000,4325,0.135156,131072,5326,0.040634,0,0,3
337,host-6,2,1,14,2,1,0,0.120406,0,32000,3853,0.120406,131072,3112,0.023743,1,0,1
337,host-7,2,0,14,2,0,0,0.105719,0,32000,3383,0.105719,131072,3324,0.025360,0,0,2
337,host-8,2,0,14,2,0,0,0.095562,0,32000,3058,0.095562,131072,3603,0.027489,0,0,2
337,host-9,3,0,14,3,0,0,0.138813,0,32000,4442,0.138813,131072,3434,0.026199,0,0,3
338,host-1,3,0,14,3,0,0,0.128125,0,32000,4100,0.128125,131072,4386,0.033463,0,0,3
338,host-10,3,0,14,3,0,0,0.152062,0,32000,4866,0.152062,131072,4313,0.032906,0,0,3
338,host-11,3,0,14,3,0,0,0.135594,0,32000,4339,0.135594,131072,4008,0.030579,0,0,3
338,host-12,3,0,14,3,0,0,0.099406,0,32000,3181,0.099406,131072,2798,0.021347,0,0,3
338,host-13,3,0,14,3,0,0,0.137000,0,32000,4384,0.137000,131072,4746,0.036209,0,0,3
338,host-14,2,0,14,2,0,0,0.095437,0,32000,3054,0.095437,131072,3123,0.023827,0,0,2
338,host-15,2,0,14,2,0,0,0.106219,0,32000,3399,0.106219,131072,3355,0.025597,0,0,2
338,host-16,2,0,14,2,0,0,0.107688,0,32000,3446,0.107688,131072,3417,0.026070,0,0,2
338,host-17,2,0,14,2,0,0,0.096094,0,32000,3075,0.096094,131072,3145,0.023994,0,0,2
338,host-18,3,0,14,3,0,0,0.138656,0,32000,4437,0.138656,131072,5284,0.040314,0,0,3
338,host-19,3,1,14,3,1,0,0.117719,0,32000,3767,0.117719,131072,2906,0.022171,1,0,2
338,host-2,3,0,14,3,0,0,0.144031,0,32000,4609,0.144031,131072,4540,0.034637,0,0,3
338,host-20,3,0,14,3,0,0,0.115719,0,32000,3703,0.115719,131072,3646,0.027817,0,0,3
338,host-21,2,0,14,2,0,0,0.116125,0,32000,3716,0.116125,131072,4530,0.034561,0,0,2
338,host-22,2,0,14,2,0,0,0.099750,0,32000,3192,0.099750,131072,3655,0.027885,0,0,2
338,host-23,2,0,14,2,0,0,0.098375,0,32000,3148,0.098375,131072,3519,0.026848,0,0,2
338,host-24,2,1,14,2,1,0,0.100500,0,32000,3216,0.100500,131072,2371,0.018089,1,0,1
338,host-3,3,0,14,3,0,0,0.113219,0,32000,3623,0.113219,131072,4676,0.035675,0,0,3
338,host-4,3,0,14,3,0,0,0.117313,0,32000,3754,0.117313,131072,3129,0.023872,0,0,3
338,host-5,3,0,14,3,0,0,0.135156,0,32000,4325,0.135156,131072,5326,0.040634,0,0,3
338,host-6,2,0,14,2,0,0,0.120406,0,32000,3853,0.120406,131072,3112,0.023743,0,0,2
338,host-7,2,0,14,2,0,0,0.105719,0,32000,3383,0.105719,131072,3324,0.025360,0,0,2
338,host-8,2,0,14,2,0,0,0.095562,0,32000,3058,0.095562,131072,3603,0.027489,0,0,2
338,host-9,3,0,14,3,0,0,0.138813,0,32000,4442,0.138813,131072,3434,0.026199,0,0,3
339,host-1,3,0,14,3,0,0,0.128125,0,32000,4100,0.128125,131072,4386,0.033463,0,0,3
339,host-10,3,0,14,3,0,0,0.152062,0,32000,4866,0.152062,131072,4313,0.032906,0,0,3
339,host-11,3,0,14,3,0,0,0.135594,0,32000,4339,0.135594,131072,4008,0.030579,0,0,3
339,host-12,3,0,14,3,0,0,0.099406,0,32000,3181,0.099406,131072,2798,0.021347,0,0,3
339,host-13,3,0,14,3,0,0,0.137000,0,32000,4384,0.137000,131072,4746,0.036209,0,0,3
339,host-14,3,1,14,3,1,0,0.133125,0,32000,4260,0.133125,131072,4629,0.035316,1,0,2
339,host-15,2,0,14,2,0,0,0.106219,0,32000,3399,0.106219,131072,3355,0.025597,0,0,2
339,host-16,2,0,14,2,0,0,0.107688,0,32000,3446,0.107688,131072,3417,0.026070,0,0,2
339,host-17,2,0,14,2,0,0,0.096094,0,32000,3075,0.096094,131072,3145,0.023994,0,0,2
339,host-18,3,0,14,3,0,0,0.138656,0,32000,4437,0.138656,131072,5284,0.040314,0,0,3
339,host-19,3,1,14,3,1,0,0.117719,0,32000,3767,0.117719,131072,2906,0.022171,1,0,2
339,host-2,3,0,14,3,0,0,0.144031,0,32000,4609,0.144031,131072,4540,0.034637,0,0,3
339,host-20,3,0,14,3,0,0,0.115719,0,32000,3703,0.115719,131072,3646,0.027817,0,0,3
339,host-21,2,0,14,2,0,0,0.116125,0,32000,3716,0.116125,131072,4530,0.034561,0,0,2
339,host-22,2,0,14,2,0,0,0.099750,0,32000,3192,0.099750,131072,3655,0.027885,0,0,2
339,host-23,2,0,14,2,0,0,0.098375,0,32000,3148,0.098375,131072,3519,0.026848,0,0,2
339,host-24,2,0,14,2,0,0,0.100500,0,32000,3216,0.100500,131072,2371,0.018089,0,0,2
339,host-3,3,1,14,3,1,0,0.138969,0,32000,4447,0.138969,131072,4667,0.035606,1,0,2
339,host-4,3,0,14,3,0,0,0.117313,0,32000,3754,0.117313,131072,3129,0.023872,0,0,3
339,host-5,3,0,14,3,0,0,0.135156,0,32000,4325,0.135156,131072,5326,0.040634,0,0,3
339,host-6,2,0,14,2,0,0,0.120406,0,32000,3853,0.120406,131072,3112,0.023743,0,0,2
339,host-7,2,0,14,2,0,0,0.105719,0,32000,3383,0.105719,131072,3324,0.025360,0,0,2
339,host-8,3,1,14,3,1,0,0.141750,0,32000,4536,0.141750,131072,5209,0.039742,1,0,2
339,host-9,3,0,14,3,0,0,0.138813,0,32000,4442,0.138813,131072,3434,0.026199,0,0,3
340,host-1,3,0,14,3,0,0,0.128125,0,32000,4100,0.128125,131072,4386,0.033463,0,0,3
340,host-10,3,1,14,3,1,0,0.152062,0,32000,4866,0.152062,131072,4313,0.032906,0,1,2
340,host-11,3,0,14,3,0,0,0.135594,0,32000,4339,0.135594,131072,4008,0.030579,0,0,3
340,host-12,3,0,14,3,0,0,0.099406,0,32000,3181,0.099406,131072,2798,0.021347,0,0,3
340,host-13,3,0,14,3,0,0,0.137000,0,32000,4384,0.137000,131072,4746,0.036209,0,0,3
340,host-14,3,0,14,3,0,0,0.133125,0,32000,4260,0.133125,131072,4629,0.035316,0,0,3
340,host-15,1,0,14,1,0,0,0.048375,0,32000,1548,0.048375,131072,1043,0.007957,0,0,1
340,host-16,2,0,14,2,0,0,0.107688,0,32000,3446,0.107688,131072,3417,0.026070,0,0,2
340,host-17,3,1,14,3,1,0,0.138906,0,32000,4445,0.138906,131072,4342,0.033127,1,0,2
340,host-18,3,0,14,3,0,0,0.138656,0,32000,4437,0.138656,131072,5284,0.040314,0,0,3
340,host-19,3,0,14,3,0,0,0.117719,0,32000,3767,0.117719,131072,2906,0.022171,0,0,3
340,host-2,3,0,14,3,0,0,0.144031,0,32000,4609,0.144031,131072,4540,0.034637,0,0,3
340,host-20,3,0,14,3,0,0,0.115719,0,32000,3703,0.115719,131072,3646,0.027817,0,0,3
340,host-21,2,0,14,2,0,0,0.116125,0,32000,3716,0.116125,131072,4530,0.034561,0,0,2
340,host-22,2,0,14,2,0,0,0.099750,0,32000,3192,0.099750,131072,3655,0.027885,0,0,2
340,host-23,3,1,14,3,1,0,0.168594,0,32000,5395,0.168594,131072,5428,0.041412,1,0,2
340,host-24,2,0,14,2,0,0,0.100500,0,32000,3216,0.100500,131072,2371,0.018089,0,0,2
340,host-3,3,1,14,3,1,0,0.138969,0,32000,4447,0.138969,131072,4667,0.035606,1,0,2
340,host-4,3,0,14,3,0,0,0.117313,0,32000,3754,0.117313,131072,3129,0.023872,0,0,3
340,host-5,3,0,14,3,0,0,0.135156,0,32000,4325,0.135156,131072,5326,0.040634,0,0,3
340,host-6,2,0,14,2,0,0,0.120406,0,32000,3853,0.120406,131072,3112,0.023743,0,0,2
340,host-7,2,0,14,2,0,0,0.105719,0,32000,3383,0.105719,131072,3324,0.025360,0,0,2
340,host-8,3,1,14,3,1,0,0.141750,0,32000,4536,0.141750,131072,5209,0.039742,1,0,2
340,host-9,3,0,14,3,0,0,0.138813,0,32000,4442,0.138813,131072,3434,0.026199,0,0,3
341,host-1,3,0,14,3,0,0,0.128125,0,32000,4100,0.128125,131072,4386,0.033463,0,0,3
341,host-10,3,0,14,3,0,0,0.152062,0,32000,4866,0.152062,131072,4313,0.032906,0,0,3
341,host-11,3,0,14,3,0,0,0.135594,0,32000,4339,0.135594,131072,4008,0.030579,0,0,3
341,host-12,3,0,14,3,0,0,0.099406,0,32000,3181,0.099406,131072,2798,0.021347,0,0,3
341,host-13,3,0,14,3,0,0,0.137000,0,32000,4384,0.137000,131072,4746,0.036209,0,0,3
341,host-14,3,0,14,3,0,0,0.133125,0,32000,4260,0.133125,131072,4629,0.035316,0,0,3
341,host-15,2,1,14,2,1,0,0.089656,0,32000,2869,0.089656,131072,2664,0.020325,1,0,1
341,host-16,2,0,14,2,0,0,0.107688,0,32000,3446,0.107688,131072,3417,0.026070,0,0,2
341,host-17,2,0,14,2,0,0,0.081062,0,32000,2594,0.081062,131072,2030,0.015488,0,0,2
341,host-18,3,1,14,3,1,0,0.138656,0,32000,4437,0.138656,131072,5284,0.040314,0,1,2
341,host-19,3,0,14,3,0,0,0.117719,0,32000,3767,0.117719,131072,2906,0.022171,0,0,3
341,host-2,3,0,14,3,0,0,0.144031,0,32000,4609,0.144031,131072,4540,0.034637,0,0,3
341,host-20,3,0,14,3,0,0,0.115719,0,32000,3703,0.115719,131072,3646,0.027817,0,0,3
341,host-21,2,0,14,2,0,0,0.116125,0,32000,3716,0.116125,131072,4530,0.034561,0,0,2
341,host-22,2,0,14,2,0,0,0.099750,0,32000,3192,0.099750,131072,3655,0.027885,0,0,2
341,host-23,3,1,14,3,1,0,0.168594,0,32000,5395,0.168594,131072,5428,0.041412,0,1,2
341,host-24,1,0,14,1,0,0,0.038344,0,32000,1227,0.038344,131072,904,0.006897,0,0,1
341,host-3,3,0,14,3,0,0,0.138969,0,32000,4447,0.138969,131072,4667,0.035606,0,0,3
341,host-4,3,0,14,3,0,0,0.117313,0,32000,3754,0.117313,131072,3129,0.023872,0,0,3
341,host-5,3,0,14,3,0,0,0.135156,0,32000,4325,0.135156,131072,5326,0.040634,0,0,3
341,host-6,2,0,14,2,0,0,0.120406,0,32000,3853,0.120406,131072,3112,0.023743,0,0,2
341,host-7,2,0,14,2,0,0,0.105719,0,32000,3383,0.105719,131072,3324,0.025360,0,0,2
341,host-8,3,0,14,3,0,0,0.141750,0,32000,4536,0.141750,131072,5209,0.039742,0,0,3
341,host-9,3,0,14,3,0,0,0.138813,0,32000,4442,0.138813,131072,3434,0.026199,0,0,3
342,host-1,3,0,14,3,0,0,0.128125,0,32000,4100,0.128125,131072,4386,0.033463,0,0,3
342,host-10,3,0,14,3,0,0,0.152062,0,32000,4866,0.152062,131072,4313,0.032906,0,0,3
342,host-11,3,0,14,3,0,0,0.135594,0,32000,4339,0.135594,131072,4008,0.030579,0,0,3
342,host-12,3,0,14,3,0,0,0.099406,0,32000,3181,0.099406,131072,2798,0.021347,0,0,3
342,host-13,3,0,14,3,0,0,0.137000,0,32000,4384,0.137000,131072,4746,0.036209,0,0,3
342,host-14,3,0,14,3,0,0,0.133125,0,32000,4260,0.133125,131072,4629,0.035316,0,0,3
342,host-15,2,1,14,2,1,0,0.089656,0,32000,2869,0.089656,131072,2664,0.020325,1,0,1
342,host-16,2,0,14,2,0,0,0.107688,0,32000,3446,0.107688,131072,3417,0.026070,0,0,2
342,host-17,2,0,14,2,0,0,0.081062,0,32000,2594,0.081062,131072,2030,0.015488,0,0,2
342,host-18,3,0,14,3,0,0,0.138656,0,32000,4437,0.138656,131072,5284,0.040314,0,0,3
342,host-19,3,0,14,3,0,0,0.117719,0,32000,3767,0.117719,131072,2906,0.022171,0,0,3
342,host-2,3,0,14,3,0,0,0.144031,0,32000,4609,0.144031,131072,4540,0.034637,0,0,3
342,host-20,3,0,14,3,0,0,0.115719,0,32000,3703,0.115719,131072,3646,0.027817,0,0,3
342,host-21,2,0,14,2,0,0,0.116125,0,32000,3716,0.116125,131072,4530,0.034561,0,0,2
342,host-22,1,0,14,1,0,0,0.073781,0,32000,2361,0.073781,131072,2606,0.019882,0,0,1
342,host-23,2,0,14,2,0,0,0.142375,0,32000,4556,0.142375,131072,4858,0.037064,0,0,2
342,host-24,1,0,14,1,0,0,0.038344,0,32000,1227,0.038344,131072,904,0.006897,0,0,1
342,host-3,3,1,14,3,1,0,0.138969,0,32000,4447,0.138969,131072,4667,0.035606,0,1,2
342,host-4,3,0,14,3,0,0,0.117313,0,32000,3754,0.117313,131072,3129,0.023872,0,0,3
342,host-5,2,0,14,2,0,0,0.095875,0,32000,3068,0.095875,131072,3389,0.025856,0,0,2
342,host-6,2,0,14,2,0,0,0.120406,0,32000,3853,0.120406,131072,3112,0.023743,0,0,2
342,host-7,2,0,14,2,0,0,0.105719,0,32000,3383,0.105719,131072,3324,0.025360,0,0,2
342,host-8,3,0,14,3,0,0,0.141750,0,32000,4536,0.141750,131072,5209,0.039742,0,0,3
342,host-9,3,0,14,3,0,0,0.138813,0,32000,4442,0.138813,131072,3434,0.026199,0,0,3
343,host-1,2,0,14,2,0,0,0.088844,0,32000,2843,0.088844,131072,2449,0.018684,0,0,2
343,host-10,3,0,14,3,0,0,0.152062,0,32000,4866,0.152062,131072,4313,0.032906,0,0,3
343,host-11,2,1,14,2,1,0,0.087219,0,32000,2791,0.087219,131072,2965,0.022621,0,1,1
343,host-12,3,0,14,3,0,0,0.099406,0,32000,3181,0.099406,131072,2798,0.021347,0,0,3
343,host-13,3,0,14,3,0,0,0.137000,0,32000,4384,0.137000,131072,4746,0.036209,0,0,3
343,host-14,3,0,14,3,0,0,0.133125,0,32000,4260,0.133125,131072,4629,0.035316,0,0,3
343,host-15,2,0,14,2,0,0,0.089656,0,32000,2869,0.089656,131072,2664,0.020325,0,0,2
343,host-16,2,0,14,2,0,0,0.107688,0,32000,3446,0.107688,131072,3417,0.026070,0,0,2
343,host-17,2,0,14,2,0,0,0.081062,0,32000,2594,0.081062,131072,2030,0.015488,0,0,2
343,host-18,3,0,14,3,0,0,0.138656,0,32000,4437,0.138656,131072,5284,0.040314,0,0,3
343,host-19,3,0,14,3,0,0,0.117719,0,32000,3767,0.117719,131072,2906,0.022171,0,0,3
343,host-2,3,0,14,3,0,0,0.144031,0,32000,4609,0.144031,131072,4540,0.034637,0,0,3
343,host-20,3,0,14,3,0,0,0.115719,0,32000,3703,0.115719,131072,3646,0.027817,0,0,3
343,host-21,2,0,14,2,0,0,0.116125,0,32000,3716,0.116125,131072,4530,0.034561,0,0,2
343,host-22,1,0,14,1,0,0,0.073781,0,32000,2361,0.073781,131072,2606,0.019882,0,0,1
343,host-23,2,0,14,2,0,0,0.142375,0,32000,4556,0.142375,131072,4858,0.037064,0,0,2
343,host-24,1,0,14,1,0,0,0.038344,0,32000,1227,0.038344,131072,904,0.006897,0,0,1
343,host-3,3,0,14,3,0,0,0.138969,0,32000,4447,0.138969,131072,4667,0.035606,0,0,3
343,host-4,3,0,14,3,0,0,0.117313,0,32000,3754,0.117313,131072,3129,0.023872,0,0,3
343,host-5,2,0,14,2,0,0,0.095875,0,32000,3068,0.095875,131072,3389,0.025856,0,0,2
343,host-6,1,0,14,1,0,0,0.054562,0,32000,1746,0.054562,131072,1249,0.009529,0,0,1
343,host-7,1,1,14,1,1,0,0.066531,0,32000,2129,0.066531,131072,2221,0.016945,0,1,0
343,host-8,2,0,14,2,0,0,0.088875,0,32000,2844,0.088875,131072,3187,0.024315,0,0,2
343,host-9,3,0,14,3,0,0,0.138813,0,32000,4442,0.138813,131072,3434,0.026199,0,0,3
344,host-1,2,0,14,2,0,0,0.088844,0,32000,2843,0.088844,131072,2449,0.018684,0,0,2
344,host-10,3,0,14,3,0,0,0.152062,0,32000,4866,0.152062,131072,4313,0.032906,0,0,3
344,host-11,2,0,14,2,0,0,0.087219,0,32000,2791,0.087219,131072,2965,0.022621,0,0,2
344,host-12,3,0,14,3,0,0,0.099406,0,32000,3181,0.099406,131072,2798,0.021347,0,0,3
344,host-13,3,0,14,3,0,0,0.137000,0,32000,4384,0.137000,131072,4746,0.036209,0,0,3
344,host-14,3,0,14,3,0,0,0.133125,0,32000,4260,0.133125,131072,4629,0.035316,0,0,3
344,host-15,2,0,14,2,0,0,0.089656,0,32000,2869,0.089656,131072,2664,0.020325,0,0,2
344,host-16,2,1,14,2,1,0,0.107688,0,32000,3446,0.107688,131072,3417,0.026070,0,1,1
344,host-17,2,0,14,2,0,0,0.081062,0,32000,2594,0.081062,131072,2030,0.015488,0,0,2
344,host-18,3,0,14,3,0,0,0.138656,0,32000,4437,0.138656,131072,5284,0.040314,0,0,3
344,host-19,3,0,14,3,0,0,0.117719,0,32000,3767,0.117719,131072,2906,0.022171,0,0,3
344,host-2,3,0,14,3,0,0,0.144031,0,32000,4609,0.144031,131072,4540,0.034637,0,0,3
344,host-20,3,0,14,3,0,0,0.115719,0,32000,3703,0.115719,131072,3646,0.027817,0,0,3
344,host-21,2,0,14,2,0,0,0.116125,0,32000,3716,0.116125,131072,4530,0.034561,0,0,2
344,host-22,1,0,14,1,0,0,0.073781,0,32000,2361,0.073781,131072,2606,0.019882,0,0,1
344,host-23,2,0,14,2,0,0,0.142375,0,32000,4556,0.142375,131072,4858,0.037064,0,0,2
344,host-24,1,0,14,1,0,0,0.038344,0,32000,1227,0.038344,131072,904,0.006897,0,0,1
344,host-3,3,0,14,3,0,0,0.138969,0,32000,4447,0.138969,131072,4667,0.035606,0,0,3
344,host-4,3,0,14,3,0,0,0.117313,0,32000,3754,0.117313,131072,3129,0.023872,0,0,3
344,host-5,2,0,14,2,0,0,0.095875,0,32000,3068,0.095875,131072,3389,0.025856,0,0,2
344,host-6,1,0,14,1,0,0,0.054562,0,32000,1746,0.054562,131072,1249,0.009529,0,0,1
344,host-7,1,0,14,1,0,0,0.066531,0,32000,2129,0.066531,131072,2221,0.016945,0,0,1
344,host-8,2,0,14,2,0,0,0.088875,0,32000,2844,0.088875,131072,3187,0.024315,0,0,2
344,host-9,3,0,14,3,0,0,0.138813,0,32000,4442,0.138813,131072,3434,0.026199,0,0,3
345,host-1,2,0,14,2,0,0,0.088844,0,32000,2843,0.088844,131072,2449,0.018684,0,0,2
345,host-10,3,0,14,3,0,0,0.152062,0,32000,4866,0.152062,131072,4313,0.032906,0,0,3
345,host-11,2,0,14,2,0,0,0.087219,0,32000,2791,0.087219,131072,2965,0.022621,0,0,2
345,host-12,3,0,14,3,0,0,0.099406,0,32000,3181,0.099406,131072,2798,0.021347,0,0,3
345,host-13,3,0,14,3,0,0,0.137000,0,32000,4384,0.137000,131072,4746,0.036209,0,0,3
345,host-14,3,0,14,3,0,0,0.133125,0,32000,4260,0.133125,131072,4629,0.035316,0,0,3
345,host-15,2,0,14,2,0,0,0.089656,0,32000,2869,0.089656,131072,2664,0.020325,0,0,2
345,host-16,2,0,14,2,0,0,0.107688,0,32000,3446,0.107688,131072,3417,0.026070,0,0,2
345,host-17,2,0,14,2,0,0,0.081062,0,32000,2594,0.081062,131072,2030,0.015488,0,0,2
345,host-18,3,0,14,3,0,0,0.138656,0,32000,4437,0.138656,131072,5284,0.040314,0,0,3
345,host-19,3,0,14,3,0,0,0.117719,0,32000,3767,0.117719,131072,2906,0.022171,0,0,3
345,host-2,3,0,14,3,0,0,0.144031,0,32000,4609,0.144031,131072,4540,0.034637,0,0,3
345,host-20,2,0,14,2,0,0,0.076531,0,32000,2449,0.076531,131072,2543,0.019402,0,0,2
345,host-21,1,0,14,1,0,0,0.052937,0,32000,1694,0.052937,131072,2261,0.017250,0,0,1
345,host-22,1,0,14,1,0,0,0.073781,0,32000,2361,0.073781,131072,2606,0.019882,0,0,1
345,host-23,2,0,14,2,0,0,0.142375,0,32000,4556,0.142375,131072,4858,0.037064,0,0,2
345,host-24,1,0,14,1,0,0,0.038344,0,32000,1227,0.038344,131072,904,0.006897,0,0,1
345,host-3,3,0,14,3,0,0,0.138969,0,32000,4447,0.138969,131072,4667,0.035606,0,0,3
345,host-4,3,0,14,3,0,0,0.117313,0,32000,3754,0.117313,131072,3129,0.023872,0,0,3
345,host-5,2,0,14,2,0,0,0.095875,0,32000,3068,0.095875,131072,3389,0.025856,0,0,2
345,host-6,1,0,14,1,0,0,0.054562,0,32000,1746,0.054562,131072,1249,0.009529,0,0,1
345,host-7,1,0,14,1,0,0,0.066531,0,32000,2129,0.066531,131072,2221,0.016945,0,0,1
345,host-8,2,0,14,2,0,0,0.088875,0,32000,2844,0.088875,131072,3187,0.024315,0,0,2
345,host-9,3,0,14,3,0,0,0.138813,0,32000,4442,0.138813,131072,3434,0.026199,0,0,3
346,host-1,2,0,14,2,0,0,0.088844,0,32000,2843,0.088844,131072,2449,0.018684,0,0,2
346,host-10,3,0,14,3,0,0,0.152062,0,32000,4866,0.152062,131072,4313,0.032906,0,0,3
346,host-11,2,0,14,2,0,0,0.087219,0,32000,2791,0.087219,131072,2965,0.022621,0,0,2
346,host-12,3,0,14,3,0,0,0.099406,0,32000,3181,0.099406,131072,2798,0.021347,0,0,3
346,host-13,3,0,14,3,0,0,0.137000,0,32000,4384,0.137000,131072,4746,0.036209,0,0,3
346,host-14,3,0,14,3,0,0,0.133125,0,32000,4260,0.133125,131072,4629,0.035316,0,0,3
346,host-15,2,0,14,2,0,0,0.089656,0,32000,2869,0.089656,131072,2664,0.020325,0,0,2
346,host-16,2,0,14,2,0,0,0.107688,0,32000,3446,0.107688,131072,3417,0.026070,0,0,2
346,host-17,2,0,14,2,0,0,0.081062,0,32000,2594,0.081062,131072,2030,0.015488,0,0,2
346,host-18,3,0,14,3,0,0,0.138656,0,32000,4437,0.138656,131072,5284,0.040314,0,0,3
346,host-19,3,0,14,3,0,0,0.117719,0,32000,3767,0.117719,131072,2906,0.022171,0,0,3
346,host-2,3,0,14,3,0,0,0.144031,0,32000,4609,0.144031,131072,4540,0.034637,0,0,3
346,host-20,2,0,14,2,0,0,0.076531,0,32000,2449,0.076531,131072,2543,0.019402,0,0,2
346,host-21,1,0,14,1,0,0,0.052937,0,32000,1694,0.052937,131072,2261,0.017250,0,0,1
346,host-22,1,0,14,1,0,0,0.073781,0,32000,2361,0.073781,131072,2606,0.019882,0,0,1
346,host-23,2,0,14,2,0,0,0.142375,0,32000,4556,0.142375,131072,4858,0.037064,0,0,2
346,host-24,1,0,14,1,0,0,0.038344,0,32000,1227,0.038344,131072,904,0.006897,0,0,1
346,host-3,3,0,14,3,0,0,0.138969,0,32000,4447,0.138969,131072,4667,0.035606,0,0,3
346,host-4,3,0,14,3,0,0,0.117313,0,32000,3754,0.117313,131072,3129,0.023872,0,0,3
346,host-5,2,0,14,2,0,0,0.095875,0,32000,3068,0.095875,131072,3389,0.025856,0,0,2
346,host-6,1,0,14,1,0,0,0.054562,0,32000,1746,0.054562,131072,1249,0.009529,0,0,1
346,host-7,1,0,14,1,0,0,0.066531,0,32000,2129,0.066531,131072,2221,0.016945,0,0,1
346,host-8,2,0,14,2,0,0,0.088875,0,32000,2844,0.088875,131072,3187,0.024315,0,0,2
346,host-9,3,0,14,3,0,0,0.138813,0,32000,4442,0.138813,131072,3434,0.026199,0,0,3
347,host-1,2,0,14,2,0,0,0.088844,0,32000,2843,0.088844,131072,2449,0.018684,0,0,2
347,host-10,3,0,14,3,0,0,0.152062,0,32000,4866,0.152062,131072,4313,0.032906,0,0,3
347,host-11,2,0,14,2,0,0,0.087219,0,32000,2791,0.087219,131072,2965,0.022621,0,0,2
347,host-12,3,0,14,3,0,0,0.099406,0,32000,3181,0.099406,131072,2798,0.021347,0,0,3
347,host-13,3,0,14,3,0,0,0.137000,0,32000,4384,0.137000,131072,4746,0.036209,0,0,3
347,host-14,3,0,14,3,0,0,0.133125,0,32000,4260,0.133125,131072,4629,0.035316,0,0,3
347,host-15,2,0,14,2,0,0,0.089656,0,32000,2869,0.089656,131072,2664,0.020325,0,0,2
347,host-16,2,0,14,2,0,0,0.107688,0,32000,3446,0.107688,131072,3417,0.026070,0,0,2
347,host-17,2,0,14,2,0,0,0.081062,0,32000,2594,0.081062,131072,2030,0.015488,0,0,2
347,host-18,3,0,14,3,0,0,0.138656,0,32000,4437,0.138656,131072,5284,0.040314,0,0,3
347,host-19,3,0,14,3,0,0,0.117719,0,32000,3767,0.117719,131072,2906,0.022171,0,0,3
347,host-2,3,0,14,3,0,0,0.144031,0,32000,4609,0.144031,131072,4540,0.034637,0,0,3
347,host-20,2,0,14,2,0,0,0.076531,0,32000,2449,0.076531,131072,2543,0.019402,0,0,2
347,host-21,1,0,14,1,0,0,0.052937,0,32000,1694,0.052937,131072,2261,0.017250,0,0,1
347,host-22,1,0,14,1,0,0,0.073781,0,32000,2361,0.073781,131072,2606,0.019882,0,0,1
347,host-23,2,0,14,2,0,0,0.142375,0,32000,4556,0.142375,131072,4858,0.037064,0,0,2
347,host-24,1,0,14,1,0,0,0.038344,0,32000,1227,0.038344,131072,904,0.006897,0,0,1
347,host-3,3,0,14,3,0,0,0.138969,0,32000,4447,0.138969,131072,4667,0.035606,0,0,3
347,host-4,3,0,14,3,0,0,0.117313,0,32000,3754,0.117313,131072,3129,0.023872,0,0,3
347,host-5,2,0,14,2,0,0,0.095875,0,32000,3068,0.095875,131072,3389,0.025856,0,0,2
347,host-6,1,0,14,1,0,0,0.054562,0,32000,1746,0.054562,131072,1249,0.009529,0,0,1
347,host-7,1,0,14,1,0,0,0.066531,0,32000,2129,0.066531,131072,2221,0.016945,0,0,1
347,host-8,2,0,14,2,0,0,0.088875,0,32000,2844,0.088875,131072,3187,0.024315,0,0,2
347,host-9,3,0,14,3,0,0,0.138813,0,32000,4442,0.138813,131072,3434,0.026199,0,0,3
348,host-1,2,0,14,2,0,0,0.088844,0,32000,2843,0.088844,131072,2449,0.018684,0,0,2
348,host-10,3,0,14,3,0,0,0.152062,0,32000,4866,0.152062,131072,4313,0.032906,0,0,3
348,host-11,2,0,14,2,0,0,0.087219,0,32000,2791,0.087219,131072,2965,0.022621,0,0,2
348,host-12,3,0,14,3,0,0,0.099406,0,32000,3181,0.099406,131072,2798,0.021347,0,0,3
348,host-13,3,0,14,3,0,0,0.137000,0,32000,4384,0.137000,131072,4746,0.036209,0,0,3
348,host-14,3,0,14,3,0,0,0.133125,0,32000,4260,0.133125,131072,4629,0.035316,0,0,3
348,host-15,2,0,14,2,0,0,0.089656,0,32000,2869,0.089656,131072,2664,0.020325,0,0,2
348,host-16,2,0,14,2,0,0,0.107688,0,32000,3446,0.107688,131072,3417,0.026070,0,0,2
348,host-17,2,0,14,2,0,0,0.081062,0,32000,2594,0.081062,131072,2030,0.015488,0,0,2
348,host-18,3,0,14,3,0,0,0.138656,0,32000,4437,0.138656,131072,5284,0.040314,0,0,3
348,host-19,3,0,14,3,0,0,0.117719,0,32000,3767,0.117719,131072,2906,0.022171,0,0,3
348,host-2,3,0,14,3,0,0,0.144031,0,32000,4609,0.144031,131072,4540,0.034637,0,0,3
348,host-20,2,0,14,2,0,0,0.076531,0,32000,2449,0.076531,131072,2543,0.019402,0,0,2
348,host-21,2,1,14,2,1,0,0.111375,0,32000,3564,0.111375,131072,4605,0.035133,1,0,1
348,host-22,1,0,14,1,0,0,0.073781,0,32000,2361,0.073781,131072,2606,0.019882,0,0,1
348,host-23,2,0,14,2,0,0,0.142375,0,32000,4556,0.142375,131072,4858,0.037064,0,0,2
348,host-24,2,1,14,2,1,0,0.076563,0,32000,2450,0.076563,131072,2328,0.017761,1,0,1
348,host-3,3,0,14,3,0,0,0.138969,0,32000,4447,0.138969,131072,4667,0.035606,0,0,3
348,host-4,3,0,14,3,0,0,0.117313,0,32000,3754,0.117313,131072,3129,0.023872,0,0,3
348,host-5,2,0,14,2,0,0,0.095875,0,32000,3068,0.095875,131072,3389,0.025856,0,0,2
348,host-6,1,0,14,1,0,0,0.054562,0,32000,1746,0.054562,131072,1249,0.009529,0,0,1
348,host-7,1,0,14,1,0,0,0.066531,0,32000,2129,0.066531,131072,2221,0.016945,0,0,1
348,host-8,2,0,14,2,0,0,0.088875,0,32000,2844,0.088875,131072,3187,0.024315,0,0,2
348,host-9,3,0,14,3,0,0,0.138813,0,32000,4442,0.138813,131072,3434,0.026199,0,0,3
349,host-1,2,0,14,2,0,0,0.088844,0,32000,2843,0.088844,131072,2449,0.018684,0,0,2
349,host-10,2,0,14,2,0,0,0.124281,0,32000,3977,0.124281,131072,3791,0.028923,0,0,2
349,host-11,2,0,14,2,0,0,0.087219,0,32000,2791,0.087219,131072,2965,0.022621,0,0,2
349,host-12,3,0,14,3,0,0,0.099406,0,32000,3181,0.099406,131072,2798,0.021347,0,0,3
349,host-13,3,0,14,3,0,0,0.137000,0,32000,4384,0.137000,131072,4746,0.036209,0,0,3
349,host-14,3,0,14,3,0,0,0.133125,0,32000,4260,0.133125,131072,4629,0.035316,0,0,3
349,host-15,2,0,14,2,0,0,0.089656,0,32000,2869,0.089656,131072,2664,0.020325,0,0,2
349,host-16,2,0,14,2,0,0,0.107688,0,32000,3446,0.107688,131072,3417,0.026070,0,0,2
349,host-17,2,0,14,2,0,0,0.081062,0,32000,2594,0.081062,131072,2030,0.015488,0,0,2
349,host-18,2,0,14,2,0,0,0.112031,0,32000,3585,0.112031,131072,4211,0.032127,0,0,2
349,host-19,3,0,14,3,0,0,0.117719,0,32000,3767,0.117719,131072,2906,0.022171,0,0,3
349,host-2,3,0,14,3,0,0,0.144031,0,32000,4609,0.144031,131072,4540,0.034637,0,0,3
349,host-20,2,0,14,2,0,0,0.076531,0,32000,2449,0.076531,131072,2543,0.019402,0,0,2
349,host-21,2,0,14,2,0,0,0.111375,0,32000,3564,0.111375,131072,4605,0.035133,0,0,2
349,host-22,1,0,14,1,0,0,0.073781,0,32000,2361,0.073781,131072,2606,0.019882,0,0,1
349,host-23,2,0,14,2,0,0,0.142375,0,32000,4556,0.142375,131072,4858,0.037064,0,0,2
349,host-24,2,0,14,2,0,0,0.076563,0,32000,2450,0.076563,131072,2328,0.017761,0,0,2
349,host-3,3,0,14,3,0,0,0.138969,0,32000,4447,0.138969,131072,4667,0.035606,0,0,3
349,host-4,3,0,14,3,0,0,0.117313,0,32000,3754,0.117313,131072,3129,0.023872,0,0,3
349,host-5,2,0,14,2,0,0,0.095875,0,32000,3068,0.095875,131072,3389,0.025856,0,0,2
349,host-6,2,1,14,2,1,0,0.125969,0,32000,4031,0.125969,131072,3817,0.029121,1,0,1
349,host-7,1,0,14,1,0,0,0.066531,0,32000,2129,0.066531,131072,2221,0.016945,0,0,1
349,host-8,2,0,14,2,0,0,0.088875,0,32000,2844,0.088875,131072,3187,0.024315,0,0,2
349,host-9,3,0,14,3,0,0,0.138813,0,32000,4442,0.138813,131072,3434,0.026199,0,0,3
350,host-1,2,0,14,2,0,0,0.088844,0,32000,2843,0.088844,131072,2449,0.018684,0,0,2
350,host-10,2,0,14,2,0,0,0.124281,0,32000,3977,0.124281,131072,3791,0.028923,0,0,2
350,host-11,2,0,14,2,0,0,0.087219,0,32000,2791,0.087219,131072,2965,0.022621,0,0,2
350,host-12,3,0,14,3,0,0,0.099406,0,32000,3181,0.099406,131072,2798,0.021347,0,0,3
350,host-13,3,1,14,3,1,0,0.137000,0,32000,4384,0.137000,131072,4746,0.036209,0,1,2
350,host-14,3,0,14,3,0,0,0.133125,0,32000,4260,0.133125,131072,4629,0.035316,0,0,3
350,host-15,2,0,14,2,0,0,0.089656,0,32000,2869,0.089656,131072,2664,0.020325,0,0,2
350,host-16,2,0,14,2,0,0,0.107688,0,32000,3446,0.107688,131072,3417,0.026070,0,0,2
350,host-17,2,0,14,2,0,0,0.081062,0,32000,2594,0.081062,131072,2030,0.015488,0,0,2
350,host-18,2,0,14,2,0,0,0.112031,0,32000,3585,0.112031,131072,4211,0.032127,0,0,2
350,host-19,3,0,14,3,0,0,0.117719,0,32000,3767,0.117719,131072,2906,0.022171,0,0,3
350,host-2,3,0,14,3,0,0,0.144031,0,32000,4609,0.144031,131072,4540,0.034637,0,0,3
350,host-20,2,0,14,2,0,0,0.076531,0,32000,2449,0.076531,131072,2543,0.019402,0,0,2
350,host-21,2,0,14,2,0,0,0.111375,0,32000,3564,0.111375,131072,4605,0.035133,0,0,2
350,host-22,1,0,14,1,0,0,0.073781,0,32000,2361,0.073781,131072,2606,0.019882,0,0,1
350,host-23,2,0,14,2,0,0,0.142375,0,32000,4556,0.142375,131072,4858,0.037064,0,0,2
350,host-24,2,0,14,2,0,0,0.076563,0,32000,2450,0.076563,131072,2328,0.017761,0,0,2
350,host-3,3,0,14,3,0,0,0.138969,0,32000,4447,0.138969,131072,4667,0.035606,0,0,3
350,host-4,3,0,14,3,0,0,0.117313,0,32000,3754,0.117313,131072,3129,0.023872,0,0,3
350,host-5,2,0,14,2,0,0,0.095875,0,32000,3068,0.095875,131072,3389,0.025856,0,0,2
350,host-6,2,0,14,2,0,0,0.125969,0,32000,4031,0.125969,131072,3817,0.029121,0,0,2
350,host-7,1,0,14,1,0,0,0.066531,0,32000,2129,0.066531,131072,2221,0.016945,0,0,1
350,host-8,2,0,14,2,0,0,0.088875,0,32000,2844,0.088875,131072,3187,0.024315,0,0,2
350,host-9,2,0,14,2,0,0,0.111031,0,32000,3553,0.111031,131072,2912,0.022217,0,0,2
351,host-1,2,0,14,2,0,0,0.088844,0,32000,2843,0.088844,131072,2449,0.018684,0,0,2
351,host-10,2,0,14,2,0,0,0.124281,0,32000,3977,0.124281,131072,3791,0.028923,0,0,2
351,host-11,2,0,14,2,0,0,0.087219,0,32000,2791,0.087219,131072,2965,0.022621,0,0,2
351,host-12,3,0,14,3,0,0,0.099406,0,32000,3181,0.099406,131072,2798,0.021347,0,0,3
351,host-13,3,0,14,3,0,0,0.137000,0,32000,4384,0.137000,131072,4746,0.036209,0,0,3
351,host-14,3,0,14,3,0,0,0.133125,0,32000,4260,0.133125,131072,4629,0.035316,0,0,3
351,host-15,2,0,14,2,0,0,0.089656,0,32000,2869,0.089656,131072,2664,0.020325,0,0,2
351,host-16,2,0,14,2,0,0,0.107688,0,32000,3446,0.107688,131072,3417,0.026070,0,0,2
351,host-17,2,0,14,2,0,0,0.081062,0,32000,2594,0.081062,131072,2030,0.015488,0,0,2
351,host-18,2,0,14,2,0,0,0.112031,0,32000,3585,0.112031,131072,4211,0.032127,0,0,2
351,host-19,3,0,14,3,0,0,0.117719,0,32000,3767,0.117719,131072,2906,0.022171,0,0,3
351,host-2,3,0,14,3,0,0,0.144031,0,32000,4609,0.144031,131072,4540,0.034637,0,0,3
351,host-20,2,0,14,2,0,0,0.076531,0,32000,2449,0.076531,131072,2543,0.019402,0,0,2
351,host-21,2,0,14,2,0,0,0.111375,0,32000,3564,0.111375,131072,4605,0.035133,0,0,2
351,host-22,2,1,14,2,1,0,0.151000,0,32000,4832,0.151000,131072,4904,0.037415,1,0,1
351,host-23,2,0,14,2,0,0,0.142375,0,32000,4556,0.142375,131072,4858,0.037064,0,0,2
351,host-24,2,0,14,2,0,0,0.076563,0,32000,2450,0.076563,131072,2328,0.017761,0,0,2
351,host-3,3,0,14,3,0,0,0.138969,0,32000,4447,0.138969,131072,4667,0.035606,0,0,3
351,host-4,3,0,14,3,0,0,0.117313,0,32000,3754,0.117313,131072,3129,0.023872,0,0,3
351,host-5,2,0,14,2,0,0,0.095875,0,32000,3068,0.095875,131072,3389,0.025856,0,0,2
351,host-6,2,0,14,2,0,0,0.125969,0,32000,4031,0.125969,131072,3817,0.029121,0,0,2
351,host-7,2,1,14,2,1,0,0.110312,0,32000,3530,0.110312,131072,2967,0.022636,1,0,1
351,host-8,2,0,14,2,0,0,0.088875,0,32000,2844,0.088875,131072,3187,0.024315,0,0,2
351,host-9,2,0,14,2,0,0,0.111031,0,32000,3553,0.111031,131072,2912,0.022217,0,0,2
352,host-1,2,0,14,2,0,0,0.088844,0,32000,2843,0.088844,131072,2449,0.018684,0,0,2
352,host-10,2,0,14,2,0,0,0.124281,0,32000,3977,0.124281,131072,3791,0.028923,0,0,2
352,host-11,2,0,14,2,0,0,0.087219,0,32000,2791,0.087219,131072,2965,0.022621,0,0,2
352,host-12,1,0,14,1,0,0,0.038250,0,32000,1224,0.038250,131072,833,0.006355,0,0,1
352,host-13,3,0,14,3,0,0,0.137000,0,32000,4384,0.137000,131072,4746,0.036209,0,0,3
352,host-14,3,0,14,3,0,0,0.133125,0,32000,4260,0.133125,131072,4629,0.035316,0,0,3
352,host-15,2,0,14,2,0,0,0.089656,0,32000,2869,0.089656,131072,2664,0.020325,0,0,2
352,host-16,2,0,14,2,0,0,0.107688,0,32000,3446,0.107688,131072,3417,0.026070,0,0,2
352,host-17,2,0,14,2,0,0,0.081062,0,32000,2594,0.081062,131072,2030,0.015488,0,0,2
352,host-18,2,0,14,2,0,0,0.112031,0,32000,3585,0.112031,131072,4211,0.032127,0,0,2
352,host-19,2,0,14,2,0,0,0.074438,0,32000,2382,0.074438,131072,1828,0.013947,0,0,2
352,host-2,3,0,14,3,0,0,0.144031,0,32000,4609,0.144031,131072,4540,0.034637,0,0,3
352,host-20,2,0,14,2,0,0,0.076531,0,32000,2449,0.076531,131072,2543,0.019402,0,0,2
352,host-21,2,0,14,2,0,0,0.111375,0,32000,3564,0.111375,131072,4605,0.035133,0,0,2
352,host-22,2,0,14,2,0,0,0.151000,0,32000,4832,0.151000,131072,4904,0.037415,0,0,2
352,host-23,2,0,14,2,0,0,0.142375,0,32000,4556,0.142375,131072,4858,0.037064,0,0,2
352,host-24,2,0,14,2,0,0,0.076563,0,32000,2450,0.076563,131072,2328,0.017761,0,0,2
352,host-3,2,0,14,2,0,0,0.108563,0,32000,3474,0.108563,131072,3109,0.023720,0,0,2
352,host-4,3,1,14,3,1,0,0.117313,0,32000,3754,0.117313,131072,3129,0.023872,0,1,2
352,host-5,2,0,14,2,0,0,0.095875,0,32000,3068,0.095875,131072,3389,0.025856,0,0,2
352,host-6,2,0,14,2,0,0,0.125969,0,32000,4031,0.125969,131072,3817,0.029121,0,0,2
352,host-7,2,1,14,2,1,0,0.110312,0,32000,3530,0.110312,131072,2967,0.022636,1,0,1
352,host-8,2,0,14,2,0,0,0.088875,0,32000,2844,0.088875,131072,3187,0.024315,0,0,2
352,host-9,2,0,14,2,0,0,0.111031,0,32000,3553,0.111031,131072,2912,0.022217,0,0,2
353,host-1,2,0,14,2,0,0,0.088844,0,32000,2843,0.088844,131072,2449,0.018684,0,0,2
353,host-10,2,0,14,2,0,0,0.124281,0,32000,3977,0.124281,131072,3791,0.028923,0,0,2
353,host-11,2,0,14,2,0,0,0.087219,0,32000,2791,0.087219,131072,2965,0.022621,0,0,2
353,host-12,2,1,14,2,1,0,0.078250,0,32000,2504,0.078250,131072,1433,0.010933,1,0,1
353,host-13,3,0,14,3,0,0,0.137000,0,32000,4384,0.137000,131072,4746,0.036209,0,0,3
353,host-14,2,0,14,2,0,0,0.081687,0,32000,2614,0.081687,131072,3388,0.025848,0,0,2
353,host-15,2,0,14,2,0,0,0.089656,0,32000,2869,0.089656,131072,2664,0.020325,0,0,2
353,host-16,2,0,14,2,0,0,0.107688,0,32000,3446,0.107688,131072,3417,0.026070,0,0,2
353,host-17,2,0,14,2,0,0,0.081062,0,32000,2594,0.081062,131072,2030,0.015488,0,0,2
353,host-18,2,0,14,2,0,0,0.112031,0,32000,3585,0.112031,131072,4211,0.032127,0,0,2
353,host-19,2,0,14,2,0,0,0.074438,0,32000,2382,0.074438,131072,1828,0.013947,0,0,2
353,host-2,2,0,14,2,0,0,0.112187,0,32000,3590,0.112187,131072,3977,0.030342,0,0,2
353,host-20,2,0,14,2,0,0,0.076531,0,32000,2449,0.076531,131072,2543,0.019402,0,0,2
353,host-21,2,0,14,2,0,0,0.111375,0,32000,3564,0.111375,131072,4605,0.035133,0,0,2
353,host-22,2,0,14,2,0,0,0.151000,0,32000,4832,0.151000,131072,4904,0.037415,0,0,2
353,host-23,2,0,14,2,0,0,0.142375,0,32000,4556,0.142375,131072,4858,0.037064,0,0,2
353,host-24,2,0,14,2,0,0,0.076563,0,32000,2450,0.076563,131072,2328,0.017761,0,0,2
353,host-3,2,0,14,2,0,0,0.108563,0,32000,3474,0.108563,131072,3109,0.023720,0,0,2
353,host-4,3,0,14,3,0,0,0.117313,0,32000,3754,0.117313,131072,3129,0.023872,0,0,3
353,host-5,2,1,14,2,1,0,0.095875,0,32000,3068,0.095875,131072,3389,0.025856,0,1,1
353,host-6,2,0,14,2,0,0,0.125969,0,32000,4031,0.125969,131072,3817,0.029121,0,0,2
353,host-7,2,0,14,2,0,0,0.110312,0,32000,3530,0.110312,131072,2967,0.022636,0,0,2
353,host-8,2,0,14,2,0,0,0.088875,0,32000,2844,0.088875,131072,3187,0.024315,0,0,2
353,host-9,2,0,14,2,0,0,0.111031,0,32000,3553,0.111031,131072,2912,0.022217,0,0,2
354,host-1,2,0,14,2,0,0,0.088844,0,32000,2843,0.088844,131072,2449,0.018684,0,0,2
354,host-10,2,0,14,2,0,0,0.124281,0,32000,3977,0.124281,131072,3791,0.028923,0,0,2
354,host-11,2,0,14,2,0,0,0.087219,0,32000,2791,0.087219,131072,2965,0.022621,0,0,2
354,host-12,2,1,14,2,1,0,0.069812,0,32000,2234,0.069812,131072,1241,0.009468,1,0,1
354,host-13,3,0,14,3,0,0,0.137000,0,32000,4384,0.137000,131072,4746,0.036209,0,0,3
354,host-14,2,0,14,2,0,0,0.081687,0,32000,2614,0.081687,131072,3388,0.025848,0,0,2
354,host-15,2,0,14,2,0,0,0.089656,0,32000,2869,0.089656,131072,2664,0.020325,0,0,2
354,host-16,2,0,14,2,0,0,0.107688,0,32000,3446,0.107688,131072,3417,0.026070,0,0,2
354,host-17,2,1,14,2,1,0,0.079281,0,32000,2537,0.079281,131072,2562,0.019547,1,0,1
354,host-18,2,0,14,2,0,0,0.112031,0,32000,3585,0.112031,131072,4211,0.032127,0,0,2
354,host-19,3,1,14,3,1,0,0.132531,0,32000,4241,0.132531,131072,4434,0.033829,1,0,2
354,host-2,2,0,14,2,0,0,0.112187,0,32000,3590,0.112187,131072,3977,0.030342,0,0,2
354,host-20,1,1,14,1,1,0,0.045469,0,32000,1455,0.045469,131072,1403,0.010704,1,0,0
354,host-21,2,0,14,2,0,0,0.111375,0,32000,3564,0.111375,131072,4605,0.035133,0,0,2
354,host-22,2,0,14,2,0,0,0.151000,0,32000,4832,0.151000,131072,4904,0.037415,0,0,2
354,host-23,2,0,14,2,0,0,0.142375,0,32000,4556,0.142375,131072,4858,0.037064,0,0,2
354,host-24,2,0,14,2,0,0,0.076563,0,32000,2450,0.076563,131072,2328,0.017761,0,0,2
354,host-3,2,0,14,2,0,0,0.108563,0,32000,3474,0.108563,131072,3109,0.023720,0,0,2
354,host-4,3,0,14,3,0,0,0.117313,0,32000,3754,0.117313,131072,3129,0.023872,0,0,3
354,host-5,2,0,14,2,0,0,0.095875,0,32000,3068,0.095875,131072,3389,0.025856,0,0,2
354,host-6,2,0,14,2,0,0,0.125969,0,32000,4031,0.125969,131072,3817,0.029121,0,0,2
354,host-7,2,0,14,2,0,0,0.110312,0,32000,3530,0.110312,131072,2967,0.022636,0,0,2
354,host-8,2,0,14,2,0,0,0.088875,0,32000,2844,0.088875,131072,3187,0.024315,0,0,2
354,host-9,2,0,14,2,0,0,0.111031,0,32000,3553,0.111031,131072,2912,0.022217,0,0,2
355,host-1,2,0,14,2,0,0,0.088844,0,32000,2843,0.088844,131072,2449,0.018684,0,0,2
355,host-10,2,0,14,2,0,0,0.124281,0,32000,3977,0.124281,131072,3791,0.028923,0,0,2
355,host-11,1,0,14,1,0,0,0.034094,0,32000,1091,0.034094,131072,1460,0.011139,0,0,1
355,host-12,3,2,14,3,2,0,0.099625,0,32000,3188,0.099625,131072,1882,0.014359,2,0,1
355,host-13,3,0,14,3,0,0,0.137000,0,32000,4384,0.137000,131072,4746,0.036209,0,0,3
355,host-14,2,0,14,2,0,0,0.081687,0,32000,2614,0.081687,131072,3388,0.025848,0,0,2
355,host-15,2,0,14,2,0,0,0.089656,0,32000,2869,0.089656,131072,2664,0.020325,0,0,2
355,host-16,2,0,14,2,0,0,0.107688,0,32000,3446,0.107688,131072,3417,0.026070,0,0,2
355,host-17,2,0,14,2,0,0,0.079281,0,32000,2537,0.079281,131072,2562,0.019547,0,0,2
355,host-18,1,0,14,1,0,0,0.064062,0,32000,2050,0.064062,131072,2686,0.020493,0,0,1
355,host-19,3,0,14,3,0,0,0.132531,0,32000,4241,0.132531,131072,4434,0.033829,0,0,3
355,host-2,2,0,14,2,0,0,0.112187,0,32000,3590,0.112187,131072,3977,0.030342,0,0,2
355,host-20,2,1,14,2,1,0,0.117344,0,32000,3755,0.117344,131072,3890,0.029678,1,0,1
355,host-21,2,0,14,2,0,0,0.111375,0,32000,3564,0.111375,131072,4605,0.035133,0,0,2
355,host-22,2,0,14,2,0,0,0.151000,0,32000,4832,0.151000,131072,4904,0.037415,0,0,2
355,host-23,2,0,14,2,0,0,0.142375,0,32000,4556,0.142375,131072,4858,0.037064,0,0,2
355,host-24,2,0,14,2,0,0,0.076563,0,32000,2450,0.076563,131072,2328,0.017761,0,0,2
355,host-3,2,0,14,2,0,0,0.108563,0,32000,3474,0.108563,131072,3109,0.023720,0,0,2
355,host-4,3,0,14,3,0,0,0.117313,0,32000,3754,0.117313,131072,3129,0.023872,0,0,3
355,host-5,2,0,14,2,0,0,0.095875,0,32000,3068,0.095875,131072,3389,0.025856,0,0,2
355,host-6,2,0,14,2,0,0,0.125969,0,32000,4031,0.125969,131072,3817,0.029121,0,0,2
355,host-7,2,0,14,2,0,0,0.110312,0,32000,3530,0.110312,131072,2967,0.022636,0,0,2
355,host-8,1,0,14,1,0,0,0.046187,0,32000,1478,0.046187,131072,1606,0.012253,0,0,1
355,host-9,2,0,14,2,0,0,0.111031,0,32000,3553,0.111031,131072,2912,0.022217,0,0,2
356,host-1,2,0,14,2,0,0,0.088844,0,32000,2843,0.088844,131072,2449,0.018684,0,0,2
356,host-10,2,0,14,2,0,0,0.124281,0,32000,3977,0.124281,131072,3791,0.028923,0,0,2
356,host-11,1,0,14,1,0,0,0.034094,0,32000,1091,0.034094,131072,1460,0.011139,0,0,1
356,host-12,3,1,14,3,1,0,0.099625,0,32000,3188,0.099625,131072,1882,0.014359,1,0,2
356,host-13,3,0,14,3,0,0,0.137000,0,32000,4384,0.137000,131072,4746,0.036209,0,0,3
356,host-14,1,0,14,1,0,0,0.037687,0,32000,1206,0.037687,131072,1506,0.011490,0,0,1
356,host-15,2,0,14,2,0,0,0.089656,0,32000,2869,0.089656,131072,2664,0.020325,0,0,2
356,host-16,2,0,14,2,0,0,0.107688,0,32000,3446,0.107688,131072,3417,0.026070,0,0,2
356,host-17,2,0,14,2,0,0,0.079281,0,32000,2537,0.079281,131072,2562,0.019547,0,0,2
356,host-18,1,0,14,1,0,0,0.064062,0,32000,2050,0.064062,131072,2686,0.020493,0,0,1
356,host-19,3,0,14,3,0,0,0.132531,0,32000,4241,0.132531,131072,4434,0.033829,0,0,3
356,host-2,2,0,14,2,0,0,0.112187,0,32000,3590,0.112187,131072,3977,0.030342,0,0,2
356,host-20,2,1,14,2,1,0,0.117344,0,32000,3755,0.117344,131072,3890,0.029678,1,0,1
356,host-21,2,0,14,2,0,0,0.111375,0,32000,3564,0.111375,131072,4605,0.035133,0,0,2
356,host-22,2,0,14,2,0,0,0.151000,0,32000,4832,0.151000,131072,4904,0.037415,0,0,2
356,host-23,2,0,14,2,0,0,0.142375,0,32000,4556,0.142375,131072,4858,0.037064,0,0,2
356,host-24,2,0,14,2,0,0,0.076563,0,32000,2450,0.076563,131072,2328,0.017761,0,0,2
356,host-3,2,0,14,2,0,0,0.108563,0,32000,3474,0.108563,131072,3109,0.023720,0,0,2
356,host-4,3,0,14,3,0,0,0.117313,0,32000,3754,0.117313,131072,3129,0.023872,0,0,3
356,host-5,1,0,14,1,0,0,0.052562,0,32000,1682,0.052562,131072,1753,0.013374,0,0,1
356,host-6,2,0,14,2,0,0,0.125969,0,32000,4031,0.125969,131072,3817,0.029121,0,0,2
356,host-7,2,0,14,2,0,0,0.110312,0,32000,3530,0.110312,131072,2967,0.022636,0,0,2
356,host-8,1,0,14,1,0,0,0.046187,0,32000,1478,0.046187,131072,1606,0.012253,0,0,1
356,host-9,2,0,14,2,0,0,0.111031,0,32000,3553,0.111031,131072,2912,0.022217,0,0,2
357,host-1,1,0,14,1,0,0,0.058344,0,32000,1867,0.058344,131072,1188,0.009064,0,0,1
357,host-10,2,0,14,2,0,0,0.124281,0,32000,3977,0.124281,131072,3791,0.028923,0,0,2
357,host-11,1,0,14,1,0,0,0.034094,0,32000,1091,0.034094,131072,1460,0.011139,0,0,1
357,host-12,3,0,14,3,0,0,0.099625,0,32000,3188,0.099625,131072,1882,0.014359,0,0,3
357,host-13,3,0,14,3,0,0,0.137000,0,32000,4384,0.137000,131072,4746,0.036209,0,0,3
357,host-14,1,0,14,1,0,0,0.037687,0,32000,1206,0.037687,131072,1506,0.011490,0,0,1
357,host-15,2,0,14,2,0,0,0.089656,0,32000,2869,0.089656,131072,2664,0.020325,0,0,2
357,host-16,2,0,14,2,0,0,0.107688,0,32000,3446,0.107688,131072,3417,0.026070,0,0,2
357,host-17,2,0,14,2,0,0,0.079281,0,32000,2537,0.079281,131072,2562,0.019547,0,0,2
357,host-18,1,0,14,1,0,0,0.064062,0,32000,2050,0.064062,131072,2686,0.020493,0,0,1
357,host-19,3,0,14,3,0,0,0.132531,0,32000,4241,0.132531,131072,4434,0.033829,0,0,3
357,host-2,2,0,14,2,0,0,0.112187,0,32000,3590,0.112187,131072,3977,0.030342,0,0,2
357,host-20,2,0,14,2,0,0,0.117344,0,32000,3755,0.117344,131072,3890,0.029678,0,0,2
357,host-21,2,0,14,2,0,0,0.111375,0,32000,3564,0.111375,131072,4605,0.035133,0,0,2
357,host-22,2,0,14,2,0,0,0.151000,0,32000,4832,0.151000,131072,4904,0.037415,0,0,2
357,host-23,2,0,14,2,0,0,0.142375,0,32000,4556,0.142375,131072,4858,0.037064,0,0,2
357,host-24,2,0,14,2,0,0,0.076563,0,32000,2450,0.076563,131072,2328,0.017761,0,0,2
357,host-3,2,0,14,2,0,0,0.108563,0,32000,3474,0.108563,131072,3109,0.023720,0,0,2
357,host-4,3,1,14,3,1,0,0.117313,0,32000,3754,0.117313,131072,3129,0.023872,0,1,2
357,host-5,1,0,14,1,0,0,0.052562,0,32000,1682,0.052562,131072,1753,0.013374,0,0,1
357,host-6,2,0,14,2,0,0,0.125969,0,32000,4031,0.125969,131072,3817,0.029121,0,0,2
357,host-7,2,0,14,2,0,0,0.110312,0,32000,3530,0.110312,131072,2967,0.022636,0,0,2
357,host-8,1,0,14,1,0,0,0.046187,0,32000,1478,0.046187,131072,1606,0.012253,0,0,1
357,host-9,0,0,14,0,0,0,0.000000,0,32000,0,0.000000,131072,0,0.000000,0,0,0
358,host-1,1,0,14,1,0,0,0.058344,0,32000,1867,0.058344,131072,1188,0.009064,0,0,1
358,host-10,1,0,14,1,0,0,0.066375,0,32000,2124,0.066375,131072,2384,0.018188,0,0,1
358,host-11,1,0,14,1,0,0,0.034094,0,32000,1091,0.034094,131072,1460,0.011139,0,0,1
358,host-12,3,0,14,3,0,0,0.099625,0,32000,3188,0.099625,131072,1882,0.014359,0,0,3
358,host-13,3,0,14,3,0,0,0.137000,0,32000,4384,0.137000,131072,4746,0.036209,0,0,3
358,host-14,1,0,14,1,0,0,0.037687,0,32000,1206,0.037687,131072,1506,0.011490,0,0,1
358,host-15,2,0,14,2,0,0,0.089656,0,32000,2869,0.089656,131072,2664,0.020325,0,0,2
358,host-16,2,0,14,2,0,0,0.107688,0,32000,3446,0.107688,131072,3417,0.026070,0,0,2
358,host-17,2,0,14,2,0,0,0.079281,0,32000,2537,0.079281,131072,2562,0.019547,0,0,2
358,host-18,1,0,14,1,0,0,0.064062,0,32000,2050,0.064062,131072,2686,0.020493,0,0,1
358,host-19,3,0,14,3,0,0,0.132531,0,32000,4241,0.132531,131072,4434,0.033829,0,0,3
358,host-2,1,0,14,1,0,0,0.059625,0,32000,1908,0.059625,131072,2224,0.016968,0,0,1
358,host-20,2,0,14,2,0,0,0.117344,0,32000,3755,0.117344,131072,3890,0.029678,0,0,2
358,host-21,2,0,14,2,0,0,0.111375,0,32000,3564,0.111375,131072,4605,0.035133,0,0,2
358,host-22,2,0,14,2,0,0,0.151000,0,32000,4832,0.151000,131072,4904,0.037415,0,0,2
358,host-23,2,0,14,2,0,0,0.142375,0,32000,4556,0.142375,131072,4858,0.037064,0,0,2
358,host-24,2,0,14,2,0,0,0.076563,0,32000,2450,0.076563,131072,2328,0.017761,0,0,2
358,host-3,2,0,14,2,0,0,0.108563,0,32000,3474,0.108563,131072,3109,0.023720,0,0,2
358,host-4,3,0,14,3,0,0,0.117313,0,32000,3754,0.117313,131072,3129,0.023872,0,0,3
358,host-5,1,0,14,1,0,0,0.052562,0,32000,1682,0.052562,131072,1753,0.013374,0,0,1
358,host-6,2,0,14,2,0,0,0.125969,0,32000,4031,0.125969,131072,3817,0.029121,0,0,2
358,host-7,2,0,14,2,0,0,0.110312,0,32000,3530,0.110312,131072,2967,0.022636,0,0,2
358,host-8,1,0,14,1,0,0,0.046187,0,32000,1478,0.046187,131072,1606,0.012253,0,0,1
358,host-9,0,0,14,0,0,0,0.000000,0,32000,0,0.000000,131072,0,0.000000,0,0,0
359,host-1,1,0,14,1,0,0,0.058344,0,32000,1867,0.058344,131072,1188,0.009064,0,0,1
359,host-10,1,0,14,1,0,0,0.066375,0,32000,2124,0.066375,131072,2384,0.018188,0,0,1
359,host-11,1,0,14,1,0,0,0.034094,0,32000,1091,0.034094,131072,1460,0.011139,0,0,1
359,host-12,3,0,14,3,0,0,0.099625,0,32000,3188,0.099625,131072,1882,0.014359,0,0,3
359,host-13,3,0,14,3,0,0,0.137000,0,32000,4384,0.137000,131072,4746,0.036209,0,0,3
359,host-14,1,0,14,1,0,0,0.037687,0,32000,1206,0.037687,131072,1506,0.011490,0,0,1
359,host-15,2,0,14,2,0,0,0.089656,0,32000,2869,0.089656,131072,2664,0.020325,0,0,2
359,host-16,2,0,14,2,0,0,0.107688,0,32000,3446,0.107688,131072,3417,0.026070,0,0,2
359,host-17,2,0,14,2,0,0,0.079281,0,32000,2537,0.079281,131072,2562,0.019547,0,0,2
359,host-18,1,0,14,1,0,0,0.064062,0,32000,2050,0.064062,131072,2686,0.020493,0,0,1
359,host-19,3,0,14,3,0,0,0.132531,0,32000,4241,0.132531,131072,4434,0.033829,0,0,3
359,host-2,1,0,14,1,0,0,0.059625,0,32000,1908,0.059625,131072,2224,0.016968,0,0,1
359,host-20,2,0,14,2,0,0,0.117344,0,32000,3755,0.117344,131072,3890,0.029678,0,0,2
359,host-21,2,0,14,2,0,0,0.111375,0,32000,3564,0.111375,131072,4605,0.035133,0,0,2
359,host-22,2,0,14,2,0,0,0.151000,0,32000,4832,0.151000,131072,4904,0.037415,0,0,2
359,host-23,2,0,14,2,0,0,0.142375,0,32000,4556,0.142375,131072,4858,0.037064,0,0,2
359,host-24,2,0,14,2,0,0,0.076563,0,32000,2450,0.076563,131072,2328,0.017761,0,0,2
359,host-3,2,0,14,2,0,0,0.108563,0,32000,3474,0.108563,131072,3109,0.023720,0,0,2
359,host-4,3,0,14,3,0,0,0.117313,0,32000,3754,0.117313,131072,3129,0.023872,0,0,3
359,host-5,1,0,14,1,0,0,0.052562,0,32000,1682,0.052562,131072,1753,0.013374,0,0,1
359,host-6,2,0,14,2,0,0,0.125969,0,32000,4031,0.125969,131072,3817,0.029121,0,0,2
359,host-7,2,0,14,2,0,0,0.110312,0,32000,3530,0.110312,131072,2967,0.022636,0,0,2
359,host-8,1,0,14,1,0,0,0.046187,0,32000,1478,0.046187,131072,1606,0.012253,0,0,1
359,host-9,0,0,14,0,0,0,0.000000,0,32000,0,0.000000,131072,0,0.000000,0,0,0
360,host-1,1,0,14,1,0,0,0.058344,0,32000,1867,0.058344,131072,1188,0.009064,0,0,1
360,host-10,1,0,14,1,0,0,0.066375,0,32000,2124,0.066375,131072,2384,0.018188,0,0,1
360,host-11,1,0,14,1,0,0,0.034094,0,32000,1091,0.034094,131072,1460,0.011139,0,0,1
360,host-12,3,0,14,3,0,0,0.099625,0,32000,3188,0.099625,131072,1882,0.014359,0,0,3
360,host-13,3,0,14,3,0,0,0.137000,0,32000,4384,0.137000,131072,4746,0.036209,0,0,3
360,host-14,0,0,14,0,0,0,0.000000,0,32000,0,0.000000,131072,0,0.000000,0,0,0
360,host-15,2,0,14,2,0,0,0.089656,0,32000,2869,0.089656,131072,2664,0.020325,0,0,2
360,host-16,2,0,14,2,0,0,0.107688,0,32000,3446,0.107688,131072,3417,0.026070,0,0,2
360,host-17,2,0,14,2,0,0,0.079281,0,32000,2537,0.079281,131072,2562,0.019547,0,0,2
360,host-18,1,0,14,1,0,0,0.064062,0,32000,2050,0.064062,131072,2686,0.020493,0,0,1
360,host-19,2,0,14,2,0,0,0.087656,0,32000,2805,0.087656,131072,3621,0.027626,0,0,2
360,host-2,1,0,14,1,0,0,0.059625,0,32000,1908,0.059625,131072,2224,0.016968,0,0,1
360,host-20,2,0,14,2,0,0,0.117344,0,32000,3755,0.117344,131072,3890,0.029678,0,0,2
360,host-21,2,0,14,2,0,0,0.111375,0,32000,3564,0.111375,131072,4605,0.035133,0,0,2
360,host-22,2,0,14,2,0,0,0.151000,0,32000,4832,0.151000,131072,4904,0.037415,0,0,2
360,host-23,2,0,14,2,0,0,0.142375,0,32000,4556,0.142375,131072,4858,0.037064,0,0,2
360,host-24,2,0,14,2,0,0,0.076563,0,32000,2450,0.076563,131072,2328,0.017761,0,0,2
360,host-3,2,0,14,2,0,0,0.108563,0,32000,3474,0.108563,131072,3109,0.023720,0,0,2
360,host-4,3,0,14,3,0,0,0.117313,0,32000,3754,0.117313,131072,3129,0.023872,0,0,3
360,host-5,1,0,14,1,0,0,0.052562,0,32000,1682,0.052562,131072,1753,0.013374,0,0,1
360,host-6,2,0,14,2,0,0,0.125969,0,32000,4031,0.125969,131072,3817,0.029121,0,0,2
360,host-7,2,0,14,2,0,0,0.110312,0,32000,3530,0.110312,131072,2967,0.022636,0,0,2
360,host-8,1,0,14,1,0,0,0.046187,0,32000,1478,0.046187,131072,1606,0.012253,0,0,1
360,host-9,0,0,14,0,0,0,0.000000,0,32000,0,0.000000,131072,0,0.000000,0,0,0
361,host-1,1,0,14,1,0,0,0.058344,0,32000,1867,0.058344,131072,1188,0.009064,0,0,1
361,host-10,0,0,14,0,0,0,0.000000,0,32000,0,0.000000,131072,0,0.000000,0,0,0
361,host-11,1,0,14,1,0,0,0.034094,0,32000,1091,0.034094,131072,1460,0.011139,0,0,1
361,host-12,3,0,14,3,0,0,0.099625,0,32000,3188,0.099625,131072,1882,0.014359,0,0,3
361,host-13,3,0,14,3,0,0,0.137000,0,32000,4384,0.137000,131072,4746,0.036209,0,0,3
361,host-14,0,0,14,0,0,0,0.000000,0,32000,0,0.000000,131072,0,0.000000,0,0,0
361,host-15,1,0,14,1,0,0,0.041281,0,32000,1321,0.041281,131072,1621,0.012367,0,0,1
361,host-16,1,0,14,1,0,0,0.063187,0,32000,2022,0.063187,131072,2269,0.017311,0,0,1
361,host-17,1,0,14,1,0,0,0.036469,0,32000,1167,0.036469,131072,1365,0.010414,0,0,1
361,host-18,1,0,14,1,0,0,0.064062,0,32000,2050,0.064062,131072,2686,0.020493,0,0,1
361,host-19,2,0,14,2,0,0,0.087656,0,32000,2805,0.087656,131072,3621,0.027626,0,0,2
361,host-2,1,0,14,1,0,0,0.059625,0,32000,1908,0.059625,131072,2224,0.016968,0,0,1
361,host-20,2,0,14,2,0,0,0.117344,0,32000,3755,0.117344,131072,3890,0.029678,0,0,2
361,host-21,2,0,14,2,0,0,0.111375,0,32000,3564,0.111375,131072,4605,0.035133,0,0,2
361,host-22,2,0,14,2,0,0,0.151000,0,32000,4832,0.151000,131072,4904,0.037415,0,0,2
361,host-23,2,0,14,2,0,0,0.142375,0,32000,4556,0.142375,131072,4858,0.037064,0,0,2
361,host-24,2,0,14,2,0,0,0.076563,0,32000,2450,0.076563,131072,2328,0.017761,0,0,2
361,host-3,1,0,14,1,0,0,0.038344,0,32000,1227,0.038344,131072,1200,0.009155,0,0,1
361,host-4,2,0,14,2,0,0,0.072125,0,32000,2308,0.072125,131072,1685,0.012856,0,0,2
361,host-5,1,0,14,1,0,0,0.052562,0,32000,1682,0.052562,131072,1753,0.013374,0,0,1
361,host-6,2,0,14,2,0,0,0.125969,0,32000,4031,0.125969,131072,3817,0.029121,0,0,2
361,host-7,2,0,14,2,0,0,0.110312,0,32000,3530,0.110312,131072,2967,0.022636,0,0,2
361,host-8,0,0,14,0,0,0,0.000000,0,32000,0,0.000000,131072,0,0.000000,0,0,0
361,host-9,1,1,14,1,1,0,0.042531,0,32000,1361,0.042531,131072,598,0.004562,1,0,0
362,host-1,1,0,14,1,0,0,0.058344,0,32000,1867,0.058344,131072,1188,0.009064,0,0,1
362,host-10,1,1,14,1,1,0,0.043344,0,32000,1387,0.043344,131072,874,0.006668,1,0,0
362,host-11,1,0,14,1,0,0,0.034094,0,32000,1091,0.034094,131072,1460,0.011139,0,0,1
362,host-12,3,0,14,3,0,0,0.099625,0,32000,3188,0.099625,131072,1882,0.014359,0,0,3
362,host-13,3,0,14,3,0,0,0.137000,0,32000,4384,0.137000,131072,4746,0.036209,0,0,3
362,host-14,1,1,14,1,1,0,0.026625,0,32000,852,0.026625,131072,1073,0.008186,1,0,0
362,host-15,1,0,14,1,0,0,0.041281,0,32000,1321,0.041281,131072,1621,0.012367,0,0,1
362,host-16,1,0,14,1,0,0,0.063187,0,32000,2022,0.063187,131072,2269,0.017311,0,0,1
362,host-17,1,0,14,1,0,0,0.036469,0,32000,1167,0.036469,131072,1365,0.010414,0,0,1
362,host-18,0,0,14,0,0,0,0.000000,0,32000,0,0.000000,131072,0,0.000000,0,0,0
362,host-19,2,0,14,2,0,0,0.087656,0,32000,2805,0.087656,131072,3621,0.027626,0,0,2
362,host-2,1,0,14,1,0,0,0.059625,0,32000,1908,0.059625,131072,2224,0.016968,0,0,1
362,host-20,2,0,14,2,0,0,0.117344,0,32000,3755,0.117344,131072,3890,0.029678,0,0,2
362,host-21,2,0,14,2,0,0,0.111375,0,32000,3564,0.111375,131072,4605,0.035133,0,0,2
362,host-22,2,0,14,2,0,0,0.151000,0,32000,4832,0.151000,131072,4904,0.037415,0,0,2
362,host-23,1,0,14,1,0,0,0.072156,0,32000,2309,0.072156,131072,2949,0.022499,0,0,1
362,host-24,2,0,14,2,0,0,0.076563,0,32000,2450,0.076563,131072,2328,0.017761,0,0,2
362,host-3,1,0,14,1,0,0,0.038344,0,32000,1227,0.038344,131072,1200,0.009155,0,0,1
362,host-4,2,0,14,2,0,0,0.072125,0,32000,2308,0.072125,131072,1685,0.012856,0,0,2
362,host-5,1,0,14,1,0,0,0.052562,0,32000,1682,0.052562,131072,1753,0.013374,0,0,1
362,host-6,2,0,14,2,0,0,0.125969,0,32000,4031,0.125969,131072,3817,0.029121,0,0,2
362,host-7,2,0,14,2,0,0,0.110312,0,32000,3530,0.110312,131072,2967,0.022636,0,0,2
362,host-8,1,1,14,1,1,0,0.037781,0,32000,1209,0.037781,131072,953,0.007271,1,0,0
362,host-9,1,0,14,1,0,0,0.042531,0,32000,1361,0.042531,131072,598,0.004562,0,0,1
363,host-1,1,0,14,1,0,0,0.058344,0,32000,1867,0.058344,131072,1188,0.009064,0,0,1
363,host-10,1,1,14,1,1,0,0.043344,0,32000,1387,0.043344,131072,874,0.006668,1,0,0
363,host-11,1,0,14,1,0,0,0.034094,0,32000,1091,0.034094,131072,1460,0.011139,0,0,1
363,host-12,3,0,14,3,0,0,0.099625,0,32000,3188,0.099625,131072,1882,0.014359,0,0,3
363,host-13,3,0,14,3,0,0,0.137000,0,32000,4384,0.137000,131072,4746,0.036209,0,0,3
363,host-14,2,1,14,2,1,0,0.054406,0,32000,1741,0.054406,131072,1595,0.012169,1,0,1
363,host-15,1,1,14,1,1,0,0.048469,0,32000,1551,0.048469,131072,2231,0.017021,1,0,0
363,host-16,1,0,14,1,0,0,0.063187,0,32000,2022,0.063187,131072,2269,0.017311,0,0,1
363,host-17,1,0,14,1,0,0,0.036469,0,32000,1167,0.036469,131072,1365,0.010414,0,0,1
363,host-18,1,1,14,1,1,0,0.052969,0,32000,1695,0.052969,131072,2132,0.016266,0,1,0
363,host-19,2,0,14,2,0,0,0.087656,0,32000,2805,0.087656,131072,3621,0.027626,0,0,2
363,host-2,1,1,14,1,1,0,0.048531,0,32000,1553,0.048531,131072,1727,0.013176,1,0,0
363,host-20,2,0,14,2,0,0,0.117344,0,32000,3755,0.117344,131072,3890,0.029678,0,0,2
363,host-21,2,0,14,2,0,0,0.111375,0,32000,3564,0.111375,131072,4605,0.035133,0,0,2
363,host-22,1,0,14,1,0,0,0.077219,0,32000,2471,0.077219,131072,2298,0.017532,0,0,1
363,host-23,1,0,14,1,0,0,0.072156,0,32000,2309,0.072156,131072,2949,0.022499,0,0,1
363,host-24,2,0,14,2,0,0,0.076563,0,32000,2450,0.076563,131072,2328,0.017761,0,0,2
363,host-3,1,1,14,1,1,0,0.061531,0,32000,1969,0.061531,131072,2257,0.017220,1,0,0
363,host-4,2,0,14,2,0,0,0.072125,0,32000,2308,0.072125,131072,1685,0.012856,0,0,2
363,host-5,1,0,14,1,0,0,0.052562,0,32000,1682,0.052562,131072,1753,0.013374,0,0,1
363,host-6,2,0,14,2,0,0,0.125969,0,32000,4031,0.125969,131072,3817,0.029121,0,0,2
363,host-7,2,0,14,2,0,0,0.110312,0,32000,3530,0.110312,131072,2967,0.022636,0,0,2
363,host-8,1,0,14,1,0,0,0.037781,0,32000,1209,0.037781,131072,953,0.007271,0,0,1
363,host-9,1,0,14,1,0,0,0.042531,0,32000,1361,0.042531,131072,598,0.004562,0,0,1
364,host-1,1,0,14,1,0,0,0.058344,0,32000,1867,0.058344,131072,1188,0.009064,0,0,1
364,host-10,1,0,14,1,0,0,0.043344,0,32000,1387,0.043344,131072,874,0.006668,0,0,1
364,host-11,1,1,14,1,1,0,0.048531,0,32000,1553,0.048531,131072,1727,0.013176,1,0,0
364,host-12,3,0,14,3,0,0,0.099625,0,32000,3188,0.099625,131072,1882,0.014359,0,0,3
364,host-13,2,0,14,2,0,0,0.101750,0,32000,3256,0.101750,131072,3116,0.023773,0,0,2
364,host-14,2,1,14,2,1,0,0.054406,0,32000,1741,0.054406,131072,1595,0.012169,1,0,1
364,host-15,1,0,14,1,0,0,0.048469,0,32000,1551,0.048469,131072,2231,0.017021,0,0,1
364,host-16,1,0,14,1,0,0,0.063187,0,32000,2022,0.063187,131072,2269,0.017311,0,0,1
364,host-17,2,1,14,2,1,0,0.079750,0,32000,2552,0.079750,131072,2443,0.018639,1,0,1
364,host-18,1,0,14,1,0,0,0.052969,0,32000,1695,0.052969,131072,2132,0.016266,0,0,1
364,host-19,2,0,14,2,0,0,0.087656,0,32000,2805,0.087656,131072,3621,0.027626,0,0,2
364,host-2,1,1,14,1,1,0,0.048531,0,32000,1553,0.048531,131072,1727,0.013176,1,0,0
364,host-20,2,0,14,2,0,0,0.117344,0,32000,3755,0.117344,131072,3890,0.029678,0,0,2
364,host-21,1,0,14,1,0,0,0.058438,0,32000,1870,0.058438,131072,2344,0.017883,0,0,1
364,host-22,1,0,14,1,0,0,0.077219,0,32000,2471,0.077219,131072,2298,0.017532,0,0,1
364,host-23,1,0,14,1,0,0,0.072156,0,32000,2309,0.072156,131072,2949,0.022499,0,0,1
364,host-24,2,0,14,2,0,0,0.076563,0,32000,2450,0.076563,131072,2328,0.017761,0,0,2
364,host-3,1,0,14,1,0,0,0.061531,0,32000,1969,0.061531,131072,2257,0.017220,0,0,1
364,host-4,2,0,14,2,0,0,0.072125,0,32000,2308,0.072125,131072,1685,0.012856,0,0,2
364,host-5,1,0,14,1,0,0,0.052562,0,32000,1682,0.052562,131072,1753,0.013374,0,0,1
364,host-6,2,1,14,2,1,0,0.125969,0,32000,4031,0.125969,131072,3817,0.029121,0,1,1
364,host-7,1,0,14,1,0,0,0.043781,0,32000,1401,0.043781,131072,746,0.005692,0,0,1
364,host-8,1,0,14,1,0,0,0.037781,0,32000,1209,0.037781,131072,953,0.007271,0,0,1
364,host-9,1,0,14,1,0,0,0.042531,0,32000,1361,0.042531,131072,598,0.004562,0,0,1
365,host-1,1,0,14,1,0,0,0.058344,0,32000,1867,0.058344,131072,1188,0.009064,0,0,1
365,host-10,2,1,14,2,1,0,0.087938,0,32000,2814,0.087938,131072,2099,0.016014,1,0,1
365,host-11,1,0,14,1,0,0,0.048531,0,32000,1553,0.048531,131072,1727,0.013176,0,0,1
365,host-12,3,0,14,3,0,0,0.099625,0,32000,3188,0.099625,131072,1882,0.014359,0,0,3
365,host-13,2,0,14,2,0,0,0.101750,0,32000,3256,0.101750,131072,3116,0.023773,0,0,2
365,host-14,2,0,14,2,0,0,0.054406,0,32000,1741,0.054406,131072,1595,0.012169,0,0,2
365,host-15,1,0,14,1,0,0,0.048469,0,32000,1551,0.048469,131072,2231,0.017021,0,0,1
365,host-16,0,0,14,0,0,0,0.000000,0,32000,0,0.000000,131072,0,0.000000,0,0,0
365,host-17,2,0,14,2,0,0,0.079750,0,32000,2552,0.079750,131072,2443,0.018639,0,0,2
365,host-18,1,0,14,1,0,0,0.052969,0,32000,1695,0.052969,131072,2132,0.016266,0,0,1
365,host-19,2,0,14,2,0,0,0.087656,0,32000,2805,0.087656,131072,3621,0.027626,0,0,2
365,host-2,1,0,14,1,0,0,0.048531,0,32000,1553,0.048531,131072,1727,0.013176,0,0,1
365,host-20,2,0,14,2,0,0,0.117344,0,32000,3755,0.117344,131072,3890,0.029678,0,0,2
365,host-21,1,0,14,1,0,0,0.058438,0,32000,1870,0.058438,131072,2344,0.017883,0,0,1
365,host-22,1,0,14,1,0,0,0.077219,0,32000,2471,0.077219,131072,2298,0.017532,0,0,1
365,host-23,1,0,14,1,0,0,0.072156,0,32000,2309,0.072156,131072,2949,0.022499,0,0,1
365,host-24,2,0,14,2,0,0,0.076563,0,32000,2450,0.076563,131072,2328,0.017761,0,0,2
365,host-3,1,1,14,1,1,0,0.061531,0,32000,1969,0.061531,131072,2257,0.017220,0,1,0
365,host-4,2,0,14,2,0,0,0.072125,0,32000,2308,0.072125,131072,1685,0.012856,0,0,2
365,host-5,1,0,14,1,0,0,0.052562,0,32000,1682,0.052562,131072,1753,0.013374,0,0,1
365,host-6,2,0,14,2,0,0,0.125969,0,32000,4031,0.125969,131072,3817,0.029121,0,0,2
365,host-7,2,1,14,2,1,0,0.078969,0,32000,2527,0.078969,131072,1662,0.012680,1,0,1
365,host-8,2,1,14,2,1,0,0.078031,0,32000,2497,0.078031,131072,2236,0.017059,0,1,1
365,host-9,2,1,14,2,1,0,0.108906,0,32000,3485,0.108906,131072,2982,0.022751,1,0,1
366,host-1,2,1,14,2,1,0,0.130594,0,32000,4179,0.130594,131072,3165,0.024147,1,0,1
366,host-10,2,1,14,2,1,0,0.087938,0,32000,2814,0.087938,131072,2099,0.016014,1,0,1
366,host-11,2,1,14,2,1,0,0.093031,0,32000,2977,0.093031,131072,2875,0.021935,1,0,1
366,host-12,3,0,14,3,0,0,0.099625,0,32000,3188,0.099625,131072,1882,0.014359,0,0,3
366,host-13,2,0,14,2,0,0,0.101750,0,32000,3256,0.101750,131072,3116,0.023773,0,0,2
366,host-14,3,1,14,3,1,0,0.099062,0,32000,3170,0.099062,131072,2665,0.020332,1,0,2
366,host-15,2,1,14,2,1,0,0.078875,0,32000,2524,0.078875,131072,3789,0.028908,1,0,1
366,host-16,1,1,14,1,1,0,0.081187,0,32000,2598,0.081187,131072,2473,0.018867,0,1,0
366,host-17,2,0,14,2,0,0,0.079750,0,32000,2552,0.079750,131072,2443,0.018639,0,0,2
366,host-18,2,1,14,2,1,0,0.117031,0,32000,3745,0.117031,131072,4818,0.036758,1,0,1
366,host-19,2,0,14,2,0,0,0.087656,0,32000,2805,0.087656,131072,3621,0.027626,0,0,2
366,host-2,2,1,14,2,1,0,0.096906,0,32000,3101,0.096906,131072,2770,0.021133,1,0,1
366,host-20,2,0,14,2,0,0,0.117344,0,32000,3755,0.117344,131072,3890,0.029678,0,0,2
366,host-21,2,1,14,2,1,0,0.105000,0,32000,3360,0.105000,131072,3030,0.023117,1,0,1
366,host-22,1,0,14,1,0,0,0.077219,0,32000,2471,0.077219,131072,2298,0.017532,0,0,1
366,host-23,2,1,14,2,1,0,0.123594,0,32000,3955,0.123594,131072,4190,0.031967,1,0,1
366,host-24,2,0,14,2,0,0,0.076563,0,32000,2450,0.076563,131072,2328,0.017761,0,0,2
366,host-3,2,1,14,2,1,0,0.087500,0,32000,2800,0.087500,131072,3306,0.025223,1,0,1
366,host-4,3,1,14,3,1,0,0.103969,0,32000,3327,0.103969,131072,2248,0.017151,1,0,2
366,host-5,2,1,14,2,1,0,0.097750,0,32000,3128,0.097750,131072,3197,0.024391,1,0,1
366,host-6,2,0,14,2,0,0,0.125969,0,32000,4031,0.125969,131072,3817,0.029121,0,0,2
366,host-7,2,0,14,2,0,0,0.078969,0,32000,2527,0.078969,131072,1662,0.012680,0,0,2
366,host-8,2,0,14,2,0,0,0.078031,0,32000,2497,0.078031,131072,2236,0.017059,0,0,2
366,host-9,2,1,14,2,1,0,0.108906,0,32000,3485,0.108906,131072,2982,0.022751,0,1,1
367,host-1,2,1,14,2,1,0,0.130594,0,32000,4179,0.130594,131072,3165,0.024147,1,0,1
367,host-10,2,0,14,2,0,0,0.087938,0,32000,2814,0.087938,131072,2099,0.016014,0,0,2
367,host-11,2,0,14,2,0,0,0.093031,0,32000,2977,0.093031,131072,2875,0.021935,0,0,2
367,host-12,3,0,14,3,0,0,0.099625,0,32000,3188,0.099625,131072,1882,0.014359,0,0,3
367,host-13,2,0,14,2,0,0,0.101750,0,32000,3256,0.101750,131072,3116,0.023773,0,0,2
367,host-14,3,1,14,3,1,0,0.099062,0,32000,3170,0.099062,131072,2665,0.020332,1,0,2
367,host-15,2,1,14,2,1,0,0.078875,0,32000,2524,0.078875,131072,3789,0.028908,0,1,1
367,host-16,1,0,14,1,0,0,0.081187,0,32000,2598,0.081187,131072,2473,0.018867,0,0,1
367,host-17,2,0,14,2,0,0,0.079750,0,32000,2552,0.079750,131072,2443,0.018639,0,0,2
367,host-18,2,0,14,2,0,0,0.117031,0,32000,3745,0.117031,131072,4818,0.036758,0,0,2
367,host-19,2,0,14,2,0,0,0.087656,0,32000,2805,0.087656,131072,3621,0.027626,0,0,2
367,host-2,2,1,14,2,1,0,0.096906,0,32000,3101,0.096906,131072,2770,0.021133,1,0,1
367,host-20,2,0,14,2,0,0,0.117344,0,32000,3755,0.117344,131072,3890,0.029678,0,0,2
367,host-21,2,0,14,2,0,0,0.105000,0,32000,3360,0.105000,131072,3030,0.023117,0,0,2
367,host-22,2,1,14,2,1,0,0.121875,0,32000,3900,0.121875,131072,3368,0.025696,1,0,1
367,host-23,2,1,14,2,1,0,0.123594,0,32000,3955,0.123594,131072,4190,0.031967,1,0,1
367,host-24,3,0,14,3,0,0,0.103438,0,32000,3310,0.103438,131072,2859,0.021812,0,0,3
367,host-3,2,0,14,2,0,0,0.087500,0,32000,2800,0.087500,131072,3306,0.025223,0,0,2
367,host-4,3,0,14,3,0,0,0.103969,0,32000,3327,0.103969,131072,2248,0.017151,0,0,3
367,host-5,2,0,14,2,0,0,0.097750,0,32000,3128,0.097750,131072,3197,0.024391,0,0,2
367,host-6,2,0,14,2,0,0,0.125969,0,32000,4031,0.125969,131072,3817,0.029121,0,0,2
367,host-7,2,0,14,2,0,0,0.078969,0,32000,2527,0.078969,131072,1662,0.012680,0,0,2
367,host-8,3,1,14,3,1,0,0.128312,0,32000,4106,0.128312,131072,3765,0.028725,1,0,2
367,host-9,2,0,14,2,0,0,0.108906,0,32000,3485,0.108906,131072,2982,0.022751,0,0,2
368,host-1,2,1,14,2,1,0,0.130594,0,32000,4179,0.130594,131072,3165,0.024147,0,1,1
368,host-10,2,0,14,2,0,0,0.087938,0,32000,2814,0.087938,131072,2099,0.016014,0,0,2
368,host-11,2,0,14,2,0,0,0.093031,0,32000,2977,0.093031,131072,2875,0.021935,0,0,2
368,host-12,3,0,14,3,0,0,0.099625,0,32000,3188,0.099625,131072,1882,0.014359,0,0,3
368,host-13,2,0,14,2,0,0,0.101750,0,32000,3256,0.101750,131072,3116,0.023773,0,0,2
368,host-14,3,0,14,3,0,0,0.099062,0,32000,3170,0.099062,131072,2665,0.020332,0,0,3
368,host-15,3,1,14,3,1,0,0.129375,0,32000,4140,0.129375,131072,5356,0.040863,0,1,2
368,host-16,1,0,14,1,0,0,0.081187,0,32000,2598,0.081187,131072,2473,0.018867,0,0,1
368,host-17,2,0,14,2,0,0,0.079750,0,32000,2552,0.079750,131072,2443,0.018639,0,0,2
368,host-18,2,0,14,2,0,0,0.117031,0,32000,3745,0.117031,131072,4818,0.036758,0,0,2
368,host-19,2,0,14,2,0,0,0.087656,0,32000,2805,0.087656,131072,3621,0.027626,0,0,2
368,host-2,2,0,14,2,0,0,0.096906,0,32000,3101,0.096906,131072,2770,0.021133,0,0,2
368,host-20,2,0,14,2,0,0,0.117344,0,32000,3755,0.117344,131072,3890,0.029678,0,0,2
368,host-21,2,0,14,2,0,0,0.105000,0,32000,3360,0.105000,131072,3030,0.023117,0,0,2
368,host-22,2,0,14,2,0,0,0.121875,0,32000,3900,0.121875,131072,3368,0.025696,0,0,2
368,host-23,2,0,14,2,0,0,0.123594,0,32000,3955,0.123594,131072,4190,0.031967,0,0,2
368,host-24,3,0,14,3,0,0,0.103438,0,32000,3310,0.103438,131072,2859,0.021812,0,0,3
368,host-3,2,0,14,2,0,0,0.087500,0,32000,2800,0.087500,131072,3306,0.025223,0,0,2
368,host-4,3,0,14,3,0,0,0.103969,0,32000,3327,0.103969,131072,2248,0.017151,0,0,3
368,host-5,2,0,14,2,0,0,0.097750,0,32000,3128,0.097750,131072,3197,0.024391,0,0,2
368,host-6,2,0,14,2,0,0,0.125969,0,32000,4031,0.125969,131072,3817,0.029121,0,0,2
368,host-7,2,0,14,2,0,0,0.078969,0,32000,2527,0.078969,131072,1662,0.012680,0,0,2
368,host-8,3,1,14,3,1,0,0.128312,0,32000,4106,0.128312,131072,3765,0.028725,1,0,2
368,host-9,2,0,14,2,0,0,0.108906,0,32000,3485,0.108906,131072,2982,0.022751,0,0,2
369,host-1,2,0,14,2,0,0,0.130594,0,32000,4179,0.130594,131072,3165,0.024147,0,0,2
369,host-10,2,0,14,2,0,0,0.087938,0,32000,2814,0.087938,131072,2099,0.016014,0,0,2
369,host-11,2,0,14,2,0,0,0.093031,0,32000,2977,0.093031,131072,2875,0.021935,0,0,2
369,host-12,3,0,14,3,0,0,0.099625,0,32000,3188,0.099625,131072,1882,0.014359,0,0,3
369,host-13,2,0,14,2,0,0,0.101750,0,32000,3256,0.101750,131072,3116,0.023773,0,0,2
369,host-14,3,0,14,3,0,0,0.099062,0,32000,3170,0.099062,131072,2665,0.020332,0,0,3
369,host-15,3,0,14,3,0,0,0.129375,0,32000,4140,0.129375,131072,5356,0.040863,0,0,3
369,host-16,1,0,14,1,0,0,0.081187,0,32000,2598,0.081187,131072,2473,0.018867,0,0,1
369,host-17,3,1,14,3,1,0,0.153875,0,32000,4924,0.153875,131072,4820,0.036774,1,0,2
369,host-18,2,0,14,2,0,0,0.117031,0,32000,3745,0.117031,131072,4818,0.036758,0,0,2
369,host-19,2,0,14,2,0,0,0.087656,0,32000,2805,0.087656,131072,3621,0.027626,0,0,2
369,host-2,2,0,14,2,0,0,0.096906,0,32000,3101,0.096906,131072,2770,0.021133,0,0,2
369,host-20,2,0,14,2,0,0,0.117344,0,32000,3755,0.117344,131072,3890,0.029678,0,0,2
369,host-21,2,1,14,2,1,0,0.090313,0,32000,2890,0.090313,131072,1790,0.013657,1,0,1
369,host-22,2,0,14,2,0,0,0.121875,0,32000,3900,0.121875,131072,3368,0.025696,0,0,2
369,host-23,2,0,14,2,0,0,0.123594,0,32000,3955,0.123594,131072,4190,0.031967,0,0,2
369,host-24,2,0,14,2,0,0,0.065219,0,32000,2087,0.065219,131072,1435,0.010948,0,0,2
369,host-3,2,0,14,2,0,0,0.087500,0,32000,2800,0.087500,131072,3306,0.025223,0,0,2
369,host-4,3,0,14,3,0,0,0.103969,0,32000,3327,0.103969,131072,2248,0.017151,0,0,3
369,host-5,2,0,14,2,0,0,0.097750,0,32000,3128,0.097750,131072,3197,0.024391,0,0,2
369,host-6,2,0,14,2,0,0,0.125969,0,32000,4031,0.125969,131072,3817,0.029121,0,0,2
369,host-7,3,1,14,3,1,0,0.149750,0,32000,4792,0.149750,131072,3976,0.030334,1,0,2
369,host-8,3,0,14,3,0,0,0.128312,0,32000,4106,0.128312,131072,3765,0.028725,0,0,3
369,host-9,2,0,14,2,0,0,0.108906,0,32000,3485,0.108906,131072,2982,0.022751,0,0,2
370,host-1,2,0,14,2,0,0,0.130594,0,32000,4179,0.130594,131072,3165,0.024147,0,0,2
370,host-10,2,0,14,2,0,0,0.087938,0,32000,2814,0.087938,131072,2099,0.016014,0,0,2
370,host-11,2,0,14,2,0,0,0.093031,0,32000,2977,0.093031,131072,2875,0.021935,0,0,2
370,host-12,3,0,14,3,0,0,0.099625,0,32000,3188,0.099625,131072,1882,0.014359,0,0,3
370,host-13,2,0,14,2,0,0,0.101750,0,32000,3256,0.101750,131072,3116,0.023773,0,0,2
370,host-14,3,0,14,3,0,0,0.099062,0,32000,3170,0.099062,131072,2665,0.020332,0,0,3
370,host-15,3,0,14,3,0,0,0.129375,0,32000,4140,0.129375,131072,5356,0.040863,0,0,3
370,host-16,1,0,14,1,0,0,0.081187,0,32000,2598,0.081187,131072,2473,0.018867,0,0,1
370,host-17,3,1,14,3,1,0,0.153875,0,32000,4924,0.153875,131072,4820,0.036774,0,1,2
370,host-18,2,0,14,2,0,0,0.117031,0,32000,3745,0.117031,131072,4818,0.036758,0,0,2
370,host-19,2,0,14,2,0,0,0.087656,0,32000,2805,0.087656,131072,3621,0.027626,0,0,2
370,host-2,2,0,14,2,0,0,0.096906,0,32000,3101,0.096906,131072,2770,0.021133,0,0,2
370,host-20,2,0,14,2,0,0,0.117344,0,32000,3755,0.117344,131072,3890,0.029678,0,0,2
370,host-21,2,0,14,2,0,0,0.090313,0,32000,2890,0.090313,131072,1790,0.013657,0,0,2
370,host-22,2,0,14,2,0,0,0.121875,0,32000,3900,0.121875,131072,3368,0.025696,0,0,2
370,host-23,2,0,14,2,0,0,0.123594,0,32000,3955,0.123594,131072,4190,0.031967,0,0,2
370,host-24,3,1,14,3,1,0,0.093969,0,32000,3007,0.093969,131072,2632,0.020081,1,0,2
370,host-3,2,0,14,2,0,0,0.087500,0,32000,2800,0.087500,131072,3306,0.025223,0,0,2
370,host-4,3,0,14,3,0,0,0.103969,0,32000,3327,0.103969,131072,2248,0.017151,0,0,3
370,host-5,2,0,14,2,0,0,0.097750,0,32000,3128,0.097750,131072,3197,0.024391,0,0,2
370,host-6,1,0,14,1,0,0,0.054562,0,32000,1746,0.054562,131072,1249,0.009529,0,0,1
370,host-7,3,0,14,3,0,0,0.149750,0,32000,4792,0.149750,131072,3976,0.030334,0,0,3
370,host-8,3,0,14,3,0,0,0.128312,0,32000,4106,0.128312,131072,3765,0.028725,0,0,3
370,host-9,2,0,14,2,0,0,0.108906,0,32000,3485,0.108906,131072,2982,0.022751,0,0,2
371,host-1,2,0,14,2,0,0,0.130594,0,32000,4179,0.130594,131072,3165,0.024147,0,0,2
371,host-10,2,0,14,2,0,0,0.087938,0,32000,2814,0.087938,131072,2099,0.016014,0,0,2
371,host-11,2,0,14,2,0,0,0.093031,0,32000,2977,0.093031,131072,2875,0.021935,0,0,2
371,host-12,3,0,14,3,0,0,0.099625,0,32000,3188,0.099625,131072,1882,0.014359,0,0,3
371,host-13,2,0,14,2,0,0,0.101750,0,32000,3256,0.101750,131072,3116,0.023773,0,0,2
371,host-14,3,0,14,3,0,0,0.099062,0,32000,3170,0.099062,131072,2665,0.020332,0,0,3
371,host-15,3,0,14,3,0,0,0.129375,0,32000,4140,0.129375,131072,5356,0.040863,0,0,3
371,host-16,1,0,14,1,0,0,0.081187,0,32000,2598,0.081187,131072,2473,0.018867,0,0,1
371,host-17,3,0,14,3,0,0,0.153875,0,32000,4924,0.153875,131072,4820,0.036774,0,0,3
371,host-18,2,0,14,2,0,0,0.117031,0,32000,3745,0.117031,131072,4818,0.036758,0,0,2
371,host-19,2,0,14,2,0,0,0.087656,0,32000,2805,0.087656,131072,3621,0.027626,0,0,2
371,host-2,2,0,14,2,0,0,0.096906,0,32000,3101,0.096906,131072,2770,0.021133,0,0,2
371,host-20,2,0,14,2,0,0,0.117344,0,32000,3755,0.117344,131072,3890,0.029678,0,0,2
371,host-21,2,0,14,2,0,0,0.090313,0,32000,2890,0.090313,131072,1790,0.013657,0,0,2
371,host-22,2,0,14,2,0,0,0.121875,0,32000,3900,0.121875,131072,3368,0.025696,0,0,2
371,host-23,2,0,14,2,0,0,0.123594,0,32000,3955,0.123594,131072,4190,0.031967,0,0,2
371,host-24,3,1,14,3,1,0,0.093969,0,32000,3007,0.093969,131072,2632,0.020081,1,0,2
371,host-3,2,0,14,2,0,0,0.087500,0,32000,2800,0.087500,131072,3306,0.025223,0,0,2
371,host-4,3,0,14,3,0,0,0.103969,0,32000,3327,0.103969,131072,2248,0.017151,0,0,3
371,host-5,2,0,14,2,0,0,0.097750,0,32000,3128,0.097750,131072,3197,0.024391,0,0,2
371,host-6,1,0,14,1,0,0,0.054562,0,32000,1746,0.054562,131072,1249,0.009529,0,0,1
371,host-7,3,0,14,3,0,0,0.149750,0,32000,4792,0.149750,131072,3976,0.030334,0,0,3
371,host-8,3,0,14,3,0,0,0.128312,0,32000,4106,0.128312,131072,3765,0.028725,0,0,3
371,host-9,2,0,14,2,0,0,0.108906,0,32000,3485,0.108906,131072,2982,0.022751,0,0,2
372,host-1,2,0,14,2,0,0,0.130594,0,32000,4179,0.130594,131072,3165,0.024147,0,0,2
372,host-10,2,0,14,2,0,0,0.087938,0,32000,2814,0.087938,131072,2099,0.016014,0,0,2
372,host-11,2,0,14,2,0,0,0.093031,0,32000,2977,0.093031,131072,2875,0.021935,0,0,2
372,host-12,3,0,14,3,0,0,0.099625,0,32000,3188,0.099625,131072,1882,0.014359,0,0,3
372,host-13,2,0,14,2,0,0,0.101750,0,32000,3256,0.101750,131072,3116,0.023773,0,0,2
372,host-14,3,0,14,3,0,0,0.099062,0,32000,3170,0.099062,131072,2665,0.020332,0,0,3
372,host-15,3,0,14,3,0,0,0.129375,0,32000,4140,0.129375,131072,5356,0.040863,0,0,3
372,host-16,2,1,14,2,1,0,0.112656,0,32000,3605,0.112656,131072,3181,0.024269,1,0,1
372,host-17,3,0,14,3,0,0,0.153875,0,32000,4924,0.153875,131072,4820,0.036774,0,0,3
372,host-18,2,0,14,2,0,0,0.117031,0,32000,3745,0.117031,131072,4818,0.036758,0,0,2
372,host-19,3,1,14,3,1,0,0.150844,0,32000,4827,0.150844,131072,5890,0.044937,1,0,2
372,host-2,2,0,14,2,0,0,0.096906,0,32000,3101,0.096906,131072,2770,0.021133,0,0,2
372,host-20,2,0,14,2,0,0,0.117344,0,32000,3755,0.117344,131072,3890,0.029678,0,0,2
372,host-21,2,0,14,2,0,0,0.090313,0,32000,2890,0.090313,131072,1790,0.013657,0,0,2
372,host-22,2,0,14,2,0,0,0.121875,0,32000,3900,0.121875,131072,3368,0.025696,0,0,2
372,host-23,2,0,14,2,0,0,0.123594,0,32000,3955,0.123594,131072,4190,0.031967,0,0,2
372,host-24,3,0,14,3,0,0,0.093969,0,32000,3007,0.093969,131072,2632,0.020081,0,0,3
372,host-3,3,1,14,3,1,0,0.121844,0,32000,3899,0.121844,131072,4199,0.032036,1,0,2
372,host-4,3,0,14,3,0,0,0.103969,0,32000,3327,0.103969,131072,2248,0.017151,0,0,3
372,host-5,2,0,14,2,0,0,0.097750,0,32000,3128,0.097750,131072,3197,0.024391,0,0,2
372,host-6,2,1,14,2,1,0,0.109594,0,32000,3507,0.109594,131072,2516,0.019196,1,0,1
372,host-7,3,0,14,3,0,0,0.149750,0,32000,4792,0.149750,131072,3976,0.030334,0,0,3
372,host-8,3,0,14,3,0,0,0.128312,0,32000,4106,0.128312,131072,3765,0.028725,0,0,3
372,host-9,2,0,14,2,0,0,0.108906,0,32000,3485,0.108906,131072,2982,0.022751,0,0,2
373,host-1,2,0,14,2,0,0,0.130594,0,32000,4179,0.130594,131072,3165,0.024147,0,0,2
373,host-10,2,0,14,2,0,0,0.087938,0,32000,2814,0.087938,131072,2099,0.016014,0,0,2
373,host-11,2,0,14,2,0,0,0.093031,0,32000,2977,0.093031,131072,2875,0.021935,0,0,2
373,host-12,3,0,14,3,0,0,0.099625,0,32000,3188,0.099625,131072,1882,0.014359,0,0,3
373,host-13,2,0,14,2,0,0,0.101750,0,32000,3256,0.101750,131072,3116,0.023773,0,0,2
373,host-14,3,0,14,3,0,0,0.099062,0,32000,3170,0.099062,131072,2665,0.020332,0,0,3
373,host-15,3,0,14,3,0,0,0.129375,0,32000,4140,0.129375,131072,5356,0.040863,0,0,3
373,host-16,2,1,14,2,1,0,0.112656,0,32000,3605,0.112656,131072,3181,0.024269,0,1,1
373,host-17,3,0,14,3,0,0,0.153875,0,32000,4924,0.153875,131072,4820,0.036774,0,0,3
373,host-18,2,0,14,2,0,0,0.117031,0,32000,3745,0.117031,131072,4818,0.036758,0,0,2
373,host-19,3,0,14,3,0,0,0.150844,0,32000,4827,0.150844,131072,5890,0.044937,0,0,3
373,host-2,2,0,14,2,0,0,0.096906,0,32000,3101,0.096906,131072,2770,0.021133,0,0,2
373,host-20,2,0,14,2,0,0,0.117344,0,32000,3755,0.117344,131072,3890,0.029678,0,0,2
373,host-21,2,0,14,2,0,0,0.090313,0,32000,2890,0.090313,131072,1790,0.013657,0,0,2
373,host-22,1,0,14,1,0,0,0.044656,0,32000,1429,0.044656,131072,1070,0.008163,0,0,1
373,host-23,2,0,14,2,0,0,0.123594,0,32000,3955,0.123594,131072,4190,0.031967,0,0,2
373,host-24,3,0,14,3,0,0,0.093969,0,32000,3007,0.093969,131072,2632,0.020081,0,0,3
373,host-3,3,0,14,3,0,0,0.121844,0,32000,3899,0.121844,131072,4199,0.032036,0,0,3
373,host-4,2,0,14,2,0,0,0.076719,0,32000,2455,0.076719,131072,1376,0.010498,0,0,2
373,host-5,2,0,14,2,0,0,0.097750,0,32000,3128,0.097750,131072,3197,0.024391,0,0,2
373,host-6,2,0,14,2,0,0,0.109594,0,32000,3507,0.109594,131072,2516,0.019196,0,0,2
373,host-7,2,0,14,2,0,0,0.105969,0,32000,3391,0.105969,131072,3230,0.024643,0,0,2
373,host-8,3,0,14,3,0,0,0.128312,0,32000,4106,0.128312,131072,3765,0.028725,0,0,3
373,host-9,2,0,14,2,0,0,0.108906,0,32000,3485,0.108906,131072,2982,0.022751,0,0,2
374,host-1,2,0,14,2,0,0,0.130594,0,32000,4179,0.130594,131072,3165,0.024147,0,0,2
374,host-10,2,0,14,2,0,0,0.087938,0,32000,2814,0.087938,131072,2099,0.016014,0,0,2
374,host-11,2,0,14,2,0,0,0.093031,0,32000,2977,0.093031,131072,2875,0.021935,0,0,2
374,host-12,2,0,14,2,0,0,0.059625,0,32000,1908,0.059625,131072,1282,0.009781,0,0,2
374,host-13,1,0,14,1,0,0,0.050937,0,32000,1630,0.050937,131072,1533,0.011696,0,0,1
374,host-14,3,0,14,3,0,0,0.099062,0,32000,3170,0.099062,131072,2665,0.020332,0,0,3
374,host-15,3,0,14,3,0,0,0.129375,0,32000,4140,0.129375,131072,5356,0.040863,0,0,3
374,host-16,2,0,14,2,0,0,0.112656,0,32000,3605,0.112656,131072,3181,0.024269,0,0,2
374,host-17,3,0,14,3,0,0,0.153875,0,32000,4924,0.153875,131072,4820,0.036774,0,0,3
374,host-18,2,0,14,2,0,0,0.117031,0,32000,3745,0.117031,131072,4818,0.036758,0,0,2
374,host-19,3,0,14,3,0,0,0.150844,0,32000,4827,0.150844,131072,5890,0.044937,0,0,3
374,host-2,2,0,14,2,0,0,0.096906,0,32000,3101,0.096906,131072,2770,0.021133,0,0,2
374,host-20,2,0,14,2,0,0,0.117344,0,32000,3755,0.117344,131072,3890,0.029678,0,0,2
374,host-21,2,0,14,2,0,0,0.090313,0,32000,2890,0.090313,131072,1790,0.013657,0,0,2
374,host-22,1,0,14,1,0,0,0.044656,0,32000,1429,0.044656,131072,1070,0.008163,0,0,1
374,host-23,2,0,14,2,0,0,0.123594,0,32000,3955,0.123594,131072,4190,0.031967,0,0,2
374,host-24,2,0,14,2,0,0,0.055625,0,32000,1780,0.055625,131072,1728,0.013184,0,0,2
374,host-3,3,0,14,3,0,0,0.121844,0,32000,3899,0.121844,131072,4199,0.032036,0,0,3
374,host-4,2,0,14,2,0,0,0.076719,0,32000,2455,0.076719,131072,1376,0.010498,0,0,2
374,host-5,1,0,14,1,0,0,0.045187,0,32000,1446,0.045187,131072,1444,0.011017,0,0,1
374,host-6,2,0,14,2,0,0,0.109594,0,32000,3507,0.109594,131072,2516,0.019196,0,0,2
374,host-7,2,0,14,2,0,0,0.105969,0,32000,3391,0.105969,131072,3230,0.024643,0,0,2
374,host-8,3,0,14,3,0,0,0.128312,0,32000,4106,0.128312,131072,3765,0.028725,0,0,3
374,host-9,2,0,14,2,0,0,0.108906,0,32000,3485,0.108906,131072,2982,0.022751,0,0,2
375,host-1,2,0,14,2,0,0,0.130594,0,32000,4179,0.130594,131072,3165,0.024147,0,0,2
375,host-10,2,0,14,2,0,0,0.087938,0,32000,2814,0.087938,131072,2099,0.016014,0,0,2
375,host-11,2,0,14,2,0,0,0.093031,0,32000,2977,0.093031,131072,2875,0.021935,0,0,2
375,host-12,2,0,14,2,0,0,0.059625,0,32000,1908,0.059625,131072,1282,0.009781,0,0,2
375,host-13,1,0,14,1,0,0,0.050937,0,32000,1630,0.050937,131072,1533,0.011696,0,0,1
375,host-14,3,0,14,3,0,0,0.099062,0,32000,3170,0.099062,131072,2665,0.020332,0,0,3
375,host-15,3,0,14,3,0,0,0.129375,0,32000,4140,0.129375,131072,5356,0.040863,0,0,3
375,host-16,2,0,14,2,0,0,0.112656,0,32000,3605,0.112656,131072,3181,0.024269,0,0,2
375,host-17,2,0,14,2,0,0,0.117406,0,32000,3757,0.117406,131072,3455,0.026360,0,0,2
375,host-18,2,0,14,2,0,0,0.117031,0,32000,3745,0.117031,131072,4818,0.036758,0,0,2
375,host-19,2,0,14,2,0,0,0.092750,0,32000,2968,0.092750,131072,3284,0.025055,0,0,2
375,host-2,2,0,14,2,0,0,0.096906,0,32000,3101,0.096906,131072,2770,0.021133,0,0,2
375,host-20,1,0,14,1,0,0,0.071875,0,32000,2300,0.071875,131072,2487,0.018974,0,0,1
375,host-21,2,0,14,2,0,0,0.090313,0,32000,2890,0.090313,131072,1790,0.013657,0,0,2
375,host-22,1,0,14,1,0,0,0.044656,0,32000,1429,0.044656,131072,1070,0.008163,0,0,1
375,host-23,2,0,14,2,0,0,0.123594,0,32000,3955,0.123594,131072,4190,0.031967,0,0,2
375,host-24,2,0,14,2,0,0,0.055625,0,32000,1780,0.055625,131072,1728,0.013184,0,0,2
375,host-3,3,0,14,3,0,0,0.121844,0,32000,3899,0.121844,131072,4199,0.032036,0,0,3
375,host-4,2,0,14,2,0,0,0.076719,0,32000,2455,0.076719,131072,1376,0.010498,0,0,2
375,host-5,1,0,14,1,0,0,0.045187,0,32000,1446,0.045187,131072,1444,0.011017,0,0,1
375,host-6,2,0,14,2,0,0,0.109594,0,32000,3507,0.109594,131072,2516,0.019196,0,0,2
375,host-7,2,0,14,2,0,0,0.105969,0,32000,3391,0.105969,131072,3230,0.024643,0,0,2
375,host-8,3,0,14,3,0,0,0.128312,0,32000,4106,0.128312,131072,3765,0.028725,0,0,3
375,host-9,2,0,14,2,0,0,0.108906,0,32000,3485,0.108906,131072,2982,0.022751,0,0,2
376,host-1,2,0,14,2,0,0,0.130594,0,32000,4179,0.130594,131072,3165,0.024147,0,0,2
376,host-10,2,0,14,2,0,0,0.087938,0,32000,2814,0.087938,131072,2099,0.016014,0,0,2
376,host-11,2,0,14,2,0,0,0.093031,0,32000,2977,0.093031,131072,2875,0.021935,0,0,2
376,host-12,2,0,14,2,0,0,0.059625,0,32000,1908,0.059625,131072,1282,0.009781,0,0,2
376,host-13,1,0,14,1,0,0,0.050937,0,32000,1630,0.050937,131072,1533,0.011696,0,0,1
376,host-14,3,0,14,3,0,0,0.099062,0,32000,3170,0.099062,131072,2665,0.020332,0,0,3
376,host-15,3,0,14,3,0,0,0.129375,0,32000,4140,0.129375,131072,5356,0.040863,0,0,3
376,host-16,2,0,14,2,0,0,0.112656,0,32000,3605,0.112656,131072,3181,0.024269,0,0,2
376,host-17,2,0,14,2,0,0,0.117406,0,32000,3757,0.117406,131072,3455,0.026360,0,0,2
376,host-18,2,0,14,2,0,0,0.117031,0,32000,3745,0.117031,131072,4818,0.036758,0,0,2
376,host-19,2,0,14,2,0,0,0.092750,0,32000,2968,0.092750,131072,3284,0.025055,0,0,2
376,host-2,2,0,14,2,0,0,0.096906,0,32000,3101,0.096906,131072,2770,0.021133,0,0,2
376,host-20,1,0,14,1,0,0,0.071875,0,32000,2300,0.071875,131072,2487,0.018974,0,0,1
376,host-21,2,0,14,2,0,0,0.090313,0,32000,2890,0.090313,131072,1790,0.013657,0,0,2
376,host-22,1,0,14,1,0,0,0.044656,0,32000,1429,0.044656,131072,1070,0.008163,0,0,1
376,host-23,2,0,14,2,0,0,0.123594,0,32000,3955,0.123594,131072,4190,0.031967,0,0,2
376,host-24,2,0,14,2,0,0,0.055625,0,32000,1780,0.055625,131072,1728,0.013184,0,0,2
376,host-3,3,0,14,3,0,0,0.121844,0,32000,3899,0.121844,131072,4199,0.032036,0,0,3
376,host-4,2,0,14,2,0,0,0.076719,0,32000,2455,0.076719,131072,1376,0.010498,0,0,2
376,host-5,1,0,14,1,0,0,0.045187,0,32000,1446,0.045187,131072,1444,0.011017,0,0,1
376,host-6,2,0,14,2,0,0,0.109594,0,32000,3507,0.109594,131072,2516,0.019196,0,0,2
376,host-7,2,0,14,2,0,0,0.105969,0,32000,3391,0.105969,131072,3230,0.024643,0,0,2
376,host-8,3,0,14,3,0,0,0.128312,0,32000,4106,0.128312,131072,3765,0.028725,0,0,3
376,host-9,2,0,14,2,0,0,0.108906,0,32000,3485,0.108906,131072,2982,0.022751,0,0,2
377,host-1,2,0,14,2,0,0,0.130594,0,32000,4179,0.130594,131072,3165,0.024147,0,0,2
377,host-10,2,0,14,2,0,0,0.087938,0,32000,2814,0.087938,131072,2099,0.016014,0,0,2
377,host-11,2,0,14,2,0,0,0.093031,0,32000,2977,0.093031,131072,2875,0.021935,0,0,2
377,host-12,1,0,14,1,0,0,0.029812,0,32000,954,0.029812,131072,641,0.004890,0,0,1
377,host-13,1,0,14,1,0,0,0.050937,0,32000,1630,0.050937,131072,1533,0.011696,0,0,1
377,host-14,3,0,14,3,0,0,0.099062,0,32000,3170,0.099062,131072,2665,0.020332,0,0,3
377,host-15,3,0,14,3,0,0,0.129375,0,32000,4140,0.129375,131072,5356,0.040863,0,0,3
377,host-16,2,0,14,2,0,0,0.112656,0,32000,3605,0.112656,131072,3181,0.024269,0,0,2
377,host-17,2,0,14,2,0,0,0.117406,0,32000,3757,0.117406,131072,3455,0.026360,0,0,2
377,host-18,2,0,14,2,0,0,0.117031,0,32000,3745,0.117031,131072,4818,0.036758,0,0,2
377,host-19,2,0,14,2,0,0,0.092750,0,32000,2968,0.092750,131072,3284,0.025055,0,0,2
377,host-2,2,0,14,2,0,0,0.096906,0,32000,3101,0.096906,131072,2770,0.021133,0,0,2
377,host-20,0,0,14,0,0,0,0.000000,0,32000,0,0.000000,131072,0,0.000000,0,0,0
377,host-21,2,0,14,2,0,0,0.090313,0,32000,2890,0.090313,131072,1790,0.013657,0,0,2
377,host-22,2,1,14,2,1,0,0.115750,0,32000,3704,0.115750,131072,3384,0.025818,1,0,1
377,host-23,2,0,14,2,0,0,0.123594,0,32000,3955,0.123594,131072,4190,0.031967,0,0,2
377,host-24,2,0,14,2,0,0,0.055625,0,32000,1780,0.055625,131072,1728,0.013184,0,0,2
377,host-3,3,0,14,3,0,0,0.121844,0,32000,3899,0.121844,131072,4199,0.032036,0,0,3
377,host-4,2,0,14,2,0,0,0.076719,0,32000,2455,0.076719,131072,1376,0.010498,0,0,2
377,host-5,1,0,14,1,0,0,0.045187,0,32000,1446,0.045187,131072,1444,0.011017,0,0,1
377,host-6,2,0,14,2,0,0,0.109594,0,32000,3507,0.109594,131072,2516,0.019196,0,0,2
377,host-7,2,0,14,2,0,0,0.105969,0,32000,3391,0.105969,131072,3230,0.024643,0,0,2
377,host-8,3,0,14,3,0,0,0.128312,0,32000,4106,0.128312,131072,3765,0.028725,0,0,3
377,host-9,2,0,14,2,0,0,0.108906,0,32000,3485,0.108906,131072,2982,0.022751,0,0,2
378,host-1,2,0,14,2,0,0,0.130594,0,32000,4179,0.130594,131072,3165,0.024147,0,0,2
378,host-10,2,0,14,2,0,0,0.087938,0,32000,2814,0.087938,131072,2099,0.016014,0,0,2
378,host-11,2,0,14,2,0,0,0.093031,0,32000,2977,0.093031,131072,2875,0.021935,0,0,2
378,host-12,2,1,14,2,1,0,0.079437,0,32000,2542,0.079437,131072,1859,0.014183,1,0,1
378,host-13,2,1,14,2,1,0,0.108750,0,32000,3480,0.108750,131072,3406,0.025986,1,0,1
378,host-14,3,0,14,3,0,0,0.099062,0,32000,3170,0.099062,131072,2665,0.020332,0,0,3
378,host-15,3,0,14,3,0,0,0.129375,0,32000,4140,0.129375,131072,5356,0.040863,0,0,3
378,host-16,2,0,14,2,0,0,0.112656,0,32000,3605,0.112656,131072,3181,0.024269,0,0,2
378,host-17,2,0,14,2,0,0,0.117406,0,32000,3757,0.117406,131072,3455,0.026360,0,0,2
378,host-18,2,1,14,2,1,0,0.117031,0,32000,3745,0.117031,131072,4818,0.036758,0,1,1
378,host-19,2,0,14,2,0,0,0.092750,0,32000,2968,0.092750,131072,3284,0.025055,0,0,2
378,host-2,2,0,14,2,0,0,0.096906,0,32000,3101,0.096906,131072,2770,0.021133,0,0,2
378,host-20,2,1,14,2,1,0,0.109625,0,32000,3508,0.109625,131072,3992,0.030457,1,0,1
378,host-21,2,0,14,2,0,0,0.090313,0,32000,2890,0.090313,131072,1790,0.013657,0,0,2
378,host-22,2,1,14,2,1,0,0.115750,0,32000,3704,0.115750,131072,3384,0.025818,0,1,1
378,host-23,2,0,14,2,0,0,0.123594,0,32000,3955,0.123594,131072,4190,0.031967,0,0,2
378,host-24,3,1,14,3,1,0,0.132406,0,32000,4237,0.132406,131072,4514,0.034439,1,0,2
378,host-3,3,0,14,3,0,0,0.121844,0,32000,3899,0.121844,131072,4199,0.032036,0,0,3
378,host-4,2,0,14,2,0,0,0.076719,0,32000,2455,0.076719,131072,1376,0.010498,0,0,2
378,host-5,2,1,14,2,1,0,0.083219,0,32000,2663,0.083219,131072,2085,0.015907,1,0,1
378,host-6,2,0,14,2,0,0,0.109594,0,32000,3507,0.109594,131072,2516,0.019196,0,0,2
378,host-7,2,0,14,2,0,0,0.105969,0,32000,3391,0.105969,131072,3230,0.024643,0,0,2
378,host-8,3,0,14,3,0,0,0.128312,0,32000,4106,0.128312,131072,3765,0.028725,0,0,3
378,host-9,2,0,14,2,0,0,0.108906,0,32000,3485,0.108906,131072,2982,0.022751,0,0,2
379,host-1,2,0,14,2,0,0,0.130594,0,32000,4179,0.130594,131072,3165,0.024147,0,0,2
379,host-10,2,0,14,2,0,0,0.087938,0,32000,2814,0.087938,131072,2099,0.016014,0,0,2
379,host-11,2,0,14,2,0,0,0.093031,0,32000,2977,0.093031,131072,2875,0.021935,0,0,2
379,host-12,2,0,14,2,0,0,0.079437,0,32000,2542,0.079437,131072,1859,0.014183,0,0,2
379,host-13,2,1,14,2,1,0,0.108750,0,32000,3480,0.108750,131072,3406,0.025986,1,0,1
379,host-14,3,0,14,3,0,0,0.099062,0,32000,3170,0.099062,131072,2665,0.020332,0,0,3
379,host-15,3,0,14,3,0,0,0.129375,0,32000,4140,0.129375,131072,5356,0.040863,0,0,3
379,host-16,2,0,14,2,0,0,0.112656,0,32000,3605,0.112656,131072,3181,0.024269,0,0,2
379,host-17,2,0,14,2,0,0,0.117406,0,32000,3757,0.117406,131072,3455,0.026360,0,0,2
379,host-18,2,0,14,2,0,0,0.117031,0,32000,3745,0.117031,131072,4818,0.036758,0,0,2
379,host-19,2,0,14,2,0,0,0.092750,0,32000,2968,0.092750,131072,3284,0.025055,0,0,2
379,host-2,2,1,14,2,1,0,0.096906,0,32000,3101,0.096906,131072,2770,0.021133,0,1,1
379,host-20,2,1,14,2,1,0,0.109625,0,32000,3508,0.109625,131072,3992,0.030457,0,1,1
379,host-21,2,0,14,2,0,0,0.090313,0,32000,2890,0.090313,131072,1790,0.013657,0,0,2
379,host-22,2,0,14,2,0,0,0.115750,0,32000,3704,0.115750,131072,3384,0.025818,0,0,2
379,host-23,2,1,14,2,1,0,0.123594,0,32000,3955,0.123594,131072,4190,0.031967,0,1,1
379,host-24,3,1,14,3,1,0,0.132406,0,32000,4237,0.132406,131072,4514,0.034439,1,0,2
379,host-3,3,0,14,3,0,0,0.121844,0,32000,3899,0.121844,131072,4199,0.032036,0,0,3
379,host-4,2,1,14,2,1,0,0.076719,0,32000,2455,0.076719,131072,1376,0.010498,0,1,1
379,host-5,2,1,14,2,1,0,0.083219,0,32000,2663,0.083219,131072,2085,0.015907,0,1,1
379,host-6,2,0,14,2,0,0,0.109594,0,32000,3507,0.109594,131072,2516,0.019196,0,0,2
379,host-7,2,0,14,2,0,0,0.105969,0,32000,3391,0.105969,131072,3230,0.024643,0,0,2
379,host-8,3,0,14,3,0,0,0.128312,0,32000,4106,0.128312,131072,3765,0.028725,0,0,3
379,host-9,2,0,14,2,0,0,0.108906,0,32000,3485,0.108906,131072,2982,0.022751,0,0,2
380,host-1,2,0,14,2,0,0,0.130594,0,32000,4179,0.130594,131072,3165,0.024147,0,0,2
380,host-10,2,0,14,2,0,0,0.087938,0,32000,2814,0.087938,131072,2099,0.016014,0,0,2
380,host-11,2,0,14,2,0,0,0.093031,0,32000,2977,0.093031,131072,2875,0.021935,0,0,2
380,host-12,3,1,14,3,1,0,0.147563,0,32000,4722,0.147563,131072,4590,0.035019,1,0,2
380,host-13,2,0,14,2,0,0,0.108750,0,32000,3480,0.108750,131072,3406,0.025986,0,0,2
380,host-14,3,0,14,3,0,0,0.099062,0,32000,3170,0.099062,131072,2665,0.020332,0,0,3
380,host-15,3,0,14,3,0,0,0.129375,0,32000,4140,0.129375,131072,5356,0.040863,0,0,3
380,host-16,2,0,14,2,0,0,0.112656,0,32000,3605,0.112656,131072,3181,0.024269,0,0,2
380,host-17,2,0,14,2,0,0,0.117406,0,32000,3757,0.117406,131072,3455,0.026360,0,0,2
380,host-18,2,0,14,2,0,0,0.117031,0,32000,3745,0.117031,131072,4818,0.036758,0,0,2
380,host-19,2,0,14,2,0,0,0.092750,0,32000,2968,0.092750,131072,3284,0.025055,0,0,2
380,host-2,2,0,14,2,0,0,0.096906,0,32000,3101,0.096906,131072,2770,0.021133,0,0,2
380,host-20,2,0,14,2,0,0,0.109625,0,32000,3508,0.109625,131072,3992,0.030457,0,0,2
380,host-21,2,0,14,2,0,0,0.090313,0,32000,2890,0.090313,131072,1790,0.013657,0,0,2
380,host-22,2,0,14,2,0,0,0.115750,0,32000,3704,0.115750,131072,3384,0.025818,0,0,2
380,host-23,2,0,14,2,0,0,0.123594,0,32000,3955,0.123594,131072,4190,0.031967,0,0,2
380,host-24,3,0,14,3,0,0,0.132406,0,32000,4237,0.132406,131072,4514,0.034439,0,0,3
380,host-3,3,0,14,3,0,0,0.121844,0,32000,3899,0.121844,131072,4199,0.032036,0,0,3
380,host-4,3,1,14,3,1,0,0.134531,0,32000,4305,0.134531,131072,3249,0.024788,1,0,2
380,host-5,3,1,14,3,1,0,0.138906,0,32000,4445,0.138906,131072,4187,0.031944,1,0,2
380,host-6,2,0,14,2,0,0,0.109594,0,32000,3507,0.109594,131072,2516,0.019196,0,0,2
380,host-7,2,0,14,2,0,0,0.105969,0,32000,3391,0.105969,131072,3230,0.024643,0,0,2
380,host-8,3,0,14,3,0,0,0.128312,0,32000,4106,0.128312,131072,3765,0.028725,0,0,3
380,host-9,2,0,14,2,0,0,0.108906,0,32000,3485,0.108906,131072,2982,0.022751,0,0,2
381,host-1,2,0,14,2,0,0,0.130594,0,32000,4179,0.130594,131072,3165,0.024147,0,0,2
381,host-10,3,1,14,3,1,0,0.152625,0,32000,4884,0.152625,131072,3742,0.028549,1,0,2
381,host-11,3,1,14,3,1,0,0.122438,0,32000,3918,0.122438,131072,4215,0.032158,1,0,2
381,host-12,3,1,14,3,1,0,0.147563,0,32000,4722,0.147563,131072,4590,0.035019,0,1,2
381,host-13,2,0,14,2,0,0,0.108750,0,32000,3480,0.108750,131072,3406,0.025986,0,0,2
381,host-14,4,1,14,4,1,0,0.149875,0,32000,4796,0.149875,131072,4248,0.032410,1,0,3
381,host-15,3,0,14,3,0,0,0.129375,0,32000,4140,0.129375,131072,5356,0.040863,0,0,3
381,host-16,2,0,14,2,0,0,0.112656,0,32000,3605,0.112656,131072,3181,0.024269,0,0,2
381,host-17,2,0,14,2,0,0,0.117406,0,32000,3757,0.117406,131072,3455,0.026360,0,0,2
381,host-18,2,0,14,2,0,0,0.117031,0,32000,3745,0.117031,131072,4818,0.036758,0,0,2
381,host-19,3,1,14,3,1,0,0.145594,0,32000,4659,0.145594,131072,4636,0.035370,1,0,2
381,host-2,3,1,14,3,1,0,0.130719,0,32000,4183,0.130719,131072,4070,0.031052,1,0,2
381,host-20,2,0,14,2,0,0,0.109625,0,32000,3508,0.109625,131072,3992,0.030457,0,0,2
381,host-21,3,1,14,3,1,0,0.141906,0,32000,4541,0.141906,131072,2968,0.022644,1,0,2
381,host-22,2,0,14,2,0,0,0.115750,0,32000,3704,0.115750,131072,3384,0.025818,0,0,2
381,host-23,2,0,14,2,0,0,0.123594,0,32000,3955,0.123594,131072,4190,0.031967,0,0,2
381,host-24,3,1,14,3,1,0,0.132406,0,32000,4237,0.132406,131072,4514,0.034439,0,1,2
381,host-3,3,0,14,3,0,0,0.121844,0,32000,3899,0.121844,131072,4199,0.032036,0,0,3
381,host-4,3,0,14,3,0,0,0.134531,0,32000,4305,0.134531,131072,3249,0.024788,0,0,3
381,host-5,3,1,14,3,1,0,0.138906,0,32000,4445,0.138906,131072,4187,0.031944,1,0,2
381,host-6,2,0,14,2,0,0,0.109594,0,32000,3507,0.109594,131072,2516,0.019196,0,0,2
381,host-7,3,1,14,3,1,0,0.144313,0,32000,4618,0.144313,131072,4134,0.031540,1,0,2
381,host-8,3,0,14,3,0,0,0.128312,0,32000,4106,0.128312,131072,3765,0.028725,0,0,3
381,host-9,2,0,14,2,0,0,0.108906,0,32000,3485,0.108906,131072,2982,0.022751,0,0,2
382,host-1,2,0,14,2,0,0,0.130594,0,32000,4179,0.130594,131072,3165,0.024147,0,0,2
382,host-10,3,1,14,3,1,0,0.152625,0,32000,4884,0.152625,131072,3742,0.028549,1,0,2
382,host-11,3,1,14,3,1,0,0.122438,0,32000,3918,0.122438,131072,4215,0.032158,1,0,2
382,host-12,3,0,14,3,0,0,0.147563,0,32000,4722,0.147563,131072,4590,0.035019,0,0,3
382,host-13,3,1,14,3,1,0,0.159562,0,32000,5106,0.159562,131072,4989,0.038063,1,0,2
382,host-14,4,1,14,4,1,0,0.149875,0,32000,4796,0.149875,131072,4248,0.032410,1,0,3
382,host-15,3,0,14,3,0,0,0.129375,0,32000,4140,0.129375,131072,5356,0.040863,0,0,3
382,host-16,2,0,14,2,0,0,0.112656,0,32000,3605,0.112656,131072,3181,0.024269,0,0,2
382,host-17,2,0,14,2,0,0,0.117406,0,32000,3757,0.117406,131072,3455,0.026360,0,0,2
382,host-18,2,0,14,2,0,0,0.117031,0,32000,3745,0.117031,131072,4818,0.036758,0,0,2
382,host-19,3,0,14,3,0,0,0.145594,0,32000,4659,0.145594,131072,4636,0.035370,0,0,3
382,host-2,3,1,14,3,1,0,0.130719,0,32000,4183,0.130719,131072,4070,0.031052,1,0,2
382,host-20,2,0,14,2,0,0,0.109625,0,32000,3508,0.109625,131072,3992,0.030457,0,0,2
382,host-21,3,0,14,3,0,0,0.141906,0,32000,4541,0.141906,131072,2968,0.022644,0,0,3
382,host-22,2,0,14,2,0,0,0.115750,0,32000,3704,0.115750,131072,3384,0.025818,0,0,2
382,host-23,2,0,14,2,0,0,0.123594,0,32000,3955,0.123594,131072,4190,0.031967,0,0,2
382,host-24,3,0,14,3,0,0,0.132406,0,32000,4237,0.132406,131072,4514,0.034439,0,0,3
382,host-3,3,0,14,3,0,0,0.121844,0,32000,3899,0.121844,131072,4199,0.032036,0,0,3
382,host-4,3,0,14,3,0,0,0.134531,0,32000,4305,0.134531,131072,3249,0.024788,0,0,3
382,host-5,3,0,14,3,0,0,0.138906,0,32000,4445,0.138906,131072,4187,0.031944,0,0,3
382,host-6,3,1,14,3,1,0,0.147937,0,32000,4734,0.147937,131072,3716,0.028351,1,0,2
382,host-7,3,1,14,3,1,0,0.144313,0,32000,4618,0.144313,131072,4134,0.031540,1,0,2
382,host-8,3,0,14,3,0,0,0.128312,0,32000,4106,0.128312,131072,3765,0.028725,0,0,3
382,host-9,3,1,14,3,1,0,0.173594,0,32000,5555,0.173594,131072,4625,0.035286,1,0,2
383,host-1,2,0,14,2,0,0,0.130594,0,32000,4179,0.130594,131072,3165,0.024147,0,0,2
383,host-10,3,0,14,3,0,0,0.152625,0,32000,4884,0.152625,131072,3742,0.028549,0,0,3
383,host-11,3,0,14,3,0,0,0.122438,0,32000,3918,0.122438,131072,4215,0.032158,0,0,3
383,host-12,3,0,14,3,0,0,0.147563,0,32000,4722,0.147563,131072,4590,0.035019,0,0,3
383,host-13,3,0,14,3,0,0,0.159562,0,32000,5106,0.159562,131072,4989,0.038063,0,0,3
383,host-14,3,0,14,3,0,0,0.123250,0,32000,3944,0.123250,131072,3175,0.024223,0,0,3
383,host-15,3,0,14,3,0,0,0.129375,0,32000,4140,0.129375,131072,5356,0.040863,0,0,3
383,host-16,2,0,14,2,0,0,0.112656,0,32000,3605,0.112656,131072,3181,0.024269,0,0,2
383,host-17,2,0,14,2,0,0,0.117406,0,32000,3757,0.117406,131072,3455,0.026360,0,0,2
383,host-18,2,0,14,2,0,0,0.117031,0,32000,3745,0.117031,131072,4818,0.036758,0,0,2
383,host-19,3,0,14,3,0,0,0.145594,0,32000,4659,0.145594,131072,4636,0.035370,0,0,3
383,host-2,3,0,14,3,0,0,0.130719,0,32000,4183,0.130719,131072,4070,0.031052,0,0,3
383,host-20,2,0,14,2,0,0,0.109625,0,32000,3508,0.109625,131072,3992,0.030457,0,0,2
383,host-21,3,0,14,3,0,0,0.141906,0,32000,4541,0.141906,131072,2968,0.022644,0,0,3
383,host-22,2,0,14,2,0,0,0.115750,0,32000,3704,0.115750,131072,3384,0.025818,0,0,2
383,host-23,2,0,14,2,0,0,0.123594,0,32000,3955,0.123594,131072,4190,0.031967,0,0,2
383,host-24,3,0,14,3,0,0,0.132406,0,32000,4237,0.132406,131072,4514,0.034439,0,0,3
383,host-3,3,0,14,3,0,0,0.121844,0,32000,3899,0.121844,131072,4199,0.032036,0,0,3
383,host-4,3,0,14,3,0,0,0.134531,0,32000,4305,0.134531,131072,3249,0.024788,0,0,3
383,host-5,3,0,14,3,0,0,0.138906,0,32000,4445,0.138906,131072,4187,0.031944,0,0,3
383,host-6,3,1,14,3,1,0,0.147937,0,32000,4734,0.147937,131072,3716,0.028351,1,0,2
383,host-7,3,0,14,3,0,0,0.144313,0,32000,4618,0.144313,131072,4134,0.031540,0,0,3
383,host-8,3,0,14,3,0,0,0.128312,0,32000,4106,0.128312,131072,3765,0.028725,0,0,3
383,host-9,3,1,14,3,1,0,0.173594,0,32000,5555,0.173594,131072,4625,0.035286,0,1,2
384,host-1,2,0,14,2,0,0,0.130594,0,32000,4179,0.130594,131072,3165,0.024147,0,0,2
384,host-10,3,1,14,3,1,0,0.168906,0,32000,5405,0.168906,131072,5092,0.038849,1,0,2
384,host-11,3,1,14,3,1,0,0.122438,0,32000,3918,0.122438,131072,4215,0.032158,0,1,2
384,host-12,3,0,14,3,0,0,0.147563,0,32000,4722,0.147563,131072,4590,0.035019,0,0,3
384,host-13,3,0,14,3,0,0,0.159562,0,32000,5106,0.159562,131072,4989,0.038063,0,0,3
384,host-14,3,0,14,3,0,0,0.123250,0,32000,3944,0.123250,131072,3175,0.024223,0,0,3
384,host-15,3,0,14,3,0,0,0.129375,0,32000,4140,0.129375,131072,5356,0.040863,0,0,3
384,host-16,3,1,14,3,1,0,0.179187,0,32000,5734,0.179187,131072,5402,0.041214,1,0,2
384,host-17,2,0,14,2,0,0,0.117406,0,32000,3757,0.117406,131072,3455,0.026360,0,0,2
384,host-18,2,0,14,2,0,0,0.117031,0,32000,3745,0.117031,131072,4818,0.036758,0,0,2
384,host-19,3,0,14,3,0,0,0.145594,0,32000,4659,0.145594,131072,4636,0.035370,0,0,3
384,host-2,3,0,14,3,0,0,0.130719,0,32000,4183,0.130719,131072,4070,0.031052,0,0,3
384,host-20,3,1,14,3,1,0,0.183406,0,32000,5869,0.183406,131072,6598,0.050339,1,0,2
384,host-21,3,0,14,3,0,0,0.141906,0,32000,4541,0.141906,131072,2968,0.022644,0,0,3
384,host-22,2,0,14,2,0,0,0.115750,0,32000,3704,0.115750,131072,3384,0.025818,0,0,2
384,host-23,2,0,14,2,0,0,0.123594,0,32000,3955,0.123594,131072,4190,0.031967,0,0,2
384,host-24,3,0,14,3,0,0,0.132406,0,32000,4237,0.132406,131072,4514,0.034439,0,0,3
384,host-3,3,0,14,3,0,0,0.121844,0,32000,3899,0.121844,131072,4199,0.032036,0,0,3
384,host-4,3,0,14,3,0,0,0.134531,0,32000,4305,0.134531,131072,3249,0.024788,0,0,3
384,host-5,3,0,14,3,0,0,0.138906,0,32000,4445,0.138906,131072,4187,0.031944,0,0,3
384,host-6,3,0,14,3,0,0,0.147937,0,32000,4734,0.147937,131072,3716,0.028351,0,0,3
384,host-7,3,0,14,3,0,0,0.144313,0,32000,4618,0.144313,131072,4134,0.031540,0,0,3
384,host-8,3,0,14,3,0,0,0.128312,0,32000,4106,0.128312,131072,3765,0.028725,0,0,3
384,host-9,3,0,14,3,0,0,0.173594,0,32000,5555,0.173594,131072,4625,0.035286,0,0,3
385,host-1,2,0,14,2,0,0,0.130594,0,32000,4179,0.130594,131072,3165,0.024147,0,0,2
385,host-10,3,1,14,3,1,0,0.168906,0,32000,5405,0.168906,131072,5092,0.038849,1,0,2
385,host-11,2,0,14,2,0,0,0.073906,0,32000,2365,0.073906,131072,2488,0.018982,0,0,2
385,host-12,3,0,14,3,0,0,0.147563,0,32000,4722,0.147563,131072,4590,0.035019,0,0,3
385,host-13,3,0,14,3,0,0,0.159562,0,32000,5106,0.159562,131072,4989,0.038063,0,0,3
385,host-14,2,0,14,2,0,0,0.095469,0,32000,3055,0.095469,131072,2653,0.020241,0,0,2
385,host-15,3,0,14,3,0,0,0.129375,0,32000,4140,0.129375,131072,5356,0.040863,0,0,3
385,host-16,3,1,14,3,1,0,0.179187,0,32000,5734,0.179187,131072,5402,0.041214,1,0,2
385,host-17,1,0,14,1,0,0,0.074125,0,32000,2372,0.074125,131072,2377,0.018135,0,0,1
385,host-18,2,0,14,2,0,0,0.117031,0,32000,3745,0.117031,131072,4818,0.036758,0,0,2
385,host-19,3,0,14,3,0,0,0.145594,0,32000,4659,0.145594,131072,4636,0.035370,0,0,3
385,host-2,2,0,14,2,0,0,0.082187,0,32000,2630,0.082187,131072,2343,0.017876,0,0,2
385,host-20,3,1,14,3,1,0,0.183406,0,32000,5869,0.183406,131072,6598,0.050339,0,1,2
385,host-21,3,0,14,3,0,0,0.141906,0,32000,4541,0.141906,131072,2968,0.022644,0,0,3
385,host-22,3,1,14,3,1,0,0.177906,0,32000,5693,0.177906,131072,4851,0.037010,1,0,2
385,host-23,2,0,14,2,0,0,0.123594,0,32000,3955,0.123594,131072,4190,0.031967,0,0,2
385,host-24,3,0,14,3,0,0,0.132406,0,32000,4237,0.132406,131072,4514,0.034439,0,0,3
385,host-3,3,0,14,3,0,0,0.121844,0,32000,3899,0.121844,131072,4199,0.032036,0,0,3
385,host-4,3,0,14,3,0,0,0.134531,0,32000,4305,0.134531,131072,3249,0.024788,0,0,3
385,host-5,3,0,14,3,0,0,0.138906,0,32000,4445,0.138906,131072,4187,0.031944,0,0,3
385,host-6,3,0,14,3,0,0,0.147937,0,32000,4734,0.147937,131072,3716,0.028351,0,0,3
385,host-7,3,0,14,3,0,0,0.144313,0,32000,4618,0.144313,131072,4134,0.031540,0,0,3
385,host-8,3,0,14,3,0,0,0.128312,0,32000,4106,0.128312,131072,3765,0.028725,0,0,3
385,host-9,3,0,14,3,0,0,0.173594,0,32000,5555,0.173594,131072,4625,0.035286,0,0,3
386,host-1,2,0,14,2,0,0,0.130594,0,32000,4179,0.130594,131072,3165,0.024147,0,0,2
386,host-10,3,0,14,3,0,0,0.168906,0,32000,5405,0.168906,131072,5092,0.038849,0,0,3
386,host-11,2,0,14,2,0,0,0.073906,0,32000,2365,0.073906,131072,2488,0.018982,0,0,2
386,host-12,3,0,14,3,0,0,0.147563,0,32000,4722,0.147563,131072,4590,0.035019,0,0,3
386,host-13,3,0,14,3,0,0,0.159562,0,32000,5106,0.159562,131072,4989,0.038063,0,0,3
386,host-14,2,0,14,2,0,0,0.095469,0,32000,3055,0.095469,131072,2653,0.020241,0,0,2
386,host-15,2,0,14,2,0,0,0.080906,0,32000,2589,0.080906,131072,3125,0.023842,0,0,2
386,host-16,3,0,14,3,0,0,0.179187,0,32000,5734,0.179187,131072,5402,0.041214,0,0,3
386,host-17,1,0,14,1,0,0,0.074125,0,32000,2372,0.074125,131072,2377,0.018135,0,0,1
386,host-18,2,0,14,2,0,0,0.117031,0,32000,3745,0.117031,131072,4818,0.036758,0,0,2
386,host-19,3,0,14,3,0,0,0.145594,0,32000,4659,0.145594,131072,4636,0.035370,0,0,3
386,host-2,2,0,14,2,0,0,0.082187,0,32000,2630,0.082187,131072,2343,0.017876,0,0,2
386,host-20,3,0,14,3,0,0,0.183406,0,32000,5869,0.183406,131072,6598,0.050339,0,0,3
386,host-21,3,0,14,3,0,0,0.141906,0,32000,4541,0.141906,131072,2968,0.022644,0,0,3
386,host-22,3,1,14,3,1,0,0.177906,0,32000,5693,0.177906,131072,4851,0.037010,0,1,2
386,host-23,2,0,14,2,0,0,0.123594,0,32000,3955,0.123594,131072,4190,0.031967,0,0,2
386,host-24,3,0,14,3,0,0,0.132406,0,32000,4237,0.132406,131072,4514,0.034439,0,0,3
386,host-3,2,0,14,2,0,0,0.060312,0,32000,1930,0.060312,131072,1942,0.014816,0,0,2
386,host-4,3,0,14,3,0,0,0.134531,0,32000,4305,0.134531,131072,3249,0.024788,0,0,3
386,host-5,3,0,14,3,0,0,0.138906,0,32000,4445,0.138906,131072,4187,0.031944,0,0,3
386,host-6,3,0,14,3,0,0,0.147937,0,32000,4734,0.147937,131072,3716,0.028351,0,0,3
386,host-7,2,0,14,2,0,0,0.109125,0,32000,3492,0.109125,131072,3218,0.024551,0,0,2
386,host-8,2,0,14,2,0,0,0.088063,0,32000,2818,0.088063,131072,2482,0.018936,0,0,2
386,host-9,3,0,14,3,0,0,0.173594,0,32000,5555,0.173594,131072,4625,0.035286,0,0,3
387,host-1,2,0,14,2,0,0,0.130594,0,32000,4179,0.130594,131072,3165,0.024147,0,0,2
387,host-10,2,0,14,2,0,0,0.124313,0,32000,3978,0.124313,131072,3867,0.029503,0,0,2
387,host-11,3,1,14,3,1,0,0.109156,0,32000,3493,0.109156,131072,4118,0.031418,1,0,2
387,host-12,3,0,14,3,0,0,0.147563,0,32000,4722,0.147563,131072,4590,0.035019,0,0,3
387,host-13,3,0,14,3,0,0,0.159562,0,32000,5106,0.159562,131072,4989,0.038063,0,0,3
387,host-14,2,0,14,2,0,0,0.095469,0,32000,3055,0.095469,131072,2653,0.020241,0,0,2
387,host-15,3,1,14,3,1,0,0.133844,0,32000,4283,0.133844,131072,5386,0.041092,1,0,2
387,host-16,2,0,14,2,0,0,0.098000,0,32000,3136,0.098000,131072,2929,0.022346,0,0,2
387,host-17,2,1,14,2,1,0,0.139969,0,32000,4479,0.139969,131072,4240,0.032349,1,0,1
387,host-18,2,0,14,2,0,0,0.117031,0,32000,3745,0.117031,131072,4818,0.036758,0,0,2
387,host-19,2,0,14,2,0,0,0.116031,0,32000,3713,0.116031,131072,3621,0.027626,0,0,2
387,host-2,2,0,14,2,0,0,0.082187,0,32000,2630,0.082187,131072,2343,0.017876,0,0,2
387,host-20,3,0,14,3,0,0,0.183406,0,32000,5869,0.183406,131072,6598,0.050339,0,0,3
387,host-21,3,0,14,3,0,0,0.141906,0,32000,4541,0.141906,131072,2968,0.022644,0,0,3
387,host-22,3,0,14,3,0,0,0.177906,0,32000,5693,0.177906,131072,4851,0.037010,0,0,3
387,host-23,2,1,14,2,1,0,0.085531,0,32000,2737,0.085531,131072,2701,0.020607,1,0,1
387,host-24,2,0,14,2,0,0,0.105531,0,32000,3377,0.105531,131072,3983,0.030388,0,0,2
387,host-3,3,1,14,3,1,0,0.113187,0,32000,3622,0.113187,131072,3964,0.030243,1,0,2
387,host-4,3,0,14,3,0,0,0.134531,0,32000,4305,0.134531,131072,3249,0.024788,0,0,3
387,host-5,3,0,14,3,0,0,0.138906,0,32000,4445,0.138906,131072,4187,0.031944,0,0,3
387,host-6,3,0,14,3,0,0,0.147937,0,32000,4734,0.147937,131072,3716,0.028351,0,0,3
387,host-7,2,0,14,2,0,0,0.109125,0,32000,3492,0.109125,131072,3218,0.024551,0,0,2
387,host-8,2,0,14,2,0,0,0.088063,0,32000,2818,0.088063,131072,2482,0.018936,0,0,2
387,host-9,3,0,14,3,0,0,0.173594,0,32000,5555,0.173594,131072,4625,0.035286,0,0,3
388,host-1,2,0,14,2,0,0,0.130594,0,32000,4179,0.130594,131072,3165,0.024147,0,0,2
388,host-10,2,0,14,2,0,0,0.124313,0,32000,3978,0.124313,131072,3867,0.029503,0,0,2
388,host-11,3,1,14,3,1,0,0.109156,0,32000,3493,0.109156,131072,4118,0.031418,1,0,2
388,host-12,3,0,14,3,0,0,0.147563,0,32000,4722,0.147563,131072,4590,0.035019,0,0,3
388,host-13,3,0,14,3,0,0,0.159562,0,32000,5106,0.159562,131072,4989,0.038063,0,0,3
388,host-14,1,0,14,1,0,0,0.050812,0,32000,1626,0.050812,131072,1583,0.012077,0,0,1
388,host-15,3,0,14,3,0,0,0.133844,0,32000,4283,0.133844,131072,5386,0.041092,0,0,3
388,host-16,2,0,14,2,0,0,0.098000,0,32000,3136,0.098000,131072,2929,0.022346,0,0,2
388,host-17,2,1,14,2,1,0,0.139969,0,32000,4479,0.139969,131072,4240,0.032349,1,0,1
388,host-18,2,0,14,2,0,0,0.117031,0,32000,3745,0.117031,131072,4818,0.036758,0,0,2
388,host-19,2,0,14,2,0,0,0.116031,0,32000,3713,0.116031,131072,3621,0.027626,0,0,2
388,host-2,3,1,14,3,1,0,0.106563,0,32000,3410,0.106563,131072,3389,0.025856,1,0,2
388,host-20,3,0,14,3,0,0,0.183406,0,32000,5869,0.183406,131072,6598,0.050339,0,0,3
388,host-21,3,0,14,3,0,0,0.141906,0,32000,4541,0.141906,131072,2968,0.022644,0,0,3
388,host-22,2,0,14,2,0,0,0.133250,0,32000,4264,0.133250,131072,3781,0.028847,0,0,2
388,host-23,2,1,14,2,1,0,0.085531,0,32000,2737,0.085531,131072,2701,0.020607,1,0,1
388,host-24,2,0,14,2,0,0,0.105531,0,32000,3377,0.105531,131072,3983,0.030388,0,0,2
388,host-3,3,1,14,3,1,0,0.113187,0,32000,3622,0.113187,131072,3964,0.030243,0,1,2
388,host-4,3,0,14,3,0,0,0.134531,0,32000,4305,0.134531,131072,3249,0.024788,0,0,3
388,host-5,3,0,14,3,0,0,0.138906,0,32000,4445,0.138906,131072,4187,0.031944,0,0,3
388,host-6,3,0,14,3,0,0,0.147937,0,32000,4734,0.147937,131072,3716,0.028351,0,0,3
388,host-7,2,0,14,2,0,0,0.109125,0,32000,3492,0.109125,131072,3218,0.024551,0,0,2
388,host-8,2,0,14,2,0,0,0.088063,0,32000,2818,0.088063,131072,2482,0.018936,0,0,2
388,host-9,3,0,14,3,0,0,0.173594,0,32000,5555,0.173594,131072,4625,0.035286,0,0,3
389,host-1,1,0,14,1,0,0,0.058344,0,32000,1867,0.058344,131072,1188,0.009064,0,0,1
389,host-10,2,0,14,2,0,0,0.124313,0,32000,3978,0.124313,131072,3867,0.029503,0,0,2
389,host-11,3,0,14,3,0,0,0.109156,0,32000,3493,0.109156,131072,4118,0.031418,0,0,3
389,host-12,3,0,14,3,0,0,0.147563,0,32000,4722,0.147563,131072,4590,0.035019,0,0,3
389,host-13,3,0,14,3,0,0,0.159562,0,32000,5106,0.159562,131072,4989,0.038063,0,0,3
389,host-14,2,1,14,2,1,0,0.116656,0,32000,3733,0.116656,131072,3446,0.026291,1,0,1
389,host-15,2,0,14,2,0,0,0.083344,0,32000,2667,0.083344,131072,3819,0.029137,0,0,2
389,host-16,2,0,14,2,0,0,0.098000,0,32000,3136,0.098000,131072,2929,0.022346,0,0,2
389,host-17,2,0,14,2,0,0,0.139969,0,32000,4479,0.139969,131072,4240,0.032349,0,0,2
389,host-18,2,0,14,2,0,0,0.117031,0,32000,3745,0.117031,131072,4818,0.036758,0,0,2
389,host-19,2,0,14,2,0,0,0.116031,0,32000,3713,0.116031,131072,3621,0.027626,0,0,2
389,host-2,3,0,14,3,0,0,0.106563,0,32000,3410,0.106563,131072,3389,0.025856,0,0,3
389,host-20,3,0,14,3,0,0,0.183406,0,32000,5869,0.183406,131072,6598,0.050339,0,0,3
389,host-21,2,0,14,2,0,0,0.095344,0,32000,3051,0.095344,131072,2282,0.017410,0,0,2
389,host-22,2,0,14,2,0,0,0.133250,0,32000,4264,0.133250,131072,3781,0.028847,0,0,2
389,host-23,3,1,14,3,1,0,0.117062,0,32000,3746,0.117062,131072,4028,0.030731,1,0,2
389,host-24,2,0,14,2,0,0,0.105531,0,32000,3377,0.105531,131072,3983,0.030388,0,0,2
389,host-3,3,0,14,3,0,0,0.113187,0,32000,3622,0.113187,131072,3964,0.030243,0,0,3
389,host-4,3,0,14,3,0,0,0.134531,0,32000,4305,0.134531,131072,3249,0.024788,0,0,3
389,host-5,3,0,14,3,0,0,0.138906,0,32000,4445,0.138906,131072,4187,0.031944,0,0,3
389,host-6,3,0,14,3,0,0,0.147937,0,32000,4734,0.147937,131072,3716,0.028351,0,0,3
389,host-7,2,0,14,2,0,0,0.109125,0,32000,3492,0.109125,131072,3218,0.024551,0,0,2
389,host-8,1,0,14,1,0,0,0.037781,0,32000,1209,0.037781,131072,953,0.007271,0,0,1
389,host-9,3,0,14,3,0,0,0.173594,0,32000,5555,0.173594,131072,4625,0.035286,0,0,3
390,host-1,1,0,14,1,0,0,0.058344,0,32000,1867,0.058344,131072,1188,0.009064,0,0,1
390,host-10,2,0,14,2,0,0,0.124313,0,32000,3978,0.124313,131072,3867,0.029503,0,0,2
390,host-11,3,1,14,3,1,0,0.109156,0,32000,3493,0.109156,131072,4118,0.031418,0,1,2
390,host-12,3,0,14,3,0,0,0.147563,0,32000,4722,0.147563,131072,4590,0.035019,0,0,3
390,host-13,3,0,14,3,0,0,0.159562,0,32000,5106,0.159562,131072,4989,0.038063,0,0,3
390,host-14,2,0,14,2,0,0,0.116656,0,32000,3733,0.116656,131072,3446,0.026291,0,0,2
390,host-15,2,0,14,2,0,0,0.083344,0,32000,2667,0.083344,131072,3819,0.029137,0,0,2
390,host-16,2,0,14,2,0,0,0.098000,0,32000,3136,0.098000,131072,2929,0.022346,0,0,2
390,host-17,2,0,14,2,0,0,0.139969,0,32000,4479,0.139969,131072,4240,0.032349,0,0,2
390,host-18,2,0,14,2,0,0,0.117031,0,32000,3745,0.117031,131072,4818,0.036758,0,0,2
390,host-19,2,0,14,2,0,0,0.116031,0,32000,3713,0.116031,131072,3621,0.027626,0,0,2
390,host-2,3,0,14,3,0,0,0.106563,0,32000,3410,0.106563,131072,3389,0.025856,0,0,3
390,host-20,3,0,14,3,0,0,0.183406,0,32000,5869,0.183406,131072,6598,0.050339,0,0,3
390,host-21,1,0,14,1,0,0,0.051594,0,32000,1651,0.051594,131072,1178,0.008987,0,0,1
390,host-22,2,0,14,2,0,0,0.133250,0,32000,4264,0.133250,131072,3781,0.028847,0,0,2
390,host-23,3,0,14,3,0,0,0.117062,0,32000,3746,0.117062,131072,4028,0.030731,0,0,3
390,host-24,2,0,14,2,0,0,0.105531,0,32000,3377,0.105531,131072,3983,0.030388,0,0,2
390,host-3,3,0,14,3,0,0,0.113187,0,32000,3622,0.113187,131072,3964,0.030243,0,0,3
390,host-4,3,0,14,3,0,0,0.134531,0,32000,4305,0.134531,131072,3249,0.024788,0,0,3
390,host-5,3,0,14,3,0,0,0.138906,0,32000,4445,0.138906,131072,4187,0.031944,0,0,3
390,host-6,3,0,14,3,0,0,0.147937,0,32000,4734,0.147937,131072,3716,0.028351,0,0,3
390,host-7,2,1,14,2,1,0,0.096187,0,32000,3078,0.096187,131072,3216,0.024536,1,0,1
390,host-8,2,1,14,2,1,0,0.082250,0,32000,2632,0.082250,131072,2871,0.021904,1,0,1
390,host-9,3,0,14,3,0,0,0.173594,0,32000,5555,0.173594,131072,4625,0.035286,0,0,3
391,host-1,2,1,14,2,1,0,0.116187,0,32000,3718,0.116187,131072,3500,0.026703,1,0,1
391,host-10,2,0,14,2,0,0,0.124313,0,32000,3978,0.124313,131072,3867,0.029503,0,0,2
391,host-11,3,0,14,3,0,0,0.109156,0,32000,3493,0.109156,131072,4118,0.031418,0,0,3
391,host-12,3,0,14,3,0,0,0.147563,0,32000,4722,0.147563,131072,4590,0.035019,0,0,3
391,host-13,3,0,14,3,0,0,0.159562,0,32000,5106,0.159562,131072,4989,0.038063,0,0,3
391,host-14,2,0,14,2,0,0,0.116656,0,32000,3733,0.116656,131072,3446,0.026291,0,0,2
391,host-15,2,0,14,2,0,0,0.083344,0,32000,2667,0.083344,131072,3819,0.029137,0,0,2
391,host-16,2,0,14,2,0,0,0.098000,0,32000,3136,0.098000,131072,2929,0.022346,0,0,2
391,host-17,1,0,14,1,0,0,0.065844,0,32000,2107,0.065844,131072,1863,0.014214,0,0,1
391,host-18,2,0,14,2,0,0,0.117031,0,32000,3745,0.117031,131072,4818,0.036758,0,0,2
391,host-19,2,0,14,2,0,0,0.116031,0,32000,3713,0.116031,131072,3621,0.027626,0,0,2
391,host-2,3,0,14,3,0,0,0.106563,0,32000,3410,0.106563,131072,3389,0.025856,0,0,3
391,host-20,3,0,14,3,0,0,0.183406,0,32000,5869,0.183406,131072,6598,0.050339,0,0,3
391,host-21,2,1,14,2,1,0,0.096187,0,32000,3078,0.096187,131072,2403,0.018333,1,0,1
391,host-22,2,0,14,2,0,0,0.133250,0,32000,4264,0.133250,131072,3781,0.028847,0,0,2
391,host-23,3,0,14,3,0,0,0.117062,0,32000,3746,0.117062,131072,4028,0.030731,0,0,3
391,host-24,2,0,14,2,0,0,0.105531,0,32000,3377,0.105531,131072,3983,0.030388,0,0,2
391,host-3,3,0,14,3,0,0,0.113187,0,32000,3622,0.113187,131072,3964,0.030243,0,0,3
391,host-4,3,0,14,3,0,0,0.134531,0,32000,4305,0.134531,131072,3249,0.024788,0,0,3
391,host-5,3,0,14,3,0,0,0.138906,0,32000,4445,0.138906,131072,4187,0.031944,0,0,3
391,host-6,3,0,14,3,0,0,0.147937,0,32000,4734,0.147937,131072,3716,0.028351,0,0,3
391,host-7,2,1,14,2,1,0,0.096187,0,32000,3078,0.096187,131072,3216,0.024536,1,0,1
391,host-8,2,0,14,2,0,0,0.082250,0,32000,2632,0.082250,131072,2871,0.021904,0,0,2
391,host-9,3,0,14,3,0,0,0.173594,0,32000,5555,0.173594,131072,4625,0.035286,0,0,3
392,host-1,2,1,14,2,1,0,0.116187,0,32000,3718,0.116187,131072,3500,0.026703,1,0,1
392,host-10,2,0,14,2,0,0,0.124313,0,32000,3978,0.124313,131072,3867,0.029503,0,0,2
392,host-11,3,0,14,3,0,0,0.109156,0,32000,3493,0.109156,131072,4118,0.031418,0,0,3
392,host-12,3,0,14,3,0,0,0.147563,0,32000,4722,0.147563,131072,4590,0.035019,0,0,3
392,host-13,3,0,14,3,0,0,0.159562,0,32000,5106,0.159562,131072,4989,0.038063,0,0,3
392,host-14,2,0,14,2,0,0,0.116656,0,32000,3733,0.116656,131072,3446,0.026291,0,0,2
392,host-15,2,0,14,2,0,0,0.083344,0,32000,2667,0.083344,131072,3819,0.029137,0,0,2
392,host-16,2,0,14,2,0,0,0.098000,0,32000,3136,0.098000,131072,2929,0.022346,0,0,2
392,host-17,2,1,14,2,1,0,0.122281,0,32000,3913,0.122281,131072,3987,0.030418,1,0,1
392,host-18,2,0,14,2,0,0,0.117031,0,32000,3745,0.117031,131072,4818,0.036758,0,0,2
392,host-19,2,0,14,2,0,0,0.116031,0,32000,3713,0.116031,131072,3621,0.027626,0,0,2
392,host-2,3,0,14,3,0,0,0.106563,0,32000,3410,0.106563,131072,3389,0.025856,0,0,3
392,host-20,3,0,14,3,0,0,0.183406,0,32000,5869,0.183406,131072,6598,0.050339,0,0,3
392,host-21,2,1,14,2,1,0,0.096187,0,32000,3078,0.096187,131072,2403,0.018333,0,1,1
392,host-22,2,0,14,2,0,0,0.133250,0,32000,4264,0.133250,131072,3781,0.028847,0,0,2
392,host-23,3,0,14,3,0,0,0.117062,0,32000,3746,0.117062,131072,4028,0.030731,0,0,3
392,host-24,1,0,14,1,0,0,0.076781,0,32000,2457,0.076781,131072,2786,0.021255,0,0,1
392,host-3,3,0,14,3,0,0,0.113187,0,32000,3622,0.113187,131072,3964,0.030243,0,0,3
392,host-4,3,0,14,3,0,0,0.134531,0,32000,4305,0.134531,131072,3249,0.024788,0,0,3
392,host-5,3,0,14,3,0,0,0.138906,0,32000,4445,0.138906,131072,4187,0.031944,0,0,3
392,host-6,3,0,14,3,0,0,0.147937,0,32000,4734,0.147937,131072,3716,0.028351,0,0,3
392,host-7,2,0,14,2,0,0,0.096187,0,32000,3078,0.096187,131072,3216,0.024536,0,0,2
392,host-8,2,0,14,2,0,0,0.082250,0,32000,2632,0.082250,131072,2871,0.021904,0,0,2
392,host-9,3,0,14,3,0,0,0.173594,0,32000,5555,0.173594,131072,4625,0.035286,0,0,3
393,host-1,2,0,14,2,0,0,0.116187,0,32000,3718,0.116187,131072,3500,0.026703,0,0,2
393,host-10,2,0,14,2,0,0,0.124313,0,32000,3978,0.124313,131072,3867,0.029503,0,0,2
393,host-11,3,0,14,3,0,0,0.109156,0,32000,3493,0.109156,131072,4118,0.031418,0,0,3
393,host-12,3,0,14,3,0,0,0.147563,0,32000,4722,0.147563,131072,4590,0.035019,0,0,3
393,host-13,3,0,14,3,0,0,0.159562,0,32000,5106,0.159562,131072,4989,0.038063,0,0,3
393,host-14,2,0,14,2,0,0,0.116656,0,32000,3733,0.116656,131072,3446,0.026291,0,0,2
393,host-15,3,1,14,3,1,0,0.111125,0,32000,3556,0.111125,131072,4341,0.033119,1,0,2
393,host-16,2,0,14,2,0,0,0.098000,0,32000,3136,0.098000,131072,2929,0.022346,0,0,2
393,host-17,2,0,14,2,0,0,0.122281,0,32000,3913,0.122281,131072,3987,0.030418,0,0,2
393,host-18,2,0,14,2,0,0,0.117031,0,32000,3745,0.117031,131072,4818,0.036758,0,0,2
393,host-19,2,0,14,2,0,0,0.116031,0,32000,3713,0.116031,131072,3621,0.027626,0,0,2
393,host-2,3,0,14,3,0,0,0.106563,0,32000,3410,0.106563,131072,3389,0.025856,0,0,3
393,host-20,3,0,14,3,0,0,0.183406,0,32000,5869,0.183406,131072,6598,0.050339,0,0,3
393,host-21,2,0,14,2,0,0,0.096187,0,32000,3078,0.096187,131072,2403,0.018333,0,0,2
393,host-22,2,0,14,2,0,0,0.133250,0,32000,4264,0.133250,131072,3781,0.028847,0,0,2
393,host-23,3,0,14,3,0,0,0.117062,0,32000,3746,0.117062,131072,4028,0.030731,0,0,3
393,host-24,2,1,14,2,1,0,0.148938,0,32000,4766,0.148938,131072,5735,0.043755,0,1,1
393,host-3,3,0,14,3,0,0,0.113187,0,32000,3622,0.113187,131072,3964,0.030243,0,0,3
393,host-4,3,1,14,3,1,0,0.134531,0,32000,4305,0.134531,131072,3249,0.024788,0,1,2
393,host-5,3,0,14,3,0,0,0.138906,0,32000,4445,0.138906,131072,4187,0.031944,0,0,3
393,host-6,3,1,14,3,1,0,0.122469,0,32000,3919,0.122469,131072,3464,0.026428,1,0,2
393,host-7,2,0,14,2,0,0,0.096187,0,32000,3078,0.096187,131072,3216,0.024536,0,0,2
393,host-8,3,1,14,3,1,0,0.108875,0,32000,3484,0.108875,131072,3944,0.030090,1,0,2
393,host-9,3,0,14,3,0,0,0.173594,0,32000,5555,0.173594,131072,4625,0.035286,0,0,3
394,host-1,2,0,14,2,0,0,0.116187,0,32000,3718,0.116187,131072,3500,0.026703,0,0,2
394,host-10,2,0,14,2,0,0,0.124313,0,32000,3978,0.124313,131072,3867,0.029503,0,0,2
394,host-11,3,0,14,3,0,0,0.109156,0,32000,3493,0.109156,131072,4118,0.031418,0,0,3
394,host-12,3,0,14,3,0,0,0.147563,0,32000,4722,0.147563,131072,4590,0.035019,0,0,3
394,host-13,3,0,14,3,0,0,0.159562,0,32000,5106,0.159562,131072,4989,0.038063,0,0,3
394,host-14,2,0,14,2,0,0,0.116656,0,32000,3733,0.116656,131072,3446,0.026291,0,0,2
394,host-15,3,1,14,3,1,0,0.111125,0,32000,3556,0.111125,131072,4341,0.033119,1,0,2
394,host-16,1,0,14,1,0,0,0.066531,0,32000,2129,0.066531,131072,2221,0.016945,0,0,1
394,host-17,2,0,14,2,0,0,0.122281,0,32000,3913,0.122281,131072,3987,0.030418,0,0,2
394,host-18,2,0,14,2,0,0,0.117031,0,32000,3745,0.117031,131072,4818,0.036758,0,0,2
394,host-19,2,0,14,2,0,0,0.116031,0,32000,3713,0.116031,131072,3621,0.027626,0,0,2
394,host-2,3,0,14,3,0,0,0.106563,0,32000,3410,0.106563,131072,3389,0.025856,0,0,3
394,host-20,3,0,14,3,0,0,0.183406,0,32000,5869,0.183406,131072,6598,0.050339,0,0,3
394,host-21,2,0,14,2,0,0,0.096187,0,32000,3078,0.096187,131072,2403,0.018333,0,0,2
394,host-22,2,0,14,2,0,0,0.133250,0,32000,4264,0.133250,131072,3781,0.028847,0,0,2
394,host-23,3,0,14,3,0,0,0.117062,0,32000,3746,0.117062,131072,4028,0.030731,0,0,3
394,host-24,2,0,14,2,0,0,0.148938,0,32000,4766,0.148938,131072,5735,0.043755,0,0,2
394,host-3,2,0,14,2,0,0,0.078844,0,32000,2523,0.078844,131072,3071,0.023430,0,0,2
394,host-4,3,0,14,3,0,0,0.134531,0,32000,4305,0.134531,131072,3249,0.024788,0,0,3
394,host-5,3,0,14,3,0,0,0.138906,0,32000,4445,0.138906,131072,4187,0.031944,0,0,3
394,host-6,3,1,14,3,1,0,0.122469,0,32000,3919,0.122469,131072,3464,0.026428,1,0,2
394,host-7,3,1,14,3,1,0,0.125750,0,32000,4024,0.125750,131072,4231,0.032280,1,0,2
394,host-8,3,1,14,3,1,0,0.108875,0,32000,3484,0.108875,131072,3944,0.030090,0,1,2
394,host-9,3,0,14,3,0,0,0.173594,0,32000,5555,0.173594,131072,4625,0.035286,0,0,3
395,host-1,2,0,14,2,0,0,0.116187,0,32000,3718,0.116187,131072,3500,0.026703,0,0,2
395,host-10,2,0,14,2,0,0,0.124313,0,32000,3978,0.124313,131072,3867,0.029503,0,0,2
395,host-11,3,0,14,3,0,0,0.109156,0,32000,3493,0.109156,131072,4118,0.031418,0,0,3
395,host-12,3,0,14,3,0,0,0.147563,0,32000,4722,0.147563,131072,4590,0.035019,0,0,3
395,host-13,3,0,14,3,0,0,0.159562,0,32000,5106,0.159562,131072,4989,0.038063,0,0,3
395,host-14,2,0,14,2,0,0,0.116656,0,32000,3733,0.116656,131072,3446,0.026291,0,0,2
395,host-15,3,0,14,3,0,0,0.111125,0,32000,3556,0.111125,131072,4341,0.033119,0,0,3
395,host-16,2,1,14,2,1,0,0.094312,0,32000,3018,0.094312,131072,2743,0.020927,1,0,1
395,host-17,2,0,14,2,0,0,0.122281,0,32000,3913,0.122281,131072,3987,0.030418,0,0,2
395,host-18,2,0,14,2,0,0,0.117031,0,32000,3745,0.117031,131072,4818,0.036758,0,0,2
395,host-19,2,0,14,2,0,0,0.116031,0,32000,3713,0.116031,131072,3621,0.027626,0,0,2
395,host-2,3,0,14,3,0,0,0.106563,0,32000,3410,0.106563,131072,3389,0.025856,0,0,3
395,host-20,3,0,14,3,0,0,0.183406,0,32000,5869,0.183406,131072,6598,0.050339,0,0,3
395,host-21,2,0,14,2,0,0,0.096187,0,32000,3078,0.096187,131072,2403,0.018333,0,0,2
395,host-22,2,0,14,2,0,0,0.133250,0,32000,4264,0.133250,131072,3781,0.028847,0,0,2
395,host-23,3,0,14,3,0,0,0.117062,0,32000,3746,0.117062,131072,4028,0.030731,0,0,3
395,host-24,2,0,14,2,0,0,0.148938,0,32000,4766,0.148938,131072,5735,0.043755,0,0,2
395,host-3,2,0,14,2,0,0,0.078844,0,32000,2523,0.078844,131072,3071,0.023430,0,0,2
395,host-4,3,0,14,3,0,0,0.134531,0,32000,4305,0.134531,131072,3249,0.024788,0,0,3
395,host-5,3,0,14,3,0,0,0.138906,0,32000,4445,0.138906,131072,4187,0.031944,0,0,3
395,host-6,3,0,14,3,0,0,0.122469,0,32000,3919,0.122469,131072,3464,0.026428,0,0,3
395,host-7,3,0,14,3,0,0,0.125750,0,32000,4024,0.125750,131072,4231,0.032280,0,0,3
395,host-8,3,0,14,3,0,0,0.108875,0,32000,3484,0.108875,131072,3944,0.030090,0,0,3
395,host-9,3,0,14,3,0,0,0.173594,0,32000,5555,0.173594,131072,4625,0.035286,0,0,3
396,host-1,2,0,14,2,0,0,0.116187,0,32000,3718,0.116187,131072,3500,0.026703,0,0,2
396,host-10,2,0,14,2,0,0,0.124313,0,32000,3978,0.124313,131072,3867,0.029503,0,0,2
396,host-11,3,0,14,3,0,0,0.109156,0,32000,3493,0.109156,131072,4118,0.031418,0,0,3
396,host-12,3,0,14,3,0,0,0.147563,0,32000,4722,0.147563,131072,4590,0.035019,0,0,3
396,host-13,3,0,14,3,0,0,0.159562,0,32000,5106,0.159562,131072,4989,0.038063,0,0,3
396,host-14,2,0,14,2,0,0,0.116656,0,32000,3733,0.116656,131072,3446,0.026291,0,0,2
396,host-15,3,0,14,3,0,0,0.111125,0,32000,3556,0.111125,131072,4341,0.033119,0,0,3
396,host-16,2,0,14,2,0,0,0.094312,0,32000,3018,0.094312,131072,2743,0.020927,0,0,2
396,host-17,2,0,14,2,0,0,0.122281,0,32000,3913,0.122281,131072,3987,0.030418,0,0,2
396,host-18,2,0,14,2,0,0,0.117031,0,32000,3745,0.117031,131072,4818,0.036758,0,0,2
396,host-19,2,0,14,2,0,0,0.116031,0,32000,3713,0.116031,131072,3621,0.027626,0,0,2
396,host-2,3,0,14,3,0,0,0.106563,0,32000,3410,0.106563,131072,3389,0.025856,0,0,3
396,host-20,3,0,14,3,0,0,0.183406,0,32000,5869,0.183406,131072,6598,0.050339,0,0,3
396,host-21,2,0,14,2,0,0,0.096187,0,32000,3078,0.096187,131072,2403,0.018333,0,0,2
396,host-22,2,0,14,2,0,0,0.133250,0,32000,4264,0.133250,131072,3781,0.028847,0,0,2
396,host-23,3,0,14,3,0,0,0.117062,0,32000,3746,0.117062,131072,4028,0.030731,0,0,3
396,host-24,2,0,14,2,0,0,0.148938,0,32000,4766,0.148938,131072,5735,0.043755,0,0,2
396,host-3,2,0,14,2,0,0,0.078844,0,32000,2523,0.078844,131072,3071,0.023430,0,0,2
396,host-4,3,0,14,3,0,0,0.134531,0,32000,4305,0.134531,131072,3249,0.024788,0,0,3
396,host-5,3,0,14,3,0,0,0.138906,0,32000,4445,0.138906,131072,4187,0.031944,0,0,3
396,host-6,3,0,14,3,0,0,0.122469,0,32000,3919,0.122469,131072,3464,0.026428,0,0,3
396,host-7,3,0,14,3,0,0,0.125750,0,32000,4024,0.125750,131072,4231,0.032280,0,0,3
396,host-8,3,0,14,3,0,0,0.108875,0,32000,3484,0.108875,131072,3944,0.030090,0,0,3
396,host-9,3,0,14,3,0,0,0.173594,0,32000,5555,0.173594,131072,4625,0.035286,0,0,3
397,host-1,2,0,14,2,0,0,0.116187,0,32000,3718,0.116187,131072,3500,0.026703,0,0,2
397,host-10,2,0,14,2,0,0,0.124313,0,32000,3978,0.124313,131072,3867,0.029503,0,0,2
397,host-11,3,1,14,3,1,0,0.109156,0,32000,3493,0.109156,131072,4118,0.031418,0,1,2
397,host-12,3,0,14,3,0,0,0.147563,0,32000,4722,0.147563,131072,4590,0.035019,0,0,3
397,host-13,3,0,14,3,0,0,0.159562,0,32000,5106,0.159562,131072,4989,0.038063,0,0,3
397,host-14,2,0,14,2,0,0,0.116656,0,32000,3733,0.116656,131072,3446,0.026291,0,0,2
397,host-15,3,0,14,3,0,0,0.111125,0,32000,3556,0.111125,131072,4341,0.033119,0,0,3
397,host-16,2,0,14,2,0,0,0.094312,0,32000,3018,0.094312,131072,2743,0.020927,0,0,2
397,host-17,2,0,14,2,0,0,0.122281,0,32000,3913,0.122281,131072,3987,0.030418,0,0,2
397,host-18,2,0,14,2,0,0,0.117031,0,32000,3745,0.117031,131072,4818,0.036758,0,0,2
397,host-19,2,0,14,2,0,0,0.116031,0,32000,3713,0.116031,131072,3621,0.027626,0,0,2
397,host-2,3,0,14,3,0,0,0.106563,0,32000,3410,0.106563,131072,3389,0.025856,0,0,3
397,host-20,3,0,14,3,0,0,0.183406,0,32000,5869,0.183406,131072,6598,0.050339,0,0,3
397,host-21,2,0,14,2,0,0,0.096187,0,32000,3078,0.096187,131072,2403,0.018333,0,0,2
397,host-22,2,0,14,2,0,0,0.133250,0,32000,4264,0.133250,131072,3781,0.028847,0,0,2
397,host-23,3,0,14,3,0,0,0.117062,0,32000,3746,0.117062,131072,4028,0.030731,0,0,3
397,host-24,2,0,14,2,0,0,0.148938,0,32000,4766,0.148938,131072,5735,0.043755,0,0,2
397,host-3,2,0,14,2,0,0,0.078844,0,32000,2523,0.078844,131072,3071,0.023430,0,0,2
397,host-4,3,0,14,3,0,0,0.134531,0,32000,4305,0.134531,131072,3249,0.024788,0,0,3
397,host-5,3,0,14,3,0,0,0.138906,0,32000,4445,0.138906,131072,4187,0.031944,0,0,3
397,host-6,3,0,14,3,0,0,0.122469,0,32000,3919,0.122469,131072,3464,0.026428,0,0,3
397,host-7,3,0,14,3,0,0,0.125750,0,32000,4024,0.125750,131072,4231,0.032280,0,0,3
397,host-8,3,0,14,3,0,0,0.108875,0,32000,3484,0.108875,131072,3944,0.030090,0,0,3
397,host-9,3,0,14,3,0,0,0.173594,0,32000,5555,0.173594,131072,4625,0.035286,0,0,3
398,host-1,2,0,14,2,0,0,0.116187,0,32000,3718,0.116187,131072,3500,0.026703,0,0,2
398,host-10,2,0,14,2,0,0,0.124313,0,32000,3978,0.124313,131072,3867,0.029503,0,0,2
398,host-11,3,0,14,3,0,0,0.109156,0,32000,3493,0.109156,131072,4118,0.031418,0,0,3
398,host-12,3,0,14,3,0,0,0.147563,0,32000,4722,0.147563,131072,4590,0.035019,0,0,3
398,host-13,3,0,14,3,0,0,0.159562,0,32000,5106,0.159562,131072,4989,0.038063,0,0,3
398,host-14,2,0,14,2,0,0,0.116656,0,32000,3733,0.116656,131072,3446,0.026291,0,0,2
398,host-15,3,0,14,3,0,0,0.111125,0,32000,3556,0.111125,131072,4341,0.033119,0,0,3
398,host-16,2,0,14,2,0,0,0.094312,0,32000,3018,0.094312,131072,2743,0.020927,0,0,2
398,host-17,2,0,14,2,0,0,0.122281,0,32000,3913,0.122281,131072,3987,0.030418,0,0,2
398,host-18,2,1,14,2,1,0,0.117031,0,32000,3745,0.117031,131072,4818,0.036758,0,1,1
398,host-19,2,0,14,2,0,0,0.116031,0,32000,3713,0.116031,131072,3621,0.027626,0,0,2
398,host-2,3,0,14,3,0,0,0.106563,0,32000,3410,0.106563,131072,3389,0.025856,0,0,3
398,host-20,2,0,14,2,0,0,0.145187,0,32000,4646,0.145187,131072,5174,0.039474,0,0,2
398,host-21,2,0,14,2,0,0,0.096187,0,32000,3078,0.096187,131072,2403,0.018333,0,0,2
398,host-22,2,0,14,2,0,0,0.133250,0,32000,4264,0.133250,131072,3781,0.028847,0,0,2
398,host-23,3,0,14,3,0,0,0.117062,0,32000,3746,0.117062,131072,4028,0.030731,0,0,3
398,host-24,2,0,14,2,0,0,0.148938,0,32000,4766,0.148938,131072,5735,0.043755,0,0,2
398,host-3,2,0,14,2,0,0,0.078844,0,32000,2523,0.078844,131072,3071,0.023430,0,0,2
398,host-4,3,0,14,3,0,0,0.134531,0,32000,4305,0.134531,131072,3249,0.024788,0,0,3
398,host-5,3,0,14,3,0,0,0.138906,0,32000,4445,0.138906,131072,4187,0.031944,0,0,3
398,host-6,3,0,14,3,0,0,0.122469,0,32000,3919,0.122469,131072,3464,0.026428,0,0,3
398,host-7,3,0,14,3,0,0,0.125750,0,32000,4024,0.125750,131072,4231,0.032280,0,0,3
398,host-8,2,0,14,2,0,0,0.071094,0,32000,2275,0.071094,131072,2991,0.022820,0,0,2
398,host-9,2,0,14,2,0,0,0.131062,0,32000,4194,0.131062,131072,4027,0.030724,0,0,2
399,host-1,2,1,14,2,1,0,0.088344,0,32000,2827,0.088344,131072,3573,0.027260,1,0,1
399,host-10,2,0,14,2,0,0,0.124313,0,32000,3978,0.124313,131072,3867,0.029503,0,0,2
399,host-11,3,0,14,3,0,0,0.109156,0,32000,3493,0.109156,131072,4118,0.031418,0,0,3
399,host-12,1,0,14,1,0,0,0.068125,0,32000,2180,0.068125,131072,2731,0.020836,0,0,1
399,host-13,3,0,14,3,0,0,0.159562,0,32000,5106,0.159562,131072,4989,0.038063,0,0,3
399,host-14,2,0,14,2,0,0,0.116656,0,32000,3733,0.116656,131072,3446,0.026291,0,0,2
399,host-15,3,0,14,3,0,0,0.111125,0,32000,3556,0.111125,131072,4341,0.033119,0,0,3
399,host-16,2,0,14,2,0,0,0.094312,0,32000,3018,0.094312,131072,2743,0.020927,0,0,2
399,host-17,2,0,14,2,0,0,0.122281,0,32000,3913,0.122281,131072,3987,0.030418,0,0,2
399,host-18,2,1,14,2,1,0,0.141281,0,32000,4521,0.141281,131072,4984,0.038025,1,0,1
399,host-19,2,0,14,2,0,0,0.116031,0,32000,3713,0.116031,131072,3621,0.027626,0,0,2
399,host-2,3,0,14,3,0,0,0.106563,0,32000,3410,0.106563,131072,3389,0.025856,0,0,3
399,host-20,2,0,14,2,0,0,0.145187,0,32000,4646,0.145187,131072,5174,0.039474,0,0,2
399,host-21,2,0,14,2,0,0,0.096187,0,32000,3078,0.096187,131072,2403,0.018333,0,0,2
399,host-22,2,1,14,2,1,0,0.120063,0,32000,3842,0.120063,131072,2874,0.021927,1,0,1
399,host-23,3,0,14,3,0,0,0.117062,0,32000,3746,0.117062,131072,4028,0.030731,0,0,3
399,host-24,2,0,14,2,0,0,0.148938,0,32000,4766,0.148938,131072,5735,0.043755,0,0,2
399,host-3,3,1,14,3,1,0,0.122844,0,32000,3931,0.122844,131072,4953,0.037788,1,0,2
399,host-4,3,0,14,3,0,0,0.134531,0,32000,4305,0.134531,131072,3249,0.024788,0,0,3
399,host-5,3,0,14,3,0,0,0.138906,0,32000,4445,0.138906,131072,4187,0.031944,0,0,3
399,host-6,3,1,14,3,1,0,0.120469,0,32000,3855,0.120469,131072,3968,0.030273,1,0,2
399,host-7,3,0,14,3,0,0,0.125750,0,32000,4024,0.125750,131072,4231,0.032280,0,0,3
399,host-8,3,1,14,3,1,0,0.114875,0,32000,3676,0.114875,131072,3737,0.028511,1,0,2
399,host-9,2,0,14,2,0,0,0.131062,0,32000,4194,0.131062,131072,4027,0.030724,0,0,2
400,host-1,2,0,14,2,0,0,0.088344,0,32000,2827,0.088344,131072,3573,0.027260,0,0,2
400,host-10,2,0,14,2,0,0,0.124313,0,32000,3978,0.124313,131072,3867,0.029503,0,0,2
400,host-11,3,0,14,3,0,0,0.109156,0,32000,3493,0.109156,131072,4118,0.031418,0,0,3
400,host-12,2,1,14,2,1,0,0.139219,0,32000,4455,0.139219,131072,5045,0.038490,1,0,1
400,host-13,2,0,14,2,0,0,0.101750,0,32000,3256,0.101750,131072,3116,0.023773,0,0,2
400,host-14,2,0,14,2,0,0,0.116656,0,32000,3733,0.116656,131072,3446,0.026291,0,0,2
400,host-15,3,0,14,3,0,0,0.111125,0,32000,3556,0.111125,131072,4341,0.033119,0,0,3
400,host-16,2,0,14,2,0,0,0.094312,0,32000,3018,0.094312,131072,2743,0.020927,0,0,2
400,host-17,2,0,14,2,0,0,0.122281,0,32000,3913,0.122281,131072,3987,0.030418,0,0,2
400,host-18,2,0,14,2,0,0,0.141281,0,32000,4521,0.141281,131072,4984,0.038025,0,0,2
400,host-19,2,0,14,2,0,0,0.116031,0,32000,3713,0.116031,131072,3621,0.027626,0,0,2
400,host-2,3,0,14,3,0,0,0.106563,0,32000,3410,0.106563,131072,3389,0.025856,0,0,3
400,host-20,1,0,14,1,0,0,0.073781,0,32000,2361,0.073781,131072,2606,0.019882,0,0,1
400,host-21,2,0,14,2,0,0,0.096187,0,32000,3078,0.096187,131072,2403,0.018333,0,0,2
400,host-22,2,0,14,2,0,0,0.120063,0,32000,3842,0.120063,131072,2874,0.021927,0,0,2
400,host-23,3,0,14,3,0,0,0.117062,0,32000,3746,0.117062,131072,4028,0.030731,0,0,3
400,host-24,2,0,14,2,0,0,0.148938,0,32000,4766,0.148938,131072,5735,0.043755,0,0,2
400,host-3,3,1,14,3,1,0,0.122844,0,32000,3931,0.122844,131072,4953,0.037788,1,0,2
400,host-4,2,0,14,2,0,0,0.089656,0,32000,2869,0.089656,131072,2436,0.018585,0,0,2
400,host-5,2,0,14,2,0,0,0.100875,0,32000,3228,0.100875,131072,3546,0.027054,0,0,2
400,host-6,3,0,14,3,0,0,0.120469,0,32000,3855,0.120469,131072,3968,0.030273,0,0,3
400,host-7,3,0,14,3,0,0,0.125750,0,32000,4024,0.125750,131072,4231,0.032280,0,0,3
400,host-8,3,1,14,3,1,0,0.114875,0,32000,3676,0.114875,131072,3737,0.028511,0,1,2
400,host-9,2,0,14,2,0,0,0.131062,0,32000,4194,0.131062,131072,4027,0.030724,0,0,2
401,host-1,2,0,14,2,0,0,0.088344,0,32000,2827,0.088344,131072,3573,0.027260,0,0,2
401,host-10,2,0,14,2,0,0,0.124313,0,32000,3978,0.124313,131072,3867,0.029503,0,0,2
401,host-11,3,0,14,3,0,0,0.109156,0,32000,3493,0.109156,131072,4118,0.031418,0,0,3
401,host-12,2,0,14,2,0,0,0.139219,0,32000,4455,0.139219,131072,5045,0.038490,0,0,2
401,host-13,2,1,14,2,1,0,0.101750,0,32000,3256,0.101750,131072,3116,0.023773,0,1,1
401,host-14,2,0,14,2,0,0,0.116656,0,32000,3733,0.116656,131072,3446,0.026291,0,0,2
401,host-15,3,0,14,3,0,0,0.111125,0,32000,3556,0.111125,131072,4341,0.033119,0,0,3
401,host-16,2,0,14,2,0,0,0.094312,0,32000,3018,0.094312,131072,2743,0.020927,0,0,2
401,host-17,2,0,14,2,0,0,0.122281,0,32000,3913,0.122281,131072,3987,0.030418,0,0,2
401,host-18,2,0,14,2,0,0,0.141281,0,32000,4521,0.141281,131072,4984,0.038025,0,0,2
401,host-19,2,0,14,2,0,0,0.116031,0,32000,3713,0.116031,131072,3621,0.027626,0,0,2
401,host-2,3,0,14,3,0,0,0.106563,0,32000,3410,0.106563,131072,3389,0.025856,0,0,3
401,host-20,1,0,14,1,0,0,0.073781,0,32000,2361,0.073781,131072,2606,0.019882,0,0,1
401,host-21,2,0,14,2,0,0,0.096187,0,32000,3078,0.096187,131072,2403,0.018333,0,0,2
401,host-22,2,0,14,2,0,0,0.120063,0,32000,3842,0.120063,131072,2874,0.021927,0,0,2
401,host-23,3,0,14,3,0,0,0.117062,0,32000,3746,0.117062,131072,4028,0.030731,0,0,3
401,host-24,2,0,14,2,0,0,0.148938,0,32000,4766,0.148938,131072,5735,0.043755,0,0,2
401,host-3,3,0,14,3,0,0,0.122844,0,32000,3931,0.122844,131072,4953,0.037788,0,0,3
401,host-4,1,1,14,1,1,0,0.031844,0,32000,1019,0.031844,131072,563,0.004295,0,1,0
401,host-5,2,0,14,2,0,0,0.100875,0,32000,3228,0.100875,131072,3546,0.027054,0,0,2
401,host-6,3,0,14,3,0,0,0.120469,0,32000,3855,0.120469,131072,3968,0.030273,0,0,3
401,host-7,3,0,14,3,0,0,0.125750,0,32000,4024,0.125750,131072,4231,0.032280,0,0,3
401,host-8,3,0,14,3,0,0,0.114875,0,32000,3676,0.114875,131072,3737,0.028511,0,0,3
401,host-9,2,0,14,2,0,0,0.131062,0,32000,4194,0.131062,131072,4027,0.030724,0,0,2
402,host-1,2,0,14,2,0,0,0.088344,0,32000,2827,0.088344,131072,3573,0.027260,0,0,2
402,host-10,2,0,14,2,0,0,0.124313,0,32000,3978,0.124313,131072,3867,0.029503,0,0,2
402,host-11,3,0,14,3,0,0,0.109156,0,32000,3493,0.109156,131072,4118,0.031418,0,0,3
402,host-12,1,0,14,1,0,0,0.071094,0,32000,2275,0.071094,131072,2314,0.017654,0,0,1
402,host-13,2,0,14,2,0,0,0.101750,0,32000,3256,0.101750,131072,3116,0.023773,0,0,2
402,host-14,2,0,14,2,0,0,0.116656,0,32000,3733,0.116656,131072,3446,0.026291,0,0,2
402,host-15,3,0,14,3,0,0,0.111125,0,32000,3556,0.111125,131072,4341,0.033119,0,0,3
402,host-16,2,0,14,2,0,0,0.094312,0,32000,3018,0.094312,131072,2743,0.020927,0,0,2
402,host-17,2,0,14,2,0,0,0.122281,0,32000,3913,0.122281,131072,3987,0.030418,0,0,2
402,host-18,2,0,14,2,0,0,0.141281,0,32000,4521,0.141281,131072,4984,0.038025,0,0,2
402,host-19,2,0,14,2,0,0,0.116031,0,32000,3713,0.116031,131072,3621,0.027626,0,0,2
402,host-2,3,0,14,3,0,0,0.106563,0,32000,3410,0.106563,131072,3389,0.025856,0,0,3
402,host-20,1,0,14,1,0,0,0.073781,0,32000,2361,0.073781,131072,2606,0.019882,0,0,1
402,host-21,2,0,14,2,0,0,0.096187,0,32000,3078,0.096187,131072,2403,0.018333,0,0,2
402,host-22,2,0,14,2,0,0,0.120063,0,32000,3842,0.120063,131072,2874,0.021927,0,0,2
402,host-23,3,0,14,3,0,0,0.117062,0,32000,3746,0.117062,131072,4028,0.030731,0,0,3
402,host-24,1,0,14,1,0,0,0.072156,0,32000,2309,0.072156,131072,2949,0.022499,0,0,1
402,host-3,3,0,14,3,0,0,0.122844,0,32000,3931,0.122844,131072,4953,0.037788,0,0,3
402,host-4,2,1,14,2,1,0,0.074344,0,32000,2379,0.074344,131072,1460,0.011139,1,0,1
402,host-5,2,1,14,2,1,0,0.077125,0,32000,2468,0.077125,131072,2025,0.015450,1,0,1
402,host-6,3,0,14,3,0,0,0.120469,0,32000,3855,0.120469,131072,3968,0.030273,0,0,3
402,host-7,3,0,14,3,0,0,0.125750,0,32000,4024,0.125750,131072,4231,0.032280,0,0,3
402,host-8,3,0,14,3,0,0,0.114875,0,32000,3676,0.114875,131072,3737,0.028511,0,0,3
402,host-9,2,0,14,2,0,0,0.131062,0,32000,4194,0.131062,131072,4027,0.030724,0,0,2
403,host-1,2,0,14,2,0,0,0.088344,0,32000,2827,0.088344,131072,3573,0.027260,0,0,2
403,host-10,1,0,14,1,0,0,0.059625,0,32000,1908,0.059625,131072,2224,0.016968,0,0,1
403,host-11,3,0,14,3,0,0,0.109156,0,32000,3493,0.109156,131072,4118,0.031418,0,0,3
403,host-12,2,1,14,2,1,0,0.103031,0,32000,3297,0.103031,131072,2895,0.022087,1,0,1
403,host-13,2,0,14,2,0,0,0.101750,0,32000,3256,0.101750,131072,3116,0.023773,0,0,2
403,host-14,1,0,14,1,0,0,0.065844,0,32000,2107,0.065844,131072,1863,0.014214,0,0,1
403,host-15,3,0,14,3,0,0,0.111125,0,32000,3556,0.111125,131072,4341,0.033119,0,0,3
403,host-16,2,0,14,2,0,0,0.094312,0,32000,3018,0.094312,131072,2743,0.020927,0,0,2
403,host-17,2,0,14,2,0,0,0.122281,0,32000,3913,0.122281,131072,3987,0.030418,0,0,2
403,host-18,2,0,14,2,0,0,0.141281,0,32000,4521,0.141281,131072,4984,0.038025,0,0,2
403,host-19,2,0,14,2,0,0,0.116031,0,32000,3713,0.116031,131072,3621,0.027626,0,0,2
403,host-2,3,0,14,3,0,0,0.106563,0,32000,3410,0.106563,131072,3389,0.025856,0,0,3
403,host-20,1,0,14,1,0,0,0.073781,0,32000,2361,0.073781,131072,2606,0.019882,0,0,1
403,host-21,2,0,14,2,0,0,0.096187,0,32000,3078,0.096187,131072,2403,0.018333,0,0,2
403,host-22,2,0,14,2,0,0,0.120063,0,32000,3842,0.120063,131072,2874,0.021927,0,0,2
403,host-23,3,0,14,3,0,0,0.117062,0,32000,3746,0.117062,131072,4028,0.030731,0,0,3
403,host-24,1,0,14,1,0,0,0.072156,0,32000,2309,0.072156,131072,2949,0.022499,0,0,1
403,host-3,3,0,14,3,0,0,0.122844,0,32000,3931,0.122844,131072,4953,0.037788,0,0,3
403,host-4,2,0,14,2,0,0,0.074344,0,32000,2379,0.074344,131072,1460,0.011139,0,0,2
403,host-5,2,1,14,2,1,0,0.077125,0,32000,2468,0.077125,131072,2025,0.015450,1,0,1
403,host-6,3,0,14,3,0,0,0.120469,0,32000,3855,0.120469,131072,3968,0.030273,0,0,3
403,host-7,3,0,14,3,0,0,0.125750,0,32000,4024,0.125750,131072,4231,0.032280,0,0,3
403,host-8,3,0,14,3,0,0,0.114875,0,32000,3676,0.114875,131072,3737,0.028511,0,0,3
403,host-9,2,0,14,2,0,0,0.131062,0,32000,4194,0.131062,131072,4027,0.030724,0,0,2
404,host-1,2,0,14,2,0,0,0.088344,0,32000,2827,0.088344,131072,3573,0.027260,0,0,2
404,host-10,2,1,14,2,1,0,0.099625,0,32000,3188,0.099625,131072,2824,0.021545,1,0,1
404,host-11,3,0,14,3,0,0,0.109156,0,32000,3493,0.109156,131072,4118,0.031418,0,0,3
404,host-12,2,1,14,2,1,0,0.103031,0,32000,3297,0.103031,131072,2895,0.022087,1,0,1
404,host-13,2,0,14,2,0,0,0.101750,0,32000,3256,0.101750,131072,3116,0.023773,0,0,2
404,host-14,1,0,14,1,0,0,0.065844,0,32000,2107,0.065844,131072,1863,0.014214,0,0,1
404,host-15,3,0,14,3,0,0,0.111125,0,32000,3556,0.111125,131072,4341,0.033119,0,0,3
404,host-16,2,0,14,2,0,0,0.094312,0,32000,3018,0.094312,131072,2743,0.020927,0,0,2
404,host-17,2,0,14,2,0,0,0.122281,0,32000,3913,0.122281,131072,3987,0.030418,0,0,2
404,host-18,2,0,14,2,0,0,0.141281,0,32000,4521,0.141281,131072,4984,0.038025,0,0,2
404,host-19,1,0,14,1,0,0,0.063187,0,32000,2022,0.063187,131072,2269,0.017311,0,0,1
404,host-2,3,0,14,3,0,0,0.106563,0,32000,3410,0.106563,131072,3389,0.025856,0,0,3
404,host-20,1,0,14,1,0,0,0.073781,0,32000,2361,0.073781,131072,2606,0.019882,0,0,1
404,host-21,1,0,14,1,0,0,0.044594,0,32000,1427,0.044594,131072,1225,0.009346,0,0,1
404,host-22,2,0,14,2,0,0,0.120063,0,32000,3842,0.120063,131072,2874,0.021927,0,0,2
404,host-23,3,0,14,3,0,0,0.117062,0,32000,3746,0.117062,131072,4028,0.030731,0,0,3
404,host-24,1,0,14,1,0,0,0.072156,0,32000,2309,0.072156,131072,2949,0.022499,0,0,1
404,host-3,3,0,14,3,0,0,0.122844,0,32000,3931,0.122844,131072,4953,0.037788,0,0,3
404,host-4,2,0,14,2,0,0,0.074344,0,32000,2379,0.074344,131072,1460,0.011139,0,0,2
404,host-5,2,0,14,2,0,0,0.077125,0,32000,2468,0.077125,131072,2025,0.015450,0,0,2
404,host-6,2,0,14,2,0,0,0.082125,0,32000,2628,0.082125,131072,2768,0.021118,0,0,2
404,host-7,3,0,14,3,0,0,0.125750,0,32000,4024,0.125750,131072,4231,0.032280,0,0,3
404,host-8,3,0,14,3,0,0,0.114875,0,32000,3676,0.114875,131072,3737,0.028511,0,0,3
404,host-9,1,0,14,1,0,0,0.066375,0,32000,2124,0.066375,131072,2384,0.018188,0,0,1
405,host-1,2,0,14,2,0,0,0.088344,0,32000,2827,0.088344,131072,3573,0.027260,0,0,2
405,host-10,2,0,14,2,0,0,0.099625,0,32000,3188,0.099625,131072,2824,0.021545,0,0,2
405,host-11,2,0,14,2,0,0,0.079750,0,32000,2552,0.079750,131072,2778,0.021194,0,0,2
405,host-12,2,0,14,2,0,0,0.103031,0,32000,3297,0.103031,131072,2895,0.022087,0,0,2
405,host-13,2,0,14,2,0,0,0.101750,0,32000,3256,0.101750,131072,3116,0.023773,0,0,2
405,host-14,1,0,14,1,0,0,0.065844,0,32000,2107,0.065844,131072,1863,0.014214,0,0,1
405,host-15,3,0,14,3,0,0,0.111125,0,32000,3556,0.111125,131072,4341,0.033119,0,0,3
405,host-16,2,1,14,2,1,0,0.094312,0,32000,3018,0.094312,131072,2743,0.020927,0,1,1
405,host-17,2,0,14,2,0,0,0.122281,0,32000,3913,0.122281,131072,3987,0.030418,0,0,2
405,host-18,2,0,14,2,0,0,0.141281,0,32000,4521,0.141281,131072,4984,0.038025,0,0,2
405,host-19,2,1,14,2,1,0,0.135063,0,32000,4322,0.135063,131072,4756,0.036285,1,0,1
405,host-2,2,0,14,2,0,0,0.072750,0,32000,2328,0.072750,131072,2089,0.015938,0,0,2
405,host-20,1,0,14,1,0,0,0.073781,0,32000,2361,0.073781,131072,2606,0.019882,0,0,1
405,host-21,2,1,14,2,1,0,0.102688,0,32000,3286,0.102688,131072,3831,0.029228,1,0,1
405,host-22,2,0,14,2,0,0,0.120063,0,32000,3842,0.120063,131072,2874,0.021927,0,0,2
405,host-23,3,0,14,3,0,0,0.117062,0,32000,3746,0.117062,131072,4028,0.030731,0,0,3
405,host-24,1,0,14,1,0,0,0.072156,0,32000,2309,0.072156,131072,2949,0.022499,0,0,1
405,host-3,3,0,14,3,0,0,0.122844,0,32000,3931,0.122844,131072,4953,0.037788,0,0,3
405,host-4,2,0,14,2,0,0,0.074344,0,32000,2379,0.074344,131072,1460,0.011139,0,0,2
405,host-5,2,0,14,2,0,0,0.077125,0,32000,2468,0.077125,131072,2025,0.015450,0,0,2
405,host-6,2,0,14,2,0,0,0.082125,0,32000,2628,0.082125,131072,2768,0.021118,0,0,2
405,host-7,3,0,14,3,0,0,0.125750,0,32000,4024,0.125750,131072,4231,0.032280,0,0,3
405,host-8,3,0,14,3,0,0,0.114875,0,32000,3676,0.114875,131072,3737,0.028511,0,0,3
405,host-9,1,0,14,1,0,0,0.066375,0,32000,2124,0.066375,131072,2384,0.018188,0,0,1
406,host-1,2,0,14,2,0,0,0.088344,0,32000,2827,0.088344,131072,3573,0.027260,0,0,2
406,host-10,2,0,14,2,0,0,0.099625,0,32000,3188,0.099625,131072,2824,0.021545,0,0,2
406,host-11,2,0,14,2,0,0,0.079750,0,32000,2552,0.079750,131072,2778,0.021194,0,0,2
406,host-12,2,0,14,2,0,0,0.103031,0,32000,3297,0.103031,131072,2895,0.022087,0,0,2
406,host-13,2,0,14,2,0,0,0.101750,0,32000,3256,0.101750,131072,3116,0.023773,0,0,2
406,host-14,1,0,14,1,0,0,0.065844,0,32000,2107,0.065844,131072,1863,0.014214,0,0,1
406,host-15,3,0,14,3,0,0,0.111125,0,32000,3556,0.111125,131072,4341,0.033119,0,0,3
406,host-16,2,0,14,2,0,0,0.094312,0,32000,3018,0.094312,131072,2743,0.020927,0,0,2
406,host-17,2,0,14,2,0,0,0.122281,0,32000,3913,0.122281,131072,3987,0.030418,0,0,2
406,host-18,2,0,14,2,0,0,0.141281,0,32000,4521,0.141281,131072,4984,0.038025,0,0,2
406,host-19,2,1,14,2,1,0,0.135063,0,32000,4322,0.135063,131072,4756,0.036285,1,0,1
406,host-2,2,0,14,2,0,0,0.072750,0,32000,2328,0.072750,131072,2089,0.015938,0,0,2
406,host-20,0,0,14,0,0,0,0.000000,0,32000,0,0.000000,131072,0,0.000000,0,0,0
406,host-21,2,1,14,2,1,0,0.102688,0,32000,3286,0.102688,131072,3831,0.029228,0,1,1
406,host-22,2,0,14,2,0,0,0.120063,0,32000,3842,0.120063,131072,2874,0.021927,0,0,2
406,host-23,3,0,14,3,0,0,0.117062,0,32000,3746,0.117062,131072,4028,0.030731,0,0,3
406,host-24,1,0,14,1,0,0,0.072156,0,32000,2309,0.072156,131072,2949,0.022499,0,0,1
406,host-3,3,0,14,3,0,0,0.122844,0,32000,3931,0.122844,131072,4953,0.037788,0,0,3
406,host-4,2,0,14,2,0,0,0.074344,0,32000,2379,0.074344,131072,1460,0.011139,0,0,2
406,host-5,2,0,14,2,0,0,0.077125,0,32000,2468,0.077125,131072,2025,0.015450,0,0,2
406,host-6,2,0,14,2,0,0,0.082125,0,32000,2628,0.082125,131072,2768,0.021118,0,0,2
406,host-7,3,0,14,3,0,0,0.125750,0,32000,4024,0.125750,131072,4231,0.032280,0,0,3
406,host-8,3,0,14,3,0,0,0.114875,0,32000,3676,0.114875,131072,3737,0.028511,0,0,3
406,host-9,1,0,14,1,0,0,0.066375,0,32000,2124,0.066375,131072,2384,0.018188,0,0,1
407,host-1,2,0,14,2,0,0,0.088344,0,32000,2827,0.088344,131072,3573,0.027260,0,0,2
407,host-10,2,0,14,2,0,0,0.099625,0,32000,3188,0.099625,131072,2824,0.021545,0,0,2
407,host-11,2,0,14,2,0,0,0.079750,0,32000,2552,0.079750,131072,2778,0.021194,0,0,2
407,host-12,2,0,14,2,0,0,0.103031,0,32000,3297,0.103031,131072,2895,0.022087,0,0,2
407,host-13,2,0,14,2,0,0,0.101750,0,32000,3256,0.101750,131072,3116,0.023773,0,0,2
407,host-14,1,0,14,1,0,0,0.065844,0,32000,2107,0.065844,131072,1863,0.014214,0,0,1
407,host-15,3,0,14,3,0,0,0.111125,0,32000,3556,0.111125,131072,4341,0.033119,0,0,3
407,host-16,2,0,14,2,0,0,0.094312,0,32000,3018,0.094312,131072,2743,0.020927,0,0,2
407,host-17,2,0,14,2,0,0,0.122281,0,32000,3913,0.122281,131072,3987,0.030418,0,0,2
407,host-18,2,0,14,2,0,0,0.141281,0,32000,4521,0.141281,131072,4984,0.038025,0,0,2
407,host-19,2,0,14,2,0,0,0.135063,0,32000,4322,0.135063,131072,4756,0.036285,0,0,2
407,host-2,2,0,14,2,0,0,0.072750,0,32000,2328,0.072750,131072,2089,0.015938,0,0,2
407,host-20,2,1,14,2,1,0,0.082062,0,32000,2626,0.082062,131072,2236,0.017059,1,0,1
407,host-21,2,0,14,2,0,0,0.102688,0,32000,3286,0.102688,131072,3831,0.029228,0,0,2
407,host-22,1,0,14,1,0,0,0.057906,0,32000,1853,0.057906,131072,1407,0.010735,0,0,1
407,host-23,3,0,14,3,0,0,0.117062,0,32000,3746,0.117062,131072,4028,0.030731,0,0,3
407,host-24,1,0,14,1,0,0,0.072156,0,32000,2309,0.072156,131072,2949,0.022499,0,0,1
407,host-3,3,0,14,3,0,0,0.122844,0,32000,3931,0.122844,131072,4953,0.037788,0,0,3
407,host-4,2,0,14,2,0,0,0.074344,0,32000,2379,0.074344,131072,1460,0.011139,0,0,2
407,host-5,2,0,14,2,0,0,0.077125,0,32000,2468,0.077125,131072,2025,0.015450,0,0,2
407,host-6,2,0,14,2,0,0,0.082125,0,32000,2628,0.082125,131072,2768,0.021118,0,0,2
407,host-7,3,0,14,3,0,0,0.125750,0,32000,4024,0.125750,131072,4231,0.032280,0,0,3
407,host-8,3,0,14,3,0,0,0.114875,0,32000,3676,0.114875,131072,3737,0.028511,0,0,3
407,host-9,1,0,14,1,0,0,0.066375,0,32000,2124,0.066375,131072,2384,0.018188,0,0,1
408,host-1,2,0,14,2,0,0,0.088344,0,32000,2827,0.088344,131072,3573,0.027260,0,0,2
408,host-10,2,0,14,2,0,0,0.099625,0,32000,3188,0.099625,131072,2824,0.021545,0,0,2
408,host-11,2,0,14,2,0,0,0.079750,0,32000,2552,0.079750,131072,2778,0.021194,0,0,2
408,host-12,2,0,14,2,0,0,0.103031,0,32000,3297,0.103031,131072,2895,0.022087,0,0,2
408,host-13,2,0,14,2,0,0,0.101750,0,32000,3256,0.101750,131072,3116,0.023773,0,0,2
408,host-14,2,1,14,2,1,0,0.091094,0,32000,2915,0.091094,131072,2337,0.017830,1,0,1
408,host-15,3,0,14,3,0,0,0.111125,0,32000,3556,0.111125,131072,4341,0.033119,0,0,3
408,host-16,2,0,14,2,0,0,0.094312,0,32000,3018,0.094312,131072,2743,0.020927,0,0,2
408,host-17,2,0,14,2,0,0,0.122281,0,32000,3913,0.122281,131072,3987,0.030418,0,0,2
408,host-18,2,0,14,2,0,0,0.141281,0,32000,4521,0.141281,131072,4984,0.038025,0,0,2
408,host-19,2,0,14,2,0,0,0.135063,0,32000,4322,0.135063,131072,4756,0.036285,0,0,2
408,host-2,3,1,14,3,1,0,0.117625,0,32000,3764,0.117625,131072,2902,0.022141,1,0,2
408,host-20,2,1,14,2,1,0,0.082062,0,32000,2626,0.082062,131072,2236,0.017059,1,0,1
408,host-21,2,0,14,2,0,0,0.102688,0,32000,3286,0.102688,131072,3831,0.029228,0,0,2
408,host-22,2,1,14,2,1,0,0.128438,0,32000,4110,0.128438,131072,3820,0.029144,1,0,1
408,host-23,3,0,14,3,0,0,0.117062,0,32000,3746,0.117062,131072,4028,0.030731,0,0,3
408,host-24,2,1,14,2,1,0,0.126719,0,32000,4055,0.126719,131072,4198,0.032028,1,0,1
408,host-3,3,0,14,3,0,0,0.122844,0,32000,3931,0.122844,131072,4953,0.037788,0,0,3
408,host-4,2,0,14,2,0,0,0.074344,0,32000,2379,0.074344,131072,1460,0.011139,0,0,2
408,host-5,2,0,14,2,0,0,0.077125,0,32000,2468,0.077125,131072,2025,0.015450,0,0,2
408,host-6,2,0,14,2,0,0,0.082125,0,32000,2628,0.082125,131072,2768,0.021118,0,0,2
408,host-7,3,0,14,3,0,0,0.125750,0,32000,4024,0.125750,131072,4231,0.032280,0,0,3
408,host-8,3,0,14,3,0,0,0.114875,0,32000,3676,0.114875,131072,3737,0.028511,0,0,3
408,host-9,2,1,14,2,1,0,0.124719,0,32000,3991,0.124719,131072,3572,0.027252,1,0,1
409,host-1,2,0,14,2,0,0,0.088344,0,32000,2827,0.088344,131072,3573,0.027260,0,0,2
409,host-10,2,0,14,2,0,0,0.099625,0,32000,3188,0.099625,131072,2824,0.021545,0,0,2
409,host-11,2,0,14,2,0,0,0.079750,0,32000,2552,0.079750,131072,2778,0.021194,0,0,2
409,host-12,2,0,14,2,0,0,0.103031,0,32000,3297,0.103031,131072,2895,0.022087,0,0,2
409,host-13,2,0,14,2,0,0,0.101750,0,32000,3256,0.101750,131072,3116,0.023773,0,0,2
409,host-14,2,0,14,2,0,0,0.091094,0,32000,2915,0.091094,131072,2337,0.017830,0,0,2
409,host-15,3,0,14,3,0,0,0.111125,0,32000,3556,0.111125,131072,4341,0.033119,0,0,3
409,host-16,2,0,14,2,0,0,0.094312,0,32000,3018,0.094312,131072,2743,0.020927,0,0,2
409,host-17,1,0,14,1,0,0,0.056438,0,32000,1806,0.056438,131072,2124,0.016205,0,0,1
409,host-18,2,0,14,2,0,0,0.141281,0,32000,4521,0.141281,131072,4984,0.038025,0,0,2
409,host-19,2,0,14,2,0,0,0.135063,0,32000,4322,0.135063,131072,4756,0.036285,0,0,2
409,host-2,2,1,14,2,1,0,0.093250,0,32000,2984,0.093250,131072,1856,0.014160,1,0,1
409,host-20,2,0,14,2,0,0,0.082062,0,32000,2626,0.082062,131072,2236,0.017059,0,0,2
409,host-21,2,0,14,2,0,0,0.102688,0,32000,3286,0.102688,131072,3831,0.029228,0,0,2
409,host-22,2,0,14,2,0,0,0.128438,0,32000,4110,0.128438,131072,3820,0.029144,0,0,2
409,host-23,3,0,14,3,0,0,0.117062,0,32000,3746,0.117062,131072,4028,0.030731,0,0,3
409,host-24,2,1,14,2,1,0,0.126719,0,32000,4055,0.126719,131072,4198,0.032028,1,0,1
409,host-3,2,0,14,2,0,0,0.069969,0,32000,2239,0.069969,131072,2931,0.022362,0,0,2
409,host-4,3,1,14,3,1,0,0.144875,0,32000,4636,0.144875,131072,3873,0.029549,1,0,2
409,host-5,2,0,14,2,0,0,0.077125,0,32000,2468,0.077125,131072,2025,0.015450,0,0,2
409,host-6,2,0,14,2,0,0,0.082125,0,32000,2628,0.082125,131072,2768,0.021118,0,0,2
409,host-7,3,0,14,3,0,0,0.125750,0,32000,4024,0.125750,131072,4231,0.032280,0,0,3
409,host-8,3,0,14,3,0,0,0.114875,0,32000,3676,0.114875,131072,3737,0.028511,0,0,3
409,host-9,2,1,14,2,1,0,0.124719,0,32000,3991,0.124719,131072,3572,0.027252,1,0,1
410,host-1,2,0,14,2,0,0,0.088344,0,32000,2827,0.088344,131072,3573,0.027260,0,0,2
410,host-10,2,0,14,2,0,0,0.099625,0,32000,3188,0.099625,131072,2824,0.021545,0,0,2
410,host-11,2,0,14,2,0,0,0.079750,0,32000,2552,0.079750,131072,2778,0.021194,0,0,2
410,host-12,2,0,14,2,0,0,0.103031,0,32000,3297,0.103031,131072,2895,0.022087,0,0,2
410,host-13,2,0,14,2,0,0,0.101750,0,32000,3256,0.101750,131072,3116,0.023773,0,0,2
410,host-14,1,1,14,1,1,0,0.025250,0,32000,808,0.025250,131072,474,0.003616,0,1,0
410,host-15,3,0,14,3,0,0,0.111125,0,32000,3556,0.111125,131072,4341,0.033119,0,0,3
410,host-16,2,0,14,2,0,0,0.094312,0,32000,3018,0.094312,131072,2743,0.020927,0,0,2
410,host-17,1,0,14,1,0,0,0.056438,0,32000,1806,0.056438,131072,2124,0.016205,0,0,1
410,host-18,2,0,14,2,0,0,0.141281,0,32000,4521,0.141281,131072,4984,0.038025,0,0,2
410,host-19,2,0,14,2,0,0,0.135063,0,32000,4322,0.135063,131072,4756,0.036285,0,0,2
410,host-2,2,0,14,2,0,0,0.093250,0,32000,2984,0.093250,131072,1856,0.014160,0,0,2
410,host-20,2,0,14,2,0,0,0.082062,0,32000,2626,0.082062,131072,2236,0.017059,0,0,2
410,host-21,2,0,14,2,0,0,0.102688,0,32000,3286,0.102688,131072,3831,0.029228,0,0,2
410,host-22,2,0,14,2,0,0,0.128438,0,32000,4110,0.128438,131072,3820,0.029144,0,0,2
410,host-23,1,0,14,1,0,0,0.051437,0,32000,1646,0.051437,131072,1241,0.009468,0,0,1
410,host-24,2,0,14,2,0,0,0.126719,0,32000,4055,0.126719,131072,4198,0.032028,0,0,2
410,host-3,2,0,14,2,0,0,0.069969,0,32000,2239,0.069969,131072,2931,0.022362,0,0,2
410,host-4,3,0,14,3,0,0,0.144875,0,32000,4636,0.144875,131072,3873,0.029549,0,0,3
410,host-5,2,0,14,2,0,0,0.077125,0,32000,2468,0.077125,131072,2025,0.015450,0,0,2
410,host-6,2,0,14,2,0,0,0.082125,0,32000,2628,0.082125,131072,2768,0.021118,0,0,2
410,host-7,3,0,14,3,0,0,0.125750,0,32000,4024,0.125750,131072,4231,0.032280,0,0,3
410,host-8,3,0,14,3,0,0,0.114875,0,32000,3676,0.114875,131072,3737,0.028511,0,0,3
410,host-9,2,0,14,2,0,0,0.124719,0,32000,3991,0.124719,131072,3572,0.027252,0,0,2
411,host-1,2,0,14,2,0,0,0.088344,0,32000,2827,0.088344,131072,3573,0.027260,0,0,2
411,host-10,2,0,14,2,0,0,0.099625,0,32000,3188,0.099625,131072,2824,0.021545,0,0,2
411,host-11,2,1,14,2,1,0,0.099531,0,32000,3185,0.099531,131072,2415,0.018425,1,0,1
411,host-12,2,0,14,2,0,0,0.103031,0,32000,3297,0.103031,131072,2895,0.022087,0,0,2
411,host-13,2,0,14,2,0,0,0.101750,0,32000,3256,0.101750,131072,3116,0.023773,0,0,2
411,host-14,3,2,14,3,2,0,0.088344,0,32000,2827,0.088344,131072,2564,0.019562,2,0,1
411,host-15,2,0,14,2,0,0,0.058188,0,32000,1862,0.058188,131072,2080,0.015869,0,0,2
411,host-16,2,0,14,2,0,0,0.094312,0,32000,3018,0.094312,131072,2743,0.020927,0,0,2
411,host-17,2,1,14,2,1,0,0.119625,0,32000,3828,0.119625,131072,4393,0.033516,1,0,1
411,host-18,2,0,14,2,0,0,0.141281,0,32000,4521,0.141281,131072,4984,0.038025,0,0,2
411,host-19,1,0,14,1,0,0,0.071875,0,32000,2300,0.071875,131072,2487,0.018974,0,0,1
411,host-2,2,0,14,2,0,0,0.093250,0,32000,2984,0.093250,131072,1856,0.014160,0,0,2
411,host-20,2,0,14,2,0,0,0.082062,0,32000,2626,0.082062,131072,2236,0.017059,0,0,2
411,host-21,2,0,14,2,0,0,0.102688,0,32000,3286,0.102688,131072,3831,0.029228,0,0,2
411,host-22,2,0,14,2,0,0,0.128438,0,32000,4110,0.128438,131072,3820,0.029144,0,0,2
411,host-23,2,1,14,2,1,0,0.082906,0,32000,2653,0.082906,131072,1949,0.014870,1,0,1
411,host-24,2,0,14,2,0,0,0.126719,0,32000,4055,0.126719,131072,4198,0.032028,0,0,2
411,host-3,2,0,14,2,0,0,0.069969,0,32000,2239,0.069969,131072,2931,0.022362,0,0,2
411,host-4,3,0,14,3,0,0,0.144875,0,32000,4636,0.144875,131072,3873,0.029549,0,0,3
411,host-5,2,0,14,2,0,0,0.077125,0,32000,2468,0.077125,131072,2025,0.015450,0,0,2
411,host-6,2,0,14,2,0,0,0.082125,0,32000,2628,0.082125,131072,2768,0.021118,0,0,2
411,host-7,3,0,14,3,0,0,0.125750,0,32000,4024,0.125750,131072,4231,0.032280,0,0,3
411,host-8,2,0,14,2,0,0,0.070406,0,32000,2253,0.070406,131072,1819,0.013878,0,0,2
411,host-9,2,0,14,2,0,0,0.124719,0,32000,3991,0.124719,131072,3572,0.027252,0,0,2
412,host-1,2,0,14,2,0,0,0.088344,0,32000,2827,0.088344,131072,3573,0.027260,0,0,2
412,host-10,2,0,14,2,0,0,0.099625,0,32000,3188,0.099625,131072,2824,0.021545,0,0,2
412,host-11,2,1,14,2,1,0,0.099531,0,32000,3185,0.099531,131072,2415,0.018425,1,0,1
412,host-12,2,0,14,2,0,0,0.103031,0,32000,3297,0.103031,131072,2895,0.022087,0,0,2
412,host-13,2,0,14,2,0,0,0.101750,0,32000,3256,0.101750,131072,3116,0.023773,0,0,2
412,host-14,3,1,14,3,1,0,0.088344,0,32000,2827,0.088344,131072,2564,0.019562,0,1,2
412,host-15,2,0,14,2,0,0,0.058188,0,32000,1862,0.058188,131072,2080,0.015869,0,0,2
412,host-16,2,0,14,2,0,0,0.094312,0,32000,3018,0.094312,131072,2743,0.020927,0,0,2
412,host-17,2,0,14,2,0,0,0.119625,0,32000,3828,0.119625,131072,4393,0.033516,0,0,2
412,host-18,2,0,14,2,0,0,0.141281,0,32000,4521,0.141281,131072,4984,0.038025,0,0,2
412,host-19,1,0,14,1,0,0,0.071875,0,32000,2300,0.071875,131072,2487,0.018974,0,0,1
412,host-2,2,0,14,2,0,0,0.093250,0,32000,2984,0.093250,131072,1856,0.014160,0,0,2
412,host-20,2,0,14,2,0,0,0.082062,0,32000,2626,0.082062,131072,2236,0.017059,0,0,2
412,host-21,2,0,14,2,0,0,0.102688,0,32000,3286,0.102688,131072,3831,0.029228,0,0,2
412,host-22,2,0,14,2,0,0,0.128438,0,32000,4110,0.128438,131072,3820,0.029144,0,0,2
412,host-23,2,0,14,2,0,0,0.082906,0,32000,2653,0.082906,131072,1949,0.014870,0,0,2
412,host-24,2,0,14,2,0,0,0.126719,0,32000,4055,0.126719,131072,4198,0.032028,0,0,2
412,host-3,2,1,14,2,1,0,0.069969,0,32000,2239,0.069969,131072,2931,0.022362,0,1,1
412,host-4,3,0,14,3,0,0,0.144875,0,32000,4636,0.144875,131072,3873,0.029549,0,0,3
412,host-5,2,0,14,2,0,0,0.077125,0,32000,2468,0.077125,131072,2025,0.015450,0,0,2
412,host-6,2,0,14,2,0,0,0.082125,0,32000,2628,0.082125,131072,2768,0.021118,0,0,2
412,host-7,2,0,14,2,0,0,0.067906,0,32000,2173,0.067906,131072,1919,0.014641,0,0,2
412,host-8,2,0,14,2,0,0,0.070406,0,32000,2253,0.070406,131072,1819,0.013878,0,0,2
412,host-9,2,0,14,2,0,0,0.124719,0,32000,3991,0.124719,131072,3572,0.027252,0,0,2
413,host-1,1,0,14,1,0,0,0.030500,0,32000,976,0.030500,131072,1261,0.009621,0,0,1
413,host-10,2,0,14,2,0,0,0.099625,0,32000,3188,0.099625,131072,2824,0.021545,0,0,2
413,host-11,2,0,14,2,0,0,0.099531,0,32000,3185,0.099531,131072,2415,0.018425,0,0,2
413,host-12,2,0,14,2,0,0,0.103031,0,32000,3297,0.103031,131072,2895,0.022087,0,0,2
413,host-13,2,0,14,2,0,0,0.101750,0,32000,3256,0.101750,131072,3116,0.023773,0,0,2
413,host-14,3,0,14,3,0,0,0.088344,0,32000,2827,0.088344,131072,2564,0.019562,0,0,3
413,host-15,3,1,14,3,1,0,0.113219,0,32000,3623,0.113219,131072,3347,0.025536,1,0,2
413,host-16,2,0,14,2,0,0,0.094312,0,32000,3018,0.094312,131072,2743,0.020927,0,0,2
413,host-17,1,0,14,1,0,0,0.063187,0,32000,2022,0.063187,131072,2269,0.017311,0,0,1
413,host-18,2,0,14,2,0,0,0.141281,0,32000,4521,0.141281,131072,4984,0.038025,0,0,2
413,host-19,1,0,14,1,0,0,0.071875,0,32000,2300,0.071875,131072,2487,0.018974,0,0,1
413,host-2,2,0,14,2,0,0,0.093250,0,32000,2984,0.093250,131072,1856,0.014160,0,0,2
413,host-20,2,0,14,2,0,0,0.082062,0,32000,2626,0.082062,131072,2236,0.017059,0,0,2
413,host-21,1,0,14,1,0,0,0.058094,0,32000,1859,0.058094,131072,2606,0.019882,0,0,1
413,host-22,2,0,14,2,0,0,0.128438,0,32000,4110,0.128438,131072,3820,0.029144,0,0,2
413,host-23,2,0,14,2,0,0,0.082906,0,32000,2653,0.082906,131072,1949,0.014870,0,0,2
413,host-24,2,0,14,2,0,0,0.126719,0,32000,4055,0.126719,131072,4198,0.032028,0,0,2
413,host-3,2,0,14,2,0,0,0.069969,0,32000,2239,0.069969,131072,2931,0.022362,0,0,2
413,host-4,3,0,14,3,0,0,0.144875,0,32000,4636,0.144875,131072,3873,0.029549,0,0,3
413,host-5,2,0,14,2,0,0,0.077125,0,32000,2468,0.077125,131072,2025,0.015450,0,0,2
413,host-6,2,0,14,2,0,0,0.082125,0,32000,2628,0.082125,131072,2768,0.021118,0,0,2
413,host-7,3,1,14,3,1,0,0.111031,0,32000,3553,0.111031,131072,3168,0.024170,1,0,2
413,host-8,2,0,14,2,0,0,0.070406,0,32000,2253,0.070406,131072,1819,0.013878,0,0,2
413,host-9,2,0,14,2,0,0,0.124719,0,32000,3991,0.124719,131072,3572,0.027252,0,0,2
414,host-1,1,0,14,1,0,0,0.030500,0,32000,976,0.030500,131072,1261,0.009621,0,0,1
414,host-10,2,0,14,2,0,0,0.099625,0,32000,3188,0.099625,131072,2824,0.021545,0,0,2
414,host-11,2,0,14,2,0,0,0.099531,0,32000,3185,0.099531,131072,2415,0.018425,0,0,2
414,host-12,2,0,14,2,0,0,0.103031,0,32000,3297,0.103031,131072,2895,0.022087,0,0,2
414,host-13,2,0,14,2,0,0,0.101750,0,32000,3256,0.101750,131072,3116,0.023773,0,0,2
414,host-14,3,0,14,3,0,0,0.088344,0,32000,2827,0.088344,131072,2564,0.019562,0,0,3
414,host-15,3,0,14,3,0,0,0.113219,0,32000,3623,0.113219,131072,3347,0.025536,0,0,3
414,host-16,2,0,14,2,0,0,0.094312,0,32000,3018,0.094312,131072,2743,0.020927,0,0,2
414,host-17,1,1,14,1,1,0,0.063187,0,32000,2022,0.063187,131072,2269,0.017311,0,1,0
414,host-18,2,0,14,2,0,0,0.141281,0,32000,4521,0.141281,131072,4984,0.038025,0,0,2
414,host-19,1,0,14,1,0,0,0.071875,0,32000,2300,0.071875,131072,2487,0.018974,0,0,1
414,host-2,2,0,14,2,0,0,0.093250,0,32000,2984,0.093250,131072,1856,0.014160,0,0,2
414,host-20,2,0,14,2,0,0,0.082062,0,32000,2626,0.082062,131072,2236,0.017059,0,0,2
414,host-21,1,0,14,1,0,0,0.058094,0,32000,1859,0.058094,131072,2606,0.019882,0,0,1
414,host-22,2,0,14,2,0,0,0.128438,0,32000,4110,0.128438,131072,3820,0.029144,0,0,2
414,host-23,2,0,14,2,0,0,0.082906,0,32000,2653,0.082906,131072,1949,0.014870,0,0,2
414,host-24,1,0,14,1,0,0,0.054562,0,32000,1746,0.054562,131072,1249,0.009529,0,0,1
414,host-3,2,0,14,2,0,0,0.069969,0,32000,2239,0.069969,131072,2931,0.022362,0,0,2
414,host-4,3,0,14,3,0,0,0.144875,0,32000,4636,0.144875,131072,3873,0.029549,0,0,3
414,host-5,2,0,14,2,0,0,0.077125,0,32000,2468,0.077125,131072,2025,0.015450,0,0,2
414,host-6,2,0,14,2,0,0,0.082125,0,32000,2628,0.082125,131072,2768,0.021118,0,0,2
414,host-7,3,0,14,3,0,0,0.111031,0,32000,3553,0.111031,131072,3168,0.024170,0,0,3
414,host-8,2,0,14,2,0,0,0.070406,0,32000,2253,0.070406,131072,1819,0.013878,0,0,2
414,host-9,2,0,14,2,0,0,0.124719,0,32000,3991,0.124719,131072,3572,0.027252,0,0,2
415,host-1,1,0,14,1,0,0,0.030500,0,32000,976,0.030500,131072,1261,0.009621,0,0,1
415,host-10,2,0,14,2,0,0,0.099625,0,32000,3188,0.099625,131072,2824,0.021545,0,0,2
415,host-11,2,0,14,2,0,0,0.099531,0,32000,3185,0.099531,131072,2415,0.018425,0,0,2
415,host-12,2,0,14,2,0,0,0.103031,0,32000,3297,0.103031,131072,2895,0.022087,0,0,2
415,host-13,2,1,14,2,1,0,0.101750,0,32000,3256,0.101750,131072,3116,0.023773,0,1,1
415,host-14,3,0,14,3,0,0,0.088344,0,32000,2827,0.088344,131072,2564,0.019562,0,0,3
415,host-15,2,0,14,2,0,0,0.085437,0,32000,2734,0.085437,131072,2825,0.021553,0,0,2
415,host-16,2,0,14,2,0,0,0.094312,0,32000,3018,0.094312,131072,2743,0.020927,0,0,2
415,host-17,1,0,14,1,0,0,0.063187,0,32000,2022,0.063187,131072,2269,0.017311,0,0,1
415,host-18,2,0,14,2,0,0,0.141281,0,32000,4521,0.141281,131072,4984,0.038025,0,0,2
415,host-19,1,0,14,1,0,0,0.071875,0,32000,2300,0.071875,131072,2487,0.018974,0,0,1
415,host-2,2,0,14,2,0,0,0.093250,0,32000,2984,0.093250,131072,1856,0.014160,0,0,2
415,host-20,2,0,14,2,0,0,0.082062,0,32000,2626,0.082062,131072,2236,0.017059,0,0,2
415,host-21,1,0,14,1,0,0,0.058094,0,32000,1859,0.058094,131072,2606,0.019882,0,0,1
415,host-22,2,0,14,2,0,0,0.128438,0,32000,4110,0.128438,131072,3820,0.029144,0,0,2
415,host-23,2,0,14,2,0,0,0.082906,0,32000,2653,0.082906,131072,1949,0.014870,0,0,2
415,host-24,1,0,14,1,0,0,0.054562,0,32000,1746,0.054562,131072,1249,0.009529,0,0,1
415,host-3,2,0,14,2,0,0,0.069969,0,32000,2239,0.069969,131072,2931,0.022362,0,0,2
415,host-4,3,0,14,3,0,0,0.144875,0,32000,4636,0.144875,131072,3873,0.029549,0,0,3
415,host-5,2,0,14,2,0,0,0.077125,0,32000,2468,0.077125,131072,2025,0.015450,0,0,2
415,host-6,1,0,14,1,0,0,0.052562,0,32000,1682,0.052562,131072,1753,0.013374,0,0,1
415,host-7,2,0,14,2,0,0,0.081469,0,32000,2607,0.081469,131072,2153,0.016426,0,0,2
415,host-8,2,0,14,2,0,0,0.070406,0,32000,2253,0.070406,131072,1819,0.013878,0,0,2
415,host-9,2,0,14,2,0,0,0.124719,0,32000,3991,0.124719,131072,3572,0.027252,0,0,2
416,host-1,1,0,14,1,0,0,0.030500,0,32000,976,0.030500,131072,1261,0.009621,0,0,1
416,host-10,2,0,14,2,0,0,0.099625,0,32000,3188,0.099625,131072,2824,0.021545,0,0,2
416,host-11,2,0,14,2,0,0,0.099531,0,32000,3185,0.099531,131072,2415,0.018425,0,0,2
416,host-12,2,0,14,2,0,0,0.103031,0,32000,3297,0.103031,131072,2895,0.022087,0,0,2
416,host-13,2,0,14,2,0,0,0.101750,0,32000,3256,0.101750,131072,3116,0.023773,0,0,2
416,host-14,3,0,14,3,0,0,0.088344,0,32000,2827,0.088344,131072,2564,0.019562,0,0,3
416,host-15,2,0,14,2,0,0,0.085437,0,32000,2734,0.085437,131072,2825,0.021553,0,0,2
416,host-16,2,0,14,2,0,0,0.094312,0,32000,3018,0.094312,131072,2743,0.020927,0,0,2
416,host-17,1,0,14,1,0,0,0.063187,0,32000,2022,0.063187,131072,2269,0.017311,0,0,1
416,host-18,2,0,14,2,0,0,0.141281,0,32000,4521,0.141281,131072,4984,0.038025,0,0,2
416,host-19,1,0,14,1,0,0,0.071875,0,32000,2300,0.071875,131072,2487,0.018974,0,0,1
416,host-2,2,0,14,2,0,0,0.093250,0,32000,2984,0.093250,131072,1856,0.014160,0,0,2
416,host-20,2,0,14,2,0,0,0.082062,0,32000,2626,0.082062,131072,2236,0.017059,0,0,2
416,host-21,1,0,14,1,0,0,0.058094,0,32000,1859,0.058094,131072,2606,0.019882,0,0,1
416,host-22,2,0,14,2,0,0,0.128438,0,32000,4110,0.128438,131072,3820,0.029144,0,0,2
416,host-23,2,0,14,2,0,0,0.082906,0,32000,2653,0.082906,131072,1949,0.014870,0,0,2
416,host-24,1,0,14,1,0,0,0.054562,0,32000,1746,0.054562,131072,1249,0.009529,0,0,1
416,host-3,2,0,14,2,0,0,0.069969,0,32000,2239,0.069969,131072,2931,0.022362,0,0,2
416,host-4,3,0,14,3,0,0,0.144875,0,32000,4636,0.144875,131072,3873,0.029549,0,0,3
416,host-5,2,0,14,2,0,0,0.077125,0,32000,2468,0.077125,131072,2025,0.015450,0,0,2
416,host-6,1,0,14,1,0,0,0.052562,0,32000,1682,0.052562,131072,1753,0.013374,0,0,1
416,host-7,2,0,14,2,0,0,0.081469,0,32000,2607,0.081469,131072,2153,0.016426,0,0,2
416,host-8,2,0,14,2,0,0,0.070406,0,32000,2253,0.070406,131072,1819,0.013878,0,0,2
416,host-9,2,0,14,2,0,0,0.124719,0,32000,3991,0.124719,131072,3572,0.027252,0,0,2
417,host-1,1,0,14,1,0,0,0.030500,0,32000,976,0.030500,131072,1261,0.009621,0,0,1
417,host-10,2,0,14,2,0,0,0.099625,0,32000,3188,0.099625,131072,2824,0.021545,0,0,2
417,host-11,2,0,14,2,0,0,0.099531,0,32000,3185,0.099531,131072,2415,0.018425,0,0,2
417,host-12,2,0,14,2,0,0,0.103031,0,32000,3297,0.103031,131072,2895,0.022087,0,0,2
417,host-13,2,0,14,2,0,0,0.101750,0,32000,3256,0.101750,131072,3116,0.023773,0,0,2
417,host-14,3,0,14,3,0,0,0.088344,0,32000,2827,0.088344,131072,2564,0.019562,0,0,3
417,host-15,2,0,14,2,0,0,0.085437,0,32000,2734,0.085437,131072,2825,0.021553,0,0,2
417,host-16,2,0,14,2,0,0,0.094312,0,32000,3018,0.094312,131072,2743,0.020927,0,0,2
417,host-17,1,0,14,1,0,0,0.063187,0,32000,2022,0.063187,131072,2269,0.017311,0,0,1
417,host-18,2,0,14,2,0,0,0.141281,0,32000,4521,0.141281,131072,4984,0.038025,0,0,2
417,host-19,1,0,14,1,0,0,0.071875,0,32000,2300,0.071875,131072,2487,0.018974,0,0,1
417,host-2,2,0,14,2,0,0,0.093250,0,32000,2984,0.093250,131072,1856,0.014160,0,0,2
417,host-20,2,0,14,2,0,0,0.082062,0,32000,2626,0.082062,131072,2236,0.017059,0,0,2
417,host-21,1,0,14,1,0,0,0.058094,0,32000,1859,0.058094,131072,2606,0.019882,0,0,1
417,host-22,2,0,14,2,0,0,0.128438,0,32000,4110,0.128438,131072,3820,0.029144,0,0,2
417,host-23,2,0,14,2,0,0,0.082906,0,32000,2653,0.082906,131072,1949,0.014870,0,0,2
417,host-24,1,0,14,1,0,0,0.054562,0,32000,1746,0.054562,131072,1249,0.009529,0,0,1
417,host-3,2,0,14,2,0,0,0.069969,0,32000,2239,0.069969,131072,2931,0.022362,0,0,2
417,host-4,3,0,14,3,0,0,0.144875,0,32000,4636,0.144875,131072,3873,0.029549,0,0,3
417,host-5,2,0,14,2,0,0,0.077125,0,32000,2468,0.077125,131072,2025,0.015450,0,0,2
417,host-6,1,0,14,1,0,0,0.052562,0,32000,1682,0.052562,131072,1753,0.013374,0,0,1
417,host-7,2,0,14,2,0,0,0.081469,0,32000,2607,0.081469,131072,2153,0.016426,0,0,2
417,host-8,2,0,14,2,0,0,0.070406,0,32000,2253,0.070406,131072,1819,0.013878,0,0,2
417,host-9,1,0,14,1,0,0,0.058344,0,32000,1867,0.058344,131072,1188,0.009064,0,0,1
418,host-1,1,0,14,1,0,0,0.030500,0,32000,976,0.030500,131072,1261,0.009621,0,0,1
418,host-10,2,0,14,2,0,0,0.099625,0,32000,3188,0.099625,131072,2824,0.021545,0,0,2
418,host-11,1,0,14,1,0,0,0.055031,0,32000,1761,0.055031,131072,1267,0.009666,0,0,1
418,host-12,2,0,14,2,0,0,0.103031,0,32000,3297,0.103031,131072,2895,0.022087,0,0,2
418,host-13,2,0,14,2,0,0,0.101750,0,32000,3256,0.101750,131072,3116,0.023773,0,0,2
418,host-14,3,0,14,3,0,0,0.088344,0,32000,2827,0.088344,131072,2564,0.019562,0,0,3
418,host-15,2,0,14,2,0,0,0.085437,0,32000,2734,0.085437,131072,2825,0.021553,0,0,2
418,host-16,2,0,14,2,0,0,0.094312,0,32000,3018,0.094312,131072,2743,0.020927,0,0,2
418,host-17,1,0,14,1,0,0,0.063187,0,32000,2022,0.063187,131072,2269,0.017311,0,0,1
418,host-18,2,0,14,2,0,0,0.141281,0,32000,4521,0.141281,131072,4984,0.038025,0,0,2
418,host-19,1,0,14,1,0,0,0.071875,0,32000,2300,0.071875,131072,2487,0.018974,0,0,1
418,host-2,1,0,14,1,0,0,0.044875,0,32000,1436,0.044875,131072,813,0.006203,0,0,1
418,host-20,2,0,14,2,0,0,0.082062,0,32000,2626,0.082062,131072,2236,0.017059,0,0,2
418,host-21,1,0,14,1,0,0,0.058094,0,32000,1859,0.058094,131072,2606,0.019882,0,0,1
418,host-22,2,0,14,2,0,0,0.128438,0,32000,4110,0.128438,131072,3820,0.029144,0,0,2
418,host-23,2,0,14,2,0,0,0.082906,0,32000,2653,0.082906,131072,1949,0.014870,0,0,2
418,host-24,1,0,14,1,0,0,0.054562,0,32000,1746,0.054562,131072,1249,0.009529,0,0,1
418,host-3,2,0,14,2,0,0,0.069969,0,32000,2239,0.069969,131072,2931,0.022362,0,0,2
418,host-4,3,0,14,3,0,0,0.144875,0,32000,4636,0.144875,131072,3873,0.029549,0,0,3
418,host-5,1,0,14,1,0,0,0.031938,0,32000,1022,0.031938,131072,581,0.004433,0,0,1
418,host-6,1,0,14,1,0,0,0.052562,0,32000,1682,0.052562,131072,1753,0.013374,0,0,1
418,host-7,2,0,14,2,0,0,0.081469,0,32000,2607,0.081469,131072,2153,0.016426,0,0,2
418,host-8,2,0,14,2,0,0,0.070406,0,32000,2253,0.070406,131072,1819,0.013878,0,0,2
418,host-9,1,0,14,1,0,0,0.058344,0,32000,1867,0.058344,131072,1188,0.009064,0,0,1
419,host-1,1,0,14,1,0,0,0.030500,0,32000,976,0.030500,131072,1261,0.009621,0,0,1
419,host-10,2,0,14,2,0,0,0.099625,0,32000,3188,0.099625,131072,2824,0.021545,0,0,2
419,host-11,1,0,14,1,0,0,0.055031,0,32000,1761,0.055031,131072,1267,0.009666,0,0,1
419,host-12,2,0,14,2,0,0,0.103031,0,32000,3297,0.103031,131072,2895,0.022087,0,0,2
419,host-13,2,0,14,2,0,0,0.101750,0,32000,3256,0.101750,131072,3116,0.023773,0,0,2
419,host-14,3,0,14,3,0,0,0.088344,0,32000,2827,0.088344,131072,2564,0.019562,0,0,3
419,host-15,2,0,14,2,0,0,0.085437,0,32000,2734,0.085437,131072,2825,0.021553,0,0,2
419,host-16,2,0,14,2,0,0,0.094312,0,32000,3018,0.094312,131072,2743,0.020927,0,0,2
419,host-17,1,0,14,1,0,0,0.063187,0,32000,2022,0.063187,131072,2269,0.017311,0,0,1
419,host-18,1,0,14,1,0,0,0.077219,0,32000,2471,0.077219,131072,2298,0.017532,0,0,1
419,host-19,1,0,14,1,0,0,0.071875,0,32000,2300,0.071875,131072,2487,0.018974,0,0,1
419,host-2,1,0,14,1,0,0,0.044875,0,32000,1436,0.044875,131072,813,0.006203,0,0,1
419,host-20,2,0,14,2,0,0,0.082062,0,32000,2626,0.082062,131072,2236,0.017059,0,0,2
419,host-21,1,0,14,1,0,0,0.058094,0,32000,1859,0.058094,131072,2606,0.019882,0,0,1
419,host-22,2,0,14,2,0,0,0.128438,0,32000,4110,0.128438,131072,3820,0.029144,0,0,2
419,host-23,2,0,14,2,0,0,0.082906,0,32000,2653,0.082906,131072,1949,0.014870,0,0,2
419,host-24,1,0,14,1,0,0,0.054562,0,32000,1746,0.054562,131072,1249,0.009529,0,0,1
419,host-3,2,0,14,2,0,0,0.069969,0,32000,2239,0.069969,131072,2931,0.022362,0,0,2
419,host-4,3,0,14,3,0,0,0.144875,0,32000,4636,0.144875,131072,3873,0.029549,0,0,3
419,host-5,1,0,14,1,0,0,0.031938,0,32000,1022,0.031938,131072,581,0.004433,0,0,1
419,host-6,1,1,14,1,1,0,0.052562,0,32000,1682,0.052562,131072,1753,0.013374,0,1,0
419,host-7,2,0,14,2,0,0,0.081469,0,32000,2607,0.081469,131072,2153,0.016426,0,0,2
419,host-8,2,0,14,2,0,0,0.070406,0,32000,2253,0.070406,131072,1819,0.013878,0,0,2
419,host-9,1,0,14,1,0,0,0.058344,0,32000,1867,0.058344,131072,1188,0.009064,0,0,1
420,host-1,2,0,14,2,0,0,0.071813,0,32000,2298,0.071813,131072,2644,0.020172,0,0,2
420,host-10,2,0,14,2,0,0,0.099625,0,32000,3188,0.099625,131072,2824,0.021545,0,0,2
420,host-11,1,0,14,1,0,0,0.055031,0,32000,1761,0.055031,131072,1267,0.009666,0,0,1
420,host-12,2,0,14,2,0,0,0.103031,0,32000,3297,0.103031,131072,2895,0.022087,0,0,2
420,host-13,2,0,14,2,0,0,0.101750,0,32000,3256,0.101750,131072,3116,0.023773,0,0,2
420,host-14,3,0,14,3,0,0,0.088344,0,32000,2827,0.088344,131072,2564,0.019562,0,0,3
420,host-15,2,0,14,2,0,0,0.085437,0,32000,2734,0.085437,131072,2825,0.021553,0,0,2
420,host-16,2,0,14,2,0,0,0.094312,0,32000,3018,0.094312,131072,2743,0.020927,0,0,2
420,host-17,1,0,14,1,0,0,0.063187,0,32000,2022,0.063187,131072,2269,0.017311,0,0,1
420,host-18,1,0,14,1,0,0,0.077219,0,32000,2471,0.077219,131072,2298,0.017532,0,0,1
420,host-19,1,0,14,1,0,0,0.071875,0,32000,2300,0.071875,131072,2487,0.018974,0,0,1
420,host-2,1,0,14,1,0,0,0.044875,0,32000,1436,0.044875,131072,813,0.006203,0,0,1
420,host-20,2,0,14,2,0,0,0.082062,0,32000,2626,0.082062,131072,2236,0.017059,0,0,2
420,host-21,1,0,14,1,0,0,0.058094,0,32000,1859,0.058094,131072,2606,0.019882,0,0,1
420,host-22,2,0,14,2,0,0,0.128438,0,32000,4110,0.128438,131072,3820,0.029144,0,0,2
420,host-23,2,0,14,2,0,0,0.082906,0,32000,2653,0.082906,131072,1949,0.014870,0,0,2
420,host-24,1,0,14,1,0,0,0.054562,0,32000,1746,0.054562,131072,1249,0.009529,0,0,1
420,host-3,2,0,14,2,0,0,0.069969,0,32000,2239,0.069969,131072,2931,0.022362,0,0,2
420,host-4,3,0,14,3,0,0,0.144875,0,32000,4636,0.144875,131072,3873,0.029549,0,0,3
420,host-5,2,1,14,2,1,0,0.086875,0,32000,2780,0.086875,131072,2399,0.018303,1,0,1
420,host-6,1,0,14,1,0,0,0.052562,0,32000,1682,0.052562,131072,1753,0.013374,0,0,1
420,host-7,2,0,14,2,0,0,0.081469,0,32000,2607,0.081469,131072,2153,0.016426,0,0,2
420,host-8,2,0,14,2,0,0,0.070406,0,32000,2253,0.070406,131072,1819,0.013878,0,0,2
420,host-9,1,0,14,1,0,0,0.058344,0,32000,1867,0.058344,131072,1188,0.009064,0,0,1
421,host-1,1,0,14,1,0,0,0.041313,0,32000,1322,0.041313,131072,1383,0.010551,0,0,1
421,host-10,2,0,14,2,0,0,0.099625,0,32000,3188,0.099625,131072,2824,0.021545,0,0,2
421,host-11,1,0,14,1,0,0,0.055031,0,32000,1761,0.055031,131072,1267,0.009666,0,0,1
421,host-12,1,0,14,1,0,0,0.031938,0,32000,1022,0.031938,131072,581,0.004433,0,0,1
421,host-13,2,0,14,2,0,0,0.101750,0,32000,3256,0.101750,131072,3116,0.023773,0,0,2
421,host-14,3,0,14,3,0,0,0.088344,0,32000,2827,0.088344,131072,2564,0.019562,0,0,3
421,host-15,1,0,14,1,0,0,0.055031,0,32000,1761,0.055031,131072,1267,0.009666,0,0,1
421,host-16,2,0,14,2,0,0,0.094312,0,32000,3018,0.094312,131072,2743,0.020927,0,0,2
421,host-17,1,0,14,1,0,0,0.063187,0,32000,2022,0.063187,131072,2269,0.017311,0,0,1
421,host-18,1,0,14,1,0,0,0.077219,0,32000,2471,0.077219,131072,2298,0.017532,0,0,1
421,host-19,1,0,14,1,0,0,0.071875,0,32000,2300,0.071875,131072,2487,0.018974,0,0,1
421,host-2,1,0,14,1,0,0,0.044875,0,32000,1436,0.044875,131072,813,0.006203,0,0,1
421,host-20,2,0,14,2,0,0,0.082062,0,32000,2626,0.082062,131072,2236,0.017059,0,0,2
421,host-21,1,0,14,1,0,0,0.058094,0,32000,1859,0.058094,131072,2606,0.019882,0,0,1
421,host-22,2,0,14,2,0,0,0.128438,0,32000,4110,0.128438,131072,3820,0.029144,0,0,2
421,host-23,2,0,14,2,0,0,0.082906,0,32000,2653,0.082906,131072,1949,0.014870,0,0,2
421,host-24,1,0,14,1,0,0,0.054562,0,32000,1746,0.054562,131072,1249,0.009529,0,0,1
421,host-3,1,0,14,1,0,0,0.044000,0,32000,1408,0.044000,131072,1882,0.014359,0,0,1
421,host-4,3,0,14,3,0,0,0.144875,0,32000,4636,0.144875,131072,3873,0.029549,0,0,3
421,host-5,2,1,14,2,1,0,0.086875,0,32000,2780,0.086875,131072,2399,0.018303,1,0,1
421,host-6,1,0,14,1,0,0,0.052562,0,32000,1682,0.052562,131072,1753,0.013374,0,0,1
421,host-7,2,0,14,2,0,0,0.081469,0,32000,2607,0.081469,131072,2153,0.016426,0,0,2
421,host-8,2,0,14,2,0,0,0.070406,0,32000,2253,0.070406,131072,1819,0.013878,0,0,2
421,host-9,1,0,14,1,0,0,0.058344,0,32000,1867,0.058344,131072,1188,0.009064,0,0,1
422,host-1,1,0,14,1,0,0,0.041313,0,32000,1322,0.041313,131072,1383,0.010551,0,0,1
422,host-10,2,0,14,2,0,0,0.099625,0,32000,3188,0.099625,131072,2824,0.021545,0,0,2
422,host-11,1,0,14,1,0,0,0.055031,0,32000,1761,0.055031,131072,1267,0.009666,0,0,1
422,host-12,2,1,14,2,1,0,0.075281,0,32000,2409,0.075281,131072,1455,0.011101,1,0,1
422,host-13,2,0,14,2,0,0,0.101750,0,32000,3256,0.101750,131072,3116,0.023773,0,0,2
422,host-14,3,0,14,3,0,0,0.088344,0,32000,2827,0.088344,131072,2564,0.019562,0,0,3
422,host-15,1,0,14,1,0,0,0.055031,0,32000,1761,0.055031,131072,1267,0.009666,0,0,1
422,host-16,2,0,14,2,0,0,0.094312,0,32000,3018,0.094312,131072,2743,0.020927,0,0,2
422,host-17,1,0,14,1,0,0,0.063187,0,32000,2022,0.063187,131072,2269,0.017311,0,0,1
422,host-18,1,0,14,1,0,0,0.077219,0,32000,2471,0.077219,131072,2298,0.017532,0,0,1
422,host-19,1,0,14,1,0,0,0.071875,0,32000,2300,0.071875,131072,2487,0.018974,0,0,1
422,host-2,1,0,14,1,0,0,0.044875,0,32000,1436,0.044875,131072,813,0.006203,0,0,1
422,host-20,2,0,14,2,0,0,0.082062,0,32000,2626,0.082062,131072,2236,0.017059,0,0,2
422,host-21,1,0,14,1,0,0,0.058094,0,32000,1859,0.058094,131072,2606,0.019882,0,0,1
422,host-22,2,0,14,2,0,0,0.128438,0,32000,4110,0.128438,131072,3820,0.029144,0,0,2
422,host-23,1,0,14,1,0,0,0.031469,0,32000,1007,0.031469,131072,708,0.005402,0,0,1
422,host-24,1,0,14,1,0,0,0.054562,0,32000,1746,0.054562,131072,1249,0.009529,0,0,1
422,host-3,1,0,14,1,0,0,0.044000,0,32000,1408,0.044000,131072,1882,0.014359,0,0,1
422,host-4,2,0,14,2,0,0,0.113031,0,32000,3617,0.113031,131072,3310,0.025253,0,0,2
422,host-5,2,0,14,2,0,0,0.086875,0,32000,2780,0.086875,131072,2399,0.018303,0,0,2
422,host-6,1,0,14,1,0,0,0.052562,0,32000,1682,0.052562,131072,1753,0.013374,0,0,1
422,host-7,2,0,14,2,0,0,0.081469,0,32000,2607,0.081469,131072,2153,0.016426,0,0,2
422,host-8,2,0,14,2,0,0,0.070406,0,32000,2253,0.070406,131072,1819,0.013878,0,0,2
422,host-9,1,0,14,1,0,0,0.058344,0,32000,1867,0.058344,131072,1188,0.009064,0,0,1
423,host-1,2,1,14,2,1,0,0.089844,0,32000,2875,0.089844,131072,3110,0.023727,1,0,1
423,host-10,2,0,14,2,0,0,0.099625,0,32000,3188,0.099625,131072,2824,0.021545,0,0,2
423,host-11,1,0,14,1,0,0,0.055031,0,32000,1761,0.055031,131072,1267,0.009666,0,0,1
423,host-12,2,1,14,2,1,0,0.075281,0,32000,2409,0.075281,131072,1455,0.011101,1,0,1
423,host-13,2,0,14,2,0,0,0.101750,0,32000,3256,0.101750,131072,3116,0.023773,0,0,2
423,host-14,3,0,14,3,0,0,0.088344,0,32000,2827,0.088344,131072,2564,0.019562,0,0,3
423,host-15,1,0,14,1,0,0,0.055031,0,32000,1761,0.055031,131072,1267,0.009666,0,0,1
423,host-16,2,0,14,2,0,0,0.094312,0,32000,3018,0.094312,131072,2743,0.020927,0,0,2
423,host-17,1,0,14,1,0,0,0.063187,0,32000,2022,0.063187,131072,2269,0.017311,0,0,1
423,host-18,1,0,14,1,0,0,0.077219,0,32000,2471,0.077219,131072,2298,0.017532,0,0,1
423,host-19,1,0,14,1,0,0,0.071875,0,32000,2300,0.071875,131072,2487,0.018974,0,0,1
423,host-2,2,1,14,2,1,0,0.093344,0,32000,2987,0.093344,131072,3044,0.023224,1,0,1
423,host-20,2,0,14,2,0,0,0.082062,0,32000,2626,0.082062,131072,2236,0.017059,0,0,2
423,host-21,1,0,14,1,0,0,0.058094,0,32000,1859,0.058094,131072,2606,0.019882,0,0,1
423,host-22,2,0,14,2,0,0,0.128438,0,32000,4110,0.128438,131072,3820,0.029144,0,0,2
423,host-23,2,1,14,2,1,0,0.088969,0,32000,2847,0.088969,131072,2897,0.022102,1,0,1
423,host-24,1,0,14,1,0,0,0.054562,0,32000,1746,0.054562,131072,1249,0.009529,0,0,1
423,host-3,2,2,14,2,2,0,0.105531,0,32000,3377,0.105531,131072,4139,0.031578,1,1,0
423,host-4,1,0,14,1,0,0,0.070531,0,32000,2257,0.070531,131072,2413,0.018410,0,0,1
423,host-5,2,0,14,2,0,0,0.086875,0,32000,2780,0.086875,131072,2399,0.018303,0,0,2
423,host-6,1,0,14,1,0,0,0.052562,0,32000,1682,0.052562,131072,1753,0.013374,0,0,1
423,host-7,2,0,14,2,0,0,0.081469,0,32000,2607,0.081469,131072,2153,0.016426,0,0,2
423,host-8,2,0,14,2,0,0,0.070406,0,32000,2253,0.070406,131072,1819,0.013878,0,0,2
423,host-9,1,0,14,1,0,0,0.058344,0,32000,1867,0.058344,131072,1188,0.009064,0,0,1
424,host-1,2,1,14,2,1,0,0.089844,0,32000,2875,0.089844,131072,3110,0.023727,1,0,1
424,host-10,2,0,14,2,0,0,0.099625,0,32000,3188,0.099625,131072,2824,0.021545,0,0,2
424,host-11,1,0,14,1,0,0,0.055031,0,32000,1761,0.055031,131072,1267,0.009666,0,0,1
424,host-12,2,0,14,2,0,0,0.075281,0,32000,2409,0.075281,131072,1455,0.011101,0,0,2
424,host-13,2,0,14,2,0,0,0.101750,0,32000,3256,0.101750,131072,3116,0.023773,0,0,2
424,host-14,3,0,14,3,0,0,0.088344,0,32000,2827,0.088344,131072,2564,0.019562,0,0,3
424,host-15,1,0,14,1,0,0,0.055031,0,32000,1761,0.055031,131072,1267,0.009666,0,0,1
424,host-16,2,0,14,2,0,0,0.094312,0,32000,3018,0.094312,131072,2743,0.020927,0,0,2
424,host-17,1,0,14,1,0,0,0.063187,0,32000,2022,0.063187,131072,2269,0.017311,0,0,1
424,host-18,1,0,14,1,0,0,0.077219,0,32000,2471,0.077219,131072,2298,0.017532,0,0,1
424,host-19,1,0,14,1,0,0,0.071875,0,32000,2300,0.071875,131072,2487,0.018974,0,0,1
424,host-2,2,0,14,2,0,0,0.093344,0,32000,2987,0.093344,131072,3044,0.023224,0,0,2
424,host-20,2,0,14,2,0,0,0.082062,0,32000,2626,0.082062,131072,2236,0.017059,0,0,2
424,host-21,1,0,14,1,0,0,0.058094,0,32000,1859,0.058094,131072,2606,0.019882,0,0,1
424,host-22,2,0,14,2,0,0,0.128438,0,32000,4110,0.128438,131072,3820,0.029144,0,0,2
424,host-23,2,1,14,2,1,0,0.088969,0,32000,2847,0.088969,131072,2897,0.022102,1,0,1
424,host-24,2,1,14,2,1,0,0.087906,0,32000,2813,0.087906,131072,2265,0.017281,0,1,1
424,host-3,2,0,14,2,0,0,0.105531,0,32000,3377,0.105531,131072,4139,0.031578,0,0,2
424,host-4,1,0,14,1,0,0,0.070531,0,32000,2257,0.070531,131072,2413,0.018410,0,0,1
424,host-5,1,0,14,1,0,0,0.054938,0,32000,1758,0.054938,131072,1818,0.013870,0,0,1
424,host-6,2,1,14,2,1,0,0.083062,0,32000,2658,0.083062,131072,3014,0.022995,0,1,1
424,host-7,2,0,14,2,0,0,0.081469,0,32000,2607,0.081469,131072,2153,0.016426,0,0,2
424,host-8,2,0,14,2,0,0,0.070406,0,32000,2253,0.070406,131072,1819,0.013878,0,0,2
424,host-9,1,0,14,1,0,0,0.058344,0,32000,1867,0.058344,131072,1188,0.009064,0,0,1
425,host-1,2,0,14,2,0,0,0.089844,0,32000,2875,0.089844,131072,3110,0.023727,0,0,2
425,host-10,0,0,14,0,0,0,0.000000,0,32000,0,0.000000,131072,0,0.000000,0,0,0
425,host-11,1,0,14,1,0,0,0.055031,0,32000,1761,0.055031,131072,1267,0.009666,0,0,1
425,host-12,1,0,14,1,0,0,0.043344,0,32000,1387,0.043344,131072,874,0.006668,0,0,1
425,host-13,2,0,14,2,0,0,0.101750,0,32000,3256,0.101750,131072,3116,0.023773,0,0,2
425,host-14,3,0,14,3,0,0,0.088344,0,32000,2827,0.088344,131072,2564,0.019562,0,0,3
425,host-15,1,0,14,1,0,0,0.055031,0,32000,1761,0.055031,131072,1267,0.009666,0,0,1
425,host-16,2,0,14,2,0,0,0.094312,0,32000,3018,0.094312,131072,2743,0.020927,0,0,2
425,host-17,1,0,14,1,0,0,0.063187,0,32000,2022,0.063187,131072,2269,0.017311,0,0,1
425,host-18,1,0,14,1,0,0,0.077219,0,32000,2471,0.077219,131072,2298,0.017532,0,0,1
425,host-19,1,0,14,1,0,0,0.071875,0,32000,2300,0.071875,131072,2487,0.018974,0,0,1
425,host-2,2,0,14,2,0,0,0.093344,0,32000,2987,0.093344,131072,3044,0.023224,0,0,2
425,host-20,2,0,14,2,0,0,0.082062,0,32000,2626,0.082062,131072,2236,0.017059,0,0,2
425,host-21,1,0,14,1,0,0,0.058094,0,32000,1859,0.058094,131072,2606,0.019882,0,0,1
425,host-22,2,0,14,2,0,0,0.128438,0,32000,4110,0.128438,131072,3820,0.029144,0,0,2
425,host-23,2,0,14,2,0,0,0.088969,0,32000,2847,0.088969,131072,2897,0.022102,0,0,2
425,host-24,2,1,14,2,1,0,0.087906,0,32000,2813,0.087906,131072,2265,0.017281,0,1,1
425,host-3,2,0,14,2,0,0,0.105531,0,32000,3377,0.105531,131072,4139,0.031578,0,0,2
425,host-4,1,0,14,1,0,0,0.070531,0,32000,2257,0.070531,131072,2413,0.018410,0,0,1
425,host-5,2,1,14,2,1,0,0.128719,0,32000,4119,0.128719,131072,4424,0.033752,1,0,1
425,host-6,2,0,14,2,0,0,0.083062,0,32000,2658,0.083062,131072,3014,0.022995,0,0,2
425,host-7,2,0,14,2,0,0,0.081469,0,32000,2607,0.081469,131072,2153,0.016426,0,0,2
425,host-8,2,0,14,2,0,0,0.070406,0,32000,2253,0.070406,131072,1819,0.013878,0,0,2
425,host-9,1,0,14,1,0,0,0.058344,0,32000,1867,0.058344,131072,1188,0.009064,0,0,1
426,host-1,2,0,14,2,0,0,0.089844,0,32000,2875,0.089844,131072,3110,0.023727,0,0,2
426,host-10,1,1,14,1,1,0,0.059625,0,32000,1908,0.059625,131072,2224,0.016968,1,0,0
426,host-11,2,1,14,2,1,0,0.084594,0,32000,2707,0.084594,131072,2282,0.017410,1,0,1
426,host-12,2,1,14,2,1,0,0.070594,0,32000,2259,0.070594,131072,1746,0.013321,1,0,1
426,host-13,2,0,14,2,0,0,0.101750,0,32000,3256,0.101750,131072,3116,0.023773,0,0,2
426,host-14,3,0,14,3,0,0,0.088344,0,32000,2827,0.088344,131072,2564,0.019562,0,0,3
426,host-15,2,1,14,2,1,0,0.127188,0,32000,4070,0.127188,131072,4216,0.032166,1,0,1
426,host-16,2,1,14,2,1,0,0.094312,0,32000,3018,0.094312,131072,2743,0.020927,1,0,1
426,host-17,1,0,14,1,0,0,0.063187,0,32000,2022,0.063187,131072,2269,0.017311,0,0,1
426,host-18,1,0,14,1,0,0,0.077219,0,32000,2471,0.077219,131072,2298,0.017532,0,0,1
426,host-19,1,0,14,1,0,0,0.071875,0,32000,2300,0.071875,131072,2487,0.018974,0,0,1
426,host-2,2,0,14,2,0,0,0.093344,0,32000,2987,0.093344,131072,3044,0.023224,0,0,2
426,host-20,2,0,14,2,0,0,0.082062,0,32000,2626,0.082062,131072,2236,0.017059,0,0,2
426,host-21,1,0,14,1,0,0,0.058094,0,32000,1859,0.058094,131072,2606,0.019882,0,0,1
426,host-22,2,0,14,2,0,0,0.128438,0,32000,4110,0.128438,131072,3820,0.029144,0,0,2
426,host-23,2,0,14,2,0,0,0.088969,0,32000,2847,0.088969,131072,2897,0.022102,0,0,2
426,host-24,2,0,14,2,0,0,0.087906,0,32000,2813,0.087906,131072,2265,0.017281,0,0,2
426,host-3,2,0,14,2,0,0,0.105531,0,32000,3377,0.105531,131072,4139,0.031578,0,0,2
426,host-4,1,0,14,1,0,0,0.070531,0,32000,2257,0.070531,131072,2413,0.018410,0,0,1
426,host-5,2,0,14,2,0,0,0.128719,0,32000,4119,0.128719,131072,4424,0.033752,0,0,2
426,host-6,2,0,14,2,0,0,0.083062,0,32000,2658,0.083062,131072,3014,0.022995,0,0,2
426,host-7,2,0,14,2,0,0,0.081469,0,32000,2607,0.081469,131072,2153,0.016426,0,0,2
426,host-8,2,0,14,2,0,0,0.070406,0,32000,2253,0.070406,131072,1819,0.013878,0,0,2
426,host-9,1,0,14,1,0,0,0.058344,0,32000,1867,0.058344,131072,1188,0.009064,0,0,1
427,host-1,2,0,14,2,0,0,0.089844,0,32000,2875,0.089844,131072,3110,0.023727,0,0,2
427,host-10,2,1,14,2,1,0,0.126156,0,32000,4037,0.126156,131072,4445,0.033913,1,0,1
427,host-11,2,1,14,2,1,0,0.084594,0,32000,2707,0.084594,131072,2282,0.017410,1,0,1
427,host-12,2,0,14,2,0,0,0.070594,0,32000,2259,0.070594,131072,1746,0.013321,0,0,2
427,host-13,2,0,14,2,0,0,0.101750,0,32000,3256,0.101750,131072,3116,0.023773,0,0,2
427,host-14,3,0,14,3,0,0,0.088344,0,32000,2827,0.088344,131072,2564,0.019562,0,0,3
427,host-15,2,1,14,2,1,0,0.127188,0,32000,4070,0.127188,131072,4216,0.032166,0,1,1
427,host-16,2,1,14,2,1,0,0.094312,0,32000,3018,0.094312,131072,2743,0.020927,1,0,1
427,host-17,1,0,14,1,0,0,0.063187,0,32000,2022,0.063187,131072,2269,0.017311,0,0,1
427,host-18,1,0,14,1,0,0,0.077219,0,32000,2471,0.077219,131072,2298,0.017532,0,0,1
427,host-19,0,0,14,0,0,0,0.000000,0,32000,0,0.000000,131072,0,0.000000,0,0,0
427,host-2,2,0,14,2,0,0,0.093344,0,32000,2987,0.093344,131072,3044,0.023224,0,0,2
427,host-20,1,0,14,1,0,0,0.045594,0,32000,1459,0.045594,131072,871,0.006645,0,0,1
427,host-21,1,1,14,1,1,0,0.060187,0,32000,1926,0.060187,131072,1810,0.013809,1,0,0
427,host-22,2,0,14,2,0,0,0.128438,0,32000,4110,0.128438,131072,3820,0.029144,0,0,2
427,host-23,2,0,14,2,0,0,0.088969,0,32000,2847,0.088969,131072,2897,0.022102,0,0,2
427,host-24,2,0,14,2,0,0,0.087906,0,32000,2813,0.087906,131072,2265,0.017281,0,0,2
427,host-3,2,0,14,2,0,0,0.105531,0,32000,3377,0.105531,131072,4139,0.031578,0,0,2
427,host-4,1,0,14,1,0,0,0.070531,0,32000,2257,0.070531,131072,2413,0.018410,0,0,1
427,host-5,2,0,14,2,0,0,0.128719,0,32000,4119,0.128719,131072,4424,0.033752,0,0,2
427,host-6,2,0,14,2,0,0,0.083062,0,32000,2658,0.083062,131072,3014,0.022995,0,0,2
427,host-7,2,0,14,2,0,0,0.081469,0,32000,2607,0.081469,131072,2153,0.016426,0,0,2
427,host-8,2,0,14,2,0,0,0.070406,0,32000,2253,0.070406,131072,1819,0.013878,0,0,2
427,host-9,2,1,14,2,1,0,0.124719,0,32000,3991,0.124719,131072,3572,0.027252,1,0,1
428,host-1,2,0,14,2,0,0,0.089844,0,32000,2875,0.089844,131072,3110,0.023727,0,0,2
428,host-10,2,1,14,2,1,0,0.126156,0,32000,4037,0.126156,131072,4445,0.033913,1,0,1
428,host-11,2,0,14,2,0,0,0.084594,0,32000,2707,0.084594,131072,2282,0.017410,0,0,2
428,host-12,2,0,14,2,0,0,0.070594,0,32000,2259,0.070594,131072,1746,0.013321,0,0,2
428,host-13,2,0,14,2,0,0,0.101750,0,32000,3256,0.101750,131072,3116,0.023773,0,0,2
428,host-14,3,0,14,3,0,0,0.088344,0,32000,2827,0.088344,131072,2564,0.019562,0,0,3
428,host-15,2,0,14,2,0,0,0.127188,0,32000,4070,0.127188,131072,4216,0.032166,0,0,2
428,host-16,2,0,14,2,0,0,0.094312,0,32000,3018,0.094312,131072,2743,0.020927,0,0,2
428,host-17,1,0,14,1,0,0,0.063187,0,32000,2022,0.063187,131072,2269,0.017311,0,0,1
428,host-18,1,0,14,1,0,0,0.077219,0,32000,2471,0.077219,131072,2298,0.017532,0,0,1
428,host-19,1,1,14,1,1,0,0.043281,0,32000,1385,0.043281,131072,1078,0.008224,1,0,0
428,host-2,2,0,14,2,0,0,0.093344,0,32000,2987,0.093344,131072,3044,0.023224,0,0,2
428,host-20,1,0,14,1,0,0,0.045594,0,32000,1459,0.045594,131072,871,0.006645,0,0,1
428,host-21,1,0,14,1,0,0,0.060187,0,32000,1926,0.060187,131072,1810,0.013809,0,0,1
428,host-22,2,0,14,2,0,0,0.128438,0,32000,4110,0.128438,131072,3820,0.029144,0,0,2
428,host-23,2,0,14,2,0,0,0.088969,0,32000,2847,0.088969,131072,2897,0.022102,0,0,2
428,host-24,2,0,14,2,0,0,0.087906,0,32000,2813,0.087906,131072,2265,0.017281,0,0,2
428,host-3,2,0,14,2,0,0,0.105531,0,32000,3377,0.105531,131072,4139,0.031578,0,0,2
428,host-4,1,0,14,1,0,0,0.070531,0,32000,2257,0.070531,131072,2413,0.018410,0,0,1
428,host-5,2,0,14,2,0,0,0.128719,0,32000,4119,0.128719,131072,4424,0.033752,0,0,2
428,host-6,2,0,14,2,0,0,0.083062,0,32000,2658,0.083062,131072,3014,0.022995,0,0,2
428,host-7,2,0,14,2,0,0,0.081469,0,32000,2607,0.081469,131072,2153,0.016426,0,0,2
428,host-8,2,0,14,2,0,0,0.070406,0,32000,2253,0.070406,131072,1819,0.013878,0,0,2
428,host-9,2,1,14,2,1,0,0.124719,0,32000,3991,0.124719,131072,3572,0.027252,0,1,1
429,host-1,2,0,14,2,0,0,0.089844,0,32000,2875,0.089844,131072,3110,0.023727,0,0,2
429,host-10,2,0,14,2,0,0,0.126156,0,32000,4037,0.126156,131072,4445,0.033913,0,0,2
429,host-11,2,0,14,2,0,0,0.084594,0,32000,2707,0.084594,131072,2282,0.017410,0,0,2
429,host-12,3,1,14,3,1,0,0.122031,0,32000,3905,0.122031,131072,2987,0.022789,1,0,2
429,host-13,2,0,14,2,0,0,0.101750,0,32000,3256,0.101750,131072,3116,0.023773,0,0,2
429,host-14,3,0,14,3,0,0,0.088344,0,32000,2827,0.088344,131072,2564,0.019562,0,0,3
429,host-15,2,0,14,2,0,0,0.127188,0,32000,4070,0.127188,131072,4216,0.032166,0,0,2
429,host-16,2,0,14,2,0,0,0.094312,0,32000,3018,0.094312,131072,2743,0.020927,0,0,2
429,host-17,2,1,14,2,1,0,0.093594,0,32000,2995,0.093594,131072,3827,0.029198,1,0,1
429,host-18,1,0,14,1,0,0,0.077219,0,32000,2471,0.077219,131072,2298,0.017532,0,0,1
429,host-19,2,1,14,2,1,0,0.087781,0,32000,2809,0.087781,131072,2226,0.016983,1,0,1
429,host-2,2,0,14,2,0,0,0.093344,0,32000,2987,0.093344,131072,3044,0.023224,0,0,2
429,host-20,2,2,14,2,2,0,0.083562,0,32000,2674,0.083562,131072,1959,0.014946,2,0,0
429,host-21,2,1,14,2,1,0,0.124250,0,32000,3976,0.124250,131072,4496,0.034302,1,0,1
429,host-22,2,1,14,2,1,0,0.103094,0,32000,3299,0.103094,131072,2851,0.021751,1,0,1
429,host-23,2,0,14,2,0,0,0.088969,0,32000,2847,0.088969,131072,2897,0.022102,0,0,2
429,host-24,2,0,14,2,0,0,0.087906,0,32000,2813,0.087906,131072,2265,0.017281,0,0,2
429,host-3,2,0,14,2,0,0,0.105531,0,32000,3377,0.105531,131072,4139,0.031578,0,0,2
429,host-4,2,1,14,2,1,0,0.102375,0,32000,3276,0.102375,131072,2976,0.022705,1,0,1
429,host-5,2,0,14,2,0,0,0.128719,0,32000,4119,0.128719,131072,4424,0.033752,0,0,2
429,host-6,2,0,14,2,0,0,0.083062,0,32000,2658,0.083062,131072,3014,0.022995,0,0,2
429,host-7,2,0,14,2,0,0,0.081469,0,32000,2607,0.081469,131072,2153,0.016426,0,0,2
429,host-8,3,1,14,3,1,0,0.096375,0,32000,3084,0.096375,131072,2868,0.021881,1,0,2
429,host-9,2,0,14,2,0,0,0.124719,0,32000,3991,0.124719,131072,3572,0.027252,0,0,2
430,host-1,2,0,14,2,0,0,0.089844,0,32000,2875,0.089844,131072,3110,0.023727,0,0,2
430,host-10,2,0,14,2,0,0,0.126156,0,32000,4037,0.126156,131072,4445,0.033913,0,0,2
430,host-11,2,0,14,2,0,0,0.084594,0,32000,2707,0.084594,131072,2282,0.017410,0,0,2
430,host-12,3,1,14,3,1,0,0.122031,0,32000,3905,0.122031,131072,2987,0.022789,1,0,2
430,host-13,2,0,14,2,0,0,0.101750,0,32000,3256,0.101750,131072,3116,0.023773,0,0,2
430,host-14,3,0,14,3,0,0,0.088344,0,32000,2827,0.088344,131072,2564,0.019562,0,0,3
430,host-15,2,0,14,2,0,0,0.127188,0,32000,4070,0.127188,131072,4216,0.032166,0,0,2
430,host-16,2,0,14,2,0,0,0.094312,0,32000,3018,0.094312,131072,2743,0.020927,0,0,2
430,host-17,2,1,14,2,1,0,0.093594,0,32000,2995,0.093594,131072,3827,0.029198,1,0,1
430,host-18,2,1,14,2,1,0,0.125594,0,32000,4019,0.125594,131072,3341,0.025490,1,0,1
430,host-19,2,0,14,2,0,0,0.087781,0,32000,2809,0.087781,131072,2226,0.016983,0,0,2
430,host-2,2,0,14,2,0,0,0.093344,0,32000,2987,0.093344,131072,3044,0.023224,0,0,2
430,host-20,2,1,14,2,1,0,0.083562,0,32000,2674,0.083562,131072,1959,0.014946,1,0,1
430,host-21,2,0,14,2,0,0,0.124250,0,32000,3976,0.124250,131072,4496,0.034302,0,0,2
430,host-22,2,0,14,2,0,0,0.103094,0,32000,3299,0.103094,131072,2851,0.021751,0,0,2
430,host-23,2,0,14,2,0,0,0.088969,0,32000,2847,0.088969,131072,2897,0.022102,0,0,2
430,host-24,2,0,14,2,0,0,0.087906,0,32000,2813,0.087906,131072,2265,0.017281,0,0,2
430,host-3,2,0,14,2,0,0,0.105531,0,32000,3377,0.105531,131072,4139,0.031578,0,0,2
430,host-4,1,0,14,1,0,0,0.031844,0,32000,1019,0.031844,131072,563,0.004295,0,0,1
430,host-5,2,0,14,2,0,0,0.128719,0,32000,4119,0.128719,131072,4424,0.033752,0,0,2
430,host-6,2,0,14,2,0,0,0.083062,0,32000,2658,0.083062,131072,3014,0.022995,0,0,2
430,host-7,3,1,14,3,1,0,0.111875,0,32000,3580,0.111875,131072,3711,0.028313,1,0,2
430,host-8,3,0,14,3,0,0,0.096375,0,32000,3084,0.096375,131072,2868,0.021881,0,0,3
430,host-9,2,0,14,2,0,0,0.124719,0,32000,3991,0.124719,131072,3572,0.027252,0,0,2
431,host-1,2,0,14,2,0,0,0.089844,0,32000,2875,0.089844,131072,3110,0.023727,0,0,2
431,host-10,2,0,14,2,0,0,0.126156,0,32000,4037,0.126156,131072,4445,0.033913,0,0,2
431,host-11,2,0,14,2,0,0,0.084594,0,32000,2707,0.084594,131072,2282,0.017410,0,0,2
431,host-12,3,0,14,3,0,0,0.122031,0,32000,3905,0.122031,131072,2987,0.022789,0,0,3
431,host-13,2,0,14,2,0,0,0.101750,0,32000,3256,0.101750,131072,3116,0.023773,0,0,2
431,host-14,2,0,14,2,0,0,0.063094,0,32000,2019,0.063094,131072,2090,0.015945,0,0,2
431,host-15,2,0,14,2,0,0,0.127188,0,32000,4070,0.127188,131072,4216,0.032166,0,0,2
431,host-16,2,0,14,2,0,0,0.094312,0,32000,3018,0.094312,131072,2743,0.020927,0,0,2
431,host-17,2,0,14,2,0,0,0.093594,0,32000,2995,0.093594,131072,3827,0.029198,0,0,2
431,host-18,2,0,14,2,0,0,0.125594,0,32000,4019,0.125594,131072,3341,0.025490,0,0,2
431,host-19,2,0,14,2,0,0,0.087781,0,32000,2809,0.087781,131072,2226,0.016983,0,0,2
431,host-2,2,0,14,2,0,0,0.093344,0,32000,2987,0.093344,131072,3044,0.023224,0,0,2
431,host-20,2,0,14,2,0,0,0.083562,0,32000,2674,0.083562,131072,1959,0.014946,0,0,2
431,host-21,2,1,14,2,1,0,0.124250,0,32000,3976,0.124250,131072,4496,0.034302,0,1,1
431,host-22,2,0,14,2,0,0,0.103094,0,32000,3299,0.103094,131072,2851,0.021751,0,0,2
431,host-23,2,0,14,2,0,0,0.088969,0,32000,2847,0.088969,131072,2897,0.022102,0,0,2
431,host-24,2,0,14,2,0,0,0.087906,0,32000,2813,0.087906,131072,2265,0.017281,0,0,2
431,host-3,2,0,14,2,0,0,0.105531,0,32000,3377,0.105531,131072,4139,0.031578,0,0,2
431,host-4,2,1,14,2,1,0,0.094000,0,32000,3008,0.094000,131072,2030,0.015488,1,0,1
431,host-5,2,0,14,2,0,0,0.128719,0,32000,4119,0.128719,131072,4424,0.033752,0,0,2
431,host-6,2,0,14,2,0,0,0.083062,0,32000,2658,0.083062,131072,3014,0.022995,0,0,2
431,host-7,3,0,14,3,0,0,0.111875,0,32000,3580,0.111875,131072,3711,0.028313,0,0,3
431,host-8,3,1,14,3,1,0,0.096375,0,32000,3084,0.096375,131072,2868,0.021881,0,1,2
431,host-9,2,0,14,2,0,0,0.124719,0,32000,3991,0.124719,131072,3572,0.027252,0,0,2
432,host-1,2,0,14,2,0,0,0.089844,0,32000,2875,0.089844,131072,3110,0.023727,0,0,2
432,host-10,2,0,14,2,0,0,0.126156,0,32000,4037,0.126156,131072,4445,0.033913,0,0,2
432,host-11,3,1,14,3,1,0,0.150438,0,32000,4814,0.150438,131072,4145,0.031624,1,0,2
432,host-12,3,0,14,3,0,0,0.122031,0,32000,3905,0.122031,131072,2987,0.022789,0,0,3
432,host-13,2,0,14,2,0,0,0.101750,0,32000,3256,0.101750,131072,3116,0.023773,0,0,2
432,host-14,3,1,14,3,1,0,0.115969,0,32000,3711,0.115969,131072,4112,0.031372,1,0,2
432,host-15,2,0,14,2,0,0,0.127188,0,32000,4070,0.127188,131072,4216,0.032166,0,0,2
432,host-16,2,0,14,2,0,0,0.094312,0,32000,3018,0.094312,131072,2743,0.020927,0,0,2
432,host-17,2,0,14,2,0,0,0.093594,0,32000,2995,0.093594,131072,3827,0.029198,0,0,2
432,host-18,2,0,14,2,0,0,0.125594,0,32000,4019,0.125594,131072,3341,0.025490,0,0,2
432,host-19,3,1,14,3,1,0,0.140719,0,32000,4503,0.140719,131072,4487,0.034233,1,0,2
432,host-2,2,0,14,2,0,0,0.093344,0,32000,2987,0.093344,131072,3044,0.023224,0,0,2
432,host-20,3,1,14,3,1,0,0.118813,0,32000,3802,0.118813,131072,3589,0.027382,1,0,2
432,host-21,2,0,14,2,0,0,0.124250,0,32000,3976,0.124250,131072,4496,0.034302,0,0,2
432,host-22,2,0,14,2,0,0,0.103094,0,32000,3299,0.103094,131072,2851,0.021751,0,0,2
432,host-23,2,0,14,2,0,0,0.088969,0,32000,2847,0.088969,131072,2897,0.022102,0,0,2
432,host-24,2,0,14,2,0,0,0.087906,0,32000,2813,0.087906,131072,2265,0.017281,0,0,2
432,host-3,2,0,14,2,0,0,0.105531,0,32000,3377,0.105531,131072,4139,0.031578,0,0,2
432,host-4,2,0,14,2,0,0,0.094000,0,32000,3008,0.094000,131072,2030,0.015488,0,0,2
432,host-5,2,0,14,2,0,0,0.128719,0,32000,4119,0.128719,131072,4424,0.033752,0,0,2
432,host-6,3,1,14,3,1,0,0.117156,0,32000,3749,0.117156,131072,4474,0.034134,1,0,2
432,host-7,3,0,14,3,0,0,0.111875,0,32000,3580,0.111875,131072,3711,0.028313,0,0,3
432,host-8,3,0,14,3,0,0,0.096375,0,32000,3084,0.096375,131072,2868,0.021881,0,0,3
432,host-9,2,0,14,2,0,0,0.124719,0,32000,3991,0.124719,131072,3572,0.027252,0,0,2
433,host-1,2,0,14,2,0,0,0.089844,0,32000,2875,0.089844,131072,3110,0.023727,0,0,2
433,host-10,2,0,14,2,0,0,0.126156,0,32000,4037,0.126156,131072,4445,0.033913,0,0,2
433,host-11,2,1,14,2,1,0,0.095406,0,32000,3053,0.095406,131072,2878,0.021957,1,0,1
433,host-12,3,0,14,3,0,0,0.122031,0,32000,3905,0.122031,131072,2987,0.022789,0,0,3
433,host-13,2,0,14,2,0,0,0.101750,0,32000,3256,0.101750,131072,3116,0.023773,0,0,2
433,host-14,2,1,14,2,1,0,0.087219,0,32000,2791,0.087219,131072,2915,0.022240,1,0,1
433,host-15,2,0,14,2,0,0,0.127188,0,32000,4070,0.127188,131072,4216,0.032166,0,0,2
433,host-16,2,0,14,2,0,0,0.094312,0,32000,3018,0.094312,131072,2743,0.020927,0,0,2
433,host-17,2,0,14,2,0,0,0.093594,0,32000,2995,0.093594,131072,3827,0.029198,0,0,2
433,host-18,2,0,14,2,0,0,0.125594,0,32000,4019,0.125594,131072,3341,0.025490,0,0,2
433,host-19,3,1,14,3,1,0,0.140719,0,32000,4503,0.140719,131072,4487,0.034233,1,0,2
433,host-2,2,0,14,2,0,0,0.093344,0,32000,2987,0.093344,131072,3044,0.023224,0,0,2
433,host-20,3,1,14,3,1,0,0.118813,0,32000,3802,0.118813,131072,3589,0.027382,1,0,2
433,host-21,2,0,14,2,0,0,0.124250,0,32000,3976,0.124250,131072,4496,0.034302,0,0,2
433,host-22,2,0,14,2,0,0,0.103094,0,32000,3299,0.103094,131072,2851,0.021751,0,0,2
433,host-23,2,0,14,2,0,0,0.088969,0,32000,2847,0.088969,131072,2897,0.022102,0,0,2
433,host-24,2,0,14,2,0,0,0.087906,0,32000,2813,0.087906,131072,2265,0.017281,0,0,2
433,host-3,2,0,14,2,0,0,0.105531,0,32000,3377,0.105531,131072,4139,0.031578,0,0,2
433,host-4,2,0,14,2,0,0,0.094000,0,32000,3008,0.094000,131072,2030,0.015488,0,0,2
433,host-5,2,0,14,2,0,0,0.128719,0,32000,4119,0.128719,131072,4424,0.033752,0,0,2
433,host-6,3,1,14,3,1,0,0.117156,0,32000,3749,0.117156,131072,4474,0.034134,1,0,2
433,host-7,3,0,14,3,0,0,0.111875,0,32000,3580,0.111875,131072,3711,0.028313,0,0,3
433,host-8,3,0,14,3,0,0,0.096375,0,32000,3084,0.096375,131072,2868,0.021881,0,0,3
433,host-9,2,0,14,2,0,0,0.124719,0,32000,3991,0.124719,131072,3572,0.027252,0,0,2
434,host-1,2,0,14,2,0,0,0.089844,0,32000,2875,0.089844,131072,3110,0.023727,0,0,2
434,host-10,2,0,14,2,0,0,0.126156,0,32000,4037,0.126156,131072,4445,0.033913,0,0,2
434,host-11,2,1,14,2,1,0,0.095406,0,32000,3053,0.095406,131072,2878,0.021957,0,1,1
434,host-12,3,0,14,3,0,0,0.122031,0,32000,3905,0.122031,131072,2987,0.022789,0,0,3
434,host-13,2,0,14,2,0,0,0.101750,0,32000,3256,0.101750,131072,3116,0.023773,0,0,2
434,host-14,1,0,14,1,0,0,0.052875,0,32000,1692,0.052875,131072,2022,0.015427,0,0,1
434,host-15,1,0,14,1,0,0,0.072156,0,32000,2309,0.072156,131072,2949,0.022499,0,0,1
434,host-16,2,0,14,2,0,0,0.094312,0,32000,3018,0.094312,131072,2743,0.020927,0,0,2
434,host-17,2,1,14,2,1,0,0.093594,0,32000,2995,0.093594,131072,3827,0.029198,0,1,1
434,host-18,2,0,14,2,0,0,0.125594,0,32000,4019,0.125594,131072,3341,0.025490,0,0,2
434,host-19,3,0,14,3,0,0,0.140719,0,32000,4503,0.140719,131072,4487,0.034233,0,0,3
434,host-2,2,0,14,2,0,0,0.093344,0,32000,2987,0.093344,131072,3044,0.023224,0,0,2
434,host-20,3,0,14,3,0,0,0.118813,0,32000,3802,0.118813,131072,3589,0.027382,0,0,3
434,host-21,2,0,14,2,0,0,0.124250,0,32000,3976,0.124250,131072,4496,0.034302,0,0,2
434,host-22,2,0,14,2,0,0,0.103094,0,32000,3299,0.103094,131072,2851,0.021751,0,0,2
434,host-23,1,0,14,1,0,0,0.057500,0,32000,1840,0.057500,131072,2189,0.016701,0,0,1
434,host-24,2,0,14,2,0,0,0.087906,0,32000,2813,0.087906,131072,2265,0.017281,0,0,2
434,host-3,2,0,14,2,0,0,0.105531,0,32000,3377,0.105531,131072,4139,0.031578,0,0,2
434,host-4,2,0,14,2,0,0,0.094000,0,32000,3008,0.094000,131072,2030,0.015488,0,0,2
434,host-5,2,0,14,2,0,0,0.128719,0,32000,4119,0.128719,131072,4424,0.033752,0,0,2
434,host-6,3,0,14,3,0,0,0.117156,0,32000,3749,0.117156,131072,4474,0.034134,0,0,3
434,host-7,2,0,14,2,0,0,0.068750,0,32000,2200,0.068750,131072,2462,0.018784,0,0,2
434,host-8,3,0,14,3,0,0,0.096375,0,32000,3084,0.096375,131072,2868,0.021881,0,0,3
434,host-9,2,0,14,2,0,0,0.124719,0,32000,3991,0.124719,131072,3572,0.027252,0,0,2
435,host-1,2,0,14,2,0,0,0.089844,0,32000,2875,0.089844,131072,3110,0.023727,0,0,2
435,host-10,2,0,14,2,0,0,0.126156,0,32000,4037,0.126156,131072,4445,0.033913,0,0,2
435,host-11,2,0,14,2,0,0,0.095406,0,32000,3053,0.095406,131072,2878,0.021957,0,0,2
435,host-12,3,0,14,3,0,0,0.122031,0,32000,3905,0.122031,131072,2987,0.022789,0,0,3
435,host-13,2,0,14,2,0,0,0.101750,0,32000,3256,0.101750,131072,3116,0.023773,0,0,2
435,host-14,2,1,14,2,1,0,0.080656,0,32000,2581,0.080656,131072,2544,0.019409,1,0,1
435,host-15,1,0,14,1,0,0,0.072156,0,32000,2309,0.072156,131072,2949,0.022499,0,0,1
435,host-16,1,0,14,1,0,0,0.066531,0,32000,2129,0.066531,131072,2221,0.016945,0,0,1
435,host-17,2,1,14,2,1,0,0.093594,0,32000,2995,0.093594,131072,3827,0.029198,1,0,1
435,host-18,2,0,14,2,0,0,0.125594,0,32000,4019,0.125594,131072,3341,0.025490,0,0,2
435,host-19,3,1,14,3,1,0,0.140719,0,32000,4503,0.140719,131072,4487,0.034233,0,1,2
435,host-2,2,0,14,2,0,0,0.093344,0,32000,2987,0.093344,131072,3044,0.023224,0,0,2
435,host-20,3,0,14,3,0,0,0.118813,0,32000,3802,0.118813,131072,3589,0.027382,0,0,3
435,host-21,2,0,14,2,0,0,0.124250,0,32000,3976,0.124250,131072,4496,0.034302,0,0,2
435,host-22,2,0,14,2,0,0,0.103094,0,32000,3299,0.103094,131072,2851,0.021751,0,0,2
435,host-23,1,0,14,1,0,0,0.057500,0,32000,1840,0.057500,131072,2189,0.016701,0,0,1
435,host-24,2,0,14,2,0,0,0.087906,0,32000,2813,0.087906,131072,2265,0.017281,0,0,2
435,host-3,2,0,14,2,0,0,0.105531,0,32000,3377,0.105531,131072,4139,0.031578,0,0,2
435,host-4,2,0,14,2,0,0,0.094000,0,32000,3008,0.094000,131072,2030,0.015488,0,0,2
435,host-5,2,0,14,2,0,0,0.128719,0,32000,4119,0.128719,131072,4424,0.033752,0,0,2
435,host-6,3,0,14,3,0,0,0.117156,0,32000,3749,0.117156,131072,4474,0.034134,0,0,3
435,host-7,2,0,14,2,0,0,0.068750,0,32000,2200,0.068750,131072,2462,0.018784,0,0,2
435,host-8,3,2,14,3,2,0,0.096375,0,32000,3084,0.096375,131072,2868,0.021881,0,2,1
435,host-9,2,0,14,2,0,0,0.124719,0,32000,3991,0.124719,131072,3572,0.027252,0,0,2
436,host-1,2,0,14,2,0,0,0.089844,0,32000,2875,0.089844,131072,3110,0.023727,0,0,2
436,host-10,2,0,14,2,0,0,0.126156,0,32000,4037,0.126156,131072,4445,0.033913,0,0,2
436,host-11,2,0,14,2,0,0,0.095406,0,32000,3053,0.095406,131072,2878,0.021957,0,0,2
436,host-12,3,0,14,3,0,0,0.122031,0,32000,3905,0.122031,131072,2987,0.022789,0,0,3
436,host-13,1,1,14,1,1,0,0.050812,0,32000,1626,0.050812,131072,1583,0.012077,0,1,0
436,host-14,2,1,14,2,1,0,0.080656,0,32000,2581,0.080656,131072,2544,0.019409,1,0,1
436,host-15,1,0,14,1,0,0,0.072156,0,32000,2309,0.072156,131072,2949,0.022499,0,0,1
436,host-16,2,1,14,2,1,0,0.129719,0,32000,4151,0.129719,131072,4490,0.034256,0,1,1
436,host-17,2,0,14,2,0,0,0.093594,0,32000,2995,0.093594,131072,3827,0.029198,0,0,2
436,host-18,2,0,14,2,0,0,0.125594,0,32000,4019,0.125594,131072,3341,0.025490,0,0,2
436,host-19,3,0,14,3,0,0,0.140719,0,32000,4503,0.140719,131072,4487,0.034233,0,0,3
436,host-2,2,0,14,2,0,0,0.093344,0,32000,2987,0.093344,131072,3044,0.023224,0,0,2
436,host-20,3,0,14,3,0,0,0.118813,0,32000,3802,0.118813,131072,3589,0.027382,0,0,3
436,host-21,2,0,14,2,0,0,0.124250,0,32000,3976,0.124250,131072,4496,0.034302,0,0,2
436,host-22,2,0,14,2,0,0,0.103094,0,32000,3299,0.103094,131072,2851,0.021751,0,0,2
436,host-23,2,1,14,2,1,0,0.085281,0,32000,2729,0.085281,131072,2711,0.020683,1,0,1
436,host-24,2,0,14,2,0,0,0.087906,0,32000,2813,0.087906,131072,2265,0.017281,0,0,2
436,host-3,2,0,14,2,0,0,0.105531,0,32000,3377,0.105531,131072,4139,0.031578,0,0,2
436,host-4,2,0,14,2,0,0,0.094000,0,32000,3008,0.094000,131072,2030,0.015488,0,0,2
436,host-5,2,0,14,2,0,0,0.128719,0,32000,4119,0.128719,131072,4424,0.033752,0,0,2
436,host-6,3,0,14,3,0,0,0.117156,0,32000,3749,0.117156,131072,4474,0.034134,0,0,3
436,host-7,2,0,14,2,0,0,0.068750,0,32000,2200,0.068750,131072,2462,0.018784,0,0,2
436,host-8,3,0,14,3,0,0,0.096375,0,32000,3084,0.096375,131072,2868,0.021881,0,0,3
436,host-9,2,0,14,2,0,0,0.124719,0,32000,3991,0.124719,131072,3572,0.027252,0,0,2
437,host-1,2,0,14,2,0,0,0.089844,0,32000,2875,0.089844,131072,3110,0.023727,0,0,2
437,host-10,2,0,14,2,0,0,0.126156,0,32000,4037,0.126156,131072,4445,0.033913,0,0,2
437,host-11,2,0,14,2,0,0,0.095406,0,32000,3053,0.095406,131072,2878,0.021957,0,0,2
437,host-12,3,0,14,3,0,0,0.122031,0,32000,3905,0.122031,131072,2987,0.022789,0,0,3
437,host-13,2,1,14,2,1,0,0.101750,0,32000,3256,0.101750,131072,3116,0.023773,1,0,1
437,host-14,2,0,14,2,0,0,0.080656,0,32000,2581,0.080656,131072,2544,0.019409,0,0,2
437,host-15,1,0,14,1,0,0,0.072156,0,32000,2309,0.072156,131072,2949,0.022499,0,0,1
437,host-16,2,0,14,2,0,0,0.129719,0,32000,4151,0.129719,131072,4490,0.034256,0,0,2
437,host-17,2,0,14,2,0,0,0.093594,0,32000,2995,0.093594,131072,3827,0.029198,0,0,2
437,host-18,2,0,14,2,0,0,0.125594,0,32000,4019,0.125594,131072,3341,0.025490,0,0,2
437,host-19,3,0,14,3,0,0,0.140719,0,32000,4503,0.140719,131072,4487,0.034233,0,0,3
437,host-2,2,0,14,2,0,0,0.093344,0,32000,2987,0.093344,131072,3044,0.023224,0,0,2
437,host-20,3,0,14,3,0,0,0.118813,0,32000,3802,0.118813,131072,3589,0.027382,0,0,3
437,host-21,2,0,14,2,0,0,0.124250,0,32000,3976,0.124250,131072,4496,0.034302,0,0,2
437,host-22,2,0,14,2,0,0,0.103094,0,32000,3299,0.103094,131072,2851,0.021751,0,0,2
437,host-23,2,0,14,2,0,0,0.085281,0,32000,2729,0.085281,131072,2711,0.020683,0,0,2
437,host-24,2,0,14,2,0,0,0.087906,0,32000,2813,0.087906,131072,2265,0.017281,0,0,2
437,host-3,2,0,14,2,0,0,0.105531,0,32000,3377,0.105531,131072,4139,0.031578,0,0,2
437,host-4,2,0,14,2,0,0,0.094000,0,32000,3008,0.094000,131072,2030,0.015488,0,0,2
437,host-5,2,0,14,2,0,0,0.128719,0,32000,4119,0.128719,131072,4424,0.033752,0,0,2
437,host-6,3,0,14,3,0,0,0.117156,0,32000,3749,0.117156,131072,4474,0.034134,0,0,3
437,host-7,2,0,14,2,0,0,0.068750,0,32000,2200,0.068750,131072,2462,0.018784,0,0,2
437,host-8,3,0,14,3,0,0,0.096375,0,32000,3084,0.096375,131072,2868,0.021881,0,0,3
437,host-9,2,0,14,2,0,0,0.124719,0,32000,3991,0.124719,131072,3572,0.027252,0,0,2
438,host-1,2,0,14,2,0,0,0.089844,0,32000,2875,0.089844,131072,3110,0.023727,0,0,2
438,host-10,2,0,14,2,0,0,0.126156,0,32000,4037,0.126156,131072,4445,0.033913,0,0,2
438,host-11,2,0,14,2,0,0,0.095406,0,32000,3053,0.095406,131072,2878,0.021957,0,0,2
438,host-12,3,0,14,3,0,0,0.122031,0,32000,3905,0.122031,131072,2987,0.022789,0,0,3
438,host-13,2,1,14,2,1,0,0.101750,0,32000,3256,0.101750,131072,3116,0.023773,1,0,1
438,host-14,2,0,14,2,0,0,0.080656,0,32000,2581,0.080656,131072,2544,0.019409,0,0,2
438,host-15,1,0,14,1,0,0,0.072156,0,32000,2309,0.072156,131072,2949,0.022499,0,0,1
438,host-16,2,0,14,2,0,0,0.129719,0,32000,4151,0.129719,131072,4490,0.034256,0,0,2
438,host-17,2,0,14,2,0,0,0.093594,0,32000,2995,0.093594,131072,3827,0.029198,0,0,2
438,host-18,2,0,14,2,0,0,0.125594,0,32000,4019,0.125594,131072,3341,0.025490,0,0,2
438,host-19,3,0,14,3,0,0,0.140719,0,32000,4503,0.140719,131072,4487,0.034233,0,0,3
438,host-2,2,0,14,2,0,0,0.093344,0,32000,2987,0.093344,131072,3044,0.023224,0,0,2
438,host-20,3,0,14,3,0,0,0.118813,0,32000,3802,0.118813,131072,3589,0.027382,0,0,3
438,host-21,2,0,14,2,0,0,0.124250,0,32000,3976,0.124250,131072,4496,0.034302,0,0,2
438,host-22,2,0,14,2,0,0,0.103094,0,32000,3299,0.103094,131072,2851,0.021751,0,0,2
438,host-23,2,0,14,2,0,0,0.085281,0,32000,2729,0.085281,131072,2711,0.020683,0,0,2
438,host-24,2,0,14,2,0,0,0.087906,0,32000,2813,0.087906,131072,2265,0.017281,0,0,2
438,host-3,2,0,14,2,0,0,0.105531,0,32000,3377,0.105531,131072,4139,0.031578,0,0,2
438,host-4,2,0,14,2,0,0,0.094000,0,32000,3008,0.094000,131072,2030,0.015488,0,0,2
438,host-5,2,0,14,2,0,0,0.128719,0,32000,4119,0.128719,131072,4424,0.033752,0,0,2
438,host-6,3,1,14,3,1,0,0.117156,0,32000,3749,0.117156,131072,4474,0.034134,0,1,2
438,host-7,2,0,14,2,0,0,0.068750,0,32000,2200,0.068750,131072,2462,0.018784,0,0,2
438,host-8,3,0,14,3,0,0,0.096375,0,32000,3084,0.096375,131072,2868,0.021881,0,0,3
438,host-9,2,0,14,2,0,0,0.124719,0,32000,3991,0.124719,131072,3572,0.027252,0,0,2
439,host-1,2,0,14,2,0,0,0.089844,0,32000,2875,0.089844,131072,3110,0.023727,0,0,2
439,host-10,2,0,14,2,0,0,0.126156,0,32000,4037,0.126156,131072,4445,0.033913,0,0,2
439,host-11,2,0,14,2,0,0,0.095406,0,32000,3053,0.095406,131072,2878,0.021957,0,0,2
439,host-12,3,0,14,3,0,0,0.122031,0,32000,3905,0.122031,131072,2987,0.022789,0,0,3
439,host-13,2,0,14,2,0,0,0.101750,0,32000,3256,0.101750,131072,3116,0.023773,0,0,2
439,host-14,2,0,14,2,0,0,0.080656,0,32000,2581,0.080656,131072,2544,0.019409,0,0,2
439,host-15,1,0,14,1,0,0,0.072156,0,32000,2309,0.072156,131072,2949,0.022499,0,0,1
439,host-16,2,0,14,2,0,0,0.129719,0,32000,4151,0.129719,131072,4490,0.034256,0,0,2
439,host-17,2,0,14,2,0,0,0.093594,0,32000,2995,0.093594,131072,3827,0.029198,0,0,2
439,host-18,2,0,14,2,0,0,0.125594,0,32000,4019,0.125594,131072,3341,0.025490,0,0,2
439,host-19,3,0,14,3,0,0,0.140719,0,32000,4503,0.140719,131072,4487,0.034233,0,0,3
439,host-2,2,0,14,2,0,0,0.093344,0,32000,2987,0.093344,131072,3044,0.023224,0,0,2
439,host-20,3,0,14,3,0,0,0.118813,0,32000,3802,0.118813,131072,3589,0.027382,0,0,3
439,host-21,2,0,14,2,0,0,0.124250,0,32000,3976,0.124250,131072,4496,0.034302,0,0,2
439,host-22,2,0,14,2,0,0,0.103094,0,32000,3299,0.103094,131072,2851,0.021751,0,0,2
439,host-23,2,0,14,2,0,0,0.085281,0,32000,2729,0.085281,131072,2711,0.020683,0,0,2
439,host-24,2,0,14,2,0,0,0.087906,0,32000,2813,0.087906,131072,2265,0.017281,0,0,2
439,host-3,2,0,14,2,0,0,0.105531,0,32000,3377,0.105531,131072,4139,0.031578,0,0,2
439,host-4,2,0,14,2,0,0,0.094000,0,32000,3008,0.094000,131072,2030,0.015488,0,0,2
439,host-5,2,0,14,2,0,0,0.128719,0,32000,4119,0.128719,131072,4424,0.033752,0,0,2
439,host-6,3,0,14,3,0,0,0.117156,0,32000,3749,0.117156,131072,4474,0.034134,0,0,3
439,host-7,2,0,14,2,0,0,0.068750,0,32000,2200,0.068750,131072,2462,0.018784,0,0,2
439,host-8,3,0,14,3,0,0,0.096375,0,32000,3084,0.096375,131072,2868,0.021881,0,0,3
439,host-9,2,0,14,2,0,0,0.124719,0,32000,3991,0.124719,131072,3572,0.027252,0,0,2
440,host-1,1,0,14,1,0,0,0.048531,0,32000,1553,0.048531,131072,1727,0.013176,0,0,1
440,host-10,2,0,14,2,0,0,0.126156,0,32000,4037,0.126156,131072,4445,0.033913,0,0,2
440,host-11,2,0,14,2,0,0,0.095406,0,32000,3053,0.095406,131072,2878,0.021957,0,0,2
440,host-12,3,0,14,3,0,0,0.122031,0,32000,3905,0.122031,131072,2987,0.022789,0,0,3
440,host-13,2,0,14,2,0,0,0.101750,0,32000,3256,0.101750,131072,3116,0.023773,0,0,2
440,host-14,2,0,14,2,0,0,0.080656,0,32000,2581,0.080656,131072,2544,0.019409,0,0,2
440,host-15,1,0,14,1,0,0,0.072156,0,32000,2309,0.072156,131072,2949,0.022499,0,0,1
440,host-16,2,0,14,2,0,0,0.129719,0,32000,4151,0.129719,131072,4490,0.034256,0,0,2
440,host-17,2,0,14,2,0,0,0.093594,0,32000,2995,0.093594,131072,3827,0.029198,0,0,2
440,host-18,2,0,14,2,0,0,0.125594,0,32000,4019,0.125594,131072,3341,0.025490,0,0,2
440,host-19,3,0,14,3,0,0,0.140719,0,32000,4503,0.140719,131072,4487,0.034233,0,0,3
440,host-2,2,0,14,2,0,0,0.093344,0,32000,2987,0.093344,131072,3044,0.023224,0,0,2
440,host-20,3,0,14,3,0,0,0.118813,0,32000,3802,0.118813,131072,3589,0.027382,0,0,3
440,host-21,2,0,14,2,0,0,0.124250,0,32000,3976,0.124250,131072,4496,0.034302,0,0,2
440,host-22,2,0,14,2,0,0,0.103094,0,32000,3299,0.103094,131072,2851,0.021751,0,0,2
440,host-23,2,0,14,2,0,0,0.085281,0,32000,2729,0.085281,131072,2711,0.020683,0,0,2
440,host-24,2,0,14,2,0,0,0.087906,0,32000,2813,0.087906,131072,2265,0.017281,0,0,2
440,host-3,2,0,14,2,0,0,0.105531,0,32000,3377,0.105531,131072,4139,0.031578,0,0,2
440,host-4,2,1,14,2,1,0,0.094000,0,32000,3008,0.094000,131072,2030,0.015488,0,1,1
440,host-5,2,0,14,2,0,0,0.128719,0,32000,4119,0.128719,131072,4424,0.033752,0,0,2
440,host-6,3,0,14,3,0,0,0.117156,0,32000,3749,0.117156,131072,4474,0.034134,0,0,3
440,host-7,2,0,14,2,0,0,0.068750,0,32000,2200,0.068750,131072,2462,0.018784,0,0,2
440,host-8,3,0,14,3,0,0,0.096375,0,32000,3084,0.096375,131072,2868,0.021881,0,0,3
440,host-9,2,0,14,2,0,0,0.124719,0,32000,3991,0.124719,131072,3572,0.027252,0,0,2
441,host-1,2,1,14,2,1,0,0.086219,0,32000,2759,0.086219,131072,3233,0.024666,1,0,1
441,host-10,2,0,14,2,0,0,0.126156,0,32000,4037,0.126156,131072,4445,0.033913,0,0,2
441,host-11,2,0,14,2,0,0,0.095406,0,32000,3053,0.095406,131072,2878,0.021957,0,0,2
441,host-12,3,0,14,3,0,0,0.122031,0,32000,3905,0.122031,131072,2987,0.022789,0,0,3
441,host-13,2,0,14,2,0,0,0.101750,0,32000,3256,0.101750,131072,3116,0.023773,0,0,2
441,host-14,2,0,14,2,0,0,0.080656,0,32000,2581,0.080656,131072,2544,0.019409,0,0,2
441,host-15,1,0,14,1,0,0,0.072156,0,32000,2309,0.072156,131072,2949,0.022499,0,0,1
441,host-16,2,0,14,2,0,0,0.129719,0,32000,4151,0.129719,131072,4490,0.034256,0,0,2
441,host-17,2,0,14,2,0,0,0.093594,0,32000,2995,0.093594,131072,3827,0.029198,0,0,2
441,host-18,2,0,14,2,0,0,0.125594,0,32000,4019,0.125594,131072,3341,0.025490,0,0,2
441,host-19,3,0,14,3,0,0,0.140719,0,32000,4503,0.140719,131072,4487,0.034233,0,0,3
441,host-2,2,0,14,2,0,0,0.093344,0,32000,2987,0.093344,131072,3044,0.023224,0,0,2
441,host-20,3,0,14,3,0,0,0.118813,0,32000,3802,0.118813,131072,3589,0.027382,0,0,3
441,host-21,2,0,14,2,0,0,0.124250,0,32000,3976,0.124250,131072,4496,0.034302,0,0,2
441,host-22,2,0,14,2,0,0,0.103094,0,32000,3299,0.103094,131072,2851,0.021751,0,0,2
441,host-23,2,0,14,2,0,0,0.085281,0,32000,2729,0.085281,131072,2711,0.020683,0,0,2
441,host-24,2,0,14,2,0,0,0.087906,0,32000,2813,0.087906,131072,2265,0.017281,0,0,2
441,host-3,2,0,14,2,0,0,0.105531,0,32000,3377,0.105531,131072,4139,0.031578,0,0,2
441,host-4,2,0,14,2,0,0,0.094000,0,32000,3008,0.094000,131072,2030,0.015488,0,0,2
441,host-5,2,0,14,2,0,0,0.128719,0,32000,4119,0.128719,131072,4424,0.033752,0,0,2
441,host-6,3,1,14,3,1,0,0.117156,0,32000,3749,0.117156,131072,4474,0.034134,0,1,2
441,host-7,3,1,14,3,1,0,0.138969,0,32000,4447,0.138969,131072,4371,0.033348,1,0,2
441,host-8,3,0,14,3,0,0,0.096375,0,32000,3084,0.096375,131072,2868,0.021881,0,0,3
441,host-9,2,0,14,2,0,0,0.124719,0,32000,3991,0.124719,131072,3572,0.027252,0,0,2
442,host-1,2,1,14,2,1,0,0.086219,0,32000,2759,0.086219,131072,3233,0.024666,0,1,1
442,host-10,2,0,14,2,0,0,0.126156,0,32000,4037,0.126156,131072,4445,0.033913,0,0,2
442,host-11,2,0,14,2,0,0,0.095406,0,32000,3053,0.095406,131072,2878,0.021957,0,0,2
442,host-12,3,0,14,3,0,0,0.122031,0,32000,3905,0.122031,131072,2987,0.022789,0,0,3
442,host-13,2,0,14,2,0,0,0.101750,0,32000,3256,0.101750,131072,3116,0.023773,0,0,2
442,host-14,2,0,14,2,0,0,0.080656,0,32000,2581,0.080656,131072,2544,0.019409,0,0,2
442,host-15,2,1,14,2,1,0,0.110500,0,32000,3536,0.110500,131072,4149,0.031654,1,0,1
442,host-16,2,0,14,2,0,0,0.129719,0,32000,4151,0.129719,131072,4490,0.034256,0,0,2
442,host-17,2,1,14,2,1,0,0.093594,0,32000,2995,0.093594,131072,3827,0.029198,0,1,1
442,host-18,2,0,14,2,0,0,0.125594,0,32000,4019,0.125594,131072,3341,0.025490,0,0,2
442,host-19,3,0,14,3,0,0,0.140719,0,32000,4503,0.140719,131072,4487,0.034233,0,0,3
442,host-2,2,0,14,2,0,0,0.093344,0,32000,2987,0.093344,131072,3044,0.023224,0,0,2
442,host-20,3,0,14,3,0,0,0.118813,0,32000,3802,0.118813,131072,3589,0.027382,0,0,3
442,host-21,2,0,14,2,0,0,0.124250,0,32000,3976,0.124250,131072,4496,0.034302,0,0,2
442,host-22,2,0,14,2,0,0,0.103094,0,32000,3299,0.103094,131072,2851,0.021751,0,0,2
442,host-23,2,0,14,2,0,0,0.085281,0,32000,2729,0.085281,131072,2711,0.020683,0,0,2
442,host-24,2,0,14,2,0,0,0.087906,0,32000,2813,0.087906,131072,2265,0.017281,0,0,2
442,host-3,2,0,14,2,0,0,0.105531,0,32000,3377,0.105531,131072,4139,0.031578,0,0,2
442,host-4,2,0,14,2,0,0,0.094000,0,32000,3008,0.094000,131072,2030,0.015488,0,0,2
442,host-5,1,0,14,1,0,0,0.073781,0,32000,2361,0.073781,131072,2606,0.019882,0,0,1
442,host-6,3,0,14,3,0,0,0.117156,0,32000,3749,0.117156,131072,4474,0.034134,0,0,3
442,host-7,3,1,14,3,1,0,0.138969,0,32000,4447,0.138969,131072,4371,0.033348,1,0,2
442,host-8,3,0,14,3,0,0,0.096375,0,32000,3084,0.096375,131072,2868,0.021881,0,0,3
442,host-9,2,0,14,2,0,0,0.124719,0,32000,3991,0.124719,131072,3572,0.027252,0,0,2
443,host-1,2,0,14,2,0,0,0.086219,0,32000,2759,0.086219,131072,3233,0.024666,0,0,2
443,host-10,2,0,14,2,0,0,0.126156,0,32000,4037,0.126156,131072,4445,0.033913,0,0,2
443,host-11,2,0,14,2,0,0,0.095406,0,32000,3053,0.095406,131072,2878,0.021957,0,0,2
443,host-12,3,0,14,3,0,0,0.122031,0,32000,3905,0.122031,131072,2987,0.022789,0,0,3
443,host-13,2,0,14,2,0,0,0.101750,0,32000,3256,0.101750,131072,3116,0.023773,0,0,2
443,host-14,3,1,14,3,1,0,0.107531,0,32000,3441,0.107531,131072,3075,0.023460,1,0,2
443,host-15,2,1,14,2,1,0,0.110500,0,32000,3536,0.110500,131072,4149,0.031654,1,0,1
443,host-16,2,0,14,2,0,0,0.129719,0,32000,4151,0.129719,131072,4490,0.034256,0,0,2
443,host-17,2,0,14,2,0,0,0.093594,0,32000,2995,0.093594,131072,3827,0.029198,0,0,2
443,host-18,2,0,14,2,0,0,0.125594,0,32000,4019,0.125594,131072,3341,0.025490,0,0,2
443,host-19,3,0,14,3,0,0,0.140719,0,32000,4503,0.140719,131072,4487,0.034233,0,0,3
443,host-2,2,0,14,2,0,0,0.093344,0,32000,2987,0.093344,131072,3044,0.023224,0,0,2
443,host-20,3,0,14,3,0,0,0.118813,0,32000,3802,0.118813,131072,3589,0.027382,0,0,3
443,host-21,2,0,14,2,0,0,0.124250,0,32000,3976,0.124250,131072,4496,0.034302,0,0,2
443,host-22,2,0,14,2,0,0,0.103094,0,32000,3299,0.103094,131072,2851,0.021751,0,0,2
443,host-23,2,0,14,2,0,0,0.085281,0,32000,2729,0.085281,131072,2711,0.020683,0,0,2
443,host-24,2,0,14,2,0,0,0.087906,0,32000,2813,0.087906,131072,2265,0.017281,0,0,2
443,host-3,2,0,14,2,0,0,0.105531,0,32000,3377,0.105531,131072,4139,0.031578,0,0,2
443,host-4,2,0,14,2,0,0,0.094000,0,32000,3008,0.094000,131072,2030,0.015488,0,0,2
443,host-5,2,1,14,2,1,0,0.144000,0,32000,4608,0.144000,131072,4515,0.034447,1,0,1
443,host-6,3,0,14,3,0,0,0.117156,0,32000,3749,0.117156,131072,4474,0.034134,0,0,3
443,host-7,3,0,14,3,0,0,0.138969,0,32000,4447,0.138969,131072,4371,0.033348,0,0,3
443,host-8,3,0,14,3,0,0,0.096375,0,32000,3084,0.096375,131072,2868,0.021881,0,0,3
443,host-9,2,0,14,2,0,0,0.124719,0,32000,3991,0.124719,131072,3572,0.027252,0,0,2
444,host-1,2,0,14,2,0,0,0.086219,0,32000,2759,0.086219,131072,3233,0.024666,0,0,2
444,host-10,2,1,14,2,1,0,0.126156,0,32000,4037,0.126156,131072,4445,0.033913,0,1,1
444,host-11,2,0,14,2,0,0,0.095406,0,32000,3053,0.095406,131072,2878,0.021957,0,0,2
444,host-12,2,0,14,2,0,0,0.078687,0,32000,2518,0.078687,131072,2113,0.016121,0,0,2
444,host-13,2,0,14,2,0,0,0.101750,0,32000,3256,0.101750,131072,3116,0.023773,0,0,2
444,host-14,3,0,14,3,0,0,0.107531,0,32000,3441,0.107531,131072,3075,0.023460,0,0,3
444,host-15,2,0,14,2,0,0,0.110500,0,32000,3536,0.110500,131072,4149,0.031654,0,0,2
444,host-16,2,0,14,2,0,0,0.129719,0,32000,4151,0.129719,131072,4490,0.034256,0,0,2
444,host-17,2,0,14,2,0,0,0.093594,0,32000,2995,0.093594,131072,3827,0.029198,0,0,2
444,host-18,2,0,14,2,0,0,0.125594,0,32000,4019,0.125594,131072,3341,0.025490,0,0,2
444,host-19,3,0,14,3,0,0,0.140719,0,32000,4503,0.140719,131072,4487,0.034233,0,0,3
444,host-2,1,0,14,1,0,0,0.044875,0,32000,1436,0.044875,131072,813,0.006203,0,0,1
444,host-20,3,0,14,3,0,0,0.118813,0,32000,3802,0.118813,131072,3589,0.027382,0,0,3
444,host-21,2,0,14,2,0,0,0.124250,0,32000,3976,0.124250,131072,4496,0.034302,0,0,2
444,host-22,2,0,14,2,0,0,0.103094,0,32000,3299,0.103094,131072,2851,0.021751,0,0,2
444,host-23,3,1,14,3,1,0,0.135563,0,32000,4338,0.135563,131072,4240,0.032349,1,0,2
444,host-24,2,0,14,2,0,0,0.087906,0,32000,2813,0.087906,131072,2265,0.017281,0,0,2
444,host-3,2,1,14,2,1,0,0.118125,0,32000,3780,0.118125,131072,4259,0.032494,1,0,1
444,host-4,2,0,14,2,0,0,0.094000,0,32000,3008,0.094000,131072,2030,0.015488,0,0,2
444,host-5,2,0,14,2,0,0,0.144000,0,32000,4608,0.144000,131072,4515,0.034447,0,0,2
444,host-6,3,0,14,3,0,0,0.117156,0,32000,3749,0.117156,131072,4474,0.034134,0,0,3
444,host-7,3,0,14,3,0,0,0.138969,0,32000,4447,0.138969,131072,4371,0.033348,0,0,3
444,host-8,3,0,14,3,0,0,0.096375,0,32000,3084,0.096375,131072,2868,0.021881,0,0,3
444,host-9,2,0,14,2,0,0,0.124719,0,32000,3991,0.124719,131072,3572,0.027252,0,0,2
445,host-1,1,0,14,1,0,0,0.037687,0,32000,1206,0.037687,131072,1506,0.011490,0,0,1
445,host-10,2,0,14,2,0,0,0.126156,0,32000,4037,0.126156,131072,4445,0.033913,0,0,2
445,host-11,2,0,14,2,0,0,0.095406,0,32000,3053,0.095406,131072,2878,0.021957,0,0,2
445,host-12,2,0,14,2,0,0,0.078687,0,32000,2518,0.078687,131072,2113,0.016121,0,0,2
445,host-13,2,0,14,2,0,0,0.101750,0,32000,3256,0.101750,131072,3116,0.023773,0,0,2
445,host-14,3,0,14,3,0,0,0.107531,0,32000,3441,0.107531,131072,3075,0.023460,0,0,3
445,host-15,2,0,14,2,0,0,0.110500,0,32000,3536,0.110500,131072,4149,0.031654,0,0,2
445,host-16,2,0,14,2,0,0,0.129719,0,32000,4151,0.129719,131072,4490,0.034256,0,0,2
445,host-17,2,0,14,2,0,0,0.093594,0,32000,2995,0.093594,131072,3827,0.029198,0,0,2
445,host-18,2,0,14,2,0,0,0.125594,0,32000,4019,0.125594,131072,3341,0.025490,0,0,2
445,host-19,3,0,14,3,0,0,0.140719,0,32000,4503,0.140719,131072,4487,0.034233,0,0,3
445,host-2,1,0,14,1,0,0,0.044875,0,32000,1436,0.044875,131072,813,0.006203,0,0,1
445,host-20,3,0,14,3,0,0,0.118813,0,32000,3802,0.118813,131072,3589,0.027382,0,0,3
445,host-21,2,0,14,2,0,0,0.124250,0,32000,3976,0.124250,131072,4496,0.034302,0,0,2
445,host-22,2,0,14,2,0,0,0.103094,0,32000,3299,0.103094,131072,2851,0.021751,0,0,2
445,host-23,2,1,14,2,1,0,0.078063,0,32000,2498,0.078063,131072,2051,0.015648,1,0,1
445,host-24,1,0,14,1,0,0,0.054562,0,32000,1746,0.054562,131072,1249,0.009529,0,0,1
445,host-3,2,1,14,2,1,0,0.118125,0,32000,3780,0.118125,131072,4259,0.032494,1,0,1
445,host-4,2,0,14,2,0,0,0.094000,0,32000,3008,0.094000,131072,2030,0.015488,0,0,2
445,host-5,2,0,14,2,0,0,0.144000,0,32000,4608,0.144000,131072,4515,0.034447,0,0,2
445,host-6,3,0,14,3,0,0,0.117156,0,32000,3749,0.117156,131072,4474,0.034134,0,0,3
445,host-7,3,0,14,3,0,0,0.138969,0,32000,4447,0.138969,131072,4371,0.033348,0,0,3
445,host-8,3,0,14,3,0,0,0.096375,0,32000,3084,0.096375,131072,2868,0.021881,0,0,3
445,host-9,1,0,14,1,0,0,0.066375,0,32000,2124,0.066375,131072,2384,0.018188,0,0,1
446,host-1,1,0,14,1,0,0,0.037687,0,32000,1206,0.037687,131072,1506,0.011490,0,0,1
446,host-10,2,0,14,2,0,0,0.126156,0,32000,4037,0.126156,131072,4445,0.033913,0,0,2
446,host-11,2,0,14,2,0,0,0.095406,0,32000,3053,0.095406,131072,2878,0.021957,0,0,2
446,host-12,2,0,14,2,0,0,0.078687,0,32000,2518,0.078687,131072,2113,0.016121,0,0,2
446,host-13,2,0,14,2,0,0,0.101750,0,32000,3256,0.101750,131072,3116,0.023773,0,0,2
446,host-14,3,0,14,3,0,0,0.107531,0,32000,3441,0.107531,131072,3075,0.023460,0,0,3
446,host-15,2,0,14,2,0,0,0.110500,0,32000,3536,0.110500,131072,4149,0.031654,0,0,2
446,host-16,2,0,14,2,0,0,0.129719,0,32000,4151,0.129719,131072,4490,0.034256,0,0,2
446,host-17,2,0,14,2,0,0,0.093594,0,32000,2995,0.093594,131072,3827,0.029198,0,0,2
446,host-18,2,0,14,2,0,0,0.125594,0,32000,4019,0.125594,131072,3341,0.025490,0,0,2
446,host-19,3,0,14,3,0,0,0.140719,0,32000,4503,0.140719,131072,4487,0.034233,0,0,3
446,host-2,0,0,14,0,0,0,0.000000,0,32000,0,0.000000,131072,0,0.000000,0,0,0
446,host-20,3,0,14,3,0,0,0.118813,0,32000,3802,0.118813,131072,3589,0.027382,0,0,3
446,host-21,2,1,14,2,1,0,0.124250,0,32000,3976,0.124250,131072,4496,0.034302,0,1,1
446,host-22,2,0,14,2,0,0,0.103094,0,32000,3299,0.103094,131072,2851,0.021751,0,0,2
446,host-23,2,0,14,2,0,0,0.078063,0,32000,2498,0.078063,131072,2051,0.015648,0,0,2
446,host-24,0,0,14,0,0,0,0.000000,0,32000,0,0.000000,131072,0,0.000000,0,0,0
446,host-3,2,0,14,2,0,0,0.118125,0,32000,3780,0.118125,131072,4259,0.032494,0,0,2
446,host-4,2,0,14,2,0,0,0.094000,0,32000,3008,0.094000,131072,2030,0.015488,0,0,2
446,host-5,2,0,14,2,0,0,0.144000,0,32000,4608,0.144000,131072,4515,0.034447,0,0,2
446,host-6,3,0,14,3,0,0,0.117156,0,32000,3749,0.117156,131072,4474,0.034134,0,0,3
446,host-7,3,0,14,3,0,0,0.138969,0,32000,4447,0.138969,131072,4371,0.033348,0,0,3
446,host-8,3,1,14,3,1,0,0.096375,0,32000,3084,0.096375,131072,2868,0.021881,0,1,2
446,host-9,1,0,14,1,0,0,0.066375,0,32000,2124,0.066375,131072,2384,0.018188,0,0,1
447,host-1,1,0,14,1,0,0,0.037687,0,32000,1206,0.037687,131072,1506,0.011490,0,0,1
447,host-10,2,0,14,2,0,0,0.126156,0,32000,4037,0.126156,131072,4445,0.033913,0,0,2
447,host-11,2,0,14,2,0,0,0.095406,0,32000,3053,0.095406,131072,2878,0.021957,0,0,2
447,host-12,1,0,14,1,0,0,0.051437,0,32000,1646,0.051437,131072,1241,0.009468,0,0,1
447,host-13,2,1,14,2,1,0,0.101750,0,32000,3256,0.101750,131072,3116,0.023773,0,1,1
447,host-14,3,0,14,3,0,0,0.107531,0,32000,3441,0.107531,131072,3075,0.023460,0,0,3
447,host-15,2,0,14,2,0,0,0.110500,0,32000,3536,0.110500,131072,4149,0.031654,0,0,2
447,host-16,2,0,14,2,0,0,0.129719,0,32000,4151,0.129719,131072,4490,0.034256,0,0,2
447,host-17,2,0,14,2,0,0,0.093594,0,32000,2995,0.093594,131072,3827,0.029198,0,0,2
447,host-18,2,0,14,2,0,0,0.125594,0,32000,4019,0.125594,131072,3341,0.025490,0,0,2
447,host-19,3,0,14,3,0,0,0.140719,0,32000,4503,0.140719,131072,4487,0.034233,0,0,3
447,host-2,0,0,14,0,0,0,0.000000,0,32000,0,0.000000,131072,0,0.000000,0,0,0
447,host-20,3,0,14,3,0,0,0.118813,0,32000,3802,0.118813,131072,3589,0.027382,0,0,3
447,host-21,2,0,14,2,0,0,0.124250,0,32000,3976,0.124250,131072,4496,0.034302,0,0,2
447,host-22,2,0,14,2,0,0,0.103094,0,32000,3299,0.103094,131072,2851,0.021751,0,0,2
447,host-23,2,0,14,2,0,0,0.078063,0,32000,2498,0.078063,131072,2051,0.015648,0,0,2
447,host-24,0,0,14,0,0,0,0.000000,0,32000,0,0.000000,131072,0,0.000000,0,0,0
447,host-3,2,0,14,2,0,0,0.118125,0,32000,3780,0.118125,131072,4259,0.032494,0,0,2
447,host-4,2,0,14,2,0,0,0.094000,0,32000,3008,0.094000,131072,2030,0.015488,0,0,2
447,host-5,2,0,14,2,0,0,0.144000,0,32000,4608,0.144000,131072,4515,0.034447,0,0,2
447,host-6,3,0,14,3,0,0,0.117156,0,32000,3749,0.117156,131072,4474,0.034134,0,0,3
447,host-7,3,0,14,3,0,0,0.138969,0,32000,4447,0.138969,131072,4371,0.033348,0,0,3
447,host-8,3,0,14,3,0,0,0.096375,0,32000,3084,0.096375,131072,2868,0.021881,0,0,3
447,host-9,1,0,14,1,0,0,0.066375,0,32000,2124,0.066375,131072,2384,0.018188,0,0,1
448,host-1,1,0,14,1,0,0,0.037687,0,32000,1206,0.037687,131072,1506,0.011490,0,0,1
448,host-10,2,0,14,2,0,0,0.126156,0,32000,4037,0.126156,131072,4445,0.033913,0,0,2
448,host-11,1,0,14,1,0,0,0.065844,0,32000,2107,0.065844,131072,1863,0.014214,0,0,1
448,host-12,1,0,14,1,0,0,0.051437,0,32000,1646,0.051437,131072,1241,0.009468,0,0,1
448,host-13,2,0,14,2,0,0,0.101750,0,32000,3256,0.101750,131072,3116,0.023773,0,0,2
448,host-14,3,0,14,3,0,0,0.107531,0,32000,3441,0.107531,131072,3075,0.023460,0,0,3
448,host-15,1,0,14,1,0,0,0.038344,0,32000,1227,0.038344,131072,1200,0.009155,0,0,1
448,host-16,1,0,14,1,0,0,0.063187,0,32000,2022,0.063187,131072,2269,0.017311,0,0,1
448,host-17,2,0,14,2,0,0,0.093594,0,32000,2995,0.093594,131072,3827,0.029198,0,0,2
448,host-18,2,0,14,2,0,0,0.125594,0,32000,4019,0.125594,131072,3341,0.025490,0,0,2
448,host-19,3,0,14,3,0,0,0.140719,0,32000,4503,0.140719,131072,4487,0.034233,0,0,3
448,host-2,0,0,14,0,0,0,0.000000,0,32000,0,0.000000,131072,0,0.000000,0,0,0
448,host-20,3,0,14,3,0,0,0.118813,0,32000,3802,0.118813,131072,3589,0.027382,0,0,3
448,host-21,1,0,14,1,0,0,0.064062,0,32000,2050,0.064062,131072,2686,0.020493,0,0,1
448,host-22,2,0,14,2,0,0,0.103094,0,32000,3299,0.103094,131072,2851,0.021751,0,0,2
448,host-23,2,0,14,2,0,0,0.078063,0,32000,2498,0.078063,131072,2051,0.015648,0,0,2
448,host-24,0,0,14,0,0,0,0.000000,0,32000,0,0.000000,131072,0,0.000000,0,0,0
448,host-3,2,0,14,2,0,0,0.118125,0,32000,3780,0.118125,131072,4259,0.032494,0,0,2
448,host-4,2,0,14,2,0,0,0.094000,0,32000,3008,0.094000,131072,2030,0.015488,0,0,2
448,host-5,2,0,14,2,0,0,0.144000,0,32000,4608,0.144000,131072,4515,0.034447,0,0,2
448,host-6,3,0,14,3,0,0,0.117156,0,32000,3749,0.117156,131072,4474,0.034134,0,0,3
448,host-7,3,0,14,3,0,0,0.138969,0,32000,4447,0.138969,131072,4371,0.033348,0,0,3
448,host-8,3,0,14,3,0,0,0.096375,0,32000,3084,0.096375,131072,2868,0.021881,0,0,3
448,host-9,1,0,14,1,0,0,0.066375,0,32000,2124,0.066375,131072,2384,0.018188,0,0,1
449,host-1,1,0,14,1,0,0,0.037687,0,32000,1206,0.037687,131072,1506,0.011490,0,0,1
449,host-10,2,0,14,2,0,0,0.126156,0,32000,4037,0.126156,131072,4445,0.033913,0,0,2
449,host-11,1,0,14,1,0,0,0.065844,0,32000,2107,0.065844,131072,1863,0.014214,0,0,1
449,host-12,1,0,14,1,0,0,0.051437,0,32000,1646,0.051437,131072,1241,0.009468,0,0,1
449,host-13,2,0,14,2,0,0,0.101750,0,32000,3256,0.101750,131072,3116,0.023773,0,0,2
449,host-14,3,0,14,3,0,0,0.107531,0,32000,3441,0.107531,131072,3075,0.023460,0,0,3
449,host-15,1,0,14,1,0,0,0.038344,0,32000,1227,0.038344,131072,1200,0.009155,0,0,1
449,host-16,1,0,14,1,0,0,0.063187,0,32000,2022,0.063187,131072,2269,0.017311,0,0,1
449,host-17,2,0,14,2,0,0,0.093594,0,32000,2995,0.093594,131072,3827,0.029198,0,0,2
449,host-18,2,0,14,2,0,0,0.125594,0,32000,4019,0.125594,131072,3341,0.025490,0,0,2
449,host-19,3,0,14,3,0,0,0.140719,0,32000,4503,0.140719,131072,4487,0.034233,0,0,3
449,host-2,0,0,14,0,0,0,0.000000,0,32000,0,0.000000,131072,0,0.000000,0,0,0
449,host-20,3,0,14,3,0,0,0.118813,0,32000,3802,0.118813,131072,3589,0.027382,0,0,3
449,host-21,1,0,14,1,0,0,0.064062,0,32000,2050,0.064062,131072,2686,0.020493,0,0,1
449,host-22,2,0,14,2,0,0,0.103094,0,32000,3299,0.103094,131072,2851,0.021751,0,0,2
449,host-23,2,0,14,2,0,0,0.078063,0,32000,2498,0.078063,131072,2051,0.015648,0,0,2
449,host-24,1,1,14,1,1,0,0.071094,0,32000,2275,0.071094,131072,2314,0.017654,1,0,0
449,host-3,2,0,14,2,0,0,0.118125,0,32000,3780,0.118125,131072,4259,0.032494,0,0,2
449,host-4,2,0,14,2,0,0,0.094000,0,32000,3008,0.094000,131072,2030,0.015488,0,0,2
449,host-5,2,0,14,2,0,0,0.144000,0,32000,4608,0.144000,131072,4515,0.034447,0,0,2
449,host-6,3,0,14,3,0,0,0.117156,0,32000,3749,0.117156,131072,4474,0.034134,0,0,3
449,host-7,3,0,14,3,0,0,0.138969,0,32000,4447,0.138969,131072,4371,0.033348,0,0,3
449,host-8,3,0,14,3,0,0,0.096375,0,32000,3084,0.096375,131072,2868,0.021881,0,0,3
449,host-9,1,0,14,1,0,0,0.066375,0,32000,2124,0.066375,131072,2384,0.018188,0,0,1
450,host-1,2,1,14,2,1,0,0.079375,0,32000,2540,0.079375,131072,3011,0.022972,1,0,1
450,host-10,2,0,14,2,0,0,0.126156,0,32000,4037,0.126156,131072,4445,0.033913,0,0,2
450,host-11,1,0,14,1,0,0,0.065844,0,32000,2107,0.065844,131072,1863,0.014214,0,0,1
450,host-12,1,0,14,1,0,0,0.051437,0,32000,1646,0.051437,131072,1241,0.009468,0,0,1
450,host-13,2,0,14,2,0,0,0.101750,0,32000,3256,0.101750,131072,3116,0.023773,0,0,2
450,host-14,3,0,14,3,0,0,0.107531,0,32000,3441,0.107531,131072,3075,0.023460,0,0,3
450,host-15,2,1,14,2,1,0,0.074813,0,32000,2394,0.074813,131072,2565,0.019569,1,0,1
450,host-16,1,0,14,1,0,0,0.063187,0,32000,2022,0.063187,131072,2269,0.017311,0,0,1
450,host-17,2,0,14,2,0,0,0.093594,0,32000,2995,0.093594,131072,3827,0.029198,0,0,2
450,host-18,2,0,14,2,0,0,0.125594,0,32000,4019,0.125594,131072,3341,0.025490,0,0,2
450,host-19,2,0,14,2,0,0,0.096219,0,32000,3079,0.096219,131072,3339,0.025475,0,0,2
450,host-2,1,1,14,1,1,0,0.070719,0,32000,2263,0.070719,131072,2580,0.019684,1,0,0
450,host-20,3,0,14,3,0,0,0.118813,0,32000,3802,0.118813,131072,3589,0.027382,0,0,3
450,host-21,1,0,14,1,0,0,0.064062,0,32000,2050,0.064062,131072,2686,0.020493,0,0,1
450,host-22,2,0,14,2,0,0,0.103094,0,32000,3299,0.103094,131072,2851,0.021751,0,0,2
450,host-23,2,0,14,2,0,0,0.078063,0,32000,2498,0.078063,131072,2051,0.015648,0,0,2
450,host-24,1,1,14,1,1,0,0.071094,0,32000,2275,0.071094,131072,2314,0.017654,0,1,0
450,host-3,2,0,14,2,0,0,0.118125,0,32000,3780,0.118125,131072,4259,0.032494,0,0,2
450,host-4,2,0,14,2,0,0,0.094000,0,32000,3008,0.094000,131072,2030,0.015488,0,0,2
450,host-5,2,0,14,2,0,0,0.144000,0,32000,4608,0.144000,131072,4515,0.034447,0,0,2
450,host-6,3,0,14,3,0,0,0.117156,0,32000,3749,0.117156,131072,4474,0.034134,0,0,3
450,host-7,3,0,14,3,0,0,0.138969,0,32000,4447,0.138969,131072,4371,0.033348,0,0,3
450,host-8,3,0,14,3,0,0,0.096375,0,32000,3084,0.096375,131072,2868,0.021881,0,0,3
450,host-9,1,0,14,1,0,0,0.066375,0,32000,2124,0.066375,131072,2384,0.018188,0,0,1
451,host-1,2,1,14,2,1,0,0.079375,0,32000,2540,0.079375,131072,3011,0.022972,1,0,1
451,host-10,2,0,14,2,0,0,0.126156,0,32000,4037,0.126156,131072,4445,0.033913,0,0,2
451,host-11,1,0,14,1,0,0,0.065844,0,32000,2107,0.065844,131072,1863,0.014214,0,0,1
451,host-12,2,2,14,2,2,0,0.093125,0,32000,2980,0.093125,131072,2746,0.020950,1,1,0
451,host-13,2,0,14,2,0,0,0.101750,0,32000,3256,0.101750,131072,3116,0.023773,0,0,2
451,host-14,3,0,14,3,0,0,0.107531,0,32000,3441,0.107531,131072,3075,0.023460,0,0,3
451,host-15,2,0,14,2,0,0,0.074813,0,32000,2394,0.074813,131072,2565,0.019569,0,0,2
451,host-16,1,0,14,1,0,0,0.063187,0,32000,2022,0.063187,131072,2269,0.017311,0,0,1
451,host-17,2,0,14,2,0,0,0.093594,0,32000,2995,0.093594,131072,3827,0.029198,0,0,2
451,host-18,1,0,14,1,0,0,0.077219,0,32000,2471,0.077219,131072,2298,0.017532,0,0,1
451,host-19,2,0,14,2,0,0,0.096219,0,32000,3079,0.096219,131072,3339,0.025475,0,0,2
451,host-2,1,0,14,1,0,0,0.070719,0,32000,2263,0.070719,131072,2580,0.019684,0,0,1
451,host-20,2,0,14,2,0,0,0.070438,0,32000,2254,0.070438,131072,2546,0.019424,0,0,2
451,host-21,1,0,14,1,0,0,0.064062,0,32000,2050,0.064062,131072,2686,0.020493,0,0,1
451,host-22,1,0,14,1,0,0,0.057906,0,32000,1853,0.057906,131072,1407,0.010735,0,0,1
451,host-23,2,0,14,2,0,0,0.078063,0,32000,2498,0.078063,131072,2051,0.015648,0,0,2
451,host-24,1,0,14,1,0,0,0.071094,0,32000,2275,0.071094,131072,2314,0.017654,0,0,1
451,host-3,2,0,14,2,0,0,0.118125,0,32000,3780,0.118125,131072,4259,0.032494,0,0,2
451,host-4,2,0,14,2,0,0,0.094000,0,32000,3008,0.094000,131072,2030,0.015488,0,0,2
451,host-5,2,0,14,2,0,0,0.144000,0,32000,4608,0.144000,131072,4515,0.034447,0,0,2
451,host-6,3,0,14,3,0,0,0.117156,0,32000,3749,0.117156,131072,4474,0.034134,0,0,3
451,host-7,2,0,14,2,0,0,0.108563,0,32000,3474,0.108563,131072,2813,0.021461,0,0,2
451,host-8,3,0,14,3,0,0,0.096375,0,32000,3084,0.096375,131072,2868,0.021881,0,0,3
451,host-9,1,0,14,1,0,0,0.066375,0,32000,2124,0.066375,131072,2384,0.018188,0,0,1
452,host-1,2,0,14,2,0,0,0.079375,0,32000,2540,0.079375,131072,3011,0.022972,0,0,2
452,host-10,2,0,14,2,0,0,0.126156,0,32000,4037,0.126156,131072,4445,0.033913,0,0,2
452,host-11,1,0,14,1,0,0,0.065844,0,32000,2107,0.065844,131072,1863,0.014214,0,0,1
452,host-12,2,1,14,2,1,0,0.093125,0,32000,2980,0.093125,131072,2746,0.020950,0,1,1
452,host-13,2,0,14,2,0,0,0.101750,0,32000,3256,0.101750,131072,3116,0.023773,0,0,2
452,host-14,3,0,14,3,0,0,0.107531,0,32000,3441,0.107531,131072,3075,0.023460,0,0,3
452,host-15,2,0,14,2,0,0,0.074813,0,32000,2394,0.074813,131072,2565,0.019569,0,0,2
452,host-16,2,1,14,2,1,0,0.090438,0,32000,2894,0.090438,131072,3141,0.023964,1,0,1
452,host-17,2,0,14,2,0,0,0.093594,0,32000,2995,0.093594,131072,3827,0.029198,0,0,2
452,host-18,1,0,14,1,0,0,0.077219,0,32000,2471,0.077219,131072,2298,0.017532,0,0,1
452,host-19,2,0,14,2,0,0,0.096219,0,32000,3079,0.096219,131072,3339,0.025475,0,0,2
452,host-2,1,0,14,1,0,0,0.070719,0,32000,2263,0.070719,131072,2580,0.019684,0,0,1
452,host-20,2,0,14,2,0,0,0.070438,0,32000,2254,0.070438,131072,2546,0.019424,0,0,2
452,host-21,1,0,14,1,0,0,0.064062,0,32000,2050,0.064062,131072,2686,0.020493,0,0,1
452,host-22,2,1,14,2,1,0,0.119375,0,32000,3820,0.119375,131072,3908,0.029816,1,0,1
452,host-23,2,0,14,2,0,0,0.078063,0,32000,2498,0.078063,131072,2051,0.015648,0,0,2
452,host-24,1,0,14,1,0,0,0.071094,0,32000,2275,0.071094,131072,2314,0.017654,0,0,1
452,host-3,2,0,14,2,0,0,0.118125,0,32000,3780,0.118125,131072,4259,0.032494,0,0,2
452,host-4,2,0,14,2,0,0,0.094000,0,32000,3008,0.094000,131072,2030,0.015488,0,0,2
452,host-5,2,0,14,2,0,0,0.144000,0,32000,4608,0.144000,131072,4515,0.034447,0,0,2
452,host-6,3,0,14,3,0,0,0.117156,0,32000,3749,0.117156,131072,4474,0.034134,0,0,3
452,host-7,2,0,14,2,0,0,0.108563,0,32000,3474,0.108563,131072,2813,0.021461,0,0,2
452,host-8,3,0,14,3,0,0,0.096375,0,32000,3084,0.096375,131072,2868,0.021881,0,0,3
452,host-9,1,0,14,1,0,0,0.066375,0,32000,2124,0.066375,131072,2384,0.018188,0,0,1
453,host-1,2,0,14,2,0,0,0.079375,0,32000,2540,0.079375,131072,3011,0.022972,0,0,2
453,host-10,2,0,14,2,0,0,0.126156,0,32000,4037,0.126156,131072,4445,0.033913,0,0,2
453,host-11,2,1,14,2,1,0,0.124188,0,32000,3974,0.124188,131072,3051,0.023277,1,0,1
453,host-12,2,0,14,2,0,0,0.093125,0,32000,2980,0.093125,131072,2746,0.020950,0,0,2
453,host-13,2,0,14,2,0,0,0.101750,0,32000,3256,0.101750,131072,3116,0.023773,0,0,2
453,host-14,3,0,14,3,0,0,0.107531,0,32000,3441,0.107531,131072,3075,0.023460,0,0,3
453,host-15,2,0,14,2,0,0,0.074813,0,32000,2394,0.074813,131072,2565,0.019569,0,0,2
453,host-16,2,0,14,2,0,0,0.090438,0,32000,2894,0.090438,131072,3141,0.023964,0,0,2
453,host-17,2,0,14,2,0,0,0.093594,0,32000,2995,0.093594,131072,3827,0.029198,0,0,2
453,host-18,1,0,14,1,0,0,0.077219,0,32000,2471,0.077219,131072,2298,0.017532,0,0,1
453,host-19,2,0,14,2,0,0,0.096219,0,32000,3079,0.096219,131072,3339,0.025475,0,0,2
453,host-2,2,1,14,2,1,0,0.100281,0,32000,3209,0.100281,131072,3595,0.027428,1,0,1
453,host-20,3,1,14,3,1,0,0.115312,0,32000,3690,0.115312,131072,3359,0.025627,1,0,2
453,host-21,2,1,14,2,1,0,0.136219,0,32000,4359,0.136219,131072,5635,0.042992,1,0,1
453,host-22,2,1,14,2,1,0,0.119375,0,32000,3820,0.119375,131072,3908,0.029816,0,1,1
453,host-23,2,0,14,2,0,0,0.078063,0,32000,2498,0.078063,131072,2051,0.015648,0,0,2
453,host-24,1,0,14,1,0,0,0.071094,0,32000,2275,0.071094,131072,2314,0.017654,0,0,1
453,host-3,2,0,14,2,0,0,0.118125,0,32000,3780,0.118125,131072,4259,0.032494,0,0,2
453,host-4,2,0,14,2,0,0,0.094000,0,32000,3008,0.094000,131072,2030,0.015488,0,0,2
453,host-5,2,0,14,2,0,0,0.144000,0,32000,4608,0.144000,131072,4515,0.034447,0,0,2
453,host-6,3,0,14,3,0,0,0.117156,0,32000,3749,0.117156,131072,4474,0.034134,0,0,3
453,host-7,2,0,14,2,0,0,0.108563,0,32000,3474,0.108563,131072,2813,0.021461,0,0,2
453,host-8,3,0,14,3,0,0,0.096375,0,32000,3084,0.096375,131072,2868,0.021881,0,0,3
453,host-9,2,1,14,2,1,0,0.120938,0,32000,3870,0.120938,131072,3633,0.027718,1,0,1
454,host-1,2,0,14,2,0,0,0.079375,0,32000,2540,0.079375,131072,3011,0.022972,0,0,2
454,host-10,2,0,14,2,0,0,0.126156,0,32000,4037,0.126156,131072,4445,0.033913,0,0,2
454,host-11,2,1,14,2,1,0,0.124188,0,32000,3974,0.124188,131072,3051,0.023277,1,0,1
454,host-12,2,0,14,2,0,0,0.093125,0,32000,2980,0.093125,131072,2746,0.020950,0,0,2
454,host-13,2,0,14,2,0,0,0.101750,0,32000,3256,0.101750,131072,3116,0.023773,0,0,2
454,host-14,3,0,14,3,0,0,0.107531,0,32000,3441,0.107531,131072,3075,0.023460,0,0,3
454,host-15,3,1,14,3,1,0,0.104375,0,32000,3340,0.104375,131072,3580,0.027313,1,0,2
454,host-16,2,0,14,2,0,0,0.090438,0,32000,2894,0.090438,131072,3141,0.023964,0,0,2
454,host-17,2,0,14,2,0,0,0.093594,0,32000,2995,0.093594,131072,3827,0.029198,0,0,2
454,host-18,1,0,14,1,0,0,0.077219,0,32000,2471,0.077219,131072,2298,0.017532,0,0,1
454,host-19,1,0,14,1,0,0,0.052937,0,32000,1694,0.052937,131072,2261,0.017250,0,0,1
454,host-2,2,1,14,2,1,0,0.100281,0,32000,3209,0.100281,131072,3595,0.027428,1,0,1
454,host-20,2,1,14,2,1,0,0.080125,0,32000,2564,0.080125,131072,2443,0.018639,1,0,1
454,host-21,2,0,14,2,0,0,0.136219,0,32000,4359,0.136219,131072,5635,0.042992,0,0,2
454,host-22,2,0,14,2,0,0,0.119375,0,32000,3820,0.119375,131072,3908,0.029816,0,0,2
454,host-23,2,0,14,2,0,0,0.078063,0,32000,2498,0.078063,131072,2051,0.015648,0,0,2
454,host-24,2,1,14,2,1,0,0.129438,0,32000,4142,0.129438,131072,3502,0.026718,1,0,1
454,host-3,2,0,14,2,0,0,0.118125,0,32000,3780,0.118125,131072,4259,0.032494,0,0,2
454,host-4,2,0,14,2,0,0,0.094000,0,32000,3008,0.094000,131072,2030,0.015488,0,0,2
454,host-5,2,0,14,2,0,0,0.144000,0,32000,4608,0.144000,131072,4515,0.034447,0,0,2
454,host-6,3,0,14,3,0,0,0.117156,0,32000,3749,0.117156,131072,4474,0.034134,0,0,3
454,host-7,2,0,14,2,0,0,0.108563,0,32000,3474,0.108563,131072,2813,0.021461,0,0,2
454,host-8,3,0,14,3,0,0,0.096375,0,32000,3084,0.096375,131072,2868,0.021881,0,0,3
454,host-9,2,1,14,2,1,0,0.120938,0,32000,3870,0.120938,131072,3633,0.027718,1,0,1
455,host-1,2,0,14,2,0,0,0.079375,0,32000,2540,0.079375,131072,3011,0.022972,0,0,2
455,host-10,2,0,14,2,0,0,0.126156,0,32000,4037,0.126156,131072,4445,0.033913,0,0,2
455,host-11,2,0,14,2,0,0,0.124188,0,32000,3974,0.124188,131072,3051,0.023277,0,0,2
455,host-12,2,0,14,2,0,0,0.093125,0,32000,2980,0.093125,131072,2746,0.020950,0,0,2
455,host-13,2,0,14,2,0,0,0.101750,0,32000,3256,0.101750,131072,3116,0.023773,0,0,2
455,host-14,3,1,14,3,1,0,0.107531,0,32000,3441,0.107531,131072,3075,0.023460,0,1,2
455,host-15,3,1,14,3,1,0,0.104375,0,32000,3340,0.104375,131072,3580,0.027313,0,1,2
455,host-16,2,0,14,2,0,0,0.090438,0,32000,2894,0.090438,131072,3141,0.023964,0,0,2
455,host-17,2,0,14,2,0,0,0.093594,0,32000,2995,0.093594,131072,3827,0.029198,0,0,2
455,host-18,1,0,14,1,0,0,0.077219,0,32000,2471,0.077219,131072,2298,0.017532,0,0,1
455,host-19,1,0,14,1,0,0,0.052937,0,32000,1694,0.052937,131072,2261,0.017250,0,0,1
455,host-2,2,0,14,2,0,0,0.100281,0,32000,3209,0.100281,131072,3595,0.027428,0,0,2
455,host-20,2,0,14,2,0,0,0.080125,0,32000,2564,0.080125,131072,2443,0.018639,0,0,2
455,host-21,2,0,14,2,0,0,0.136219,0,32000,4359,0.136219,131072,5635,0.042992,0,0,2
455,host-22,2,0,14,2,0,0,0.119375,0,32000,3820,0.119375,131072,3908,0.029816,0,0,2
455,host-23,2,0,14,2,0,0,0.078063,0,32000,2498,0.078063,131072,2051,0.015648,0,0,2
455,host-24,2,0,14,2,0,0,0.129438,0,32000,4142,0.129438,131072,3502,0.026718,0,0,2
455,host-3,2,0,14,2,0,0,0.118125,0,32000,3780,0.118125,131072,4259,0.032494,0,0,2
455,host-4,2,0,14,2,0,0,0.094000,0,32000,3008,0.094000,131072,2030,0.015488,0,0,2
455,host-5,2,0,14,2,0,0,0.144000,0,32000,4608,0.144000,131072,4515,0.034447,0,0,2
455,host-6,3,0,14,3,0,0,0.117156,0,32000,3749,0.117156,131072,4474,0.034134,0,0,3
455,host-7,2,0,14,2,0,0,0.108563,0,32000,3474,0.108563,131072,2813,0.021461,0,0,2
455,host-8,3,0,14,3,0,0,0.096375,0,32000,3084,0.096375,131072,2868,0.021881,0,0,3
455,host-9,2,1,14,2,1,0,0.120938,0,32000,3870,0.120938,131072,3633,0.027718,0,1,1
456,host-1,2,0,14,2,0,0,0.079375,0,32000,2540,0.079375,131072,3011,0.022972,0,0,2
456,host-10,2,0,14,2,0,0,0.126156,0,32000,4037,0.126156,131072,4445,0.033913,0,0,2
456,host-11,2,0,14,2,0,0,0.124188,0,32000,3974,0.124188,131072,3051,0.023277,0,0,2
456,host-12,2,0,14,2,0,0,0.093125,0,32000,2980,0.093125,131072,2746,0.020950,0,0,2
456,host-13,2,0,14,2,0,0,0.101750,0,32000,3256,0.101750,131072,3116,0.023773,0,0,2
456,host-14,3,0,14,3,0,0,0.107531,0,32000,3441,0.107531,131072,3075,0.023460,0,0,3
456,host-15,3,0,14,3,0,0,0.104375,0,32000,3340,0.104375,131072,3580,0.027313,0,0,3
456,host-16,2,0,14,2,0,0,0.090438,0,32000,2894,0.090438,131072,3141,0.023964,0,0,2
456,host-17,2,0,14,2,0,0,0.093594,0,32000,2995,0.093594,131072,3827,0.029198,0,0,2
456,host-18,2,1,14,2,1,0,0.131750,0,32000,4216,0.131750,131072,4226,0.032242,1,0,1
456,host-19,2,1,14,2,1,0,0.097562,0,32000,3122,0.097562,131072,3309,0.025246,1,0,1
456,host-2,2,0,14,2,0,0,0.100281,0,32000,3209,0.100281,131072,3595,0.027428,0,0,2
456,host-20,2,1,14,2,1,0,0.080125,0,32000,2564,0.080125,131072,2443,0.018639,0,1,1
456,host-21,2,0,14,2,0,0,0.136219,0,32000,4359,0.136219,131072,5635,0.042992,0,0,2
456,host-22,2,0,14,2,0,0,0.119375,0,32000,3820,0.119375,131072,3908,0.029816,0,0,2
456,host-23,3,1,14,3,1,0,0.111875,0,32000,3580,0.111875,131072,3351,0.025566,1,0,2
456,host-24,2,0,14,2,0,0,0.129438,0,32000,4142,0.129438,131072,3502,0.026718,0,0,2
456,host-3,2,0,14,2,0,0,0.118125,0,32000,3780,0.118125,131072,4259,0.032494,0,0,2
456,host-4,2,0,14,2,0,0,0.094000,0,32000,3008,0.094000,131072,2030,0.015488,0,0,2
456,host-5,2,0,14,2,0,0,0.144000,0,32000,4608,0.144000,131072,4515,0.034447,0,0,2
456,host-6,3,0,14,3,0,0,0.117156,0,32000,3749,0.117156,131072,4474,0.034134,0,0,3
456,host-7,2,0,14,2,0,0,0.108563,0,32000,3474,0.108563,131072,2813,0.021461,0,0,2
456,host-8,3,1,14,3,1,0,0.138031,0,32000,4417,0.138031,131072,4500,0.034332,1,0,2
456,host-9,2,0,14,2,0,0,0.120938,0,32000,3870,0.120938,131072,3633,0.027718,0,0,2
457,host-1,3,1,14,3,1,0,0.133906,0,32000,4285,0.133906,131072,4939,0.037682,1,0,2
457,host-10,2,0,14,2,0,0,0.126156,0,32000,4037,0.126156,131072,4445,0.033913,0,0,2
457,host-11,2,0,14,2,0,0,0.124188,0,32000,3974,0.124188,131072,3051,0.023277,0,0,2
457,host-12,2,0,14,2,0,0,0.093125,0,32000,2980,0.093125,131072,2746,0.020950,0,0,2
457,host-13,2,0,14,2,0,0,0.101750,0,32000,3256,0.101750,131072,3116,0.023773,0,0,2
457,host-14,2,0,14,2,0,0,0.079750,0,32000,2552,0.079750,131072,2553,0.019478,0,0,2
457,host-15,3,0,14,3,0,0,0.104375,0,32000,3340,0.104375,131072,3580,0.027313,0,0,3
457,host-16,2,0,14,2,0,0,0.090438,0,32000,2894,0.090438,131072,3141,0.023964,0,0,2
457,host-17,2,0,14,2,0,0,0.093594,0,32000,2995,0.093594,131072,3827,0.029198,0,0,2
457,host-18,2,1,14,2,1,0,0.131750,0,32000,4216,0.131750,131072,4226,0.032242,1,0,1
457,host-19,2,0,14,2,0,0,0.097562,0,32000,3122,0.097562,131072,3309,0.025246,0,0,2
457,host-2,2,0,14,2,0,0,0.100281,0,32000,3209,0.100281,131072,3595,0.027428,0,0,2
457,host-20,2,0,14,2,0,0,0.080125,0,32000,2564,0.080125,131072,2443,0.018639,0,0,2
457,host-21,2,0,14,2,0,0,0.136219,0,32000,4359,0.136219,131072,5635,0.042992,0,0,2
457,host-22,2,0,14,2,0,0,0.119375,0,32000,3820,0.119375,131072,3908,0.029816,0,0,2
457,host-23,2,1,14,2,1,0,0.084094,0,32000,2691,0.084094,131072,2829,0.021584,1,0,1
457,host-24,2,0,14,2,0,0,0.129438,0,32000,4142,0.129438,131072,3502,0.026718,0,0,2
457,host-3,2,0,14,2,0,0,0.118125,0,32000,3780,0.118125,131072,4259,0.032494,0,0,2
457,host-4,2,0,14,2,0,0,0.094000,0,32000,3008,0.094000,131072,2030,0.015488,0,0,2
457,host-5,2,0,14,2,0,0,0.144000,0,32000,4608,0.144000,131072,4515,0.034447,0,0,2
457,host-6,3,0,14,3,0,0,0.117156,0,32000,3749,0.117156,131072,4474,0.034134,0,0,3
457,host-7,2,0,14,2,0,0,0.108563,0,32000,3474,0.108563,131072,2813,0.021461,0,0,2
457,host-8,3,0,14,3,0,0,0.138031,0,32000,4417,0.138031,131072,4500,0.034332,0,0,3
457,host-9,2,0,14,2,0,0,0.120938,0,32000,3870,0.120938,131072,3633,0.027718,0,0,2
458,host-1,3,1,14,3,1,0,0.133906,0,32000,4285,0.133906,131072,4939,0.037682,1,0,2
458,host-10,2,0,14,2,0,0,0.126156,0,32000,4037,0.126156,131072,4445,0.033913,0,0,2
458,host-11,2,0,14,2,0,0,0.124188,0,32000,3974,0.124188,131072,3051,0.023277,0,0,2
458,host-12,2,0,14,2,0,0,0.093125,0,32000,2980,0.093125,131072,2746,0.020950,0,0,2
458,host-13,2,0,14,2,0,0,0.101750,0,32000,3256,0.101750,131072,3116,0.023773,0,0,2
458,host-14,2,0,14,2,0,0,0.079750,0,32000,2552,0.079750,131072,2553,0.019478,0,0,2
458,host-15,3,0,14,3,0,0,0.104375,0,32000,3340,0.104375,131072,3580,0.027313,0,0,3
458,host-16,2,0,14,2,0,0,0.090438,0,32000,2894,0.090438,131072,3141,0.023964,0,0,2
458,host-17,2,0,14,2,0,0,0.093594,0,32000,2995,0.093594,131072,3827,0.029198,0,0,2
458,host-18,2,0,14,2,0,0,0.131750,0,32000,4216,0.131750,131072,4226,0.032242,0,0,2
458,host-19,2,0,14,2,0,0,0.097562,0,32000,3122,0.097562,131072,3309,0.025246,0,0,2
458,host-2,2,0,14,2,0,0,0.100281,0,32000,3209,0.100281,131072,3595,0.027428,0,0,2
458,host-20,2,0,14,2,0,0,0.080125,0,32000,2564,0.080125,131072,2443,0.018639,0,0,2
458,host-21,2,0,14,2,0,0,0.136219,0,32000,4359,0.136219,131072,5635,0.042992,0,0,2
458,host-22,2,0,14,2,0,0,0.119375,0,32000,3820,0.119375,131072,3908,0.029816,0,0,2
458,host-23,2,0,14,2,0,0,0.084094,0,32000,2691,0.084094,131072,2829,0.021584,0,0,2
458,host-24,2,0,14,2,0,0,0.129438,0,32000,4142,0.129438,131072,3502,0.026718,0,0,2
458,host-3,1,0,14,1,0,0,0.074125,0,32000,2372,0.074125,131072,2377,0.018135,0,0,1
458,host-4,2,0,14,2,0,0,0.094000,0,32000,3008,0.094000,131072,2030,0.015488,0,0,2
458,host-5,2,0,14,2,0,0,0.144000,0,32000,4608,0.144000,131072,4515,0.034447,0,0,2
458,host-6,3,0,14,3,0,0,0.117156,0,32000,3749,0.117156,131072,4474,0.034134,0,0,3
458,host-7,2,0,14,2,0,0,0.108563,0,32000,3474,0.108563,131072,2813,0.021461,0,0,2
458,host-8,3,0,14,3,0,0,0.138031,0,32000,4417,0.138031,131072,4500,0.034332,0,0,3
458,host-9,2,0,14,2,0,0,0.120938,0,32000,3870,0.120938,131072,3633,0.027718,0,0,2
459,host-1,3,0,14,3,0,0,0.133906,0,32000,4285,0.133906,131072,4939,0.037682,0,0,3
459,host-10,2,0,14,2,0,0,0.126156,0,32000,4037,0.126156,131072,4445,0.033913,0,0,2
459,host-11,2,0,14,2,0,0,0.124188,0,32000,3974,0.124188,131072,3051,0.023277,0,0,2
459,host-12,3,1,14,3,1,0,0.141156,0,32000,4517,0.141156,131072,4228,0.032257,1,0,2
459,host-13,3,2,14,3,2,0,0.138813,0,32000,4442,0.138813,131072,4016,0.030640,2,0,1
459,host-14,3,1,14,3,1,0,0.106375,0,32000,3404,0.106375,131072,3626,0.027664,1,0,2
459,host-15,3,0,14,3,0,0,0.104375,0,32000,3340,0.104375,131072,3580,0.027313,0,0,3
459,host-16,3,1,14,3,1,0,0.153250,0,32000,4904,0.153250,131072,5555,0.042381,1,0,2
459,host-17,3,1,14,3,1,0,0.138063,0,32000,4418,0.138063,131072,5745,0.043831,1,0,2
459,host-18,2,0,14,2,0,0,0.131750,0,32000,4216,0.131750,131072,4226,0.032242,0,0,2
459,host-19,2,0,14,2,0,0,0.097562,0,32000,3122,0.097562,131072,3309,0.025246,0,0,2
459,host-2,2,0,14,2,0,0,0.100281,0,32000,3209,0.100281,131072,3595,0.027428,0,0,2
459,host-20,3,1,14,3,1,0,0.156094,0,32000,4995,0.156094,131072,5363,0.040916,1,0,2
459,host-21,2,0,14,2,0,0,0.136219,0,32000,4359,0.136219,131072,5635,0.042992,0,0,2
459,host-22,2,1,14,2,1,0,0.125344,0,32000,4011,0.125344,131072,4812,0.036713,1,0,1
459,host-23,3,1,14,3,1,0,0.155812,0,32000,4986,0.155812,131072,5483,0.041832,1,0,2
459,host-24,2,0,14,2,0,0,0.129438,0,32000,4142,0.129438,131072,3502,0.026718,0,0,2
459,host-3,2,1,14,2,1,0,0.106719,0,32000,3415,0.106719,131072,3498,0.026688,1,0,1
459,host-4,3,1,14,3,1,0,0.151844,0,32000,4859,0.151844,131072,4342,0.033127,1,0,2
459,host-5,2,0,14,2,0,0,0.144000,0,32000,4608,0.144000,131072,4515,0.034447,0,0,2
459,host-6,3,1,14,3,1,0,0.114437,0,32000,3662,0.114437,131072,3735,0.028496,1,0,2
459,host-7,2,0,14,2,0,0,0.108563,0,32000,3474,0.108563,131072,2813,0.021461,0,0,2
459,host-8,3,0,14,3,0,0,0.138031,0,32000,4417,0.138031,131072,4500,0.034332,0,0,3
459,host-9,2,0,14,2,0,0,0.120938,0,32000,3870,0.120938,131072,3633,0.027718,0,0,2
460,host-1,3,0,14,3,0,0,0.133906,0,32000,4285,0.133906,131072,4939,0.037682,0,0,3
460,host-10,2,0,14,2,0,0,0.126156,0,32000,4037,0.126156,131072,4445,0.033913,0,0,2
460,host-11,2,0,14,2,0,0,0.124188,0,32000,3974,0.124188,131072,3051,0.023277,0,0,2
460,host-12,3,1,14,3,1,0,0.141156,0,32000,4517,0.141156,131072,4228,0.032257,1,0,2
460,host-13,3,2,14,3,2,0,0.138813,0,32000,4442,0.138813,131072,4016,0.030640,2,0,1
460,host-14,3,1,14,3,1,0,0.106375,0,32000,3404,0.106375,131072,3626,0.027664,1,0,2
460,host-15,3,0,14,3,0,0,0.104375,0,32000,3340,0.104375,131072,3580,0.027313,0,0,3
460,host-16,3,1,14,3,1,0,0.153250,0,32000,4904,0.153250,131072,5555,0.042381,1,0,2
460,host-17,3,0,14,3,0,0,0.138063,0,32000,4418,0.138063,131072,5745,0.043831,0,0,3
460,host-18,2,0,14,2,0,0,0.131750,0,32000,4216,0.131750,131072,4226,0.032242,0,0,2
460,host-19,3,1,14,3,1,0,0.141563,0,32000,4530,0.141563,131072,5191,0.039604,1,0,2
460,host-2,3,1,14,3,1,0,0.137344,0,32000,4395,0.137344,131072,4495,0.034294,1,0,2
460,host-20,3,1,14,3,1,0,0.156094,0,32000,4995,0.156094,131072,5363,0.040916,1,0,2
460,host-21,2,0,14,2,0,0,0.136219,0,32000,4359,0.136219,131072,5635,0.042992,0,0,2
460,host-22,2,1,14,2,1,0,0.125344,0,32000,4011,0.125344,131072,4812,0.036713,1,0,1
460,host-23,3,1,14,3,1,0,0.155812,0,32000,4986,0.155812,131072,5483,0.041832,1,0,2
460,host-24,2,0,14,2,0,0,0.129438,0,32000,4142,0.129438,131072,3502,0.026718,0,0,2
460,host-3,2,0,14,2,0,0,0.106719,0,32000,3415,0.106719,131072,3498,0.026688,0,0,2
460,host-4,3,1,14,3,1,0,0.151844,0,32000,4859,0.151844,131072,4342,0.033127,1,0,2
460,host-5,2,0,14,2,0,0,0.144000,0,32000,4608,0.144000,131072,4515,0.034447,0,0,2
460,host-6,3,1,14,3,1,0,0.114437,0,32000,3662,0.114437,131072,3735,0.028496,1,0,2
460,host-7,2,0,14,2,0,0,0.108563,0,32000,3474,0.108563,131072,2813,0.021461,0,0,2
460,host-8,3,0,14,3,0,0,0.138031,0,32000,4417,0.138031,131072,4500,0.034332,0,0,3
460,host-9,2,0,14,2,0,0,0.120938,0,32000,3870,0.120938,131072,3633,0.027718,0,0,2
461,host-1,3,0,14,3,0,0,0.133906,0,32000,4285,0.133906,131072,4939,0.037682,0,0,3
461,host-10,2,0,14,2,0,0,0.126156,0,32000,4037,0.126156,131072,4445,0.033913,0,0,2
461,host-11,2,0,14,2,0,0,0.124188,0,32000,3974,0.124188,131072,3051,0.023277,0,0,2
461,host-12,3,1,14,3,1,0,0.141156,0,32000,4517,0.141156,131072,4228,0.032257,0,1,2
461,host-13,3,0,14,3,0,0,0.138813,0,32000,4442,0.138813,131072,4016,0.030640,0,0,3
461,host-14,4,1,14,4,1,0,0.150875,0,32000,4828,0.150875,131072,4774,0.036423,1,0,3
461,host-15,4,1,14,4,1,0,0.132156,0,32000,4229,0.132156,131072,4102,0.031296,1,0,3
461,host-16,3,0,14,3,0,0,0.153250,0,32000,4904,0.153250,131072,5555,0.042381,0,0,3
461,host-17,3,0,14,3,0,0,0.138063,0,32000,4418,0.138063,131072,5745,0.043831,0,0,3
461,host-18,2,0,14,2,0,0,0.131750,0,32000,4216,0.131750,131072,4226,0.032242,0,0,2
461,host-19,3,0,14,3,0,0,0.141563,0,32000,4530,0.141563,131072,5191,0.039604,0,0,3
461,host-2,3,0,14,3,0,0,0.137344,0,32000,4395,0.137344,131072,4495,0.034294,0,0,3
461,host-20,3,0,14,3,0,0,0.156094,0,32000,4995,0.156094,131072,5363,0.040916,0,0,3
461,host-21,2,0,14,2,0,0,0.136219,0,32000,4359,0.136219,131072,5635,0.042992,0,0,2
461,host-22,2,1,14,2,1,0,0.125344,0,32000,4011,0.125344,131072,4812,0.036713,0,1,1
461,host-23,3,0,14,3,0,0,0.155812,0,32000,4986,0.155812,131072,5483,0.041832,0,0,3
461,host-24,2,0,14,2,0,0,0.129438,0,32000,4142,0.129438,131072,3502,0.026718,0,0,2
461,host-3,3,1,14,3,1,0,0.164219,0,32000,5255,0.164219,131072,4740,0.036163,1,0,2
461,host-4,3,0,14,3,0,0,0.151844,0,32000,4859,0.151844,131072,4342,0.033127,0,0,3
461,host-5,2,0,14,2,0,0,0.144000,0,32000,4608,0.144000,131072,4515,0.034447,0,0,2
461,host-6,3,0,14,3,0,0,0.114437,0,32000,3662,0.114437,131072,3735,0.028496,0,0,3
461,host-7,3,1,14,3,1,0,0.157844,0,32000,5051,0.157844,131072,4740,0.036163,1,0,2
461,host-8,3,0,14,3,0,0,0.138031,0,32000,4417,0.138031,131072,4500,0.034332,0,0,3
461,host-9,2,0,14,2,0,0,0.120938,0,32000,3870,0.120938,131072,3633,0.027718,0,0,2
462,host-1,4,1,14,4,1,0,0.175656,0,32000,5621,0.175656,131072,5978,0.045609,1,0,3
462,host-10,3,1,14,3,1,0,0.159500,0,32000,5104,0.159500,131072,5461,0.041664,1,0,2
462,host-11,3,1,14,3,1,0,0.167531,0,32000,5361,0.167531,131072,3925,0.029945,1,0,2
462,host-12,3,0,14,3,0,0,0.141156,0,32000,4517,0.141156,131072,4228,0.032257,0,0,3
462,host-13,3,0,14,3,0,0,0.138813,0,32000,4442,0.138813,131072,4016,0.030640,0,0,3
462,host-14,4,0,14,4,0,0,0.150875,0,32000,4828,0.150875,131072,4774,0.036423,0,0,4
462,host-15,5,1,14,5,1,0,0.174281,0,32000,5577,0.174281,131072,4779,0.036461,1,0,4
462,host-16,3,0,14,3,0,0,0.153250,0,32000,4904,0.153250,131072,5555,0.042381,0,0,3
462,host-17,3,0,14,3,0,0,0.138063,0,32000,4418,0.138063,131072,5745,0.043831,0,0,3
462,host-18,3,1,14,3,1,0,0.166437,0,32000,5326,0.166437,131072,5035,0.038414,1,0,2
462,host-19,3,0,14,3,0,0,0.141563,0,32000,4530,0.141563,131072,5191,0.039604,0,0,3
462,host-2,3,0,14,3,0,0,0.137344,0,32000,4395,0.137344,131072,4495,0.034294,0,0,3
462,host-20,3,0,14,3,0,0,0.156094,0,32000,4995,0.156094,131072,5363,0.040916,0,0,3
462,host-21,3,1,14,3,1,0,0.164000,0,32000,5248,0.164000,131072,6069,0.046303,1,0,2
462,host-22,3,1,14,3,1,0,0.170531,0,32000,5457,0.170531,131072,6256,0.047729,1,0,2
462,host-23,3,0,14,3,0,0,0.155812,0,32000,4986,0.155812,131072,5483,0.041832,0,0,3
462,host-24,3,1,14,3,1,0,0.187344,0,32000,5995,0.187344,131072,4909,0.037453,1,0,2
462,host-3,3,1,14,3,1,0,0.164219,0,32000,5255,0.164219,131072,4740,0.036163,1,0,2
462,host-4,3,0,14,3,0,0,0.151844,0,32000,4859,0.151844,131072,4342,0.033127,0,0,3
462,host-5,2,0,14,2,0,0,0.144000,0,32000,4608,0.144000,131072,4515,0.034447,0,0,2
462,host-6,4,1,14,4,1,0,0.155594,0,32000,4979,0.155594,131072,4986,0.038040,1,0,3
462,host-7,3,1,14,3,1,0,0.157844,0,32000,5051,0.157844,131072,4740,0.036163,1,0,2
462,host-8,3,0,14,3,0,0,0.138031,0,32000,4417,0.138031,131072,4500,0.034332,0,0,3
462,host-9,3,1,14,3,1,0,0.169313,0,32000,5418,0.169313,131072,4676,0.035675,1,0,2
463,host-1,3,0,14,3,0,0,0.137969,0,32000,4415,0.137969,131072,4472,0.034119,0,0,3
463,host-10,3,0,14,3,0,0,0.159500,0,32000,5104,0.159500,131072,5461,0.041664,0,0,3
463,host-11,3,1,14,3,1,0,0.167531,0,32000,5361,0.167531,131072,3925,0.029945,1,0,2
463,host-12,3,0,14,3,0,0,0.141156,0,32000,4517,0.141156,131072,4228,0.032257,0,0,3
463,host-13,3,0,14,3,0,0,0.138813,0,32000,4442,0.138813,131072,4016,0.030640,0,0,3
463,host-14,4,0,14,4,0,0,0.150875,0,32000,4828,0.150875,131072,4774,0.036423,0,0,4
463,host-15,5,1,14,5,1,0,0.174281,0,32000,5577,0.174281,131072,4779,0.036461,1,0,4
463,host-16,3,0,14,3,0,0,0.153250,0,32000,4904,0.153250,131072,5555,0.042381,0,0,3
463,host-17,3,1,14,3,1,0,0.117000,0,32000,3744,0.117000,131072,4153,0.031685,1,0,2
463,host-18,3,0,14,3,0,0,0.166437,0,32000,5326,0.166437,131072,5035,0.038414,0,0,3
463,host-19,3,0,14,3,0,0,0.141563,0,32000,4530,0.141563,131072,5191,0.039604,0,0,3
463,host-2,4,1,14,4,1,0,0.165125,0,32000,5284,0.165125,131072,4929,0.037605,1,0,3
463,host-20,3,0,14,3,0,0,0.156094,0,32000,4995,0.156094,131072,5363,0.040916,0,0,3
463,host-21,3,0,14,3,0,0,0.164000,0,32000,5248,0.164000,131072,6069,0.046303,0,0,3
463,host-22,3,0,14,3,0,0,0.170531,0,32000,5457,0.170531,131072,6256,0.047729,0,0,3
463,host-23,3,0,14,3,0,0,0.155812,0,32000,4986,0.155812,131072,5483,0.041832,0,0,3
463,host-24,3,0,14,3,0,0,0.187344,0,32000,5995,0.187344,131072,4909,0.037453,0,0,3
463,host-3,3,0,14,3,0,0,0.164219,0,32000,5255,0.164219,131072,4740,0.036163,0,0,3
463,host-4,3,0,14,3,0,0,0.151844,0,32000,4859,0.151844,131072,4342,0.033127,0,0,3
463,host-5,2,0,14,2,0,0,0.144000,0,32000,4608,0.144000,131072,4515,0.034447,0,0,2
463,host-6,4,0,14,4,0,0,0.155594,0,32000,4979,0.155594,131072,4986,0.038040,0,0,4
463,host-7,2,0,14,2,0,0,0.087625,0,32000,2804,0.087625,131072,2831,0.021599,0,0,2
463,host-8,4,1,14,4,1,0,0.195937,0,32000,6270,0.195937,131072,5907,0.045067,1,0,3
463,host-9,3,1,14,3,1,0,0.169313,0,32000,5418,0.169313,131072,4676,0.035675,1,0,2
464,host-1,3,0,14,3,0,0,0.137969,0,32000,4415,0.137969,131072,4472,0.034119,0,0,3
464,host-10,3,1,14,3,1,0,0.159500,0,32000,5104,0.159500,131072,5461,0.041664,0,1,2
464,host-11,3,0,14,3,0,0,0.167531,0,32000,5361,0.167531,131072,3925,0.029945,0,0,3
464,host-12,3,0,14,3,0,0,0.141156,0,32000,4517,0.141156,131072,4228,0.032257,0,0,3
464,host-13,3,0,14,3,0,0,0.138813,0,32000,4442,0.138813,131072,4016,0.030640,0,0,3
464,host-14,3,0,14,3,0,0,0.124000,0,32000,3968,0.124000,131072,4243,0.032372,0,0,3
464,host-15,4,0,14,4,0,0,0.135937,0,32000,4350,0.135937,131072,3579,0.027306,0,0,4
464,host-16,3,0,14,3,0,0,0.153250,0,32000,4904,0.153250,131072,5555,0.042381,0,0,3
464,host-17,3,1,14,3,1,0,0.117000,0,32000,3744,0.117000,131072,4153,0.031685,0,1,2
464,host-18,3,0,14,3,0,0,0.166437,0,32000,5326,0.166437,131072,5035,0.038414,0,0,3
464,host-19,3,0,14,3,0,0,0.141563,0,32000,4530,0.141563,131072,5191,0.039604,0,0,3
464,host-2,4,0,14,4,0,0,0.165125,0,32000,5284,0.165125,131072,4929,0.037605,0,0,4
464,host-20,3,0,14,3,0,0,0.156094,0,32000,4995,0.156094,131072,5363,0.040916,0,0,3
464,host-21,3,0,14,3,0,0,0.164000,0,32000,5248,0.164000,131072,6069,0.046303,0,0,3
464,host-22,3,0,14,3,0,0,0.170531,0,32000,5457,0.170531,131072,6256,0.047729,0,0,3
464,host-23,3,0,14,3,0,0,0.155812,0,32000,4986,0.155812,131072,5483,0.041832,0,0,3
464,host-24,3,0,14,3,0,0,0.187344,0,32000,5995,0.187344,131072,4909,0.037453,0,0,3
464,host-3,3,0,14,3,0,0,0.164219,0,32000,5255,0.164219,131072,4740,0.036163,0,0,3
464,host-4,3,0,14,3,0,0,0.151844,0,32000,4859,0.151844,131072,4342,0.033127,0,0,3
464,host-5,1,0,14,1,0,0,0.073781,0,32000,2361,0.073781,131072,2606,0.019882,0,0,1
464,host-6,4,0,14,4,0,0,0.155594,0,32000,4979,0.155594,131072,4986,0.038040,0,0,4
464,host-7,2,0,14,2,0,0,0.087625,0,32000,2804,0.087625,131072,2831,0.021599,0,0,2
464,host-8,4,0,14,4,0,0,0.195937,0,32000,6270,0.195937,131072,5907,0.045067,0,0,4
464,host-9,3,0,14,3,0,0,0.169313,0,32000,5418,0.169313,131072,4676,0.035675,0,0,3
465,host-1,3,0,14,3,0,0,0.137969,0,32000,4415,0.137969,131072,4472,0.034119,0,0,3
465,host-10,3,0,14,3,0,0,0.159500,0,32000,5104,0.159500,131072,5461,0.041664,0,0,3
465,host-11,3,0,14,3,0,0,0.167531,0,32000,5361,0.167531,131072,3925,0.029945,0,0,3
465,host-12,3,0,14,3,0,0,0.141156,0,32000,4517,0.141156,131072,4228,0.032257,0,0,3
465,host-13,3,0,14,3,0,0,0.138813,0,32000,4442,0.138813,131072,4016,0.030640,0,0,3
465,host-14,3,0,14,3,0,0,0.124000,0,32000,3968,0.124000,131072,4243,0.032372,0,0,3
465,host-15,4,0,14,4,0,0,0.135937,0,32000,4350,0.135937,131072,3579,0.027306,0,0,4
465,host-16,3,0,14,3,0,0,0.153250,0,32000,4904,0.153250,131072,5555,0.042381,0,0,3
465,host-17,3,0,14,3,0,0,0.117000,0,32000,3744,0.117000,131072,4153,0.031685,0,0,3
465,host-18,3,0,14,3,0,0,0.166437,0,32000,5326,0.166437,131072,5035,0.038414,0,0,3
465,host-19,3,0,14,3,0,0,0.141563,0,32000,4530,0.141563,131072,5191,0.039604,0,0,3
465,host-2,4,0,14,4,0,0,0.165125,0,32000,5284,0.165125,131072,4929,0.037605,0,0,4
465,host-20,3,0,14,3,0,0,0.156094,0,32000,4995,0.156094,131072,5363,0.040916,0,0,3
465,host-21,3,0,14,3,0,0,0.164000,0,32000,5248,0.164000,131072,6069,0.046303,0,0,3
465,host-22,3,0,14,3,0,0,0.170531,0,32000,5457,0.170531,131072,6256,0.047729,0,0,3
465,host-23,3,0,14,3,0,0,0.155812,0,32000,4986,0.155812,131072,5483,0.041832,0,0,3
465,host-24,3,0,14,3,0,0,0.187344,0,32000,5995,0.187344,131072,4909,0.037453,0,0,3
465,host-3,3,0,14,3,0,0,0.164219,0,32000,5255,0.164219,131072,4740,0.036163,0,0,3
465,host-4,3,0,14,3,0,0,0.151844,0,32000,4859,0.151844,131072,4342,0.033127,0,0,3
465,host-5,1,0,14,1,0,0,0.073781,0,32000,2361,0.073781,131072,2606,0.019882,0,0,1
465,host-6,4,0,14,4,0,0,0.155594,0,32000,4979,0.155594,131072,4986,0.038040,0,0,4
465,host-7,2,0,14,2,0,0,0.087625,0,32000,2804,0.087625,131072,2831,0.021599,0,0,2
465,host-8,4,0,14,4,0,0,0.195937,0,32000,6270,0.195937,131072,5907,0.045067,0,0,4
465,host-9,3,0,14,3,0,0,0.169313,0,32000,5418,0.169313,131072,4676,0.035675,0,0,3
466,host-1,3,0,14,3,0,0,0.137969,0,32000,4415,0.137969,131072,4472,0.034119,0,0,3
466,host-10,3,0,14,3,0,0,0.159500,0,32000,5104,0.159500,131072,5461,0.041664,0,0,3
466,host-11,3,0,14,3,0,0,0.167531,0,32000,5361,0.167531,131072,3925,0.029945,0,0,3
466,host-12,3,0,14,3,0,0,0.141156,0,32000,4517,0.141156,131072,4228,0.032257,0,0,3
466,host-13,3,0,14,3,0,0,0.138813,0,32000,4442,0.138813,131072,4016,0.030640,0,0,3
466,host-14,3,0,14,3,0,0,0.124000,0,32000,3968,0.124000,131072,4243,0.032372,0,0,3
466,host-15,4,0,14,4,0,0,0.135937,0,32000,4350,0.135937,131072,3579,0.027306,0,0,4
466,host-16,3,0,14,3,0,0,0.153250,0,32000,4904,0.153250,131072,5555,0.042381,0,0,3
466,host-17,3,0,14,3,0,0,0.117000,0,32000,3744,0.117000,131072,4153,0.031685,0,0,3
466,host-18,3,0,14,3,0,0,0.166437,0,32000,5326,0.166437,131072,5035,0.038414,0,0,3
466,host-19,3,0,14,3,0,0,0.141563,0,32000,4530,0.141563,131072,5191,0.039604,0,0,3
466,host-2,4,0,14,4,0,0,0.165125,0,32000,5284,0.165125,131072,4929,0.037605,0,0,4
466,host-20,3,0,14,3,0,0,0.156094,0,32000,4995,0.156094,131072,5363,0.040916,0,0,3
466,host-21,3,0,14,3,0,0,0.164000,0,32000,5248,0.164000,131072,6069,0.046303,0,0,3
466,host-22,3,0,14,3,0,0,0.170531,0,32000,5457,0.170531,131072,6256,0.047729,0,0,3
466,host-23,2,0,14,2,0,0,0.105531,0,32000,3377,0.105531,131072,3954,0.030167,0,0,2
466,host-24,3,0,14,3,0,0,0.187344,0,32000,5995,0.187344,131072,4909,0.037453,0,0,3
466,host-3,2,0,14,2,0,0,0.090094,0,32000,2883,0.090094,131072,2363,0.018028,0,0,2
466,host-4,3,0,14,3,0,0,0.151844,0,32000,4859,0.151844,131072,4342,0.033127,0,0,3
466,host-5,1,0,14,1,0,0,0.073781,0,32000,2361,0.073781,131072,2606,0.019882,0,0,1
466,host-6,4,0,14,4,0,0,0.155594,0,32000,4979,0.155594,131072,4986,0.038040,0,0,4
466,host-7,2,0,14,2,0,0,0.087625,0,32000,2804,0.087625,131072,2831,0.021599,0,0,2
466,host-8,4,0,14,4,0,0,0.195937,0,32000,6270,0.195937,131072,5907,0.045067,0,0,4
466,host-9,3,0,14,3,0,0,0.169313,0,32000,5418,0.169313,131072,4676,0.035675,0,0,3
467,host-1,3,0,14,3,0,0,0.137969,0,32000,4415,0.137969,131072,4472,0.034119,0,0,3
467,host-10,3,0,14,3,0,0,0.159500,0,32000,5104,0.159500,131072,5461,0.041664,0,0,3
467,host-11,3,0,14,3,0,0,0.167531,0,32000,5361,0.167531,131072,3925,0.029945,0,0,3
467,host-12,3,0,14,3,0,0,0.141156,0,32000,4517,0.141156,131072,4228,0.032257,0,0,3
467,host-13,3,0,14,3,0,0,0.138813,0,32000,4442,0.138813,131072,4016,0.030640,0,0,3
467,host-14,3,0,14,3,0,0,0.124000,0,32000,3968,0.124000,131072,4243,0.032372,0,0,3
467,host-15,4,0,14,4,0,0,0.135937,0,32000,4350,0.135937,131072,3579,0.027306,0,0,4
467,host-16,3,0,14,3,0,0,0.153250,0,32000,4904,0.153250,131072,5555,0.042381,0,0,3
467,host-17,3,0,14,3,0,0,0.117000,0,32000,3744,0.117000,131072,4153,0.031685,0,0,3
467,host-18,2,0,14,2,0,0,0.089219,0,32000,2855,0.089219,131072,2737,0.020882,0,0,2
467,host-19,3,0,14,3,0,0,0.141563,0,32000,4530,0.141563,131072,5191,0.039604,0,0,3
467,host-2,4,0,14,4,0,0,0.165125,0,32000,5284,0.165125,131072,4929,0.037605,0,0,4
467,host-20,3,0,14,3,0,0,0.156094,0,32000,4995,0.156094,131072,5363,0.040916,0,0,3
467,host-21,3,0,14,3,0,0,0.164000,0,32000,5248,0.164000,131072,6069,0.046303,0,0,3
467,host-22,3,0,14,3,0,0,0.170531,0,32000,5457,0.170531,131072,6256,0.047729,0,0,3
467,host-23,2,0,14,2,0,0,0.105531,0,32000,3377,0.105531,131072,3954,0.030167,0,0,2
467,host-24,3,0,14,3,0,0,0.187344,0,32000,5995,0.187344,131072,4909,0.037453,0,0,3
467,host-3,2,0,14,2,0,0,0.090094,0,32000,2883,0.090094,131072,2363,0.018028,0,0,2
467,host-4,3,0,14,3,0,0,0.151844,0,32000,4859,0.151844,131072,4342,0.033127,0,0,3
467,host-5,1,0,14,1,0,0,0.073781,0,32000,2361,0.073781,131072,2606,0.019882,0,0,1
467,host-6,3,0,14,3,0,0,0.103031,0,32000,3297,0.103031,131072,3233,0.024666,0,0,3
467,host-7,2,0,14,2,0,0,0.087625,0,32000,2804,0.087625,131072,2831,0.021599,0,0,2
467,host-8,3,0,14,3,0,0,0.152156,0,32000,4869,0.152156,131072,5161,0.039375,0,0,3
467,host-9,3,0,14,3,0,0,0.169313,0,32000,5418,0.169313,131072,4676,0.035675,0,0,3
468,host-1,3,0,14,3,0,0,0.137969,0,32000,4415,0.137969,131072,4472,0.034119,0,0,3
468,host-10,3,0,14,3,0,0,0.159500,0,32000,5104,0.159500,131072,5461,0.041664,0,0,3
468,host-11,3,0,14,3,0,0,0.167531,0,32000,5361,0.167531,131072,3925,0.029945,0,0,3
468,host-12,3,0,14,3,0,0,0.141156,0,32000,4517,0.141156,131072,4228,0.032257,0,0,3
468,host-13,2,0,14,2,0,0,0.088000,0,32000,2816,0.088000,131072,2433,0.018562,0,0,2
468,host-14,3,0,14,3,0,0,0.124000,0,32000,3968,0.124000,131072,4243,0.032372,0,0,3
468,host-15,4,0,14,4,0,0,0.135937,0,32000,4350,0.135937,131072,3579,0.027306,0,0,4
468,host-16,3,0,14,3,0,0,0.153250,0,32000,4904,0.153250,131072,5555,0.042381,0,0,3
468,host-17,3,0,14,3,0,0,0.117000,0,32000,3744,0.117000,131072,4153,0.031685,0,0,3
468,host-18,2,0,14,2,0,0,0.089219,0,32000,2855,0.089219,131072,2737,0.020882,0,0,2
468,host-19,3,0,14,3,0,0,0.141563,0,32000,4530,0.141563,131072,5191,0.039604,0,0,3
468,host-2,4,0,14,4,0,0,0.165125,0,32000,5284,0.165125,131072,4929,0.037605,0,0,4
468,host-20,3,0,14,3,0,0,0.156094,0,32000,4995,0.156094,131072,5363,0.040916,0,0,3
468,host-21,3,0,14,3,0,0,0.164000,0,32000,5248,0.164000,131072,6069,0.046303,0,0,3
468,host-22,3,0,14,3,0,0,0.170531,0,32000,5457,0.170531,131072,6256,0.047729,0,0,3
468,host-23,2,0,14,2,0,0,0.105531,0,32000,3377,0.105531,131072,3954,0.030167,0,0,2
468,host-24,3,0,14,3,0,0,0.187344,0,32000,5995,0.187344,131072,4909,0.037453,0,0,3
468,host-3,2,0,14,2,0,0,0.090094,0,32000,2883,0.090094,131072,2363,0.018028,0,0,2
468,host-4,3,0,14,3,0,0,0.151844,0,32000,4859,0.151844,131072,4342,0.033127,0,0,3
468,host-5,2,1,14,2,1,0,0.117062,0,32000,3746,0.117062,131072,3684,0.028107,0,1,1
468,host-6,3,0,14,3,0,0,0.103031,0,32000,3297,0.103031,131072,3233,0.024666,0,0,3
468,host-7,2,1,14,2,1,0,0.084469,0,32000,2703,0.084469,131072,2843,0.021690,1,0,1
468,host-8,3,0,14,3,0,0,0.152156,0,32000,4869,0.152156,131072,5161,0.039375,0,0,3
468,host-9,3,0,14,3,0,0,0.169313,0,32000,5418,0.169313,131072,4676,0.035675,0,0,3
469,host-1,3,0,14,3,0,0,0.137969,0,32000,4415,0.137969,131072,4472,0.034119,0,0,3
469,host-10,3,0,14,3,0,0,0.159500,0,32000,5104,0.159500,131072,5461,0.041664,0,0,3
469,host-11,3,0,14,3,0,0,0.167531,0,32000,5361,0.167531,131072,3925,0.029945,0,0,3
469,host-12,3,0,14,3,0,0,0.141156,0,32000,4517,0.141156,131072,4228,0.032257,0,0,3
469,host-13,2,0,14,2,0,0,0.088000,0,32000,2816,0.088000,131072,2433,0.018562,0,0,2
469,host-14,3,0,14,3,0,0,0.124000,0,32000,3968,0.124000,131072,4243,0.032372,0,0,3
469,host-15,4,0,14,4,0,0,0.135937,0,32000,4350,0.135937,131072,3579,0.027306,0,0,4
469,host-16,3,0,14,3,0,0,0.153250,0,32000,4904,0.153250,131072,5555,0.042381,0,0,3
469,host-17,3,1,14,3,1,0,0.117000,0,32000,3744,0.117000,131072,4153,0.031685,0,1,2
469,host-18,2,0,14,2,0,0,0.089219,0,32000,2855,0.089219,131072,2737,0.020882,0,0,2
469,host-19,3,0,14,3,0,0,0.141563,0,32000,4530,0.141563,131072,5191,0.039604,0,0,3
469,host-2,4,0,14,4,0,0,0.165125,0,32000,5284,0.165125,131072,4929,0.037605,0,0,4
469,host-20,3,0,14,3,0,0,0.156094,0,32000,4995,0.156094,131072,5363,0.040916,0,0,3
469,host-21,3,0,14,3,0,0,0.164000,0,32000,5248,0.164000,131072,6069,0.046303,0,0,3
469,host-22,3,0,14,3,0,0,0.170531,0,32000,5457,0.170531,131072,6256,0.047729,0,0,3
469,host-23,2,0,14,2,0,0,0.105531,0,32000,3377,0.105531,131072,3954,0.030167,0,0,2
469,host-24,3,0,14,3,0,0,0.187344,0,32000,5995,0.187344,131072,4909,0.037453,0,0,3
469,host-3,2,0,14,2,0,0,0.090094,0,32000,2883,0.090094,131072,2363,0.018028,0,0,2
469,host-4,3,0,14,3,0,0,0.151844,0,32000,4859,0.151844,131072,4342,0.033127,0,0,3
469,host-5,2,0,14,2,0,0,0.117062,0,32000,3746,0.117062,131072,3684,0.028107,0,0,2
469,host-6,3,0,14,3,0,0,0.103031,0,32000,3297,0.103031,131072,3233,0.024666,0,0,3
469,host-7,3,0,14,3,0,0,0.119656,0,32000,3829,0.119656,131072,3759,0.028679,0,0,3
469,host-8,3,0,14,3,0,0,0.152156,0,32000,4869,0.152156,131072,5161,0.039375,0,0,3
469,host-9,3,0,14,3,0,0,0.169313,0,32000,5418,0.169313,131072,4676,0.035675,0,0,3
470,host-1,3,0,14,3,0,0,0.137969,0,32000,4415,0.137969,131072,4472,0.034119,0,0,3
470,host-10,3,0,14,3,0,0,0.159500,0,32000,5104,0.159500,131072,5461,0.041664,0,0,3
470,host-11,3,0,14,3,0,0,0.167531,0,32000,5361,0.167531,131072,3925,0.029945,0,0,3
470,host-12,3,1,14,3,1,0,0.141156,0,32000,4517,0.141156,131072,4228,0.032257,0,1,2
470,host-13,3,1,14,3,1,0,0.118625,0,32000,3796,0.118625,131072,3556,0.027130,1,0,2
470,host-14,3,0,14,3,0,0,0.124000,0,32000,3968,0.124000,131072,4243,0.032372,0,0,3
470,host-15,4,0,14,4,0,0,0.135937,0,32000,4350,0.135937,131072,3579,0.027306,0,0,4
470,host-16,3,0,14,3,0,0,0.153250,0,32000,4904,0.153250,131072,5555,0.042381,0,0,3
470,host-17,3,0,14,3,0,0,0.117000,0,32000,3744,0.117000,131072,4153,0.031685,0,0,3
470,host-18,2,0,14,2,0,0,0.089219,0,32000,2855,0.089219,131072,2737,0.020882,0,0,2
470,host-19,3,0,14,3,0,0,0.141563,0,32000,4530,0.141563,131072,5191,0.039604,0,0,3
470,host-2,4,0,14,4,0,0,0.165125,0,32000,5284,0.165125,131072,4929,0.037605,0,0,4
470,host-20,3,0,14,3,0,0,0.156094,0,32000,4995,0.156094,131072,5363,0.040916,0,0,3
470,host-21,3,0,14,3,0,0,0.164000,0,32000,5248,0.164000,131072,6069,0.046303,0,0,3
470,host-22,3,0,14,3,0,0,0.170531,0,32000,5457,0.170531,131072,6256,0.047729,0,0,3
470,host-23,2,0,14,2,0,0,0.105531,0,32000,3377,0.105531,131072,3954,0.030167,0,0,2
470,host-24,3,0,14,3,0,0,0.187344,0,32000,5995,0.187344,131072,4909,0.037453,0,0,3
470,host-3,2,0,14,2,0,0,0.090094,0,32000,2883,0.090094,131072,2363,0.018028,0,0,2
470,host-4,3,0,14,3,0,0,0.151844,0,32000,4859,0.151844,131072,4342,0.033127,0,0,3
470,host-5,2,0,14,2,0,0,0.117062,0,32000,3746,0.117062,131072,3684,0.028107,0,0,2
470,host-6,3,0,14,3,0,0,0.103031,0,32000,3297,0.103031,131072,3233,0.024666,0,0,3
470,host-7,3,0,14,3,0,0,0.119656,0,32000,3829,0.119656,131072,3759,0.028679,0,0,3
470,host-8,3,0,14,3,0,0,0.152156,0,32000,4869,0.152156,131072,5161,0.039375,0,0,3
470,host-9,3,0,14,3,0,0,0.169313,0,32000,5418,0.169313,131072,4676,0.035675,0,0,3
471,host-1,3,0,14,3,0,0,0.137969,0,32000,4415,0.137969,131072,4472,0.034119,0,0,3
471,host-10,3,0,14,3,0,0,0.159500,0,32000,5104,0.159500,131072,5461,0.041664,0,0,3
471,host-11,3,1,14,3,1,0,0.167531,0,32000,5361,0.167531,131072,3925,0.029945,0,1,2
471,host-12,3,0,14,3,0,0,0.141156,0,32000,4517,0.141156,131072,4228,0.032257,0,0,3
471,host-13,3,0,14,3,0,0,0.118625,0,32000,3796,0.118625,131072,3556,0.027130,0,0,3
471,host-14,3,0,14,3,0,0,0.124000,0,32000,3968,0.124000,131072,4243,0.032372,0,0,3
471,host-15,4,0,14,4,0,0,0.135937,0,32000,4350,0.135937,131072,3579,0.027306,0,0,4
471,host-16,3,0,14,3,0,0,0.153250,0,32000,4904,0.153250,131072,5555,0.042381,0,0,3
471,host-17,3,0,14,3,0,0,0.117000,0,32000,3744,0.117000,131072,4153,0.031685,0,0,3
471,host-18,3,1,14,3,1,0,0.126906,0,32000,4061,0.126906,131072,4243,0.032372,1,0,2
471,host-19,3,0,14,3,0,0,0.141563,0,32000,4530,0.141563,131072,5191,0.039604,0,0,3
471,host-2,3,0,14,3,0,0,0.094406,0,32000,3021,0.094406,131072,2349,0.017921,0,0,3
471,host-20,3,0,14,3,0,0,0.156094,0,32000,4995,0.156094,131072,5363,0.040916,0,0,3
471,host-21,3,0,14,3,0,0,0.164000,0,32000,5248,0.164000,131072,6069,0.046303,0,0,3
471,host-22,3,0,14,3,0,0,0.170531,0,32000,5457,0.170531,131072,6256,0.047729,0,0,3
471,host-23,2,0,14,2,0,0,0.105531,0,32000,3377,0.105531,131072,3954,0.030167,0,0,2
471,host-24,2,0,14,2,0,0,0.116250,0,32000,3720,0.116250,131072,2595,0.019798,0,0,2
471,host-3,3,1,14,3,1,0,0.160312,0,32000,5130,0.160312,131072,4272,0.032593,1,0,2
471,host-4,3,0,14,3,0,0,0.151844,0,32000,4859,0.151844,131072,4342,0.033127,0,0,3
471,host-5,2,0,14,2,0,0,0.117062,0,32000,3746,0.117062,131072,3684,0.028107,0,0,2
471,host-6,3,0,14,3,0,0,0.103031,0,32000,3297,0.103031,131072,3233,0.024666,0,0,3
471,host-7,3,0,14,3,0,0,0.119656,0,32000,3829,0.119656,131072,3759,0.028679,0,0,3
471,host-8,3,0,14,3,0,0,0.152156,0,32000,4869,0.152156,131072,5161,0.039375,0,0,3
471,host-9,3,0,14,3,0,0,0.169313,0,32000,5418,0.169313,131072,4676,0.035675,0,0,3
472,host-1,2,0,14,2,0,0,0.096281,0,32000,3081,0.096281,131072,2967,0.022636,0,0,2
472,host-10,3,0,14,3,0,0,0.159500,0,32000,5104,0.159500,131072,5461,0.041664,0,0,3
472,host-11,3,0,14,3,0,0,0.167531,0,32000,5361,0.167531,131072,3925,0.029945,0,0,3
472,host-12,3,0,14,3,0,0,0.141156,0,32000,4517,0.141156,131072,4228,0.032257,0,0,3
472,host-13,3,0,14,3,0,0,0.118625,0,32000,3796,0.118625,131072,3556,0.027130,0,0,3
472,host-14,3,0,14,3,0,0,0.124000,0,32000,3968,0.124000,131072,4243,0.032372,0,0,3
472,host-15,4,0,14,4,0,0,0.135937,0,32000,4350,0.135937,131072,3579,0.027306,0,0,4
472,host-16,3,0,14,3,0,0,0.153250,0,32000,4904,0.153250,131072,5555,0.042381,0,0,3
472,host-17,3,0,14,3,0,0,0.117000,0,32000,3744,0.117000,131072,4153,0.031685,0,0,3
472,host-18,3,0,14,3,0,0,0.126906,0,32000,4061,0.126906,131072,4243,0.032372,0,0,3
472,host-19,3,0,14,3,0,0,0.141563,0,32000,4530,0.141563,131072,5191,0.039604,0,0,3
472,host-2,4,1,14,4,1,0,0.164625,0,32000,5268,0.164625,131072,4258,0.032486,1,0,3
472,host-20,3,0,14,3,0,0,0.156094,0,32000,4995,0.156094,131072,5363,0.040916,0,0,3
472,host-21,3,0,14,3,0,0,0.164000,0,32000,5248,0.164000,131072,6069,0.046303,0,0,3
472,host-22,3,0,14,3,0,0,0.170531,0,32000,5457,0.170531,131072,6256,0.047729,0,0,3
472,host-23,2,0,14,2,0,0,0.105531,0,32000,3377,0.105531,131072,3954,0.030167,0,0,2
472,host-24,2,0,14,2,0,0,0.116250,0,32000,3720,0.116250,131072,2595,0.019798,0,0,2
472,host-3,3,1,14,3,1,0,0.160312,0,32000,5130,0.160312,131072,4272,0.032593,1,0,2
472,host-4,3,0,14,3,0,0,0.151844,0,32000,4859,0.151844,131072,4342,0.033127,0,0,3
472,host-5,2,0,14,2,0,0,0.117062,0,32000,3746,0.117062,131072,3684,0.028107,0,0,2
472,host-6,3,0,14,3,0,0,0.103031,0,32000,3297,0.103031,131072,3233,0.024666,0,0,3
472,host-7,3,0,14,3,0,0,0.119656,0,32000,3829,0.119656,131072,3759,0.028679,0,0,3
472,host-8,3,0,14,3,0,0,0.152156,0,32000,4869,0.152156,131072,5161,0.039375,0,0,3
472,host-9,3,0,14,3,0,0,0.169313,0,32000,5418,0.169313,131072,4676,0.035675,0,0,3
473,host-1,3,1,14,3,1,0,0.164406,0,32000,5261,0.164406,131072,5698,0.043472,1,0,2
473,host-10,3,0,14,3,0,0,0.159500,0,32000,5104,0.159500,131072,5461,0.041664,0,0,3
473,host-11,3,0,14,3,0,0,0.167531,0,32000,5361,0.167531,131072,3925,0.029945,0,0,3
473,host-12,2,0,14,2,0,0,0.099469,0,32000,3183,0.099469,131072,2723,0.020775,0,0,2
473,host-13,3,0,14,3,0,0,0.118625,0,32000,3796,0.118625,131072,3556,0.027130,0,0,3
473,host-14,3,0,14,3,0,0,0.124000,0,32000,3968,0.124000,131072,4243,0.032372,0,0,3
473,host-15,3,0,14,3,0,0,0.099469,0,32000,3183,0.099469,131072,2214,0.016891,0,0,3
473,host-16,2,0,14,2,0,0,0.126000,0,32000,4032,0.126000,131072,4683,0.035728,0,0,2
473,host-17,3,0,14,3,0,0,0.117000,0,32000,3744,0.117000,131072,4153,0.031685,0,0,3
473,host-18,3,0,14,3,0,0,0.126906,0,32000,4061,0.126906,131072,4243,0.032372,0,0,3
473,host-19,3,0,14,3,0,0,0.141563,0,32000,4530,0.141563,131072,5191,0.039604,0,0,3
473,host-2,4,0,14,4,0,0,0.164625,0,32000,5268,0.164625,131072,4258,0.032486,0,0,4
473,host-20,3,0,14,3,0,0,0.156094,0,32000,4995,0.156094,131072,5363,0.040916,0,0,3
473,host-21,3,0,14,3,0,0,0.164000,0,32000,5248,0.164000,131072,6069,0.046303,0,0,3
473,host-22,3,0,14,3,0,0,0.170531,0,32000,5457,0.170531,131072,6256,0.047729,0,0,3
473,host-23,2,0,14,2,0,0,0.105531,0,32000,3377,0.105531,131072,3954,0.030167,0,0,2
473,host-24,2,0,14,2,0,0,0.116250,0,32000,3720,0.116250,131072,2595,0.019798,0,0,2
473,host-3,3,0,14,3,0,0,0.160312,0,32000,5130,0.160312,131072,4272,0.032593,0,0,3
473,host-4,3,0,14,3,0,0,0.151844,0,32000,4859,0.151844,131072,4342,0.033127,0,0,3
473,host-5,2,0,14,2,0,0,0.117062,0,32000,3746,0.117062,131072,3684,0.028107,0,0,2
473,host-6,3,0,14,3,0,0,0.103031,0,32000,3297,0.103031,131072,3233,0.024666,0,0,3
473,host-7,3,0,14,3,0,0,0.119656,0,32000,3829,0.119656,131072,3759,0.028679,0,0,3
473,host-8,3,0,14,3,0,0,0.152156,0,32000,4869,0.152156,131072,5161,0.039375,0,0,3
473,host-9,3,0,14,3,0,0,0.169313,0,32000,5418,0.169313,131072,4676,0.035675,0,0,3
474,host-1,3,1,14,3,1,0,0.164406,0,32000,5261,0.164406,131072,5698,0.043472,0,1,2
474,host-10,3,0,14,3,0,0,0.159500,0,32000,5104,0.159500,131072,5461,0.041664,0,0,3
474,host-11,3,0,14,3,0,0,0.167531,0,32000,5361,0.167531,131072,3925,0.029945,0,0,3
474,host-12,3,1,14,3,1,0,0.137813,0,32000,4410,0.137813,131072,3627,0.027672,1,0,2
474,host-13,3,0,14,3,0,0,0.118625,0,32000,3796,0.118625,131072,3556,0.027130,0,0,3
474,host-14,3,0,14,3,0,0,0.124000,0,32000,3968,0.124000,131072,4243,0.032372,0,0,3
474,host-15,3,0,14,3,0,0,0.099469,0,32000,3183,0.099469,131072,2214,0.016891,0,0,3
474,host-16,2,0,14,2,0,0,0.126000,0,32000,4032,0.126000,131072,4683,0.035728,0,0,2
474,host-17,3,0,14,3,0,0,0.117000,0,32000,3744,0.117000,131072,4153,0.031685,0,0,3
474,host-18,3,0,14,3,0,0,0.126906,0,32000,4061,0.126906,131072,4243,0.032372,0,0,3
474,host-19,3,0,14,3,0,0,0.141563,0,32000,4530,0.141563,131072,5191,0.039604,0,0,3
474,host-2,4,0,14,4,0,0,0.164625,0,32000,5268,0.164625,131072,4258,0.032486,0,0,4
474,host-20,3,0,14,3,0,0,0.156094,0,32000,4995,0.156094,131072,5363,0.040916,0,0,3
474,host-21,3,1,14,3,1,0,0.142656,0,32000,4565,0.142656,131072,4703,0.035881,1,0,2
474,host-22,2,0,14,2,0,0,0.109063,0,32000,3490,0.109063,131072,3755,0.028648,0,0,2
474,host-23,2,0,14,2,0,0,0.105531,0,32000,3377,0.105531,131072,3954,0.030167,0,0,2
474,host-24,2,0,14,2,0,0,0.116250,0,32000,3720,0.116250,131072,2595,0.019798,0,0,2
474,host-3,3,0,14,3,0,0,0.160312,0,32000,5130,0.160312,131072,4272,0.032593,0,0,3
474,host-4,3,0,14,3,0,0,0.151844,0,32000,4859,0.151844,131072,4342,0.033127,0,0,3
474,host-5,2,0,14,2,0,0,0.117062,0,32000,3746,0.117062,131072,3684,0.028107,0,0,2
474,host-6,3,0,14,3,0,0,0.103031,0,32000,3297,0.103031,131072,3233,0.024666,0,0,3
474,host-7,3,0,14,3,0,0,0.119656,0,32000,3829,0.119656,131072,3759,0.028679,0,0,3
474,host-8,3,0,14,3,0,0,0.152156,0,32000,4869,0.152156,131072,5161,0.039375,0,0,3
474,host-9,3,0,14,3,0,0,0.169313,0,32000,5418,0.169313,131072,4676,0.035675,0,0,3
475,host-1,3,0,14,3,0,0,0.164406,0,32000,5261,0.164406,131072,5698,0.043472,0,0,3
475,host-10,3,0,14,3,0,0,0.159500,0,32000,5104,0.159500,131072,5461,0.041664,0,0,3
475,host-11,3,0,14,3,0,0,0.167531,0,32000,5361,0.167531,131072,3925,0.029945,0,0,3
475,host-12,3,1,14,3,1,0,0.137813,0,32000,4410,0.137813,131072,3627,0.027672,1,0,2
475,host-13,3,0,14,3,0,0,0.118625,0,32000,3796,0.118625,131072,3556,0.027130,0,0,3
475,host-14,3,0,14,3,0,0,0.124000,0,32000,3968,0.124000,131072,4243,0.032372,0,0,3
475,host-15,4,1,14,4,1,0,0.150281,0,32000,4809,0.150281,131072,3797,0.028969,1,0,3
475,host-16,2,0,14,2,0,0,0.126000,0,32000,4032,0.126000,131072,4683,0.035728,0,0,2
475,host-17,3,0,14,3,0,0,0.117000,0,32000,3744,0.117000,131072,4153,0.031685,0,0,3
475,host-18,3,0,14,3,0,0,0.126906,0,32000,4061,0.126906,131072,4243,0.032372,0,0,3
475,host-19,3,0,14,3,0,0,0.141563,0,32000,4530,0.141563,131072,5191,0.039604,0,0,3
475,host-2,3,0,14,3,0,0,0.135063,0,32000,4322,0.135063,131072,3243,0.024742,0,0,3
475,host-20,3,0,14,3,0,0,0.156094,0,32000,4995,0.156094,131072,5363,0.040916,0,0,3
475,host-21,3,1,14,3,1,0,0.142656,0,32000,4565,0.142656,131072,4703,0.035881,1,0,2
475,host-22,2,0,14,2,0,0,0.109063,0,32000,3490,0.109063,131072,3755,0.028648,0,0,2
475,host-23,2,0,14,2,0,0,0.105531,0,32000,3377,0.105531,131072,3954,0.030167,0,0,2
475,host-24,1,0,14,1,0,0,0.057906,0,32000,1853,0.057906,131072,1407,0.010735,0,0,1
475,host-3,3,0,14,3,0,0,0.160312,0,32000,5130,0.160312,131072,4272,0.032593,0,0,3
475,host-4,2,0,14,2,0,0,0.089688,0,32000,2870,0.089688,131072,2875,0.021935,0,0,2
475,host-5,2,0,14,2,0,0,0.117062,0,32000,3746,0.117062,131072,3684,0.028107,0,0,2
475,host-6,4,1,14,4,1,0,0.129906,0,32000,4157,0.129906,131072,3764,0.028717,1,0,3
475,host-7,3,0,14,3,0,0,0.119656,0,32000,3829,0.119656,131072,3759,0.028679,0,0,3
475,host-8,3,0,14,3,0,0,0.152156,0,32000,4869,0.152156,131072,5161,0.039375,0,0,3
475,host-9,3,0,14,3,0,0,0.169313,0,32000,5418,0.169313,131072,4676,0.035675,0,0,3
476,host-1,3,0,14,3,0,0,0.164406,0,32000,5261,0.164406,131072,5698,0.043472,0,0,3
476,host-10,3,0,14,3,0,0,0.159500,0,32000,5104,0.159500,131072,5461,0.041664,0,0,3
476,host-11,2,0,14,2,0,0,0.101688,0,32000,3254,0.101688,131072,2062,0.015732,0,0,2
476,host-12,3,0,14,3,0,0,0.137813,0,32000,4410,0.137813,131072,3627,0.027672,0,0,3
476,host-13,3,0,14,3,0,0,0.118625,0,32000,3796,0.118625,131072,3556,0.027130,0,0,3
476,host-14,2,0,14,2,0,0,0.071125,0,32000,2276,0.071125,131072,2221,0.016945,0,0,2
476,host-15,3,0,14,3,0,0,0.120719,0,32000,3863,0.120719,131072,2782,0.021225,0,0,3
476,host-16,2,0,14,2,0,0,0.126000,0,32000,4032,0.126000,131072,4683,0.035728,0,0,2
476,host-17,3,0,14,3,0,0,0.117000,0,32000,3744,0.117000,131072,4153,0.031685,0,0,3
476,host-18,3,0,14,3,0,0,0.126906,0,32000,4061,0.126906,131072,4243,0.032372,0,0,3
476,host-19,3,0,14,3,0,0,0.141563,0,32000,4530,0.141563,131072,5191,0.039604,0,0,3
476,host-2,3,0,14,3,0,0,0.135063,0,32000,4322,0.135063,131072,3243,0.024742,0,0,3
476,host-20,3,0,14,3,0,0,0.156094,0,32000,4995,0.156094,131072,5363,0.040916,0,0,3
476,host-21,3,0,14,3,0,0,0.142656,0,32000,4565,0.142656,131072,4703,0.035881,0,0,3
476,host-22,2,0,14,2,0,0,0.109063,0,32000,3490,0.109063,131072,3755,0.028648,0,0,2
476,host-23,2,0,14,2,0,0,0.105531,0,32000,3377,0.105531,131072,3954,0.030167,0,0,2
476,host-24,2,1,14,2,1,0,0.108188,0,32000,3462,0.108188,131072,2936,0.022400,1,0,1
476,host-3,3,0,14,3,0,0,0.160312,0,32000,5130,0.160312,131072,4272,0.032593,0,0,3
476,host-4,2,0,14,2,0,0,0.089688,0,32000,2870,0.089688,131072,2875,0.021935,0,0,2
476,host-5,2,0,14,2,0,0,0.117062,0,32000,3746,0.117062,131072,3684,0.028107,0,0,2
476,host-6,3,1,14,3,1,0,0.095812,0,32000,3066,0.095812,131072,2304,0.017578,0,1,2
476,host-7,3,0,14,3,0,0,0.119656,0,32000,3829,0.119656,131072,3759,0.028679,0,0,3
476,host-8,3,0,14,3,0,0,0.152156,0,32000,4869,0.152156,131072,5161,0.039375,0,0,3
476,host-9,3,0,14,3,0,0,0.169313,0,32000,5418,0.169313,131072,4676,0.035675,0,0,3
477,host-1,3,0,14,3,0,0,0.164406,0,32000,5261,0.164406,131072,5698,0.043472,0,0,3
477,host-10,3,0,14,3,0,0,0.159500,0,32000,5104,0.159500,131072,5461,0.041664,0,0,3
477,host-11,2,0,14,2,0,0,0.101688,0,32000,3254,0.101688,131072,2062,0.015732,0,0,2
477,host-12,3,0,14,3,0,0,0.137813,0,32000,4410,0.137813,131072,3627,0.027672,0,0,3
477,host-13,3,0,14,3,0,0,0.118625,0,32000,3796,0.118625,131072,3556,0.027130,0,0,3
477,host-14,2,0,14,2,0,0,0.071125,0,32000,2276,0.071125,131072,2221,0.016945,0,0,2
477,host-15,3,0,14,3,0,0,0.120719,0,32000,3863,0.120719,131072,2782,0.021225,0,0,3
477,host-16,1,0,14,1,0,0,0.062812,0,32000,2010,0.062812,131072,2414,0.018417,0,0,1
477,host-17,3,0,14,3,0,0,0.117000,0,32000,3744,0.117000,131072,4153,0.031685,0,0,3
477,host-18,3,0,14,3,0,0,0.126906,0,32000,4061,0.126906,131072,4243,0.032372,0,0,3
477,host-19,2,1,14,2,1,0,0.118125,0,32000,3780,0.118125,131072,4259,0.032494,1,0,1
477,host-2,3,0,14,3,0,0,0.135063,0,32000,4322,0.135063,131072,3243,0.024742,0,0,3
477,host-20,2,0,14,2,0,0,0.120844,0,32000,3867,0.120844,131072,3733,0.028481,0,0,2
477,host-21,3,0,14,3,0,0,0.142656,0,32000,4565,0.142656,131072,4703,0.035881,0,0,3
477,host-22,2,0,14,2,0,0,0.109063,0,32000,3490,0.109063,131072,3755,0.028648,0,0,2
477,host-23,2,0,14,2,0,0,0.105531,0,32000,3377,0.105531,131072,3954,0.030167,0,0,2
477,host-24,2,1,14,2,1,0,0.108188,0,32000,3462,0.108188,131072,2936,0.022400,1,0,1
477,host-3,3,0,14,3,0,0,0.160312,0,32000,5130,0.160312,131072,4272,0.032593,0,0,3
477,host-4,2,0,14,2,0,0,0.089688,0,32000,2870,0.089688,131072,2875,0.021935,0,0,2
477,host-5,2,0,14,2,0,0,0.117062,0,32000,3746,0.117062,131072,3684,0.028107,0,0,2
477,host-6,3,0,14,3,0,0,0.095812,0,32000,3066,0.095812,131072,2304,0.017578,0,0,3
477,host-7,3,0,14,3,0,0,0.119656,0,32000,3829,0.119656,131072,3759,0.028679,0,0,3
477,host-8,2,0,14,2,0,0,0.083875,0,32000,2684,0.083875,131072,2456,0.018738,0,0,2
477,host-9,3,0,14,3,0,0,0.169313,0,32000,5418,0.169313,131072,4676,0.035675,0,0,3
478,host-1,3,0,14,3,0,0,0.164406,0,32000,5261,0.164406,131072,5698,0.043472,0,0,3
478,host-10,3,0,14,3,0,0,0.159500,0,32000,5104,0.159500,131072,5461,0.041664,0,0,3
478,host-11,2,0,14,2,0,0,0.101688,0,32000,3254,0.101688,131072,2062,0.015732,0,0,2
478,host-12,3,0,14,3,0,0,0.137813,0,32000,4410,0.137813,131072,3627,0.027672,0,0,3
478,host-13,3,0,14,3,0,0,0.118625,0,32000,3796,0.118625,131072,3556,0.027130,0,0,3
478,host-14,2,0,14,2,0,0,0.071125,0,32000,2276,0.071125,131072,2221,0.016945,0,0,2
478,host-15,3,0,14,3,0,0,0.120719,0,32000,3863,0.120719,131072,2782,0.021225,0,0,3
478,host-16,2,1,14,2,1,0,0.136937,0,32000,4382,0.136937,131072,4791,0.036552,1,0,1
478,host-17,3,0,14,3,0,0,0.117000,0,32000,3744,0.117000,131072,4153,0.031685,0,0,3
478,host-18,2,0,14,2,0,0,0.072375,0,32000,2316,0.072375,131072,2315,0.017662,0,0,2
478,host-19,2,1,14,2,1,0,0.118125,0,32000,3780,0.118125,131072,4259,0.032494,1,0,1
478,host-2,3,0,14,3,0,0,0.135063,0,32000,4322,0.135063,131072,3243,0.024742,0,0,3
478,host-20,2,0,14,2,0,0,0.120844,0,32000,3867,0.120844,131072,3733,0.028481,0,0,2
478,host-21,3,0,14,3,0,0,0.142656,0,32000,4565,0.142656,131072,4703,0.035881,0,0,3
478,host-22,2,0,14,2,0,0,0.109063,0,32000,3490,0.109063,131072,3755,0.028648,0,0,2
478,host-23,2,0,14,2,0,0,0.105531,0,32000,3377,0.105531,131072,3954,0.030167,0,0,2
478,host-24,2,0,14,2,0,0,0.108188,0,32000,3462,0.108188,131072,2936,0.022400,0,0,2
478,host-3,3,0,14,3,0,0,0.160312,0,32000,5130,0.160312,131072,4272,0.032593,0,0,3
478,host-4,2,0,14,2,0,0,0.089688,0,32000,2870,0.089688,131072,2875,0.021935,0,0,2
478,host-5,2,0,14,2,0,0,0.117062,0,32000,3746,0.117062,131072,3684,0.028107,0,0,2
478,host-6,3,0,14,3,0,0,0.095812,0,32000,3066,0.095812,131072,2304,0.017578,0,0,3
478,host-7,3,0,14,3,0,0,0.119656,0,32000,3829,0.119656,131072,3759,0.028679,0,0,3
478,host-8,2,0,14,2,0,0,0.083875,0,32000,2684,0.083875,131072,2456,0.018738,0,0,2
478,host-9,3,0,14,3,0,0,0.169313,0,32000,5418,0.169313,131072,4676,0.035675,0,0,3
479,host-1,2,0,14,2,0,0,0.109875,0,32000,3516,0.109875,131072,3770,0.028763,0,0,2
479,host-10,3,0,14,3,0,0,0.159500,0,32000,5104,0.159500,131072,5461,0.041664,0,0,3
479,host-11,2,0,14,2,0,0,0.101688,0,32000,3254,0.101688,131072,2062,0.015732,0,0,2
479,host-12,3,0,14,3,0,0,0.137813,0,32000,4410,0.137813,131072,3627,0.027672,0,0,3
479,host-13,3,0,14,3,0,0,0.118625,0,32000,3796,0.118625,131072,3556,0.027130,0,0,3
479,host-14,3,1,14,3,1,0,0.114437,0,32000,3662,0.114437,131072,3857,0.029427,1,0,2
479,host-15,3,0,14,3,0,0,0.120719,0,32000,3863,0.120719,131072,2782,0.021225,0,0,3
479,host-16,2,1,14,2,1,0,0.136937,0,32000,4382,0.136937,131072,4791,0.036552,0,1,1
479,host-17,3,0,14,3,0,0,0.117000,0,32000,3744,0.117000,131072,4153,0.031685,0,0,3
479,host-18,2,0,14,2,0,0,0.072375,0,32000,2316,0.072375,131072,2315,0.017662,0,0,2
479,host-19,2,0,14,2,0,0,0.118125,0,32000,3780,0.118125,131072,4259,0.032494,0,0,2
479,host-2,3,0,14,3,0,0,0.135063,0,32000,4322,0.135063,131072,3243,0.024742,0,0,3
479,host-20,2,0,14,2,0,0,0.120844,0,32000,3867,0.120844,131072,3733,0.028481,0,0,2
479,host-21,3,0,14,3,0,0,0.142656,0,32000,4565,0.142656,131072,4703,0.035881,0,0,3
479,host-22,2,0,14,2,0,0,0.109063,0,32000,3490,0.109063,131072,3755,0.028648,0,0,2
479,host-23,2,0,14,2,0,0,0.105531,0,32000,3377,0.105531,131072,3954,0.030167,0,0,2
479,host-24,2,0,14,2,0,0,0.108188,0,32000,3462,0.108188,131072,2936,0.022400,0,0,2
479,host-3,3,0,14,3,0,0,0.160312,0,32000,5130,0.160312,131072,4272,0.032593,0,0,3
479,host-4,2,0,14,2,0,0,0.089688,0,32000,2870,0.089688,131072,2875,0.021935,0,0,2
479,host-5,2,0,14,2,0,0,0.117062,0,32000,3746,0.117062,131072,3684,0.028107,0,0,2
479,host-6,3,0,14,3,0,0,0.095812,0,32000,3066,0.095812,131072,2304,0.017578,0,0,3
479,host-7,3,0,14,3,0,0,0.119656,0,32000,3829,0.119656,131072,3759,0.028679,0,0,3
479,host-8,2,0,14,2,0,0,0.083875,0,32000,2684,0.083875,131072,2456,0.018738,0,0,2
479,host-9,3,0,14,3,0,0,0.169313,0,32000,5418,0.169313,131072,4676,0.035675,0,0,3
480,host-1,2,0,14,2,0,0,0.109875,0,32000,3516,0.109875,131072,3770,0.028763,0,0,2
480,host-10,3,0,14,3,0,0,0.159500,0,32000,5104,0.159500,131072,5461,0.041664,0,0,3
480,host-11,2,0,14,2,0,0,0.101688,0,32000,3254,0.101688,131072,2062,0.015732,0,0,2
480,host-12,3,0,14,3,0,0,0.137813,0,32000,4410,0.137813,131072,3627,0.027672,0,0,3
480,host-13,3,0,14,3,0,0,0.118625,0,32000,3796,0.118625,131072,3556,0.027130,0,0,3
480,host-14,3,0,14,3,0,0,0.114437,0,32000,3662,0.114437,131072,3857,0.029427,0,0,3
480,host-15,3,0,14,3,0,0,0.120719,0,32000,3863,0.120719,131072,2782,0.021225,0,0,3
480,host-16,2,0,14,2,0,0,0.136937,0,32000,4382,0.136937,131072,4791,0.036552,0,0,2
480,host-17,3,0,14,3,0,0,0.117000,0,32000,3744,0.117000,131072,4153,0.031685,0,0,3
480,host-18,2,0,14,2,0,0,0.072375,0,32000,2316,0.072375,131072,2315,0.017662,0,0,2
480,host-19,2,0,14,2,0,0,0.118125,0,32000,3780,0.118125,131072,4259,0.032494,0,0,2
480,host-2,3,0,14,3,0,0,0.135063,0,32000,4322,0.135063,131072,3243,0.024742,0,0,3
480,host-20,2,1,14,2,1,0,0.120844,0,32000,3867,0.120844,131072,3733,0.028481,0,1,1
480,host-21,3,0,14,3,0,0,0.142656,0,32000,4565,0.142656,131072,4703,0.035881,0,0,3
480,host-22,2,0,14,2,0,0,0.109063,0,32000,3490,0.109063,131072,3755,0.028648,0,0,2
480,host-23,2,0,14,2,0,0,0.105531,0,32000,3377,0.105531,131072,3954,0.030167,0,0,2
480,host-24,2,0,14,2,0,0,0.108188,0,32000,3462,0.108188,131072,2936,0.022400,0,0,2
480,host-3,2,0,14,2,0,0,0.127719,0,32000,4087,0.127719,131072,3151,0.024040,0,0,2
480,host-4,2,0,14,2,0,0,0.089688,0,32000,2870,0.089688,131072,2875,0.021935,0,0,2
480,host-5,2,0,14,2,0,0,0.117062,0,32000,3746,0.117062,131072,3684,0.028107,0,0,2
480,host-6,3,0,14,3,0,0,0.095812,0,32000,3066,0.095812,131072,2304,0.017578,0,0,3
480,host-7,3,0,14,3,0,0,0.119656,0,32000,3829,0.119656,131072,3759,0.028679,0,0,3
480,host-8,2,0,14,2,0,0,0.083875,0,32000,2684,0.083875,131072,2456,0.018738,0,0,2
480,host-9,3,0,14,3,0,0,0.169313,0,32000,5418,0.169313,131072,4676,0.035675,0,0,3
481,host-1,2,0,14,2,0,0,0.109875,0,32000,3516,0.109875,131072,3770,0.028763,0,0,2
481,host-10,3,0,14,3,0,0,0.159500,0,32000,5104,0.159500,131072,5461,0.041664,0,0,3
481,host-11,2,0,14,2,0,0,0.101688,0,32000,3254,0.101688,131072,2062,0.015732,0,0,2
481,host-12,3,0,14,3,0,0,0.137813,0,32000,4410,0.137813,131072,3627,0.027672,0,0,3
481,host-13,2,0,14,2,0,0,0.081562,0,32000,2610,0.081562,131072,2656,0.020264,0,0,2
481,host-14,3,0,14,3,0,0,0.114437,0,32000,3662,0.114437,131072,3857,0.029427,0,0,3
481,host-15,3,0,14,3,0,0,0.120719,0,32000,3863,0.120719,131072,2782,0.021225,0,0,3
481,host-16,1,0,14,1,0,0,0.074125,0,32000,2372,0.074125,131072,2377,0.018135,0,0,1
481,host-17,3,0,14,3,0,0,0.117000,0,32000,3744,0.117000,131072,4153,0.031685,0,0,3
481,host-18,2,0,14,2,0,0,0.072375,0,32000,2316,0.072375,131072,2315,0.017662,0,0,2
481,host-19,1,0,14,1,0,0,0.074125,0,32000,2372,0.074125,131072,2377,0.018135,0,0,1
481,host-2,2,0,14,2,0,0,0.098000,0,32000,3136,0.098000,131072,2343,0.017876,0,0,2
481,host-20,1,0,14,1,0,0,0.044875,0,32000,1436,0.044875,131072,813,0.006203,0,0,1
481,host-21,3,0,14,3,0,0,0.142656,0,32000,4565,0.142656,131072,4703,0.035881,0,0,3
481,host-22,2,0,14,2,0,0,0.109063,0,32000,3490,0.109063,131072,3755,0.028648,0,0,2
481,host-23,2,0,14,2,0,0,0.105531,0,32000,3377,0.105531,131072,3954,0.030167,0,0,2
481,host-24,2,0,14,2,0,0,0.108188,0,32000,3462,0.108188,131072,2936,0.022400,0,0,2
481,host-3,2,0,14,2,0,0,0.127719,0,32000,4087,0.127719,131072,3151,0.024040,0,0,2
481,host-4,2,0,14,2,0,0,0.089688,0,32000,2870,0.089688,131072,2875,0.021935,0,0,2
481,host-5,2,0,14,2,0,0,0.117062,0,32000,3746,0.117062,131072,3684,0.028107,0,0,2
481,host-6,3,0,14,3,0,0,0.095812,0,32000,3066,0.095812,131072,2304,0.017578,0,0,3
481,host-7,3,0,14,3,0,0,0.119656,0,32000,3829,0.119656,131072,3759,0.028679,0,0,3
481,host-8,2,0,14,2,0,0,0.083875,0,32000,2684,0.083875,131072,2456,0.018738,0,0,2
481,host-9,3,0,14,3,0,0,0.169313,0,32000,5418,0.169313,131072,4676,0.035675,0,0,3
482,host-1,2,0,14,2,0,0,0.109875,0,32000,3516,0.109875,131072,3770,0.028763,0,0,2
482,host-10,3,0,14,3,0,0,0.159500,0,32000,5104,0.159500,131072,5461,0.041664,0,0,3
482,host-11,2,1,14,2,1,0,0.101688,0,32000,3254,0.101688,131072,2062,0.015732,0,1,1
482,host-12,2,0,14,2,0,0,0.089781,0,32000,2873,0.089781,131072,2145,0.016365,0,0,2
482,host-13,2,0,14,2,0,0,0.081562,0,32000,2610,0.081562,131072,2656,0.020264,0,0,2
482,host-14,2,0,14,2,0,0,0.069937,0,32000,2238,0.069937,131072,2709,0.020668,0,0,2
482,host-15,2,0,14,2,0,0,0.092938,0,32000,2974,0.092938,131072,2260,0.017242,0,0,2
482,host-16,1,0,14,1,0,0,0.074125,0,32000,2372,0.074125,131072,2377,0.018135,0,0,1
482,host-17,2,0,14,2,0,0,0.072531,0,32000,2321,0.072531,131072,2235,0.017052,0,0,2
482,host-18,2,0,14,2,0,0,0.072375,0,32000,2316,0.072375,131072,2315,0.017662,0,0,2
482,host-19,1,0,14,1,0,0,0.074125,0,32000,2372,0.074125,131072,2377,0.018135,0,0,1
482,host-2,2,0,14,2,0,0,0.098000,0,32000,3136,0.098000,131072,2343,0.017876,0,0,2
482,host-20,1,0,14,1,0,0,0.044875,0,32000,1436,0.044875,131072,813,0.006203,0,0,1
482,host-21,3,0,14,3,0,0,0.142656,0,32000,4565,0.142656,131072,4703,0.035881,0,0,3
482,host-22,1,0,14,1,0,0,0.045187,0,32000,1446,0.045187,131072,1444,0.011017,0,0,1
482,host-23,0,0,14,0,0,0,0.000000,0,32000,0,0.000000,131072,0,0.000000,0,0,0
482,host-24,2,0,14,2,0,0,0.108188,0,32000,3462,0.108188,131072,2936,0.022400,0,0,2
482,host-3,2,0,14,2,0,0,0.127719,0,32000,4087,0.127719,131072,3151,0.024040,0,0,2
482,host-4,1,0,14,1,0,0,0.031844,0,32000,1019,0.031844,131072,563,0.004295,0,0,1
482,host-5,2,0,14,2,0,0,0.117062,0,32000,3746,0.117062,131072,3684,0.028107,0,0,2
482,host-6,3,0,14,3,0,0,0.095812,0,32000,3066,0.095812,131072,2304,0.017578,0,0,3
482,host-7,3,0,14,3,0,0,0.119656,0,32000,3829,0.119656,131072,3759,0.028679,0,0,3
482,host-8,2,0,14,2,0,0,0.083875,0,32000,2684,0.083875,131072,2456,0.018738,0,0,2
482,host-9,3,0,14,3,0,0,0.169313,0,32000,5418,0.169313,131072,4676,0.035675,0,0,3
483,host-1,2,0,14,2,0,0,0.109875,0,32000,3516,0.109875,131072,3770,0.028763,0,0,2
483,host-10,3,1,14,3,1,0,0.159500,0,32000,5104,0.159500,131072,5461,0.041664,0,1,2
483,host-11,2,0,14,2,0,0,0.101688,0,32000,3254,0.101688,131072,2062,0.015732,0,0,2
483,host-12,2,0,14,2,0,0,0.089781,0,32000,2873,0.089781,131072,2145,0.016365,0,0,2
483,host-13,2,0,14,2,0,0,0.081562,0,32000,2610,0.081562,131072,2656,0.020264,0,0,2
483,host-14,2,0,14,2,0,0,0.069937,0,32000,2238,0.069937,131072,2709,0.020668,0,0,2
483,host-15,2,0,14,2,0,0,0.092938,0,32000,2974,0.092938,131072,2260,0.017242,0,0,2
483,host-16,1,0,14,1,0,0,0.074125,0,32000,2372,0.074125,131072,2377,0.018135,0,0,1
483,host-17,2,0,14,2,0,0,0.072531,0,32000,2321,0.072531,131072,2235,0.017052,0,0,2
483,host-18,2,0,14,2,0,0,0.072375,0,32000,2316,0.072375,131072,2315,0.017662,0,0,2
483,host-19,1,0,14,1,0,0,0.074125,0,32000,2372,0.074125,131072,2377,0.018135,0,0,1
483,host-2,2,0,14,2,0,0,0.098000,0,32000,3136,0.098000,131072,2343,0.017876,0,0,2
483,host-20,2,1,14,2,1,0,0.117031,0,32000,3745,0.117031,131072,3762,0.028702,1,0,1
483,host-21,2,0,14,2,0,0,0.114875,0,32000,3676,0.114875,131072,4269,0.032570,0,0,2
483,host-22,2,1,14,2,1,0,0.074750,0,32000,2392,0.074750,131072,2459,0.018761,1,0,1
483,host-23,2,2,14,2,2,0,0.087781,0,32000,2809,0.087781,131072,2628,0.020050,2,0,0
483,host-24,2,1,14,2,1,0,0.099562,0,32000,3186,0.099562,131072,3456,0.026367,1,0,1
483,host-3,1,0,14,1,0,0,0.070219,0,32000,2247,0.070219,131072,1909,0.014565,0,0,1
483,host-4,3,2,14,3,2,0,0.111656,0,32000,3573,0.111656,131072,3188,0.024323,2,0,1
483,host-5,2,0,14,2,0,0,0.117062,0,32000,3746,0.117062,131072,3684,0.028107,0,0,2
483,host-6,3,1,14,3,1,0,0.131875,0,32000,4220,0.131875,131072,3351,0.025566,1,0,2
483,host-7,2,0,14,2,0,0,0.070375,0,32000,2252,0.070375,131072,1832,0.013977,0,0,2
483,host-8,2,0,14,2,0,0,0.083875,0,32000,2684,0.083875,131072,2456,0.018738,0,0,2
483,host-9,3,0,14,3,0,0,0.169313,0,32000,5418,0.169313,131072,4676,0.035675,0,0,3
484,host-1,2,0,14,2,0,0,0.109875,0,32000,3516,0.109875,131072,3770,0.028763,0,0,2
484,host-10,3,0,14,3,0,0,0.159500,0,32000,5104,0.159500,131072,5461,0.041664,0,0,3
484,host-11,2,0,14,2,0,0,0.101688,0,32000,3254,0.101688,131072,2062,0.015732,0,0,2
484,host-12,2,0,14,2,0,0,0.089781,0,32000,2873,0.089781,131072,2145,0.016365,0,0,2
484,host-13,2,0,14,2,0,0,0.081562,0,32000,2610,0.081562,131072,2656,0.020264,0,0,2
484,host-14,2,0,14,2,0,0,0.069937,0,32000,2238,0.069937,131072,2709,0.020668,0,0,2
484,host-15,1,0,14,1,0,0,0.050812,0,32000,1626,0.050812,131072,1583,0.012077,0,0,1
484,host-16,1,0,14,1,0,0,0.074125,0,32000,2372,0.074125,131072,2377,0.018135,0,0,1
484,host-17,2,0,14,2,0,0,0.072531,0,32000,2321,0.072531,131072,2235,0.017052,0,0,2
484,host-18,2,0,14,2,0,0,0.072375,0,32000,2316,0.072375,131072,2315,0.017662,0,0,2
484,host-19,1,0,14,1,0,0,0.074125,0,32000,2372,0.074125,131072,2377,0.018135,0,0,1
484,host-2,1,0,14,1,0,0,0.070219,0,32000,2247,0.070219,131072,1909,0.014565,0,0,1
484,host-20,2,1,14,2,1,0,0.117031,0,32000,3745,0.117031,131072,3762,0.028702,0,1,1
484,host-21,2,0,14,2,0,0,0.114875,0,32000,3676,0.114875,131072,4269,0.032570,0,0,2
484,host-22,1,1,14,1,1,0,0.029562,0,32000,946,0.029562,131072,1015,0.007744,1,0,0
484,host-23,2,1,14,2,1,0,0.087781,0,32000,2809,0.087781,131072,2628,0.020050,1,0,1
484,host-24,2,1,14,2,1,0,0.099562,0,32000,3186,0.099562,131072,3456,0.026367,1,0,1
484,host-3,1,0,14,1,0,0,0.070219,0,32000,2247,0.070219,131072,1909,0.014565,0,0,1
484,host-4,3,0,14,3,0,0,0.111656,0,32000,3573,0.111656,131072,3188,0.024323,0,0,3
484,host-5,2,0,14,2,0,0,0.117062,0,32000,3746,0.117062,131072,3684,0.028107,0,0,2
484,host-6,3,1,14,3,1,0,0.131875,0,32000,4220,0.131875,131072,3351,0.025566,0,1,2
484,host-7,2,0,14,2,0,0,0.070375,0,32000,2252,0.070375,131072,1832,0.013977,0,0,2
484,host-8,1,0,14,1,0,0,0.025969,0,32000,831,0.025969,131072,1049,0.008003,0,0,1
484,host-9,2,0,14,2,0,0,0.120938,0,32000,3870,0.120938,131072,3633,0.027718,0,0,2
485,host-1,1,0,14,1,0,0,0.068125,0,32000,2180,0.068125,131072,2731,0.020836,0,0,1
485,host-10,3,0,14,3,0,0,0.159500,0,32000,5104,0.159500,131072,5461,0.041664,0,0,3
485,host-11,2,0,14,2,0,0,0.101688,0,32000,3254,0.101688,131072,2062,0.015732,0,0,2
485,host-12,2,1,14,2,1,0,0.089781,0,32000,2873,0.089781,131072,2145,0.016365,0,1,1
485,host-13,2,0,14,2,0,0,0.081562,0,32000,2610,0.081562,131072,2656,0.020264,0,0,2
485,host-14,2,0,14,2,0,0,0.069937,0,32000,2238,0.069937,131072,2709,0.020668,0,0,2
485,host-15,1,0,14,1,0,0,0.050812,0,32000,1626,0.050812,131072,1583,0.012077,0,0,1
485,host-16,1,0,14,1,0,0,0.074125,0,32000,2372,0.074125,131072,2377,0.018135,0,0,1
485,host-17,1,0,14,1,0,0,0.030406,0,32000,973,0.030406,131072,1558,0.011887,0,0,1
485,host-18,1,0,14,1,0,0,0.037687,0,32000,1206,0.037687,131072,1506,0.011490,0,0,1
485,host-19,1,0,14,1,0,0,0.074125,0,32000,2372,0.074125,131072,2377,0.018135,0,0,1
485,host-2,1,0,14,1,0,0,0.070219,0,32000,2247,0.070219,131072,1909,0.014565,0,0,1
485,host-20,2,0,14,2,0,0,0.117031,0,32000,3745,0.117031,131072,3762,0.028702,0,0,2
485,host-21,2,0,14,2,0,0,0.114875,0,32000,3676,0.114875,131072,4269,0.032570,0,0,2
485,host-22,1,0,14,1,0,0,0.029562,0,32000,946,0.029562,131072,1015,0.007744,0,0,1
485,host-23,2,0,14,2,0,0,0.087781,0,32000,2809,0.087781,131072,2628,0.020050,0,0,2
485,host-24,2,1,14,2,1,0,0.099562,0,32000,3186,0.099562,131072,3456,0.026367,0,1,1
485,host-3,1,0,14,1,0,0,0.070219,0,32000,2247,0.070219,131072,1909,0.014565,0,0,1
485,host-4,3,0,14,3,0,0,0.111656,0,32000,3573,0.111656,131072,3188,0.024323,0,0,3
485,host-5,2,0,14,2,0,0,0.117062,0,32000,3746,0.117062,131072,3684,0.028107,0,0,2
485,host-6,3,0,14,3,0,0,0.131875,0,32000,4220,0.131875,131072,3351,0.025566,0,0,3
485,host-7,2,0,14,2,0,0,0.070375,0,32000,2252,0.070375,131072,1832,0.013977,0,0,2
485,host-8,1,0,14,1,0,0,0.025969,0,32000,831,0.025969,131072,1049,0.008003,0,0,1
485,host-9,2,0,14,2,0,0,0.120938,0,32000,3870,0.120938,131072,3633,0.027718,0,0,2
486,host-1,1,0,14,1,0,0,0.068125,0,32000,2180,0.068125,131072,2731,0.020836,0,0,1
486,host-10,3,0,14,3,0,0,0.159500,0,32000,5104,0.159500,131072,5461,0.041664,0,0,3
486,host-11,2,0,14,2,0,0,0.101688,0,32000,3254,0.101688,131072,2062,0.015732,0,0,2
486,host-12,2,0,14,2,0,0,0.089781,0,32000,2873,0.089781,131072,2145,0.016365,0,0,2
486,host-13,2,0,14,2,0,0,0.081562,0,32000,2610,0.081562,131072,2656,0.020264,0,0,2
486,host-14,2,0,14,2,0,0,0.069937,0,32000,2238,0.069937,131072,2709,0.020668,0,0,2
486,host-15,1,0,14,1,0,0,0.050812,0,32000,1626,0.050812,131072,1583,0.012077,0,0,1
486,host-16,1,0,14,1,0,0,0.074125,0,32000,2372,0.074125,131072,2377,0.018135,0,0,1
486,host-17,1,0,14,1,0,0,0.030406,0,32000,973,0.030406,131072,1558,0.011887,0,0,1
486,host-18,1,0,14,1,0,0,0.037687,0,32000,1206,0.037687,131072,1506,0.011490,0,0,1
486,host-19,1,0,14,1,0,0,0.074125,0,32000,2372,0.074125,131072,2377,0.018135,0,0,1
486,host-2,1,0,14,1,0,0,0.070219,0,32000,2247,0.070219,131072,1909,0.014565,0,0,1
486,host-20,2,0,14,2,0,0,0.117031,0,32000,3745,0.117031,131072,3762,0.028702,0,0,2
486,host-21,2,0,14,2,0,0,0.114875,0,32000,3676,0.114875,131072,4269,0.032570,0,0,2
486,host-22,1,0,14,1,0,0,0.029562,0,32000,946,0.029562,131072,1015,0.007744,0,0,1
486,host-23,2,0,14,2,0,0,0.087781,0,32000,2809,0.087781,131072,2628,0.020050,0,0,2
486,host-24,2,0,14,2,0,0,0.099562,0,32000,3186,0.099562,131072,3456,0.026367,0,0,2
486,host-3,1,0,14,1,0,0,0.070219,0,32000,2247,0.070219,131072,1909,0.014565,0,0,1
486,host-4,3,0,14,3,0,0,0.111656,0,32000,3573,0.111656,131072,3188,0.024323,0,0,3
486,host-5,2,0,14,2,0,0,0.117062,0,32000,3746,0.117062,131072,3684,0.028107,0,0,2
486,host-6,3,0,14,3,0,0,0.131875,0,32000,4220,0.131875,131072,3351,0.025566,0,0,3
486,host-7,2,0,14,2,0,0,0.070375,0,32000,2252,0.070375,131072,1832,0.013977,0,0,2
486,host-8,2,1,14,2,1,0,0.083875,0,32000,2684,0.083875,131072,2456,0.018738,0,1,1
486,host-9,2,0,14,2,0,0,0.120938,0,32000,3870,0.120938,131072,3633,0.027718,0,0,2
487,host-1,1,0,14,1,0,0,0.068125,0,32000,2180,0.068125,131072,2731,0.020836,0,0,1
487,host-10,3,0,14,3,0,0,0.159500,0,32000,5104,0.159500,131072,5461,0.041664,0,0,3
487,host-11,2,0,14,2,0,0,0.101688,0,32000,3254,0.101688,131072,2062,0.015732,0,0,2
487,host-12,2,0,14,2,0,0,0.089781,0,32000,2873,0.089781,131072,2145,0.016365,0,0,2
487,host-13,2,0,14,2,0,0,0.081562,0,32000,2610,0.081562,131072,2656,0.020264,0,0,2
487,host-14,2,0,14,2,0,0,0.069937,0,32000,2238,0.069937,131072,2709,0.020668,0,0,2
487,host-15,1,0,14,1,0,0,0.050812,0,32000,1626,0.050812,131072,1583,0.012077,0,0,1
487,host-16,1,0,14,1,0,0,0.074125,0,32000,2372,0.074125,131072,2377,0.018135,0,0,1
487,host-17,1,0,14,1,0,0,0.030406,0,32000,973,0.030406,131072,1558,0.011887,0,0,1
487,host-18,1,0,14,1,0,0,0.037687,0,32000,1206,0.037687,131072,1506,0.011490,0,0,1
487,host-19,1,0,14,1,0,0,0.074125,0,32000,2372,0.074125,131072,2377,0.018135,0,0,1
487,host-2,1,0,14,1,0,0,0.070219,0,32000,2247,0.070219,131072,1909,0.014565,0,0,1
487,host-20,2,0,14,2,0,0,0.117031,0,32000,3745,0.117031,131072,3762,0.028702,0,0,2
487,host-21,2,0,14,2,0,0,0.114875,0,32000,3676,0.114875,131072,4269,0.032570,0,0,2
487,host-22,2,1,14,2,1,0,0.086000,0,32000,2752,0.086000,131072,3139,0.023949,1,0,1
487,host-23,2,0,14,2,0,0,0.087781,0,32000,2809,0.087781,131072,2628,0.020050,0,0,2
487,host-24,2,0,14,2,0,0,0.099562,0,32000,3186,0.099562,131072,3456,0.026367,0,0,2
487,host-3,1,0,14,1,0,0,0.070219,0,32000,2247,0.070219,131072,1909,0.014565,0,0,1
487,host-4,3,0,14,3,0,0,0.111656,0,32000,3573,0.111656,131072,3188,0.024323,0,0,3
487,host-5,2,0,14,2,0,0,0.117062,0,32000,3746,0.117062,131072,3684,0.028107,0,0,2
487,host-6,3,0,14,3,0,0,0.131875,0,32000,4220,0.131875,131072,3351,0.025566,0,0,3
487,host-7,2,0,14,2,0,0,0.070375,0,32000,2252,0.070375,131072,1832,0.013977,0,0,2
487,host-8,2,0,14,2,0,0,0.083875,0,32000,2684,0.083875,131072,2456,0.018738,0,0,2
487,host-9,2,0,14,2,0,0,0.120938,0,32000,3870,0.120938,131072,3633,0.027718,0,0,2
488,host-1,1,0,14,1,0,0,0.068125,0,32000,2180,0.068125,131072,2731,0.020836,0,0,1
488,host-10,3,0,14,3,0,0,0.159500,0,32000,5104,0.159500,131072,5461,0.041664,0,0,3
488,host-11,2,0,14,2,0,0,0.101688,0,32000,3254,0.101688,131072,2062,0.015732,0,0,2
488,host-12,2,0,14,2,0,0,0.089781,0,32000,2873,0.089781,131072,2145,0.016365,0,0,2
488,host-13,2,0,14,2,0,0,0.081562,0,32000,2610,0.081562,131072,2656,0.020264,0,0,2
488,host-14,2,0,14,2,0,0,0.069937,0,32000,2238,0.069937,131072,2709,0.020668,0,0,2
488,host-15,1,0,14,1,0,0,0.050812,0,32000,1626,0.050812,131072,1583,0.012077,0,0,1
488,host-16,1,0,14,1,0,0,0.074125,0,32000,2372,0.074125,131072,2377,0.018135,0,0,1
488,host-17,1,0,14,1,0,0,0.030406,0,32000,973,0.030406,131072,1558,0.011887,0,0,1
488,host-18,1,0,14,1,0,0,0.037687,0,32000,1206,0.037687,131072,1506,0.011490,0,0,1
488,host-19,1,0,14,1,0,0,0.074125,0,32000,2372,0.074125,131072,2377,0.018135,0,0,1
488,host-2,1,0,14,1,0,0,0.070219,0,32000,2247,0.070219,131072,1909,0.014565,0,0,1
488,host-20,2,0,14,2,0,0,0.117031,0,32000,3745,0.117031,131072,3762,0.028702,0,0,2
488,host-21,2,0,14,2,0,0,0.114875,0,32000,3676,0.114875,131072,4269,0.032570,0,0,2
488,host-22,2,0,14,2,0,0,0.086000,0,32000,2752,0.086000,131072,3139,0.023949,0,0,2
488,host-23,2,0,14,2,0,0,0.087781,0,32000,2809,0.087781,131072,2628,0.020050,0,0,2
488,host-24,2,0,14,2,0,0,0.099562,0,32000,3186,0.099562,131072,3456,0.026367,0,0,2
488,host-3,1,0,14,1,0,0,0.070219,0,32000,2247,0.070219,131072,1909,0.014565,0,0,1
488,host-4,3,0,14,3,0,0,0.111656,0,32000,3573,0.111656,131072,3188,0.024323,0,0,3
488,host-5,2,0,14,2,0,0,0.117062,0,32000,3746,0.117062,131072,3684,0.028107,0,0,2
488,host-6,3,0,14,3,0,0,0.131875,0,32000,4220,0.131875,131072,3351,0.025566,0,0,3
488,host-7,2,0,14,2,0,0,0.070375,0,32000,2252,0.070375,131072,1832,0.013977,0,0,2
488,host-8,2,1,14,2,1,0,0.083875,0,32000,2684,0.083875,131072,2456,0.018738,0,1,1
488,host-9,2,0,14,2,0,0,0.120938,0,32000,3870,0.120938,131072,3633,0.027718,0,0,2
489,host-1,1,0,14,1,0,0,0.068125,0,32000,2180,0.068125,131072,2731,0.020836,0,0,1
489,host-10,3,0,14,3,0,0,0.159500,0,32000,5104,0.159500,131072,5461,0.041664,0,0,3
489,host-11,2,0,14,2,0,0,0.101688,0,32000,3254,0.101688,131072,2062,0.015732,0,0,2
489,host-12,2,0,14,2,0,0,0.089781,0,32000,2873,0.089781,131072,2145,0.016365,0,0,2
489,host-13,2,0,14,2,0,0,0.081562,0,32000,2610,0.081562,131072,2656,0.020264,0,0,2
489,host-14,2,0,14,2,0,0,0.069937,0,32000,2238,0.069937,131072,2709,0.020668,0,0,2
489,host-15,2,1,14,2,1,0,0.085156,0,32000,2725,0.085156,131072,2476,0.018890,1,0,1
489,host-16,1,0,14,1,0,0,0.074125,0,32000,2372,0.074125,131072,2377,0.018135,0,0,1
489,host-17,2,1,14,2,1,0,0.059156,0,32000,1893,0.059156,131072,2755,0.021019,1,0,1
489,host-18,2,1,14,2,1,0,0.069156,0,32000,2213,0.069156,131072,2214,0.016891,1,0,1
489,host-19,1,0,14,1,0,0,0.074125,0,32000,2372,0.074125,131072,2377,0.018135,0,0,1
489,host-2,1,0,14,1,0,0,0.070219,0,32000,2247,0.070219,131072,1909,0.014565,0,0,1
489,host-20,2,0,14,2,0,0,0.117031,0,32000,3745,0.117031,131072,3762,0.028702,0,0,2
489,host-21,2,0,14,2,0,0,0.114875,0,32000,3676,0.114875,131072,4269,0.032570,0,0,2
489,host-22,2,0,14,2,0,0,0.086000,0,32000,2752,0.086000,131072,3139,0.023949,0,0,2
489,host-23,2,0,14,2,0,0,0.087781,0,32000,2809,0.087781,131072,2628,0.020050,0,0,2
489,host-24,2,0,14,2,0,0,0.099562,0,32000,3186,0.099562,131072,3456,0.026367,0,0,2
489,host-3,1,0,14,1,0,0,0.070219,0,32000,2247,0.070219,131072,1909,0.014565,0,0,1
489,host-4,3,0,14,3,0,0,0.111656,0,32000,3573,0.111656,131072,3188,0.024323,0,0,3
489,host-5,1,0,14,1,0,0,0.073781,0,32000,2361,0.073781,131072,2606,0.019882,0,0,1
489,host-6,3,1,14,3,1,0,0.131875,0,32000,4220,0.131875,131072,3351,0.025566,0,1,2
489,host-7,2,2,14,2,2,0,0.118219,0,32000,3783,0.118219,131072,3536,0.026978,2,0,0
489,host-8,2,0,14,2,0,0,0.083875,0,32000,2684,0.083875,131072,2456,0.018738,0,0,2
489,host-9,2,0,14,2,0,0,0.120938,0,32000,3870,0.120938,131072,3633,0.027718,0,0,2
490,host-1,1,0,14,1,0,0,0.068125,0,32000,2180,0.068125,131072,2731,0.020836,0,0,1
490,host-10,3,0,14,3,0,0,0.159500,0,32000,5104,0.159500,131072,5461,0.041664,0,0,3
490,host-11,2,0,14,2,0,0,0.101688,0,32000,3254,0.101688,131072,2062,0.015732,0,0,2
490,host-12,2,0,14,2,0,0,0.089781,0,32000,2873,0.089781,131072,2145,0.016365,0,0,2
490,host-13,2,0,14,2,0,0,0.081562,0,32000,2610,0.081562,131072,2656,0.020264,0,0,2
490,host-14,2,0,14,2,0,0,0.069937,0,32000,2238,0.069937,131072,2709,0.020668,0,0,2
490,host-15,2,0,14,2,0,0,0.085156,0,32000,2725,0.085156,131072,2476,0.018890,0,0,2
490,host-16,1,0,14,1,0,0,0.074125,0,32000,2372,0.074125,131072,2377,0.018135,0,0,1
490,host-17,2,1,14,2,1,0,0.059156,0,32000,1893,0.059156,131072,2755,0.021019,1,0,1
490,host-18,2,0,14,2,0,0,0.069156,0,32000,2213,0.069156,131072,2214,0.016891,0,0,2
490,host-19,1,0,14,1,0,0,0.074125,0,32000,2372,0.074125,131072,2377,0.018135,0,0,1
490,host-2,1,0,14,1,0,0,0.070219,0,32000,2247,0.070219,131072,1909,0.014565,0,0,1
490,host-20,2,0,14,2,0,0,0.117031,0,32000,3745,0.117031,131072,3762,0.028702,0,0,2
490,host-21,2,0,14,2,0,0,0.114875,0,32000,3676,0.114875,131072,4269,0.032570,0,0,2
490,host-22,2,0,14,2,0,0,0.086000,0,32000,2752,0.086000,131072,3139,0.023949,0,0,2
490,host-23,2,0,14,2,0,0,0.087781,0,32000,2809,0.087781,131072,2628,0.020050,0,0,2
490,host-24,2,0,14,2,0,0,0.099562,0,32000,3186,0.099562,131072,3456,0.026367,0,0,2
490,host-3,1,0,14,1,0,0,0.070219,0,32000,2247,0.070219,131072,1909,0.014565,0,0,1
490,host-4,3,0,14,3,0,0,0.111656,0,32000,3573,0.111656,131072,3188,0.024323,0,0,3
490,host-5,1,0,14,1,0,0,0.073781,0,32000,2361,0.073781,131072,2606,0.019882,0,0,1
490,host-6,3,0,14,3,0,0,0.131875,0,32000,4220,0.131875,131072,3351,0.025566,0,0,3
490,host-7,2,1,14,2,1,0,0.118219,0,32000,3783,0.118219,131072,3536,0.026978,1,0,1
490,host-8,2,0,14,2,0,0,0.083875,0,32000,2684,0.083875,131072,2456,0.018738,0,0,2
490,host-9,2,0,14,2,0,0,0.120938,0,32000,3870,0.120938,131072,3633,0.027718,0,0,2
491,host-1,1,0,14,1,0,0,0.068125,0,32000,2180,0.068125,131072,2731,0.020836,0,0,1
491,host-10,3,0,14,3,0,0,0.159500,0,32000,5104,0.159500,131072,5461,0.041664,0,0,3
491,host-11,2,0,14,2,0,0,0.101688,0,32000,3254,0.101688,131072,2062,0.015732,0,0,2
491,host-12,2,0,14,2,0,0,0.089781,0,32000,2873,0.089781,131072,2145,0.016365,0,0,2
491,host-13,1,0,14,1,0,0,0.050937,0,32000,1630,0.050937,131072,1533,0.011696,0,0,1
491,host-14,2,0,14,2,0,0,0.069937,0,32000,2238,0.069937,131072,2709,0.020668,0,0,2
491,host-15,2,1,14,2,1,0,0.085156,0,32000,2725,0.085156,131072,2476,0.018890,0,1,1
491,host-16,1,0,14,1,0,0,0.074125,0,32000,2372,0.074125,131072,2377,0.018135,0,0,1
491,host-17,2,0,14,2,0,0,0.059156,0,32000,1893,0.059156,131072,2755,0.021019,0,0,2
491,host-18,2,0,14,2,0,0,0.069156,0,32000,2213,0.069156,131072,2214,0.016891,0,0,2
491,host-19,1,0,14,1,0,0,0.074125,0,32000,2372,0.074125,131072,2377,0.018135,0,0,1
491,host-2,1,0,14,1,0,0,0.070219,0,32000,2247,0.070219,131072,1909,0.014565,0,0,1
491,host-20,2,0,14,2,0,0,0.117031,0,32000,3745,0.117031,131072,3762,0.028702,0,0,2
491,host-21,2,0,14,2,0,0,0.114875,0,32000,3676,0.114875,131072,4269,0.032570,0,0,2
491,host-22,2,0,14,2,0,0,0.086000,0,32000,2752,0.086000,131072,3139,0.023949,0,0,2
491,host-23,2,0,14,2,0,0,0.087781,0,32000,2809,0.087781,131072,2628,0.020050,0,0,2
491,host-24,2,0,14,2,0,0,0.099562,0,32000,3186,0.099562,131072,3456,0.026367,0,0,2
491,host-3,1,0,14,1,0,0,0.070219,0,32000,2247,0.070219,131072,1909,0.014565,0,0,1
491,host-4,3,0,14,3,0,0,0.111656,0,32000,3573,0.111656,131072,3188,0.024323,0,0,3
491,host-5,1,0,14,1,0,0,0.073781,0,32000,2361,0.073781,131072,2606,0.019882,0,0,1
491,host-6,3,0,14,3,0,0,0.131875,0,32000,4220,0.131875,131072,3351,0.025566,0,0,3
491,host-7,2,0,14,2,0,0,0.118219,0,32000,3783,0.118219,131072,3536,0.026978,0,0,2
491,host-8,2,0,14,2,0,0,0.083875,0,32000,2684,0.083875,131072,2456,0.018738,0,0,2
491,host-9,2,0,14,2,0,0,0.120938,0,32000,3870,0.120938,131072,3633,0.027718,0,0,2
492,host-1,1,0,14,1,0,0,0.068125,0,32000,2180,0.068125,131072,2731,0.020836,0,0,1
492,host-10,3,0,14,3,0,0,0.159500,0,32000,5104,0.159500,131072,5461,0.041664,0,0,3
492,host-11,2,0,14,2,0,0,0.101688,0,32000,3254,0.101688,131072,2062,0.015732,0,0,2
492,host-12,2,0,14,2,0,0,0.089781,0,32000,2873,0.089781,131072,2145,0.016365,0,0,2
492,host-13,1,0,14,1,0,0,0.050937,0,32000,1630,0.050937,131072,1533,0.011696,0,0,1
492,host-14,2,0,14,2,0,0,0.069937,0,32000,2238,0.069937,131072,2709,0.020668,0,0,2
492,host-15,2,0,14,2,0,0,0.085156,0,32000,2725,0.085156,131072,2476,0.018890,0,0,2
492,host-16,1,0,14,1,0,0,0.074125,0,32000,2372,0.074125,131072,2377,0.018135,0,0,1
492,host-17,2,0,14,2,0,0,0.059156,0,32000,1893,0.059156,131072,2755,0.021019,0,0,2
492,host-18,1,0,14,1,0,0,0.031469,0,32000,1007,0.031469,131072,708,0.005402,0,0,1
492,host-19,1,0,14,1,0,0,0.074125,0,32000,2372,0.074125,131072,2377,0.018135,0,0,1
492,host-2,1,0,14,1,0,0,0.070219,0,32000,2247,0.070219,131072,1909,0.014565,0,0,1
492,host-20,2,0,14,2,0,0,0.117031,0,32000,3745,0.117031,131072,3762,0.028702,0,0,2
492,host-21,2,0,14,2,0,0,0.114875,0,32000,3676,0.114875,131072,4269,0.032570,0,0,2
492,host-22,2,0,14,2,0,0,0.086000,0,32000,2752,0.086000,131072,3139,0.023949,0,0,2
492,host-23,2,0,14,2,0,0,0.087781,0,32000,2809,0.087781,131072,2628,0.020050,0,0,2
492,host-24,2,0,14,2,0,0,0.099562,0,32000,3186,0.099562,131072,3456,0.026367,0,0,2
492,host-3,1,0,14,1,0,0,0.070219,0,32000,2247,0.070219,131072,1909,0.014565,0,0,1
492,host-4,3,0,14,3,0,0,0.111656,0,32000,3573,0.111656,131072,3188,0.024323,0,0,3
492,host-5,1,0,14,1,0,0,0.073781,0,32000,2361,0.073781,131072,2606,0.019882,0,0,1
492,host-6,3,0,14,3,0,0,0.131875,0,32000,4220,0.131875,131072,3351,0.025566,0,0,3
492,host-7,2,0,14,2,0,0,0.118219,0,32000,3783,0.118219,131072,3536,0.026978,0,0,2
492,host-8,2,0,14,2,0,0,0.083875,0,32000,2684,0.083875,131072,2456,0.018738,0,0,2
492,host-9,2,0,14,2,0,0,0.120938,0,32000,3870,0.120938,131072,3633,0.027718,0,0,2
493,host-1,1,0,14,1,0,0,0.068125,0,32000,2180,0.068125,131072,2731,0.020836,0,0,1
493,host-10,3,0,14,3,0,0,0.159500,0,32000,5104,0.159500,131072,5461,0.041664,0,0,3
493,host-11,2,0,14,2,0,0,0.101688,0,32000,3254,0.101688,131072,2062,0.015732,0,0,2
493,host-12,2,0,14,2,0,0,0.089781,0,32000,2873,0.089781,131072,2145,0.016365,0,0,2
493,host-13,1,0,14,1,0,0,0.050937,0,32000,1630,0.050937,131072,1533,0.011696,0,0,1
493,host-14,2,0,14,2,0,0,0.069937,0,32000,2238,0.069937,131072,2709,0.020668,0,0,2
493,host-15,2,0,14,2,0,0,0.085156,0,32000,2725,0.085156,131072,2476,0.018890,0,0,2
493,host-16,1,0,14,1,0,0,0.074125,0,32000,2372,0.074125,131072,2377,0.018135,0,0,1
493,host-17,2,0,14,2,0,0,0.059156,0,32000,1893,0.059156,131072,2755,0.021019,0,0,2
493,host-18,1,0,14,1,0,0,0.031469,0,32000,1007,0.031469,131072,708,0.005402,0,0,1
493,host-19,1,0,14,1,0,0,0.074125,0,32000,2372,0.074125,131072,2377,0.018135,0,0,1
493,host-2,0,0,14,0,0,0,0.000000,0,32000,0,0.000000,131072,0,0.000000,0,0,0
493,host-20,2,0,14,2,0,0,0.117031,0,32000,3745,0.117031,131072,3762,0.028702,0,0,2
493,host-21,2,0,14,2,0,0,0.114875,0,32000,3676,0.114875,131072,4269,0.032570,0,0,2
493,host-22,2,0,14,2,0,0,0.086000,0,32000,2752,0.086000,131072,3139,0.023949,0,0,2
493,host-23,2,0,14,2,0,0,0.087781,0,32000,2809,0.087781,131072,2628,0.020050,0,0,2
493,host-24,2,0,14,2,0,0,0.099562,0,32000,3186,0.099562,131072,3456,0.026367,0,0,2
493,host-3,0,0,14,0,0,0,0.000000,0,32000,0,0.000000,131072,0,0.000000,0,0,0
493,host-4,3,0,14,3,0,0,0.111656,0,32000,3573,0.111656,131072,3188,0.024323,0,0,3
493,host-5,1,0,14,1,0,0,0.073781,0,32000,2361,0.073781,131072,2606,0.019882,0,0,1
493,host-6,3,0,14,3,0,0,0.131875,0,32000,4220,0.131875,131072,3351,0.025566,0,0,3
493,host-7,2,0,14,2,0,0,0.118219,0,32000,3783,0.118219,131072,3536,0.026978,0,0,2
493,host-8,2,0,14,2,0,0,0.083875,0,32000,2684,0.083875,131072,2456,0.018738,0,0,2
493,host-9,2,0,14,2,0,0,0.120938,0,32000,3870,0.120938,131072,3633,0.027718,0,0,2
494,host-1,1,0,14,1,0,0,0.068125,0,32000,2180,0.068125,131072,2731,0.020836,0,0,1
494,host-10,3,0,14,3,0,0,0.159500,0,32000,5104,0.159500,131072,5461,0.041664,0,0,3
494,host-11,2,0,14,2,0,0,0.101688,0,32000,3254,0.101688,131072,2062,0.015732,0,0,2
494,host-12,2,0,14,2,0,0,0.089781,0,32000,2873,0.089781,131072,2145,0.016365,0,0,2
494,host-13,1,0,14,1,0,0,0.050937,0,32000,1630,0.050937,131072,1533,0.011696,0,0,1
494,host-14,2,0,14,2,0,0,0.069937,0,32000,2238,0.069937,131072,2709,0.020668,0,0,2
494,host-15,2,0,14,2,0,0,0.085156,0,32000,2725,0.085156,131072,2476,0.018890,0,0,2
494,host-16,1,0,14,1,0,0,0.074125,0,32000,2372,0.074125,131072,2377,0.018135,0,0,1
494,host-17,2,0,14,2,0,0,0.059156,0,32000,1893,0.059156,131072,2755,0.021019,0,0,2
494,host-18,1,0,14,1,0,0,0.031469,0,32000,1007,0.031469,131072,708,0.005402,0,0,1
494,host-19,1,0,14,1,0,0,0.074125,0,32000,2372,0.074125,131072,2377,0.018135,0,0,1
494,host-2,0,0,14,0,0,0,0.000000,0,32000,0,0.000000,131072,0,0.000000,0,0,0
494,host-20,2,0,14,2,0,0,0.117031,0,32000,3745,0.117031,131072,3762,0.028702,0,0,2
494,host-21,2,0,14,2,0,0,0.114875,0,32000,3676,0.114875,131072,4269,0.032570,0,0,2
494,host-22,2,0,14,2,0,0,0.086000,0,32000,2752,0.086000,131072,3139,0.023949,0,0,2
494,host-23,2,0,14,2,0,0,0.087781,0,32000,2809,0.087781,131072,2628,0.020050,0,0,2
494,host-24,2,0,14,2,0,0,0.099562,0,32000,3186,0.099562,131072,3456,0.026367,0,0,2
494,host-3,1,1,14,1,1,0,0.042719,0,32000,1367,0.042719,131072,1242,0.009476,1,0,0
494,host-4,3,0,14,3,0,0,0.111656,0,32000,3573,0.111656,131072,3188,0.024323,0,0,3
494,host-5,1,0,14,1,0,0,0.073781,0,32000,2361,0.073781,131072,2606,0.019882,0,0,1
494,host-6,3,0,14,3,0,0,0.131875,0,32000,4220,0.131875,131072,3351,0.025566,0,0,3
494,host-7,2,0,14,2,0,0,0.118219,0,32000,3783,0.118219,131072,3536,0.026978,0,0,2
494,host-8,2,0,14,2,0,0,0.083875,0,32000,2684,0.083875,131072,2456,0.018738,0,0,2
494,host-9,2,0,14,2,0,0,0.120938,0,32000,3870,0.120938,131072,3633,0.027718,0,0,2
495,host-1,0,0,14,0,0,0,0.000000,0,32000,0,0.000000,131072,0,0.000000,0,0,0
495,host-10,3,0,14,3,0,0,0.159500,0,32000,5104,0.159500,131072,5461,0.041664,0,0,3
495,host-11,2,0,14,2,0,0,0.101688,0,32000,3254,0.101688,131072,2062,0.015732,0,0,2
495,host-12,2,0,14,2,0,0,0.089781,0,32000,2873,0.089781,131072,2145,0.016365,0,0,2
495,host-13,1,0,14,1,0,0,0.050937,0,32000,1630,0.050937,131072,1533,0.011696,0,0,1
495,host-14,2,0,14,2,0,0,0.069937,0,32000,2238,0.069937,131072,2709,0.020668,0,0,2
495,host-15,2,0,14,2,0,0,0.085156,0,32000,2725,0.085156,131072,2476,0.018890,0,0,2
495,host-16,1,0,14,1,0,0,0.074125,0,32000,2372,0.074125,131072,2377,0.018135,0,0,1
495,host-17,2,0,14,2,0,0,0.059156,0,32000,1893,0.059156,131072,2755,0.021019,0,0,2
495,host-18,1,0,14,1,0,0,0.031469,0,32000,1007,0.031469,131072,708,0.005402,0,0,1
495,host-19,1,0,14,1,0,0,0.074125,0,32000,2372,0.074125,131072,2377,0.018135,0,0,1
495,host-2,0,0,14,0,0,0,0.000000,0,32000,0,0.000000,131072,0,0.000000,0,0,0
495,host-20,2,0,14,2,0,0,0.117031,0,32000,3745,0.117031,131072,3762,0.028702,0,0,2
495,host-21,2,0,14,2,0,0,0.114875,0,32000,3676,0.114875,131072,4269,0.032570,0,0,2
495,host-22,2,0,14,2,0,0,0.086000,0,32000,2752,0.086000,131072,3139,0.023949,0,0,2
495,host-23,2,0,14,2,0,0,0.087781,0,32000,2809,0.087781,131072,2628,0.020050,0,0,2
495,host-24,2,0,14,2,0,0,0.099562,0,32000,3186,0.099562,131072,3456,0.026367,0,0,2
495,host-3,1,1,14,1,1,0,0.042719,0,32000,1367,0.042719,131072,1242,0.009476,0,1,0
495,host-4,3,0,14,3,0,0,0.111656,0,32000,3573,0.111656,131072,3188,0.024323,0,0,3
495,host-5,1,0,14,1,0,0,0.073781,0,32000,2361,0.073781,131072,2606,0.019882,0,0,1
495,host-6,3,0,14,3,0,0,0.131875,0,32000,4220,0.131875,131072,3351,0.025566,0,0,3
495,host-7,2,0,14,2,0,0,0.118219,0,32000,3783,0.118219,131072,3536,0.026978,0,0,2
495,host-8,2,0,14,2,0,0,0.083875,0,32000,2684,0.083875,131072,2456,0.018738,0,0,2
495,host-9,1,0,14,1,0,0,0.054562,0,32000,1746,0.054562,131072,1249,0.009529,0,0,1
496,host-1,1,1,14,1,1,0,0.030562,0,32000,978,0.030562,131072,608,0.004639,1,0,0
496,host-10,3,0,14,3,0,0,0.159500,0,32000,5104,0.159500,131072,5461,0.041664,0,0,3
496,host-11,2,0,14,2,0,0,0.101688,0,32000,3254,0.101688,131072,2062,0.015732,0,0,2
496,host-12,2,0,14,2,0,0,0.089781,0,32000,2873,0.089781,131072,2145,0.016365,0,0,2
496,host-13,1,0,14,1,0,0,0.050937,0,32000,1630,0.050937,131072,1533,0.011696,0,0,1
496,host-14,2,0,14,2,0,0,0.069937,0,32000,2238,0.069937,131072,2709,0.020668,0,0,2
496,host-15,2,0,14,2,0,0,0.085156,0,32000,2725,0.085156,131072,2476,0.018890,0,0,2
496,host-16,1,0,14,1,0,0,0.074125,0,32000,2372,0.074125,131072,2377,0.018135,0,0,1
496,host-17,2,0,14,2,0,0,0.059156,0,32000,1893,0.059156,131072,2755,0.021019,0,0,2
496,host-18,1,0,14,1,0,0,0.031469,0,32000,1007,0.031469,131072,708,0.005402,0,0,1
496,host-19,1,0,14,1,0,0,0.074125,0,32000,2372,0.074125,131072,2377,0.018135,0,0,1
496,host-2,1,1,14,1,1,0,0.066375,0,32000,2124,0.066375,131072,2384,0.018188,1,0,0
496,host-20,2,1,14,2,1,0,0.117031,0,32000,3745,0.117031,131072,3762,0.028702,0,1,1
496,host-21,1,0,14,1,0,0,0.064062,0,32000,2050,0.064062,131072,2686,0.020493,0,0,1
496,host-22,2,0,14,2,0,0,0.086000,0,32000,2752,0.086000,131072,3139,0.023949,0,0,2
496,host-23,2,0,14,2,0,0,0.087781,0,32000,2809,0.087781,131072,2628,0.020050,0,0,2
496,host-24,2,0,14,2,0,0,0.099562,0,32000,3186,0.099562,131072,3456,0.026367,0,0,2
496,host-3,1,0,14,1,0,0,0.042719,0,32000,1367,0.042719,131072,1242,0.009476,0,0,1
496,host-4,3,0,14,3,0,0,0.111656,0,32000,3573,0.111656,131072,3188,0.024323,0,0,3
496,host-5,1,0,14,1,0,0,0.073781,0,32000,2361,0.073781,131072,2606,0.019882,0,0,1
496,host-6,2,0,14,2,0,0,0.105000,0,32000,3360,0.105000,131072,2820,0.021515,0,0,2
496,host-7,2,0,14,2,0,0,0.118219,0,32000,3783,0.118219,131072,3536,0.026978,0,0,2
496,host-8,2,0,14,2,0,0,0.083875,0,32000,2684,0.083875,131072,2456,0.018738,0,0,2
496,host-9,1,0,14,1,0,0,0.054562,0,32000,1746,0.054562,131072,1249,0.009529,0,0,1
497,host-1,2,1,14,2,1,0,0.096969,0,32000,3103,0.096969,131072,2904,0.022156,1,0,1
497,host-10,3,0,14,3,0,0,0.159500,0,32000,5104,0.159500,131072,5461,0.041664,0,0,3
497,host-11,2,0,14,2,0,0,0.101688,0,32000,3254,0.101688,131072,2062,0.015732,0,0,2
497,host-12,2,0,14,2,0,0,0.089781,0,32000,2873,0.089781,131072,2145,0.016365,0,0,2
497,host-13,1,0,14,1,0,0,0.050937,0,32000,1630,0.050937,131072,1533,0.011696,0,0,1
497,host-14,2,0,14,2,0,0,0.069937,0,32000,2238,0.069937,131072,2709,0.020668,0,0,2
497,host-15,2,0,14,2,0,0,0.085156,0,32000,2725,0.085156,131072,2476,0.018890,0,0,2
497,host-16,1,0,14,1,0,0,0.074125,0,32000,2372,0.074125,131072,2377,0.018135,0,0,1
497,host-17,2,0,14,2,0,0,0.059156,0,32000,1893,0.059156,131072,2755,0.021019,0,0,2
497,host-18,2,1,14,2,1,0,0.075969,0,32000,2431,0.075969,131072,1856,0.014160,1,0,1
497,host-19,1,0,14,1,0,0,0.074125,0,32000,2372,0.074125,131072,2377,0.018135,0,0,1
497,host-2,1,0,14,1,0,0,0.066375,0,32000,2124,0.066375,131072,2384,0.018188,0,0,1
497,host-20,2,0,14,2,0,0,0.117031,0,32000,3745,0.117031,131072,3762,0.028702,0,0,2
497,host-21,1,0,14,1,0,0,0.064062,0,32000,2050,0.064062,131072,2686,0.020493,0,0,1
497,host-22,2,0,14,2,0,0,0.086000,0,32000,2752,0.086000,131072,3139,0.023949,0,0,2
497,host-23,2,0,14,2,0,0,0.087781,0,32000,2809,0.087781,131072,2628,0.020050,0,0,2
497,host-24,2,0,14,2,0,0,0.099562,0,32000,3186,0.099562,131072,3456,0.026367,0,0,2
497,host-3,1,0,14,1,0,0,0.042719,0,32000,1367,0.042719,131072,1242,0.009476,0,0,1
497,host-4,3,0,14,3,0,0,0.111656,0,32000,3573,0.111656,131072,3188,0.024323,0,0,3
497,host-5,1,0,14,1,0,0,0.073781,0,32000,2361,0.073781,131072,2606,0.019882,0,0,1
497,host-6,2,0,14,2,0,0,0.105000,0,32000,3360,0.105000,131072,2820,0.021515,0,0,2
497,host-7,2,0,14,2,0,0,0.118219,0,32000,3783,0.118219,131072,3536,0.026978,0,0,2
497,host-8,2,0,14,2,0,0,0.083875,0,32000,2684,0.083875,131072,2456,0.018738,0,0,2
497,host-9,1,0,14,1,0,0,0.054562,0,32000,1746,0.054562,131072,1249,0.009529,0,0,1
498,host-1,2,1,14,2,1,0,0.096969,0,32000,3103,0.096969,131072,2904,0.022156,0,1,1
498,host-10,3,0,14,3,0,0,0.159500,0,32000,5104,0.159500,131072,5461,0.041664,0,0,3
498,host-11,2,0,14,2,0,0,0.101688,0,32000,3254,0.101688,131072,2062,0.015732,0,0,2
498,host-12,2,0,14,2,0,0,0.089781,0,32000,2873,0.089781,131072,2145,0.016365,0,0,2
498,host-13,1,0,14,1,0,0,0.050937,0,32000,1630,0.050937,131072,1533,0.011696,0,0,1
498,host-14,2,0,14,2,0,0,0.069937,0,32000,2238,0.069937,131072,2709,0.020668,0,0,2
498,host-15,2,0,14,2,0,0,0.085156,0,32000,2725,0.085156,131072,2476,0.018890,0,0,2
498,host-16,1,0,14,1,0,0,0.074125,0,32000,2372,0.074125,131072,2377,0.018135,0,0,1
498,host-17,2,0,14,2,0,0,0.059156,0,32000,1893,0.059156,131072,2755,0.021019,0,0,2
498,host-18,2,0,14,2,0,0,0.075969,0,32000,2431,0.075969,131072,1856,0.014160,0,0,2
498,host-19,1,0,14,1,0,0,0.074125,0,32000,2372,0.074125,131072,2377,0.018135,0,0,1
498,host-2,1,0,14,1,0,0,0.066375,0,32000,2124,0.066375,131072,2384,0.018188,0,0,1
498,host-20,2,0,14,2,0,0,0.117031,0,32000,3745,0.117031,131072,3762,0.028702,0,0,2
498,host-21,1,0,14,1,0,0,0.064062,0,32000,2050,0.064062,131072,2686,0.020493,0,0,1
498,host-22,2,0,14,2,0,0,0.086000,0,32000,2752,0.086000,131072,3139,0.023949,0,0,2
498,host-23,2,0,14,2,0,0,0.087781,0,32000,2809,0.087781,131072,2628,0.020050,0,0,2
498,host-24,2,1,14,2,1,0,0.094469,0,32000,3023,0.094469,131072,3371,0.025719,1,0,1
498,host-3,2,1,14,2,1,0,0.091094,0,32000,2915,0.091094,131072,2285,0.017433,1,0,1
498,host-4,3,0,14,3,0,0,0.111656,0,32000,3573,0.111656,131072,3188,0.024323,0,0,3
498,host-5,1,0,14,1,0,0,0.073781,0,32000,2361,0.073781,131072,2606,0.019882,0,0,1
498,host-6,2,0,14,2,0,0,0.105000,0,32000,3360,0.105000,131072,2820,0.021515,0,0,2
498,host-7,2,0,14,2,0,0,0.118219,0,32000,3783,0.118219,131072,3536,0.026978,0,0,2
498,host-8,2,0,14,2,0,0,0.083875,0,32000,2684,0.083875,131072,2456,0.018738,0,0,2
498,host-9,1,0,14,1,0,0,0.054562,0,32000,1746,0.054562,131072,1249,0.009529,0,0,1
499,host-1,2,0,14,2,0,0,0.096969,0,32000,3103,0.096969,131072,2904,0.022156,0,0,2
499,host-10,3,0,14,3,0,0,0.159500,0,32000,5104,0.159500,131072,5461,0.041664,0,0,3
499,host-11,2,0,14,2,0,0,0.101688,0,32000,3254,0.101688,131072,2062,0.015732,0,0,2
499,host-12,2,0,14,2,0,0,0.089781,0,32000,2873,0.089781,131072,2145,0.016365,0,0,2
499,host-13,2,1,14,2,1,0,0.113094,0,32000,3619,0.113094,131072,3000,0.022888,1,0,1
499,host-14,2,0,14,2,0,0,0.069937,0,32000,2238,0.069937,131072,2709,0.020668,0,0,2
499,host-15,2,0,14,2,0,0,0.085156,0,32000,2725,0.085156,131072,2476,0.018890,0,0,2
499,host-16,1,0,14,1,0,0,0.074125,0,32000,2372,0.074125,131072,2377,0.018135,0,0,1
499,host-17,2,0,14,2,0,0,0.059156,0,32000,1893,0.059156,131072,2755,0.021019,0,0,2
499,host-18,2,0,14,2,0,0,0.075969,0,32000,2431,0.075969,131072,1856,0.014160,0,0,2
499,host-19,0,0,14,0,0,0,0.000000,0,32000,0,0.000000,131072,0,0.000000,0,0,0
499,host-2,1,0,14,1,0,0,0.066375,0,32000,2124,0.066375,131072,2384,0.018188,0,0,1
499,host-20,2,0,14,2,0,0,0.117031,0,32000,3745,0.117031,131072,3762,0.028702,0,0,2
499,host-21,1,0,14,1,0,0,0.064062,0,32000,2050,0.064062,131072,2686,0.020493,0,0,1
499,host-22,2,0,14,2,0,0,0.086000,0,32000,2752,0.086000,131072,3139,0.023949,0,0,2
499,host-23,2,0,14,2,0,0,0.087781,0,32000,2809,0.087781,131072,2628,0.020050,0,0,2
499,host-24,2,0,14,2,0,0,0.094469,0,32000,3023,0.094469,131072,3371,0.025719,0,0,2
499,host-3,2,1,14,2,1,0,0.091094,0,32000,2915,0.091094,131072,2285,0.017433,1,0,1
499,host-4,3,0,14,3,0,0,0.111656,0,32000,3573,0.111656,131072,3188,0.024323,0,0,3
499,host-5,1,0,14,1,0,0,0.073781,0,32000,2361,0.073781,131072,2606,0.019882,0,0,1
499,host-6,2,0,14,2,0,0,0.105000,0,32000,3360,0.105000,131072,2820,0.021515,0,0,2
499,host-7,2,0,14,2,0,0,0.118219,0,32000,3783,0.118219,131072,3536,0.026978,0,0,2
499,host-8,2,0,14,2,0,0,0.083875,0,32000,2684,0.083875,131072,2456,0.018738,0,0,2
499,host-9,1,0,14,1,0,0,0.054562,0,32000,1746,0.054562,131072,1249,0.009529,0,0,1
500,host-1,2,0,14,2,0,0,0.096969,0,32000,3103,0.096969,131072,2904,0.022156,0,0,2
500,host-10,3,0,14,3,0,0,0.159500,0,32000,5104,0.159500,131072,5461,0.041664,0,0,3
500,host-11,2,0,14,2,0,0,0.101688,0,32000,3254,0.101688,131072,2062,0.015732,0,0,2
500,host-12,2,0,14,2,0,0,0.089781,0,32000,2873,0.089781,131072,2145,0.016365,0,0,2
500,host-13,2,1,14,2,1,0,0.113094,0,32000,3619,0.113094,131072,3000,0.022888,1,0,1
500,host-14,1,0,14,1,0,0,0.026625,0,32000,852,0.026625,131072,1073,0.008186,0,0,1
500,host-15,2,0,14,2,0,0,0.085156,0,32000,2725,0.085156,131072,2476,0.018890,0,0,2
500,host-16,0,0,14,0,0,0,0.000000,0,32000,0,0.000000,131072,0,0.000000,0,0,0
500,host-17,2,0,14,2,0,0,0.059156,0,32000,1893,0.059156,131072,2755,0.021019,0,0,2
500,host-18,2,0,14,2,0,0,0.075969,0,32000,2431,0.075969,131072,1856,0.014160,0,0,2
500,host-19,0,0,14,0,0,0,0.000000,0,32000,0,0.000000,131072,0,0.000000,0,0,0
500,host-2,1,0,14,1,0,0,0.066375,0,32000,2124,0.066375,131072,2384,0.018188,0,0,1
500,host-20,2,0,14,2,0,0,0.117031,0,32000,3745,0.117031,131072,3762,0.028702,0,0,2
500,host-21,1,0,14,1,0,0,0.064062,0,32000,2050,0.064062,131072,2686,0.020493,0,0,1
500,host-22,2,0,14,2,0,0,0.086000,0,32000,2752,0.086000,131072,3139,0.023949,0,0,2
500,host-23,2,0,14,2,0,0,0.087781,0,32000,2809,0.087781,131072,2628,0.020050,0,0,2
500,host-24,2,0,14,2,0,0,0.094469,0,32000,3023,0.094469,131072,3371,0.025719,0,0,2
500,host-3,2,0,14,2,0,0,0.091094,0,32000,2915,0.091094,131072,2285,0.017433,0,0,2
500,host-4,3,0,14,3,0,0,0.111656,0,32000,3573,0.111656,131072,3188,0.024323,0,0,3
500,host-5,1,0,14,1,0,0,0.073781,0,32000,2361,0.073781,131072,2606,0.019882,0,0,1
500,host-6,2,0,14,2,0,0,0.105000,0,32000,3360,0.105000,131072,2820,0.021515,0,0,2
500,host-7,2,0,14,2,0,0,0.118219,0,32000,3783,0.118219,131072,3536,0.026978,0,0,2
500,host-8,2,0,14,2,0,0,0.083875,0,32000,2684,0.083875,131072,2456,0.018738,0,0,2
500,host-9,1,0,14,1,0,0,0.054562,0,32000,1746,0.054562,131072,1249,0.009529,0,0,1
501,host-1,2,0,14,2,0,0,0.096969,0,32000,3103,0.096969,131072,2904,0.022156,0,0,2
501,host-10,3,0,14,3,0,0,0.159500,0,32000,5104,0.159500,131072,5461,0.041664,0,0,3
501,host-11,2,0,14,2,0,0,0.101688,0,32000,3254,0.101688,131072,2062,0.015732,0,0,2
501,host-12,2,0,14,2,0,0,0.089781,0,32000,2873,0.089781,131072,2145,0.016365,0,0,2
501,host-13,2,0,14,2,0,0,0.113094,0,32000,3619,0.113094,131072,3000,0.022888,0,0,2
501,host-14,2,1,14,2,1,0,0.061875,0,32000,1980,0.061875,131072,2703,0.020622,1,0,1
501,host-15,2,0,14,2,0,0,0.085156,0,32000,2725,0.085156,131072,2476,0.018890,0,0,2
501,host-16,2,2,14,2,2,0,0.099937,0,32000,3198,0.099937,131072,3323,0.025352,2,0,0
501,host-17,2,0,14,2,0,0,0.059156,0,32000,1893,0.059156,131072,2755,0.021019,0,0,2
501,host-18,2,0,14,2,0,0,0.075969,0,32000,2431,0.075969,131072,1856,0.014160,0,0,2
501,host-19,2,2,14,2,2,0,0.105813,0,32000,3386,0.105813,131072,4283,0.032677,2,0,0
501,host-2,1,0,14,1,0,0,0.066375,0,32000,2124,0.066375,131072,2384,0.018188,0,0,1
501,host-20,2,0,14,2,0,0,0.117031,0,32000,3745,0.117031,131072,3762,0.028702,0,0,2
501,host-21,1,0,14,1,0,0,0.064062,0,32000,2050,0.064062,131072,2686,0.020493,0,0,1
501,host-22,2,0,14,2,0,0,0.086000,0,32000,2752,0.086000,131072,3139,0.023949,0,0,2
501,host-23,2,0,14,2,0,0,0.087781,0,32000,2809,0.087781,131072,2628,0.020050,0,0,2
501,host-24,2,0,14,2,0,0,0.094469,0,32000,3023,0.094469,131072,3371,0.025719,0,0,2
501,host-3,2,0,14,2,0,0,0.091094,0,32000,2915,0.091094,131072,2285,0.017433,0,0,2
501,host-4,3,0,14,3,0,0,0.111656,0,32000,3573,0.111656,131072,3188,0.024323,0,0,3
501,host-5,1,0,14,1,0,0,0.073781,0,32000,2361,0.073781,131072,2606,0.019882,0,0,1
501,host-6,2,0,14,2,0,0,0.105000,0,32000,3360,0.105000,131072,2820,0.021515,0,0,2
501,host-7,2,0,14,2,0,0,0.118219,0,32000,3783,0.118219,131072,3536,0.026978,0,0,2
501,host-8,2,0,14,2,0,0,0.083875,0,32000,2684,0.083875,131072,2456,0.018738,0,0,2
501,host-9,1,0,14,1,0,0,0.054562,0,32000,1746,0.054562,131072,1249,0.009529,0,0,1
502,host-1,2,0,14,2,0,0,0.096969,0,32000,3103,0.096969,131072,2904,0.022156,0,0,2
502,host-10,3,0,14,3,0,0,0.159500,0,32000,5104,0.159500,131072,5461,0.041664,0,0,3
502,host-11,2,0,14,2,0,0,0.101688,0,32000,3254,0.101688,131072,2062,0.015732,0,0,2
502,host-12,2,0,14,2,0,0,0.089781,0,32000,2873,0.089781,131072,2145,0.016365,0,0,2
502,host-13,2,0,14,2,0,0,0.113094,0,32000,3619,0.113094,131072,3000,0.022888,0,0,2
502,host-14,2,1,14,2,1,0,0.061875,0,32000,1980,0.061875,131072,2703,0.020622,1,0,1
502,host-15,2,0,14,2,0,0,0.085156,0,32000,2725,0.085156,131072,2476,0.018890,0,0,2
502,host-16,2,2,14,2,2,0,0.099937,0,32000,3198,0.099937,131072,3323,0.025352,2,0,0
502,host-17,2,0,14,2,0,0,0.059156,0,32000,1893,0.059156,131072,2755,0.021019,0,0,2
502,host-18,2,0,14,2,0,0,0.075969,0,32000,2431,0.075969,131072,1856,0.014160,0,0,2
502,host-19,2,2,14,2,2,0,0.105813,0,32000,3386,0.105813,131072,4283,0.032677,2,0,0
502,host-2,1,0,14,1,0,0,0.066375,0,32000,2124,0.066375,131072,2384,0.018188,0,0,1
502,host-20,2,0,14,2,0,0,0.117031,0,32000,3745,0.117031,131072,3762,0.028702,0,0,2
502,host-21,1,0,14,1,0,0,0.064062,0,32000,2050,0.064062,131072,2686,0.020493,0,0,1
502,host-22,2,0,14,2,0,0,0.086000,0,32000,2752,0.086000,131072,3139,0.023949,0,0,2
502,host-23,2,0,14,2,0,0,0.087781,0,32000,2809,0.087781,131072,2628,0.020050,0,0,2
502,host-24,2,0,14,2,0,0,0.094469,0,32000,3023,0.094469,131072,3371,0.025719,0,0,2
502,host-3,2,0,14,2,0,0,0.091094,0,32000,2915,0.091094,131072,2285,0.017433,0,0,2
502,host-4,3,0,14,3,0,0,0.111656,0,32000,3573,0.111656,131072,3188,0.024323,0,0,3
502,host-5,1,0,14,1,0,0,0.073781,0,32000,2361,0.073781,131072,2606,0.019882,0,0,1
502,host-6,2,0,14,2,0,0,0.105000,0,32000,3360,0.105000,131072,2820,0.021515,0,0,2
502,host-7,2,0,14,2,0,0,0.118219,0,32000,3783,0.118219,131072,3536,0.026978,0,0,2
502,host-8,2,0,14,2,0,0,0.083875,0,32000,2684,0.083875,131072,2456,0.018738,0,0,2
502,host-9,1,0,14,1,0,0,0.054562,0,32000,1746,0.054562,131072,1249,0.009529,0,0,1
503,host-1,2,0,14,2,0,0,0.096969,0,32000,3103,0.096969,131072,2904,0.022156,0,0,2
503,host-10,2,0,14,2,0,0,0.126156,0,32000,4037,0.126156,131072,4445,0.033913,0,0,2
503,host-11,1,0,14,1,0,0,0.058344,0,32000,1867,0.058344,131072,1188,0.009064,0,0,1
503,host-12,2,0,14,2,0,0,0.089781,0,32000,2873,0.089781,131072,2145,0.016365,0,0,2
503,host-13,2,0,14,2,0,0,0.113094,0,32000,3619,0.113094,131072,3000,0.022888,0,0,2
503,host-14,2,1,14,2,1,0,0.061875,0,32000,1980,0.061875,131072,2703,0.020622,0,1,1
503,host-15,2,0,14,2,0,0,0.085156,0,32000,2725,0.085156,131072,2476,0.018890,0,0,2
503,host-16,2,0,14,2,0,0,0.099937,0,32000,3198,0.099937,131072,3323,0.025352,0,0,2
503,host-17,2,0,14,2,0,0,0.059156,0,32000,1893,0.059156,131072,2755,0.021019,0,0,2
503,host-18,2,0,14,2,0,0,0.075969,0,32000,2431,0.075969,131072,1856,0.014160,0,0,2
503,host-19,2,0,14,2,0,0,0.105813,0,32000,3386,0.105813,131072,4283,0.032677,0,0,2
503,host-2,1,0,14,1,0,0,0.066375,0,32000,2124,0.066375,131072,2384,0.018188,0,0,1
503,host-20,2,0,14,2,0,0,0.117031,0,32000,3745,0.117031,131072,3762,0.028702,0,0,2
503,host-21,1,0,14,1,0,0,0.064062,0,32000,2050,0.064062,131072,2686,0.020493,0,0,1
503,host-22,2,0,14,2,0,0,0.086000,0,32000,2752,0.086000,131072,3139,0.023949,0,0,2
503,host-23,2,0,14,2,0,0,0.087781,0,32000,2809,0.087781,131072,2628,0.020050,0,0,2
503,host-24,2,0,14,2,0,0,0.094469,0,32000,3023,0.094469,131072,3371,0.025719,0,0,2
503,host-3,2,0,14,2,0,0,0.091094,0,32000,2915,0.091094,131072,2285,0.017433,0,0,2
503,host-4,3,0,14,3,0,0,0.111656,0,32000,3573,0.111656,131072,3188,0.024323,0,0,3
503,host-5,0,0,14,0,0,0,0.000000,0,32000,0,0.000000,131072,0,0.000000,0,0,0
503,host-6,2,0,14,2,0,0,0.105000,0,32000,3360,0.105000,131072,2820,0.021515,0,0,2
503,host-7,2,0,14,2,0,0,0.118219,0,32000,3783,0.118219,131072,3536,0.026978,0,0,2
503,host-8,2,0,14,2,0,0,0.083875,0,32000,2684,0.083875,131072,2456,0.018738,0,0,2
503,host-9,1,0,14,1,0,0,0.054562,0,32000,1746,0.054562,131072,1249,0.009529,0,0,1
504,host-1,2,0,14,2,0,0,0.096969,0,32000,3103,0.096969,131072,2904,0.022156,0,0,2
504,host-10,0,0,14,0,0,0,0.000000,0,32000,0,0.000000,131072,0,0.000000,0,0,0
504,host-11,1,0,14,1,0,0,0.058344,0,32000,1867,0.058344,131072,1188,0.009064,0,0,1
504,host-12,2,0,14,2,0,0,0.089781,0,32000,2873,0.089781,131072,2145,0.016365,0,0,2
504,host-13,2,0,14,2,0,0,0.113094,0,32000,3619,0.113094,131072,3000,0.022888,0,0,2
504,host-14,2,0,14,2,0,0,0.061875,0,32000,1980,0.061875,131072,2703,0.020622,0,0,2
504,host-15,2,0,14,2,0,0,0.085156,0,32000,2725,0.085156,131072,2476,0.018890,0,0,2
504,host-16,2,0,14,2,0,0,0.099937,0,32000,3198,0.099937,131072,3323,0.025352,0,0,2
504,host-17,2,0,14,2,0,0,0.059156,0,32000,1893,0.059156,131072,2755,0.021019,0,0,2
504,host-18,2,0,14,2,0,0,0.075969,0,32000,2431,0.075969,131072,1856,0.014160,0,0,2
504,host-19,2,0,14,2,0,0,0.105813,0,32000,3386,0.105813,131072,4283,0.032677,0,0,2
504,host-2,1,0,14,1,0,0,0.066375,0,32000,2124,0.066375,131072,2384,0.018188,0,0,1
504,host-20,2,0,14,2,0,0,0.117031,0,32000,3745,0.117031,131072,3762,0.028702,0,0,2
504,host-21,1,0,14,1,0,0,0.064062,0,32000,2050,0.064062,131072,2686,0.020493,0,0,1
504,host-22,2,0,14,2,0,0,0.086000,0,32000,2752,0.086000,131072,3139,0.023949,0,0,2
504,host-23,1,0,14,1,0,0,0.044000,0,32000,1408,0.044000,131072,1882,0.014359,0,0,1
504,host-24,2,0,14,2,0,0,0.094469,0,32000,3023,0.094469,131072,3371,0.025719,0,0,2
504,host-3,2,0,14,2,0,0,0.091094,0,32000,2915,0.091094,131072,2285,0.017433,0,0,2
504,host-4,2,0,14,2,0,0,0.084406,0,32000,2701,0.084406,131072,2316,0.017670,0,0,2
504,host-5,0,0,14,0,0,0,0.000000,0,32000,0,0.000000,131072,0,0.000000,0,0,0
504,host-6,2,0,14,2,0,0,0.105000,0,32000,3360,0.105000,131072,2820,0.021515,0,0,2
504,host-7,2,1,14,2,1,0,0.118219,0,32000,3783,0.118219,131072,3536,0.026978,0,1,1
504,host-8,2,0,14,2,0,0,0.083875,0,32000,2684,0.083875,131072,2456,0.018738,0,0,2
504,host-9,1,0,14,1,0,0,0.054562,0,32000,1746,0.054562,131072,1249,0.009529,0,0,1
