timestamp_ms,request_id,um,function_node,decision_type,physical_node,container_id,cold_start_ms,transfer_ms,execution_ms,container_state_before,container_state_after,cpu_request_mcpu,memory_mb,transfer_data_mb,bandwidth_mbps,allocated_cpu_mcpu,reason
1251,req-1,dag_0013,dag_0013_fn_008,cold_start,host-9,ctr-1,1571,0,299,,RUNNING,1408,1882,0.000000,,1760.000000,no_warm_container
1927,req-2,dag_0010,dag_0010_fn_004,cold_start,host-19,ctr-2,1270,0,166,,RUNNING,1387,874,0.000000,,1733.750000,no_warm_container
3121,req-1,dag_0013,dag_0013_fn_001,cold_start,host-20,ctr-12,1413,18,303,,RUNNING,1577,1927,8.345903,3713.082985,1971.250000,no_warm_container
3363,req-2,dag_0010,dag_0010_fn_005,cold_start,host-4,ctr-13,1285,6,262,,RUNNING,1553,1727,11.385418,17478.288243,1941.250000,no_warm_container
4855,req-1,dag_0013,dag_0013_fn_010,warm_reuse,host-17,ctr-11,0,3,273,IDLE,RUNNING,1853,1407,7.762459,23598.277270,2316.250000,warm_container_available
4916,req-2,dag_0010,dag_0010_fn_006,cold_start,host-24,ctr-14,878,205,371,,RUNNING,1969,2257,32.040049,1252.870764,2461.250000,no_warm_container
6370,req-2,dag_0010,dag_0010_fn_007,cold_start,host-15,ctr-16,869,13,365,,RUNNING,1551,2231,33.484786,21744.504774,1938.750000,no_warm_container
6752,req-3,dag_0011,dag_0011_fn_006,cold_start,host-5,ctr-17,571,0,273,,RUNNING,1806,2124,0.000000,,2257.500000,no_warm_container
7378,req-4,dag_0012,dag_0012_fn_010,cold_start,host-13,ctr-18,818,0,209,,RUNNING,872,872,0.000000,,1090.000000,no_warm_container
7596,req-3,dag_0011,dag_0011_fn_011,cold_start,host-11,ctr-19,1298,13,285,,RUNNING,973,1558,14.722002,9642.896742,1216.250000,no_warm_container
8405,req-4,dag_0012,dag_0012_fn_012,cold_start,host-14,ctr-20,851,8,388,,RUNNING,2309,2949,10.740312,11175.077486,2886.250000,no_warm_container
9192,req-3,dag_0011,dag_0011_fn_012,cold_start,host-12,ctr-25,611,13,168,,RUNNING,831,1049,23.067503,14729.723397,1038.750000,no_warm_container
9984,req-3,dag_0011,dag_0011_fn_013,warm_reuse,host-7,ctr-22,0,10,228,IDLE,RUNNING,1019,563,27.069235,23818.231433,1273.750000,warm_container_available
9652,req-4,dag_0012,dag_0012_fn_013,cold_start,host-10,ctr-26,1300,33,134,,RUNNING,946,1015,27.879769,6848.307128,1182.500000,no_warm_container
10222,req-3,dag_0011,dag_0011_fn_014,cold_start,host-13,ctr-27,1483,23,256,,RUNNING,1646,1241,26.999585,9451.217697,2057.500000,no_warm_container
11666,req-5,dag_0015,dag_0015_fn_007,cold_start,host-18,ctr-28,1368,0,211,,RUNNING,1401,746,0.000000,,1751.250000,no_warm_container
13026,req-6,dag_0011,dag_0011_fn_004,cold_start,host-7,ctr-30,935,0,331,,RUNNING,2275,2314,0.000000,,2843.750000,no_warm_container
13245,req-5,dag_0015,dag_0015_fn_004,cold_start,host-3,ctr-31,821,52,366,,RUNNING,2471,2298,33.840261,5239.880644,3088.750000,no_warm_container
14292,req-6,dag_0011,dag_0011_fn_011,warm_reuse,host-11,ctr-19,0,24,285,IDLE,RUNNING,973,1558,31.073613,10649.372827,1216.250000,warm_container_available
14601,req-6,dag_0011,dag_0011_fn_012,warm_reuse,host-12,ctr-25,0,13,168,IDLE,RUNNING,831,1049,23.067503,14729.723397,1038.750000,warm_container_available
14782,req-6,dag_0011,dag_0011_fn_013,warm_reuse,host-7,ctr-22,0,10,228,IDLE,RUNNING,1019,563,27.069235,23818.231433,1273.750000,warm_container_available
14511,req-7,dag_0009,dag_0009_fn_012,cold_start,host-9,ctr-33,567,0,176,,RUNNING,1223,1424,0.000000,,1528.750000,no_warm_container
15020,req-6,dag_0011,dag_0011_fn_014,warm_reuse,host-23,ctr-23,0,60,256,IDLE,RUNNING,1646,1241,26.999585,3657.576205,2057.500000,warm_container_available
14484,req-5,dag_0015,dag_0015_fn_005,cold_start,host-19,ctr-32,681,10,240,,RUNNING,1682,1753,28.268505,23233.856599,2102.500000,no_warm_container
15254,req-7,dag_0009,dag_0009_fn_010,cold_start,host-20,ctr-58,506,68,185,,RUNNING,1471,704,31.378274,3713.082985,1838.750000,no_warm_container
14904,req-8,dag_0005,dag_0005_fn_007,cold_start,host-15,ctr-34,1275,0,367,,RUNNING,2124,2384,0.000000,,2655.000000,no_warm_container
15415,req-5,dag_0015,dag_0015_fn_006,cold_start,host-11,ctr-59,1011,11,361,,RUNNING,1626,1583,33.415142,24455.803384,2032.500000,no_warm_container
16798,req-5,dag_0015,dag_0015_fn_008,warm_reuse,host-11,ctr-29,0,0,179,IDLE,RUNNING,1227,904,25.449310,,1533.750000,warm_container_available
16546,req-8,dag_0005,dag_0005_fn_016,cold_start,host-19,ctr-61,618,5,226,,RUNNING,860,531,9.046479,15814.031445,1075.000000,no_warm_container
16013,req-7,dag_0009,dag_0009_fn_014,cold_start,host-6,ctr-60,1371,4,239,,RUNNING,1630,1533,7.554987,18474.138054,2037.500000,no_warm_container
17395,req-8,dag_0005,dag_0005_fn_003,warm_reuse,host-12,ctr-37,0,12,199,IDLE,RUNNING,1609,1529,16.253019,11287.931143,2011.250000,warm_container_available
17606,req-8,dag_0005,dag_0005_fn_012,warm_reuse,host-17,ctr-43,0,10,316,IDLE,RUNNING,2372,2377,20.466084,17895.061457,2965.000000,warm_container_available
17932,req-8,dag_0005,dag_0005_fn_013,warm_reuse,host-8,ctr-44,0,18,391,IDLE,RUNNING,2050,2686,32.436835,14505.328543,2562.500000,warm_container_available
17775,req-9,dag_0003,dag_0003_fn_026,cold_start,host-12,ctr-62,1143,0,393,,RUNNING,1907,2324,0.000000,,2383.750000,no_warm_container
19311,req-9,dag_0003,dag_0003_fn_027,warm_reuse,host-23,ctr-63,0,11,107,IDLE,RUNNING,1168,350,29.814858,21738.362247,1460.000000,warm_container_available
18810,req-10,dag_0002,dag_0002_fn_012,cold_start,host-4,ctr-67,1372,0,300,,RUNNING,1989,1467,0.000000,,2486.250000,no_warm_container
19429,req-9,dag_0003,dag_0003_fn_028,cold_start,host-13,ctr-68,1440,9,264,,RUNNING,1867,1188,21.153485,20453.185703,2333.750000,no_warm_container
21142,req-9,dag_0003,dag_0003_fn_029,warm_reuse,host-7,ctr-65,0,14,251,IDLE,RUNNING,1746,1249,16.513362,9545.539213,2182.500000,warm_container_available
21407,req-9,dag_0003,dag_0003_fn_030,warm_reuse,host-14,ctr-66,0,10,213,IDLE,RUNNING,1436,813,26.111300,22475.550793,1795.000000,warm_container_available
21927,req-12,dag_0010,dag_0010_fn_004,warm_reuse,host-19,ctr-2,0,0,166,IDLE,RUNNING,1387,874,0.000000,,1733.750000,warm_container_available
20482,req-10,dag_0002,dag_0002_fn_008,cold_start,host-3,ctr-69,1561,4,293,,RUNNING,1692,2022,7.980514,16574.091290,2115.000000,no_warm_container
22093,req-12,dag_0010,dag_0010_fn_005,warm_reuse,host-4,ctr-13,0,6,262,IDLE,RUNNING,1553,1727,11.385418,17478.288243,1941.250000,warm_container_available
22340,req-10,dag_0002,dag_0002_fn_014,warm_reuse,host-19,ctr-72,0,8,289,IDLE,RUNNING,2107,1863,22.696604,23233.856599,2633.750000,warm_container_available
21717,req-11,dag_0008,dag_0008_fn_013,cold_start,host-21,ctr-75,766,0,120,,RUNNING,1288,1283,0.000000,,1610.000000,no_warm_container
22361,req-12,dag_0010,dag_0010_fn_006,warm_reuse,host-24,ctr-14,0,205,371,IDLE,RUNNING,1969,2257,32.040049,1252.870764,2461.250000,warm_container_available
22637,req-10,dag_0002,dag_0002_fn_009,warm_reuse,host-15,ctr-70,0,18,262,IDLE,RUNNING,1091,1460,27.518717,12243.427657,1363.750000,warm_container_available
22917,req-10,dag_0002,dag_0002_fn_010,warm_reuse,host-5,ctr-71,0,9,305,IDLE,RUNNING,1128,1630,19.973001,18745.948150,1410.000000,warm_container_available
22937,req-12,dag_0010,dag_0010_fn_007,warm_reuse,host-15,ctr-16,0,13,365,IDLE,RUNNING,1551,2231,33.484786,21744.504774,1938.750000,warm_container_available
22603,req-11,dag_0008,dag_0008_fn_003,cold_start,host-2,ctr-76,638,13,392,,RUNNING,2054,2593,31.707319,20821.533934,2567.500000,no_warm_container
23231,req-10,dag_0002,dag_0002_fn_029,warm_reuse,host-8,ctr-73,0,48,348,IDLE,RUNNING,1694,2261,18.545680,3147.523889,2117.500000,warm_container_available
23627,req-10,dag_0002,dag_0002_fn_030,warm_reuse,host-9,ctr-74,0,51,424,IDLE,RUNNING,2022,2269,22.307476,3500.719714,2527.500000,warm_container_available
23646,req-11,dag_0008,dag_0008_fn_004,cold_start,host-17,ctr-77,1127,3,131,,RUNNING,1002,680,5.174287,16037.694620,1252.500000,no_warm_container
24907,req-11,dag_0008,dag_0008_fn_016,cold_start,host-3,ctr-80,1129,8,338,,RUNNING,2312,1977,8.132014,8515.606688,2890.000000,no_warm_container
26382,req-11,dag_0008,dag_0008_fn_017,warm_reuse,host-8,ctr-79,0,131,200,IDLE,RUNNING,1490,686,33.572218,2061.510902,1862.500000,warm_container_available
28242,req-13,dag_0014,dag_0014_fn_005,cold_start,host-22,ctr-81,833,0,165,,RUNNING,1181,713,0.000000,,1476.250000,no_warm_container
29240,req-13,dag_0014,dag_0014_fn_006,cold_start,host-16,ctr-82,513,153,170,,RUNNING,1009,1327,20.726888,1090.766981,1261.250000,no_warm_container
30076,req-13,dag_0014,dag_0014_fn_008,cold_start,host-1,ctr-85,777,158,352,,RUNNING,1423,1918,26.793608,1358.397560,1778.750000,no_warm_container
30662,req-14,dag_0011,dag_0011_fn_006,cold_start,host-5,ctr-86,571,0,273,,RUNNING,1806,2124,0.000000,,2257.500000,no_warm_container
31506,req-14,dag_0011,dag_0011_fn_011,warm_reuse,host-11,ctr-19,0,13,285,IDLE,RUNNING,973,1558,14.722002,9642.896742,1216.250000,warm_container_available
31804,req-14,dag_0011,dag_0011_fn_012,warm_reuse,host-12,ctr-25,0,13,168,IDLE,RUNNING,831,1049,23.067503,14729.723397,1038.750000,warm_container_available
31985,req-14,dag_0011,dag_0011_fn_013,warm_reuse,host-7,ctr-22,0,10,228,IDLE,RUNNING,1019,563,27.069235,23818.231433,1273.750000,warm_container_available
32223,req-14,dag_0011,dag_0011_fn_014,warm_reuse,host-23,ctr-23,0,60,256,IDLE,RUNNING,1646,1241,26.999585,3657.576205,2057.500000,warm_container_available
31363,req-13,dag_0014,dag_0014_fn_009,cold_start,host-17,ctr-87,1578,5,335,,RUNNING,1851,2312,9.152835,14728.855037,2313.750000,no_warm_container
32216,req-15,dag_0012,dag_0012_fn_009,cold_start,host-13,ctr-88,1591,0,170,,RUNNING,1427,1225,0.000000,,1783.750000,no_warm_container
33977,req-15,dag_0012,dag_0012_fn_012,warm_reuse,host-10,ctr-89,0,7,388,IDLE,RUNNING,2309,2949,13.341765,15616.137894,2886.250000,warm_container_available
34372,req-15,dag_0012,dag_0012_fn_013,warm_reuse,host-18,ctr-90,0,10,134,IDLE,RUNNING,946,1015,27.879769,23794.521531,1182.500000,warm_container_available
33177,req-16,dag_0013,dag_0013_fn_008,cold_start,host-22,ctr-91,1571,0,299,,RUNNING,1408,1882,0.000000,,1760.000000,no_warm_container
35234,req-17,dag_0009,dag_0009_fn_012,warm_reuse,host-9,ctr-33,0,0,176,IDLE,RUNNING,1223,1424,0.000000,,1528.750000,warm_container_available
35410,req-17,dag_0009,dag_0009_fn_004,warm_reuse,host-22,ctr-52,0,68,424,IDLE,RUNNING,2285,2568,31.378274,3704.182897,2856.250000,warm_container_available
35769,req-18,dag_0005,dag_0005_fn_007,warm_reuse,host-15,ctr-34,0,0,367,IDLE,RUNNING,2124,2384,0.000000,,2655.000000,warm_container_available
35047,req-16,dag_0013,dag_0013_fn_009,cold_start,host-7,ctr-92,773,4,179,,RUNNING,976,1261,8.345903,19529.885747,1220.000000,no_warm_container
35902,req-17,dag_0009,dag_0009_fn_014,warm_reuse,host-16,ctr-56,0,85,239,IDLE,RUNNING,1630,1533,11.504602,1090.766981,2037.500000,warm_container_available
36003,req-16,dag_0013,dag_0013_fn_010,cold_start,host-24,ctr-94,778,11,273,,RUNNING,1853,1407,27.427542,21773.650509,2316.250000,no_warm_container
36136,req-18,dag_0005,dag_0005_fn_005,cold_start,host-21,ctr-96,841,5,169,,RUNNING,1424,1148,9.046479,14541.871000,1780.000000,no_warm_container
36067,req-19,dag_0003,dag_0003_fn_022,cold_start,host-2,ctr-95,928,0,255,,RUNNING,1386,1636,0.000000,,1732.500000,no_warm_container
37250,req-19,dag_0003,dag_0003_fn_028,warm_reuse,host-13,ctr-68,0,4,264,IDLE,RUNNING,1867,1188,5.068042,13168.139926,2333.750000,warm_container_available
37518,req-19,dag_0003,dag_0003_fn_029,warm_reuse,host-7,ctr-65,0,14,251,IDLE,RUNNING,1746,1249,16.513362,9545.539213,2182.500000,warm_container_available
37783,req-19,dag_0003,dag_0003_fn_030,warm_reuse,host-14,ctr-66,0,10,213,IDLE,RUNNING,1436,813,26.111300,22475.550793,1795.000000,warm_container_available
37151,req-18,dag_0005,dag_0005_fn_006,cold_start,host-11,ctr-97,1235,31,245,,RUNNING,1548,1043,12.782703,3403.454307,1935.000000,no_warm_container
38662,req-18,dag_0005,dag_0005_fn_010,cold_start,host-20,ctr-99,778,27,192,,RUNNING,1446,1444,20.508260,6127.944144,1807.500000,no_warm_container
38490,req-20,dag_0015,dag_0015_fn_001,cold_start,host-1,ctr-98,1443,0,385,,RUNNING,2180,2731,0.000000,,2725.000000,no_warm_container
40318,req-20,dag_0015,dag_0015_fn_006,warm_reuse,host-21,ctr-103,0,7,361,IDLE,RUNNING,1626,1583,12.985388,15577.776580,2032.500000,warm_container_available
39659,req-18,dag_0005,dag_0005_fn_013,cold_start,host-18,ctr-105,838,22,391,,RUNNING,2050,2686,16.572930,6205.691369,2562.500000,no_warm_container
40686,req-20,dag_0015,dag_0015_fn_008,warm_reuse,host-12,ctr-104,0,12,179,IDLE,RUNNING,1227,904,25.449310,17552.597640,1533.750000,warm_container_available
41927,req-21,dag_0010,dag_0010_fn_002,cold_start,host-4,ctr-106,713,0,211,,RUNNING,1360,897,0.000000,,1700.000000,no_warm_container
42851,req-21,dag_0010,dag_0010_fn_008,cold_start,host-23,ctr-107,1446,10,165,,RUNNING,1022,581,6.653566,5551.994866,1277.500000,no_warm_container
44143,req-22,dag_0018,dag_0018_fn_003,cold_start,host-19,ctr-108,636,0,328,,RUNNING,2263,2580,0.000000,,2828.750000,no_warm_container
45322,req-23,dag_0013,dag_0013_fn_008,warm_reuse,host-22,ctr-91,0,0,299,IDLE,RUNNING,1408,1882,0.000000,,1760.000000,warm_container_available
44472,req-21,dag_0010,dag_0010_fn_013,cold_start,host-4,ctr-109,1006,12,377,,RUNNING,1908,2224,12.081508,8676.752562,2385.000000,no_warm_container
45621,req-23,dag_0013,dag_0013_fn_002,cold_start,host-17,ctr-114,605,7,363,,RUNNING,1926,1810,8.345903,10395.440687,2407.500000,no_warm_container
46596,req-23,dag_0013,dag_0013_fn_010,warm_reuse,host-24,ctr-94,0,7,273,IDLE,RUNNING,1853,1407,6.315953,8073.520589,2316.250000,warm_container_available
45107,req-22,dag_0018,dag_0018_fn_004,cold_start,host-5,ctr-113,1538,6,251,,RUNNING,1334,1505,15.018022,22828.888370,1667.500000,no_warm_container
46902,req-22,dag_0018,dag_0018_fn_005,warm_reuse,host-8,ctr-112,0,31,157,IDLE,RUNNING,1167,1365,11.976465,3147.523889,1458.750000,warm_container_available
45867,req-21,dag_0010,dag_0010_fn_014,cold_start,host-24,ctr-115,1184,199,404,,RUNNING,2129,2221,31.036224,1252.870764,2661.250000,no_warm_container
47311,req-24,dag_0019,dag_0019_fn_006,cold_start,host-3,ctr-116,1278,0,166,,RUNNING,1433,1335,0.000000,,1791.250000,no_warm_container
48788,req-25,dag_0009,dag_0009_fn_012,warm_reuse,host-9,ctr-33,0,0,176,IDLE,RUNNING,1223,1424,0.000000,,1528.750000,warm_container_available
48964,req-25,dag_0009,dag_0009_fn_004,warm_reuse,host-22,ctr-52,0,68,424,IDLE,RUNNING,2285,2568,31.378274,3704.182897,2856.250000,warm_container_available
49456,req-25,dag_0009,dag_0009_fn_014,warm_reuse,host-16,ctr-56,0,85,239,IDLE,RUNNING,1630,1533,11.504602,1090.766981,2037.500000,warm_container_available
50082,req-27,dag_0004,dag_0004_fn_008,cold_start,host-3,ctr-118,648,0,204,,RUNNING,1322,1383,0.000000,,1652.500000,no_warm_container
51228,req-28,dag_0005,dag_0005_fn_007,warm_reuse,host-15,ctr-34,0,0,367,IDLE,RUNNING,2124,2384,0.000000,,2655.000000,warm_container_available
49979,req-26,dag_0002,dag_0002_fn_024,cold_start,host-8,ctr-117,1588,0,298,,RUNNING,1370,1197,0.000000,,1712.500000,no_warm_container
51595,req-28,dag_0005,dag_0005_fn_016,cold_start,host-2,ctr-128,618,5,226,,RUNNING,860,531,9.046479,17197.914267,1075.000000,no_warm_container
50934,req-27,dag_0004,dag_0004_fn_010,cold_start,host-6,ctr-119,1589,43,302,,RUNNING,1758,1818,16.733574,3178.333045,2197.500000,no_warm_container
51865,req-26,dag_0002,dag_0002_fn_025,cold_start,host-3,ctr-129,943,10,318,,RUNNING,1886,2321,29.715526,23943.938850,2357.500000,no_warm_container
53512,req-29,dag_0013,dag_0013_fn_008,warm_reuse,host-22,ctr-91,0,0,299,IDLE,RUNNING,1408,1882,0.000000,,1760.000000,warm_container_available
53136,req-26,dag_0002,dag_0002_fn_027,cold_start,host-20,ctr-131,637,26,147,,RUNNING,1224,833,25.113934,7777.880916,1530.000000,no_warm_container
52444,req-28,dag_0005,dag_0005_fn_003,cold_start,host-5,ctr-130,1599,15,199,,RUNNING,1609,1529,16.253019,9024.108827,2011.250000,no_warm_container
53946,req-26,dag_0002,dag_0002_fn_028,cold_start,host-12,ctr-133,859,14,286,,RUNNING,1535,1525,23.750071,13980.477547,1918.750000,no_warm_container
53811,req-29,dag_0013,dag_0013_fn_007,cold_start,host-1,ctr-132,1110,4,338,,RUNNING,1380,1249,8.345903,18376.014808,1725.000000,no_warm_container
55105,req-26,dag_0002,dag_0002_fn_029,warm_reuse,host-8,ctr-126,0,12,348,IDLE,RUNNING,1694,2261,34.642392,23843.107737,2117.500000,warm_container_available
55263,req-29,dag_0013,dag_0013_fn_010,warm_reuse,host-18,ctr-93,0,8,273,IDLE,RUNNING,1853,1407,16.989637,19286.931650,2316.250000,warm_container_available
54257,req-28,dag_0005,dag_0005_fn_012,cold_start,host-17,ctr-135,1135,8,316,,RUNNING,2372,2377,20.466084,22286.217861,2965.000000,no_warm_container
55465,req-26,dag_0002,dag_0002_fn_030,warm_reuse,host-23,ctr-127,0,54,424,IDLE,RUNNING,2022,2269,22.307476,3335.855912,2527.500000,warm_container_available
55576,req-30,dag_0015,dag_0015_fn_001,warm_reuse,host-1,ctr-98,0,0,385,IDLE,RUNNING,2180,2731,0.000000,,2725.000000,warm_container_available
55716,req-28,dag_0005,dag_0005_fn_013,warm_reuse,host-18,ctr-105,0,12,391,IDLE,RUNNING,2050,2686,32.436835,22602.281420,2562.500000,warm_container_available
55961,req-30,dag_0015,dag_0015_fn_006,warm_reuse,host-21,ctr-103,0,7,361,IDLE,RUNNING,1626,1583,12.985388,15577.776580,2032.500000,warm_container_available
56329,req-30,dag_0015,dag_0015_fn_008,warm_reuse,host-12,ctr-104,0,12,179,IDLE,RUNNING,1227,904,25.449310,17552.597640,1533.750000,warm_container_available
59324,req-31,dag_0013,dag_0013_fn_008,warm_reuse,host-22,ctr-91,0,0,299,IDLE,RUNNING,1408,1882,0.000000,,1760.000000,warm_container_available
59623,req-31,dag_0013,dag_0013_fn_009,cold_start,host-7,ctr-136,773,4,179,,RUNNING,976,1261,8.345903,19529.885747,1220.000000,no_warm_container
60579,req-31,dag_0013,dag_0013_fn_010,warm_reuse,host-18,ctr-93,0,18,273,IDLE,RUNNING,1853,1407,27.427542,12682.672788,2316.250000,warm_container_available
60344,req-32,dag_0012,dag_0012_fn_010,cold_start,host-11,ctr-137,818,0,209,,RUNNING,872,872,0.000000,,1090.000000,no_warm_container
61371,req-32,dag_0012,dag_0012_fn_012,cold_start,host-11,ctr-138,851,0,388,,RUNNING,2309,2949,10.740312,,2886.250000,no_warm_container
62318,req-35,dag_0013,dag_0013_fn_008,warm_reuse,host-22,ctr-91,0,0,299,IDLE,RUNNING,1408,1882,0.000000,,1760.000000,warm_container_available
62617,req-35,dag_0013,dag_0013_fn_009,warm_reuse,host-7,ctr-136,0,4,179,IDLE,RUNNING,976,1261,8.345903,19529.885747,1220.000000,warm_container_available
62800,req-35,dag_0013,dag_0013_fn_010,warm_reuse,host-18,ctr-93,0,18,273,IDLE,RUNNING,1853,1407,27.427542,12682.672788,2316.250000,warm_container_available
61970,req-34,dag_0003,dag_0003_fn_013,cold_start,host-20,ctr-140,949,0,278,,RUNNING,1455,1403,0.000000,,1818.750000,no_warm_container
61927,req-33,dag_0010,dag_0010_fn_004,cold_start,host-7,ctr-139,1270,0,166,,RUNNING,1387,874,0.000000,,1733.750000,no_warm_container
63363,req-33,dag_0010,dag_0010_fn_011,cold_start,host-21,ctr-150,498,13,143,,RUNNING,1067,1016,11.385418,7163.316737,1333.750000,no_warm_container
62610,req-32,dag_0012,dag_0012_fn_013,cold_start,host-21,ctr-141,1300,20,134,,RUNNING,946,1015,27.879769,11644.089346,1182.500000,no_warm_container
63197,req-34,dag_0003,dag_0003_fn_014,cold_start,host-14,ctr-149,1305,4,134,,RUNNING,954,641,5.766705,11866.985656,1192.500000,no_warm_container
64640,req-34,dag_0003,dag_0003_fn_028,warm_reuse,host-6,ctr-143,0,28,264,IDLE,RUNNING,1867,1188,12.598050,3607.256446,2333.750000,warm_container_available
64932,req-34,dag_0003,dag_0003_fn_029,warm_reuse,host-10,ctr-144,0,8,251,IDLE,RUNNING,1746,1249,16.513362,18740.272580,2182.500000,warm_container_available
64017,req-33,dag_0010,dag_0010_fn_012,cold_start,host-16,ctr-151,1113,18,338,,RUNNING,2361,2606,7.039783,3308.186299,2951.250000,no_warm_container
65191,req-34,dag_0003,dag_0003_fn_030,warm_reuse,host-4,ctr-145,0,16,213,IDLE,RUNNING,1436,813,26.111300,13094.177995,1795.000000,warm_container_available
65486,req-33,dag_0010,dag_0010_fn_013,warm_reuse,host-4,ctr-109,0,22,377,IDLE,RUNNING,1908,2224,18.487276,6809.339680,2385.000000,warm_container_available
65885,req-33,dag_0010,dag_0010_fn_014,warm_reuse,host-9,ctr-110,0,22,404,IDLE,RUNNING,2129,2221,31.036224,11704.051401,2661.250000,warm_container_available
66536,req-41,dag_0013,dag_0013_fn_008,warm_reuse,host-22,ctr-91,0,0,299,IDLE,RUNNING,1408,1882,0.000000,,1760.000000,warm_container_available
65985,req-38,dag_0007,dag_0007_fn_003,cold_start,host-5,ctr-154,681,0,325,,RUNNING,1467,1390,0.000000,,1833.750000,no_warm_container
65299,req-36,dag_0015,dag_0015_fn_007,cold_start,host-23,ctr-152,1368,0,211,,RUNNING,1401,746,0.000000,,1751.250000,no_warm_container
65736,req-37,dag_0009,dag_0009_fn_001,cold_start,host-20,ctr-153,1223,0,146,,RUNNING,852,1073,0.000000,,1065.000000,no_warm_container
66051,req-39,dag_0011,dag_0011_fn_004,cold_start,host-15,ctr-161,935,0,331,,RUNNING,2275,2314,0.000000,,2843.750000,no_warm_container
66991,req-38,dag_0007,dag_0007_fn_012,warm_reuse,host-19,ctr-155,0,4,347,IDLE,RUNNING,1935,2414,9.294136,23133.657012,2418.750000,warm_container_available
67342,req-38,dag_0007,dag_0007_fn_013,warm_reuse,host-11,ctr-156,0,10,237,IDLE,RUNNING,1206,827,28.741075,24455.803384,1507.500000,warm_container_available
67589,req-38,dag_0007,dag_0007_fn_017,warm_reuse,host-4,ctr-157,0,10,182,IDLE,RUNNING,1217,641,27.862452,24243.784236,1521.250000,warm_container_available
66115,req-40,dag_0002,dag_0002_fn_005,cold_start,host-14,ctr-162,1488,0,176,,RUNNING,920,1197,0.000000,,1150.000000,no_warm_container
66878,req-36,dag_0015,dag_0015_fn_004,cold_start,host-10,ctr-164,821,14,366,,RUNNING,2471,2298,33.840261,19985.039797,3088.750000,no_warm_container
67781,req-38,dag_0007,dag_0007_fn_018,warm_reuse,host-9,ctr-158,0,18,381,IDLE,RUNNING,1850,1873,26.303743,11704.051401,2312.500000,warm_container_available
68180,req-38,dag_0007,dag_0007_fn_019,warm_reuse,host-19,ctr-159,0,9,383,IDLE,RUNNING,2457,2786,24.763478,24449.177005,3071.250000,warm_container_available
66835,req-41,dag_0013,dag_0013_fn_005,cold_start,host-20,ctr-163,1582,30,158,,RUNNING,1324,1114,8.345903,2277.701958,1655.000000,no_warm_container
67105,req-37,dag_0009,dag_0009_fn_002,cold_start,host-24,ctr-165,1374,8,175,,RUNNING,889,522,10.651236,10733.528994,1111.250000,no_warm_container
68605,req-41,dag_0013,dag_0013_fn_010,warm_reuse,host-18,ctr-93,0,26,273,IDLE,RUNNING,1853,1407,19.400349,6205.691369,2316.250000,warm_container_available
67317,req-39,dag_0011,dag_0011_fn_011,cold_start,host-17,ctr-166,1298,20,285,,RUNNING,973,1558,31.073613,12574.500229,1216.250000,no_warm_container
68662,req-37,dag_0009,dag_0009_fn_014,warm_reuse,host-16,ctr-56,0,15,239,IDLE,RUNNING,1630,1533,24.384062,13575.380684,2037.500000,warm_container_available
68079,req-36,dag_0015,dag_0015_fn_005,cold_start,host-24,ctr-168,681,25,240,,RUNNING,1682,1753,28.268505,9258.664183,2102.500000,no_warm_container
67779,req-40,dag_0002,dag_0002_fn_001,cold_start,host-2,ctr-167,1115,48,280,,RUNNING,1761,1267,21.472265,3588.316484,2201.250000,no_warm_container
69025,req-36,dag_0015,dag_0015_fn_006,warm_reuse,host-21,ctr-103,0,21,361,IDLE,RUNNING,1626,1583,33.415142,13092.252281,2032.500000,warm_container_available
69407,req-36,dag_0015,dag_0015_fn_008,warm_reuse,host-12,ctr-104,0,12,179,IDLE,RUNNING,1227,904,25.449310,17552.597640,1533.750000,warm_container_available
69500,req-42,dag_0005,dag_0005_fn_007,warm_reuse,host-15,ctr-34,0,0,367,IDLE,RUNNING,2124,2384,0.000000,,2655.000000,warm_container_available
68920,req-39,dag_0011,dag_0011_fn_012,cold_start,host-24,ctr-169,611,23,168,,RUNNING,831,1049,23.067503,8073.520589,1038.750000,no_warm_container
69222,req-40,dag_0002,dag_0002_fn_002,cold_start,host-24,ctr-174,852,6,127,,RUNNING,1007,708,8.041797,11988.408516,1258.750000,no_warm_container
70207,req-40,dag_0002,dag_0002_fn_003,warm_reuse,host-5,ctr-171,0,17,202,IDLE,RUNNING,1099,893,29.774004,14386.255584,1373.750000,warm_container_available
70426,req-40,dag_0002,dag_0002_fn_030,warm_reuse,host-23,ctr-127,0,10,424,IDLE,RUNNING,2022,2269,28.274710,23853.761732,2527.500000,warm_container_available
69867,req-42,dag_0005,dag_0005_fn_002,cold_start,host-6,ctr-176,726,4,312,,RUNNING,1853,1398,9.046479,18990.707000,2316.250000,no_warm_container
69722,req-39,dag_0011,dag_0011_fn_013,cold_start,host-1,ctr-175,978,11,228,,RUNNING,1019,563,27.069235,20960.983966,1273.750000,no_warm_container
70939,req-39,dag_0011,dag_0011_fn_014,warm_reuse,host-17,ctr-173,0,15,256,IDLE,RUNNING,1646,1241,26.999585,14728.855037,2057.500000,warm_container_available
70909,req-42,dag_0005,dag_0005_fn_001,cold_start,host-22,ctr-177,728,6,157,,RUNNING,1400,1230,12.992913,19213.318309,1750.000000,no_warm_container
71800,req-42,dag_0005,dag_0005_fn_004,cold_start,host-22,ctr-178,590,0,294,,RUNNING,1386,1169,10.668931,,1732.500000,no_warm_container
72684,req-42,dag_0005,dag_0005_fn_011,cold_start,host-3,ctr-180,968,12,384,,RUNNING,1990,1877,15.295242,11039.075824,2487.500000,no_warm_container
75935,req-43,dag_0001,dag_0001_fn_017,cold_start,host-14,ctr-181,771,0,358,,RUNNING,2184,2642,0.000000,,2730.000000,no_warm_container
77064,req-43,dag_0001,dag_0001_fn_018,cold_start,host-1,ctr-182,1174,37,270,,RUNNING,1186,900,24.274925,5340.291705,1482.500000,no_warm_container
78545,req-43,dag_0001,dag_0001_fn_019,cold_start,host-1,ctr-186,1367,0,295,,RUNNING,2044,2311,13.748443,,2555.000000,no_warm_container
80207,req-43,dag_0001,dag_0001_fn_020,warm_reuse,host-13,ctr-184,0,16,369,IDLE,RUNNING,2295,2654,12.249442,6425.884987,2868.750000,warm_container_available
80592,req-43,dag_0001,dag_0001_fn_032,warm_reuse,host-18,ctr-185,0,6,289,IDLE,RUNNING,1082,1300,6.618977,8968.302625,1352.500000,warm_container_available
79643,req-44,dag_0003,dag_0003_fn_017,cold_start,host-5,ctr-187,1445,0,372,,RUNNING,1967,2501,0.000000,,2458.750000,no_warm_container
81460,req-44,dag_0003,dag_0003_fn_028,warm_reuse,host-6,ctr-143,0,11,264,IDLE,RUNNING,1867,1188,15.754164,12259.725757,2333.750000,warm_container_available
81735,req-44,dag_0003,dag_0003_fn_029,warm_reuse,host-10,ctr-144,0,8,251,IDLE,RUNNING,1746,1249,16.513362,18740.272580,2182.500000,warm_container_available
81994,req-44,dag_0003,dag_0003_fn_030,warm_reuse,host-4,ctr-145,0,16,213,IDLE,RUNNING,1436,813,26.111300,13094.177995,1795.000000,warm_container_available
82243,req-47,dag_0009,dag_0009_fn_012,cold_start,host-8,ctr-190,567,0,176,,RUNNING,1223,1424,0.000000,,1528.750000,no_warm_container
81896,req-45,dag_0002,dag_0002_fn_012,cold_start,host-17,ctr-188,1372,0,300,,RUNNING,1989,1467,0.000000,,2486.250000,no_warm_container
82552,req-48,dag_0012,dag_0012_fn_010,cold_start,host-3,ctr-191,818,0,209,,RUNNING,872,872,0.000000,,1090.000000,no_warm_container
81927,req-46,dag_0010,dag_0010_fn_009,cold_start,host-18,ctr-189,1505,0,157,,RUNNING,1227,1200,0.000000,,1533.750000,no_warm_container
83585,req-49,dag_0005,dag_0005_fn_007,warm_reuse,host-15,ctr-34,0,0,367,IDLE,RUNNING,2124,2384,0.000000,,2655.000000,warm_container_available
83589,req-46,dag_0010,dag_0010_fn_012,warm_reuse,host-16,ctr-151,0,21,338,IDLE,RUNNING,2361,2606,30.320737,11698.821713,2951.250000,warm_container_available
83948,req-46,dag_0010,dag_0010_fn_013,warm_reuse,host-4,ctr-109,0,22,377,IDLE,RUNNING,1908,2224,18.487276,6809.339680,2385.000000,warm_container_available
82986,req-47,dag_0009,dag_0009_fn_004,cold_start,host-12,ctr-192,1013,17,424,,RUNNING,2285,2568,31.378274,14945.898601,2856.250000,no_warm_container
84347,req-46,dag_0010,dag_0010_fn_014,warm_reuse,host-9,ctr-110,0,22,404,IDLE,RUNNING,2129,2221,31.036224,11704.051401,2661.250000,warm_container_available
83579,req-48,dag_0012,dag_0012_fn_012,cold_start,host-11,ctr-194,851,19,388,,RUNNING,2309,2949,10.740312,4542.188264,2886.250000,no_warm_container
84440,req-47,dag_0009,dag_0009_fn_014,warm_reuse,host-16,ctr-56,0,16,239,IDLE,RUNNING,1630,1533,11.504602,5765.566180,2037.500000,warm_container_available
83952,req-49,dag_0005,dag_0005_fn_016,cold_start,host-2,ctr-195,618,5,226,,RUNNING,860,531,9.046479,17197.914267,1075.000000,no_warm_container
84837,req-48,dag_0012,dag_0012_fn_013,warm_reuse,host-21,ctr-141,0,20,134,IDLE,RUNNING,946,1015,27.879769,11644.089346,1182.500000,warm_container_available
83568,req-45,dag_0002,dag_0002_fn_008,cold_start,host-11,ctr-193,1561,4,293,,RUNNING,1692,2022,7.980514,16893.572087,2115.000000,no_warm_container
85426,req-45,dag_0002,dag_0002_fn_014,warm_reuse,host-20,ctr-198,0,30,289,IDLE,RUNNING,2107,1863,22.696604,6127.944144,2633.750000,warm_container_available
85745,req-45,dag_0002,dag_0002_fn_009,warm_reuse,host-7,ctr-196,0,32,262,IDLE,RUNNING,1091,1460,27.518717,6984.466098,1363.750000,warm_container_available
86039,req-45,dag_0002,dag_0002_fn_010,warm_reuse,host-7,ctr-197,0,0,305,IDLE,RUNNING,1128,1630,19.973001,,1410.000000,warm_container_available
86344,req-45,dag_0002,dag_0002_fn_029,warm_reuse,host-7,ctr-199,0,0,348,IDLE,RUNNING,1694,2261,18.545680,,2117.500000,warm_container_available
84801,req-49,dag_0005,dag_0005_fn_003,cold_start,host-13,ctr-200,1599,10,199,,RUNNING,1609,1529,16.253019,13168.139926,2011.250000,no_warm_container
86692,req-45,dag_0002,dag_0002_fn_030,warm_reuse,host-23,ctr-127,0,49,424,IDLE,RUNNING,2022,2269,22.307476,3657.576205,2527.500000,warm_container_available
86400,req-50,dag_0020,dag_0020_fn_005,cold_start,host-21,ctr-201,1253,0,270,,RUNNING,1840,1242,0.000000,,2300.000000,no_warm_container
86609,req-49,dag_0005,dag_0005_fn_012,cold_start,host-2,ctr-202,1135,9,316,,RUNNING,2372,2377,20.466084,19727.703622,2965.000000,no_warm_container
88069,req-49,dag_0005,dag_0005_fn_013,warm_reuse,host-22,ctr-203,0,17,391,IDLE,RUNNING,2050,2686,32.436835,15323.466459,2562.500000,warm_container_available
87923,req-50,dag_0020,dag_0020_fn_006,cold_start,host-14,ctr-206,984,4,182,,RUNNING,889,434,8.022456,20066.512119,1111.250000,no_warm_container
87757,req-51,dag_0013,dag_0013_fn_008,cold_start,host-5,ctr-205,1571,0,299,,RUNNING,1408,1882,0.000000,,1760.000000,no_warm_container
89627,req-51,dag_0013,dag_0013_fn_004,cold_start,host-19,ctr-207,912,3,386,,RUNNING,1902,2539,8.345903,23133.657012,2377.500000,no_warm_container
90928,req-51,dag_0013,dag_0013_fn_010,warm_reuse,host-24,ctr-208,0,13,273,IDLE,RUNNING,1853,1407,29.151685,18843.218941,2316.250000,warm_container_available
92725,req-52,dag_0019,dag_0019_fn_006,cold_start,host-10,ctr-209,1278,0,166,,RUNNING,1433,1335,0.000000,,1791.250000,no_warm_container
94379,req-53,dag_0011,dag_0011_fn_006,cold_start,host-8,ctr-210,571,0,273,,RUNNING,1806,2124,0.000000,,2257.500000,no_warm_container
95223,req-53,dag_0011,dag_0011_fn_011,cold_start,host-3,ctr-211,1298,5,285,,RUNNING,973,1558,14.722002,23943.938850,1216.250000,no_warm_container
95283,req-54,dag_0015,dag_0015_fn_001,cold_start,host-3,ctr-212,1443,0,385,,RUNNING,2180,2731,0.000000,,2725.000000,no_warm_container
96811,req-53,dag_0011,dag_0011_fn_012,warm_reuse,host-24,ctr-213,0,12,168,IDLE,RUNNING,831,1049,23.067503,16671.486553,1038.750000,warm_container_available
96991,req-53,dag_0011,dag_0011_fn_013,warm_reuse,host-6,ctr-214,0,44,228,IDLE,RUNNING,1019,563,27.069235,5020.687992,1273.750000,warm_container_available
97111,req-54,dag_0015,dag_0015_fn_006,warm_reuse,host-17,ctr-216,0,21,361,IDLE,RUNNING,1626,1583,12.985388,5112.983107,2032.500000,warm_container_available
96374,req-55,dag_0002,dag_0002_fn_015,cold_start,host-20,ctr-218,1064,0,364,,RUNNING,1417,1320,0.000000,,1771.250000,no_warm_container
97493,req-54,dag_0015,dag_0015_fn_008,warm_reuse,host-22,ctr-217,0,12,179,IDLE,RUNNING,1227,904,25.449310,17205.121401,1533.750000,warm_container_available
97263,req-53,dag_0011,dag_0011_fn_014,cold_start,host-15,ctr-219,1483,67,256,,RUNNING,1646,1241,26.999585,3230.840925,2057.500000,no_warm_container
97802,req-55,dag_0002,dag_0002_fn_016,cold_start,host-9,ctr-220,1392,4,335,,RUNNING,1321,1621,7.358933,19620.494594,1651.250000,no_warm_container
99520,req-56,dag_0009,dag_0009_fn_012,warm_reuse,host-8,ctr-190,0,0,176,IDLE,RUNNING,1223,1424,0.000000,,1528.750000,warm_container_available
99696,req-56,dag_0009,dag_0009_fn_004,warm_reuse,host-12,ctr-192,0,17,424,IDLE,RUNNING,2285,2568,31.378274,14945.898601,2856.250000,warm_container_available
99717,req-57,dag_0005,dag_0005_fn_007,warm_reuse,host-15,ctr-34,0,0,367,IDLE,RUNNING,2124,2384,0.000000,,2655.000000,warm_container_available
100137,req-56,dag_0009,dag_0009_fn_014,warm_reuse,host-16,ctr-56,0,16,239,IDLE,RUNNING,1630,1533,11.504602,5765.566180,2037.500000,warm_container_available
99533,req-55,dag_0002,dag_0002_fn_017,cold_start,host-14,ctr-221,1089,72,288,,RUNNING,1481,1246,18.205203,2037.536986,1851.250000,no_warm_container
100084,req-57,dag_0005,dag_0005_fn_005,cold_start,host-12,ctr-223,841,4,169,,RUNNING,1424,1148,9.046479,19765.043234,1780.000000,no_warm_container
100982,req-55,dag_0002,dag_0002_fn_018,cold_start,host-14,ctr-225,405,0,165,,RUNNING,1442,765,12.720658,,1802.500000,no_warm_container
100074,req-58,dag_0014,dag_0014_fn_001,cold_start,host-1,ctr-222,1384,0,336,,RUNNING,2431,2920,0.000000,,3038.750000,no_warm_container
100837,req-59,dag_0018,dag_0018_fn_003,cold_start,host-18,ctr-224,636,0,328,,RUNNING,2263,2580,0.000000,,2828.750000,no_warm_container
101552,req-55,dag_0002,dag_0002_fn_029,warm_reuse,host-7,ctr-199,0,15,348,IDLE,RUNNING,1694,2261,9.500918,5381.566342,2117.500000,warm_container_available
101915,req-55,dag_0002,dag_0002_fn_030,warm_reuse,host-23,ctr-127,0,49,424,IDLE,RUNNING,2022,2269,22.307476,3657.576205,2527.500000,warm_container_available
101098,req-57,dag_0005,dag_0005_fn_006,cold_start,host-13,ctr-226,1235,8,245,,RUNNING,1548,1043,12.782703,13593.789180,1935.000000,no_warm_container
101927,req-60,dag_0010,dag_0010_fn_002,cold_start,host-21,ctr-229,713,0,211,,RUNNING,1360,897,0.000000,,1700.000000,no_warm_container
101801,req-59,dag_0018,dag_0018_fn_004,cold_start,host-24,ctr-228,1538,7,251,,RUNNING,1334,1505,15.018022,17312.673448,1667.500000,no_warm_container
102586,req-57,dag_0005,dag_0005_fn_010,cold_start,host-13,ctr-237,778,0,192,,RUNNING,1446,1444,20.508260,,1807.500000,no_warm_container
101794,req-58,dag_0014,dag_0014_fn_002,cold_start,host-1,ctr-227,1589,0,329,,RUNNING,2010,2414,7.969419,,2512.500000,no_warm_container
103556,req-57,dag_0005,dag_0005_fn_013,warm_reuse,host-22,ctr-203,0,6,391,IDLE,RUNNING,2050,2686,16.572930,22566.508253,2562.500000,warm_container_available
103597,req-59,dag_0018,dag_0018_fn_005,warm_reuse,host-8,ctr-236,0,8,157,IDLE,RUNNING,1167,1365,11.976465,12850.285377,1458.750000,warm_container_available
103712,req-58,dag_0014,dag_0014_fn_003,warm_reuse,host-10,ctr-233,0,4,329,IDLE,RUNNING,1537,1482,8.548646,22752.907726,1921.250000,warm_container_available
104045,req-58,dag_0014,dag_0014_fn_008,warm_reuse,host-6,ctr-234,0,19,352,IDLE,RUNNING,1423,1918,8.353655,3530.043747,1778.750000,warm_container_available
102851,req-60,dag_0010,dag_0010_fn_008,cold_start,host-2,ctr-238,1446,3,165,,RUNNING,1022,581,6.653566,20821.533934,1277.500000,no_warm_container
104416,req-58,dag_0014,dag_0014_fn_009,warm_reuse,host-23,ctr-235,0,4,335,IDLE,RUNNING,1851,2312,9.152835,22884.955250,2313.750000,warm_container_available
104465,req-60,dag_0010,dag_0010_fn_013,warm_reuse,host-4,ctr-109,0,5,377,IDLE,RUNNING,1908,2224,12.081508,23286.800388,2385.000000,warm_container_available
104847,req-60,dag_0010,dag_0010_fn_014,warm_reuse,host-9,ctr-110,0,22,404,IDLE,RUNNING,2129,2221,31.036224,11704.051401,2661.250000,warm_container_available
105262,req-61,dag_0003,dag_0003_fn_025,cold_start,host-17,ctr-239,895,0,318,,RUNNING,1894,2079,0.000000,,2367.500000,no_warm_container
106475,req-61,dag_0003,dag_0003_fn_027,cold_start,host-11,ctr-240,896,3,107,,RUNNING,1168,350,5.459694,16893.572087,1460.000000,no_warm_container
107481,req-61,dag_0003,dag_0003_fn_028,cold_start,host-11,ctr-241,1440,0,264,,RUNNING,1867,1188,21.153485,,2333.750000,no_warm_container
109185,req-61,dag_0003,dag_0003_fn_029,cold_start,host-2,ctr-244,1226,7,251,,RUNNING,1746,1249,16.513362,19787.274418,2182.500000,no_warm_container
110669,req-61,dag_0003,dag_0003_fn_030,warm_reuse,host-20,ctr-243,0,19,213,IDLE,RUNNING,1436,813,26.111300,11298.167998,1795.000000,warm_container_available
110641,req-63,dag_0011,dag_0011_fn_002,cold_start,host-7,ctr-246,773,0,181,,RUNNING,1092,1111,0.000000,,1365.000000,no_warm_container
109981,req-62,dag_0002,dag_0002_fn_005,cold_start,host-16,ctr-245,1488,0,176,,RUNNING,920,1197,0.000000,,1150.000000,no_warm_container
111595,req-63,dag_0011,dag_0011_fn_012,warm_reuse,host-24,ctr-213,0,12,168,IDLE,RUNNING,831,1049,30.342605,21773.650509,1038.750000,warm_container_available
111775,req-63,dag_0011,dag_0011_fn_013,warm_reuse,host-6,ctr-214,0,44,228,IDLE,RUNNING,1019,563,27.069235,5020.687992,1273.750000,warm_container_available
112047,req-63,dag_0011,dag_0011_fn_014,warm_reuse,host-19,ctr-215,0,18,256,IDLE,RUNNING,1646,1241,26.999585,12286.054661,2057.500000,warm_container_available
111645,req-62,dag_0002,dag_0002_fn_001,cold_start,host-16,ctr-251,1115,0,280,,RUNNING,1761,1267,21.472265,,2201.250000,no_warm_container
111552,req-64,dag_0015,dag_0015_fn_007,cold_start,host-18,ctr-250,1368,0,211,,RUNNING,1401,746,0.000000,,1751.250000,no_warm_container
113040,req-62,dag_0002,dag_0002_fn_002,warm_reuse,host-4,ctr-248,0,10,127,IDLE,RUNNING,1007,708,8.041797,6809.339680,1258.750000,warm_container_available
113177,req-62,dag_0002,dag_0002_fn_003,warm_reuse,host-5,ctr-249,0,45,202,IDLE,RUNNING,1099,893,29.774004,5381.367469,1373.750000,warm_container_available
113424,req-62,dag_0002,dag_0002_fn_030,warm_reuse,host-23,ctr-127,0,10,424,IDLE,RUNNING,2022,2269,28.274710,23853.761732,2527.500000,warm_container_available
113131,req-64,dag_0015,dag_0015_fn_004,cold_start,host-24,ctr-252,821,16,366,,RUNNING,2471,2298,33.840261,17312.673448,3088.750000,no_warm_container
114334,req-64,dag_0015,dag_0015_fn_005,cold_start,host-7,ctr-254,681,26,240,,RUNNING,1682,1753,28.268505,8930.257880,2102.500000,no_warm_container
115281,req-64,dag_0015,dag_0015_fn_006,warm_reuse,host-17,ctr-216,0,142,361,IDLE,RUNNING,1626,1583,33.415142,1894.907725,2032.500000,warm_container_available
114942,req-65,dag_0004,dag_0004_fn_008,cold_start,host-20,ctr-255,648,0,204,,RUNNING,1322,1383,0.000000,,1652.500000,no_warm_container
115784,req-64,dag_0015,dag_0015_fn_008,warm_reuse,host-22,ctr-217,0,12,179,IDLE,RUNNING,1227,904,25.449310,17205.121401,1533.750000,warm_container_available
115657,req-66,dag_0012,dag_0012_fn_010,cold_start,host-10,ctr-256,818,0,209,,RUNNING,872,872,0.000000,,1090.000000,no_warm_container
115794,req-65,dag_0004,dag_0004_fn_010,cold_start,host-4,ctr-257,1589,63,302,,RUNNING,1758,1818,16.733574,2153.581391,2197.500000,no_warm_container
116684,req-66,dag_0012,dag_0012_fn_012,cold_start,host-8,ctr-258,851,58,388,,RUNNING,2309,2949,10.740312,1498.580126,2886.250000,no_warm_container
117981,req-66,dag_0012,dag_0012_fn_013,cold_start,host-14,ctr-260,1300,89,134,,RUNNING,946,1015,27.879769,2526.275018,1182.500000,no_warm_container
119251,req-67,dag_0011,dag_0011_fn_006,cold_start,host-3,ctr-261,571,0,273,,RUNNING,1806,2124,0.000000,,2257.500000,no_warm_container
120220,req-68,dag_0003,dag_0003_fn_026,cold_start,host-3,ctr-264,1143,0,393,,RUNNING,1907,2324,0.000000,,2383.750000,no_warm_container
120095,req-67,dag_0011,dag_0011_fn_011,cold_start,host-9,ctr-263,1298,76,285,,RUNNING,973,1558,14.722002,1569.633124,1216.250000,no_warm_container
121754,req-67,dag_0011,dag_0011_fn_012,warm_reuse,host-24,ctr-213,0,9,168,IDLE,RUNNING,831,1049,23.067503,21935.170685,1038.750000,warm_container_available
121756,req-68,dag_0003,dag_0003_fn_027,warm_reuse,host-11,ctr-240,0,53,107,IDLE,RUNNING,1168,350,29.814858,4542.188264,1460.000000,warm_container_available
121916,req-68,dag_0003,dag_0003_fn_028,warm_reuse,host-11,ctr-241,0,0,264,IDLE,RUNNING,1867,1188,21.153485,,2333.750000,warm_container_available
121931,req-67,dag_0011,dag_0011_fn_013,warm_reuse,host-6,ctr-214,0,44,228,IDLE,RUNNING,1019,563,27.069235,5020.687992,1273.750000,warm_container_available
122180,req-68,dag_0003,dag_0003_fn_029,warm_reuse,host-21,ctr-242,0,12,251,IDLE,RUNNING,1746,1249,16.513362,11644.089346,2182.500000,warm_container_available
122203,req-67,dag_0011,dag_0011_fn_014,warm_reuse,host-19,ctr-215,0,18,256,IDLE,RUNNING,1646,1241,26.999585,12286.054661,2057.500000,warm_container_available
122443,req-68,dag_0003,dag_0003_fn_030,warm_reuse,host-20,ctr-243,0,23,213,IDLE,RUNNING,1436,813,26.111300,9421.293797,1795.000000,warm_container_available
121927,req-69,dag_0010,dag_0010_fn_009,cold_start,host-15,ctr-265,1505,0,157,,RUNNING,1227,1200,0.000000,,1533.750000,no_warm_container
122162,req-70,dag_0005,dag_0005_fn_007,cold_start,host-12,ctr-266,1275,0,367,,RUNNING,2124,2384,0.000000,,2655.000000,no_warm_container
122446,req-71,dag_0009,dag_0009_fn_001,cold_start,host-14,ctr-267,1223,0,146,,RUNNING,852,1073,0.000000,,1065.000000,no_warm_container
123804,req-70,dag_0005,dag_0005_fn_016,cold_start,host-12,ctr-274,618,0,226,,RUNNING,860,531,9.046479,,1075.000000,no_warm_container
123589,req-69,dag_0010,dag_0010_fn_012,cold_start,host-1,ctr-273,1113,21,338,,RUNNING,2361,2606,30.320737,11855.611148,2951.250000,no_warm_container
123815,req-71,dag_0009,dag_0009_fn_002,cold_start,host-15,ctr-275,1374,9,175,,RUNNING,889,522,10.651236,9914.439054,1111.250000,no_warm_container
125373,req-71,dag_0009,dag_0009_fn_014,warm_reuse,host-21,ctr-271,0,14,239,IDLE,RUNNING,1630,1533,24.384062,14541.871000,2037.500000,warm_container_available
125061,req-69,dag_0010,dag_0010_fn_013,cold_start,host-10,ctr-277,1006,7,377,,RUNNING,1908,2224,18.487276,22752.907726,2385.000000,no_warm_container
124648,req-70,dag_0005,dag_0005_fn_003,cold_start,host-13,ctr-276,1599,10,199,,RUNNING,1609,1529,16.253019,13593.789180,2011.250000,no_warm_container
126456,req-70,dag_0005,dag_0005_fn_012,cold_start,host-8,ctr-282,1135,21,316,,RUNNING,2372,2377,20.466084,8154.051959,2965.000000,no_warm_container
126451,req-69,dag_0010,dag_0010_fn_014,cold_start,host-23,ctr-281,1184,14,404,,RUNNING,2129,2221,31.036224,18231.657871,2661.250000,no_warm_container
127928,req-70,dag_0005,dag_0005_fn_013,warm_reuse,host-6,ctr-279,0,24,391,IDLE,RUNNING,2050,2686,32.436835,11144.293892,2562.500000,warm_container_available
133495,req-72,dag_0011,dag_0011_fn_004,cold_start,host-17,ctr-283,935,0,331,,RUNNING,2275,2314,0.000000,,2843.750000,no_warm_container
134761,req-72,dag_0011,dag_0011_fn_011,warm_reuse,host-15,ctr-262,0,26,285,IDLE,RUNNING,973,1558,31.073613,9567.989488,1216.250000,warm_container_available
135072,req-72,dag_0011,dag_0011_fn_012,warm_reuse,host-24,ctr-213,0,66,168,IDLE,RUNNING,831,1049,23.067503,2796.804341,1038.750000,warm_container_available
135306,req-72,dag_0011,dag_0011_fn_013,warm_reuse,host-6,ctr-214,0,44,228,IDLE,RUNNING,1019,563,27.069235,5020.687992,1273.750000,warm_container_available
135578,req-72,dag_0011,dag_0011_fn_014,warm_reuse,host-19,ctr-215,0,18,256,IDLE,RUNNING,1646,1241,26.999585,12286.054661,2057.500000,warm_container_available
136438,req-73,dag_0005,dag_0005_fn_007,warm_reuse,host-12,ctr-266,0,0,367,IDLE,RUNNING,2124,2384,0.000000,,2655.000000,warm_container_available
136805,req-73,dag_0005,dag_0005_fn_005,warm_reuse,host-5,ctr-268,0,9,169,IDLE,RUNNING,1424,1148,9.046479,8098.820478,1780.000000,warm_container_available
136983,req-73,dag_0005,dag_0005_fn_006,warm_reuse,host-18,ctr-269,0,9,245,IDLE,RUNNING,1548,1043,12.782703,11759.303755,1935.000000,warm_container_available
137496,req-74,dag_0009,dag_0009_fn_012,cold_start,host-2,ctr-285,567,0,176,,RUNNING,1223,1424,0.000000,,1528.750000,no_warm_container
137237,req-73,dag_0005,dag_0005_fn_010,cold_start,host-7,ctr-284,778,61,192,,RUNNING,1446,1444,20.508260,2704.499859,1807.500000,no_warm_container
138268,req-73,dag_0005,dag_0005_fn_013,warm_reuse,host-6,ctr-279,0,111,391,IDLE,RUNNING,2050,2686,16.572930,1198.558552,2562.500000,warm_container_available
138239,req-74,dag_0009,dag_0009_fn_004,cold_start,host-16,ctr-287,1013,14,424,,RUNNING,2285,2568,31.378274,18258.834726,2856.250000,no_warm_container
138464,req-75,dag_0012,dag_0012_fn_003,cold_start,host-24,ctr-288,1063,0,322,,RUNNING,2036,2299,0.000000,,2545.000000,no_warm_container
139690,req-74,dag_0009,dag_0009_fn_014,warm_reuse,host-21,ctr-271,0,4,239,IDLE,RUNNING,1630,1533,11.504602,24695.927789,2037.500000,warm_container_available
139370,req-76,dag_0003,dag_0003_fn_013,cold_start,host-2,ctr-289,949,0,278,,RUNNING,1455,1403,0.000000,,1818.750000,no_warm_container
139849,req-75,dag_0012,dag_0012_fn_001,cold_start,host-5,ctr-290,1401,17,149,,RUNNING,982,360,29.480654,14386.255584,1227.500000,no_warm_container
140597,req-76,dag_0003,dag_0003_fn_014,cold_start,host-20,ctr-291,1305,5,134,,RUNNING,954,641,5.766705,11298.167998,1192.500000,no_warm_container
142041,req-76,dag_0003,dag_0003_fn_028,warm_reuse,host-11,ctr-241,0,6,264,IDLE,RUNNING,1867,1188,12.598050,18159.363185,2333.750000,warm_container_available
142311,req-76,dag_0003,dag_0003_fn_029,warm_reuse,host-21,ctr-242,0,12,251,IDLE,RUNNING,1746,1249,16.513362,11644.089346,2182.500000,warm_container_available
141416,req-75,dag_0012,dag_0012_fn_002,cold_start,host-3,ctr-295,1120,3,398,,RUNNING,2153,2636,6.841378,18371.718175,2691.250000,no_warm_container
142574,req-76,dag_0003,dag_0003_fn_030,warm_reuse,host-20,ctr-243,0,23,213,IDLE,RUNNING,1436,813,26.111300,9421.293797,1795.000000,warm_container_available
142937,req-75,dag_0012,dag_0012_fn_012,warm_reuse,host-18,ctr-293,0,77,388,IDLE,RUNNING,2309,2949,33.075540,3474.477927,2886.250000,warm_container_available
142377,req-79,dag_0006,dag_0006_fn_001,cold_start,host-11,ctr-298,818,0,298,,RUNNING,1050,820,0.000000,,1312.500000,no_warm_container
141927,req-78,dag_0010,dag_0010_fn_004,cold_start,host-22,ctr-297,1270,0,166,,RUNNING,1387,874,0.000000,,1733.750000,no_warm_container
141783,req-77,dag_0013,dag_0013_fn_008,cold_start,host-10,ctr-296,1571,0,299,,RUNNING,1408,1882,0.000000,,1760.000000,no_warm_container
143402,req-75,dag_0012,dag_0012_fn_013,warm_reuse,host-19,ctr-294,0,12,134,IDLE,RUNNING,946,1015,27.879769,19736.082845,1182.500000,warm_container_available
143363,req-78,dag_0010,dag_0010_fn_011,cold_start,host-23,ctr-299,498,18,143,,RUNNING,1067,1016,11.385418,5298.007277,1333.750000,no_warm_container
144022,req-78,dag_0010,dag_0010_fn_012,warm_reuse,host-1,ctr-273,0,3,338,IDLE,RUNNING,2361,2606,7.039783,22104.273250,2951.250000,warm_container_available
143653,req-77,dag_0013,dag_0013_fn_002,cold_start,host-17,ctr-301,605,6,363,,RUNNING,1926,1810,8.345903,13253.132489,2407.500000,no_warm_container
143493,req-79,dag_0006,dag_0006_fn_002,cold_start,host-3,ctr-300,759,17,377,,RUNNING,2206,2642,26.750135,12784.021286,2757.500000,no_warm_container
144363,req-78,dag_0010,dag_0010_fn_013,warm_reuse,host-10,ctr-277,0,7,377,IDLE,RUNNING,1908,2224,18.487276,22752.907726,2385.000000,warm_container_available
144747,req-78,dag_0010,dag_0010_fn_014,warm_reuse,host-22,ctr-280,0,11,404,IDLE,RUNNING,2129,2221,31.036224,23360.199077,2661.250000,warm_container_available
144627,req-77,dag_0013,dag_0013_fn_010,cold_start,host-10,ctr-321,778,3,273,,RUNNING,1853,1407,6.315953,23814.069596,2316.250000,no_warm_container
144646,req-79,dag_0006,dag_0006_fn_003,cold_start,host-21,ctr-322,1360,7,160,,RUNNING,1335,507,17.904475,23600.349955,1668.750000,no_warm_container
146173,req-79,dag_0006,dag_0006_fn_004,warm_reuse,host-4,ctr-303,0,79,222,IDLE,RUNNING,1325,1031,33.195552,3370.365830,1656.250000,warm_container_available
146474,req-79,dag_0006,dag_0006_fn_005,warm_reuse,host-16,ctr-304,0,36,258,IDLE,RUNNING,1568,1877,32.958464,7362.442593,1960.000000,warm_container_available
146768,req-79,dag_0006,dag_0006_fn_006,warm_reuse,host-1,ctr-305,0,163,134,IDLE,RUNNING,1195,1243,27.539168,1358.397560,1493.750000,warm_container_available
147065,req-79,dag_0006,dag_0006_fn_007,warm_reuse,host-14,ctr-306,0,24,230,IDLE,RUNNING,887,1331,20.283043,6868.475392,1108.750000,warm_container_available
147319,req-79,dag_0006,dag_0006_fn_008,warm_reuse,host-8,ctr-307,0,4,433,IDLE,RUNNING,2176,2879,9.841006,24126.322192,2720.000000,warm_container_available
146047,req-80,dag_0002,dag_0002_fn_012,cold_start,host-14,ctr-323,1372,0,300,,RUNNING,1989,1467,0.000000,,2486.250000,no_warm_container
147756,req-79,dag_0006,dag_0006_fn_009,warm_reuse,host-9,ctr-308,0,72,322,IDLE,RUNNING,1116,1763,31.366159,3500.719714,1395.000000,warm_container_available
148150,req-79,dag_0006,dag_0006_fn_010,warm_reuse,host-20,ctr-309,0,66,128,IDLE,RUNNING,1246,795,30.259579,3713.082985,1557.500000,warm_container_available
148344,req-79,dag_0006,dag_0006_fn_011,warm_reuse,host-5,ctr-310,0,5,187,IDLE,RUNNING,1201,1052,8.084792,14015.192222,1501.250000,warm_container_available
147462,req-81,dag_0015,dag_0015_fn_002,cold_start,host-7,ctr-330,960,0,342,,RUNNING,1366,1581,0.000000,,1707.500000,no_warm_container
148536,req-79,dag_0006,dag_0006_fn_012,warm_reuse,host-13,ctr-311,0,23,329,IDLE,RUNNING,1877,1564,32.073225,11182.131164,2346.250000,warm_container_available
148888,req-79,dag_0006,dag_0006_fn_013,warm_reuse,host-19,ctr-312,0,6,252,IDLE,RUNNING,1522,1850,8.399779,11819.616268,1902.500000,warm_container_available
149146,req-79,dag_0006,dag_0006_fn_014,warm_reuse,host-2,ctr-313,0,8,277,IDLE,RUNNING,1147,864,21.646566,23356.338094,1433.750000,warm_container_available
147719,req-80,dag_0002,dag_0002_fn_008,cold_start,host-5,ctr-331,1561,25,293,,RUNNING,1692,2022,7.980514,2584.574231,2115.000000,no_warm_container
149431,req-79,dag_0006,dag_0006_fn_015,warm_reuse,host-24,ctr-314,0,5,397,IDLE,RUNNING,2119,2742,7.138192,11988.408516,2648.750000,warm_container_available
149487,req-82,dag_0013,dag_0013_fn_008,warm_reuse,host-10,ctr-296,0,0,299,IDLE,RUNNING,1408,1882,0.000000,,1760.000000,warm_container_available
149598,req-80,dag_0002,dag_0002_fn_014,warm_reuse,host-12,ctr-325,0,19,289,IDLE,RUNNING,2107,1863,22.696604,9942.171158,2633.750000,warm_container_available
149833,req-79,dag_0006,dag_0006_fn_016,warm_reuse,host-11,ctr-315,0,17,336,IDLE,RUNNING,2286,1866,28.497976,13657.682905,2857.500000,warm_container_available
150186,req-79,dag_0006,dag_0006_fn_017,warm_reuse,host-12,ctr-316,0,6,194,IDLE,RUNNING,906,1198,10.332896,14729.723397,1132.500000,warm_container_available
148764,req-81,dag_0015,dag_0015_fn_003,cold_start,host-8,ctr-332,1480,92,337,,RUNNING,1700,1505,22.869483,1992.546516,2125.000000,no_warm_container
150386,req-79,dag_0006,dag_0006_fn_018,warm_reuse,host-6,ctr-317,0,12,187,IDLE,RUNNING,735,1196,29.952652,20002.824135,918.750000,warm_container_available
150585,req-79,dag_0006,dag_0006_fn_019,warm_reuse,host-23,ctr-318,0,5,242,IDLE,RUNNING,986,594,13.001285,22884.955250,1232.500000,warm_container_available
150832,req-79,dag_0006,dag_0006_fn_020,warm_reuse,host-15,ctr-319,0,7,351,IDLE,RUNNING,2202,1894,20.335360,24219.897885,2752.500000,warm_container_available
149786,req-82,dag_0013,dag_0013_fn_007,cold_start,host-23,ctr-333,1110,4,338,,RUNNING,1380,1249,8.345903,18231.657871,1725.000000,no_warm_container
151238,req-82,dag_0013,dag_0013_fn_010,warm_reuse,host-14,ctr-320,0,7,273,IDLE,RUNNING,1853,1407,16.989637,20567.941241,2316.250000,warm_container_available
149906,req-80,dag_0002,dag_0002_fn_009,cold_start,host-9,ctr-334,1340,11,262,,RUNNING,1091,1460,27.518717,20987.516464,1363.750000,no_warm_container
150673,req-81,dag_0015,dag_0015_fn_005,cold_start,host-6,ctr-339,681,20,240,,RUNNING,1682,1753,27.826786,11144.293892,2102.500000,no_warm_container
151519,req-80,dag_0002,dag_0002_fn_010,warm_reuse,host-23,ctr-335,0,8,305,IDLE,RUNNING,1128,1630,19.973001,21474.446308,1410.000000,warm_container_available
151614,req-81,dag_0015,dag_0015_fn_006,warm_reuse,host-20,ctr-337,0,54,361,IDLE,RUNNING,1626,1583,33.415142,4991.249756,2032.500000,warm_container_available
151076,req-83,dag_0011,dag_0011_fn_007,cold_start,host-2,ctr-340,734,0,212,,RUNNING,1385,1078,0.000000,,1731.250000,no_warm_container
151832,req-80,dag_0002,dag_0002_fn_029,warm_reuse,host-1,ctr-328,0,7,348,IDLE,RUNNING,1694,2261,18.545680,22104.273250,2117.500000,warm_container_available
152029,req-81,dag_0015,dag_0015_fn_008,warm_reuse,host-9,ctr-338,0,11,179,IDLE,RUNNING,1227,904,25.449310,19620.494594,1533.750000,warm_container_available
152187,req-80,dag_0002,dag_0002_fn_030,warm_reuse,host-13,ctr-329,0,28,424,IDLE,RUNNING,2022,2269,22.307476,6425.884987,2527.500000,warm_container_available
152022,req-83,dag_0011,dag_0011_fn_008,cold_start,host-18,ctr-342,657,10,236,,RUNNING,1126,916,15.485135,12425.693648,1407.500000,no_warm_container
151905,req-84,dag_0001,dag_0001_fn_010,cold_start,host-16,ctr-341,1103,0,241,,RUNNING,1319,875,0.000000,,1648.750000,no_warm_container
152925,req-83,dag_0011,dag_0011_fn_011,warm_reuse,host-15,ctr-262,0,99,285,IDLE,RUNNING,973,1558,28.048344,2281.809807,1216.250000,warm_container_available
153309,req-83,dag_0011,dag_0011_fn_012,warm_reuse,host-24,ctr-213,0,66,168,IDLE,RUNNING,831,1049,23.067503,2796.804341,1038.750000,warm_container_available
153543,req-83,dag_0011,dag_0011_fn_013,warm_reuse,host-6,ctr-214,0,44,228,IDLE,RUNNING,1019,563,27.069235,5020.687992,1273.750000,warm_container_available
153815,req-83,dag_0011,dag_0011_fn_014,warm_reuse,host-19,ctr-215,0,18,256,IDLE,RUNNING,1646,1241,26.999585,12286.054661,2057.500000,warm_container_available
153249,req-84,dag_0001,dag_0001_fn_025,cold_start,host-9,ctr-352,1218,63,293,,RUNNING,1745,1928,33.085626,4220.954794,2181.250000,no_warm_container
154823,req-84,dag_0001,dag_0001_fn_008,warm_reuse,host-23,ctr-348,0,9,314,IDLE,RUNNING,1795,1357,21.822820,21474.446308,2243.750000,warm_container_available
155146,req-84,dag_0001,dag_0001_fn_009,warm_reuse,host-8,ctr-349,0,13,401,IDLE,RUNNING,1688,1840,20.625847,12761.842568,2110.000000,warm_container_available
155560,req-84,dag_0001,dag_0001_fn_032,warm_reuse,host-14,ctr-351,0,39,289,IDLE,RUNNING,1082,1300,12.174374,2526.275018,1352.500000,warm_container_available
155932,req-85,dag_0005,dag_0005_fn_007,warm_reuse,host-12,ctr-266,0,0,367,IDLE,RUNNING,2124,2384,0.000000,,2655.000000,warm_container_available
156299,req-85,dag_0005,dag_0005_fn_005,warm_reuse,host-5,ctr-268,0,9,169,IDLE,RUNNING,1424,1148,9.046479,8098.820478,1780.000000,warm_container_available
156477,req-85,dag_0005,dag_0005_fn_006,warm_reuse,host-18,ctr-269,0,9,245,IDLE,RUNNING,1548,1043,12.782703,11759.303755,1935.000000,warm_container_available
156731,req-85,dag_0005,dag_0005_fn_010,warm_reuse,host-7,ctr-284,0,61,192,IDLE,RUNNING,1446,1444,20.508260,2704.499859,1807.500000,warm_container_available
156984,req-85,dag_0005,dag_0005_fn_013,warm_reuse,host-6,ctr-279,0,111,391,IDLE,RUNNING,2050,2686,16.572930,1198.558552,2562.500000,warm_container_available
156429,req-86,dag_0009,dag_0009_fn_001,cold_start,host-17,ctr-353,1223,0,146,,RUNNING,852,1073,0.000000,,1065.000000,no_warm_container
157798,req-86,dag_0009,dag_0009_fn_002,cold_start,host-17,ctr-354,1374,0,175,,RUNNING,889,522,10.651236,,1111.250000,no_warm_container
159347,req-86,dag_0009,dag_0009_fn_014,warm_reuse,host-21,ctr-271,0,23,239,IDLE,RUNNING,1630,1533,24.384062,8733.424743,2037.500000,warm_container_available
160745,req-87,dag_0012,dag_0012_fn_010,cold_start,host-16,ctr-355,818,0,209,,RUNNING,872,872,0.000000,,1090.000000,no_warm_container
161772,req-87,dag_0012,dag_0012_fn_012,warm_reuse,host-18,ctr-293,0,15,388,IDLE,RUNNING,2309,2949,10.740312,5989.402610,2886.250000,warm_container_available
161927,req-88,dag_0010,dag_0010_fn_004,warm_reuse,host-22,ctr-297,0,0,166,IDLE,RUNNING,1387,874,0.000000,,1733.750000,warm_container_available
162093,req-88,dag_0010,dag_0010_fn_011,warm_reuse,host-23,ctr-299,0,18,143,IDLE,RUNNING,1067,1016,11.385418,5298.007277,1333.750000,warm_container_available
162175,req-87,dag_0012,dag_0012_fn_013,warm_reuse,host-19,ctr-294,0,12,134,IDLE,RUNNING,946,1015,27.879769,19736.082845,1182.500000,warm_container_available
162254,req-88,dag_0010,dag_0010_fn_012,warm_reuse,host-1,ctr-273,0,3,338,IDLE,RUNNING,2361,2606,7.039783,22104.273250,2951.250000,warm_container_available
162595,req-88,dag_0010,dag_0010_fn_013,warm_reuse,host-10,ctr-277,0,7,377,IDLE,RUNNING,1908,2224,18.487276,22752.907726,2385.000000,warm_container_available
162979,req-88,dag_0010,dag_0010_fn_014,warm_reuse,host-22,ctr-280,0,11,404,IDLE,RUNNING,2129,2221,31.036224,23360.199077,2661.250000,warm_container_available
162582,req-89,dag_0015,dag_0015_fn_007,cold_start,host-2,ctr-356,1368,0,211,,RUNNING,1401,746,0.000000,,1751.250000,no_warm_container
163257,req-90,dag_0002,dag_0002_fn_005,cold_start,host-7,ctr-357,1488,0,176,,RUNNING,920,1197,0.000000,,1150.000000,no_warm_container
164161,req-89,dag_0015,dag_0015_fn_004,cold_start,host-11,ctr-358,821,19,366,,RUNNING,2471,2298,33.840261,14372.587155,3088.750000,no_warm_container
164351,req-91,dag_0003,dag_0003_fn_009,cold_start,host-20,ctr-359,738,0,306,,RUNNING,1366,1252,0.000000,,1707.500000,no_warm_container
165367,req-89,dag_0015,dag_0015_fn_005,warm_reuse,host-4,ctr-336,0,10,240,IDLE,RUNNING,1682,1753,28.268505,24243.784236,2102.500000,warm_container_available
165617,req-89,dag_0015,dag_0015_fn_006,warm_reuse,host-20,ctr-337,0,19,361,IDLE,RUNNING,1626,1583,33.415142,14229.558707,2032.500000,warm_container_available
165997,req-89,dag_0015,dag_0015_fn_008,warm_reuse,host-9,ctr-338,0,11,179,IDLE,RUNNING,1227,904,25.449310,19620.494594,1533.750000,warm_container_available
164921,req-90,dag_0002,dag_0002_fn_001,cold_start,host-24,ctr-360,1115,8,280,,RUNNING,1761,1267,21.472265,21773.650509,2201.250000,no_warm_container
166324,req-90,dag_0002,dag_0002_fn_002,warm_reuse,host-3,ctr-361,0,11,127,IDLE,RUNNING,1007,708,8.041797,6293.421295,1258.750000,warm_container_available
166462,req-90,dag_0002,dag_0002_fn_003,warm_reuse,host-3,ctr-362,0,0,202,IDLE,RUNNING,1099,893,29.774004,,1373.750000,warm_container_available
166664,req-90,dag_0002,dag_0002_fn_030,warm_reuse,host-13,ctr-329,0,19,424,IDLE,RUNNING,2022,2269,28.274710,12230.970358,2527.500000,warm_container_available
165395,req-91,dag_0003,dag_0003_fn_028,cold_start,host-7,ctr-366,1440,27,264,,RUNNING,1867,1188,22.783934,6984.466098,2333.750000,no_warm_container
166293,req-92,dag_0011,dag_0011_fn_006,cold_start,host-10,ctr-367,571,0,273,,RUNNING,1806,2124,0.000000,,2257.500000,no_warm_container
167126,req-91,dag_0003,dag_0003_fn_029,warm_reuse,host-4,ctr-364,0,11,251,IDLE,RUNNING,1746,1249,16.513362,12020.812710,2182.500000,warm_container_available
167137,req-92,dag_0011,dag_0011_fn_011,warm_reuse,host-15,ctr-262,0,7,285,IDLE,RUNNING,973,1558,14.722002,19583.238345,1216.250000,warm_container_available
167388,req-91,dag_0003,dag_0003_fn_030,warm_reuse,host-3,ctr-365,0,13,213,IDLE,RUNNING,1436,813,26.111300,16574.091290,1795.000000,warm_container_available
167429,req-92,dag_0011,dag_0011_fn_012,warm_reuse,host-24,ctr-213,0,66,168,IDLE,RUNNING,831,1049,23.067503,2796.804341,1038.750000,warm_container_available
167663,req-92,dag_0011,dag_0011_fn_013,warm_reuse,host-6,ctr-214,0,44,228,IDLE,RUNNING,1019,563,27.069235,5020.687992,1273.750000,warm_container_available
167935,req-92,dag_0011,dag_0011_fn_014,warm_reuse,host-19,ctr-215,0,18,256,IDLE,RUNNING,1646,1241,26.999585,12286.054661,2057.500000,warm_container_available
168640,req-93,dag_0018,dag_0018_fn_001,cold_start,host-16,ctr-368,998,0,192,,RUNNING,1280,600,0.000000,,1600.000000,no_warm_container
169830,req-93,dag_0018,dag_0018_fn_002,cold_start,host-13,ctr-369,906,30,390,,RUNNING,1859,2606,17.386138,4699.840468,2323.750000,no_warm_container
171264,req-94,dag_0009,dag_0009_fn_001,warm_reuse,host-17,ctr-353,0,0,146,IDLE,RUNNING,852,1073,0.000000,,1065.000000,warm_container_available
171410,req-94,dag_0009,dag_0009_fn_002,warm_reuse,host-17,ctr-354,0,0,175,IDLE,RUNNING,889,522,10.651236,,1111.250000,warm_container_available
171585,req-94,dag_0009,dag_0009_fn_014,warm_reuse,host-21,ctr-271,0,23,239,IDLE,RUNNING,1630,1533,24.384062,8733.424743,2037.500000,warm_container_available
171156,req-93,dag_0018,dag_0018_fn_005,cold_start,host-12,ctr-371,589,32,157,,RUNNING,1167,1365,33.364492,8477.403845,1458.750000,no_warm_container
172613,req-95,dag_0014,dag_0014_fn_001,cold_start,host-14,ctr-372,1384,0,336,,RUNNING,2431,2920,0.000000,,3038.750000,no_warm_container
174333,req-95,dag_0014,dag_0014_fn_002,cold_start,host-8,ctr-377,1589,3,329,,RUNNING,2010,2414,7.969419,24126.322192,2512.500000,no_warm_container
175933,req-96,dag_0005,dag_0005_fn_007,warm_reuse,host-12,ctr-266,0,0,367,IDLE,RUNNING,2124,2384,0.000000,,2655.000000,warm_container_available
176254,req-95,dag_0014,dag_0014_fn_003,warm_reuse,host-2,ctr-374,0,3,329,IDLE,RUNNING,1537,1482,8.548646,23008.816567,1921.250000,warm_container_available
176300,req-96,dag_0005,dag_0005_fn_005,warm_reuse,host-5,ctr-268,0,9,169,IDLE,RUNNING,1424,1148,9.046479,8098.820478,1780.000000,warm_container_available
176478,req-96,dag_0005,dag_0005_fn_006,warm_reuse,host-18,ctr-269,0,9,245,IDLE,RUNNING,1548,1043,12.782703,11759.303755,1935.000000,warm_container_available
176586,req-95,dag_0014,dag_0014_fn_008,warm_reuse,host-16,ctr-375,0,4,352,IDLE,RUNNING,1423,1918,8.353655,18258.834726,1778.750000,warm_container_available
176732,req-96,dag_0005,dag_0005_fn_010,warm_reuse,host-7,ctr-284,0,61,192,IDLE,RUNNING,1446,1444,20.508260,2704.499859,1807.500000,warm_container_available
176942,req-95,dag_0014,dag_0014_fn_009,warm_reuse,host-1,ctr-376,0,54,335,IDLE,RUNNING,1851,2312,9.152835,1358.397560,2313.750000,warm_container_available
176985,req-96,dag_0005,dag_0005_fn_013,warm_reuse,host-6,ctr-279,0,111,391,IDLE,RUNNING,2050,2686,16.572930,1198.558552,2562.500000,warm_container_available
178994,req-97,dag_0002,dag_0002_fn_012,cold_start,host-23,ctr-378,1372,0,300,,RUNNING,1989,1467,0.000000,,2486.250000,no_warm_container
179991,req-98,dag_0020,dag_0020_fn_005,cold_start,host-9,ctr-379,1253,0,270,,RUNNING,1840,1242,0.000000,,2300.000000,no_warm_container
181514,req-98,dag_0020,dag_0020_fn_006,warm_reuse,host-24,ctr-385,0,3,182,IDLE,RUNNING,889,434,8.022456,21935.170685,1111.250000,warm_container_available
181063,req-99,dag_0003,dag_0003_fn_023,cold_start,host-2,ctr-387,798,0,392,,RUNNING,2447,2515,0.000000,,3058.750000,no_warm_container
180666,req-97,dag_0002,dag_0002_fn_008,cold_start,host-19,ctr-386,1561,3,293,,RUNNING,1692,2022,7.980514,22392.099810,2115.000000,no_warm_container
182253,req-99,dag_0003,dag_0003_fn_028,warm_reuse,host-17,ctr-363,0,6,264,IDLE,RUNNING,1867,1188,11.537699,16037.694620,2333.750000,warm_container_available
182523,req-97,dag_0002,dag_0002_fn_014,warm_reuse,host-11,ctr-383,0,8,289,IDLE,RUNNING,2107,1863,22.696604,24455.803384,2633.750000,warm_container_available
182523,req-99,dag_0003,dag_0003_fn_029,warm_reuse,host-4,ctr-364,0,17,251,IDLE,RUNNING,1746,1249,16.513362,8150.027095,2182.500000,warm_container_available
182791,req-99,dag_0003,dag_0003_fn_030,warm_reuse,host-3,ctr-365,0,13,213,IDLE,RUNNING,1436,813,26.111300,16574.091290,1795.000000,warm_container_available
182820,req-97,dag_0002,dag_0002_fn_009,warm_reuse,host-8,ctr-381,0,35,262,IDLE,RUNNING,1091,1460,27.518717,6369.003974,1363.750000,warm_container_available
183117,req-97,dag_0002,dag_0002_fn_010,warm_reuse,host-14,ctr-382,0,64,305,IDLE,RUNNING,1128,1630,19.973001,2526.275018,1410.000000,warm_container_available
181927,req-100,dag_0010,dag_0010_fn_009,cold_start,host-15,ctr-388,1505,0,157,,RUNNING,1227,1200,0.000000,,1533.750000,no_warm_container
183486,req-97,dag_0002,dag_0002_fn_029,warm_reuse,host-5,ctr-384,0,58,348,IDLE,RUNNING,1694,2261,18.545680,2584.574231,2117.500000,warm_container_available
183892,req-97,dag_0002,dag_0002_fn_030,warm_reuse,host-13,ctr-329,0,16,424,IDLE,RUNNING,2022,2269,22.307476,11182.131164,2527.500000,warm_container_available
183589,req-100,dag_0010,dag_0010_fn_012,cold_start,host-1,ctr-391,1113,21,338,,RUNNING,2361,2606,30.320737,11855.611148,2951.250000,no_warm_container
185061,req-100,dag_0010,dag_0010_fn_013,warm_reuse,host-10,ctr-390,0,7,377,IDLE,RUNNING,1908,2224,18.487276,22752.907726,2385.000000,warm_container_available
185445,req-100,dag_0010,dag_0010_fn_014,cold_start,host-22,ctr-392,1184,11,404,,RUNNING,2129,2221,31.036224,23360.199077,2661.250000,no_warm_container
186433,req-101,dag_0012,dag_0012_fn_010,cold_start,host-20,ctr-393,818,0,209,,RUNNING,872,872,0.000000,,1090.000000,no_warm_container
187460,req-101,dag_0012,dag_0012_fn_012,cold_start,host-20,ctr-394,851,0,388,,RUNNING,2309,2949,10.740312,,2886.250000,no_warm_container
188699,req-101,dag_0012,dag_0012_fn_013,cold_start,host-24,ctr-395,1300,21,134,,RUNNING,946,1015,27.879769,10733.528994,1182.500000,no_warm_container
194064,req-102,dag_0007,dag_0007_fn_002,cold_start,host-16,ctr-396,1073,0,254,,RUNNING,1085,870,0.000000,,1356.250000,no_warm_container
195055,req-103,dag_0011,dag_0011_fn_004,cold_start,host-4,ctr-402,935,0,331,,RUNNING,2275,2314,0.000000,,2843.750000,no_warm_container
195391,req-102,dag_0007,dag_0007_fn_012,cold_start,host-24,ctr-403,797,9,347,,RUNNING,1935,2414,19.019384,17355.715260,2418.750000,no_warm_container
196544,req-102,dag_0007,dag_0007_fn_013,warm_reuse,host-3,ctr-398,0,37,237,IDLE,RUNNING,1206,827,28.741075,6293.421295,1507.500000,warm_container_available
196818,req-102,dag_0007,dag_0007_fn_017,warm_reuse,host-7,ctr-399,0,10,182,IDLE,RUNNING,1217,641,27.862452,23479.202576,1521.250000,warm_container_available
195511,req-104,dag_0003,dag_0003_fn_016,cold_start,host-9,ctr-404,1474,0,176,,RUNNING,1038,1061,0.000000,,1297.500000,no_warm_container
197010,req-102,dag_0007,dag_0007_fn_018,warm_reuse,host-21,ctr-400,0,30,381,IDLE,RUNNING,1850,1873,26.303743,7163.316737,2312.500000,warm_container_available
197161,req-104,dag_0003,dag_0003_fn_028,warm_reuse,host-17,ctr-363,0,6,264,IDLE,RUNNING,1867,1188,7.638043,11736.996858,2333.750000,warm_container_available
197421,req-102,dag_0007,dag_0007_fn_019,warm_reuse,host-19,ctr-401,0,11,383,IDLE,RUNNING,2457,2786,24.763478,19412.515142,3071.250000,warm_container_available
197431,req-104,dag_0003,dag_0003_fn_029,warm_reuse,host-4,ctr-364,0,17,251,IDLE,RUNNING,1746,1249,16.513362,8150.027095,2182.500000,warm_container_available
196321,req-103,dag_0011,dag_0011_fn_011,cold_start,host-15,ctr-405,1298,38,285,,RUNNING,973,1558,31.073613,6672.979716,1216.250000,no_warm_container
197699,req-104,dag_0003,dag_0003_fn_030,warm_reuse,host-3,ctr-365,0,13,213,IDLE,RUNNING,1436,813,26.111300,16574.091290,1795.000000,warm_container_available
196570,req-105,dag_0002,dag_0002_fn_005,cold_start,host-17,ctr-406,1488,0,176,,RUNNING,920,1197,0.000000,,1150.000000,no_warm_container
197942,req-103,dag_0011,dag_0011_fn_012,cold_start,host-12,ctr-407,611,10,168,,RUNNING,831,1049,23.067503,19765.043234,1038.750000,no_warm_container
198234,req-105,dag_0002,dag_0002_fn_001,cold_start,host-5,ctr-413,1115,10,280,,RUNNING,1761,1267,21.472265,17936.597486,2201.250000,no_warm_container
198904,req-106,dag_0009,dag_0009_fn_012,cold_start,host-12,ctr-415,567,0,176,,RUNNING,1223,1424,0.000000,,1528.750000,no_warm_container
199639,req-105,dag_0002,dag_0002_fn_002,warm_reuse,host-12,ctr-409,0,7,127,IDLE,RUNNING,1007,708,8.041797,9942.171158,1258.750000,warm_container_available
198731,req-103,dag_0011,dag_0011_fn_013,cold_start,host-6,ctr-414,978,11,228,,RUNNING,1019,563,27.069235,20002.824135,1273.750000,no_warm_container
199773,req-105,dag_0002,dag_0002_fn_003,warm_reuse,host-16,ctr-410,0,42,202,IDLE,RUNNING,1099,893,29.774004,5765.566180,1373.750000,warm_container_available
199948,req-103,dag_0011,dag_0011_fn_014,warm_reuse,host-7,ctr-412,0,27,256,IDLE,RUNNING,1646,1241,26.999585,8061.596152,2057.500000,warm_container_available
200017,req-105,dag_0002,dag_0002_fn_030,warm_reuse,host-13,ctr-329,0,49,424,IDLE,RUNNING,2022,2269,28.274710,4699.840468,2527.500000,warm_container_available
199647,req-106,dag_0009,dag_0009_fn_004,cold_start,host-10,ctr-416,1013,24,424,,RUNNING,2285,2568,31.378274,10802.839689,2856.250000,no_warm_container
201108,req-106,dag_0009,dag_0009_fn_014,cold_start,host-23,ctr-418,1371,6,239,,RUNNING,1630,1533,11.504602,18231.657871,2037.500000,no_warm_container
201927,req-107,dag_0010,dag_0010_fn_004,cold_start,host-13,ctr-419,1270,0,166,,RUNNING,1387,874,0.000000,,1733.750000,no_warm_container
203363,req-107,dag_0010,dag_0010_fn_011,cold_start,host-11,ctr-420,498,11,143,,RUNNING,1067,1016,11.385418,8726.934405,1333.750000,no_warm_container
204015,req-107,dag_0010,dag_0010_fn_012,warm_reuse,host-18,ctr-389,0,5,338,IDLE,RUNNING,2361,2606,7.039783,13383.797546,2951.250000,warm_container_available
204358,req-107,dag_0010,dag_0010_fn_013,warm_reuse,host-10,ctr-390,0,9,377,IDLE,RUNNING,1908,2224,18.487276,17979.942871,2385.000000,warm_container_available
204744,req-107,dag_0010,dag_0010_fn_014,warm_reuse,host-22,ctr-392,0,11,404,IDLE,RUNNING,2129,2221,31.036224,23360.199077,2661.250000,warm_container_available
203467,req-108,dag_0013,dag_0013_fn_008,cold_start,host-2,ctr-421,1571,0,299,,RUNNING,1408,1882,0.000000,,1760.000000,no_warm_container
204130,req-109,dag_0005,dag_0005_fn_007,cold_start,host-9,ctr-424,1275,0,367,,RUNNING,2124,2384,0.000000,,2655.000000,no_warm_container
204515,req-110,dag_0015,dag_0015_fn_007,cold_start,host-11,ctr-425,1368,0,211,,RUNNING,1401,746,0.000000,,1751.250000,no_warm_container
205337,req-108,dag_0013,dag_0013_fn_004,cold_start,host-2,ctr-426,912,0,386,,RUNNING,1902,2539,8.345903,,2377.500000,no_warm_container
205772,req-109,dag_0005,dag_0005_fn_016,cold_start,host-5,ctr-427,618,4,226,,RUNNING,860,531,9.046479,20792.304254,1075.000000,no_warm_container
206635,req-108,dag_0013,dag_0013_fn_010,warm_reuse,host-8,ctr-423,0,11,273,IDLE,RUNNING,1853,1407,29.151685,22737.901075,2316.250000,warm_container_available
206094,req-110,dag_0015,dag_0015_fn_004,cold_start,host-1,ctr-428,821,57,366,,RUNNING,2471,2298,33.840261,4795.535213,3088.750000,no_warm_container
207338,req-110,dag_0015,dag_0015_fn_005,cold_start,host-19,ctr-435,681,16,240,,RUNNING,1682,1753,28.268505,15075.690799,2102.500000,no_warm_container
206620,req-109,dag_0005,dag_0005_fn_003,cold_start,host-21,ctr-429,1599,6,199,,RUNNING,1609,1529,16.253019,23227.651191,2011.250000,no_warm_container
208275,req-110,dag_0015,dag_0015_fn_006,warm_reuse,host-15,ctr-433,0,22,361,IDLE,RUNNING,1626,1583,33.415142,12243.427657,2032.500000,warm_container_available
208424,req-109,dag_0005,dag_0005_fn_012,warm_reuse,host-14,ctr-430,0,9,316,IDLE,RUNNING,2372,2377,20.466084,20066.512119,2965.000000,warm_container_available
208552,req-111,dag_0013,dag_0013_fn_008,warm_reuse,host-2,ctr-421,0,0,299,IDLE,RUNNING,1408,1882,0.000000,,1760.000000,warm_container_available
208658,req-110,dag_0015,dag_0015_fn_008,warm_reuse,host-18,ctr-434,0,109,179,IDLE,RUNNING,1227,904,25.449310,1880.845876,1533.750000,warm_container_available
208749,req-109,dag_0005,dag_0005_fn_013,warm_reuse,host-22,ctr-431,0,74,391,IDLE,RUNNING,2050,2686,32.436835,3524.346355,2562.500000,warm_container_available
208851,req-111,dag_0013,dag_0013_fn_001,cold_start,host-20,ctr-436,1413,6,303,,RUNNING,1577,1927,8.345903,11298.167998,1971.250000,no_warm_container
210573,req-111,dag_0013,dag_0013_fn_010,warm_reuse,host-8,ctr-423,0,4,273,IDLE,RUNNING,1853,1407,7.762459,16679.298471,2316.250000,warm_container_available
212882,req-113,dag_0002,dag_0002_fn_005,warm_reuse,host-17,ctr-406,0,0,176,IDLE,RUNNING,920,1197,0.000000,,1150.000000,warm_container_available
213058,req-113,dag_0002,dag_0002_fn_001,warm_reuse,host-5,ctr-413,0,10,280,IDLE,RUNNING,1761,1267,21.472265,17936.597486,2201.250000,warm_container_available
213348,req-113,dag_0002,dag_0002_fn_002,warm_reuse,host-12,ctr-409,0,7,127,IDLE,RUNNING,1007,708,8.041797,9942.171158,1258.750000,warm_container_available
213482,req-113,dag_0002,dag_0002_fn_003,warm_reuse,host-16,ctr-410,0,42,202,IDLE,RUNNING,1099,893,29.774004,5765.566180,1373.750000,warm_container_available
213726,req-113,dag_0002,dag_0002_fn_030,warm_reuse,host-13,ctr-329,0,49,424,IDLE,RUNNING,2022,2269,28.274710,4699.840468,2527.500000,warm_container_available
213948,req-114,dag_0011,dag_0011_fn_004,warm_reuse,host-4,ctr-402,0,0,331,IDLE,RUNNING,2275,2314,0.000000,,2843.750000,warm_container_available
212624,req-112,dag_0012,dag_0012_fn_009,cold_start,host-20,ctr-437,1591,0,170,,RUNNING,1427,1225,0.000000,,1783.750000,no_warm_container
214279,req-114,dag_0011,dag_0011_fn_011,warm_reuse,host-15,ctr-405,0,38,285,IDLE,RUNNING,973,1558,31.073613,6672.979716,1216.250000,warm_container_available
214385,req-112,dag_0012,dag_0012_fn_012,warm_reuse,host-24,ctr-438,0,10,388,IDLE,RUNNING,2309,2949,13.341765,10733.528994,2886.250000,warm_container_available
214602,req-114,dag_0011,dag_0011_fn_012,warm_reuse,host-12,ctr-407,0,10,168,IDLE,RUNNING,831,1049,23.067503,19765.043234,1038.750000,warm_container_available
214780,req-114,dag_0011,dag_0011_fn_013,warm_reuse,host-6,ctr-414,0,11,228,IDLE,RUNNING,1019,563,27.069235,20002.824135,1273.750000,warm_container_available
214783,req-112,dag_0012,dag_0012_fn_013,warm_reuse,host-11,ctr-439,0,17,134,IDLE,RUNNING,946,1015,27.879769,13657.682905,1182.500000,warm_container_available
215019,req-114,dag_0011,dag_0011_fn_014,warm_reuse,host-7,ctr-412,0,27,256,IDLE,RUNNING,1646,1241,26.999585,8061.596152,2057.500000,warm_container_available
216070,req-115,dag_0003,dag_0003_fn_010,cold_start,host-14,ctr-440,422,0,169,,RUNNING,1361,598,0.000000,,1701.250000,no_warm_container
216661,req-115,dag_0003,dag_0003_fn_011,cold_start,host-1,ctr-441,497,13,165,,RUNNING,1209,953,8.517297,5340.291705,1511.250000,no_warm_container
217336,req-115,dag_0003,dag_0003_fn_012,cold_start,host-3,ctr-442,795,10,358,,RUNNING,1695,2132,25.768738,21754.675022,2118.750000,no_warm_container
219220,req-116,dag_0009,dag_0009_fn_012,warm_reuse,host-12,ctr-415,0,0,176,IDLE,RUNNING,1223,1424,0.000000,,1528.750000,warm_container_available
219396,req-116,dag_0009,dag_0009_fn_004,warm_reuse,host-10,ctr-416,0,24,424,IDLE,RUNNING,2285,2568,31.378274,10802.839689,2856.250000,warm_container_available
218499,req-115,dag_0003,dag_0003_fn_014,cold_start,host-17,ctr-443,1305,15,134,,RUNNING,954,641,9.239683,5112.983107,1192.500000,no_warm_container
219844,req-116,dag_0009,dag_0009_fn_014,warm_reuse,host-23,ctr-418,0,6,239,IDLE,RUNNING,1630,1533,11.504602,18231.657871,2037.500000,warm_container_available
219953,req-115,dag_0003,dag_0003_fn_028,cold_start,host-3,ctr-447,1440,12,264,,RUNNING,1867,1188,12.598050,8515.606688,2333.750000,no_warm_container
221669,req-115,dag_0003,dag_0003_fn_029,warm_reuse,host-7,ctr-445,0,6,251,IDLE,RUNNING,1746,1249,16.513362,23479.202576,2182.500000,warm_container_available
221927,req-117,dag_0010,dag_0010_fn_004,warm_reuse,host-13,ctr-419,0,0,166,IDLE,RUNNING,1387,874,0.000000,,1733.750000,warm_container_available
221926,req-115,dag_0003,dag_0003_fn_030,warm_reuse,host-19,ctr-446,0,13,213,IDLE,RUNNING,1436,813,26.111300,16632.254388,1795.000000,warm_container_available
222059,req-118,dag_0013,dag_0013_fn_008,warm_reuse,host-2,ctr-421,0,0,299,IDLE,RUNNING,1408,1882,0.000000,,1760.000000,warm_container_available
222358,req-118,dag_0013,dag_0013_fn_001,warm_reuse,host-20,ctr-436,0,6,303,IDLE,RUNNING,1577,1927,8.345903,11298.167998,1971.250000,warm_container_available
222667,req-118,dag_0013,dag_0013_fn_010,warm_reuse,host-8,ctr-423,0,4,273,IDLE,RUNNING,1853,1407,7.762459,16679.298471,2316.250000,warm_container_available
222757,req-119,dag_0005,dag_0005_fn_007,warm_reuse,host-9,ctr-424,0,0,367,IDLE,RUNNING,2124,2384,0.000000,,2655.000000,warm_container_available
222093,req-117,dag_0010,dag_0010_fn_005,cold_start,host-6,ctr-448,1285,8,262,,RUNNING,1553,1727,11.385418,12579.129611,1941.250000,no_warm_container
223124,req-119,dag_0005,dag_0005_fn_002,cold_start,host-23,ctr-449,726,4,312,,RUNNING,1853,1398,9.046479,21474.446308,2316.250000,no_warm_container
223364,req-120,dag_0011,dag_0011_fn_006,cold_start,host-8,ctr-450,571,0,273,,RUNNING,1806,2124,0.000000,,2257.500000,no_warm_container
224208,req-120,dag_0011,dag_0011_fn_011,warm_reuse,host-15,ctr-405,0,15,285,IDLE,RUNNING,973,1558,14.722002,8049.165821,1216.250000,warm_container_available
224508,req-120,dag_0011,dag_0011_fn_012,warm_reuse,host-12,ctr-407,0,10,168,IDLE,RUNNING,831,1049,23.067503,19765.043234,1038.750000,warm_container_available
223648,req-117,dag_0010,dag_0010_fn_006,cold_start,host-17,ctr-451,878,14,371,,RUNNING,1969,2257,32.040049,18643.369495,2461.250000,no_warm_container
224686,req-120,dag_0011,dag_0011_fn_013,warm_reuse,host-6,ctr-414,0,11,228,IDLE,RUNNING,1019,563,27.069235,20002.824135,1273.750000,warm_container_available
224166,req-119,dag_0005,dag_0005_fn_001,cold_start,host-9,ctr-452,728,8,157,,RUNNING,1400,1230,12.992913,13841.803466,1750.000000,no_warm_container
224925,req-120,dag_0011,dag_0011_fn_014,warm_reuse,host-7,ctr-412,0,27,256,IDLE,RUNNING,1646,1241,26.999585,8061.596152,2057.500000,warm_container_available
225254,req-121,dag_0012,dag_0012_fn_009,warm_reuse,host-20,ctr-437,0,0,170,IDLE,RUNNING,1427,1225,0.000000,,1783.750000,warm_container_available
225424,req-121,dag_0012,dag_0012_fn_012,warm_reuse,host-24,ctr-438,0,10,388,IDLE,RUNNING,2309,2949,13.341765,10733.528994,2886.250000,warm_container_available
225059,req-119,dag_0005,dag_0005_fn_004,cold_start,host-18,ctr-454,590,7,294,,RUNNING,1386,1169,10.668931,13929.376978,1732.500000,no_warm_container
224911,req-117,dag_0010,dag_0010_fn_007,cold_start,host-4,ctr-453,869,33,365,,RUNNING,1551,2231,33.484786,8150.027095,1938.750000,no_warm_container
225822,req-121,dag_0012,dag_0012_fn_013,warm_reuse,host-11,ctr-439,0,17,134,IDLE,RUNNING,946,1015,27.879769,13657.682905,1182.500000,warm_container_available
225950,req-119,dag_0005,dag_0005_fn_011,cold_start,host-10,ctr-455,968,7,384,,RUNNING,1990,1877,15.295242,17979.942871,2487.500000,no_warm_container
228215,req-123,dag_0013,dag_0013_fn_008,warm_reuse,host-2,ctr-421,0,0,299,IDLE,RUNNING,1408,1882,0.000000,,1760.000000,warm_container_available
227875,req-122,dag_0001,dag_0001_fn_006,cold_start,host-11,ctr-456,750,0,342,,RUNNING,1228,1152,0.000000,,1535.000000,no_warm_container
228514,req-123,dag_0013,dag_0013_fn_007,cold_start,host-22,ctr-461,1110,5,338,,RUNNING,1380,1249,8.345903,15323.466459,1725.000000,no_warm_container
229967,req-123,dag_0013,dag_0013_fn_010,warm_reuse,host-8,ctr-423,0,7,273,IDLE,RUNNING,1853,1407,16.989637,21207.251273,2316.250000,warm_container_available
228967,req-122,dag_0001,dag_0001_fn_025,cold_start,host-11,ctr-462,1218,0,293,,RUNNING,1745,1928,24.519413,,2181.250000,no_warm_container
231178,req-125,dag_0013,dag_0013_fn_008,warm_reuse,host-2,ctr-421,0,0,299,IDLE,RUNNING,1408,1882,0.000000,,1760.000000,warm_container_available
229893,req-124,dag_0003,dag_0003_fn_005,cold_start,host-15,ctr-463,1529,0,209,,RUNNING,1459,871,0.000000,,1823.750000,no_warm_container
230478,req-122,dag_0001,dag_0001_fn_004,cold_start,host-14,ctr-464,1429,11,153,,RUNNING,1164,1170,21.822820,17090.968294,1455.000000,no_warm_container
232071,req-122,dag_0001,dag_0001_fn_005,warm_reuse,host-22,ctr-465,0,60,237,IDLE,RUNNING,1292,1414,26.073790,3524.346355,1615.000000,warm_container_available
232368,req-122,dag_0001,dag_0001_fn_032,warm_reuse,host-5,ctr-460,0,13,289,IDLE,RUNNING,1082,1300,27.831003,17639.845128,1352.500000,warm_container_available
231631,req-124,dag_0003,dag_0003_fn_006,cold_start,host-19,ctr-469,904,8,414,,RUNNING,2257,2413,14.381271,15814.031445,2821.250000,no_warm_container
232957,req-124,dag_0003,dag_0003_fn_007,warm_reuse,host-19,ctr-467,0,0,179,IDLE,RUNNING,808,474,29.474464,,1010.000000,warm_container_available
231477,req-125,dag_0013,dag_0013_fn_005,cold_start,host-21,ctr-468,1582,6,158,,RUNNING,1324,1114,8.345903,12380.302027,1655.000000,no_warm_container
231692,req-126,dag_0015,dag_0015_fn_001,cold_start,host-24,ctr-470,1443,0,385,,RUNNING,2180,2731,0.000000,,2725.000000,no_warm_container
233136,req-124,dag_0003,dag_0003_fn_028,warm_reuse,host-21,ctr-444,0,36,264,IDLE,RUNNING,1867,1188,21.835334,4903.962428,2333.750000,warm_container_available
233223,req-125,dag_0013,dag_0013_fn_010,warm_reuse,host-8,ctr-423,0,8,273,IDLE,RUNNING,1853,1407,19.400349,20921.034758,2316.250000,warm_container_available
233436,req-124,dag_0003,dag_0003_fn_029,warm_reuse,host-7,ctr-445,0,8,251,IDLE,RUNNING,1746,1249,16.513362,17049.730322,2182.500000,warm_container_available
233695,req-124,dag_0003,dag_0003_fn_030,warm_reuse,host-19,ctr-446,0,13,213,IDLE,RUNNING,1436,813,26.111300,16632.254388,1795.000000,warm_container_available
232684,req-127,dag_0009,dag_0009_fn_001,cold_start,host-15,ctr-471,1223,0,146,,RUNNING,852,1073,0.000000,,1065.000000,no_warm_container
233520,req-126,dag_0015,dag_0015_fn_006,cold_start,host-14,ctr-472,1011,30,361,,RUNNING,1626,1583,12.985388,3485.693727,2032.500000,no_warm_container
234053,req-127,dag_0009,dag_0009_fn_002,cold_start,host-5,ctr-475,1374,5,175,,RUNNING,889,522,10.651236,18745.948150,1111.250000,no_warm_container
235607,req-127,dag_0009,dag_0009_fn_014,warm_reuse,host-23,ctr-418,0,9,239,IDLE,RUNNING,1630,1533,24.384062,23853.761732,2037.500000,warm_container_available
234922,req-126,dag_0015,dag_0015_fn_008,cold_start,host-12,ctr-476,1082,48,179,,RUNNING,1227,904,25.449310,4249.235441,1533.750000,no_warm_container
241602,req-128,dag_0019,dag_0019_fn_006,cold_start,host-13,ctr-477,1278,0,166,,RUNNING,1433,1335,0.000000,,1791.250000,no_warm_container
241927,req-129,dag_0010,dag_0010_fn_009,cold_start,host-4,ctr-478,1505,0,157,,RUNNING,1227,1200,0.000000,,1533.750000,no_warm_container
243589,req-129,dag_0010,dag_0010_fn_012,cold_start,host-1,ctr-482,1113,14,338,,RUNNING,2361,2606,30.320737,18415.813820,2951.250000,no_warm_container
245054,req-129,dag_0010,dag_0010_fn_013,warm_reuse,host-20,ctr-480,0,44,377,IDLE,RUNNING,1908,2224,18.487276,3398.023298,2385.000000,warm_container_available
245475,req-129,dag_0010,dag_0010_fn_014,warm_reuse,host-13,ctr-481,0,11,404,IDLE,RUNNING,2129,2221,31.036224,24781.884705,2661.250000,warm_container_available
244357,req-130,dag_0014,dag_0014_fn_001,cold_start,host-6,ctr-483,1384,0,336,,RUNNING,2431,2920,0.000000,,3038.750000,no_warm_container
246077,req-130,dag_0014,dag_0014_fn_002,cold_start,host-23,ctr-488,1589,3,329,,RUNNING,2010,2414,7.969419,22884.955250,2512.500000,no_warm_container
247998,req-130,dag_0014,dag_0014_fn_003,warm_reuse,host-17,ctr-485,0,13,329,IDLE,RUNNING,1537,1482,8.548646,5289.124068,1921.250000,warm_container_available
248340,req-130,dag_0014,dag_0014_fn_008,warm_reuse,host-12,ctr-486,0,8,352,IDLE,RUNNING,1423,1918,8.353655,8846.834847,1778.750000,warm_container_available
248700,req-130,dag_0014,dag_0014_fn_009,warm_reuse,host-17,ctr-487,0,5,335,IDLE,RUNNING,1851,2312,9.152835,17895.061457,2313.750000,warm_container_available
248318,req-131,dag_0005,dag_0005_fn_007,cold_start,host-10,ctr-489,1275,0,367,,RUNNING,2124,2384,0.000000,,2655.000000,no_warm_container
249492,req-132,dag_0003,dag_0003_fn_013,cold_start,host-8,ctr-494,949,0,278,,RUNNING,1455,1403,0.000000,,1818.750000,no_warm_container
249960,req-131,dag_0005,dag_0005_fn_005,cold_start,host-20,ctr-495,841,8,169,,RUNNING,1424,1148,9.046479,9508.806750,1780.000000,no_warm_container
250719,req-132,dag_0003,dag_0003_fn_014,cold_start,host-22,ctr-496,1305,3,134,,RUNNING,954,641,5.766705,17517.863356,1192.500000,no_warm_container
252161,req-132,dag_0003,dag_0003_fn_028,warm_reuse,host-21,ctr-444,0,6,264,IDLE,RUNNING,1867,1188,12.598050,17960.675929,2333.750000,warm_container_available
250978,req-131,dag_0005,dag_0005_fn_006,cold_start,host-2,ctr-497,1235,7,245,,RUNNING,1548,1043,12.782703,15005.730906,1935.000000,no_warm_container
252431,req-132,dag_0003,dag_0003_fn_029,warm_reuse,host-7,ctr-445,0,8,251,IDLE,RUNNING,1746,1249,16.513362,17049.730322,2182.500000,warm_container_available
252690,req-132,dag_0003,dag_0003_fn_030,warm_reuse,host-19,ctr-446,0,13,213,IDLE,RUNNING,1436,813,26.111300,16632.254388,1795.000000,warm_container_available
252465,req-131,dag_0005,dag_0005_fn_010,cold_start,host-11,ctr-500,778,12,192,,RUNNING,1446,1444,20.508260,14372.587155,1807.500000,no_warm_container
253447,req-131,dag_0005,dag_0005_fn_013,warm_reuse,host-15,ctr-499,0,70,391,IDLE,RUNNING,2050,2686,16.572930,1914.073927,2562.500000,warm_container_available
253883,req-133,dag_0018,dag_0018_fn_003,cold_start,host-22,ctr-501,636,0,328,,RUNNING,2263,2580,0.000000,,2828.750000,no_warm_container
254547,req-134,dag_0015,dag_0015_fn_007,cold_start,host-24,ctr-502,1368,0,211,,RUNNING,1401,746,0.000000,,1751.250000,no_warm_container
256126,req-134,dag_0015,dag_0015_fn_004,warm_reuse,host-14,ctr-504,0,78,366,IDLE,RUNNING,2471,2298,33.840261,3485.693727,3088.750000,warm_container_available
254847,req-133,dag_0018,dag_0018_fn_004,cold_start,host-24,ctr-503,1538,25,251,,RUNNING,1334,1505,15.018022,4820.507623,1667.500000,no_warm_container
256570,req-134,dag_0015,dag_0015_fn_005,warm_reuse,host-19,ctr-505,0,11,240,IDLE,RUNNING,1682,1753,28.268505,21913.148898,2102.500000,warm_container_available
256661,req-133,dag_0018,dag_0018_fn_005,warm_reuse,host-8,ctr-507,0,8,157,IDLE,RUNNING,1167,1365,11.976465,12850.285377,1458.750000,warm_container_available
256821,req-134,dag_0015,dag_0015_fn_006,warm_reuse,host-18,ctr-506,0,47,361,IDLE,RUNNING,1626,1583,33.415142,5702.285114,2032.500000,warm_container_available
257229,req-134,dag_0015,dag_0015_fn_008,cold_start,host-5,ctr-508,1082,27,179,,RUNNING,1227,904,25.449310,7656.950472,1533.750000,no_warm_container
260896,req-136,dag_0005,dag_0005_fn_007,warm_reuse,host-10,ctr-489,0,0,367,IDLE,RUNNING,2124,2384,0.000000,,2655.000000,warm_container_available
260262,req-135,dag_0013,dag_0013_fn_008,cold_start,host-5,ctr-509,1571,0,299,,RUNNING,1408,1882,0.000000,,1760.000000,no_warm_container
261263,req-136,dag_0005,dag_0005_fn_016,cold_start,host-16,ctr-512,618,5,226,,RUNNING,860,531,9.046479,17522.409326,1075.000000,no_warm_container
261927,req-138,dag_0010,dag_0010_fn_009,warm_reuse,host-4,ctr-478,0,0,157,IDLE,RUNNING,1227,1200,0.000000,,1533.750000,warm_container_available
262084,req-138,dag_0010,dag_0010_fn_012,warm_reuse,host-3,ctr-479,0,15,338,IDLE,RUNNING,2361,2606,30.320737,16574.091290,2951.250000,warm_container_available
262437,req-138,dag_0010,dag_0010_fn_013,warm_reuse,host-20,ctr-480,0,20,377,IDLE,RUNNING,1908,2224,18.487276,7777.880916,2385.000000,warm_container_available
261695,req-137,dag_0011,dag_0011_fn_004,cold_start,host-21,ctr-513,935,0,331,,RUNNING,2275,2314,0.000000,,2843.750000,no_warm_container
262834,req-138,dag_0010,dag_0010_fn_014,warm_reuse,host-13,ctr-481,0,11,404,IDLE,RUNNING,2129,2221,31.036224,24781.884705,2661.250000,warm_container_available
262132,req-135,dag_0013,dag_0013_fn_009,cold_start,host-9,ctr-515,773,11,179,,RUNNING,976,1261,8.345903,6536.486695,1220.000000,no_warm_container
263095,req-135,dag_0013,dag_0013_fn_010,warm_reuse,host-2,ctr-511,0,20,273,IDLE,RUNNING,1853,1407,27.427542,11524.893222,2316.250000,warm_container_available
262112,req-136,dag_0005,dag_0005_fn_003,cold_start,host-23,ctr-514,1599,49,199,,RUNNING,1609,1529,16.253019,2660.683061,2011.250000,no_warm_container
262961,req-137,dag_0011,dag_0011_fn_011,cold_start,host-15,ctr-516,1298,11,285,,RUNNING,973,1558,31.073613,24242.641422,1216.250000,no_warm_container
263705,req-139,dag_0009,dag_0009_fn_012,cold_start,host-10,ctr-517,567,0,176,,RUNNING,1223,1424,0.000000,,1528.750000,no_warm_container
263959,req-136,dag_0005,dag_0005_fn_012,cold_start,host-1,ctr-518,1135,8,316,,RUNNING,2372,2377,20.466084,22104.273250,2965.000000,no_warm_container
264555,req-137,dag_0011,dag_0011_fn_012,cold_start,host-5,ctr-525,611,10,168,,RUNNING,831,1049,23.067503,18745.948150,1038.750000,no_warm_container
264448,req-139,dag_0009,dag_0009_fn_009,cold_start,host-4,ctr-524,840,20,353,,RUNNING,1870,2344,31.378274,13094.177995,2337.500000,no_warm_container
265344,req-137,dag_0011,dag_0011_fn_013,warm_reuse,host-14,ctr-522,0,34,228,IDLE,RUNNING,1019,563,27.069235,6454.981141,1273.750000,warm_container_available
265418,req-136,dag_0005,dag_0005_fn_013,warm_reuse,host-15,ctr-499,0,14,391,IDLE,RUNNING,2050,2686,32.436835,18594.207598,2562.500000,warm_container_available
265606,req-137,dag_0011,dag_0011_fn_014,warm_reuse,host-8,ctr-523,0,9,256,IDLE,RUNNING,1646,1241,26.999585,24126.322192,2057.500000,warm_container_available
265661,req-139,dag_0009,dag_0009_fn_014,warm_reuse,host-3,ctr-520,0,16,239,IDLE,RUNNING,1630,1533,32.367022,16574.091290,2037.500000,warm_container_available
265184,req-141,dag_0012,dag_0012_fn_011,cold_start,host-24,ctr-527,615,0,245,,RUNNING,904,1365,0.000000,,1130.000000,no_warm_container
264822,req-140,dag_0003,dag_0003_fn_001,cold_start,host-16,ctr-526,1131,0,359,,RUNNING,2600,2826,0.000000,,3250.000000,no_warm_container
266044,req-141,dag_0012,dag_0012_fn_012,cold_start,host-1,ctr-528,851,10,388,,RUNNING,2309,2949,25.615849,20960.983966,2886.250000,no_warm_container
266312,req-140,dag_0003,dag_0003_fn_002,cold_start,host-12,ctr-529,762,39,394,,RUNNING,1699,2392,32.963231,6857.821848,2123.750000,no_warm_container
267293,req-141,dag_0012,dag_0012_fn_013,cold_start,host-9,ctr-533,1300,15,134,,RUNNING,946,1015,27.879769,15616.369006,1182.500000,no_warm_container
267507,req-140,dag_0003,dag_0003_fn_003,cold_start,host-15,ctr-534,1451,9,415,,RUNNING,1980,2177,17.852607,15961.407156,2475.000000,no_warm_container
269382,req-140,dag_0003,dag_0003_fn_004,warm_reuse,host-6,ctr-531,0,13,317,IDLE,RUNNING,2201,1876,30.224330,18990.707000,2751.250000,warm_container_available
269712,req-140,dag_0003,dag_0003_fn_029,warm_reuse,host-7,ctr-445,0,15,251,IDLE,RUNNING,1746,1249,14.467495,8061.596152,2182.500000,warm_container_available
269978,req-140,dag_0003,dag_0003_fn_030,warm_reuse,host-19,ctr-446,0,13,213,IDLE,RUNNING,1436,813,26.111300,16632.254388,1795.000000,warm_container_available
272246,req-142,dag_0002,dag_0002_fn_005,cold_start,host-17,ctr-535,1488,0,176,,RUNNING,920,1197,0.000000,,1150.000000,no_warm_container
273582,req-143,dag_0020,dag_0020_fn_002,cold_start,host-2,ctr-540,626,0,239,,RUNNING,1616,1567,0.000000,,2020.000000,no_warm_container
273910,req-142,dag_0002,dag_0002_fn_001,cold_start,host-20,ctr-541,1115,39,280,,RUNNING,1761,1267,21.472265,4494.356361,2201.250000,no_warm_container
275344,req-142,dag_0002,dag_0002_fn_002,warm_reuse,host-23,ctr-537,0,3,127,IDLE,RUNNING,1007,708,8.041797,22577.979120,1258.750000,warm_container_available
275474,req-142,dag_0002,dag_0002_fn_003,warm_reuse,host-18,ctr-538,0,19,202,IDLE,RUNNING,1099,893,29.774004,12868.228232,1373.750000,warm_container_available
275695,req-142,dag_0002,dag_0002_fn_030,warm_reuse,host-7,ctr-539,0,84,424,IDLE,RUNNING,2022,2269,28.274710,2704.499859,2527.500000,warm_container_available
274447,req-143,dag_0020,dag_0020_fn_003,cold_start,host-11,ctr-542,1328,9,322,,RUNNING,2265,2314,15.043409,14372.587155,2831.250000,no_warm_container
276106,req-143,dag_0020,dag_0020_fn_004,cold_start,host-22,ctr-544,499,8,185,,RUNNING,1400,1104,17.965145,20096.363689,1750.000000,no_warm_container
280224,req-144,dag_0005,dag_0005_fn_007,warm_reuse,host-10,ctr-489,0,0,367,IDLE,RUNNING,2124,2384,0.000000,,2655.000000,warm_container_available
280591,req-144,dag_0005,dag_0005_fn_005,cold_start,host-24,ctr-545,841,8,169,,RUNNING,1424,1148,9.046479,9258.664183,1780.000000,no_warm_container
281927,req-145,dag_0010,dag_0010_fn_002,cold_start,host-18,ctr-547,713,0,211,,RUNNING,1360,897,0.000000,,1700.000000,no_warm_container
281609,req-144,dag_0005,dag_0005_fn_006,cold_start,host-14,ctr-546,1235,30,245,,RUNNING,1548,1043,12.782703,3485.693727,1935.000000,no_warm_container
283119,req-144,dag_0005,dag_0005_fn_010,warm_reuse,host-19,ctr-548,0,8,192,IDLE,RUNNING,1446,1444,20.508260,21913.148898,1807.500000,warm_container_available
283319,req-144,dag_0005,dag_0005_fn_013,warm_reuse,host-15,ctr-499,0,11,391,IDLE,RUNNING,2050,2686,16.572930,12243.427657,2562.500000,warm_container_available
282851,req-145,dag_0010,dag_0010_fn_008,cold_start,host-9,ctr-550,1446,3,165,,RUNNING,1022,581,6.653566,20897.461845,1277.500000,no_warm_container
284465,req-145,dag_0010,dag_0010_fn_013,cold_start,host-21,ctr-551,1006,10,377,,RUNNING,1908,2224,12.081508,10306.206153,2385.000000,no_warm_container
285725,req-146,dag_0009,dag_0009_fn_001,cold_start,host-23,ctr-553,1223,0,146,,RUNNING,852,1073,0.000000,,1065.000000,no_warm_container
285858,req-145,dag_0010,dag_0010_fn_014,cold_start,host-2,ctr-554,1184,12,404,,RUNNING,2129,2221,31.036224,20821.533934,2661.250000,no_warm_container
286165,req-147,dag_0002,dag_0002_fn_012,cold_start,host-13,ctr-555,1372,0,300,,RUNNING,1989,1467,0.000000,,2486.250000,no_warm_container
287094,req-146,dag_0009,dag_0009_fn_002,cold_start,host-16,ctr-556,1374,5,175,,RUNNING,889,522,10.651236,17843.864143,1111.250000,no_warm_container
287837,req-147,dag_0002,dag_0002_fn_008,cold_start,host-3,ctr-557,1561,12,293,,RUNNING,1692,2022,7.980514,5662.214563,2115.000000,no_warm_container
289703,req-147,dag_0002,dag_0002_fn_014,warm_reuse,host-4,ctr-560,0,8,289,IDLE,RUNNING,2107,1863,22.696604,23682.132863,2633.750000,warm_container_available
290000,req-147,dag_0002,dag_0002_fn_009,warm_reuse,host-12,ctr-558,0,20,262,IDLE,RUNNING,1091,1460,27.518717,11083.198176,1363.750000,warm_container_available
288648,req-146,dag_0009,dag_0009_fn_014,cold_start,host-12,ctr-563,1371,29,239,,RUNNING,1630,1533,24.384062,6857.821848,2037.500000,no_warm_container
290282,req-147,dag_0002,dag_0002_fn_010,warm_reuse,host-1,ctr-559,0,18,305,IDLE,RUNNING,1128,1630,19.973001,8949.001085,1410.000000,warm_container_available
290605,req-147,dag_0002,dag_0002_fn_029,warm_reuse,host-16,ctr-561,0,12,348,IDLE,RUNNING,1694,2261,18.545680,12878.678704,2117.500000,warm_container_available
290965,req-147,dag_0002,dag_0002_fn_030,warm_reuse,host-7,ctr-539,0,17,424,IDLE,RUNNING,2022,2269,22.307476,10518.206594,2527.500000,warm_container_available
290557,req-148,dag_0015,dag_0015_fn_007,cold_start,host-6,ctr-564,1368,0,211,,RUNNING,1401,746,0.000000,,1751.250000,no_warm_container
291048,req-149,dag_0012,dag_0012_fn_006,cold_start,host-19,ctr-569,1034,0,219,,RUNNING,839,570,0.000000,,1048.750000,no_warm_container
292136,req-148,dag_0015,dag_0015_fn_004,warm_reuse,host-9,ctr-565,0,25,366,IDLE,RUNNING,2471,2298,33.840261,10832.675972,3088.750000,warm_container_available
292527,req-148,dag_0015,dag_0015_fn_005,warm_reuse,host-1,ctr-566,0,20,240,IDLE,RUNNING,1682,1753,28.268505,11468.894014,2102.500000,warm_container_available
292787,req-148,dag_0015,dag_0015_fn_006,warm_reuse,host-6,ctr-567,0,23,361,IDLE,RUNNING,1626,1583,33.415142,12108.298389,2032.500000,warm_container_available
292301,req-149,dag_0012,dag_0012_fn_007,cold_start,host-14,ctr-570,647,30,345,,RUNNING,1257,1937,32.516473,8959.249294,1571.250000,no_warm_container
293171,req-148,dag_0015,dag_0015_fn_008,warm_reuse,host-24,ctr-568,0,23,179,IDLE,RUNNING,1227,904,25.449310,9043.640197,1533.750000,warm_container_available
293650,req-150,dag_0005,dag_0005_fn_007,warm_reuse,host-10,ctr-489,0,0,367,IDLE,RUNNING,2124,2384,0.000000,,2655.000000,warm_container_available
294017,req-150,dag_0005,dag_0005_fn_005,warm_reuse,host-24,ctr-545,0,8,169,IDLE,RUNNING,1424,1148,9.046479,9258.664183,1780.000000,warm_container_available
294194,req-150,dag_0005,dag_0005_fn_006,warm_reuse,host-14,ctr-546,0,30,245,IDLE,RUNNING,1548,1043,12.782703,3485.693727,1935.000000,warm_container_available
294469,req-150,dag_0005,dag_0005_fn_010,warm_reuse,host-19,ctr-548,0,8,192,IDLE,RUNNING,1446,1444,20.508260,21913.148898,1807.500000,warm_container_available
294669,req-150,dag_0005,dag_0005_fn_013,warm_reuse,host-15,ctr-499,0,11,391,IDLE,RUNNING,2050,2686,16.572930,12243.427657,2562.500000,warm_container_available
293323,req-149,dag_0012,dag_0012_fn_008,cold_start,host-3,ctr-571,1500,5,195,,RUNNING,1254,1103,13.416866,23296.659557,1567.500000,no_warm_container
295023,req-149,dag_0012,dag_0012_fn_012,warm_reuse,host-17,ctr-572,0,39,388,IDLE,RUNNING,2309,2949,24.385805,5112.983107,2886.250000,warm_container_available
295450,req-149,dag_0012,dag_0012_fn_013,warm_reuse,host-20,ctr-573,0,50,134,IDLE,RUNNING,946,1015,27.879769,4494.356361,1182.500000,warm_container_available
298970,req-151,dag_0009,dag_0009_fn_001,warm_reuse,host-23,ctr-553,0,0,146,IDLE,RUNNING,852,1073,0.000000,,1065.000000,warm_container_available
299116,req-151,dag_0009,dag_0009_fn_002,warm_reuse,host-16,ctr-556,0,5,175,IDLE,RUNNING,889,522,10.651236,17843.864143,1111.250000,warm_container_available
299296,req-151,dag_0009,dag_0009_fn_014,warm_reuse,host-8,ctr-562,0,34,239,IDLE,RUNNING,1630,1533,24.384062,5847.379380,2037.500000,warm_container_available
299165,req-152,dag_0002,dag_0002_fn_020,cold_start,host-11,ctr-574,1305,0,265,,RUNNING,1344,916,0.000000,,1680.000000,no_warm_container
299396,req-153,dag_0013,dag_0013_fn_008,cold_start,host-22,ctr-575,1571,0,299,,RUNNING,1408,1882,0.000000,,1760.000000,no_warm_container
300735,req-152,dag_0002,dag_0002_fn_021,cold_start,host-22,ctr-580,1016,9,242,,RUNNING,1805,1676,20.618479,20096.363689,2256.250000,no_warm_container
301927,req-154,dag_0010,dag_0010_fn_002,warm_reuse,host-18,ctr-547,0,0,211,IDLE,RUNNING,1360,897,0.000000,,1700.000000,warm_container_available
302002,req-152,dag_0002,dag_0002_fn_019,warm_reuse,host-23,ctr-576,0,18,195,IDLE,RUNNING,1424,1209,11.580609,5298.007277,1780.000000,warm_container_available
302138,req-154,dag_0010,dag_0010_fn_008,warm_reuse,host-8,ctr-549,0,6,165,IDLE,RUNNING,1022,581,6.653566,9834.263992,1277.500000,warm_container_available
301266,req-153,dag_0013,dag_0013_fn_004,cold_start,host-21,ctr-581,912,4,386,,RUNNING,1902,2539,8.345903,17960.675929,2377.500000,no_warm_container
302215,req-152,dag_0002,dag_0002_fn_029,warm_reuse,host-16,ctr-561,0,14,348,IDLE,RUNNING,1694,2261,30.862580,17843.864143,2117.500000,warm_container_available
302309,req-154,dag_0010,dag_0010_fn_013,warm_reuse,host-21,ctr-551,0,5,377,IDLE,RUNNING,1908,2224,12.081508,19643.239847,2385.000000,warm_container_available
302530,req-155,dag_0013,dag_0013_fn_008,warm_reuse,host-22,ctr-575,0,0,299,IDLE,RUNNING,1408,1882,0.000000,,1760.000000,warm_container_available
302577,req-152,dag_0002,dag_0002_fn_030,warm_reuse,host-7,ctr-539,0,17,424,IDLE,RUNNING,2022,2269,22.307476,10518.206594,2527.500000,warm_container_available
302568,req-153,dag_0013,dag_0013_fn_010,warm_reuse,host-18,ctr-579,0,97,273,IDLE,RUNNING,1853,1407,29.151685,2415.854339,2316.250000,warm_container_available
302691,req-154,dag_0010,dag_0010_fn_014,warm_reuse,host-2,ctr-554,0,12,404,IDLE,RUNNING,2129,2221,31.036224,20821.533934,2661.250000,warm_container_available
303638,req-156,dag_0005,dag_0005_fn_007,warm_reuse,host-10,ctr-489,0,0,367,IDLE,RUNNING,2124,2384,0.000000,,2655.000000,warm_container_available
302829,req-155,dag_0013,dag_0013_fn_001,cold_start,host-13,ctr-582,1413,8,303,,RUNNING,1577,1927,8.345903,9227.170960,1971.250000,no_warm_container
304553,req-155,dag_0013,dag_0013_fn_010,warm_reuse,host-18,ctr-579,0,7,273,IDLE,RUNNING,1853,1407,7.762459,8968.302625,2316.250000,warm_container_available
304005,req-156,dag_0005,dag_0005_fn_002,cold_start,host-15,ctr-584,726,4,312,,RUNNING,1853,1398,9.046479,19583.238345,2316.250000,no_warm_container
303845,req-157,dag_0001,dag_0001_fn_010,cold_start,host-7,ctr-583,1103,0,241,,RUNNING,1319,875,0.000000,,1648.750000,no_warm_container
305047,req-156,dag_0005,dag_0005_fn_001,cold_start,host-4,ctr-585,728,6,157,,RUNNING,1400,1230,12.992913,19442.661953,1750.000000,no_warm_container
305189,req-157,dag_0001,dag_0001_fn_025,cold_start,host-10,ctr-586,1218,11,293,,RUNNING,1745,1928,33.085626,24915.529161,2181.250000,no_warm_container
305938,req-156,dag_0005,dag_0005_fn_004,cold_start,host-5,ctr-587,590,16,294,,RUNNING,1386,1169,10.668931,5381.367469,1732.500000,no_warm_container
305943,req-158,dag_0007,dag_0007_fn_002,cold_start,host-2,ctr-588,1073,0,254,,RUNNING,1085,870,0.000000,,1356.250000,no_warm_container
307270,req-158,dag_0007,dag_0007_fn_012,warm_reuse,host-9,ctr-593,0,9,347,IDLE,RUNNING,1935,2414,19.019384,17901.263694,2418.750000,warm_container_available
307626,req-158,dag_0007,dag_0007_fn_013,warm_reuse,host-16,ctr-594,0,37,237,IDLE,RUNNING,1206,827,28.741075,6294.379999,1507.500000,warm_container_available
306711,req-157,dag_0001,dag_0001_fn_007,cold_start,host-20,ctr-598,963,19,353,,RUNNING,2185,2705,21.822820,9508.806750,2731.250000,no_warm_container
306838,req-156,dag_0005,dag_0005_fn_011,cold_start,host-14,ctr-599,968,19,384,,RUNNING,1990,1877,15.295242,6454.981141,2487.500000,no_warm_container
307900,req-158,dag_0007,dag_0007_fn_017,warm_reuse,host-24,ctr-595,0,13,182,IDLE,RUNNING,1217,641,27.862452,17355.715260,1521.250000,warm_container_available
308046,req-157,dag_0001,dag_0001_fn_032,warm_reuse,host-17,ctr-591,0,12,289,IDLE,RUNNING,1082,1300,34.355821,23598.277270,1352.500000,warm_container_available
308095,req-158,dag_0007,dag_0007_fn_018,warm_reuse,host-8,ctr-596,0,17,381,IDLE,RUNNING,1850,1873,26.303743,12850.285377,2312.500000,warm_container_available
308493,req-158,dag_0007,dag_0007_fn_019,warm_reuse,host-12,ctr-597,0,14,383,IDLE,RUNNING,2457,2786,24.763478,14945.898601,3071.250000,warm_container_available
311775,req-159,dag_0003,dag_0003_fn_022,cold_start,host-3,ctr-600,928,0,255,,RUNNING,1386,1636,0.000000,,1732.500000,no_warm_container
312730,req-160,dag_0015,dag_0015_fn_007,warm_reuse,host-6,ctr-564,0,0,211,IDLE,RUNNING,1401,746,0.000000,,1751.250000,warm_container_available
312941,req-160,dag_0015,dag_0015_fn_004,warm_reuse,host-9,ctr-565,0,25,366,IDLE,RUNNING,2471,2298,33.840261,10832.675972,3088.750000,warm_container_available
313332,req-160,dag_0015,dag_0015_fn_005,cold_start,host-1,ctr-605,681,20,240,,RUNNING,1682,1753,28.268505,11468.894014,2102.500000,no_warm_container
312958,req-159,dag_0003,dag_0003_fn_028,cold_start,host-1,ctr-604,1440,4,264,,RUNNING,1867,1188,5.068042,11980.971473,2333.750000,no_warm_container
314666,req-159,dag_0003,dag_0003_fn_029,warm_reuse,host-4,ctr-602,0,6,251,IDLE,RUNNING,1746,1249,16.513362,24260.289630,2182.500000,warm_container_available
314923,req-159,dag_0003,dag_0003_fn_030,warm_reuse,host-13,ctr-603,0,59,213,IDLE,RUNNING,1436,813,26.111300,3601.454597,1795.000000,warm_container_available
314273,req-160,dag_0015,dag_0015_fn_006,cold_start,host-6,ctr-606,1011,23,361,,RUNNING,1626,1583,33.415142,12108.298389,2032.500000,no_warm_container
315481,req-161,dag_0014,dag_0014_fn_004,cold_start,host-19,ctr-608,952,0,214,,RUNNING,780,1046,0.000000,,975.000000,no_warm_container
315668,req-160,dag_0015,dag_0015_fn_008,cold_start,host-14,ctr-609,1082,64,179,,RUNNING,1227,904,25.449310,3184.095406,1533.750000,no_warm_container
316647,req-161,dag_0014,dag_0014_fn_006,cold_start,host-17,ctr-610,513,74,170,,RUNNING,1009,1327,23.759325,2602.682929,1261.250000,no_warm_container
317404,req-161,dag_0014,dag_0014_fn_008,cold_start,host-3,ctr-611,777,26,352,,RUNNING,1423,1918,26.793608,8515.606688,1778.750000,no_warm_container
318009,req-162,dag_0011,dag_0011_fn_007,cold_start,host-19,ctr-613,734,0,212,,RUNNING,1385,1078,0.000000,,1731.250000,no_warm_container
318955,req-162,dag_0011,dag_0011_fn_008,cold_start,host-12,ctr-616,657,11,236,,RUNNING,1126,916,15.485135,11287.931143,1407.500000,no_warm_container
318614,req-163,dag_0002,dag_0002_fn_012,cold_start,host-24,ctr-615,1372,0,300,,RUNNING,1989,1467,0.000000,,2486.250000,no_warm_container
318559,req-161,dag_0014,dag_0014_fn_009,cold_start,host-17,ctr-614,1578,15,335,,RUNNING,1851,2312,9.152835,5112.983107,2313.750000,no_warm_container
320417,req-165,dag_0005,dag_0005_fn_007,warm_reuse,host-10,ctr-489,0,0,367,IDLE,RUNNING,2124,2384,0.000000,,2655.000000,warm_container_available
320110,req-164,dag_0012,dag_0012_fn_006,cold_start,host-23,ctr-618,1034,0,219,,RUNNING,839,570,0.000000,,1048.750000,no_warm_container
319859,req-162,dag_0011,dag_0011_fn_011,cold_start,host-3,ctr-617,1298,67,285,,RUNNING,973,1558,28.048344,3350.418638,1216.250000,no_warm_container
320784,req-165,dag_0005,dag_0005_fn_005,cold_start,host-16,ctr-620,841,5,169,,RUNNING,1424,1148,9.046479,17522.409326,1780.000000,no_warm_container
320286,req-163,dag_0002,dag_0002_fn_008,cold_start,host-8,ctr-619,1561,5,293,,RUNNING,1692,2022,7.980514,12850.285377,2115.000000,no_warm_container
321363,req-164,dag_0012,dag_0012_fn_007,cold_start,host-1,ctr-634,647,12,345,,RUNNING,1257,1937,32.516473,22104.273250,1571.250000,no_warm_container
321509,req-162,dag_0011,dag_0011_fn_012,cold_start,host-12,ctr-635,611,16,168,,RUNNING,831,1049,23.067503,12253.977668,1038.750000,no_warm_container
322145,req-163,dag_0002,dag_0002_fn_014,warm_reuse,host-6,ctr-623,0,17,289,IDLE,RUNNING,2107,1863,22.696604,11144.293892,2633.750000,warm_container_available
322304,req-162,dag_0011,dag_0011_fn_013,warm_reuse,host-2,ctr-628,0,15,228,IDLE,RUNNING,1019,563,27.069235,14790.693815,1273.750000,warm_container_available
322451,req-163,dag_0002,dag_0002_fn_009,warm_reuse,host-11,ctr-621,0,10,262,IDLE,RUNNING,1091,1460,27.518717,23531.236617,1363.750000,warm_container_available
322547,req-162,dag_0011,dag_0011_fn_014,warm_reuse,host-14,ctr-629,0,10,256,IDLE,RUNNING,1646,1241,26.999585,21951.196998,2057.500000,warm_container_available
322723,req-163,dag_0002,dag_0002_fn_010,warm_reuse,host-13,ctr-622,0,109,305,IDLE,RUNNING,1128,1630,19.973001,1468.381159,1410.000000,warm_container_available
321799,req-165,dag_0005,dag_0005_fn_006,cold_start,host-15,ctr-636,1235,11,245,,RUNNING,1548,1043,12.782703,9846.586687,1935.000000,no_warm_container
323290,req-165,dag_0005,dag_0005_fn_010,warm_reuse,host-4,ctr-625,0,9,192,IDLE,RUNNING,1446,1444,20.508260,19442.661953,1807.500000,warm_container_available
321927,req-166,dag_0010,dag_0010_fn_009,cold_start,host-3,ctr-637,1505,0,157,,RUNNING,1227,1200,0.000000,,1533.750000,no_warm_container
323491,req-165,dag_0005,dag_0005_fn_013,warm_reuse,host-18,ctr-626,0,6,391,IDLE,RUNNING,2050,2686,16.572930,24309.449782,2562.500000,warm_container_available
322367,req-164,dag_0012,dag_0012_fn_008,cold_start,host-20,ctr-638,1500,32,195,,RUNNING,1254,1103,13.416866,3398.023298,1567.500000,no_warm_container
323137,req-163,dag_0002,dag_0002_fn_029,cold_start,host-21,ctr-639,829,9,348,,RUNNING,1694,2261,18.545680,17793.407574,2117.500000,no_warm_container
324094,req-164,dag_0012,dag_0012_fn_012,warm_reuse,host-23,ctr-632,0,9,388,IDLE,RUNNING,2309,2949,24.385805,22577.979120,2886.250000,warm_container_available
324491,req-164,dag_0012,dag_0012_fn_013,warm_reuse,host-19,ctr-633,0,10,134,IDLE,RUNNING,946,1015,27.879769,22392.099810,1182.500000,warm_container_available
323589,req-166,dag_0010,dag_0010_fn_012,cold_start,host-22,ctr-640,1113,17,338,,RUNNING,2361,2606,30.320737,15119.332154,2951.250000,no_warm_container
325057,req-166,dag_0010,dag_0010_fn_013,warm_reuse,host-2,ctr-642,0,18,377,IDLE,RUNNING,1908,2224,18.487276,8446.706648,2385.000000,warm_container_available
324323,req-163,dag_0002,dag_0002_fn_030,cold_start,host-16,ctr-644,845,54,424,,RUNNING,2022,2269,22.307476,3308.186299,2527.500000,no_warm_container
325452,req-166,dag_0010,dag_0010_fn_014,warm_reuse,host-7,ctr-643,0,31,404,IDLE,RUNNING,2129,2221,31.036224,8168.287893,2661.250000,warm_container_available
326725,req-167,dag_0009,dag_0009_fn_001,cold_start,host-18,ctr-645,1223,0,146,,RUNNING,852,1073,0.000000,,1065.000000,no_warm_container
328094,req-167,dag_0009,dag_0009_fn_002,cold_start,host-9,ctr-648,1374,5,175,,RUNNING,889,522,10.651236,20897.461845,1111.250000,no_warm_container
329648,req-167,dag_0009,dag_0009_fn_014,warm_reuse,host-13,ctr-647,0,9,239,IDLE,RUNNING,1630,1533,24.384062,23469.043345,2037.500000,warm_container_available
330843,req-168,dag_0011,dag_0011_fn_007,warm_reuse,host-19,ctr-613,0,0,212,IDLE,RUNNING,1385,1078,0.000000,,1731.250000,warm_container_available
331055,req-168,dag_0011,dag_0011_fn_008,warm_reuse,host-12,ctr-616,0,11,236,IDLE,RUNNING,1126,916,15.485135,11287.931143,1407.500000,warm_container_available
331302,req-168,dag_0011,dag_0011_fn_011,warm_reuse,host-3,ctr-617,0,67,285,IDLE,RUNNING,973,1558,28.048344,3350.418638,1216.250000,warm_container_available
331654,req-168,dag_0011,dag_0011_fn_012,warm_reuse,host-12,ctr-635,0,16,168,IDLE,RUNNING,831,1049,23.067503,12253.977668,1038.750000,warm_container_available
331838,req-168,dag_0011,dag_0011_fn_013,warm_reuse,host-2,ctr-628,0,15,228,IDLE,RUNNING,1019,563,27.069235,14790.693815,1273.750000,warm_container_available
332081,req-168,dag_0011,dag_0011_fn_014,warm_reuse,host-14,ctr-629,0,10,256,IDLE,RUNNING,1646,1241,26.999585,21951.196998,2057.500000,warm_container_available
331501,req-169,dag_0002,dag_0002_fn_026,cold_start,host-20,ctr-649,1379,0,168,,RUNNING,914,1018,0.000000,,1142.500000,no_warm_container
333048,req-169,dag_0002,dag_0002_fn_027,cold_start,host-17,ctr-654,637,11,147,,RUNNING,1224,833,29.545956,23598.277270,1530.000000,no_warm_container
332939,req-170,dag_0015,dag_0015_fn_002,cold_start,host-8,ctr-650,960,0,342,,RUNNING,1366,1581,0.000000,,1707.500000,no_warm_container
333843,req-169,dag_0002,dag_0002_fn_028,cold_start,host-18,ctr-656,859,9,286,,RUNNING,1535,1525,23.750071,22602.281420,1918.750000,no_warm_container
333435,req-171,dag_0013,dag_0013_fn_008,cold_start,host-14,ctr-655,1571,0,299,,RUNNING,1408,1882,0.000000,,1760.000000,no_warm_container
334997,req-169,dag_0002,dag_0002_fn_029,warm_reuse,host-21,ctr-639,0,21,348,IDLE,RUNNING,1694,2261,34.642392,13624.035027,2117.500000,warm_container_available
334364,req-172,dag_0003,dag_0003_fn_022,cold_start,host-5,ctr-658,928,0,255,,RUNNING,1386,1636,0.000000,,1732.500000,no_warm_container
335366,req-169,dag_0002,dag_0002_fn_030,warm_reuse,host-16,ctr-644,0,54,424,IDLE,RUNNING,2022,2269,22.307476,3308.186299,2527.500000,warm_container_available
334241,req-170,dag_0015,dag_0015_fn_003,cold_start,host-9,ctr-657,1480,53,337,,RUNNING,1700,1505,22.869483,3500.719714,2125.000000,no_warm_container
335305,req-171,dag_0013,dag_0013_fn_009,cold_start,host-1,ctr-659,773,13,179,,RUNNING,976,1261,8.345903,5340.291705,1220.000000,no_warm_container
335427,req-173,dag_0012,dag_0012_fn_010,cold_start,host-4,ctr-660,818,0,209,,RUNNING,872,872,0.000000,,1090.000000,no_warm_container
336454,req-173,dag_0012,dag_0012_fn_012,warm_reuse,host-23,ctr-632,0,16,388,IDLE,RUNNING,2309,2949,10.740312,5551.994866,2886.250000,warm_container_available
336111,req-170,dag_0015,dag_0015_fn_005,cold_start,host-2,ctr-667,681,20,240,,RUNNING,1682,1753,27.826786,11524.893222,2102.500000,no_warm_container
336858,req-173,dag_0012,dag_0012_fn_013,warm_reuse,host-19,ctr-633,0,10,134,IDLE,RUNNING,946,1015,27.879769,22392.099810,1182.500000,warm_container_available
335547,req-172,dag_0003,dag_0003_fn_028,cold_start,host-1,ctr-661,1440,14,264,,RUNNING,1867,1188,5.068042,3014.991767,2333.750000,no_warm_container
336270,req-171,dag_0013,dag_0013_fn_010,cold_start,host-10,ctr-668,778,10,273,,RUNNING,1853,1407,27.427542,22752.907726,2316.250000,no_warm_container
337052,req-170,dag_0015,dag_0015_fn_006,warm_reuse,host-13,ctr-666,0,21,361,IDLE,RUNNING,1626,1583,33.415142,13168.139926,2032.500000,warm_container_available
337265,req-172,dag_0003,dag_0003_fn_029,warm_reuse,host-6,ctr-662,0,11,251,IDLE,RUNNING,1746,1249,16.513362,12108.298389,2182.500000,warm_container_available
337434,req-170,dag_0015,dag_0015_fn_008,cold_start,host-24,ctr-669,1082,16,179,,RUNNING,1227,904,25.449310,13378.871422,1533.750000,no_warm_container
337527,req-172,dag_0003,dag_0003_fn_030,cold_start,host-19,ctr-670,1549,18,213,,RUNNING,1436,813,26.111300,12286.054661,1795.000000,no_warm_container
338623,req-174,dag_0019,dag_0019_fn_001,cold_start,host-14,ctr-671,894,0,200,,RUNNING,1206,1506,0.000000,,1507.500000,no_warm_container
339791,req-176,dag_0005,dag_0005_fn_007,warm_reuse,host-10,ctr-489,0,0,367,IDLE,RUNNING,2124,2384,0.000000,,2655.000000,warm_container_available
340158,req-176,dag_0005,dag_0005_fn_005,warm_reuse,host-16,ctr-620,0,5,169,IDLE,RUNNING,1424,1148,9.046479,17522.409326,1780.000000,warm_container_available
340332,req-176,dag_0005,dag_0005_fn_006,warm_reuse,host-15,ctr-636,0,11,245,IDLE,RUNNING,1548,1043,12.782703,9846.586687,1935.000000,warm_container_available
340588,req-176,dag_0005,dag_0005_fn_010,warm_reuse,host-4,ctr-625,0,9,192,IDLE,RUNNING,1446,1444,20.508260,19442.661953,1807.500000,warm_container_available
339096,req-175,dag_0002,dag_0002_fn_024,cold_start,host-17,ctr-674,1588,0,298,,RUNNING,1370,1197,0.000000,,1712.500000,no_warm_container
340789,req-176,dag_0005,dag_0005_fn_013,warm_reuse,host-18,ctr-626,0,6,391,IDLE,RUNNING,2050,2686,16.572930,24309.449782,2562.500000,warm_container_available
339717,req-174,dag_0019,dag_0019_fn_002,cold_start,host-23,ctr-675,1152,16,311,,RUNNING,2247,1909,20.483005,10769.906694,2808.750000,no_warm_container
341927,req-177,dag_0010,dag_0010_fn_009,warm_reuse,host-3,ctr-637,0,0,157,IDLE,RUNNING,1227,1200,0.000000,,1533.750000,warm_container_available
342084,req-177,dag_0010,dag_0010_fn_012,warm_reuse,host-22,ctr-640,0,17,338,IDLE,RUNNING,2361,2606,30.320737,15119.332154,2951.250000,warm_container_available
340982,req-175,dag_0002,dag_0002_fn_016,cold_start,host-15,ctr-676,1392,25,335,,RUNNING,1321,1621,29.715526,9567.989488,1651.250000,no_warm_container
342439,req-177,dag_0010,dag_0010_fn_013,warm_reuse,host-2,ctr-642,0,18,377,IDLE,RUNNING,1908,2224,18.487276,8446.706648,2385.000000,warm_container_available
342734,req-175,dag_0002,dag_0002_fn_009,warm_reuse,host-11,ctr-621,0,11,262,IDLE,RUNNING,1091,1460,18.205203,13953.367164,1363.750000,warm_container_available
342834,req-177,dag_0010,dag_0010_fn_014,warm_reuse,host-7,ctr-643,0,31,404,IDLE,RUNNING,2129,2221,31.036224,8168.287893,2661.250000,warm_container_available
343007,req-175,dag_0002,dag_0002_fn_010,warm_reuse,host-13,ctr-622,0,109,305,IDLE,RUNNING,1128,1630,19.973001,1468.381159,1410.000000,warm_container_available
343421,req-175,dag_0002,dag_0002_fn_029,warm_reuse,host-21,ctr-639,0,9,348,IDLE,RUNNING,1694,2261,18.545680,17793.407574,2117.500000,warm_container_available
343778,req-175,dag_0002,dag_0002_fn_030,warm_reuse,host-16,ctr-644,0,54,424,IDLE,RUNNING,2022,2269,22.307476,3308.186299,2527.500000,warm_container_available
347719,req-178,dag_0009,dag_0009_fn_012,cold_start,host-24,ctr-677,567,0,176,,RUNNING,1223,1424,0.000000,,1528.750000,no_warm_container
348462,req-178,dag_0009,dag_0009_fn_004,cold_start,host-6,ctr-679,1013,50,424,,RUNNING,2285,2568,31.378274,5020.687992,2856.250000,no_warm_container
349949,req-178,dag_0009,dag_0009_fn_014,warm_reuse,host-13,ctr-647,0,10,239,IDLE,RUNNING,1630,1533,11.504602,9646.870626,2037.500000,warm_container_available
351964,req-180,dag_0012,dag_0012_fn_010,warm_reuse,host-4,ctr-660,0,0,209,IDLE,RUNNING,872,872,0.000000,,1090.000000,warm_container_available
350817,req-179,dag_0015,dag_0015_fn_007,cold_start,host-7,ctr-680,1368,0,211,,RUNNING,1401,746,0.000000,,1751.250000,no_warm_container
352173,req-180,dag_0012,dag_0012_fn_012,warm_reuse,host-23,ctr-632,0,16,388,IDLE,RUNNING,2309,2949,10.740312,5551.994866,2886.250000,warm_container_available
352396,req-179,dag_0015,dag_0015_fn_004,warm_reuse,host-22,ctr-681,0,13,366,IDLE,RUNNING,2471,2298,33.840261,21288.040372,3088.750000,warm_container_available
352577,req-180,dag_0012,dag_0012_fn_013,warm_reuse,host-19,ctr-633,0,10,134,IDLE,RUNNING,946,1015,27.879769,22392.099810,1182.500000,warm_container_available
352775,req-179,dag_0015,dag_0015_fn_005,warm_reuse,host-5,ctr-665,0,13,240,IDLE,RUNNING,1682,1753,28.268505,17639.845128,2102.500000,warm_container_available
353028,req-179,dag_0015,dag_0015_fn_006,warm_reuse,host-13,ctr-666,0,24,361,IDLE,RUNNING,1626,1583,33.415142,11182.131164,2032.500000,warm_container_available
352422,req-181,dag_0018,dag_0018_fn_001,cold_start,host-12,ctr-682,998,0,192,,RUNNING,1280,600,0.000000,,1600.000000,no_warm_container
353413,req-179,dag_0015,dag_0015_fn_008,warm_reuse,host-24,ctr-669,0,16,179,IDLE,RUNNING,1227,904,25.449310,13378.871422,1533.750000,warm_container_available
353612,req-181,dag_0018,dag_0018_fn_002,cold_start,host-19,ctr-683,906,6,390,,RUNNING,1859,2606,17.386138,24546.798601,2323.750000,no_warm_container
353758,req-182,dag_0003,dag_0003_fn_013,cold_start,host-20,ctr-684,949,0,278,,RUNNING,1455,1403,0.000000,,1818.750000,no_warm_container
354985,req-182,dag_0003,dag_0003_fn_014,cold_start,host-12,ctr-688,1305,4,134,,RUNNING,954,641,5.766705,13980.477547,1192.500000,no_warm_container
354914,req-181,dag_0018,dag_0018_fn_006,cold_start,host-20,ctr-687,1409,13,321,,RUNNING,2300,2487,33.364492,21336.547121,2875.000000,no_warm_container
356428,req-182,dag_0003,dag_0003_fn_028,warm_reuse,host-1,ctr-661,0,12,264,IDLE,RUNNING,1867,1188,12.598050,8949.001085,2333.750000,warm_container_available
356704,req-182,dag_0003,dag_0003_fn_029,warm_reuse,host-6,ctr-662,0,11,251,IDLE,RUNNING,1746,1249,16.513362,12108.298389,2182.500000,warm_container_available
356966,req-182,dag_0003,dag_0003_fn_030,warm_reuse,host-4,ctr-663,0,15,213,IDLE,RUNNING,1436,813,26.111300,13975.542262,1795.000000,warm_container_available
360917,req-183,dag_0003,dag_0003_fn_010,cold_start,host-9,ctr-689,422,0,169,,RUNNING,1361,598,0.000000,,1701.250000,no_warm_container
361508,req-183,dag_0003,dag_0003_fn_011,cold_start,host-8,ctr-690,497,6,165,,RUNNING,1209,953,8.517297,11576.116776,1511.250000,no_warm_container
361564,req-184,dag_0009,dag_0009_fn_001,cold_start,host-14,ctr-691,1223,0,146,,RUNNING,852,1073,0.000000,,1065.000000,no_warm_container
362176,req-183,dag_0003,dag_0003_fn_012,cold_start,host-18,ctr-693,795,9,358,,RUNNING,1695,2132,25.768738,24492.197974,2118.750000,no_warm_container
361927,req-185,dag_0010,dag_0010_fn_004,cold_start,host-10,ctr-692,1270,0,166,,RUNNING,1387,874,0.000000,,1733.750000,no_warm_container
363338,req-183,dag_0003,dag_0003_fn_014,warm_reuse,host-12,ctr-685,0,6,134,IDLE,RUNNING,954,641,9.239683,12329.221823,1192.500000,warm_container_available
363478,req-183,dag_0003,dag_0003_fn_028,warm_reuse,host-1,ctr-661,0,12,264,IDLE,RUNNING,1867,1188,12.598050,8949.001085,2333.750000,warm_container_available
363754,req-183,dag_0003,dag_0003_fn_029,warm_reuse,host-6,ctr-662,0,11,251,IDLE,RUNNING,1746,1249,16.513362,12108.298389,2182.500000,warm_container_available
364016,req-183,dag_0003,dag_0003_fn_030,warm_reuse,host-4,ctr-663,0,15,213,IDLE,RUNNING,1436,813,26.111300,13975.542262,1795.000000,warm_container_available
362933,req-184,dag_0009,dag_0009_fn_002,cold_start,host-14,ctr-694,1374,0,175,,RUNNING,889,522,10.651236,,1111.250000,no_warm_container
363741,req-186,dag_0011,dag_0011_fn_007,cold_start,host-17,ctr-699,734,0,212,,RUNNING,1385,1078,0.000000,,1731.250000,no_warm_container
364482,req-184,dag_0009,dag_0009_fn_014,warm_reuse,host-13,ctr-647,0,12,239,IDLE,RUNNING,1630,1533,24.384062,16313.147166,2037.500000,warm_container_available
363363,req-185,dag_0010,dag_0010_fn_005,cold_start,host-11,ctr-698,1285,17,262,,RUNNING,1553,1727,11.385418,5690.398313,1941.250000,no_warm_container
364927,req-185,dag_0010,dag_0010_fn_006,warm_reuse,host-3,ctr-696,0,21,371,IDLE,RUNNING,1969,2257,32.040049,12784.021286,2461.250000,warm_container_available
364220,req-187,dag_0008,dag_0008_fn_013,cold_start,host-8,ctr-700,766,0,120,,RUNNING,1288,1283,0.000000,,1610.000000,no_warm_container
365319,req-185,dag_0010,dag_0010_fn_007,warm_reuse,host-15,ctr-697,0,14,365,IDLE,RUNNING,1551,2231,33.484786,19807.880776,1938.750000,warm_container_available
364687,req-186,dag_0011,dag_0011_fn_008,cold_start,host-7,ctr-703,657,12,236,,RUNNING,1126,916,15.485135,10925.529897,1407.500000,no_warm_container
364369,req-188,dag_0005,dag_0005_fn_007,cold_start,host-9,ctr-701,1275,0,367,,RUNNING,2124,2384,0.000000,,2655.000000,no_warm_container
365106,req-187,dag_0008,dag_0008_fn_001,cold_start,host-16,ctr-704,834,26,354,,RUNNING,2598,2473,31.707319,9858.983916,3247.500000,no_warm_container
364557,req-189,dag_0012,dag_0012_fn_009,cold_start,host-10,ctr-702,1591,0,170,,RUNNING,1427,1225,0.000000,,1783.750000,no_warm_container
366318,req-189,dag_0012,dag_0012_fn_012,warm_reuse,host-23,ctr-632,0,6,388,IDLE,RUNNING,2309,2949,13.341765,18231.657871,2886.250000,warm_container_available
366011,req-188,dag_0005,dag_0005_fn_016,cold_start,host-24,ctr-716,618,4,226,,RUNNING,860,531,9.046479,21935.170685,1075.000000,no_warm_container
366712,req-189,dag_0012,dag_0012_fn_013,warm_reuse,host-19,ctr-633,0,10,134,IDLE,RUNNING,946,1015,27.879769,22392.099810,1182.500000,warm_container_available
365592,req-186,dag_0011,dag_0011_fn_011,cold_start,host-15,ctr-705,1298,14,285,,RUNNING,973,1558,28.048344,17231.240139,1216.250000,no_warm_container
367189,req-186,dag_0011,dag_0011_fn_012,warm_reuse,host-3,ctr-713,0,17,168,IDLE,RUNNING,831,1049,23.067503,11279.201876,1038.750000,warm_container_available
367374,req-186,dag_0011,dag_0011_fn_013,warm_reuse,host-4,ctr-714,0,10,228,IDLE,RUNNING,1019,563,27.069235,23682.132863,1273.750000,warm_container_available
367612,req-186,dag_0011,dag_0011_fn_014,warm_reuse,host-23,ctr-715,0,39,256,IDLE,RUNNING,1646,1241,26.999585,5551.994866,2057.500000,warm_container_available
366320,req-187,dag_0008,dag_0008_fn_002,cold_start,host-22,ctr-717,1359,9,264,,RUNNING,1429,1070,9.801419,8874.627623,1786.250000,no_warm_container
367173,req-190,dag_0020,dag_0020_fn_002,cold_start,host-15,ctr-719,626,0,239,,RUNNING,1616,1567,0.000000,,2020.000000,no_warm_container
367952,req-187,dag_0008,dag_0008_fn_016,warm_reuse,host-1,ctr-711,0,10,338,IDLE,RUNNING,2312,1977,22.148334,18376.014808,2890.000000,warm_container_available
368300,req-187,dag_0008,dag_0008_fn_017,warm_reuse,host-21,ctr-712,0,18,200,IDLE,RUNNING,1490,686,33.572218,15577.776580,1862.500000,warm_container_available
366859,req-188,dag_0005,dag_0005_fn_003,cold_start,host-8,ctr-718,1599,11,199,,RUNNING,1609,1529,16.253019,12850.285377,2011.250000,no_warm_container
368038,req-190,dag_0020,dag_0020_fn_003,cold_start,host-7,ctr-720,1328,65,322,,RUNNING,2265,2314,15.043409,1879.311218,2831.250000,no_warm_container
369753,req-190,dag_0020,dag_0020_fn_004,warm_reuse,host-21,ctr-722,0,21,185,IDLE,RUNNING,1400,1104,17.965145,7163.316737,1750.000000,warm_container_available
368668,req-188,dag_0005,dag_0005_fn_012,cold_start,host-17,ctr-721,1135,11,316,,RUNNING,2372,2377,20.466084,16113.250560,2965.000000,no_warm_container
370130,req-188,dag_0005,dag_0005_fn_013,warm_reuse,host-18,ctr-709,0,12,391,IDLE,RUNNING,2050,2686,32.436835,22602.281420,2562.500000,warm_container_available
369868,req-191,dag_0002,dag_0002_fn_005,cold_start,host-24,ctr-723,1488,0,176,,RUNNING,920,1197,0.000000,,1150.000000,no_warm_container
371532,req-191,dag_0002,dag_0002_fn_001,cold_start,host-6,ctr-724,1115,35,280,,RUNNING,1761,1267,21.472265,5020.687992,2201.250000,no_warm_container
372962,req-191,dag_0002,dag_0002_fn_002,warm_reuse,host-16,ctr-725,0,6,127,IDLE,RUNNING,1007,708,8.041797,11163.477207,1258.750000,warm_container_available
373095,req-191,dag_0002,dag_0002_fn_003,warm_reuse,host-3,ctr-726,0,42,202,IDLE,RUNNING,1099,893,29.774004,5691.800588,1373.750000,warm_container_available
373339,req-191,dag_0002,dag_0002_fn_030,warm_reuse,host-19,ctr-727,0,10,424,IDLE,RUNNING,2022,2269,28.274710,23233.856599,2527.500000,warm_container_available
377010,req-193,dag_0009,dag_0009_fn_012,cold_start,host-20,ctr-729,567,0,176,,RUNNING,1223,1424,0.000000,,1528.750000,no_warm_container
377590,req-195,dag_0003,dag_0003_fn_010,warm_reuse,host-9,ctr-689,0,0,169,IDLE,RUNNING,1361,598,0.000000,,1701.250000,warm_container_available
377759,req-195,dag_0003,dag_0003_fn_011,warm_reuse,host-8,ctr-690,0,6,165,IDLE,RUNNING,1209,953,8.517297,11576.116776,1511.250000,warm_container_available
376957,req-192,dag_0011,dag_0011_fn_004,cold_start,host-22,ctr-728,935,0,331,,RUNNING,2275,2314,0.000000,,2843.750000,no_warm_container
377930,req-195,dag_0003,dag_0003_fn_012,warm_reuse,host-18,ctr-693,0,9,358,IDLE,RUNNING,1695,2132,25.768738,24492.197974,2118.750000,warm_container_available
378223,req-192,dag_0011,dag_0011_fn_011,warm_reuse,host-15,ctr-705,0,15,285,IDLE,RUNNING,973,1558,31.073613,16990.777771,1216.250000,warm_container_available
378297,req-195,dag_0003,dag_0003_fn_014,warm_reuse,host-12,ctr-685,0,6,134,IDLE,RUNNING,954,641,9.239683,12329.221823,1192.500000,warm_container_available
378390,req-196,dag_0005,dag_0005_fn_007,warm_reuse,host-9,ctr-701,0,0,367,IDLE,RUNNING,2124,2384,0.000000,,2655.000000,warm_container_available
378437,req-195,dag_0003,dag_0003_fn_028,warm_reuse,host-1,ctr-661,0,12,264,IDLE,RUNNING,1867,1188,12.598050,8949.001085,2333.750000,warm_container_available
378523,req-192,dag_0011,dag_0011_fn_012,warm_reuse,host-3,ctr-713,0,17,168,IDLE,RUNNING,831,1049,23.067503,11279.201876,1038.750000,warm_container_available
378708,req-192,dag_0011,dag_0011_fn_013,warm_reuse,host-4,ctr-714,0,10,228,IDLE,RUNNING,1019,563,27.069235,23682.132863,1273.750000,warm_container_available
378713,req-195,dag_0003,dag_0003_fn_029,warm_reuse,host-6,ctr-662,0,11,251,IDLE,RUNNING,1746,1249,16.513362,12108.298389,2182.500000,warm_container_available
377529,req-194,dag_0007,dag_0007_fn_014,cold_start,host-12,ctr-730,1237,0,216,,RUNNING,1588,1218,0.000000,,1985.000000,no_warm_container
377753,req-193,dag_0009,dag_0009_fn_004,cold_start,host-20,ctr-731,1013,0,424,,RUNNING,2285,2568,31.378274,,2856.250000,no_warm_container
378757,req-196,dag_0005,dag_0005_fn_005,warm_reuse,host-11,ctr-706,0,20,169,IDLE,RUNNING,1424,1148,9.046479,3764.146900,1780.000000,warm_container_available
378946,req-196,dag_0005,dag_0005_fn_006,warm_reuse,host-2,ctr-707,0,6,245,IDLE,RUNNING,1548,1043,12.782703,19787.274418,1935.000000,warm_container_available
378946,req-192,dag_0011,dag_0011_fn_014,warm_reuse,host-23,ctr-715,0,39,256,IDLE,RUNNING,1646,1241,26.999585,5551.994866,2057.500000,warm_container_available
378975,req-195,dag_0003,dag_0003_fn_030,warm_reuse,host-4,ctr-663,0,15,213,IDLE,RUNNING,1436,813,26.111300,13975.542262,1795.000000,warm_container_available
378982,req-194,dag_0007,dag_0007_fn_017,warm_reuse,host-5,ctr-732,0,29,182,IDLE,RUNNING,1217,641,29.313991,8098.820478,1521.250000,warm_container_available
379190,req-193,dag_0009,dag_0009_fn_014,warm_reuse,host-13,ctr-647,0,4,239,IDLE,RUNNING,1630,1533,11.504602,24781.884705,2037.500000,warm_container_available
379197,req-196,dag_0005,dag_0005_fn_010,warm_reuse,host-5,ctr-708,0,19,192,IDLE,RUNNING,1446,1444,20.508260,9024.108827,1807.500000,warm_container_available
379408,req-196,dag_0005,dag_0005_fn_013,warm_reuse,host-18,ctr-709,0,12,391,IDLE,RUNNING,2050,2686,16.572930,11759.303755,2562.500000,warm_container_available
379193,req-194,dag_0007,dag_0007_fn_018,cold_start,host-4,ctr-735,1291,15,381,,RUNNING,1850,1873,26.303743,14711.069988,2312.500000,no_warm_container
379368,req-197,dag_0015,dag_0015_fn_001,cold_start,host-12,ctr-736,1443,0,385,,RUNNING,2180,2731,0.000000,,2725.000000,no_warm_container
380880,req-194,dag_0007,dag_0007_fn_019,warm_reuse,host-24,ctr-734,0,159,383,IDLE,RUNNING,2457,2786,24.763478,1252.870764,3071.250000,warm_container_available
379815,req-198,dag_0001,dag_0001_fn_027,cold_start,host-5,ctr-737,1332,0,295,,RUNNING,1782,2102,0.000000,,2227.500000,no_warm_container
381196,req-197,dag_0015,dag_0015_fn_006,cold_start,host-13,ctr-745,1011,8,361,,RUNNING,1626,1583,12.985388,13593.789180,2032.500000,no_warm_container
382576,req-197,dag_0015,dag_0015_fn_008,warm_reuse,host-7,ctr-744,0,22,179,IDLE,RUNNING,1227,904,25.449310,9545.539213,1533.750000,warm_container_available
381442,req-198,dag_0001,dag_0001_fn_028,cold_start,host-9,ctr-746,1461,20,312,,RUNNING,2070,1643,16.138389,6536.486695,2587.500000,no_warm_container
383235,req-198,dag_0001,dag_0001_fn_029,warm_reuse,host-21,ctr-739,0,20,256,IDLE,RUNNING,1651,1178,25.020608,10306.206153,2063.750000,warm_container_available
381927,req-199,dag_0010,dag_0010_fn_009,cold_start,host-6,ctr-747,1505,0,157,,RUNNING,1227,1200,0.000000,,1533.750000,no_warm_container
383511,req-198,dag_0001,dag_0001_fn_030,warm_reuse,host-19,ctr-740,0,3,242,IDLE,RUNNING,1691,1352,6.321666,19412.515142,2113.750000,warm_container_available
383756,req-198,dag_0001,dag_0001_fn_031,warm_reuse,host-11,ctr-741,0,9,243,IDLE,RUNNING,941,1340,24.805677,24455.803384,1176.250000,warm_container_available
384008,req-198,dag_0001,dag_0001_fn_032,warm_reuse,host-2,ctr-742,0,10,289,IDLE,RUNNING,1082,1300,24.287085,19787.274418,1352.500000,warm_container_available
383589,req-199,dag_0010,dag_0010_fn_012,cold_start,host-20,ctr-748,1113,49,338,,RUNNING,2361,2606,30.320737,4991.249756,2951.250000,no_warm_container
385089,req-199,dag_0010,dag_0010_fn_013,warm_reuse,host-10,ctr-749,0,8,377,IDLE,RUNNING,1908,2224,18.487276,20827.380385,2385.000000,warm_container_available
385474,req-199,dag_0010,dag_0010_fn_014,warm_reuse,host-16,ctr-750,0,15,404,IDLE,RUNNING,2129,2221,31.036224,17522.409326,2661.250000,warm_container_available
384522,req-200,dag_0002,dag_0002_fn_012,cold_start,host-22,ctr-751,1372,0,300,,RUNNING,1989,1467,0.000000,,2486.250000,no_warm_container
386194,req-200,dag_0002,dag_0002_fn_008,cold_start,host-3,ctr-752,1561,6,293,,RUNNING,1692,2022,7.980514,11039.075824,2115.000000,no_warm_container
387809,req-201,dag_0014,dag_0014_fn_004,cold_start,host-2,ctr-757,952,0,214,,RUNNING,780,1046,0.000000,,975.000000,no_warm_container
388054,req-200,dag_0002,dag_0002_fn_014,cold_start,host-14,ctr-758,1089,10,289,,RUNNING,2107,1863,22.696604,19364.206121,2633.750000,no_warm_container
389442,req-200,dag_0002,dag_0002_fn_009,warm_reuse,host-23,ctr-753,0,21,262,IDLE,RUNNING,1091,1460,27.518717,10769.906694,1363.750000,warm_container_available
388975,req-201,dag_0014,dag_0014_fn_006,cold_start,host-23,ctr-759,513,9,170,,RUNNING,1009,1327,23.759325,22393.330445,1261.250000,no_warm_container
389725,req-200,dag_0002,dag_0002_fn_010,warm_reuse,host-11,ctr-754,0,8,305,IDLE,RUNNING,1128,1630,19.973001,22618.038486,1410.000000,warm_container_available
390038,req-200,dag_0002,dag_0002_fn_029,warm_reuse,host-15,ctr-756,0,78,348,IDLE,RUNNING,1694,2261,18.545680,1914.073927,2117.500000,warm_container_available
389667,req-201,dag_0014,dag_0014_fn_008,cold_start,host-8,ctr-760,777,17,352,,RUNNING,1423,1918,26.793608,12761.842568,1778.750000,no_warm_container
390464,req-200,dag_0002,dag_0002_fn_030,warm_reuse,host-19,ctr-727,0,12,424,IDLE,RUNNING,2022,2269,22.307476,15814.031445,2527.500000,warm_container_available
390297,req-202,dag_0012,dag_0012_fn_009,cold_start,host-21,ctr-762,1591,0,170,,RUNNING,1427,1225,0.000000,,1783.750000,no_warm_container
391653,req-203,dag_0011,dag_0011_fn_006,cold_start,host-17,ctr-764,571,0,273,,RUNNING,1806,2124,0.000000,,2257.500000,no_warm_container
390813,req-201,dag_0014,dag_0014_fn_009,cold_start,host-1,ctr-763,1578,4,335,,RUNNING,1851,2312,9.152835,18910.284725,2313.750000,no_warm_container
392497,req-203,dag_0011,dag_0011_fn_011,warm_reuse,host-15,ctr-705,0,13,285,IDLE,RUNNING,973,1558,14.722002,9567.989488,1216.250000,warm_container_available
392795,req-203,dag_0011,dag_0011_fn_012,warm_reuse,host-3,ctr-713,0,17,168,IDLE,RUNNING,831,1049,23.067503,11279.201876,1038.750000,warm_container_available
392058,req-202,dag_0012,dag_0012_fn_012,cold_start,host-24,ctr-765,851,5,388,,RUNNING,2309,2949,13.341765,22761.152973,2886.250000,no_warm_container
392980,req-203,dag_0011,dag_0011_fn_013,warm_reuse,host-4,ctr-714,0,10,228,IDLE,RUNNING,1019,563,27.069235,23682.132863,1273.750000,warm_container_available
393218,req-203,dag_0011,dag_0011_fn_014,warm_reuse,host-23,ctr-715,0,39,256,IDLE,RUNNING,1646,1241,26.999585,5551.994866,2057.500000,warm_container_available
392659,req-204,dag_0009,dag_0009_fn_001,cold_start,host-8,ctr-766,1223,0,146,,RUNNING,852,1073,0.000000,,1065.000000,no_warm_container
393302,req-202,dag_0012,dag_0012_fn_013,cold_start,host-7,ctr-769,1300,25,134,,RUNNING,946,1015,27.879769,8930.257880,1182.500000,no_warm_container
394028,req-204,dag_0009,dag_0009_fn_002,cold_start,host-16,ctr-770,1374,9,175,,RUNNING,889,522,10.651236,9858.983916,1111.250000,no_warm_container
395586,req-204,dag_0009,dag_0009_fn_014,warm_reuse,host-13,ctr-647,0,42,239,IDLE,RUNNING,1630,1533,24.384062,4699.840468,2037.500000,warm_container_available
396600,req-205,dag_0005,dag_0005_fn_007,warm_reuse,host-9,ctr-701,0,0,367,IDLE,RUNNING,2124,2384,0.000000,,2655.000000,warm_container_available
396967,req-205,dag_0005,dag_0005_fn_005,warm_reuse,host-11,ctr-706,0,20,169,IDLE,RUNNING,1424,1148,9.046479,3764.146900,1780.000000,warm_container_available
397156,req-205,dag_0005,dag_0005_fn_006,warm_reuse,host-2,ctr-707,0,6,245,IDLE,RUNNING,1548,1043,12.782703,19787.274418,1935.000000,warm_container_available
397407,req-205,dag_0005,dag_0005_fn_010,warm_reuse,host-5,ctr-708,0,19,192,IDLE,RUNNING,1446,1444,20.508260,9024.108827,1807.500000,warm_container_available
397618,req-205,dag_0005,dag_0005_fn_013,warm_reuse,host-18,ctr-709,0,12,391,IDLE,RUNNING,2050,2686,16.572930,11759.303755,2562.500000,warm_container_available
398497,req-206,dag_0015,dag_0015_fn_007,cold_start,host-8,ctr-771,1368,0,211,,RUNNING,1401,746,0.000000,,1751.250000,no_warm_container
400076,req-206,dag_0015,dag_0015_fn_004,warm_reuse,host-18,ctr-775,0,12,366,IDLE,RUNNING,2471,2298,33.840261,24492.197974,3088.750000,warm_container_available
399159,req-208,dag_0011,dag_0011_fn_004,cold_start,host-12,ctr-777,935,0,331,,RUNNING,2275,2314,0.000000,,2843.750000,no_warm_container
398661,req-207,dag_0013,dag_0013_fn_008,cold_start,host-3,ctr-772,1571,0,299,,RUNNING,1408,1882,0.000000,,1760.000000,no_warm_container
400425,req-208,dag_0011,dag_0011_fn_011,warm_reuse,host-15,ctr-705,0,16,285,IDLE,RUNNING,973,1558,31.073613,15961.407156,1216.250000,warm_container_available
400454,req-206,dag_0015,dag_0015_fn_005,warm_reuse,host-6,ctr-776,0,10,240,IDLE,RUNNING,1682,1753,28.268505,23500.723762,2102.500000,warm_container_available
400531,req-207,dag_0013,dag_0013_fn_009,warm_reuse,host-1,ctr-773,0,6,179,IDLE,RUNNING,976,1261,8.345903,11980.971473,1220.000000,warm_container_available
400716,req-207,dag_0013,dag_0013_fn_010,warm_reuse,host-22,ctr-774,0,10,273,IDLE,RUNNING,1853,1407,27.427542,24011.121997,2316.250000,warm_container_available
400704,req-206,dag_0015,dag_0015_fn_006,warm_reuse,host-13,ctr-745,0,28,361,IDLE,RUNNING,1626,1583,33.415142,9646.870626,2032.500000,warm_container_available
400726,req-208,dag_0011,dag_0011_fn_012,warm_reuse,host-3,ctr-713,0,17,168,IDLE,RUNNING,831,1049,23.067503,11279.201876,1038.750000,warm_container_available
400911,req-208,dag_0011,dag_0011_fn_013,warm_reuse,host-4,ctr-714,0,10,228,IDLE,RUNNING,1019,563,27.069235,23682.132863,1273.750000,warm_container_available
401093,req-206,dag_0015,dag_0015_fn_008,warm_reuse,host-7,ctr-744,0,22,179,IDLE,RUNNING,1227,904,25.449310,9545.539213,1533.750000,warm_container_available
401149,req-208,dag_0011,dag_0011_fn_014,warm_reuse,host-23,ctr-715,0,39,256,IDLE,RUNNING,1646,1241,26.999585,5551.994866,2057.500000,warm_container_available
401927,req-209,dag_0010,dag_0010_fn_002,cold_start,host-4,ctr-778,713,0,211,,RUNNING,1360,897,0.000000,,1700.000000,no_warm_container
402851,req-209,dag_0010,dag_0010_fn_008,cold_start,host-12,ctr-780,1446,5,165,,RUNNING,1022,581,6.653566,11083.198176,1277.500000,no_warm_container
404467,req-209,dag_0010,dag_0010_fn_013,warm_reuse,host-10,ctr-749,0,9,377,IDLE,RUNNING,1908,2224,12.081508,10802.839689,2385.000000,warm_container_available
403626,req-210,dag_0018,dag_0018_fn_001,cold_start,host-10,ctr-781,998,0,192,,RUNNING,1280,600,0.000000,,1600.000000,no_warm_container
404853,req-209,dag_0010,dag_0010_fn_014,warm_reuse,host-16,ctr-750,0,15,404,IDLE,RUNNING,2129,2221,31.036224,17522.409326,2661.250000,warm_container_available
404816,req-210,dag_0018,dag_0018_fn_002,cold_start,host-21,ctr-782,906,19,390,,RUNNING,1859,2606,17.386138,7338.567846,2323.750000,no_warm_container
406131,req-210,dag_0018,dag_0018_fn_005,cold_start,host-20,ctr-784,589,29,157,,RUNNING,1167,1365,33.364492,9421.293797,1458.750000,no_warm_container
406835,req-211,dag_0003,dag_0003_fn_005,cold_start,host-20,ctr-785,1529,0,209,,RUNNING,1459,871,0.000000,,1823.750000,no_warm_container
408573,req-211,dag_0003,dag_0003_fn_006,cold_start,host-4,ctr-791,904,54,414,,RUNNING,2257,2413,14.381271,2153.581391,2821.250000,no_warm_container
409945,req-211,dag_0003,dag_0003_fn_007,warm_reuse,host-14,ctr-787,0,15,179,IDLE,RUNNING,808,474,29.474464,16745.364444,1010.000000,warm_container_available
410139,req-211,dag_0003,dag_0003_fn_028,warm_reuse,host-9,ctr-788,0,9,264,IDLE,RUNNING,1867,1188,21.835334,21205.369729,2333.750000,warm_container_available
410412,req-211,dag_0003,dag_0003_fn_029,warm_reuse,host-24,ctr-789,0,7,251,IDLE,RUNNING,1746,1249,16.513362,21935.170685,2182.500000,warm_container_available
410670,req-211,dag_0003,dag_0003_fn_030,warm_reuse,host-2,ctr-790,0,19,213,IDLE,RUNNING,1436,813,26.111300,11246.415319,1795.000000,warm_container_available
411825,req-213,dag_0013,dag_0013_fn_008,warm_reuse,host-3,ctr-772,0,0,299,IDLE,RUNNING,1408,1882,0.000000,,1760.000000,warm_container_available
410382,req-212,dag_0002,dag_0002_fn_005,cold_start,host-14,ctr-792,1488,0,176,,RUNNING,920,1197,0.000000,,1150.000000,no_warm_container
412046,req-212,dag_0002,dag_0002_fn_001,cold_start,host-15,ctr-797,1115,18,280,,RUNNING,1761,1267,21.472265,9914.439054,2201.250000,no_warm_container
412124,req-213,dag_0013,dag_0013_fn_007,cold_start,host-7,ctr-798,1110,3,338,,RUNNING,1380,1249,8.345903,23479.202576,1725.000000,no_warm_container
413459,req-212,dag_0002,dag_0002_fn_002,warm_reuse,host-23,ctr-794,0,5,127,IDLE,RUNNING,1007,708,8.041797,13632.132506,1258.750000,warm_container_available
413575,req-213,dag_0013,dag_0013_fn_010,warm_reuse,host-22,ctr-774,0,7,273,IDLE,RUNNING,1853,1407,16.989637,21288.040372,2316.250000,warm_container_available
413591,req-212,dag_0002,dag_0002_fn_003,warm_reuse,host-14,ctr-795,0,12,202,IDLE,RUNNING,1099,893,29.774004,20567.941241,1373.750000,warm_container_available
413805,req-212,dag_0002,dag_0002_fn_030,warm_reuse,host-17,ctr-796,0,20,424,IDLE,RUNNING,2022,2269,28.274710,11608.121266,2527.500000,warm_container_available
414591,req-214,dag_0009,dag_0009_fn_001,warm_reuse,host-8,ctr-766,0,0,146,IDLE,RUNNING,852,1073,0.000000,,1065.000000,warm_container_available
414737,req-214,dag_0009,dag_0009_fn_002,warm_reuse,host-16,ctr-770,0,9,175,IDLE,RUNNING,889,522,10.651236,9858.983916,1111.250000,warm_container_available
414921,req-214,dag_0009,dag_0009_fn_014,warm_reuse,host-13,ctr-647,0,42,239,IDLE,RUNNING,1630,1533,24.384062,4699.840468,2037.500000,warm_container_available
418247,req-215,dag_0015,dag_0015_fn_007,warm_reuse,host-8,ctr-771,0,0,211,IDLE,RUNNING,1401,746,0.000000,,1751.250000,warm_container_available
418458,req-215,dag_0015,dag_0015_fn_004,warm_reuse,host-18,ctr-775,0,12,366,IDLE,RUNNING,2471,2298,33.840261,24492.197974,3088.750000,warm_container_available
418836,req-215,dag_0015,dag_0015_fn_005,warm_reuse,host-6,ctr-776,0,10,240,IDLE,RUNNING,1682,1753,28.268505,23500.723762,2102.500000,warm_container_available
419086,req-215,dag_0015,dag_0015_fn_006,warm_reuse,host-13,ctr-745,0,28,361,IDLE,RUNNING,1626,1583,33.415142,9646.870626,2032.500000,warm_container_available
419475,req-215,dag_0015,dag_0015_fn_008,warm_reuse,host-7,ctr-744,0,22,179,IDLE,RUNNING,1227,904,25.449310,9545.539213,1533.750000,warm_container_available
419026,req-216,dag_0004,dag_0004_fn_008,cold_start,host-1,ctr-799,648,0,204,,RUNNING,1322,1383,0.000000,,1652.500000,no_warm_container
419878,req-216,dag_0004,dag_0004_fn_010,cold_start,host-5,ctr-800,1589,17,302,,RUNNING,1758,1818,16.733574,7974.537795,2197.500000,no_warm_container
422846,req-218,dag_0013,dag_0013_fn_008,warm_reuse,host-3,ctr-772,0,0,299,IDLE,RUNNING,1408,1882,0.000000,,1760.000000,warm_container_available
421927,req-217,dag_0010,dag_0010_fn_004,cold_start,host-12,ctr-801,1270,0,166,,RUNNING,1387,874,0.000000,,1733.750000,no_warm_container
423363,req-217,dag_0010,dag_0010_fn_011,cold_start,host-24,ctr-807,498,10,143,,RUNNING,1067,1016,11.385418,9434.067196,1333.750000,no_warm_container
423145,req-218,dag_0013,dag_0013_fn_009,cold_start,host-6,ctr-806,773,22,179,,RUNNING,976,1261,8.345903,3178.333045,1220.000000,no_warm_container
424119,req-218,dag_0013,dag_0013_fn_010,warm_reuse,host-22,ctr-774,0,12,273,IDLE,RUNNING,1853,1407,27.427542,19213.318309,2316.250000,warm_container_available
422874,req-219,dag_0003,dag_0003_fn_018,cold_start,host-23,ctr-802,1370,0,408,,RUNNING,1840,2189,0.000000,,2300.000000,no_warm_container
424652,req-219,dag_0003,dag_0003_fn_028,warm_reuse,host-9,ctr-788,0,14,264,IDLE,RUNNING,1867,1188,24.085188,13841.803466,2333.750000,warm_container_available
424930,req-219,dag_0003,dag_0003_fn_029,warm_reuse,host-24,ctr-789,0,7,251,IDLE,RUNNING,1746,1249,16.513362,21935.170685,2182.500000,warm_container_available
424014,req-217,dag_0010,dag_0010_fn_012,cold_start,host-5,ctr-808,1113,4,338,,RUNNING,2361,2606,7.039783,14386.255584,2951.250000,no_warm_container
425188,req-219,dag_0003,dag_0003_fn_030,warm_reuse,host-2,ctr-790,0,19,213,IDLE,RUNNING,1436,813,26.111300,11246.415319,1795.000000,warm_container_available
426189,req-221,dag_0013,dag_0013_fn_008,warm_reuse,host-3,ctr-772,0,0,299,IDLE,RUNNING,1408,1882,0.000000,,1760.000000,warm_container_available
425469,req-217,dag_0010,dag_0010_fn_013,cold_start,host-10,ctr-809,1006,30,377,,RUNNING,1908,2224,18.487276,4978.576283,2385.000000,no_warm_container
425934,req-220,dag_0012,dag_0012_fn_010,cold_start,host-12,ctr-810,818,0,209,,RUNNING,872,872,0.000000,,1090.000000,no_warm_container
426961,req-220,dag_0012,dag_0012_fn_012,warm_reuse,host-15,ctr-812,0,6,388,IDLE,RUNNING,2309,2949,10.740312,15961.407156,2886.250000,warm_container_available
426488,req-221,dag_0013,dag_0013_fn_002,cold_start,host-21,ctr-814,605,3,363,,RUNNING,1926,1810,8.345903,23600.349955,2407.500000,no_warm_container
427355,req-220,dag_0012,dag_0012_fn_013,warm_reuse,host-11,ctr-813,0,16,134,IDLE,RUNNING,946,1015,27.879769,13953.367164,1182.500000,warm_container_available
427459,req-221,dag_0013,dag_0013_fn_010,warm_reuse,host-22,ctr-774,0,4,273,IDLE,RUNNING,1853,1407,6.315953,15131.390949,2316.250000,warm_container_available
426600,req-222,dag_0005,dag_0005_fn_007,cold_start,host-9,ctr-815,1275,0,367,,RUNNING,2124,2384,0.000000,,2655.000000,no_warm_container
426882,req-217,dag_0010,dag_0010_fn_014,cold_start,host-10,ctr-816,1184,0,404,,RUNNING,2129,2221,31.036224,,2661.250000,no_warm_container
427517,req-223,dag_0011,dag_0011_fn_007,cold_start,host-19,ctr-817,734,0,212,,RUNNING,1385,1078,0.000000,,1731.250000,no_warm_container
428242,req-222,dag_0005,dag_0005_fn_005,cold_start,host-19,ctr-818,841,3,169,,RUNNING,1424,1148,9.046479,24449.177005,1780.000000,no_warm_container
428463,req-223,dag_0011,dag_0011_fn_008,cold_start,host-20,ctr-819,657,6,236,,RUNNING,1126,916,15.485135,21336.547121,1407.500000,no_warm_container
429255,req-222,dag_0005,dag_0005_fn_006,cold_start,host-18,ctr-827,1235,18,245,,RUNNING,1548,1043,12.782703,5702.285114,1935.000000,no_warm_container
429362,req-223,dag_0011,dag_0011_fn_011,cold_start,host-7,ctr-828,1298,33,285,,RUNNING,973,1558,28.048344,6984.466098,1216.250000,no_warm_container
430753,req-222,dag_0005,dag_0005_fn_010,warm_reuse,host-22,ctr-821,0,16,192,IDLE,RUNNING,1446,1444,20.508260,10514.964015,1807.500000,warm_container_available
430961,req-222,dag_0005,dag_0005_fn_013,warm_reuse,host-21,ctr-822,0,8,391,IDLE,RUNNING,2050,2686,16.572930,17960.675929,2562.500000,warm_container_available
430978,req-223,dag_0011,dag_0011_fn_012,warm_reuse,host-8,ctr-824,0,93,168,IDLE,RUNNING,831,1049,23.067503,1992.546516,1038.750000,warm_container_available
431239,req-223,dag_0011,dag_0011_fn_013,warm_reuse,host-4,ctr-825,0,11,228,IDLE,RUNNING,1019,563,27.069235,20567.590274,1273.750000,warm_container_available
431478,req-223,dag_0011,dag_0011_fn_014,warm_reuse,host-12,ctr-826,0,20,256,IDLE,RUNNING,1646,1241,26.999585,11083.198176,2057.500000,warm_container_available
430319,req-224,dag_0002,dag_0002_fn_012,cold_start,host-4,ctr-829,1372,0,300,,RUNNING,1989,1467,0.000000,,2486.250000,no_warm_container
433445,req-225,dag_0011,dag_0011_fn_007,warm_reuse,host-19,ctr-817,0,0,212,IDLE,RUNNING,1385,1078,0.000000,,1731.250000,warm_container_available
431991,req-224,dag_0002,dag_0002_fn_008,cold_start,host-14,ctr-830,1561,4,293,,RUNNING,1692,2022,7.980514,16745.364444,2115.000000,no_warm_container
433657,req-225,dag_0011,dag_0011_fn_008,warm_reuse,host-20,ctr-819,0,6,236,IDLE,RUNNING,1126,916,15.485135,21336.547121,1407.500000,warm_container_available
433849,req-224,dag_0002,dag_0002_fn_014,warm_reuse,host-11,ctr-833,0,19,289,IDLE,RUNNING,2107,1863,22.696604,10005.484642,2633.750000,warm_container_available
433899,req-225,dag_0011,dag_0011_fn_011,warm_reuse,host-17,ctr-823,0,10,285,IDLE,RUNNING,973,1558,28.048344,23598.277270,1216.250000,warm_container_available
434157,req-224,dag_0002,dag_0002_fn_009,warm_reuse,host-6,ctr-831,0,12,262,IDLE,RUNNING,1091,1460,27.518717,18502.740098,1363.750000,warm_container_available
434194,req-225,dag_0011,dag_0011_fn_012,warm_reuse,host-8,ctr-824,0,13,168,IDLE,RUNNING,831,1049,23.067503,14505.328543,1038.750000,warm_container_available
434375,req-225,dag_0011,dag_0011_fn_013,warm_reuse,host-4,ctr-825,0,11,228,IDLE,RUNNING,1019,563,27.069235,20567.590274,1273.750000,warm_container_available
434431,req-224,dag_0002,dag_0002_fn_010,warm_reuse,host-20,ctr-832,0,33,305,IDLE,RUNNING,1128,1630,19.973001,4991.249756,1410.000000,warm_container_available
434614,req-225,dag_0011,dag_0011_fn_014,warm_reuse,host-12,ctr-826,0,20,256,IDLE,RUNNING,1646,1241,26.999585,11083.198176,2057.500000,warm_container_available
434769,req-224,dag_0002,dag_0002_fn_029,warm_reuse,host-19,ctr-834,0,13,348,IDLE,RUNNING,1694,2261,18.545680,11477.907145,2117.500000,warm_container_available
434889,req-226,dag_0015,dag_0015_fn_007,warm_reuse,host-8,ctr-771,0,0,211,IDLE,RUNNING,1401,746,0.000000,,1751.250000,warm_container_available
434926,req-227,dag_0009,dag_0009_fn_001,warm_reuse,host-8,ctr-766,0,0,146,IDLE,RUNNING,852,1073,0.000000,,1065.000000,warm_container_available
435100,req-226,dag_0015,dag_0015_fn_004,warm_reuse,host-18,ctr-775,0,12,366,IDLE,RUNNING,2471,2298,33.840261,24492.197974,3088.750000,warm_container_available
435478,req-226,dag_0015,dag_0015_fn_005,warm_reuse,host-6,ctr-776,0,10,240,IDLE,RUNNING,1682,1753,28.268505,23500.723762,2102.500000,warm_container_available
435728,req-226,dag_0015,dag_0015_fn_006,warm_reuse,host-13,ctr-745,0,28,361,IDLE,RUNNING,1626,1583,33.415142,9646.870626,2032.500000,warm_container_available
435130,req-224,dag_0002,dag_0002_fn_030,cold_start,host-16,ctr-838,845,10,424,,RUNNING,2022,2269,22.307476,17881.140467,2527.500000,no_warm_container
436117,req-226,dag_0015,dag_0015_fn_008,warm_reuse,host-7,ctr-744,0,22,179,IDLE,RUNNING,1227,904,25.449310,9545.539213,1533.750000,warm_container_available
435072,req-227,dag_0009,dag_0009_fn_002,cold_start,host-23,ctr-837,1374,26,175,,RUNNING,889,522,10.651236,3335.855912,1111.250000,no_warm_container
437557,req-228,dag_0013,dag_0013_fn_008,warm_reuse,host-3,ctr-772,0,0,299,IDLE,RUNNING,1408,1882,0.000000,,1760.000000,warm_container_available
437856,req-228,dag_0013,dag_0013_fn_009,warm_reuse,host-6,ctr-806,0,22,179,IDLE,RUNNING,976,1261,8.345903,3178.333045,1220.000000,warm_container_available
436647,req-227,dag_0009,dag_0009_fn_014,cold_start,host-13,ctr-839,1371,10,239,,RUNNING,1630,1533,24.384062,20453.185703,2037.500000,no_warm_container
438057,req-228,dag_0013,dag_0013_fn_010,warm_reuse,host-22,ctr-774,0,12,273,IDLE,RUNNING,1853,1407,27.427542,19213.318309,2316.250000,warm_container_available
439825,req-229,dag_0002,dag_0002_fn_012,warm_reuse,host-4,ctr-829,0,0,300,IDLE,RUNNING,1989,1467,0.000000,,2486.250000,warm_container_available
440125,req-229,dag_0002,dag_0002_fn_008,warm_reuse,host-14,ctr-830,0,4,293,IDLE,RUNNING,1692,2022,7.980514,16745.364444,2115.000000,warm_container_available
440422,req-229,dag_0002,dag_0002_fn_014,warm_reuse,host-11,ctr-833,0,19,289,IDLE,RUNNING,2107,1863,22.696604,10005.484642,2633.750000,warm_container_available
440730,req-229,dag_0002,dag_0002_fn_009,warm_reuse,host-6,ctr-831,0,12,262,IDLE,RUNNING,1091,1460,27.518717,18502.740098,1363.750000,warm_container_available
441004,req-229,dag_0002,dag_0002_fn_010,warm_reuse,host-20,ctr-832,0,33,305,IDLE,RUNNING,1128,1630,19.973001,4991.249756,1410.000000,warm_container_available
441342,req-229,dag_0002,dag_0002_fn_029,warm_reuse,host-19,ctr-834,0,13,348,IDLE,RUNNING,1694,2261,18.545680,11477.907145,2117.500000,warm_container_available
441703,req-229,dag_0002,dag_0002_fn_030,warm_reuse,host-17,ctr-835,0,69,424,IDLE,RUNNING,2022,2269,22.307476,2602.682929,2527.500000,warm_container_available
440939,req-230,dag_0019,dag_0019_fn_001,cold_start,host-1,ctr-840,894,0,200,,RUNNING,1206,1506,0.000000,,1507.500000,no_warm_container
442602,req-232,dag_0005,dag_0005_fn_007,warm_reuse,host-9,ctr-815,0,0,367,IDLE,RUNNING,2124,2384,0.000000,,2655.000000,warm_container_available
442033,req-230,dag_0019,dag_0019_fn_002,cold_start,host-5,ctr-843,1152,21,311,,RUNNING,2247,1909,20.483005,7974.537795,2808.750000,no_warm_container
441927,req-231,dag_0010,dag_0010_fn_009,cold_start,host-15,ctr-842,1505,0,157,,RUNNING,1227,1200,0.000000,,1533.750000,no_warm_container
443589,req-231,dag_0010,dag_0010_fn_012,warm_reuse,host-5,ctr-808,0,13,338,IDLE,RUNNING,2361,2606,30.320737,18745.948150,2951.250000,warm_container_available
442969,req-232,dag_0005,dag_0005_fn_016,cold_start,host-14,ctr-844,618,36,226,,RUNNING,860,531,9.046479,2037.536986,1075.000000,no_warm_container
443940,req-231,dag_0010,dag_0010_fn_013,warm_reuse,host-10,ctr-809,0,30,377,IDLE,RUNNING,1908,2224,18.487276,4978.576283,2385.000000,warm_container_available
444347,req-231,dag_0010,dag_0010_fn_014,warm_reuse,host-10,ctr-816,0,0,404,IDLE,RUNNING,2129,2221,31.036224,,2661.250000,warm_container_available
443849,req-232,dag_0005,dag_0005_fn_003,cold_start,host-23,ctr-845,1599,13,199,,RUNNING,1609,1529,16.253019,10769.906694,2011.250000,no_warm_container
445660,req-232,dag_0005,dag_0005_fn_012,warm_reuse,host-3,ctr-846,0,18,316,IDLE,RUNNING,2372,2377,20.466084,9557.136145,2965.000000,warm_container_available
445944,req-233,dag_0015,dag_0015_fn_007,warm_reuse,host-8,ctr-771,0,0,211,IDLE,RUNNING,1401,746,0.000000,,1751.250000,warm_container_available
445994,req-232,dag_0005,dag_0005_fn_013,warm_reuse,host-21,ctr-822,0,11,391,IDLE,RUNNING,2050,2686,32.436835,23600.349955,2562.500000,warm_container_available
446155,req-233,dag_0015,dag_0015_fn_004,warm_reuse,host-18,ctr-775,0,12,366,IDLE,RUNNING,2471,2298,33.840261,24492.197974,3088.750000,warm_container_available
446533,req-233,dag_0015,dag_0015_fn_005,warm_reuse,host-6,ctr-776,0,10,240,IDLE,RUNNING,1682,1753,28.268505,23500.723762,2102.500000,warm_container_available
446783,req-233,dag_0015,dag_0015_fn_006,warm_reuse,host-13,ctr-745,0,28,361,IDLE,RUNNING,1626,1583,33.415142,9646.870626,2032.500000,warm_container_available
447172,req-233,dag_0015,dag_0015_fn_008,warm_reuse,host-7,ctr-744,0,22,179,IDLE,RUNNING,1227,904,25.449310,9545.539213,1533.750000,warm_container_available
448753,req-234,dag_0011,dag_0011_fn_004,cold_start,host-24,ctr-847,935,0,331,,RUNNING,2275,2314,0.000000,,2843.750000,no_warm_container
450019,req-234,dag_0011,dag_0011_fn_011,warm_reuse,host-17,ctr-823,0,21,285,IDLE,RUNNING,973,1558,31.073613,12342.890523,1216.250000,warm_container_available
449410,req-235,dag_0018,dag_0018_fn_003,cold_start,host-2,ctr-848,636,0,328,,RUNNING,2263,2580,0.000000,,2828.750000,no_warm_container
450325,req-234,dag_0011,dag_0011_fn_012,warm_reuse,host-8,ctr-824,0,13,168,IDLE,RUNNING,831,1049,23.067503,14505.328543,1038.750000,warm_container_available
450506,req-234,dag_0011,dag_0011_fn_013,warm_reuse,host-4,ctr-825,0,11,228,IDLE,RUNNING,1019,563,27.069235,20567.590274,1273.750000,warm_container_available
450745,req-234,dag_0011,dag_0011_fn_014,warm_reuse,host-12,ctr-826,0,20,256,IDLE,RUNNING,1646,1241,26.999585,11083.198176,2057.500000,warm_container_available
450374,req-235,dag_0018,dag_0018_fn_004,cold_start,host-12,ctr-851,1538,37,251,,RUNNING,1334,1505,15.018022,3254.174263,1667.500000,no_warm_container
451290,req-237,dag_0012,dag_0012_fn_010,cold_start,host-16,ctr-853,818,0,209,,RUNNING,872,872,0.000000,,1090.000000,no_warm_container
452200,req-235,dag_0018,dag_0018_fn_005,warm_reuse,host-15,ctr-850,0,7,157,IDLE,RUNNING,1167,1365,11.976465,15961.407156,1458.750000,warm_container_available
451214,req-236,dag_0003,dag_0003_fn_017,cold_start,host-22,ctr-852,1445,0,372,,RUNNING,1967,2501,0.000000,,2458.750000,no_warm_container
452317,req-237,dag_0012,dag_0012_fn_012,cold_start,host-21,ctr-854,851,4,388,,RUNNING,2309,2949,10.740312,24695.927789,2886.250000,no_warm_container
453031,req-236,dag_0003,dag_0003_fn_028,cold_start,host-24,ctr-859,1440,27,264,,RUNNING,1867,1188,15.754164,4820.507623,2333.750000,no_warm_container
454658,req-238,dag_0002,dag_0002_fn_012,warm_reuse,host-4,ctr-829,0,0,300,IDLE,RUNNING,1989,1467,0.000000,,2486.250000,warm_container_available
454762,req-236,dag_0003,dag_0003_fn_029,warm_reuse,host-9,ctr-856,0,6,251,IDLE,RUNNING,1746,1249,16.513362,22349.322129,2182.500000,warm_container_available
453560,req-237,dag_0012,dag_0012_fn_013,cold_start,host-15,ctr-860,1300,10,134,,RUNNING,946,1015,27.879769,24242.641422,1182.500000,no_warm_container
454958,req-238,dag_0002,dag_0002_fn_008,warm_reuse,host-14,ctr-830,0,4,293,IDLE,RUNNING,1692,2022,7.980514,16745.364444,2115.000000,warm_container_available
455019,req-236,dag_0003,dag_0003_fn_030,warm_reuse,host-20,ctr-857,0,57,213,IDLE,RUNNING,1436,813,26.111300,3713.082985,1795.000000,warm_container_available
455255,req-238,dag_0002,dag_0002_fn_014,warm_reuse,host-11,ctr-833,0,19,289,IDLE,RUNNING,2107,1863,22.696604,10005.484642,2633.750000,warm_container_available
455563,req-238,dag_0002,dag_0002_fn_009,warm_reuse,host-6,ctr-831,0,12,262,IDLE,RUNNING,1091,1460,27.518717,18502.740098,1363.750000,warm_container_available
455837,req-238,dag_0002,dag_0002_fn_010,warm_reuse,host-20,ctr-832,0,33,305,IDLE,RUNNING,1128,1630,19.973001,4991.249756,1410.000000,warm_container_available
456175,req-238,dag_0002,dag_0002_fn_029,warm_reuse,host-19,ctr-834,0,13,348,IDLE,RUNNING,1694,2261,18.545680,11477.907145,2117.500000,warm_container_available
456536,req-238,dag_0002,dag_0002_fn_030,warm_reuse,host-16,ctr-838,0,10,424,IDLE,RUNNING,2022,2269,22.307476,17881.140467,2527.500000,warm_container_available
455785,req-239,dag_0001,dag_0001_fn_001,cold_start,host-19,ctr-861,786,0,234,,RUNNING,1428,1048,0.000000,,1785.000000,no_warm_container
456805,req-239,dag_0001,dag_0001_fn_025,cold_start,host-1,ctr-865,1218,10,293,,RUNNING,1745,1928,18.482314,16258.978080,2181.250000,no_warm_container
458326,req-239,dag_0001,dag_0001_fn_016,cold_start,host-3,ctr-866,997,9,127,,RUNNING,1043,1121,21.822820,21754.675022,1303.750000,no_warm_container
458824,req-240,dag_0009,dag_0009_fn_001,cold_start,host-14,ctr-867,1223,0,146,,RUNNING,852,1073,0.000000,,1065.000000,no_warm_container
458876,req-241,dag_0014,dag_0014_fn_001,cold_start,host-20,ctr-868,1384,0,336,,RUNNING,2431,2920,0.000000,,3038.750000,no_warm_container
460352,req-243,dag_0005,dag_0005_fn_007,warm_reuse,host-9,ctr-815,0,0,367,IDLE,RUNNING,2124,2384,0.000000,,2655.000000,warm_container_available
460596,req-241,dag_0014,dag_0014_fn_002,warm_reuse,host-16,ctr-874,0,4,329,IDLE,RUNNING,2010,2414,7.969419,18264.063273,2512.500000,warm_container_available
459459,req-239,dag_0001,dag_0001_fn_018,cold_start,host-2,ctr-879,1174,2,270,,RUNNING,1186,900,5.753738,23851.135035,1482.500000,no_warm_container
459106,req-242,dag_0013,dag_0013_fn_008,cold_start,host-19,ctr-878,1571,0,299,,RUNNING,1408,1882,0.000000,,1760.000000,no_warm_container
460905,req-239,dag_0001,dag_0001_fn_019,warm_reuse,host-22,ctr-870,0,8,295,IDLE,RUNNING,2044,2311,13.748443,15323.466459,2555.000000,warm_container_available
460929,req-241,dag_0014,dag_0014_fn_003,warm_reuse,host-12,ctr-875,0,10,329,IDLE,RUNNING,1537,1482,8.548646,6857.821848,1921.250000,warm_container_available
461208,req-239,dag_0001,dag_0001_fn_020,warm_reuse,host-23,ctr-871,0,19,369,IDLE,RUNNING,2295,2654,12.249442,5298.007277,2868.750000,warm_container_available
461268,req-241,dag_0014,dag_0014_fn_008,warm_reuse,host-17,ctr-876,0,4,352,IDLE,RUNNING,1423,1918,8.353655,17895.061457,1778.750000,warm_container_available
460193,req-240,dag_0009,dag_0009_fn_002,cold_start,host-15,ctr-880,1374,9,175,,RUNNING,889,522,10.651236,9914.439054,1111.250000,no_warm_container
460719,req-243,dag_0005,dag_0005_fn_005,cold_start,host-14,ctr-881,841,36,169,,RUNNING,1424,1148,9.046479,2037.536986,1780.000000,no_warm_container
461596,req-239,dag_0001,dag_0001_fn_032,warm_reuse,host-23,ctr-864,0,0,289,IDLE,RUNNING,1082,1300,6.618977,,1352.500000,warm_container_available
461624,req-241,dag_0014,dag_0014_fn_009,warm_reuse,host-4,ctr-877,0,9,335,IDLE,RUNNING,1851,2312,9.152835,8150.027095,2313.750000,warm_container_available
461751,req-240,dag_0009,dag_0009_fn_014,warm_reuse,host-13,ctr-873,0,9,239,IDLE,RUNNING,1630,1533,24.384062,23684.125553,2037.500000,warm_container_available
460764,req-244,dag_0020,dag_0020_fn_005,cold_start,host-3,ctr-882,1253,0,270,,RUNNING,1840,1242,0.000000,,2300.000000,no_warm_container
460976,req-242,dag_0013,dag_0013_fn_001,cold_start,host-7,ctr-883,1413,7,303,,RUNNING,1577,1927,8.345903,9746.974389,1971.250000,no_warm_container
461071,req-245,dag_0017,dag_0017_fn_004,cold_start,host-6,ctr-884,1492,0,270,,RUNNING,1317,1251,0.000000,,1646.250000,no_warm_container
461765,req-243,dag_0005,dag_0005_fn_006,cold_start,host-9,ctr-885,1235,5,245,,RUNNING,1548,1043,12.782703,21205.369729,1935.000000,no_warm_container
461927,req-246,dag_0010,dag_0010_fn_004,cold_start,host-11,ctr-886,1270,0,166,,RUNNING,1387,874,0.000000,,1733.750000,no_warm_container
462287,req-244,dag_0020,dag_0020_fn_006,cold_start,host-2,ctr-894,984,3,182,,RUNNING,889,434,8.022456,23851.135035,1111.250000,no_warm_container
463250,req-243,dag_0005,dag_0005_fn_010,warm_reuse,host-22,ctr-887,0,45,192,IDLE,RUNNING,1446,1444,20.508260,3704.182897,1807.500000,warm_container_available
463363,req-246,dag_0010,dag_0010_fn_011,warm_reuse,host-10,ctr-888,0,4,143,IDLE,RUNNING,1067,1016,11.385418,23671.970168,1333.750000,warm_container_available
463487,req-243,dag_0005,dag_0005_fn_013,warm_reuse,host-21,ctr-822,0,8,391,IDLE,RUNNING,2050,2686,16.572930,17960.675929,2562.500000,warm_container_available
462699,req-242,dag_0013,dag_0013_fn_010,cold_start,host-8,ctr-895,778,32,273,,RUNNING,1853,1407,7.762459,1992.546516,2316.250000,no_warm_container
463510,req-246,dag_0010,dag_0010_fn_012,warm_reuse,host-5,ctr-808,0,21,338,IDLE,RUNNING,2361,2606,7.039783,2781.941466,2951.250000,warm_container_available
463869,req-246,dag_0010,dag_0010_fn_013,warm_reuse,host-10,ctr-809,0,30,377,IDLE,RUNNING,1908,2224,18.487276,4978.576283,2385.000000,warm_container_available
462833,req-245,dag_0017,dag_0017_fn_005,cold_start,host-17,ctr-896,1077,15,144,,RUNNING,1348,677,33.571364,18643.369495,1685.000000,no_warm_container
464069,req-245,dag_0017,dag_0017_fn_003,warm_reuse,host-18,ctr-890,0,10,134,IDLE,RUNNING,1110,809,27.945288,22602.281420,1387.500000,warm_container_available
464213,req-245,dag_0017,dag_0017_fn_007,warm_reuse,host-1,ctr-892,0,8,242,IDLE,RUNNING,1336,1039,20.414272,21102.328705,1670.000000,warm_container_available
464276,req-246,dag_0010,dag_0010_fn_014,warm_reuse,host-10,ctr-816,0,0,404,IDLE,RUNNING,2129,2221,31.036224,,2661.250000,warm_container_available
467118,req-247,dag_0011,dag_0011_fn_007,cold_start,host-5,ctr-897,734,0,212,,RUNNING,1385,1078,0.000000,,1731.250000,no_warm_container
468064,req-247,dag_0011,dag_0011_fn_008,cold_start,host-7,ctr-899,657,6,236,,RUNNING,1126,916,15.485135,24116.897210,1407.500000,no_warm_container
468963,req-247,dag_0011,dag_0011_fn_011,warm_reuse,host-17,ctr-823,0,119,285,IDLE,RUNNING,973,1558,28.048344,1894.907725,1216.250000,warm_container_available
469367,req-247,dag_0011,dag_0011_fn_012,warm_reuse,host-8,ctr-824,0,13,168,IDLE,RUNNING,831,1049,23.067503,14505.328543,1038.750000,warm_container_available
469548,req-247,dag_0011,dag_0011_fn_013,warm_reuse,host-4,ctr-825,0,11,228,IDLE,RUNNING,1019,563,27.069235,20567.590274,1273.750000,warm_container_available
469787,req-247,dag_0011,dag_0011_fn_014,warm_reuse,host-12,ctr-826,0,20,256,IDLE,RUNNING,1646,1241,26.999585,11083.198176,2057.500000,warm_container_available
469361,req-248,dag_0003,dag_0003_fn_015,cold_start,host-13,ctr-900,1405,0,173,,RUNNING,980,1123,0.000000,,1225.000000,no_warm_container
470939,req-248,dag_0003,dag_0003_fn_028,warm_reuse,host-11,ctr-855,0,11,264,IDLE,RUNNING,1867,1188,11.957639,8726.934405,2333.750000,warm_container_available
470288,req-249,dag_0019,dag_0019_fn_001,cold_start,host-18,ctr-901,894,0,200,,RUNNING,1206,1506,0.000000,,1507.500000,no_warm_container
471214,req-248,dag_0003,dag_0003_fn_029,warm_reuse,host-9,ctr-856,0,86,251,IDLE,RUNNING,1746,1249,16.513362,1547.021715,2182.500000,warm_container_available
471551,req-248,dag_0003,dag_0003_fn_030,warm_reuse,host-20,ctr-857,0,57,213,IDLE,RUNNING,1436,813,26.111300,3713.082985,1795.000000,warm_container_available
471382,req-249,dag_0019,dag_0019_fn_002,cold_start,host-2,ctr-903,1152,10,311,,RUNNING,2247,1909,20.483005,17316.327862,2808.750000,no_warm_container
472397,req-250,dag_0015,dag_0015_fn_001,cold_start,host-1,ctr-904,1443,0,385,,RUNNING,2180,2731,0.000000,,2725.000000,no_warm_container
474534,req-251,dag_0005,dag_0005_fn_007,warm_reuse,host-9,ctr-815,0,0,367,IDLE,RUNNING,2124,2384,0.000000,,2655.000000,warm_container_available
474225,req-250,dag_0015,dag_0015_fn_006,cold_start,host-15,ctr-907,1011,6,361,,RUNNING,1626,1583,12.985388,18594.207598,2032.500000,no_warm_container
474901,req-251,dag_0005,dag_0005_fn_016,cold_start,host-6,ctr-908,618,9,226,,RUNNING,860,531,9.046479,8545.036482,1075.000000,no_warm_container
475603,req-250,dag_0015,dag_0015_fn_008,warm_reuse,host-12,ctr-906,0,11,179,IDLE,RUNNING,1227,904,25.449310,19765.043234,1533.750000,warm_container_available
475723,req-252,dag_0009,dag_0009_fn_001,warm_reuse,host-14,ctr-867,0,0,146,IDLE,RUNNING,852,1073,0.000000,,1065.000000,warm_container_available
475869,req-252,dag_0009,dag_0009_fn_002,warm_reuse,host-6,ctr-872,0,24,175,IDLE,RUNNING,889,522,10.651236,3607.256446,1111.250000,warm_container_available
476068,req-252,dag_0009,dag_0009_fn_014,warm_reuse,host-13,ctr-873,0,21,239,IDLE,RUNNING,1630,1533,24.384062,9646.870626,2037.500000,warm_container_available
475754,req-251,dag_0005,dag_0005_fn_003,cold_start,host-24,ctr-909,1599,15,199,,RUNNING,1609,1529,16.253019,9043.640197,2011.250000,no_warm_container
477567,req-251,dag_0005,dag_0005_fn_012,cold_start,host-16,ctr-911,1135,13,316,,RUNNING,2372,2377,20.466084,13575.380684,2965.000000,no_warm_container
479031,req-251,dag_0005,dag_0005_fn_013,warm_reuse,host-21,ctr-822,0,11,391,IDLE,RUNNING,2050,2686,32.436835,24695.927789,2562.500000,warm_container_available
478147,req-253,dag_0003,dag_0003_fn_022,cold_start,host-14,ctr-912,928,0,255,,RUNNING,1386,1636,0.000000,,1732.500000,no_warm_container
479330,req-253,dag_0003,dag_0003_fn_028,warm_reuse,host-11,ctr-855,0,5,264,IDLE,RUNNING,1867,1188,5.068042,10005.484642,2333.750000,warm_container_available
479599,req-253,dag_0003,dag_0003_fn_029,warm_reuse,host-9,ctr-856,0,86,251,IDLE,RUNNING,1746,1249,16.513362,1547.021715,2182.500000,warm_container_available
479936,req-253,dag_0003,dag_0003_fn_030,warm_reuse,host-20,ctr-857,0,57,213,IDLE,RUNNING,1436,813,26.111300,3713.082985,1795.000000,warm_container_available
481927,req-254,dag_0010,dag_0010_fn_004,warm_reuse,host-11,ctr-886,0,0,166,IDLE,RUNNING,1387,874,0.000000,,1733.750000,warm_container_available
482093,req-254,dag_0010,dag_0010_fn_011,warm_reuse,host-10,ctr-888,0,4,143,IDLE,RUNNING,1067,1016,11.385418,23671.970168,1333.750000,warm_container_available
482240,req-254,dag_0010,dag_0010_fn_012,warm_reuse,host-5,ctr-808,0,21,338,IDLE,RUNNING,2361,2606,7.039783,2781.941466,2951.250000,warm_container_available
482599,req-254,dag_0010,dag_0010_fn_013,warm_reuse,host-10,ctr-809,0,30,377,IDLE,RUNNING,1908,2224,18.487276,4978.576283,2385.000000,warm_container_available
483006,req-254,dag_0010,dag_0010_fn_014,warm_reuse,host-10,ctr-816,0,0,404,IDLE,RUNNING,2129,2221,31.036224,,2661.250000,warm_container_available
482245,req-255,dag_0015,dag_0015_fn_007,cold_start,host-23,ctr-913,1368,0,211,,RUNNING,1401,746,0.000000,,1751.250000,no_warm_container
482905,req-256,dag_0012,dag_0012_fn_010,cold_start,host-4,ctr-914,818,0,209,,RUNNING,872,872,0.000000,,1090.000000,no_warm_container
483932,req-256,dag_0012,dag_0012_fn_012,warm_reuse,host-20,ctr-916,0,7,388,IDLE,RUNNING,2309,2949,10.740312,14229.558707,2886.250000,warm_container_available
483824,req-255,dag_0015,dag_0015_fn_004,warm_reuse,host-6,ctr-919,0,118,366,IDLE,RUNNING,2471,2298,33.840261,2303.125916,3088.750000,warm_container_available
484308,req-255,dag_0015,dag_0015_fn_005,warm_reuse,host-4,ctr-920,0,17,240,IDLE,RUNNING,1682,1753,28.268505,13975.542262,2102.500000,warm_container_available
484327,req-256,dag_0012,dag_0012_fn_013,warm_reuse,host-22,ctr-917,0,63,134,IDLE,RUNNING,946,1015,27.879769,3558.671625,1182.500000,warm_container_available
482976,req-257,dag_0013,dag_0013_fn_008,cold_start,host-23,ctr-915,1571,0,299,,RUNNING,1408,1882,0.000000,,1760.000000,no_warm_container
484565,req-255,dag_0015,dag_0015_fn_006,warm_reuse,host-15,ctr-907,0,41,361,IDLE,RUNNING,1626,1583,33.415142,6672.979716,2032.500000,warm_container_available
484846,req-257,dag_0013,dag_0013_fn_001,warm_reuse,host-24,ctr-918,0,14,303,IDLE,RUNNING,1577,1927,8.345903,4817.341278,1971.250000,warm_container_available
484967,req-255,dag_0015,dag_0015_fn_008,warm_reuse,host-12,ctr-906,0,11,179,IDLE,RUNNING,1227,904,25.449310,19765.043234,1533.750000,warm_container_available
485163,req-257,dag_0013,dag_0013_fn_010,cold_start,host-8,ctr-921,778,5,273,,RUNNING,1853,1407,7.762459,12850.285377,2316.250000,no_warm_container
486834,req-258,dag_0011,dag_0011_fn_006,cold_start,host-22,ctr-922,571,0,273,,RUNNING,1806,2124,0.000000,,2257.500000,no_warm_container
487678,req-258,dag_0011,dag_0011_fn_011,warm_reuse,host-17,ctr-823,0,12,285,IDLE,RUNNING,973,1558,14.722002,10395.440687,1216.250000,warm_container_available
487975,req-258,dag_0011,dag_0011_fn_012,warm_reuse,host-8,ctr-824,0,13,168,IDLE,RUNNING,831,1049,23.067503,14505.328543,1038.750000,warm_container_available
488156,req-258,dag_0011,dag_0011_fn_013,warm_reuse,host-4,ctr-825,0,11,228,IDLE,RUNNING,1019,563,27.069235,20567.590274,1273.750000,warm_container_available
488395,req-258,dag_0011,dag_0011_fn_014,warm_reuse,host-12,ctr-826,0,20,256,IDLE,RUNNING,1646,1241,26.999585,11083.198176,2057.500000,warm_container_available
488723,req-260,dag_0009,dag_0009_fn_001,warm_reuse,host-14,ctr-867,0,0,146,IDLE,RUNNING,852,1073,0.000000,,1065.000000,warm_container_available
488869,req-260,dag_0009,dag_0009_fn_002,warm_reuse,host-6,ctr-872,0,24,175,IDLE,RUNNING,889,522,10.651236,3607.256446,1111.250000,warm_container_available
489068,req-260,dag_0009,dag_0009_fn_014,warm_reuse,host-13,ctr-873,0,21,239,IDLE,RUNNING,1630,1533,24.384062,9646.870626,2037.500000,warm_container_available
488708,req-259,dag_0002,dag_0002_fn_005,cold_start,host-17,ctr-923,1488,0,176,,RUNNING,920,1197,0.000000,,1150.000000,no_warm_container
490372,req-259,dag_0002,dag_0002_fn_001,warm_reuse,host-7,ctr-924,0,16,280,IDLE,RUNNING,1761,1267,21.472265,10925.529897,2201.250000,warm_container_available
490668,req-259,dag_0002,dag_0002_fn_002,warm_reuse,host-18,ctr-925,0,6,127,IDLE,RUNNING,1007,708,8.041797,12682.672788,1258.750000,warm_container_available
490801,req-259,dag_0002,dag_0002_fn_003,warm_reuse,host-15,ctr-926,0,105,202,IDLE,RUNNING,1099,893,29.774004,2281.809807,1373.750000,warm_container_available
491108,req-259,dag_0002,dag_0002_fn_030,warm_reuse,host-7,ctr-927,0,121,424,IDLE,RUNNING,2022,2269,28.274710,1879.311218,2527.500000,warm_container_available
493611,req-261,dag_0003,dag_0003_fn_024,cold_start,host-3,ctr-928,1226,0,315,,RUNNING,1367,1242,0.000000,,1708.750000,no_warm_container
495152,req-261,dag_0003,dag_0003_fn_028,warm_reuse,host-11,ctr-855,0,49,264,IDLE,RUNNING,1867,1188,27.260867,4542.188264,2333.750000,warm_container_available
495465,req-261,dag_0003,dag_0003_fn_029,warm_reuse,host-9,ctr-856,0,86,251,IDLE,RUNNING,1746,1249,16.513362,1547.021715,2182.500000,warm_container_available
495802,req-261,dag_0003,dag_0003_fn_030,warm_reuse,host-20,ctr-857,0,57,213,IDLE,RUNNING,1436,813,26.111300,3713.082985,1795.000000,warm_container_available
495269,req-263,dag_0004,dag_0004_fn_005,cold_start,host-1,ctr-930,1055,0,133,,RUNNING,978,608,0.000000,,1222.500000,no_warm_container
495126,req-262,dag_0005,dag_0005_fn_007,cold_start,host-2,ctr-929,1275,0,367,,RUNNING,2124,2384,0.000000,,2655.000000,no_warm_container
496768,req-262,dag_0005,dag_0005_fn_005,cold_start,host-18,ctr-932,841,6,169,,RUNNING,1424,1148,9.046479,12425.693648,1780.000000,no_warm_container
496457,req-263,dag_0004,dag_0004_fn_007,cold_start,host-1,ctr-931,1254,0,338,,RUNNING,2125,2296,16.571588,,2656.250000,no_warm_container
497784,req-262,dag_0005,dag_0005_fn_006,cold_start,host-3,ctr-933,1235,20,245,,RUNNING,1548,1043,12.782703,5239.880644,1935.000000,no_warm_container
499284,req-262,dag_0005,dag_0005_fn_010,warm_reuse,host-24,ctr-934,0,10,192,IDLE,RUNNING,1446,1444,20.508260,16671.486553,1807.500000,warm_container_available
499486,req-262,dag_0005,dag_0005_fn_013,warm_reuse,host-21,ctr-822,0,11,391,IDLE,RUNNING,2050,2686,16.572930,13092.252281,2562.500000,warm_container_available
498828,req-264,dag_0002,dag_0002_fn_012,cold_start,host-13,ctr-935,1372,0,300,,RUNNING,1989,1467,0.000000,,2486.250000,no_warm_container
500500,req-264,dag_0002,dag_0002_fn_008,cold_start,host-19,ctr-936,1561,6,293,,RUNNING,1692,2022,7.980514,11819.616268,2115.000000,no_warm_container
502360,req-264,dag_0002,dag_0002_fn_014,warm_reuse,host-16,ctr-939,0,11,289,IDLE,RUNNING,2107,1863,22.696604,17881.140467,2633.750000,warm_container_available
502660,req-264,dag_0002,dag_0002_fn_009,warm_reuse,host-16,ctr-937,0,0,262,IDLE,RUNNING,1091,1460,27.518717,,1363.750000,warm_container_available
502922,req-264,dag_0002,dag_0002_fn_010,warm_reuse,host-14,ctr-938,0,8,305,IDLE,RUNNING,1128,1630,19.973001,20235.216721,1410.000000,warm_container_available
503235,req-264,dag_0002,dag_0002_fn_029,warm_reuse,host-19,ctr-940,0,7,348,IDLE,RUNNING,1694,2261,18.545680,21913.148898,2117.500000,warm_container_available
503590,req-264,dag_0002,dag_0002_fn_030,warm_reuse,host-7,ctr-927,0,19,424,IDLE,RUNNING,2022,2269,22.307476,9746.974389,2527.500000,warm_container_available
