timestamp_sec,node,active_containers,busy_containers,max_containers,replicas,inflight,queue_len,utilization,draining_replicas,cpu_total_mcpu,cpu_reserved_mcpu,cpu_utilization,mem_total_mb,mem_reserved_mb,mem_utilization,cold_starting_containers,running_containers,idle_containers
0,host-1,0,0,14,0,0,0,0.000000,0,32000,0,0.000000,131072,0,0.000000,0,0,0
0,host-10,0,0,14,0,0,0,0.000000,0,32000,0,0.000000,131072,0,0.000000,0,0,0
0,host-11,0,0,14,0,0,0,0.000000,0,32000,0,0.000000,131072,0,0.000000,0,0,0
0,host-12,0,0,14,0,0,0,0.000000,0,32000,0,0.000000,131072,0,0.000000,0,0,0
0,host-13,0,0,14,0,0,0,0.000000,0,32000,0,0.000000,131072,0,0.000000,0,0,0
0,host-14,0,0,14,0,0,0,0.000000,0,32000,0,0.000000,131072,0,0.000000,0,0,0
0,host-15,0,0,14,0,0,0,0.000000,0,32000,0,0.000000,131072,0,0.000000,0,0,0
0,host-16,0,0,14,0,0,0,0.000000,0,32000,0,0.000000,131072,0,0.000000,0,0,0
0,host-17,0,0,14,0,0,0,0.000000,0,32000,0,0.000000,131072,0,0.000000,0,0,0
0,host-18,0,0,14,0,0,0,0.000000,0,32000,0,0.000000,131072,0,0.000000,0,0,0
0,host-19,0,0,14,0,0,0,0.000000,0,32000,0,0.000000,131072,0,0.000000,0,0,0
0,host-2,0,0,14,0,0,0,0.000000,0,32000,0,0.000000,131072,0,0.000000,0,0,0
0,host-20,0,0,14,0,0,0,0.000000,0,32000,0,0.000000,131072,0,0.000000,0,0,0
0,host-21,0,0,14,0,0,0,0.000000,0,32000,0,0.000000,131072,0,0.000000,0,0,0
0,host-22,0,0,14,0,0,0,0.000000,0,32000,0,0.000000,131072,0,0.000000,0,0,0
0,host-23,0,0,14,0,0,0,0.000000,0,32000,0,0.000000,131072,0,0.000000,0,0,0
0,host-24,0,0,14,0,0,0,0.000000,0,32000,0,0.000000,131072,0,0.000000,0,0,0
0,host-3,0,0,14,0,0,0,0.000000,0,32000,0,0.000000,131072,0,0.000000,0,0,0
0,host-4,0,0,14,0,0,0,0.000000,0,32000,0,0.000000,131072,0,0.000000,0,0,0
0,host-5,0,0,14,0,0,0,0.000000,0,32000,0,0.000000,131072,0,0.000000,0,0,0
0,host-6,0,0,14,0,0,0,0.000000,0,32000,0,0.000000,131072,0,0.000000,0,0,0
0,host-7,0,0,14,0,0,0,0.000000,0,32000,0,0.000000,131072,0,0.000000,0,0,0
0,host-8,0,0,14,0,0,0,0.000000,0,32000,0,0.000000,131072,0,0.000000,0,0,0
0,host-9,0,0,14,0,0,0,0.000000,0,32000,0,0.000000,131072,0,0.000000,0,0,0
1,host-1,0,0,14,0,0,0,0.000000,0,32000,0,0.000000,131072,0,0.000000,0,0,0
1,host-10,0,0,14,0,0,0,0.000000,0,32000,0,0.000000,131072,0,0.000000,0,0,0
1,host-11,0,0,14,0,0,0,0.000000,0,32000,0,0.000000,131072,0,0.000000,0,0,0
1,host-12,0,0,14,0,0,0,0.000000,0,32000,0,0.000000,131072,0,0.000000,0,0,0
1,host-13,0,0,14,0,0,0,0.000000,0,32000,0,0.000000,131072,0,0.000000,0,0,0
1,host-14,0,0,14,0,0,0,0.000000,0,32000,0,0.000000,131072,0,0.000000,0,0,0
1,host-15,0,0,14,0,0,0,0.000000,0,32000,0,0.000000,131072,0,0.000000,0,0,0
1,host-16,0,0,14,0,0,0,0.000000,0,32000,0,0.000000,131072,0,0.000000,0,0,0
1,host-17,0,0,14,0,0,0,0.000000,0,32000,0,0.000000,131072,0,0.000000,0,0,0
1,host-18,0,0,14,0,0,0,0.000000,0,32000,0,0.000000,131072,0,0.000000,0,0,0
1,host-19,1,1,14,1,1,0,0.043344,0,32000,1387,0.043344,131072,874,0.006668,1,0,0
1,host-2,0,0,14,0,0,0,0.000000,0,32000,0,0.000000,131072,0,0.000000,0,0,0
1,host-20,0,0,14,0,0,0,0.000000,0,32000,0,0.000000,131072,0,0.000000,0,0,0
1,host-21,0,0,14,0,0,0,0.000000,0,32000,0,0.000000,131072,0,0.000000,0,0,0
1,host-22,0,0,14,0,0,0,0.000000,0,32000,0,0.000000,131072,0,0.000000,0,0,0
1,host-23,0,0,14,0,0,0,0.000000,0,32000,0,0.000000,131072,0,0.000000,0,0,0
1,host-24,0,0,14,0,0,0,0.000000,0,32000,0,0.000000,131072,0,0.000000,0,0,0
1,host-3,0,0,14,0,0,0,0.000000,0,32000,0,0.000000,131072,0,0.000000,0,0,0
1,host-4,0,0,14,0,0,0,0.000000,0,32000,0,0.000000,131072,0,0.000000,0,0,0
1,host-5,0,0,14,0,0,0,0.000000,0,32000,0,0.000000,131072,0,0.000000,0,0,0
1,host-6,0,0,14,0,0,0,0.000000,0,32000,0,0.000000,131072,0,0.000000,0,0,0
1,host-7,0,0,14,0,0,0,0.000000,0,32000,0,0.000000,131072,0,0.000000,0,0,0
1,host-8,0,0,14,0,0,0,0.000000,0,32000,0,0.000000,131072,0,0.000000,0,0,0
1,host-9,1,1,14,1,1,0,0.044000,0,32000,1408,0.044000,131072,1882,0.014359,1,0,0
2,host-1,1,1,14,1,1,0,0.043281,0,32000,1385,0.043281,131072,1078,0.008224,1,0,0
2,host-10,0,0,14,0,0,0,0.000000,0,32000,0,0.000000,131072,0,0.000000,0,0,0
2,host-11,0,0,14,0,0,0,0.000000,0,32000,0,0.000000,131072,0,0.000000,0,0,0
2,host-12,0,0,14,0,0,0,0.000000,0,32000,0,0.000000,131072,0,0.000000,0,0,0
2,host-13,0,0,14,0,0,0,0.000000,0,32000,0,0.000000,131072,0,0.000000,0,0,0
2,host-14,0,0,14,0,0,0,0.000000,0,32000,0,0.000000,131072,0,0.000000,0,0,0
2,host-15,0,0,14,0,0,0,0.000000,0,32000,0,0.000000,131072,0,0.000000,0,0,0
2,host-16,0,0,14,0,0,0,0.000000,0,32000,0,0.000000,131072,0,0.000000,0,0,0
2,host-17,0,0,14,0,0,0,0.000000,0,32000,0,0.000000,131072,0,0.000000,0,0,0
2,host-18,0,0,14,0,0,0,0.000000,0,32000,0,0.000000,131072,0,0.000000,0,0,0
2,host-19,1,0,14,1,0,0,0.043344,0,32000,1387,0.043344,131072,874,0.006668,0,0,1
2,host-2,1,1,14,1,1,0,0.048531,0,32000,1553,0.048531,131072,1727,0.013176,1,0,0
2,host-20,0,0,14,0,0,0,0.000000,0,32000,0,0.000000,131072,0,0.000000,0,0,0
2,host-21,0,0,14,0,0,0,0.000000,0,32000,0,0.000000,131072,0,0.000000,0,0,0
2,host-22,0,0,14,0,0,0,0.000000,0,32000,0,0.000000,131072,0,0.000000,0,0,0
2,host-23,1,1,14,1,1,0,0.044594,0,32000,1427,0.044594,131072,1225,0.009346,1,0,0
2,host-24,0,0,14,0,0,0,0.000000,0,32000,0,0.000000,131072,0,0.000000,0,0,0
2,host-3,0,0,14,0,0,0,0.000000,0,32000,0,0.000000,131072,0,0.000000,0,0,0
2,host-4,0,0,14,0,0,0,0.000000,0,32000,0,0.000000,131072,0,0.000000,0,0,0
2,host-5,0,0,14,0,0,0,0.000000,0,32000,0,0.000000,131072,0,0.000000,0,0,0
2,host-6,0,0,14,0,0,0,0.000000,0,32000,0,0.000000,131072,0,0.000000,0,0,0
2,host-7,0,0,14,0,0,0,0.000000,0,32000,0,0.000000,131072,0,0.000000,0,0,0
2,host-8,0,0,14,0,0,0,0.000000,0,32000,0,0.000000,131072,0,0.000000,0,0,0
2,host-9,1,1,14,1,1,0,0.044000,0,32000,1408,0.044000,131072,1882,0.014359,0,1,0
3,host-1,1,0,14,1,0,0,0.043281,0,32000,1385,0.043281,131072,1078,0.008224,0,0,1
3,host-10,1,1,14,1,1,0,0.035187,0,32000,1126,0.035187,131072,916,0.006989,1,0,0
3,host-11,1,1,14,1,1,0,0.029562,0,32000,946,0.029562,131072,1015,0.007744,1,0,0
3,host-12,1,1,14,1,1,0,0.072156,0,32000,2309,0.072156,131072,2949,0.022499,1,0,0
3,host-13,1,1,14,1,1,0,0.061531,0,32000,1969,0.061531,131072,2257,0.017220,1,0,0
3,host-14,1,1,14,1,1,0,0.051437,0,32000,1646,0.051437,131072,1241,0.009468,1,0,0
3,host-15,0,0,14,0,0,0,0.000000,0,32000,0,0.000000,131072,0,0.000000,0,0,0
3,host-16,0,0,14,0,0,0,0.000000,0,32000,0,0.000000,131072,0,0.000000,0,0,0
3,host-17,0,0,14,0,0,0,0.000000,0,32000,0,0.000000,131072,0,0.000000,0,0,0
3,host-18,1,1,14,1,1,0,0.048469,0,32000,1551,0.048469,131072,2231,0.017021,1,0,0
3,host-19,1,0,14,1,0,0,0.043344,0,32000,1387,0.043344,131072,874,0.006668,0,0,1
3,host-2,1,1,14,1,1,0,0.048531,0,32000,1553,0.048531,131072,1727,0.013176,1,0,0
3,host-20,1,1,14,1,1,0,0.043781,0,32000,1401,0.043781,131072,746,0.005692,1,0,0
3,host-21,0,0,14,0,0,0,0.000000,0,32000,0,0.000000,131072,0,0.000000,0,0,0
3,host-22,1,1,14,1,1,0,0.049281,0,32000,1577,0.049281,131072,1927,0.014702,1,0,0
3,host-23,1,1,14,1,1,0,0.044594,0,32000,1427,0.044594,131072,1225,0.009346,1,0,0
3,host-24,1,1,14,1,1,0,0.030406,0,32000,973,0.030406,131072,1558,0.011887,1,0,0
3,host-3,1,1,14,1,1,0,0.025969,0,32000,831,0.025969,131072,1049,0.008003,1,0,0
3,host-4,0,0,14,0,0,0,0.000000,0,32000,0,0.000000,131072,0,0.000000,0,0,0
3,host-5,1,1,14,1,1,0,0.038344,0,32000,1227,0.038344,131072,904,0.006897,1,0,0
3,host-6,1,1,14,1,1,0,0.031844,0,32000,1019,0.031844,131072,563,0.004295,1,0,0
3,host-7,1,1,14,1,1,0,0.057906,0,32000,1853,0.057906,131072,1407,0.010735,1,0,0
3,host-8,0,0,14,0,0,0,0.000000,0,32000,0,0.000000,131072,0,0.000000,0,0,0
3,host-9,1,0,14,1,0,0,0.044000,0,32000,1408,0.044000,131072,1882,0.014359,0,0,1
4,host-1,1,0,14,1,0,0,0.043281,0,32000,1385,0.043281,131072,1078,0.008224,0,0,1
4,host-10,1,0,14,1,0,0,0.035187,0,32000,1126,0.035187,131072,916,0.006989,0,0,1
4,host-11,1,1,14,1,1,0,0.029562,0,32000,946,0.029562,131072,1015,0.007744,1,0,0
4,host-12,1,0,14,1,0,0,0.072156,0,32000,2309,0.072156,131072,2949,0.022499,0,0,1
4,host-13,1,0,14,1,0,0,0.061531,0,32000,1969,0.061531,131072,2257,0.017220,0,0,1
4,host-14,1,1,14,1,1,0,0.051437,0,32000,1646,0.051437,131072,1241,0.009468,1,0,0
4,host-15,1,1,14,1,1,0,0.026625,0,32000,852,0.026625,131072,1073,0.008186,1,0,0
4,host-16,1,1,14,1,1,0,0.061531,0,32000,1969,0.061531,131072,2257,0.017220,1,0,0
4,host-17,1,1,14,1,1,0,0.030406,0,32000,973,0.030406,131072,1558,0.011887,1,0,0
4,host-18,1,0,14,1,0,0,0.048469,0,32000,1551,0.048469,131072,2231,0.017021,0,0,1
4,host-19,1,0,14,1,0,0,0.043344,0,32000,1387,0.043344,131072,874,0.006668,0,0,1
4,host-2,1,0,14,1,0,0,0.048531,0,32000,1553,0.048531,131072,1727,0.013176,0,0,1
4,host-20,1,1,14,1,1,0,0.043781,0,32000,1401,0.043781,131072,746,0.005692,1,0,0
4,host-21,1,1,14,1,1,0,0.072156,0,32000,2309,0.072156,131072,2949,0.022499,1,0,0
4,host-22,1,0,14,1,0,0,0.049281,0,32000,1577,0.049281,131072,1927,0.014702,0,0,1
4,host-23,1,0,14,1,0,0,0.044594,0,32000,1427,0.044594,131072,1225,0.009346,0,0,1
4,host-24,1,1,14,1,1,0,0.030406,0,32000,973,0.030406,131072,1558,0.011887,1,0,0
4,host-3,1,0,14,1,0,0,0.025969,0,32000,831,0.025969,131072,1049,0.008003,0,0,1
4,host-4,1,1,14,1,1,0,0.037625,0,32000,1204,0.037625,131072,1395,0.010643,0,1,0
4,host-5,1,1,14,1,1,0,0.038344,0,32000,1227,0.038344,131072,904,0.006897,1,0,0
4,host-6,1,0,14,1,0,0,0.031844,0,32000,1019,0.031844,131072,563,0.004295,0,0,1
4,host-7,1,1,14,1,1,0,0.057906,0,32000,1853,0.057906,131072,1407,0.010735,0,1,0
4,host-8,1,1,14,1,1,0,0.066375,0,32000,2124,0.066375,131072,2384,0.018188,1,0,0
4,host-9,1,0,14,1,0,0,0.044000,0,32000,1408,0.044000,131072,1882,0.014359,0,0,1
5,host-1,1,0,14,1,0,0,0.043281,0,32000,1385,0.043281,131072,1078,0.008224,0,0,1
5,host-10,1,0,14,1,0,0,0.035187,0,32000,1126,0.035187,131072,916,0.006989,0,0,1
5,host-11,2,2,14,2,2,0,0.071563,0,32000,2290,0.071563,131072,1931,0.014732,1,1,0
5,host-12,1,0,14,1,0,0,0.072156,0,32000,2309,0.072156,131072,2949,0.022499,0,0,1
5,host-13,1,0,14,1,0,0,0.061531,0,32000,1969,0.061531,131072,2257,0.017220,0,0,1
5,host-14,1,0,14,1,0,0,0.051437,0,32000,1646,0.051437,131072,1241,0.009468,0,0,1
5,host-15,2,1,14,2,1,0,0.103844,0,32000,3323,0.103844,131072,3371,0.025719,1,0,1
5,host-16,1,0,14,1,0,0,0.061531,0,32000,1969,0.061531,131072,2257,0.017220,0,0,1
5,host-17,2,2,14,2,2,0,0.058188,0,32000,1862,0.058188,131072,2080,0.015869,1,1,0
5,host-18,1,1,14,1,1,0,0.048469,0,32000,1551,0.048469,131072,2231,0.017021,0,1,0
5,host-19,1,0,14,1,0,0,0.043344,0,32000,1387,0.043344,131072,874,0.006668,0,0,1
5,host-2,1,0,14,1,0,0,0.048531,0,32000,1553,0.048531,131072,1727,0.013176,0,0,1
5,host-20,1,0,14,1,0,0,0.043781,0,32000,1401,0.043781,131072,746,0.005692,0,0,1
5,host-21,1,0,14,1,0,0,0.072156,0,32000,2309,0.072156,131072,2949,0.022499,0,0,1
5,host-22,1,0,14,1,0,0,0.049281,0,32000,1577,0.049281,131072,1927,0.014702,0,0,1
5,host-23,1,0,14,1,0,0,0.044594,0,32000,1427,0.044594,131072,1225,0.009346,0,0,1
5,host-24,1,0,14,1,0,0,0.030406,0,32000,973,0.030406,131072,1558,0.011887,0,0,1
5,host-3,2,1,14,2,1,0,0.058406,0,32000,1869,0.058406,131072,2110,0.016098,1,0,1
5,host-4,1,0,14,1,0,0,0.037625,0,32000,1204,0.037625,131072,1395,0.010643,0,0,1
5,host-5,1,0,14,1,0,0,0.038344,0,32000,1227,0.038344,131072,904,0.006897,0,0,1
5,host-6,1,1,14,1,1,0,0.031844,0,32000,1019,0.031844,131072,563,0.004295,0,1,0
5,host-7,1,0,14,1,0,0,0.057906,0,32000,1853,0.057906,131072,1407,0.010735,0,0,1
5,host-8,1,1,14,1,1,0,0.066375,0,32000,2124,0.066375,131072,2384,0.018188,1,0,0
5,host-9,1,0,14,1,0,0,0.044000,0,32000,1408,0.044000,131072,1882,0.014359,0,0,1
6,host-1,2,1,14,2,1,0,0.099687,0,32000,3190,0.099687,131072,2754,0.021011,1,0,1
6,host-10,3,2,14,3,2,0,0.160156,0,32000,5125,0.160156,131072,4852,0.037018,2,0,1
6,host-11,3,2,14,3,2,0,0.104063,0,32000,3330,0.104063,131072,2783,0.021233,2,0,1
6,host-12,2,1,14,2,1,0,0.116812,0,32000,3738,0.116812,131072,4019,0.030663,1,0,1
6,host-13,2,1,14,2,1,0,0.140625,0,32000,4500,0.140625,131072,4739,0.036156,1,0,1
6,host-14,2,1,14,2,1,0,0.113625,0,32000,3636,0.113625,131072,3118,0.023788,1,0,1
6,host-15,2,0,14,2,0,0,0.103844,0,32000,3323,0.103844,131072,3371,0.025719,0,0,2
6,host-16,2,1,14,2,1,0,0.125500,0,32000,4016,0.125500,131072,4609,0.035164,1,0,1
6,host-17,4,3,14,4,3,0,0.131625,0,32000,4212,0.131625,131072,3998,0.030502,3,0,1
6,host-18,3,2,14,3,2,0,0.144281,0,32000,4617,0.144281,131072,4577,0.034920,2,0,1
6,host-19,3,2,14,3,2,0,0.147094,0,32000,4707,0.147094,131072,4718,0.035995,2,0,1
6,host-2,3,2,14,3,2,0,0.126531,0,32000,4049,0.126531,131072,4049,0.030891,2,0,1
6,host-20,2,1,14,2,1,0,0.106969,0,32000,3423,0.106969,131072,3015,0.023003,1,0,1
6,host-21,2,1,14,2,1,0,0.136344,0,32000,4363,0.136344,131072,5542,0.042282,1,0,1
6,host-22,3,2,14,3,2,0,0.164844,0,32000,5275,0.164844,131072,5073,0.038704,2,0,1
6,host-23,2,1,14,2,1,0,0.099156,0,32000,3173,0.099156,131072,2474,0.018875,1,0,1
6,host-24,3,2,14,3,2,0,0.131406,0,32000,4205,0.131406,131072,4466,0.034073,1,1,1
6,host-3,4,3,14,4,3,0,0.139781,0,32000,4473,0.139781,131072,4332,0.033051,2,1,1
6,host-4,3,2,14,3,2,0,0.155281,0,32000,4969,0.155281,131072,5858,0.044693,2,0,1
6,host-5,3,2,14,3,2,0,0.114156,0,32000,3653,0.114156,131072,2793,0.021309,2,0,1
6,host-6,3,2,14,3,2,0,0.153281,0,32000,4905,0.153281,131072,4319,0.032951,2,0,1
6,host-7,2,1,14,2,1,0,0.121969,0,32000,3903,0.121969,131072,4093,0.031227,1,0,1
6,host-8,3,2,14,3,2,0,0.143969,0,32000,4607,0.143969,131072,4569,0.034859,2,0,1
6,host-9,2,1,14,2,1,0,0.102344,0,32000,3275,0.102344,131072,3070,0.023422,1,0,1
7,host-1,3,2,14,3,2,0,0.149969,0,32000,4799,0.149969,131072,4283,0.032677,2,0,1
7,host-10,3,1,14,3,1,0,0.160156,0,32000,5125,0.160156,131072,4852,0.037018,1,0,2
7,host-11,4,1,14,4,1,0,0.155000,0,32000,4960,0.155000,131072,4316,0.032928,1,0,3
7,host-12,2,1,14,2,1,0,0.116812,0,32000,3738,0.116812,131072,4019,0.030663,1,0,1
7,host-13,2,0,14,2,0,0,0.140625,0,32000,4500,0.140625,131072,4739,0.036156,0,0,2
7,host-14,2,0,14,2,0,0,0.113625,0,32000,3636,0.113625,131072,3118,0.023788,0,0,2
7,host-15,3,1,14,3,1,0,0.168031,0,32000,5377,0.168031,131072,5964,0.045502,1,0,2
7,host-16,2,0,14,2,0,0,0.125500,0,32000,4016,0.125500,131072,4609,0.035164,0,0,2
7,host-17,4,1,14,4,1,0,0.131625,0,32000,4212,0.131625,131072,3998,0.030502,1,0,3
7,host-18,3,2,14,3,2,0,0.144281,0,32000,4617,0.144281,131072,4577,0.034920,2,0,1
7,host-19,3,1,14,3,1,0,0.147094,0,32000,4707,0.147094,131072,4718,0.035995,1,0,2
7,host-2,3,0,14,3,0,0,0.126531,0,32000,4049,0.126531,131072,4049,0.030891,0,0,3
7,host-20,3,1,14,3,1,0,0.157781,0,32000,5049,0.157781,131072,4598,0.035080,1,0,2
7,host-21,2,0,14,2,0,0,0.136344,0,32000,4363,0.136344,131072,5542,0.042282,0,0,2
7,host-22,3,1,14,3,1,0,0.164844,0,32000,5275,0.164844,131072,5073,0.038704,1,0,2
7,host-23,3,2,14,3,2,0,0.157500,0,32000,5040,0.157500,131072,3662,0.027939,2,0,1
7,host-24,3,1,14,3,1,0,0.131406,0,32000,4205,0.131406,131072,4466,0.034073,1,0,2
7,host-3,4,0,14,4,0,0,0.139781,0,32000,4473,0.139781,131072,4332,0.033051,0,0,4
7,host-4,3,1,14,3,1,0,0.155281,0,32000,4969,0.155281,131072,5858,0.044693,1,0,2
7,host-5,3,2,14,3,2,0,0.114156,0,32000,3653,0.114156,131072,2793,0.021309,2,0,1
7,host-6,3,0,14,3,0,0,0.153281,0,32000,4905,0.153281,131072,4319,0.032951,0,0,3
7,host-7,2,0,14,2,0,0,0.121969,0,32000,3903,0.121969,131072,4093,0.031227,0,0,2
7,host-8,3,2,14,3,2,0,0.143969,0,32000,4607,0.143969,131072,4569,0.034859,2,0,1
7,host-9,3,2,14,3,2,0,0.158750,0,32000,5080,0.158750,131072,4746,0.036209,2,0,1
8,host-1,3,1,14,3,1,0,0.149969,0,32000,4799,0.149969,131072,4283,0.032677,0,1,2
8,host-10,3,0,14,3,0,0,0.160156,0,32000,5125,0.160156,131072,4852,0.037018,0,0,3
8,host-11,4,1,14,4,1,0,0.155000,0,32000,4960,0.155000,131072,4316,0.032928,0,1,3
8,host-12,2,0,14,2,0,0,0.116812,0,32000,3738,0.116812,131072,4019,0.030663,0,0,2
8,host-13,2,0,14,2,0,0,0.140625,0,32000,4500,0.140625,131072,4739,0.036156,0,0,2
8,host-14,3,1,14,3,1,0,0.189594,0,32000,6067,0.189594,131072,6038,0.046066,1,0,2
8,host-15,3,0,14,3,0,0,0.168031,0,32000,5377,0.168031,131072,5964,0.045502,0,0,3
8,host-16,2,0,14,2,0,0,0.125500,0,32000,4016,0.125500,131072,4609,0.035164,0,0,2
8,host-17,4,0,14,4,0,0,0.131625,0,32000,4212,0.131625,131072,3998,0.030502,0,0,4
8,host-18,3,0,14,3,0,0,0.144281,0,32000,4617,0.144281,131072,4577,0.034920,0,0,3
8,host-19,3,1,14,3,1,0,0.147094,0,32000,4707,0.147094,131072,4718,0.035995,0,1,2
8,host-2,3,0,14,3,0,0,0.126531,0,32000,4049,0.126531,131072,4049,0.030891,0,0,3
8,host-20,3,1,14,3,1,0,0.157781,0,32000,5049,0.157781,131072,4598,0.035080,0,1,2
8,host-21,2,0,14,2,0,0,0.136344,0,32000,4363,0.136344,131072,5542,0.042282,0,0,2
8,host-22,3,0,14,3,0,0,0.164844,0,32000,5275,0.164844,131072,5073,0.038704,0,0,3
8,host-23,3,1,14,3,1,0,0.157500,0,32000,5040,0.157500,131072,3662,0.027939,0,1,2
8,host-24,3,0,14,3,0,0,0.131406,0,32000,4205,0.131406,131072,4466,0.034073,0,0,3
8,host-3,4,1,14,4,1,0,0.139781,0,32000,4473,0.139781,131072,4332,0.033051,0,1,3
8,host-4,3,0,14,3,0,0,0.155281,0,32000,4969,0.155281,131072,5858,0.044693,0,0,3
8,host-5,4,1,14,4,1,0,0.185250,0,32000,5928,0.185250,131072,5107,0.038963,1,0,3
8,host-6,3,0,14,3,0,0,0.153281,0,32000,4905,0.153281,131072,4319,0.032951,0,0,3
8,host-7,2,0,14,2,0,0,0.121969,0,32000,3903,0.121969,131072,4093,0.031227,0,0,2
8,host-8,3,0,14,3,0,0,0.143969,0,32000,4607,0.143969,131072,4569,0.034859,0,0,3
8,host-9,3,0,14,3,0,0,0.158750,0,32000,5080,0.158750,131072,4746,0.036209,0,0,3
9,host-1,3,0,14,3,0,0,0.149969,0,32000,4799,0.149969,131072,4283,0.032677,0,0,3
9,host-10,3,0,14,3,0,0,0.160156,0,32000,5125,0.160156,131072,4852,0.037018,0,0,3
9,host-11,4,0,14,4,0,0,0.155000,0,32000,4960,0.155000,131072,4316,0.032928,0,0,4
9,host-12,3,0,14,3,0,0,0.145063,0,32000,4642,0.145063,131072,5384,0.041077,0,0,3
9,host-13,2,0,14,2,0,0,0.140625,0,32000,4500,0.140625,131072,4739,0.036156,0,0,2
9,host-14,3,0,14,3,0,0,0.189594,0,32000,6067,0.189594,131072,6038,0.046066,0,0,3
9,host-15,3,0,14,3,0,0,0.168031,0,32000,5377,0.168031,131072,5964,0.045502,0,0,3
9,host-16,3,1,14,3,1,0,0.188312,0,32000,6026,0.188312,131072,7023,0.053581,1,0,2
9,host-17,5,2,14,5,2,0,0.189469,0,32000,6063,0.189469,131072,6310,0.048141,1,1,3
9,host-18,3,0,14,3,0,0,0.144281,0,32000,4617,0.144281,131072,4577,0.034920,0,0,3
9,host-19,3,0,14,3,0,0,0.147094,0,32000,4707,0.147094,131072,4718,0.035995,0,0,3
9,host-2,4,1,14,4,1,0,0.174563,0,32000,5586,0.174563,131072,5531,0.042198,1,0,3
9,host-20,3,0,14,3,0,0,0.157781,0,32000,5049,0.157781,131072,4598,0.035080,0,0,3
9,host-21,2,1,14,2,1,0,0.136344,0,32000,4363,0.136344,131072,5542,0.042282,0,1,1
9,host-22,3,0,14,3,0,0,0.164844,0,32000,5275,0.164844,131072,5073,0.038704,0,0,3
9,host-23,3,0,14,3,0,0,0.157500,0,32000,5040,0.157500,131072,3662,0.027939,0,0,3
9,host-24,4,2,14,4,2,0,0.175875,0,32000,5628,0.175875,131072,6384,0.048706,1,1,2
9,host-3,4,0,14,4,0,0,0.139781,0,32000,4473,0.139781,131072,4332,0.033051,0,0,4
9,host-4,3,0,14,3,0,0,0.155281,0,32000,4969,0.155281,131072,5858,0.044693,0,0,3
9,host-5,4,0,14,4,0,0,0.185250,0,32000,5928,0.185250,131072,5107,0.038963,0,0,4
9,host-6,3,0,14,3,0,0,0.153281,0,32000,4905,0.153281,131072,4319,0.032951,0,0,3
9,host-7,3,1,14,3,1,0,0.152469,0,32000,4879,0.152469,131072,5354,0.040848,1,0,2
9,host-8,3,1,14,3,1,0,0.143969,0,32000,4607,0.143969,131072,4569,0.034859,0,1,2
9,host-9,3,0,14,3,0,0,0.158750,0,32000,5080,0.158750,131072,4746,0.036209,0,0,3
10,host-1,3,0,14,3,0,0,0.149969,0,32000,4799,0.149969,131072,4283,0.032677,0,0,3
10,host-10,3,0,14,3,0,0,0.160156,0,32000,5125,0.160156,131072,4852,0.037018,0,0,3
10,host-11,4,0,14,4,0,0,0.155000,0,32000,4960,0.155000,131072,4316,0.032928,0,0,4
10,host-12,3,0,14,3,0,0,0.145063,0,32000,4642,0.145063,131072,5384,0.041077,0,0,3
10,host-13,3,1,14,3,1,0,0.208750,0,32000,6680,0.208750,131072,7470,0.056992,1,0,2
10,host-14,3,1,14,3,1,0,0.189594,0,32000,6067,0.189594,131072,6038,0.046066,0,1,2
10,host-15,3,0,14,3,0,0,0.168031,0,32000,5377,0.168031,131072,5964,0.045502,0,0,3
10,host-16,3,1,14,3,1,0,0.188312,0,32000,6026,0.188312,131072,7023,0.053581,1,0,2
10,host-17,5,1,14,5,1,0,0.189469,0,32000,6063,0.189469,131072,6310,0.048141,1,0,4
10,host-18,3,0,14,3,0,0,0.144281,0,32000,4617,0.144281,131072,4577,0.034920,0,0,3
10,host-19,3,0,14,3,0,0,0.147094,0,32000,4707,0.147094,131072,4718,0.035995,0,0,3
10,host-2,4,1,14,4,1,0,0.174563,0,32000,5586,0.174563,131072,5531,0.042198,1,0,3
10,host-20,3,0,14,3,0,0,0.157781,0,32000,5049,0.157781,131072,4598,0.035080,0,0,3
10,host-21,3,1,14,3,1,0,0.217594,0,32000,6963,0.217594,131072,8368,0.063843,1,0,2
10,host-22,3,0,14,3,0,0,0.164844,0,32000,5275,0.164844,131072,5073,0.038704,0,0,3
10,host-23,3,0,14,3,0,0,0.157500,0,32000,5040,0.157500,131072,3662,0.027939,0,0,3
10,host-24,4,0,14,4,0,0,0.175875,0,32000,5628,0.175875,131072,6384,0.048706,0,0,4
10,host-3,5,1,14,5,1,0,0.184281,0,32000,5897,0.184281,131072,5480,0.041809,1,0,4
10,host-4,3,0,14,3,0,0,0.155281,0,32000,4969,0.155281,131072,5858,0.044693,0,0,3
10,host-5,4,0,14,4,0,0,0.185250,0,32000,5928,0.185250,131072,5107,0.038963,0,0,4
10,host-6,3,0,14,3,0,0,0.153281,0,32000,4905,0.153281,131072,4319,0.032951,0,0,3
10,host-7,3,0,14,3,0,0,0.152469,0,32000,4879,0.152469,131072,5354,0.040848,0,0,3
10,host-8,3,0,14,3,0,0,0.143969,0,32000,4607,0.143969,131072,4569,0.034859,0,0,3
10,host-9,3,0,14,3,0,0,0.158750,0,32000,5080,0.158750,131072,4746,0.036209,0,0,3
11,host-1,3,0,14,3,0,0,0.149969,0,32000,4799,0.149969,131072,4283,0.032677,0,0,3
11,host-10,3,0,14,3,0,0,0.160156,0,32000,5125,0.160156,131072,4852,0.037018,0,0,3
11,host-11,4,0,14,4,0,0,0.155000,0,32000,4960,0.155000,131072,4316,0.032928,0,0,4
11,host-12,4,1,14,4,1,0,0.198156,0,32000,6341,0.198156,131072,7776,0.059326,1,0,3
11,host-13,3,1,14,3,1,0,0.208750,0,32000,6680,0.208750,131072,7470,0.056992,1,0,2
11,host-14,3,0,14,3,0,0,0.189594,0,32000,6067,0.189594,131072,6038,0.046066,0,0,3
11,host-15,3,0,14,3,0,0,0.168031,0,32000,5377,0.168031,131072,5964,0.045502,0,0,3
11,host-16,3,0,14,3,0,0,0.188312,0,32000,6026,0.188312,131072,7023,0.053581,0,0,3
11,host-17,5,0,14,5,0,0,0.189469,0,32000,6063,0.189469,131072,6310,0.048141,0,0,5
11,host-18,4,1,14,4,1,0,0.181469,0,32000,5807,0.181469,131072,4948,0.037750,1,0,3
11,host-19,3,0,14,3,0,0,0.147094,0,32000,4707,0.147094,131072,4718,0.035995,0,0,3
11,host-2,4,1,14,4,1,0,0.174563,0,32000,5586,0.174563,131072,5531,0.042198,0,1,3
11,host-20,3,0,14,3,0,0,0.157781,0,32000,5049,0.157781,131072,4598,0.035080,0,0,3
11,host-21,3,0,14,3,0,0,0.217594,0,32000,6963,0.217594,131072,8368,0.063843,0,0,3
11,host-22,3,0,14,3,0,0,0.164844,0,32000,5275,0.164844,131072,5073,0.038704,0,0,3
11,host-23,3,0,14,3,0,0,0.157500,0,32000,5040,0.157500,131072,3662,0.027939,0,0,3
11,host-24,4,0,14,4,0,0,0.175875,0,32000,5628,0.175875,131072,6384,0.048706,0,0,4
11,host-3,5,0,14,5,0,0,0.184281,0,32000,5897,0.184281,131072,5480,0.041809,0,0,5
11,host-4,3,0,14,3,0,0,0.155281,0,32000,4969,0.155281,131072,5858,0.044693,0,0,3
11,host-5,4,0,14,4,0,0,0.185250,0,32000,5928,0.185250,131072,5107,0.038963,0,0,4
11,host-6,3,0,14,3,0,0,0.153281,0,32000,4905,0.153281,131072,4319,0.032951,0,0,3
11,host-7,3,0,14,3,0,0,0.152469,0,32000,4879,0.152469,131072,5354,0.040848,0,0,3
11,host-8,4,1,14,4,1,0,0.192344,0,32000,6155,0.192344,131072,5612,0.042816,1,0,3
11,host-9,3,0,14,3,0,0,0.158750,0,32000,5080,0.158750,131072,4746,0.036209,0,0,3
12,host-1,4,1,14,4,1,0,0.173125,0,32000,5540,0.173125,131072,5098,0.038895,1,0,3
12,host-10,3,0,14,3,0,0,0.160156,0,32000,5125,0.160156,131072,4852,0.037018,0,0,3
12,host-11,5,1,14,5,1,0,0.200187,0,32000,6406,0.200187,131072,5760,0.043945,1,0,4
12,host-12,4,0,14,4,0,0,0.198156,0,32000,6341,0.198156,131072,7776,0.059326,0,0,4
12,host-13,3,0,14,3,0,0,0.208750,0,32000,6680,0.208750,131072,7470,0.056992,0,0,3
12,host-14,3,0,14,3,0,0,0.189594,0,32000,6067,0.189594,131072,6038,0.046066,0,0,3
12,host-15,3,0,14,3,0,0,0.168031,0,32000,5377,0.168031,131072,5964,0.045502,0,0,3
12,host-16,3,1,14,3,1,0,0.188312,0,32000,6026,0.188312,131072,7023,0.053581,0,1,2
12,host-17,5,0,14,5,0,0,0.189469,0,32000,6063,0.189469,131072,6310,0.048141,0,0,5
12,host-18,4,0,14,4,0,0,0.181469,0,32000,5807,0.181469,131072,4948,0.037750,0,0,4
12,host-19,4,1,14,4,1,0,0.187094,0,32000,5987,0.187094,131072,5318,0.040573,1,0,3
12,host-2,4,0,14,4,0,0,0.174563,0,32000,5586,0.174563,131072,5531,0.042198,0,0,4
12,host-20,4,1,14,4,1,0,0.194250,0,32000,6216,0.194250,131072,5963,0.045494,1,0,3
12,host-21,3,0,14,3,0,0,0.217594,0,32000,6963,0.217594,131072,8368,0.063843,0,0,3
12,host-22,3,0,14,3,0,0,0.164844,0,32000,5275,0.164844,131072,5073,0.038704,0,0,3
12,host-23,4,1,14,4,1,0,0.215594,0,32000,6899,0.215594,131072,6268,0.047821,1,0,3
12,host-24,4,0,14,4,0,0,0.175875,0,32000,5628,0.175875,131072,6384,0.048706,0,0,4
12,host-3,5,0,14,5,0,0,0.184281,0,32000,5897,0.184281,131072,5480,0.041809,0,0,5
12,host-4,4,1,14,4,1,0,0.224062,0,32000,7170,0.224062,131072,7734,0.059006,1,0,3
12,host-5,4,1,14,4,1,0,0.185250,0,32000,5928,0.185250,131072,5107,0.038963,0,1,3
12,host-6,4,1,14,4,1,0,0.198063,0,32000,6338,0.198063,131072,5654,0.043137,1,0,3
12,host-7,4,1,14,4,1,0,0.214344,0,32000,6859,0.214344,131072,7531,0.057457,1,0,3
12,host-8,4,0,14,4,0,0,0.192344,0,32000,6155,0.192344,131072,5612,0.042816,0,0,4
12,host-9,3,0,14,3,0,0,0.158750,0,32000,5080,0.158750,131072,4746,0.036209,0,0,3
13,host-1,4,1,14,4,1,0,0.173125,0,32000,5540,0.173125,131072,5098,0.038895,0,1,3
13,host-10,4,1,14,4,1,0,0.218250,0,32000,6984,0.218250,131072,7458,0.056900,1,0,3
13,host-11,5,0,14,5,0,0,0.200187,0,32000,6406,0.200187,131072,5760,0.043945,0,0,5
13,host-12,4,0,14,4,0,0,0.198156,0,32000,6341,0.198156,131072,7776,0.059326,0,0,4
13,host-13,3,0,14,3,0,0,0.208750,0,32000,6680,0.208750,131072,7470,0.056992,0,0,3
13,host-14,3,0,14,3,0,0,0.189594,0,32000,6067,0.189594,131072,6038,0.046066,0,0,3
13,host-15,4,1,14,4,1,0,0.239437,0,32000,7662,0.239437,131072,8532,0.065094,1,0,3
13,host-16,3,0,14,3,0,0,0.188312,0,32000,6026,0.188312,131072,7023,0.053581,0,0,3
13,host-17,5,0,14,5,0,0,0.189469,0,32000,6063,0.189469,131072,6310,0.048141,0,0,5
13,host-18,4,0,14,4,0,0,0.181469,0,32000,5807,0.181469,131072,4948,0.037750,0,0,4
13,host-19,4,0,14,4,0,0,0.187094,0,32000,5987,0.187094,131072,5318,0.040573,0,0,4
13,host-2,4,0,14,4,0,0,0.174563,0,32000,5586,0.174563,131072,5531,0.042198,0,0,4
13,host-20,4,0,14,4,0,0,0.194250,0,32000,6216,0.194250,131072,5963,0.045494,0,0,4
13,host-21,3,0,14,3,0,0,0.217594,0,32000,6963,0.217594,131072,8368,0.063843,0,0,3
13,host-22,4,1,14,4,1,0,0.206156,0,32000,6597,0.206156,131072,6456,0.049255,1,0,3
13,host-23,4,0,14,4,0,0,0.215594,0,32000,6899,0.215594,131072,6268,0.047821,0,0,4
13,host-24,4,0,14,4,0,0,0.175875,0,32000,5628,0.175875,131072,6384,0.048706,0,0,4
13,host-3,5,0,14,5,0,0,0.184281,0,32000,5897,0.184281,131072,5480,0.041809,0,0,5
13,host-4,4,0,14,4,0,0,0.224062,0,32000,7170,0.224062,131072,7734,0.059006,0,0,4
13,host-5,4,0,14,4,0,0,0.185250,0,32000,5928,0.185250,131072,5107,0.038963,0,0,4
13,host-6,4,1,14,4,1,0,0.198063,0,32000,6338,0.198063,131072,5654,0.043137,1,0,3
13,host-7,4,3,14,4,3,0,0.214344,0,32000,6859,0.214344,131072,7531,0.057457,1,2,1
13,host-8,4,1,14,4,1,0,0.192344,0,32000,6155,0.192344,131072,5612,0.042816,0,1,3
13,host-9,4,0,14,4,0,0,0.196969,0,32000,6303,0.196969,131072,6170,0.047073,0,0,4
14,host-1,5,1,14,5,1,0,0.231031,0,32000,7393,0.231031,131072,6496,0.049561,0,1,4
14,host-10,4,0,14,4,0,0,0.218250,0,32000,6984,0.218250,131072,7458,0.056900,0,0,4
14,host-11,5,0,14,5,0,0,0.200187,0,32000,6406,0.200187,131072,5760,0.043945,0,0,5
14,host-12,4,0,14,4,0,0,0.198156,0,32000,6341,0.198156,131072,7776,0.059326,0,0,4
14,host-13,3,1,14,3,1,0,0.208750,0,32000,6680,0.208750,131072,7470,0.056992,0,1,2
14,host-14,3,0,14,3,0,0,0.189594,0,32000,6067,0.189594,131072,6038,0.046066,0,0,3
14,host-15,4,1,14,4,1,0,0.239437,0,32000,7662,0.239437,131072,8532,0.065094,0,1,3
14,host-16,3,0,14,3,0,0,0.188312,0,32000,6026,0.188312,131072,7023,0.053581,0,0,3
14,host-17,5,0,14,5,0,0,0.189469,0,32000,6063,0.189469,131072,6310,0.048141,0,0,5
14,host-18,4,0,14,4,0,0,0.181469,0,32000,5807,0.181469,131072,4948,0.037750,0,0,4
14,host-19,4,0,14,4,0,0,0.187094,0,32000,5987,0.187094,131072,5318,0.040573,0,0,4
14,host-2,5,1,14,5,1,0,0.229500,0,32000,7344,0.229500,131072,7349,0.056068,1,0,4
14,host-20,4,1,14,4,1,0,0.194250,0,32000,6216,0.194250,131072,5963,0.045494,0,1,3
14,host-21,3,0,14,3,0,0,0.217594,0,32000,6963,0.217594,131072,8368,0.063843,0,0,3
14,host-22,4,0,14,4,0,0,0.206156,0,32000,6597,0.206156,131072,6456,0.049255,0,0,4
14,host-23,4,1,14,4,1,0,0.215594,0,32000,6899,0.215594,131072,6268,0.047821,0,1,3
14,host-24,4,0,14,4,0,0,0.175875,0,32000,5628,0.175875,131072,6384,0.048706,0,0,4
14,host-3,5,0,14,5,0,0,0.184281,0,32000,5897,0.184281,131072,5480,0.041809,0,0,5
14,host-4,4,0,14,4,0,0,0.224062,0,32000,7170,0.224062,131072,7734,0.059006,0,0,4
14,host-5,4,0,14,4,0,0,0.185250,0,32000,5928,0.185250,131072,5107,0.038963,0,0,4
14,host-6,4,0,14,4,0,0,0.198063,0,32000,6338,0.198063,131072,5654,0.043137,0,0,4
14,host-7,4,1,14,4,1,0,0.214344,0,32000,6859,0.214344,131072,7531,0.057457,0,1,3
14,host-8,4,0,14,4,0,0,0.192344,0,32000,6155,0.192344,131072,5612,0.042816,0,0,4
14,host-9,4,0,14,4,0,0,0.196969,0,32000,6303,0.196969,131072,6170,0.047073,0,0,4
15,host-1,5,0,14,5,0,0,0.231031,0,32000,7393,0.231031,131072,6496,0.049561,0,0,5
15,host-10,4,0,14,4,0,0,0.218250,0,32000,6984,0.218250,131072,7458,0.056900,0,0,4
15,host-11,5,0,14,5,0,0,0.200187,0,32000,6406,0.200187,131072,5760,0.043945,0,0,5
15,host-12,4,0,14,4,0,0,0.198156,0,32000,6341,0.198156,131072,7776,0.059326,0,0,4
15,host-13,3,0,14,3,0,0,0.208750,0,32000,6680,0.208750,131072,7470,0.056992,0,0,3
15,host-14,3,1,14,3,1,0,0.189594,0,32000,6067,0.189594,131072,6038,0.046066,0,1,2
15,host-15,4,0,14,4,0,0,0.239437,0,32000,7662,0.239437,131072,8532,0.065094,0,0,4
15,host-16,3,0,14,3,0,0,0.188312,0,32000,6026,0.188312,131072,7023,0.053581,0,0,3
15,host-17,5,0,14,5,0,0,0.189469,0,32000,6063,0.189469,131072,6310,0.048141,0,0,5
15,host-18,4,0,14,4,0,0,0.181469,0,32000,5807,0.181469,131072,4948,0.037750,0,0,4
15,host-19,4,0,14,4,0,0,0.187094,0,32000,5987,0.187094,131072,5318,0.040573,0,0,4
15,host-2,5,1,14,5,1,0,0.229500,0,32000,7344,0.229500,131072,7349,0.056068,0,1,4
15,host-20,4,0,14,4,0,0,0.194250,0,32000,6216,0.194250,131072,5963,0.045494,0,0,4
15,host-21,3,0,14,3,0,0,0.217594,0,32000,6963,0.217594,131072,8368,0.063843,0,0,3
15,host-22,4,0,14,4,0,0,0.206156,0,32000,6597,0.206156,131072,6456,0.049255,0,0,4
15,host-23,4,0,14,4,0,0,0.215594,0,32000,6899,0.215594,131072,6268,0.047821,0,0,4
15,host-24,4,0,14,4,0,0,0.175875,0,32000,5628,0.175875,131072,6384,0.048706,0,0,4
15,host-3,5,0,14,5,0,0,0.184281,0,32000,5897,0.184281,131072,5480,0.041809,0,0,5
15,host-4,4,0,14,4,0,0,0.224062,0,32000,7170,0.224062,131072,7734,0.059006,0,0,4
15,host-5,4,0,14,4,0,0,0.185250,0,32000,5928,0.185250,131072,5107,0.038963,0,0,4
15,host-6,4,0,14,4,0,0,0.198063,0,32000,6338,0.198063,131072,5654,0.043137,0,0,4
15,host-7,4,0,14,4,0,0,0.214344,0,32000,6859,0.214344,131072,7531,0.057457,0,0,4
15,host-8,4,0,14,4,0,0,0.192344,0,32000,6155,0.192344,131072,5612,0.042816,0,0,4
15,host-9,4,1,14,4,1,0,0.196969,0,32000,6303,0.196969,131072,6170,0.047073,0,1,3
16,host-1,5,0,14,5,0,0,0.231031,0,32000,7393,0.231031,131072,6496,0.049561,0,0,5
16,host-10,4,0,14,4,0,0,0.218250,0,32000,6984,0.218250,131072,7458,0.056900,0,0,4
16,host-11,5,0,14,5,0,0,0.200187,0,32000,6406,0.200187,131072,5760,0.043945,0,0,5
16,host-12,4,0,14,4,0,0,0.198156,0,32000,6341,0.198156,131072,7776,0.059326,0,0,4
16,host-13,3,0,14,3,0,0,0.208750,0,32000,6680,0.208750,131072,7470,0.056992,0,0,3
16,host-14,3,0,14,3,0,0,0.189594,0,32000,6067,0.189594,131072,6038,0.046066,0,0,3
16,host-15,4,0,14,4,0,0,0.239437,0,32000,7662,0.239437,131072,8532,0.065094,0,0,4
16,host-16,3,0,14,3,0,0,0.188312,0,32000,6026,0.188312,131072,7023,0.053581,0,0,3
16,host-17,5,0,14,5,0,0,0.189469,0,32000,6063,0.189469,131072,6310,0.048141,0,0,5
16,host-18,5,1,14,5,1,0,0.219812,0,32000,7034,0.219812,131072,6148,0.046906,1,0,4
16,host-19,4,0,14,4,0,0,0.187094,0,32000,5987,0.187094,131072,5318,0.040573,0,0,4
16,host-2,5,0,14,5,0,0,0.229500,0,32000,7344,0.229500,131072,7349,0.056068,0,0,5
16,host-20,4,0,14,4,0,0,0.194250,0,32000,6216,0.194250,131072,5963,0.045494,0,0,4
16,host-21,3,0,14,3,0,0,0.217594,0,32000,6963,0.217594,131072,8368,0.063843,0,0,3
16,host-22,4,0,14,4,0,0,0.206156,0,32000,6597,0.206156,131072,6456,0.049255,0,0,4
16,host-23,4,0,14,4,0,0,0.215594,0,32000,6899,0.215594,131072,6268,0.047821,0,0,4
16,host-24,5,1,14,5,1,0,0.219000,0,32000,7008,0.219000,131072,7633,0.058235,1,0,4
16,host-3,6,1,14,6,1,0,0.226813,0,32000,7258,0.226813,131072,6078,0.046371,0,1,5
16,host-4,4,0,14,4,0,0,0.224062,0,32000,7170,0.224062,131072,7734,0.059006,0,0,4
16,host-5,5,1,14,5,1,0,0.228375,0,32000,7308,0.228375,131072,6356,0.048492,1,0,4
16,host-6,4,0,14,4,0,0,0.198063,0,32000,6338,0.198063,131072,5654,0.043137,0,0,4
16,host-7,4,0,14,4,0,0,0.214344,0,32000,6859,0.214344,131072,7531,0.057457,0,0,4
16,host-8,4,0,14,4,0,0,0.192344,0,32000,6155,0.192344,131072,5612,0.042816,0,0,4
16,host-9,4,0,14,4,0,0,0.196969,0,32000,6303,0.196969,131072,6170,0.047073,0,0,4
17,host-1,5,0,14,5,0,0,0.231031,0,32000,7393,0.231031,131072,6496,0.049561,0,0,5
17,host-10,4,0,14,4,0,0,0.218250,0,32000,6984,0.218250,131072,7458,0.056900,0,0,4
17,host-11,5,0,14,5,0,0,0.200187,0,32000,6406,0.200187,131072,5760,0.043945,0,0,5
17,host-12,4,0,14,4,0,0,0.198156,0,32000,6341,0.198156,131072,7776,0.059326,0,0,4
17,host-13,3,0,14,3,0,0,0.208750,0,32000,6680,0.208750,131072,7470,0.056992,0,0,3
17,host-14,4,1,14,4,1,0,0.251750,0,32000,8056,0.251750,131072,7505,0.057259,1,0,3
17,host-15,4,1,14,4,1,0,0.239437,0,32000,7662,0.239437,131072,8532,0.065094,0,1,3
17,host-16,4,1,14,4,1,0,0.231000,0,32000,7392,0.231000,131072,8604,0.065643,1,0,3
17,host-17,6,1,14,6,1,0,0.223375,0,32000,7148,0.223375,131072,7180,0.054779,1,0,5
17,host-18,5,1,14,5,1,0,0.219812,0,32000,7034,0.219812,131072,6148,0.046906,0,1,4
17,host-19,5,0,14,5,0,0,0.224875,0,32000,7196,0.224875,131072,6271,0.047844,0,0,5
17,host-2,5,0,14,5,0,0,0.229500,0,32000,7344,0.229500,131072,7349,0.056068,0,0,5
17,host-20,4,0,14,4,0,0,0.194250,0,32000,6216,0.194250,131072,5963,0.045494,0,0,4
17,host-21,3,0,14,3,0,0,0.217594,0,32000,6963,0.217594,131072,8368,0.063843,0,0,3
17,host-22,4,0,14,4,0,0,0.206156,0,32000,6597,0.206156,131072,6456,0.049255,0,0,4
17,host-23,4,0,14,4,0,0,0.215594,0,32000,6899,0.215594,131072,6268,0.047821,0,0,4
17,host-24,5,1,14,5,1,0,0.219000,0,32000,7008,0.219000,131072,7633,0.058235,0,1,4
17,host-3,6,0,14,6,0,0,0.226813,0,32000,7258,0.226813,131072,6078,0.046371,0,0,6
17,host-4,4,0,14,4,0,0,0.224062,0,32000,7170,0.224062,131072,7734,0.059006,0,0,4
17,host-5,5,1,14,5,1,0,0.228375,0,32000,7308,0.228375,131072,6356,0.048492,0,1,4
17,host-6,4,0,14,4,0,0,0.198063,0,32000,6338,0.198063,131072,5654,0.043137,0,0,4
17,host-7,4,1,14,4,1,0,0.214344,0,32000,6859,0.214344,131072,7531,0.057457,0,1,3
17,host-8,5,1,14,5,1,0,0.245312,0,32000,7850,0.245312,131072,7744,0.059082,1,0,4
17,host-9,4,0,14,4,0,0,0.196969,0,32000,6303,0.196969,131072,6170,0.047073,0,0,4
18,host-1,5,0,14,5,0,0,0.231031,0,32000,7393,0.231031,131072,6496,0.049561,0,0,5
18,host-10,5,1,14,5,1,0,0.263313,0,32000,8426,0.263313,131072,8223,0.062737,1,0,4
18,host-11,6,1,14,6,1,0,0.230000,0,32000,7360,0.230000,131072,6401,0.048836,1,0,5
18,host-12,5,1,14,5,1,0,0.258625,0,32000,8276,0.258625,131072,10190,0.077744,1,0,4
18,host-13,4,1,14,4,1,0,0.242844,0,32000,7771,0.242844,131072,8930,0.068130,1,0,3
18,host-14,4,1,14,4,1,0,0.251750,0,32000,8056,0.251750,131072,7505,0.057259,0,1,3
18,host-15,4,0,14,4,0,0,0.239437,0,32000,7662,0.239437,131072,8532,0.065094,0,0,4
18,host-16,4,0,14,4,0,0,0.231000,0,32000,7392,0.231000,131072,8604,0.065643,0,0,4
18,host-17,7,1,14,7,1,0,0.281187,0,32000,8998,0.281187,131072,9053,0.069069,1,0,6
18,host-18,6,1,14,6,1,0,0.257844,0,32000,8251,0.257844,131072,6789,0.051796,1,0,5
18,host-19,6,1,14,6,1,0,0.284500,0,32000,9104,0.284500,131072,8495,0.064812,1,0,5
18,host-2,5,0,14,5,0,0,0.229500,0,32000,7344,0.229500,131072,7349,0.056068,0,0,5
18,host-20,5,1,14,5,1,0,0.268031,0,32000,8577,0.268031,131072,8569,0.065376,1,0,4
18,host-21,4,1,14,4,1,0,0.263875,0,32000,8444,0.263875,131072,9614,0.073349,1,0,3
18,host-22,5,1,14,5,1,0,0.259031,0,32000,8289,0.259031,131072,8478,0.064682,1,0,4
18,host-23,5,1,14,5,1,0,0.281438,0,32000,9006,0.281438,131072,8131,0.062035,1,0,4
18,host-24,6,1,14,6,1,0,0.256688,0,32000,8214,0.256688,131072,8460,0.064545,1,0,5
18,host-3,6,0,14,6,0,0,0.226813,0,32000,7258,0.226813,131072,6078,0.046371,0,0,6
18,host-4,5,1,14,5,1,0,0.300844,0,32000,9627,0.300844,131072,10520,0.080261,1,0,4
18,host-5,5,0,14,5,0,0,0.228375,0,32000,7308,0.228375,131072,6356,0.048492,0,0,5
18,host-6,5,1,14,5,1,0,0.251188,0,32000,8038,0.251188,131072,7159,0.054619,1,0,4
18,host-7,5,1,14,5,1,0,0.249594,0,32000,7987,0.249594,131072,9161,0.069893,1,0,4
18,host-8,5,1,14,5,1,0,0.245312,0,32000,7850,0.245312,131072,7744,0.059082,0,1,4
18,host-9,5,1,14,5,1,0,0.254875,0,32000,8156,0.254875,131072,7577,0.057808,1,0,4
19,host-1,5,0,14,5,0,0,0.231031,0,32000,7393,0.231031,131072,6496,0.049561,0,0,5
19,host-10,5,0,14,5,0,0,0.263313,0,32000,8426,0.263313,131072,8223,0.062737,0,0,5
19,host-11,6,1,14,6,1,0,0.230000,0,32000,7360,0.230000,131072,6401,0.048836,1,0,5
19,host-12,5,0,14,5,0,0,0.258625,0,32000,8276,0.258625,131072,10190,0.077744,0,0,5
19,host-13,4,1,14,4,1,0,0.242844,0,32000,7771,0.242844,131072,8930,0.068130,1,0,3
19,host-14,4,0,14,4,0,0,0.251750,0,32000,8056,0.251750,131072,7505,0.057259,0,0,4
19,host-15,4,0,14,4,0,0,0.239437,0,32000,7662,0.239437,131072,8532,0.065094,0,0,4
19,host-16,4,0,14,4,0,0,0.231000,0,32000,7392,0.231000,131072,8604,0.065643,0,0,4
19,host-17,7,1,14,7,1,0,0.281187,0,32000,8998,0.281187,131072,9053,0.069069,1,0,6
19,host-18,6,0,14,6,0,0,0.257844,0,32000,8251,0.257844,131072,6789,0.051796,0,0,6
19,host-19,6,1,14,6,1,0,0.284500,0,32000,9104,0.284500,131072,8495,0.064812,1,0,5
19,host-2,6,1,14,6,1,0,0.274125,0,32000,8772,0.274125,131072,8397,0.064064,1,0,5
19,host-20,5,0,14,5,0,0,0.268031,0,32000,8577,0.268031,131072,8569,0.065376,0,0,5
19,host-21,4,1,14,4,1,0,0.263875,0,32000,8444,0.263875,131072,9614,0.073349,1,0,3
19,host-22,5,1,14,5,1,0,0.259031,0,32000,8289,0.259031,131072,8478,0.064682,1,0,4
19,host-23,5,1,14,5,1,0,0.281438,0,32000,9006,0.281438,131072,8131,0.062035,1,0,4
19,host-24,6,1,14,6,1,0,0.256688,0,32000,8214,0.256688,131072,8460,0.064545,0,1,5
19,host-3,7,1,14,7,1,0,0.279687,0,32000,8950,0.279687,131072,8100,0.061798,1,0,6
19,host-4,5,1,14,5,1,0,0.300844,0,32000,9627,0.300844,131072,10520,0.080261,1,0,4
19,host-5,6,1,14,6,1,0,0.288000,0,32000,9216,0.288000,131072,8580,0.065460,1,0,5
19,host-6,5,1,14,5,1,0,0.251188,0,32000,8038,0.251188,131072,7159,0.054619,1,0,4
19,host-7,5,1,14,5,1,0,0.249594,0,32000,7987,0.249594,131072,9161,0.069893,1,0,4
19,host-8,5,0,14,5,0,0,0.245312,0,32000,7850,0.245312,131072,7744,0.059082,0,0,5
19,host-9,5,0,14,5,0,0,0.254875,0,32000,8156,0.254875,131072,7577,0.057808,0,0,5
20,host-1,5,0,14,5,0,0,0.231031,0,32000,7393,0.231031,131072,6496,0.049561,0,0,5
20,host-10,5,0,14,5,0,0,0.263313,0,32000,8426,0.263313,131072,8223,0.062737,0,0,5
20,host-11,7,1,14,7,1,0,0.275594,0,32000,8819,0.275594,131072,7272,0.055481,1,0,6
20,host-12,5,0,14,5,0,0,0.258625,0,32000,8276,0.258625,131072,10190,0.077744,0,0,5
20,host-13,4,0,14,4,0,0,0.242844,0,32000,7771,0.242844,131072,8930,0.068130,0,0,4
20,host-14,4,0,14,4,0,0,0.251750,0,32000,8056,0.251750,131072,7505,0.057259,0,0,4
20,host-15,4,0,14,4,0,0,0.239437,0,32000,7662,0.239437,131072,8532,0.065094,0,0,4
20,host-16,4,0,14,4,0,0,0.231000,0,32000,7392,0.231000,131072,8604,0.065643,0,0,4
20,host-17,7,0,14,7,0,0,0.281187,0,32000,8998,0.281187,131072,9053,0.069069,0,0,7
20,host-18,6,1,14,6,1,0,0.257844,0,32000,8251,0.257844,131072,6789,0.051796,0,1,5
20,host-19,6,0,14,6,0,0,0.284500,0,32000,9104,0.284500,131072,8495,0.064812,0,0,6
20,host-2,6,1,14,6,1,0,0.274125,0,32000,8772,0.274125,131072,8397,0.064064,0,1,5
20,host-20,5,1,14,5,1,0,0.268031,0,32000,8577,0.268031,131072,8569,0.065376,0,1,4
20,host-21,4,0,14,4,0,0,0.263875,0,32000,8444,0.263875,131072,9614,0.073349,0,0,4
20,host-22,5,0,14,5,0,0,0.259031,0,32000,8289,0.259031,131072,8478,0.064682,0,0,5
20,host-23,5,0,14,5,0,0,0.281438,0,32000,9006,0.281438,131072,8131,0.062035,0,0,5
20,host-24,6,0,14,6,0,0,0.256688,0,32000,8214,0.256688,131072,8460,0.064545,0,0,6
20,host-3,7,1,14,7,1,0,0.279687,0,32000,8950,0.279687,131072,8100,0.061798,0,1,6
20,host-4,5,1,14,5,1,0,0.300844,0,32000,9627,0.300844,131072,10520,0.080261,0,1,4
20,host-5,6,1,14,6,1,0,0.288000,0,32000,9216,0.288000,131072,8580,0.065460,0,1,5
20,host-6,5,0,14,5,0,0,0.251188,0,32000,8038,0.251188,131072,7159,0.054619,0,0,5
20,host-7,5,0,14,5,0,0,0.249594,0,32000,7987,0.249594,131072,9161,0.069893,0,0,5
20,host-8,5,0,14,5,0,0,0.245312,0,32000,7850,0.245312,131072,7744,0.059082,0,0,5
20,host-9,5,0,14,5,0,0,0.254875,0,32000,8156,0.254875,131072,7577,0.057808,0,0,5
21,host-1,7,2,14,7,2,0,0.290656,0,32000,9301,0.290656,131072,8756,0.066803,2,0,5
21,host-10,5,0,14,5,0,0,0.263313,0,32000,8426,0.263313,131072,8223,0.062737,0,0,5
21,host-11,7,1,14,7,1,0,0.275594,0,32000,8819,0.275594,131072,7272,0.055481,1,0,6
21,host-12,6,2,14,6,2,0,0.329156,0,32000,10533,0.329156,131072,12603,0.096153,1,1,4
21,host-13,5,2,14,5,2,0,0.279219,0,32000,8935,0.279219,131072,10100,0.077057,1,1,3
21,host-14,5,1,14,5,1,0,0.304500,0,32000,9744,0.304500,131072,9345,0.071297,1,0,4
21,host-15,5,2,14,5,2,0,0.275187,0,32000,8806,0.275187,131072,9840,0.075073,1,1,3
21,host-16,5,1,14,5,1,0,0.285531,0,32000,9137,0.285531,131072,10532,0.080353,1,0,4
21,host-17,7,0,14,7,0,0,0.281187,0,32000,8998,0.281187,131072,9053,0.069069,0,0,7
21,host-18,7,1,14,7,1,0,0.321031,0,32000,10273,0.321031,131072,9058,0.069107,1,0,6
21,host-19,6,0,14,6,0,0,0.284500,0,32000,9104,0.284500,131072,8495,0.064812,0,0,6
21,host-2,6,0,14,6,0,0,0.274125,0,32000,8772,0.274125,131072,8397,0.064064,0,0,6
21,host-20,5,0,14,5,0,0,0.268031,0,32000,8577,0.268031,131072,8569,0.065376,0,0,5
21,host-21,4,0,14,4,0,0,0.263875,0,32000,8444,0.263875,131072,9614,0.073349,0,0,4
21,host-22,6,2,14,6,2,0,0.284281,0,32000,9097,0.284281,131072,8952,0.068298,1,1,4
21,host-23,5,0,14,5,0,0,0.281438,0,32000,9006,0.281438,131072,8131,0.062035,0,0,5
21,host-24,7,1,14,7,1,0,0.309625,0,32000,9908,0.309625,131072,10721,0.081795,1,0,6
21,host-3,7,0,14,7,0,0,0.279687,0,32000,8950,0.279687,131072,8100,0.061798,0,0,7
21,host-4,5,0,14,5,0,0,0.300844,0,32000,9627,0.300844,131072,10520,0.080261,0,0,5
21,host-5,6,0,14,6,0,0,0.288000,0,32000,9216,0.288000,131072,8580,0.065460,0,0,6
21,host-6,6,1,14,6,1,0,0.307281,0,32000,9833,0.307281,131072,8516,0.064972,1,0,5
21,host-7,6,2,14,6,2,0,0.317875,0,32000,10172,0.317875,131072,11866,0.090530,1,1,4
21,host-8,6,2,14,6,2,0,0.285687,0,32000,9142,0.285687,131072,9158,0.069870,1,1,4
21,host-9,6,1,14,6,1,0,0.288687,0,32000,9238,0.288687,131072,8877,0.067726,1,0,5
22,host-1,7,2,14,7,2,0,0.290656,0,32000,9301,0.290656,131072,8756,0.066803,2,0,5
22,host-10,6,1,14,6,1,0,0.287687,0,32000,9206,0.287687,131072,8853,0.067543,1,0,5
22,host-11,7,1,14,7,1,0,0.275594,0,32000,8819,0.275594,131072,7272,0.055481,0,1,6
22,host-12,6,0,14,6,0,0,0.329156,0,32000,10533,0.329156,131072,12603,0.096153,0,0,6
22,host-13,5,1,14,5,1,0,0.279219,0,32000,8935,0.279219,131072,10100,0.077057,1,0,4
22,host-14,5,1,14,5,1,0,0.304500,0,32000,9744,0.304500,131072,9345,0.071297,1,0,4
22,host-15,5,1,14,5,1,0,0.275187,0,32000,8806,0.275187,131072,9840,0.075073,1,0,4
22,host-16,5,0,14,5,0,0,0.285531,0,32000,9137,0.285531,131072,10532,0.080353,0,0,5
22,host-17,7,0,14,7,0,0,0.281187,0,32000,8998,0.281187,131072,9053,0.069069,0,0,7
22,host-18,7,0,14,7,0,0,0.321031,0,32000,10273,0.321031,131072,9058,0.069107,0,0,7
22,host-19,5,0,14,5,0,0,0.241156,0,32000,7717,0.241156,131072,7621,0.058144,0,0,5
22,host-2,6,0,14,6,0,0,0.274125,0,32000,8772,0.274125,131072,8397,0.064064,0,0,6
22,host-20,6,1,14,6,1,0,0.338562,0,32000,10834,0.338562,131072,10982,0.083786,1,0,5
22,host-21,5,1,14,5,1,0,0.307094,0,32000,9827,0.307094,131072,11199,0.085442,1,0,4
22,host-22,6,0,14,6,0,0,0.284281,0,32000,9097,0.284281,131072,8952,0.068298,0,0,6
22,host-23,5,0,14,5,0,0,0.281438,0,32000,9006,0.281438,131072,8131,0.062035,0,0,5
22,host-24,7,0,14,7,0,0,0.309625,0,32000,9908,0.309625,131072,10721,0.081795,0,0,7
22,host-3,7,0,14,7,0,0,0.279687,0,32000,8950,0.279687,131072,8100,0.061798,0,0,7
22,host-4,5,0,14,5,0,0,0.300844,0,32000,9627,0.300844,131072,10520,0.080261,0,0,5
22,host-5,6,0,14,6,0,0,0.288000,0,32000,9216,0.288000,131072,8580,0.065460,0,0,6
22,host-6,6,0,14,6,0,0,0.307281,0,32000,9833,0.307281,131072,8516,0.064972,0,0,6
22,host-7,6,1,14,6,1,0,0.317875,0,32000,10172,0.317875,131072,11866,0.090530,0,1,5
22,host-8,6,0,14,6,0,0,0.285687,0,32000,9142,0.285687,131072,9158,0.069870,0,0,6
22,host-9,6,2,14,6,2,0,0.288687,0,32000,9238,0.288687,131072,8877,0.067726,1,1,4
23,host-1,6,0,14,6,0,0,0.247375,0,32000,7916,0.247375,131072,7678,0.058578,0,0,6
23,host-10,6,0,14,6,0,0,0.287687,0,32000,9206,0.287687,131072,8853,0.067543,0,0,6
23,host-11,7,0,14,7,0,0,0.275594,0,32000,8819,0.275594,131072,7272,0.055481,0,0,7
23,host-12,6,0,14,6,0,0,0.329156,0,32000,10533,0.329156,131072,12603,0.096153,0,0,6
23,host-13,5,0,14,5,0,0,0.279219,0,32000,8935,0.279219,131072,10100,0.077057,0,0,5
23,host-14,5,0,14,5,0,0,0.304500,0,32000,9744,0.304500,131072,9345,0.071297,0,0,5
23,host-15,5,0,14,5,0,0,0.275187,0,32000,8806,0.275187,131072,9840,0.075073,0,0,5
23,host-16,5,0,14,5,0,0,0.285531,0,32000,9137,0.285531,131072,10532,0.080353,0,0,5
23,host-17,7,0,14,7,0,0,0.281187,0,32000,8998,0.281187,131072,9053,0.069069,0,0,7
23,host-18,7,0,14,7,0,0,0.321031,0,32000,10273,0.321031,131072,9058,0.069107,0,0,7
23,host-19,6,1,14,6,1,0,0.311937,0,32000,9982,0.311937,131072,9935,0.075798,1,0,5
23,host-2,6,0,14,6,0,0,0.274125,0,32000,8772,0.274125,131072,8397,0.064064,0,0,6
23,host-20,6,0,14,6,0,0,0.338562,0,32000,10834,0.338562,131072,10982,0.083786,0,0,6
23,host-21,5,0,14,5,0,0,0.307094,0,32000,9827,0.307094,131072,11199,0.085442,0,0,5
23,host-22,6,1,14,6,1,0,0.284281,0,32000,9097,0.284281,131072,8952,0.068298,0,1,5
23,host-23,5,0,14,5,0,0,0.281438,0,32000,9006,0.281438,131072,8131,0.062035,0,0,5
23,host-24,7,0,14,7,0,0,0.309625,0,32000,9908,0.309625,131072,10721,0.081795,0,0,7
23,host-3,7,0,14,7,0,0,0.279687,0,32000,8950,0.279687,131072,8100,0.061798,0,0,7
23,host-4,5,0,14,5,0,0,0.300844,0,32000,9627,0.300844,131072,10520,0.080261,0,0,5
23,host-5,6,0,14,6,0,0,0.288000,0,32000,9216,0.288000,131072,8580,0.065460,0,0,6
23,host-6,6,0,14,6,0,0,0.307281,0,32000,9833,0.307281,131072,8516,0.064972,0,0,6
23,host-7,6,0,14,6,0,0,0.317875,0,32000,10172,0.317875,131072,11866,0.090530,0,0,6
23,host-8,6,0,14,6,0,0,0.285687,0,32000,9142,0.285687,131072,9158,0.069870,0,0,6
23,host-9,6,1,14,6,1,0,0.288687,0,32000,9238,0.288687,131072,8877,0.067726,0,1,5
24,host-1,7,1,14,7,1,0,0.291125,0,32000,9316,0.291125,131072,8782,0.067001,1,0,6
24,host-10,5,0,14,5,0,0,0.252500,0,32000,8080,0.252500,131072,7937,0.060555,0,0,5
24,host-11,7,0,14,7,0,0,0.275594,0,32000,8819,0.275594,131072,7272,0.055481,0,0,7
24,host-12,6,0,14,6,0,0,0.329156,0,32000,10533,0.329156,131072,12603,0.096153,0,0,6
24,host-13,5,0,14,5,0,0,0.279219,0,32000,8935,0.279219,131072,10100,0.077057,0,0,5
24,host-14,5,0,14,5,0,0,0.304500,0,32000,9744,0.304500,131072,9345,0.071297,0,0,5
24,host-15,5,0,14,5,0,0,0.275187,0,32000,8806,0.275187,131072,9840,0.075073,0,0,5
24,host-16,5,0,14,5,0,0,0.285531,0,32000,9137,0.285531,131072,10532,0.080353,0,0,5
24,host-17,7,1,14,7,1,0,0.281187,0,32000,8998,0.281187,131072,9053,0.069069,0,1,6
24,host-18,7,1,14,7,1,0,0.321031,0,32000,10273,0.321031,131072,9058,0.069107,0,1,6
24,host-19,6,0,14,6,0,0,0.311937,0,32000,9982,0.311937,131072,9935,0.075798,0,0,6
24,host-2,6,0,14,6,0,0,0.274125,0,32000,8772,0.274125,131072,8397,0.064064,0,0,6
24,host-20,6,1,14,6,1,0,0.338562,0,32000,10834,0.338562,131072,10982,0.083786,0,1,5
24,host-21,5,0,14,5,0,0,0.307094,0,32000,9827,0.307094,131072,11199,0.085442,0,0,5
24,host-22,5,0,14,5,0,0,0.235000,0,32000,7520,0.235000,131072,7025,0.053596,0,0,5
24,host-23,5,0,14,5,0,0,0.281438,0,32000,9006,0.281438,131072,8131,0.062035,0,0,5
24,host-24,7,0,14,7,0,0,0.309625,0,32000,9908,0.309625,131072,10721,0.081795,0,0,7
24,host-3,7,0,14,7,0,0,0.279687,0,32000,8950,0.279687,131072,8100,0.061798,0,0,7
24,host-4,5,0,14,5,0,0,0.300844,0,32000,9627,0.300844,131072,10520,0.080261,0,0,5
24,host-5,6,0,14,6,0,0,0.288000,0,32000,9216,0.288000,131072,8580,0.065460,0,0,6
24,host-6,6,0,14,6,0,0,0.307281,0,32000,9833,0.307281,131072,8516,0.064972,0,0,6
24,host-7,6,0,14,6,0,0,0.317875,0,32000,10172,0.317875,131072,11866,0.090530,0,0,6
24,host-8,6,0,14,6,0,0,0.285687,0,32000,9142,0.285687,131072,9158,0.069870,0,0,6
24,host-9,6,0,14,6,0,0,0.288687,0,32000,9238,0.288687,131072,8877,0.067726,0,0,6
25,host-1,7,0,14,7,0,0,0.291125,0,32000,9316,0.291125,131072,8782,0.067001,0,0,7
25,host-10,5,0,14,5,0,0,0.252500,0,32000,8080,0.252500,131072,7937,0.060555,0,0,5
25,host-11,7,0,14,7,0,0,0.275594,0,32000,8819,0.275594,131072,7272,0.055481,0,0,7
25,host-12,6,0,14,6,0,0,0.329156,0,32000,10533,0.329156,131072,12603,0.096153,0,0,6
25,host-13,5,0,14,5,0,0,0.279219,0,32000,8935,0.279219,131072,10100,0.077057,0,0,5
25,host-14,5,1,14,5,1,0,0.304500,0,32000,9744,0.304500,131072,9345,0.071297,0,1,4
25,host-15,5,0,14,5,0,0,0.275187,0,32000,8806,0.275187,131072,9840,0.075073,0,0,5
25,host-16,5,0,14,5,0,0,0.285531,0,32000,9137,0.285531,131072,10532,0.080353,0,0,5
25,host-17,7,0,14,7,0,0,0.281187,0,32000,8998,0.281187,131072,9053,0.069069,0,0,7
25,host-18,7,0,14,7,0,0,0.321031,0,32000,10273,0.321031,131072,9058,0.069107,0,0,7
25,host-19,6,1,14,6,1,0,0.311937,0,32000,9982,0.311937,131072,9935,0.075798,0,1,5
25,host-2,6,0,14,6,0,0,0.274125,0,32000,8772,0.274125,131072,8397,0.064064,0,0,6
25,host-20,6,0,14,6,0,0,0.338562,0,32000,10834,0.338562,131072,10982,0.083786,0,0,6
25,host-21,5,0,14,5,0,0,0.307094,0,32000,9827,0.307094,131072,11199,0.085442,0,0,5
25,host-22,5,0,14,5,0,0,0.235000,0,32000,7520,0.235000,131072,7025,0.053596,0,0,5
25,host-23,5,1,14,5,1,0,0.281438,0,32000,9006,0.281438,131072,8131,0.062035,0,1,4
25,host-24,7,0,14,7,0,0,0.309625,0,32000,9908,0.309625,131072,10721,0.081795,0,0,7
25,host-3,7,0,14,7,0,0,0.279687,0,32000,8950,0.279687,131072,8100,0.061798,0,0,7
25,host-4,4,0,14,4,0,0,0.263219,0,32000,8423,0.263219,131072,9125,0.069618,0,0,4
25,host-5,6,0,14,6,0,0,0.288000,0,32000,9216,0.288000,131072,8580,0.065460,0,0,6
25,host-6,6,0,14,6,0,0,0.307281,0,32000,9833,0.307281,131072,8516,0.064972,0,0,6
25,host-7,6,0,14,6,0,0,0.317875,0,32000,10172,0.317875,131072,11866,0.090530,0,0,6
25,host-8,6,1,14,6,1,0,0.285687,0,32000,9142,0.285687,131072,9158,0.069870,0,1,5
25,host-9,6,1,14,6,1,0,0.288687,0,32000,9238,0.288687,131072,8877,0.067726,0,1,5
26,host-1,7,0,14,7,0,0,0.291125,0,32000,9316,0.291125,131072,8782,0.067001,0,0,7
26,host-10,6,1,14,6,1,0,0.323219,0,32000,10343,0.323219,131072,10517,0.080238,0,1,5
26,host-11,7,0,14,7,0,0,0.275594,0,32000,8819,0.275594,131072,7272,0.055481,0,0,7
26,host-12,6,0,14,6,0,0,0.329156,0,32000,10533,0.329156,131072,12603,0.096153,0,0,6
26,host-13,5,0,14,5,0,0,0.279219,0,32000,8935,0.279219,131072,10100,0.077057,0,0,5
26,host-14,5,0,14,5,0,0,0.304500,0,32000,9744,0.304500,131072,9345,0.071297,0,0,5
26,host-15,5,0,14,5,0,0,0.275187,0,32000,8806,0.275187,131072,9840,0.075073,0,0,5
26,host-16,5,0,14,5,0,0,0.285531,0,32000,9137,0.285531,131072,10532,0.080353,0,0,5
26,host-17,7,0,14,7,0,0,0.281187,0,32000,8998,0.281187,131072,9053,0.069069,0,0,7
26,host-18,7,0,14,7,0,0,0.321031,0,32000,10273,0.321031,131072,9058,0.069107,0,0,7
26,host-19,6,0,14,6,0,0,0.311937,0,32000,9982,0.311937,131072,9935,0.075798,0,0,6
26,host-2,6,0,14,6,0,0,0.274125,0,32000,8772,0.274125,131072,8397,0.064064,0,0,6
26,host-20,6,0,14,6,0,0,0.338562,0,32000,10834,0.338562,131072,10982,0.083786,0,0,6
26,host-21,5,0,14,5,0,0,0.307094,0,32000,9827,0.307094,131072,11199,0.085442,0,0,5
26,host-22,6,1,14,6,1,0,0.309812,0,32000,9914,0.309812,131072,9561,0.072945,1,0,5
26,host-23,5,0,14,5,0,0,0.281438,0,32000,9006,0.281438,131072,8131,0.062035,0,0,5
26,host-24,7,1,14,7,1,0,0.309625,0,32000,9908,0.309625,131072,10721,0.081795,0,1,6
26,host-3,7,0,14,7,0,0,0.279687,0,32000,8950,0.279687,131072,8100,0.061798,0,0,7
26,host-4,5,1,14,5,1,0,0.307406,0,32000,9837,0.307406,131072,10696,0.081604,0,1,4
26,host-5,6,0,14,6,0,0,0.288000,0,32000,9216,0.288000,131072,8580,0.065460,0,0,6
26,host-6,6,0,14,6,0,0,0.307281,0,32000,9833,0.307281,131072,8516,0.064972,0,0,6
26,host-7,6,1,14,6,1,0,0.317875,0,32000,10172,0.317875,131072,11866,0.090530,0,1,5
26,host-8,6,0,14,6,0,0,0.285687,0,32000,9142,0.285687,131072,9158,0.069870,0,0,6
26,host-9,6,0,14,6,0,0,0.288687,0,32000,9238,0.288687,131072,8877,0.067726,0,0,6
27,host-1,7,0,14,7,0,0,0.291125,0,32000,9316,0.291125,131072,8782,0.067001,0,0,7
27,host-10,5,0,14,5,0,0,0.264781,0,32000,8473,0.264781,131072,8802,0.067154,0,0,5
27,host-11,8,1,14,8,1,0,0.333094,0,32000,10659,0.333094,131072,9461,0.072182,1,0,7
27,host-12,6,0,14,6,0,0,0.329156,0,32000,10533,0.329156,131072,12603,0.096153,0,0,6
27,host-13,4,0,14,4,0,0,0.200125,0,32000,6404,0.200125,131072,7618,0.058121,0,0,4
27,host-14,5,0,14,5,0,0,0.304500,0,32000,9744,0.304500,131072,9345,0.071297,0,0,5
27,host-15,6,1,14,6,1,0,0.316875,0,32000,10140,0.316875,131072,11345,0.086555,1,0,5
27,host-16,4,0,14,4,0,0,0.221562,0,32000,7090,0.221562,131072,8180,0.062408,0,0,4
27,host-17,6,1,14,6,1,0,0.248406,0,32000,7949,0.248406,131072,8612,0.065704,0,1,5
27,host-18,7,0,14,7,0,0,0.321031,0,32000,10273,0.321031,131072,9058,0.069107,0,0,7
27,host-19,6,0,14,6,0,0,0.311937,0,32000,9982,0.311937,131072,9935,0.075798,0,0,6
27,host-2,6,0,14,6,0,0,0.273219,0,32000,8743,0.273219,131072,8321,0.063484,0,0,6
27,host-20,6,1,14,6,1,0,0.338562,0,32000,10834,0.338562,131072,10982,0.083786,0,1,5
27,host-21,4,0,14,4,0,0,0.242906,0,32000,7773,0.242906,131072,8606,0.065659,0,0,4
27,host-22,6,0,14,6,0,0,0.309812,0,32000,9914,0.309812,131072,9561,0.072945,0,0,6
27,host-23,5,0,14,5,0,0,0.281438,0,32000,9006,0.281438,131072,8131,0.062035,0,0,5
27,host-24,6,0,14,6,0,0,0.282750,0,32000,9048,0.282750,131072,10190,0.077744,0,0,6
27,host-3,5,0,14,5,0,0,0.212438,0,32000,6798,0.212438,131072,5503,0.041985,0,0,5
27,host-4,5,0,14,5,0,0,0.307406,0,32000,9837,0.307406,131072,10696,0.081604,0,0,5
27,host-5,6,0,14,6,0,0,0.288000,0,32000,9216,0.288000,131072,8580,0.065460,0,0,6
27,host-6,4,0,14,4,0,0,0.185844,0,32000,5947,0.185844,131072,4760,0.036316,0,0,4
27,host-7,6,0,14,6,0,0,0.317875,0,32000,10172,0.317875,131072,11866,0.090530,0,0,6
27,host-8,6,0,14,6,0,0,0.285687,0,32000,9142,0.285687,131072,9158,0.069870,0,0,6
27,host-9,6,0,14,6,0,0,0.288687,0,32000,9238,0.288687,131072,8877,0.067726,0,0,6
28,host-1,7,0,14,7,0,0,0.291125,0,32000,9316,0.291125,131072,8782,0.067001,0,0,7
28,host-10,5,1,14,5,1,0,0.264781,0,32000,8473,0.264781,131072,8802,0.067154,0,1,4
28,host-11,8,1,14,8,1,0,0.333094,0,32000,10659,0.333094,131072,9461,0.072182,0,1,7
28,host-12,5,0,14,5,0,0,0.284500,0,32000,9104,0.284500,131072,11533,0.087990,0,0,5
28,host-13,4,0,14,4,0,0,0.200125,0,32000,6404,0.200125,131072,7618,0.058121,0,0,4
28,host-14,5,0,14,5,0,0,0.304500,0,32000,9744,0.304500,131072,9345,0.071297,0,0,5
28,host-15,5,0,14,5,0,0,0.252688,0,32000,8086,0.252688,131072,8752,0.066772,0,0,5
28,host-16,4,0,14,4,0,0,0.221562,0,32000,7090,0.221562,131072,8180,0.062408,0,0,4
28,host-17,5,1,14,5,1,0,0.207750,0,32000,6648,0.207750,131072,7135,0.054436,0,1,4
28,host-18,7,0,14,7,0,0,0.321031,0,32000,10273,0.321031,131072,9058,0.069107,0,0,7
28,host-19,6,0,14,6,0,0,0.311937,0,32000,9982,0.311937,131072,9935,0.075798,0,0,6
28,host-2,6,0,14,6,0,0,0.273219,0,32000,8743,0.273219,131072,8321,0.063484,0,0,6
28,host-20,6,2,14,6,2,0,0.338562,0,32000,10834,0.338562,131072,10982,0.083786,0,2,4
28,host-21,4,0,14,4,0,0,0.242906,0,32000,7773,0.242906,131072,8606,0.065659,0,0,4
28,host-22,5,0,14,5,0,0,0.237563,0,32000,7602,0.237563,131072,7584,0.057861,0,0,5
28,host-23,5,0,14,5,0,0,0.281438,0,32000,9006,0.281438,131072,8131,0.062035,0,0,5
28,host-24,6,0,14,6,0,0,0.282750,0,32000,9048,0.282750,131072,10190,0.077744,0,0,6
28,host-3,5,1,14,5,1,0,0.212438,0,32000,6798,0.212438,131072,5503,0.041985,0,1,4
28,host-4,4,0,14,4,0,0,0.242312,0,32000,7754,0.242312,131072,7986,0.060928,0,0,4
28,host-5,5,0,14,5,0,0,0.256688,0,32000,8214,0.256688,131072,7900,0.060272,0,0,5
28,host-6,4,0,14,4,0,0,0.185844,0,32000,5947,0.185844,131072,4760,0.036316,0,0,4
28,host-7,6,0,14,6,0,0,0.317875,0,32000,10172,0.317875,131072,11866,0.090530,0,0,6
28,host-8,4,0,14,4,0,0,0.208094,0,32000,6659,0.208094,131072,6973,0.053200,0,0,4
28,host-9,5,0,14,5,0,0,0.232281,0,32000,7433,0.232281,131072,7201,0.054939,0,0,5
29,host-1,6,1,14,6,1,0,0.240844,0,32000,7707,0.240844,131072,7253,0.055336,0,1,5
29,host-10,5,0,14,5,0,0,0.264781,0,32000,8473,0.264781,131072,8802,0.067154,0,0,5
29,host-11,8,0,14,8,0,0,0.333094,0,32000,10659,0.333094,131072,9461,0.072182,0,0,8
29,host-12,5,0,14,5,0,0,0.284500,0,32000,9104,0.284500,131072,11533,0.087990,0,0,5
29,host-13,4,0,14,4,0,0,0.200125,0,32000,6404,0.200125,131072,7618,0.058121,0,0,4
29,host-14,4,1,14,4,1,0,0.228531,0,32000,7313,0.228531,131072,6425,0.049019,0,1,3
29,host-15,4,0,14,4,0,0,0.226062,0,32000,7234,0.226062,131072,7679,0.058586,0,0,4
29,host-16,4,0,14,4,0,0,0.221562,0,32000,7090,0.221562,131072,8180,0.062408,0,0,4
29,host-17,5,0,14,5,0,0,0.207750,0,32000,6648,0.207750,131072,7135,0.054436,0,0,5
29,host-18,7,0,14,7,0,0,0.321031,0,32000,10273,0.321031,131072,9058,0.069107,0,0,7
29,host-19,6,1,14,6,1,0,0.311937,0,32000,9982,0.311937,131072,9935,0.075798,0,1,5
29,host-2,6,1,14,6,1,0,0.273219,0,32000,8743,0.273219,131072,8321,0.063484,0,1,5
29,host-20,6,0,14,6,0,0,0.338562,0,32000,10834,0.338562,131072,10982,0.083786,0,0,6
29,host-21,4,0,14,4,0,0,0.242906,0,32000,7773,0.242906,131072,8606,0.065659,0,0,4
29,host-22,5,0,14,5,0,0,0.237563,0,32000,7602,0.237563,131072,7584,0.057861,0,0,5
29,host-23,5,1,14,5,1,0,0.281438,0,32000,9006,0.281438,131072,8131,0.062035,0,1,4
29,host-24,5,0,14,5,0,0,0.208625,0,32000,6676,0.208625,131072,7813,0.059608,0,0,5
29,host-3,4,0,14,4,0,0,0.165875,0,32000,5308,0.165875,131072,4817,0.036751,0,0,4
29,host-4,4,0,14,4,0,0,0.242312,0,32000,7754,0.242312,131072,7986,0.060928,0,0,4
29,host-5,5,0,14,5,0,0,0.256688,0,32000,8214,0.256688,131072,7900,0.060272,0,0,5
29,host-6,4,0,14,4,0,0,0.185844,0,32000,5947,0.185844,131072,4760,0.036316,0,0,4
29,host-7,6,0,14,6,0,0,0.317875,0,32000,10172,0.317875,131072,11866,0.090530,0,0,6
29,host-8,4,0,14,4,0,0,0.208094,0,32000,6659,0.208094,131072,6973,0.053200,0,0,4
29,host-9,5,0,14,5,0,0,0.232281,0,32000,7433,0.232281,131072,7201,0.054939,0,0,5
30,host-1,6,0,14,6,0,0,0.240844,0,32000,7707,0.240844,131072,7253,0.055336,0,0,6
30,host-10,5,0,14,5,0,0,0.264781,0,32000,8473,0.264781,131072,8802,0.067154,0,0,5
30,host-11,8,0,14,8,0,0,0.333094,0,32000,10659,0.333094,131072,9461,0.072182,0,0,8
30,host-12,5,0,14,5,0,0,0.284500,0,32000,9104,0.284500,131072,11533,0.087990,0,0,5
30,host-13,4,0,14,4,0,0,0.200125,0,32000,6404,0.200125,131072,7618,0.058121,0,0,4
30,host-14,4,0,14,4,0,0,0.228531,0,32000,7313,0.228531,131072,6425,0.049019,0,0,4
30,host-15,4,0,14,4,0,0,0.226062,0,32000,7234,0.226062,131072,7679,0.058586,0,0,4
30,host-16,4,0,14,4,0,0,0.221562,0,32000,7090,0.221562,131072,8180,0.062408,0,0,4
30,host-17,4,0,14,4,0,0,0.179969,0,32000,5759,0.179969,131072,6613,0.050453,0,0,4
30,host-18,7,1,14,7,1,0,0.321031,0,32000,10273,0.321031,131072,9058,0.069107,0,1,6
30,host-19,6,0,14,6,0,0,0.311937,0,32000,9982,0.311937,131072,9935,0.075798,0,0,6
30,host-2,6,0,14,6,0,0,0.273219,0,32000,8743,0.273219,131072,8321,0.063484,0,0,6
30,host-20,6,0,14,6,0,0,0.338562,0,32000,10834,0.338562,131072,10982,0.083786,0,0,6
30,host-21,4,0,14,4,0,0,0.242906,0,32000,7773,0.242906,131072,8606,0.065659,0,0,4
30,host-22,5,0,14,5,0,0,0.237563,0,32000,7602,0.237563,131072,7584,0.057861,0,0,5
30,host-23,5,0,14,5,0,0,0.281438,0,32000,9006,0.281438,131072,8131,0.062035,0,0,5
30,host-24,5,0,14,5,0,0,0.208625,0,32000,6676,0.208625,131072,7813,0.059608,0,0,5
30,host-3,5,1,14,5,1,0,0.238813,0,32000,7642,0.238813,131072,7003,0.053429,1,0,4
30,host-4,4,0,14,4,0,0,0.242312,0,32000,7754,0.242312,131072,7986,0.060928,0,0,4
30,host-5,5,0,14,5,0,0,0.256688,0,32000,8214,0.256688,131072,7900,0.060272,0,0,5
30,host-6,4,0,14,4,0,0,0.185844,0,32000,5947,0.185844,131072,4760,0.036316,0,0,4
30,host-7,6,0,14,6,0,0,0.317875,0,32000,10172,0.317875,131072,11866,0.090530,0,0,6
30,host-8,4,0,14,4,0,0,0.208094,0,32000,6659,0.208094,131072,6973,0.053200,0,0,4
30,host-9,5,0,14,5,0,0,0.232281,0,32000,7433,0.232281,131072,7201,0.054939,0,0,5
31,host-1,6,0,14,6,0,0,0.240844,0,32000,7707,0.240844,131072,7253,0.055336,0,0,6
31,host-10,5,0,14,5,0,0,0.264781,0,32000,8473,0.264781,131072,8802,0.067154,0,0,5
31,host-11,8,0,14,8,0,0,0.333094,0,32000,10659,0.333094,131072,9461,0.072182,0,0,8
31,host-12,5,0,14,5,0,0,0.284500,0,32000,9104,0.284500,131072,11533,0.087990,0,0,5
31,host-13,5,1,14,5,1,0,0.258562,0,32000,8274,0.258562,131072,9962,0.076004,1,0,4
31,host-14,4,0,14,4,0,0,0.228531,0,32000,7313,0.228531,131072,6425,0.049019,0,0,4
31,host-15,4,0,14,4,0,0,0.226062,0,32000,7234,0.226062,131072,7679,0.058586,0,0,4
31,host-16,3,0,14,3,0,0,0.158750,0,32000,5080,0.158750,131072,5766,0.043991,0,0,3
31,host-17,5,0,14,5,0,0,0.218156,0,32000,6981,0.218156,131072,7328,0.055908,0,0,5
31,host-18,7,0,14,7,0,0,0.321031,0,32000,10273,0.321031,131072,9058,0.069107,0,0,7
31,host-19,6,0,14,6,0,0,0.311937,0,32000,9982,0.311937,131072,9935,0.075798,0,0,6
31,host-2,6,0,14,6,0,0,0.273219,0,32000,8743,0.273219,131072,8321,0.063484,0,0,6
31,host-20,6,0,14,6,0,0,0.338562,0,32000,10834,0.338562,131072,10982,0.083786,0,0,6
31,host-21,3,0,14,3,0,0,0.161656,0,32000,5173,0.161656,131072,5780,0.044098,0,0,3
31,host-22,5,0,14,5,0,0,0.237563,0,32000,7602,0.237563,131072,7584,0.057861,0,0,5
31,host-23,5,0,14,5,0,0,0.281438,0,32000,9006,0.281438,131072,8131,0.062035,0,0,5
31,host-24,5,1,14,5,1,0,0.208625,0,32000,6676,0.208625,131072,7813,0.059608,0,1,4
31,host-3,5,1,14,5,1,0,0.238813,0,32000,7642,0.238813,131072,7003,0.053429,0,1,4
31,host-4,4,0,14,4,0,0,0.242312,0,32000,7754,0.242312,131072,7986,0.060928,0,0,4
31,host-5,5,0,14,5,0,0,0.256688,0,32000,8214,0.256688,131072,7900,0.060272,0,0,5
31,host-6,5,1,14,5,1,0,0.228344,0,32000,7307,0.228344,131072,5657,0.043159,1,0,4
31,host-7,6,0,14,6,0,0,0.317875,0,32000,10172,0.317875,131072,11866,0.090530,0,0,6
31,host-8,4,0,14,4,0,0,0.208094,0,32000,6659,0.208094,131072,6973,0.053200,0,0,4
31,host-9,5,1,14,5,1,0,0.232281,0,32000,7433,0.232281,131072,7201,0.054939,0,1,4
32,host-1,6,0,14,6,0,0,0.240844,0,32000,7707,0.240844,131072,7253,0.055336,0,0,6
32,host-10,5,0,14,5,0,0,0.264781,0,32000,8473,0.264781,131072,8802,0.067154,0,0,5
32,host-11,8,0,14,8,0,0,0.333094,0,32000,10659,0.333094,131072,9461,0.072182,0,0,8
32,host-12,4,0,14,4,0,0,0.231406,0,32000,7405,0.231406,131072,9141,0.069740,0,0,4
32,host-13,5,0,14,5,0,0,0.258562,0,32000,8274,0.258562,131072,9962,0.076004,0,0,5
32,host-14,4,1,14,4,1,0,0.228531,0,32000,7313,0.228531,131072,6425,0.049019,0,1,3
32,host-15,4,0,14,4,0,0,0.226062,0,32000,7234,0.226062,131072,7679,0.058586,0,0,4
32,host-16,4,1,14,4,1,0,0.190688,0,32000,6102,0.190688,131072,6347,0.048424,1,0,3
32,host-17,5,0,14,5,0,0,0.218156,0,32000,6981,0.218156,131072,7328,0.055908,0,0,5
32,host-18,7,1,14,7,1,0,0.321031,0,32000,10273,0.321031,131072,9058,0.069107,0,1,6
32,host-19,6,0,14,6,0,0,0.311937,0,32000,9982,0.311937,131072,9935,0.075798,0,0,6
32,host-2,5,0,14,5,0,0,0.225188,0,32000,7206,0.225188,131072,6839,0.052177,0,0,5
32,host-20,6,0,14,6,0,0,0.338562,0,32000,10834,0.338562,131072,10982,0.083786,0,0,6
32,host-21,3,0,14,3,0,0,0.161656,0,32000,5173,0.161656,131072,5780,0.044098,0,0,3
32,host-22,5,0,14,5,0,0,0.237563,0,32000,7602,0.237563,131072,7584,0.057861,0,0,5
32,host-23,5,0,14,5,0,0,0.281438,0,32000,9006,0.281438,131072,8131,0.062035,0,0,5
32,host-24,5,0,14,5,0,0,0.208625,0,32000,6676,0.208625,131072,7813,0.059608,0,0,5
32,host-3,5,0,14,5,0,0,0.238813,0,32000,7642,0.238813,131072,7003,0.053429,0,0,5
32,host-4,4,0,14,4,0,0,0.242312,0,32000,7754,0.242312,131072,7986,0.060928,0,0,4
32,host-5,5,0,14,5,0,0,0.256688,0,32000,8214,0.256688,131072,7900,0.060272,0,0,5
32,host-6,5,0,14,5,0,0,0.228344,0,32000,7307,0.228344,131072,5657,0.043159,0,0,5
32,host-7,6,0,14,6,0,0,0.317875,0,32000,10172,0.317875,131072,11866,0.090530,0,0,6
32,host-8,4,0,14,4,0,0,0.208094,0,32000,6659,0.208094,131072,6973,0.053200,0,0,4
32,host-9,5,0,14,5,0,0,0.232281,0,32000,7433,0.232281,131072,7201,0.054939,0,0,5
33,host-1,5,0,14,5,0,0,0.217688,0,32000,6966,0.217688,131072,6438,0.049118,0,0,5
33,host-10,5,0,14,5,0,0,0.264781,0,32000,8473,0.264781,131072,8802,0.067154,0,0,5
33,host-11,7,0,14,7,0,0,0.291094,0,32000,9315,0.291094,131072,8545,0.065193,0,0,7
33,host-12,4,0,14,4,0,0,0.231406,0,32000,7405,0.231406,131072,9141,0.069740,0,0,4
33,host-13,5,0,14,5,0,0,0.258562,0,32000,8274,0.258562,131072,9962,0.076004,0,0,5
33,host-14,4,0,14,4,0,0,0.228531,0,32000,7313,0.228531,131072,6425,0.049019,0,0,4
33,host-15,4,0,14,4,0,0,0.226062,0,32000,7234,0.226062,131072,7679,0.058586,0,0,4
33,host-16,3,1,14,3,1,0,0.129156,0,32000,4133,0.129156,131072,4090,0.031204,0,1,2
33,host-17,5,0,14,5,0,0,0.218156,0,32000,6981,0.218156,131072,7328,0.055908,0,0,5
33,host-18,7,0,14,7,0,0,0.321031,0,32000,10273,0.321031,131072,9058,0.069107,0,0,7
33,host-19,5,0,14,5,0,0,0.271937,0,32000,8702,0.271937,131072,9335,0.071220,0,0,5
33,host-2,5,0,14,5,0,0,0.225188,0,32000,7206,0.225188,131072,6839,0.052177,0,0,5
33,host-20,6,0,14,6,0,0,0.338562,0,32000,10834,0.338562,131072,10982,0.083786,0,0,6
33,host-21,3,0,14,3,0,0,0.161656,0,32000,5173,0.161656,131072,5780,0.044098,0,0,3
33,host-22,5,0,14,5,0,0,0.237563,0,32000,7602,0.237563,131072,7584,0.057861,0,0,5
33,host-23,4,0,14,4,0,0,0.223344,0,32000,7147,0.223344,131072,5525,0.042152,0,0,4
33,host-24,5,0,14,5,0,0,0.208625,0,32000,6676,0.208625,131072,7813,0.059608,0,0,5
33,host-3,5,0,14,5,0,0,0.238813,0,32000,7642,0.238813,131072,7003,0.053429,0,0,5
33,host-4,4,0,14,4,0,0,0.242312,0,32000,7754,0.242312,131072,7986,0.060928,0,0,4
33,host-5,5,0,14,5,0,0,0.256688,0,32000,8214,0.256688,131072,7900,0.060272,0,0,5
33,host-6,5,0,14,5,0,0,0.228344,0,32000,7307,0.228344,131072,5657,0.043159,0,0,5
33,host-7,6,0,14,6,0,0,0.317875,0,32000,10172,0.317875,131072,11866,0.090530,0,0,6
33,host-8,4,0,14,4,0,0,0.208094,0,32000,6659,0.208094,131072,6973,0.053200,0,0,4
33,host-9,5,0,14,5,0,0,0.232281,0,32000,7433,0.232281,131072,7201,0.054939,0,0,5
34,host-1,4,0,14,4,0,0,0.161281,0,32000,5161,0.161281,131072,4762,0.036331,0,0,4
34,host-10,4,0,14,4,0,0,0.206687,0,32000,6614,0.206687,131072,6196,0.047272,0,0,4
34,host-11,7,0,14,7,0,0,0.291094,0,32000,9315,0.291094,131072,8545,0.065193,0,0,7
34,host-12,4,0,14,4,0,0,0.231406,0,32000,7405,0.231406,131072,9141,0.069740,0,0,4
34,host-13,5,0,14,5,0,0,0.258562,0,32000,8274,0.258562,131072,9962,0.076004,0,0,5
34,host-14,4,0,14,4,0,0,0.228531,0,32000,7313,0.228531,131072,6425,0.049019,0,0,4
34,host-15,4,0,14,4,0,0,0.226062,0,32000,7234,0.226062,131072,7679,0.058586,0,0,4
34,host-16,3,0,14,3,0,0,0.129156,0,32000,4133,0.129156,131072,4090,0.031204,0,0,3
34,host-17,5,0,14,5,0,0,0.218156,0,32000,6981,0.218156,131072,7328,0.055908,0,0,5
34,host-18,7,0,14,7,0,0,0.321031,0,32000,10273,0.321031,131072,9058,0.069107,0,0,7
34,host-19,5,0,14,5,0,0,0.271937,0,32000,8702,0.271937,131072,9335,0.071220,0,0,5
34,host-2,5,0,14,5,0,0,0.225188,0,32000,7206,0.225188,131072,6839,0.052177,0,0,5
34,host-20,6,0,14,6,0,0,0.338562,0,32000,10834,0.338562,131072,10982,0.083786,0,0,6
34,host-21,3,0,14,3,0,0,0.161656,0,32000,5173,0.161656,131072,5780,0.044098,0,0,3
34,host-22,5,0,14,5,0,0,0.237563,0,32000,7602,0.237563,131072,7584,0.057861,0,0,5
34,host-23,4,0,14,4,0,0,0.223344,0,32000,7147,0.223344,131072,5525,0.042152,0,0,4
34,host-24,5,1,14,5,1,0,0.208625,0,32000,6676,0.208625,131072,7813,0.059608,0,1,4
34,host-3,5,0,14,5,0,0,0.238813,0,32000,7642,0.238813,131072,7003,0.053429,0,0,5
34,host-4,3,0,14,3,0,0,0.173531,0,32000,5553,0.173531,131072,6110,0.046616,0,0,3
34,host-5,4,0,14,4,0,0,0.212188,0,32000,6790,0.212188,131072,6691,0.051048,0,0,4
34,host-6,5,0,14,5,0,0,0.228344,0,32000,7307,0.228344,131072,5657,0.043159,0,0,5
34,host-7,5,0,14,5,0,0,0.256000,0,32000,8192,0.256000,131072,9689,0.073921,0,0,5
34,host-8,4,0,14,4,0,0,0.208094,0,32000,6659,0.208094,131072,6973,0.053200,0,0,4
34,host-9,5,0,14,5,0,0,0.232281,0,32000,7433,0.232281,131072,7201,0.054939,0,0,5
35,host-1,4,1,14,4,1,0,0.146094,0,32000,4675,0.146094,131072,4606,0.035141,1,0,3
35,host-10,4,0,14,4,0,0,0.206687,0,32000,6614,0.206687,131072,6196,0.047272,0,0,4
35,host-11,7,0,14,7,0,0,0.291094,0,32000,9315,0.291094,131072,8545,0.065193,0,0,7
35,host-12,4,0,14,4,0,0,0.231406,0,32000,7405,0.231406,131072,9141,0.069740,0,0,4
35,host-13,4,0,14,4,0,0,0.190438,0,32000,6094,0.190438,131072,7231,0.055168,0,0,4
35,host-14,4,0,14,4,0,0,0.228531,0,32000,7313,0.228531,131072,6425,0.049019,0,0,4
35,host-15,4,0,14,4,0,0,0.226062,0,32000,7234,0.226062,131072,7679,0.058586,0,0,4
35,host-16,5,2,14,5,2,0,0.182656,0,32000,5845,0.182656,131072,5694,0.043442,2,0,3
35,host-17,5,0,14,5,0,0,0.218156,0,32000,6981,0.218156,131072,7328,0.055908,0,0,5
35,host-18,7,0,14,7,0,0,0.321031,0,32000,10273,0.321031,131072,9058,0.069107,0,0,7
35,host-19,5,0,14,5,0,0,0.271937,0,32000,8702,0.271937,131072,9335,0.071220,0,0,5
35,host-2,4,0,14,4,0,0,0.181438,0,32000,5806,0.181438,131072,5609,0.042793,0,0,4
35,host-20,6,0,14,6,0,0,0.338562,0,32000,10834,0.338562,131072,10982,0.083786,0,0,6
35,host-21,3,1,14,3,1,0,0.161656,0,32000,5173,0.161656,131072,5780,0.044098,0,1,2
35,host-22,4,0,14,4,0,0,0.194250,0,32000,6216,0.194250,131072,6415,0.048943,0,0,4
35,host-23,4,0,14,4,0,0,0.223344,0,32000,7147,0.223344,131072,5525,0.042152,0,0,4
35,host-24,5,0,14,5,0,0,0.208625,0,32000,6676,0.208625,131072,7813,0.059608,0,0,5
35,host-3,5,0,14,5,0,0,0.238813,0,32000,7642,0.238813,131072,7003,0.053429,0,0,5
35,host-4,3,0,14,3,0,0,0.173531,0,32000,5553,0.173531,131072,6110,0.046616,0,0,3
35,host-5,4,0,14,4,0,0,0.212188,0,32000,6790,0.212188,131072,6691,0.051048,0,0,4
35,host-6,5,0,14,5,0,0,0.228344,0,32000,7307,0.228344,131072,5657,0.043159,0,0,5
35,host-7,5,0,14,5,0,0,0.256000,0,32000,8192,0.256000,131072,9689,0.073921,0,0,5
35,host-8,4,0,14,4,0,0,0.208094,0,32000,6659,0.208094,131072,6973,0.053200,0,0,4
35,host-9,5,0,14,5,0,0,0.232281,0,32000,7433,0.232281,131072,7201,0.054939,0,0,5
36,host-1,6,3,14,6,3,0,0.245375,0,32000,7852,0.245375,131072,8012,0.061127,3,0,3
36,host-10,6,2,14,6,2,0,0.265219,0,32000,8487,0.265219,131072,8121,0.061958,2,0,4
36,host-11,7,0,14,7,0,0,0.291094,0,32000,9315,0.291094,131072,8545,0.065193,0,0,7
36,host-12,5,1,14,5,1,0,0.259719,0,32000,8311,0.259719,131072,10339,0.078880,1,0,4
36,host-13,5,1,14,5,1,0,0.259375,0,32000,8300,0.259375,131072,9873,0.075325,1,0,4
36,host-14,5,2,14,5,2,0,0.248594,0,32000,7955,0.248594,131072,6512,0.049683,2,0,3
36,host-15,5,1,14,5,1,0,0.292281,0,32000,9353,0.292281,131072,10421,0.079506,1,0,4
36,host-16,6,1,14,6,1,0,0.244844,0,32000,7835,0.244844,131072,7571,0.057762,1,0,5
36,host-17,6,1,14,6,1,0,0.276813,0,32000,8858,0.276813,131072,8892,0.067841,1,0,5
36,host-18,7,0,14,7,0,0,0.321031,0,32000,10273,0.321031,131072,9058,0.069107,0,0,7
36,host-19,5,0,14,5,0,0,0.271937,0,32000,8702,0.271937,131072,9335,0.071220,0,0,5
36,host-2,6,2,14,6,2,0,0.270375,0,32000,8652,0.270375,131072,8573,0.065407,2,0,4
36,host-20,6,1,14,6,1,0,0.338562,0,32000,10834,0.338562,131072,10982,0.083786,0,1,5
36,host-21,6,3,14,6,3,0,0.304688,0,32000,9750,0.304688,131072,9525,0.072670,3,0,3
36,host-22,5,1,14,5,1,0,0.235969,0,32000,7551,0.235969,131072,6922,0.052811,1,0,4
36,host-23,5,1,14,5,1,0,0.259188,0,32000,8294,0.259188,131072,6389,0.048744,1,0,4
36,host-24,6,1,14,6,1,0,0.243500,0,32000,7792,0.243500,131072,9576,0.073059,1,0,5
36,host-3,5,0,14,5,0,0,0.238813,0,32000,7642,0.238813,131072,7003,0.053429,0,0,5
36,host-4,5,2,14,5,2,0,0.238656,0,32000,7637,0.238656,131072,7875,0.060081,2,0,3
36,host-5,5,1,14,5,1,0,0.249719,0,32000,7991,0.249719,131072,7743,0.059074,1,0,4
36,host-6,6,1,14,6,1,0,0.299781,0,32000,9593,0.299781,131072,7523,0.057396,1,0,5
36,host-7,5,0,14,5,0,0,0.256000,0,32000,8192,0.256000,131072,9689,0.073921,0,0,5
36,host-8,5,1,14,5,1,0,0.276094,0,32000,8835,0.276094,131072,9852,0.075165,1,0,4
36,host-9,6,1,14,6,1,0,0.255250,0,32000,8168,0.255250,131072,8397,0.064064,1,0,5
37,host-1,6,2,14,6,2,0,0.245375,0,32000,7852,0.245375,131072,8012,0.061127,2,0,4
37,host-10,6,2,14,6,2,0,0.265219,0,32000,8487,0.265219,131072,8121,0.061958,2,0,4
37,host-11,7,0,14,7,0,0,0.291094,0,32000,9315,0.291094,131072,8545,0.065193,0,0,7
37,host-12,5,1,14,5,1,0,0.259719,0,32000,8311,0.259719,131072,10339,0.078880,1,0,4
37,host-13,5,0,14,5,0,0,0.259375,0,32000,8300,0.259375,131072,9873,0.075325,0,0,5
37,host-14,5,0,14,5,0,0,0.248594,0,32000,7955,0.248594,131072,6512,0.049683,0,0,5
37,host-15,5,1,14,5,1,0,0.292281,0,32000,9353,0.292281,131072,10421,0.079506,1,0,4
37,host-16,6,0,14,6,0,0,0.244844,0,32000,7835,0.244844,131072,7571,0.057762,0,0,6
37,host-17,6,0,14,6,0,0,0.276813,0,32000,8858,0.276813,131072,8892,0.067841,0,0,6
37,host-18,7,1,14,7,1,0,0.321031,0,32000,10273,0.321031,131072,9058,0.069107,0,1,6
37,host-19,4,0,14,4,0,0,0.234156,0,32000,7493,0.234156,131072,8382,0.063950,0,0,4
37,host-2,6,1,14,6,1,0,0.270375,0,32000,8652,0.270375,131072,8573,0.065407,1,0,5
37,host-20,6,1,14,6,1,0,0.338562,0,32000,10834,0.338562,131072,10982,0.083786,0,1,5
37,host-21,6,0,14,6,0,0,0.304688,0,32000,9750,0.304688,131072,9525,0.072670,0,0,6
37,host-22,6,2,14,6,2,0,0.304906,0,32000,9757,0.304906,131072,9564,0.072968,2,0,4
37,host-23,5,0,14,5,0,0,0.259188,0,32000,8294,0.259188,131072,6389,0.048744,0,0,5
37,host-24,5,1,14,5,1,0,0.200375,0,32000,6412,0.200375,131072,8327,0.063530,1,0,4
37,host-3,4,1,14,4,1,0,0.196281,0,32000,6281,0.196281,131072,6405,0.048866,0,1,3
37,host-4,5,1,14,5,1,0,0.238656,0,32000,7637,0.238656,131072,7875,0.060081,1,0,4
37,host-5,5,1,14,5,1,0,0.249719,0,32000,7991,0.249719,131072,7743,0.059074,1,0,4
37,host-6,6,1,14,6,1,0,0.299781,0,32000,9593,0.299781,131072,7523,0.057396,1,0,5
37,host-7,5,0,14,5,0,0,0.256000,0,32000,8192,0.256000,131072,9689,0.073921,0,0,5
37,host-8,5,0,14,5,0,0,0.276094,0,32000,8835,0.276094,131072,9852,0.075165,0,0,5
37,host-9,6,0,14,6,0,0,0.255250,0,32000,8168,0.255250,131072,8397,0.064064,0,0,6
38,host-1,6,1,14,6,1,0,0.245375,0,32000,7852,0.245375,131072,8012,0.061127,0,1,5
38,host-10,6,0,14,6,0,0,0.265219,0,32000,8487,0.265219,131072,8121,0.061958,0,0,6
38,host-11,7,0,14,7,0,0,0.291094,0,32000,9315,0.291094,131072,8545,0.065193,0,0,7
38,host-12,5,0,14,5,0,0,0.259719,0,32000,8311,0.259719,131072,10339,0.078880,0,0,5
38,host-13,5,0,14,5,0,0,0.259375,0,32000,8300,0.259375,131072,9873,0.075325,0,0,5
38,host-14,5,0,14,5,0,0,0.248594,0,32000,7955,0.248594,131072,6512,0.049683,0,0,5
38,host-15,5,0,14,5,0,0,0.292281,0,32000,9353,0.292281,131072,10421,0.079506,0,0,5
38,host-16,5,0,14,5,0,0,0.202156,0,32000,6469,0.202156,131072,5990,0.045700,0,0,5
38,host-17,5,0,14,5,0,0,0.242906,0,32000,7773,0.242906,131072,8022,0.061203,0,0,5
38,host-18,7,0,14,7,0,0,0.321031,0,32000,10273,0.321031,131072,9058,0.069107,0,0,7
38,host-19,4,1,14,4,1,0,0.234156,0,32000,7493,0.234156,131072,8382,0.063950,0,1,3
38,host-2,6,1,14,6,1,0,0.270375,0,32000,8652,0.270375,131072,8573,0.065407,0,1,5
38,host-20,6,0,14,6,0,0,0.338562,0,32000,10834,0.338562,131072,10982,0.083786,0,0,6
38,host-21,6,0,14,6,0,0,0.304688,0,32000,9750,0.304688,131072,9525,0.072670,0,0,6
38,host-22,6,1,14,6,1,0,0.304906,0,32000,9757,0.304906,131072,9564,0.072968,0,1,5
38,host-23,5,0,14,5,0,0,0.259188,0,32000,8294,0.259188,131072,6389,0.048744,0,0,5
38,host-24,6,1,14,6,1,0,0.256812,0,32000,8218,0.256812,131072,10451,0.079735,1,0,5
38,host-3,5,1,14,5,1,0,0.270406,0,32000,8653,0.270406,131072,8782,0.067001,1,0,4
38,host-4,5,0,14,5,0,0,0.238656,0,32000,7637,0.238656,131072,7875,0.060081,0,0,5
38,host-5,4,0,14,4,0,0,0.206594,0,32000,6611,0.206594,131072,6494,0.049545,0,0,4
38,host-6,6,0,14,6,0,0,0.299781,0,32000,9593,0.299781,131072,7523,0.057396,0,0,6
38,host-7,4,0,14,4,0,0,0.198094,0,32000,6339,0.198094,131072,8282,0.063187,0,0,4
38,host-8,4,0,14,4,0,0,0.223125,0,32000,7140,0.223125,131072,7720,0.058899,0,0,4
38,host-9,6,1,14,6,1,0,0.255250,0,32000,8168,0.255250,131072,8397,0.064064,0,1,5
39,host-1,6,0,14,6,0,0,0.245375,0,32000,7852,0.245375,131072,8012,0.061127,0,0,6
39,host-10,5,0,14,5,0,0,0.220156,0,32000,7045,0.220156,131072,7356,0.056122,0,0,5
39,host-11,7,0,14,7,0,0,0.291094,0,32000,9315,0.291094,131072,8545,0.065193,0,0,7
39,host-12,4,0,14,4,0,0,0.199250,0,32000,6376,0.199250,131072,7925,0.060463,0,0,4
39,host-13,5,0,14,5,0,0,0.259375,0,32000,8300,0.259375,131072,9873,0.075325,0,0,5
39,host-14,5,0,14,5,0,0,0.248594,0,32000,7955,0.248594,131072,6512,0.049683,0,0,5
39,host-15,5,0,14,5,0,0,0.292281,0,32000,9353,0.292281,131072,10421,0.079506,0,0,5
39,host-16,5,0,14,5,0,0,0.202156,0,32000,6469,0.202156,131072,5990,0.045700,0,0,5
39,host-17,5,0,14,5,0,0,0.242906,0,32000,7773,0.242906,131072,8022,0.061203,0,0,5
39,host-18,7,0,14,7,0,0,0.321031,0,32000,10273,0.321031,131072,9058,0.069107,0,0,7
39,host-19,4,0,14,4,0,0,0.234156,0,32000,7493,0.234156,131072,8382,0.063950,0,0,4
39,host-2,6,0,14,6,0,0,0.270375,0,32000,8652,0.270375,131072,8573,0.065407,0,0,6
39,host-20,6,0,14,6,0,0,0.338562,0,32000,10834,0.338562,131072,10982,0.083786,0,0,6
39,host-21,6,0,14,6,0,0,0.304688,0,32000,9750,0.304688,131072,9525,0.072670,0,0,6
39,host-22,6,0,14,6,0,0,0.304906,0,32000,9757,0.304906,131072,9564,0.072968,0,0,6
39,host-23,5,0,14,5,0,0,0.259188,0,32000,8294,0.259188,131072,6389,0.048744,0,0,5
39,host-24,6,0,14,6,0,0,0.256812,0,32000,8218,0.256812,131072,10451,0.079735,0,0,6
39,host-3,5,1,14,5,1,0,0.270406,0,32000,8653,0.270406,131072,8782,0.067001,0,1,4
39,host-4,5,0,14,5,0,0,0.238656,0,32000,7637,0.238656,131072,7875,0.060081,0,0,5
39,host-5,4,0,14,4,0,0,0.206594,0,32000,6611,0.206594,131072,6494,0.049545,0,0,4
39,host-6,6,0,14,6,0,0,0.299781,0,32000,9593,0.299781,131072,7523,0.057396,0,0,6
39,host-7,5,2,14,5,2,0,0.262156,0,32000,8389,0.262156,131072,10968,0.083679,1,1,3
39,host-8,4,2,14,4,2,0,0.223125,0,32000,7140,0.223125,131072,7720,0.058899,0,2,2
39,host-9,6,1,14,6,1,0,0.255250,0,32000,8168,0.255250,131072,8397,0.064064,0,1,5
40,host-1,6,0,14,6,0,0,0.245375,0,32000,7852,0.245375,131072,8012,0.061127,0,0,6
40,host-10,5,0,14,5,0,0,0.220156,0,32000,7045,0.220156,131072,7356,0.056122,0,0,5
40,host-11,6,0,14,6,0,0,0.261281,0,32000,8361,0.261281,131072,7904,0.060303,0,0,6
40,host-12,4,0,14,4,0,0,0.199250,0,32000,6376,0.199250,131072,7925,0.060463,0,0,4
40,host-13,5,0,14,5,0,0,0.259375,0,32000,8300,0.259375,131072,9873,0.075325,0,0,5
40,host-14,5,0,14,5,0,0,0.248594,0,32000,7955,0.248594,131072,6512,0.049683,0,0,5
40,host-15,5,0,14,5,0,0,0.292281,0,32000,9353,0.292281,131072,10421,0.079506,0,0,5
40,host-16,5,0,14,5,0,0,0.202156,0,32000,6469,0.202156,131072,5990,0.045700,0,0,5
40,host-17,4,0,14,4,0,0,0.185094,0,32000,5923,0.185094,131072,6149,0.046913,0,0,4
40,host-18,6,0,14,6,0,0,0.283000,0,32000,9056,0.283000,131072,8417,0.064217,0,0,6
40,host-19,3,0,14,3,0,0,0.174531,0,32000,5585,0.174531,131072,6158,0.046982,0,0,3
40,host-2,6,0,14,6,0,0,0.270375,0,32000,8652,0.270375,131072,8573,0.065407,0,0,6
40,host-20,6,0,14,6,0,0,0.338562,0,32000,10834,0.338562,131072,10982,0.083786,0,0,6
40,host-21,5,0,14,5,0,0,0.258406,0,32000,8269,0.258406,131072,8279,0.063164,0,0,5
40,host-22,6,0,14,6,0,0,0.304906,0,32000,9757,0.304906,131072,9564,0.072968,0,0,6
40,host-23,5,0,14,5,0,0,0.259188,0,32000,8294,0.259188,131072,6389,0.048744,0,0,5
40,host-24,5,0,14,5,0,0,0.219125,0,32000,7012,0.219125,131072,9624,0.073425,0,0,5
40,host-3,5,1,14,5,1,0,0.270406,0,32000,8653,0.270406,131072,8782,0.067001,0,1,4
40,host-4,5,0,14,5,0,0,0.238656,0,32000,7637,0.238656,131072,7875,0.060081,0,0,5
40,host-5,4,1,14,4,1,0,0.206594,0,32000,6611,0.206594,131072,6494,0.049545,0,1,3
40,host-6,5,0,14,5,0,0,0.246656,0,32000,7893,0.246656,131072,6018,0.045914,0,0,5
40,host-7,5,0,14,5,0,0,0.262156,0,32000,8389,0.262156,131072,10968,0.083679,0,0,5
40,host-8,4,0,14,4,0,0,0.223125,0,32000,7140,0.223125,131072,7720,0.058899,0,0,4
40,host-9,6,0,14,6,0,0,0.255250,0,32000,8168,0.255250,131072,8397,0.064064,0,0,6
41,host-1,6,0,14,6,0,0,0.245375,0,32000,7852,0.245375,131072,8012,0.061127,0,0,6
41,host-10,5,0,14,5,0,0,0.220156,0,32000,7045,0.220156,131072,7356,0.056122,0,0,5
41,host-11,6,0,14,6,0,0,0.261281,0,32000,8361,0.261281,131072,7904,0.060303,0,0,6
41,host-12,4,0,14,4,0,0,0.199250,0,32000,6376,0.199250,131072,7925,0.060463,0,0,4
41,host-13,5,1,14,5,1,0,0.259375,0,32000,8300,0.259375,131072,9873,0.075325,0,1,4
41,host-14,5,1,14,5,1,0,0.248594,0,32000,7955,0.248594,131072,6512,0.049683,0,1,4
41,host-15,5,1,14,5,1,0,0.292281,0,32000,9353,0.292281,131072,10421,0.079506,0,1,4
41,host-16,5,0,14,5,0,0,0.202156,0,32000,6469,0.202156,131072,5990,0.045700,0,0,5
41,host-17,4,0,14,4,0,0,0.185094,0,32000,5923,0.185094,131072,6149,0.046913,0,0,4
41,host-18,6,0,14,6,0,0,0.283000,0,32000,9056,0.283000,131072,8417,0.064217,0,0,6
41,host-19,3,0,14,3,0,0,0.174531,0,32000,5585,0.174531,131072,6158,0.046982,0,0,3
41,host-2,6,0,14,6,0,0,0.270375,0,32000,8652,0.270375,131072,8573,0.065407,0,0,6
41,host-20,5,0,14,5,0,0,0.287750,0,32000,9208,0.287750,131072,9399,0.071709,0,0,5
41,host-21,5,0,14,5,0,0,0.258406,0,32000,8269,0.258406,131072,8279,0.063164,0,0,5
41,host-22,6,0,14,6,0,0,0.304906,0,32000,9757,0.304906,131072,9564,0.072968,0,0,6
41,host-23,5,1,14,5,1,0,0.259188,0,32000,8294,0.259188,131072,6389,0.048744,0,1,4
41,host-24,5,0,14,5,0,0,0.219125,0,32000,7012,0.219125,131072,9624,0.073425,0,0,5
41,host-3,5,0,14,5,0,0,0.270406,0,32000,8653,0.270406,131072,8782,0.067001,0,0,5
41,host-4,4,0,14,4,0,0,0.161875,0,32000,5180,0.161875,131072,5089,0.038826,0,0,4
41,host-5,4,0,14,4,0,0,0.206594,0,32000,6611,0.206594,131072,6494,0.049545,0,0,4
41,host-6,5,0,14,5,0,0,0.246656,0,32000,7893,0.246656,131072,6018,0.045914,0,0,5
41,host-7,5,0,14,5,0,0,0.262156,0,32000,8389,0.262156,131072,10968,0.083679,0,0,5
41,host-8,4,0,14,4,0,0,0.223125,0,32000,7140,0.223125,131072,7720,0.058899,0,0,4
41,host-9,6,0,14,6,0,0,0.255250,0,32000,8168,0.255250,131072,8397,0.064064,0,0,6
42,host-1,6,0,14,6,0,0,0.245375,0,32000,7852,0.245375,131072,8012,0.061127,0,0,6
42,host-10,5,0,14,5,0,0,0.220156,0,32000,7045,0.220156,131072,7356,0.056122,0,0,5
42,host-11,5,0,14,5,0,0,0.215688,0,32000,6902,0.215688,131072,7033,0.053658,0,0,5
42,host-12,3,0,14,3,0,0,0.128719,0,32000,4119,0.128719,131072,5512,0.042053,0,0,3
42,host-13,5,1,14,5,1,0,0.259375,0,32000,8300,0.259375,131072,9873,0.075325,0,1,4
42,host-14,5,0,14,5,0,0,0.248594,0,32000,7955,0.248594,131072,6512,0.049683,0,0,5
42,host-15,5,0,14,5,0,0,0.292281,0,32000,9353,0.292281,131072,10421,0.079506,0,0,5
42,host-16,5,0,14,5,0,0,0.202156,0,32000,6469,0.202156,131072,5990,0.045700,0,0,5
42,host-17,4,1,14,4,1,0,0.185094,0,32000,5923,0.185094,131072,6149,0.046913,0,1,3
42,host-18,6,0,14,6,0,0,0.283000,0,32000,9056,0.283000,131072,8417,0.064217,0,0,6
42,host-19,3,0,14,3,0,0,0.174531,0,32000,5585,0.174531,131072,6158,0.046982,0,0,3
42,host-2,6,0,14,6,0,0,0.270375,0,32000,8652,0.270375,131072,8573,0.065407,0,0,6
42,host-20,4,0,14,4,0,0,0.224562,0,32000,7186,0.224562,131072,7130,0.054398,0,0,4
42,host-21,5,0,14,5,0,0,0.258406,0,32000,8269,0.258406,131072,8279,0.063164,0,0,5
42,host-22,6,0,14,6,0,0,0.304906,0,32000,9757,0.304906,131072,9564,0.072968,0,0,6
42,host-23,5,1,14,5,1,0,0.259188,0,32000,8294,0.259188,131072,6389,0.048744,0,1,4
42,host-24,5,0,14,5,0,0,0.219125,0,32000,7012,0.219125,131072,9624,0.073425,0,0,5
42,host-3,5,0,14,5,0,0,0.270406,0,32000,8653,0.270406,131072,8782,0.067001,0,0,5
42,host-4,4,0,14,4,0,0,0.161875,0,32000,5180,0.161875,131072,5089,0.038826,0,0,4
42,host-5,4,1,14,4,1,0,0.206594,0,32000,6611,0.206594,131072,6494,0.049545,0,1,3
42,host-6,4,0,14,4,0,0,0.190562,0,32000,6098,0.190562,131072,4661,0.035561,0,0,4
42,host-7,4,0,14,4,0,0,0.193875,0,32000,6204,0.193875,131072,8263,0.063042,0,0,4
42,host-8,3,0,14,3,0,0,0.182750,0,32000,5848,0.182750,131072,6306,0.048111,0,0,3
42,host-9,6,1,14,6,1,0,0.255250,0,32000,8168,0.255250,131072,8397,0.064064,0,1,5
43,host-1,6,0,14,6,0,0,0.245375,0,32000,7852,0.245375,131072,8012,0.061127,0,0,6
43,host-10,4,0,14,4,0,0,0.195781,0,32000,6265,0.195781,131072,6726,0.051315,0,0,4
43,host-11,4,0,14,4,0,0,0.183188,0,32000,5862,0.183188,131072,6181,0.047157,0,0,4
43,host-12,4,1,14,4,1,0,0.168719,0,32000,5399,0.168719,131072,6112,0.046631,1,0,3
43,host-13,4,0,14,4,0,0,0.223000,0,32000,7136,0.223000,131072,8703,0.066399,0,0,4
43,host-14,4,1,14,4,1,0,0.195844,0,32000,6267,0.195844,131072,4672,0.035645,0,1,3
43,host-15,5,0,14,5,0,0,0.292281,0,32000,9353,0.292281,131072,10421,0.079506,0,0,5
43,host-16,5,0,14,5,0,0,0.202156,0,32000,6469,0.202156,131072,5990,0.045700,0,0,5
43,host-17,4,0,14,4,0,0,0.185094,0,32000,5923,0.185094,131072,6149,0.046913,0,0,4
43,host-18,6,1,14,6,1,0,0.283000,0,32000,9056,0.283000,131072,8417,0.064217,0,1,5
43,host-19,3,0,14,3,0,0,0.174531,0,32000,5585,0.174531,131072,6158,0.046982,0,0,3
43,host-2,6,0,14,6,0,0,0.270375,0,32000,8652,0.270375,131072,8573,0.065407,0,0,6
43,host-20,3,0,14,3,0,0,0.154031,0,32000,4929,0.154031,131072,4717,0.035988,0,0,3
43,host-21,4,0,14,4,0,0,0.215188,0,32000,6886,0.215188,131072,6694,0.051071,0,0,4
43,host-22,6,0,14,6,0,0,0.304906,0,32000,9757,0.304906,131072,9564,0.072968,0,0,6
43,host-23,5,0,14,5,0,0,0.259188,0,32000,8294,0.259188,131072,6389,0.048744,0,0,5
43,host-24,5,0,14,5,0,0,0.219125,0,32000,7012,0.219125,131072,9624,0.073425,0,0,5
43,host-3,5,0,14,5,0,0,0.270406,0,32000,8653,0.270406,131072,8782,0.067001,0,0,5
43,host-4,4,1,14,4,1,0,0.161875,0,32000,5180,0.161875,131072,5089,0.038826,0,1,3
43,host-5,4,0,14,4,0,0,0.206594,0,32000,6611,0.206594,131072,6494,0.049545,0,0,4
43,host-6,4,0,14,4,0,0,0.190562,0,32000,6098,0.190562,131072,4661,0.035561,0,0,4
43,host-7,4,0,14,4,0,0,0.193875,0,32000,6204,0.193875,131072,8263,0.063042,0,0,4
43,host-8,3,0,14,3,0,0,0.182750,0,32000,5848,0.182750,131072,6306,0.048111,0,0,3
43,host-9,6,0,14,6,0,0,0.255250,0,32000,8168,0.255250,131072,8397,0.064064,0,0,6
44,host-1,6,0,14,6,0,0,0.245375,0,32000,7852,0.245375,131072,8012,0.061127,0,0,6
44,host-10,4,0,14,4,0,0,0.195781,0,32000,6265,0.195781,131072,6726,0.051315,0,0,4
44,host-11,4,0,14,4,0,0,0.183188,0,32000,5862,0.183188,131072,6181,0.047157,0,0,4
44,host-12,4,0,14,4,0,0,0.168719,0,32000,5399,0.168719,131072,6112,0.046631,0,0,4
44,host-13,4,0,14,4,0,0,0.223000,0,32000,7136,0.223000,131072,8703,0.066399,0,0,4
44,host-14,4,0,14,4,0,0,0.195844,0,32000,6267,0.195844,131072,4672,0.035645,0,0,4
44,host-15,5,0,14,5,0,0,0.292281,0,32000,9353,0.292281,131072,10421,0.079506,0,0,5
44,host-16,5,0,14,5,0,0,0.202156,0,32000,6469,0.202156,131072,5990,0.045700,0,0,5
44,host-17,4,1,14,4,1,0,0.185094,0,32000,5923,0.185094,131072,6149,0.046913,0,1,3
44,host-18,6,0,14,6,0,0,0.283000,0,32000,9056,0.283000,131072,8417,0.064217,0,0,6
44,host-19,2,0,14,2,0,0,0.103750,0,32000,3320,0.103750,131072,3844,0.029327,0,0,2
44,host-2,6,0,14,6,0,0,0.270375,0,32000,8652,0.270375,131072,8573,0.065407,0,0,6
44,host-20,4,1,14,4,1,0,0.212125,0,32000,6788,0.212125,131072,7323,0.055870,1,0,3
44,host-21,4,0,14,4,0,0,0.215188,0,32000,6886,0.215188,131072,6694,0.051071,0,0,4
44,host-22,5,0,14,5,0,0,0.279656,0,32000,8949,0.279656,131072,9090,0.069351,0,0,5
44,host-23,4,0,14,4,0,0,0.200844,0,32000,6427,0.200844,131072,5201,0.039680,0,0,4
44,host-24,5,0,14,5,0,0,0.219125,0,32000,7012,0.219125,131072,9624,0.073425,0,0,5
44,host-3,5,0,14,5,0,0,0.270406,0,32000,8653,0.270406,131072,8782,0.067001,0,0,5
44,host-4,4,0,14,4,0,0,0.161875,0,32000,5180,0.161875,131072,5089,0.038826,0,0,4
44,host-5,4,0,14,4,0,0,0.206594,0,32000,6611,0.206594,131072,6494,0.049545,0,0,4
44,host-6,3,0,14,3,0,0,0.145781,0,32000,4665,0.145781,131072,3326,0.025375,0,0,3
44,host-7,4,0,14,4,0,0,0.193875,0,32000,6204,0.193875,131072,8263,0.063042,0,0,4
44,host-8,3,1,14,3,1,0,0.182750,0,32000,5848,0.182750,131072,6306,0.048111,0,1,2
44,host-9,6,0,14,6,0,0,0.255250,0,32000,8168,0.255250,131072,8397,0.064064,0,0,6
45,host-1,5,0,14,5,0,0,0.201625,0,32000,6452,0.201625,131072,6908,0.052704,0,0,5
45,host-10,4,0,14,4,0,0,0.195781,0,32000,6265,0.195781,131072,6726,0.051315,0,0,4
45,host-11,4,1,14,4,1,0,0.183188,0,32000,5862,0.183188,131072,6181,0.047157,0,1,3
45,host-12,5,1,14,5,1,0,0.239500,0,32000,7664,0.239500,131072,8426,0.064285,1,0,4
45,host-13,4,0,14,4,0,0,0.223000,0,32000,7136,0.223000,131072,8703,0.066399,0,0,4
45,host-14,4,0,14,4,0,0,0.195844,0,32000,6267,0.195844,131072,4672,0.035645,0,0,4
45,host-15,5,0,14,5,0,0,0.292281,0,32000,9353,0.292281,131072,10421,0.079506,0,0,5
45,host-16,5,0,14,5,0,0,0.202156,0,32000,6469,0.202156,131072,5990,0.045700,0,0,5
45,host-17,4,0,14,4,0,0,0.185094,0,32000,5923,0.185094,131072,6149,0.046913,0,0,4
45,host-18,6,0,14,6,0,0,0.283000,0,32000,9056,0.283000,131072,8417,0.064217,0,0,6
45,host-19,4,2,14,4,2,0,0.188969,0,32000,6047,0.188969,131072,6345,0.048409,2,0,2
45,host-2,6,0,14,6,0,0,0.270375,0,32000,8652,0.270375,131072,8573,0.065407,0,0,6
45,host-20,4,0,14,4,0,0,0.212125,0,32000,6788,0.212125,131072,7323,0.055870,0,0,4
45,host-21,4,0,14,4,0,0,0.215188,0,32000,6886,0.215188,131072,6694,0.051071,0,0,4
45,host-22,4,0,14,4,0,0,0.226781,0,32000,7257,0.226781,131072,7068,0.053925,0,0,4
45,host-23,4,0,14,4,0,0,0.200844,0,32000,6427,0.200844,131072,5201,0.039680,0,0,4
45,host-24,5,0,14,5,0,0,0.219125,0,32000,7012,0.219125,131072,9624,0.073425,0,0,5
45,host-3,5,0,14,5,0,0,0.270406,0,32000,8653,0.270406,131072,8782,0.067001,0,0,5
45,host-4,5,1,14,5,1,0,0.218281,0,32000,6985,0.218281,131072,6765,0.051613,1,0,4
45,host-5,4,0,14,4,0,0,0.206594,0,32000,6611,0.206594,131072,6494,0.049545,0,0,4
45,host-6,4,1,14,4,1,0,0.190281,0,32000,6089,0.190281,131072,4535,0.034599,1,0,3
45,host-7,4,0,14,4,0,0,0.193875,0,32000,6204,0.193875,131072,8263,0.063042,0,0,4
45,host-8,4,1,14,4,1,0,0.226500,0,32000,7248,0.226500,131072,7410,0.056534,1,0,3
45,host-9,6,0,14,6,0,0,0.255250,0,32000,8168,0.255250,131072,8397,0.064064,0,0,6
46,host-1,5,0,14,5,0,0,0.201625,0,32000,6452,0.201625,131072,6908,0.052704,0,0,5
46,host-10,4,0,14,4,0,0,0.195781,0,32000,6265,0.195781,131072,6726,0.051315,0,0,4
46,host-11,5,1,14,5,1,0,0.242781,0,32000,7769,0.242781,131072,8505,0.064888,1,0,4
46,host-12,5,1,14,5,1,0,0.239500,0,32000,7664,0.239500,131072,8426,0.064285,1,0,4
46,host-13,4,1,14,4,1,0,0.223000,0,32000,7136,0.223000,131072,8703,0.066399,0,1,3
46,host-14,4,0,14,4,0,0,0.195844,0,32000,6267,0.195844,131072,4672,0.035645,0,0,4
46,host-15,4,0,14,4,0,0,0.220875,0,32000,7068,0.220875,131072,7853,0.059914,0,0,4
46,host-16,5,0,14,5,0,0,0.202156,0,32000,6469,0.202156,131072,5990,0.045700,0,0,5
46,host-17,5,1,14,5,1,0,0.255875,0,32000,8188,0.255875,131072,8463,0.064568,1,0,4
46,host-18,6,0,14,6,0,0,0.283000,0,32000,9056,0.283000,131072,8417,0.064217,0,0,6
46,host-19,4,1,14,4,1,0,0.188969,0,32000,6047,0.188969,131072,6345,0.048409,1,0,3
46,host-2,6,0,14,6,0,0,0.270375,0,32000,8652,0.270375,131072,8573,0.065407,0,0,6
46,host-20,4,0,14,4,0,0,0.212125,0,32000,6788,0.212125,131072,7323,0.055870,0,0,4
46,host-21,4,0,14,4,0,0,0.215188,0,32000,6886,0.215188,131072,6694,0.051071,0,0,4
46,host-22,4,0,14,4,0,0,0.226781,0,32000,7257,0.226781,131072,7068,0.053925,0,0,4
46,host-23,4,0,14,4,0,0,0.200844,0,32000,6427,0.200844,131072,5201,0.039680,0,0,4
46,host-24,5,0,14,5,0,0,0.219125,0,32000,7012,0.219125,131072,9624,0.073425,0,0,5
46,host-3,5,0,14,5,0,0,0.270406,0,32000,8653,0.270406,131072,8782,0.067001,0,0,5
46,host-4,5,1,14,5,1,0,0.218281,0,32000,6985,0.218281,131072,6765,0.051613,1,0,4
46,host-5,4,0,14,4,0,0,0.206594,0,32000,6611,0.206594,131072,6494,0.049545,0,0,4
46,host-6,4,1,14,4,1,0,0.190281,0,32000,6089,0.190281,131072,4535,0.034599,1,0,3
46,host-7,4,0,14,4,0,0,0.193875,0,32000,6204,0.193875,131072,8263,0.063042,0,0,4
46,host-8,4,0,14,4,0,0,0.226500,0,32000,7248,0.226500,131072,7410,0.056534,0,0,4
46,host-9,6,0,14,6,0,0,0.255250,0,32000,8168,0.255250,131072,8397,0.064064,0,0,6
47,host-1,5,0,14,5,0,0,0.201625,0,32000,6452,0.201625,131072,6908,0.052704,0,0,5
47,host-10,3,0,14,3,0,0,0.125062,0,32000,4002,0.125062,131072,4146,0.031631,0,0,3
47,host-11,5,0,14,5,0,0,0.242781,0,32000,7769,0.242781,131072,8505,0.064888,0,0,5
47,host-12,5,0,14,5,0,0,0.239500,0,32000,7664,0.239500,131072,8426,0.064285,0,0,5
47,host-13,4,0,14,4,0,0,0.223000,0,32000,7136,0.223000,131072,8703,0.066399,0,0,4
47,host-14,4,0,14,4,0,0,0.195844,0,32000,6267,0.195844,131072,4672,0.035645,0,0,4
47,host-15,4,0,14,4,0,0,0.220875,0,32000,7068,0.220875,131072,7853,0.059914,0,0,4
47,host-16,5,0,14,5,0,0,0.202156,0,32000,6469,0.202156,131072,5990,0.045700,0,0,5
47,host-17,5,1,14,5,1,0,0.255875,0,32000,8188,0.255875,131072,8463,0.064568,1,0,4
47,host-18,6,0,14,6,0,0,0.283000,0,32000,9056,0.283000,131072,8417,0.064217,0,0,6
47,host-19,5,2,14,5,2,0,0.216219,0,32000,6919,0.216219,131072,7217,0.055061,1,1,3
47,host-2,5,0,14,5,0,0,0.237031,0,32000,7585,0.237031,131072,7557,0.057655,0,0,5
47,host-20,4,0,14,4,0,0,0.212125,0,32000,6788,0.212125,131072,7323,0.055870,0,0,4
47,host-21,4,0,14,4,0,0,0.215188,0,32000,6886,0.215188,131072,6694,0.051071,0,0,4
47,host-22,4,0,14,4,0,0,0.226781,0,32000,7257,0.226781,131072,7068,0.053925,0,0,4
47,host-23,4,0,14,4,0,0,0.200844,0,32000,6427,0.200844,131072,5201,0.039680,0,0,4
47,host-24,5,0,14,5,0,0,0.219125,0,32000,7012,0.219125,131072,9624,0.073425,0,0,5
47,host-3,5,0,14,5,0,0,0.270406,0,32000,8653,0.270406,131072,8782,0.067001,0,0,5
47,host-4,4,0,14,4,0,0,0.174094,0,32000,5571,0.174094,131072,5194,0.039627,0,0,4
47,host-5,4,0,14,4,0,0,0.206594,0,32000,6611,0.206594,131072,6494,0.049545,0,0,4
47,host-6,5,1,14,5,1,0,0.226781,0,32000,7257,0.226781,131072,4885,0.037270,1,0,4
47,host-7,4,0,14,4,0,0,0.193875,0,32000,6204,0.193875,131072,8263,0.063042,0,0,4
47,host-8,4,0,14,4,0,0,0.226500,0,32000,7248,0.226500,131072,7410,0.056534,0,0,4
47,host-9,6,0,14,6,0,0,0.255250,0,32000,8168,0.255250,131072,8397,0.064064,0,0,6
48,host-1,5,0,14,5,0,0,0.201625,0,32000,6452,0.201625,131072,6908,0.052704,0,0,5
48,host-10,3,0,14,3,0,0,0.125062,0,32000,4002,0.125062,131072,4146,0.031631,0,0,3
48,host-11,5,0,14,5,0,0,0.242781,0,32000,7769,0.242781,131072,8505,0.064888,0,0,5
48,host-12,5,0,14,5,0,0,0.239500,0,32000,7664,0.239500,131072,8426,0.064285,0,0,5
48,host-13,4,0,14,4,0,0,0.223000,0,32000,7136,0.223000,131072,8703,0.066399,0,0,4
48,host-14,4,0,14,4,0,0,0.195844,0,32000,6267,0.195844,131072,4672,0.035645,0,0,4
48,host-15,3,0,14,3,0,0,0.179187,0,32000,5734,0.179187,131072,6348,0.048431,0,0,3
48,host-16,5,0,14,5,0,0,0.202156,0,32000,6469,0.202156,131072,5990,0.045700,0,0,5
48,host-17,5,0,14,5,0,0,0.255875,0,32000,8188,0.255875,131072,8463,0.064568,0,0,5
48,host-18,6,0,14,6,0,0,0.283000,0,32000,9056,0.283000,131072,8417,0.064217,0,0,6
48,host-19,5,0,14,5,0,0,0.216219,0,32000,6919,0.216219,131072,7217,0.055061,0,0,5
48,host-2,5,0,14,5,0,0,0.237031,0,32000,7585,0.237031,131072,7557,0.057655,0,0,5
48,host-20,4,0,14,4,0,0,0.212125,0,32000,6788,0.212125,131072,7323,0.055870,0,0,4
48,host-21,4,1,14,4,1,0,0.215188,0,32000,6886,0.215188,131072,6694,0.051071,0,1,3
48,host-22,4,0,14,4,0,0,0.226781,0,32000,7257,0.226781,131072,7068,0.053925,0,0,4
48,host-23,4,0,14,4,0,0,0.200844,0,32000,6427,0.200844,131072,5201,0.039680,0,0,4
48,host-24,5,0,14,5,0,0,0.219125,0,32000,7012,0.219125,131072,9624,0.073425,0,0,5
48,host-3,5,0,14,5,0,0,0.270406,0,32000,8653,0.270406,131072,8782,0.067001,0,0,5
48,host-4,4,0,14,4,0,0,0.174094,0,32000,5571,0.174094,131072,5194,0.039627,0,0,4
48,host-5,4,0,14,4,0,0,0.206594,0,32000,6611,0.206594,131072,6494,0.049545,0,0,4
48,host-6,5,0,14,5,0,0,0.226781,0,32000,7257,0.226781,131072,4885,0.037270,0,0,5
48,host-7,4,0,14,4,0,0,0.193875,0,32000,6204,0.193875,131072,8263,0.063042,0,0,4
48,host-8,4,0,14,4,0,0,0.226500,0,32000,7248,0.226500,131072,7410,0.056534,0,0,4
48,host-9,6,1,14,6,1,0,0.255250,0,32000,8168,0.255250,131072,8397,0.064064,0,1,5
49,host-1,5,0,14,5,0,0,0.201625,0,32000,6452,0.201625,131072,6908,0.052704,0,0,5
49,host-10,5,2,14,5,2,0,0.240219,0,32000,7687,0.240219,131072,7842,0.059830,2,0,3
49,host-11,5,0,14,5,0,0,0.242781,0,32000,7769,0.242781,131072,8505,0.064888,0,0,5
49,host-12,5,0,14,5,0,0,0.239500,0,32000,7664,0.239500,131072,8426,0.064285,0,0,5
49,host-13,4,0,14,4,0,0,0.223000,0,32000,7136,0.223000,131072,8703,0.066399,0,0,4
49,host-14,4,0,14,4,0,0,0.195844,0,32000,6267,0.195844,131072,4672,0.035645,0,0,4
49,host-15,3,0,14,3,0,0,0.179187,0,32000,5734,0.179187,131072,6348,0.048431,0,0,3
49,host-16,5,0,14,5,0,0,0.202156,0,32000,6469,0.202156,131072,5990,0.045700,0,0,5
49,host-17,5,0,14,5,0,0,0.255875,0,32000,8188,0.255875,131072,8463,0.064568,0,0,5
49,host-18,6,0,14,6,0,0,0.283000,0,32000,9056,0.283000,131072,8417,0.064217,0,0,6
49,host-19,5,0,14,5,0,0,0.216219,0,32000,6919,0.216219,131072,7217,0.055061,0,0,5
49,host-2,5,0,14,5,0,0,0.237031,0,32000,7585,0.237031,131072,7557,0.057655,0,0,5
49,host-20,4,0,14,4,0,0,0.212125,0,32000,6788,0.212125,131072,7323,0.055870,0,0,4
49,host-21,4,0,14,4,0,0,0.215188,0,32000,6886,0.215188,131072,6694,0.051071,0,0,4
49,host-22,3,0,14,3,0,0,0.185469,0,32000,5935,0.185469,131072,5685,0.043373,0,0,3
49,host-23,4,0,14,4,0,0,0.200844,0,32000,6427,0.200844,131072,5201,0.039680,0,0,4
49,host-24,5,0,14,5,0,0,0.219125,0,32000,7012,0.219125,131072,9624,0.073425,0,0,5
49,host-3,5,0,14,5,0,0,0.270406,0,32000,8653,0.270406,131072,8782,0.067001,0,0,5
49,host-4,4,0,14,4,0,0,0.174094,0,32000,5571,0.174094,131072,5194,0.039627,0,0,4
49,host-5,4,1,14,4,1,0,0.206594,0,32000,6611,0.206594,131072,6494,0.049545,0,1,3
49,host-6,5,0,14,5,0,0,0.226781,0,32000,7257,0.226781,131072,4885,0.037270,0,0,5
49,host-7,4,0,14,4,0,0,0.193875,0,32000,6204,0.193875,131072,8263,0.063042,0,0,4
49,host-8,4,0,14,4,0,0,0.226500,0,32000,7248,0.226500,131072,7410,0.056534,0,0,4
49,host-9,6,0,14,6,0,0,0.255250,0,32000,8168,0.255250,131072,8397,0.064064,0,0,6
50,host-1,5,0,14,5,0,0,0.201625,0,32000,6452,0.201625,131072,6908,0.052704,0,0,5
50,host-10,5,1,14,5,1,0,0.240219,0,32000,7687,0.240219,131072,7842,0.059830,1,0,4
50,host-11,5,0,14,5,0,0,0.242781,0,32000,7769,0.242781,131072,8505,0.064888,0,0,5
50,host-12,5,0,14,5,0,0,0.239500,0,32000,7664,0.239500,131072,8426,0.064285,0,0,5
50,host-13,4,0,14,4,0,0,0.223000,0,32000,7136,0.223000,131072,8703,0.066399,0,0,4
50,host-14,4,1,14,4,1,0,0.195844,0,32000,6267,0.195844,131072,4672,0.035645,0,1,3
50,host-15,3,0,14,3,0,0,0.179187,0,32000,5734,0.179187,131072,6348,0.048431,0,0,3
50,host-16,5,0,14,5,0,0,0.202156,0,32000,6469,0.202156,131072,5990,0.045700,0,0,5
50,host-17,5,0,14,5,0,0,0.255875,0,32000,8188,0.255875,131072,8463,0.064568,0,0,5
50,host-18,6,0,14,6,0,0,0.283000,0,32000,9056,0.283000,131072,8417,0.064217,0,0,6
50,host-19,5,1,14,5,1,0,0.216219,0,32000,6919,0.216219,131072,7217,0.055061,0,1,4
50,host-2,4,0,14,4,0,0,0.182094,0,32000,5827,0.182094,131072,5739,0.043785,0,0,4
50,host-20,4,0,14,4,0,0,0.212125,0,32000,6788,0.212125,131072,7323,0.055870,0,0,4
50,host-21,4,0,14,4,0,0,0.215188,0,32000,6886,0.215188,131072,6694,0.051071,0,0,4
50,host-22,3,0,14,3,0,0,0.185469,0,32000,5935,0.185469,131072,5685,0.043373,0,0,3
50,host-23,4,0,14,4,0,0,0.200844,0,32000,6427,0.200844,131072,5201,0.039680,0,0,4
50,host-24,4,0,14,4,0,0,0.166187,0,32000,5318,0.166187,131072,7363,0.056175,0,0,4
50,host-3,5,0,14,5,0,0,0.270406,0,32000,8653,0.270406,131072,8782,0.067001,0,0,5
50,host-4,5,2,14,5,2,0,0.234563,0,32000,7506,0.234563,131072,7608,0.058044,1,1,3
50,host-5,4,0,14,4,0,0,0.206594,0,32000,6611,0.206594,131072,6494,0.049545,0,0,4
50,host-6,5,0,14,5,0,0,0.226781,0,32000,7257,0.226781,131072,4885,0.037270,0,0,5
50,host-7,4,0,14,4,0,0,0.193875,0,32000,6204,0.193875,131072,8263,0.063042,0,0,4
50,host-8,4,0,14,4,0,0,0.226500,0,32000,7248,0.226500,131072,7410,0.056534,0,0,4
50,host-9,6,0,14,6,0,0,0.255250,0,32000,8168,0.255250,131072,8397,0.064064,0,0,6
51,host-1,5,0,14,5,0,0,0.201625,0,32000,6452,0.201625,131072,6908,0.052704,0,0,5
51,host-10,5,0,14,5,0,0,0.240219,0,32000,7687,0.240219,131072,7842,0.059830,0,0,5
51,host-11,5,0,14,5,0,0,0.242781,0,32000,7769,0.242781,131072,8505,0.064888,0,0,5
51,host-12,5,0,14,5,0,0,0.239500,0,32000,7664,0.239500,131072,8426,0.064285,0,0,5
51,host-13,4,1,14,4,1,0,0.223000,0,32000,7136,0.223000,131072,8703,0.066399,0,1,3
51,host-14,5,1,14,5,1,0,0.253656,0,32000,8117,0.253656,131072,6545,0.049934,1,0,4
51,host-15,4,1,14,4,1,0,0.216875,0,32000,6940,0.216875,131072,7175,0.054741,1,0,3
51,host-16,5,0,14,5,0,0,0.202156,0,32000,6469,0.202156,131072,5990,0.045700,0,0,5
51,host-17,4,0,14,4,0,0,0.217688,0,32000,6966,0.217688,131072,7748,0.059113,0,0,4
51,host-18,6,0,14,6,0,0,0.283000,0,32000,9056,0.283000,131072,8417,0.064217,0,0,6
51,host-19,5,0,14,5,0,0,0.216219,0,32000,6919,0.216219,131072,7217,0.055061,0,0,5
51,host-2,5,1,14,5,1,0,0.243969,0,32000,7807,0.243969,131072,7916,0.060394,1,0,4
51,host-20,4,0,14,4,0,0,0.212125,0,32000,6788,0.212125,131072,7323,0.055870,0,0,4
51,host-21,4,0,14,4,0,0,0.215188,0,32000,6886,0.215188,131072,6694,0.051071,0,0,4
51,host-22,4,1,14,4,1,0,0.254250,0,32000,8136,0.254250,131072,7561,0.057686,1,0,3
51,host-23,5,1,14,5,1,0,0.277625,0,32000,8884,0.277625,131072,7987,0.060936,1,0,4
51,host-24,5,1,14,5,1,0,0.219281,0,32000,7017,0.219281,131072,9755,0.074425,1,0,4
51,host-3,5,0,14,5,0,0,0.270406,0,32000,8653,0.270406,131072,8782,0.067001,0,0,5
51,host-4,5,0,14,5,0,0,0.234563,0,32000,7506,0.234563,131072,7608,0.058044,0,0,5
51,host-5,4,0,14,4,0,0,0.206594,0,32000,6611,0.206594,131072,6494,0.049545,0,0,4
51,host-6,5,0,14,5,0,0,0.226781,0,32000,7257,0.226781,131072,4885,0.037270,0,0,5
51,host-7,5,1,14,5,1,0,0.231906,0,32000,7421,0.231906,131072,8904,0.067932,1,0,4
51,host-8,4,0,14,4,0,0,0.226500,0,32000,7248,0.226500,131072,7410,0.056534,0,0,4
51,host-9,5,1,14,5,1,0,0.217031,0,32000,6945,0.217031,131072,6973,0.053200,0,1,4
52,host-1,6,1,14,6,1,0,0.269750,0,32000,8632,0.269750,131072,9639,0.073540,1,0,5
52,host-10,5,0,14,5,0,0,0.240219,0,32000,7687,0.240219,131072,7842,0.059830,0,0,5
52,host-11,5,0,14,5,0,0,0.242781,0,32000,7769,0.242781,131072,8505,0.064888,0,0,5
52,host-12,5,0,14,5,0,0,0.239500,0,32000,7664,0.239500,131072,8426,0.064285,0,0,5
52,host-13,3,0,14,3,0,0,0.164563,0,32000,5266,0.164563,131072,6359,0.048515,0,0,3
52,host-14,5,1,14,5,1,0,0.253656,0,32000,8117,0.253656,131072,6545,0.049934,1,0,4
52,host-15,4,0,14,4,0,0,0.216875,0,32000,6940,0.216875,131072,7175,0.054741,0,0,4
52,host-16,6,1,14,6,1,0,0.261594,0,32000,8371,0.261594,131072,8529,0.065071,1,0,5
52,host-17,4,0,14,4,0,0,0.217688,0,32000,6966,0.217688,131072,7748,0.059113,0,0,4
52,host-18,6,0,14,6,0,0,0.283000,0,32000,9056,0.283000,131072,8417,0.064217,0,0,6
52,host-19,5,0,14,5,0,0,0.216219,0,32000,6919,0.216219,131072,7217,0.055061,0,0,5
52,host-2,5,1,14,5,1,0,0.243969,0,32000,7807,0.243969,131072,7916,0.060394,1,0,4
52,host-20,4,0,14,4,0,0,0.212125,0,32000,6788,0.212125,131072,7323,0.055870,0,0,4
52,host-21,4,0,14,4,0,0,0.215188,0,32000,6886,0.215188,131072,6694,0.051071,0,0,4
52,host-22,4,0,14,4,0,0,0.254250,0,32000,8136,0.254250,131072,7561,0.057686,0,0,4
52,host-23,5,1,14,5,1,0,0.277625,0,32000,8884,0.277625,131072,7987,0.060936,1,0,4
52,host-24,5,0,14,5,0,0,0.219281,0,32000,7017,0.219281,131072,9755,0.074425,0,0,5
52,host-3,5,1,14,5,1,0,0.270406,0,32000,8653,0.270406,131072,8782,0.067001,0,1,4
52,host-4,5,0,14,5,0,0,0.234563,0,32000,7506,0.234563,131072,7608,0.058044,0,0,5
52,host-5,5,1,14,5,1,0,0.268469,0,32000,8591,0.268469,131072,8671,0.066154,1,0,4
52,host-6,4,0,14,4,0,0,0.184281,0,32000,5897,0.184281,131072,3988,0.030426,0,0,4
52,host-7,5,1,14,5,1,0,0.231906,0,32000,7421,0.231906,131072,8904,0.067932,0,1,4
52,host-8,4,0,14,4,0,0,0.226500,0,32000,7248,0.226500,131072,7410,0.056534,0,0,4
52,host-9,5,0,14,5,0,0,0.217031,0,32000,6945,0.217031,131072,6973,0.053200,0,0,5
53,host-1,6,0,14,6,0,0,0.269750,0,32000,8632,0.269750,131072,9639,0.073540,0,0,6
53,host-10,5,0,14,5,0,0,0.240219,0,32000,7687,0.240219,131072,7842,0.059830,0,0,5
53,host-11,5,0,14,5,0,0,0.242781,0,32000,7769,0.242781,131072,8505,0.064888,0,0,5
53,host-12,5,0,14,5,0,0,0.239500,0,32000,7664,0.239500,131072,8426,0.064285,0,0,5
53,host-13,4,1,14,4,1,0,0.222375,0,32000,7116,0.222375,131072,8232,0.062805,1,0,3
53,host-14,5,0,14,5,0,0,0.253656,0,32000,8117,0.253656,131072,6545,0.049934,0,0,5
53,host-15,4,0,14,4,0,0,0.216875,0,32000,6940,0.216875,131072,7175,0.054741,0,0,4
53,host-16,6,0,14,6,0,0,0.261594,0,32000,8371,0.261594,131072,8529,0.065071,0,0,6
53,host-17,4,0,14,4,0,0,0.217688,0,32000,6966,0.217688,131072,7748,0.059113,0,0,4
53,host-18,5,0,14,5,0,0,0.232063,0,32000,7426,0.232063,131072,6884,0.052521,0,0,5
53,host-19,5,1,14,5,1,0,0.216219,0,32000,6919,0.216219,131072,7217,0.055061,0,1,4
53,host-2,5,0,14,5,0,0,0.243969,0,32000,7807,0.243969,131072,7916,0.060394,0,0,5
53,host-20,4,0,14,4,0,0,0.212125,0,32000,6788,0.212125,131072,7323,0.055870,0,0,4
53,host-21,4,0,14,4,0,0,0.215188,0,32000,6886,0.215188,131072,6694,0.051071,0,0,4
53,host-22,4,0,14,4,0,0,0.254250,0,32000,8136,0.254250,131072,7561,0.057686,0,0,4
53,host-23,5,0,14,5,0,0,0.277625,0,32000,8884,0.277625,131072,7987,0.060936,0,0,5
53,host-24,5,0,14,5,0,0,0.219281,0,32000,7017,0.219281,131072,9755,0.074425,0,0,5
53,host-3,5,0,14,5,0,0,0.270406,0,32000,8653,0.270406,131072,8782,0.067001,0,0,5
53,host-4,5,0,14,5,0,0,0.234563,0,32000,7506,0.234563,131072,7608,0.058044,0,0,5
53,host-5,5,1,14,5,1,0,0.268469,0,32000,8591,0.268469,131072,8671,0.066154,1,0,4
53,host-6,5,1,14,5,1,0,0.227406,0,32000,7277,0.227406,131072,5237,0.039955,1,0,4
53,host-7,5,0,14,5,0,0,0.231906,0,32000,7421,0.231906,131072,8904,0.067932,0,0,5
53,host-8,4,0,14,4,0,0,0.226500,0,32000,7248,0.226500,131072,7410,0.056534,0,0,4
53,host-9,5,0,14,5,0,0,0.217031,0,32000,6945,0.217031,131072,6973,0.053200,0,0,5
54,host-1,6,0,14,6,0,0,0.269750,0,32000,8632,0.269750,131072,9639,0.073540,0,0,6
54,host-10,5,0,14,5,0,0,0.240219,0,32000,7687,0.240219,131072,7842,0.059830,0,0,5
54,host-11,5,0,14,5,0,0,0.242781,0,32000,7769,0.242781,131072,8505,0.064888,0,0,5
54,host-12,5,0,14,5,0,0,0.239500,0,32000,7664,0.239500,131072,8426,0.064285,0,0,5
54,host-13,4,0,14,4,0,0,0.222375,0,32000,7116,0.222375,131072,8232,0.062805,0,0,4
54,host-14,5,0,14,5,0,0,0.253656,0,32000,8117,0.253656,131072,6545,0.049934,0,0,5
54,host-15,5,1,14,5,1,0,0.251219,0,32000,8039,0.251219,131072,8068,0.061554,1,0,4
54,host-16,5,0,14,5,0,0,0.229656,0,32000,7349,0.229656,131072,7948,0.060638,0,0,5
54,host-17,4,1,14,4,1,0,0.217688,0,32000,6966,0.217688,131072,7748,0.059113,0,1,3
54,host-18,5,0,14,5,0,0,0.232063,0,32000,7426,0.232063,131072,6884,0.052521,0,0,5
54,host-19,6,1,14,6,1,0,0.247688,0,32000,7926,0.247688,131072,7925,0.060463,1,0,5
54,host-2,5,0,14,5,0,0,0.243969,0,32000,7807,0.243969,131072,7916,0.060394,0,0,5
54,host-20,5,1,14,5,1,0,0.240875,0,32000,7708,0.240875,131072,8520,0.065002,1,0,4
54,host-21,5,1,14,5,1,0,0.270219,0,32000,8647,0.270219,131072,7961,0.060738,1,0,4
54,host-22,4,0,14,4,0,0,0.254250,0,32000,8136,0.254250,131072,7561,0.057686,0,0,4
54,host-23,5,2,14,5,2,0,0.277625,0,32000,8884,0.277625,131072,7987,0.060936,0,2,3
54,host-24,5,0,14,5,0,0,0.219281,0,32000,7017,0.219281,131072,9755,0.074425,0,0,5
54,host-3,5,0,14,5,0,0,0.270406,0,32000,8653,0.270406,131072,8782,0.067001,0,0,5
54,host-4,5,0,14,5,0,0,0.234563,0,32000,7506,0.234563,131072,7608,0.058044,0,0,5
54,host-5,5,0,14,5,0,0,0.268469,0,32000,8591,0.268469,131072,8671,0.066154,0,0,5
54,host-6,5,0,14,5,0,0,0.227406,0,32000,7277,0.227406,131072,5237,0.039955,0,0,5
54,host-7,5,0,14,5,0,0,0.231906,0,32000,7421,0.231906,131072,8904,0.067932,0,0,5
54,host-8,4,0,14,4,0,0,0.226500,0,32000,7248,0.226500,131072,7410,0.056534,0,0,4
54,host-9,5,1,14,5,1,0,0.217031,0,32000,6945,0.217031,131072,6973,0.053200,0,1,4
55,host-1,6,0,14,6,0,0,0.269750,0,32000,8632,0.269750,131072,9639,0.073540,0,0,6
55,host-10,5,0,14,5,0,0,0.240219,0,32000,7687,0.240219,131072,7842,0.059830,0,0,5
55,host-11,5,0,14,5,0,0,0.242781,0,32000,7769,0.242781,131072,8505,0.064888,0,0,5
55,host-12,4,0,14,4,0,0,0.211250,0,32000,6760,0.211250,131072,7061,0.053871,0,0,4
55,host-13,5,1,14,5,1,0,0.277406,0,32000,8877,0.277406,131072,9499,0.072472,1,0,4
55,host-14,5,0,14,5,0,0,0.253656,0,32000,8117,0.253656,131072,6545,0.049934,0,0,5
55,host-15,5,0,14,5,0,0,0.251219,0,32000,8039,0.251219,131072,8068,0.061554,0,0,5
55,host-16,5,0,14,5,0,0,0.229656,0,32000,7349,0.229656,131072,7948,0.060638,0,0,5
55,host-17,5,1,14,5,1,0,0.255469,0,32000,8175,0.255469,131072,8701,0.066383,1,0,4
55,host-18,5,0,14,5,0,0,0.232063,0,32000,7426,0.232063,131072,6884,0.052521,0,0,5
55,host-19,6,0,14,6,0,0,0.247688,0,32000,7926,0.247688,131072,7925,0.060463,0,0,6
55,host-2,5,0,14,5,0,0,0.243969,0,32000,7807,0.243969,131072,7916,0.060394,0,0,5
55,host-20,5,0,14,5,0,0,0.240875,0,32000,7708,0.240875,131072,8520,0.065002,0,0,5
55,host-21,5,1,14,5,1,0,0.270219,0,32000,8647,0.270219,131072,7961,0.060738,1,0,4
55,host-22,4,0,14,4,0,0,0.254250,0,32000,8136,0.254250,131072,7561,0.057686,0,0,4
55,host-23,5,0,14,5,0,0,0.277625,0,32000,8884,0.277625,131072,7987,0.060936,0,0,5
55,host-24,6,1,14,6,1,0,0.257500,0,32000,8240,0.257500,131072,11179,0.085289,1,0,5
55,host-3,5,0,14,5,0,0,0.270406,0,32000,8653,0.270406,131072,8782,0.067001,0,0,5
55,host-4,5,0,14,5,0,0,0.234563,0,32000,7506,0.234563,131072,7608,0.058044,0,0,5
55,host-5,5,0,14,5,0,0,0.268469,0,32000,8591,0.268469,131072,8671,0.066154,0,0,5
55,host-6,5,0,14,5,0,0,0.227406,0,32000,7277,0.227406,131072,5237,0.039955,0,0,5
55,host-7,5,0,14,5,0,0,0.231906,0,32000,7421,0.231906,131072,8904,0.067932,0,0,5
55,host-8,4,0,14,4,0,0,0.226500,0,32000,7248,0.226500,131072,7410,0.056534,0,0,4
55,host-9,6,0,14,6,0,0,0.259562,0,32000,8306,0.259562,131072,7571,0.057762,0,0,6
56,host-1,6,0,14,6,0,0,0.269750,0,32000,8632,0.269750,131072,9639,0.073540,0,0,6
56,host-10,5,0,14,5,0,0,0.240219,0,32000,7687,0.240219,131072,7842,0.059830,0,0,5
56,host-11,5,0,14,5,0,0,0.242781,0,32000,7769,0.242781,131072,8505,0.064888,0,0,5
56,host-12,5,1,14,5,1,0,0.264219,0,32000,8455,0.264219,131072,9193,0.070137,1,0,4
56,host-13,5,1,14,5,1,0,0.277406,0,32000,8877,0.277406,131072,9499,0.072472,1,0,4
56,host-14,5,0,14,5,0,0,0.253656,0,32000,8117,0.253656,131072,6545,0.049934,0,0,5
56,host-15,5,0,14,5,0,0,0.251219,0,32000,8039,0.251219,131072,8068,0.061554,0,0,5
56,host-16,5,0,14,5,0,0,0.229656,0,32000,7349,0.229656,131072,7948,0.060638,0,0,5
56,host-17,5,0,14,5,0,0,0.255469,0,32000,8175,0.255469,131072,8701,0.066383,0,0,5
56,host-18,5,0,14,5,0,0,0.232063,0,32000,7426,0.232063,131072,6884,0.052521,0,0,5
56,host-19,6,0,14,6,0,0,0.247688,0,32000,7926,0.247688,131072,7925,0.060463,0,0,6
56,host-2,5,0,14,5,0,0,0.243969,0,32000,7807,0.243969,131072,7916,0.060394,0,0,5
56,host-20,5,1,14,5,1,0,0.240875,0,32000,7708,0.240875,131072,8520,0.065002,0,1,4
56,host-21,5,0,14,5,0,0,0.270219,0,32000,8647,0.270219,131072,7961,0.060738,0,0,5
56,host-22,4,0,14,4,0,0,0.254250,0,32000,8136,0.254250,131072,7561,0.057686,0,0,4
56,host-23,5,0,14,5,0,0,0.277625,0,32000,8884,0.277625,131072,7987,0.060936,0,0,5
56,host-24,6,0,14,6,0,0,0.257500,0,32000,8240,0.257500,131072,11179,0.085289,0,0,6
56,host-3,5,0,14,5,0,0,0.270406,0,32000,8653,0.270406,131072,8782,0.067001,0,0,5
56,host-4,5,0,14,5,0,0,0.234563,0,32000,7506,0.234563,131072,7608,0.058044,0,0,5
56,host-5,5,1,14,5,1,0,0.268469,0,32000,8591,0.268469,131072,8671,0.066154,0,1,4
56,host-6,6,1,14,6,1,0,0.295500,0,32000,9456,0.295500,131072,7667,0.058495,1,0,5
56,host-7,5,0,14,5,0,0,0.231906,0,32000,7421,0.231906,131072,8904,0.067932,0,0,5
56,host-8,5,2,14,5,2,0,0.297906,0,32000,9533,0.297906,131072,9978,0.076126,1,1,3
56,host-9,6,0,14,6,0,0,0.259562,0,32000,8306,0.259562,131072,7571,0.057762,0,0,6
57,host-1,5,0,14,5,0,0,0.227031,0,32000,7265,0.227031,131072,8397,0.064064,0,0,5
57,host-10,5,0,14,5,0,0,0.240219,0,32000,7687,0.240219,131072,7842,0.059830,0,0,5
57,host-11,5,1,14,5,1,0,0.242781,0,32000,7769,0.242781,131072,8505,0.064888,0,1,4
57,host-12,5,0,14,5,0,0,0.264219,0,32000,8455,0.264219,131072,9193,0.070137,0,0,5
57,host-13,4,0,14,4,0,0,0.208469,0,32000,6671,0.208469,131072,6857,0.052315,0,0,4
57,host-14,4,1,14,4,1,0,0.210344,0,32000,6731,0.210344,131072,5376,0.041016,0,1,3
57,host-15,5,0,14,5,0,0,0.251219,0,32000,8039,0.251219,131072,8068,0.061554,0,0,5
57,host-16,5,1,14,5,1,0,0.197281,0,32000,6313,0.197281,131072,6712,0.051208,1,0,4
57,host-17,5,0,14,5,0,0,0.255469,0,32000,8175,0.255469,131072,8701,0.066383,0,0,5
57,host-18,5,1,14,5,1,0,0.232063,0,32000,7426,0.232063,131072,6884,0.052521,0,1,4
57,host-19,6,0,14,6,0,0,0.247688,0,32000,7926,0.247688,131072,7925,0.060463,0,0,6
57,host-2,5,1,14,5,1,0,0.243969,0,32000,7807,0.243969,131072,7916,0.060394,0,1,4
57,host-20,5,0,14,5,0,0,0.240875,0,32000,7708,0.240875,131072,8520,0.065002,0,0,5
57,host-21,4,0,14,4,0,0,0.237406,0,32000,7597,0.237406,131072,7141,0.054482,0,0,4
57,host-22,4,0,14,4,0,0,0.254250,0,32000,8136,0.254250,131072,7561,0.057686,0,0,4
57,host-23,5,0,14,5,0,0,0.277625,0,32000,8884,0.277625,131072,7987,0.060936,0,0,5
57,host-24,6,0,14,6,0,0,0.257500,0,32000,8240,0.257500,131072,11179,0.085289,0,0,6
57,host-3,5,0,14,5,0,0,0.270406,0,32000,8653,0.270406,131072,8782,0.067001,0,0,5
57,host-4,5,0,14,5,0,0,0.234563,0,32000,7506,0.234563,131072,7608,0.058044,0,0,5
57,host-5,5,0,14,5,0,0,0.268469,0,32000,8591,0.268469,131072,8671,0.066154,0,0,5
57,host-6,6,1,14,6,1,0,0.295500,0,32000,9456,0.295500,131072,7667,0.058495,1,0,5
57,host-7,5,1,14,5,1,0,0.231906,0,32000,7421,0.231906,131072,8904,0.067932,0,1,4
57,host-8,5,1,14,5,1,0,0.297906,0,32000,9533,0.297906,131072,9978,0.076126,0,1,4
57,host-9,6,0,14,6,0,0,0.259562,0,32000,8306,0.259562,131072,7571,0.057762,0,0,6
58,host-1,5,0,14,5,0,0,0.227031,0,32000,7265,0.227031,131072,8397,0.064064,0,0,5
58,host-10,5,0,14,5,0,0,0.240219,0,32000,7687,0.240219,131072,7842,0.059830,0,0,5
58,host-11,5,0,14,5,0,0,0.242781,0,32000,7769,0.242781,131072,8505,0.064888,0,0,5
58,host-12,5,0,14,5,0,0,0.264219,0,32000,8455,0.264219,131072,9193,0.070137,0,0,5
58,host-13,5,1,14,5,1,0,0.266375,0,32000,8524,0.266375,131072,8264,0.063049,1,0,4
58,host-14,4,0,14,4,0,0,0.210344,0,32000,6731,0.210344,131072,5376,0.041016,0,0,4
58,host-15,5,0,14,5,0,0,0.251219,0,32000,8039,0.251219,131072,8068,0.061554,0,0,5
58,host-16,6,1,14,6,1,0,0.229719,0,32000,7351,0.229719,131072,7773,0.059303,1,0,5
58,host-17,5,0,14,5,0,0,0.255469,0,32000,8175,0.255469,131072,8701,0.066383,0,0,5
58,host-18,5,0,14,5,0,0,0.232063,0,32000,7426,0.232063,131072,6884,0.052521,0,0,5
58,host-19,6,0,14,6,0,0,0.247688,0,32000,7926,0.247688,131072,7925,0.060463,0,0,6
58,host-2,5,0,14,5,0,0,0.243969,0,32000,7807,0.243969,131072,7916,0.060394,0,0,5
58,host-20,5,1,14,5,1,0,0.240875,0,32000,7708,0.240875,131072,8520,0.065002,0,1,4
58,host-21,4,0,14,4,0,0,0.237406,0,32000,7597,0.237406,131072,7141,0.054482,0,0,4
58,host-22,3,0,14,3,0,0,0.185312,0,32000,5930,0.185312,131072,4919,0.037529,0,0,3
58,host-23,5,0,14,5,0,0,0.277625,0,32000,8884,0.277625,131072,7987,0.060936,0,0,5
58,host-24,6,0,14,6,0,0,0.257500,0,32000,8240,0.257500,131072,11179,0.085289,0,0,6
58,host-3,5,0,14,5,0,0,0.270406,0,32000,8653,0.270406,131072,8782,0.067001,0,0,5
58,host-4,5,0,14,5,0,0,0.234563,0,32000,7506,0.234563,131072,7608,0.058044,0,0,5
58,host-5,5,0,14,5,0,0,0.268469,0,32000,8591,0.268469,131072,8671,0.066154,0,0,5
58,host-6,6,0,14,6,0,0,0.295500,0,32000,9456,0.295500,131072,7667,0.058495,0,0,6
58,host-7,4,0,14,4,0,0,0.201406,0,32000,6445,0.201406,131072,7643,0.058311,0,0,4
58,host-8,5,0,14,5,0,0,0.297906,0,32000,9533,0.297906,131072,9978,0.076126,0,0,5
58,host-9,6,3,14,6,3,0,0.259562,0,32000,8306,0.259562,131072,7571,0.057762,0,3,3
59,host-1,3,0,14,3,0,0,0.142781,0,32000,4569,0.142781,131072,4890,0.037308,0,0,3
59,host-10,4,0,14,4,0,0,0.212500,0,32000,6800,0.212500,131072,6511,0.049675,0,0,4
59,host-11,5,0,14,5,0,0,0.242781,0,32000,7769,0.242781,131072,8505,0.064888,0,0,5
59,host-12,5,0,14,5,0,0,0.264219,0,32000,8455,0.264219,131072,9193,0.070137,0,0,5
59,host-13,5,0,14,5,0,0,0.266375,0,32000,8524,0.266375,131072,8264,0.063049,0,0,5
59,host-14,4,0,14,4,0,0,0.210344,0,32000,6731,0.210344,131072,5376,0.041016,0,0,4
59,host-15,5,0,14,5,0,0,0.251219,0,32000,8039,0.251219,131072,8068,0.061554,0,0,5
59,host-16,6,1,14,6,1,0,0.229719,0,32000,7351,0.229719,131072,7773,0.059303,0,1,5
59,host-17,5,0,14,5,0,0,0.255469,0,32000,8175,0.255469,131072,8701,0.066383,0,0,5
59,host-18,5,0,14,5,0,0,0.232063,0,32000,7426,0.232063,131072,6884,0.052521,0,0,5
59,host-19,6,1,14,6,1,0,0.247688,0,32000,7926,0.247688,131072,7925,0.060463,0,1,5
59,host-2,5,0,14,5,0,0,0.243969,0,32000,7807,0.243969,131072,7916,0.060394,0,0,5
59,host-20,5,0,14,5,0,0,0.240875,0,32000,7708,0.240875,131072,8520,0.065002,0,0,5
59,host-21,3,0,14,3,0,0,0.196000,0,32000,6272,0.196000,131072,6110,0.046616,0,0,3
59,host-22,3,1,14,3,1,0,0.174094,0,32000,5571,0.174094,131072,5673,0.043282,0,1,2
59,host-23,5,0,14,5,0,0,0.277625,0,32000,8884,0.277625,131072,7987,0.060936,0,0,5
59,host-24,5,0,14,5,0,0,0.201063,0,32000,6434,0.201063,131072,9055,0.069084,0,0,5
59,host-3,5,0,14,5,0,0,0.270406,0,32000,8653,0.270406,131072,8782,0.067001,0,0,5
59,host-4,4,0,14,4,0,0,0.197219,0,32000,6311,0.197219,131072,6365,0.048561,0,0,4
59,host-5,5,0,14,5,0,0,0.268469,0,32000,8591,0.268469,131072,8671,0.066154,0,0,5
59,host-6,6,0,14,6,0,0,0.295500,0,32000,9456,0.295500,131072,7667,0.058495,0,0,6
59,host-7,4,0,14,4,0,0,0.201406,0,32000,6445,0.201406,131072,7643,0.058311,0,0,4
59,host-8,5,0,14,5,0,0,0.297906,0,32000,9533,0.297906,131072,9978,0.076126,0,0,5
59,host-9,6,0,14,6,0,0,0.259562,0,32000,8306,0.259562,131072,7571,0.057762,0,0,6
60,host-1,3,0,14,3,0,0,0.142781,0,32000,4569,0.142781,131072,4890,0.037308,0,0,3
60,host-10,4,0,14,4,0,0,0.212500,0,32000,6800,0.212500,131072,6511,0.049675,0,0,4
60,host-11,5,0,14,5,0,0,0.242781,0,32000,7769,0.242781,131072,8505,0.064888,0,0,5
60,host-12,5,0,14,5,0,0,0.264219,0,32000,8455,0.264219,131072,9193,0.070137,0,0,5
60,host-13,5,0,14,5,0,0,0.266375,0,32000,8524,0.266375,131072,8264,0.063049,0,0,5
60,host-14,3,0,14,3,0,0,0.171406,0,32000,5485,0.171406,131072,4581,0.034950,0,0,3
60,host-15,5,0,14,5,0,0,0.251219,0,32000,8039,0.251219,131072,8068,0.061554,0,0,5
60,host-16,6,0,14,6,0,0,0.229719,0,32000,7351,0.229719,131072,7773,0.059303,0,0,6
60,host-17,5,0,14,5,0,0,0.255469,0,32000,8175,0.255469,131072,8701,0.066383,0,0,5
60,host-18,5,0,14,5,0,0,0.232063,0,32000,7426,0.232063,131072,6884,0.052521,0,0,5
60,host-19,6,0,14,6,0,0,0.247688,0,32000,7926,0.247688,131072,7925,0.060463,0,0,6
60,host-2,5,0,14,5,0,0,0.243969,0,32000,7807,0.243969,131072,7916,0.060394,0,0,5
60,host-20,5,0,14,5,0,0,0.240875,0,32000,7708,0.240875,131072,8520,0.065002,0,0,5
60,host-21,3,0,14,3,0,0,0.196000,0,32000,6272,0.196000,131072,6110,0.046616,0,0,3
60,host-22,3,0,14,3,0,0,0.174094,0,32000,5571,0.174094,131072,5673,0.043282,0,0,3
60,host-23,5,0,14,5,0,0,0.277625,0,32000,8884,0.277625,131072,7987,0.060936,0,0,5
60,host-24,4,0,14,4,0,0,0.166187,0,32000,5318,0.166187,131072,7292,0.055634,0,0,4
60,host-3,5,0,14,5,0,0,0.270406,0,32000,8653,0.270406,131072,8782,0.067001,0,0,5
60,host-4,4,0,14,4,0,0,0.197219,0,32000,6311,0.197219,131072,6365,0.048561,0,0,4
60,host-5,5,0,14,5,0,0,0.268469,0,32000,8591,0.268469,131072,8671,0.066154,0,0,5
60,host-6,6,0,14,6,0,0,0.295500,0,32000,9456,0.295500,131072,7667,0.058495,0,0,6
60,host-7,4,0,14,4,0,0,0.201406,0,32000,6445,0.201406,131072,7643,0.058311,0,0,4
60,host-8,4,0,14,4,0,0,0.229906,0,32000,7357,0.229906,131072,7099,0.054161,0,0,4
60,host-9,6,0,14,6,0,0,0.259562,0,32000,8306,0.259562,131072,7571,0.057762,0,0,6
61,host-1,4,1,14,4,1,0,0.187562,0,32000,6002,0.187562,131072,6225,0.047493,1,0,3
61,host-10,4,0,14,4,0,0,0.212500,0,32000,6800,0.212500,131072,6511,0.049675,0,0,4
61,host-11,5,0,14,5,0,0,0.242781,0,32000,7769,0.242781,131072,8505,0.064888,0,0,5
61,host-12,5,0,14,5,0,0,0.264219,0,32000,8455,0.264219,131072,9193,0.070137,0,0,5
61,host-13,5,0,14,5,0,0,0.266375,0,32000,8524,0.266375,131072,8264,0.063049,0,0,5
61,host-14,3,0,14,3,0,0,0.171406,0,32000,5485,0.171406,131072,4581,0.034950,0,0,3
61,host-15,5,0,14,5,0,0,0.251219,0,32000,8039,0.251219,131072,8068,0.061554,0,0,5
61,host-16,6,0,14,6,0,0,0.229719,0,32000,7351,0.229719,131072,7773,0.059303,0,0,6
61,host-17,4,0,14,4,0,0,0.196813,0,32000,6298,0.196813,131072,7137,0.054451,0,0,4
61,host-18,5,0,14,5,0,0,0.232063,0,32000,7426,0.232063,131072,6884,0.052521,0,0,5
61,host-19,6,0,14,6,0,0,0.247688,0,32000,7926,0.247688,131072,7925,0.060463,0,0,6
61,host-2,4,0,14,4,0,0,0.196406,0,32000,6285,0.196406,131072,6066,0.046280,0,0,4
61,host-20,5,0,14,5,0,0,0.240875,0,32000,7708,0.240875,131072,8520,0.065002,0,0,5
61,host-21,3,0,14,3,0,0,0.196000,0,32000,6272,0.196000,131072,6110,0.046616,0,0,3
61,host-22,3,0,14,3,0,0,0.174094,0,32000,5571,0.174094,131072,5673,0.043282,0,0,3
61,host-23,5,0,14,5,0,0,0.277625,0,32000,8884,0.277625,131072,7987,0.060936,0,0,5
61,host-24,5,1,14,5,1,0,0.209531,0,32000,6705,0.209531,131072,8166,0.062302,1,0,4
61,host-3,5,0,14,5,0,0,0.270406,0,32000,8653,0.270406,131072,8782,0.067001,0,0,5
61,host-4,4,0,14,4,0,0,0.197219,0,32000,6311,0.197219,131072,6365,0.048561,0,0,4
61,host-5,4,0,14,4,0,0,0.230937,0,32000,7390,0.230937,131072,7619,0.058128,0,0,4
61,host-6,6,0,14,6,0,0,0.295500,0,32000,9456,0.295500,131072,7667,0.058495,0,0,6
61,host-7,3,0,14,3,0,0,0.137344,0,32000,4395,0.137344,131072,4957,0.037819,0,0,3
61,host-8,4,0,14,4,0,0,0.229906,0,32000,7357,0.229906,131072,7099,0.054161,0,0,4
61,host-9,6,0,14,6,0,0,0.259562,0,32000,8306,0.259562,131072,7571,0.057762,0,0,6
62,host-1,4,0,14,4,0,0,0.187562,0,32000,6002,0.187562,131072,6225,0.047493,0,0,4
62,host-10,4,0,14,4,0,0,0.212500,0,32000,6800,0.212500,131072,6511,0.049675,0,0,4
62,host-11,4,0,14,4,0,0,0.185281,0,32000,5929,0.185281,131072,6316,0.048187,0,0,4
62,host-12,4,0,14,4,0,0,0.235906,0,32000,7549,0.235906,131072,7995,0.060997,0,0,4
62,host-13,5,0,14,5,0,0,0.266375,0,32000,8524,0.266375,131072,8264,0.063049,0,0,5
62,host-14,3,1,14,3,1,0,0.142594,0,32000,4563,0.142594,131072,4130,0.031509,1,0,2
62,host-15,4,0,14,4,0,0,0.185000,0,32000,5920,0.185000,131072,5326,0.040634,0,0,4
62,host-16,6,0,14,6,0,0,0.229719,0,32000,7351,0.229719,131072,7773,0.059303,0,0,6
62,host-17,4,0,14,4,0,0,0.196813,0,32000,6298,0.196813,131072,7137,0.054451,0,0,4
62,host-18,5,0,14,5,0,0,0.232063,0,32000,7426,0.232063,131072,6884,0.052521,0,0,5
62,host-19,6,0,14,6,0,0,0.247688,0,32000,7926,0.247688,131072,7925,0.060463,0,0,6
62,host-2,4,0,14,4,0,0,0.196406,0,32000,6285,0.196406,131072,6066,0.046280,0,0,4
62,host-20,5,0,14,5,0,0,0.240875,0,32000,7708,0.240875,131072,8520,0.065002,0,0,5
62,host-21,3,0,14,3,0,0,0.196000,0,32000,6272,0.196000,131072,6110,0.046616,0,0,3
62,host-22,3,0,14,3,0,0,0.174094,0,32000,5571,0.174094,131072,5673,0.043282,0,0,3
62,host-23,3,0,14,3,0,0,0.175937,0,32000,5630,0.175937,131072,5260,0.040131,0,0,3
62,host-24,5,0,14,5,0,0,0.209531,0,32000,6705,0.209531,131072,8166,0.062302,0,0,5
62,host-3,3,0,14,3,0,0,0.144594,0,32000,4627,0.144594,131072,4574,0.034897,0,0,3
62,host-4,4,0,14,4,0,0,0.197219,0,32000,6311,0.197219,131072,6365,0.048561,0,0,4
62,host-5,4,0,14,4,0,0,0.230937,0,32000,7390,0.230937,131072,7619,0.058128,0,0,4
62,host-6,5,0,14,5,0,0,0.224062,0,32000,7170,0.224062,131072,5801,0.044258,0,0,5
62,host-7,4,1,14,4,1,0,0.213312,0,32000,6826,0.213312,131072,7877,0.060097,1,0,3
62,host-8,4,0,14,4,0,0,0.229906,0,32000,7357,0.229906,131072,7099,0.054161,0,0,4
62,host-9,6,0,14,6,0,0,0.259562,0,32000,8306,0.259562,131072,7571,0.057762,0,0,6
63,host-1,4,0,14,4,0,0,0.187562,0,32000,6002,0.187562,131072,6225,0.047493,0,0,4
63,host-10,3,0,14,3,0,0,0.181688,0,32000,5814,0.181688,131072,5917,0.045143,0,0,3
63,host-11,4,0,14,4,0,0,0.185281,0,32000,5929,0.185281,131072,6316,0.048187,0,0,4
63,host-12,4,0,14,4,0,0,0.235906,0,32000,7549,0.235906,131072,7995,0.060997,0,0,4
63,host-13,4,0,14,4,0,0,0.232281,0,32000,7433,0.232281,131072,6804,0.051910,0,0,4
63,host-14,5,2,14,5,2,0,0.199344,0,32000,6379,0.199344,131072,5744,0.043823,2,0,3
63,host-15,4,0,14,4,0,0,0.185000,0,32000,5920,0.185000,131072,5326,0.040634,0,0,4
63,host-16,6,0,14,6,0,0,0.229719,0,32000,7351,0.229719,131072,7773,0.059303,0,0,6
63,host-17,4,0,14,4,0,0,0.196813,0,32000,6298,0.196813,131072,7137,0.054451,0,0,4
63,host-18,5,0,14,5,0,0,0.232063,0,32000,7426,0.232063,131072,6884,0.052521,0,0,5
63,host-19,6,0,14,6,0,0,0.247688,0,32000,7926,0.247688,131072,7925,0.060463,0,0,6
63,host-2,4,0,14,4,0,0,0.196406,0,32000,6285,0.196406,131072,6066,0.046280,0,0,4
63,host-20,5,0,14,5,0,0,0.240875,0,32000,7708,0.240875,131072,8520,0.065002,0,0,5
63,host-21,4,2,14,4,2,0,0.207719,0,32000,6647,0.207719,131072,6550,0.049973,2,0,2
63,host-22,3,0,14,3,0,0,0.174094,0,32000,5571,0.174094,131072,5673,0.043282,0,0,3
63,host-23,3,0,14,3,0,0,0.175937,0,32000,5630,0.175937,131072,5260,0.040131,0,0,3
63,host-24,5,0,14,5,0,0,0.209531,0,32000,6705,0.209531,131072,8166,0.062302,0,0,5
63,host-3,4,1,14,4,1,0,0.207406,0,32000,6637,0.207406,131072,6988,0.053314,1,0,3
63,host-4,4,0,14,4,0,0,0.197219,0,32000,6311,0.197219,131072,6365,0.048561,0,0,4
63,host-5,4,1,14,4,1,0,0.230937,0,32000,7390,0.230937,131072,7619,0.058128,0,1,3
63,host-6,5,0,14,5,0,0,0.224062,0,32000,7170,0.224062,131072,5801,0.044258,0,0,5
63,host-7,3,0,14,3,0,0,0.178063,0,32000,5698,0.178063,131072,6247,0.047661,0,0,3
63,host-8,4,0,14,4,0,0,0.229906,0,32000,7357,0.229906,131072,7099,0.054161,0,0,4
63,host-9,5,0,14,5,0,0,0.236594,0,32000,7571,0.236594,131072,6375,0.048637,0,0,5
64,host-1,4,0,14,4,0,0,0.187562,0,32000,6002,0.187562,131072,6225,0.047493,0,0,4
64,host-10,3,0,14,3,0,0,0.181688,0,32000,5814,0.181688,131072,5917,0.045143,0,0,3
64,host-11,4,0,14,4,0,0,0.185281,0,32000,5929,0.185281,131072,6316,0.048187,0,0,4
64,host-12,3,0,14,3,0,0,0.195906,0,32000,6269,0.195906,131072,7395,0.056419,0,0,3
64,host-13,4,0,14,4,0,0,0.232281,0,32000,7433,0.232281,131072,6804,0.051910,0,0,4
64,host-14,5,1,14,5,1,0,0.199344,0,32000,6379,0.199344,131072,5744,0.043823,1,0,4
64,host-15,4,1,14,4,1,0,0.185000,0,32000,5920,0.185000,131072,5326,0.040634,0,1,3
64,host-16,6,0,14,6,0,0,0.229719,0,32000,7351,0.229719,131072,7773,0.059303,0,0,6
64,host-17,4,0,14,4,0,0,0.196813,0,32000,6298,0.196813,131072,7137,0.054451,0,0,4
64,host-18,5,0,14,5,0,0,0.232063,0,32000,7426,0.232063,131072,6884,0.052521,0,0,5
64,host-19,6,0,14,6,0,0,0.247688,0,32000,7926,0.247688,131072,7925,0.060463,0,0,6
64,host-2,4,0,14,4,0,0,0.196406,0,32000,6285,0.196406,131072,6066,0.046280,0,0,4
64,host-20,5,0,14,5,0,0,0.240875,0,32000,7708,0.240875,131072,8520,0.065002,0,0,5
64,host-21,4,1,14,4,1,0,0.207719,0,32000,6647,0.207719,131072,6550,0.049973,1,0,3
64,host-22,3,1,14,3,1,0,0.170000,0,32000,5440,0.170000,131072,5717,0.043617,1,0,2
64,host-23,3,0,14,3,0,0,0.175937,0,32000,5630,0.175937,131072,5260,0.040131,0,0,3
64,host-24,4,0,14,4,0,0,0.165063,0,32000,5282,0.165063,131072,6248,0.047668,0,0,4
64,host-3,4,1,14,4,1,0,0.207406,0,32000,6637,0.207406,131072,6988,0.053314,1,0,3
64,host-4,4,0,14,4,0,0,0.197219,0,32000,6311,0.197219,131072,6365,0.048561,0,0,4
64,host-5,4,0,14,4,0,0,0.230937,0,32000,7390,0.230937,131072,7619,0.058128,0,0,4
64,host-6,5,0,14,5,0,0,0.224062,0,32000,7170,0.224062,131072,5801,0.044258,0,0,5
64,host-7,3,0,14,3,0,0,0.178063,0,32000,5698,0.178063,131072,6247,0.047661,0,0,3
64,host-8,4,0,14,4,0,0,0.229906,0,32000,7357,0.229906,131072,7099,0.054161,0,0,4
64,host-9,5,1,14,5,1,0,0.236594,0,32000,7571,0.236594,131072,6375,0.048637,0,1,4
65,host-1,4,0,14,4,0,0,0.187562,0,32000,6002,0.187562,131072,6225,0.047493,0,0,4
65,host-10,3,0,14,3,0,0,0.181688,0,32000,5814,0.181688,131072,5917,0.045143,0,0,3
65,host-11,4,0,14,4,0,0,0.185281,0,32000,5929,0.185281,131072,6316,0.048187,0,0,4
65,host-12,3,0,14,3,0,0,0.195906,0,32000,6269,0.195906,131072,7395,0.056419,0,0,3
65,host-13,4,0,14,4,0,0,0.232281,0,32000,7433,0.232281,131072,6804,0.051910,0,0,4
65,host-14,5,0,14,5,0,0,0.199344,0,32000,6379,0.199344,131072,5744,0.043823,0,0,5
65,host-15,4,0,14,4,0,0,0.185000,0,32000,5920,0.185000,131072,5326,0.040634,0,0,4
65,host-16,6,0,14,6,0,0,0.229719,0,32000,7351,0.229719,131072,7773,0.059303,0,0,6
65,host-17,3,0,14,3,0,0,0.138969,0,32000,4447,0.138969,131072,4825,0.036812,0,0,3
65,host-18,5,0,14,5,0,0,0.232063,0,32000,7426,0.232063,131072,6884,0.052521,0,0,5
65,host-19,6,0,14,6,0,0,0.247688,0,32000,7926,0.247688,131072,7925,0.060463,0,0,6
65,host-2,4,0,14,4,0,0,0.196406,0,32000,6285,0.196406,131072,6066,0.046280,0,0,4
65,host-20,3,0,14,3,0,0,0.146313,0,32000,4682,0.146313,131072,4549,0.034706,0,0,3
65,host-21,4,1,14,4,1,0,0.207719,0,32000,6647,0.207719,131072,6550,0.049973,0,1,3
65,host-22,3,0,14,3,0,0,0.170000,0,32000,5440,0.170000,131072,5717,0.043617,0,0,3
65,host-23,3,0,14,3,0,0,0.175937,0,32000,5630,0.175937,131072,5260,0.040131,0,0,3
65,host-24,5,1,14,5,1,0,0.206750,0,32000,6616,0.206750,131072,7753,0.059151,1,0,4
65,host-3,3,0,14,3,0,0,0.162906,0,32000,5213,0.162906,131072,5840,0.044556,0,0,3
65,host-4,4,0,14,4,0,0,0.197219,0,32000,6311,0.197219,131072,6365,0.048561,0,0,4
65,host-5,4,1,14,4,1,0,0.230937,0,32000,7390,0.230937,131072,7619,0.058128,0,1,3
65,host-6,5,0,14,5,0,0,0.224062,0,32000,7170,0.224062,131072,5801,0.044258,0,0,5
65,host-7,3,0,14,3,0,0,0.178063,0,32000,5698,0.178063,131072,6247,0.047661,0,0,3
65,host-8,3,0,14,3,0,0,0.181531,0,32000,5809,0.181531,131072,6056,0.046204,0,0,3
65,host-9,5,0,14,5,0,0,0.236594,0,32000,7571,0.236594,131072,6375,0.048637,0,0,5
66,host-1,4,0,14,4,0,0,0.187562,0,32000,6002,0.187562,131072,6225,0.047493,0,0,4
66,host-10,3,0,14,3,0,0,0.181688,0,32000,5814,0.181688,131072,5917,0.045143,0,0,3
66,host-11,4,1,14,4,1,0,0.188469,0,32000,6031,0.188469,131072,5915,0.045128,1,0,3
66,host-12,3,0,14,3,0,0,0.195906,0,32000,6269,0.195906,131072,7395,0.056419,0,0,3
66,host-13,4,0,14,4,0,0,0.232281,0,32000,7433,0.232281,131072,6804,0.051910,0,0,4
66,host-14,5,0,14,5,0,0,0.199344,0,32000,6379,0.199344,131072,5744,0.043823,0,0,5
66,host-15,4,0,14,4,0,0,0.185000,0,32000,5920,0.185000,131072,5326,0.040634,0,0,4
66,host-16,6,1,14,6,1,0,0.229719,0,32000,7351,0.229719,131072,7773,0.059303,0,1,5
66,host-17,4,1,14,4,1,0,0.183438,0,32000,5870,0.183438,131072,6743,0.051445,0,1,3
66,host-18,5,0,14,5,0,0,0.232063,0,32000,7426,0.232063,131072,6884,0.052521,0,0,5
66,host-19,5,0,14,5,0,0,0.204469,0,32000,6543,0.204469,131072,6340,0.048370,0,0,5
66,host-2,4,0,14,4,0,0,0.196406,0,32000,6285,0.196406,131072,6066,0.046280,0,0,4
66,host-20,4,1,14,4,1,0,0.219250,0,32000,7016,0.219250,131072,6735,0.051384,1,0,3
66,host-21,4,0,14,4,0,0,0.207719,0,32000,6647,0.207719,131072,6550,0.049973,0,0,4
66,host-22,4,1,14,4,1,0,0.214500,0,32000,6864,0.214500,131072,6865,0.052376,1,0,3
66,host-23,4,1,14,4,1,0,0.221125,0,32000,7076,0.221125,131072,6704,0.051147,1,0,3
66,host-24,5,1,14,5,1,0,0.206750,0,32000,6616,0.206750,131072,7753,0.059151,0,1,4
66,host-3,4,1,14,4,1,0,0.221344,0,32000,7083,0.221344,131072,7555,0.057640,1,0,3
66,host-4,4,0,14,4,0,0,0.197219,0,32000,6311,0.197219,131072,6365,0.048561,0,0,4
66,host-5,4,0,14,4,0,0,0.230937,0,32000,7390,0.230937,131072,7619,0.058128,0,0,4
66,host-6,5,0,14,5,0,0,0.224062,0,32000,7170,0.224062,131072,5801,0.044258,0,0,5
66,host-7,4,1,14,4,1,0,0.235906,0,32000,7549,0.235906,131072,8559,0.065300,1,0,3
66,host-8,4,1,14,4,1,0,0.218000,0,32000,6976,0.218000,131072,7421,0.056618,1,0,3
66,host-9,5,0,14,5,0,0,0.236594,0,32000,7571,0.236594,131072,6375,0.048637,0,0,5
67,host-1,5,1,14,5,1,0,0.235937,0,32000,7550,0.235937,131072,7268,0.055450,1,0,4
67,host-10,4,1,14,4,1,0,0.227281,0,32000,7273,0.227281,131072,6788,0.051788,1,0,3
67,host-11,3,2,14,3,2,0,0.128875,0,32000,4124,0.128875,131072,3591,0.027397,1,1,1
67,host-12,2,0,14,2,0,0,0.125125,0,32000,4004,0.125125,131072,5081,0.038765,0,0,2
67,host-13,4,0,14,4,0,0,0.232281,0,32000,7433,0.232281,131072,6804,0.051910,0,0,4
67,host-14,5,0,14,5,0,0,0.199344,0,32000,6379,0.199344,131072,5744,0.043823,0,0,5
67,host-15,5,0,14,5,0,0,0.221469,0,32000,7087,0.221469,131072,6691,0.051048,0,0,5
67,host-16,6,0,14,6,0,0,0.229719,0,32000,7351,0.229719,131072,7773,0.059303,0,0,6
67,host-17,5,1,14,5,1,0,0.241281,0,32000,7721,0.241281,131072,9055,0.069084,1,0,4
67,host-18,5,0,14,5,0,0,0.232063,0,32000,7426,0.232063,131072,6884,0.052521,0,0,5
67,host-19,5,0,14,5,0,0,0.204469,0,32000,6543,0.204469,131072,6340,0.048370,0,0,5
67,host-2,4,0,14,4,0,0,0.196406,0,32000,6285,0.196406,131072,6066,0.046280,0,0,4
67,host-20,4,0,14,4,0,0,0.219250,0,32000,7016,0.219250,131072,6735,0.051384,0,0,4
67,host-21,4,0,14,4,0,0,0.207719,0,32000,6647,0.207719,131072,6550,0.049973,0,0,4
67,host-22,4,0,14,4,0,0,0.214500,0,32000,6864,0.214500,131072,6865,0.052376,0,0,4
67,host-23,4,0,14,4,0,0,0.221125,0,32000,7076,0.221125,131072,6704,0.051147,0,0,4
67,host-24,5,0,14,5,0,0,0.206750,0,32000,6616,0.206750,131072,7753,0.059151,0,0,5
67,host-3,4,1,14,4,1,0,0.221344,0,32000,7083,0.221344,131072,7555,0.057640,0,1,3
67,host-4,4,0,14,4,0,0,0.197219,0,32000,6311,0.197219,131072,6365,0.048561,0,0,4
67,host-5,4,0,14,4,0,0,0.230937,0,32000,7390,0.230937,131072,7619,0.058128,0,0,4
67,host-6,5,0,14,5,0,0,0.224062,0,32000,7170,0.224062,131072,5801,0.044258,0,0,5
67,host-7,4,1,14,4,1,0,0.235906,0,32000,7549,0.235906,131072,8559,0.065300,1,0,3
67,host-8,4,0,14,4,0,0,0.218000,0,32000,6976,0.218000,131072,7421,0.056618,0,0,4
67,host-9,5,0,14,5,0,0,0.236594,0,32000,7571,0.236594,131072,6375,0.048637,0,0,5
68,host-1,5,1,14,5,1,0,0.235937,0,32000,7550,0.235937,131072,7268,0.055450,0,1,4
68,host-10,4,0,14,4,0,0,0.227281,0,32000,7273,0.227281,131072,6788,0.051788,0,0,4
68,host-11,3,0,14,3,0,0,0.128875,0,32000,4124,0.128875,131072,3591,0.027397,0,0,3
68,host-12,3,1,14,3,1,0,0.195656,0,32000,6261,0.195656,131072,7494,0.057175,1,0,2
68,host-13,4,0,14,4,0,0,0.232281,0,32000,7433,0.232281,131072,6804,0.051910,0,0,4
68,host-14,5,0,14,5,0,0,0.199344,0,32000,6379,0.199344,131072,5744,0.043823,0,0,5
68,host-15,5,0,14,5,0,0,0.221469,0,32000,7087,0.221469,131072,6691,0.051048,0,0,5
68,host-16,6,0,14,6,0,0,0.229719,0,32000,7351,0.229719,131072,7773,0.059303,0,0,6
68,host-17,4,1,14,4,1,0,0.170500,0,32000,5456,0.170500,131072,6741,0.051430,0,1,3
68,host-18,5,0,14,5,0,0,0.232063,0,32000,7426,0.232063,131072,6884,0.052521,0,0,5
68,host-19,5,0,14,5,0,0,0.204469,0,32000,6543,0.204469,131072,6340,0.048370,0,0,5
68,host-2,4,0,14,4,0,0,0.196406,0,32000,6285,0.196406,131072,6066,0.046280,0,0,4
68,host-20,4,0,14,4,0,0,0.219250,0,32000,7016,0.219250,131072,6735,0.051384,0,0,4
68,host-21,4,0,14,4,0,0,0.207719,0,32000,6647,0.207719,131072,6550,0.049973,0,0,4
68,host-22,4,0,14,4,0,0,0.214500,0,32000,6864,0.214500,131072,6865,0.052376,0,0,4
68,host-23,4,0,14,4,0,0,0.221125,0,32000,7076,0.221125,131072,6704,0.051147,0,0,4
68,host-24,5,0,14,5,0,0,0.206750,0,32000,6616,0.206750,131072,7753,0.059151,0,0,5
68,host-3,4,0,14,4,0,0,0.221344,0,32000,7083,0.221344,131072,7555,0.057640,0,0,4
68,host-4,4,0,14,4,0,0,0.197219,0,32000,6311,0.197219,131072,6365,0.048561,0,0,4
68,host-5,4,0,14,4,0,0,0.230937,0,32000,7390,0.230937,131072,7619,0.058128,0,0,4
68,host-6,4,0,14,4,0,0,0.187562,0,32000,6002,0.187562,131072,5451,0.041588,0,0,4
68,host-7,4,0,14,4,0,0,0.235906,0,32000,7549,0.235906,131072,8559,0.065300,0,0,4
68,host-8,3,0,14,3,0,0,0.174250,0,32000,5576,0.174250,131072,6317,0.048195,0,0,3
68,host-9,5,0,14,5,0,0,0.236594,0,32000,7571,0.236594,131072,6375,0.048637,0,0,5
69,host-1,5,0,14,5,0,0,0.235937,0,32000,7550,0.235937,131072,7268,0.055450,0,0,5
69,host-10,4,0,14,4,0,0,0.227281,0,32000,7273,0.227281,131072,6788,0.051788,0,0,4
69,host-11,5,2,14,5,2,0,0.242875,0,32000,7772,0.242875,131072,7490,0.057144,1,1,3
69,host-12,3,1,14,3,1,0,0.195656,0,32000,6261,0.195656,131072,7494,0.057175,0,1,2
69,host-13,4,0,14,4,0,0,0.232281,0,32000,7433,0.232281,131072,6804,0.051910,0,0,4
69,host-14,5,0,14,5,0,0,0.199344,0,32000,6379,0.199344,131072,5744,0.043823,0,0,5
69,host-15,5,0,14,5,0,0,0.221469,0,32000,7087,0.221469,131072,6691,0.051048,0,0,5
69,host-16,6,0,14,6,0,0,0.229719,0,32000,7351,0.229719,131072,7773,0.059303,0,0,6
69,host-17,5,1,14,5,1,0,0.195750,0,32000,6264,0.195750,131072,7215,0.055046,1,0,4
69,host-18,5,1,14,5,1,0,0.232063,0,32000,7426,0.232063,131072,6884,0.052521,0,1,4
69,host-19,5,0,14,5,0,0,0.204469,0,32000,6543,0.204469,131072,6340,0.048370,0,0,5
69,host-2,4,0,14,4,0,0,0.196406,0,32000,6285,0.196406,131072,6066,0.046280,0,0,4
69,host-20,4,0,14,4,0,0,0.219250,0,32000,7016,0.219250,131072,6735,0.051384,0,0,4
69,host-21,4,0,14,4,0,0,0.207719,0,32000,6647,0.207719,131072,6550,0.049973,0,0,4
69,host-22,4,0,14,4,0,0,0.214500,0,32000,6864,0.214500,131072,6865,0.052376,0,0,4
69,host-23,4,0,14,4,0,0,0.221125,0,32000,7076,0.221125,131072,6704,0.051147,0,0,4
69,host-24,5,0,14,5,0,0,0.206750,0,32000,6616,0.206750,131072,7753,0.059151,0,0,5
69,host-3,4,0,14,4,0,0,0.221344,0,32000,7083,0.221344,131072,7555,0.057640,0,0,4
69,host-4,4,0,14,4,0,0,0.197219,0,32000,6311,0.197219,131072,6365,0.048561,0,0,4
69,host-5,4,0,14,4,0,0,0.230937,0,32000,7390,0.230937,131072,7619,0.058128,0,0,4
69,host-6,4,0,14,4,0,0,0.187562,0,32000,6002,0.187562,131072,5451,0.041588,0,0,4
69,host-7,4,0,14,4,0,0,0.235906,0,32000,7549,0.235906,131072,8559,0.065300,0,0,4
69,host-8,4,1,14,4,1,0,0.218000,0,32000,6976,0.218000,131072,7421,0.056618,1,0,3
69,host-9,5,0,14,5,0,0,0.236594,0,32000,7571,0.236594,131072,6375,0.048637,0,0,5
70,host-1,5,0,14,5,0,0,0.235937,0,32000,7550,0.235937,131072,7268,0.055450,0,0,5
70,host-10,3,0,14,3,0,0,0.193375,0,32000,6188,0.193375,131072,5918,0.045151,0,0,3
70,host-11,5,1,14,5,1,0,0.242875,0,32000,7772,0.242875,131072,7490,0.057144,1,0,4
70,host-12,4,0,14,4,0,0,0.220906,0,32000,7069,0.220906,131072,7968,0.060791,0,0,4
70,host-13,4,0,14,4,0,0,0.232281,0,32000,7433,0.232281,131072,6804,0.051910,0,0,4
70,host-14,5,0,14,5,0,0,0.199344,0,32000,6379,0.199344,131072,5744,0.043823,0,0,5
70,host-15,5,0,14,5,0,0,0.221469,0,32000,7087,0.221469,131072,6691,0.051048,0,0,5
70,host-16,6,0,14,6,0,0,0.229719,0,32000,7351,0.229719,131072,7773,0.059303,0,0,6
70,host-17,5,0,14,5,0,0,0.195750,0,32000,6264,0.195750,131072,7215,0.055046,0,0,5
70,host-18,5,0,14,5,0,0,0.232063,0,32000,7426,0.232063,131072,6884,0.052521,0,0,5
70,host-19,4,0,14,4,0,0,0.162469,0,32000,5199,0.162469,131072,5424,0.041382,0,0,4
70,host-2,4,0,14,4,0,0,0.196406,0,32000,6285,0.196406,131072,6066,0.046280,0,0,4
70,host-20,4,0,14,4,0,0,0.219250,0,32000,7016,0.219250,131072,6735,0.051384,0,0,4
70,host-21,4,0,14,4,0,0,0.207719,0,32000,6647,0.207719,131072,6550,0.049973,0,0,4
70,host-22,4,0,14,4,0,0,0.214500,0,32000,6864,0.214500,131072,6865,0.052376,0,0,4
70,host-23,4,0,14,4,0,0,0.221125,0,32000,7076,0.221125,131072,6704,0.051147,0,0,4
70,host-24,5,0,14,5,0,0,0.206750,0,32000,6616,0.206750,131072,7753,0.059151,0,0,5
70,host-3,4,0,14,4,0,0,0.221344,0,32000,7083,0.221344,131072,7555,0.057640,0,0,4
70,host-4,3,0,14,3,0,0,0.140813,0,32000,4506,0.140813,131072,4689,0.035774,0,0,3
70,host-5,4,0,14,4,0,0,0.230937,0,32000,7390,0.230937,131072,7619,0.058128,0,0,4
70,host-6,4,1,14,4,1,0,0.213844,0,32000,6843,0.213844,131072,6556,0.050018,1,0,3
70,host-7,4,0,14,4,0,0,0.235906,0,32000,7549,0.235906,131072,8559,0.065300,0,0,4
70,host-8,4,0,14,4,0,0,0.218000,0,32000,6976,0.218000,131072,7421,0.056618,0,0,4
70,host-9,5,1,14,5,1,0,0.236594,0,32000,7571,0.236594,131072,6375,0.048637,0,1,4
71,host-1,5,0,14,5,0,0,0.235937,0,32000,7550,0.235937,131072,7268,0.055450,0,0,5
71,host-10,2,0,14,2,0,0,0.112125,0,32000,3588,0.112125,131072,3092,0.023590,0,0,2
71,host-11,5,0,14,5,0,0,0.242875,0,32000,7772,0.242875,131072,7490,0.057144,0,0,5
71,host-12,4,0,14,4,0,0,0.220906,0,32000,7069,0.220906,131072,7968,0.060791,0,0,4
71,host-13,4,0,14,4,0,0,0.232281,0,32000,7433,0.232281,131072,6804,0.051910,0,0,4
71,host-14,5,0,14,5,0,0,0.199344,0,32000,6379,0.199344,131072,5744,0.043823,0,0,5
71,host-15,5,0,14,5,0,0,0.221469,0,32000,7087,0.221469,131072,6691,0.051048,0,0,5
71,host-16,6,0,14,6,0,0,0.229719,0,32000,7351,0.229719,131072,7773,0.059303,0,0,6
71,host-17,5,0,14,5,0,0,0.195750,0,32000,6264,0.195750,131072,7215,0.055046,0,0,5
71,host-18,4,0,14,4,0,0,0.194875,0,32000,6236,0.194875,131072,6513,0.049690,0,0,4
71,host-19,3,0,14,3,0,0,0.109531,0,32000,3505,0.109531,131072,3163,0.024132,0,0,3
71,host-2,3,0,14,3,0,0,0.147875,0,32000,4732,0.147875,131072,4339,0.033104,0,0,3
71,host-20,4,0,14,4,0,0,0.219250,0,32000,7016,0.219250,131072,6735,0.051384,0,0,4
71,host-21,4,0,14,4,0,0,0.207719,0,32000,6647,0.207719,131072,6550,0.049973,0,0,4
71,host-22,4,0,14,4,0,0,0.214500,0,32000,6864,0.214500,131072,6865,0.052376,0,0,4
71,host-23,4,1,14,4,1,0,0.221125,0,32000,7076,0.221125,131072,6704,0.051147,0,1,3
71,host-24,5,0,14,5,0,0,0.206750,0,32000,6616,0.206750,131072,7753,0.059151,0,0,5
71,host-3,4,0,14,4,0,0,0.221344,0,32000,7083,0.221344,131072,7555,0.057640,0,0,4
71,host-4,3,1,14,3,1,0,0.122844,0,32000,3931,0.122844,131072,3172,0.024200,1,0,2
71,host-5,4,0,14,4,0,0,0.230937,0,32000,7390,0.230937,131072,7619,0.058128,0,0,4
71,host-6,4,0,14,4,0,0,0.213844,0,32000,6843,0.213844,131072,6556,0.050018,0,0,4
71,host-7,4,0,14,4,0,0,0.235906,0,32000,7549,0.235906,131072,8559,0.065300,0,0,4
71,host-8,4,0,14,4,0,0,0.218000,0,32000,6976,0.218000,131072,7421,0.056618,0,0,4
71,host-9,5,0,14,5,0,0,0.236594,0,32000,7571,0.236594,131072,6375,0.048637,0,0,5
72,host-1,5,0,14,5,0,0,0.235937,0,32000,7550,0.235937,131072,7268,0.055450,0,0,5
72,host-10,2,0,14,2,0,0,0.112125,0,32000,3588,0.112125,131072,3092,0.023590,0,0,2
72,host-11,5,1,14,5,1,0,0.242875,0,32000,7772,0.242875,131072,7490,0.057144,0,1,4
72,host-12,4,0,14,4,0,0,0.220906,0,32000,7069,0.220906,131072,7968,0.060791,0,0,4
72,host-13,3,0,14,3,0,0,0.170750,0,32000,5464,0.170750,131072,4547,0.034691,0,0,3
72,host-14,5,0,14,5,0,0,0.199344,0,32000,6379,0.199344,131072,5744,0.043823,0,0,5
72,host-15,4,0,14,4,0,0,0.183781,0,32000,5881,0.183781,131072,5864,0.044739,0,0,4
72,host-16,6,0,14,6,0,0,0.229719,0,32000,7351,0.229719,131072,7773,0.059303,0,0,6
72,host-17,5,0,14,5,0,0,0.195750,0,32000,6264,0.195750,131072,7215,0.055046,0,0,5
72,host-18,4,0,14,4,0,0,0.194875,0,32000,6236,0.194875,131072,6513,0.049690,0,0,4
72,host-19,4,1,14,4,1,0,0.141469,0,32000,4527,0.141469,131072,3744,0.028564,1,0,3
72,host-2,3,0,14,3,0,0,0.147875,0,32000,4732,0.147875,131072,4339,0.033104,0,0,3
72,host-20,4,0,14,4,0,0,0.219250,0,32000,7016,0.219250,131072,6735,0.051384,0,0,4
72,host-21,4,1,14,4,1,0,0.207719,0,32000,6647,0.207719,131072,6550,0.049973,0,1,3
72,host-22,4,0,14,4,0,0,0.214500,0,32000,6864,0.214500,131072,6865,0.052376,0,0,4
72,host-23,4,0,14,4,0,0,0.221125,0,32000,7076,0.221125,131072,6704,0.051147,0,0,4
72,host-24,4,0,14,4,0,0,0.153656,0,32000,4917,0.153656,131072,5361,0.040901,0,0,4
72,host-3,4,0,14,4,0,0,0.221344,0,32000,7083,0.221344,131072,7555,0.057640,0,0,4
72,host-4,3,0,14,3,0,0,0.122844,0,32000,3931,0.122844,131072,3172,0.024200,0,0,3
72,host-5,4,0,14,4,0,0,0.230937,0,32000,7390,0.230937,131072,7619,0.058128,0,0,4
72,host-6,4,0,14,4,0,0,0.213844,0,32000,6843,0.213844,131072,6556,0.050018,0,0,4
72,host-7,4,0,14,4,0,0,0.235906,0,32000,7549,0.235906,131072,8559,0.065300,0,0,4
72,host-8,4,0,14,4,0,0,0.218000,0,32000,6976,0.218000,131072,7421,0.056618,0,0,4
72,host-9,5,0,14,5,0,0,0.236594,0,32000,7571,0.236594,131072,6375,0.048637,0,0,5
73,host-1,4,0,14,4,0,0,0.167813,0,32000,5370,0.167813,131072,4537,0.034615,0,0,4
73,host-10,3,1,14,3,1,0,0.154812,0,32000,4954,0.154812,131072,4673,0.035652,1,0,2
73,host-11,5,0,14,5,0,0,0.242875,0,32000,7772,0.242875,131072,7490,0.057144,0,0,5
73,host-12,4,0,14,4,0,0,0.220906,0,32000,7069,0.220906,131072,7968,0.060791,0,0,4
73,host-13,3,0,14,3,0,0,0.170750,0,32000,5464,0.170750,131072,4547,0.034691,0,0,3
73,host-14,4,0,14,4,0,0,0.141531,0,32000,4529,0.141531,131072,3871,0.029533,0,0,4
73,host-15,4,0,14,4,0,0,0.183781,0,32000,5881,0.183781,131072,5864,0.044739,0,0,4
73,host-16,5,0,14,5,0,0,0.170281,0,32000,5449,0.170281,131072,5234,0.039932,0,0,5
73,host-17,5,0,14,5,0,0,0.195750,0,32000,6264,0.195750,131072,7215,0.055046,0,0,5
73,host-18,4,0,14,4,0,0,0.194875,0,32000,6236,0.194875,131072,6513,0.049690,0,0,4
73,host-19,4,1,14,4,1,0,0.141469,0,32000,4527,0.141469,131072,3744,0.028564,0,1,3
73,host-2,2,0,14,2,0,0,0.086000,0,32000,2752,0.086000,131072,2162,0.016495,0,0,2
73,host-20,4,0,14,4,0,0,0.219250,0,32000,7016,0.219250,131072,6735,0.051384,0,0,4
73,host-21,4,1,14,4,1,0,0.207719,0,32000,6647,0.207719,131072,6550,0.049973,0,1,3
73,host-22,4,0,14,4,0,0,0.214500,0,32000,6864,0.214500,131072,6865,0.052376,0,0,4
73,host-23,4,0,14,4,0,0,0.221125,0,32000,7076,0.221125,131072,6704,0.051147,0,0,4
73,host-24,4,0,14,4,0,0,0.153656,0,32000,4917,0.153656,131072,5361,0.040901,0,0,4
73,host-3,4,0,14,4,0,0,0.221344,0,32000,7083,0.221344,131072,7555,0.057640,0,0,4
73,host-4,3,0,14,3,0,0,0.122844,0,32000,3931,0.122844,131072,3172,0.024200,0,0,3
73,host-5,4,0,14,4,0,0,0.230937,0,32000,7390,0.230937,131072,7619,0.058128,0,0,4
73,host-6,4,0,14,4,0,0,0.213844,0,32000,6843,0.213844,131072,6556,0.050018,0,0,4
73,host-7,3,0,14,3,0,0,0.197875,0,32000,6332,0.197875,131072,7918,0.060410,0,0,3
73,host-8,4,0,14,4,0,0,0.218000,0,32000,6976,0.218000,131072,7421,0.056618,0,0,4
73,host-9,5,0,14,5,0,0,0.236594,0,32000,7571,0.236594,131072,6375,0.048637,0,0,5
74,host-1,4,1,14,4,1,0,0.167813,0,32000,5370,0.167813,131072,4537,0.034615,0,1,3
74,host-10,3,0,14,3,0,0,0.154812,0,32000,4954,0.154812,131072,4673,0.035652,0,0,3
74,host-11,5,0,14,5,0,0,0.242875,0,32000,7772,0.242875,131072,7490,0.057144,0,0,5
74,host-12,4,0,14,4,0,0,0.220906,0,32000,7069,0.220906,131072,7968,0.060791,0,0,4
74,host-13,2,0,14,2,0,0,0.112937,0,32000,3614,0.112937,131072,2674,0.020401,0,0,2
74,host-14,4,0,14,4,0,0,0.141531,0,32000,4529,0.141531,131072,3871,0.029533,0,0,4
74,host-15,4,0,14,4,0,0,0.183781,0,32000,5881,0.183781,131072,5864,0.044739,0,0,4
74,host-16,5,0,14,5,0,0,0.170281,0,32000,5449,0.170281,131072,5234,0.039932,0,0,5
74,host-17,5,0,14,5,0,0,0.195750,0,32000,6264,0.195750,131072,7215,0.055046,0,0,5
74,host-18,4,0,14,4,0,0,0.194875,0,32000,6236,0.194875,131072,6513,0.049690,0,0,4
74,host-19,4,0,14,4,0,0,0.141469,0,32000,4527,0.141469,131072,3744,0.028564,0,0,4
74,host-2,3,1,14,3,1,0,0.139125,0,32000,4452,0.139125,131072,3667,0.027977,1,0,2
74,host-20,4,0,14,4,0,0,0.219250,0,32000,7016,0.219250,131072,6735,0.051384,0,0,4
74,host-21,4,0,14,4,0,0,0.207719,0,32000,6647,0.207719,131072,6550,0.049973,0,0,4
74,host-22,3,0,14,3,0,0,0.145719,0,32000,4663,0.145719,131072,4989,0.038063,0,0,3
74,host-23,4,0,14,4,0,0,0.221125,0,32000,7076,0.221125,131072,6704,0.051147,0,0,4
74,host-24,4,0,14,4,0,0,0.153656,0,32000,4917,0.153656,131072,5361,0.040901,0,0,4
74,host-3,4,0,14,4,0,0,0.221344,0,32000,7083,0.221344,131072,7555,0.057640,0,0,4
74,host-4,3,0,14,3,0,0,0.122844,0,32000,3931,0.122844,131072,3172,0.024200,0,0,3
74,host-5,3,0,14,3,0,0,0.169063,0,32000,5410,0.169063,131072,5442,0.041519,0,0,3
74,host-6,4,0,14,4,0,0,0.213844,0,32000,6843,0.213844,131072,6556,0.050018,0,0,4
74,host-7,3,0,14,3,0,0,0.197875,0,32000,6332,0.197875,131072,7918,0.060410,0,0,3
74,host-8,4,0,14,4,0,0,0.218000,0,32000,6976,0.218000,131072,7421,0.056618,0,0,4
74,host-9,5,0,14,5,0,0,0.236594,0,32000,7571,0.236594,131072,6375,0.048637,0,0,5
75,host-1,4,0,14,4,0,0,0.167813,0,32000,5370,0.167813,131072,4537,0.034615,0,0,4
75,host-10,3,0,14,3,0,0,0.154812,0,32000,4954,0.154812,131072,4673,0.035652,0,0,3
75,host-11,5,0,14,5,0,0,0.242875,0,32000,7772,0.242875,131072,7490,0.057144,0,0,5
75,host-12,4,0,14,4,0,0,0.220906,0,32000,7069,0.220906,131072,7968,0.060791,0,0,4
75,host-13,3,1,14,3,1,0,0.175094,0,32000,5603,0.175094,131072,4141,0.031593,1,0,2
75,host-14,5,1,14,5,1,0,0.207375,0,32000,6636,0.207375,131072,5734,0.043747,1,0,4
75,host-15,4,0,14,4,0,0,0.183781,0,32000,5881,0.183781,131072,5864,0.044739,0,0,4
75,host-16,5,0,14,5,0,0,0.170281,0,32000,5449,0.170281,131072,5234,0.039932,0,0,5
75,host-17,5,0,14,5,0,0,0.195750,0,32000,6264,0.195750,131072,7215,0.055046,0,0,5
75,host-18,4,0,14,4,0,0,0.194875,0,32000,6236,0.194875,131072,6513,0.049690,0,0,4
75,host-19,5,1,14,5,1,0,0.176719,0,32000,5655,0.176719,131072,5374,0.041000,1,0,4
75,host-2,4,2,14,4,2,0,0.173219,0,32000,5543,0.173219,131072,5127,0.039116,2,0,2
75,host-20,4,0,14,4,0,0,0.219250,0,32000,7016,0.219250,131072,6735,0.051384,0,0,4
75,host-21,4,0,14,4,0,0,0.207719,0,32000,6647,0.207719,131072,6550,0.049973,0,0,4
75,host-22,3,0,14,3,0,0,0.145719,0,32000,4663,0.145719,131072,4989,0.038063,0,0,3
75,host-23,4,1,14,4,1,0,0.197281,0,32000,6313,0.197281,131072,6179,0.047142,1,0,3
75,host-24,4,0,14,4,0,0,0.153656,0,32000,4917,0.153656,131072,5361,0.040901,0,0,4
75,host-3,4,0,14,4,0,0,0.221344,0,32000,7083,0.221344,131072,7555,0.057640,0,0,4
75,host-4,4,1,14,4,1,0,0.175719,0,32000,5623,0.175719,131072,5194,0.039627,1,0,3
75,host-5,3,0,14,3,0,0,0.169063,0,32000,5410,0.169063,131072,5442,0.041519,0,0,3
75,host-6,4,0,14,4,0,0,0.213844,0,32000,6843,0.213844,131072,6556,0.050018,0,0,4
75,host-7,3,0,14,3,0,0,0.197875,0,32000,6332,0.197875,131072,7918,0.060410,0,0,3
75,host-8,4,1,14,4,1,0,0.218000,0,32000,6976,0.218000,131072,7421,0.056618,0,1,3
75,host-9,4,1,14,4,1,0,0.194062,0,32000,6210,0.194062,131072,5777,0.044075,0,1,3
76,host-1,4,0,14,4,0,0,0.167813,0,32000,5370,0.167813,131072,4537,0.034615,0,0,4
76,host-10,3,0,14,3,0,0,0.154812,0,32000,4954,0.154812,131072,4673,0.035652,0,0,3
76,host-11,5,0,14,5,0,0,0.242875,0,32000,7772,0.242875,131072,7490,0.057144,0,0,5
76,host-12,4,0,14,4,0,0,0.220906,0,32000,7069,0.220906,131072,7968,0.060791,0,0,4
76,host-13,3,1,14,3,1,0,0.175094,0,32000,5603,0.175094,131072,4141,0.031593,1,0,2
76,host-14,5,1,14,5,1,0,0.207375,0,32000,6636,0.207375,131072,5734,0.043747,1,0,4
76,host-15,4,0,14,4,0,0,0.183781,0,32000,5881,0.183781,131072,5864,0.044739,0,0,4
76,host-16,5,0,14,5,0,0,0.170281,0,32000,5449,0.170281,131072,5234,0.039932,0,0,5
76,host-17,4,0,14,4,0,0,0.157969,0,32000,5055,0.157969,131072,6262,0.047775,0,0,4
76,host-18,3,0,14,3,0,0,0.156531,0,32000,5009,0.156531,131072,5313,0.040535,0,0,3
76,host-19,5,1,14,5,1,0,0.176719,0,32000,5655,0.176719,131072,5374,0.041000,1,0,4
76,host-2,4,2,14,4,2,0,0.173219,0,32000,5543,0.173219,131072,5127,0.039116,1,1,2
76,host-20,4,1,14,4,1,0,0.219250,0,32000,7016,0.219250,131072,6735,0.051384,0,1,3
76,host-21,4,0,14,4,0,0,0.207719,0,32000,6647,0.207719,131072,6550,0.049973,0,0,4
76,host-22,4,1,14,4,1,0,0.168875,0,32000,5404,0.168875,131072,5804,0.044281,1,0,3
76,host-23,4,0,14,4,0,0,0.197281,0,32000,6313,0.197281,131072,6179,0.047142,0,0,4
76,host-24,4,0,14,4,0,0,0.153656,0,32000,4917,0.153656,131072,5361,0.040901,0,0,4
76,host-3,4,0,14,4,0,0,0.221344,0,32000,7083,0.221344,131072,7555,0.057640,0,0,4
76,host-4,4,2,14,4,2,0,0.175719,0,32000,5623,0.175719,131072,5194,0.039627,1,1,2
76,host-5,3,0,14,3,0,0,0.169063,0,32000,5410,0.169063,131072,5442,0.041519,0,0,3
76,host-6,4,0,14,4,0,0,0.213844,0,32000,6843,0.213844,131072,6556,0.050018,0,0,4
76,host-7,3,0,14,3,0,0,0.197875,0,32000,6332,0.197875,131072,7918,0.060410,0,0,3
76,host-8,4,1,14,4,1,0,0.218000,0,32000,6976,0.218000,131072,7421,0.056618,0,1,3
76,host-9,4,0,14,4,0,0,0.194062,0,32000,6210,0.194062,131072,5777,0.044075,0,0,4
77,host-1,4,0,14,4,0,0,0.167813,0,32000,5370,0.167813,131072,4537,0.034615,0,0,4
77,host-10,4,2,14,4,2,0,0.188719,0,32000,6039,0.188719,131072,5543,0.042290,1,1,2
77,host-11,5,0,14,5,0,0,0.242875,0,32000,7772,0.242875,131072,7490,0.057144,0,0,5
77,host-12,3,0,14,3,0,0,0.167937,0,32000,5374,0.167937,131072,5836,0.044525,0,0,3
77,host-13,2,0,14,2,0,0,0.120063,0,32000,3842,0.120063,131072,2874,0.021927,0,0,2
77,host-14,5,0,14,5,0,0,0.207375,0,32000,6636,0.207375,131072,5734,0.043747,0,0,5
77,host-15,4,0,14,4,0,0,0.183781,0,32000,5881,0.183781,131072,5864,0.044739,0,0,4
77,host-16,5,0,14,5,0,0,0.170281,0,32000,5449,0.170281,131072,5234,0.039932,0,0,5
77,host-17,3,0,14,3,0,0,0.127562,0,32000,4082,0.127562,131072,4704,0.035889,0,0,3
77,host-18,3,0,14,3,0,0,0.156531,0,32000,5009,0.156531,131072,5313,0.040535,0,0,3
77,host-19,5,0,14,5,0,0,0.176719,0,32000,5655,0.176719,131072,5374,0.041000,0,0,5
77,host-2,4,0,14,4,0,0,0.173219,0,32000,5543,0.173219,131072,5127,0.039116,0,0,4
77,host-20,4,0,14,4,0,0,0.219250,0,32000,7016,0.219250,131072,6735,0.051384,0,0,4
77,host-21,4,0,14,4,0,0,0.207719,0,32000,6647,0.207719,131072,6550,0.049973,0,0,4
77,host-22,4,1,14,4,1,0,0.168875,0,32000,5404,0.168875,131072,5804,0.044281,0,1,3
77,host-23,4,0,14,4,0,0,0.197281,0,32000,6313,0.197281,131072,6179,0.047142,0,0,4
77,host-24,5,1,14,5,1,0,0.206531,0,32000,6609,0.206531,131072,7383,0.056328,1,0,4
77,host-3,3,0,14,3,0,0,0.147219,0,32000,4711,0.147219,131072,5178,0.039505,0,0,3
77,host-4,4,0,14,4,0,0,0.175719,0,32000,5623,0.175719,131072,5194,0.039627,0,0,4
77,host-5,2,0,14,2,0,0,0.097969,0,32000,3135,0.097969,131072,3128,0.023865,0,0,2
77,host-6,4,0,14,4,0,0,0.213844,0,32000,6843,0.213844,131072,6556,0.050018,0,0,4
77,host-7,3,1,14,3,1,0,0.197875,0,32000,6332,0.197875,131072,7918,0.060410,0,1,2
77,host-8,4,0,14,4,0,0,0.218000,0,32000,6976,0.218000,131072,7421,0.056618,0,0,4
77,host-9,4,1,14,4,1,0,0.194062,0,32000,6210,0.194062,131072,5777,0.044075,0,1,3
78,host-1,4,0,14,4,0,0,0.167813,0,32000,5370,0.167813,131072,4537,0.034615,0,0,4
78,host-10,4,0,14,4,0,0,0.188719,0,32000,6039,0.188719,131072,5543,0.042290,0,0,4
78,host-11,5,0,14,5,0,0,0.242875,0,32000,7772,0.242875,131072,7490,0.057144,0,0,5
78,host-12,3,0,14,3,0,0,0.167937,0,32000,5374,0.167937,131072,5836,0.044525,0,0,3
78,host-13,3,1,14,3,1,0,0.162594,0,32000,5203,0.162594,131072,3472,0.026489,1,0,2
78,host-14,5,0,14,5,0,0,0.207375,0,32000,6636,0.207375,131072,5734,0.043747,0,0,5
78,host-15,4,0,14,4,0,0,0.183781,0,32000,5881,0.183781,131072,5864,0.044739,0,0,4
78,host-16,5,1,14,5,1,0,0.170281,0,32000,5449,0.170281,131072,5234,0.039932,1,0,4
78,host-17,4,1,14,4,1,0,0.165344,0,32000,5291,0.165344,131072,5657,0.043159,1,0,3
78,host-18,4,1,14,4,1,0,0.214344,0,32000,6859,0.214344,131072,7186,0.054825,1,0,3
78,host-19,5,0,14,5,0,0,0.176719,0,32000,5655,0.176719,131072,5374,0.041000,0,0,5
78,host-2,4,1,14,4,1,0,0.184812,0,32000,5914,0.184812,131072,6145,0.046883,1,0,3
78,host-20,4,0,14,4,0,0,0.219250,0,32000,7016,0.219250,131072,6735,0.051384,0,0,4
78,host-21,4,0,14,4,0,0,0.207719,0,32000,6647,0.207719,131072,6550,0.049973,0,0,4
78,host-22,4,0,14,4,0,0,0.168875,0,32000,5404,0.168875,131072,5804,0.044281,0,0,4
78,host-23,4,0,14,4,0,0,0.197281,0,32000,6313,0.197281,131072,6179,0.047142,0,0,4
78,host-24,5,1,14,5,1,0,0.206531,0,32000,6609,0.206531,131072,7383,0.056328,1,0,4
78,host-3,4,1,14,4,1,0,0.185250,0,32000,5928,0.185250,131072,5819,0.044395,1,0,3
78,host-4,4,0,14,4,0,0,0.175719,0,32000,5623,0.175719,131072,5194,0.039627,0,0,4
78,host-5,4,2,14,4,2,0,0.235219,0,32000,7527,0.235219,131072,8328,0.063538,2,0,2
78,host-6,4,1,14,4,1,0,0.183438,0,32000,5870,0.183438,131072,4953,0.037788,1,0,3
78,host-7,3,0,14,3,0,0,0.197875,0,32000,6332,0.197875,131072,7918,0.060410,0,0,3
78,host-8,4,0,14,4,0,0,0.218000,0,32000,6976,0.218000,131072,7421,0.056618,0,0,4
78,host-9,4,0,14,4,0,0,0.194062,0,32000,6210,0.194062,131072,5777,0.044075,0,0,4
79,host-1,4,0,14,4,0,0,0.167813,0,32000,5370,0.167813,131072,4537,0.034615,0,0,4
79,host-10,4,0,14,4,0,0,0.188719,0,32000,6039,0.188719,131072,5543,0.042290,0,0,4
79,host-11,5,0,14,5,0,0,0.242875,0,32000,7772,0.242875,131072,7490,0.057144,0,0,5
79,host-12,3,0,14,3,0,0,0.167937,0,32000,5374,0.167937,131072,5836,0.044525,0,0,3
79,host-13,4,1,14,4,1,0,0.230719,0,32000,7383,0.230719,131072,6203,0.047325,1,0,3
79,host-14,5,0,14,5,0,0,0.207375,0,32000,6636,0.207375,131072,5734,0.043747,0,0,5
79,host-15,4,0,14,4,0,0,0.183781,0,32000,5881,0.183781,131072,5864,0.044739,0,0,4
79,host-16,5,1,14,5,1,0,0.170281,0,32000,5449,0.170281,131072,5234,0.039932,1,0,4
79,host-17,5,1,14,5,1,0,0.218312,0,32000,6986,0.218312,131072,7789,0.059425,1,0,4
79,host-18,4,1,14,4,1,0,0.214344,0,32000,6859,0.214344,131072,7186,0.054825,1,0,3
79,host-19,5,1,14,5,1,0,0.176719,0,32000,5655,0.176719,131072,5374,0.041000,0,1,4
79,host-2,4,0,14,4,0,0,0.184812,0,32000,5914,0.184812,131072,6145,0.046883,0,0,4
79,host-20,4,0,14,4,0,0,0.219250,0,32000,7016,0.219250,131072,6735,0.051384,0,0,4
79,host-21,4,0,14,4,0,0,0.207719,0,32000,6647,0.207719,131072,6550,0.049973,0,0,4
79,host-22,4,0,14,4,0,0,0.168875,0,32000,5404,0.168875,131072,5804,0.044281,0,0,4
79,host-23,4,0,14,4,0,0,0.197281,0,32000,6313,0.197281,131072,6179,0.047142,0,0,4
79,host-24,5,0,14,5,0,0,0.206531,0,32000,6609,0.206531,131072,7383,0.056328,0,0,5
79,host-3,4,0,14,4,0,0,0.185250,0,32000,5928,0.185250,131072,5819,0.044395,0,0,4
79,host-4,4,0,14,4,0,0,0.175719,0,32000,5623,0.175719,131072,5194,0.039627,0,0,4
79,host-5,4,2,14,4,2,0,0.235219,0,32000,7527,0.235219,131072,8328,0.063538,1,1,2
79,host-6,4,0,14,4,0,0,0.183438,0,32000,5870,0.183438,131072,4953,0.037788,0,0,4
79,host-7,3,1,14,3,1,0,0.197875,0,32000,6332,0.197875,131072,7918,0.060410,0,1,2
79,host-8,4,0,14,4,0,0,0.218000,0,32000,6976,0.218000,131072,7421,0.056618,0,0,4
79,host-9,4,0,14,4,0,0,0.194062,0,32000,6210,0.194062,131072,5777,0.044075,0,0,4
80,host-1,5,1,14,5,1,0,0.206281,0,32000,6601,0.206281,131072,5839,0.044548,1,0,4
80,host-10,4,0,14,4,0,0,0.188719,0,32000,6039,0.188719,131072,5543,0.042290,0,0,4
80,host-11,5,0,14,5,0,0,0.242875,0,32000,7772,0.242875,131072,7490,0.057144,0,0,5
80,host-12,4,1,14,4,1,0,0.212000,0,32000,6784,0.212000,131072,6887,0.052544,1,0,3
80,host-13,4,1,14,4,1,0,0.230719,0,32000,7383,0.230719,131072,6203,0.047325,0,1,3
80,host-14,5,0,14,5,0,0,0.207375,0,32000,6636,0.207375,131072,5734,0.043747,0,0,5
80,host-15,4,0,14,4,0,0,0.183781,0,32000,5881,0.183781,131072,5864,0.044739,0,0,4
80,host-16,4,1,14,4,1,0,0.137844,0,32000,4411,0.137844,131072,4173,0.031837,0,1,3
80,host-17,5,1,14,5,1,0,0.218312,0,32000,6986,0.218312,131072,7789,0.059425,0,1,4
80,host-18,4,1,14,4,1,0,0.214344,0,32000,6859,0.214344,131072,7186,0.054825,0,1,3
80,host-19,5,0,14,5,0,0,0.176719,0,32000,5655,0.176719,131072,5374,0.041000,0,0,5
80,host-2,4,0,14,4,0,0,0.184812,0,32000,5914,0.184812,131072,6145,0.046883,0,0,4
80,host-20,4,0,14,4,0,0,0.219250,0,32000,7016,0.219250,131072,6735,0.051384,0,0,4
80,host-21,4,0,14,4,0,0,0.207719,0,32000,6647,0.207719,131072,6550,0.049973,0,0,4
80,host-22,4,0,14,4,0,0,0.168875,0,32000,5404,0.168875,131072,5804,0.044281,0,0,4
80,host-23,4,0,14,4,0,0,0.197281,0,32000,6313,0.197281,131072,6179,0.047142,0,0,4
80,host-24,5,0,14,5,0,0,0.206531,0,32000,6609,0.206531,131072,7383,0.056328,0,0,5
80,host-3,4,0,14,4,0,0,0.185250,0,32000,5928,0.185250,131072,5819,0.044395,0,0,4
80,host-4,4,0,14,4,0,0,0.175719,0,32000,5623,0.175719,131072,5194,0.039627,0,0,4
80,host-5,4,1,14,4,1,0,0.235219,0,32000,7527,0.235219,131072,8328,0.063538,0,1,3
80,host-6,4,0,14,4,0,0,0.183438,0,32000,5870,0.183438,131072,4953,0.037788,0,0,4
80,host-7,3,0,14,3,0,0,0.197875,0,32000,6332,0.197875,131072,7918,0.060410,0,0,3
80,host-8,4,0,14,4,0,0,0.218000,0,32000,6976,0.218000,131072,7421,0.056618,0,0,4
80,host-9,3,0,14,3,0,0,0.136156,0,32000,4357,0.136156,131072,4370,0.033340,0,0,3
81,host-1,5,1,14,5,1,0,0.206281,0,32000,6601,0.206281,131072,5839,0.044548,0,1,4
81,host-10,4,0,14,4,0,0,0.188719,0,32000,6039,0.188719,131072,5543,0.042290,0,0,4
81,host-11,5,0,14,5,0,0,0.242875,0,32000,7772,0.242875,131072,7490,0.057144,0,0,5
81,host-12,4,1,14,4,1,0,0.212000,0,32000,6784,0.212000,131072,6887,0.052544,0,1,3
81,host-13,4,0,14,4,0,0,0.230719,0,32000,7383,0.230719,131072,6203,0.047325,0,0,4
81,host-14,5,0,14,5,0,0,0.207375,0,32000,6636,0.207375,131072,5734,0.043747,0,0,5
81,host-15,4,0,14,4,0,0,0.183781,0,32000,5881,0.183781,131072,5864,0.044739,0,0,4
81,host-16,6,2,14,6,2,0,0.226937,0,32000,7262,0.226937,131072,7799,0.059502,2,0,4
81,host-17,5,0,14,5,0,0,0.218312,0,32000,6986,0.218312,131072,7789,0.059425,0,0,5
81,host-18,4,0,14,4,0,0,0.214344,0,32000,6859,0.214344,131072,7186,0.054825,0,0,4
81,host-19,5,0,14,5,0,0,0.176719,0,32000,5655,0.176719,131072,5374,0.041000,0,0,5
81,host-2,4,0,14,4,0,0,0.184812,0,32000,5914,0.184812,131072,6145,0.046883,0,0,4
81,host-20,4,0,14,4,0,0,0.219250,0,32000,7016,0.219250,131072,6735,0.051384,0,0,4
81,host-21,4,0,14,4,0,0,0.207719,0,32000,6647,0.207719,131072,6550,0.049973,0,0,4
81,host-22,5,1,14,5,1,0,0.207125,0,32000,6628,0.207125,131072,6637,0.050636,1,0,4
81,host-23,4,0,14,4,0,0,0.197281,0,32000,6313,0.197281,131072,6179,0.047142,0,0,4
81,host-24,5,0,14,5,0,0,0.206531,0,32000,6609,0.206531,131072,7383,0.056328,0,0,5
81,host-3,4,0,14,4,0,0,0.185250,0,32000,5928,0.185250,131072,5819,0.044395,0,0,4
81,host-4,4,0,14,4,0,0,0.175719,0,32000,5623,0.175719,131072,5194,0.039627,0,0,4
81,host-5,4,0,14,4,0,0,0.235219,0,32000,7527,0.235219,131072,8328,0.063538,0,0,4
81,host-6,4,0,14,4,0,0,0.183438,0,32000,5870,0.183438,131072,4953,0.037788,0,0,4
81,host-7,3,0,14,3,0,0,0.197875,0,32000,6332,0.197875,131072,7918,0.060410,0,0,3
81,host-8,4,0,14,4,0,0,0.218000,0,32000,6976,0.218000,131072,7421,0.056618,0,0,4
81,host-9,5,2,14,5,2,0,0.222469,0,32000,7119,0.222469,131072,7095,0.054131,2,0,3
82,host-1,4,0,14,4,0,0,0.161500,0,32000,5168,0.161500,131072,4504,0.034363,0,0,4
82,host-10,4,0,14,4,0,0,0.188719,0,32000,6039,0.188719,131072,5543,0.042290,0,0,4
82,host-11,5,0,14,5,0,0,0.242875,0,32000,7772,0.242875,131072,7490,0.057144,0,0,5
82,host-12,4,0,14,4,0,0,0.212000,0,32000,6784,0.212000,131072,6887,0.052544,0,0,4
82,host-13,4,0,14,4,0,0,0.230719,0,32000,7383,0.230719,131072,6203,0.047325,0,0,4
82,host-14,5,0,14,5,0,0,0.207375,0,32000,6636,0.207375,131072,5734,0.043747,0,0,5
82,host-15,4,0,14,4,0,0,0.183781,0,32000,5881,0.183781,131072,5864,0.044739,0,0,4
82,host-16,6,0,14,6,0,0,0.226937,0,32000,7262,0.226937,131072,7799,0.059502,0,0,6
82,host-17,5,0,14,5,0,0,0.218312,0,32000,6986,0.218312,131072,7789,0.059425,0,0,5
82,host-18,4,0,14,4,0,0,0.214344,0,32000,6859,0.214344,131072,7186,0.054825,0,0,4
82,host-19,6,1,14,6,1,0,0.235656,0,32000,7541,0.235656,131072,7695,0.058708,1,0,5
82,host-2,4,0,14,4,0,0,0.184812,0,32000,5914,0.184812,131072,6145,0.046883,0,0,4
82,host-20,4,0,14,4,0,0,0.219250,0,32000,7016,0.219250,131072,6735,0.051384,0,0,4
82,host-21,4,0,14,4,0,0,0.207719,0,32000,6647,0.207719,131072,6550,0.049973,0,0,4
82,host-22,5,0,14,5,0,0,0.207125,0,32000,6628,0.207125,131072,6637,0.050636,0,0,5
82,host-23,4,0,14,4,0,0,0.197281,0,32000,6313,0.197281,131072,6179,0.047142,0,0,4
82,host-24,5,0,14,5,0,0,0.206531,0,32000,6609,0.206531,131072,7383,0.056328,0,0,5
82,host-3,4,1,14,4,1,0,0.185250,0,32000,5928,0.185250,131072,5819,0.044395,0,1,3
82,host-4,5,2,14,5,2,0,0.249844,0,32000,7995,0.249844,131072,7571,0.057762,1,1,3
82,host-5,4,0,14,4,0,0,0.235219,0,32000,7527,0.235219,131072,8328,0.063538,0,0,4
82,host-6,4,0,14,4,0,0,0.183438,0,32000,5870,0.183438,131072,4953,0.037788,0,0,4
82,host-7,3,0,14,3,0,0,0.197875,0,32000,6332,0.197875,131072,7918,0.060410,0,0,3
82,host-8,4,0,14,4,0,0,0.218000,0,32000,6976,0.218000,131072,7421,0.056618,0,0,4
82,host-9,5,1,14,5,1,0,0.222469,0,32000,7119,0.222469,131072,7095,0.054131,0,1,4
83,host-1,5,1,14,5,1,0,0.232594,0,32000,7443,0.232594,131072,6818,0.052017,1,0,4
83,host-10,4,1,14,4,1,0,0.188719,0,32000,6039,0.188719,131072,5543,0.042290,0,1,3
83,host-11,5,0,14,5,0,0,0.242875,0,32000,7772,0.242875,131072,7490,0.057144,0,0,5
83,host-12,4,0,14,4,0,0,0.212000,0,32000,6784,0.212000,131072,6887,0.052544,0,0,4
83,host-13,4,1,14,4,1,0,0.230719,0,32000,7383,0.230719,131072,6203,0.047325,0,1,3
83,host-14,5,0,14,5,0,0,0.207375,0,32000,6636,0.207375,131072,5734,0.043747,0,0,5
83,host-15,4,0,14,4,0,0,0.183781,0,32000,5881,0.183781,131072,5864,0.044739,0,0,4
83,host-16,6,0,14,6,0,0,0.226937,0,32000,7262,0.226937,131072,7799,0.059502,0,0,6
83,host-17,5,0,14,5,0,0,0.218312,0,32000,6986,0.218312,131072,7789,0.059425,0,0,5
83,host-18,4,0,14,4,0,0,0.214344,0,32000,6859,0.214344,131072,7186,0.054825,0,0,4
83,host-19,6,0,14,6,0,0,0.235656,0,32000,7541,0.235656,131072,7695,0.058708,0,0,6
83,host-2,4,0,14,4,0,0,0.184812,0,32000,5914,0.184812,131072,6145,0.046883,0,0,4
83,host-20,4,0,14,4,0,0,0.219250,0,32000,7016,0.219250,131072,6735,0.051384,0,0,4
83,host-21,4,0,14,4,0,0,0.207719,0,32000,6647,0.207719,131072,6550,0.049973,0,0,4
83,host-22,5,0,14,5,0,0,0.207125,0,32000,6628,0.207125,131072,6637,0.050636,0,0,5
83,host-23,4,1,14,4,1,0,0.197281,0,32000,6313,0.197281,131072,6179,0.047142,0,1,3
83,host-24,5,0,14,5,0,0,0.206531,0,32000,6609,0.206531,131072,7383,0.056328,0,0,5
83,host-3,4,0,14,4,0,0,0.185250,0,32000,5928,0.185250,131072,5819,0.044395,0,0,4
83,host-4,5,0,14,5,0,0,0.249844,0,32000,7995,0.249844,131072,7571,0.057762,0,0,5
83,host-5,4,0,14,4,0,0,0.235219,0,32000,7527,0.235219,131072,8328,0.063538,0,0,4
83,host-6,4,0,14,4,0,0,0.183438,0,32000,5870,0.183438,131072,4953,0.037788,0,0,4
83,host-7,3,0,14,3,0,0,0.197875,0,32000,6332,0.197875,131072,7918,0.060410,0,0,3
83,host-8,4,0,14,4,0,0,0.218000,0,32000,6976,0.218000,131072,7421,0.056618,0,0,4
83,host-9,5,0,14,5,0,0,0.222469,0,32000,7119,0.222469,131072,7095,0.054131,0,0,5
84,host-1,5,0,14,5,0,0,0.232594,0,32000,7443,0.232594,131072,6818,0.052017,0,0,5
84,host-10,4,0,14,4,0,0,0.188719,0,32000,6039,0.188719,131072,5543,0.042290,0,0,4
84,host-11,5,0,14,5,0,0,0.242875,0,32000,7772,0.242875,131072,7490,0.057144,0,0,5
84,host-12,4,1,14,4,1,0,0.212000,0,32000,6784,0.212000,131072,6887,0.052544,0,1,3
84,host-13,4,1,14,4,1,0,0.230719,0,32000,7383,0.230719,131072,6203,0.047325,0,1,3
84,host-14,4,0,14,4,0,0,0.176750,0,32000,5656,0.176750,131072,4611,0.035179,0,0,4
84,host-15,4,0,14,4,0,0,0.183781,0,32000,5881,0.183781,131072,5864,0.044739,0,0,4
84,host-16,6,0,14,6,0,0,0.226937,0,32000,7262,0.226937,131072,7799,0.059502,0,0,6
84,host-17,5,0,14,5,0,0,0.218312,0,32000,6986,0.218312,131072,7789,0.059425,0,0,5
84,host-18,4,0,14,4,0,0,0.214344,0,32000,6859,0.214344,131072,7186,0.054825,0,0,4
84,host-19,6,1,14,6,1,0,0.235656,0,32000,7541,0.235656,131072,7695,0.058708,0,1,5
84,host-2,4,1,14,4,1,0,0.184812,0,32000,5914,0.184812,131072,6145,0.046883,0,1,3
84,host-20,3,0,14,3,0,0,0.175469,0,32000,5615,0.175469,131072,5989,0.045692,0,0,3
84,host-21,4,0,14,4,0,0,0.207719,0,32000,6647,0.207719,131072,6550,0.049973,0,0,4
84,host-22,5,0,14,5,0,0,0.207125,0,32000,6628,0.207125,131072,6637,0.050636,0,0,5
84,host-23,4,0,14,4,0,0,0.197281,0,32000,6313,0.197281,131072,6179,0.047142,0,0,4
84,host-24,5,1,14,5,1,0,0.206531,0,32000,6609,0.206531,131072,7383,0.056328,0,1,4
84,host-3,4,0,14,4,0,0,0.185250,0,32000,5928,0.185250,131072,5819,0.044395,0,0,4
84,host-4,5,1,14,5,1,0,0.249844,0,32000,7995,0.249844,131072,7571,0.057762,0,1,4
84,host-5,4,0,14,4,0,0,0.235219,0,32000,7527,0.235219,131072,8328,0.063538,0,0,4
84,host-6,4,0,14,4,0,0,0.183438,0,32000,5870,0.183438,131072,4953,0.037788,0,0,4
84,host-7,3,0,14,3,0,0,0.197875,0,32000,6332,0.197875,131072,7918,0.060410,0,0,3
84,host-8,4,0,14,4,0,0,0.218000,0,32000,6976,0.218000,131072,7421,0.056618,0,0,4
84,host-9,5,0,14,5,0,0,0.222469,0,32000,7119,0.222469,131072,7095,0.054131,0,0,5
85,host-1,5,0,14,5,0,0,0.232594,0,32000,7443,0.232594,131072,6818,0.052017,0,0,5
85,host-10,4,0,14,4,0,0,0.188719,0,32000,6039,0.188719,131072,5543,0.042290,0,0,4
85,host-11,5,0,14,5,0,0,0.242875,0,32000,7772,0.242875,131072,7490,0.057144,0,0,5
85,host-12,4,0,14,4,0,0,0.212000,0,32000,6784,0.212000,131072,6887,0.052544,0,0,4
85,host-13,4,0,14,4,0,0,0.230719,0,32000,7383,0.230719,131072,6203,0.047325,0,0,4
85,host-14,4,2,14,4,2,0,0.194906,0,32000,6237,0.194906,131072,5440,0.041504,1,1,2
85,host-15,3,0,14,3,0,0,0.106563,0,32000,3410,0.106563,131072,3566,0.027206,0,0,3
85,host-16,6,0,14,6,0,0,0.226937,0,32000,7262,0.226937,131072,7799,0.059502,0,0,6
85,host-17,5,0,14,5,0,0,0.218312,0,32000,6986,0.218312,131072,7789,0.059425,0,0,5
85,host-18,4,2,14,4,2,0,0.214344,0,32000,6859,0.214344,131072,7186,0.054825,0,2,2
85,host-19,6,0,14,6,0,0,0.235656,0,32000,7541,0.235656,131072,7695,0.058708,0,0,6
85,host-2,4,0,14,4,0,0,0.184812,0,32000,5914,0.184812,131072,6145,0.046883,0,0,4
85,host-20,4,1,14,4,1,0,0.220250,0,32000,7048,0.220250,131072,7324,0.055878,1,0,3
85,host-21,3,0,14,3,0,0,0.175219,0,32000,5607,0.175219,131072,5698,0.043472,0,0,3
85,host-22,4,0,14,4,0,0,0.136406,0,32000,4365,0.136406,131072,4057,0.030952,0,0,4
85,host-23,4,0,14,4,0,0,0.197281,0,32000,6313,0.197281,131072,6179,0.047142,0,0,4
85,host-24,5,0,14,5,0,0,0.206531,0,32000,6609,0.206531,131072,7383,0.056328,0,0,5
85,host-3,4,0,14,4,0,0,0.185250,0,32000,5928,0.185250,131072,5819,0.044395,0,0,4
85,host-4,5,0,14,5,0,0,0.249844,0,32000,7995,0.249844,131072,7571,0.057762,0,0,5
85,host-5,4,0,14,4,0,0,0.235219,0,32000,7527,0.235219,131072,8328,0.063538,0,0,4
85,host-6,4,0,14,4,0,0,0.183438,0,32000,5870,0.183438,131072,4953,0.037788,0,0,4
85,host-7,3,0,14,3,0,0,0.197875,0,32000,6332,0.197875,131072,7918,0.060410,0,0,3
85,host-8,4,1,14,4,1,0,0.218000,0,32000,6976,0.218000,131072,7421,0.056618,0,1,3
85,host-9,5,0,14,5,0,0,0.222469,0,32000,7119,0.222469,131072,7095,0.054131,0,0,5
86,host-1,5,0,14,5,0,0,0.232594,0,32000,7443,0.232594,131072,6818,0.052017,0,0,5
86,host-10,4,0,14,4,0,0,0.188719,0,32000,6039,0.188719,131072,5543,0.042290,0,0,4
86,host-11,5,0,14,5,0,0,0.242875,0,32000,7772,0.242875,131072,7490,0.057144,0,0,5
86,host-12,4,0,14,4,0,0,0.212000,0,32000,6784,0.212000,131072,6887,0.052544,0,0,4
86,host-13,4,0,14,4,0,0,0.230719,0,32000,7383,0.230719,131072,6203,0.047325,0,0,4
86,host-14,4,1,14,4,1,0,0.194906,0,32000,6237,0.194906,131072,5440,0.041504,0,1,3
86,host-15,3,0,14,3,0,0,0.106563,0,32000,3410,0.106563,131072,3566,0.027206,0,0,3
86,host-16,6,0,14,6,0,0,0.226937,0,32000,7262,0.226937,131072,7799,0.059502,0,0,6
86,host-17,5,0,14,5,0,0,0.218312,0,32000,6986,0.218312,131072,7789,0.059425,0,0,5
86,host-18,4,0,14,4,0,0,0.214344,0,32000,6859,0.214344,131072,7186,0.054825,0,0,4
86,host-19,6,0,14,6,0,0,0.235656,0,32000,7541,0.235656,131072,7695,0.058708,0,0,6
86,host-2,4,0,14,4,0,0,0.184812,0,32000,5914,0.184812,131072,6145,0.046883,0,0,4
86,host-20,4,1,14,4,1,0,0.220250,0,32000,7048,0.220250,131072,7324,0.055878,0,1,3
86,host-21,3,0,14,3,0,0,0.175219,0,32000,5607,0.175219,131072,5698,0.043472,0,0,3
86,host-22,4,0,14,4,0,0,0.136406,0,32000,4365,0.136406,131072,4057,0.030952,0,0,4
86,host-23,4,0,14,4,0,0,0.197281,0,32000,6313,0.197281,131072,6179,0.047142,0,0,4
86,host-24,5,0,14,5,0,0,0.206531,0,32000,6609,0.206531,131072,7383,0.056328,0,0,5
86,host-3,4,0,14,4,0,0,0.185250,0,32000,5928,0.185250,131072,5819,0.044395,0,0,4
86,host-4,5,0,14,5,0,0,0.249844,0,32000,7995,0.249844,131072,7571,0.057762,0,0,5
86,host-5,4,1,14,4,1,0,0.235219,0,32000,7527,0.235219,131072,8328,0.063538,0,1,3
86,host-6,3,0,14,3,0,0,0.140313,0,32000,4490,0.140313,131072,3704,0.028259,0,0,3
86,host-7,3,1,14,3,1,0,0.197875,0,32000,6332,0.197875,131072,7918,0.060410,0,1,2
86,host-8,4,0,14,4,0,0,0.218000,0,32000,6976,0.218000,131072,7421,0.056618,0,0,4
86,host-9,5,0,14,5,0,0,0.222469,0,32000,7119,0.222469,131072,7095,0.054131,0,0,5
87,host-1,5,0,14,5,0,0,0.232594,0,32000,7443,0.232594,131072,6818,0.052017,0,0,5
87,host-10,4,0,14,4,0,0,0.188719,0,32000,6039,0.188719,131072,5543,0.042290,0,0,4
87,host-11,5,0,14,5,0,0,0.242875,0,32000,7772,0.242875,131072,7490,0.057144,0,0,5
87,host-12,3,0,14,3,0,0,0.139844,0,32000,4475,0.139844,131072,3938,0.030045,0,0,3
87,host-13,4,0,14,4,0,0,0.230719,0,32000,7383,0.230719,131072,6203,0.047325,0,0,4
87,host-14,4,0,14,4,0,0,0.194906,0,32000,6237,0.194906,131072,5440,0.041504,0,0,4
87,host-15,3,1,14,3,1,0,0.111375,0,32000,3564,0.111375,131072,3822,0.029160,1,0,2
87,host-16,6,1,14,6,1,0,0.226937,0,32000,7262,0.226937,131072,7799,0.059502,0,1,5
87,host-17,5,0,14,5,0,0,0.218312,0,32000,6986,0.218312,131072,7789,0.059425,0,0,5
87,host-18,3,0,14,3,0,0,0.165875,0,32000,5308,0.165875,131072,4955,0.037804,0,0,3
87,host-19,6,0,14,6,0,0,0.235656,0,32000,7541,0.235656,131072,7695,0.058708,0,0,6
87,host-2,4,0,14,4,0,0,0.184812,0,32000,5914,0.184812,131072,6145,0.046883,0,0,4
87,host-20,3,0,14,3,0,0,0.147313,0,32000,4714,0.147313,131072,5138,0.039200,0,0,3
87,host-21,3,0,14,3,0,0,0.175219,0,32000,5607,0.175219,131072,5698,0.043472,0,0,3
87,host-22,4,0,14,4,0,0,0.136406,0,32000,4365,0.136406,131072,4057,0.030952,0,0,4
87,host-23,4,0,14,4,0,0,0.197281,0,32000,6313,0.197281,131072,6179,0.047142,0,0,4
87,host-24,4,0,14,4,0,0,0.164844,0,32000,5275,0.164844,131072,5878,0.044846,0,0,4
87,host-3,3,0,14,3,0,0,0.126812,0,32000,4058,0.126812,131072,4104,0.031311,0,0,3
87,host-4,5,0,14,5,0,0,0.249844,0,32000,7995,0.249844,131072,7571,0.057762,0,0,5
87,host-5,4,0,14,4,0,0,0.235219,0,32000,7527,0.235219,131072,8328,0.063538,0,0,4
87,host-6,3,0,14,3,0,0,0.140313,0,32000,4490,0.140313,131072,3704,0.028259,0,0,3
87,host-7,3,0,14,3,0,0,0.197875,0,32000,6332,0.197875,131072,7918,0.060410,0,0,3
87,host-8,3,0,14,3,0,0,0.181531,0,32000,5809,0.181531,131072,6056,0.046204,0,0,3
87,host-9,5,0,14,5,0,0,0.222469,0,32000,7119,0.222469,131072,7095,0.054131,0,0,5
88,host-1,5,0,14,5,0,0,0.232594,0,32000,7443,0.232594,131072,6818,0.052017,0,0,5
88,host-10,4,0,14,4,0,0,0.188719,0,32000,6039,0.188719,131072,5543,0.042290,0,0,4
88,host-11,4,0,14,4,0,0,0.194500,0,32000,6224,0.194500,131072,6447,0.049187,0,0,4
88,host-12,3,0,14,3,0,0,0.139844,0,32000,4475,0.139844,131072,3938,0.030045,0,0,3
88,host-13,4,0,14,4,0,0,0.230719,0,32000,7383,0.230719,131072,6203,0.047325,0,0,4
88,host-14,4,0,14,4,0,0,0.194906,0,32000,6237,0.194906,131072,5440,0.041504,0,0,4
88,host-15,4,1,14,4,1,0,0.155156,0,32000,4965,0.155156,131072,4568,0.034851,1,0,3
88,host-16,6,0,14,6,0,0,0.226937,0,32000,7262,0.226937,131072,7799,0.059502,0,0,6
88,host-17,5,0,14,5,0,0,0.218312,0,32000,6986,0.218312,131072,7789,0.059425,0,0,5
88,host-18,3,0,14,3,0,0,0.165875,0,32000,5308,0.165875,131072,4955,0.037804,0,0,3
88,host-19,6,1,14,6,1,0,0.235656,0,32000,7541,0.235656,131072,7695,0.058708,0,1,5
88,host-2,4,1,14,4,1,0,0.184812,0,32000,5914,0.184812,131072,6145,0.046883,0,1,3
88,host-20,3,0,14,3,0,0,0.147313,0,32000,4714,0.147313,131072,5138,0.039200,0,0,3
88,host-21,3,0,14,3,0,0,0.175219,0,32000,5607,0.175219,131072,5698,0.043472,0,0,3
88,host-22,4,0,14,4,0,0,0.136406,0,32000,4365,0.136406,131072,4057,0.030952,0,0,4
88,host-23,4,0,14,4,0,0,0.197281,0,32000,6313,0.197281,131072,6179,0.047142,0,0,4
88,host-24,4,0,14,4,0,0,0.164844,0,32000,5275,0.164844,131072,5878,0.044846,0,0,4
88,host-3,3,0,14,3,0,0,0.126812,0,32000,4058,0.126812,131072,4104,0.031311,0,0,3
88,host-4,5,0,14,5,0,0,0.249844,0,32000,7995,0.249844,131072,7571,0.057762,0,0,5
88,host-5,4,0,14,4,0,0,0.235219,0,32000,7527,0.235219,131072,8328,0.063538,0,0,4
88,host-6,3,0,14,3,0,0,0.140313,0,32000,4490,0.140313,131072,3704,0.028259,0,0,3
88,host-7,3,0,14,3,0,0,0.197875,0,32000,6332,0.197875,131072,7918,0.060410,0,0,3
88,host-8,3,0,14,3,0,0,0.181531,0,32000,5809,0.181531,131072,6056,0.046204,0,0,3
88,host-9,5,0,14,5,0,0,0.222469,0,32000,7119,0.222469,131072,7095,0.054131,0,0,5
89,host-1,5,0,14,5,0,0,0.232594,0,32000,7443,0.232594,131072,6818,0.052017,0,0,5
89,host-10,4,0,14,4,0,0,0.188719,0,32000,6039,0.188719,131072,5543,0.042290,0,0,4
89,host-11,4,0,14,4,0,0,0.194500,0,32000,6224,0.194500,131072,6447,0.049187,0,0,4
89,host-12,3,0,14,3,0,0,0.139844,0,32000,4475,0.139844,131072,3938,0.030045,0,0,3
89,host-13,4,0,14,4,0,0,0.230719,0,32000,7383,0.230719,131072,6203,0.047325,0,0,4
89,host-14,4,0,14,4,0,0,0.194906,0,32000,6237,0.194906,131072,5440,0.041504,0,0,4
89,host-15,4,1,14,4,1,0,0.155156,0,32000,4965,0.155156,131072,4568,0.034851,1,0,3
89,host-16,6,0,14,6,0,0,0.226937,0,32000,7262,0.226937,131072,7799,0.059502,0,0,6
89,host-17,4,0,14,4,0,0,0.160469,0,32000,5135,0.160469,131072,5477,0.041786,0,0,4
89,host-18,3,1,14,3,1,0,0.165875,0,32000,5308,0.165875,131072,4955,0.037804,0,1,2
89,host-19,6,0,14,6,0,0,0.235656,0,32000,7541,0.235656,131072,7695,0.058708,0,0,6
89,host-2,4,0,14,4,0,0,0.184812,0,32000,5914,0.184812,131072,6145,0.046883,0,0,4
89,host-20,3,0,14,3,0,0,0.147313,0,32000,4714,0.147313,131072,5138,0.039200,0,0,3
89,host-21,3,0,14,3,0,0,0.175219,0,32000,5607,0.175219,131072,5698,0.043472,0,0,3
89,host-22,5,1,14,5,1,0,0.180938,0,32000,5790,0.180938,131072,5981,0.045631,1,0,4
89,host-23,4,0,14,4,0,0,0.197281,0,32000,6313,0.197281,131072,6179,0.047142,0,0,4
89,host-24,4,0,14,4,0,0,0.164844,0,32000,5275,0.164844,131072,5878,0.044846,0,0,4
89,host-3,4,1,14,4,1,0,0.197531,0,32000,6321,0.197531,131072,6684,0.050995,0,1,3
89,host-4,5,0,14,5,0,0,0.249844,0,32000,7995,0.249844,131072,7571,0.057762,0,0,5
89,host-5,4,0,14,4,0,0,0.235219,0,32000,7527,0.235219,131072,8328,0.063538,0,0,4
89,host-6,3,0,14,3,0,0,0.140313,0,32000,4490,0.140313,131072,3704,0.028259,0,0,3
89,host-7,3,0,14,3,0,0,0.197875,0,32000,6332,0.197875,131072,7918,0.060410,0,0,3
89,host-8,3,0,14,3,0,0,0.181531,0,32000,5809,0.181531,131072,6056,0.046204,0,0,3
89,host-9,5,0,14,5,0,0,0.222469,0,32000,7119,0.222469,131072,7095,0.054131,0,0,5
90,host-1,5,0,14,5,0,0,0.232594,0,32000,7443,0.232594,131072,6818,0.052017,0,0,5
90,host-10,4,0,14,4,0,0,0.188719,0,32000,6039,0.188719,131072,5543,0.042290,0,0,4
90,host-11,3,0,14,3,0,0,0.151281,0,32000,4841,0.151281,131072,4862,0.037094,0,0,3
90,host-12,4,1,14,4,1,0,0.181531,0,32000,5809,0.181531,131072,5443,0.041527,1,0,3
90,host-13,4,0,14,4,0,0,0.230719,0,32000,7383,0.230719,131072,6203,0.047325,0,0,4
90,host-14,4,0,14,4,0,0,0.194906,0,32000,6237,0.194906,131072,5440,0.041504,0,0,4
90,host-15,4,0,14,4,0,0,0.155156,0,32000,4965,0.155156,131072,4568,0.034851,0,0,4
90,host-16,6,0,14,6,0,0,0.226937,0,32000,7262,0.226937,131072,7799,0.059502,0,0,6
90,host-17,4,1,14,4,1,0,0.171687,0,32000,5494,0.171687,131072,6368,0.048584,1,0,3
90,host-18,3,0,14,3,0,0,0.165875,0,32000,5308,0.165875,131072,4955,0.037804,0,0,3
90,host-19,6,0,14,6,0,0,0.235656,0,32000,7541,0.235656,131072,7695,0.058708,0,0,6
90,host-2,4,0,14,4,0,0,0.184812,0,32000,5914,0.184812,131072,6145,0.046883,0,0,4
90,host-20,3,0,14,3,0,0,0.147313,0,32000,4714,0.147313,131072,5138,0.039200,0,0,3
90,host-21,3,0,14,3,0,0,0.175219,0,32000,5607,0.175219,131072,5698,0.043472,0,0,3
90,host-22,5,1,14,5,1,0,0.180938,0,32000,5790,0.180938,131072,5981,0.045631,0,1,4
90,host-23,4,0,14,4,0,0,0.197281,0,32000,6313,0.197281,131072,6179,0.047142,0,0,4
90,host-24,4,0,14,4,0,0,0.164844,0,32000,5275,0.164844,131072,5878,0.044846,0,0,4
90,host-3,4,0,14,4,0,0,0.197531,0,32000,6321,0.197531,131072,6684,0.050995,0,0,4
90,host-4,5,0,14,5,0,0,0.249844,0,32000,7995,0.249844,131072,7571,0.057762,0,0,5
90,host-5,4,0,14,4,0,0,0.235219,0,32000,7527,0.235219,131072,8328,0.063538,0,0,4
90,host-6,4,1,14,4,1,0,0.217531,0,32000,6961,0.217531,131072,6002,0.045792,1,0,3
90,host-7,3,0,14,3,0,0,0.197875,0,32000,6332,0.197875,131072,7918,0.060410,0,0,3
90,host-8,3,0,14,3,0,0,0.181531,0,32000,5809,0.181531,131072,6056,0.046204,0,0,3
90,host-9,5,0,14,5,0,0,0.222469,0,32000,7119,0.222469,131072,7095,0.054131,0,0,5
91,host-1,5,0,14,5,0,0,0.232594,0,32000,7443,0.232594,131072,6818,0.052017,0,0,5
91,host-10,4,0,14,4,0,0,0.188719,0,32000,6039,0.188719,131072,5543,0.042290,0,0,4
91,host-11,2,0,14,2,0,0,0.080500,0,32000,2576,0.080500,131072,2548,0.019440,0,0,2
91,host-12,4,0,14,4,0,0,0.181531,0,32000,5809,0.181531,131072,5443,0.041527,0,0,4
91,host-13,4,0,14,4,0,0,0.230719,0,32000,7383,0.230719,131072,6203,0.047325,0,0,4
91,host-14,4,0,14,4,0,0,0.194906,0,32000,6237,0.194906,131072,5440,0.041504,0,0,4
91,host-15,4,0,14,4,0,0,0.155156,0,32000,4965,0.155156,131072,4568,0.034851,0,0,4
91,host-16,6,1,14,6,1,0,0.226937,0,32000,7262,0.226937,131072,7799,0.059502,0,1,5
91,host-17,4,1,14,4,1,0,0.171687,0,32000,5494,0.171687,131072,6368,0.048584,0,1,3
91,host-18,3,0,14,3,0,0,0.165875,0,32000,5308,0.165875,131072,4955,0.037804,0,0,3
91,host-19,6,1,14,6,1,0,0.235656,0,32000,7541,0.235656,131072,7695,0.058708,0,1,5
91,host-2,4,0,14,4,0,0,0.184812,0,32000,5914,0.184812,131072,6145,0.046883,0,0,4
91,host-20,4,1,14,4,1,0,0.220250,0,32000,7048,0.220250,131072,7324,0.055878,1,0,3
91,host-21,3,0,14,3,0,0,0.175219,0,32000,5607,0.175219,131072,5698,0.043472,0,0,3
91,host-22,5,0,14,5,0,0,0.180938,0,32000,5790,0.180938,131072,5981,0.045631,0,0,5
91,host-23,4,0,14,4,0,0,0.197281,0,32000,6313,0.197281,131072,6179,0.047142,0,0,4
91,host-24,4,0,14,4,0,0,0.164844,0,32000,5275,0.164844,131072,5878,0.044846,0,0,4
91,host-3,4,0,14,4,0,0,0.197531,0,32000,6321,0.197531,131072,6684,0.050995,0,0,4
91,host-4,5,0,14,5,0,0,0.249844,0,32000,7995,0.249844,131072,7571,0.057762,0,0,5
91,host-5,4,1,14,4,1,0,0.235219,0,32000,7527,0.235219,131072,8328,0.063538,0,1,3
91,host-6,3,0,14,3,0,0,0.146750,0,32000,4696,0.146750,131072,3688,0.028137,0,0,3
91,host-7,3,0,14,3,0,0,0.197875,0,32000,6332,0.197875,131072,7918,0.060410,0,0,3
91,host-8,2,0,14,2,0,0,0.137781,0,32000,4409,0.137781,131072,4952,0.037781,0,0,2
91,host-9,5,0,14,5,0,0,0.222469,0,32000,7119,0.222469,131072,7095,0.054131,0,0,5
92,host-1,5,0,14,5,0,0,0.232594,0,32000,7443,0.232594,131072,6818,0.052017,0,0,5
92,host-10,4,0,14,4,0,0,0.188719,0,32000,6039,0.188719,131072,5543,0.042290,0,0,4
92,host-11,4,1,14,4,1,0,0.178250,0,32000,5704,0.178250,131072,5073,0.038704,1,0,3
92,host-12,4,0,14,4,0,0,0.181531,0,32000,5809,0.181531,131072,5443,0.041527,0,0,4
92,host-13,4,0,14,4,0,0,0.230719,0,32000,7383,0.230719,131072,6203,0.047325,0,0,4
92,host-14,4,0,14,4,0,0,0.194906,0,32000,6237,0.194906,131072,5440,0.041504,0,0,4
92,host-15,4,0,14,4,0,0,0.155156,0,32000,4965,0.155156,131072,4568,0.034851,0,0,4
92,host-16,6,0,14,6,0,0,0.226937,0,32000,7262,0.226937,131072,7799,0.059502,0,0,6
92,host-17,4,0,14,4,0,0,0.171687,0,32000,5494,0.171687,131072,6368,0.048584,0,0,4
92,host-18,3,0,14,3,0,0,0.165875,0,32000,5308,0.165875,131072,4955,0.037804,0,0,3
92,host-19,6,0,14,6,0,0,0.235656,0,32000,7541,0.235656,131072,7695,0.058708,0,0,6
92,host-2,4,0,14,4,0,0,0.184812,0,32000,5914,0.184812,131072,6145,0.046883,0,0,4
92,host-20,3,1,14,3,1,0,0.191500,0,32000,6128,0.191500,131072,6127,0.046745,0,1,2
92,host-21,3,0,14,3,0,0,0.175219,0,32000,5607,0.175219,131072,5698,0.043472,0,0,3
92,host-22,5,0,14,5,0,0,0.180938,0,32000,5790,0.180938,131072,5981,0.045631,0,0,5
92,host-23,4,1,14,4,1,0,0.197281,0,32000,6313,0.197281,131072,6179,0.047142,0,1,3
92,host-24,4,0,14,4,0,0,0.164844,0,32000,5275,0.164844,131072,5878,0.044846,0,0,4
92,host-3,4,0,14,4,0,0,0.197531,0,32000,6321,0.197531,131072,6684,0.050995,0,0,4
92,host-4,5,0,14,5,0,0,0.249844,0,32000,7995,0.249844,131072,7571,0.057762,0,0,5
92,host-5,4,0,14,4,0,0,0.235219,0,32000,7527,0.235219,131072,8328,0.063538,0,0,4
92,host-6,3,0,14,3,0,0,0.146750,0,32000,4696,0.146750,131072,3688,0.028137,0,0,3
92,host-7,3,0,14,3,0,0,0.197875,0,32000,6332,0.197875,131072,7918,0.060410,0,0,3
92,host-8,3,1,14,3,1,0,0.201969,0,32000,6463,0.201969,131072,7545,0.057564,1,0,2
92,host-9,5,0,14,5,0,0,0.222469,0,32000,7119,0.222469,131072,7095,0.054131,0,0,5
93,host-1,5,0,14,5,0,0,0.232594,0,32000,7443,0.232594,131072,6818,0.052017,0,0,5
93,host-10,4,0,14,4,0,0,0.188719,0,32000,6039,0.188719,131072,5543,0.042290,0,0,4
93,host-11,4,1,14,4,1,0,0.178250,0,32000,5704,0.178250,131072,5073,0.038704,1,0,3
93,host-12,4,0,14,4,0,0,0.181531,0,32000,5809,0.181531,131072,5443,0.041527,0,0,4
93,host-13,4,0,14,4,0,0,0.230719,0,32000,7383,0.230719,131072,6203,0.047325,0,0,4
93,host-14,4,1,14,4,1,0,0.194906,0,32000,6237,0.194906,131072,5440,0.041504,0,1,3
93,host-15,5,2,14,5,2,0,0.186625,0,32000,5972,0.186625,131072,5276,0.040253,2,0,3
93,host-16,6,0,14,6,0,0,0.226937,0,32000,7262,0.226937,131072,7799,0.059502,0,0,6
93,host-17,5,1,14,5,1,0,0.199469,0,32000,6383,0.199469,131072,6802,0.051895,1,0,4
93,host-18,4,1,14,4,1,0,0.212438,0,32000,6798,0.212438,131072,5641,0.043037,1,0,3
93,host-19,5,0,14,5,0,0,0.204187,0,32000,6534,0.204187,131072,6987,0.053307,0,0,5
93,host-2,4,0,14,4,0,0,0.184812,0,32000,5914,0.184812,131072,6145,0.046883,0,0,4
93,host-20,3,0,14,3,0,0,0.191500,0,32000,6128,0.191500,131072,6127,0.046745,0,0,3
93,host-21,3,1,14,3,1,0,0.175219,0,32000,5607,0.175219,131072,5698,0.043472,1,0,2
93,host-22,5,0,14,5,0,0,0.180938,0,32000,5790,0.180938,131072,5981,0.045631,0,0,5
93,host-23,4,1,14,4,1,0,0.184000,0,32000,5888,0.184000,131072,5634,0.042984,1,0,3
93,host-24,5,1,14,5,1,0,0.237094,0,32000,7587,0.237094,131072,7855,0.059929,1,0,4
93,host-3,4,0,14,4,0,0,0.197531,0,32000,6321,0.197531,131072,6684,0.050995,0,0,4
93,host-4,5,0,14,5,0,0,0.249844,0,32000,7995,0.249844,131072,7571,0.057762,0,0,5
93,host-5,4,0,14,4,0,0,0.235219,0,32000,7527,0.235219,131072,8328,0.063538,0,0,4
93,host-6,4,1,14,4,1,0,0.175500,0,32000,5616,0.175500,131072,4885,0.037270,1,0,3
93,host-7,3,0,14,3,0,0,0.197875,0,32000,6332,0.197875,131072,7918,0.060410,0,0,3
93,host-8,3,1,14,3,1,0,0.201969,0,32000,6463,0.201969,131072,7545,0.057564,0,1,2
93,host-9,5,0,14,5,0,0,0.222469,0,32000,7119,0.222469,131072,7095,0.054131,0,0,5
94,host-1,5,0,14,5,0,0,0.232594,0,32000,7443,0.232594,131072,6818,0.052017,0,0,5
94,host-10,4,0,14,4,0,0,0.188719,0,32000,6039,0.188719,131072,5543,0.042290,0,0,4
94,host-11,4,0,14,4,0,0,0.178250,0,32000,5704,0.178250,131072,5073,0.038704,0,0,4
94,host-12,4,0,14,4,0,0,0.181531,0,32000,5809,0.181531,131072,5443,0.041527,0,0,4
94,host-13,4,0,14,4,0,0,0.230719,0,32000,7383,0.230719,131072,6203,0.047325,0,0,4
94,host-14,4,0,14,4,0,0,0.194906,0,32000,6237,0.194906,131072,5440,0.041504,0,0,4
94,host-15,5,0,14,5,0,0,0.186625,0,32000,5972,0.186625,131072,5276,0.040253,0,0,5
94,host-16,6,0,14,6,0,0,0.226937,0,32000,7262,0.226937,131072,7799,0.059502,0,0,6
94,host-17,5,0,14,5,0,0,0.199469,0,32000,6383,0.199469,131072,6802,0.051895,0,0,5
94,host-18,4,0,14,4,0,0,0.212438,0,32000,6798,0.212438,131072,5641,0.043037,0,0,4
94,host-19,5,0,14,5,0,0,0.204187,0,32000,6534,0.204187,131072,6987,0.053307,0,0,5
94,host-2,4,0,14,4,0,0,0.184812,0,32000,5914,0.184812,131072,6145,0.046883,0,0,4
94,host-20,3,0,14,3,0,0,0.191500,0,32000,6128,0.191500,131072,6127,0.046745,0,0,3
94,host-21,4,2,14,4,2,0,0.206531,0,32000,6609,0.206531,131072,6378,0.048660,2,0,2
94,host-22,5,0,14,5,0,0,0.180938,0,32000,5790,0.180938,131072,5981,0.045631,0,0,5
94,host-23,4,1,14,4,1,0,0.184000,0,32000,5888,0.184000,131072,5634,0.042984,1,0,3
94,host-24,5,1,14,5,1,0,0.237094,0,32000,7587,0.237094,131072,7855,0.059929,1,0,4
94,host-3,4,0,14,4,0,0,0.197531,0,32000,6321,0.197531,131072,6684,0.050995,0,0,4
94,host-4,5,0,14,5,0,0,0.249844,0,32000,7995,0.249844,131072,7571,0.057762,0,0,5
94,host-5,4,0,14,4,0,0,0.235219,0,32000,7527,0.235219,131072,8328,0.063538,0,0,4
94,host-6,5,2,14,5,2,0,0.203281,0,32000,6505,0.203281,131072,5319,0.040581,1,1,3
94,host-7,3,0,14,3,0,0,0.197875,0,32000,6332,0.197875,131072,7918,0.060410,0,0,3
94,host-8,3,0,14,3,0,0,0.201969,0,32000,6463,0.201969,131072,7545,0.057564,0,0,3
94,host-9,5,0,14,5,0,0,0.222469,0,32000,7119,0.222469,131072,7095,0.054131,0,0,5
95,host-1,5,0,14,5,0,0,0.232594,0,32000,7443,0.232594,131072,6818,0.052017,0,0,5
95,host-10,4,0,14,4,0,0,0.188719,0,32000,6039,0.188719,131072,5543,0.042290,0,0,4
95,host-11,5,2,14,5,2,0,0.227875,0,32000,7292,0.227875,131072,6291,0.047997,1,1,3
95,host-12,4,0,14,4,0,0,0.181531,0,32000,5809,0.181531,131072,5443,0.041527,0,0,4
95,host-13,4,1,14,4,1,0,0.230719,0,32000,7383,0.230719,131072,6203,0.047325,0,1,3
95,host-14,4,0,14,4,0,0,0.194906,0,32000,6237,0.194906,131072,5440,0.041504,0,0,4
95,host-15,5,0,14,5,0,0,0.186625,0,32000,5972,0.186625,131072,5276,0.040253,0,0,5
95,host-16,6,0,14,6,0,0,0.226937,0,32000,7262,0.226937,131072,7799,0.059502,0,0,6
95,host-17,5,0,14,5,0,0,0.199469,0,32000,6383,0.199469,131072,6802,0.051895,0,0,5
95,host-18,4,1,14,4,1,0,0.212438,0,32000,6798,0.212438,131072,5641,0.043037,0,1,3
95,host-19,5,0,14,5,0,0,0.204187,0,32000,6534,0.204187,131072,6987,0.053307,0,0,5
95,host-2,4,1,14,4,1,0,0.184812,0,32000,5914,0.184812,131072,6145,0.046883,0,1,3
95,host-20,3,0,14,3,0,0,0.191500,0,32000,6128,0.191500,131072,6127,0.046745,0,0,3
95,host-21,4,0,14,4,0,0,0.206531,0,32000,6609,0.206531,131072,6378,0.048660,0,0,4
95,host-22,6,2,14,6,2,0,0.223625,0,32000,7156,0.223625,131072,7233,0.055183,1,1,4
95,host-23,4,0,14,4,0,0,0.184000,0,32000,5888,0.184000,131072,5634,0.042984,0,0,4
95,host-24,5,0,14,5,0,0,0.237094,0,32000,7587,0.237094,131072,7855,0.059929,0,0,5
95,host-3,4,1,14,4,1,0,0.197531,0,32000,6321,0.197531,131072,6684,0.050995,0,1,3
95,host-4,5,0,14,5,0,0,0.249844,0,32000,7995,0.249844,131072,7571,0.057762,0,0,5
95,host-5,4,0,14,4,0,0,0.235219,0,32000,7527,0.235219,131072,8328,0.063538,0,0,4
95,host-6,5,0,14,5,0,0,0.203281,0,32000,6505,0.203281,131072,5319,0.040581,0,0,5
95,host-7,3,0,14,3,0,0,0.197875,0,32000,6332,0.197875,131072,7918,0.060410,0,0,3
95,host-8,3,0,14,3,0,0,0.201969,0,32000,6463,0.201969,131072,7545,0.057564,0,0,3
95,host-9,5,0,14,5,0,0,0.222469,0,32000,7119,0.222469,131072,7095,0.054131,0,0,5
96,host-1,5,0,14,5,0,0,0.232594,0,32000,7443,0.232594,131072,6818,0.052017,0,0,5
96,host-10,4,0,14,4,0,0,0.188719,0,32000,6039,0.188719,131072,5543,0.042290,0,0,4
96,host-11,5,0,14,5,0,0,0.227875,0,32000,7292,0.227875,131072,6291,0.047997,0,0,5
96,host-12,5,1,14,5,1,0,0.230063,0,32000,7362,0.230063,131072,7170,0.054703,1,0,4
96,host-13,4,0,14,4,0,0,0.230719,0,32000,7383,0.230719,131072,6203,0.047325,0,0,4
96,host-14,4,1,14,4,1,0,0.223094,0,32000,7139,0.223094,131072,6681,0.050972,1,0,3
96,host-15,5,0,14,5,0,0,0.186625,0,32000,5972,0.186625,131072,5276,0.040253,0,0,5
96,host-16,6,0,14,6,0,0,0.226937,0,32000,7262,0.226937,131072,7799,0.059502,0,0,6
96,host-17,5,0,14,5,0,0,0.199469,0,32000,6383,0.199469,131072,6802,0.051895,0,0,5
96,host-18,4,1,14,4,1,0,0.212438,0,32000,6798,0.212438,131072,5641,0.043037,0,1,3
96,host-19,5,0,14,5,0,0,0.204187,0,32000,6534,0.204187,131072,6987,0.053307,0,0,5
96,host-2,4,0,14,4,0,0,0.184812,0,32000,5914,0.184812,131072,6145,0.046883,0,0,4
96,host-20,3,0,14,3,0,0,0.191500,0,32000,6128,0.191500,131072,6127,0.046745,0,0,3
96,host-21,4,0,14,4,0,0,0.206531,0,32000,6609,0.206531,131072,6378,0.048660,0,0,4
96,host-22,6,0,14,6,0,0,0.223625,0,32000,7156,0.223625,131072,7233,0.055183,0,0,6
96,host-23,5,1,14,5,1,0,0.232469,0,32000,7439,0.232469,131072,7865,0.060005,1,0,4
96,host-24,5,0,14,5,0,0,0.237094,0,32000,7587,0.237094,131072,7855,0.059929,0,0,5
96,host-3,4,1,14,4,1,0,0.197531,0,32000,6321,0.197531,131072,6684,0.050995,0,1,3
96,host-4,5,0,14,5,0,0,0.249844,0,32000,7995,0.249844,131072,7571,0.057762,0,0,5
96,host-5,4,0,14,4,0,0,0.235219,0,32000,7527,0.235219,131072,8328,0.063538,0,0,4
96,host-6,5,0,14,5,0,0,0.203281,0,32000,6505,0.203281,131072,5319,0.040581,0,0,5
96,host-7,3,0,14,3,0,0,0.197875,0,32000,6332,0.197875,131072,7918,0.060410,0,0,3
96,host-8,3,0,14,3,0,0,0.201969,0,32000,6463,0.201969,131072,7545,0.057564,0,0,3
96,host-9,5,1,14,5,1,0,0.222469,0,32000,7119,0.222469,131072,7095,0.054131,0,1,4
97,host-1,5,0,14,5,0,0,0.232594,0,32000,7443,0.232594,131072,6818,0.052017,0,0,5
97,host-10,4,0,14,4,0,0,0.188719,0,32000,6039,0.188719,131072,5543,0.042290,0,0,4
97,host-11,5,0,14,5,0,0,0.227875,0,32000,7292,0.227875,131072,6291,0.047997,0,0,5
97,host-12,5,1,14,5,1,0,0.230063,0,32000,7362,0.230063,131072,7170,0.054703,0,1,4
97,host-13,4,0,14,4,0,0,0.230719,0,32000,7383,0.230719,131072,6203,0.047325,0,0,4
97,host-14,4,1,14,4,1,0,0.223094,0,32000,7139,0.223094,131072,6681,0.050972,0,1,3
97,host-15,5,0,14,5,0,0,0.186625,0,32000,5972,0.186625,131072,5276,0.040253,0,0,5
97,host-16,6,0,14,6,0,0,0.226937,0,32000,7262,0.226937,131072,7799,0.059502,0,0,6
97,host-17,5,0,14,5,0,0,0.199469,0,32000,6383,0.199469,131072,6802,0.051895,0,0,5
97,host-18,4,0,14,4,0,0,0.212438,0,32000,6798,0.212438,131072,5641,0.043037,0,0,4
97,host-19,5,0,14,5,0,0,0.204187,0,32000,6534,0.204187,131072,6987,0.053307,0,0,5
97,host-2,4,0,14,4,0,0,0.184812,0,32000,5914,0.184812,131072,6145,0.046883,0,0,4
97,host-20,3,0,14,3,0,0,0.191500,0,32000,6128,0.191500,131072,6127,0.046745,0,0,3
97,host-21,4,0,14,4,0,0,0.206531,0,32000,6609,0.206531,131072,6378,0.048660,0,0,4
97,host-22,6,0,14,6,0,0,0.223625,0,32000,7156,0.223625,131072,7233,0.055183,0,0,6
97,host-23,5,0,14,5,0,0,0.232469,0,32000,7439,0.232469,131072,7865,0.060005,0,0,5
97,host-24,5,0,14,5,0,0,0.237094,0,32000,7587,0.237094,131072,7855,0.059929,0,0,5
97,host-3,4,0,14,4,0,0,0.197531,0,32000,6321,0.197531,131072,6684,0.050995,0,0,4
97,host-4,4,0,14,4,0,0,0.196969,0,32000,6303,0.196969,131072,5549,0.042336,0,0,4
97,host-5,4,0,14,4,0,0,0.235219,0,32000,7527,0.235219,131072,8328,0.063538,0,0,4
97,host-6,5,0,14,5,0,0,0.203281,0,32000,6505,0.203281,131072,5319,0.040581,0,0,5
97,host-7,3,1,14,3,1,0,0.197875,0,32000,6332,0.197875,131072,7918,0.060410,0,1,2
97,host-8,3,0,14,3,0,0,0.201969,0,32000,6463,0.201969,131072,7545,0.057564,0,0,3
97,host-9,5,0,14,5,0,0,0.222469,0,32000,7119,0.222469,131072,7095,0.054131,0,0,5
98,host-1,5,1,14,5,1,0,0.232594,0,32000,7443,0.232594,131072,6818,0.052017,0,1,4
98,host-10,3,0,14,3,0,0,0.154812,0,32000,4954,0.154812,131072,4673,0.035652,0,0,3
98,host-11,5,0,14,5,0,0,0.227875,0,32000,7292,0.227875,131072,6291,0.047997,0,0,5
98,host-12,5,0,14,5,0,0,0.230063,0,32000,7362,0.230063,131072,7170,0.054703,0,0,5
98,host-13,4,0,14,4,0,0,0.230719,0,32000,7383,0.230719,131072,6203,0.047325,0,0,4
98,host-14,4,0,14,4,0,0,0.223094,0,32000,7139,0.223094,131072,6681,0.050972,0,0,4
98,host-15,5,0,14,5,0,0,0.186625,0,32000,5972,0.186625,131072,5276,0.040253,0,0,5
98,host-16,6,0,14,6,0,0,0.226937,0,32000,7262,0.226937,131072,7799,0.059502,0,0,6
98,host-17,5,1,14,5,1,0,0.199469,0,32000,6383,0.199469,131072,6802,0.051895,0,1,4
98,host-18,4,0,14,4,0,0,0.212438,0,32000,6798,0.212438,131072,5641,0.043037,0,0,4
98,host-19,5,0,14,5,0,0,0.204187,0,32000,6534,0.204187,131072,6987,0.053307,0,0,5
98,host-2,4,0,14,4,0,0,0.184812,0,32000,5914,0.184812,131072,6145,0.046883,0,0,4
98,host-20,3,0,14,3,0,0,0.191500,0,32000,6128,0.191500,131072,6127,0.046745,0,0,3
98,host-21,4,1,14,4,1,0,0.206531,0,32000,6609,0.206531,131072,6378,0.048660,0,1,3
98,host-22,5,0,14,5,0,0,0.200469,0,32000,6415,0.200469,131072,6418,0.048965,0,0,5
98,host-23,5,2,14,5,2,0,0.232469,0,32000,7439,0.232469,131072,7865,0.060005,0,2,3
98,host-24,5,0,14,5,0,0,0.237094,0,32000,7587,0.237094,131072,7855,0.059929,0,0,5
98,host-3,4,0,14,4,0,0,0.197531,0,32000,6321,0.197531,131072,6684,0.050995,0,0,4
98,host-4,4,0,14,4,0,0,0.196969,0,32000,6303,0.196969,131072,5549,0.042336,0,0,4
98,host-5,4,0,14,4,0,0,0.235219,0,32000,7527,0.235219,131072,8328,0.063538,0,0,4
98,host-6,5,0,14,5,0,0,0.203281,0,32000,6505,0.203281,131072,5319,0.040581,0,0,5
98,host-7,3,0,14,3,0,0,0.197875,0,32000,6332,0.197875,131072,7918,0.060410,0,0,3
98,host-8,3,0,14,3,0,0,0.201969,0,32000,6463,0.201969,131072,7545,0.057564,0,0,3
98,host-9,5,0,14,5,0,0,0.222469,0,32000,7119,0.222469,131072,7095,0.054131,0,0,5
99,host-1,5,0,14,5,0,0,0.232594,0,32000,7443,0.232594,131072,6818,0.052017,0,0,5
99,host-10,3,0,14,3,0,0,0.154812,0,32000,4954,0.154812,131072,4673,0.035652,0,0,3
99,host-11,5,1,14,5,1,0,0.227875,0,32000,7292,0.227875,131072,6291,0.047997,0,1,4
99,host-12,5,0,14,5,0,0,0.230063,0,32000,7362,0.230063,131072,7170,0.054703,0,0,5
99,host-13,4,0,14,4,0,0,0.230719,0,32000,7383,0.230719,131072,6203,0.047325,0,0,4
99,host-14,4,0,14,4,0,0,0.223094,0,32000,7139,0.223094,131072,6681,0.050972,0,0,4
99,host-15,5,0,14,5,0,0,0.186625,0,32000,5972,0.186625,131072,5276,0.040253,0,0,5
99,host-16,6,0,14,6,0,0,0.226937,0,32000,7262,0.226937,131072,7799,0.059502,0,0,6
99,host-17,5,0,14,5,0,0,0.199469,0,32000,6383,0.199469,131072,6802,0.051895,0,0,5
99,host-18,4,0,14,4,0,0,0.212438,0,32000,6798,0.212438,131072,5641,0.043037,0,0,4
99,host-19,5,0,14,5,0,0,0.204187,0,32000,6534,0.204187,131072,6987,0.053307,0,0,5
99,host-2,3,0,14,3,0,0,0.131844,0,32000,4219,0.131844,131072,4013,0.030617,0,0,3
99,host-20,3,0,14,3,0,0,0.191500,0,32000,6128,0.191500,131072,6127,0.046745,0,0,3
99,host-21,4,0,14,4,0,0,0.206531,0,32000,6609,0.206531,131072,6378,0.048660,0,0,4
99,host-22,5,0,14,5,0,0,0.200469,0,32000,6415,0.200469,131072,6418,0.048965,0,0,5
99,host-23,5,0,14,5,0,0,0.232469,0,32000,7439,0.232469,131072,7865,0.060005,0,0,5
99,host-24,5,0,14,5,0,0,0.237094,0,32000,7587,0.237094,131072,7855,0.059929,0,0,5
99,host-3,4,0,14,4,0,0,0.197531,0,32000,6321,0.197531,131072,6684,0.050995,0,0,4
99,host-4,4,0,14,4,0,0,0.196969,0,32000,6303,0.196969,131072,5549,0.042336,0,0,4
99,host-5,4,0,14,4,0,0,0.235219,0,32000,7527,0.235219,131072,8328,0.063538,0,0,4
99,host-6,5,1,14,5,1,0,0.203281,0,32000,6505,0.203281,131072,5319,0.040581,0,1,4
99,host-7,3,0,14,3,0,0,0.197875,0,32000,6332,0.197875,131072,7918,0.060410,0,0,3
99,host-8,3,0,14,3,0,0,0.201969,0,32000,6463,0.201969,131072,7545,0.057564,0,0,3
99,host-9,5,0,14,5,0,0,0.222469,0,32000,7119,0.222469,131072,7095,0.054131,0,0,5
100,host-1,5,2,14,5,2,0,0.232594,0,32000,7443,0.232594,131072,6818,0.052017,0,2,3
100,host-10,3,0,14,3,0,0,0.154812,0,32000,4954,0.154812,131072,4673,0.035652,0,0,3
100,host-11,5,0,14,5,0,0,0.227875,0,32000,7292,0.227875,131072,6291,0.047997,0,0,5
100,host-12,5,0,14,5,0,0,0.230063,0,32000,7362,0.230063,131072,7170,0.054703,0,0,5
100,host-13,4,1,14,4,1,0,0.230719,0,32000,7383,0.230719,131072,6203,0.047325,0,1,3
100,host-14,4,0,14,4,0,0,0.223094,0,32000,7139,0.223094,131072,6681,0.050972,0,0,4
100,host-15,5,0,14,5,0,0,0.186625,0,32000,5972,0.186625,131072,5276,0.040253,0,0,5
100,host-16,6,0,14,6,0,0,0.226937,0,32000,7262,0.226937,131072,7799,0.059502,0,0,6
100,host-17,5,0,14,5,0,0,0.199469,0,32000,6383,0.199469,131072,6802,0.051895,0,0,5
100,host-18,4,0,14,4,0,0,0.212438,0,32000,6798,0.212438,131072,5641,0.043037,0,0,4
100,host-19,5,0,14,5,0,0,0.204187,0,32000,6534,0.204187,131072,6987,0.053307,0,0,5
100,host-2,4,1,14,4,1,0,0.173219,0,32000,5543,0.173219,131072,5127,0.039116,1,0,3
100,host-20,3,0,14,3,0,0,0.191500,0,32000,6128,0.191500,131072,6127,0.046745,0,0,3
100,host-21,4,0,14,4,0,0,0.206531,0,32000,6609,0.206531,131072,6378,0.048660,0,0,4
100,host-22,5,0,14,5,0,0,0.200469,0,32000,6415,0.200469,131072,6418,0.048965,0,0,5
100,host-23,5,0,14,5,0,0,0.232469,0,32000,7439,0.232469,131072,7865,0.060005,0,0,5
100,host-24,5,0,14,5,0,0,0.237094,0,32000,7587,0.237094,131072,7855,0.059929,0,0,5
100,host-3,4,0,14,4,0,0,0.197531,0,32000,6321,0.197531,131072,6684,0.050995,0,0,4
100,host-4,4,0,14,4,0,0,0.196969,0,32000,6303,0.196969,131072,5549,0.042336,0,0,4
100,host-5,3,0,14,3,0,0,0.174750,0,32000,5592,0.174750,131072,5914,0.045120,0,0,3
100,host-6,4,0,14,4,0,0,0.165594,0,32000,5299,0.165594,131072,4492,0.034271,0,0,4
100,host-7,3,0,14,3,0,0,0.197875,0,32000,6332,0.197875,131072,7918,0.060410,0,0,3
100,host-8,3,0,14,3,0,0,0.201969,0,32000,6463,0.201969,131072,7545,0.057564,0,0,3
100,host-9,5,0,14,5,0,0,0.222469,0,32000,7119,0.222469,131072,7095,0.054131,0,0,5
101,host-1,4,0,14,4,0,0,0.194125,0,32000,6212,0.194125,131072,5516,0.042084,0,0,4
101,host-10,4,1,14,4,1,0,0.188156,0,32000,6021,0.188156,131072,5689,0.043404,1,0,3
101,host-11,5,0,14,5,0,0,0.227875,0,32000,7292,0.227875,131072,6291,0.047997,0,0,5
101,host-12,5,0,14,5,0,0,0.230063,0,32000,7362,0.230063,131072,7170,0.054703,0,0,5
101,host-13,4,0,14,4,0,0,0.230719,0,32000,7383,0.230719,131072,6203,0.047325,0,0,4
101,host-14,4,1,14,4,1,0,0.223094,0,32000,7139,0.223094,131072,6681,0.050972,0,1,3
101,host-15,5,0,14,5,0,0,0.186625,0,32000,5972,0.186625,131072,5276,0.040253,0,0,5
101,host-16,6,0,14,6,0,0,0.226937,0,32000,7262,0.226937,131072,7799,0.059502,0,0,6
101,host-17,5,0,14,5,0,0,0.199469,0,32000,6383,0.199469,131072,6802,0.051895,0,0,5
101,host-18,4,0,14,4,0,0,0.212438,0,32000,6798,0.212438,131072,5641,0.043037,0,0,4
101,host-19,5,0,14,5,0,0,0.204187,0,32000,6534,0.204187,131072,6987,0.053307,0,0,5
101,host-2,4,1,14,4,1,0,0.173219,0,32000,5543,0.173219,131072,5127,0.039116,1,0,3
101,host-20,3,0,14,3,0,0,0.191500,0,32000,6128,0.191500,131072,6127,0.046745,0,0,3
101,host-21,4,0,14,4,0,0,0.206531,0,32000,6609,0.206531,131072,6378,0.048660,0,0,4
101,host-22,5,0,14,5,0,0,0.200469,0,32000,6415,0.200469,131072,6418,0.048965,0,0,5
101,host-23,5,0,14,5,0,0,0.232469,0,32000,7439,0.232469,131072,7865,0.060005,0,0,5
101,host-24,5,0,14,5,0,0,0.237094,0,32000,7587,0.237094,131072,7855,0.059929,0,0,5
101,host-3,4,1,14,4,1,0,0.197531,0,32000,6321,0.197531,131072,6684,0.050995,0,1,3
101,host-4,4,0,14,4,0,0,0.196969,0,32000,6303,0.196969,131072,5549,0.042336,0,0,4
101,host-5,3,0,14,3,0,0,0.174750,0,32000,5592,0.174750,131072,5914,0.045120,0,0,3
101,host-6,4,0,14,4,0,0,0.165594,0,32000,5299,0.165594,131072,4492,0.034271,0,0,4
101,host-7,3,0,14,3,0,0,0.197875,0,32000,6332,0.197875,131072,7918,0.060410,0,0,3
101,host-8,3,0,14,3,0,0,0.201969,0,32000,6463,0.201969,131072,7545,0.057564,0,0,3
101,host-9,5,0,14,5,0,0,0.222469,0,32000,7119,0.222469,131072,7095,0.054131,0,0,5
102,host-1,4,0,14,4,0,0,0.194125,0,32000,6212,0.194125,131072,5516,0.042084,0,0,4
102,host-10,4,0,14,4,0,0,0.188156,0,32000,6021,0.188156,131072,5689,0.043404,0,0,4
102,host-11,5,0,14,5,0,0,0.227875,0,32000,7292,0.227875,131072,6291,0.047997,0,0,5
102,host-12,4,0,14,4,0,0,0.186000,0,32000,5952,0.186000,131072,6119,0.046684,0,0,4
102,host-13,4,0,14,4,0,0,0.230719,0,32000,7383,0.230719,131072,6203,0.047325,0,0,4
102,host-14,4,0,14,4,0,0,0.223094,0,32000,7139,0.223094,131072,6681,0.050972,0,0,4
102,host-15,5,0,14,5,0,0,0.186625,0,32000,5972,0.186625,131072,5276,0.040253,0,0,5
102,host-16,4,0,14,4,0,0,0.137844,0,32000,4411,0.137844,131072,4173,0.031837,0,0,4
102,host-17,5,0,14,5,0,0,0.199469,0,32000,6383,0.199469,131072,6802,0.051895,0,0,5
102,host-18,4,0,14,4,0,0,0.212438,0,32000,6798,0.212438,131072,5641,0.043037,0,0,4
102,host-19,5,0,14,5,0,0,0.204187,0,32000,6534,0.204187,131072,6987,0.053307,0,0,5
102,host-2,4,0,14,4,0,0,0.173219,0,32000,5543,0.173219,131072,5127,0.039116,0,0,4
102,host-20,3,0,14,3,0,0,0.191500,0,32000,6128,0.191500,131072,6127,0.046745,0,0,3
102,host-21,4,0,14,4,0,0,0.206531,0,32000,6609,0.206531,131072,6378,0.048660,0,0,4
102,host-22,5,0,14,5,0,0,0.200469,0,32000,6415,0.200469,131072,6418,0.048965,0,0,5
102,host-23,5,0,14,5,0,0,0.232469,0,32000,7439,0.232469,131072,7865,0.060005,0,0,5
102,host-24,5,0,14,5,0,0,0.237094,0,32000,7587,0.237094,131072,7855,0.059929,0,0,5
102,host-3,4,0,14,4,0,0,0.197531,0,32000,6321,0.197531,131072,6684,0.050995,0,0,4
102,host-4,4,0,14,4,0,0,0.196969,0,32000,6303,0.196969,131072,5549,0.042336,0,0,4
102,host-5,3,1,14,3,1,0,0.174750,0,32000,5592,0.174750,131072,5914,0.045120,0,1,2
102,host-6,5,1,14,5,1,0,0.230687,0,32000,7382,0.230687,131072,7246,0.055283,1,0,4
102,host-7,3,0,14,3,0,0,0.197875,0,32000,6332,0.197875,131072,7918,0.060410,0,0,3
102,host-8,3,0,14,3,0,0,0.201969,0,32000,6463,0.201969,131072,7545,0.057564,0,0,3
102,host-9,5,0,14,5,0,0,0.222469,0,32000,7119,0.222469,131072,7095,0.054131,0,0,5
103,host-1,4,0,14,4,0,0,0.194125,0,32000,6212,0.194125,131072,5516,0.042084,0,0,4
103,host-10,4,0,14,4,0,0,0.188156,0,32000,6021,0.188156,131072,5689,0.043404,0,0,4
103,host-11,5,0,14,5,0,0,0.227875,0,32000,7292,0.227875,131072,6291,0.047997,0,0,5
103,host-12,4,0,14,4,0,0,0.186000,0,32000,5952,0.186000,131072,6119,0.046684,0,0,4
103,host-13,4,0,14,4,0,0,0.230719,0,32000,7383,0.230719,131072,6203,0.047325,0,0,4
103,host-14,4,0,14,4,0,0,0.223094,0,32000,7139,0.223094,131072,6681,0.050972,0,0,4
103,host-15,5,0,14,5,0,0,0.186625,0,32000,5972,0.186625,131072,5276,0.040253,0,0,5
103,host-16,4,0,14,4,0,0,0.137844,0,32000,4411,0.137844,131072,4173,0.031837,0,0,4
103,host-17,5,0,14,5,0,0,0.199469,0,32000,6383,0.199469,131072,6802,0.051895,0,0,5
103,host-18,4,0,14,4,0,0,0.212438,0,32000,6798,0.212438,131072,5641,0.043037,0,0,4
103,host-19,4,0,14,4,0,0,0.145250,0,32000,4648,0.145250,131072,4666,0.035599,0,0,4
103,host-2,4,0,14,4,0,0,0.173219,0,32000,5543,0.173219,131072,5127,0.039116,0,0,4
103,host-20,3,0,14,3,0,0,0.191500,0,32000,6128,0.191500,131072,6127,0.046745,0,0,3
103,host-21,4,0,14,4,0,0,0.206531,0,32000,6609,0.206531,131072,6378,0.048660,0,0,4
103,host-22,4,0,14,4,0,0,0.162219,0,32000,5191,0.162219,131072,5585,0.042610,0,0,4
103,host-23,5,0,14,5,0,0,0.232469,0,32000,7439,0.232469,131072,7865,0.060005,0,0,5
103,host-24,5,1,14,5,1,0,0.237094,0,32000,7587,0.237094,131072,7855,0.059929,0,1,4
103,host-3,4,0,14,4,0,0,0.197531,0,32000,6321,0.197531,131072,6684,0.050995,0,0,4
103,host-4,4,0,14,4,0,0,0.196969,0,32000,6303,0.196969,131072,5549,0.042336,0,0,4
103,host-5,3,0,14,3,0,0,0.174750,0,32000,5592,0.174750,131072,5914,0.045120,0,0,3
103,host-6,5,1,14,5,1,0,0.230687,0,32000,7382,0.230687,131072,7246,0.055283,0,1,4
103,host-7,3,0,14,3,0,0,0.197875,0,32000,6332,0.197875,131072,7918,0.060410,0,0,3
103,host-8,3,0,14,3,0,0,0.201969,0,32000,6463,0.201969,131072,7545,0.057564,0,0,3
103,host-9,3,1,14,3,1,0,0.136156,0,32000,4357,0.136156,131072,4370,0.033340,0,1,2
104,host-1,4,0,14,4,0,0,0.194125,0,32000,6212,0.194125,131072,5516,0.042084,0,0,4
104,host-10,2,0,14,2,0,0,0.099875,0,32000,3196,0.099875,131072,3237,0.024696,0,0,2
104,host-11,5,0,14,5,0,0,0.227875,0,32000,7292,0.227875,131072,6291,0.047997,0,0,5
104,host-12,4,0,14,4,0,0,0.186000,0,32000,5952,0.186000,131072,6119,0.046684,0,0,4
104,host-13,4,0,14,4,0,0,0.230719,0,32000,7383,0.230719,131072,6203,0.047325,0,0,4
104,host-14,4,0,14,4,0,0,0.223094,0,32000,7139,0.223094,131072,6681,0.050972,0,0,4
104,host-15,5,0,14,5,0,0,0.186625,0,32000,5972,0.186625,131072,5276,0.040253,0,0,5
104,host-16,4,0,14,4,0,0,0.137844,0,32000,4411,0.137844,131072,4173,0.031837,0,0,4
104,host-17,5,0,14,5,0,0,0.199469,0,32000,6383,0.199469,131072,6802,0.051895,0,0,5
104,host-18,4,0,14,4,0,0,0.212438,0,32000,6798,0.212438,131072,5641,0.043037,0,0,4
104,host-19,4,1,14,4,1,0,0.145250,0,32000,4648,0.145250,131072,4666,0.035599,0,1,3
104,host-2,3,0,14,3,0,0,0.120094,0,32000,3843,0.120094,131072,3622,0.027634,0,0,3
104,host-20,3,0,14,3,0,0,0.191500,0,32000,6128,0.191500,131072,6127,0.046745,0,0,3
104,host-21,4,0,14,4,0,0,0.206531,0,32000,6609,0.206531,131072,6378,0.048660,0,0,4
104,host-22,4,0,14,4,0,0,0.162219,0,32000,5191,0.162219,131072,5585,0.042610,0,0,4
104,host-23,5,0,14,5,0,0,0.232469,0,32000,7439,0.232469,131072,7865,0.060005,0,0,5
104,host-24,5,0,14,5,0,0,0.237094,0,32000,7587,0.237094,131072,7855,0.059929,0,0,5
104,host-3,4,0,14,4,0,0,0.197531,0,32000,6321,0.197531,131072,6684,0.050995,0,0,4
104,host-4,4,0,14,4,0,0,0.196969,0,32000,6303,0.196969,131072,5549,0.042336,0,0,4
104,host-5,3,0,14,3,0,0,0.174750,0,32000,5592,0.174750,131072,5914,0.045120,0,0,3
104,host-6,5,0,14,5,0,0,0.230687,0,32000,7382,0.230687,131072,7246,0.055283,0,0,5
104,host-7,3,0,14,3,0,0,0.197875,0,32000,6332,0.197875,131072,7918,0.060410,0,0,3
104,host-8,3,1,14,3,1,0,0.201969,0,32000,6463,0.201969,131072,7545,0.057564,0,1,2
104,host-9,3,0,14,3,0,0,0.136156,0,32000,4357,0.136156,131072,4370,0.033340,0,0,3
105,host-1,4,0,14,4,0,0,0.194125,0,32000,6212,0.194125,131072,5516,0.042084,0,0,4
105,host-10,3,1,14,3,1,0,0.141187,0,32000,4518,0.141187,131072,4620,0.035248,1,0,2
105,host-11,5,0,14,5,0,0,0.227875,0,32000,7292,0.227875,131072,6291,0.047997,0,0,5
105,host-12,3,1,14,3,1,0,0.145156,0,32000,4645,0.145156,131072,5050,0.038528,1,0,2
105,host-13,4,0,14,4,0,0,0.230719,0,32000,7383,0.230719,131072,6203,0.047325,0,0,4
105,host-14,4,0,14,4,0,0,0.223094,0,32000,7139,0.223094,131072,6681,0.050972,0,0,4
105,host-15,5,0,14,5,0,0,0.186625,0,32000,5972,0.186625,131072,5276,0.040253,0,0,5
105,host-16,4,0,14,4,0,0,0.137844,0,32000,4411,0.137844,131072,4173,0.031837,0,0,4
105,host-17,5,0,14,5,0,0,0.199469,0,32000,6383,0.199469,131072,6802,0.051895,0,0,5
105,host-18,4,0,14,4,0,0,0.212438,0,32000,6798,0.212438,131072,5641,0.043037,0,0,4
105,host-19,4,0,14,4,0,0,0.145250,0,32000,4648,0.145250,131072,4666,0.035599,0,0,4
105,host-2,3,0,14,3,0,0,0.120094,0,32000,3843,0.120094,131072,3622,0.027634,0,0,3
105,host-20,3,0,14,3,0,0,0.191500,0,32000,6128,0.191500,131072,6127,0.046745,0,0,3
105,host-21,4,0,14,4,0,0,0.206531,0,32000,6609,0.206531,131072,6378,0.048660,0,0,4
105,host-22,4,0,14,4,0,0,0.162219,0,32000,5191,0.162219,131072,5585,0.042610,0,0,4
105,host-23,5,0,14,5,0,0,0.232469,0,32000,7439,0.232469,131072,7865,0.060005,0,0,5
105,host-24,5,0,14,5,0,0,0.237094,0,32000,7587,0.237094,131072,7855,0.059929,0,0,5
105,host-3,4,0,14,4,0,0,0.197531,0,32000,6321,0.197531,131072,6684,0.050995,0,0,4
105,host-4,4,0,14,4,0,0,0.196969,0,32000,6303,0.196969,131072,5549,0.042336,0,0,4
105,host-5,3,0,14,3,0,0,0.174750,0,32000,5592,0.174750,131072,5914,0.045120,0,0,3
105,host-6,5,1,14,5,1,0,0.230687,0,32000,7382,0.230687,131072,7246,0.055283,0,1,4
105,host-7,3,0,14,3,0,0,0.197875,0,32000,6332,0.197875,131072,7918,0.060410,0,0,3
105,host-8,3,0,14,3,0,0,0.201969,0,32000,6463,0.201969,131072,7545,0.057564,0,0,3
105,host-9,3,0,14,3,0,0,0.136156,0,32000,4357,0.136156,131072,4370,0.033340,0,0,3
106,host-1,4,0,14,4,0,0,0.194125,0,32000,6212,0.194125,131072,5516,0.042084,0,0,4
106,host-10,3,0,14,3,0,0,0.141187,0,32000,4518,0.141187,131072,4620,0.035248,0,0,3
106,host-11,5,0,14,5,0,0,0.227875,0,32000,7292,0.227875,131072,6291,0.047997,0,0,5
106,host-12,3,1,14,3,1,0,0.145156,0,32000,4645,0.145156,131072,5050,0.038528,1,0,2
106,host-13,4,0,14,4,0,0,0.230719,0,32000,7383,0.230719,131072,6203,0.047325,0,0,4
106,host-14,4,0,14,4,0,0,0.223094,0,32000,7139,0.223094,131072,6681,0.050972,0,0,4
106,host-15,5,0,14,5,0,0,0.186625,0,32000,5972,0.186625,131072,5276,0.040253,0,0,5
106,host-16,4,0,14,4,0,0,0.137844,0,32000,4411,0.137844,131072,4173,0.031837,0,0,4
106,host-17,5,1,14,5,1,0,0.199469,0,32000,6383,0.199469,131072,6802,0.051895,0,1,4
106,host-18,4,0,14,4,0,0,0.212438,0,32000,6798,0.212438,131072,5641,0.043037,0,0,4
106,host-19,4,0,14,4,0,0,0.145250,0,32000,4648,0.145250,131072,4666,0.035599,0,0,4
106,host-2,4,1,14,4,1,0,0.175031,0,32000,5601,0.175031,131072,5440,0.041504,1,0,3
106,host-20,3,0,14,3,0,0,0.191500,0,32000,6128,0.191500,131072,6127,0.046745,0,0,3
106,host-21,4,0,14,4,0,0,0.206531,0,32000,6609,0.206531,131072,6378,0.048660,0,0,4
106,host-22,4,0,14,4,0,0,0.162219,0,32000,5191,0.162219,131072,5585,0.042610,0,0,4
106,host-23,5,0,14,5,0,0,0.232469,0,32000,7439,0.232469,131072,7865,0.060005,0,0,5
106,host-24,5,0,14,5,0,0,0.237094,0,32000,7587,0.237094,131072,7855,0.059929,0,0,5
106,host-3,4,0,14,4,0,0,0.197531,0,32000,6321,0.197531,131072,6684,0.050995,0,0,4
106,host-4,4,0,14,4,0,0,0.196969,0,32000,6303,0.196969,131072,5549,0.042336,0,0,4
106,host-5,3,1,14,3,1,0,0.174750,0,32000,5592,0.174750,131072,5914,0.045120,0,1,2
106,host-6,5,0,14,5,0,0,0.230687,0,32000,7382,0.230687,131072,7246,0.055283,0,0,5
106,host-7,3,0,14,3,0,0,0.197875,0,32000,6332,0.197875,131072,7918,0.060410,0,0,3
106,host-8,3,0,14,3,0,0,0.201969,0,32000,6463,0.201969,131072,7545,0.057564,0,0,3
106,host-9,3,1,14,3,1,0,0.136156,0,32000,4357,0.136156,131072,4370,0.033340,0,1,2
107,host-1,4,1,14,4,1,0,0.194125,0,32000,6212,0.194125,131072,5516,0.042084,0,1,3
107,host-10,3,0,14,3,0,0,0.141187,0,32000,4518,0.141187,131072,4620,0.035248,0,0,3
107,host-11,5,0,14,5,0,0,0.227875,0,32000,7292,0.227875,131072,6291,0.047997,0,0,5
107,host-12,3,0,14,3,0,0,0.145156,0,32000,4645,0.145156,131072,5050,0.038528,0,0,3
107,host-13,4,0,14,4,0,0,0.230719,0,32000,7383,0.230719,131072,6203,0.047325,0,0,4
107,host-14,3,0,14,3,0,0,0.178813,0,32000,5722,0.178813,131072,5361,0.040901,0,0,3
107,host-15,5,0,14,5,0,0,0.186625,0,32000,5972,0.186625,131072,5276,0.040253,0,0,5
107,host-16,4,0,14,4,0,0,0.137844,0,32000,4411,0.137844,131072,4173,0.031837,0,0,4
107,host-17,5,0,14,5,0,0,0.199469,0,32000,6383,0.199469,131072,6802,0.051895,0,0,5
107,host-18,4,0,14,4,0,0,0.212438,0,32000,6798,0.212438,131072,5641,0.043037,0,0,4
107,host-19,4,0,14,4,0,0,0.145250,0,32000,4648,0.145250,131072,4666,0.035599,0,0,4
107,host-2,4,1,14,4,1,0,0.175031,0,32000,5601,0.175031,131072,5440,0.041504,1,0,3
107,host-20,2,0,14,2,0,0,0.146719,0,32000,4695,0.146719,131072,4792,0.036560,0,0,2
107,host-21,4,1,14,4,1,0,0.206531,0,32000,6609,0.206531,131072,6378,0.048660,0,1,3
107,host-22,4,1,14,4,1,0,0.162219,0,32000,5191,0.162219,131072,5585,0.042610,0,1,3
107,host-23,5,1,14,5,1,0,0.232469,0,32000,7439,0.232469,131072,7865,0.060005,0,1,4
107,host-24,5,0,14,5,0,0,0.237094,0,32000,7587,0.237094,131072,7855,0.059929,0,0,5
107,host-3,4,0,14,4,0,0,0.197531,0,32000,6321,0.197531,131072,6684,0.050995,0,0,4
107,host-4,4,0,14,4,0,0,0.196969,0,32000,6303,0.196969,131072,5549,0.042336,0,0,4
107,host-5,3,0,14,3,0,0,0.174750,0,32000,5592,0.174750,131072,5914,0.045120,0,0,3
107,host-6,5,0,14,5,0,0,0.230687,0,32000,7382,0.230687,131072,7246,0.055283,0,0,5
107,host-7,3,0,14,3,0,0,0.197875,0,32000,6332,0.197875,131072,7918,0.060410,0,0,3
107,host-8,3,1,14,3,1,0,0.201969,0,32000,6463,0.201969,131072,7545,0.057564,0,1,2
107,host-9,4,1,14,4,1,0,0.179281,0,32000,5737,0.179281,131072,5619,0.042870,1,0,3
108,host-1,4,0,14,4,0,0,0.194125,0,32000,6212,0.194125,131072,5516,0.042084,0,0,4
108,host-10,4,1,14,4,1,0,0.182469,0,32000,5839,0.182469,131072,6241,0.047615,1,0,3
108,host-11,5,0,14,5,0,0,0.227875,0,32000,7292,0.227875,131072,6291,0.047997,0,0,5
108,host-12,4,1,14,4,1,0,0.204094,0,32000,6531,0.204094,131072,7371,0.056236,1,0,3
108,host-13,4,0,14,4,0,0,0.230719,0,32000,7383,0.230719,131072,6203,0.047325,0,0,4
108,host-14,3,0,14,3,0,0,0.178813,0,32000,5722,0.178813,131072,5361,0.040901,0,0,3
108,host-15,5,1,14,5,1,0,0.193312,0,32000,6186,0.193312,131072,5180,0.039520,1,0,4
108,host-16,5,1,14,5,1,0,0.180656,0,32000,5781,0.180656,131072,5370,0.040970,1,0,4
108,host-17,5,0,14,5,0,0,0.199469,0,32000,6383,0.199469,131072,6802,0.051895,0,0,5
108,host-18,4,0,14,4,0,0,0.212438,0,32000,6798,0.212438,131072,5641,0.043037,0,0,4
108,host-19,5,1,14,5,1,0,0.183500,0,32000,5872,0.183500,131072,5499,0.041954,1,0,4
108,host-2,4,0,14,4,0,0,0.175031,0,32000,5601,0.175031,131072,5440,0.041504,0,0,4
108,host-20,2,0,14,2,0,0,0.146719,0,32000,4695,0.146719,131072,4792,0.036560,0,0,2
108,host-21,4,0,14,4,0,0,0.206531,0,32000,6609,0.206531,131072,6378,0.048660,0,0,4
108,host-22,4,0,14,4,0,0,0.162219,0,32000,5191,0.162219,131072,5585,0.042610,0,0,4
108,host-23,5,0,14,5,0,0,0.232469,0,32000,7439,0.232469,131072,7865,0.060005,0,0,5
108,host-24,5,0,14,5,0,0,0.237094,0,32000,7587,0.237094,131072,7855,0.059929,0,0,5
108,host-3,4,0,14,4,0,0,0.197531,0,32000,6321,0.197531,131072,6684,0.050995,0,0,4
108,host-4,4,0,14,4,0,0,0.196969,0,32000,6303,0.196969,131072,5549,0.042336,0,0,4
108,host-5,3,0,14,3,0,0,0.174750,0,32000,5592,0.174750,131072,5914,0.045120,0,0,3
108,host-6,5,1,14,5,1,0,0.230687,0,32000,7382,0.230687,131072,7246,0.055283,0,1,4
108,host-7,3,1,14,3,1,0,0.197875,0,32000,6332,0.197875,131072,7918,0.060410,0,1,2
108,host-8,3,0,14,3,0,0,0.201969,0,32000,6463,0.201969,131072,7545,0.057564,0,0,3
108,host-9,4,0,14,4,0,0,0.179281,0,32000,5737,0.179281,131072,5619,0.042870,0,0,4
109,host-1,4,0,14,4,0,0,0.194125,0,32000,6212,0.194125,131072,5516,0.042084,0,0,4
109,host-10,4,1,14,4,1,0,0.182469,0,32000,5839,0.182469,131072,6241,0.047615,1,0,3
109,host-11,5,0,14,5,0,0,0.227875,0,32000,7292,0.227875,131072,6291,0.047997,0,0,5
109,host-12,4,0,14,4,0,0,0.204094,0,32000,6531,0.204094,131072,7371,0.056236,0,0,4
109,host-13,4,0,14,4,0,0,0.230719,0,32000,7383,0.230719,131072,6203,0.047325,0,0,4
109,host-14,3,0,14,3,0,0,0.178813,0,32000,5722,0.178813,131072,5361,0.040901,0,0,3
109,host-15,5,0,14,5,0,0,0.193312,0,32000,6186,0.193312,131072,5180,0.039520,0,0,5
109,host-16,5,1,14,5,1,0,0.180656,0,32000,5781,0.180656,131072,5370,0.040970,1,0,4
109,host-17,5,0,14,5,0,0,0.199469,0,32000,6383,0.199469,131072,6802,0.051895,0,0,5
109,host-18,4,0,14,4,0,0,0.212438,0,32000,6798,0.212438,131072,5641,0.043037,0,0,4
109,host-19,5,0,14,5,0,0,0.183500,0,32000,5872,0.183500,131072,5499,0.041954,0,0,5
109,host-2,4,0,14,4,0,0,0.175031,0,32000,5601,0.175031,131072,5440,0.041504,0,0,4
109,host-20,3,1,14,3,1,0,0.190000,0,32000,6080,0.190000,131072,5870,0.044785,1,0,2
109,host-21,4,0,14,4,0,0,0.206531,0,32000,6609,0.206531,131072,6378,0.048660,0,0,4
109,host-22,4,0,14,4,0,0,0.162219,0,32000,5191,0.162219,131072,5585,0.042610,0,0,4
109,host-23,5,0,14,5,0,0,0.232469,0,32000,7439,0.232469,131072,7865,0.060005,0,0,5
109,host-24,5,0,14,5,0,0,0.237094,0,32000,7587,0.237094,131072,7855,0.059929,0,0,5
109,host-3,4,0,14,4,0,0,0.197531,0,32000,6321,0.197531,131072,6684,0.050995,0,0,4
109,host-4,4,1,14,4,1,0,0.196969,0,32000,6303,0.196969,131072,5549,0.042336,0,1,3
109,host-5,3,0,14,3,0,0,0.174750,0,32000,5592,0.174750,131072,5914,0.045120,0,0,3
109,host-6,5,1,14,5,1,0,0.230687,0,32000,7382,0.230687,131072,7246,0.055283,0,1,4
109,host-7,3,0,14,3,0,0,0.197875,0,32000,6332,0.197875,131072,7918,0.060410,0,0,3
109,host-8,3,0,14,3,0,0,0.201969,0,32000,6463,0.201969,131072,7545,0.057564,0,0,3
109,host-9,4,0,14,4,0,0,0.179281,0,32000,5737,0.179281,131072,5619,0.042870,0,0,4
110,host-1,4,0,14,4,0,0,0.194125,0,32000,6212,0.194125,131072,5516,0.042084,0,0,4
110,host-10,4,0,14,4,0,0,0.182469,0,32000,5839,0.182469,131072,6241,0.047615,0,0,4
110,host-11,5,0,14,5,0,0,0.227875,0,32000,7292,0.227875,131072,6291,0.047997,0,0,5
110,host-12,4,0,14,4,0,0,0.204094,0,32000,6531,0.204094,131072,7371,0.056236,0,0,4
110,host-13,4,1,14,4,1,0,0.230719,0,32000,7383,0.230719,131072,6203,0.047325,0,1,3
110,host-14,3,0,14,3,0,0,0.178813,0,32000,5722,0.178813,131072,5361,0.040901,0,0,3
110,host-15,5,0,14,5,0,0,0.193312,0,32000,6186,0.193312,131072,5180,0.039520,0,0,5
110,host-16,5,0,14,5,0,0,0.180656,0,32000,5781,0.180656,131072,5370,0.040970,0,0,5
110,host-17,5,0,14,5,0,0,0.199469,0,32000,6383,0.199469,131072,6802,0.051895,0,0,5
110,host-18,4,0,14,4,0,0,0.212438,0,32000,6798,0.212438,131072,5641,0.043037,0,0,4
110,host-19,5,0,14,5,0,0,0.183500,0,32000,5872,0.183500,131072,5499,0.041954,0,0,5
110,host-2,4,1,14,4,1,0,0.175031,0,32000,5601,0.175031,131072,5440,0.041504,0,1,3
110,host-20,3,0,14,3,0,0,0.190000,0,32000,6080,0.190000,131072,5870,0.044785,0,0,3
110,host-21,4,0,14,4,0,0,0.206531,0,32000,6609,0.206531,131072,6378,0.048660,0,0,4
110,host-22,5,1,14,5,1,0,0.197406,0,32000,6317,0.197406,131072,6501,0.049599,0,1,4
110,host-23,5,0,14,5,0,0,0.232469,0,32000,7439,0.232469,131072,7865,0.060005,0,0,5
110,host-24,5,0,14,5,0,0,0.237094,0,32000,7587,0.237094,131072,7855,0.059929,0,0,5
110,host-3,4,0,14,4,0,0,0.197531,0,32000,6321,0.197531,131072,6684,0.050995,0,0,4
110,host-4,4,0,14,4,0,0,0.196969,0,32000,6303,0.196969,131072,5549,0.042336,0,0,4
110,host-5,3,1,14,3,1,0,0.174750,0,32000,5592,0.174750,131072,5914,0.045120,0,1,2
110,host-6,5,1,14,5,1,0,0.230687,0,32000,7382,0.230687,131072,7246,0.055283,0,1,4
110,host-7,3,0,14,3,0,0,0.197875,0,32000,6332,0.197875,131072,7918,0.060410,0,0,3
110,host-8,3,0,14,3,0,0,0.201969,0,32000,6463,0.201969,131072,7545,0.057564,0,0,3
110,host-9,4,0,14,4,0,0,0.179281,0,32000,5737,0.179281,131072,5619,0.042870,0,0,4
111,host-1,4,0,14,4,0,0,0.194125,0,32000,6212,0.194125,131072,5516,0.042084,0,0,4
111,host-10,4,0,14,4,0,0,0.182469,0,32000,5839,0.182469,131072,6241,0.047615,0,0,4
111,host-11,5,0,14,5,0,0,0.227875,0,32000,7292,0.227875,131072,6291,0.047997,0,0,5
111,host-12,4,0,14,4,0,0,0.204094,0,32000,6531,0.204094,131072,7371,0.056236,0,0,4
111,host-13,4,0,14,4,0,0,0.230719,0,32000,7383,0.230719,131072,6203,0.047325,0,0,4
111,host-14,4,1,14,4,1,0,0.225000,0,32000,7200,0.225000,131072,6967,0.053154,1,0,3
111,host-15,5,0,14,5,0,0,0.193312,0,32000,6186,0.193312,131072,5180,0.039520,0,0,5
111,host-16,5,0,14,5,0,0,0.180656,0,32000,5781,0.180656,131072,5370,0.040970,0,0,5
111,host-17,5,0,14,5,0,0,0.199469,0,32000,6383,0.199469,131072,6802,0.051895,0,0,5
111,host-18,4,1,14,4,1,0,0.212438,0,32000,6798,0.212438,131072,5641,0.043037,0,1,3
111,host-19,5,0,14,5,0,0,0.183500,0,32000,5872,0.183500,131072,5499,0.041954,0,0,5
111,host-2,5,1,14,5,1,0,0.238219,0,32000,7623,0.238219,131072,7709,0.058815,1,0,4
111,host-20,3,0,14,3,0,0,0.190000,0,32000,6080,0.190000,131072,5870,0.044785,0,0,3
111,host-21,4,0,14,4,0,0,0.206531,0,32000,6609,0.206531,131072,6378,0.048660,0,0,4
111,host-22,5,1,14,5,1,0,0.223094,0,32000,7139,0.223094,131072,6486,0.049484,1,0,4
111,host-23,5,0,14,5,0,0,0.232469,0,32000,7439,0.232469,131072,7865,0.060005,0,0,5
111,host-24,5,0,14,5,0,0,0.237094,0,32000,7587,0.237094,131072,7855,0.059929,0,0,5
111,host-3,4,0,14,4,0,0,0.197531,0,32000,6321,0.197531,131072,6684,0.050995,0,0,4
111,host-4,4,0,14,4,0,0,0.196969,0,32000,6303,0.196969,131072,5549,0.042336,0,0,4
111,host-5,4,2,14,4,2,0,0.212438,0,32000,6798,0.212438,131072,7420,0.056610,1,1,2
111,host-6,5,1,14,5,1,0,0.230687,0,32000,7382,0.230687,131072,7246,0.055283,0,1,4
111,host-7,3,0,14,3,0,0,0.197875,0,32000,6332,0.197875,131072,7918,0.060410,0,0,3
111,host-8,3,1,14,3,1,0,0.201969,0,32000,6463,0.201969,131072,7545,0.057564,0,1,2
111,host-9,4,0,14,4,0,0,0.179281,0,32000,5737,0.179281,131072,5619,0.042870,0,0,4
112,host-1,4,0,14,4,0,0,0.194125,0,32000,6212,0.194125,131072,5516,0.042084,0,0,4
112,host-10,4,0,14,4,0,0,0.182469,0,32000,5839,0.182469,131072,6241,0.047615,0,0,4
112,host-11,4,0,14,4,0,0,0.187625,0,32000,6004,0.187625,131072,5008,0.038208,0,0,4
112,host-12,4,0,14,4,0,0,0.204094,0,32000,6531,0.204094,131072,7371,0.056236,0,0,4
112,host-13,4,0,14,4,0,0,0.230719,0,32000,7383,0.230719,131072,6203,0.047325,0,0,4
112,host-14,4,1,14,4,1,0,0.225000,0,32000,7200,0.225000,131072,6967,0.053154,1,0,3
112,host-15,5,0,14,5,0,0,0.193312,0,32000,6186,0.193312,131072,5180,0.039520,0,0,5
112,host-16,5,0,14,5,0,0,0.180656,0,32000,5781,0.180656,131072,5370,0.040970,0,0,5
112,host-17,5,0,14,5,0,0,0.199469,0,32000,6383,0.199469,131072,6802,0.051895,0,0,5
112,host-18,4,0,14,4,0,0,0.212438,0,32000,6798,0.212438,131072,5641,0.043037,0,0,4
112,host-19,5,0,14,5,0,0,0.183500,0,32000,5872,0.183500,131072,5499,0.041954,0,0,5
112,host-2,5,1,14,5,1,0,0.238219,0,32000,7623,0.238219,131072,7709,0.058815,0,1,4
112,host-20,3,0,14,3,0,0,0.190000,0,32000,6080,0.190000,131072,5870,0.044785,0,0,3
112,host-21,4,0,14,4,0,0,0.206531,0,32000,6609,0.206531,131072,6378,0.048660,0,0,4
112,host-22,5,1,14,5,1,0,0.223094,0,32000,7139,0.223094,131072,6486,0.049484,1,0,4
112,host-23,5,0,14,5,0,0,0.232469,0,32000,7439,0.232469,131072,7865,0.060005,0,0,5
112,host-24,5,0,14,5,0,0,0.237094,0,32000,7587,0.237094,131072,7855,0.059929,0,0,5
112,host-3,4,0,14,4,0,0,0.197531,0,32000,6321,0.197531,131072,6684,0.050995,0,0,4
112,host-4,4,0,14,4,0,0,0.196969,0,32000,6303,0.196969,131072,5549,0.042336,0,0,4
112,host-5,4,0,14,4,0,0,0.212438,0,32000,6798,0.212438,131072,7420,0.056610,0,0,4
112,host-6,5,1,14,5,1,0,0.230687,0,32000,7382,0.230687,131072,7246,0.055283,0,1,4
112,host-7,3,1,14,3,1,0,0.197875,0,32000,6332,0.197875,131072,7918,0.060410,0,1,2
112,host-8,3,0,14,3,0,0,0.201969,0,32000,6463,0.201969,131072,7545,0.057564,0,0,3
112,host-9,5,1,14,5,1,0,0.249500,0,32000,7984,0.249500,131072,7528,0.057434,1,0,4
113,host-1,4,0,14,4,0,0,0.194125,0,32000,6212,0.194125,131072,5516,0.042084,0,0,4
113,host-10,5,1,14,5,1,0,0.225781,0,32000,7225,0.225781,131072,7877,0.060097,1,0,4
113,host-11,4,0,14,4,0,0,0.187625,0,32000,6004,0.187625,131072,5008,0.038208,0,0,4
113,host-12,4,0,14,4,0,0,0.204094,0,32000,6531,0.204094,131072,7371,0.056236,0,0,4
113,host-13,4,0,14,4,0,0,0.230719,0,32000,7383,0.230719,131072,6203,0.047325,0,0,4
113,host-14,4,0,14,4,0,0,0.225000,0,32000,7200,0.225000,131072,6967,0.053154,0,0,4
113,host-15,5,0,14,5,0,0,0.193312,0,32000,6186,0.193312,131072,5180,0.039520,0,0,5
113,host-16,6,1,14,6,1,0,0.220656,0,32000,7061,0.220656,131072,5970,0.045547,1,0,5
113,host-17,5,0,14,5,0,0,0.199469,0,32000,6383,0.199469,131072,6802,0.051895,0,0,5
113,host-18,4,0,14,4,0,0,0.212438,0,32000,6798,0.212438,131072,5641,0.043037,0,0,4
113,host-19,5,1,14,5,1,0,0.183500,0,32000,5872,0.183500,131072,5499,0.041954,0,1,4
113,host-2,5,0,14,5,0,0,0.238219,0,32000,7623,0.238219,131072,7709,0.058815,0,0,5
113,host-20,2,0,14,2,0,0,0.117062,0,32000,3746,0.117062,131072,3684,0.028107,0,0,2
113,host-21,4,0,14,4,0,0,0.206531,0,32000,6609,0.206531,131072,6378,0.048660,0,0,4
113,host-22,5,0,14,5,0,0,0.223094,0,32000,7139,0.223094,131072,6486,0.049484,0,0,5
113,host-23,5,0,14,5,0,0,0.232469,0,32000,7439,0.232469,131072,7865,0.060005,0,0,5
113,host-24,5,0,14,5,0,0,0.237094,0,32000,7587,0.237094,131072,7855,0.059929,0,0,5
113,host-3,4,1,14,4,1,0,0.197531,0,32000,6321,0.197531,131072,6684,0.050995,0,1,3
113,host-4,4,0,14,4,0,0,0.196969,0,32000,6303,0.196969,131072,5549,0.042336,0,0,4
113,host-5,4,0,14,4,0,0,0.212438,0,32000,6798,0.212438,131072,7420,0.056610,0,0,4
113,host-6,5,0,14,5,0,0,0.230687,0,32000,7382,0.230687,131072,7246,0.055283,0,0,5
113,host-7,3,0,14,3,0,0,0.197875,0,32000,6332,0.197875,131072,7918,0.060410,0,0,3
113,host-8,3,0,14,3,0,0,0.201969,0,32000,6463,0.201969,131072,7545,0.057564,0,0,3
113,host-9,5,0,14,5,0,0,0.249500,0,32000,7984,0.249500,131072,7528,0.057434,0,0,5
114,host-1,4,0,14,4,0,0,0.194125,0,32000,6212,0.194125,131072,5516,0.042084,0,0,4
114,host-10,5,0,14,5,0,0,0.225781,0,32000,7225,0.225781,131072,7877,0.060097,0,0,5
114,host-11,3,0,14,3,0,0,0.130125,0,32000,4164,0.130125,131072,3766,0.028732,0,0,3
114,host-12,4,0,14,4,0,0,0.204094,0,32000,6531,0.204094,131072,7371,0.056236,0,0,4
114,host-13,4,0,14,4,0,0,0.230719,0,32000,7383,0.230719,131072,6203,0.047325,0,0,4
114,host-14,4,0,14,4,0,0,0.225000,0,32000,7200,0.225000,131072,6967,0.053154,0,0,4
114,host-15,5,0,14,5,0,0,0.193312,0,32000,6186,0.193312,131072,5180,0.039520,0,0,5
114,host-16,6,0,14,6,0,0,0.220656,0,32000,7061,0.220656,131072,5970,0.045547,0,0,6
114,host-17,4,0,14,4,0,0,0.171687,0,32000,5494,0.171687,131072,6368,0.048584,0,0,4
114,host-18,4,0,14,4,0,0,0.212438,0,32000,6798,0.212438,131072,5641,0.043037,0,0,4
114,host-19,5,0,14,5,0,0,0.183500,0,32000,5872,0.183500,131072,5499,0.041954,0,0,5
114,host-2,5,1,14,5,1,0,0.238219,0,32000,7623,0.238219,131072,7709,0.058815,0,1,4
114,host-20,4,2,14,4,2,0,0.219438,0,32000,7022,0.219438,131072,7610,0.058060,2,0,2
114,host-21,4,0,14,4,0,0,0.206531,0,32000,6609,0.206531,131072,6378,0.048660,0,0,4
114,host-22,5,0,14,5,0,0,0.223094,0,32000,7139,0.223094,131072,6486,0.049484,0,0,5
114,host-23,5,0,14,5,0,0,0.232469,0,32000,7439,0.232469,131072,7865,0.060005,0,0,5
114,host-24,5,0,14,5,0,0,0.237094,0,32000,7587,0.237094,131072,7855,0.059929,0,0,5
114,host-3,4,0,14,4,0,0,0.197531,0,32000,6321,0.197531,131072,6684,0.050995,0,0,4
114,host-4,4,0,14,4,0,0,0.196969,0,32000,6303,0.196969,131072,5549,0.042336,0,0,4
114,host-5,4,0,14,4,0,0,0.212438,0,32000,6798,0.212438,131072,7420,0.056610,0,0,4
114,host-6,5,0,14,5,0,0,0.230687,0,32000,7382,0.230687,131072,7246,0.055283,0,0,5
114,host-7,3,0,14,3,0,0,0.197875,0,32000,6332,0.197875,131072,7918,0.060410,0,0,3
114,host-8,2,0,14,2,0,0,0.137781,0,32000,4409,0.137781,131072,4952,0.037781,0,0,2
114,host-9,5,1,14,5,1,0,0.249500,0,32000,7984,0.249500,131072,7528,0.057434,0,1,4
115,host-1,4,0,14,4,0,0,0.194125,0,32000,6212,0.194125,131072,5516,0.042084,0,0,4
115,host-10,5,0,14,5,0,0,0.225781,0,32000,7225,0.225781,131072,7877,0.060097,0,0,5
115,host-11,3,0,14,3,0,0,0.130125,0,32000,4164,0.130125,131072,3766,0.028732,0,0,3
115,host-12,4,0,14,4,0,0,0.204094,0,32000,6531,0.204094,131072,7371,0.056236,0,0,4
115,host-13,4,0,14,4,0,0,0.230719,0,32000,7383,0.230719,131072,6203,0.047325,0,0,4
115,host-14,4,0,14,4,0,0,0.225000,0,32000,7200,0.225000,131072,6967,0.053154,0,0,4
115,host-15,5,0,14,5,0,0,0.193312,0,32000,6186,0.193312,131072,5180,0.039520,0,0,5
115,host-16,6,0,14,6,0,0,0.220656,0,32000,7061,0.220656,131072,5970,0.045547,0,0,6
115,host-17,4,1,14,4,1,0,0.171687,0,32000,5494,0.171687,131072,6368,0.048584,0,1,3
115,host-18,3,0,14,3,0,0,0.165875,0,32000,5308,0.165875,131072,4955,0.037804,0,0,3
115,host-19,5,0,14,5,0,0,0.183500,0,32000,5872,0.183500,131072,5499,0.041954,0,0,5
115,host-2,5,0,14,5,0,0,0.238219,0,32000,7623,0.238219,131072,7709,0.058815,0,0,5
115,host-20,4,1,14,4,1,0,0.219438,0,32000,7022,0.219438,131072,7610,0.058060,0,1,3
115,host-21,3,0,14,3,0,0,0.175219,0,32000,5607,0.175219,131072,5698,0.043472,0,0,3
115,host-22,5,0,14,5,0,0,0.223094,0,32000,7139,0.223094,131072,6486,0.049484,0,0,5
115,host-23,4,0,14,4,0,0,0.201156,0,32000,6437,0.201156,131072,7185,0.054817,0,0,4
115,host-24,4,0,14,4,0,0,0.164844,0,32000,5275,0.164844,131072,5878,0.044846,0,0,4
115,host-3,4,0,14,4,0,0,0.197531,0,32000,6321,0.197531,131072,6684,0.050995,0,0,4
115,host-4,4,1,14,4,1,0,0.196969,0,32000,6303,0.196969,131072,5549,0.042336,0,1,3
115,host-5,4,0,14,4,0,0,0.212438,0,32000,6798,0.212438,131072,7420,0.056610,0,0,4
115,host-6,4,0,14,4,0,0,0.202906,0,32000,6493,0.202906,131072,6812,0.051971,0,0,4
115,host-7,3,1,14,3,1,0,0.197875,0,32000,6332,0.197875,131072,7918,0.060410,0,1,2
115,host-8,2,0,14,2,0,0,0.137781,0,32000,4409,0.137781,131072,4952,0.037781,0,0,2
115,host-9,5,2,14,5,2,0,0.249500,0,32000,7984,0.249500,131072,7528,0.057434,0,2,3
116,host-1,4,0,14,4,0,0,0.194125,0,32000,6212,0.194125,131072,5516,0.042084,0,0,4
116,host-10,5,0,14,5,0,0,0.225781,0,32000,7225,0.225781,131072,7877,0.060097,0,0,5
116,host-11,4,1,14,4,1,0,0.194500,0,32000,6224,0.194500,131072,6447,0.049187,1,0,3
116,host-12,4,0,14,4,0,0,0.204094,0,32000,6531,0.204094,131072,7371,0.056236,0,0,4
116,host-13,4,0,14,4,0,0,0.230719,0,32000,7383,0.230719,131072,6203,0.047325,0,0,4
116,host-14,4,0,14,4,0,0,0.225000,0,32000,7200,0.225000,131072,6967,0.053154,0,0,4
116,host-15,5,0,14,5,0,0,0.193312,0,32000,6186,0.193312,131072,5180,0.039520,0,0,5
116,host-16,6,0,14,6,0,0,0.220656,0,32000,7061,0.220656,131072,5970,0.045547,0,0,6
116,host-17,5,2,14,5,2,0,0.210031,0,32000,6721,0.210031,131072,7568,0.057739,1,1,3
116,host-18,4,1,14,4,1,0,0.223781,0,32000,7161,0.223781,131072,6353,0.048470,1,0,3
116,host-19,5,0,14,5,0,0,0.183500,0,32000,5872,0.183500,131072,5499,0.041954,0,0,5
116,host-2,5,0,14,5,0,0,0.238219,0,32000,7623,0.238219,131072,7709,0.058815,0,0,5
116,host-20,4,0,14,4,0,0,0.219438,0,32000,7022,0.219438,131072,7610,0.058060,0,0,4
116,host-21,3,0,14,3,0,0,0.175219,0,32000,5607,0.175219,131072,5698,0.043472,0,0,3
116,host-22,4,0,14,4,0,0,0.180406,0,32000,5773,0.180406,131072,5234,0.039932,0,0,4
116,host-23,4,0,14,4,0,0,0.201156,0,32000,6437,0.201156,131072,7185,0.054817,0,0,4
116,host-24,5,1,14,5,1,0,0.211125,0,32000,6756,0.211125,131072,7124,0.054352,1,0,4
116,host-3,4,0,14,4,0,0,0.197531,0,32000,6321,0.197531,131072,6684,0.050995,0,0,4
116,host-4,4,0,14,4,0,0,0.196969,0,32000,6303,0.196969,131072,5549,0.042336,0,0,4
116,host-5,4,0,14,4,0,0,0.212438,0,32000,6798,0.212438,131072,7420,0.056610,0,0,4
116,host-6,4,0,14,4,0,0,0.202906,0,32000,6493,0.202906,131072,6812,0.051971,0,0,4
116,host-7,3,0,14,3,0,0,0.197875,0,32000,6332,0.197875,131072,7918,0.060410,0,0,3
116,host-8,3,1,14,3,1,0,0.178937,0,32000,5726,0.178937,131072,6203,0.047325,1,0,2
116,host-9,5,0,14,5,0,0,0.249500,0,32000,7984,0.249500,131072,7528,0.057434,0,0,5
117,host-1,4,0,14,4,0,0,0.194125,0,32000,6212,0.194125,131072,5516,0.042084,0,0,4
117,host-10,5,0,14,5,0,0,0.225781,0,32000,7225,0.225781,131072,7877,0.060097,0,0,5
117,host-11,4,1,14,4,1,0,0.194500,0,32000,6224,0.194500,131072,6447,0.049187,1,0,3
117,host-12,4,0,14,4,0,0,0.204094,0,32000,6531,0.204094,131072,7371,0.056236,0,0,4
117,host-13,4,0,14,4,0,0,0.230719,0,32000,7383,0.230719,131072,6203,0.047325,0,0,4
117,host-14,4,0,14,4,0,0,0.225000,0,32000,7200,0.225000,131072,6967,0.053154,0,0,4
117,host-15,5,0,14,5,0,0,0.193312,0,32000,6186,0.193312,131072,5180,0.039520,0,0,5
117,host-16,6,0,14,6,0,0,0.220656,0,32000,7061,0.220656,131072,5970,0.045547,0,0,6
117,host-17,5,1,14,5,1,0,0.210031,0,32000,6721,0.210031,131072,7568,0.057739,0,1,4
117,host-18,4,1,14,4,1,0,0.207719,0,32000,6647,0.207719,131072,5519,0.042107,1,0,3
117,host-19,5,0,14,5,0,0,0.183500,0,32000,5872,0.183500,131072,5499,0.041954,0,0,5
117,host-2,5,0,14,5,0,0,0.238219,0,32000,7623,0.238219,131072,7709,0.058815,0,0,5
117,host-20,4,0,14,4,0,0,0.219438,0,32000,7022,0.219438,131072,7610,0.058060,0,0,4
117,host-21,4,1,14,4,1,0,0.218969,0,32000,7007,0.218969,131072,6928,0.052856,1,0,3
117,host-22,4,1,14,4,1,0,0.180406,0,32000,5773,0.180406,131072,5234,0.039932,0,1,3
117,host-23,4,0,14,4,0,0,0.201156,0,32000,6437,0.201156,131072,7185,0.054817,0,0,4
117,host-24,5,0,14,5,0,0,0.211125,0,32000,6756,0.211125,131072,7124,0.054352,0,0,5
117,host-3,4,1,14,4,1,0,0.201625,0,32000,6452,0.201625,131072,6720,0.051270,1,0,3
117,host-4,4,0,14,4,0,0,0.196969,0,32000,6303,0.196969,131072,5549,0.042336,0,0,4
117,host-5,5,2,14,5,2,0,0.214094,0,32000,6851,0.214094,131072,6547,0.049950,2,0,3
117,host-6,4,0,14,4,0,0,0.202906,0,32000,6493,0.202906,131072,6812,0.051971,0,0,4
117,host-7,3,0,14,3,0,0,0.197875,0,32000,6332,0.197875,131072,7918,0.060410,0,0,3
117,host-8,4,2,14,4,2,0,0.224000,0,32000,7168,0.224000,131072,6968,0.053162,1,1,2
117,host-9,5,0,14,5,0,0,0.249500,0,32000,7984,0.249500,131072,7528,0.057434,0,0,5
118,host-1,4,0,14,4,0,0,0.194125,0,32000,6212,0.194125,131072,5516,0.042084,0,0,4
118,host-10,5,1,14,5,1,0,0.225781,0,32000,7225,0.225781,131072,7877,0.060097,0,1,4
118,host-11,4,0,14,4,0,0,0.194500,0,32000,6224,0.194500,131072,6447,0.049187,0,0,4
118,host-12,3,0,14,3,0,0,0.155562,0,32000,4978,0.155562,131072,5644,0.043060,0,0,3
118,host-13,4,0,14,4,0,0,0.230719,0,32000,7383,0.230719,131072,6203,0.047325,0,0,4
118,host-14,3,0,14,3,0,0,0.163469,0,32000,5231,0.163469,131072,4710,0.035934,0,0,3
118,host-15,6,1,14,6,1,0,0.257688,0,32000,8246,0.257688,131072,7770,0.059280,1,0,5
118,host-16,6,0,14,6,0,0,0.220656,0,32000,7061,0.220656,131072,5970,0.045547,0,0,6
118,host-17,5,0,14,5,0,0,0.210031,0,32000,6721,0.210031,131072,7568,0.057739,0,0,5
118,host-18,4,1,14,4,1,0,0.207719,0,32000,6647,0.207719,131072,5519,0.042107,0,1,3
118,host-19,6,1,14,6,1,0,0.226813,0,32000,7258,0.226813,131072,6668,0.050873,0,1,5
118,host-2,5,0,14,5,0,0,0.238219,0,32000,7623,0.238219,131072,7709,0.058815,0,0,5
118,host-20,4,0,14,4,0,0,0.219438,0,32000,7022,0.219438,131072,7610,0.058060,0,0,4
118,host-21,4,0,14,4,0,0,0.218969,0,32000,7007,0.218969,131072,6928,0.052856,0,0,4
118,host-22,5,1,14,5,1,0,0.222531,0,32000,7121,0.222531,131072,5911,0.045097,1,0,4
118,host-23,4,0,14,4,0,0,0.201156,0,32000,6437,0.201156,131072,7185,0.054817,0,0,4
118,host-24,5,0,14,5,0,0,0.211125,0,32000,6756,0.211125,131072,7124,0.054352,0,0,5
118,host-3,4,1,14,4,1,0,0.201625,0,32000,6452,0.201625,131072,6720,0.051270,1,0,3
118,host-4,4,0,14,4,0,0,0.196969,0,32000,6303,0.196969,131072,5549,0.042336,0,0,4
118,host-5,5,0,14,5,0,0,0.214094,0,32000,6851,0.214094,131072,6547,0.049950,0,0,5
118,host-6,4,1,14,4,1,0,0.202906,0,32000,6493,0.202906,131072,6812,0.051971,0,1,3
118,host-7,3,0,14,3,0,0,0.197875,0,32000,6332,0.197875,131072,7918,0.060410,0,0,3
118,host-8,4,0,14,4,0,0,0.224000,0,32000,7168,0.224000,131072,6968,0.053162,0,0,4
118,host-9,5,1,14,5,1,0,0.249500,0,32000,7984,0.249500,131072,7528,0.057434,0,1,4
119,host-1,4,0,14,4,0,0,0.194125,0,32000,6212,0.194125,131072,5516,0.042084,0,0,4
119,host-10,5,0,14,5,0,0,0.225781,0,32000,7225,0.225781,131072,7877,0.060097,0,0,5
119,host-11,4,0,14,4,0,0,0.194500,0,32000,6224,0.194500,131072,6447,0.049187,0,0,4
119,host-12,4,1,14,4,1,0,0.198250,0,32000,6344,0.198250,131072,7225,0.055122,1,0,3
119,host-13,4,0,14,4,0,0,0.230719,0,32000,7383,0.230719,131072,6203,0.047325,0,0,4
119,host-14,4,1,14,4,1,0,0.225656,0,32000,7221,0.225656,131072,6587,0.050255,1,0,3
119,host-15,6,0,14,6,0,0,0.257688,0,32000,8246,0.257688,131072,7770,0.059280,0,0,6
119,host-16,6,0,14,6,0,0,0.220656,0,32000,7061,0.220656,131072,5970,0.045547,0,0,6
119,host-17,5,0,14,5,0,0,0.210031,0,32000,6721,0.210031,131072,7568,0.057739,0,0,5
119,host-18,4,0,14,4,0,0,0.207719,0,32000,6647,0.207719,131072,5519,0.042107,0,0,4
119,host-19,6,0,14,6,0,0,0.226813,0,32000,7258,0.226813,131072,6668,0.050873,0,0,6
119,host-2,5,0,14,5,0,0,0.238219,0,32000,7623,0.238219,131072,7709,0.058815,0,0,5
119,host-20,4,0,14,4,0,0,0.219438,0,32000,7022,0.219438,131072,7610,0.058060,0,0,4
119,host-21,4,0,14,4,0,0,0.218969,0,32000,7007,0.218969,131072,6928,0.052856,0,0,4
119,host-22,5,0,14,5,0,0,0.222531,0,32000,7121,0.222531,131072,5911,0.045097,0,0,5
119,host-23,3,0,14,3,0,0,0.152688,0,32000,4886,0.152688,131072,4954,0.037796,0,0,3
119,host-24,5,1,14,5,1,0,0.211125,0,32000,6756,0.211125,131072,7124,0.054352,0,1,4
119,host-3,4,0,14,4,0,0,0.201625,0,32000,6452,0.201625,131072,6720,0.051270,0,0,4
119,host-4,4,0,14,4,0,0,0.196969,0,32000,6303,0.196969,131072,5549,0.042336,0,0,4
119,host-5,5,0,14,5,0,0,0.214094,0,32000,6851,0.214094,131072,6547,0.049950,0,0,5
119,host-6,4,0,14,4,0,0,0.202906,0,32000,6493,0.202906,131072,6812,0.051971,0,0,4
119,host-7,3,0,14,3,0,0,0.197875,0,32000,6332,0.197875,131072,7918,0.060410,0,0,3
119,host-8,4,1,14,4,1,0,0.224000,0,32000,7168,0.224000,131072,6968,0.053162,0,1,3
119,host-9,5,0,14,5,0,0,0.249500,0,32000,7984,0.249500,131072,7528,0.057434,0,0,5
120,host-1,4,0,14,4,0,0,0.194125,0,32000,6212,0.194125,131072,5516,0.042084,0,0,4
120,host-10,5,0,14,5,0,0,0.225781,0,32000,7225,0.225781,131072,7877,0.060097,0,0,5
120,host-11,4,0,14,4,0,0,0.194500,0,32000,6224,0.194500,131072,6447,0.049187,0,0,4
120,host-12,4,0,14,4,0,0,0.198250,0,32000,6344,0.198250,131072,7225,0.055122,0,0,4
120,host-13,4,0,14,4,0,0,0.230719,0,32000,7383,0.230719,131072,6203,0.047325,0,0,4
120,host-14,4,0,14,4,0,0,0.225656,0,32000,7221,0.225656,131072,6587,0.050255,0,0,4
120,host-15,6,0,14,6,0,0,0.257688,0,32000,8246,0.257688,131072,7770,0.059280,0,0,6
120,host-16,6,0,14,6,0,0,0.220656,0,32000,7061,0.220656,131072,5970,0.045547,0,0,6
120,host-17,5,1,14,5,1,0,0.210031,0,32000,6721,0.210031,131072,7568,0.057739,0,1,4
120,host-18,4,0,14,4,0,0,0.207719,0,32000,6647,0.207719,131072,5519,0.042107,0,0,4
120,host-19,6,0,14,6,0,0,0.226813,0,32000,7258,0.226813,131072,6668,0.050873,0,0,6
120,host-2,5,0,14,5,0,0,0.238219,0,32000,7623,0.238219,131072,7709,0.058815,0,0,5
120,host-20,4,0,14,4,0,0,0.219438,0,32000,7022,0.219438,131072,7610,0.058060,0,0,4
120,host-21,4,0,14,4,0,0,0.218969,0,32000,7007,0.218969,131072,6928,0.052856,0,0,4
120,host-22,5,0,14,5,0,0,0.222531,0,32000,7121,0.222531,131072,5911,0.045097,0,0,5
120,host-23,4,1,14,4,1,0,0.205813,0,32000,6586,0.205813,131072,6459,0.049278,1,0,3
120,host-24,5,0,14,5,0,0,0.211125,0,32000,6756,0.211125,131072,7124,0.054352,0,0,5
120,host-3,4,0,14,4,0,0,0.201625,0,32000,6452,0.201625,131072,6720,0.051270,0,0,4
120,host-4,4,0,14,4,0,0,0.196969,0,32000,6303,0.196969,131072,5549,0.042336,0,0,4
120,host-5,5,0,14,5,0,0,0.214094,0,32000,6851,0.214094,131072,6547,0.049950,0,0,5
120,host-6,4,0,14,4,0,0,0.202906,0,32000,6493,0.202906,131072,6812,0.051971,0,0,4
120,host-7,3,1,14,3,1,0,0.197875,0,32000,6332,0.197875,131072,7918,0.060410,0,1,2
120,host-8,4,0,14,4,0,0,0.224000,0,32000,7168,0.224000,131072,6968,0.053162,0,0,4
120,host-9,5,0,14,5,0,0,0.249500,0,32000,7984,0.249500,131072,7528,0.057434,0,0,5
121,host-1,5,1,14,5,1,0,0.242656,0,32000,7765,0.242656,131072,7243,0.055260,1,0,4
121,host-10,5,0,14,5,0,0,0.225781,0,32000,7225,0.225781,131072,7877,0.060097,0,0,5
121,host-11,5,1,14,5,1,0,0.247625,0,32000,7924,0.247625,131072,7952,0.060669,1,0,4
121,host-12,4,0,14,4,0,0,0.198250,0,32000,6344,0.198250,131072,7225,0.055122,0,0,4
121,host-13,3,0,14,3,0,0,0.162594,0,32000,5203,0.162594,131072,3472,0.026489,0,0,3
121,host-14,4,0,14,4,0,0,0.225656,0,32000,7221,0.225656,131072,6587,0.050255,0,0,4
121,host-15,6,0,14,6,0,0,0.257688,0,32000,8246,0.257688,131072,7770,0.059280,0,0,6
121,host-16,6,0,14,6,0,0,0.220656,0,32000,7061,0.220656,131072,5970,0.045547,0,0,6
121,host-17,5,0,14,5,0,0,0.210031,0,32000,6721,0.210031,131072,7568,0.057739,0,0,5
121,host-18,4,1,14,4,1,0,0.207719,0,32000,6647,0.207719,131072,5519,0.042107,0,1,3
121,host-19,6,0,14,6,0,0,0.226813,0,32000,7258,0.226813,131072,6668,0.050873,0,0,6
121,host-2,5,0,14,5,0,0,0.238219,0,32000,7623,0.238219,131072,7709,0.058815,0,0,5
121,host-20,4,0,14,4,0,0,0.219438,0,32000,7022,0.219438,131072,7610,0.058060,0,0,4
121,host-21,4,1,14,4,1,0,0.218969,0,32000,7007,0.218969,131072,6928,0.052856,0,1,3
121,host-22,5,0,14,5,0,0,0.222531,0,32000,7121,0.222531,131072,5911,0.045097,0,0,5
121,host-23,4,1,14,4,1,0,0.205813,0,32000,6586,0.205813,131072,6459,0.049278,0,1,3
121,host-24,5,0,14,5,0,0,0.211125,0,32000,6756,0.211125,131072,7124,0.054352,0,0,5
121,host-3,4,0,14,4,0,0,0.201625,0,32000,6452,0.201625,131072,6720,0.051270,0,0,4
121,host-4,4,0,14,4,0,0,0.196969,0,32000,6303,0.196969,131072,5549,0.042336,0,0,4
121,host-5,5,0,14,5,0,0,0.214094,0,32000,6851,0.214094,131072,6547,0.049950,0,0,5
121,host-6,4,0,14,4,0,0,0.202906,0,32000,6493,0.202906,131072,6812,0.051971,0,0,4
121,host-7,3,0,14,3,0,0,0.197875,0,32000,6332,0.197875,131072,7918,0.060410,0,0,3
121,host-8,4,0,14,4,0,0,0.224000,0,32000,7168,0.224000,131072,6968,0.053162,0,0,4
121,host-9,5,1,14,5,1,0,0.249500,0,32000,7984,0.249500,131072,7528,0.057434,0,1,4
122,host-1,5,2,14,5,2,0,0.242656,0,32000,7765,0.242656,131072,7243,0.055260,0,2,3
122,host-10,4,0,14,4,0,0,0.192438,0,32000,6158,0.192438,131072,6861,0.052345,0,0,4
122,host-11,5,1,14,5,1,0,0.247625,0,32000,7924,0.247625,131072,7952,0.060669,1,0,4
122,host-12,3,0,14,3,0,0,0.156562,0,32000,5010,0.156562,131072,5720,0.043640,0,0,3
122,host-13,3,0,14,3,0,0,0.162594,0,32000,5203,0.162594,131072,3472,0.026489,0,0,3
122,host-14,4,0,14,4,0,0,0.225656,0,32000,7221,0.225656,131072,6587,0.050255,0,0,4
122,host-15,6,0,14,6,0,0,0.257688,0,32000,8246,0.257688,131072,7770,0.059280,0,0,6
122,host-16,6,0,14,6,0,0,0.220656,0,32000,7061,0.220656,131072,5970,0.045547,0,0,6
122,host-17,5,0,14,5,0,0,0.210031,0,32000,6721,0.210031,131072,7568,0.057739,0,0,5
122,host-18,4,0,14,4,0,0,0.207719,0,32000,6647,0.207719,131072,5519,0.042107,0,0,4
122,host-19,6,0,14,6,0,0,0.226813,0,32000,7258,0.226813,131072,6668,0.050873,0,0,6
122,host-2,4,0,14,4,0,0,0.196844,0,32000,6299,0.196844,131072,6595,0.050316,0,0,4
122,host-20,4,0,14,4,0,0,0.219438,0,32000,7022,0.219438,131072,7610,0.058060,0,0,4
122,host-21,4,0,14,4,0,0,0.218969,0,32000,7007,0.218969,131072,6928,0.052856,0,0,4
122,host-22,5,0,14,5,0,0,0.222531,0,32000,7121,0.222531,131072,5911,0.045097,0,0,5
122,host-23,4,0,14,4,0,0,0.205813,0,32000,6586,0.205813,131072,6459,0.049278,0,0,4
122,host-24,5,0,14,5,0,0,0.211125,0,32000,6756,0.211125,131072,7124,0.054352,0,0,5
122,host-3,3,0,14,3,0,0,0.130906,0,32000,4189,0.130906,131072,4140,0.031586,0,0,3
122,host-4,4,0,14,4,0,0,0.196969,0,32000,6303,0.196969,131072,5549,0.042336,0,0,4
122,host-5,5,1,14,5,1,0,0.214094,0,32000,6851,0.214094,131072,6547,0.049950,0,1,4
122,host-6,4,0,14,4,0,0,0.202906,0,32000,6493,0.202906,131072,6812,0.051971,0,0,4
122,host-7,3,0,14,3,0,0,0.197875,0,32000,6332,0.197875,131072,7918,0.060410,0,0,3
122,host-8,4,0,14,4,0,0,0.224000,0,32000,7168,0.224000,131072,6968,0.053162,0,0,4
122,host-9,5,0,14,5,0,0,0.249500,0,32000,7984,0.249500,131072,7528,0.057434,0,0,5
123,host-1,5,0,14,5,0,0,0.242656,0,32000,7765,0.242656,131072,7243,0.055260,0,0,5
123,host-10,4,0,14,4,0,0,0.192438,0,32000,6158,0.192438,131072,6861,0.052345,0,0,4
123,host-11,5,0,14,5,0,0,0.247625,0,32000,7924,0.247625,131072,7952,0.060669,0,0,5
123,host-12,4,1,14,4,1,0,0.205031,0,32000,6561,0.205031,131072,7951,0.060661,1,0,3
123,host-13,3,0,14,3,0,0,0.162594,0,32000,5203,0.162594,131072,3472,0.026489,0,0,3
123,host-14,4,2,14,4,2,0,0.225656,0,32000,7221,0.225656,131072,6587,0.050255,0,2,2
123,host-15,6,0,14,6,0,0,0.257688,0,32000,8246,0.257688,131072,7770,0.059280,0,0,6
123,host-16,6,0,14,6,0,0,0.220656,0,32000,7061,0.220656,131072,5970,0.045547,0,0,6
123,host-17,5,0,14,5,0,0,0.210031,0,32000,6721,0.210031,131072,7568,0.057739,0,0,5
123,host-18,4,0,14,4,0,0,0.207719,0,32000,6647,0.207719,131072,5519,0.042107,0,0,4
123,host-19,6,1,14,6,1,0,0.226813,0,32000,7258,0.226813,131072,6668,0.050873,0,1,5
123,host-2,4,0,14,4,0,0,0.196844,0,32000,6299,0.196844,131072,6595,0.050316,0,0,4
123,host-20,4,0,14,4,0,0,0.219438,0,32000,7022,0.219438,131072,7610,0.058060,0,0,4
123,host-21,4,0,14,4,0,0,0.218969,0,32000,7007,0.218969,131072,6928,0.052856,0,0,4
123,host-22,5,0,14,5,0,0,0.222531,0,32000,7121,0.222531,131072,5911,0.045097,0,0,5
123,host-23,4,0,14,4,0,0,0.205813,0,32000,6586,0.205813,131072,6459,0.049278,0,0,4
123,host-24,5,0,14,5,0,0,0.211125,0,32000,6756,0.211125,131072,7124,0.054352,0,0,5
123,host-3,4,1,14,4,1,0,0.192438,0,32000,6158,0.192438,131072,6397,0.048805,1,0,3
123,host-4,4,0,14,4,0,0,0.196969,0,32000,6303,0.196969,131072,5549,0.042336,0,0,4
123,host-5,5,0,14,5,0,0,0.214094,0,32000,6851,0.214094,131072,6547,0.049950,0,0,5
123,host-6,4,0,14,4,0,0,0.202906,0,32000,6493,0.202906,131072,6812,0.051971,0,0,4
123,host-7,3,0,14,3,0,0,0.197875,0,32000,6332,0.197875,131072,7918,0.060410,0,0,3
123,host-8,4,0,14,4,0,0,0.224000,0,32000,7168,0.224000,131072,6968,0.053162,0,0,4
123,host-9,5,0,14,5,0,0,0.249500,0,32000,7984,0.249500,131072,7528,0.057434,0,0,5
124,host-1,5,0,14,5,0,0,0.242656,0,32000,7765,0.242656,131072,7243,0.055260,0,0,5
124,host-10,5,2,14,5,2,0,0.240906,0,32000,7709,0.240906,131072,9092,0.069366,1,1,3
124,host-11,5,0,14,5,0,0,0.247625,0,32000,7924,0.247625,131072,7952,0.060669,0,0,5
124,host-12,4,0,14,4,0,0,0.205031,0,32000,6561,0.205031,131072,7951,0.060661,0,0,4
124,host-13,4,1,14,4,1,0,0.243844,0,32000,7803,0.243844,131072,6298,0.048050,1,0,3
124,host-14,4,0,14,4,0,0,0.225656,0,32000,7221,0.225656,131072,6587,0.050255,0,0,4
124,host-15,6,0,14,6,0,0,0.257688,0,32000,8246,0.257688,131072,7770,0.059280,0,0,6
124,host-16,6,0,14,6,0,0,0.220656,0,32000,7061,0.220656,131072,5970,0.045547,0,0,6
124,host-17,5,0,14,5,0,0,0.210031,0,32000,6721,0.210031,131072,7568,0.057739,0,0,5
124,host-18,4,0,14,4,0,0,0.207719,0,32000,6647,0.207719,131072,5519,0.042107,0,0,4
124,host-19,6,0,14,6,0,0,0.226813,0,32000,7258,0.226813,131072,6668,0.050873,0,0,6
124,host-2,4,0,14,4,0,0,0.196844,0,32000,6299,0.196844,131072,6595,0.050316,0,0,4
124,host-20,4,0,14,4,0,0,0.219438,0,32000,7022,0.219438,131072,7610,0.058060,0,0,4
124,host-21,4,0,14,4,0,0,0.218969,0,32000,7007,0.218969,131072,6928,0.052856,0,0,4
124,host-22,5,0,14,5,0,0,0.222531,0,32000,7121,0.222531,131072,5911,0.045097,0,0,5
124,host-23,4,1,14,4,1,0,0.205813,0,32000,6586,0.205813,131072,6459,0.049278,0,1,3
124,host-24,5,0,14,5,0,0,0.211125,0,32000,6756,0.211125,131072,7124,0.054352,0,0,5
124,host-3,4,0,14,4,0,0,0.192438,0,32000,6158,0.192438,131072,6397,0.048805,0,0,4
124,host-4,4,0,14,4,0,0,0.196969,0,32000,6303,0.196969,131072,5549,0.042336,0,0,4
124,host-5,5,0,14,5,0,0,0.214094,0,32000,6851,0.214094,131072,6547,0.049950,0,0,5
124,host-6,4,0,14,4,0,0,0.202906,0,32000,6493,0.202906,131072,6812,0.051971,0,0,4
124,host-7,3,0,14,3,0,0,0.197875,0,32000,6332,0.197875,131072,7918,0.060410,0,0,3
124,host-8,4,1,14,4,1,0,0.224000,0,32000,7168,0.224000,131072,6968,0.053162,0,1,3
124,host-9,5,0,14,5,0,0,0.249500,0,32000,7984,0.249500,131072,7528,0.057434,0,0,5
125,host-1,5,0,14,5,0,0,0.242656,0,32000,7765,0.242656,131072,7243,0.055260,0,0,5
125,host-10,5,0,14,5,0,0,0.240906,0,32000,7709,0.240906,131072,9092,0.069366,0,0,5
125,host-11,5,0,14,5,0,0,0.247625,0,32000,7924,0.247625,131072,7952,0.060669,0,0,5
125,host-12,4,0,14,4,0,0,0.205031,0,32000,6561,0.205031,131072,7951,0.060661,0,0,4
125,host-13,4,0,14,4,0,0,0.243844,0,32000,7803,0.243844,131072,6298,0.048050,0,0,4
125,host-14,4,0,14,4,0,0,0.225656,0,32000,7221,0.225656,131072,6587,0.050255,0,0,4
125,host-15,6,0,14,6,0,0,0.257688,0,32000,8246,0.257688,131072,7770,0.059280,0,0,6
125,host-16,6,0,14,6,0,0,0.220656,0,32000,7061,0.220656,131072,5970,0.045547,0,0,6
125,host-17,5,0,14,5,0,0,0.210031,0,32000,6721,0.210031,131072,7568,0.057739,0,0,5
125,host-18,4,0,14,4,0,0,0.207719,0,32000,6647,0.207719,131072,5519,0.042107,0,0,4
125,host-19,6,0,14,6,0,0,0.226813,0,32000,7258,0.226813,131072,6668,0.050873,0,0,6
125,host-2,5,1,14,5,1,0,0.249938,0,32000,7998,0.249938,131072,8987,0.068565,1,0,4
125,host-20,4,0,14,4,0,0,0.219438,0,32000,7022,0.219438,131072,7610,0.058060,0,0,4
125,host-21,4,0,14,4,0,0,0.218969,0,32000,7007,0.218969,131072,6928,0.052856,0,0,4
125,host-22,5,0,14,5,0,0,0.222531,0,32000,7121,0.222531,131072,5911,0.045097,0,0,5
125,host-23,4,0,14,4,0,0,0.205813,0,32000,6586,0.205813,131072,6459,0.049278,0,0,4
125,host-24,5,0,14,5,0,0,0.211125,0,32000,6756,0.211125,131072,7124,0.054352,0,0,5
125,host-3,5,1,14,5,1,0,0.234437,0,32000,7502,0.234437,131072,7313,0.055794,1,0,4
125,host-4,4,0,14,4,0,0,0.196969,0,32000,6303,0.196969,131072,5549,0.042336,0,0,4
125,host-5,5,0,14,5,0,0,0.214094,0,32000,6851,0.214094,131072,6547,0.049950,0,0,5
125,host-6,4,0,14,4,0,0,0.202906,0,32000,6493,0.202906,131072,6812,0.051971,0,0,4
125,host-7,3,1,14,3,1,0,0.197875,0,32000,6332,0.197875,131072,7918,0.060410,0,1,2
125,host-8,4,0,14,4,0,0,0.224000,0,32000,7168,0.224000,131072,6968,0.053162,0,0,4
125,host-9,5,0,14,5,0,0,0.249500,0,32000,7984,0.249500,131072,7528,0.057434,0,0,5
126,host-1,5,0,14,5,0,0,0.242656,0,32000,7765,0.242656,131072,7243,0.055260,0,0,5
126,host-10,5,0,14,5,0,0,0.240906,0,32000,7709,0.240906,131072,9092,0.069366,0,0,5
126,host-11,5,0,14,5,0,0,0.247625,0,32000,7924,0.247625,131072,7952,0.060669,0,0,5
126,host-12,5,1,14,5,1,0,0.261437,0,32000,8366,0.261437,131072,9627,0.073448,1,0,4
126,host-13,4,0,14,4,0,0,0.243844,0,32000,7803,0.243844,131072,6298,0.048050,0,0,4
126,host-14,4,0,14,4,0,0,0.225656,0,32000,7221,0.225656,131072,6587,0.050255,0,0,4
126,host-15,6,0,14,6,0,0,0.257688,0,32000,8246,0.257688,131072,7770,0.059280,0,0,6
126,host-16,6,0,14,6,0,0,0.220656,0,32000,7061,0.220656,131072,5970,0.045547,0,0,6
126,host-17,5,0,14,5,0,0,0.210031,0,32000,6721,0.210031,131072,7568,0.057739,0,0,5
126,host-18,5,1,14,5,1,0,0.276500,0,32000,8848,0.276500,131072,7395,0.056419,1,0,4
126,host-19,6,0,14,6,0,0,0.226813,0,32000,7258,0.226813,131072,6668,0.050873,0,0,6
126,host-2,5,1,14,5,1,0,0.249938,0,32000,7998,0.249938,131072,8987,0.068565,0,1,4
126,host-20,4,0,14,4,0,0,0.219438,0,32000,7022,0.219438,131072,7610,0.058060,0,0,4
126,host-21,4,0,14,4,0,0,0.218969,0,32000,7007,0.218969,131072,6928,0.052856,0,0,4
126,host-22,5,0,14,5,0,0,0.222531,0,32000,7121,0.222531,131072,5911,0.045097,0,0,5
126,host-23,5,1,14,5,1,0,0.267688,0,32000,8566,0.267688,131072,8636,0.065887,1,0,4
126,host-24,5,1,14,5,1,0,0.211125,0,32000,6756,0.211125,131072,7124,0.054352,0,1,4
126,host-3,5,1,14,5,1,0,0.234437,0,32000,7502,0.234437,131072,7313,0.055794,1,0,4
126,host-4,5,0,14,5,0,0,0.253406,0,32000,8109,0.253406,131072,7673,0.058540,0,0,5
126,host-5,5,1,14,5,1,0,0.214094,0,32000,6851,0.214094,131072,6547,0.049950,0,1,4
126,host-6,5,1,14,5,1,0,0.247406,0,32000,7917,0.247406,131072,8021,0.061195,1,0,4
126,host-7,4,1,14,4,1,0,0.266000,0,32000,8512,0.266000,131072,10649,0.081245,1,0,3
126,host-8,4,0,14,4,0,0,0.224000,0,32000,7168,0.224000,131072,6968,0.053162,0,0,4
126,host-9,5,0,14,5,0,0,0.249500,0,32000,7984,0.249500,131072,7528,0.057434,0,0,5
127,host-1,5,0,14,5,0,0,0.242656,0,32000,7765,0.242656,131072,7243,0.055260,0,0,5
127,host-10,5,0,14,5,0,0,0.240906,0,32000,7709,0.240906,131072,9092,0.069366,0,0,5
127,host-11,5,0,14,5,0,0,0.247625,0,32000,7924,0.247625,131072,7952,0.060669,0,0,5
127,host-12,4,1,14,4,1,0,0.206500,0,32000,6608,0.206500,131072,7809,0.059578,1,0,3
127,host-13,4,0,14,4,0,0,0.243844,0,32000,7803,0.243844,131072,6298,0.048050,0,0,4
127,host-14,4,1,14,4,1,0,0.225656,0,32000,7221,0.225656,131072,6587,0.050255,0,1,3
127,host-15,6,0,14,6,0,0,0.257688,0,32000,8246,0.257688,131072,7770,0.059280,0,0,6
127,host-16,6,0,14,6,0,0,0.220656,0,32000,7061,0.220656,131072,5970,0.045547,0,0,6
127,host-17,6,1,14,6,1,0,0.271906,0,32000,8701,0.271906,131072,9745,0.074348,1,0,5
127,host-18,5,0,14,5,0,0,0.276500,0,32000,8848,0.276500,131072,7395,0.056419,0,0,5
127,host-19,6,0,14,6,0,0,0.226813,0,32000,7258,0.226813,131072,6668,0.050873,0,0,6
127,host-2,5,0,14,5,0,0,0.249938,0,32000,7998,0.249938,131072,8987,0.068565,0,0,5
127,host-20,4,0,14,4,0,0,0.219438,0,32000,7022,0.219438,131072,7610,0.058060,0,0,4
127,host-21,4,0,14,4,0,0,0.218969,0,32000,7007,0.218969,131072,6928,0.052856,0,0,4
127,host-22,5,0,14,5,0,0,0.222531,0,32000,7121,0.222531,131072,5911,0.045097,0,0,5
127,host-23,5,1,14,5,1,0,0.267688,0,32000,8566,0.267688,131072,8636,0.065887,1,0,4
127,host-24,6,1,14,6,1,0,0.267531,0,32000,8561,0.267531,131072,8800,0.067139,1,0,5
127,host-3,5,0,14,5,0,0,0.234437,0,32000,7502,0.234437,131072,7313,0.055794,0,0,5
127,host-4,5,0,14,5,0,0,0.253406,0,32000,8109,0.253406,131072,7673,0.058540,0,0,5
127,host-5,6,1,14,6,1,0,0.263375,0,32000,8428,0.263375,131072,8474,0.064651,1,0,5
127,host-6,5,1,14,5,1,0,0.247406,0,32000,7917,0.247406,131072,8021,0.061195,1,0,4
127,host-7,4,1,14,4,1,0,0.266000,0,32000,8512,0.266000,131072,10649,0.081245,0,1,3
127,host-8,4,0,14,4,0,0,0.224000,0,32000,7168,0.224000,131072,6968,0.053162,0,0,4
127,host-9,5,0,14,5,0,0,0.249500,0,32000,7984,0.249500,131072,7528,0.057434,0,0,5
128,host-1,5,0,14,5,0,0,0.242656,0,32000,7765,0.242656,131072,7243,0.055260,0,0,5
128,host-10,5,0,14,5,0,0,0.240906,0,32000,7709,0.240906,131072,9092,0.069366,0,0,5
128,host-11,5,1,14,5,1,0,0.247625,0,32000,7924,0.247625,131072,7952,0.060669,0,1,4
128,host-12,5,1,14,5,1,0,0.251094,0,32000,8035,0.251094,131072,9034,0.068924,1,0,4
128,host-13,4,0,14,4,0,0,0.243844,0,32000,7803,0.243844,131072,6298,0.048050,0,0,4
128,host-14,4,0,14,4,0,0,0.225656,0,32000,7221,0.225656,131072,6587,0.050255,0,0,4
128,host-15,6,0,14,6,0,0,0.257688,0,32000,8246,0.257688,131072,7770,0.059280,0,0,6
128,host-16,6,0,14,6,0,0,0.220656,0,32000,7061,0.220656,131072,5970,0.045547,0,0,6
128,host-17,6,0,14,6,0,0,0.271906,0,32000,8701,0.271906,131072,9745,0.074348,0,0,6
128,host-18,5,1,14,5,1,0,0.276500,0,32000,8848,0.276500,131072,7395,0.056419,0,1,4
128,host-19,6,0,14,6,0,0,0.226813,0,32000,7258,0.226813,131072,6668,0.050873,0,0,6
128,host-2,5,0,14,5,0,0,0.249938,0,32000,7998,0.249938,131072,8987,0.068565,0,0,5
128,host-20,4,0,14,4,0,0,0.219438,0,32000,7022,0.219438,131072,7610,0.058060,0,0,4
128,host-21,4,0,14,4,0,0,0.218969,0,32000,7007,0.218969,131072,6928,0.052856,0,0,4
128,host-22,5,0,14,5,0,0,0.222531,0,32000,7121,0.222531,131072,5911,0.045097,0,0,5
128,host-23,5,1,14,5,1,0,0.267688,0,32000,8566,0.267688,131072,8636,0.065887,0,1,4
128,host-24,6,0,14,6,0,0,0.267531,0,32000,8561,0.267531,131072,8800,0.067139,0,0,6
128,host-3,5,1,14,5,1,0,0.234437,0,32000,7502,0.234437,131072,7313,0.055794,0,1,4
128,host-4,5,0,14,5,0,0,0.253406,0,32000,8109,0.253406,131072,7673,0.058540,0,0,5
128,host-5,6,1,14,6,1,0,0.263375,0,32000,8428,0.263375,131072,8474,0.064651,0,1,5
128,host-6,5,0,14,5,0,0,0.247406,0,32000,7917,0.247406,131072,8021,0.061195,0,0,5
128,host-7,4,0,14,4,0,0,0.266000,0,32000,8512,0.266000,131072,10649,0.081245,0,0,4
128,host-8,4,0,14,4,0,0,0.224000,0,32000,7168,0.224000,131072,6968,0.053162,0,0,4
128,host-9,4,0,14,4,0,0,0.206375,0,32000,6604,0.206375,131072,6279,0.047905,0,0,4
129,host-1,5,0,14,5,0,0,0.242656,0,32000,7765,0.242656,131072,7243,0.055260,0,0,5
129,host-10,5,0,14,5,0,0,0.240906,0,32000,7709,0.240906,131072,9092,0.069366,0,0,5
129,host-11,5,0,14,5,0,0,0.247625,0,32000,7924,0.247625,131072,7952,0.060669,0,0,5
129,host-12,4,1,14,4,1,0,0.192156,0,32000,6149,0.192156,131072,6713,0.051216,0,1,3
129,host-13,4,0,14,4,0,0,0.243844,0,32000,7803,0.243844,131072,6298,0.048050,0,0,4
129,host-14,4,0,14,4,0,0,0.225656,0,32000,7221,0.225656,131072,6587,0.050255,0,0,4
129,host-15,5,0,14,5,0,0,0.209719,0,32000,6711,0.209719,131072,6245,0.047646,0,0,5
129,host-16,6,0,14,6,0,0,0.220656,0,32000,7061,0.220656,131072,5970,0.045547,0,0,6
129,host-17,6,0,14,6,0,0,0.271906,0,32000,8701,0.271906,131072,9745,0.074348,0,0,6
129,host-18,5,0,14,5,0,0,0.276500,0,32000,8848,0.276500,131072,7395,0.056419,0,0,5
129,host-19,5,0,14,5,0,0,0.188562,0,32000,6034,0.188562,131072,5835,0.044518,0,0,5
129,host-2,5,0,14,5,0,0,0.249938,0,32000,7998,0.249938,131072,8987,0.068565,0,0,5
129,host-20,4,0,14,4,0,0,0.219438,0,32000,7022,0.219438,131072,7610,0.058060,0,0,4
129,host-21,4,0,14,4,0,0,0.218969,0,32000,7007,0.218969,131072,6928,0.052856,0,0,4
129,host-22,5,0,14,5,0,0,0.222531,0,32000,7121,0.222531,131072,5911,0.045097,0,0,5
129,host-23,5,0,14,5,0,0,0.267688,0,32000,8566,0.267688,131072,8636,0.065887,0,0,5
129,host-24,6,0,14,6,0,0,0.267531,0,32000,8561,0.267531,131072,8800,0.067139,0,0,6
129,host-3,5,0,14,5,0,0,0.234437,0,32000,7502,0.234437,131072,7313,0.055794,0,0,5
129,host-4,5,0,14,5,0,0,0.253406,0,32000,8109,0.253406,131072,7673,0.058540,0,0,5
129,host-5,6,0,14,6,0,0,0.263375,0,32000,8428,0.263375,131072,8474,0.064651,0,0,6
129,host-6,5,0,14,5,0,0,0.247406,0,32000,7917,0.247406,131072,8021,0.061195,0,0,5
129,host-7,4,1,14,4,1,0,0.266000,0,32000,8512,0.266000,131072,10649,0.081245,0,1,3
129,host-8,4,1,14,4,1,0,0.224000,0,32000,7168,0.224000,131072,6968,0.053162,0,1,3
129,host-9,4,0,14,4,0,0,0.206375,0,32000,6604,0.206375,131072,6279,0.047905,0,0,4
130,host-1,5,0,14,5,0,0,0.242656,0,32000,7765,0.242656,131072,7243,0.055260,0,0,5
130,host-10,5,0,14,5,0,0,0.240906,0,32000,7709,0.240906,131072,9092,0.069366,0,0,5
130,host-11,5,0,14,5,0,0,0.247625,0,32000,7924,0.247625,131072,7952,0.060669,0,0,5
130,host-12,5,1,14,5,1,0,0.251750,0,32000,8056,0.251750,131072,9037,0.068947,1,0,4
130,host-13,4,0,14,4,0,0,0.243844,0,32000,7803,0.243844,131072,6298,0.048050,0,0,4
130,host-14,4,0,14,4,0,0,0.225656,0,32000,7221,0.225656,131072,6587,0.050255,0,0,4
130,host-15,5,0,14,5,0,0,0.209719,0,32000,6711,0.209719,131072,6245,0.047646,0,0,5
130,host-16,5,0,14,5,0,0,0.177844,0,32000,5691,0.177844,131072,4773,0.036415,0,0,5
130,host-17,6,0,14,6,0,0,0.271906,0,32000,8701,0.271906,131072,9745,0.074348,0,0,6
130,host-18,5,0,14,5,0,0,0.276500,0,32000,8848,0.276500,131072,7395,0.056419,0,0,5
130,host-19,6,1,14,6,1,0,0.261500,0,32000,8368,0.261500,131072,8021,0.061195,1,0,5
130,host-2,5,0,14,5,0,0,0.249938,0,32000,7998,0.249938,131072,8987,0.068565,0,0,5
130,host-20,4,1,14,4,1,0,0.219438,0,32000,7022,0.219438,131072,7610,0.058060,0,1,3
130,host-21,4,0,14,4,0,0,0.218969,0,32000,7007,0.218969,131072,6928,0.052856,0,0,4
130,host-22,5,0,14,5,0,0,0.222531,0,32000,7121,0.222531,131072,5911,0.045097,0,0,5
130,host-23,5,0,14,5,0,0,0.267688,0,32000,8566,0.267688,131072,8636,0.065887,0,0,5
130,host-24,6,0,14,6,0,0,0.267531,0,32000,8561,0.267531,131072,8800,0.067139,0,0,6
130,host-3,5,0,14,5,0,0,0.234437,0,32000,7502,0.234437,131072,7313,0.055794,0,0,5
130,host-4,5,0,14,5,0,0,0.253406,0,32000,8109,0.253406,131072,7673,0.058540,0,0,5
130,host-5,6,0,14,6,0,0,0.263375,0,32000,8428,0.263375,131072,8474,0.064651,0,0,6
130,host-6,5,0,14,5,0,0,0.247406,0,32000,7917,0.247406,131072,8021,0.061195,0,0,5
130,host-7,4,1,14,4,1,0,0.266000,0,32000,8512,0.266000,131072,10649,0.081245,0,1,3
130,host-8,4,0,14,4,0,0,0.224000,0,32000,7168,0.224000,131072,6968,0.053162,0,0,4
130,host-9,4,0,14,4,0,0,0.206375,0,32000,6604,0.206375,131072,6279,0.047905,0,0,4
131,host-1,5,0,14,5,0,0,0.242656,0,32000,7765,0.242656,131072,7243,0.055260,0,0,5
131,host-10,5,0,14,5,0,0,0.240906,0,32000,7709,0.240906,131072,9092,0.069366,0,0,5
131,host-11,5,0,14,5,0,0,0.247625,0,32000,7924,0.247625,131072,7952,0.060669,0,0,5
131,host-12,5,1,14,5,1,0,0.251750,0,32000,8056,0.251750,131072,9037,0.068947,0,1,4
131,host-13,4,0,14,4,0,0,0.243844,0,32000,7803,0.243844,131072,6298,0.048050,0,0,4
131,host-14,4,0,14,4,0,0,0.225656,0,32000,7221,0.225656,131072,6587,0.050255,0,0,4
131,host-15,3,0,14,3,0,0,0.143906,0,32000,4605,0.143906,131072,4644,0.035431,0,0,3
131,host-16,5,0,14,5,0,0,0.177844,0,32000,5691,0.177844,131072,4773,0.036415,0,0,5
131,host-17,6,0,14,6,0,0,0.271906,0,32000,8701,0.271906,131072,9745,0.074348,0,0,6
131,host-18,5,0,14,5,0,0,0.276500,0,32000,8848,0.276500,131072,7395,0.056419,0,0,5
131,host-19,6,0,14,6,0,0,0.261500,0,32000,8368,0.261500,131072,8021,0.061195,0,0,6
131,host-2,5,0,14,5,0,0,0.249938,0,32000,7998,0.249938,131072,8987,0.068565,0,0,5
131,host-20,4,1,14,4,1,0,0.219438,0,32000,7022,0.219438,131072,7610,0.058060,0,1,3
131,host-21,3,0,14,3,0,0,0.163938,0,32000,5246,0.163938,131072,5661,0.043190,0,0,3
131,host-22,5,0,14,5,0,0,0.222531,0,32000,7121,0.222531,131072,5911,0.045097,0,0,5
131,host-23,5,0,14,5,0,0,0.267688,0,32000,8566,0.267688,131072,8636,0.065887,0,0,5
131,host-24,6,0,14,6,0,0,0.267531,0,32000,8561,0.267531,131072,8800,0.067139,0,0,6
131,host-3,5,0,14,5,0,0,0.234437,0,32000,7502,0.234437,131072,7313,0.055794,0,0,5
131,host-4,5,0,14,5,0,0,0.253406,0,32000,8109,0.253406,131072,7673,0.058540,0,0,5
131,host-5,6,0,14,6,0,0,0.263375,0,32000,8428,0.263375,131072,8474,0.064651,0,0,6
131,host-6,4,1,14,4,1,0,0.218656,0,32000,6997,0.218656,131072,6824,0.052063,0,1,3
131,host-7,4,0,14,4,0,0,0.266000,0,32000,8512,0.266000,131072,10649,0.081245,0,0,4
131,host-8,4,0,14,4,0,0,0.224000,0,32000,7168,0.224000,131072,6968,0.053162,0,0,4
131,host-9,4,0,14,4,0,0,0.206375,0,32000,6604,0.206375,131072,6279,0.047905,0,0,4
132,host-1,5,0,14,5,0,0,0.242656,0,32000,7765,0.242656,131072,7243,0.055260,0,0,5
132,host-10,5,0,14,5,0,0,0.240906,0,32000,7709,0.240906,131072,9092,0.069366,0,0,5
132,host-11,5,0,14,5,0,0,0.247625,0,32000,7924,0.247625,131072,7952,0.060669,0,0,5
132,host-12,5,0,14,5,0,0,0.251750,0,32000,8056,0.251750,131072,9037,0.068947,0,0,5
132,host-13,4,0,14,4,0,0,0.243844,0,32000,7803,0.243844,131072,6298,0.048050,0,0,4
132,host-14,4,0,14,4,0,0,0.225656,0,32000,7221,0.225656,131072,6587,0.050255,0,0,4
132,host-15,3,1,14,3,1,0,0.136625,0,32000,4372,0.136625,131072,4248,0.032410,1,0,2
132,host-16,5,0,14,5,0,0,0.177844,0,32000,5691,0.177844,131072,4773,0.036415,0,0,5
132,host-17,6,0,14,6,0,0,0.271906,0,32000,8701,0.271906,131072,9745,0.074348,0,0,6
132,host-18,5,0,14,5,0,0,0.276500,0,32000,8848,0.276500,131072,7395,0.056419,0,0,5
132,host-19,6,0,14,6,0,0,0.261500,0,32000,8368,0.261500,131072,8021,0.061195,0,0,6
132,host-2,5,0,14,5,0,0,0.249938,0,32000,7998,0.249938,131072,8987,0.068565,0,0,5
132,host-20,4,0,14,4,0,0,0.219438,0,32000,7022,0.219438,131072,7610,0.058060,0,0,4
132,host-21,3,0,14,3,0,0,0.163938,0,32000,5246,0.163938,131072,5661,0.043190,0,0,3
132,host-22,5,0,14,5,0,0,0.222531,0,32000,7121,0.222531,131072,5911,0.045097,0,0,5
132,host-23,5,0,14,5,0,0,0.267688,0,32000,8566,0.267688,131072,8636,0.065887,0,0,5
132,host-24,6,1,14,6,1,0,0.267531,0,32000,8561,0.267531,131072,8800,0.067139,0,1,5
132,host-3,5,0,14,5,0,0,0.234437,0,32000,7502,0.234437,131072,7313,0.055794,0,0,5
132,host-4,5,0,14,5,0,0,0.253406,0,32000,8109,0.253406,131072,7673,0.058540,0,0,5
132,host-5,6,0,14,6,0,0,0.263375,0,32000,8428,0.263375,131072,8474,0.064651,0,0,6
132,host-6,4,0,14,4,0,0,0.218656,0,32000,6997,0.218656,131072,6824,0.052063,0,0,4
132,host-7,4,0,14,4,0,0,0.266000,0,32000,8512,0.266000,131072,10649,0.081245,0,0,4
132,host-8,4,0,14,4,0,0,0.224000,0,32000,7168,0.224000,131072,6968,0.053162,0,0,4
132,host-9,4,0,14,4,0,0,0.206375,0,32000,6604,0.206375,131072,6279,0.047905,0,0,4
133,host-1,5,0,14,5,0,0,0.242656,0,32000,7765,0.242656,131072,7243,0.055260,0,0,5
133,host-10,5,0,14,5,0,0,0.240906,0,32000,7709,0.240906,131072,9092,0.069366,0,0,5
133,host-11,5,0,14,5,0,0,0.247625,0,32000,7924,0.247625,131072,7952,0.060669,0,0,5
133,host-12,5,0,14,5,0,0,0.251750,0,32000,8056,0.251750,131072,9037,0.068947,0,0,5
133,host-13,4,0,14,4,0,0,0.243844,0,32000,7803,0.243844,131072,6298,0.048050,0,0,4
133,host-14,3,0,14,3,0,0,0.179469,0,32000,5743,0.179469,131072,4981,0.038002,0,0,3
133,host-15,4,1,14,4,1,0,0.211438,0,32000,6766,0.211438,131072,6784,0.051758,1,0,3
133,host-16,5,0,14,5,0,0,0.177844,0,32000,5691,0.177844,131072,4773,0.036415,0,0,5
133,host-17,6,0,14,6,0,0,0.271906,0,32000,8701,0.271906,131072,9745,0.074348,0,0,6
133,host-18,5,1,14,5,1,0,0.276500,0,32000,8848,0.276500,131072,7395,0.056419,0,1,4
133,host-19,6,0,14,6,0,0,0.261500,0,32000,8368,0.261500,131072,8021,0.061195,0,0,6
133,host-2,5,1,14,5,1,0,0.249938,0,32000,7998,0.249938,131072,8987,0.068565,0,1,4
133,host-20,4,0,14,4,0,0,0.219438,0,32000,7022,0.219438,131072,7610,0.058060,0,0,4
133,host-21,3,0,14,3,0,0,0.163938,0,32000,5246,0.163938,131072,5661,0.043190,0,0,3
133,host-22,4,0,14,4,0,0,0.152312,0,32000,4874,0.152312,131072,4002,0.030533,0,0,4
133,host-23,5,0,14,5,0,0,0.267688,0,32000,8566,0.267688,131072,8636,0.065887,0,0,5
133,host-24,6,0,14,6,0,0,0.267531,0,32000,8561,0.267531,131072,8800,0.067139,0,0,6
133,host-3,5,0,14,5,0,0,0.234437,0,32000,7502,0.234437,131072,7313,0.055794,0,0,5
133,host-4,5,0,14,5,0,0,0.253406,0,32000,8109,0.253406,131072,7673,0.058540,0,0,5
133,host-5,6,0,14,6,0,0,0.263375,0,32000,8428,0.263375,131072,8474,0.064651,0,0,6
133,host-6,3,0,14,3,0,0,0.141437,0,32000,4526,0.141437,131072,4526,0.034531,0,0,3
133,host-7,4,0,14,4,0,0,0.266000,0,32000,8512,0.266000,131072,10649,0.081245,0,0,4
133,host-8,4,0,14,4,0,0,0.224000,0,32000,7168,0.224000,131072,6968,0.053162,0,0,4
133,host-9,3,0,14,3,0,0,0.136156,0,32000,4357,0.136156,131072,4370,0.033340,0,0,3
134,host-1,5,0,14,5,0,0,0.242656,0,32000,7765,0.242656,131072,7243,0.055260,0,0,5
134,host-10,4,0,14,4,0,0,0.197594,0,32000,6323,0.197594,131072,7456,0.056885,0,0,4
134,host-11,5,1,14,5,1,0,0.247625,0,32000,7924,0.247625,131072,7952,0.060669,0,1,4
134,host-12,5,0,14,5,0,0,0.251750,0,32000,8056,0.251750,131072,9037,0.068947,0,0,5
134,host-13,4,1,14,4,1,0,0.243844,0,32000,7803,0.243844,131072,6298,0.048050,0,1,3
134,host-14,3,0,14,3,0,0,0.179469,0,32000,5743,0.179469,131072,4981,0.038002,0,0,3
134,host-15,4,1,14,4,1,0,0.211438,0,32000,6766,0.211438,131072,6784,0.051758,0,1,3
134,host-16,5,0,14,5,0,0,0.177844,0,32000,5691,0.177844,131072,4773,0.036415,0,0,5
134,host-17,6,0,14,6,0,0,0.271906,0,32000,8701,0.271906,131072,9745,0.074348,0,0,6
134,host-18,5,0,14,5,0,0,0.276500,0,32000,8848,0.276500,131072,7395,0.056419,0,0,5
134,host-19,6,0,14,6,0,0,0.261500,0,32000,8368,0.261500,131072,8021,0.061195,0,0,6
134,host-2,5,0,14,5,0,0,0.249938,0,32000,7998,0.249938,131072,8987,0.068565,0,0,5
134,host-20,4,0,14,4,0,0,0.219438,0,32000,7022,0.219438,131072,7610,0.058060,0,0,4
134,host-21,3,0,14,3,0,0,0.163938,0,32000,5246,0.163938,131072,5661,0.043190,0,0,3
134,host-22,4,0,14,4,0,0,0.152312,0,32000,4874,0.152312,131072,4002,0.030533,0,0,4
134,host-23,5,0,14,5,0,0,0.267688,0,32000,8566,0.267688,131072,8636,0.065887,0,0,5
134,host-24,6,0,14,6,0,0,0.267531,0,32000,8561,0.267531,131072,8800,0.067139,0,0,6
134,host-3,5,0,14,5,0,0,0.234437,0,32000,7502,0.234437,131072,7313,0.055794,0,0,5
134,host-4,5,0,14,5,0,0,0.253406,0,32000,8109,0.253406,131072,7673,0.058540,0,0,5
134,host-5,6,0,14,6,0,0,0.263375,0,32000,8428,0.263375,131072,8474,0.064651,0,0,6
134,host-6,3,0,14,3,0,0,0.141437,0,32000,4526,0.141437,131072,4526,0.034531,0,0,3
134,host-7,4,0,14,4,0,0,0.266000,0,32000,8512,0.266000,131072,10649,0.081245,0,0,4
134,host-8,4,0,14,4,0,0,0.224000,0,32000,7168,0.224000,131072,6968,0.053162,0,0,4
134,host-9,4,2,14,4,2,0,0.193656,0,32000,6197,0.193656,131072,6559,0.050041,1,1,2
135,host-1,5,1,14,5,1,0,0.242656,0,32000,7765,0.242656,131072,7243,0.055260,0,1,4
135,host-10,4,0,14,4,0,0,0.197594,0,32000,6323,0.197594,131072,7456,0.056885,0,0,4
135,host-11,5,0,14,5,0,0,0.247625,0,32000,7924,0.247625,131072,7952,0.060669,0,0,5
135,host-12,5,0,14,5,0,0,0.251750,0,32000,8056,0.251750,131072,9037,0.068947,0,0,5
135,host-13,4,0,14,4,0,0,0.243844,0,32000,7803,0.243844,131072,6298,0.048050,0,0,4
135,host-14,3,0,14,3,0,0,0.179469,0,32000,5743,0.179469,131072,4981,0.038002,0,0,3
135,host-15,4,0,14,4,0,0,0.211438,0,32000,6766,0.211438,131072,6784,0.051758,0,0,4
135,host-16,5,0,14,5,0,0,0.177844,0,32000,5691,0.177844,131072,4773,0.036415,0,0,5
135,host-17,6,0,14,6,0,0,0.271906,0,32000,8701,0.271906,131072,9745,0.074348,0,0,6
135,host-18,5,0,14,5,0,0,0.276500,0,32000,8848,0.276500,131072,7395,0.056419,0,0,5
135,host-19,6,0,14,6,0,0,0.261500,0,32000,8368,0.261500,131072,8021,0.061195,0,0,6
135,host-2,5,0,14,5,0,0,0.249938,0,32000,7998,0.249938,131072,8987,0.068565,0,0,5
135,host-20,4,0,14,4,0,0,0.219438,0,32000,7022,0.219438,131072,7610,0.058060,0,0,4
135,host-21,3,0,14,3,0,0,0.163938,0,32000,5246,0.163938,131072,5661,0.043190,0,0,3
135,host-22,4,0,14,4,0,0,0.152312,0,32000,4874,0.152312,131072,4002,0.030533,0,0,4
135,host-23,5,0,14,5,0,0,0.267688,0,32000,8566,0.267688,131072,8636,0.065887,0,0,5
135,host-24,6,0,14,6,0,0,0.267531,0,32000,8561,0.267531,131072,8800,0.067139,0,0,6
135,host-3,5,0,14,5,0,0,0.234437,0,32000,7502,0.234437,131072,7313,0.055794,0,0,5
135,host-4,5,0,14,5,0,0,0.253406,0,32000,8109,0.253406,131072,7673,0.058540,0,0,5
135,host-5,6,0,14,6,0,0,0.263375,0,32000,8428,0.263375,131072,8474,0.064651,0,0,6
135,host-6,3,0,14,3,0,0,0.141437,0,32000,4526,0.141437,131072,4526,0.034531,0,0,3
135,host-7,4,0,14,4,0,0,0.266000,0,32000,8512,0.266000,131072,10649,0.081245,0,0,4
135,host-8,4,0,14,4,0,0,0.224000,0,32000,7168,0.224000,131072,6968,0.053162,0,0,4
135,host-9,4,1,14,4,1,0,0.193656,0,32000,6197,0.193656,131072,6559,0.050041,0,1,3
136,host-1,5,0,14,5,0,0,0.242656,0,32000,7765,0.242656,131072,7243,0.055260,0,0,5
136,host-10,4,0,14,4,0,0,0.197594,0,32000,6323,0.197594,131072,7456,0.056885,0,0,4
136,host-11,4,0,14,4,0,0,0.204406,0,32000,6541,0.204406,131072,6367,0.048576,0,0,4
136,host-12,5,0,14,5,0,0,0.251750,0,32000,8056,0.251750,131072,9037,0.068947,0,0,5
136,host-13,4,0,14,4,0,0,0.243844,0,32000,7803,0.243844,131072,6298,0.048050,0,0,4
136,host-14,3,0,14,3,0,0,0.179469,0,32000,5743,0.179469,131072,4981,0.038002,0,0,3
136,host-15,4,0,14,4,0,0,0.211438,0,32000,6766,0.211438,131072,6784,0.051758,0,0,4
136,host-16,5,0,14,5,0,0,0.177844,0,32000,5691,0.177844,131072,4773,0.036415,0,0,5
136,host-17,6,0,14,6,0,0,0.271906,0,32000,8701,0.271906,131072,9745,0.074348,0,0,6
136,host-18,5,1,14,5,1,0,0.276500,0,32000,8848,0.276500,131072,7395,0.056419,0,1,4
136,host-19,6,0,14,6,0,0,0.261500,0,32000,8368,0.261500,131072,8021,0.061195,0,0,6
136,host-2,5,0,14,5,0,0,0.249938,0,32000,7998,0.249938,131072,8987,0.068565,0,0,5
136,host-20,4,0,14,4,0,0,0.219438,0,32000,7022,0.219438,131072,7610,0.058060,0,0,4
136,host-21,2,0,14,2,0,0,0.115906,0,32000,3709,0.115906,131072,4179,0.031883,0,0,2
136,host-22,4,0,14,4,0,0,0.152312,0,32000,4874,0.152312,131072,4002,0.030533,0,0,4
136,host-23,5,0,14,5,0,0,0.267688,0,32000,8566,0.267688,131072,8636,0.065887,0,0,5
136,host-24,6,0,14,6,0,0,0.267531,0,32000,8561,0.267531,131072,8800,0.067139,0,0,6
136,host-3,4,0,14,4,0,0,0.171625,0,32000,5492,0.171625,131072,4899,0.037376,0,0,4
136,host-4,5,0,14,5,0,0,0.253406,0,32000,8109,0.253406,131072,7673,0.058540,0,0,5
136,host-5,6,1,14,6,1,0,0.263375,0,32000,8428,0.263375,131072,8474,0.064651,0,1,5
136,host-6,3,0,14,3,0,0,0.141437,0,32000,4526,0.141437,131072,4526,0.034531,0,0,3
136,host-7,3,0,14,3,0,0,0.190031,0,32000,6081,0.190031,131072,7729,0.058968,0,0,3
136,host-8,4,0,14,4,0,0,0.224000,0,32000,7168,0.224000,131072,6968,0.053162,0,0,4
136,host-9,4,0,14,4,0,0,0.193656,0,32000,6197,0.193656,131072,6559,0.050041,0,0,4
137,host-1,5,0,14,5,0,0,0.242656,0,32000,7765,0.242656,131072,7243,0.055260,0,0,5
137,host-10,4,0,14,4,0,0,0.197594,0,32000,6323,0.197594,131072,7456,0.056885,0,0,4
137,host-11,4,0,14,4,0,0,0.204406,0,32000,6541,0.204406,131072,6367,0.048576,0,0,4
137,host-12,5,0,14,5,0,0,0.251750,0,32000,8056,0.251750,131072,9037,0.068947,0,0,5
137,host-13,4,0,14,4,0,0,0.243844,0,32000,7803,0.243844,131072,6298,0.048050,0,0,4
137,host-14,3,0,14,3,0,0,0.179469,0,32000,5743,0.179469,131072,4981,0.038002,0,0,3
137,host-15,4,0,14,4,0,0,0.211438,0,32000,6766,0.211438,131072,6784,0.051758,0,0,4
137,host-16,5,0,14,5,0,0,0.177844,0,32000,5691,0.177844,131072,4773,0.036415,0,0,5
137,host-17,6,0,14,6,0,0,0.271906,0,32000,8701,0.271906,131072,9745,0.074348,0,0,6
137,host-18,4,0,14,4,0,0,0.218594,0,32000,6995,0.218594,131072,5997,0.045753,0,0,4
137,host-19,6,0,14,6,0,0,0.261500,0,32000,8368,0.261500,131072,8021,0.061195,0,0,6
137,host-2,5,0,14,5,0,0,0.249938,0,32000,7998,0.249938,131072,8987,0.068565,0,0,5
137,host-20,3,1,14,3,1,0,0.176156,0,32000,5637,0.176156,131072,6532,0.049835,0,1,2
137,host-21,3,1,14,3,1,0,0.159688,0,32000,5110,0.159688,131072,4925,0.037575,1,0,2
137,host-22,4,0,14,4,0,0,0.152312,0,32000,4874,0.152312,131072,4002,0.030533,0,0,4
137,host-23,5,0,14,5,0,0,0.267688,0,32000,8566,0.267688,131072,8636,0.065887,0,0,5
137,host-24,6,0,14,6,0,0,0.267531,0,32000,8561,0.267531,131072,8800,0.067139,0,0,6
137,host-3,4,0,14,4,0,0,0.171625,0,32000,5492,0.171625,131072,4899,0.037376,0,0,4
137,host-4,5,0,14,5,0,0,0.253406,0,32000,8109,0.253406,131072,7673,0.058540,0,0,5
137,host-5,6,0,14,6,0,0,0.263375,0,32000,8428,0.263375,131072,8474,0.064651,0,0,6
137,host-6,3,0,14,3,0,0,0.141437,0,32000,4526,0.141437,131072,4526,0.034531,0,0,3
137,host-7,3,0,14,3,0,0,0.190031,0,32000,6081,0.190031,131072,7729,0.058968,0,0,3
137,host-8,4,0,14,4,0,0,0.224000,0,32000,7168,0.224000,131072,6968,0.053162,0,0,4
137,host-9,4,0,14,4,0,0,0.193656,0,32000,6197,0.193656,131072,6559,0.050041,0,0,4
138,host-1,5,0,14,5,0,0,0.242656,0,32000,7765,0.242656,131072,7243,0.055260,0,0,5
138,host-10,4,0,14,4,0,0,0.197594,0,32000,6323,0.197594,131072,7456,0.056885,0,0,4
138,host-11,3,0,14,3,0,0,0.133625,0,32000,4276,0.133625,131072,4053,0.030922,0,0,3
138,host-12,5,0,14,5,0,0,0.251750,0,32000,8056,0.251750,131072,9037,0.068947,0,0,5
138,host-13,4,0,14,4,0,0,0.243844,0,32000,7803,0.243844,131072,6298,0.048050,0,0,4
138,host-14,3,1,14,3,1,0,0.179469,0,32000,5743,0.179469,131072,4981,0.038002,0,1,2
138,host-15,4,0,14,4,0,0,0.211438,0,32000,6766,0.211438,131072,6784,0.051758,0,0,4
138,host-16,5,0,14,5,0,0,0.177844,0,32000,5691,0.177844,131072,4773,0.036415,0,0,5
138,host-17,6,0,14,6,0,0,0.271906,0,32000,8701,0.271906,131072,9745,0.074348,0,0,6
138,host-18,4,0,14,4,0,0,0.218594,0,32000,6995,0.218594,131072,5997,0.045753,0,0,4
138,host-19,6,1,14,6,1,0,0.261500,0,32000,8368,0.261500,131072,8021,0.061195,0,1,5
138,host-2,5,0,14,5,0,0,0.249938,0,32000,7998,0.249938,131072,8987,0.068565,0,0,5
138,host-20,3,0,14,3,0,0,0.176156,0,32000,5637,0.176156,131072,6532,0.049835,0,0,3
138,host-21,2,0,14,2,0,0,0.115937,0,32000,3710,0.115937,131072,3695,0.028191,0,0,2
138,host-22,3,0,14,3,0,0,0.117125,0,32000,3748,0.117125,131072,3086,0.023544,0,0,3
138,host-23,5,0,14,5,0,0,0.267688,0,32000,8566,0.267688,131072,8636,0.065887,0,0,5
138,host-24,6,0,14,6,0,0,0.267531,0,32000,8561,0.267531,131072,8800,0.067139,0,0,6
138,host-3,4,0,14,4,0,0,0.171625,0,32000,5492,0.171625,131072,4899,0.037376,0,0,4
138,host-4,5,0,14,5,0,0,0.253406,0,32000,8109,0.253406,131072,7673,0.058540,0,0,5
138,host-5,4,0,14,4,0,0,0.181938,0,32000,5822,0.181938,131072,5864,0.044739,0,0,4
138,host-6,3,1,14,3,1,0,0.153562,0,32000,4914,0.153562,131072,4070,0.031052,1,0,2
138,host-7,3,0,14,3,0,0,0.190031,0,32000,6081,0.190031,131072,7729,0.058968,0,0,3
138,host-8,3,0,14,3,0,0,0.182844,0,32000,5851,0.182844,131072,5717,0.043617,0,0,3
138,host-9,4,0,14,4,0,0,0.193656,0,32000,6197,0.193656,131072,6559,0.050041,0,0,4
139,host-1,5,0,14,5,0,0,0.242656,0,32000,7765,0.242656,131072,7243,0.055260,0,0,5
139,host-10,4,0,14,4,0,0,0.197594,0,32000,6323,0.197594,131072,7456,0.056885,0,0,4
139,host-11,4,1,14,4,1,0,0.191125,0,32000,6116,0.191125,131072,5295,0.040398,1,0,3
139,host-12,5,0,14,5,0,0,0.251750,0,32000,8056,0.251750,131072,9037,0.068947,0,0,5
139,host-13,4,0,14,4,0,0,0.243844,0,32000,7803,0.243844,131072,6298,0.048050,0,0,4
139,host-14,3,0,14,3,0,0,0.179469,0,32000,5743,0.179469,131072,4981,0.038002,0,0,3
139,host-15,3,0,14,3,0,0,0.147063,0,32000,4706,0.147063,131072,4194,0.031998,0,0,3
139,host-16,5,0,14,5,0,0,0.177844,0,32000,5691,0.177844,131072,4773,0.036415,0,0,5
139,host-17,6,0,14,6,0,0,0.271906,0,32000,8701,0.271906,131072,9745,0.074348,0,0,6
139,host-18,2,0,14,2,0,0,0.113656,0,32000,3637,0.113656,131072,2689,0.020515,0,0,2
139,host-19,5,0,14,5,0,0,0.218188,0,32000,6982,0.218188,131072,6852,0.052277,0,0,5
139,host-2,5,0,14,5,0,0,0.249938,0,32000,7998,0.249938,131072,8987,0.068565,0,0,5
139,host-20,3,0,14,3,0,0,0.176156,0,32000,5637,0.176156,131072,6532,0.049835,0,0,3
139,host-21,3,1,14,3,1,0,0.160719,0,32000,5143,0.160719,131072,5030,0.038376,1,0,2
139,host-22,3,1,14,3,1,0,0.152312,0,32000,4874,0.152312,131072,4969,0.037910,1,0,2
139,host-23,5,1,14,5,1,0,0.267688,0,32000,8566,0.267688,131072,8636,0.065887,0,1,4
139,host-24,6,0,14,6,0,0,0.267531,0,32000,8561,0.267531,131072,8800,0.067139,0,0,6
139,host-3,3,0,14,3,0,0,0.129500,0,32000,4144,0.129500,131072,4222,0.032211,0,0,3
139,host-4,5,0,14,5,0,0,0.253406,0,32000,8109,0.253406,131072,7673,0.058540,0,0,5
139,host-5,3,0,14,3,0,0,0.147250,0,32000,4712,0.147250,131072,5055,0.038567,0,0,3
139,host-6,3,1,14,3,1,0,0.153562,0,32000,4914,0.153562,131072,4070,0.031052,0,1,2
139,host-7,3,0,14,3,0,0,0.190031,0,32000,6081,0.190031,131072,7729,0.058968,0,0,3
139,host-8,3,0,14,3,0,0,0.182844,0,32000,5851,0.182844,131072,5717,0.043617,0,0,3
139,host-9,4,1,14,4,1,0,0.193656,0,32000,6197,0.193656,131072,6559,0.050041,0,1,3
140,host-1,5,0,14,5,0,0,0.242656,0,32000,7765,0.242656,131072,7243,0.055260,0,0,5
140,host-10,4,0,14,4,0,0,0.197594,0,32000,6323,0.197594,131072,7456,0.056885,0,0,4
140,host-11,4,1,14,4,1,0,0.191125,0,32000,6116,0.191125,131072,5295,0.040398,0,1,3
140,host-12,5,0,14,5,0,0,0.251750,0,32000,8056,0.251750,131072,9037,0.068947,0,0,5
140,host-13,3,0,14,3,0,0,0.201313,0,32000,6442,0.201313,131072,5700,0.043488,0,0,3
140,host-14,2,0,14,2,0,0,0.117281,0,32000,3753,0.117281,131072,3104,0.023682,0,0,2
140,host-15,3,0,14,3,0,0,0.147063,0,32000,4706,0.147063,131072,4194,0.031998,0,0,3
140,host-16,5,1,14,5,1,0,0.177844,0,32000,5691,0.177844,131072,4773,0.036415,0,1,4
140,host-17,5,0,14,5,0,0,0.234125,0,32000,7492,0.234125,131072,8792,0.067078,0,0,5
140,host-18,2,0,14,2,0,0,0.113656,0,32000,3637,0.113656,131072,2689,0.020515,0,0,2
140,host-19,5,0,14,5,0,0,0.218188,0,32000,6982,0.218188,131072,6852,0.052277,0,0,5
140,host-2,5,0,14,5,0,0,0.249938,0,32000,7998,0.249938,131072,8987,0.068565,0,0,5
140,host-20,3,0,14,3,0,0,0.176156,0,32000,5637,0.176156,131072,6532,0.049835,0,0,3
140,host-21,3,0,14,3,0,0,0.160719,0,32000,5143,0.160719,131072,5030,0.038376,0,0,3
140,host-22,3,1,14,3,1,0,0.152312,0,32000,4874,0.152312,131072,4969,0.037910,0,1,2
140,host-23,5,0,14,5,0,0,0.267688,0,32000,8566,0.267688,131072,8636,0.065887,0,0,5
140,host-24,6,0,14,6,0,0,0.267531,0,32000,8561,0.267531,131072,8800,0.067139,0,0,6
140,host-3,3,0,14,3,0,0,0.129500,0,32000,4144,0.129500,131072,4222,0.032211,0,0,3
140,host-4,5,1,14,5,1,0,0.253406,0,32000,8109,0.253406,131072,7673,0.058540,0,1,4
140,host-5,3,0,14,3,0,0,0.147250,0,32000,4712,0.147250,131072,5055,0.038567,0,0,3
140,host-6,3,0,14,3,0,0,0.153562,0,32000,4914,0.153562,131072,4070,0.031052,0,0,3
140,host-7,3,0,14,3,0,0,0.190031,0,32000,6081,0.190031,131072,7729,0.058968,0,0,3
140,host-8,3,0,14,3,0,0,0.182844,0,32000,5851,0.182844,131072,5717,0.043617,0,0,3
140,host-9,4,0,14,4,0,0,0.193656,0,32000,6197,0.193656,131072,6559,0.050041,0,0,4
141,host-1,5,0,14,5,0,0,0.242656,0,32000,7765,0.242656,131072,7243,0.055260,0,0,5
141,host-10,4,0,14,4,0,0,0.197594,0,32000,6323,0.197594,131072,7456,0.056885,0,0,4
141,host-11,4,0,14,4,0,0,0.191125,0,32000,6116,0.191125,131072,5295,0.040398,0,0,4
141,host-12,4,0,14,4,0,0,0.209063,0,32000,6690,0.209063,131072,7456,0.056885,0,0,4
141,host-13,3,0,14,3,0,0,0.201313,0,32000,6442,0.201313,131072,5700,0.043488,0,0,3
141,host-14,3,1,14,3,1,0,0.145063,0,32000,4642,0.145063,131072,3538,0.026993,1,0,2
141,host-15,3,0,14,3,0,0,0.147063,0,32000,4706,0.147063,131072,4194,0.031998,0,0,3
141,host-16,4,0,14,4,0,0,0.148031,0,32000,4737,0.148031,131072,4132,0.031525,0,0,4
141,host-17,4,0,14,4,0,0,0.181156,0,32000,5797,0.181156,131072,6660,0.050812,0,0,4
141,host-18,3,1,14,3,1,0,0.136406,0,32000,4365,0.136406,131072,3157,0.024086,1,0,2
141,host-19,5,0,14,5,0,0,0.218188,0,32000,6982,0.218188,131072,6852,0.052277,0,0,5
141,host-2,5,0,14,5,0,0,0.249938,0,32000,7998,0.249938,131072,8987,0.068565,0,0,5
141,host-20,3,1,14,3,1,0,0.176156,0,32000,5637,0.176156,131072,6532,0.049835,0,1,2
141,host-21,3,0,14,3,0,0,0.160719,0,32000,5143,0.160719,131072,5030,0.038376,0,0,3
141,host-22,3,0,14,3,0,0,0.152312,0,32000,4874,0.152312,131072,4969,0.037910,0,0,3
141,host-23,5,0,14,5,0,0,0.267688,0,32000,8566,0.267688,131072,8636,0.065887,0,0,5
141,host-24,5,0,14,5,0,0,0.224188,0,32000,7174,0.224188,131072,7926,0.060471,0,0,5
141,host-3,3,0,14,3,0,0,0.129500,0,32000,4144,0.129500,131072,4222,0.032211,0,0,3
141,host-4,5,0,14,5,0,0,0.253406,0,32000,8109,0.253406,131072,7673,0.058540,0,0,5
141,host-5,3,0,14,3,0,0,0.147250,0,32000,4712,0.147250,131072,5055,0.038567,0,0,3
141,host-6,3,1,14,3,1,0,0.153562,0,32000,4914,0.153562,131072,4070,0.031052,0,1,2
141,host-7,3,0,14,3,0,0,0.190031,0,32000,6081,0.190031,131072,7729,0.058968,0,0,3
141,host-8,3,0,14,3,0,0,0.182844,0,32000,5851,0.182844,131072,5717,0.043617,0,0,3
141,host-9,4,0,14,4,0,0,0.193656,0,32000,6197,0.193656,131072,6559,0.050041,0,0,4
142,host-1,5,0,14,5,0,0,0.242656,0,32000,7765,0.242656,131072,7243,0.055260,0,0,5
142,host-10,4,0,14,4,0,0,0.197594,0,32000,6323,0.197594,131072,7456,0.056885,0,0,4
142,host-11,4,0,14,4,0,0,0.191125,0,32000,6116,0.191125,131072,5295,0.040398,0,0,4
142,host-12,4,0,14,4,0,0,0.209063,0,32000,6690,0.209063,131072,7456,0.056885,0,0,4
142,host-13,3,0,14,3,0,0,0.201313,0,32000,6442,0.201313,131072,5700,0.043488,0,0,3
142,host-14,3,0,14,3,0,0,0.145063,0,32000,4642,0.145063,131072,3538,0.026993,0,0,3
142,host-15,3,0,14,3,0,0,0.147063,0,32000,4706,0.147063,131072,4194,0.031998,0,0,3
142,host-16,4,0,14,4,0,0,0.148031,0,32000,4737,0.148031,131072,4132,0.031525,0,0,4
142,host-17,4,0,14,4,0,0,0.181156,0,32000,5797,0.181156,131072,6660,0.050812,0,0,4
142,host-18,3,0,14,3,0,0,0.136406,0,32000,4365,0.136406,131072,3157,0.024086,0,0,3
142,host-19,5,0,14,5,0,0,0.218188,0,32000,6982,0.218188,131072,6852,0.052277,0,0,5
142,host-2,5,0,14,5,0,0,0.249938,0,32000,7998,0.249938,131072,8987,0.068565,0,0,5
142,host-20,3,0,14,3,0,0,0.176156,0,32000,5637,0.176156,131072,6532,0.049835,0,0,3
142,host-21,3,0,14,3,0,0,0.160719,0,32000,5143,0.160719,131072,5030,0.038376,0,0,3
142,host-22,3,0,14,3,0,0,0.152312,0,32000,4874,0.152312,131072,4969,0.037910,0,0,3
142,host-23,4,0,14,4,0,0,0.214562,0,32000,6866,0.214562,131072,7131,0.054405,0,0,4
142,host-24,5,0,14,5,0,0,0.224188,0,32000,7174,0.224188,131072,7926,0.060471,0,0,5
142,host-3,4,1,14,4,1,0,0.193469,0,32000,6191,0.193469,131072,6574,0.050156,1,0,3
142,host-4,5,0,14,5,0,0,0.253406,0,32000,8109,0.253406,131072,7673,0.058540,0,0,5
142,host-5,3,0,14,3,0,0,0.147250,0,32000,4712,0.147250,131072,5055,0.038567,0,0,3
142,host-6,3,0,14,3,0,0,0.153562,0,32000,4914,0.153562,131072,4070,0.031052,0,0,3
142,host-7,3,0,14,3,0,0,0.190031,0,32000,6081,0.190031,131072,7729,0.058968,0,0,3
142,host-8,3,0,14,3,0,0,0.182844,0,32000,5851,0.182844,131072,5717,0.043617,0,0,3
142,host-9,4,0,14,4,0,0,0.193656,0,32000,6197,0.193656,131072,6559,0.050041,0,0,4
143,host-1,3,0,14,3,0,0,0.123031,0,32000,3937,0.123031,131072,3202,0.024429,0,0,3
143,host-10,4,0,14,4,0,0,0.197594,0,32000,6323,0.197594,131072,7456,0.056885,0,0,4
143,host-11,3,0,14,3,0,0,0.138000,0,32000,4416,0.138000,131072,3790,0.028915,0,0,3
143,host-12,4,0,14,4,0,0,0.209063,0,32000,6690,0.209063,131072,7456,0.056885,0,0,4
143,host-13,3,0,14,3,0,0,0.201313,0,32000,6442,0.201313,131072,5700,0.043488,0,0,3
143,host-14,3,0,14,3,0,0,0.145063,0,32000,4642,0.145063,131072,3538,0.026993,0,0,3
143,host-15,3,0,14,3,0,0,0.147063,0,32000,4706,0.147063,131072,4194,0.031998,0,0,3
143,host-16,4,0,14,4,0,0,0.148031,0,32000,4737,0.148031,131072,4132,0.031525,0,0,4
143,host-17,4,0,14,4,0,0,0.181156,0,32000,5797,0.181156,131072,6660,0.050812,0,0,4
143,host-18,4,1,14,4,1,0,0.167031,0,32000,5345,0.167031,131072,4280,0.032654,1,0,3
143,host-19,5,0,14,5,0,0,0.218188,0,32000,6982,0.218188,131072,6852,0.052277,0,0,5
143,host-2,5,0,14,5,0,0,0.249938,0,32000,7998,0.249938,131072,8987,0.068565,0,0,5
143,host-20,3,0,14,3,0,0,0.176156,0,32000,5637,0.176156,131072,6532,0.049835,0,0,3
143,host-21,3,0,14,3,0,0,0.160719,0,32000,5143,0.160719,131072,5030,0.038376,0,0,3
143,host-22,3,0,14,3,0,0,0.152312,0,32000,4874,0.152312,131072,4969,0.037910,0,0,3
143,host-23,4,0,14,4,0,0,0.214562,0,32000,6866,0.214562,131072,7131,0.054405,0,0,4
143,host-24,5,0,14,5,0,0,0.224188,0,32000,7174,0.224188,131072,7926,0.060471,0,0,5
143,host-3,4,0,14,4,0,0,0.193469,0,32000,6191,0.193469,131072,6574,0.050156,0,0,4
143,host-4,5,0,14,5,0,0,0.253406,0,32000,8109,0.253406,131072,7673,0.058540,0,0,5
143,host-5,3,0,14,3,0,0,0.147250,0,32000,4712,0.147250,131072,5055,0.038567,0,0,3
143,host-6,3,0,14,3,0,0,0.153562,0,32000,4914,0.153562,131072,4070,0.031052,0,0,3
143,host-7,3,0,14,3,0,0,0.190031,0,32000,6081,0.190031,131072,7729,0.058968,0,0,3
143,host-8,3,0,14,3,0,0,0.182844,0,32000,5851,0.182844,131072,5717,0.043617,0,0,3
143,host-9,4,0,14,4,0,0,0.193656,0,32000,6197,0.193656,131072,6559,0.050041,0,0,4
144,host-1,3,0,14,3,0,0,0.123031,0,32000,3937,0.123031,131072,3202,0.024429,0,0,3
144,host-10,4,0,14,4,0,0,0.197594,0,32000,6323,0.197594,131072,7456,0.056885,0,0,4
144,host-11,3,0,14,3,0,0,0.138000,0,32000,4416,0.138000,131072,3790,0.028915,0,0,3
144,host-12,3,0,14,3,0,0,0.160594,0,32000,5139,0.160594,131072,5225,0.039864,0,0,3
144,host-13,3,0,14,3,0,0,0.201313,0,32000,6442,0.201313,131072,5700,0.043488,0,0,3
144,host-14,3,0,14,3,0,0,0.145063,0,32000,4642,0.145063,131072,3538,0.026993,0,0,3
144,host-15,3,0,14,3,0,0,0.147063,0,32000,4706,0.147063,131072,4194,0.031998,0,0,3
144,host-16,4,1,14,4,1,0,0.148031,0,32000,4737,0.148031,131072,4132,0.031525,0,1,3
144,host-17,4,0,14,4,0,0,0.181156,0,32000,5797,0.181156,131072,6660,0.050812,0,0,4
144,host-18,4,1,14,4,1,0,0.167031,0,32000,5345,0.167031,131072,4280,0.032654,1,0,3
144,host-19,5,0,14,5,0,0,0.218188,0,32000,6982,0.218188,131072,6852,0.052277,0,0,5
144,host-2,5,0,14,5,0,0,0.249938,0,32000,7998,0.249938,131072,8987,0.068565,0,0,5
144,host-20,3,0,14,3,0,0,0.176156,0,32000,5637,0.176156,131072,6532,0.049835,0,0,3
144,host-21,3,0,14,3,0,0,0.160719,0,32000,5143,0.160719,131072,5030,0.038376,0,0,3
144,host-22,3,0,14,3,0,0,0.152312,0,32000,4874,0.152312,131072,4969,0.037910,0,0,3
144,host-23,4,0,14,4,0,0,0.214562,0,32000,6866,0.214562,131072,7131,0.054405,0,0,4
144,host-24,5,0,14,5,0,0,0.224188,0,32000,7174,0.224188,131072,7926,0.060471,0,0,5
144,host-3,3,0,14,3,0,0,0.131938,0,32000,4222,0.131938,131072,4317,0.032936,0,0,3
144,host-4,5,0,14,5,0,0,0.253406,0,32000,8109,0.253406,131072,7673,0.058540,0,0,5
144,host-5,3,0,14,3,0,0,0.147250,0,32000,4712,0.147250,131072,5055,0.038567,0,0,3
144,host-6,3,0,14,3,0,0,0.153562,0,32000,4914,0.153562,131072,4070,0.031052,0,0,3
144,host-7,3,0,14,3,0,0,0.190031,0,32000,6081,0.190031,131072,7729,0.058968,0,0,3
144,host-8,3,0,14,3,0,0,0.182844,0,32000,5851,0.182844,131072,5717,0.043617,0,0,3
144,host-9,4,0,14,4,0,0,0.193656,0,32000,6197,0.193656,131072,6559,0.050041,0,0,4
145,host-1,4,1,14,4,1,0,0.167094,0,32000,5347,0.167094,131072,4253,0.032448,1,0,3
145,host-10,2,0,14,2,0,0,0.107813,0,32000,3450,0.107813,131072,3842,0.029312,0,0,2
145,host-11,3,0,14,3,0,0,0.138000,0,32000,4416,0.138000,131072,3790,0.028915,0,0,3
145,host-12,3,0,14,3,0,0,0.160594,0,32000,5139,0.160594,131072,5225,0.039864,0,0,3
145,host-13,2,0,14,2,0,0,0.120063,0,32000,3842,0.120063,131072,2874,0.021927,0,0,2
145,host-14,3,0,14,3,0,0,0.145063,0,32000,4642,0.145063,131072,3538,0.026993,0,0,3
145,host-15,3,0,14,3,0,0,0.147063,0,32000,4706,0.147063,131072,4194,0.031998,0,0,3
145,host-16,4,0,14,4,0,0,0.148031,0,32000,4737,0.148031,131072,4132,0.031525,0,0,4
145,host-17,4,0,14,4,0,0,0.181156,0,32000,5797,0.181156,131072,6660,0.050812,0,0,4
145,host-18,4,0,14,4,0,0,0.167031,0,32000,5345,0.167031,131072,4280,0.032654,0,0,4
145,host-19,5,0,14,5,0,0,0.218188,0,32000,6982,0.218188,131072,6852,0.052277,0,0,5
145,host-2,4,0,14,4,0,0,0.195000,0,32000,6240,0.195000,131072,7169,0.054695,0,0,4
145,host-20,3,0,14,3,0,0,0.176156,0,32000,5637,0.176156,131072,6532,0.049835,0,0,3
145,host-21,3,0,14,3,0,0,0.160719,0,32000,5143,0.160719,131072,5030,0.038376,0,0,3
145,host-22,3,0,14,3,0,0,0.152312,0,32000,4874,0.152312,131072,4969,0.037910,0,0,3
145,host-23,4,0,14,4,0,0,0.214562,0,32000,6866,0.214562,131072,7131,0.054405,0,0,4
145,host-24,5,0,14,5,0,0,0.224188,0,32000,7174,0.224188,131072,7926,0.060471,0,0,5
145,host-3,4,1,14,4,1,0,0.195563,0,32000,6258,0.195563,131072,6616,0.050476,1,0,3
145,host-4,5,0,14,5,0,0,0.253406,0,32000,8109,0.253406,131072,7673,0.058540,0,0,5
145,host-5,3,0,14,3,0,0,0.147250,0,32000,4712,0.147250,131072,5055,0.038567,0,0,3
145,host-6,3,0,14,3,0,0,0.153562,0,32000,4914,0.153562,131072,4070,0.031052,0,0,3
145,host-7,3,1,14,3,1,0,0.190031,0,32000,6081,0.190031,131072,7729,0.058968,0,1,2
145,host-8,3,0,14,3,0,0,0.182844,0,32000,5851,0.182844,131072,5717,0.043617,0,0,3
145,host-9,4,0,14,4,0,0,0.193656,0,32000,6197,0.193656,131072,6559,0.050041,0,0,4
146,host-1,4,0,14,4,0,0,0.167094,0,32000,5347,0.167094,131072,4253,0.032448,0,0,4
146,host-10,3,1,14,3,1,0,0.145000,0,32000,4640,0.145000,131072,4213,0.032143,1,0,2
146,host-11,4,1,14,4,1,0,0.168687,0,32000,5398,0.168687,131072,4150,0.031662,1,0,3
146,host-12,3,0,14,3,0,0,0.160594,0,32000,5139,0.160594,131072,5225,0.039864,0,0,3
146,host-13,3,1,14,3,1,0,0.179000,0,32000,5728,0.179000,131072,5195,0.039635,1,0,2
146,host-14,3,0,14,3,0,0,0.145063,0,32000,4642,0.145063,131072,3538,0.026993,0,0,3
146,host-15,3,0,14,3,0,0,0.147063,0,32000,4706,0.147063,131072,4194,0.031998,0,0,3
146,host-16,4,0,14,4,0,0,0.148031,0,32000,4737,0.148031,131072,4132,0.031525,0,0,4
146,host-17,4,0,14,4,0,0,0.181156,0,32000,5797,0.181156,131072,6660,0.050812,0,0,4
146,host-18,4,0,14,4,0,0,0.167031,0,32000,5345,0.167031,131072,4280,0.032654,0,0,4
146,host-19,5,0,14,5,0,0,0.218188,0,32000,6982,0.218188,131072,6852,0.052277,0,0,5
146,host-2,4,0,14,4,0,0,0.195000,0,32000,6240,0.195000,131072,7169,0.054695,0,0,4
146,host-20,3,0,14,3,0,0,0.176156,0,32000,5637,0.176156,131072,6532,0.049835,0,0,3
146,host-21,3,1,14,3,1,0,0.160719,0,32000,5143,0.160719,131072,5030,0.038376,0,1,2
146,host-22,3,0,14,3,0,0,0.152312,0,32000,4874,0.152312,131072,4969,0.037910,0,0,3
146,host-23,4,0,14,4,0,0,0.214562,0,32000,6866,0.214562,131072,7131,0.054405,0,0,4
146,host-24,5,0,14,5,0,0,0.224188,0,32000,7174,0.224188,131072,7926,0.060471,0,0,5
146,host-3,4,0,14,4,0,0,0.195563,0,32000,6258,0.195563,131072,6616,0.050476,0,0,4
146,host-4,5,0,14,5,0,0,0.253406,0,32000,8109,0.253406,131072,7673,0.058540,0,0,5
146,host-5,3,0,14,3,0,0,0.147250,0,32000,4712,0.147250,131072,5055,0.038567,0,0,3
146,host-6,3,0,14,3,0,0,0.153562,0,32000,4914,0.153562,131072,4070,0.031052,0,0,3
146,host-7,3,0,14,3,0,0,0.190031,0,32000,6081,0.190031,131072,7729,0.058968,0,0,3
146,host-8,3,0,14,3,0,0,0.182844,0,32000,5851,0.182844,131072,5717,0.043617,0,0,3
146,host-9,4,0,14,4,0,0,0.193656,0,32000,6197,0.193656,131072,6559,0.050041,0,0,4
147,host-1,4,0,14,4,0,0,0.167094,0,32000,5347,0.167094,131072,4253,0.032448,0,0,4
147,host-10,4,1,14,4,1,0,0.193531,0,32000,6193,0.193531,131072,5940,0.045319,1,0,3
147,host-11,4,1,14,4,1,0,0.168687,0,32000,5398,0.168687,131072,4150,0.031662,1,0,3
147,host-12,3,0,14,3,0,0,0.160594,0,32000,5139,0.160594,131072,5225,0.039864,0,0,3
147,host-13,3,0,14,3,0,0,0.179000,0,32000,5728,0.179000,131072,5195,0.039635,0,0,3
147,host-14,4,1,14,4,1,0,0.183312,0,32000,5866,0.183312,131072,4371,0.033348,1,0,3
147,host-15,4,1,14,4,1,0,0.208594,0,32000,6675,0.208594,131072,6451,0.049217,1,0,3
147,host-16,5,1,14,5,1,0,0.215312,0,32000,6890,0.215312,131072,6768,0.051636,1,0,4
147,host-17,4,0,14,4,0,0,0.181156,0,32000,5797,0.181156,131072,6660,0.050812,0,0,4
147,host-18,4,0,14,4,0,0,0.167031,0,32000,5345,0.167031,131072,4280,0.032654,0,0,4
147,host-19,5,1,14,5,1,0,0.218188,0,32000,6982,0.218188,131072,6852,0.052277,0,1,4
147,host-2,4,1,14,4,1,0,0.189875,0,32000,6076,0.189875,131072,6302,0.048080,1,0,3
147,host-20,3,0,14,3,0,0,0.176156,0,32000,5637,0.176156,131072,6532,0.049835,0,0,3
147,host-21,3,0,14,3,0,0,0.160719,0,32000,5143,0.160719,131072,5030,0.038376,0,0,3
147,host-22,3,0,14,3,0,0,0.152312,0,32000,4874,0.152312,131072,4969,0.037910,0,0,3
147,host-23,4,0,14,4,0,0,0.214562,0,32000,6866,0.214562,131072,7131,0.054405,0,0,4
147,host-24,5,0,14,5,0,0,0.224188,0,32000,7174,0.224188,131072,7926,0.060471,0,0,5
147,host-3,3,0,14,3,0,0,0.153562,0,32000,4914,0.153562,131072,5700,0.043488,0,0,3
147,host-4,5,0,14,5,0,0,0.253406,0,32000,8109,0.253406,131072,7673,0.058540,0,0,5
147,host-5,4,1,14,4,1,0,0.195719,0,32000,6263,0.195719,131072,7286,0.055588,1,0,3
147,host-6,3,0,14,3,0,0,0.153562,0,32000,4914,0.153562,131072,4070,0.031052,0,0,3
147,host-7,3,0,14,3,0,0,0.190031,0,32000,6081,0.190031,131072,7729,0.058968,0,0,3
147,host-8,3,0,14,3,0,0,0.182844,0,32000,5851,0.182844,131072,5717,0.043617,0,0,3
147,host-9,4,0,14,4,0,0,0.193656,0,32000,6197,0.193656,131072,6559,0.050041,0,0,4
148,host-1,4,0,14,4,0,0,0.167094,0,32000,5347,0.167094,131072,4253,0.032448,0,0,4
148,host-10,4,1,14,4,1,0,0.193531,0,32000,6193,0.193531,131072,5940,0.045319,0,1,3
148,host-11,4,1,14,4,1,0,0.168687,0,32000,5398,0.168687,131072,4150,0.031662,0,1,3
148,host-12,3,1,14,3,1,0,0.147313,0,32000,4714,0.147313,131072,4798,0.036606,1,0,2
148,host-13,3,0,14,3,0,0,0.179000,0,32000,5728,0.179000,131072,5195,0.039635,0,0,3
148,host-14,4,1,14,4,1,0,0.183312,0,32000,5866,0.183312,131072,4371,0.033348,0,1,3
148,host-15,4,0,14,4,0,0,0.208594,0,32000,6675,0.208594,131072,6451,0.049217,0,0,4
148,host-16,5,1,14,5,1,0,0.215312,0,32000,6890,0.215312,131072,6768,0.051636,1,0,4
148,host-17,3,0,14,3,0,0,0.119281,0,32000,3817,0.119281,131072,4483,0.034203,0,0,3
148,host-18,4,0,14,4,0,0,0.167031,0,32000,5345,0.167031,131072,4280,0.032654,0,0,4
148,host-19,5,0,14,5,0,0,0.218188,0,32000,6982,0.218188,131072,6852,0.052277,0,0,5
148,host-2,4,0,14,4,0,0,0.189875,0,32000,6076,0.189875,131072,6302,0.048080,0,0,4
148,host-20,3,0,14,3,0,0,0.176156,0,32000,5637,0.176156,131072,6532,0.049835,0,0,3
148,host-21,4,1,14,4,1,0,0.204000,0,32000,6528,0.204000,131072,6108,0.046600,1,0,3
148,host-22,4,1,14,4,1,0,0.195031,0,32000,6241,0.195031,131072,6211,0.047386,1,0,3
148,host-23,3,0,14,3,0,0,0.152688,0,32000,4886,0.152688,131072,4954,0.037796,0,0,3
148,host-24,4,0,14,4,0,0,0.167781,0,32000,5369,0.167781,131072,6250,0.047684,0,0,4
148,host-3,4,1,14,4,1,0,0.220844,0,32000,7067,0.220844,131072,8336,0.063599,1,0,3
148,host-4,4,0,14,4,0,0,0.196969,0,32000,6303,0.196969,131072,5549,0.042336,0,0,4
148,host-5,4,0,14,4,0,0,0.195719,0,32000,6263,0.195719,131072,7286,0.055588,0,0,4
148,host-6,3,1,14,3,1,0,0.157031,0,32000,5025,0.157031,131072,4386,0.033463,1,0,2
148,host-7,3,0,14,3,0,0,0.190031,0,32000,6081,0.190031,131072,7729,0.058968,0,0,3
148,host-8,3,0,14,3,0,0,0.182844,0,32000,5851,0.182844,131072,5717,0.043617,0,0,3
148,host-9,4,0,14,4,0,0,0.193656,0,32000,6197,0.193656,131072,6559,0.050041,0,0,4
149,host-1,4,0,14,4,0,0,0.167094,0,32000,5347,0.167094,131072,4253,0.032448,0,0,4
149,host-10,4,0,14,4,0,0,0.193531,0,32000,6193,0.193531,131072,5940,0.045319,0,0,4
149,host-11,4,0,14,4,0,0,0.168687,0,32000,5398,0.168687,131072,4150,0.031662,0,0,4
149,host-12,4,2,14,4,2,0,0.200250,0,32000,6408,0.200250,131072,7059,0.053856,1,1,2
149,host-13,3,0,14,3,0,0,0.179000,0,32000,5728,0.179000,131072,5195,0.039635,0,0,3
149,host-14,4,0,14,4,0,0,0.183312,0,32000,5866,0.183312,131072,4371,0.033348,0,0,4
149,host-15,4,0,14,4,0,0,0.208594,0,32000,6675,0.208594,131072,6451,0.049217,0,0,4
149,host-16,5,0,14,5,0,0,0.215312,0,32000,6890,0.215312,131072,6768,0.051636,0,0,5
149,host-17,4,1,14,4,1,0,0.154469,0,32000,4943,0.154469,131072,5399,0.041191,1,0,3
149,host-18,3,0,14,3,0,0,0.098250,0,32000,3144,0.098250,131072,2404,0.018341,0,0,3
149,host-19,5,0,14,5,0,0,0.218188,0,32000,6982,0.218188,131072,6852,0.052277,0,0,5
149,host-2,4,0,14,4,0,0,0.189875,0,32000,6076,0.189875,131072,6302,0.048080,0,0,4
149,host-20,3,0,14,3,0,0,0.176156,0,32000,5637,0.176156,131072,6532,0.049835,0,0,3
149,host-21,4,1,14,4,1,0,0.204000,0,32000,6528,0.204000,131072,6108,0.046600,0,1,3
149,host-22,4,0,14,4,0,0,0.195031,0,32000,6241,0.195031,131072,6211,0.047386,0,0,4
149,host-23,3,2,14,3,2,0,0.152688,0,32000,4886,0.152688,131072,4954,0.037796,0,2,1
149,host-24,4,0,14,4,0,0,0.167781,0,32000,5369,0.167781,131072,6250,0.047684,0,0,4
149,host-3,4,0,14,4,0,0,0.220844,0,32000,7067,0.220844,131072,8336,0.063599,0,0,4
149,host-4,4,0,14,4,0,0,0.196969,0,32000,6303,0.196969,131072,5549,0.042336,0,0,4
149,host-5,3,0,14,3,0,0,0.146437,0,32000,4686,0.146437,131072,5359,0.040886,0,0,3
149,host-6,3,0,14,3,0,0,0.157031,0,32000,5025,0.157031,131072,4386,0.033463,0,0,3
149,host-7,3,0,14,3,0,0,0.190031,0,32000,6081,0.190031,131072,7729,0.058968,0,0,3
149,host-8,3,0,14,3,0,0,0.182844,0,32000,5851,0.182844,131072,5717,0.043617,0,0,3
149,host-9,4,0,14,4,0,0,0.193656,0,32000,6197,0.193656,131072,6559,0.050041,0,0,4
150,host-1,3,0,14,3,0,0,0.118719,0,32000,3799,0.118719,131072,3210,0.024490,0,0,3
150,host-10,4,0,14,4,0,0,0.193531,0,32000,6193,0.193531,131072,5940,0.045319,0,0,4
150,host-11,4,0,14,4,0,0,0.168687,0,32000,5398,0.168687,131072,4150,0.031662,0,0,4
150,host-12,3,1,14,3,1,0,0.155656,0,32000,4981,0.155656,131072,5834,0.044510,0,1,2
150,host-13,3,1,14,3,1,0,0.179000,0,32000,5728,0.179000,131072,5195,0.039635,0,1,2
150,host-14,4,0,14,4,0,0,0.183312,0,32000,5866,0.183312,131072,4371,0.033348,0,0,4
150,host-15,4,0,14,4,0,0,0.208594,0,32000,6675,0.208594,131072,6451,0.049217,0,0,4
150,host-16,5,0,14,5,0,0,0.215312,0,32000,6890,0.215312,131072,6768,0.051636,0,0,5
150,host-17,4,0,14,4,0,0,0.154469,0,32000,4943,0.154469,131072,5399,0.041191,0,0,4
150,host-18,4,1,14,4,1,0,0.161438,0,32000,5166,0.161438,131072,4673,0.035652,1,0,3
150,host-19,5,0,14,5,0,0,0.218188,0,32000,6982,0.218188,131072,6852,0.052277,0,0,5
150,host-2,4,0,14,4,0,0,0.189875,0,32000,6076,0.189875,131072,6302,0.048080,0,0,4
150,host-20,3,0,14,3,0,0,0.176156,0,32000,5637,0.176156,131072,6532,0.049835,0,0,3
150,host-21,4,0,14,4,0,0,0.204000,0,32000,6528,0.204000,131072,6108,0.046600,0,0,4
150,host-22,3,0,14,3,0,0,0.150531,0,32000,4817,0.150531,131072,5063,0.038628,0,0,3
150,host-23,3,0,14,3,0,0,0.152688,0,32000,4886,0.152688,131072,4954,0.037796,0,0,3
150,host-24,4,1,14,4,1,0,0.167781,0,32000,5369,0.167781,131072,6250,0.047684,0,1,3
150,host-3,4,0,14,4,0,0,0.220844,0,32000,7067,0.220844,131072,8336,0.063599,0,0,4
150,host-4,4,0,14,4,0,0,0.196969,0,32000,6303,0.196969,131072,5549,0.042336,0,0,4
150,host-5,3,0,14,3,0,0,0.146437,0,32000,4686,0.146437,131072,5359,0.040886,0,0,3
150,host-6,3,0,14,3,0,0,0.157031,0,32000,5025,0.157031,131072,4386,0.033463,0,0,3
150,host-7,2,0,14,2,0,0,0.121906,0,32000,3901,0.121906,131072,4998,0.038132,0,0,2
150,host-8,3,0,14,3,0,0,0.182844,0,32000,5851,0.182844,131072,5717,0.043617,0,0,3
150,host-9,4,0,14,4,0,0,0.193656,0,32000,6197,0.193656,131072,6559,0.050041,0,0,4
151,host-1,4,1,14,4,1,0,0.194688,0,32000,6230,0.194688,131072,6130,0.046768,1,0,3
151,host-10,4,0,14,4,0,0,0.193531,0,32000,6193,0.193531,131072,5940,0.045319,0,0,4
151,host-11,4,0,14,4,0,0,0.168687,0,32000,5398,0.168687,131072,4150,0.031662,0,0,4
151,host-12,3,0,14,3,0,0,0.155656,0,32000,4981,0.155656,131072,5834,0.044510,0,0,3
151,host-13,3,0,14,3,0,0,0.179000,0,32000,5728,0.179000,131072,5195,0.039635,0,0,3
151,host-14,4,0,14,4,0,0,0.183312,0,32000,5866,0.183312,131072,4371,0.033348,0,0,4
151,host-15,4,0,14,4,0,0,0.208594,0,32000,6675,0.208594,131072,6451,0.049217,0,0,4
151,host-16,5,0,14,5,0,0,0.215312,0,32000,6890,0.215312,131072,6768,0.051636,0,0,5
151,host-17,4,0,14,4,0,0,0.154469,0,32000,4943,0.154469,131072,5399,0.041191,0,0,4
151,host-18,4,0,14,4,0,0,0.161438,0,32000,5166,0.161438,131072,4673,0.035652,0,0,4
151,host-19,5,0,14,5,0,0,0.218188,0,32000,6982,0.218188,131072,6852,0.052277,0,0,5
151,host-2,4,1,14,4,1,0,0.189875,0,32000,6076,0.189875,131072,6302,0.048080,0,1,3
151,host-20,3,1,14,3,1,0,0.176156,0,32000,5637,0.176156,131072,6532,0.049835,0,1,2
151,host-21,4,0,14,4,0,0,0.204000,0,32000,6528,0.204000,131072,6108,0.046600,0,0,4
151,host-22,3,0,14,3,0,0,0.150531,0,32000,4817,0.150531,131072,5063,0.038628,0,0,3
151,host-23,3,0,14,3,0,0,0.152688,0,32000,4886,0.152688,131072,4954,0.037796,0,0,3
151,host-24,4,0,14,4,0,0,0.167781,0,32000,5369,0.167781,131072,6250,0.047684,0,0,4
151,host-3,4,0,14,4,0,0,0.220844,0,32000,7067,0.220844,131072,8336,0.063599,0,0,4
151,host-4,4,0,14,4,0,0,0.196969,0,32000,6303,0.196969,131072,5549,0.042336,0,0,4
151,host-5,3,0,14,3,0,0,0.146437,0,32000,4686,0.146437,131072,5359,0.040886,0,0,3
151,host-6,3,0,14,3,0,0,0.157031,0,32000,5025,0.157031,131072,4386,0.033463,0,0,3
151,host-7,3,1,14,3,1,0,0.166406,0,32000,5325,0.166406,131072,6146,0.046890,1,0,2
151,host-8,3,0,14,3,0,0,0.182844,0,32000,5851,0.182844,131072,5717,0.043617,0,0,3
151,host-9,4,0,14,4,0,0,0.193656,0,32000,6197,0.193656,131072,6559,0.050041,0,0,4
152,host-1,4,1,14,4,1,0,0.194688,0,32000,6230,0.194688,131072,6130,0.046768,1,0,3
152,host-10,3,0,14,3,0,0,0.152250,0,32000,4872,0.152250,131072,4319,0.032951,0,0,3
152,host-11,4,0,14,4,0,0,0.168687,0,32000,5398,0.168687,131072,4150,0.031662,0,0,4
152,host-12,2,0,14,2,0,0,0.096062,0,32000,3074,0.096062,131072,3510,0.026779,0,0,2
152,host-13,3,0,14,3,0,0,0.179000,0,32000,5728,0.179000,131072,5195,0.039635,0,0,3
152,host-14,4,0,14,4,0,0,0.183312,0,32000,5866,0.183312,131072,4371,0.033348,0,0,4
152,host-15,4,0,14,4,0,0,0.208594,0,32000,6675,0.208594,131072,6451,0.049217,0,0,4
152,host-16,5,0,14,5,0,0,0.215312,0,32000,6890,0.215312,131072,6768,0.051636,0,0,5
152,host-17,5,1,14,5,1,0,0.202844,0,32000,6491,0.202844,131072,6442,0.049149,1,0,4
152,host-18,4,1,14,4,1,0,0.161438,0,32000,5166,0.161438,131072,4673,0.035652,0,1,3
152,host-19,5,0,14,5,0,0,0.218188,0,32000,6982,0.218188,131072,6852,0.052277,0,0,5
152,host-2,4,0,14,4,0,0,0.189875,0,32000,6076,0.189875,131072,6302,0.048080,0,0,4
152,host-20,2,0,14,2,0,0,0.131875,0,32000,4220,0.131875,131072,5212,0.039764,0,0,2
152,host-21,4,1,14,4,1,0,0.204000,0,32000,6528,0.204000,131072,6108,0.046600,0,1,3
152,host-22,4,1,14,4,1,0,0.191750,0,32000,6136,0.191750,131072,5938,0.045303,1,0,3
152,host-23,4,1,14,4,1,0,0.223781,0,32000,7161,0.223781,131072,7268,0.055450,1,0,3
152,host-24,4,0,14,4,0,0,0.167781,0,32000,5369,0.167781,131072,6250,0.047684,0,0,4
152,host-3,4,0,14,4,0,0,0.220844,0,32000,7067,0.220844,131072,8336,0.063599,0,0,4
152,host-4,4,0,14,4,0,0,0.196969,0,32000,6303,0.196969,131072,5549,0.042336,0,0,4
152,host-5,4,1,14,4,1,0,0.191031,0,32000,6113,0.191031,131072,6584,0.050232,1,0,3
152,host-6,3,0,14,3,0,0,0.157031,0,32000,5025,0.157031,131072,4386,0.033463,0,0,3
152,host-7,3,0,14,3,0,0,0.166406,0,32000,5325,0.166406,131072,6146,0.046890,0,0,3
152,host-8,3,0,14,3,0,0,0.182844,0,32000,5851,0.182844,131072,5717,0.043617,0,0,3
152,host-9,4,0,14,4,0,0,0.193656,0,32000,6197,0.193656,131072,6559,0.050041,0,0,4
153,host-1,4,0,14,4,0,0,0.194688,0,32000,6230,0.194688,131072,6130,0.046768,0,0,4
153,host-10,3,0,14,3,0,0,0.152250,0,32000,4872,0.152250,131072,4319,0.032951,0,0,3
153,host-11,4,0,14,4,0,0,0.168687,0,32000,5398,0.168687,131072,4150,0.031662,0,0,4
153,host-12,3,1,14,3,1,0,0.164156,0,32000,5253,0.164156,131072,5940,0.045319,1,0,2
153,host-13,3,0,14,3,0,0,0.179000,0,32000,5728,0.179000,131072,5195,0.039635,0,0,3
153,host-14,4,0,14,4,0,0,0.183312,0,32000,5866,0.183312,131072,4371,0.033348,0,0,4
153,host-15,3,0,14,3,0,0,0.172094,0,32000,5507,0.172094,131072,6101,0.046547,0,0,3
153,host-16,5,0,14,5,0,0,0.215312,0,32000,6890,0.215312,131072,6768,0.051636,0,0,5
153,host-17,5,1,14,5,1,0,0.202844,0,32000,6491,0.202844,131072,6442,0.049149,1,0,4
153,host-18,4,0,14,4,0,0,0.161438,0,32000,5166,0.161438,131072,4673,0.035652,0,0,4
153,host-19,5,0,14,5,0,0,0.218188,0,32000,6982,0.218188,131072,6852,0.052277,0,0,5
153,host-2,4,0,14,4,0,0,0.189875,0,32000,6076,0.189875,131072,6302,0.048080,0,0,4
153,host-20,3,2,14,3,2,0,0.194688,0,32000,6230,0.194688,131072,7626,0.058182,1,1,1
153,host-21,4,1,14,4,1,0,0.204000,0,32000,6528,0.204000,131072,6108,0.046600,0,1,3
153,host-22,4,1,14,4,1,0,0.191750,0,32000,6136,0.191750,131072,5938,0.045303,1,0,3
153,host-23,4,1,14,4,1,0,0.223781,0,32000,7161,0.223781,131072,7268,0.055450,0,1,3
153,host-24,4,1,14,4,1,0,0.169531,0,32000,5425,0.169531,131072,6486,0.049484,1,0,3
153,host-3,4,0,14,4,0,0,0.220844,0,32000,7067,0.220844,131072,8336,0.063599,0,0,4
153,host-4,4,0,14,4,0,0,0.196969,0,32000,6303,0.196969,131072,5549,0.042336,0,0,4
153,host-5,4,0,14,4,0,0,0.191031,0,32000,6113,0.191031,131072,6584,0.050232,0,0,4
153,host-6,3,0,14,3,0,0,0.157031,0,32000,5025,0.157031,131072,4386,0.033463,0,0,3
153,host-7,3,0,14,3,0,0,0.166406,0,32000,5325,0.166406,131072,6146,0.046890,0,0,3
153,host-8,2,0,14,2,0,0,0.137781,0,32000,4409,0.137781,131072,4952,0.037781,0,0,2
153,host-9,4,0,14,4,0,0,0.193656,0,32000,6197,0.193656,131072,6559,0.050041,0,0,4
154,host-1,3,0,14,3,0,0,0.170313,0,32000,5450,0.170313,131072,5500,0.041962,0,0,3
154,host-10,3,0,14,3,0,0,0.152250,0,32000,4872,0.152250,131072,4319,0.032951,0,0,3
154,host-11,4,0,14,4,0,0,0.168687,0,32000,5398,0.168687,131072,4150,0.031662,0,0,4
154,host-12,3,1,14,3,1,0,0.164156,0,32000,5253,0.164156,131072,5940,0.045319,0,1,2
154,host-13,3,0,14,3,0,0,0.179000,0,32000,5728,0.179000,131072,5195,0.039635,0,0,3
154,host-14,4,0,14,4,0,0,0.183312,0,32000,5866,0.183312,131072,4371,0.033348,0,0,4
154,host-15,2,0,14,2,0,0,0.136344,0,32000,4363,0.136344,131072,4793,0.036568,0,0,2
154,host-16,5,0,14,5,0,0,0.215312,0,32000,6890,0.215312,131072,6768,0.051636,0,0,5
154,host-17,5,0,14,5,0,0,0.202844,0,32000,6491,0.202844,131072,6442,0.049149,0,0,5
154,host-18,4,0,14,4,0,0,0.161438,0,32000,5166,0.161438,131072,4673,0.035652,0,0,4
154,host-19,5,0,14,5,0,0,0.218188,0,32000,6982,0.218188,131072,6852,0.052277,0,0,5
154,host-2,3,0,14,3,0,0,0.145250,0,32000,4648,0.145250,131072,5254,0.040085,0,0,3
154,host-20,3,1,14,3,1,0,0.194688,0,32000,6230,0.194688,131072,7626,0.058182,1,0,2
154,host-21,4,0,14,4,0,0,0.204000,0,32000,6528,0.204000,131072,6108,0.046600,0,0,4
154,host-22,3,0,14,3,0,0,0.161250,0,32000,5160,0.161250,131072,4677,0.035683,0,0,3
154,host-23,4,0,14,4,0,0,0.223781,0,32000,7161,0.223781,131072,7268,0.055450,0,0,4
154,host-24,4,1,14,4,1,0,0.169531,0,32000,5425,0.169531,131072,6486,0.049484,1,0,3
154,host-3,4,0,14,4,0,0,0.220844,0,32000,7067,0.220844,131072,8336,0.063599,0,0,4
154,host-4,4,0,14,4,0,0,0.196969,0,32000,6303,0.196969,131072,5549,0.042336,0,0,4
154,host-5,4,0,14,4,0,0,0.191031,0,32000,6113,0.191031,131072,6584,0.050232,0,0,4
154,host-6,3,1,14,3,1,0,0.157031,0,32000,5025,0.157031,131072,4386,0.033463,0,1,2
154,host-7,3,1,14,3,1,0,0.166406,0,32000,5325,0.166406,131072,6146,0.046890,0,1,2
154,host-8,3,1,14,3,1,0,0.206063,0,32000,6594,0.206063,131072,7657,0.058418,1,0,2
154,host-9,4,0,14,4,0,0,0.193656,0,32000,6197,0.193656,131072,6559,0.050041,0,0,4
155,host-1,3,0,14,3,0,0,0.170313,0,32000,5450,0.170313,131072,5500,0.041962,0,0,3
155,host-10,3,0,14,3,0,0,0.152250,0,32000,4872,0.152250,131072,4319,0.032951,0,0,3
155,host-11,4,0,14,4,0,0,0.168687,0,32000,5398,0.168687,131072,4150,0.031662,0,0,4
155,host-12,3,0,14,3,0,0,0.164156,0,32000,5253,0.164156,131072,5940,0.045319,0,0,3
155,host-13,3,0,14,3,0,0,0.179000,0,32000,5728,0.179000,131072,5195,0.039635,0,0,3
155,host-14,4,0,14,4,0,0,0.183312,0,32000,5866,0.183312,131072,4371,0.033348,0,0,4
155,host-15,2,1,14,2,1,0,0.089781,0,32000,2873,0.089781,131072,3622,0.027634,1,0,1
155,host-16,5,0,14,5,0,0,0.215312,0,32000,6890,0.215312,131072,6768,0.051636,0,0,5
155,host-17,5,1,14,5,1,0,0.202844,0,32000,6491,0.202844,131072,6442,0.049149,0,1,4
155,host-18,4,0,14,4,0,0,0.161438,0,32000,5166,0.161438,131072,4673,0.035652,0,0,4
155,host-19,5,0,14,5,0,0,0.218188,0,32000,6982,0.218188,131072,6852,0.052277,0,0,5
155,host-2,3,0,14,3,0,0,0.145250,0,32000,4648,0.145250,131072,5254,0.040085,0,0,3
155,host-20,3,0,14,3,0,0,0.194688,0,32000,6230,0.194688,131072,7626,0.058182,0,0,3
155,host-21,4,0,14,4,0,0,0.204000,0,32000,6528,0.204000,131072,6108,0.046600,0,0,4
155,host-22,3,0,14,3,0,0,0.161250,0,32000,5160,0.161250,131072,4677,0.035683,0,0,3
155,host-23,4,0,14,4,0,0,0.223781,0,32000,7161,0.223781,131072,7268,0.055450,0,0,4
155,host-24,4,0,14,4,0,0,0.169531,0,32000,5425,0.169531,131072,6486,0.049484,0,0,4
155,host-3,4,0,14,4,0,0,0.220844,0,32000,7067,0.220844,131072,8336,0.063599,0,0,4
155,host-4,4,1,14,4,1,0,0.196969,0,32000,6303,0.196969,131072,5549,0.042336,0,1,3
155,host-5,4,0,14,4,0,0,0.191031,0,32000,6113,0.191031,131072,6584,0.050232,0,0,4
155,host-6,3,0,14,3,0,0,0.157031,0,32000,5025,0.157031,131072,4386,0.033463,0,0,3
155,host-7,2,0,14,2,0,0,0.108563,0,32000,3474,0.108563,131072,3834,0.029251,0,0,2
155,host-8,3,2,14,3,2,0,0.206063,0,32000,6594,0.206063,131072,7657,0.058418,0,2,1
155,host-9,3,0,14,3,0,0,0.159844,0,32000,5115,0.159844,131072,5259,0.040123,0,0,3
156,host-1,3,0,14,3,0,0,0.170313,0,32000,5450,0.170313,131072,5500,0.041962,0,0,3
156,host-10,3,0,14,3,0,0,0.152250,0,32000,4872,0.152250,131072,4319,0.032951,0,0,3
156,host-11,4,1,14,4,1,0,0.168687,0,32000,5398,0.168687,131072,4150,0.031662,0,1,3
156,host-12,3,0,14,3,0,0,0.164156,0,32000,5253,0.164156,131072,5940,0.045319,0,0,3
156,host-13,3,1,14,3,1,0,0.179000,0,32000,5728,0.179000,131072,5195,0.039635,0,1,2
156,host-14,4,0,14,4,0,0,0.183312,0,32000,5866,0.183312,131072,4371,0.033348,0,0,4
156,host-15,4,2,14,4,2,0,0.190438,0,32000,6094,0.190438,131072,7131,0.054405,2,0,2
156,host-16,5,0,14,5,0,0,0.215312,0,32000,6890,0.215312,131072,6768,0.051636,0,0,5
156,host-17,5,0,14,5,0,0,0.202844,0,32000,6491,0.202844,131072,6442,0.049149,0,0,5
156,host-18,4,0,14,4,0,0,0.161438,0,32000,5166,0.161438,131072,4673,0.035652,0,0,4
156,host-19,4,0,14,4,0,0,0.186250,0,32000,5960,0.186250,131072,6271,0.047844,0,0,4
156,host-2,4,1,14,4,1,0,0.186531,0,32000,5969,0.186531,131072,6875,0.052452,1,0,3
156,host-20,3,0,14,3,0,0,0.194688,0,32000,6230,0.194688,131072,7626,0.058182,0,0,3
156,host-21,4,0,14,4,0,0,0.204000,0,32000,6528,0.204000,131072,6108,0.046600,0,0,4
156,host-22,3,0,14,3,0,0,0.161250,0,32000,5160,0.161250,131072,4677,0.035683,0,0,3
156,host-23,4,0,14,4,0,0,0.223781,0,32000,7161,0.223781,131072,7268,0.055450,0,0,4
156,host-24,4,0,14,4,0,0,0.169531,0,32000,5425,0.169531,131072,6486,0.049484,0,0,4
156,host-3,4,0,14,4,0,0,0.220844,0,32000,7067,0.220844,131072,8336,0.063599,0,0,4
156,host-4,3,0,14,3,0,0,0.154469,0,32000,4943,0.154469,131072,4652,0.035492,0,0,3
156,host-5,4,0,14,4,0,0,0.191031,0,32000,6113,0.191031,131072,6584,0.050232,0,0,4
156,host-6,3,0,14,3,0,0,0.157031,0,32000,5025,0.157031,131072,4386,0.033463,0,0,3
156,host-7,4,2,14,4,2,0,0.185719,0,32000,5943,0.185719,131072,6008,0.045837,2,0,2
156,host-8,3,0,14,3,0,0,0.206063,0,32000,6594,0.206063,131072,7657,0.058418,0,0,3
156,host-9,3,0,14,3,0,0,0.159844,0,32000,5115,0.159844,131072,5259,0.040123,0,0,3
157,host-1,3,0,14,3,0,0,0.170313,0,32000,5450,0.170313,131072,5500,0.041962,0,0,3
157,host-10,4,1,14,4,1,0,0.185594,0,32000,5939,0.185594,131072,5335,0.040703,1,0,3
157,host-11,4,0,14,4,0,0,0.168687,0,32000,5398,0.168687,131072,4150,0.031662,0,0,4
157,host-12,3,0,14,3,0,0,0.164156,0,32000,5253,0.164156,131072,5940,0.045319,0,0,3
157,host-13,3,0,14,3,0,0,0.179000,0,32000,5728,0.179000,131072,5195,0.039635,0,0,3
157,host-14,4,0,14,4,0,0,0.183312,0,32000,5866,0.183312,131072,4371,0.033348,0,0,4
157,host-15,4,2,14,4,2,0,0.190438,0,32000,6094,0.190438,131072,7131,0.054405,0,2,2
157,host-16,5,0,14,5,0,0,0.215312,0,32000,6890,0.215312,131072,6768,0.051636,0,0,5
157,host-17,5,0,14,5,0,0,0.202844,0,32000,6491,0.202844,131072,6442,0.049149,0,0,5
157,host-18,4,0,14,4,0,0,0.161438,0,32000,5166,0.161438,131072,4673,0.035652,0,0,4
157,host-19,4,0,14,4,0,0,0.186250,0,32000,5960,0.186250,131072,6271,0.047844,0,0,4
157,host-2,4,1,14,4,1,0,0.186531,0,32000,5969,0.186531,131072,6875,0.052452,1,0,3
157,host-20,3,0,14,3,0,0,0.194688,0,32000,6230,0.194688,131072,7626,0.058182,0,0,3
157,host-21,4,0,14,4,0,0,0.204000,0,32000,6528,0.204000,131072,6108,0.046600,0,0,4
157,host-22,3,0,14,3,0,0,0.161250,0,32000,5160,0.161250,131072,4677,0.035683,0,0,3
157,host-23,4,0,14,4,0,0,0.223781,0,32000,7161,0.223781,131072,7268,0.055450,0,0,4
157,host-24,4,0,14,4,0,0,0.169531,0,32000,5425,0.169531,131072,6486,0.049484,0,0,4
157,host-3,4,0,14,4,0,0,0.220844,0,32000,7067,0.220844,131072,8336,0.063599,0,0,4
157,host-4,3,0,14,3,0,0,0.154469,0,32000,4943,0.154469,131072,4652,0.035492,0,0,3
157,host-5,4,0,14,4,0,0,0.191031,0,32000,6113,0.191031,131072,6584,0.050232,0,0,4
157,host-6,3,0,14,3,0,0,0.157031,0,32000,5025,0.157031,131072,4386,0.033463,0,0,3
157,host-7,4,0,14,4,0,0,0.185719,0,32000,5943,0.185719,131072,6008,0.045837,0,0,4
157,host-8,3,0,14,3,0,0,0.206063,0,32000,6594,0.206063,131072,7657,0.058418,0,0,3
157,host-9,3,0,14,3,0,0,0.159844,0,32000,5115,0.159844,131072,5259,0.040123,0,0,3
158,host-1,3,0,14,3,0,0,0.170313,0,32000,5450,0.170313,131072,5500,0.041962,0,0,3
158,host-10,4,0,14,4,0,0,0.185594,0,32000,5939,0.185594,131072,5335,0.040703,0,0,4
158,host-11,4,0,14,4,0,0,0.168687,0,32000,5398,0.168687,131072,4150,0.031662,0,0,4
158,host-12,3,0,14,3,0,0,0.164156,0,32000,5253,0.164156,131072,5940,0.045319,0,0,3
158,host-13,3,0,14,3,0,0,0.179000,0,32000,5728,0.179000,131072,5195,0.039635,0,0,3
158,host-14,4,0,14,4,0,0,0.183312,0,32000,5866,0.183312,131072,4371,0.033348,0,0,4
158,host-15,4,0,14,4,0,0,0.190438,0,32000,6094,0.190438,131072,7131,0.054405,0,0,4
158,host-16,5,0,14,5,0,0,0.215312,0,32000,6890,0.215312,131072,6768,0.051636,0,0,5
158,host-17,5,0,14,5,0,0,0.202844,0,32000,6491,0.202844,131072,6442,0.049149,0,0,5
158,host-18,4,0,14,4,0,0,0.161438,0,32000,5166,0.161438,131072,4673,0.035652,0,0,4
158,host-19,4,0,14,4,0,0,0.186250,0,32000,5960,0.186250,131072,6271,0.047844,0,0,4
158,host-2,4,0,14,4,0,0,0.186531,0,32000,5969,0.186531,131072,6875,0.052452,0,0,4
158,host-20,3,0,14,3,0,0,0.194688,0,32000,6230,0.194688,131072,7626,0.058182,0,0,3
158,host-21,4,0,14,4,0,0,0.204000,0,32000,6528,0.204000,131072,6108,0.046600,0,0,4
158,host-22,3,0,14,3,0,0,0.161250,0,32000,5160,0.161250,131072,4677,0.035683,0,0,3
158,host-23,4,0,14,4,0,0,0.223781,0,32000,7161,0.223781,131072,7268,0.055450,0,0,4
158,host-24,4,0,14,4,0,0,0.169531,0,32000,5425,0.169531,131072,6486,0.049484,0,0,4
158,host-3,4,0,14,4,0,0,0.220844,0,32000,7067,0.220844,131072,8336,0.063599,0,0,4
158,host-4,4,1,14,4,1,0,0.210875,0,32000,6748,0.210875,131072,6328,0.048279,1,0,3
158,host-5,4,1,14,4,1,0,0.191031,0,32000,6113,0.191031,131072,6584,0.050232,0,1,3
158,host-6,4,1,14,4,1,0,0.218500,0,32000,6992,0.218500,131072,6887,0.052544,1,0,3
158,host-7,4,0,14,4,0,0,0.185719,0,32000,5943,0.185719,131072,6008,0.045837,0,0,4
158,host-8,3,1,14,3,1,0,0.206063,0,32000,6594,0.206063,131072,7657,0.058418,0,1,2
158,host-9,3,0,14,3,0,0,0.159844,0,32000,5115,0.159844,131072,5259,0.040123,0,0,3
159,host-1,3,0,14,3,0,0,0.170313,0,32000,5450,0.170313,131072,5500,0.041962,0,0,3
159,host-10,4,0,14,4,0,0,0.185594,0,32000,5939,0.185594,131072,5335,0.040703,0,0,4
159,host-11,4,0,14,4,0,0,0.168687,0,32000,5398,0.168687,131072,4150,0.031662,0,0,4
159,host-12,3,0,14,3,0,0,0.164156,0,32000,5253,0.164156,131072,5940,0.045319,0,0,3
159,host-13,3,0,14,3,0,0,0.179000,0,32000,5728,0.179000,131072,5195,0.039635,0,0,3
159,host-14,4,0,14,4,0,0,0.183312,0,32000,5866,0.183312,131072,4371,0.033348,0,0,4
159,host-15,4,0,14,4,0,0,0.190438,0,32000,6094,0.190438,131072,7131,0.054405,0,0,4
159,host-16,5,0,14,5,0,0,0.215312,0,32000,6890,0.215312,131072,6768,0.051636,0,0,5
159,host-17,5,0,14,5,0,0,0.202844,0,32000,6491,0.202844,131072,6442,0.049149,0,0,5
159,host-18,4,0,14,4,0,0,0.161438,0,32000,5166,0.161438,131072,4673,0.035652,0,0,4
159,host-19,3,0,14,3,0,0,0.159000,0,32000,5088,0.159000,131072,5399,0.041191,0,0,3
159,host-2,4,0,14,4,0,0,0.186531,0,32000,5969,0.186531,131072,6875,0.052452,0,0,4
159,host-20,3,0,14,3,0,0,0.194688,0,32000,6230,0.194688,131072,7626,0.058182,0,0,3
159,host-21,4,0,14,4,0,0,0.204000,0,32000,6528,0.204000,131072,6108,0.046600,0,0,4
159,host-22,4,1,14,4,1,0,0.203250,0,32000,6504,0.203250,131072,5593,0.042671,1,0,3
159,host-23,4,0,14,4,0,0,0.223781,0,32000,7161,0.223781,131072,7268,0.055450,0,0,4
159,host-24,4,0,14,4,0,0,0.169531,0,32000,5425,0.169531,131072,6486,0.049484,0,0,4
159,host-3,4,0,14,4,0,0,0.220844,0,32000,7067,0.220844,131072,8336,0.063599,0,0,4
159,host-4,4,2,14,4,2,0,0.210875,0,32000,6748,0.210875,131072,6328,0.048279,0,2,2
159,host-5,4,0,14,4,0,0,0.191031,0,32000,6113,0.191031,131072,6584,0.050232,0,0,4
159,host-6,4,1,14,4,1,0,0.218500,0,32000,6992,0.218500,131072,6887,0.052544,0,1,3
159,host-7,4,0,14,4,0,0,0.185719,0,32000,5943,0.185719,131072,6008,0.045837,0,0,4
159,host-8,3,0,14,3,0,0,0.206063,0,32000,6594,0.206063,131072,7657,0.058418,0,0,3
159,host-9,4,1,14,4,1,0,0.204344,0,32000,6539,0.204344,131072,6468,0.049347,1,0,3
160,host-1,3,0,14,3,0,0,0.170313,0,32000,5450,0.170313,131072,5500,0.041962,0,0,3
160,host-10,4,0,14,4,0,0,0.185594,0,32000,5939,0.185594,131072,5335,0.040703,0,0,4
160,host-11,4,0,14,4,0,0,0.168687,0,32000,5398,0.168687,131072,4150,0.031662,0,0,4
160,host-12,3,2,14,3,2,0,0.164156,0,32000,5253,0.164156,131072,5940,0.045319,0,2,1
160,host-13,3,0,14,3,0,0,0.179000,0,32000,5728,0.179000,131072,5195,0.039635,0,0,3
160,host-14,4,0,14,4,0,0,0.183312,0,32000,5866,0.183312,131072,4371,0.033348,0,0,4
160,host-15,4,0,14,4,0,0,0.190438,0,32000,6094,0.190438,131072,7131,0.054405,0,0,4
160,host-16,5,0,14,5,0,0,0.215312,0,32000,6890,0.215312,131072,6768,0.051636,0,0,5
160,host-17,5,0,14,5,0,0,0.202844,0,32000,6491,0.202844,131072,6442,0.049149,0,0,5
160,host-18,4,0,14,4,0,0,0.161438,0,32000,5166,0.161438,131072,4673,0.035652,0,0,4
160,host-19,3,0,14,3,0,0,0.159000,0,32000,5088,0.159000,131072,5399,0.041191,0,0,3
160,host-2,4,0,14,4,0,0,0.186531,0,32000,5969,0.186531,131072,6875,0.052452,0,0,4
160,host-20,3,0,14,3,0,0,0.194688,0,32000,6230,0.194688,131072,7626,0.058182,0,0,3
160,host-21,4,0,14,4,0,0,0.204000,0,32000,6528,0.204000,131072,6108,0.046600,0,0,4
160,host-22,4,1,14,4,1,0,0.203250,0,32000,6504,0.203250,131072,5593,0.042671,0,1,3
160,host-23,4,0,14,4,0,0,0.223781,0,32000,7161,0.223781,131072,7268,0.055450,0,0,4
160,host-24,4,0,14,4,0,0,0.169531,0,32000,5425,0.169531,131072,6486,0.049484,0,0,4
160,host-3,4,0,14,4,0,0,0.220844,0,32000,7067,0.220844,131072,8336,0.063599,0,0,4
160,host-4,4,0,14,4,0,0,0.210875,0,32000,6748,0.210875,131072,6328,0.048279,0,0,4
160,host-5,4,0,14,4,0,0,0.191031,0,32000,6113,0.191031,131072,6584,0.050232,0,0,4
160,host-6,4,0,14,4,0,0,0.218500,0,32000,6992,0.218500,131072,6887,0.052544,0,0,4
160,host-7,4,0,14,4,0,0,0.185719,0,32000,5943,0.185719,131072,6008,0.045837,0,0,4
160,host-8,3,0,14,3,0,0,0.206063,0,32000,6594,0.206063,131072,7657,0.058418,0,0,3
160,host-9,3,0,14,3,0,0,0.146844,0,32000,4699,0.146844,131072,4279,0.032646,0,0,3
161,host-1,3,0,14,3,0,0,0.170313,0,32000,5450,0.170313,131072,5500,0.041962,0,0,3
161,host-10,4,0,14,4,0,0,0.185594,0,32000,5939,0.185594,131072,5335,0.040703,0,0,4
161,host-11,3,0,14,3,0,0,0.111187,0,32000,3558,0.111187,131072,2908,0.022186,0,0,3
161,host-12,3,0,14,3,0,0,0.164156,0,32000,5253,0.164156,131072,5940,0.045319,0,0,3
161,host-13,3,0,14,3,0,0,0.179000,0,32000,5728,0.179000,131072,5195,0.039635,0,0,3
161,host-14,4,0,14,4,0,0,0.183312,0,32000,5866,0.183312,131072,4371,0.033348,0,0,4
161,host-15,4,0,14,4,0,0,0.190438,0,32000,6094,0.190438,131072,7131,0.054405,0,0,4
161,host-16,5,0,14,5,0,0,0.215312,0,32000,6890,0.215312,131072,6768,0.051636,0,0,5
161,host-17,5,0,14,5,0,0,0.202844,0,32000,6491,0.202844,131072,6442,0.049149,0,0,5
161,host-18,5,1,14,5,1,0,0.199125,0,32000,6372,0.199125,131072,6179,0.047142,1,0,4
161,host-19,3,1,14,3,1,0,0.113312,0,32000,3626,0.113312,131072,4085,0.031166,1,0,2
161,host-2,4,1,14,4,1,0,0.186531,0,32000,5969,0.186531,131072,6875,0.052452,0,1,3
161,host-20,3,0,14,3,0,0,0.194688,0,32000,6230,0.194688,131072,7626,0.058182,0,0,3
161,host-21,4,0,14,4,0,0,0.204000,0,32000,6528,0.204000,131072,6108,0.046600,0,0,4
161,host-22,3,0,14,3,0,0,0.125938,0,32000,4030,0.125938,131072,3033,0.023140,0,0,3
161,host-23,4,0,14,4,0,0,0.223781,0,32000,7161,0.223781,131072,7268,0.055450,0,0,4
161,host-24,4,0,14,4,0,0,0.169531,0,32000,5425,0.169531,131072,6486,0.049484,0,0,4
161,host-3,4,0,14,4,0,0,0.220844,0,32000,7067,0.220844,131072,8336,0.063599,0,0,4
161,host-4,4,0,14,4,0,0,0.210875,0,32000,6748,0.210875,131072,6328,0.048279,0,0,4
161,host-5,4,0,14,4,0,0,0.191031,0,32000,6113,0.191031,131072,6584,0.050232,0,0,4
161,host-6,4,0,14,4,0,0,0.218500,0,32000,6992,0.218500,131072,6887,0.052544,0,0,4
161,host-7,4,0,14,4,0,0,0.185719,0,32000,5943,0.185719,131072,6008,0.045837,0,0,4
161,host-8,3,0,14,3,0,0,0.206063,0,32000,6594,0.206063,131072,7657,0.058418,0,0,3
161,host-9,4,1,14,4,1,0,0.189344,0,32000,6059,0.189344,131072,5176,0.039490,1,0,3
162,host-1,4,1,14,4,1,0,0.198031,0,32000,6337,0.198031,131072,6831,0.052116,1,0,3
162,host-10,5,1,14,5,1,0,0.256375,0,32000,8204,0.256375,131072,7649,0.058357,1,0,4
162,host-11,5,2,14,5,2,0,0.212062,0,32000,6786,0.212062,131072,6131,0.046776,2,0,3
162,host-12,4,1,14,4,1,0,0.213156,0,32000,6821,0.213156,131072,7817,0.059639,1,0,3
162,host-13,4,1,14,4,1,0,0.243375,0,32000,7788,0.243375,131072,7785,0.059395,1,0,3
162,host-14,4,1,14,4,1,0,0.196937,0,32000,6302,0.196937,131072,4968,0.037903,1,0,3
162,host-15,4,0,14,4,0,0,0.190438,0,32000,6094,0.190438,131072,7131,0.054405,0,0,4
162,host-16,5,0,14,5,0,0,0.215312,0,32000,6890,0.215312,131072,6768,0.051636,0,0,5
162,host-17,5,0,14,5,0,0,0.202844,0,32000,6491,0.202844,131072,6442,0.049149,0,0,5
162,host-18,5,2,14,5,2,0,0.244375,0,32000,7820,0.244375,131072,8590,0.065536,1,1,3
162,host-19,5,2,14,5,2,0,0.187844,0,32000,6011,0.187844,131072,5412,0.041290,2,0,3
162,host-2,4,0,14,4,0,0,0.186531,0,32000,5969,0.186531,131072,6875,0.052452,0,0,4
162,host-20,3,0,14,3,0,0,0.194688,0,32000,6230,0.194688,131072,7626,0.058182,0,0,3
162,host-21,4,1,14,4,1,0,0.204000,0,32000,6528,0.204000,131072,6108,0.046600,0,1,3
162,host-22,5,2,14,5,2,0,0.211312,0,32000,6762,0.211312,131072,6363,0.048546,2,0,3
162,host-23,4,0,14,4,0,0,0.223781,0,32000,7161,0.223781,131072,7268,0.055450,0,0,4
162,host-24,5,1,14,5,1,0,0.206875,0,32000,6620,0.206875,131072,7729,0.058968,1,0,4
162,host-3,4,0,14,4,0,0,0.220844,0,32000,7067,0.220844,131072,8336,0.063599,0,0,4
162,host-4,4,0,14,4,0,0,0.210875,0,32000,6748,0.210875,131072,6328,0.048279,0,0,4
162,host-5,4,0,14,4,0,0,0.191031,0,32000,6113,0.191031,131072,6584,0.050232,0,0,4
162,host-6,4,0,14,4,0,0,0.218500,0,32000,6992,0.218500,131072,6887,0.052544,0,0,4
162,host-7,5,1,14,5,1,0,0.229469,0,32000,7343,0.229469,131072,7112,0.054260,1,0,4
162,host-8,3,0,14,3,0,0,0.206063,0,32000,6594,0.206063,131072,7657,0.058418,0,0,3
162,host-9,4,0,14,4,0,0,0.189344,0,32000,6059,0.189344,131072,5176,0.039490,0,0,4
163,host-1,4,1,14,4,1,0,0.198031,0,32000,6337,0.198031,131072,6831,0.052116,1,0,3
163,host-10,5,1,14,5,1,0,0.256375,0,32000,8204,0.256375,131072,7649,0.058357,1,0,4
163,host-11,5,2,14,5,2,0,0.212062,0,32000,6786,0.212062,131072,6131,0.046776,0,2,3
163,host-12,4,1,14,4,1,0,0.213156,0,32000,6821,0.213156,131072,7817,0.059639,1,0,3
163,host-13,4,0,14,4,0,0,0.243375,0,32000,7788,0.243375,131072,7785,0.059395,0,0,4
163,host-14,4,0,14,4,0,0,0.196937,0,32000,6302,0.196937,131072,4968,0.037903,0,0,4
163,host-15,4,0,14,4,0,0,0.190438,0,32000,6094,0.190438,131072,7131,0.054405,0,0,4
163,host-16,5,0,14,5,0,0,0.215312,0,32000,6890,0.215312,131072,6768,0.051636,0,0,5
163,host-17,5,0,14,5,0,0,0.202844,0,32000,6491,0.202844,131072,6442,0.049149,0,0,5
163,host-18,5,0,14,5,0,0,0.244375,0,32000,7820,0.244375,131072,8590,0.065536,0,0,5
163,host-19,6,2,14,6,2,0,0.230375,0,32000,7372,0.230375,131072,6010,0.045853,2,0,4
163,host-2,5,1,14,5,1,0,0.256750,0,32000,8216,0.256750,131072,8784,0.067017,1,0,4
163,host-20,3,0,14,3,0,0,0.194688,0,32000,6230,0.194688,131072,7626,0.058182,0,0,3
163,host-21,4,0,14,4,0,0,0.204000,0,32000,6528,0.204000,131072,6108,0.046600,0,0,4
163,host-22,5,1,14,5,1,0,0.211312,0,32000,6762,0.211312,131072,6363,0.048546,1,0,4
163,host-23,4,0,14,4,0,0,0.223781,0,32000,7161,0.223781,131072,7268,0.055450,0,0,4
163,host-24,5,0,14,5,0,0,0.206875,0,32000,6620,0.206875,131072,7729,0.058968,0,0,5
163,host-3,3,0,14,3,0,0,0.156875,0,32000,5020,0.156875,131072,5984,0.045654,0,0,3
163,host-4,4,0,14,4,0,0,0.210875,0,32000,6748,0.210875,131072,6328,0.048279,0,0,4
163,host-5,4,0,14,4,0,0,0.191031,0,32000,6113,0.191031,131072,6584,0.050232,0,0,4
163,host-6,4,0,14,4,0,0,0.218500,0,32000,6992,0.218500,131072,6887,0.052544,0,0,4
163,host-7,5,0,14,5,0,0,0.229469,0,32000,7343,0.229469,131072,7112,0.054260,0,0,5
163,host-8,3,0,14,3,0,0,0.206063,0,32000,6594,0.206063,131072,7657,0.058418,0,0,3
163,host-9,5,1,14,5,1,0,0.260125,0,32000,8324,0.260125,131072,7490,0.057144,1,0,4
164,host-1,4,0,14,4,0,0,0.198031,0,32000,6337,0.198031,131072,6831,0.052116,0,0,4
164,host-10,5,0,14,5,0,0,0.256375,0,32000,8204,0.256375,131072,7649,0.058357,0,0,5
164,host-11,5,0,14,5,0,0,0.212062,0,32000,6786,0.212062,131072,6131,0.046776,0,0,5
164,host-12,4,0,14,4,0,0,0.213156,0,32000,6821,0.213156,131072,7817,0.059639,0,0,4
164,host-13,4,0,14,4,0,0,0.243375,0,32000,7788,0.243375,131072,7785,0.059395,0,0,4
164,host-14,4,0,14,4,0,0,0.196937,0,32000,6302,0.196937,131072,4968,0.037903,0,0,4
164,host-15,5,1,14,5,1,0,0.228219,0,32000,7303,0.228219,131072,8084,0.061676,0,1,4
164,host-16,5,0,14,5,0,0,0.215312,0,32000,6890,0.215312,131072,6768,0.051636,0,0,5
164,host-17,5,0,14,5,0,0,0.202844,0,32000,6491,0.202844,131072,6442,0.049149,0,0,5
164,host-18,5,0,14,5,0,0,0.244375,0,32000,7820,0.244375,131072,8590,0.065536,0,0,5
164,host-19,6,0,14,6,0,0,0.230375,0,32000,7372,0.230375,131072,6010,0.045853,0,0,6
164,host-2,5,0,14,5,0,0,0.256750,0,32000,8216,0.256750,131072,8784,0.067017,0,0,5
164,host-20,3,0,14,3,0,0,0.194688,0,32000,6230,0.194688,131072,7626,0.058182,0,0,3
164,host-21,4,0,14,4,0,0,0.204000,0,32000,6528,0.204000,131072,6108,0.046600,0,0,4
164,host-22,5,0,14,5,0,0,0.211312,0,32000,6762,0.211312,131072,6363,0.048546,0,0,5
164,host-23,4,0,14,4,0,0,0.223781,0,32000,7161,0.223781,131072,7268,0.055450,0,0,4
164,host-24,5,0,14,5,0,0,0.206875,0,32000,6620,0.206875,131072,7729,0.058968,0,0,5
164,host-3,4,1,14,4,1,0,0.198594,0,32000,6355,0.198594,131072,6491,0.049522,1,0,3
164,host-4,4,0,14,4,0,0,0.210875,0,32000,6748,0.210875,131072,6328,0.048279,0,0,4
164,host-5,4,0,14,4,0,0,0.191031,0,32000,6113,0.191031,131072,6584,0.050232,0,0,4
164,host-6,4,1,14,4,1,0,0.218500,0,32000,6992,0.218500,131072,6887,0.052544,0,1,3
164,host-7,5,0,14,5,0,0,0.229469,0,32000,7343,0.229469,131072,7112,0.054260,0,0,5
164,host-8,3,0,14,3,0,0,0.206063,0,32000,6594,0.206063,131072,7657,0.058418,0,0,3
164,host-9,5,1,14,5,1,0,0.260125,0,32000,8324,0.260125,131072,7490,0.057144,1,0,4
165,host-1,5,1,14,5,1,0,0.235563,0,32000,7538,0.235563,131072,7883,0.060143,1,0,4
165,host-10,5,0,14,5,0,0,0.256375,0,32000,8204,0.256375,131072,7649,0.058357,0,0,5
165,host-11,5,0,14,5,0,0,0.212062,0,32000,6786,0.212062,131072,6131,0.046776,0,0,5
165,host-12,4,1,14,4,1,0,0.213156,0,32000,6821,0.213156,131072,7817,0.059639,0,1,3
165,host-13,4,0,14,4,0,0,0.243375,0,32000,7788,0.243375,131072,7785,0.059395,0,0,4
165,host-14,5,1,14,5,1,0,0.235875,0,32000,7548,0.235875,131072,5763,0.043968,1,0,4
165,host-15,5,0,14,5,0,0,0.228219,0,32000,7303,0.228219,131072,8084,0.061676,0,0,5
165,host-16,5,0,14,5,0,0,0.215312,0,32000,6890,0.215312,131072,6768,0.051636,0,0,5
165,host-17,6,1,14,6,1,0,0.250406,0,32000,8013,0.250406,131072,8292,0.063263,1,0,5
165,host-18,4,0,14,4,0,0,0.213750,0,32000,6840,0.213750,131072,7467,0.056969,0,0,4
165,host-19,6,0,14,6,0,0,0.230375,0,32000,7372,0.230375,131072,6010,0.045853,0,0,6
165,host-2,5,0,14,5,0,0,0.256750,0,32000,8216,0.256750,131072,8784,0.067017,0,0,5
165,host-20,4,1,14,4,1,0,0.224500,0,32000,7184,0.224500,131072,8267,0.063072,1,0,3
165,host-21,4,0,14,4,0,0,0.204000,0,32000,6528,0.204000,131072,6108,0.046600,0,0,4
165,host-22,5,0,14,5,0,0,0.211312,0,32000,6762,0.211312,131072,6363,0.048546,0,0,5
165,host-23,4,0,14,4,0,0,0.223781,0,32000,7161,0.223781,131072,7268,0.055450,0,0,4
165,host-24,5,0,14,5,0,0,0.206875,0,32000,6620,0.206875,131072,7729,0.058968,0,0,5
165,host-3,5,1,14,5,1,0,0.257250,0,32000,8232,0.257250,131072,8055,0.061455,1,0,4
165,host-4,4,0,14,4,0,0,0.210875,0,32000,6748,0.210875,131072,6328,0.048279,0,0,4
165,host-5,5,1,14,5,1,0,0.244000,0,32000,7808,0.244000,131072,8716,0.066498,0,1,4
165,host-6,4,0,14,4,0,0,0.218500,0,32000,6992,0.218500,131072,6887,0.052544,0,0,4
165,host-7,5,0,14,5,0,0,0.229469,0,32000,7343,0.229469,131072,7112,0.054260,0,0,5
165,host-8,3,2,14,3,2,0,0.206063,0,32000,6594,0.206063,131072,7657,0.058418,0,2,1
165,host-9,5,0,14,5,0,0,0.260125,0,32000,8324,0.260125,131072,7490,0.057144,0,0,5
166,host-1,4,1,14,4,1,0,0.191500,0,32000,6128,0.191500,131072,6832,0.052124,1,0,3
166,host-10,5,0,14,5,0,0,0.256375,0,32000,8204,0.256375,131072,7649,0.058357,0,0,5
166,host-11,5,0,14,5,0,0,0.212062,0,32000,6786,0.212062,131072,6131,0.046776,0,0,5
166,host-12,4,0,14,4,0,0,0.213156,0,32000,6821,0.213156,131072,7817,0.059639,0,0,4
166,host-13,4,0,14,4,0,0,0.243375,0,32000,7788,0.243375,131072,7785,0.059395,0,0,4
166,host-14,5,0,14,5,0,0,0.235875,0,32000,7548,0.235875,131072,5763,0.043968,0,0,5
166,host-15,5,0,14,5,0,0,0.228219,0,32000,7303,0.228219,131072,8084,0.061676,0,0,5
166,host-16,5,0,14,5,0,0,0.215312,0,32000,6890,0.215312,131072,6768,0.051636,0,0,5
166,host-17,6,0,14,6,0,0,0.250406,0,32000,8013,0.250406,131072,8292,0.063263,0,0,6
166,host-18,4,1,14,4,1,0,0.213750,0,32000,6840,0.213750,131072,7467,0.056969,0,1,3
166,host-19,6,1,14,6,1,0,0.230375,0,32000,7372,0.230375,131072,6010,0.045853,0,1,5
166,host-2,5,0,14,5,0,0,0.256750,0,32000,8216,0.256750,131072,8784,0.067017,0,0,5
166,host-20,4,3,14,4,3,0,0.224500,0,32000,7184,0.224500,131072,8267,0.063072,1,2,1
166,host-21,5,1,14,5,1,0,0.233813,0,32000,7482,0.233813,131072,6749,0.051491,1,0,4
166,host-22,5,0,14,5,0,0,0.211312,0,32000,6762,0.211312,131072,6363,0.048546,0,0,5
166,host-23,4,0,14,4,0,0,0.223781,0,32000,7161,0.223781,131072,7268,0.055450,0,0,4
166,host-24,5,0,14,5,0,0,0.206875,0,32000,6620,0.206875,131072,7729,0.058968,0,0,5
166,host-3,4,0,14,4,0,0,0.193625,0,32000,6196,0.193625,131072,5756,0.043915,0,0,4
166,host-4,4,0,14,4,0,0,0.210875,0,32000,6748,0.210875,131072,6328,0.048279,0,0,4
166,host-5,5,0,14,5,0,0,0.244000,0,32000,7808,0.244000,131072,8716,0.066498,0,0,5
166,host-6,4,0,14,4,0,0,0.218500,0,32000,6992,0.218500,131072,6887,0.052544,0,0,4
166,host-7,5,0,14,5,0,0,0.229469,0,32000,7343,0.229469,131072,7112,0.054260,0,0,5
166,host-8,4,1,14,4,1,0,0.285156,0,32000,9125,0.285156,131072,10139,0.077354,1,0,3
166,host-9,5,0,14,5,0,0,0.260125,0,32000,8324,0.260125,131072,7490,0.057144,0,0,5
167,host-1,5,1,14,5,1,0,0.225625,0,32000,7220,0.225625,131072,7943,0.060600,0,1,4
167,host-10,4,0,14,4,0,0,0.219188,0,32000,7014,0.219188,131072,7278,0.055527,0,0,4
167,host-11,5,1,14,5,1,0,0.212062,0,32000,6786,0.212062,131072,6131,0.046776,0,1,4
167,host-12,4,0,14,4,0,0,0.213156,0,32000,6821,0.213156,131072,7817,0.059639,0,0,4
167,host-13,3,0,14,3,0,0,0.184438,0,32000,5902,0.184438,131072,5464,0.041687,0,0,3
167,host-14,5,0,14,5,0,0,0.235875,0,32000,7548,0.235875,131072,5763,0.043968,0,0,5
167,host-15,5,0,14,5,0,0,0.228219,0,32000,7303,0.228219,131072,8084,0.061676,0,0,5
167,host-16,5,0,14,5,0,0,0.215312,0,32000,6890,0.215312,131072,6768,0.051636,0,0,5
167,host-17,6,0,14,6,0,0,0.250406,0,32000,8013,0.250406,131072,8292,0.063263,0,0,6
167,host-18,4,0,14,4,0,0,0.213750,0,32000,6840,0.213750,131072,7467,0.056969,0,0,4
167,host-19,6,0,14,6,0,0,0.230375,0,32000,7372,0.230375,131072,6010,0.045853,0,0,6
167,host-2,5,0,14,5,0,0,0.256750,0,32000,8216,0.256750,131072,8784,0.067017,0,0,5
167,host-20,4,0,14,4,0,0,0.224500,0,32000,7184,0.224500,131072,8267,0.063072,0,0,4
167,host-21,5,0,14,5,0,0,0.233813,0,32000,7482,0.233813,131072,6749,0.051491,0,0,5
167,host-22,5,0,14,5,0,0,0.211312,0,32000,6762,0.211312,131072,6363,0.048546,0,0,5
167,host-23,4,1,14,4,1,0,0.223781,0,32000,7161,0.223781,131072,7268,0.055450,0,1,3
167,host-24,6,1,14,6,1,0,0.265219,0,32000,8487,0.265219,131072,8917,0.068031,1,0,5
167,host-3,5,2,14,5,2,0,0.221281,0,32000,7081,0.221281,131072,6448,0.049194,1,1,3
167,host-4,5,1,14,5,1,0,0.274844,0,32000,8795,0.274844,131072,8680,0.066223,1,0,4
167,host-5,5,0,14,5,0,0,0.244000,0,32000,7808,0.244000,131072,8716,0.066498,0,0,5
167,host-6,4,0,14,4,0,0,0.218500,0,32000,6992,0.218500,131072,6887,0.052544,0,0,4
167,host-7,5,0,14,5,0,0,0.229469,0,32000,7343,0.229469,131072,7112,0.054260,0,0,5
167,host-8,4,0,14,4,0,0,0.285156,0,32000,9125,0.285156,131072,10139,0.077354,0,0,4
167,host-9,5,0,14,5,0,0,0.260125,0,32000,8324,0.260125,131072,7490,0.057144,0,0,5
168,host-1,5,0,14,5,0,0,0.225625,0,32000,7220,0.225625,131072,7943,0.060600,0,0,5
168,host-10,5,1,14,5,1,0,0.270656,0,32000,8661,0.270656,131072,9050,0.069046,1,0,4
168,host-11,5,1,14,5,1,0,0.247594,0,32000,7923,0.247594,131072,8513,0.064949,1,0,4
168,host-12,5,1,14,5,1,0,0.243969,0,32000,7807,0.243969,131072,8411,0.064171,1,0,4
168,host-13,4,1,14,4,1,0,0.220281,0,32000,7049,0.220281,131072,6328,0.048279,0,1,3
168,host-14,5,1,14,5,1,0,0.269062,0,32000,8610,0.269062,131072,6796,0.051849,1,0,4
168,host-15,5,0,14,5,0,0,0.228219,0,32000,7303,0.228219,131072,8084,0.061676,0,0,5
168,host-16,6,1,14,6,1,0,0.274656,0,32000,8789,0.274656,131072,9325,0.071144,1,0,5
168,host-17,6,0,14,6,0,0,0.250406,0,32000,8013,0.250406,131072,8292,0.063263,0,0,6
168,host-18,5,1,14,5,1,0,0.282562,0,32000,9042,0.282562,131072,9361,0.071419,1,0,4
168,host-19,6,0,14,6,0,0,0.230375,0,32000,7372,0.230375,131072,6010,0.045853,0,0,6
168,host-2,5,1,14,5,1,0,0.237094,0,32000,7587,0.237094,131072,8457,0.064522,1,0,4
168,host-20,4,0,14,4,0,0,0.224500,0,32000,7184,0.224500,131072,8267,0.063072,0,0,4
168,host-21,5,0,14,5,0,0,0.233813,0,32000,7482,0.233813,131072,6749,0.051491,0,0,5
168,host-22,6,1,14,6,1,0,0.234281,0,32000,7497,0.234281,131072,7559,0.057671,1,0,5
168,host-23,4,0,14,4,0,0,0.223781,0,32000,7161,0.223781,131072,7268,0.055450,0,0,4
168,host-24,6,1,14,6,1,0,0.265219,0,32000,8487,0.265219,131072,8917,0.068031,1,0,5
168,host-3,5,1,14,5,1,0,0.221281,0,32000,7081,0.221281,131072,6448,0.049194,1,0,4
168,host-4,5,1,14,5,1,0,0.274844,0,32000,8795,0.274844,131072,8680,0.066223,0,1,4
168,host-5,5,0,14,5,0,0,0.244000,0,32000,7808,0.244000,131072,8716,0.066498,0,0,5
168,host-6,5,1,14,5,1,0,0.254312,0,32000,8138,0.254312,131072,8091,0.061729,1,0,4
168,host-7,5,0,14,5,0,0,0.229469,0,32000,7343,0.229469,131072,7112,0.054260,0,0,5
168,host-8,4,0,14,4,0,0,0.285156,0,32000,9125,0.285156,131072,10139,0.077354,0,0,4
168,host-9,5,0,14,5,0,0,0.260125,0,32000,8324,0.260125,131072,7490,0.057144,0,0,5
169,host-1,5,0,14,5,0,0,0.225625,0,32000,7220,0.225625,131072,7943,0.060600,0,0,5
169,host-10,4,1,14,4,1,0,0.222125,0,32000,7108,0.222125,131072,7323,0.055870,1,0,3
169,host-11,5,1,14,5,1,0,0.247594,0,32000,7923,0.247594,131072,8513,0.064949,1,0,4
169,host-12,5,1,14,5,1,0,0.243969,0,32000,7807,0.243969,131072,8411,0.064171,1,0,4
169,host-13,5,1,14,5,1,0,0.249031,0,32000,7969,0.249031,131072,7525,0.057411,1,0,4
169,host-14,5,1,14,5,1,0,0.269062,0,32000,8610,0.269062,131072,6796,0.051849,1,0,4
169,host-15,4,0,14,4,0,0,0.166687,0,32000,5334,0.166687,131072,5827,0.044456,0,0,4
169,host-16,5,1,14,5,1,0,0.207375,0,32000,6636,0.207375,131072,6689,0.051033,1,0,4
169,host-17,6,0,14,6,0,0,0.250406,0,32000,8013,0.250406,131072,8292,0.063263,0,0,6
169,host-18,5,0,14,5,0,0,0.282562,0,32000,9042,0.282562,131072,9361,0.071419,0,0,5
169,host-19,6,0,14,6,0,0,0.230375,0,32000,7372,0.230375,131072,6010,0.045853,0,0,6
169,host-2,5,1,14,5,1,0,0.237094,0,32000,7587,0.237094,131072,8457,0.064522,1,0,4
169,host-20,4,0,14,4,0,0,0.224500,0,32000,7184,0.224500,131072,8267,0.063072,0,0,4
169,host-21,4,0,14,4,0,0,0.190531,0,32000,6097,0.190531,131072,5671,0.043266,0,0,4
169,host-22,5,0,14,5,0,0,0.191562,0,32000,6130,0.191562,131072,6317,0.048195,0,0,5
169,host-23,5,1,14,5,1,0,0.283125,0,32000,9060,0.283125,131072,9825,0.074959,1,0,4
169,host-24,6,0,14,6,0,0,0.265219,0,32000,8487,0.265219,131072,8917,0.068031,0,0,6
169,host-3,5,1,14,5,1,0,0.220219,0,32000,7047,0.220219,131072,6554,0.050003,1,0,4
169,host-4,5,0,14,5,0,0,0.274844,0,32000,8795,0.274844,131072,8680,0.066223,0,0,5
169,host-5,4,0,14,4,0,0,0.195531,0,32000,6257,0.195531,131072,6485,0.049477,0,0,4
169,host-6,4,0,14,4,0,0,0.206344,0,32000,6603,0.206344,131072,6566,0.050095,0,0,4
169,host-7,5,0,14,5,0,0,0.229469,0,32000,7343,0.229469,131072,7112,0.054260,0,0,5
169,host-8,4,1,14,4,1,0,0.285156,0,32000,9125,0.285156,131072,10139,0.077354,0,1,3
169,host-9,5,0,14,5,0,0,0.260125,0,32000,8324,0.260125,131072,7490,0.057144,0,0,5
170,host-1,5,0,14,5,0,0,0.225625,0,32000,7220,0.225625,131072,7943,0.060600,0,0,5
170,host-10,4,0,14,4,0,0,0.222125,0,32000,7108,0.222125,131072,7323,0.055870,0,0,4
170,host-11,5,0,14,5,0,0,0.247594,0,32000,7923,0.247594,131072,8513,0.064949,0,0,5
170,host-12,5,0,14,5,0,0,0.243969,0,32000,7807,0.243969,131072,8411,0.064171,0,0,5
170,host-13,5,0,14,5,0,0,0.249031,0,32000,7969,0.249031,131072,7525,0.057411,0,0,5
170,host-14,5,1,14,5,1,0,0.269062,0,32000,8610,0.269062,131072,6796,0.051849,0,1,4
170,host-15,5,1,14,5,1,0,0.203594,0,32000,6515,0.203594,131072,6540,0.049896,0,1,4
170,host-16,5,0,14,5,0,0,0.207375,0,32000,6636,0.207375,131072,6689,0.051033,0,0,5
170,host-17,5,0,14,5,0,0,0.215219,0,32000,6887,0.215219,131072,7376,0.056274,0,0,5
170,host-18,5,0,14,5,0,0,0.282562,0,32000,9042,0.282562,131072,9361,0.071419,0,0,5
170,host-19,6,0,14,6,0,0,0.230375,0,32000,7372,0.230375,131072,6010,0.045853,0,0,6
170,host-2,5,0,14,5,0,0,0.237094,0,32000,7587,0.237094,131072,8457,0.064522,0,0,5
170,host-20,4,0,14,4,0,0,0.224500,0,32000,7184,0.224500,131072,8267,0.063072,0,0,4
170,host-21,5,1,14,5,1,0,0.245562,0,32000,7858,0.245562,131072,6938,0.052933,1,0,4
170,host-22,5,0,14,5,0,0,0.191562,0,32000,6130,0.191562,131072,6317,0.048195,0,0,5
170,host-23,5,1,14,5,1,0,0.283125,0,32000,9060,0.283125,131072,9825,0.074959,0,1,4
170,host-24,6,1,14,6,1,0,0.265219,0,32000,8487,0.265219,131072,8917,0.068031,0,1,5
170,host-3,5,0,14,5,0,0,0.220219,0,32000,7047,0.220219,131072,6554,0.050003,0,0,5
170,host-4,5,0,14,5,0,0,0.274844,0,32000,8795,0.274844,131072,8680,0.066223,0,0,5
170,host-5,4,0,14,4,0,0,0.195531,0,32000,6257,0.195531,131072,6485,0.049477,0,0,4
170,host-6,4,0,14,4,0,0,0.206344,0,32000,6603,0.206344,131072,6566,0.050095,0,0,4
170,host-7,5,1,14,5,1,0,0.229469,0,32000,7343,0.229469,131072,7112,0.054260,0,1,4
170,host-8,4,0,14,4,0,0,0.285156,0,32000,9125,0.285156,131072,10139,0.077354,0,0,4
170,host-9,5,0,14,5,0,0,0.260125,0,32000,8324,0.260125,131072,7490,0.057144,0,0,5
171,host-1,5,0,14,5,0,0,0.225625,0,32000,7220,0.225625,131072,7943,0.060600,0,0,5
171,host-10,4,0,14,4,0,0,0.222125,0,32000,7108,0.222125,131072,7323,0.055870,0,0,4
171,host-11,5,0,14,5,0,0,0.247594,0,32000,7923,0.247594,131072,8513,0.064949,0,0,5
171,host-12,5,0,14,5,0,0,0.243969,0,32000,7807,0.243969,131072,8411,0.064171,0,0,5
171,host-13,5,1,14,5,1,0,0.218344,0,32000,6987,0.218344,131072,6766,0.051620,1,0,4
171,host-14,5,1,14,5,1,0,0.237563,0,32000,7602,0.237563,131072,5826,0.044449,1,0,4
171,host-15,5,0,14,5,0,0,0.203594,0,32000,6515,0.203594,131072,6540,0.049896,0,0,5
171,host-16,5,0,14,5,0,0,0.207375,0,32000,6636,0.207375,131072,6689,0.051033,0,0,5
171,host-17,5,1,14,5,1,0,0.215219,0,32000,6887,0.215219,131072,7376,0.056274,0,1,4
171,host-18,5,1,14,5,1,0,0.282562,0,32000,9042,0.282562,131072,9361,0.071419,0,1,4
171,host-19,6,0,14,6,0,0,0.230375,0,32000,7372,0.230375,131072,6010,0.045853,0,0,6
171,host-2,5,0,14,5,0,0,0.237094,0,32000,7587,0.237094,131072,8457,0.064522,0,0,5
171,host-20,4,1,14,4,1,0,0.224500,0,32000,7184,0.224500,131072,8267,0.063072,0,1,3
171,host-21,5,1,14,5,1,0,0.245562,0,32000,7858,0.245562,131072,6938,0.052933,0,1,4
171,host-22,6,0,14,6,0,0,0.223094,0,32000,7139,0.223094,131072,7644,0.058319,0,0,6
171,host-23,5,1,14,5,1,0,0.283125,0,32000,9060,0.283125,131072,9825,0.074959,0,1,4
171,host-24,5,0,14,5,0,0,0.212344,0,32000,6795,0.212344,131072,6895,0.052605,0,0,5
171,host-3,5,0,14,5,0,0,0.220219,0,32000,7047,0.220219,131072,6554,0.050003,0,0,5
171,host-4,5,0,14,5,0,0,0.274844,0,32000,8795,0.274844,131072,8680,0.066223,0,0,5
171,host-5,5,1,14,5,1,0,0.240156,0,32000,7685,0.240156,131072,7533,0.057472,1,0,4
171,host-6,4,0,14,4,0,0,0.206344,0,32000,6603,0.206344,131072,6566,0.050095,0,0,4
171,host-7,5,0,14,5,0,0,0.229469,0,32000,7343,0.229469,131072,7112,0.054260,0,0,5
171,host-8,4,0,14,4,0,0,0.285156,0,32000,9125,0.285156,131072,10139,0.077354,0,0,4
171,host-9,5,0,14,5,0,0,0.260125,0,32000,8324,0.260125,131072,7490,0.057144,0,0,5
172,host-1,5,0,14,5,0,0,0.225625,0,32000,7220,0.225625,131072,7943,0.060600,0,0,5
172,host-10,4,0,14,4,0,0,0.222125,0,32000,7108,0.222125,131072,7323,0.055870,0,0,4
172,host-11,5,0,14,5,0,0,0.247594,0,32000,7923,0.247594,131072,8513,0.064949,0,0,5
172,host-12,5,0,14,5,0,0,0.243969,0,32000,7807,0.243969,131072,8411,0.064171,0,0,5
172,host-13,5,0,14,5,0,0,0.218344,0,32000,6987,0.218344,131072,6766,0.051620,0,0,5
172,host-14,5,0,14,5,0,0,0.237563,0,32000,7602,0.237563,131072,5826,0.044449,0,0,5
172,host-15,6,1,14,6,1,0,0.235063,0,32000,7522,0.235063,131072,7248,0.055298,1,0,5
172,host-16,5,1,14,5,1,0,0.207375,0,32000,6636,0.207375,131072,6689,0.051033,0,1,4
172,host-17,5,0,14,5,0,0,0.215219,0,32000,6887,0.215219,131072,7376,0.056274,0,0,5
172,host-18,5,0,14,5,0,0,0.282562,0,32000,9042,0.282562,131072,9361,0.071419,0,0,5
172,host-19,5,0,14,5,0,0,0.195125,0,32000,6244,0.195125,131072,4380,0.033417,0,0,5
172,host-2,4,0,14,4,0,0,0.203000,0,32000,6496,0.203000,131072,6997,0.053383,0,0,4
172,host-20,4,0,14,4,0,0,0.224500,0,32000,7184,0.224500,131072,8267,0.063072,0,0,4
172,host-21,5,1,14,5,1,0,0.245562,0,32000,7858,0.245562,131072,6938,0.052933,0,1,4
172,host-22,6,0,14,6,0,0,0.223094,0,32000,7139,0.223094,131072,7644,0.058319,0,0,6
172,host-23,4,0,14,4,0,0,0.230187,0,32000,7366,0.230187,131072,7564,0.057709,0,0,4
172,host-24,5,0,14,5,0,0,0.212344,0,32000,6795,0.212344,131072,6895,0.052605,0,0,5
172,host-3,5,0,14,5,0,0,0.220219,0,32000,7047,0.220219,131072,6554,0.050003,0,0,5
172,host-4,5,0,14,5,0,0,0.274844,0,32000,8795,0.274844,131072,8680,0.066223,0,0,5
172,host-5,5,1,14,5,1,0,0.240156,0,32000,7685,0.240156,131072,7533,0.057472,0,1,4
172,host-6,4,1,14,4,1,0,0.206344,0,32000,6603,0.206344,131072,6566,0.050095,0,1,3
172,host-7,5,0,14,5,0,0,0.229469,0,32000,7343,0.229469,131072,7112,0.054260,0,0,5
172,host-8,4,0,14,4,0,0,0.285156,0,32000,9125,0.285156,131072,10139,0.077354,0,0,4
172,host-9,5,0,14,5,0,0,0.260125,0,32000,8324,0.260125,131072,7490,0.057144,0,0,5
173,host-1,4,0,14,4,0,0,0.149656,0,32000,4789,0.149656,131072,5023,0.038322,0,0,4
173,host-10,4,0,14,4,0,0,0.222125,0,32000,7108,0.222125,131072,7323,0.055870,0,0,4
173,host-11,5,0,14,5,0,0,0.247594,0,32000,7923,0.247594,131072,8513,0.064949,0,0,5
173,host-12,5,0,14,5,0,0,0.243969,0,32000,7807,0.243969,131072,8411,0.064171,0,0,5
173,host-13,5,0,14,5,0,0,0.218344,0,32000,6987,0.218344,131072,6766,0.051620,0,0,5
173,host-14,5,0,14,5,0,0,0.237563,0,32000,7602,0.237563,131072,5826,0.044449,0,0,5
173,host-15,6,0,14,6,0,0,0.235063,0,32000,7522,0.235063,131072,7248,0.055298,0,0,6
173,host-16,5,0,14,5,0,0,0.207375,0,32000,6636,0.207375,131072,6689,0.051033,0,0,5
173,host-17,5,0,14,5,0,0,0.215219,0,32000,6887,0.215219,131072,7376,0.056274,0,0,5
173,host-18,5,0,14,5,0,0,0.282562,0,32000,9042,0.282562,131072,9361,0.071419,0,0,5
173,host-19,6,1,14,6,1,0,0.219500,0,32000,7024,0.219500,131072,5010,0.038223,1,0,5
173,host-2,4,0,14,4,0,0,0.203000,0,32000,6496,0.203000,131072,6997,0.053383,0,0,4
173,host-20,4,0,14,4,0,0,0.224500,0,32000,7184,0.224500,131072,8267,0.063072,0,0,4
173,host-21,4,0,14,4,0,0,0.200781,0,32000,6425,0.200781,131072,5603,0.042747,0,0,4
173,host-22,6,0,14,6,0,0,0.223094,0,32000,7139,0.223094,131072,7644,0.058319,0,0,6
173,host-23,4,1,14,4,1,0,0.230187,0,32000,7366,0.230187,131072,7564,0.057709,0,1,3
173,host-24,5,0,14,5,0,0,0.212344,0,32000,6795,0.212344,131072,6895,0.052605,0,0,5
173,host-3,5,0,14,5,0,0,0.220219,0,32000,7047,0.220219,131072,6554,0.050003,0,0,5
173,host-4,5,0,14,5,0,0,0.274844,0,32000,8795,0.274844,131072,8680,0.066223,0,0,5
173,host-5,4,0,14,4,0,0,0.195563,0,32000,6258,0.195563,131072,6308,0.048126,0,0,4
173,host-6,4,0,14,4,0,0,0.206344,0,32000,6603,0.206344,131072,6566,0.050095,0,0,4
173,host-7,5,0,14,5,0,0,0.229469,0,32000,7343,0.229469,131072,7112,0.054260,0,0,5
173,host-8,4,1,14,4,1,0,0.285156,0,32000,9125,0.285156,131072,10139,0.077354,0,1,3
173,host-9,5,0,14,5,0,0,0.260125,0,32000,8324,0.260125,131072,7490,0.057144,0,0,5
174,host-1,6,2,14,6,2,0,0.247562,0,32000,7922,0.247562,131072,7798,0.059494,2,0,4
174,host-10,4,0,14,4,0,0,0.222125,0,32000,7108,0.222125,131072,7323,0.055870,0,0,4
174,host-11,5,0,14,5,0,0,0.247594,0,32000,7923,0.247594,131072,8513,0.064949,0,0,5
174,host-12,5,0,14,5,0,0,0.243969,0,32000,7807,0.243969,131072,8411,0.064171,0,0,5
174,host-13,5,0,14,5,0,0,0.218344,0,32000,6987,0.218344,131072,6766,0.051620,0,0,5
174,host-14,5,0,14,5,0,0,0.237563,0,32000,7602,0.237563,131072,5826,0.044449,0,0,5
174,host-15,6,0,14,6,0,0,0.235063,0,32000,7522,0.235063,131072,7248,0.055298,0,0,6
174,host-16,5,0,14,5,0,0,0.207375,0,32000,6636,0.207375,131072,6689,0.051033,0,0,5
174,host-17,5,0,14,5,0,0,0.215219,0,32000,6887,0.215219,131072,7376,0.056274,0,0,5
174,host-18,5,0,14,5,0,0,0.282562,0,32000,9042,0.282562,131072,9361,0.071419,0,0,5
174,host-19,6,0,14,6,0,0,0.219500,0,32000,7024,0.219500,131072,5010,0.038223,0,0,6
174,host-2,5,1,14,5,1,0,0.268844,0,32000,8603,0.268844,131072,8860,0.067596,1,0,4
174,host-20,4,0,14,4,0,0,0.224500,0,32000,7184,0.224500,131072,8267,0.063072,0,0,4
174,host-21,5,1,14,5,1,0,0.236031,0,32000,7553,0.236031,131072,7233,0.055183,1,0,4
174,host-22,6,1,14,6,1,0,0.234750,0,32000,7512,0.234750,131072,8791,0.067070,1,0,5
174,host-23,4,0,14,4,0,0,0.230187,0,32000,7366,0.230187,131072,7564,0.057709,0,0,4
174,host-24,5,0,14,5,0,0,0.212344,0,32000,6795,0.212344,131072,6895,0.052605,0,0,5
174,host-3,5,0,14,5,0,0,0.220219,0,32000,7047,0.220219,131072,6554,0.050003,0,0,5
174,host-4,5,0,14,5,0,0,0.274844,0,32000,8795,0.274844,131072,8680,0.066223,0,0,5
174,host-5,5,1,14,5,1,0,0.229656,0,32000,7349,0.229656,131072,7768,0.059265,1,0,4
174,host-6,4,0,14,4,0,0,0.206344,0,32000,6603,0.206344,131072,6566,0.050095,0,0,4
174,host-7,5,1,14,5,1,0,0.229469,0,32000,7343,0.229469,131072,7112,0.054260,0,1,4
174,host-8,4,0,14,4,0,0,0.285156,0,32000,9125,0.285156,131072,10139,0.077354,0,0,4
174,host-9,5,0,14,5,0,0,0.260125,0,32000,8324,0.260125,131072,7490,0.057144,0,0,5
175,host-1,6,1,14,6,1,0,0.247562,0,32000,7922,0.247562,131072,7798,0.059494,1,0,5
175,host-10,4,0,14,4,0,0,0.222125,0,32000,7108,0.222125,131072,7323,0.055870,0,0,4
175,host-11,5,0,14,5,0,0,0.247594,0,32000,7923,0.247594,131072,8513,0.064949,0,0,5
175,host-12,4,1,14,4,1,0,0.175875,0,32000,5628,0.175875,131072,5981,0.045631,0,1,3
175,host-13,5,0,14,5,0,0,0.218344,0,32000,6987,0.218344,131072,6766,0.051620,0,0,5
175,host-14,5,0,14,5,0,0,0.237563,0,32000,7602,0.237563,131072,5826,0.044449,0,0,5
175,host-15,6,0,14,6,0,0,0.235063,0,32000,7522,0.235063,131072,7248,0.055298,0,0,6
175,host-16,5,0,14,5,0,0,0.207375,0,32000,6636,0.207375,131072,6689,0.051033,0,0,5
175,host-17,5,0,14,5,0,0,0.215219,0,32000,6887,0.215219,131072,7376,0.056274,0,0,5
175,host-18,5,0,14,5,0,0,0.282562,0,32000,9042,0.282562,131072,9361,0.071419,0,0,5
175,host-19,6,0,14,6,0,0,0.219500,0,32000,7024,0.219500,131072,5010,0.038223,0,0,6
175,host-2,5,1,14,5,1,0,0.268844,0,32000,8603,0.268844,131072,8860,0.067596,1,0,4
175,host-20,3,0,14,3,0,0,0.161688,0,32000,5174,0.161688,131072,5853,0.044655,0,0,3
175,host-21,5,1,14,5,1,0,0.236031,0,32000,7553,0.236031,131072,7233,0.055183,1,0,4
175,host-22,6,1,14,6,1,0,0.234750,0,32000,7512,0.234750,131072,8791,0.067070,1,0,5
175,host-23,4,0,14,4,0,0,0.230187,0,32000,7366,0.230187,131072,7564,0.057709,0,0,4
175,host-24,4,0,14,4,0,0,0.164313,0,32000,5258,0.164313,131072,5413,0.041298,0,0,4
175,host-3,5,0,14,5,0,0,0.220219,0,32000,7047,0.220219,131072,6554,0.050003,0,0,5
175,host-4,5,0,14,5,0,0,0.274844,0,32000,8795,0.274844,131072,8680,0.066223,0,0,5
175,host-5,5,1,14,5,1,0,0.229656,0,32000,7349,0.229656,131072,7768,0.059265,1,0,4
175,host-6,5,1,14,5,1,0,0.238781,0,32000,7641,0.238781,131072,7627,0.058189,1,0,4
175,host-7,5,1,14,5,1,0,0.229469,0,32000,7343,0.229469,131072,7112,0.054260,0,1,4
175,host-8,4,0,14,4,0,0,0.285156,0,32000,9125,0.285156,131072,10139,0.077354,0,0,4
175,host-9,5,0,14,5,0,0,0.260125,0,32000,8324,0.260125,131072,7490,0.057144,0,0,5
176,host-1,6,0,14,6,0,0,0.247562,0,32000,7922,0.247562,131072,7798,0.059494,0,0,6
176,host-10,4,0,14,4,0,0,0.222125,0,32000,7108,0.222125,131072,7323,0.055870,0,0,4
176,host-11,5,0,14,5,0,0,0.247594,0,32000,7923,0.247594,131072,8513,0.064949,0,0,5
176,host-12,4,0,14,4,0,0,0.175875,0,32000,5628,0.175875,131072,5981,0.045631,0,0,4
176,host-13,5,0,14,5,0,0,0.218344,0,32000,6987,0.218344,131072,6766,0.051620,0,0,5
176,host-14,5,0,14,5,0,0,0.237563,0,32000,7602,0.237563,131072,5826,0.044449,0,0,5
176,host-15,6,0,14,6,0,0,0.235063,0,32000,7522,0.235063,131072,7248,0.055298,0,0,6
176,host-16,5,0,14,5,0,0,0.207375,0,32000,6636,0.207375,131072,6689,0.051033,0,0,5
176,host-17,5,1,14,5,1,0,0.215219,0,32000,6887,0.215219,131072,7376,0.056274,0,1,4
176,host-18,5,0,14,5,0,0,0.282562,0,32000,9042,0.282562,131072,9361,0.071419,0,0,5
176,host-19,6,1,14,6,1,0,0.219500,0,32000,7024,0.219500,131072,5010,0.038223,0,1,5
176,host-2,5,1,14,5,1,0,0.268844,0,32000,8603,0.268844,131072,8860,0.067596,0,1,4
176,host-20,4,1,14,4,1,0,0.192188,0,32000,6150,0.192188,131072,7114,0.054276,1,0,3
176,host-21,5,0,14,5,0,0,0.236031,0,32000,7553,0.236031,131072,7233,0.055183,0,0,5
176,host-22,6,0,14,6,0,0,0.234750,0,32000,7512,0.234750,131072,8791,0.067070,0,0,6
176,host-23,4,0,14,4,0,0,0.230187,0,32000,7366,0.230187,131072,7564,0.057709,0,0,4
176,host-24,4,1,14,4,1,0,0.164313,0,32000,5258,0.164313,131072,5413,0.041298,0,1,3
176,host-3,5,0,14,5,0,0,0.220219,0,32000,7047,0.220219,131072,6554,0.050003,0,0,5
176,host-4,5,0,14,5,0,0,0.274844,0,32000,8795,0.274844,131072,8680,0.066223,0,0,5
176,host-5,5,1,14,5,1,0,0.229656,0,32000,7349,0.229656,131072,7768,0.059265,0,1,4
176,host-6,5,0,14,5,0,0,0.238781,0,32000,7641,0.238781,131072,7627,0.058189,0,0,5
176,host-7,5,0,14,5,0,0,0.229469,0,32000,7343,0.229469,131072,7112,0.054260,0,0,5
176,host-8,3,0,14,3,0,0,0.216875,0,32000,6940,0.216875,131072,7434,0.056717,0,0,3
176,host-9,5,0,14,5,0,0,0.260125,0,32000,8324,0.260125,131072,7490,0.057144,0,0,5
177,host-1,6,0,14,6,0,0,0.247562,0,32000,7922,0.247562,131072,7798,0.059494,0,0,6
177,host-10,4,0,14,4,0,0,0.222125,0,32000,7108,0.222125,131072,7323,0.055870,0,0,4
177,host-11,5,0,14,5,0,0,0.247594,0,32000,7923,0.247594,131072,8513,0.064949,0,0,5
177,host-12,5,2,14,5,2,0,0.240063,0,32000,7682,0.240063,131072,8574,0.065414,1,1,3
177,host-13,5,0,14,5,0,0,0.218344,0,32000,6987,0.218344,131072,6766,0.051620,0,0,5
177,host-14,5,0,14,5,0,0,0.237563,0,32000,7602,0.237563,131072,5826,0.044449,0,0,5
177,host-15,6,0,14,6,0,0,0.235063,0,32000,7522,0.235063,131072,7248,0.055298,0,0,6
177,host-16,6,1,14,6,1,0,0.253937,0,32000,8126,0.253937,131072,7375,0.056267,1,0,5
177,host-17,5,0,14,5,0,0,0.215219,0,32000,6887,0.215219,131072,7376,0.056274,0,0,5
177,host-18,5,0,14,5,0,0,0.282562,0,32000,9042,0.282562,131072,9361,0.071419,0,0,5
177,host-19,6,0,14,6,0,0,0.219500,0,32000,7024,0.219500,131072,5010,0.038223,0,0,6
177,host-2,5,0,14,5,0,0,0.268844,0,32000,8603,0.268844,131072,8860,0.067596,0,0,5
177,host-20,5,1,14,5,1,0,0.223500,0,32000,7152,0.223500,131072,7794,0.059464,1,0,4
177,host-21,5,0,14,5,0,0,0.236031,0,32000,7553,0.236031,131072,7233,0.055183,0,0,5
177,host-22,6,0,14,6,0,0,0.234750,0,32000,7512,0.234750,131072,8791,0.067070,0,0,6
177,host-23,4,0,14,4,0,0,0.230187,0,32000,7366,0.230187,131072,7564,0.057709,0,0,4
177,host-24,6,2,14,6,2,0,0.276813,0,32000,8858,0.276813,131072,8673,0.066170,2,0,4
177,host-3,5,0,14,5,0,0,0.220219,0,32000,7047,0.220219,131072,6554,0.050003,0,0,5
177,host-4,5,0,14,5,0,0,0.274844,0,32000,8795,0.274844,131072,8680,0.066223,0,0,5
177,host-5,5,0,14,5,0,0,0.229656,0,32000,7349,0.229656,131072,7768,0.059265,0,0,5
177,host-6,5,0,14,5,0,0,0.238781,0,32000,7641,0.238781,131072,7627,0.058189,0,0,5
177,host-7,5,0,14,5,0,0,0.229469,0,32000,7343,0.229469,131072,7112,0.054260,0,0,5
177,host-8,3,0,14,3,0,0,0.216875,0,32000,6940,0.216875,131072,7434,0.056717,0,0,3
177,host-9,5,0,14,5,0,0,0.260125,0,32000,8324,0.260125,131072,7490,0.057144,0,0,5
178,host-1,6,0,14,6,0,0,0.247562,0,32000,7922,0.247562,131072,7798,0.059494,0,0,6
178,host-10,4,0,14,4,0,0,0.222125,0,32000,7108,0.222125,131072,7323,0.055870,0,0,4
178,host-11,5,0,14,5,0,0,0.247594,0,32000,7923,0.247594,131072,8513,0.064949,0,0,5
178,host-12,5,0,14,5,0,0,0.240063,0,32000,7682,0.240063,131072,8574,0.065414,0,0,5
178,host-13,5,0,14,5,0,0,0.218344,0,32000,6987,0.218344,131072,6766,0.051620,0,0,5
178,host-14,5,0,14,5,0,0,0.237563,0,32000,7602,0.237563,131072,5826,0.044449,0,0,5
178,host-15,5,0,14,5,0,0,0.192250,0,32000,6152,0.192250,131072,6051,0.046165,0,0,5
178,host-16,6,0,14,6,0,0,0.253937,0,32000,8126,0.253937,131072,7375,0.056267,0,0,6
178,host-17,6,1,14,6,1,0,0.296406,0,32000,9485,0.296406,131072,9849,0.075142,1,0,5
178,host-18,5,0,14,5,0,0,0.282562,0,32000,9042,0.282562,131072,9361,0.071419,0,0,5
178,host-19,6,0,14,6,0,0,0.219500,0,32000,7024,0.219500,131072,5010,0.038223,0,0,6
178,host-2,4,0,14,4,0,0,0.227563,0,32000,7282,0.227563,131072,7239,0.055229,0,0,4
178,host-20,5,1,14,5,1,0,0.223500,0,32000,7152,0.223500,131072,7794,0.059464,1,0,4
178,host-21,5,0,14,5,0,0,0.236031,0,32000,7553,0.236031,131072,7233,0.055183,0,0,5
178,host-22,6,0,14,6,0,0,0.234750,0,32000,7512,0.234750,131072,8791,0.067070,0,0,6
178,host-23,4,0,14,4,0,0,0.230187,0,32000,7366,0.230187,131072,7564,0.057709,0,0,4
178,host-24,6,1,14,6,1,0,0.276813,0,32000,8858,0.276813,131072,8673,0.066170,1,0,5
178,host-3,5,0,14,5,0,0,0.220219,0,32000,7047,0.220219,131072,6554,0.050003,0,0,5
178,host-4,5,0,14,5,0,0,0.274844,0,32000,8795,0.274844,131072,8680,0.066223,0,0,5
178,host-5,5,0,14,5,0,0,0.229656,0,32000,7349,0.229656,131072,7768,0.059265,0,0,5
178,host-6,5,0,14,5,0,0,0.238781,0,32000,7641,0.238781,131072,7627,0.058189,0,0,5
178,host-7,5,0,14,5,0,0,0.229469,0,32000,7343,0.229469,131072,7112,0.054260,0,0,5
178,host-8,3,0,14,3,0,0,0.216875,0,32000,6940,0.216875,131072,7434,0.056717,0,0,3
178,host-9,5,0,14,5,0,0,0.260125,0,32000,8324,0.260125,131072,7490,0.057144,0,0,5
179,host-1,6,0,14,6,0,0,0.247562,0,32000,7922,0.247562,131072,7798,0.059494,0,0,6
179,host-10,4,0,14,4,0,0,0.222125,0,32000,7108,0.222125,131072,7323,0.055870,0,0,4
179,host-11,5,0,14,5,0,0,0.247594,0,32000,7923,0.247594,131072,8513,0.064949,0,0,5
179,host-12,5,0,14,5,0,0,0.240063,0,32000,7682,0.240063,131072,8574,0.065414,0,0,5
179,host-13,5,0,14,5,0,0,0.218344,0,32000,6987,0.218344,131072,6766,0.051620,0,0,5
179,host-14,5,0,14,5,0,0,0.237563,0,32000,7602,0.237563,131072,5826,0.044449,0,0,5
179,host-15,6,1,14,6,1,0,0.236906,0,32000,7581,0.236906,131072,7121,0.054329,1,0,5
179,host-16,5,1,14,5,1,0,0.227313,0,32000,7274,0.227313,131072,6302,0.048080,0,1,4
179,host-17,6,0,14,6,0,0,0.296406,0,32000,9485,0.296406,131072,9849,0.075142,0,0,6
179,host-18,5,0,14,5,0,0,0.282562,0,32000,9042,0.282562,131072,9361,0.071419,0,0,5
179,host-19,6,0,14,6,0,0,0.219500,0,32000,7024,0.219500,131072,5010,0.038223,0,0,6
179,host-2,4,0,14,4,0,0,0.227563,0,32000,7282,0.227563,131072,7239,0.055229,0,0,4
179,host-20,5,0,14,5,0,0,0.223500,0,32000,7152,0.223500,131072,7794,0.059464,0,0,5
179,host-21,5,0,14,5,0,0,0.236031,0,32000,7553,0.236031,131072,7233,0.055183,0,0,5
179,host-22,6,0,14,6,0,0,0.234750,0,32000,7512,0.234750,131072,8791,0.067070,0,0,6
179,host-23,4,1,14,4,1,0,0.230187,0,32000,7366,0.230187,131072,7564,0.057709,0,1,3
179,host-24,6,0,14,6,0,0,0.276813,0,32000,8858,0.276813,131072,8673,0.066170,0,0,6
179,host-3,5,0,14,5,0,0,0.220219,0,32000,7047,0.220219,131072,6554,0.050003,0,0,5
179,host-4,5,0,14,5,0,0,0.274844,0,32000,8795,0.274844,131072,8680,0.066223,0,0,5
179,host-5,5,0,14,5,0,0,0.229656,0,32000,7349,0.229656,131072,7768,0.059265,0,0,5
179,host-6,5,0,14,5,0,0,0.238781,0,32000,7641,0.238781,131072,7627,0.058189,0,0,5
179,host-7,5,0,14,5,0,0,0.229469,0,32000,7343,0.229469,131072,7112,0.054260,0,0,5
179,host-8,3,0,14,3,0,0,0.216875,0,32000,6940,0.216875,131072,7434,0.056717,0,0,3
179,host-9,5,0,14,5,0,0,0.260125,0,32000,8324,0.260125,131072,7490,0.057144,0,0,5
180,host-1,6,0,14,6,0,0,0.247562,0,32000,7922,0.247562,131072,7798,0.059494,0,0,6
180,host-10,4,0,14,4,0,0,0.222125,0,32000,7108,0.222125,131072,7323,0.055870,0,0,4
180,host-11,5,0,14,5,0,0,0.247594,0,32000,7923,0.247594,131072,8513,0.064949,0,0,5
180,host-12,5,0,14,5,0,0,0.240063,0,32000,7682,0.240063,131072,8574,0.065414,0,0,5
180,host-13,6,1,14,6,1,0,0.261031,0,32000,8353,0.261031,131072,8347,0.063683,1,0,5
180,host-14,5,1,14,5,1,0,0.237563,0,32000,7602,0.237563,131072,5826,0.044449,0,1,4
180,host-15,6,1,14,6,1,0,0.236906,0,32000,7581,0.236906,131072,7121,0.054329,1,0,5
180,host-16,5,0,14,5,0,0,0.227313,0,32000,7274,0.227313,131072,6302,0.048080,0,0,5
180,host-17,6,0,14,6,0,0,0.296406,0,32000,9485,0.296406,131072,9849,0.075142,0,0,6
180,host-18,5,0,14,5,0,0,0.282562,0,32000,9042,0.282562,131072,9361,0.071419,0,0,5
180,host-19,6,0,14,6,0,0,0.219500,0,32000,7024,0.219500,131072,5010,0.038223,0,0,6
180,host-2,4,0,14,4,0,0,0.227563,0,32000,7282,0.227563,131072,7239,0.055229,0,0,4
180,host-20,5,0,14,5,0,0,0.223500,0,32000,7152,0.223500,131072,7794,0.059464,0,0,5
180,host-21,5,0,14,5,0,0,0.236031,0,32000,7553,0.236031,131072,7233,0.055183,0,0,5
180,host-22,6,0,14,6,0,0,0.234750,0,32000,7512,0.234750,131072,8791,0.067070,0,0,6
180,host-23,4,0,14,4,0,0,0.230187,0,32000,7366,0.230187,131072,7564,0.057709,0,0,4
180,host-24,6,0,14,6,0,0,0.276813,0,32000,8858,0.276813,131072,8673,0.066170,0,0,6
180,host-3,5,0,14,5,0,0,0.220219,0,32000,7047,0.220219,131072,6554,0.050003,0,0,5
180,host-4,4,0,14,4,0,0,0.247062,0,32000,7906,0.247062,131072,8158,0.062241,0,0,4
180,host-5,5,0,14,5,0,0,0.229656,0,32000,7349,0.229656,131072,7768,0.059265,0,0,5
180,host-6,5,1,14,5,1,0,0.230437,0,32000,7374,0.230437,131072,6631,0.050591,1,0,4
180,host-7,5,1,14,5,1,0,0.229469,0,32000,7343,0.229469,131072,7112,0.054260,0,1,4
180,host-8,4,1,14,4,1,0,0.274375,0,32000,8780,0.274375,131072,9623,0.073418,1,0,3
180,host-9,5,0,14,5,0,0,0.260125,0,32000,8324,0.260125,131072,7490,0.057144,0,0,5
181,host-1,6,0,14,6,0,0,0.247562,0,32000,7922,0.247562,131072,7798,0.059494,0,0,6
181,host-10,4,0,14,4,0,0,0.222125,0,32000,7108,0.222125,131072,7323,0.055870,0,0,4
181,host-11,5,0,14,5,0,0,0.247594,0,32000,7923,0.247594,131072,8513,0.064949,0,0,5
181,host-12,5,0,14,5,0,0,0.240063,0,32000,7682,0.240063,131072,8574,0.065414,0,0,5
181,host-13,6,1,14,6,1,0,0.261031,0,32000,8353,0.261031,131072,8347,0.063683,0,1,5
181,host-14,5,0,14,5,0,0,0.237563,0,32000,7602,0.237563,131072,5826,0.044449,0,0,5
181,host-15,6,0,14,6,0,0,0.236906,0,32000,7581,0.236906,131072,7121,0.054329,0,0,6
181,host-16,5,1,14,5,1,0,0.227313,0,32000,7274,0.227313,131072,6302,0.048080,0,1,4
181,host-17,6,0,14,6,0,0,0.296406,0,32000,9485,0.296406,131072,9849,0.075142,0,0,6
181,host-18,4,0,14,4,0,0,0.219375,0,32000,7020,0.219375,131072,7092,0.054108,0,0,4
181,host-19,6,0,14,6,0,0,0.219500,0,32000,7024,0.219500,131072,5010,0.038223,0,0,6
181,host-2,4,0,14,4,0,0,0.227563,0,32000,7282,0.227563,131072,7239,0.055229,0,0,4
181,host-20,5,1,14,5,1,0,0.223500,0,32000,7152,0.223500,131072,7794,0.059464,0,1,4
181,host-21,5,0,14,5,0,0,0.236031,0,32000,7553,0.236031,131072,7233,0.055183,0,0,5
181,host-22,5,0,14,5,0,0,0.192750,0,32000,6168,0.192750,131072,7875,0.060081,0,0,5
181,host-23,4,0,14,4,0,0,0.230187,0,32000,7366,0.230187,131072,7564,0.057709,0,0,4
181,host-24,6,0,14,6,0,0,0.276813,0,32000,8858,0.276813,131072,8673,0.066170,0,0,6
181,host-3,5,0,14,5,0,0,0.220219,0,32000,7047,0.220219,131072,6554,0.050003,0,0,5
181,host-4,3,0,14,3,0,0,0.190656,0,32000,6101,0.190656,131072,6482,0.049454,0,0,3
181,host-5,5,0,14,5,0,0,0.229656,0,32000,7349,0.229656,131072,7768,0.059265,0,0,5
181,host-6,5,1,14,5,1,0,0.230437,0,32000,7374,0.230437,131072,6631,0.050591,1,0,4
181,host-7,5,0,14,5,0,0,0.229469,0,32000,7343,0.229469,131072,7112,0.054260,0,0,5
181,host-8,4,2,14,4,2,0,0.274375,0,32000,8780,0.274375,131072,9623,0.073418,0,2,2
181,host-9,4,0,14,4,0,0,0.215625,0,32000,6900,0.215625,131072,6281,0.047920,0,0,4
182,host-1,6,0,14,6,0,0,0.247562,0,32000,7922,0.247562,131072,7798,0.059494,0,0,6
182,host-10,4,0,14,4,0,0,0.222125,0,32000,7108,0.222125,131072,7323,0.055870,0,0,4
182,host-11,5,1,14,5,1,0,0.247594,0,32000,7923,0.247594,131072,8513,0.064949,0,1,4
182,host-12,5,0,14,5,0,0,0.240063,0,32000,7682,0.240063,131072,8574,0.065414,0,0,5
182,host-13,6,0,14,6,0,0,0.261031,0,32000,8353,0.261031,131072,8347,0.063683,0,0,6
182,host-14,5,0,14,5,0,0,0.237563,0,32000,7602,0.237563,131072,5826,0.044449,0,0,5
182,host-15,6,0,14,6,0,0,0.236906,0,32000,7581,0.236906,131072,7121,0.054329,0,0,6
182,host-16,5,0,14,5,0,0,0.227313,0,32000,7274,0.227313,131072,6302,0.048080,0,0,5
182,host-17,6,0,14,6,0,0,0.296406,0,32000,9485,0.296406,131072,9849,0.075142,0,0,6
182,host-18,4,0,14,4,0,0,0.219375,0,32000,7020,0.219375,131072,7092,0.054108,0,0,4
182,host-19,6,0,14,6,0,0,0.219500,0,32000,7024,0.219500,131072,5010,0.038223,0,0,6
182,host-2,4,0,14,4,0,0,0.227563,0,32000,7282,0.227563,131072,7239,0.055229,0,0,4
182,host-20,5,0,14,5,0,0,0.223500,0,32000,7152,0.223500,131072,7794,0.059464,0,0,5
182,host-21,5,0,14,5,0,0,0.236031,0,32000,7553,0.236031,131072,7233,0.055183,0,0,5
182,host-22,6,1,14,6,1,0,0.234750,0,32000,7512,0.234750,131072,8791,0.067070,1,0,5
182,host-23,4,0,14,4,0,0,0.230187,0,32000,7366,0.230187,131072,7564,0.057709,0,0,4
182,host-24,6,0,14,6,0,0,0.276813,0,32000,8858,0.276813,131072,8673,0.066170,0,0,6
182,host-3,5,0,14,5,0,0,0.220219,0,32000,7047,0.220219,131072,6554,0.050003,0,0,5
182,host-4,4,1,14,4,1,0,0.243781,0,32000,7801,0.243781,131072,7987,0.060936,1,0,3
182,host-5,5,0,14,5,0,0,0.229656,0,32000,7349,0.229656,131072,7768,0.059265,0,0,5
182,host-6,5,0,14,5,0,0,0.230437,0,32000,7374,0.230437,131072,6631,0.050591,0,0,5
182,host-7,5,0,14,5,0,0,0.229469,0,32000,7343,0.229469,131072,7112,0.054260,0,0,5
182,host-8,4,1,14,4,1,0,0.274375,0,32000,8780,0.274375,131072,9623,0.073418,0,1,3
182,host-9,4,0,14,4,0,0,0.215625,0,32000,6900,0.215625,131072,6281,0.047920,0,0,4
183,host-1,6,0,14,6,0,0,0.247562,0,32000,7922,0.247562,131072,7798,0.059494,0,0,6
183,host-10,5,1,14,5,1,0,0.263813,0,32000,8442,0.263813,131072,8828,0.067352,1,0,4
183,host-11,5,0,14,5,0,0,0.247594,0,32000,7923,0.247594,131072,8513,0.064949,0,0,5
183,host-12,5,0,14,5,0,0,0.240063,0,32000,7682,0.240063,131072,8574,0.065414,0,0,5
183,host-13,6,1,14,6,1,0,0.247469,0,32000,7919,0.247469,131072,7340,0.056000,1,0,5
183,host-14,5,0,14,5,0,0,0.237563,0,32000,7602,0.237563,131072,5826,0.044449,0,0,5
183,host-15,6,0,14,6,0,0,0.236906,0,32000,7581,0.236906,131072,7121,0.054329,0,0,6
183,host-16,5,0,14,5,0,0,0.227313,0,32000,7274,0.227313,131072,6302,0.048080,0,0,5
183,host-17,6,0,14,6,0,0,0.296406,0,32000,9485,0.296406,131072,9849,0.075142,0,0,6
183,host-18,4,1,14,4,1,0,0.239594,0,32000,7667,0.239594,131072,6984,0.053284,1,0,3
183,host-19,6,2,14,6,2,0,0.243094,0,32000,7779,0.243094,131072,5866,0.044754,1,1,4
183,host-2,4,0,14,4,0,0,0.227563,0,32000,7282,0.227563,131072,7239,0.055229,0,0,4
183,host-20,5,0,14,5,0,0,0.223500,0,32000,7152,0.223500,131072,7794,0.059464,0,0,5
183,host-21,5,0,14,5,0,0,0.236031,0,32000,7553,0.236031,131072,7233,0.055183,0,0,5
183,host-22,6,2,14,6,2,0,0.228750,0,32000,7320,0.228750,131072,8433,0.064339,2,0,4
183,host-23,4,0,14,4,0,0,0.230187,0,32000,7366,0.230187,131072,7564,0.057709,0,0,4
183,host-24,6,0,14,6,0,0,0.276813,0,32000,8858,0.276813,131072,8673,0.066170,0,0,6
183,host-3,6,1,14,6,1,0,0.258562,0,32000,8274,0.258562,131072,7458,0.056900,1,0,5
183,host-4,4,1,14,4,1,0,0.243781,0,32000,7801,0.243781,131072,7987,0.060936,0,1,3
183,host-5,5,0,14,5,0,0,0.229656,0,32000,7349,0.229656,131072,7768,0.059265,0,0,5
183,host-6,5,0,14,5,0,0,0.230437,0,32000,7374,0.230437,131072,6631,0.050591,0,0,5
183,host-7,5,0,14,5,0,0,0.229469,0,32000,7343,0.229469,131072,7112,0.054260,0,0,5
183,host-8,4,0,14,4,0,0,0.274375,0,32000,8780,0.274375,131072,9623,0.073418,0,0,4
183,host-9,5,1,14,5,1,0,0.286344,0,32000,9163,0.286344,131072,8861,0.067604,0,1,4
184,host-1,6,0,14,6,0,0,0.247562,0,32000,7922,0.247562,131072,7798,0.059494,0,0,6
184,host-10,4,1,14,4,1,0,0.193031,0,32000,6177,0.193031,131072,6514,0.049698,1,0,3
184,host-11,4,0,14,4,0,0,0.178656,0,32000,5717,0.178656,131072,5871,0.044792,0,0,4
184,host-12,5,0,14,5,0,0,0.240063,0,32000,7682,0.240063,131072,8574,0.065414,0,0,5
184,host-13,6,1,14,6,1,0,0.247469,0,32000,7919,0.247469,131072,7340,0.056000,1,0,5
184,host-14,5,0,14,5,0,0,0.237563,0,32000,7602,0.237563,131072,5826,0.044449,0,0,5
184,host-15,6,0,14,6,0,0,0.236906,0,32000,7581,0.236906,131072,7121,0.054329,0,0,6
184,host-16,6,1,14,6,1,0,0.260125,0,32000,8324,0.260125,131072,7122,0.054337,0,1,5
184,host-17,6,0,14,6,0,0,0.296406,0,32000,9485,0.296406,131072,9849,0.075142,0,0,6
184,host-18,4,0,14,4,0,0,0.239594,0,32000,7667,0.239594,131072,6984,0.053284,0,0,4
184,host-19,5,1,14,5,1,0,0.201375,0,32000,6444,0.201375,131072,5359,0.040886,1,0,4
184,host-2,4,1,14,4,1,0,0.201094,0,32000,6435,0.201094,131072,6560,0.050049,1,0,3
184,host-20,6,1,14,6,1,0,0.265188,0,32000,8486,0.265188,131072,9299,0.070946,1,0,5
184,host-21,5,0,14,5,0,0,0.236031,0,32000,7553,0.236031,131072,7233,0.055183,0,0,5
184,host-22,7,2,14,7,2,0,0.285156,0,32000,9125,0.285156,131072,10109,0.077126,2,0,5
184,host-23,4,0,14,4,0,0,0.230187,0,32000,7366,0.230187,131072,7564,0.057709,0,0,4
184,host-24,6,0,14,6,0,0,0.276813,0,32000,8858,0.276813,131072,8673,0.066170,0,0,6
184,host-3,6,1,14,6,1,0,0.258562,0,32000,8274,0.258562,131072,7458,0.056900,1,0,5
184,host-4,4,0,14,4,0,0,0.243781,0,32000,7801,0.243781,131072,7987,0.060936,0,0,4
184,host-5,5,0,14,5,0,0,0.229656,0,32000,7349,0.229656,131072,7768,0.059265,0,0,5
184,host-6,5,0,14,5,0,0,0.230437,0,32000,7374,0.230437,131072,6631,0.050591,0,0,5
184,host-7,5,0,14,5,0,0,0.229469,0,32000,7343,0.229469,131072,7112,0.054260,0,0,5
184,host-8,4,0,14,4,0,0,0.274375,0,32000,8780,0.274375,131072,9623,0.073418,0,0,4
184,host-9,5,0,14,5,0,0,0.286344,0,32000,9163,0.286344,131072,8861,0.067604,0,0,5
185,host-1,6,0,14,6,0,0,0.247562,0,32000,7922,0.247562,131072,7798,0.059494,0,0,6
185,host-10,5,1,14,5,1,0,0.236344,0,32000,7563,0.236344,131072,7683,0.058617,0,1,4
185,host-11,5,1,14,5,1,0,0.247594,0,32000,7923,0.247594,131072,8513,0.064949,0,1,4
185,host-12,5,1,14,5,1,0,0.240063,0,32000,7682,0.240063,131072,8574,0.065414,0,1,4
185,host-13,6,1,14,6,1,0,0.247469,0,32000,7919,0.247469,131072,7340,0.056000,0,1,5
185,host-14,4,0,14,4,0,0,0.196156,0,32000,6277,0.196156,131072,4795,0.036583,0,0,4
185,host-15,6,0,14,6,0,0,0.236906,0,32000,7581,0.236906,131072,7121,0.054329,0,0,6
185,host-16,6,0,14,6,0,0,0.260125,0,32000,8324,0.260125,131072,7122,0.054337,0,0,6
185,host-17,6,0,14,6,0,0,0.296406,0,32000,9485,0.296406,131072,9849,0.075142,0,0,6
185,host-18,4,0,14,4,0,0,0.239594,0,32000,7667,0.239594,131072,6984,0.053284,0,0,4
185,host-19,5,0,14,5,0,0,0.201375,0,32000,6444,0.201375,131072,5359,0.040886,0,0,5
185,host-2,5,1,14,5,1,0,0.238781,0,32000,7641,0.238781,131072,8066,0.061539,1,0,4
185,host-20,6,0,14,6,0,0,0.265188,0,32000,8486,0.265188,131072,9299,0.070946,0,0,6
185,host-21,5,0,14,5,0,0,0.236031,0,32000,7553,0.236031,131072,7233,0.055183,0,0,5
185,host-22,7,0,14,7,0,0,0.285156,0,32000,9125,0.285156,131072,10109,0.077126,0,0,7
185,host-23,4,0,14,4,0,0,0.230187,0,32000,7366,0.230187,131072,7564,0.057709,0,0,4
185,host-24,6,0,14,6,0,0,0.276813,0,32000,8858,0.276813,131072,8673,0.066170,0,0,6
185,host-3,5,0,14,5,0,0,0.216844,0,32000,6939,0.216844,131072,6951,0.053032,0,0,5
185,host-4,4,0,14,4,0,0,0.243781,0,32000,7801,0.243781,131072,7987,0.060936,0,0,4
185,host-5,5,0,14,5,0,0,0.229656,0,32000,7349,0.229656,131072,7768,0.059265,0,0,5
185,host-6,5,0,14,5,0,0,0.230437,0,32000,7374,0.230437,131072,6631,0.050591,0,0,5
185,host-7,4,0,14,4,0,0,0.185719,0,32000,5943,0.185719,131072,6008,0.045837,0,0,4
185,host-8,4,0,14,4,0,0,0.274375,0,32000,8780,0.274375,131072,9623,0.073418,0,0,4
185,host-9,4,0,14,4,0,0,0.215562,0,32000,6898,0.215562,131072,6547,0.049950,0,0,4
186,host-1,6,1,14,6,1,0,0.281719,0,32000,9015,0.281719,131072,8644,0.065948,1,0,5
186,host-10,6,1,14,6,1,0,0.264125,0,32000,8452,0.264125,131072,8205,0.062599,1,0,5
186,host-11,5,0,14,5,0,0,0.247594,0,32000,7923,0.247594,131072,8513,0.064949,0,0,5
186,host-12,5,1,14,5,1,0,0.244156,0,32000,7813,0.244156,131072,9089,0.069344,1,0,4
186,host-13,6,0,14,6,0,0,0.247469,0,32000,7919,0.247469,131072,7340,0.056000,0,0,6
186,host-14,5,1,14,5,1,0,0.258344,0,32000,8267,0.258344,131072,6672,0.050903,1,0,4
186,host-15,7,1,14,7,1,0,0.307688,0,32000,9846,0.307688,131072,9435,0.071983,1,0,6
186,host-16,6,1,14,6,1,0,0.288906,0,32000,9245,0.288906,131072,8398,0.064072,1,0,5
186,host-17,6,0,14,6,0,0,0.296406,0,32000,9485,0.296406,131072,9849,0.075142,0,0,6
186,host-18,4,0,14,4,0,0,0.239594,0,32000,7667,0.239594,131072,6984,0.053284,0,0,4
186,host-19,7,3,14,7,3,0,0.298219,0,32000,9543,0.298219,131072,8341,0.063637,2,1,4
186,host-2,6,1,14,6,1,0,0.282531,0,32000,9041,0.282531,131072,9170,0.069962,1,0,5
186,host-20,6,1,14,6,1,0,0.265188,0,32000,8486,0.265188,131072,9299,0.070946,0,1,5
186,host-21,6,1,14,6,1,0,0.263750,0,32000,8440,0.263750,131072,8564,0.065338,1,0,5
186,host-22,7,0,14,7,0,0,0.285156,0,32000,9125,0.285156,131072,10109,0.077126,0,0,7
186,host-23,5,1,14,5,1,0,0.279187,0,32000,8934,0.279187,131072,9441,0.072029,1,0,4
186,host-24,5,0,14,5,0,0,0.239469,0,32000,7663,0.239469,131072,7430,0.056686,0,0,5
186,host-3,6,1,14,6,1,0,0.260062,0,32000,8322,0.260062,131072,8536,0.065125,0,1,5
186,host-4,4,1,14,4,1,0,0.243781,0,32000,7801,0.243781,131072,7987,0.060936,0,1,3
186,host-5,6,1,14,6,1,0,0.271062,0,32000,8674,0.271062,131072,8799,0.067131,1,0,5
186,host-6,6,2,14,6,2,0,0.267781,0,32000,8569,0.267781,131072,7874,0.060074,1,1,4
186,host-7,5,1,14,5,1,0,0.266969,0,32000,8543,0.266969,131072,8834,0.067398,1,0,4
186,host-8,4,0,14,4,0,0,0.274375,0,32000,8780,0.274375,131072,9623,0.073418,0,0,4
186,host-9,5,1,14,5,1,0,0.257281,0,32000,8233,0.257281,131072,7054,0.053818,1,0,4
187,host-1,5,1,14,5,1,0,0.244188,0,32000,7814,0.244188,131072,7592,0.057922,1,0,4
187,host-10,6,1,14,6,1,0,0.264125,0,32000,8452,0.264125,131072,8205,0.062599,1,0,5
187,host-11,5,0,14,5,0,0,0.247594,0,32000,7923,0.247594,131072,8513,0.064949,0,0,5
187,host-12,6,1,14,6,1,0,0.312250,0,32000,9992,0.312250,131072,11519,0.087883,1,0,5
187,host-13,6,0,14,6,0,0,0.247469,0,32000,7919,0.247469,131072,7340,0.056000,0,0,6
187,host-14,4,0,14,4,0,0,0.219406,0,32000,7021,0.219406,131072,5877,0.044838,0,0,4
187,host-15,6,1,14,6,1,0,0.279438,0,32000,8942,0.279438,131072,8070,0.061569,1,0,5
187,host-16,6,0,14,6,0,0,0.288906,0,32000,9245,0.288906,131072,8398,0.064072,0,0,6
187,host-17,6,0,14,6,0,0,0.296406,0,32000,9485,0.296406,131072,9849,0.075142,0,0,6
187,host-18,4,1,14,4,1,0,0.224688,0,32000,7190,0.224688,131072,6497,0.049568,1,0,3
187,host-19,7,1,14,7,1,0,0.298219,0,32000,9543,0.298219,131072,8341,0.063637,0,1,6
187,host-2,6,0,14,6,0,0,0.282531,0,32000,9041,0.282531,131072,9170,0.069962,0,0,6
187,host-20,5,0,14,5,0,0,0.207094,0,32000,6627,0.207094,131072,6693,0.051064,0,0,5
187,host-21,5,1,14,5,1,0,0.233937,0,32000,7486,0.233937,131072,7923,0.060448,1,0,4
187,host-22,6,1,14,6,1,0,0.250281,0,32000,8009,0.250281,131072,8346,0.063675,0,1,5
187,host-23,5,1,14,5,1,0,0.279187,0,32000,8934,0.279187,131072,9441,0.072029,1,0,4
187,host-24,6,1,14,6,1,0,0.310250,0,32000,9928,0.310250,131072,9744,0.074341,1,0,5
187,host-3,6,0,14,6,0,0,0.260062,0,32000,8322,0.260062,131072,8536,0.065125,0,0,6
187,host-4,5,1,14,5,1,0,0.271562,0,32000,8690,0.271562,131072,8509,0.064919,1,0,4
187,host-5,6,1,14,6,1,0,0.271062,0,32000,8674,0.271062,131072,8799,0.067131,0,1,5
187,host-6,6,0,14,6,0,0,0.267781,0,32000,8569,0.267781,131072,7874,0.060074,0,0,6
187,host-7,5,0,14,5,0,0,0.266969,0,32000,8543,0.266969,131072,8834,0.067398,0,0,5
187,host-8,3,0,14,3,0,0,0.195281,0,32000,6249,0.195281,131072,7141,0.054482,0,0,3
187,host-9,5,0,14,5,0,0,0.257281,0,32000,8233,0.257281,131072,7054,0.053818,0,0,5
188,host-1,4,1,14,4,1,0,0.210063,0,32000,6722,0.210063,131072,6481,0.049446,0,1,3
188,host-10,6,0,14,6,0,0,0.264125,0,32000,8452,0.264125,131072,8205,0.062599,0,0,6
188,host-11,5,0,14,5,0,0,0.247594,0,32000,7923,0.247594,131072,8513,0.064949,0,0,5
188,host-12,6,2,14,6,2,0,0.312250,0,32000,9992,0.312250,131072,11519,0.087883,1,1,4
188,host-13,6,0,14,6,0,0,0.247469,0,32000,7919,0.247469,131072,7340,0.056000,0,0,6
188,host-14,4,0,14,4,0,0,0.219406,0,32000,7021,0.219406,131072,5877,0.044838,0,0,4
188,host-15,6,0,14,6,0,0,0.279438,0,32000,8942,0.279438,131072,8070,0.061569,0,0,6
188,host-16,6,0,14,6,0,0,0.288906,0,32000,9245,0.288906,131072,8398,0.064072,0,0,6
188,host-17,5,0,14,5,0,0,0.248844,0,32000,7963,0.248844,131072,7999,0.061028,0,0,5
188,host-18,4,0,14,4,0,0,0.224688,0,32000,7190,0.224688,131072,6497,0.049568,0,0,4
188,host-19,7,0,14,7,0,0,0.298219,0,32000,9543,0.298219,131072,8341,0.063637,0,0,7
188,host-2,6,1,14,6,1,0,0.282531,0,32000,9041,0.282531,131072,9170,0.069962,0,1,5
188,host-20,6,1,14,6,1,0,0.283062,0,32000,9058,0.283062,131072,9613,0.073341,1,0,5
188,host-21,5,0,14,5,0,0,0.233937,0,32000,7486,0.233937,131072,7923,0.060448,0,0,5
188,host-22,6,0,14,6,0,0,0.250281,0,32000,8009,0.250281,131072,8346,0.063675,0,0,6
188,host-23,5,0,14,5,0,0,0.279187,0,32000,8934,0.279187,131072,9441,0.072029,0,0,5
188,host-24,6,0,14,6,0,0,0.310250,0,32000,9928,0.310250,131072,9744,0.074341,0,0,6
188,host-3,5,0,14,5,0,0,0.201406,0,32000,6445,0.201406,131072,6972,0.053192,0,0,5
188,host-4,5,1,14,5,1,0,0.271562,0,32000,8690,0.271562,131072,8509,0.064919,0,1,4
188,host-5,6,0,14,6,0,0,0.271062,0,32000,8674,0.271062,131072,8799,0.067131,0,0,6
188,host-6,6,0,14,6,0,0,0.267781,0,32000,8569,0.267781,131072,7874,0.060074,0,0,6
188,host-7,5,0,14,5,0,0,0.266969,0,32000,8543,0.266969,131072,8834,0.067398,0,0,5
188,host-8,4,1,14,4,1,0,0.244281,0,32000,7817,0.244281,131072,9018,0.068802,1,0,3
188,host-9,5,0,14,5,0,0,0.257281,0,32000,8233,0.257281,131072,7054,0.053818,0,0,5
189,host-1,5,1,14,5,1,0,0.249000,0,32000,7968,0.249000,131072,7276,0.055511,1,0,4
189,host-10,6,0,14,6,0,0,0.264125,0,32000,8452,0.264125,131072,8205,0.062599,0,0,6
189,host-11,5,0,14,5,0,0,0.247594,0,32000,7923,0.247594,131072,8513,0.064949,0,0,5
189,host-12,6,0,14,6,0,0,0.312250,0,32000,9992,0.312250,131072,11519,0.087883,0,0,6
189,host-13,6,1,14,6,1,0,0.249156,0,32000,7973,0.249156,131072,7528,0.057434,1,0,5
189,host-14,5,1,14,5,1,0,0.278062,0,32000,8898,0.278062,131072,7441,0.056770,1,0,4
189,host-15,6,0,14,6,0,0,0.279438,0,32000,8942,0.279438,131072,8070,0.061569,0,0,6
189,host-16,6,0,14,6,0,0,0.288906,0,32000,9245,0.288906,131072,8398,0.064072,0,0,6
189,host-17,5,0,14,5,0,0,0.248844,0,32000,7963,0.248844,131072,7999,0.061028,0,0,5
189,host-18,5,1,14,5,1,0,0.272250,0,32000,8712,0.272250,131072,8347,0.063683,1,0,4
189,host-19,7,0,14,7,0,0,0.298219,0,32000,9543,0.298219,131072,8341,0.063637,0,0,7
189,host-2,6,0,14,6,0,0,0.282531,0,32000,9041,0.282531,131072,9170,0.069962,0,0,6
189,host-20,6,1,14,6,1,0,0.283062,0,32000,9058,0.283062,131072,9613,0.073341,0,1,5
189,host-21,6,1,14,6,1,0,0.269781,0,32000,8633,0.269781,131072,8787,0.067039,1,0,5
189,host-22,6,0,14,6,0,0,0.250281,0,32000,8009,0.250281,131072,8346,0.063675,0,0,6
189,host-23,5,0,14,5,0,0,0.279187,0,32000,8934,0.279187,131072,9441,0.072029,0,0,5
189,host-24,6,0,14,6,0,0,0.310250,0,32000,9928,0.310250,131072,9744,0.074341,0,0,6
189,host-3,6,2,14,6,2,0,0.304563,0,32000,9746,0.304563,131072,11573,0.088295,2,0,4
189,host-4,6,2,14,6,2,0,0.290500,0,32000,9296,0.290500,131072,9402,0.071732,2,0,4
189,host-5,6,0,14,6,0,0,0.271062,0,32000,8674,0.271062,131072,8799,0.067131,0,0,6
189,host-6,6,1,14,6,1,0,0.267781,0,32000,8569,0.267781,131072,7874,0.060074,0,1,5
189,host-7,5,0,14,5,0,0,0.266969,0,32000,8543,0.266969,131072,8834,0.067398,0,0,5
189,host-8,4,1,14,4,1,0,0.244281,0,32000,7817,0.244281,131072,9018,0.068802,0,1,3
189,host-9,5,0,14,5,0,0,0.257281,0,32000,8233,0.257281,131072,7054,0.053818,0,0,5
190,host-1,6,1,14,6,1,0,0.326313,0,32000,10442,0.326313,131072,9836,0.075043,1,0,5
190,host-10,6,0,14,6,0,0,0.264125,0,32000,8452,0.264125,131072,8205,0.062599,0,0,6
190,host-11,5,1,14,5,1,0,0.244188,0,32000,7814,0.244188,131072,8185,0.062447,1,0,4
190,host-12,6,0,14,6,0,0,0.312250,0,32000,9992,0.312250,131072,11519,0.087883,0,0,6
190,host-13,6,2,14,6,2,0,0.261625,0,32000,8372,0.261625,131072,7206,0.054977,2,0,4
190,host-14,5,0,14,5,0,0,0.278062,0,32000,8898,0.278062,131072,7441,0.056770,0,0,5
190,host-15,6,0,14,6,0,0,0.279438,0,32000,8942,0.279438,131072,8070,0.061569,0,0,6
190,host-16,5,0,14,5,0,0,0.229563,0,32000,7346,0.229563,131072,5841,0.044563,0,0,5
190,host-17,6,1,14,6,1,0,0.316844,0,32000,10139,0.316844,131072,10878,0.082993,1,0,5
190,host-18,5,0,14,5,0,0,0.272250,0,32000,8712,0.272250,131072,8347,0.063683,0,0,5
190,host-19,7,0,14,7,0,0,0.298219,0,32000,9543,0.298219,131072,8341,0.063637,0,0,7
190,host-2,6,0,14,6,0,0,0.282531,0,32000,9041,0.282531,131072,9170,0.069962,0,0,6
190,host-20,6,0,14,6,0,0,0.283062,0,32000,9058,0.283062,131072,9613,0.073341,0,0,6
190,host-21,6,0,14,6,0,0,0.269781,0,32000,8633,0.269781,131072,8787,0.067039,0,0,6
190,host-22,6,0,14,6,0,0,0.250281,0,32000,8009,0.250281,131072,8346,0.063675,0,0,6
190,host-23,5,0,14,5,0,0,0.279187,0,32000,8934,0.279187,131072,9441,0.072029,0,0,5
190,host-24,6,0,14,6,0,0,0.310250,0,32000,9928,0.310250,131072,9744,0.074341,0,0,6
190,host-3,5,1,14,5,1,0,0.238344,0,32000,7627,0.238344,131072,8831,0.067375,1,0,4
190,host-4,6,2,14,6,2,0,0.290500,0,32000,9296,0.290500,131072,9402,0.071732,2,0,4
190,host-5,6,0,14,6,0,0,0.271062,0,32000,8674,0.271062,131072,8799,0.067131,0,0,6
190,host-6,6,0,14,6,0,0,0.267781,0,32000,8569,0.267781,131072,7874,0.060074,0,0,6
190,host-7,5,0,14,5,0,0,0.266969,0,32000,8543,0.266969,131072,8834,0.067398,0,0,5
190,host-8,5,1,14,5,1,0,0.287000,0,32000,9184,0.287000,131072,10260,0.078278,1,0,4
190,host-9,5,0,14,5,0,0,0.257281,0,32000,8233,0.257281,131072,7054,0.053818,0,0,5
191,host-1,6,0,14,6,0,0,0.326313,0,32000,10442,0.326313,131072,9836,0.075043,0,0,6
191,host-10,4,0,14,4,0,0,0.179313,0,32000,5738,0.179313,131072,5417,0.041328,0,0,4
191,host-11,6,2,14,6,2,0,0.266937,0,32000,8542,0.266937,131072,8653,0.066017,1,1,4
191,host-12,5,0,14,5,0,0,0.281438,0,32000,9006,0.281438,131072,10925,0.083351,0,0,5
191,host-13,6,2,14,6,2,0,0.261625,0,32000,8372,0.261625,131072,7206,0.054977,1,1,4
191,host-14,4,0,14,4,0,0,0.206625,0,32000,6612,0.206625,131072,5575,0.042534,0,0,4
191,host-15,5,0,14,5,0,0,0.242531,0,32000,7761,0.242531,131072,7357,0.056129,0,0,5
191,host-16,6,1,14,6,1,0,0.263688,0,32000,8438,0.263688,131072,6952,0.053040,0,1,5
191,host-17,6,0,14,6,0,0,0.316844,0,32000,10139,0.316844,131072,10878,0.082993,0,0,6
191,host-18,5,0,14,5,0,0,0.272250,0,32000,8712,0.272250,131072,8347,0.063683,0,0,5
191,host-19,7,0,14,7,0,0,0.298219,0,32000,9543,0.298219,131072,8341,0.063637,0,0,7
191,host-2,5,0,14,5,0,0,0.254219,0,32000,8135,0.254219,131072,7972,0.060822,0,0,5
191,host-20,6,0,14,6,0,0,0.283062,0,32000,9058,0.283062,131072,9613,0.073341,0,0,6
191,host-21,6,0,14,6,0,0,0.269781,0,32000,8633,0.269781,131072,8787,0.067039,0,0,6
191,host-22,4,0,14,4,0,0,0.195781,0,32000,6265,0.195781,131072,5823,0.044426,0,0,4
191,host-23,4,1,14,4,1,0,0.219844,0,32000,7035,0.219844,131072,6884,0.052521,0,1,3
191,host-24,6,0,14,6,0,0,0.310250,0,32000,9928,0.310250,131072,9744,0.074341,0,0,6
191,host-3,6,1,14,6,1,0,0.281156,0,32000,8997,0.281156,131072,10028,0.076508,1,0,5
191,host-4,6,1,14,6,1,0,0.290500,0,32000,9296,0.290500,131072,9402,0.071732,0,1,5
191,host-5,6,1,14,6,1,0,0.271062,0,32000,8674,0.271062,131072,8799,0.067131,0,1,5
191,host-6,5,0,14,5,0,0,0.231969,0,32000,7423,0.231969,131072,6670,0.050888,0,0,5
191,host-7,4,0,14,4,0,0,0.223625,0,32000,7156,0.223625,131072,7960,0.060730,0,0,4
191,host-8,5,1,14,5,1,0,0.287000,0,32000,9184,0.287000,131072,10260,0.078278,0,1,4
191,host-9,5,0,14,5,0,0,0.257281,0,32000,8233,0.257281,131072,7054,0.053818,0,0,5
192,host-1,6,0,14,6,0,0,0.326313,0,32000,10442,0.326313,131072,9836,0.075043,0,0,6
192,host-10,5,1,14,5,1,0,0.235406,0,32000,7533,0.235406,131072,6774,0.051682,1,0,4
192,host-11,6,1,14,6,1,0,0.266937,0,32000,8542,0.266937,131072,8653,0.066017,0,1,5
192,host-12,5,0,14,5,0,0,0.281438,0,32000,9006,0.281438,131072,10925,0.083351,0,0,5
192,host-13,5,0,14,5,0,0,0.230156,0,32000,7365,0.230156,131072,6498,0.049576,0,0,5
192,host-14,5,1,14,5,1,0,0.234937,0,32000,7518,0.234937,131072,6773,0.051674,1,0,4
192,host-15,5,2,14,5,2,0,0.276187,0,32000,8838,0.276187,131072,8270,0.063095,1,1,3
192,host-16,6,0,14,6,0,0,0.263688,0,32000,8438,0.263688,131072,6952,0.053040,0,0,6
192,host-17,6,0,14,6,0,0,0.316844,0,32000,10139,0.316844,131072,10878,0.082993,0,0,6
192,host-18,5,1,14,5,1,0,0.269656,0,32000,8629,0.269656,131072,9195,0.070152,1,0,4
192,host-19,6,0,14,6,0,0,0.255688,0,32000,8182,0.255688,131072,7743,0.059074,0,0,6
192,host-2,5,0,14,5,0,0,0.254219,0,32000,8135,0.254219,131072,7972,0.060822,0,0,5
192,host-20,6,0,14,6,0,0,0.283062,0,32000,9058,0.283062,131072,9613,0.073341,0,0,6
192,host-21,6,2,14,6,2,0,0.237719,0,32000,7607,0.237719,131072,8716,0.066498,1,1,4
192,host-22,5,1,14,5,1,0,0.248531,0,32000,7953,0.248531,131072,7663,0.058464,1,0,4
192,host-23,5,1,14,5,1,0,0.250656,0,32000,8021,0.250656,131072,7478,0.057053,1,0,4
192,host-24,6,0,14,6,0,0,0.310250,0,32000,9928,0.310250,131072,9744,0.074341,0,0,6
192,host-3,6,1,14,6,1,0,0.281156,0,32000,8997,0.281156,131072,10028,0.076508,1,0,5
192,host-4,6,0,14,6,0,0,0.290500,0,32000,9296,0.290500,131072,9402,0.071732,0,0,6
192,host-5,5,0,14,5,0,0,0.226438,0,32000,7246,0.226438,131072,7751,0.059135,0,0,5
192,host-6,5,1,14,5,1,0,0.231969,0,32000,7423,0.231969,131072,6670,0.050888,0,1,4
192,host-7,5,1,14,5,1,0,0.292438,0,32000,9358,0.292438,131072,9854,0.075180,1,0,4
192,host-8,5,0,14,5,0,0,0.287000,0,32000,9184,0.287000,131072,10260,0.078278,0,0,5
192,host-9,5,0,14,5,0,0,0.257281,0,32000,8233,0.257281,131072,7054,0.053818,0,0,5
193,host-1,6,0,14,6,0,0,0.326313,0,32000,10442,0.326313,131072,9836,0.075043,0,0,6
193,host-10,5,0,14,5,0,0,0.235406,0,32000,7533,0.235406,131072,6774,0.051682,0,0,5
193,host-11,6,0,14,6,0,0,0.266937,0,32000,8542,0.266937,131072,8653,0.066017,0,0,6
193,host-12,5,0,14,5,0,0,0.281438,0,32000,9006,0.281438,131072,10925,0.083351,0,0,5
193,host-13,6,1,14,6,1,0,0.264969,0,32000,8479,0.264969,131072,8034,0.061295,1,0,5
193,host-14,5,2,14,5,2,0,0.253344,0,32000,8107,0.253344,131072,7720,0.058899,2,0,3
193,host-15,4,1,14,4,1,0,0.244719,0,32000,7831,0.244719,131072,7562,0.057693,1,0,3
193,host-16,6,0,14,6,0,0,0.263688,0,32000,8438,0.263688,131072,6952,0.053040,0,0,6
193,host-17,6,0,14,6,0,0,0.316844,0,32000,10139,0.316844,131072,10878,0.082993,0,0,6
193,host-18,5,1,14,5,1,0,0.269656,0,32000,8629,0.269656,131072,9195,0.070152,1,0,4
193,host-19,6,0,14,6,0,0,0.255688,0,32000,8182,0.255688,131072,7743,0.059074,0,0,6
193,host-2,5,0,14,5,0,0,0.254219,0,32000,8135,0.254219,131072,7972,0.060822,0,0,5
193,host-20,5,0,14,5,0,0,0.253250,0,32000,8104,0.253250,131072,8972,0.068451,0,0,5
193,host-21,6,0,14,6,0,0,0.237719,0,32000,7607,0.237719,131072,8716,0.066498,0,0,6
193,host-22,5,1,14,5,1,0,0.248531,0,32000,7953,0.248531,131072,7663,0.058464,1,0,4
193,host-23,5,1,14,5,1,0,0.250656,0,32000,8021,0.250656,131072,7478,0.057053,1,0,4
193,host-24,6,0,14,6,0,0,0.310250,0,32000,9928,0.310250,131072,9744,0.074341,0,0,6
193,host-3,6,1,14,6,1,0,0.281156,0,32000,8997,0.281156,131072,10028,0.076508,0,1,5
193,host-4,6,0,14,6,0,0,0.290500,0,32000,9296,0.290500,131072,9402,0.071732,0,0,6
193,host-5,5,1,14,5,1,0,0.239687,0,32000,7670,0.239687,131072,8361,0.063789,1,0,4
193,host-6,6,1,14,6,1,0,0.273250,0,32000,8744,0.273250,131072,8291,0.063255,1,0,5
193,host-7,5,0,14,5,0,0,0.292438,0,32000,9358,0.292438,131072,9854,0.075180,0,0,5
193,host-8,5,0,14,5,0,0,0.287000,0,32000,9184,0.287000,131072,10260,0.078278,0,0,5
193,host-9,5,0,14,5,0,0,0.257281,0,32000,8233,0.257281,131072,7054,0.053818,0,0,5
194,host-1,6,0,14,6,0,0,0.326313,0,32000,10442,0.326313,131072,9836,0.075043,0,0,6
194,host-10,5,0,14,5,0,0,0.235406,0,32000,7533,0.235406,131072,6774,0.051682,0,0,5
194,host-11,6,0,14,6,0,0,0.266937,0,32000,8542,0.266937,131072,8653,0.066017,0,0,6
194,host-12,5,0,14,5,0,0,0.281438,0,32000,9006,0.281438,131072,10925,0.083351,0,0,5
194,host-13,6,0,14,6,0,0,0.264969,0,32000,8479,0.264969,131072,8034,0.061295,0,0,6
194,host-14,5,1,14,5,1,0,0.253344,0,32000,8107,0.253344,131072,7720,0.058899,1,0,4
194,host-15,4,1,14,4,1,0,0.244719,0,32000,7831,0.244719,131072,7562,0.057693,0,1,3
194,host-16,6,0,14,6,0,0,0.263688,0,32000,8438,0.263688,131072,6952,0.053040,0,0,6
194,host-17,6,0,14,6,0,0,0.316844,0,32000,10139,0.316844,131072,10878,0.082993,0,0,6
194,host-18,5,0,14,5,0,0,0.269656,0,32000,8629,0.269656,131072,9195,0.070152,0,0,5
194,host-19,5,0,14,5,0,0,0.231313,0,32000,7402,0.231313,131072,7113,0.054268,0,0,5
194,host-2,5,0,14,5,0,0,0.254219,0,32000,8135,0.254219,131072,7972,0.060822,0,0,5
194,host-20,5,0,14,5,0,0,0.253250,0,32000,8104,0.253250,131072,8972,0.068451,0,0,5
194,host-21,6,0,14,6,0,0,0.237719,0,32000,7607,0.237719,131072,8716,0.066498,0,0,6
194,host-22,5,0,14,5,0,0,0.248531,0,32000,7953,0.248531,131072,7663,0.058464,0,0,5
194,host-23,5,0,14,5,0,0,0.250656,0,32000,8021,0.250656,131072,7478,0.057053,0,0,5
194,host-24,6,0,14,6,0,0,0.310250,0,32000,9928,0.310250,131072,9744,0.074341,0,0,6
194,host-3,6,0,14,6,0,0,0.281156,0,32000,8997,0.281156,131072,10028,0.076508,0,0,6
194,host-4,6,0,14,6,0,0,0.290500,0,32000,9296,0.290500,131072,9402,0.071732,0,0,6
194,host-5,5,0,14,5,0,0,0.239687,0,32000,7670,0.239687,131072,8361,0.063789,0,0,5
194,host-6,6,1,14,6,1,0,0.273250,0,32000,8744,0.273250,131072,8291,0.063255,0,1,5
194,host-7,5,0,14,5,0,0,0.292438,0,32000,9358,0.292438,131072,9854,0.075180,0,0,5
194,host-8,5,0,14,5,0,0,0.287000,0,32000,9184,0.287000,131072,10260,0.078278,0,0,5
194,host-9,5,0,14,5,0,0,0.257281,0,32000,8233,0.257281,131072,7054,0.053818,0,0,5
195,host-1,5,0,14,5,0,0,0.290563,0,32000,9298,0.290563,131072,8528,0.065063,0,0,5
195,host-10,6,1,14,6,1,0,0.273188,0,32000,8742,0.273188,131072,7727,0.058952,1,0,5
195,host-11,6,0,14,6,0,0,0.266937,0,32000,8542,0.266937,131072,8653,0.066017,0,0,6
195,host-12,5,1,14,5,1,0,0.281438,0,32000,9006,0.281438,131072,10925,0.083351,0,1,4
195,host-13,6,0,14,6,0,0,0.264969,0,32000,8479,0.264969,131072,8034,0.061295,0,0,6
195,host-14,5,0,14,5,0,0,0.253344,0,32000,8107,0.253344,131072,7720,0.058899,0,0,5
195,host-15,4,0,14,4,0,0,0.244719,0,32000,7831,0.244719,131072,7562,0.057693,0,0,4
195,host-16,6,0,14,6,0,0,0.263688,0,32000,8438,0.263688,131072,6952,0.053040,0,0,6
195,host-17,6,0,14,6,0,0,0.316844,0,32000,10139,0.316844,131072,10878,0.082993,0,0,6
195,host-18,5,0,14,5,0,0,0.269656,0,32000,8629,0.269656,131072,9195,0.070152,0,0,5
195,host-19,6,1,14,6,1,0,0.273844,0,32000,8763,0.273844,131072,7711,0.058830,0,1,5
195,host-2,5,0,14,5,0,0,0.254219,0,32000,8135,0.254219,131072,7972,0.060822,0,0,5
195,host-20,5,0,14,5,0,0,0.253250,0,32000,8104,0.253250,131072,8972,0.068451,0,0,5
195,host-21,7,1,14,7,1,0,0.290687,0,32000,9302,0.290687,131072,10848,0.082764,1,0,6
195,host-22,5,0,14,5,0,0,0.248531,0,32000,7953,0.248531,131072,7663,0.058464,0,0,5
195,host-23,5,0,14,5,0,0,0.250656,0,32000,8021,0.250656,131072,7478,0.057053,0,0,5
195,host-24,6,1,14,6,1,0,0.310250,0,32000,9928,0.310250,131072,9744,0.074341,0,1,5
195,host-3,6,0,14,6,0,0,0.281156,0,32000,8997,0.281156,131072,10028,0.076508,0,0,6
195,host-4,6,0,14,6,0,0,0.290500,0,32000,9296,0.290500,131072,9402,0.071732,0,0,6
195,host-5,6,1,14,6,1,0,0.269500,0,32000,8624,0.269500,131072,9002,0.068680,1,0,5
195,host-6,6,0,14,6,0,0,0.273250,0,32000,8744,0.273250,131072,8291,0.063255,0,0,6
195,host-7,5,1,14,5,1,0,0.292438,0,32000,9358,0.292438,131072,9854,0.075180,0,1,4
195,host-8,5,0,14,5,0,0,0.287000,0,32000,9184,0.287000,131072,10260,0.078278,0,0,5
195,host-9,5,0,14,5,0,0,0.257281,0,32000,8233,0.257281,131072,7054,0.053818,0,0,5
196,host-1,4,0,14,4,0,0,0.228406,0,32000,7309,0.228406,131072,7061,0.053871,0,0,4
196,host-10,6,0,14,6,0,0,0.273188,0,32000,8742,0.273188,131072,7727,0.058952,0,0,6
196,host-11,6,0,14,6,0,0,0.266937,0,32000,8542,0.266937,131072,8653,0.066017,0,0,6
196,host-12,5,0,14,5,0,0,0.281438,0,32000,9006,0.281438,131072,10925,0.083351,0,0,5
196,host-13,6,0,14,6,0,0,0.264969,0,32000,8479,0.264969,131072,8034,0.061295,0,0,6
196,host-14,5,0,14,5,0,0,0.253344,0,32000,8107,0.253344,131072,7720,0.058899,0,0,5
196,host-15,5,0,14,5,0,0,0.282500,0,32000,9040,0.282500,131072,8515,0.064964,0,0,5
196,host-16,6,0,14,6,0,0,0.263688,0,32000,8438,0.263688,131072,6952,0.053040,0,0,6
196,host-17,6,0,14,6,0,0,0.316844,0,32000,10139,0.316844,131072,10878,0.082993,0,0,6
196,host-18,5,0,14,5,0,0,0.269656,0,32000,8629,0.269656,131072,9195,0.070152,0,0,5
196,host-19,6,0,14,6,0,0,0.273844,0,32000,8763,0.273844,131072,7711,0.058830,0,0,6
196,host-2,5,0,14,5,0,0,0.254219,0,32000,8135,0.254219,131072,7972,0.060822,0,0,5
196,host-20,5,1,14,5,1,0,0.253250,0,32000,8104,0.253250,131072,8972,0.068451,0,1,4
196,host-21,7,0,14,7,0,0,0.290687,0,32000,9302,0.290687,131072,10848,0.082764,0,0,7
196,host-22,5,1,14,5,1,0,0.250156,0,32000,8005,0.250156,131072,7288,0.055603,1,0,4
196,host-23,6,2,14,6,2,0,0.303625,0,32000,9716,0.303625,131072,9610,0.073318,1,1,4
196,host-24,6,0,14,6,0,0,0.310250,0,32000,9928,0.310250,131072,9744,0.074341,0,0,6
196,host-3,6,0,14,6,0,0,0.281156,0,32000,8997,0.281156,131072,10028,0.076508,0,0,6
196,host-4,6,0,14,6,0,0,0.290500,0,32000,9296,0.290500,131072,9402,0.071732,0,0,6
196,host-5,6,1,14,6,1,0,0.269500,0,32000,8624,0.269500,131072,9002,0.068680,1,0,5
196,host-6,5,0,14,5,0,0,0.240813,0,32000,7706,0.240813,131072,7230,0.055161,0,0,5
196,host-7,5,0,14,5,0,0,0.292438,0,32000,9358,0.292438,131072,9854,0.075180,0,0,5
196,host-8,5,0,14,5,0,0,0.287000,0,32000,9184,0.287000,131072,10260,0.078278,0,0,5
196,host-9,5,1,14,5,1,0,0.257281,0,32000,8233,0.257281,131072,7054,0.053818,0,1,4
197,host-1,5,1,14,5,1,0,0.273000,0,32000,8736,0.273000,131072,8286,0.063217,1,0,4
197,host-10,6,0,14,6,0,0,0.273188,0,32000,8742,0.273188,131072,7727,0.058952,0,0,6
197,host-11,6,0,14,6,0,0,0.266937,0,32000,8542,0.266937,131072,8653,0.066017,0,0,6
197,host-12,5,0,14,5,0,0,0.281438,0,32000,9006,0.281438,131072,10925,0.083351,0,0,5
197,host-13,6,0,14,6,0,0,0.264969,0,32000,8479,0.264969,131072,8034,0.061295,0,0,6
197,host-14,5,1,14,5,1,0,0.253344,0,32000,8107,0.253344,131072,7720,0.058899,0,1,4
197,host-15,5,0,14,5,0,0,0.282500,0,32000,9040,0.282500,131072,8515,0.064964,0,0,5
197,host-16,6,0,14,6,0,0,0.263688,0,32000,8438,0.263688,131072,6952,0.053040,0,0,6
197,host-17,6,0,14,6,0,0,0.316844,0,32000,10139,0.316844,131072,10878,0.082993,0,0,6
197,host-18,5,0,14,5,0,0,0.269656,0,32000,8629,0.269656,131072,9195,0.070152,0,0,5
197,host-19,6,0,14,6,0,0,0.273844,0,32000,8763,0.273844,131072,7711,0.058830,0,0,6
197,host-2,4,0,14,4,0,0,0.188375,0,32000,6028,0.188375,131072,6109,0.046608,0,0,4
197,host-20,5,0,14,5,0,0,0.253250,0,32000,8104,0.253250,131072,8972,0.068451,0,0,5
197,host-21,7,0,14,7,0,0,0.290687,0,32000,9302,0.290687,131072,10848,0.082764,0,0,7
197,host-22,5,0,14,5,0,0,0.250156,0,32000,8005,0.250156,131072,7288,0.055603,0,0,5
197,host-23,6,0,14,6,0,0,0.303625,0,32000,9716,0.303625,131072,9610,0.073318,0,0,6
197,host-24,5,0,14,5,0,0,0.251906,0,32000,8061,0.251906,131072,8556,0.065277,0,0,5
197,host-3,6,0,14,6,0,0,0.281156,0,32000,8997,0.281156,131072,10028,0.076508,0,0,6
197,host-4,6,1,14,6,1,0,0.290500,0,32000,9296,0.290500,131072,9402,0.071732,0,1,5
197,host-5,6,1,14,6,1,0,0.269500,0,32000,8624,0.269500,131072,9002,0.068680,0,1,5
197,host-6,5,0,14,5,0,0,0.240813,0,32000,7706,0.240813,131072,7230,0.055161,0,0,5
197,host-7,5,0,14,5,0,0,0.292438,0,32000,9358,0.292438,131072,9854,0.075180,0,0,5
197,host-8,5,0,14,5,0,0,0.287000,0,32000,9184,0.287000,131072,10260,0.078278,0,0,5
197,host-9,5,0,14,5,0,0,0.257281,0,32000,8233,0.257281,131072,7054,0.053818,0,0,5
198,host-1,5,1,14,5,1,0,0.273000,0,32000,8736,0.273000,131072,8286,0.063217,1,0,4
198,host-10,6,0,14,6,0,0,0.273188,0,32000,8742,0.273188,131072,7727,0.058952,0,0,6
198,host-11,6,0,14,6,0,0,0.266937,0,32000,8542,0.266937,131072,8653,0.066017,0,0,6
198,host-12,4,0,14,4,0,0,0.217250,0,32000,6952,0.217250,131072,8332,0.063568,0,0,4
198,host-13,6,0,14,6,0,0,0.264969,0,32000,8479,0.264969,131072,8034,0.061295,0,0,6
198,host-14,5,0,14,5,0,0,0.253344,0,32000,8107,0.253344,131072,7720,0.058899,0,0,5
198,host-15,5,0,14,5,0,0,0.282500,0,32000,9040,0.282500,131072,8515,0.064964,0,0,5
198,host-16,6,0,14,6,0,0,0.263688,0,32000,8438,0.263688,131072,6952,0.053040,0,0,6
198,host-17,6,0,14,6,0,0,0.316844,0,32000,10139,0.316844,131072,10878,0.082993,0,0,6
198,host-18,5,0,14,5,0,0,0.269656,0,32000,8629,0.269656,131072,9195,0.070152,0,0,5
198,host-19,6,0,14,6,0,0,0.273844,0,32000,8763,0.273844,131072,7711,0.058830,0,0,6
198,host-2,4,0,14,4,0,0,0.188375,0,32000,6028,0.188375,131072,6109,0.046608,0,0,4
198,host-20,5,0,14,5,0,0,0.253250,0,32000,8104,0.253250,131072,8972,0.068451,0,0,5
198,host-21,7,0,14,7,0,0,0.290687,0,32000,9302,0.290687,131072,10848,0.082764,0,0,7
198,host-22,5,0,14,5,0,0,0.250156,0,32000,8005,0.250156,131072,7288,0.055603,0,0,5
198,host-23,6,1,14,6,1,0,0.303625,0,32000,9716,0.303625,131072,9610,0.073318,0,1,5
198,host-24,4,0,14,4,0,0,0.211656,0,32000,6773,0.211656,131072,7273,0.055489,0,0,4
198,host-3,6,0,14,6,0,0,0.281156,0,32000,8997,0.281156,131072,10028,0.076508,0,0,6
198,host-4,6,0,14,6,0,0,0.290500,0,32000,9296,0.290500,131072,9402,0.071732,0,0,6
198,host-5,6,0,14,6,0,0,0.269500,0,32000,8624,0.269500,131072,9002,0.068680,0,0,6
198,host-6,5,0,14,5,0,0,0.240813,0,32000,7706,0.240813,131072,7230,0.055161,0,0,5
198,host-7,5,0,14,5,0,0,0.292438,0,32000,9358,0.292438,131072,9854,0.075180,0,0,5
198,host-8,5,0,14,5,0,0,0.287000,0,32000,9184,0.287000,131072,10260,0.078278,0,0,5
198,host-9,5,0,14,5,0,0,0.257281,0,32000,8233,0.257281,131072,7054,0.053818,0,0,5
199,host-1,5,0,14,5,0,0,0.273000,0,32000,8736,0.273000,131072,8286,0.063217,0,0,5
199,host-10,6,0,14,6,0,0,0.273188,0,32000,8742,0.273188,131072,7727,0.058952,0,0,6
199,host-11,6,0,14,6,0,0,0.266937,0,32000,8542,0.266937,131072,8653,0.066017,0,0,6
199,host-12,4,0,14,4,0,0,0.217250,0,32000,6952,0.217250,131072,8332,0.063568,0,0,4
199,host-13,6,0,14,6,0,0,0.264969,0,32000,8479,0.264969,131072,8034,0.061295,0,0,6
199,host-14,5,0,14,5,0,0,0.253344,0,32000,8107,0.253344,131072,7720,0.058899,0,0,5
199,host-15,5,0,14,5,0,0,0.282500,0,32000,9040,0.282500,131072,8515,0.064964,0,0,5
199,host-16,6,0,14,6,0,0,0.263688,0,32000,8438,0.263688,131072,6952,0.053040,0,0,6
199,host-17,5,0,14,5,0,0,0.235656,0,32000,7541,0.235656,131072,8405,0.064125,0,0,5
199,host-18,5,0,14,5,0,0,0.269656,0,32000,8629,0.269656,131072,9195,0.070152,0,0,5
199,host-19,6,0,14,6,0,0,0.273844,0,32000,8763,0.273844,131072,7711,0.058830,0,0,6
199,host-2,4,0,14,4,0,0,0.188375,0,32000,6028,0.188375,131072,6109,0.046608,0,0,4
199,host-20,4,0,14,4,0,0,0.221938,0,32000,7102,0.221938,131072,8292,0.063263,0,0,4
199,host-21,7,0,14,7,0,0,0.290687,0,32000,9302,0.290687,131072,10848,0.082764,0,0,7
199,host-22,5,0,14,5,0,0,0.250156,0,32000,8005,0.250156,131072,7288,0.055603,0,0,5
199,host-23,6,0,14,6,0,0,0.303625,0,32000,9716,0.303625,131072,9610,0.073318,0,0,6
199,host-24,4,0,14,4,0,0,0.211656,0,32000,6773,0.211656,131072,7273,0.055489,0,0,4
199,host-3,6,0,14,6,0,0,0.281156,0,32000,8997,0.281156,131072,10028,0.076508,0,0,6
199,host-4,6,0,14,6,0,0,0.290500,0,32000,9296,0.290500,131072,9402,0.071732,0,0,6
199,host-5,6,0,14,6,0,0,0.269500,0,32000,8624,0.269500,131072,9002,0.068680,0,0,6
199,host-6,5,0,14,5,0,0,0.240813,0,32000,7706,0.240813,131072,7230,0.055161,0,0,5
199,host-7,5,0,14,5,0,0,0.292438,0,32000,9358,0.292438,131072,9854,0.075180,0,0,5
199,host-8,5,0,14,5,0,0,0.287000,0,32000,9184,0.287000,131072,10260,0.078278,0,0,5
199,host-9,5,0,14,5,0,0,0.257281,0,32000,8233,0.257281,131072,7054,0.053818,0,0,5
200,host-1,5,0,14,5,0,0,0.273000,0,32000,8736,0.273000,131072,8286,0.063217,0,0,5
200,host-10,6,0,14,6,0,0,0.273188,0,32000,8742,0.273188,131072,7727,0.058952,0,0,6
200,host-11,6,1,14,6,1,0,0.266937,0,32000,8542,0.266937,131072,8653,0.066017,0,1,5
200,host-12,4,0,14,4,0,0,0.217250,0,32000,6952,0.217250,131072,8332,0.063568,0,0,4
200,host-13,6,0,14,6,0,0,0.264969,0,32000,8479,0.264969,131072,8034,0.061295,0,0,6
200,host-14,5,0,14,5,0,0,0.253344,0,32000,8107,0.253344,131072,7720,0.058899,0,0,5
200,host-15,5,0,14,5,0,0,0.282500,0,32000,9040,0.282500,131072,8515,0.064964,0,0,5
200,host-16,6,1,14,6,1,0,0.263688,0,32000,8438,0.263688,131072,6952,0.053040,0,1,5
200,host-17,5,0,14,5,0,0,0.235656,0,32000,7541,0.235656,131072,8405,0.064125,0,0,5
200,host-18,5,0,14,5,0,0,0.269656,0,32000,8629,0.269656,131072,9195,0.070152,0,0,5
200,host-19,6,0,14,6,0,0,0.273844,0,32000,8763,0.273844,131072,7711,0.058830,0,0,6
200,host-2,4,0,14,4,0,0,0.188375,0,32000,6028,0.188375,131072,6109,0.046608,0,0,4
200,host-20,4,0,14,4,0,0,0.221938,0,32000,7102,0.221938,131072,8292,0.063263,0,0,4
200,host-21,7,0,14,7,0,0,0.290687,0,32000,9302,0.290687,131072,10848,0.082764,0,0,7
200,host-22,5,0,14,5,0,0,0.250156,0,32000,8005,0.250156,131072,7288,0.055603,0,0,5
200,host-23,6,0,14,6,0,0,0.303625,0,32000,9716,0.303625,131072,9610,0.073318,0,0,6
200,host-24,4,0,14,4,0,0,0.211656,0,32000,6773,0.211656,131072,7273,0.055489,0,0,4
200,host-3,6,0,14,6,0,0,0.281156,0,32000,8997,0.281156,131072,10028,0.076508,0,0,6
200,host-4,6,0,14,6,0,0,0.290500,0,32000,9296,0.290500,131072,9402,0.071732,0,0,6
200,host-5,6,0,14,6,0,0,0.269500,0,32000,8624,0.269500,131072,9002,0.068680,0,0,6
200,host-6,5,0,14,5,0,0,0.240813,0,32000,7706,0.240813,131072,7230,0.055161,0,0,5
200,host-7,5,0,14,5,0,0,0.292438,0,32000,9358,0.292438,131072,9854,0.075180,0,0,5
200,host-8,5,0,14,5,0,0,0.287000,0,32000,9184,0.287000,131072,10260,0.078278,0,0,5
200,host-9,5,0,14,5,0,0,0.257281,0,32000,8233,0.257281,131072,7054,0.053818,0,0,5
201,host-1,5,0,14,5,0,0,0.273000,0,32000,8736,0.273000,131072,8286,0.063217,0,0,5
201,host-10,6,0,14,6,0,0,0.273188,0,32000,8742,0.273188,131072,7727,0.058952,0,0,6
201,host-11,6,0,14,6,0,0,0.266937,0,32000,8542,0.266937,131072,8653,0.066017,0,0,6
201,host-12,4,0,14,4,0,0,0.217250,0,32000,6952,0.217250,131072,8332,0.063568,0,0,4
201,host-13,6,0,14,6,0,0,0.264969,0,32000,8479,0.264969,131072,8034,0.061295,0,0,6
201,host-14,5,0,14,5,0,0,0.253344,0,32000,8107,0.253344,131072,7720,0.058899,0,0,5
201,host-15,4,0,14,4,0,0,0.237844,0,32000,7611,0.237844,131072,7445,0.056801,0,0,4
201,host-16,6,0,14,6,0,0,0.263688,0,32000,8438,0.263688,131072,6952,0.053040,0,0,6
201,host-17,5,0,14,5,0,0,0.235656,0,32000,7541,0.235656,131072,8405,0.064125,0,0,5
201,host-18,5,0,14,5,0,0,0.269656,0,32000,8629,0.269656,131072,9195,0.070152,0,0,5
201,host-19,6,0,14,6,0,0,0.273844,0,32000,8763,0.273844,131072,7711,0.058830,0,0,6
201,host-2,5,1,14,5,1,0,0.250531,0,32000,8017,0.250531,131072,7576,0.057800,1,0,4
201,host-20,4,0,14,4,0,0,0.221938,0,32000,7102,0.221938,131072,8292,0.063263,0,0,4
201,host-21,7,0,14,7,0,0,0.290687,0,32000,9302,0.290687,131072,10848,0.082764,0,0,7
201,host-22,5,0,14,5,0,0,0.250156,0,32000,8005,0.250156,131072,7288,0.055603,0,0,5
201,host-23,6,0,14,6,0,0,0.303625,0,32000,9716,0.303625,131072,9610,0.073318,0,0,6
201,host-24,5,2,14,5,2,0,0.258125,0,32000,8260,0.258125,131072,9181,0.070045,2,0,3
201,host-3,6,0,14,6,0,0,0.281156,0,32000,8997,0.281156,131072,10028,0.076508,0,0,6
201,host-4,6,0,14,6,0,0,0.290500,0,32000,9296,0.290500,131072,9402,0.071732,0,0,6
201,host-5,6,1,14,6,1,0,0.269500,0,32000,8624,0.269500,131072,9002,0.068680,0,1,5
201,host-6,5,0,14,5,0,0,0.240813,0,32000,7706,0.240813,131072,7230,0.055161,0,0,5
201,host-7,5,1,14,5,1,0,0.292438,0,32000,9358,0.292438,131072,9854,0.075180,0,1,4
201,host-8,5,0,14,5,0,0,0.287000,0,32000,9184,0.287000,131072,10260,0.078278,0,0,5
201,host-9,5,0,14,5,0,0,0.257281,0,32000,8233,0.257281,131072,7054,0.053818,0,0,5
202,host-1,5,0,14,5,0,0,0.273000,0,32000,8736,0.273000,131072,8286,0.063217,0,0,5
202,host-10,6,0,14,6,0,0,0.273188,0,32000,8742,0.273188,131072,7727,0.058952,0,0,6
202,host-11,6,0,14,6,0,0,0.266937,0,32000,8542,0.266937,131072,8653,0.066017,0,0,6
202,host-12,5,1,14,5,1,0,0.270125,0,32000,8644,0.270125,131072,10354,0.078995,1,0,4
202,host-13,6,1,14,6,1,0,0.264969,0,32000,8479,0.264969,131072,8034,0.061295,0,1,5
202,host-14,5,0,14,5,0,0,0.253344,0,32000,8107,0.253344,131072,7720,0.058899,0,0,5
202,host-15,4,0,14,4,0,0,0.237844,0,32000,7611,0.237844,131072,7445,0.056801,0,0,4
202,host-16,5,0,14,5,0,0,0.217125,0,32000,6948,0.217125,131072,6266,0.047806,0,0,5
202,host-17,5,0,14,5,0,0,0.235656,0,32000,7541,0.235656,131072,8405,0.064125,0,0,5
202,host-18,5,0,14,5,0,0,0.269656,0,32000,8629,0.269656,131072,9195,0.070152,0,0,5
202,host-19,5,0,14,5,0,0,0.246594,0,32000,7891,0.246594,131072,6839,0.052177,0,0,5
202,host-2,5,0,14,5,0,0,0.250531,0,32000,8017,0.250531,131072,7576,0.057800,0,0,5
202,host-20,4,0,14,4,0,0,0.221938,0,32000,7102,0.221938,131072,8292,0.063263,0,0,4
202,host-21,7,0,14,7,0,0,0.290687,0,32000,9302,0.290687,131072,10848,0.082764,0,0,7
202,host-22,5,0,14,5,0,0,0.250156,0,32000,8005,0.250156,131072,7288,0.055603,0,0,5
202,host-23,6,0,14,6,0,0,0.303625,0,32000,9716,0.303625,131072,9610,0.073318,0,0,6
202,host-24,5,2,14,5,2,0,0.258125,0,32000,8260,0.258125,131072,9181,0.070045,2,0,3
202,host-3,6,0,14,6,0,0,0.281156,0,32000,8997,0.281156,131072,10028,0.076508,0,0,6
202,host-4,6,0,14,6,0,0,0.290500,0,32000,9296,0.290500,131072,9402,0.071732,0,0,6
202,host-5,6,0,14,6,0,0,0.269500,0,32000,8624,0.269500,131072,9002,0.068680,0,0,6
202,host-6,5,0,14,5,0,0,0.240813,0,32000,7706,0.240813,131072,7230,0.055161,0,0,5
202,host-7,5,0,14,5,0,0,0.292438,0,32000,9358,0.292438,131072,9854,0.075180,0,0,5
202,host-8,4,0,14,4,0,0,0.229500,0,32000,7344,0.229500,131072,8071,0.061577,0,0,4
202,host-9,5,0,14,5,0,0,0.257281,0,32000,8233,0.257281,131072,7054,0.053818,0,0,5
203,host-1,5,0,14,5,0,0,0.273000,0,32000,8736,0.273000,131072,8286,0.063217,0,0,5
203,host-10,6,0,14,6,0,0,0.273188,0,32000,8742,0.273188,131072,7727,0.058952,0,0,6
203,host-11,6,0,14,6,0,0,0.266937,0,32000,8542,0.266937,131072,8653,0.066017,0,0,6
203,host-12,5,2,14,5,2,0,0.270125,0,32000,8644,0.270125,131072,10354,0.078995,1,1,3
203,host-13,6,1,14,6,1,0,0.264969,0,32000,8479,0.264969,131072,8034,0.061295,0,1,5
203,host-14,5,0,14,5,0,0,0.253344,0,32000,8107,0.253344,131072,7720,0.058899,0,0,5
203,host-15,4,0,14,4,0,0,0.237844,0,32000,7611,0.237844,131072,7445,0.056801,0,0,4
203,host-16,6,1,14,6,1,0,0.252344,0,32000,8075,0.252344,131072,7366,0.056198,1,0,5
203,host-17,5,0,14,5,0,0,0.235656,0,32000,7541,0.235656,131072,8405,0.064125,0,0,5
203,host-18,5,0,14,5,0,0,0.269656,0,32000,8629,0.269656,131072,9195,0.070152,0,0,5
203,host-19,5,0,14,5,0,0,0.246594,0,32000,7891,0.246594,131072,6839,0.052177,0,0,5
203,host-2,5,0,14,5,0,0,0.250531,0,32000,8017,0.250531,131072,7576,0.057800,0,0,5
203,host-20,4,0,14,4,0,0,0.221938,0,32000,7102,0.221938,131072,8292,0.063263,0,0,4
203,host-21,7,0,14,7,0,0,0.290687,0,32000,9302,0.290687,131072,10848,0.082764,0,0,7
203,host-22,5,0,14,5,0,0,0.250156,0,32000,8005,0.250156,131072,7288,0.055603,0,0,5
203,host-23,6,0,14,6,0,0,0.303625,0,32000,9716,0.303625,131072,9610,0.073318,0,0,6
203,host-24,5,0,14,5,0,0,0.258125,0,32000,8260,0.258125,131072,9181,0.070045,0,0,5
203,host-3,6,0,14,6,0,0,0.281156,0,32000,8997,0.281156,131072,10028,0.076508,0,0,6
203,host-4,6,0,14,6,0,0,0.290500,0,32000,9296,0.290500,131072,9402,0.071732,0,0,6
203,host-5,6,0,14,6,0,0,0.269500,0,32000,8624,0.269500,131072,9002,0.068680,0,0,6
203,host-6,5,0,14,5,0,0,0.240813,0,32000,7706,0.240813,131072,7230,0.055161,0,0,5
203,host-7,5,0,14,5,0,0,0.292438,0,32000,9358,0.292438,131072,9854,0.075180,0,0,5
203,host-8,4,0,14,4,0,0,0.229500,0,32000,7344,0.229500,131072,8071,0.061577,0,0,4
203,host-9,5,0,14,5,0,0,0.257281,0,32000,8233,0.257281,131072,7054,0.053818,0,0,5
204,host-1,5,0,14,5,0,0,0.273000,0,32000,8736,0.273000,131072,8286,0.063217,0,0,5
204,host-10,6,0,14,6,0,0,0.273188,0,32000,8742,0.273188,131072,7727,0.058952,0,0,6
204,host-11,6,0,14,6,0,0,0.266937,0,32000,8542,0.266937,131072,8653,0.066017,0,0,6
204,host-12,5,0,14,5,0,0,0.270125,0,32000,8644,0.270125,131072,10354,0.078995,0,0,5
204,host-13,6,0,14,6,0,0,0.264969,0,32000,8479,0.264969,131072,8034,0.061295,0,0,6
204,host-14,5,0,14,5,0,0,0.253344,0,32000,8107,0.253344,131072,7720,0.058899,0,0,5
204,host-15,4,0,14,4,0,0,0.237844,0,32000,7611,0.237844,131072,7445,0.056801,0,0,4
204,host-16,6,0,14,6,0,0,0.252344,0,32000,8075,0.252344,131072,7366,0.056198,0,0,6
204,host-17,5,0,14,5,0,0,0.235656,0,32000,7541,0.235656,131072,8405,0.064125,0,0,5
204,host-18,5,1,14,5,1,0,0.264688,0,32000,8470,0.264688,131072,10058,0.076736,1,0,4
204,host-19,5,1,14,5,1,0,0.246594,0,32000,7891,0.246594,131072,6839,0.052177,0,1,4
204,host-2,5,0,14,5,0,0,0.250531,0,32000,8017,0.250531,131072,7576,0.057800,0,0,5
204,host-20,5,1,14,5,1,0,0.281313,0,32000,9002,0.281313,131072,10517,0.080238,1,0,4
204,host-21,7,0,14,7,0,0,0.290687,0,32000,9302,0.290687,131072,10848,0.082764,0,0,7
204,host-22,5,0,14,5,0,0,0.250156,0,32000,8005,0.250156,131072,7288,0.055603,0,0,5
204,host-23,6,0,14,6,0,0,0.303625,0,32000,9716,0.303625,131072,9610,0.073318,0,0,6
204,host-24,5,0,14,5,0,0,0.258125,0,32000,8260,0.258125,131072,9181,0.070045,0,0,5
204,host-3,6,0,14,6,0,0,0.281156,0,32000,8997,0.281156,131072,10028,0.076508,0,0,6
204,host-4,5,0,14,5,0,0,0.237375,0,32000,7596,0.237375,131072,7897,0.060249,0,0,5
204,host-5,6,1,14,6,1,0,0.269500,0,32000,8624,0.269500,131072,9002,0.068680,0,1,5
204,host-6,5,0,14,5,0,0,0.240813,0,32000,7706,0.240813,131072,7230,0.055161,0,0,5
204,host-7,5,1,14,5,1,0,0.292438,0,32000,9358,0.292438,131072,9854,0.075180,0,1,4
204,host-8,4,0,14,4,0,0,0.229500,0,32000,7344,0.229500,131072,8071,0.061577,0,0,4
204,host-9,6,2,14,6,2,0,0.280031,0,32000,8961,0.280031,131072,8135,0.062065,2,0,4
205,host-1,5,0,14,5,0,0,0.273000,0,32000,8736,0.273000,131072,8286,0.063217,0,0,5
205,host-10,5,0,14,5,0,0,0.231500,0,32000,7408,0.231500,131072,6222,0.047470,0,0,5
205,host-11,6,0,14,6,0,0,0.266937,0,32000,8542,0.266937,131072,8653,0.066017,0,0,6
205,host-12,5,0,14,5,0,0,0.270125,0,32000,8644,0.270125,131072,10354,0.078995,0,0,5
205,host-13,6,0,14,6,0,0,0.264969,0,32000,8479,0.264969,131072,8034,0.061295,0,0,6
205,host-14,5,0,14,5,0,0,0.253344,0,32000,8107,0.253344,131072,7720,0.058899,0,0,5
205,host-15,4,0,14,4,0,0,0.237844,0,32000,7611,0.237844,131072,7445,0.056801,0,0,4
205,host-16,5,0,14,5,0,0,0.219531,0,32000,7025,0.219531,131072,6546,0.049942,0,0,5
205,host-17,4,0,14,4,0,0,0.199187,0,32000,6374,0.199187,131072,7040,0.053711,0,0,4
205,host-18,5,0,14,5,0,0,0.264688,0,32000,8470,0.264688,131072,10058,0.076736,0,0,5
205,host-19,4,0,14,4,0,0,0.190188,0,32000,6086,0.190188,131072,5163,0.039391,0,0,4
205,host-2,4,1,14,4,1,0,0.206781,0,32000,6617,0.206781,131072,6346,0.048416,0,1,3
205,host-20,4,1,14,4,1,0,0.239625,0,32000,7668,0.239625,131072,9012,0.068756,0,1,3
205,host-21,7,0,14,7,0,0,0.290687,0,32000,9302,0.290687,131072,10848,0.082764,0,0,7
205,host-22,5,0,14,5,0,0,0.250156,0,32000,8005,0.250156,131072,7288,0.055603,0,0,5
205,host-23,6,0,14,6,0,0,0.303625,0,32000,9716,0.303625,131072,9610,0.073318,0,0,6
205,host-24,5,0,14,5,0,0,0.258125,0,32000,8260,0.258125,131072,9181,0.070045,0,0,5
205,host-3,6,0,14,6,0,0,0.281156,0,32000,8997,0.281156,131072,10028,0.076508,0,0,6
205,host-4,5,0,14,5,0,0,0.237375,0,32000,7596,0.237375,131072,7897,0.060249,0,0,5
205,host-5,6,0,14,6,0,0,0.269500,0,32000,8624,0.269500,131072,9002,0.068680,0,0,6
205,host-6,5,0,14,5,0,0,0.240813,0,32000,7706,0.240813,131072,7230,0.055161,0,0,5
205,host-7,5,1,14,5,1,0,0.292438,0,32000,9358,0.292438,131072,9854,0.075180,0,1,4
205,host-8,4,0,14,4,0,0,0.229500,0,32000,7344,0.229500,131072,8071,0.061577,0,0,4
205,host-9,6,0,14,6,0,0,0.280031,0,32000,8961,0.280031,131072,8135,0.062065,0,0,6
206,host-1,5,0,14,5,0,0,0.273000,0,32000,8736,0.273000,131072,8286,0.063217,0,0,5
206,host-10,4,0,14,4,0,0,0.188188,0,32000,6022,0.188188,131072,5053,0.038551,0,0,4
206,host-11,5,0,14,5,0,0,0.198000,0,32000,6336,0.198000,131072,6011,0.045860,0,0,5
206,host-12,5,0,14,5,0,0,0.270125,0,32000,8644,0.270125,131072,10354,0.078995,0,0,5
206,host-13,6,0,14,6,0,0,0.264969,0,32000,8479,0.264969,131072,8034,0.061295,0,0,6
206,host-14,5,0,14,5,0,0,0.253344,0,32000,8107,0.253344,131072,7720,0.058899,0,0,5
206,host-15,4,0,14,4,0,0,0.237844,0,32000,7611,0.237844,131072,7445,0.056801,0,0,4
206,host-16,6,1,14,6,1,0,0.279187,0,32000,8934,0.279187,131072,9003,0.068687,1,0,5
206,host-17,6,2,14,6,2,0,0.263562,0,32000,8434,0.263562,131072,8686,0.066269,2,0,4
206,host-18,5,1,14,5,1,0,0.264688,0,32000,8470,0.264688,131072,10058,0.076736,0,1,4
206,host-19,5,0,14,5,0,0,0.244031,0,32000,7809,0.244031,131072,7112,0.054260,0,0,5
206,host-2,4,1,14,4,1,0,0.212438,0,32000,6798,0.212438,131072,5714,0.043594,1,0,3
206,host-20,4,0,14,4,0,0,0.239625,0,32000,7668,0.239625,131072,9012,0.068756,0,0,4
206,host-21,7,0,14,7,0,0,0.290687,0,32000,9302,0.290687,131072,10848,0.082764,0,0,7
206,host-22,5,0,14,5,0,0,0.250156,0,32000,8005,0.250156,131072,7288,0.055603,0,0,5
206,host-23,5,0,14,5,0,0,0.232531,0,32000,7441,0.232531,131072,7296,0.055664,0,0,5
206,host-24,4,0,14,4,0,0,0.227719,0,32000,7287,0.227719,131072,7623,0.058159,0,0,4
206,host-3,6,0,14,6,0,0,0.281156,0,32000,8997,0.281156,131072,10028,0.076508,0,0,6
206,host-4,5,0,14,5,0,0,0.237375,0,32000,7596,0.237375,131072,7897,0.060249,0,0,5
206,host-5,6,0,14,6,0,0,0.269500,0,32000,8624,0.269500,131072,9002,0.068680,0,0,6
206,host-6,5,0,14,5,0,0,0.240813,0,32000,7706,0.240813,131072,7230,0.055161,0,0,5
206,host-7,5,0,14,5,0,0,0.292438,0,32000,9358,0.292438,131072,9854,0.075180,0,0,5
206,host-8,4,0,14,4,0,0,0.229500,0,32000,7344,0.229500,131072,8071,0.061577,0,0,4
206,host-9,6,0,14,6,0,0,0.280031,0,32000,8961,0.280031,131072,8135,0.062065,0,0,6
207,host-1,5,0,14,5,0,0,0.273000,0,32000,8736,0.273000,131072,8286,0.063217,0,0,5
207,host-10,5,2,14,5,2,0,0.219719,0,32000,7031,0.219719,131072,6380,0.048676,1,1,3
207,host-11,6,1,14,6,1,0,0.270937,0,32000,8670,0.270937,131072,8197,0.062538,1,0,5
207,host-12,4,0,14,4,0,0,0.217031,0,32000,6945,0.217031,131072,7962,0.060745,0,0,4
207,host-13,6,0,14,6,0,0,0.264969,0,32000,8479,0.264969,131072,8034,0.061295,0,0,6
207,host-14,5,1,14,5,1,0,0.221562,0,32000,7090,0.221562,131072,7401,0.056465,1,0,4
207,host-15,4,0,14,4,0,0,0.237844,0,32000,7611,0.237844,131072,7445,0.056801,0,0,4
207,host-16,6,1,14,6,1,0,0.279187,0,32000,8934,0.279187,131072,9003,0.068687,0,1,5
207,host-17,6,1,14,6,1,0,0.263562,0,32000,8434,0.263562,131072,8686,0.066269,0,1,5
207,host-18,5,0,14,5,0,0,0.264688,0,32000,8470,0.264688,131072,10058,0.076736,0,0,5
207,host-19,5,0,14,5,0,0,0.244031,0,32000,7809,0.244031,131072,7112,0.054260,0,0,5
207,host-2,5,1,14,5,1,0,0.245781,0,32000,7865,0.245781,131072,6730,0.051346,1,0,4
207,host-20,4,0,14,4,0,0,0.239625,0,32000,7668,0.239625,131072,9012,0.068756,0,0,4
207,host-21,7,0,14,7,0,0,0.290687,0,32000,9302,0.290687,131072,10848,0.082764,0,0,7
207,host-22,5,1,14,5,1,0,0.266250,0,32000,8520,0.266250,131072,8978,0.068497,1,0,4
207,host-23,5,0,14,5,0,0,0.232531,0,32000,7441,0.232531,131072,7296,0.055664,0,0,5
207,host-24,4,0,14,4,0,0,0.227719,0,32000,7287,0.227719,131072,7623,0.058159,0,0,4
207,host-3,5,0,14,5,0,0,0.237937,0,32000,7614,0.237937,131072,8443,0.064415,0,0,5
207,host-4,5,0,14,5,0,0,0.237375,0,32000,7596,0.237375,131072,7897,0.060249,0,0,5
207,host-5,6,0,14,6,0,0,0.269500,0,32000,8624,0.269500,131072,9002,0.068680,0,0,6
207,host-6,5,1,14,5,1,0,0.240813,0,32000,7706,0.240813,131072,7230,0.055161,0,1,4
207,host-7,5,1,14,5,1,0,0.247656,0,32000,7925,0.247656,131072,8393,0.064034,1,0,4
207,host-8,4,0,14,4,0,0,0.229500,0,32000,7344,0.229500,131072,8071,0.061577,0,0,4
207,host-9,5,0,14,5,0,0,0.238313,0,32000,7626,0.238313,131072,7628,0.058197,0,0,5
208,host-1,5,0,14,5,0,0,0.273000,0,32000,8736,0.273000,131072,8286,0.063217,0,0,5
208,host-10,6,1,14,6,1,0,0.250125,0,32000,8004,0.250125,131072,7938,0.060562,1,0,5
208,host-11,6,0,14,6,0,0,0.270937,0,32000,8670,0.270937,131072,8197,0.062538,0,0,6
208,host-12,5,1,14,5,1,0,0.275125,0,32000,8804,0.275125,131072,10568,0.080627,0,1,4
208,host-13,6,0,14,6,0,0,0.264969,0,32000,8479,0.264969,131072,8034,0.061295,0,0,6
208,host-14,6,2,14,6,2,0,0.248812,0,32000,7962,0.248812,131072,8273,0.063118,2,0,4
208,host-15,3,0,14,3,0,0,0.167063,0,32000,5346,0.167063,131072,5131,0.039146,0,0,3
208,host-16,6,0,14,6,0,0,0.279187,0,32000,8934,0.279187,131072,9003,0.068687,0,0,6
208,host-17,6,0,14,6,0,0,0.263562,0,32000,8434,0.263562,131072,8686,0.066269,0,0,6
208,host-18,4,0,14,4,0,0,0.211594,0,32000,6771,0.211594,131072,7666,0.058487,0,0,4
208,host-19,4,0,14,4,0,0,0.173813,0,32000,5562,0.173813,131072,5203,0.039696,0,0,4
208,host-2,4,0,14,4,0,0,0.202031,0,32000,6465,0.202031,131072,5626,0.042923,0,0,4
208,host-20,4,1,14,4,1,0,0.239625,0,32000,7668,0.239625,131072,9012,0.068756,0,1,3
208,host-21,7,0,14,7,0,0,0.290687,0,32000,9302,0.290687,131072,10848,0.082764,0,0,7
208,host-22,3,0,14,3,0,0,0.165344,0,32000,5291,0.165344,131072,6093,0.046486,0,0,3
208,host-23,4,1,14,4,1,0,0.183531,0,32000,5873,0.183531,131072,5419,0.041344,0,1,3
208,host-24,3,0,14,3,0,0,0.156938,0,32000,5022,0.156938,131072,5309,0.040504,0,0,3
208,host-3,5,1,14,5,1,0,0.237937,0,32000,7614,0.237937,131072,8443,0.064415,0,1,4
208,host-4,5,0,14,5,0,0,0.237375,0,32000,7596,0.237375,131072,7897,0.060249,0,0,5
208,host-5,5,1,14,5,1,0,0.228094,0,32000,7299,0.228094,131072,7971,0.060814,0,1,4
208,host-6,5,0,14,5,0,0,0.240813,0,32000,7706,0.240813,131072,7230,0.055161,0,0,5
208,host-7,5,0,14,5,0,0,0.247656,0,32000,7925,0.247656,131072,8393,0.064034,0,0,5
208,host-8,4,0,14,4,0,0,0.229500,0,32000,7344,0.229500,131072,8071,0.061577,0,0,4
208,host-9,5,0,14,5,0,0,0.238313,0,32000,7626,0.238313,131072,7628,0.058197,0,0,5
209,host-1,4,0,14,4,0,0,0.211125,0,32000,6756,0.211125,131072,6109,0.046608,0,0,4
209,host-10,6,1,14,6,1,0,0.250125,0,32000,8004,0.250125,131072,7938,0.060562,1,0,5
209,host-11,6,0,14,6,0,0,0.270937,0,32000,8670,0.270937,131072,8197,0.062538,0,0,6
209,host-12,5,0,14,5,0,0,0.275125,0,32000,8804,0.275125,131072,10568,0.080627,0,0,5
209,host-13,6,0,14,6,0,0,0.264969,0,32000,8479,0.264969,131072,8034,0.061295,0,0,6
209,host-14,6,0,14,6,0,0,0.248812,0,32000,7962,0.248812,131072,8273,0.063118,0,0,6
209,host-15,4,1,14,4,1,0,0.211688,0,32000,6774,0.211688,131072,6179,0.047142,1,0,3
209,host-16,5,0,14,5,0,0,0.210406,0,32000,6733,0.210406,131072,7127,0.054375,0,0,5
209,host-17,6,0,14,6,0,0,0.263562,0,32000,8434,0.263562,131072,8686,0.066269,0,0,6
209,host-18,4,0,14,4,0,0,0.211594,0,32000,6771,0.211594,131072,7666,0.058487,0,0,4
209,host-19,4,0,14,4,0,0,0.173813,0,32000,5562,0.173813,131072,5203,0.039696,0,0,4
209,host-2,4,0,14,4,0,0,0.202031,0,32000,6465,0.202031,131072,5626,0.042923,0,0,4
209,host-20,4,0,14,4,0,0,0.239625,0,32000,7668,0.239625,131072,9012,0.068756,0,0,4
209,host-21,7,1,14,7,1,0,0.290687,0,32000,9302,0.290687,131072,10848,0.082764,0,1,6
209,host-22,4,1,14,4,1,0,0.222844,0,32000,7131,0.222844,131072,7335,0.055962,1,0,3
209,host-23,4,0,14,4,0,0,0.183531,0,32000,5873,0.183531,131072,5419,0.041344,0,0,4
209,host-24,4,1,14,4,1,0,0.192781,0,32000,6169,0.192781,131072,6804,0.051910,1,0,3
209,host-3,5,0,14,5,0,0,0.237937,0,32000,7614,0.237937,131072,8443,0.064415,0,0,5
209,host-4,4,0,14,4,0,0,0.209594,0,32000,6707,0.209594,131072,7375,0.056267,0,0,4
209,host-5,5,0,14,5,0,0,0.228094,0,32000,7299,0.228094,131072,7971,0.060814,0,0,5
209,host-6,5,0,14,5,0,0,0.240813,0,32000,7706,0.240813,131072,7230,0.055161,0,0,5
209,host-7,5,0,14,5,0,0,0.247656,0,32000,7925,0.247656,131072,8393,0.064034,0,0,5
209,host-8,3,1,14,3,1,0,0.180500,0,32000,5776,0.180500,131072,6194,0.047256,0,1,2
209,host-9,5,0,14,5,0,0,0.238313,0,32000,7626,0.238313,131072,7628,0.058197,0,0,5
210,host-1,4,0,14,4,0,0,0.211125,0,32000,6756,0.211125,131072,6109,0.046608,0,0,4
210,host-10,6,0,14,6,0,0,0.250125,0,32000,8004,0.250125,131072,7938,0.060562,0,0,6
210,host-11,6,0,14,6,0,0,0.270937,0,32000,8670,0.270937,131072,8197,0.062538,0,0,6
210,host-12,5,0,14,5,0,0,0.275125,0,32000,8804,0.275125,131072,10568,0.080627,0,0,5
210,host-13,6,0,14,6,0,0,0.264969,0,32000,8479,0.264969,131072,8034,0.061295,0,0,6
210,host-14,6,1,14,6,1,0,0.248812,0,32000,7962,0.248812,131072,8273,0.063118,0,1,5
210,host-15,4,0,14,4,0,0,0.211688,0,32000,6774,0.211688,131072,6179,0.047142,0,0,4
210,host-16,5,1,14,5,1,0,0.210406,0,32000,6733,0.210406,131072,7127,0.054375,0,1,4
210,host-17,6,0,14,6,0,0,0.263562,0,32000,8434,0.263562,131072,8686,0.066269,0,0,6
210,host-18,4,0,14,4,0,0,0.211594,0,32000,6771,0.211594,131072,7666,0.058487,0,0,4
210,host-19,5,1,14,5,1,0,0.230719,0,32000,7383,0.230719,131072,7507,0.057274,1,0,4
210,host-2,4,0,14,4,0,0,0.202031,0,32000,6465,0.202031,131072,5626,0.042923,0,0,4
210,host-20,4,1,14,4,1,0,0.230063,0,32000,7362,0.230063,131072,8388,0.063995,1,0,3
210,host-21,6,0,14,6,0,0,0.262969,0,32000,8415,0.262969,131072,9517,0.072609,0,0,6
210,host-22,4,1,14,4,1,0,0.222844,0,32000,7131,0.222844,131072,7335,0.055962,1,0,3
210,host-23,4,0,14,4,0,0,0.183531,0,32000,5873,0.183531,131072,5419,0.041344,0,0,4
210,host-24,4,1,14,4,1,0,0.192781,0,32000,6169,0.192781,131072,6804,0.051910,0,1,3
210,host-3,5,1,14,5,1,0,0.197719,0,32000,6327,0.197719,131072,5998,0.045761,1,0,4
210,host-4,4,0,14,4,0,0,0.209594,0,32000,6707,0.209594,131072,7375,0.056267,0,0,4
210,host-5,5,0,14,5,0,0,0.228094,0,32000,7299,0.228094,131072,7971,0.060814,0,0,5
210,host-6,4,0,14,4,0,0,0.203469,0,32000,6511,0.203469,131072,5987,0.045677,0,0,4
210,host-7,5,1,14,5,1,0,0.247656,0,32000,7925,0.247656,131072,8393,0.064034,0,1,4
210,host-8,3,0,14,3,0,0,0.180500,0,32000,5776,0.180500,131072,6194,0.047256,0,0,3
210,host-9,5,0,14,5,0,0,0.238313,0,32000,7626,0.238313,131072,7628,0.058197,0,0,5
211,host-1,3,0,14,3,0,0,0.133813,0,32000,4282,0.133813,131072,3549,0.027077,0,0,3
211,host-10,6,0,14,6,0,0,0.250125,0,32000,8004,0.250125,131072,7938,0.060562,0,0,6
211,host-11,6,0,14,6,0,0,0.270937,0,32000,8670,0.270937,131072,8197,0.062538,0,0,6
211,host-12,4,0,14,4,0,0,0.207031,0,32000,6625,0.207031,131072,8138,0.062088,0,0,4
211,host-13,6,0,14,6,0,0,0.264969,0,32000,8479,0.264969,131072,8034,0.061295,0,0,6
211,host-14,6,0,14,6,0,0,0.248812,0,32000,7962,0.248812,131072,8273,0.063118,0,0,6
211,host-15,4,0,14,4,0,0,0.211688,0,32000,6774,0.211688,131072,6179,0.047142,0,0,4
211,host-16,5,0,14,5,0,0,0.210406,0,32000,6733,0.210406,131072,7127,0.054375,0,0,5
211,host-17,5,0,14,5,0,0,0.195563,0,32000,6258,0.195563,131072,5807,0.044304,0,0,5
211,host-18,4,1,14,4,1,0,0.211594,0,32000,6771,0.211594,131072,7666,0.058487,0,1,3
211,host-19,5,0,14,5,0,0,0.230719,0,32000,7383,0.230719,131072,7507,0.057274,0,0,5
211,host-2,4,0,14,4,0,0,0.202031,0,32000,6465,0.202031,131072,5626,0.042923,0,0,4
211,host-20,4,1,14,4,1,0,0.230063,0,32000,7362,0.230063,131072,8388,0.063995,1,0,3
211,host-21,6,1,14,6,1,0,0.262969,0,32000,8415,0.262969,131072,9517,0.072609,0,1,5
211,host-22,4,0,14,4,0,0,0.222844,0,32000,7131,0.222844,131072,7335,0.055962,0,0,4
211,host-23,5,1,14,5,1,0,0.211312,0,32000,6762,0.211312,131072,5853,0.044655,1,0,4
211,host-24,5,1,14,5,1,0,0.259188,0,32000,8294,0.259188,131072,9100,0.069427,1,0,4
211,host-3,4,0,14,4,0,0,0.134906,0,32000,4317,0.134906,131072,3584,0.027344,0,0,4
211,host-4,4,0,14,4,0,0,0.209594,0,32000,6707,0.209594,131072,7375,0.056267,0,0,4
211,host-5,5,1,14,5,1,0,0.228094,0,32000,7299,0.228094,131072,7971,0.060814,0,1,4
211,host-6,4,0,14,4,0,0,0.203469,0,32000,6511,0.203469,131072,5987,0.045677,0,0,4
211,host-7,5,0,14,5,0,0,0.247656,0,32000,7925,0.247656,131072,8393,0.064034,0,0,5
211,host-8,4,1,14,4,1,0,0.204875,0,32000,6556,0.204875,131072,6824,0.052063,1,0,3
211,host-9,5,0,14,5,0,0,0.238313,0,32000,7626,0.238313,131072,7628,0.058197,0,0,5
212,host-1,4,2,14,4,2,0,0.181938,0,32000,5822,0.181938,131072,6001,0.045784,2,0,2
212,host-10,6,0,14,6,0,0,0.250125,0,32000,8004,0.250125,131072,7938,0.060562,0,0,6
212,host-11,5,0,14,5,0,0,0.208125,0,32000,6660,0.208125,131072,5783,0.044121,0,0,5
212,host-12,4,0,14,4,0,0,0.207031,0,32000,6625,0.207031,131072,8138,0.062088,0,0,4
212,host-13,4,0,14,4,0,0,0.186219,0,32000,5959,0.186219,131072,6107,0.046593,0,0,4
212,host-14,5,0,14,5,0,0,0.190156,0,32000,6085,0.190156,131072,6709,0.051186,0,0,5
212,host-15,4,0,14,4,0,0,0.211688,0,32000,6774,0.211688,131072,6179,0.047142,0,0,4
212,host-16,4,0,14,4,0,0,0.176281,0,32000,5641,0.176281,131072,6016,0.045898,0,0,4
212,host-17,5,0,14,5,0,0,0.195563,0,32000,6258,0.195563,131072,5807,0.044304,0,0,5
212,host-18,3,0,14,3,0,0,0.164031,0,32000,5249,0.164031,131072,5816,0.044373,0,0,3
212,host-19,5,1,14,5,1,0,0.230719,0,32000,7383,0.230719,131072,7507,0.057274,0,1,4
212,host-2,4,0,14,4,0,0,0.202031,0,32000,6465,0.202031,131072,5626,0.042923,0,0,4
212,host-20,4,0,14,4,0,0,0.230063,0,32000,7362,0.230063,131072,8388,0.063995,0,0,4
212,host-21,6,0,14,6,0,0,0.262969,0,32000,8415,0.262969,131072,9517,0.072609,0,0,6
212,host-22,4,0,14,4,0,0,0.222844,0,32000,7131,0.222844,131072,7335,0.055962,0,0,4
212,host-23,5,0,14,5,0,0,0.211312,0,32000,6762,0.211312,131072,5853,0.044655,0,0,5
212,host-24,5,1,14,5,1,0,0.259188,0,32000,8294,0.259188,131072,9100,0.069427,0,1,4
212,host-3,6,2,14,6,2,0,0.208344,0,32000,6667,0.208344,131072,6398,0.048813,1,1,4
212,host-4,2,0,14,2,0,0,0.126688,0,32000,4054,0.126688,131072,4130,0.031509,0,0,2
212,host-5,5,0,14,5,0,0,0.228094,0,32000,7299,0.228094,131072,7971,0.060814,0,0,5
212,host-6,4,0,14,4,0,0,0.203469,0,32000,6511,0.203469,131072,5987,0.045677,0,0,4
212,host-7,5,0,14,5,0,0,0.247656,0,32000,7925,0.247656,131072,8393,0.064034,0,0,5
212,host-8,4,0,14,4,0,0,0.204875,0,32000,6556,0.204875,131072,6824,0.052063,0,0,4
212,host-9,5,0,14,5,0,0,0.238313,0,32000,7626,0.238313,131072,7628,0.058197,0,0,5
213,host-1,4,0,14,4,0,0,0.181938,0,32000,5822,0.181938,131072,6001,0.045784,0,0,4
213,host-10,5,0,14,5,0,0,0.194031,0,32000,6209,0.194031,131072,6581,0.050209,0,0,5
213,host-11,4,1,14,4,1,0,0.185375,0,32000,5932,0.185375,131072,5315,0.040550,0,1,3
213,host-12,4,0,14,4,0,0,0.207031,0,32000,6625,0.207031,131072,8138,0.062088,0,0,4
213,host-13,4,0,14,4,0,0,0.186219,0,32000,5959,0.186219,131072,6107,0.046593,0,0,4
213,host-14,5,0,14,5,0,0,0.190156,0,32000,6085,0.190156,131072,6709,0.051186,0,0,5
213,host-15,4,0,14,4,0,0,0.211688,0,32000,6774,0.211688,131072,6179,0.047142,0,0,4
213,host-16,5,1,14,5,1,0,0.243562,0,32000,7794,0.243562,131072,8652,0.066010,1,0,4
213,host-17,5,0,14,5,0,0,0.195563,0,32000,6258,0.195563,131072,5807,0.044304,0,0,5
213,host-18,4,1,14,4,1,0,0.227656,0,32000,7285,0.227656,131072,8115,0.061913,1,0,3
213,host-19,5,0,14,5,0,0,0.230719,0,32000,7383,0.230719,131072,7507,0.057274,0,0,5
213,host-2,4,0,14,4,0,0,0.202031,0,32000,6465,0.202031,131072,5626,0.042923,0,0,4
213,host-20,4,0,14,4,0,0,0.230063,0,32000,7362,0.230063,131072,8388,0.063995,0,0,4
213,host-21,5,0,14,5,0,0,0.227125,0,32000,7268,0.227125,131072,8653,0.066017,0,0,5
213,host-22,4,0,14,4,0,0,0.222844,0,32000,7131,0.222844,131072,7335,0.055962,0,0,4
213,host-23,5,1,14,5,1,0,0.211312,0,32000,6762,0.211312,131072,5853,0.044655,0,1,4
213,host-24,5,0,14,5,0,0,0.259188,0,32000,8294,0.259188,131072,9100,0.069427,0,0,5
213,host-3,6,1,14,6,1,0,0.196219,0,32000,6279,0.196219,131072,5561,0.042427,1,0,5
213,host-4,3,1,14,3,1,0,0.196906,0,32000,6301,0.196906,131072,6039,0.046074,1,0,2
213,host-5,5,0,14,5,0,0,0.228094,0,32000,7299,0.228094,131072,7971,0.060814,0,0,5
213,host-6,4,1,14,4,1,0,0.203469,0,32000,6511,0.203469,131072,5987,0.045677,0,1,3
213,host-7,5,1,14,5,1,0,0.247656,0,32000,7925,0.247656,131072,8393,0.064034,0,1,4
213,host-8,4,0,14,4,0,0,0.204875,0,32000,6556,0.204875,131072,6824,0.052063,0,0,4
213,host-9,5,0,14,5,0,0,0.238313,0,32000,7626,0.238313,131072,7628,0.058197,0,0,5
214,host-1,5,1,14,5,1,0,0.220125,0,32000,7044,0.220125,131072,6716,0.051239,1,0,4
214,host-10,5,0,14,5,0,0,0.194031,0,32000,6209,0.194031,131072,6581,0.050209,0,0,5
214,host-11,4,0,14,4,0,0,0.185375,0,32000,5932,0.185375,131072,5315,0.040550,0,0,4
214,host-12,4,0,14,4,0,0,0.207031,0,32000,6625,0.207031,131072,8138,0.062088,0,0,4
214,host-13,3,0,14,3,0,0,0.151406,0,32000,4845,0.151406,131072,4571,0.034874,0,0,3
214,host-14,5,0,14,5,0,0,0.190156,0,32000,6085,0.190156,131072,6709,0.051186,0,0,5
214,host-15,4,0,14,4,0,0,0.211688,0,32000,6774,0.211688,131072,6179,0.047142,0,0,4
214,host-16,5,1,14,5,1,0,0.243562,0,32000,7794,0.243562,131072,8652,0.066010,1,0,4
214,host-17,5,0,14,5,0,0,0.195563,0,32000,6258,0.195563,131072,5807,0.044304,0,0,5
214,host-18,3,1,14,3,1,0,0.161438,0,32000,5166,0.161438,131072,5373,0.040993,1,0,2
214,host-19,5,0,14,5,0,0,0.230719,0,32000,7383,0.230719,131072,7507,0.057274,0,0,5
214,host-2,4,0,14,4,0,0,0.202031,0,32000,6465,0.202031,131072,5626,0.042923,0,0,4
214,host-20,4,0,14,4,0,0,0.230063,0,32000,7362,0.230063,131072,8388,0.063995,0,0,4
214,host-21,5,0,14,5,0,0,0.227125,0,32000,7268,0.227125,131072,8653,0.066017,0,0,5
214,host-22,3,0,14,3,0,0,0.170094,0,32000,5443,0.170094,131072,5495,0.041924,0,0,3
214,host-23,5,0,14,5,0,0,0.211312,0,32000,6762,0.211312,131072,5853,0.044655,0,0,5
214,host-24,5,0,14,5,0,0,0.259188,0,32000,8294,0.259188,131072,9100,0.069427,0,0,5
214,host-3,6,1,14,6,1,0,0.196219,0,32000,6279,0.196219,131072,5561,0.042427,1,0,5
214,host-4,3,0,14,3,0,0,0.196906,0,32000,6301,0.196906,131072,6039,0.046074,0,0,3
214,host-5,4,0,14,4,0,0,0.161875,0,32000,5180,0.161875,131072,5229,0.039894,0,0,4
214,host-6,4,0,14,4,0,0,0.203469,0,32000,6511,0.203469,131072,5987,0.045677,0,0,4
214,host-7,5,0,14,5,0,0,0.247656,0,32000,7925,0.247656,131072,8393,0.064034,0,0,5
214,host-8,4,0,14,4,0,0,0.204875,0,32000,6556,0.204875,131072,6824,0.052063,0,0,4
214,host-9,5,0,14,5,0,0,0.238313,0,32000,7626,0.238313,131072,7628,0.058197,0,0,5
215,host-1,5,0,14,5,0,0,0.220125,0,32000,7044,0.220125,131072,6716,0.051239,0,0,5
215,host-10,5,0,14,5,0,0,0.194031,0,32000,6209,0.194031,131072,6581,0.050209,0,0,5
215,host-11,4,0,14,4,0,0,0.185375,0,32000,5932,0.185375,131072,5315,0.040550,0,0,4
215,host-12,4,0,14,4,0,0,0.207031,0,32000,6625,0.207031,131072,8138,0.062088,0,0,4
215,host-13,4,1,14,4,1,0,0.182094,0,32000,5827,0.182094,131072,4931,0.037621,1,0,3
215,host-14,3,0,14,3,0,0,0.109094,0,32000,3491,0.109094,131072,3671,0.028008,0,0,3
215,host-15,3,0,14,3,0,0,0.140250,0,32000,4488,0.140250,131072,4313,0.032906,0,0,3
215,host-16,5,0,14,5,0,0,0.243562,0,32000,7794,0.243562,131072,8652,0.066010,0,0,5
215,host-17,5,0,14,5,0,0,0.195563,0,32000,6258,0.195563,131072,5807,0.044304,0,0,5
215,host-18,4,1,14,4,1,0,0.199063,0,32000,6370,0.199063,131072,6768,0.051636,1,0,3
215,host-19,5,0,14,5,0,0,0.230719,0,32000,7383,0.230719,131072,7507,0.057274,0,0,5
215,host-2,4,0,14,4,0,0,0.202031,0,32000,6465,0.202031,131072,5626,0.042923,0,0,4
215,host-20,4,0,14,4,0,0,0.230063,0,32000,7362,0.230063,131072,8388,0.063995,0,0,4
215,host-21,4,0,14,4,0,0,0.204156,0,32000,6533,0.204156,131072,7457,0.056892,0,0,4
215,host-22,3,0,14,3,0,0,0.170094,0,32000,5443,0.170094,131072,5495,0.041924,0,0,3
215,host-23,4,0,14,4,0,0,0.180500,0,32000,5776,0.180500,131072,5259,0.040123,0,0,4
215,host-24,5,0,14,5,0,0,0.259188,0,32000,8294,0.259188,131072,9100,0.069427,0,0,5
215,host-3,6,0,14,6,0,0,0.196219,0,32000,6279,0.196219,131072,5561,0.042427,0,0,6
215,host-4,3,0,14,3,0,0,0.196906,0,32000,6301,0.196906,131072,6039,0.046074,0,0,3
215,host-5,4,0,14,4,0,0,0.161875,0,32000,5180,0.161875,131072,5229,0.039894,0,0,4
215,host-6,3,0,14,3,0,0,0.162188,0,32000,5190,0.162188,131072,4366,0.033310,0,0,3
215,host-7,5,0,14,5,0,0,0.247656,0,32000,7925,0.247656,131072,8393,0.064034,0,0,5
215,host-8,4,0,14,4,0,0,0.204875,0,32000,6556,0.204875,131072,6824,0.052063,0,0,4
215,host-9,5,1,14,5,1,0,0.238313,0,32000,7626,0.238313,131072,7628,0.058197,0,1,4
216,host-1,5,0,14,5,0,0,0.220125,0,32000,7044,0.220125,131072,6716,0.051239,0,0,5
216,host-10,5,0,14,5,0,0,0.194031,0,32000,6209,0.194031,131072,6581,0.050209,0,0,5
216,host-11,4,0,14,4,0,0,0.185375,0,32000,5932,0.185375,131072,5315,0.040550,0,0,4
216,host-12,4,0,14,4,0,0,0.207031,0,32000,6625,0.207031,131072,8138,0.062088,0,0,4
216,host-13,4,0,14,4,0,0,0.182094,0,32000,5827,0.182094,131072,4931,0.037621,0,0,4
216,host-14,3,1,14,3,1,0,0.109094,0,32000,3491,0.109094,131072,3671,0.028008,0,1,2
216,host-15,2,0,14,2,0,0,0.102469,0,32000,3279,0.102469,131072,3360,0.025635,0,0,2
216,host-16,5,1,14,5,1,0,0.243562,0,32000,7794,0.243562,131072,8652,0.066010,0,1,4
216,host-17,4,0,14,4,0,0,0.157219,0,32000,5031,0.157219,131072,4607,0.035149,0,0,4
216,host-18,4,0,14,4,0,0,0.199063,0,32000,6370,0.199063,131072,6768,0.051636,0,0,4
216,host-19,5,0,14,5,0,0,0.230719,0,32000,7383,0.230719,131072,7507,0.057274,0,0,5
216,host-2,4,0,14,4,0,0,0.202031,0,32000,6465,0.202031,131072,5626,0.042923,0,0,4
216,host-20,4,0,14,4,0,0,0.230063,0,32000,7362,0.230063,131072,8388,0.063995,0,0,4
216,host-21,3,0,14,3,0,0,0.151188,0,32000,4838,0.151188,131072,5325,0.040627,0,0,3
216,host-22,3,0,14,3,0,0,0.170094,0,32000,5443,0.170094,131072,5495,0.041924,0,0,3
216,host-23,4,0,14,4,0,0,0.180500,0,32000,5776,0.180500,131072,5259,0.040123,0,0,4
216,host-24,5,0,14,5,0,0,0.259188,0,32000,8294,0.259188,131072,9100,0.069427,0,0,5
216,host-3,6,0,14,6,0,0,0.196219,0,32000,6279,0.196219,131072,5561,0.042427,0,0,6
216,host-4,3,0,14,3,0,0,0.196906,0,32000,6301,0.196906,131072,6039,0.046074,0,0,3
216,host-5,4,1,14,4,1,0,0.161875,0,32000,5180,0.161875,131072,5229,0.039894,0,1,3
216,host-6,3,0,14,3,0,0,0.162188,0,32000,5190,0.162188,131072,4366,0.033310,0,0,3
216,host-7,4,0,14,4,0,0,0.178844,0,32000,5723,0.178844,131072,6499,0.049583,0,0,4
216,host-8,3,0,14,3,0,0,0.133469,0,32000,4271,0.133469,131072,4256,0.032471,0,0,3
216,host-9,5,0,14,5,0,0,0.238313,0,32000,7626,0.238313,131072,7628,0.058197,0,0,5
217,host-1,5,0,14,5,0,0,0.220125,0,32000,7044,0.220125,131072,6716,0.051239,0,0,5
217,host-10,5,0,14,5,0,0,0.194031,0,32000,6209,0.194031,131072,6581,0.050209,0,0,5
217,host-11,4,1,14,4,1,0,0.185375,0,32000,5932,0.185375,131072,5315,0.040550,0,1,3
217,host-12,4,0,14,4,0,0,0.207031,0,32000,6625,0.207031,131072,8138,0.062088,0,0,4
217,host-13,4,0,14,4,0,0,0.182094,0,32000,5827,0.182094,131072,4931,0.037621,0,0,4
217,host-14,4,2,14,4,2,0,0.170563,0,32000,5458,0.170563,131072,6172,0.047089,1,1,2
217,host-15,3,1,14,3,1,0,0.136375,0,32000,4364,0.136375,131072,4230,0.032272,1,0,2
217,host-16,5,0,14,5,0,0,0.243562,0,32000,7794,0.243562,131072,8652,0.066010,0,0,5
217,host-17,4,0,14,4,0,0,0.157219,0,32000,5031,0.157219,131072,4607,0.035149,0,0,4
217,host-18,4,0,14,4,0,0,0.199063,0,32000,6370,0.199063,131072,6768,0.051636,0,0,4
217,host-19,5,0,14,5,0,0,0.230719,0,32000,7383,0.230719,131072,7507,0.057274,0,0,5
217,host-2,4,0,14,4,0,0,0.202031,0,32000,6465,0.202031,131072,5626,0.042923,0,0,4
217,host-20,4,0,14,4,0,0,0.230063,0,32000,7362,0.230063,131072,8388,0.063995,0,0,4
217,host-21,3,0,14,3,0,0,0.151188,0,32000,4838,0.151188,131072,5325,0.040627,0,0,3
217,host-22,2,0,14,2,0,0,0.115594,0,32000,3699,0.115594,131072,3848,0.029358,0,0,2
217,host-23,4,0,14,4,0,0,0.180500,0,32000,5776,0.180500,131072,5259,0.040123,0,0,4
217,host-24,5,0,14,5,0,0,0.259188,0,32000,8294,0.259188,131072,9100,0.069427,0,0,5
217,host-3,6,0,14,6,0,0,0.196219,0,32000,6279,0.196219,131072,5561,0.042427,0,0,6
217,host-4,3,0,14,3,0,0,0.196906,0,32000,6301,0.196906,131072,6039,0.046074,0,0,3
217,host-5,4,0,14,4,0,0,0.161875,0,32000,5180,0.161875,131072,5229,0.039894,0,0,4
217,host-6,3,0,14,3,0,0,0.162188,0,32000,5190,0.162188,131072,4366,0.033310,0,0,3
217,host-7,4,0,14,4,0,0,0.178844,0,32000,5723,0.178844,131072,6499,0.049583,0,0,4
217,host-8,4,1,14,4,1,0,0.204875,0,32000,6556,0.204875,131072,6824,0.052063,1,0,3
217,host-9,5,0,14,5,0,0,0.238313,0,32000,7626,0.238313,131072,7628,0.058197,0,0,5
218,host-1,5,0,14,5,0,0,0.220125,0,32000,7044,0.220125,131072,6716,0.051239,0,0,5
218,host-10,5,0,14,5,0,0,0.194031,0,32000,6209,0.194031,131072,6581,0.050209,0,0,5
218,host-11,4,0,14,4,0,0,0.185375,0,32000,5932,0.185375,131072,5315,0.040550,0,0,4
218,host-12,4,0,14,4,0,0,0.207031,0,32000,6625,0.207031,131072,8138,0.062088,0,0,4
218,host-13,4,1,14,4,1,0,0.182094,0,32000,5827,0.182094,131072,4931,0.037621,0,1,3
218,host-14,4,1,14,4,1,0,0.170563,0,32000,5458,0.170563,131072,6172,0.047089,1,0,3
218,host-15,3,0,14,3,0,0,0.136375,0,32000,4364,0.136375,131072,4230,0.032272,0,0,3
218,host-16,5,0,14,5,0,0,0.243562,0,32000,7794,0.243562,131072,8652,0.066010,0,0,5
218,host-17,4,0,14,4,0,0,0.157219,0,32000,5031,0.157219,131072,4607,0.035149,0,0,4
218,host-18,4,0,14,4,0,0,0.199063,0,32000,6370,0.199063,131072,6768,0.051636,0,0,4
218,host-19,5,0,14,5,0,0,0.230719,0,32000,7383,0.230719,131072,7507,0.057274,0,0,5
218,host-2,4,0,14,4,0,0,0.202031,0,32000,6465,0.202031,131072,5626,0.042923,0,0,4
218,host-20,4,0,14,4,0,0,0.230063,0,32000,7362,0.230063,131072,8388,0.063995,0,0,4
218,host-21,3,0,14,3,0,0,0.151188,0,32000,4838,0.151188,131072,5325,0.040627,0,0,3
218,host-22,3,1,14,3,1,0,0.176063,0,32000,5634,0.176063,131072,6262,0.047775,1,0,2
218,host-23,4,0,14,4,0,0,0.180500,0,32000,5776,0.180500,131072,5259,0.040123,0,0,4
218,host-24,5,0,14,5,0,0,0.259188,0,32000,8294,0.259188,131072,9100,0.069427,0,0,5
218,host-3,6,0,14,6,0,0,0.196219,0,32000,6279,0.196219,131072,5561,0.042427,0,0,6
218,host-4,3,0,14,3,0,0,0.196906,0,32000,6301,0.196906,131072,6039,0.046074,0,0,3
218,host-5,4,0,14,4,0,0,0.161875,0,32000,5180,0.161875,131072,5229,0.039894,0,0,4
218,host-6,3,1,14,3,1,0,0.162188,0,32000,5190,0.162188,131072,4366,0.033310,0,1,2
218,host-7,4,0,14,4,0,0,0.178844,0,32000,5723,0.178844,131072,6499,0.049583,0,0,4
218,host-8,3,2,14,3,2,0,0.162156,0,32000,5189,0.162156,131072,5582,0.042587,0,2,1
218,host-9,5,0,14,5,0,0,0.238313,0,32000,7626,0.238313,131072,7628,0.058197,0,0,5
219,host-1,4,0,14,4,0,0,0.175531,0,32000,5617,0.175531,131072,5491,0.041893,0,0,4
219,host-10,5,0,14,5,0,0,0.194031,0,32000,6209,0.194031,131072,6581,0.050209,0,0,5
219,host-11,4,0,14,4,0,0,0.185375,0,32000,5932,0.185375,131072,5315,0.040550,0,0,4
219,host-12,4,0,14,4,0,0,0.207031,0,32000,6625,0.207031,131072,8138,0.062088,0,0,4
219,host-13,4,0,14,4,0,0,0.182094,0,32000,5827,0.182094,131072,4931,0.037621,0,0,4
219,host-14,4,0,14,4,0,0,0.170563,0,32000,5458,0.170563,131072,6172,0.047089,0,0,4
219,host-15,4,1,14,4,1,0,0.177687,0,32000,5686,0.177687,131072,5613,0.042824,0,1,3
219,host-16,5,0,14,5,0,0,0.243562,0,32000,7794,0.243562,131072,8652,0.066010,0,0,5
219,host-17,5,1,14,5,1,0,0.212156,0,32000,6789,0.212156,131072,6425,0.049019,1,0,4
219,host-18,4,0,14,4,0,0,0.199063,0,32000,6370,0.199063,131072,6768,0.051636,0,0,4
219,host-19,5,0,14,5,0,0,0.230719,0,32000,7383,0.230719,131072,7507,0.057274,0,0,5
219,host-2,4,0,14,4,0,0,0.202031,0,32000,6465,0.202031,131072,5626,0.042923,0,0,4
219,host-20,4,0,14,4,0,0,0.230063,0,32000,7362,0.230063,131072,8388,0.063995,0,0,4
219,host-21,4,1,14,4,1,0,0.188875,0,32000,6044,0.188875,131072,6152,0.046936,1,0,3
219,host-22,3,0,14,3,0,0,0.176063,0,32000,5634,0.176063,131072,6262,0.047775,0,0,3
219,host-23,4,0,14,4,0,0,0.180500,0,32000,5776,0.180500,131072,5259,0.040123,0,0,4
219,host-24,5,0,14,5,0,0,0.259188,0,32000,8294,0.259188,131072,9100,0.069427,0,0,5
219,host-3,6,0,14,6,0,0,0.196219,0,32000,6279,0.196219,131072,5561,0.042427,0,0,6
219,host-4,3,0,14,3,0,0,0.196906,0,32000,6301,0.196906,131072,6039,0.046074,0,0,3
219,host-5,5,1,14,5,1,0,0.199906,0,32000,6397,0.199906,131072,5870,0.044785,1,0,4
219,host-6,4,1,14,4,1,0,0.238969,0,32000,7647,0.238969,131072,7152,0.054565,1,0,3
219,host-7,4,1,14,4,1,0,0.178844,0,32000,5723,0.178844,131072,6499,0.049583,0,1,3
219,host-8,4,1,14,4,1,0,0.219969,0,32000,7039,0.219969,131072,7455,0.056877,1,0,3
219,host-9,5,1,14,5,1,0,0.238313,0,32000,7626,0.238313,131072,7628,0.058197,0,1,4
220,host-1,5,1,14,5,1,0,0.213562,0,32000,6834,0.213562,131072,6132,0.046783,1,0,4
220,host-10,5,0,14,5,0,0,0.194031,0,32000,6209,0.194031,131072,6581,0.050209,0,0,5
220,host-11,4,0,14,4,0,0,0.185375,0,32000,5932,0.185375,131072,5315,0.040550,0,0,4
220,host-12,4,0,14,4,0,0,0.207031,0,32000,6625,0.207031,131072,8138,0.062088,0,0,4
220,host-13,4,0,14,4,0,0,0.182094,0,32000,5827,0.182094,131072,4931,0.037621,0,0,4
220,host-14,5,1,14,5,1,0,0.225500,0,32000,7216,0.225500,131072,7990,0.060959,1,0,4
220,host-15,4,0,14,4,0,0,0.177687,0,32000,5686,0.177687,131072,5613,0.042824,0,0,4
220,host-16,5,0,14,5,0,0,0.243562,0,32000,7794,0.243562,131072,8652,0.066010,0,0,5
220,host-17,5,1,14,5,1,0,0.212156,0,32000,6789,0.212156,131072,6425,0.049019,1,0,4
220,host-18,4,0,14,4,0,0,0.199063,0,32000,6370,0.199063,131072,6768,0.051636,0,0,4
220,host-19,5,0,14,5,0,0,0.230719,0,32000,7383,0.230719,131072,7507,0.057274,0,0,5
220,host-2,4,0,14,4,0,0,0.202031,0,32000,6465,0.202031,131072,5626,0.042923,0,0,4
220,host-20,4,0,14,4,0,0,0.230063,0,32000,7362,0.230063,131072,8388,0.063995,0,0,4
220,host-21,4,0,14,4,0,0,0.188875,0,32000,6044,0.188875,131072,6152,0.046936,0,0,4
220,host-22,4,1,14,4,1,0,0.218062,0,32000,6978,0.218062,131072,7178,0.054764,1,0,3
220,host-23,4,0,14,4,0,0,0.180500,0,32000,5776,0.180500,131072,5259,0.040123,0,0,4
220,host-24,5,0,14,5,0,0,0.259188,0,32000,8294,0.259188,131072,9100,0.069427,0,0,5
220,host-3,6,0,14,6,0,0,0.196219,0,32000,6279,0.196219,131072,5561,0.042427,0,0,6
220,host-4,3,0,14,3,0,0,0.196906,0,32000,6301,0.196906,131072,6039,0.046074,0,0,3
220,host-5,5,0,14,5,0,0,0.199906,0,32000,6397,0.199906,131072,5870,0.044785,0,0,5
220,host-6,4,1,14,4,1,0,0.238969,0,32000,7647,0.238969,131072,7152,0.054565,1,0,3
220,host-7,4,0,14,4,0,0,0.178844,0,32000,5723,0.178844,131072,6499,0.049583,0,0,4
220,host-8,4,1,14,4,1,0,0.219969,0,32000,7039,0.219969,131072,7455,0.056877,1,0,3
220,host-9,5,0,14,5,0,0,0.238313,0,32000,7626,0.238313,131072,7628,0.058197,0,0,5
221,host-1,4,0,14,4,0,0,0.163281,0,32000,5225,0.163281,131072,4603,0.035118,0,0,4
221,host-10,5,0,14,5,0,0,0.194031,0,32000,6209,0.194031,131072,6581,0.050209,0,0,5
221,host-11,4,0,14,4,0,0,0.185375,0,32000,5932,0.185375,131072,5315,0.040550,0,0,4
221,host-12,4,0,14,4,0,0,0.207031,0,32000,6625,0.207031,131072,8138,0.062088,0,0,4
221,host-13,5,1,14,5,1,0,0.263344,0,32000,8427,0.263344,131072,7757,0.059181,1,0,4
221,host-14,5,1,14,5,1,0,0.225500,0,32000,7216,0.225500,131072,7990,0.060959,0,1,4
221,host-15,5,1,14,5,1,0,0.221875,0,32000,7100,0.221875,131072,7184,0.054810,0,1,4
221,host-16,4,0,14,4,0,0,0.216688,0,32000,6934,0.216688,131072,8121,0.061958,0,0,4
221,host-17,5,0,14,5,0,0,0.212156,0,32000,6789,0.212156,131072,6425,0.049019,0,0,5
221,host-18,4,0,14,4,0,0,0.199063,0,32000,6370,0.199063,131072,6768,0.051636,0,0,4
221,host-19,5,0,14,5,0,0,0.230719,0,32000,7383,0.230719,131072,7507,0.057274,0,0,5
221,host-2,4,0,14,4,0,0,0.202031,0,32000,6465,0.202031,131072,5626,0.042923,0,0,4
221,host-20,4,0,14,4,0,0,0.230063,0,32000,7362,0.230063,131072,8388,0.063995,0,0,4
221,host-21,4,0,14,4,0,0,0.188875,0,32000,6044,0.188875,131072,6152,0.046936,0,0,4
221,host-22,4,1,14,4,1,0,0.218062,0,32000,6978,0.218062,131072,7178,0.054764,1,0,3
221,host-23,5,1,14,5,1,0,0.223781,0,32000,7161,0.223781,131072,6337,0.048347,1,0,4
221,host-24,5,0,14,5,0,0,0.259188,0,32000,8294,0.259188,131072,9100,0.069427,0,0,5
221,host-3,6,0,14,6,0,0,0.196219,0,32000,6279,0.196219,131072,5561,0.042427,0,0,6
221,host-4,2,1,14,2,1,0,0.122781,0,32000,3929,0.122781,131072,3662,0.027939,0,1,1
221,host-5,5,0,14,5,0,0,0.199906,0,32000,6397,0.199906,131072,5870,0.044785,0,0,5
221,host-6,4,1,14,4,1,0,0.238969,0,32000,7647,0.238969,131072,7152,0.054565,0,1,3
221,host-7,5,1,14,5,1,0,0.249562,0,32000,7986,0.249562,131072,9079,0.069267,1,0,4
221,host-8,4,0,14,4,0,0,0.219969,0,32000,7039,0.219969,131072,7455,0.056877,0,0,4
221,host-9,5,0,14,5,0,0,0.238313,0,32000,7626,0.238313,131072,7628,0.058197,0,0,5
222,host-1,5,1,14,5,1,0,0.204969,0,32000,6559,0.204969,131072,6108,0.046600,1,0,4
222,host-10,6,1,14,6,1,0,0.247125,0,32000,7908,0.247125,131072,8973,0.068459,1,0,5
222,host-11,5,1,14,5,1,0,0.220562,0,32000,7058,0.220562,131072,6231,0.047539,1,0,4
222,host-12,4,0,14,4,0,0,0.207031,0,32000,6625,0.207031,131072,8138,0.062088,0,0,4
222,host-13,5,1,14,5,1,0,0.263344,0,32000,8427,0.263344,131072,7757,0.059181,0,1,4
222,host-14,5,0,14,5,0,0,0.225500,0,32000,7216,0.225500,131072,7990,0.060959,0,0,5
222,host-15,5,0,14,5,0,0,0.221875,0,32000,7100,0.221875,131072,7184,0.054810,0,0,5
222,host-16,4,0,14,4,0,0,0.216688,0,32000,6934,0.216688,131072,8121,0.061958,0,0,4
222,host-17,5,0,14,5,0,0,0.212156,0,32000,6789,0.212156,131072,6425,0.049019,0,0,5
222,host-18,5,1,14,5,1,0,0.267844,0,32000,8571,0.267844,131072,8644,0.065948,1,0,4
222,host-19,5,0,14,5,0,0,0.230719,0,32000,7383,0.230719,131072,7507,0.057274,0,0,5
222,host-2,4,0,14,4,0,0,0.202031,0,32000,6465,0.202031,131072,5626,0.042923,0,0,4
222,host-20,4,0,14,4,0,0,0.230063,0,32000,7362,0.230063,131072,8388,0.063995,0,0,4
222,host-21,5,1,14,5,1,0,0.233375,0,32000,7468,0.233375,131072,7361,0.056160,1,0,4
222,host-22,4,0,14,4,0,0,0.218062,0,32000,6978,0.218062,131072,7178,0.054764,0,0,4
222,host-23,5,0,14,5,0,0,0.223781,0,32000,7161,0.223781,131072,6337,0.048347,0,0,5
222,host-24,5,0,14,5,0,0,0.259188,0,32000,8294,0.259188,131072,9100,0.069427,0,0,5
222,host-3,7,1,14,7,1,0,0.258094,0,32000,8259,0.258094,131072,7738,0.059036,1,0,6
222,host-4,4,2,14,4,2,0,0.223781,0,32000,7161,0.223781,131072,6563,0.050072,2,0,2
222,host-5,5,1,14,5,1,0,0.199906,0,32000,6397,0.199906,131072,5870,0.044785,0,1,4
222,host-6,4,0,14,4,0,0,0.238969,0,32000,7647,0.238969,131072,7152,0.054565,0,0,4
222,host-7,5,0,14,5,0,0,0.249562,0,32000,7986,0.249562,131072,9079,0.069267,0,0,5
222,host-8,4,0,14,4,0,0,0.219969,0,32000,7039,0.219969,131072,7455,0.056877,0,0,4
222,host-9,5,0,14,5,0,0,0.238313,0,32000,7626,0.238313,131072,7628,0.058197,0,0,5
223,host-1,5,1,14,5,1,0,0.204969,0,32000,6559,0.204969,131072,6108,0.046600,1,0,4
223,host-10,6,0,14,6,0,0,0.247125,0,32000,7908,0.247125,131072,8973,0.068459,0,0,6
223,host-11,5,0,14,5,0,0,0.220562,0,32000,7058,0.220562,131072,6231,0.047539,0,0,5
223,host-12,4,0,14,4,0,0,0.207031,0,32000,6625,0.207031,131072,8138,0.062088,0,0,4
223,host-13,5,0,14,5,0,0,0.263344,0,32000,8427,0.263344,131072,7757,0.059181,0,0,5
223,host-14,5,0,14,5,0,0,0.225500,0,32000,7216,0.225500,131072,7990,0.060959,0,0,5
223,host-15,5,0,14,5,0,0,0.221875,0,32000,7100,0.221875,131072,7184,0.054810,0,0,5
223,host-16,4,0,14,4,0,0,0.216688,0,32000,6934,0.216688,131072,8121,0.061958,0,0,4
223,host-17,5,0,14,5,0,0,0.212156,0,32000,6789,0.212156,131072,6425,0.049019,0,0,5
223,host-18,5,0,14,5,0,0,0.267844,0,32000,8571,0.267844,131072,8644,0.065948,0,0,5
223,host-19,5,0,14,5,0,0,0.230719,0,32000,7383,0.230719,131072,7507,0.057274,0,0,5
223,host-2,5,1,14,5,1,0,0.246531,0,32000,7889,0.246531,131072,6835,0.052147,1,0,4
223,host-20,4,0,14,4,0,0,0.230063,0,32000,7362,0.230063,131072,8388,0.063995,0,0,4
223,host-21,5,1,14,5,1,0,0.233375,0,32000,7468,0.233375,131072,7361,0.056160,1,0,4
223,host-22,4,0,14,4,0,0,0.218062,0,32000,6978,0.218062,131072,7178,0.054764,0,0,4
223,host-23,5,0,14,5,0,0,0.223781,0,32000,7161,0.223781,131072,6337,0.048347,0,0,5
223,host-24,5,0,14,5,0,0,0.259188,0,32000,8294,0.259188,131072,9100,0.069427,0,0,5
223,host-3,7,1,14,7,1,0,0.258094,0,32000,8259,0.258094,131072,7738,0.059036,1,0,6
223,host-4,4,1,14,4,1,0,0.223781,0,32000,7161,0.223781,131072,6563,0.050072,1,0,3
223,host-5,6,1,14,6,1,0,0.253000,0,32000,8096,0.253000,131072,8262,0.063034,0,1,5
223,host-6,4,1,14,4,1,0,0.238969,0,32000,7647,0.238969,131072,7152,0.054565,0,1,3
223,host-7,5,0,14,5,0,0,0.249562,0,32000,7986,0.249562,131072,9079,0.069267,0,0,5
223,host-8,4,1,14,4,1,0,0.219969,0,32000,7039,0.219969,131072,7455,0.056877,0,1,3
223,host-9,5,0,14,5,0,0,0.238313,0,32000,7626,0.238313,131072,7628,0.058197,0,0,5
224,host-1,6,1,14,6,1,0,0.262875,0,32000,8412,0.262875,131072,7506,0.057266,0,1,5
224,host-10,6,0,14,6,0,0,0.247125,0,32000,7908,0.247125,131072,8973,0.068459,0,0,6
224,host-11,5,1,14,5,1,0,0.220562,0,32000,7058,0.220562,131072,6231,0.047539,0,1,4
224,host-12,3,1,14,3,1,0,0.172906,0,32000,5533,0.172906,131072,7044,0.053741,1,0,2
224,host-13,5,0,14,5,0,0,0.263344,0,32000,8427,0.263344,131072,7757,0.059181,0,0,5
224,host-14,5,0,14,5,0,0,0.225500,0,32000,7216,0.225500,131072,7990,0.060959,0,0,5
224,host-15,5,0,14,5,0,0,0.221875,0,32000,7100,0.221875,131072,7184,0.054810,0,0,5
224,host-16,5,1,14,5,1,0,0.287781,0,32000,9209,0.287781,131072,10435,0.079613,1,0,4
224,host-17,6,1,14,6,1,0,0.288125,0,32000,9220,0.288125,131072,9345,0.071297,1,0,5
224,host-18,5,1,14,5,1,0,0.267844,0,32000,8571,0.267844,131072,8644,0.065948,0,1,4
224,host-19,5,0,14,5,0,0,0.230719,0,32000,7383,0.230719,131072,7507,0.057274,0,0,5
224,host-2,5,1,14,5,1,0,0.246531,0,32000,7889,0.246531,131072,6835,0.052147,1,0,4
224,host-20,4,0,14,4,0,0,0.230063,0,32000,7362,0.230063,131072,8388,0.063995,0,0,4
224,host-21,5,0,14,5,0,0,0.233375,0,32000,7468,0.233375,131072,7361,0.056160,0,0,5
224,host-22,4,0,14,4,0,0,0.218062,0,32000,6978,0.218062,131072,7178,0.054764,0,0,4
224,host-23,5,0,14,5,0,0,0.223781,0,32000,7161,0.223781,131072,6337,0.048347,0,0,5
224,host-24,5,0,14,5,0,0,0.259188,0,32000,8294,0.259188,131072,9100,0.069427,0,0,5
224,host-3,7,0,14,7,0,0,0.258094,0,32000,8259,0.258094,131072,7738,0.059036,0,0,7
224,host-4,4,0,14,4,0,0,0.223781,0,32000,7161,0.223781,131072,6563,0.050072,0,0,4
224,host-5,6,0,14,6,0,0,0.253000,0,32000,8096,0.253000,131072,8262,0.063034,0,0,6
224,host-6,4,0,14,4,0,0,0.238969,0,32000,7647,0.238969,131072,7152,0.054565,0,0,4
224,host-7,5,0,14,5,0,0,0.249562,0,32000,7986,0.249562,131072,9079,0.069267,0,0,5
224,host-8,4,0,14,4,0,0,0.219969,0,32000,7039,0.219969,131072,7455,0.056877,0,0,4
224,host-9,5,0,14,5,0,0,0.238313,0,32000,7626,0.238313,131072,7628,0.058197,0,0,5
225,host-1,6,0,14,6,0,0,0.262875,0,32000,8412,0.262875,131072,7506,0.057266,0,0,6
225,host-10,6,0,14,6,0,0,0.247125,0,32000,7908,0.247125,131072,8973,0.068459,0,0,6
225,host-11,5,0,14,5,0,0,0.220562,0,32000,7058,0.220562,131072,6231,0.047539,0,0,5
225,host-12,5,3,14,5,3,0,0.279469,0,32000,8943,0.279469,131072,10688,0.081543,2,1,2
225,host-13,5,0,14,5,0,0,0.263344,0,32000,8427,0.263344,131072,7757,0.059181,0,0,5
225,host-14,5,1,14,5,1,0,0.225500,0,32000,7216,0.225500,131072,7990,0.060959,0,1,4
225,host-15,5,0,14,5,0,0,0.221875,0,32000,7100,0.221875,131072,7184,0.054810,0,0,5
225,host-16,5,0,14,5,0,0,0.287781,0,32000,9209,0.287781,131072,10435,0.079613,0,0,5
225,host-17,6,1,14,6,1,0,0.288125,0,32000,9220,0.288125,131072,9345,0.071297,0,1,5
225,host-18,5,0,14,5,0,0,0.267844,0,32000,8571,0.267844,131072,8644,0.065948,0,0,5
225,host-19,5,0,14,5,0,0,0.230719,0,32000,7383,0.230719,131072,7507,0.057274,0,0,5
225,host-2,5,1,14,5,1,0,0.246531,0,32000,7889,0.246531,131072,6835,0.052147,0,1,4
225,host-20,4,0,14,4,0,0,0.230063,0,32000,7362,0.230063,131072,8388,0.063995,0,0,4
225,host-21,5,0,14,5,0,0,0.233375,0,32000,7468,0.233375,131072,7361,0.056160,0,0,5
225,host-22,5,1,14,5,1,0,0.266094,0,32000,8515,0.266094,131072,8660,0.066071,1,0,4
225,host-23,5,0,14,5,0,0,0.223781,0,32000,7161,0.223781,131072,6337,0.048347,0,0,5
225,host-24,5,0,14,5,0,0,0.259188,0,32000,8294,0.259188,131072,9100,0.069427,0,0,5
225,host-3,7,0,14,7,0,0,0.258094,0,32000,8259,0.258094,131072,7738,0.059036,0,0,7
225,host-4,4,0,14,4,0,0,0.223781,0,32000,7161,0.223781,131072,6563,0.050072,0,0,4
225,host-5,6,0,14,6,0,0,0.253000,0,32000,8096,0.253000,131072,8262,0.063034,0,0,6
225,host-6,4,0,14,4,0,0,0.238969,0,32000,7647,0.238969,131072,7152,0.054565,0,0,4
225,host-7,5,0,14,5,0,0,0.249562,0,32000,7986,0.249562,131072,9079,0.069267,0,0,5
225,host-8,4,0,14,4,0,0,0.219969,0,32000,7039,0.219969,131072,7455,0.056877,0,0,4
225,host-9,5,1,14,5,1,0,0.282156,0,32000,9029,0.282156,131072,8613,0.065712,1,0,4
226,host-1,6,0,14,6,0,0,0.262875,0,32000,8412,0.262875,131072,7506,0.057266,0,0,6
226,host-10,6,0,14,6,0,0,0.247125,0,32000,7908,0.247125,131072,8973,0.068459,0,0,6
226,host-11,6,1,14,6,1,0,0.263875,0,32000,8444,0.263875,131072,7400,0.056458,0,1,5
226,host-12,5,1,14,5,1,0,0.279469,0,32000,8943,0.279469,131072,10688,0.081543,1,0,4
226,host-13,5,0,14,5,0,0,0.263344,0,32000,8427,0.263344,131072,7757,0.059181,0,0,5
226,host-14,5,0,14,5,0,0,0.225500,0,32000,7216,0.225500,131072,7990,0.060959,0,0,5
226,host-15,5,0,14,5,0,0,0.221875,0,32000,7100,0.221875,131072,7184,0.054810,0,0,5
226,host-16,5,0,14,5,0,0,0.287781,0,32000,9209,0.287781,131072,10435,0.079613,0,0,5
226,host-17,6,0,14,6,0,0,0.288125,0,32000,9220,0.288125,131072,9345,0.071297,0,0,6
226,host-18,5,1,14,5,1,0,0.267844,0,32000,8571,0.267844,131072,8644,0.065948,0,1,4
226,host-19,5,0,14,5,0,0,0.230719,0,32000,7383,0.230719,131072,7507,0.057274,0,0,5
226,host-2,5,0,14,5,0,0,0.246531,0,32000,7889,0.246531,131072,6835,0.052147,0,0,5
226,host-20,4,0,14,4,0,0,0.230063,0,32000,7362,0.230063,131072,8388,0.063995,0,0,4
226,host-21,5,0,14,5,0,0,0.233375,0,32000,7468,0.233375,131072,7361,0.056160,0,0,5
226,host-22,5,1,14,5,1,0,0.266094,0,32000,8515,0.266094,131072,8660,0.066071,1,0,4
226,host-23,5,0,14,5,0,0,0.223781,0,32000,7161,0.223781,131072,6337,0.048347,0,0,5
226,host-24,5,0,14,5,0,0,0.259188,0,32000,8294,0.259188,131072,9100,0.069427,0,0,5
226,host-3,7,0,14,7,0,0,0.258094,0,32000,8259,0.258094,131072,7738,0.059036,0,0,7
226,host-4,4,0,14,4,0,0,0.223781,0,32000,7161,0.223781,131072,6563,0.050072,0,0,4
226,host-5,6,1,14,6,1,0,0.253000,0,32000,8096,0.253000,131072,8262,0.063034,0,1,5
226,host-6,4,0,14,4,0,0,0.238969,0,32000,7647,0.238969,131072,7152,0.054565,0,0,4
226,host-7,5,0,14,5,0,0,0.249562,0,32000,7986,0.249562,131072,9079,0.069267,0,0,5
226,host-8,5,1,14,5,1,0,0.282781,0,32000,9049,0.282781,131072,9869,0.075294,1,0,4
226,host-9,5,1,14,5,1,0,0.282156,0,32000,9029,0.282156,131072,8613,0.065712,1,0,4
227,host-1,6,0,14,6,0,0,0.262875,0,32000,8412,0.262875,131072,7506,0.057266,0,0,6
227,host-10,6,0,14,6,0,0,0.247125,0,32000,7908,0.247125,131072,8973,0.068459,0,0,6
227,host-11,6,0,14,6,0,0,0.263875,0,32000,8444,0.263875,131072,7400,0.056458,0,0,6
227,host-12,5,0,14,5,0,0,0.279469,0,32000,8943,0.279469,131072,10688,0.081543,0,0,5
227,host-13,4,0,14,4,0,0,0.220656,0,32000,7061,0.220656,131072,6176,0.047119,0,0,4
227,host-14,5,0,14,5,0,0,0.225500,0,32000,7216,0.225500,131072,7990,0.060959,0,0,5
227,host-15,6,1,14,6,1,0,0.284062,0,32000,9090,0.284062,131072,9061,0.069130,1,0,5
227,host-16,5,0,14,5,0,0,0.287781,0,32000,9209,0.287781,131072,10435,0.079613,0,0,5
227,host-17,5,0,14,5,0,0,0.263750,0,32000,8440,0.263750,131072,8299,0.063316,0,0,5
227,host-18,5,0,14,5,0,0,0.267844,0,32000,8571,0.267844,131072,8644,0.065948,0,0,5
227,host-19,4,0,14,4,0,0,0.188188,0,32000,6022,0.188188,131072,6909,0.052711,0,0,4
227,host-2,4,0,14,4,0,0,0.203187,0,32000,6502,0.203187,131072,5961,0.045479,0,0,4
227,host-20,4,0,14,4,0,0,0.230063,0,32000,7362,0.230063,131072,8388,0.063995,0,0,4
227,host-21,5,0,14,5,0,0,0.233375,0,32000,7468,0.233375,131072,7361,0.056160,0,0,5
227,host-22,5,0,14,5,0,0,0.266094,0,32000,8515,0.266094,131072,8660,0.066071,0,0,5
227,host-23,5,0,14,5,0,0,0.223781,0,32000,7161,0.223781,131072,6337,0.048347,0,0,5
227,host-24,5,0,14,5,0,0,0.259188,0,32000,8294,0.259188,131072,9100,0.069427,0,0,5
227,host-3,7,0,14,7,0,0,0.258094,0,32000,8259,0.258094,131072,7738,0.059036,0,0,7
227,host-4,4,0,14,4,0,0,0.223781,0,32000,7161,0.223781,131072,6563,0.050072,0,0,4
227,host-5,6,0,14,6,0,0,0.253000,0,32000,8096,0.253000,131072,8262,0.063034,0,0,6
227,host-6,4,1,14,4,1,0,0.238969,0,32000,7647,0.238969,131072,7152,0.054565,0,1,3
227,host-7,5,0,14,5,0,0,0.249562,0,32000,7986,0.249562,131072,9079,0.069267,0,0,5
227,host-8,5,2,14,5,2,0,0.282781,0,32000,9049,0.282781,131072,9869,0.075294,0,2,3
227,host-9,5,0,14,5,0,0,0.282156,0,32000,9029,0.282156,131072,8613,0.065712,0,0,5
228,host-1,6,0,14,6,0,0,0.262875,0,32000,8412,0.262875,131072,7506,0.057266,0,0,6
228,host-10,4,0,14,4,0,0,0.177813,0,32000,5690,0.177813,131072,6693,0.051064,0,0,4
228,host-11,6,0,14,6,0,0,0.263875,0,32000,8444,0.263875,131072,7400,0.056458,0,0,6
228,host-12,5,0,14,5,0,0,0.279469,0,32000,8943,0.279469,131072,10688,0.081543,0,0,5
228,host-13,4,0,14,4,0,0,0.220656,0,32000,7061,0.220656,131072,6176,0.047119,0,0,4
228,host-14,5,0,14,5,0,0,0.225500,0,32000,7216,0.225500,131072,7990,0.060959,0,0,5
228,host-15,6,2,14,6,2,0,0.284062,0,32000,9090,0.284062,131072,9061,0.069130,0,2,4
228,host-16,4,0,14,4,0,0,0.228125,0,32000,7300,0.228125,131072,7978,0.060867,0,0,4
228,host-17,4,0,14,4,0,0,0.223750,0,32000,7160,0.223750,131072,7699,0.058739,0,0,4
228,host-18,5,0,14,5,0,0,0.267844,0,32000,8571,0.267844,131072,8644,0.065948,0,0,5
228,host-19,5,1,14,5,1,0,0.231500,0,32000,7408,0.231500,131072,8545,0.065193,1,0,4
228,host-2,4,0,14,4,0,0,0.203187,0,32000,6502,0.203187,131072,5961,0.045479,0,0,4
228,host-20,4,0,14,4,0,0,0.230063,0,32000,7362,0.230063,131072,8388,0.063995,0,0,4
228,host-21,5,0,14,5,0,0,0.233375,0,32000,7468,0.233375,131072,7361,0.056160,0,0,5
228,host-22,4,0,14,4,0,0,0.208000,0,32000,6656,0.208000,131072,6054,0.046188,0,0,4
228,host-23,4,0,14,4,0,0,0.170813,0,32000,5466,0.170813,131072,4205,0.032082,0,0,4
228,host-24,5,1,14,5,1,0,0.259188,0,32000,8294,0.259188,131072,9100,0.069427,0,1,4
228,host-3,7,0,14,7,0,0,0.258094,0,32000,8259,0.258094,131072,7738,0.059036,0,0,7
228,host-4,4,0,14,4,0,0,0.223781,0,32000,7161,0.223781,131072,6563,0.050072,0,0,4
228,host-5,5,0,14,5,0,0,0.223188,0,32000,7142,0.223188,131072,7621,0.058144,0,0,5
228,host-6,3,1,14,3,1,0,0.185844,0,32000,5947,0.185844,131072,5647,0.043083,0,1,2
228,host-7,5,0,14,5,0,0,0.249562,0,32000,7986,0.249562,131072,9079,0.069267,0,0,5
228,host-8,5,0,14,5,0,0,0.282781,0,32000,9049,0.282781,131072,9869,0.075294,0,0,5
228,host-9,4,0,14,4,0,0,0.238156,0,32000,7621,0.238156,131072,6731,0.051353,0,0,4
229,host-1,6,0,14,6,0,0,0.262875,0,32000,8412,0.262875,131072,7506,0.057266,0,0,6
229,host-10,5,1,14,5,1,0,0.210406,0,32000,6733,0.210406,131072,7814,0.059616,1,0,4
229,host-11,6,0,14,6,0,0,0.263875,0,32000,8444,0.263875,131072,7400,0.056458,0,0,6
229,host-12,4,0,14,4,0,0,0.221375,0,32000,7084,0.221375,131072,8082,0.061661,0,0,4
229,host-13,3,0,14,3,0,0,0.162750,0,32000,5208,0.162750,131072,4769,0.036385,0,0,3
229,host-14,4,0,14,4,0,0,0.198250,0,32000,6344,0.198250,131072,7118,0.054306,0,0,4
229,host-15,6,0,14,6,0,0,0.284062,0,32000,9090,0.284062,131072,9061,0.069130,0,0,6
229,host-16,4,0,14,4,0,0,0.228125,0,32000,7300,0.228125,131072,7978,0.060867,0,0,4
229,host-17,4,0,14,4,0,0,0.223750,0,32000,7160,0.223750,131072,7699,0.058739,0,0,4
229,host-18,5,1,14,5,1,0,0.267844,0,32000,8571,0.267844,131072,8644,0.065948,0,1,4
229,host-19,5,0,14,5,0,0,0.231500,0,32000,7408,0.231500,131072,8545,0.065193,0,0,5
229,host-2,4,0,14,4,0,0,0.203187,0,32000,6502,0.203187,131072,5961,0.045479,0,0,4
229,host-20,3,0,14,3,0,0,0.199563,0,32000,6386,0.199563,131072,7127,0.054375,0,0,3
229,host-21,5,0,14,5,0,0,0.233375,0,32000,7468,0.233375,131072,7361,0.056160,0,0,5
229,host-22,4,0,14,4,0,0,0.208000,0,32000,6656,0.208000,131072,6054,0.046188,0,0,4
229,host-23,5,2,14,5,2,0,0.213500,0,32000,6832,0.213500,131072,5786,0.044144,1,1,3
229,host-24,5,0,14,5,0,0,0.259188,0,32000,8294,0.259188,131072,9100,0.069427,0,0,5
229,host-3,7,0,14,7,0,0,0.258094,0,32000,8259,0.258094,131072,7738,0.059036,0,0,7
229,host-4,4,0,14,4,0,0,0.223781,0,32000,7161,0.223781,131072,6563,0.050072,0,0,4
229,host-5,5,0,14,5,0,0,0.223188,0,32000,7142,0.223188,131072,7621,0.058144,0,0,5
229,host-6,3,0,14,3,0,0,0.185844,0,32000,5947,0.185844,131072,5647,0.043083,0,0,3
229,host-7,5,0,14,5,0,0,0.249562,0,32000,7986,0.249562,131072,9079,0.069267,0,0,5
229,host-8,5,0,14,5,0,0,0.282781,0,32000,9049,0.282781,131072,9869,0.075294,0,0,5
229,host-9,4,0,14,4,0,0,0.238156,0,32000,7621,0.238156,131072,6731,0.051353,0,0,4
230,host-1,6,0,14,6,0,0,0.262875,0,32000,8412,0.262875,131072,7506,0.057266,0,0,6
230,host-10,4,0,14,4,0,0,0.180000,0,32000,5760,0.180000,131072,6256,0.047729,0,0,4
230,host-11,6,0,14,6,0,0,0.263875,0,32000,8444,0.263875,131072,7400,0.056458,0,0,6
230,host-12,4,1,14,4,1,0,0.221375,0,32000,7084,0.221375,131072,8082,0.061661,0,1,3
230,host-13,4,1,14,4,1,0,0.215875,0,32000,6908,0.215875,131072,6274,0.047867,1,0,3
230,host-14,5,1,14,5,1,0,0.235313,0,32000,7530,0.235313,131072,8018,0.061172,1,0,4
230,host-15,6,0,14,6,0,0,0.284062,0,32000,9090,0.284062,131072,9061,0.069130,0,0,6
230,host-16,4,0,14,4,0,0,0.228125,0,32000,7300,0.228125,131072,7978,0.060867,0,0,4
230,host-17,4,0,14,4,0,0,0.223750,0,32000,7160,0.223750,131072,7699,0.058739,0,0,4
230,host-18,5,0,14,5,0,0,0.267844,0,32000,8571,0.267844,131072,8644,0.065948,0,0,5
230,host-19,5,0,14,5,0,0,0.231500,0,32000,7408,0.231500,131072,8545,0.065193,0,0,5
230,host-2,4,0,14,4,0,0,0.203187,0,32000,6502,0.203187,131072,5961,0.045479,0,0,4
230,host-20,3,0,14,3,0,0,0.199563,0,32000,6386,0.199563,131072,7127,0.054375,0,0,3
230,host-21,5,0,14,5,0,0,0.233375,0,32000,7468,0.233375,131072,7361,0.056160,0,0,5
230,host-22,4,0,14,4,0,0,0.208000,0,32000,6656,0.208000,131072,6054,0.046188,0,0,4
230,host-23,5,0,14,5,0,0,0.213500,0,32000,6832,0.213500,131072,5786,0.044144,0,0,5
230,host-24,4,0,14,4,0,0,0.223344,0,32000,7147,0.223344,131072,7605,0.058022,0,0,4
230,host-3,7,0,14,7,0,0,0.258094,0,32000,8259,0.258094,131072,7738,0.059036,0,0,7
230,host-4,4,0,14,4,0,0,0.223781,0,32000,7161,0.223781,131072,6563,0.050072,0,0,4
230,host-5,5,0,14,5,0,0,0.223188,0,32000,7142,0.223188,131072,7621,0.058144,0,0,5
230,host-6,4,1,14,4,1,0,0.212719,0,32000,6807,0.212719,131072,6178,0.047134,1,0,3
230,host-7,5,0,14,5,0,0,0.249562,0,32000,7986,0.249562,131072,9079,0.069267,0,0,5
230,host-8,5,0,14,5,0,0,0.282781,0,32000,9049,0.282781,131072,9869,0.075294,0,0,5
230,host-9,4,0,14,4,0,0,0.238156,0,32000,7621,0.238156,131072,6731,0.051353,0,0,4
231,host-1,6,0,14,6,0,0,0.262875,0,32000,8412,0.262875,131072,7506,0.057266,0,0,6
231,host-10,5,1,14,5,1,0,0.230281,0,32000,7369,0.230281,131072,7785,0.059395,1,0,4
231,host-11,6,0,14,6,0,0,0.263875,0,32000,8444,0.263875,131072,7400,0.056458,0,0,6
231,host-12,4,0,14,4,0,0,0.221375,0,32000,7084,0.221375,131072,8082,0.061661,0,0,4
231,host-13,4,1,14,4,1,0,0.215875,0,32000,6908,0.215875,131072,6274,0.047867,0,1,3
231,host-14,5,2,14,5,2,0,0.235313,0,32000,7530,0.235313,131072,8018,0.061172,0,2,3
231,host-15,6,0,14,6,0,0,0.284062,0,32000,9090,0.284062,131072,9061,0.069130,0,0,6
231,host-16,4,0,14,4,0,0,0.228125,0,32000,7300,0.228125,131072,7978,0.060867,0,0,4
231,host-17,4,0,14,4,0,0,0.223750,0,32000,7160,0.223750,131072,7699,0.058739,0,0,4
231,host-18,5,0,14,5,0,0,0.267844,0,32000,8571,0.267844,131072,8644,0.065948,0,0,5
231,host-19,5,2,14,5,2,0,0.246312,0,32000,7882,0.246312,131072,8895,0.067863,1,1,3
231,host-2,4,0,14,4,0,0,0.203187,0,32000,6502,0.203187,131072,5961,0.045479,0,0,4
231,host-20,3,0,14,3,0,0,0.199563,0,32000,6386,0.199563,131072,7127,0.054375,0,0,3
231,host-21,5,0,14,5,0,0,0.233375,0,32000,7468,0.233375,131072,7361,0.056160,0,0,5
231,host-22,4,1,14,4,1,0,0.214375,0,32000,6860,0.214375,131072,7123,0.054344,1,0,3
231,host-23,5,0,14,5,0,0,0.213500,0,32000,6832,0.213500,131072,5786,0.044144,0,0,5
231,host-24,4,0,14,4,0,0,0.223344,0,32000,7147,0.223344,131072,7605,0.058022,0,0,4
231,host-3,6,0,14,6,0,0,0.230313,0,32000,7370,0.230313,131072,7304,0.055725,0,0,6
231,host-4,4,0,14,4,0,0,0.223781,0,32000,7161,0.223781,131072,6563,0.050072,0,0,4
231,host-5,5,1,14,5,1,0,0.223188,0,32000,7142,0.223188,131072,7621,0.058144,0,1,4
231,host-6,4,0,14,4,0,0,0.212719,0,32000,6807,0.212719,131072,6178,0.047134,0,0,4
231,host-7,5,0,14,5,0,0,0.249562,0,32000,7986,0.249562,131072,9079,0.069267,0,0,5
231,host-8,5,0,14,5,0,0,0.282781,0,32000,9049,0.282781,131072,9869,0.075294,0,0,5
231,host-9,4,0,14,4,0,0,0.238156,0,32000,7621,0.238156,131072,6731,0.051353,0,0,4
232,host-1,6,0,14,6,0,0,0.262875,0,32000,8412,0.262875,131072,7506,0.057266,0,0,6
232,host-10,5,1,14,5,1,0,0.230281,0,32000,7369,0.230281,131072,7785,0.059395,0,1,4
232,host-11,6,0,14,6,0,0,0.263875,0,32000,8444,0.263875,131072,7400,0.056458,0,0,6
232,host-12,4,0,14,4,0,0,0.221375,0,32000,7084,0.221375,131072,8082,0.061661,0,0,4
232,host-13,4,0,14,4,0,0,0.215875,0,32000,6908,0.215875,131072,6274,0.047867,0,0,4
232,host-14,5,1,14,5,1,0,0.235313,0,32000,7530,0.235313,131072,8018,0.061172,0,1,4
232,host-15,6,0,14,6,0,0,0.284062,0,32000,9090,0.284062,131072,9061,0.069130,0,0,6
232,host-16,4,0,14,4,0,0,0.228125,0,32000,7300,0.228125,131072,7978,0.060867,0,0,4
232,host-17,4,0,14,4,0,0,0.223750,0,32000,7160,0.223750,131072,7699,0.058739,0,0,4
232,host-18,5,0,14,5,0,0,0.267844,0,32000,8571,0.267844,131072,8644,0.065948,0,0,5
232,host-19,5,1,14,5,1,0,0.246312,0,32000,7882,0.246312,131072,8895,0.067863,1,0,4
232,host-2,5,1,14,5,1,0,0.247188,0,32000,7910,0.247188,131072,7843,0.059837,1,0,4
232,host-20,3,1,14,3,1,0,0.197031,0,32000,6305,0.197031,131072,7142,0.054489,1,0,2
232,host-21,5,0,14,5,0,0,0.233375,0,32000,7468,0.233375,131072,7361,0.056160,0,0,5
232,host-22,4,1,14,4,1,0,0.214375,0,32000,6860,0.214375,131072,7123,0.054344,1,0,3
232,host-23,5,1,14,5,1,0,0.262188,0,32000,8390,0.262188,131072,7867,0.060020,1,0,4
232,host-24,4,0,14,4,0,0,0.223344,0,32000,7147,0.223344,131072,7605,0.058022,0,0,4
232,host-3,6,0,14,6,0,0,0.230313,0,32000,7370,0.230313,131072,7304,0.055725,0,0,6
232,host-4,4,0,14,4,0,0,0.223781,0,32000,7161,0.223781,131072,6563,0.050072,0,0,4
232,host-5,5,1,14,5,1,0,0.223188,0,32000,7142,0.223188,131072,7621,0.058144,0,1,4
232,host-6,5,1,14,5,1,0,0.239969,0,32000,7679,0.239969,131072,7050,0.053787,1,0,4
232,host-7,5,0,14,5,0,0,0.249562,0,32000,7986,0.249562,131072,9079,0.069267,0,0,5
232,host-8,4,0,14,4,0,0,0.258406,0,32000,8269,0.258406,131072,9239,0.070488,0,0,4
232,host-9,4,0,14,4,0,0,0.238156,0,32000,7621,0.238156,131072,6731,0.051353,0,0,4
233,host-1,5,0,14,5,0,0,0.232250,0,32000,7432,0.232250,131072,6383,0.048698,0,0,5
233,host-10,5,0,14,5,0,0,0.230281,0,32000,7369,0.230281,131072,7785,0.059395,0,0,5
233,host-11,6,1,14,6,1,0,0.263875,0,32000,8444,0.263875,131072,7400,0.056458,0,1,5
233,host-12,4,0,14,4,0,0,0.221375,0,32000,7084,0.221375,131072,8082,0.061661,0,0,4
233,host-13,4,0,14,4,0,0,0.215875,0,32000,6908,0.215875,131072,6274,0.047867,0,0,4
233,host-14,5,0,14,5,0,0,0.235313,0,32000,7530,0.235313,131072,8018,0.061172,0,0,5
233,host-15,6,0,14,6,0,0,0.284062,0,32000,9090,0.284062,131072,9061,0.069130,0,0,6
233,host-16,4,1,14,4,1,0,0.228125,0,32000,7300,0.228125,131072,7978,0.060867,0,1,3
233,host-17,4,0,14,4,0,0,0.223750,0,32000,7160,0.223750,131072,7699,0.058739,0,0,4
233,host-18,5,0,14,5,0,0,0.267844,0,32000,8571,0.267844,131072,8644,0.065948,0,0,5
233,host-19,5,1,14,5,1,0,0.246312,0,32000,7882,0.246312,131072,8895,0.067863,0,1,4
233,host-2,5,1,14,5,1,0,0.247188,0,32000,7910,0.247188,131072,7843,0.059837,0,1,4
233,host-20,4,1,14,4,1,0,0.247531,0,32000,7921,0.247531,131072,8709,0.066444,0,1,3
233,host-21,5,0,14,5,0,0,0.233375,0,32000,7468,0.233375,131072,7361,0.056160,0,0,5
233,host-22,5,1,14,5,1,0,0.259156,0,32000,8293,0.259156,131072,8458,0.064529,1,0,4
233,host-23,5,1,14,5,1,0,0.262188,0,32000,8390,0.262188,131072,7867,0.060020,0,1,4
233,host-24,3,0,14,3,0,0,0.156938,0,32000,5022,0.156938,131072,5309,0.040504,0,0,3
233,host-3,4,0,14,4,0,0,0.156219,0,32000,4999,0.156219,131072,5092,0.038849,0,0,4
233,host-4,4,1,14,4,1,0,0.223781,0,32000,7161,0.223781,131072,6563,0.050072,0,1,3
233,host-5,5,0,14,5,0,0,0.223188,0,32000,7142,0.223188,131072,7621,0.058144,0,0,5
233,host-6,5,0,14,5,0,0,0.239969,0,32000,7679,0.239969,131072,7050,0.053787,0,0,5
233,host-7,5,0,14,5,0,0,0.249562,0,32000,7986,0.249562,131072,9079,0.069267,0,0,5
233,host-8,4,0,14,4,0,0,0.258406,0,32000,8269,0.258406,131072,9239,0.070488,0,0,4
233,host-9,4,0,14,4,0,0,0.238156,0,32000,7621,0.238156,131072,6731,0.051353,0,0,4
234,host-1,5,0,14,5,0,0,0.232250,0,32000,7432,0.232250,131072,6383,0.048698,0,0,5
234,host-10,5,0,14,5,0,0,0.230281,0,32000,7369,0.230281,131072,7785,0.059395,0,0,5
234,host-11,6,0,14,6,0,0,0.263875,0,32000,8444,0.263875,131072,7400,0.056458,0,0,6
234,host-12,5,2,14,5,2,0,0.279281,0,32000,8937,0.279281,131072,9489,0.072395,1,1,3
234,host-13,5,1,14,5,1,0,0.273781,0,32000,8761,0.273781,131072,7681,0.058601,1,0,4
234,host-14,5,1,14,5,1,0,0.235313,0,32000,7530,0.235313,131072,8018,0.061172,0,1,4
234,host-15,6,0,14,6,0,0,0.284062,0,32000,9090,0.284062,131072,9061,0.069130,0,0,6
234,host-16,4,0,14,4,0,0,0.228125,0,32000,7300,0.228125,131072,7978,0.060867,0,0,4
234,host-17,4,0,14,4,0,0,0.223750,0,32000,7160,0.223750,131072,7699,0.058739,0,0,4
234,host-18,5,0,14,5,0,0,0.267844,0,32000,8571,0.267844,131072,8644,0.065948,0,0,5
234,host-19,5,0,14,5,0,0,0.246312,0,32000,7882,0.246312,131072,8895,0.067863,0,0,5
234,host-2,5,0,14,5,0,0,0.247188,0,32000,7910,0.247188,131072,7843,0.059837,0,0,5
234,host-20,4,0,14,4,0,0,0.247531,0,32000,7921,0.247531,131072,8709,0.066444,0,0,4
234,host-21,5,0,14,5,0,0,0.233375,0,32000,7468,0.233375,131072,7361,0.056160,0,0,5
234,host-22,5,0,14,5,0,0,0.259156,0,32000,8293,0.259156,131072,8458,0.064529,0,0,5
234,host-23,5,0,14,5,0,0,0.262188,0,32000,8390,0.262188,131072,7867,0.060020,0,0,5
234,host-24,5,2,14,5,2,0,0.243188,0,32000,7782,0.243188,131072,7807,0.059563,2,0,3
234,host-3,5,1,14,5,1,0,0.227000,0,32000,7264,0.227000,131072,7406,0.056503,1,0,4
234,host-4,4,0,14,4,0,0,0.223781,0,32000,7161,0.223781,131072,6563,0.050072,0,0,4
234,host-5,6,1,14,6,1,0,0.266937,0,32000,8542,0.266937,131072,8725,0.066566,1,0,5
234,host-6,5,0,14,5,0,0,0.239969,0,32000,7679,0.239969,131072,7050,0.053787,0,0,5
234,host-7,5,0,14,5,0,0,0.249562,0,32000,7986,0.249562,131072,9079,0.069267,0,0,5
234,host-8,4,0,14,4,0,0,0.258406,0,32000,8269,0.258406,131072,9239,0.070488,0,0,4
234,host-9,4,0,14,4,0,0,0.238156,0,32000,7621,0.238156,131072,6731,0.051353,0,0,4
235,host-1,4,0,14,4,0,0,0.194062,0,32000,6210,0.194062,131072,5668,0.043243,0,0,4
235,host-10,5,0,14,5,0,0,0.230281,0,32000,7369,0.230281,131072,7785,0.059395,0,0,5
235,host-11,6,0,14,6,0,0,0.263875,0,32000,8444,0.263875,131072,7400,0.056458,0,0,6
235,host-12,5,0,14,5,0,0,0.279281,0,32000,8937,0.279281,131072,9489,0.072395,0,0,5
235,host-13,5,1,14,5,1,0,0.273781,0,32000,8761,0.273781,131072,7681,0.058601,0,1,4
235,host-14,5,0,14,5,0,0,0.235313,0,32000,7530,0.235313,131072,8018,0.061172,0,0,5
235,host-15,6,0,14,6,0,0,0.284062,0,32000,9090,0.284062,131072,9061,0.069130,0,0,6
235,host-16,4,0,14,4,0,0,0.228125,0,32000,7300,0.228125,131072,7978,0.060867,0,0,4
235,host-17,5,1,14,5,1,0,0.281656,0,32000,9013,0.281656,131072,9106,0.069473,1,0,4
235,host-18,4,0,14,4,0,0,0.204219,0,32000,6535,0.204219,131072,6345,0.048409,0,0,4
235,host-19,5,0,14,5,0,0,0.246312,0,32000,7882,0.246312,131072,8895,0.067863,0,0,5
235,host-2,5,0,14,5,0,0,0.247188,0,32000,7910,0.247188,131072,7843,0.059837,0,0,5
235,host-20,4,0,14,4,0,0,0.247531,0,32000,7921,0.247531,131072,8709,0.066444,0,0,4
235,host-21,5,0,14,5,0,0,0.233375,0,32000,7468,0.233375,131072,7361,0.056160,0,0,5
235,host-22,5,0,14,5,0,0,0.259156,0,32000,8293,0.259156,131072,8458,0.064529,0,0,5
235,host-23,5,0,14,5,0,0,0.262188,0,32000,8390,0.262188,131072,7867,0.060020,0,0,5
235,host-24,5,0,14,5,0,0,0.243188,0,32000,7782,0.243188,131072,7807,0.059563,0,0,5
235,host-3,4,0,14,4,0,0,0.196313,0,32000,6282,0.196313,131072,7046,0.053757,0,0,4
235,host-4,5,1,14,5,1,0,0.254281,0,32000,8137,0.254281,131072,7824,0.059692,1,0,4
235,host-5,6,0,14,6,0,0,0.266937,0,32000,8542,0.266937,131072,8725,0.066566,0,0,6
235,host-6,5,0,14,5,0,0,0.239969,0,32000,7679,0.239969,131072,7050,0.053787,0,0,5
235,host-7,5,0,14,5,0,0,0.249562,0,32000,7986,0.249562,131072,9079,0.069267,0,0,5
235,host-8,4,0,14,4,0,0,0.258406,0,32000,8269,0.258406,131072,9239,0.070488,0,0,4
235,host-9,4,0,14,4,0,0,0.238156,0,32000,7621,0.238156,131072,6731,0.051353,0,0,4
236,host-1,5,1,14,5,1,0,0.232531,0,32000,7441,0.232531,131072,6970,0.053177,1,0,4
236,host-10,5,0,14,5,0,0,0.230281,0,32000,7369,0.230281,131072,7785,0.059395,0,0,5
236,host-11,6,0,14,6,0,0,0.263875,0,32000,8444,0.263875,131072,7400,0.056458,0,0,6
236,host-12,5,0,14,5,0,0,0.279281,0,32000,8937,0.279281,131072,9489,0.072395,0,0,5
236,host-13,4,0,14,4,0,0,0.243094,0,32000,7779,0.243094,131072,7321,0.055855,0,0,4
236,host-14,5,0,14,5,0,0,0.235313,0,32000,7530,0.235313,131072,8018,0.061172,0,0,5
236,host-15,6,0,14,6,0,0,0.284062,0,32000,9090,0.284062,131072,9061,0.069130,0,0,6
236,host-16,4,0,14,4,0,0,0.228125,0,32000,7300,0.228125,131072,7978,0.060867,0,0,4
236,host-17,5,0,14,5,0,0,0.281656,0,32000,9013,0.281656,131072,9106,0.069473,0,0,5
236,host-18,3,0,14,3,0,0,0.166594,0,32000,5331,0.166594,131072,4950,0.037766,0,0,3
236,host-19,5,0,14,5,0,0,0.246312,0,32000,7882,0.246312,131072,8895,0.067863,0,0,5
236,host-2,5,0,14,5,0,0,0.247188,0,32000,7910,0.247188,131072,7843,0.059837,0,0,5
236,host-20,4,0,14,4,0,0,0.247531,0,32000,7921,0.247531,131072,8709,0.066444,0,0,4
236,host-21,5,0,14,5,0,0,0.233375,0,32000,7468,0.233375,131072,7361,0.056160,0,0,5
236,host-22,5,0,14,5,0,0,0.259156,0,32000,8293,0.259156,131072,8458,0.064529,0,0,5
236,host-23,5,0,14,5,0,0,0.262188,0,32000,8390,0.262188,131072,7867,0.060020,0,0,5
236,host-24,5,0,14,5,0,0,0.243188,0,32000,7782,0.243188,131072,7807,0.059563,0,0,5
236,host-3,4,0,14,4,0,0,0.196313,0,32000,6282,0.196313,131072,7046,0.053757,0,0,4
236,host-4,5,1,14,5,1,0,0.254281,0,32000,8137,0.254281,131072,7824,0.059692,0,1,4
236,host-5,6,1,14,6,1,0,0.266937,0,32000,8542,0.266937,131072,8725,0.066566,0,1,5
236,host-6,5,0,14,5,0,0,0.239969,0,32000,7679,0.239969,131072,7050,0.053787,0,0,5
236,host-7,5,0,14,5,0,0,0.249562,0,32000,7986,0.249562,131072,9079,0.069267,0,0,5
236,host-8,4,1,14,4,1,0,0.258406,0,32000,8269,0.258406,131072,9239,0.070488,0,1,3
236,host-9,4,0,14,4,0,0,0.238156,0,32000,7621,0.238156,131072,6731,0.051353,0,0,4
237,host-1,5,1,14,5,1,0,0.232531,0,32000,7441,0.232531,131072,6970,0.053177,0,1,4
237,host-10,5,0,14,5,0,0,0.230281,0,32000,7369,0.230281,131072,7785,0.059395,0,0,5
237,host-11,6,0,14,6,0,0,0.263875,0,32000,8444,0.263875,131072,7400,0.056458,0,0,6
237,host-12,5,0,14,5,0,0,0.279281,0,32000,8937,0.279281,131072,9489,0.072395,0,0,5
237,host-13,4,1,14,4,1,0,0.243094,0,32000,7779,0.243094,131072,7321,0.055855,0,1,3
237,host-14,5,0,14,5,0,0,0.235313,0,32000,7530,0.235313,131072,8018,0.061172,0,0,5
237,host-15,6,0,14,6,0,0,0.284062,0,32000,9090,0.284062,131072,9061,0.069130,0,0,6
237,host-16,4,1,14,4,1,0,0.191000,0,32000,6112,0.191000,131072,6647,0.050713,1,0,3
237,host-17,5,0,14,5,0,0,0.281656,0,32000,9013,0.281656,131072,9106,0.069473,0,0,5
237,host-18,3,0,14,3,0,0,0.166594,0,32000,5331,0.166594,131072,4950,0.037766,0,0,3
237,host-19,5,0,14,5,0,0,0.246312,0,32000,7882,0.246312,131072,8895,0.067863,0,0,5
237,host-2,5,0,14,5,0,0,0.247188,0,32000,7910,0.247188,131072,7843,0.059837,0,0,5
237,host-20,4,0,14,4,0,0,0.247531,0,32000,7921,0.247531,131072,8709,0.066444,0,0,4
237,host-21,5,0,14,5,0,0,0.233375,0,32000,7468,0.233375,131072,7361,0.056160,0,0,5
237,host-22,5,0,14,5,0,0,0.259156,0,32000,8293,0.259156,131072,8458,0.064529,0,0,5
237,host-23,5,0,14,5,0,0,0.262188,0,32000,8390,0.262188,131072,7867,0.060020,0,0,5
237,host-24,5,0,14,5,0,0,0.243188,0,32000,7782,0.243188,131072,7807,0.059563,0,0,5
237,host-3,4,0,14,4,0,0,0.196313,0,32000,6282,0.196313,131072,7046,0.053757,0,0,4
237,host-4,5,0,14,5,0,0,0.254281,0,32000,8137,0.254281,131072,7824,0.059692,0,0,5
237,host-5,6,0,14,6,0,0,0.266937,0,32000,8542,0.266937,131072,8725,0.066566,0,0,6
237,host-6,5,0,14,5,0,0,0.239969,0,32000,7679,0.239969,131072,7050,0.053787,0,0,5
237,host-7,5,1,14,5,1,0,0.249562,0,32000,7986,0.249562,131072,9079,0.069267,0,1,4
237,host-8,4,0,14,4,0,0,0.258406,0,32000,8269,0.258406,131072,9239,0.070488,0,0,4
237,host-9,4,0,14,4,0,0,0.238156,0,32000,7621,0.238156,131072,6731,0.051353,0,0,4
238,host-1,5,0,14,5,0,0,0.232531,0,32000,7441,0.232531,131072,6970,0.053177,0,0,5
238,host-10,5,0,14,5,0,0,0.230281,0,32000,7369,0.230281,131072,7785,0.059395,0,0,5
238,host-11,5,0,14,5,0,0,0.190938,0,32000,6110,0.190938,131072,5214,0.039780,0,0,5
238,host-12,5,0,14,5,0,0,0.279281,0,32000,8937,0.279281,131072,9489,0.072395,0,0,5
238,host-13,4,1,14,4,1,0,0.243094,0,32000,7779,0.243094,131072,7321,0.055855,0,1,3
238,host-14,5,1,14,5,1,0,0.235313,0,32000,7530,0.235313,131072,8018,0.061172,0,1,4
238,host-15,5,0,14,5,0,0,0.250156,0,32000,8005,0.250156,131072,8191,0.062492,0,0,5
238,host-16,4,0,14,4,0,0,0.191000,0,32000,6112,0.191000,131072,6647,0.050713,0,0,4
238,host-17,5,0,14,5,0,0,0.281656,0,32000,9013,0.281656,131072,9106,0.069473,0,0,5
238,host-18,4,0,14,4,0,0,0.196750,0,32000,6296,0.196750,131072,6255,0.047722,0,0,4
238,host-19,5,0,14,5,0,0,0.246312,0,32000,7882,0.246312,131072,8895,0.067863,0,0,5
238,host-2,5,0,14,5,0,0,0.247188,0,32000,7910,0.247188,131072,7843,0.059837,0,0,5
238,host-20,4,0,14,4,0,0,0.247531,0,32000,7921,0.247531,131072,8709,0.066444,0,0,4
238,host-21,5,0,14,5,0,0,0.233375,0,32000,7468,0.233375,131072,7361,0.056160,0,0,5
238,host-22,5,0,14,5,0,0,0.259156,0,32000,8293,0.259156,131072,8458,0.064529,0,0,5
238,host-23,5,0,14,5,0,0,0.262188,0,32000,8390,0.262188,131072,7867,0.060020,0,0,5
238,host-24,5,0,14,5,0,0,0.243188,0,32000,7782,0.243188,131072,7807,0.059563,0,0,5
238,host-3,4,0,14,4,0,0,0.196313,0,32000,6282,0.196313,131072,7046,0.053757,0,0,4
238,host-4,5,0,14,5,0,0,0.254281,0,32000,8137,0.254281,131072,7824,0.059692,0,0,5
238,host-5,6,0,14,6,0,0,0.266937,0,32000,8542,0.266937,131072,8725,0.066566,0,0,6
238,host-6,5,0,14,5,0,0,0.239969,0,32000,7679,0.239969,131072,7050,0.053787,0,0,5
238,host-7,5,0,14,5,0,0,0.249562,0,32000,7986,0.249562,131072,9079,0.069267,0,0,5
238,host-8,4,0,14,4,0,0,0.258406,0,32000,8269,0.258406,131072,9239,0.070488,0,0,4
238,host-9,4,0,14,4,0,0,0.238156,0,32000,7621,0.238156,131072,6731,0.051353,0,0,4
239,host-1,5,0,14,5,0,0,0.232531,0,32000,7441,0.232531,131072,6970,0.053177,0,0,5
239,host-10,5,0,14,5,0,0,0.230281,0,32000,7369,0.230281,131072,7785,0.059395,0,0,5
239,host-11,5,0,14,5,0,0,0.190938,0,32000,6110,0.190938,131072,5214,0.039780,0,0,5
239,host-12,5,0,14,5,0,0,0.279281,0,32000,8937,0.279281,131072,9489,0.072395,0,0,5
239,host-13,4,0,14,4,0,0,0.243094,0,32000,7779,0.243094,131072,7321,0.055855,0,0,4
239,host-14,4,0,14,4,0,0,0.173844,0,32000,5563,0.173844,131072,5517,0.042091,0,0,4
239,host-15,5,0,14,5,0,0,0.250156,0,32000,8005,0.250156,131072,8191,0.062492,0,0,5
239,host-16,4,0,14,4,0,0,0.191000,0,32000,6112,0.191000,131072,6647,0.050713,0,0,4
239,host-17,4,0,14,4,0,0,0.233281,0,32000,7465,0.233281,131072,8063,0.061516,0,0,4
239,host-18,4,0,14,4,0,0,0.196750,0,32000,6296,0.196750,131072,6255,0.047722,0,0,4
239,host-19,5,0,14,5,0,0,0.246312,0,32000,7882,0.246312,131072,8895,0.067863,0,0,5
239,host-2,5,1,14,5,1,0,0.247188,0,32000,7910,0.247188,131072,7843,0.059837,0,1,4
239,host-20,4,0,14,4,0,0,0.247531,0,32000,7921,0.247531,131072,8709,0.066444,0,0,4
239,host-21,5,0,14,5,0,0,0.233375,0,32000,7468,0.233375,131072,7361,0.056160,0,0,5
239,host-22,4,0,14,4,0,0,0.198687,0,32000,6358,0.198687,131072,6044,0.046112,0,0,4
239,host-23,4,0,14,4,0,0,0.217000,0,32000,6944,0.217000,131072,6423,0.049004,0,0,4
239,host-24,5,0,14,5,0,0,0.243188,0,32000,7782,0.243188,131072,7807,0.059563,0,0,5
239,host-3,4,1,14,4,1,0,0.196313,0,32000,6282,0.196313,131072,7046,0.053757,0,1,3
239,host-4,5,0,14,5,0,0,0.254281,0,32000,8137,0.254281,131072,7824,0.059692,0,0,5
239,host-5,6,0,14,6,0,0,0.266937,0,32000,8542,0.266937,131072,8725,0.066566,0,0,6
239,host-6,5,1,14,5,1,0,0.239969,0,32000,7679,0.239969,131072,7050,0.053787,0,1,4
239,host-7,4,0,14,4,0,0,0.205063,0,32000,6562,0.205063,131072,7931,0.060509,0,0,4
239,host-8,4,0,14,4,0,0,0.258406,0,32000,8269,0.258406,131072,9239,0.070488,0,0,4
239,host-9,4,0,14,4,0,0,0.238156,0,32000,7621,0.238156,131072,6731,0.051353,0,0,4
240,host-1,5,0,14,5,0,0,0.232531,0,32000,7441,0.232531,131072,6970,0.053177,0,0,5
240,host-10,5,0,14,5,0,0,0.230281,0,32000,7369,0.230281,131072,7785,0.059395,0,0,5
240,host-11,5,0,14,5,0,0,0.190938,0,32000,6110,0.190938,131072,5214,0.039780,0,0,5
240,host-12,5,0,14,5,0,0,0.279281,0,32000,8937,0.279281,131072,9489,0.072395,0,0,5
240,host-13,4,1,14,4,1,0,0.243094,0,32000,7779,0.243094,131072,7321,0.055855,0,1,3
240,host-14,4,0,14,4,0,0,0.173844,0,32000,5563,0.173844,131072,5517,0.042091,0,0,4
240,host-15,4,0,14,4,0,0,0.208844,0,32000,6683,0.208844,131072,6808,0.051941,0,0,4
240,host-16,4,0,14,4,0,0,0.191000,0,32000,6112,0.191000,131072,6647,0.050713,0,0,4
240,host-17,4,0,14,4,0,0,0.233281,0,32000,7465,0.233281,131072,8063,0.061516,0,0,4
240,host-18,4,0,14,4,0,0,0.196750,0,32000,6296,0.196750,131072,6255,0.047722,0,0,4
240,host-19,5,0,14,5,0,0,0.246312,0,32000,7882,0.246312,131072,8895,0.067863,0,0,5
240,host-2,5,0,14,5,0,0,0.247188,0,32000,7910,0.247188,131072,7843,0.059837,0,0,5
240,host-20,4,0,14,4,0,0,0.247531,0,32000,7921,0.247531,131072,8709,0.066444,0,0,4
240,host-21,4,1,14,4,1,0,0.195687,0,32000,6262,0.195687,131072,6534,0.049850,0,1,3
240,host-22,4,0,14,4,0,0,0.198687,0,32000,6358,0.198687,131072,6044,0.046112,0,0,4
240,host-23,4,0,14,4,0,0,0.217000,0,32000,6944,0.217000,131072,6423,0.049004,0,0,4
240,host-24,5,0,14,5,0,0,0.243188,0,32000,7782,0.243188,131072,7807,0.059563,0,0,5
240,host-3,4,0,14,4,0,0,0.196313,0,32000,6282,0.196313,131072,7046,0.053757,0,0,4
240,host-4,5,0,14,5,0,0,0.254281,0,32000,8137,0.254281,131072,7824,0.059692,0,0,5
240,host-5,5,0,14,5,0,0,0.228906,0,32000,7325,0.228906,131072,8084,0.061676,0,0,5
240,host-6,5,0,14,5,0,0,0.239969,0,32000,7679,0.239969,131072,7050,0.053787,0,0,5
240,host-7,4,0,14,4,0,0,0.205063,0,32000,6562,0.205063,131072,7931,0.060509,0,0,4
240,host-8,4,0,14,4,0,0,0.258406,0,32000,8269,0.258406,131072,9239,0.070488,0,0,4
240,host-9,4,0,14,4,0,0,0.238156,0,32000,7621,0.238156,131072,6731,0.051353,0,0,4
241,host-1,4,0,14,4,0,0,0.194500,0,32000,6224,0.194500,131072,6329,0.048286,0,0,4
241,host-10,5,0,14,5,0,0,0.230281,0,32000,7369,0.230281,131072,7785,0.059395,0,0,5
241,host-11,5,0,14,5,0,0,0.190938,0,32000,6110,0.190938,131072,5214,0.039780,0,0,5
241,host-12,5,0,14,5,0,0,0.279281,0,32000,8937,0.279281,131072,9489,0.072395,0,0,5
241,host-13,4,0,14,4,0,0,0.243094,0,32000,7779,0.243094,131072,7321,0.055855,0,0,4
241,host-14,5,1,14,5,1,0,0.215219,0,32000,6887,0.215219,131072,6631,0.050591,1,0,4
241,host-15,4,0,14,4,0,0,0.208844,0,32000,6683,0.208844,131072,6808,0.051941,0,0,4
241,host-16,4,0,14,4,0,0,0.191000,0,32000,6112,0.191000,131072,6647,0.050713,0,0,4
241,host-17,3,0,14,3,0,0,0.178344,0,32000,5707,0.178344,131072,6245,0.047646,0,0,3
241,host-18,4,0,14,4,0,0,0.196750,0,32000,6296,0.196750,131072,6255,0.047722,0,0,4
241,host-19,5,0,14,5,0,0,0.246312,0,32000,7882,0.246312,131072,8895,0.067863,0,0,5
241,host-2,5,0,14,5,0,0,0.247188,0,32000,7910,0.247188,131072,7843,0.059837,0,0,5
241,host-20,4,0,14,4,0,0,0.247531,0,32000,7921,0.247531,131072,8709,0.066444,0,0,4
241,host-21,4,0,14,4,0,0,0.195687,0,32000,6262,0.195687,131072,6534,0.049850,0,0,4
241,host-22,4,0,14,4,0,0,0.198687,0,32000,6358,0.198687,131072,6044,0.046112,0,0,4
241,host-23,4,0,14,4,0,0,0.217000,0,32000,6944,0.217000,131072,6423,0.049004,0,0,4
241,host-24,5,0,14,5,0,0,0.243188,0,32000,7782,0.243188,131072,7807,0.059563,0,0,5
241,host-3,3,0,14,3,0,0,0.158625,0,32000,5076,0.158625,131072,5540,0.042267,0,0,3
241,host-4,5,0,14,5,0,0,0.254281,0,32000,8137,0.254281,131072,7824,0.059692,0,0,5
241,host-5,5,1,14,5,1,0,0.228906,0,32000,7325,0.228906,131072,8084,0.061676,0,1,4
241,host-6,5,0,14,5,0,0,0.239969,0,32000,7679,0.239969,131072,7050,0.053787,0,0,5
241,host-7,4,0,14,4,0,0,0.205063,0,32000,6562,0.205063,131072,7931,0.060509,0,0,4
241,host-8,3,0,14,3,0,0,0.200594,0,32000,6419,0.200594,131072,7366,0.056198,0,0,3
241,host-9,4,1,14,4,1,0,0.238156,0,32000,7621,0.238156,131072,6731,0.051353,0,1,3
242,host-1,4,0,14,4,0,0,0.194500,0,32000,6224,0.194500,131072,6329,0.048286,0,0,4
242,host-10,5,0,14,5,0,0,0.230281,0,32000,7369,0.230281,131072,7785,0.059395,0,0,5
242,host-11,5,1,14,5,1,0,0.190938,0,32000,6110,0.190938,131072,5214,0.039780,0,1,4
242,host-12,5,0,14,5,0,0,0.279281,0,32000,8937,0.279281,131072,9489,0.072395,0,0,5
242,host-13,4,0,14,4,0,0,0.243094,0,32000,7779,0.243094,131072,7321,0.055855,0,0,4
242,host-14,4,1,14,4,1,0,0.160281,0,32000,5129,0.160281,131072,4813,0.036720,1,0,3
242,host-15,3,0,14,3,0,0,0.164656,0,32000,5269,0.164656,131072,5237,0.039955,0,0,3
242,host-16,4,0,14,4,0,0,0.191000,0,32000,6112,0.191000,131072,6647,0.050713,0,0,4
242,host-17,3,0,14,3,0,0,0.178344,0,32000,5707,0.178344,131072,6245,0.047646,0,0,3
242,host-18,4,0,14,4,0,0,0.196750,0,32000,6296,0.196750,131072,6255,0.047722,0,0,4
242,host-19,5,0,14,5,0,0,0.246312,0,32000,7882,0.246312,131072,8895,0.067863,0,0,5
242,host-2,4,0,14,4,0,0,0.213844,0,32000,6843,0.213844,131072,6827,0.052086,0,0,4
242,host-20,3,0,14,3,0,0,0.173750,0,32000,5560,0.173750,131072,6103,0.046562,0,0,3
242,host-21,4,0,14,4,0,0,0.195687,0,32000,6262,0.195687,131072,6534,0.049850,0,0,4
242,host-22,4,0,14,4,0,0,0.198687,0,32000,6358,0.198687,131072,6044,0.046112,0,0,4
242,host-23,3,0,14,3,0,0,0.173719,0,32000,5559,0.173719,131072,5345,0.040779,0,0,3
242,host-24,5,0,14,5,0,0,0.243188,0,32000,7782,0.243188,131072,7807,0.059563,0,0,5
242,host-3,4,1,14,4,1,0,0.195531,0,32000,6257,0.195531,131072,6253,0.047707,1,0,3
242,host-4,4,0,14,4,0,0,0.184062,0,32000,5890,0.184062,131072,5915,0.045128,0,0,4
242,host-5,5,0,14,5,0,0,0.228906,0,32000,7325,0.228906,131072,8084,0.061676,0,0,5
242,host-6,4,0,14,4,0,0,0.163188,0,32000,5222,0.163188,131072,4264,0.032532,0,0,4
242,host-7,4,0,14,4,0,0,0.205063,0,32000,6562,0.205063,131072,7931,0.060509,0,0,4
242,host-8,3,0,14,3,0,0,0.200594,0,32000,6419,0.200594,131072,7366,0.056198,0,0,3
242,host-9,4,0,14,4,0,0,0.238156,0,32000,7621,0.238156,131072,6731,0.051353,0,0,4
243,host-1,4,0,14,4,0,0,0.194500,0,32000,6224,0.194500,131072,6329,0.048286,0,0,4
243,host-10,5,0,14,5,0,0,0.230281,0,32000,7369,0.230281,131072,7785,0.059395,0,0,5
243,host-11,5,1,14,5,1,0,0.197031,0,32000,6305,0.197031,131072,5919,0.045158,1,0,4
243,host-12,5,0,14,5,0,0,0.279281,0,32000,8937,0.279281,131072,9489,0.072395,0,0,5
243,host-13,4,0,14,4,0,0,0.243094,0,32000,7779,0.243094,131072,7321,0.055855,0,0,4
243,host-14,5,1,14,5,1,0,0.191812,0,32000,6138,0.191812,131072,6140,0.046844,0,1,4
243,host-15,4,1,14,4,1,0,0.209156,0,32000,6693,0.209156,131072,6385,0.048714,1,0,3
243,host-16,4,0,14,4,0,0,0.191000,0,32000,6112,0.191000,131072,6647,0.050713,0,0,4
243,host-17,3,0,14,3,0,0,0.178344,0,32000,5707,0.178344,131072,6245,0.047646,0,0,3
243,host-18,4,0,14,4,0,0,0.196750,0,32000,6296,0.196750,131072,6255,0.047722,0,0,4
243,host-19,5,0,14,5,0,0,0.246312,0,32000,7882,0.246312,131072,8895,0.067863,0,0,5
243,host-2,4,0,14,4,0,0,0.213844,0,32000,6843,0.213844,131072,6827,0.052086,0,0,4
243,host-20,4,1,14,4,1,0,0.218938,0,32000,7006,0.218938,131072,7547,0.057579,1,0,3
243,host-21,4,0,14,4,0,0,0.195687,0,32000,6262,0.195687,131072,6534,0.049850,0,0,4
243,host-22,4,0,14,4,0,0,0.198687,0,32000,6358,0.198687,131072,6044,0.046112,0,0,4
243,host-23,4,1,14,4,1,0,0.222094,0,32000,7107,0.222094,131072,6388,0.048737,1,0,3
243,host-24,5,0,14,5,0,0,0.243188,0,32000,7782,0.243188,131072,7807,0.059563,0,0,5
243,host-3,4,0,14,4,0,0,0.195531,0,32000,6257,0.195531,131072,6253,0.047707,0,0,4
243,host-4,4,0,14,4,0,0,0.184062,0,32000,5890,0.184062,131072,5915,0.045128,0,0,4
243,host-5,5,0,14,5,0,0,0.228906,0,32000,7325,0.228906,131072,8084,0.061676,0,0,5
243,host-6,5,2,14,5,2,0,0.207469,0,32000,6639,0.207469,131072,5584,0.042603,1,1,3
243,host-7,4,0,14,4,0,0,0.205063,0,32000,6562,0.205063,131072,7931,0.060509,0,0,4
243,host-8,3,0,14,3,0,0,0.200594,0,32000,6419,0.200594,131072,7366,0.056198,0,0,3
243,host-9,4,1,14,4,1,0,0.238156,0,32000,7621,0.238156,131072,6731,0.051353,0,1,3
244,host-1,4,0,14,4,0,0,0.194500,0,32000,6224,0.194500,131072,6329,0.048286,0,0,4
244,host-10,5,0,14,5,0,0,0.230281,0,32000,7369,0.230281,131072,7785,0.059395,0,0,5
244,host-11,5,1,14,5,1,0,0.197031,0,32000,6305,0.197031,131072,5919,0.045158,1,0,4
244,host-12,5,0,14,5,0,0,0.279281,0,32000,8937,0.279281,131072,9489,0.072395,0,0,5
244,host-13,4,0,14,4,0,0,0.243094,0,32000,7779,0.243094,131072,7321,0.055855,0,0,4
244,host-14,5,0,14,5,0,0,0.191812,0,32000,6138,0.191812,131072,6140,0.046844,0,0,5
244,host-15,4,0,14,4,0,0,0.209156,0,32000,6693,0.209156,131072,6385,0.048714,0,0,4
244,host-16,4,1,14,4,1,0,0.197063,0,32000,6306,0.197063,131072,7168,0.054688,1,0,3
244,host-17,4,1,14,4,1,0,0.215969,0,32000,6911,0.215969,131072,7640,0.058289,1,0,3
244,host-18,4,0,14,4,0,0,0.196750,0,32000,6296,0.196750,131072,6255,0.047722,0,0,4
244,host-19,4,0,14,4,0,0,0.192469,0,32000,6159,0.192469,131072,6946,0.052994,0,0,4
244,host-2,4,0,14,4,0,0,0.213844,0,32000,6843,0.213844,131072,6827,0.052086,0,0,4
244,host-20,3,0,14,3,0,0,0.159562,0,32000,5106,0.159562,131072,5322,0.040604,0,0,3
244,host-21,4,0,14,4,0,0,0.195687,0,32000,6262,0.195687,131072,6534,0.049850,0,0,4
244,host-22,4,0,14,4,0,0,0.198687,0,32000,6358,0.198687,131072,6044,0.046112,0,0,4
244,host-23,4,1,14,4,1,0,0.222094,0,32000,7107,0.222094,131072,6388,0.048737,1,0,3
244,host-24,5,0,14,5,0,0,0.243188,0,32000,7782,0.243188,131072,7807,0.059563,0,0,5
244,host-3,4,0,14,4,0,0,0.195531,0,32000,6257,0.195531,131072,6253,0.047707,0,0,4
244,host-4,5,1,14,5,1,0,0.232437,0,32000,7438,0.232437,131072,6958,0.053085,1,0,4
244,host-5,4,0,14,4,0,0,0.175813,0,32000,5626,0.175813,131072,5692,0.043427,0,0,4
244,host-6,5,0,14,5,0,0,0.207469,0,32000,6639,0.207469,131072,5584,0.042603,0,0,5
244,host-7,4,0,14,4,0,0,0.205063,0,32000,6562,0.205063,131072,7931,0.060509,0,0,4
244,host-8,3,0,14,3,0,0,0.200594,0,32000,6419,0.200594,131072,7366,0.056198,0,0,3
244,host-9,4,0,14,4,0,0,0.238156,0,32000,7621,0.238156,131072,6731,0.051353,0,0,4
245,host-1,3,0,14,3,0,0,0.136594,0,32000,4371,0.136594,131072,4931,0.037621,0,0,3
245,host-10,5,0,14,5,0,0,0.230281,0,32000,7369,0.230281,131072,7785,0.059395,0,0,5
245,host-11,5,0,14,5,0,0,0.197031,0,32000,6305,0.197031,131072,5919,0.045158,0,0,5
245,host-12,5,0,14,5,0,0,0.279281,0,32000,8937,0.279281,131072,9489,0.072395,0,0,5
245,host-13,4,0,14,4,0,0,0.243094,0,32000,7779,0.243094,131072,7321,0.055855,0,0,4
245,host-14,5,0,14,5,0,0,0.191812,0,32000,6138,0.191812,131072,6140,0.046844,0,0,5
245,host-15,4,0,14,4,0,0,0.209156,0,32000,6693,0.209156,131072,6385,0.048714,0,0,4
245,host-16,4,1,14,4,1,0,0.197063,0,32000,6306,0.197063,131072,7168,0.054688,1,0,3
245,host-17,4,1,14,4,1,0,0.215969,0,32000,6911,0.215969,131072,7640,0.058289,0,1,3
245,host-18,4,0,14,4,0,0,0.196750,0,32000,6296,0.196750,131072,6255,0.047722,0,0,4
245,host-19,4,0,14,4,0,0,0.192469,0,32000,6159,0.192469,131072,6946,0.052994,0,0,4
245,host-2,4,0,14,4,0,0,0.213844,0,32000,6843,0.213844,131072,6827,0.052086,0,0,4
245,host-20,4,1,14,4,1,0,0.197250,0,32000,6312,0.197250,131072,6828,0.052094,1,0,3
245,host-21,4,0,14,4,0,0,0.195687,0,32000,6262,0.195687,131072,6534,0.049850,0,0,4
245,host-22,4,0,14,4,0,0,0.198687,0,32000,6358,0.198687,131072,6044,0.046112,0,0,4
245,host-23,4,0,14,4,0,0,0.222094,0,32000,7107,0.222094,131072,6388,0.048737,0,0,4
245,host-24,5,0,14,5,0,0,0.243188,0,32000,7782,0.243188,131072,7807,0.059563,0,0,5
245,host-3,4,0,14,4,0,0,0.195531,0,32000,6257,0.195531,131072,6253,0.047707,0,0,4
245,host-4,5,1,14,5,1,0,0.232437,0,32000,7438,0.232437,131072,6958,0.053085,1,0,4
245,host-5,4,0,14,4,0,0,0.175813,0,32000,5626,0.175813,131072,5692,0.043427,0,0,4
245,host-6,5,1,14,5,1,0,0.207469,0,32000,6639,0.207469,131072,5584,0.042603,0,1,4
245,host-7,4,0,14,4,0,0,0.205063,0,32000,6562,0.205063,131072,7931,0.060509,0,0,4
245,host-8,3,0,14,3,0,0,0.200594,0,32000,6419,0.200594,131072,7366,0.056198,0,0,3
245,host-9,4,0,14,4,0,0,0.238156,0,32000,7621,0.238156,131072,6731,0.051353,0,0,4
246,host-1,5,2,14,5,2,0,0.240375,0,32000,7692,0.240375,131072,8366,0.063828,2,0,3
246,host-10,5,0,14,5,0,0,0.230281,0,32000,7369,0.230281,131072,7785,0.059395,0,0,5
246,host-11,6,1,14,6,1,0,0.234375,0,32000,7500,0.234375,131072,7162,0.054642,1,0,5
246,host-12,4,1,14,4,1,0,0.242594,0,32000,7763,0.242594,131072,8724,0.066559,1,0,3
246,host-13,4,0,14,4,0,0,0.243094,0,32000,7779,0.243094,131072,7321,0.055855,0,0,4
246,host-14,6,1,14,6,1,0,0.229000,0,32000,7328,0.229000,131072,6511,0.049675,1,0,5
246,host-15,4,0,14,4,0,0,0.209156,0,32000,6693,0.209156,131072,6385,0.048714,0,0,4
246,host-16,5,1,14,5,1,0,0.224781,0,32000,7193,0.224781,131072,8499,0.064842,1,0,4
246,host-17,5,2,14,5,2,0,0.226781,0,32000,7257,0.226781,131072,5992,0.045715,2,0,3
246,host-18,5,1,14,5,1,0,0.245750,0,32000,7864,0.245750,131072,8132,0.062042,1,0,4
246,host-19,5,1,14,5,1,0,0.225281,0,32000,7209,0.225281,131072,7766,0.059250,1,0,4
246,host-2,4,0,14,4,0,0,0.213844,0,32000,6843,0.213844,131072,6827,0.052086,0,0,4
246,host-20,5,1,14,5,1,0,0.265250,0,32000,8488,0.265250,131072,9707,0.074059,1,0,4
246,host-21,5,1,14,5,1,0,0.237094,0,32000,7587,0.237094,131072,7565,0.057716,1,0,4
246,host-22,5,1,14,5,1,0,0.233563,0,32000,7474,0.233563,131072,7807,0.059563,1,0,4
246,host-23,4,0,14,4,0,0,0.222094,0,32000,7107,0.222094,131072,6388,0.048737,0,0,4
246,host-24,5,0,14,5,0,0,0.243188,0,32000,7782,0.243188,131072,7807,0.059563,0,0,5
246,host-3,5,1,14,5,1,0,0.254969,0,32000,8159,0.254969,131072,8792,0.067078,1,0,4
246,host-4,5,1,14,5,1,0,0.232437,0,32000,7438,0.232437,131072,6958,0.053085,0,1,4
246,host-5,5,1,14,5,1,0,0.246031,0,32000,7873,0.246031,131072,7601,0.057991,1,0,4
246,host-6,5,0,14,5,0,0,0.207469,0,32000,6639,0.207469,131072,5584,0.042603,0,0,5
246,host-7,4,0,14,4,0,0,0.205063,0,32000,6562,0.205063,131072,7931,0.060509,0,0,4
246,host-8,3,0,14,3,0,0,0.200594,0,32000,6419,0.200594,131072,7366,0.056198,0,0,3
246,host-9,4,0,14,4,0,0,0.238156,0,32000,7621,0.238156,131072,6731,0.051353,0,0,4
247,host-1,5,2,14,5,2,0,0.240375,0,32000,7692,0.240375,131072,8366,0.063828,0,2,3
247,host-10,5,0,14,5,0,0,0.230281,0,32000,7369,0.230281,131072,7785,0.059395,0,0,5
247,host-11,5,0,14,5,0,0,0.191062,0,32000,6114,0.191062,131072,5993,0.045723,0,0,5
247,host-12,3,0,14,3,0,0,0.179781,0,32000,5753,0.179781,131072,6310,0.048141,0,0,3
247,host-13,4,0,14,4,0,0,0.243094,0,32000,7779,0.243094,131072,7321,0.055855,0,0,4
247,host-14,6,0,14,6,0,0,0.229000,0,32000,7328,0.229000,131072,6511,0.049675,0,0,6
247,host-15,5,1,14,5,1,0,0.250375,0,32000,8012,0.250375,131072,7260,0.055389,1,0,4
247,host-16,5,1,14,5,1,0,0.224781,0,32000,7193,0.224781,131072,8499,0.064842,1,0,4
247,host-17,5,1,14,5,1,0,0.226781,0,32000,7257,0.226781,131072,5992,0.045715,1,0,4
247,host-18,5,1,14,5,1,0,0.245750,0,32000,7864,0.245750,131072,8132,0.062042,1,0,4
247,host-19,5,0,14,5,0,0,0.225281,0,32000,7209,0.225281,131072,7766,0.059250,0,0,5
247,host-2,4,1,14,4,1,0,0.213844,0,32000,6843,0.213844,131072,6827,0.052086,0,1,3
247,host-20,5,0,14,5,0,0,0.265250,0,32000,8488,0.265250,131072,9707,0.074059,0,0,5
247,host-21,5,0,14,5,0,0,0.237094,0,32000,7587,0.237094,131072,7565,0.057716,0,0,5
247,host-22,5,1,14,5,1,0,0.233563,0,32000,7474,0.233563,131072,7807,0.059563,1,0,4
247,host-23,4,0,14,4,0,0,0.222094,0,32000,7107,0.222094,131072,6388,0.048737,0,0,4
247,host-24,5,0,14,5,0,0,0.243188,0,32000,7782,0.243188,131072,7807,0.059563,0,0,5
247,host-3,5,1,14,5,1,0,0.254969,0,32000,8159,0.254969,131072,8792,0.067078,0,1,4
247,host-4,5,0,14,5,0,0,0.232437,0,32000,7438,0.232437,131072,6958,0.053085,0,0,5
247,host-5,5,0,14,5,0,0,0.246031,0,32000,7873,0.246031,131072,7601,0.057991,0,0,5
247,host-6,6,1,14,6,1,0,0.256000,0,32000,8192,0.256000,131072,7311,0.055779,1,0,5
247,host-7,5,1,14,5,1,0,0.274000,0,32000,8768,0.274000,131072,10573,0.080666,1,0,4
247,host-8,4,2,14,4,2,0,0.268719,0,32000,8599,0.268719,131072,10097,0.077034,1,1,2
247,host-9,4,0,14,4,0,0,0.238156,0,32000,7621,0.238156,131072,6731,0.051353,0,0,4
248,host-1,5,0,14,5,0,0,0.240375,0,32000,7692,0.240375,131072,8366,0.063828,0,0,5
248,host-10,5,0,14,5,0,0,0.230281,0,32000,7369,0.230281,131072,7785,0.059395,0,0,5
248,host-11,6,1,14,6,1,0,0.226281,0,32000,7241,0.226281,131072,7093,0.054115,1,0,5
248,host-12,4,1,14,4,1,0,0.229063,0,32000,7330,0.229063,131072,8237,0.062843,1,0,3
248,host-13,4,0,14,4,0,0,0.243094,0,32000,7779,0.243094,131072,7321,0.055855,0,0,4
248,host-14,6,0,14,6,0,0,0.229000,0,32000,7328,0.229000,131072,6511,0.049675,0,0,6
248,host-15,4,1,14,4,1,0,0.188188,0,32000,6022,0.188188,131072,5383,0.041069,0,1,3
248,host-16,5,0,14,5,0,0,0.224781,0,32000,7193,0.224781,131072,8499,0.064842,0,0,5
248,host-17,5,1,14,5,1,0,0.226781,0,32000,7257,0.226781,131072,5992,0.045715,0,1,4
248,host-18,5,0,14,5,0,0,0.245750,0,32000,7864,0.245750,131072,8132,0.062042,0,0,5
248,host-19,4,0,14,4,0,0,0.174469,0,32000,5583,0.174469,131072,6183,0.047173,0,0,4
248,host-2,4,1,14,4,1,0,0.213844,0,32000,6843,0.213844,131072,6827,0.052086,0,1,3
248,host-20,5,0,14,5,0,0,0.265250,0,32000,8488,0.265250,131072,9707,0.074059,0,0,5
248,host-21,5,0,14,5,0,0,0.237094,0,32000,7587,0.237094,131072,7565,0.057716,0,0,5
248,host-22,4,0,14,4,0,0,0.185531,0,32000,5937,0.185531,131072,6325,0.048256,0,0,4
248,host-23,4,0,14,4,0,0,0.222094,0,32000,7107,0.222094,131072,6388,0.048737,0,0,4
248,host-24,5,0,14,5,0,0,0.243188,0,32000,7782,0.243188,131072,7807,0.059563,0,0,5
248,host-3,5,0,14,5,0,0,0.254969,0,32000,8159,0.254969,131072,8792,0.067078,0,0,5
248,host-4,5,0,14,5,0,0,0.232437,0,32000,7438,0.232437,131072,6958,0.053085,0,0,5
248,host-5,5,0,14,5,0,0,0.246031,0,32000,7873,0.246031,131072,7601,0.057991,0,0,5
248,host-6,6,1,14,6,1,0,0.256000,0,32000,8192,0.256000,131072,7311,0.055779,1,0,5
248,host-7,5,1,14,5,1,0,0.274000,0,32000,8768,0.274000,131072,10573,0.080666,0,1,4
248,host-8,3,1,14,3,1,0,0.205906,0,32000,6589,0.205906,131072,7683,0.058617,1,0,2
248,host-9,4,0,14,4,0,0,0.238156,0,32000,7621,0.238156,131072,6731,0.051353,0,0,4
249,host-1,5,0,14,5,0,0,0.240375,0,32000,7692,0.240375,131072,8366,0.063828,0,0,5
249,host-10,5,0,14,5,0,0,0.230281,0,32000,7369,0.230281,131072,7785,0.059395,0,0,5
249,host-11,7,1,14,7,1,0,0.292500,0,32000,9360,0.292500,131072,9835,0.075035,1,0,6
249,host-12,4,1,14,4,1,0,0.229063,0,32000,7330,0.229063,131072,8237,0.062843,0,1,3
249,host-13,4,0,14,4,0,0,0.243094,0,32000,7779,0.243094,131072,7321,0.055855,0,0,4
249,host-14,6,0,14,6,0,0,0.229000,0,32000,7328,0.229000,131072,6511,0.049675,0,0,6
249,host-15,5,2,14,5,2,0,0.241875,0,32000,7740,0.241875,131072,7355,0.056114,2,0,3
249,host-16,6,2,14,6,2,0,0.260625,0,32000,8340,0.260625,131072,9363,0.071434,1,1,4
249,host-17,6,1,14,6,1,0,0.275250,0,32000,8808,0.275250,131072,8223,0.062737,1,0,5
249,host-18,5,0,14,5,0,0,0.245750,0,32000,7864,0.245750,131072,8132,0.062042,0,0,5
249,host-19,5,2,14,5,2,0,0.246531,0,32000,7889,0.246531,131072,8753,0.066780,2,0,3
249,host-2,5,1,14,5,1,0,0.272500,0,32000,8720,0.272500,131072,8391,0.064018,1,0,4
249,host-20,5,0,14,5,0,0,0.265250,0,32000,8488,0.265250,131072,9707,0.074059,0,0,5
249,host-21,5,0,14,5,0,0,0.237094,0,32000,7587,0.237094,131072,7565,0.057716,0,0,5
249,host-22,5,1,14,5,1,0,0.253812,0,32000,8122,0.253812,131072,9030,0.068893,1,0,4
249,host-23,5,1,14,5,1,0,0.269656,0,32000,8629,0.269656,131072,8238,0.062851,1,0,4
249,host-24,5,0,14,5,0,0,0.243188,0,32000,7782,0.243188,131072,7807,0.059563,0,0,5
249,host-3,5,0,14,5,0,0,0.254969,0,32000,8159,0.254969,131072,8792,0.067078,0,0,5
249,host-4,5,0,14,5,0,0,0.232437,0,32000,7438,0.232437,131072,6958,0.053085,0,0,5
249,host-5,5,1,14,5,1,0,0.246031,0,32000,7873,0.246031,131072,7601,0.057991,0,1,4
249,host-6,6,0,14,6,0,0,0.256000,0,32000,8192,0.256000,131072,7311,0.055779,0,0,6
249,host-7,5,0,14,5,0,0,0.274000,0,32000,8768,0.274000,131072,10573,0.080666,0,0,5
249,host-8,4,1,14,4,1,0,0.243438,0,32000,7790,0.243438,131072,8735,0.066643,1,0,3
249,host-9,4,0,14,4,0,0,0.238156,0,32000,7621,0.238156,131072,6731,0.051353,0,0,4
250,host-1,5,1,14,5,1,0,0.240375,0,32000,7692,0.240375,131072,8366,0.063828,0,1,4
250,host-10,4,0,14,4,0,0,0.197687,0,32000,6326,0.197687,131072,6664,0.050842,0,0,4
250,host-11,7,1,14,7,1,0,0.292500,0,32000,9360,0.292500,131072,9835,0.075035,1,0,6
250,host-12,4,0,14,4,0,0,0.229063,0,32000,7330,0.229063,131072,8237,0.062843,0,0,4
250,host-13,4,0,14,4,0,0,0.243094,0,32000,7779,0.243094,131072,7321,0.055855,0,0,4
250,host-14,7,1,14,7,1,0,0.277469,0,32000,8879,0.277469,131072,8742,0.066696,1,0,6
250,host-15,5,2,14,5,2,0,0.241875,0,32000,7740,0.241875,131072,7355,0.056114,0,2,3
250,host-16,6,0,14,6,0,0,0.260625,0,32000,8340,0.260625,131072,9363,0.071434,0,0,6
250,host-17,6,0,14,6,0,0,0.275250,0,32000,8808,0.275250,131072,8223,0.062737,0,0,6
250,host-18,5,0,14,5,0,0,0.245750,0,32000,7864,0.245750,131072,8132,0.062042,0,0,5
250,host-19,5,0,14,5,0,0,0.246531,0,32000,7889,0.246531,131072,8753,0.066780,0,0,5
250,host-2,5,0,14,5,0,0,0.272500,0,32000,8720,0.272500,131072,8391,0.064018,0,0,5
250,host-20,5,0,14,5,0,0,0.265250,0,32000,8488,0.265250,131072,9707,0.074059,0,0,5
250,host-21,5,0,14,5,0,0,0.237094,0,32000,7587,0.237094,131072,7565,0.057716,0,0,5
250,host-22,5,0,14,5,0,0,0.253812,0,32000,8122,0.253812,131072,9030,0.068893,0,0,5
250,host-23,5,0,14,5,0,0,0.269656,0,32000,8629,0.269656,131072,8238,0.062851,0,0,5
250,host-24,5,0,14,5,0,0,0.243188,0,32000,7782,0.243188,131072,7807,0.059563,0,0,5
250,host-3,5,0,14,5,0,0,0.254969,0,32000,8159,0.254969,131072,8792,0.067078,0,0,5
250,host-4,5,0,14,5,0,0,0.232437,0,32000,7438,0.232437,131072,6958,0.053085,0,0,5
250,host-5,5,0,14,5,0,0,0.246031,0,32000,7873,0.246031,131072,7601,0.057991,0,0,5
250,host-6,6,0,14,6,0,0,0.256000,0,32000,8192,0.256000,131072,7311,0.055779,0,0,6
250,host-7,5,1,14,5,1,0,0.274000,0,32000,8768,0.274000,131072,10573,0.080666,0,1,4
250,host-8,4,1,14,4,1,0,0.243438,0,32000,7790,0.243438,131072,8735,0.066643,1,0,3
250,host-9,4,0,14,4,0,0,0.238156,0,32000,7621,0.238156,131072,6731,0.051353,0,0,4
251,host-1,5,0,14,5,0,0,0.240375,0,32000,7692,0.240375,131072,8366,0.063828,0,0,5
251,host-10,5,1,14,5,1,0,0.235219,0,32000,7527,0.235219,131072,7716,0.058868,1,0,4
251,host-11,7,0,14,7,0,0,0.292500,0,32000,9360,0.292500,131072,9835,0.075035,0,0,7
251,host-12,5,1,14,5,1,0,0.267406,0,32000,8557,0.267406,131072,9437,0.071999,1,0,4
251,host-13,4,0,14,4,0,0,0.243094,0,32000,7779,0.243094,131072,7321,0.055855,0,0,4
251,host-14,7,1,14,7,1,0,0.277469,0,32000,8879,0.277469,131072,8742,0.066696,0,1,6
251,host-15,5,0,14,5,0,0,0.241875,0,32000,7740,0.241875,131072,7355,0.056114,0,0,5
251,host-16,6,0,14,6,0,0,0.260625,0,32000,8340,0.260625,131072,9363,0.071434,0,0,6
251,host-17,6,0,14,6,0,0,0.275250,0,32000,8808,0.275250,131072,8223,0.062737,0,0,6
251,host-18,5,0,14,5,0,0,0.245750,0,32000,7864,0.245750,131072,8132,0.062042,0,0,5
251,host-19,5,1,14,5,1,0,0.246531,0,32000,7889,0.246531,131072,8753,0.066780,0,1,4
251,host-2,5,1,14,5,1,0,0.272500,0,32000,8720,0.272500,131072,8391,0.064018,0,1,4
251,host-20,5,0,14,5,0,0,0.265250,0,32000,8488,0.265250,131072,9707,0.074059,0,0,5
251,host-21,5,0,14,5,0,0,0.237094,0,32000,7587,0.237094,131072,7565,0.057716,0,0,5
251,host-22,5,0,14,5,0,0,0.253812,0,32000,8122,0.253812,131072,9030,0.068893,0,0,5
251,host-23,5,0,14,5,0,0,0.269656,0,32000,8629,0.269656,131072,8238,0.062851,0,0,5
251,host-24,5,0,14,5,0,0,0.243188,0,32000,7782,0.243188,131072,7807,0.059563,0,0,5
251,host-3,5,0,14,5,0,0,0.254969,0,32000,8159,0.254969,131072,8792,0.067078,0,0,5
251,host-4,6,1,14,6,1,0,0.297531,0,32000,9521,0.297531,131072,9712,0.074097,1,0,5
251,host-5,5,0,14,5,0,0,0.246031,0,32000,7873,0.246031,131072,7601,0.057991,0,0,5
251,host-6,6,0,14,6,0,0,0.256000,0,32000,8192,0.256000,131072,7311,0.055779,0,0,6
251,host-7,5,0,14,5,0,0,0.274000,0,32000,8768,0.274000,131072,10573,0.080666,0,0,5
251,host-8,4,0,14,4,0,0,0.243438,0,32000,7790,0.243438,131072,8735,0.066643,0,0,4
251,host-9,4,1,14,4,1,0,0.238156,0,32000,7621,0.238156,131072,6731,0.051353,0,1,3
252,host-1,6,1,14,6,1,0,0.271188,0,32000,8678,0.271188,131072,8960,0.068359,1,0,5
252,host-10,6,2,14,6,2,0,0.306656,0,32000,9813,0.306656,131072,9582,0.073105,1,1,4
252,host-11,7,0,14,7,0,0,0.292500,0,32000,9360,0.292500,131072,9835,0.075035,0,0,7
252,host-12,5,1,14,5,1,0,0.267406,0,32000,8557,0.267406,131072,9437,0.071999,0,1,4
252,host-13,4,0,14,4,0,0,0.243094,0,32000,7779,0.243094,131072,7321,0.055855,0,0,4
252,host-14,7,1,14,7,1,0,0.309219,0,32000,9895,0.309219,131072,9736,0.074280,1,0,6
252,host-15,6,1,14,6,1,0,0.315656,0,32000,10101,0.315656,131072,9961,0.075996,1,0,5
252,host-16,6,0,14,6,0,0,0.260625,0,32000,8340,0.260625,131072,9363,0.071434,0,0,6
252,host-17,6,0,14,6,0,0,0.275250,0,32000,8808,0.275250,131072,8223,0.062737,0,0,6
252,host-18,5,0,14,5,0,0,0.245750,0,32000,7864,0.245750,131072,8132,0.062042,0,0,5
252,host-19,5,0,14,5,0,0,0.246531,0,32000,7889,0.246531,131072,8753,0.066780,0,0,5
252,host-2,5,0,14,5,0,0,0.272500,0,32000,8720,0.272500,131072,8391,0.064018,0,0,5
252,host-20,5,0,14,5,0,0,0.265250,0,32000,8488,0.265250,131072,9707,0.074059,0,0,5
252,host-21,6,1,14,6,1,0,0.265406,0,32000,8493,0.265406,131072,8763,0.066856,1,0,5
252,host-22,5,0,14,5,0,0,0.253812,0,32000,8122,0.253812,131072,9030,0.068893,0,0,5
252,host-23,5,1,14,5,1,0,0.269656,0,32000,8629,0.269656,131072,8238,0.062851,0,1,4
252,host-24,5,0,14,5,0,0,0.243188,0,32000,7782,0.243188,131072,7807,0.059563,0,0,5
252,host-3,5,0,14,5,0,0,0.254969,0,32000,8159,0.254969,131072,8792,0.067078,0,0,5
252,host-4,6,0,14,6,0,0,0.297531,0,32000,9521,0.297531,131072,9712,0.074097,0,0,6
252,host-5,5,0,14,5,0,0,0.246031,0,32000,7873,0.246031,131072,7601,0.057991,0,0,5
252,host-6,6,0,14,6,0,0,0.256000,0,32000,8192,0.256000,131072,7311,0.055779,0,0,6
252,host-7,5,0,14,5,0,0,0.274000,0,32000,8768,0.274000,131072,10573,0.080666,0,0,5
252,host-8,4,0,14,4,0,0,0.243438,0,32000,7790,0.243438,131072,8735,0.066643,0,0,4
252,host-9,5,2,14,5,2,0,0.261125,0,32000,8356,0.261125,131072,7927,0.060478,1,1,3
253,host-1,6,1,14,6,1,0,0.271188,0,32000,8678,0.271188,131072,8960,0.068359,1,0,5
253,host-10,6,1,14,6,1,0,0.306656,0,32000,9813,0.306656,131072,9582,0.073105,1,0,5
253,host-11,7,0,14,7,0,0,0.292500,0,32000,9360,0.292500,131072,9835,0.075035,0,0,7
253,host-12,5,0,14,5,0,0,0.267406,0,32000,8557,0.267406,131072,9437,0.071999,0,0,5
253,host-13,4,2,14,4,2,0,0.263750,0,32000,8440,0.263750,131072,8422,0.064255,1,1,2
253,host-14,7,0,14,7,0,0,0.309219,0,32000,9895,0.309219,131072,9736,0.074280,0,0,7
253,host-15,6,1,14,6,1,0,0.315656,0,32000,10101,0.315656,131072,9961,0.075996,1,0,5
253,host-16,6,0,14,6,0,0,0.260625,0,32000,8340,0.260625,131072,9363,0.071434,0,0,6
253,host-17,6,0,14,6,0,0,0.275250,0,32000,8808,0.275250,131072,8223,0.062737,0,0,6
253,host-18,5,0,14,5,0,0,0.245750,0,32000,7864,0.245750,131072,8132,0.062042,0,0,5
253,host-19,5,0,14,5,0,0,0.246531,0,32000,7889,0.246531,131072,8753,0.066780,0,0,5
253,host-2,5,0,14,5,0,0,0.272500,0,32000,8720,0.272500,131072,8391,0.064018,0,0,5
253,host-20,4,0,14,4,0,0,0.201375,0,32000,6444,0.201375,131072,7396,0.056427,0,0,4
253,host-21,6,1,14,6,1,0,0.265406,0,32000,8493,0.265406,131072,8763,0.066856,1,0,5
253,host-22,4,0,14,4,0,0,0.189938,0,32000,6078,0.189938,131072,6719,0.051262,0,0,4
253,host-23,4,0,14,4,0,0,0.226969,0,32000,7263,0.226969,131072,6657,0.050789,0,0,4
253,host-24,6,1,14,6,1,0,0.311281,0,32000,9961,0.311281,131072,10237,0.078102,1,0,5
253,host-3,5,0,14,5,0,0,0.254969,0,32000,8159,0.254969,131072,8792,0.067078,0,0,5
253,host-4,6,0,14,6,0,0,0.297531,0,32000,9521,0.297531,131072,9712,0.074097,0,0,6
253,host-5,5,0,14,5,0,0,0.246031,0,32000,7873,0.246031,131072,7601,0.057991,0,0,5
253,host-6,6,0,14,6,0,0,0.256000,0,32000,8192,0.256000,131072,7311,0.055779,0,0,6
253,host-7,5,0,14,5,0,0,0.274000,0,32000,8768,0.274000,131072,10573,0.080666,0,0,5
253,host-8,5,1,14,5,1,0,0.314875,0,32000,10076,0.314875,131072,10601,0.080879,1,0,4
253,host-9,5,0,14,5,0,0,0.261125,0,32000,8356,0.261125,131072,7927,0.060478,0,0,5
254,host-1,6,0,14,6,0,0,0.271188,0,32000,8678,0.271188,131072,8960,0.068359,0,0,6
254,host-10,6,1,14,6,1,0,0.306656,0,32000,9813,0.306656,131072,9582,0.073105,0,1,5
254,host-11,7,0,14,7,0,0,0.292500,0,32000,9360,0.292500,131072,9835,0.075035,0,0,7
254,host-12,5,0,14,5,0,0,0.267406,0,32000,8557,0.267406,131072,9437,0.071999,0,0,5
254,host-13,4,1,14,4,1,0,0.263750,0,32000,8440,0.263750,131072,8422,0.064255,0,1,3
254,host-14,7,0,14,7,0,0,0.309219,0,32000,9895,0.309219,131072,9736,0.074280,0,0,7
254,host-15,6,0,14,6,0,0,0.315656,0,32000,10101,0.315656,131072,9961,0.075996,0,0,6
254,host-16,5,0,14,5,0,0,0.189531,0,32000,6065,0.189531,131072,7049,0.053780,0,0,5
254,host-17,6,0,14,6,0,0,0.275250,0,32000,8808,0.275250,131072,8223,0.062737,0,0,6
254,host-18,5,0,14,5,0,0,0.245750,0,32000,7864,0.245750,131072,8132,0.062042,0,0,5
254,host-19,4,0,14,4,0,0,0.174813,0,32000,5594,0.174813,131072,6099,0.046532,0,0,4
254,host-2,5,0,14,5,0,0,0.272500,0,32000,8720,0.272500,131072,8391,0.064018,0,0,5
254,host-20,3,0,14,3,0,0,0.150875,0,32000,4828,0.150875,131072,5829,0.044472,0,0,3
254,host-21,5,0,14,5,0,0,0.220906,0,32000,7069,0.220906,131072,7554,0.057632,0,0,5
254,host-22,3,0,14,3,0,0,0.145156,0,32000,4645,0.145156,131072,5384,0.041077,0,0,3
254,host-23,4,0,14,4,0,0,0.226969,0,32000,7263,0.226969,131072,6657,0.050789,0,0,4
254,host-24,6,1,14,6,1,0,0.311281,0,32000,9961,0.311281,131072,10237,0.078102,1,0,5
254,host-3,5,0,14,5,0,0,0.254969,0,32000,8159,0.254969,131072,8792,0.067078,0,0,5
254,host-4,6,0,14,6,0,0,0.297531,0,32000,9521,0.297531,131072,9712,0.074097,0,0,6
254,host-5,5,0,14,5,0,0,0.246031,0,32000,7873,0.246031,131072,7601,0.057991,0,0,5
254,host-6,6,0,14,6,0,0,0.256000,0,32000,8192,0.256000,131072,7311,0.055779,0,0,6
254,host-7,5,0,14,5,0,0,0.274000,0,32000,8768,0.274000,131072,10573,0.080666,0,0,5
254,host-8,5,1,14,5,1,0,0.314875,0,32000,10076,0.314875,131072,10601,0.080879,1,0,4
254,host-9,5,0,14,5,0,0,0.261125,0,32000,8356,0.261125,131072,7927,0.060478,0,0,5
255,host-1,6,1,14,6,1,0,0.271188,0,32000,8678,0.271188,131072,8960,0.068359,0,1,5
255,host-10,6,0,14,6,0,0,0.306656,0,32000,9813,0.306656,131072,9582,0.073105,0,0,6
255,host-11,7,0,14,7,0,0,0.292500,0,32000,9360,0.292500,131072,9835,0.075035,0,0,7
255,host-12,5,1,14,5,1,0,0.267406,0,32000,8557,0.267406,131072,9437,0.071999,0,1,4
255,host-13,4,0,14,4,0,0,0.263750,0,32000,8440,0.263750,131072,8422,0.064255,0,0,4
255,host-14,7,0,14,7,0,0,0.309219,0,32000,9895,0.309219,131072,9736,0.074280,0,0,7
255,host-15,6,0,14,6,0,0,0.315656,0,32000,10101,0.315656,131072,9961,0.075996,0,0,6
255,host-16,6,1,14,6,1,0,0.247625,0,32000,7924,0.247625,131072,9655,0.073662,1,0,5
255,host-17,6,0,14,6,0,0,0.275250,0,32000,8808,0.275250,131072,8223,0.062737,0,0,6
255,host-18,5,0,14,5,0,0,0.245750,0,32000,7864,0.245750,131072,8132,0.062042,0,0,5
255,host-19,5,1,14,5,1,0,0.205500,0,32000,6576,0.205500,131072,6459,0.049278,1,0,4
255,host-2,5,0,14,5,0,0,0.272500,0,32000,8720,0.272500,131072,8391,0.064018,0,0,5
255,host-20,4,1,14,4,1,0,0.190875,0,32000,6108,0.190875,131072,6429,0.049049,1,0,3
255,host-21,5,0,14,5,0,0,0.220906,0,32000,7069,0.220906,131072,7554,0.057632,0,0,5
255,host-22,4,1,14,4,1,0,0.208781,0,32000,6681,0.208781,131072,7683,0.058617,1,0,3
255,host-23,4,0,14,4,0,0,0.226969,0,32000,7263,0.226969,131072,6657,0.050789,0,0,4
255,host-24,4,0,14,4,0,0,0.225031,0,32000,7201,0.225031,131072,7739,0.059044,0,0,4
255,host-3,5,1,14,5,1,0,0.251469,0,32000,8047,0.251469,131072,9114,0.069534,1,0,4
255,host-4,6,0,14,6,0,0,0.297531,0,32000,9521,0.297531,131072,9712,0.074097,0,0,6
255,host-5,4,0,14,4,0,0,0.202281,0,32000,6473,0.202281,131072,6497,0.049568,0,0,4
255,host-6,6,0,14,6,0,0,0.256000,0,32000,8192,0.256000,131072,7311,0.055779,0,0,6
255,host-7,5,0,14,5,0,0,0.274000,0,32000,8768,0.274000,131072,10573,0.080666,0,0,5
255,host-8,5,1,14,5,1,0,0.314875,0,32000,10076,0.314875,131072,10601,0.080879,0,1,4
255,host-9,5,0,14,5,0,0,0.261125,0,32000,8356,0.261125,131072,7927,0.060478,0,0,5
256,host-1,6,0,14,6,0,0,0.271188,0,32000,8678,0.271188,131072,8960,0.068359,0,0,6
256,host-10,6,0,14,6,0,0,0.306656,0,32000,9813,0.306656,131072,9582,0.073105,0,0,6
256,host-11,7,0,14,7,0,0,0.292500,0,32000,9360,0.292500,131072,9835,0.075035,0,0,7
256,host-12,5,0,14,5,0,0,0.267406,0,32000,8557,0.267406,131072,9437,0.071999,0,0,5
256,host-13,4,0,14,4,0,0,0.263750,0,32000,8440,0.263750,131072,8422,0.064255,0,0,4
256,host-14,7,0,14,7,0,0,0.309219,0,32000,9895,0.309219,131072,9736,0.074280,0,0,7
256,host-15,6,0,14,6,0,0,0.315656,0,32000,10101,0.315656,131072,9961,0.075996,0,0,6
256,host-16,6,0,14,6,0,0,0.247625,0,32000,7924,0.247625,131072,9655,0.073662,0,0,6
256,host-17,6,0,14,6,0,0,0.275250,0,32000,8808,0.275250,131072,8223,0.062737,0,0,6
256,host-18,5,0,14,5,0,0,0.245750,0,32000,7864,0.245750,131072,8132,0.062042,0,0,5
256,host-19,6,2,14,6,2,0,0.263594,0,32000,8435,0.263594,131072,9065,0.069160,2,0,4
256,host-2,5,0,14,5,0,0,0.272500,0,32000,8720,0.272500,131072,8391,0.064018,0,0,5
256,host-20,5,1,14,5,1,0,0.234094,0,32000,7491,0.234094,131072,8014,0.061142,1,0,4
256,host-21,5,0,14,5,0,0,0.220906,0,32000,7069,0.220906,131072,7554,0.057632,0,0,5
256,host-22,4,0,14,4,0,0,0.208781,0,32000,6681,0.208781,131072,7683,0.058617,0,0,4
256,host-23,4,0,14,4,0,0,0.226969,0,32000,7263,0.226969,131072,6657,0.050789,0,0,4
256,host-24,4,1,14,4,1,0,0.225031,0,32000,7201,0.225031,131072,7739,0.059044,0,1,3
256,host-3,5,1,14,5,1,0,0.251469,0,32000,8047,0.251469,131072,9114,0.069534,1,0,4
256,host-4,6,1,14,6,1,0,0.297531,0,32000,9521,0.297531,131072,9712,0.074097,0,1,5
256,host-5,5,2,14,5,2,0,0.232969,0,32000,7455,0.232969,131072,6857,0.052315,1,1,3
256,host-6,6,2,14,6,2,0,0.256000,0,32000,8192,0.256000,131072,7311,0.055779,0,2,4
256,host-7,5,0,14,5,0,0,0.274000,0,32000,8768,0.274000,131072,10573,0.080666,0,0,5
256,host-8,5,0,14,5,0,0,0.314875,0,32000,10076,0.314875,131072,10601,0.080879,0,0,5
256,host-9,5,0,14,5,0,0,0.261125,0,32000,8356,0.261125,131072,7927,0.060478,0,0,5
257,host-1,6,0,14,6,0,0,0.271188,0,32000,8678,0.271188,131072,8960,0.068359,0,0,6
257,host-10,6,0,14,6,0,0,0.306656,0,32000,9813,0.306656,131072,9582,0.073105,0,0,6
257,host-11,7,0,14,7,0,0,0.292500,0,32000,9360,0.292500,131072,9835,0.075035,0,0,7
257,host-12,5,0,14,5,0,0,0.267406,0,32000,8557,0.267406,131072,9437,0.071999,0,0,5
257,host-13,4,0,14,4,0,0,0.263750,0,32000,8440,0.263750,131072,8422,0.064255,0,0,4
257,host-14,7,0,14,7,0,0,0.309219,0,32000,9895,0.309219,131072,9736,0.074280,0,0,7
257,host-15,6,0,14,6,0,0,0.315656,0,32000,10101,0.315656,131072,9961,0.075996,0,0,6
257,host-16,6,0,14,6,0,0,0.247625,0,32000,7924,0.247625,131072,9655,0.073662,0,0,6
257,host-17,6,0,14,6,0,0,0.275250,0,32000,8808,0.275250,131072,8223,0.062737,0,0,6
257,host-18,5,1,14,5,1,0,0.245750,0,32000,7864,0.245750,131072,8132,0.062042,0,1,4
257,host-19,6,1,14,6,1,0,0.263594,0,32000,8435,0.263594,131072,9065,0.069160,0,1,5
257,host-2,5,0,14,5,0,0,0.272500,0,32000,8720,0.272500,131072,8391,0.064018,0,0,5
257,host-20,5,0,14,5,0,0,0.234094,0,32000,7491,0.234094,131072,8014,0.061142,0,0,5
257,host-21,5,0,14,5,0,0,0.220906,0,32000,7069,0.220906,131072,7554,0.057632,0,0,5
257,host-22,5,1,14,5,1,0,0.279562,0,32000,8946,0.279562,131072,9997,0.076271,1,0,4
257,host-23,4,0,14,4,0,0,0.226969,0,32000,7263,0.226969,131072,6657,0.050789,0,0,4
257,host-24,4,0,14,4,0,0,0.225031,0,32000,7201,0.225031,131072,7739,0.059044,0,0,4
257,host-3,5,0,14,5,0,0,0.251469,0,32000,8047,0.251469,131072,9114,0.069534,0,0,5
257,host-4,6,0,14,6,0,0,0.297531,0,32000,9521,0.297531,131072,9712,0.074097,0,0,6
257,host-5,5,2,14,5,2,0,0.232969,0,32000,7455,0.232969,131072,6857,0.052315,1,1,3
257,host-6,6,0,14,6,0,0,0.256000,0,32000,8192,0.256000,131072,7311,0.055779,0,0,6
257,host-7,5,0,14,5,0,0,0.274000,0,32000,8768,0.274000,131072,10573,0.080666,0,0,5
257,host-8,5,0,14,5,0,0,0.314875,0,32000,10076,0.314875,131072,10601,0.080879,0,0,5
257,host-9,5,0,14,5,0,0,0.261125,0,32000,8356,0.261125,131072,7927,0.060478,0,0,5
258,host-1,5,0,14,5,0,0,0.232719,0,32000,7447,0.232719,131072,7658,0.058426,0,0,5
258,host-10,6,0,14,6,0,0,0.306656,0,32000,9813,0.306656,131072,9582,0.073105,0,0,6
258,host-11,7,0,14,7,0,0,0.292500,0,32000,9360,0.292500,131072,9835,0.075035,0,0,7
258,host-12,5,0,14,5,0,0,0.267406,0,32000,8557,0.267406,131072,9437,0.071999,0,0,5
258,host-13,4,0,14,4,0,0,0.263750,0,32000,8440,0.263750,131072,8422,0.064255,0,0,4
258,host-14,7,0,14,7,0,0,0.309219,0,32000,9895,0.309219,131072,9736,0.074280,0,0,7
258,host-15,6,0,14,6,0,0,0.315656,0,32000,10101,0.315656,131072,9961,0.075996,0,0,6
258,host-16,5,0,14,5,0,0,0.217469,0,32000,6959,0.217469,131072,8350,0.063705,0,0,5
258,host-17,6,0,14,6,0,0,0.275250,0,32000,8808,0.275250,131072,8223,0.062737,0,0,6
258,host-18,5,1,14,5,1,0,0.259344,0,32000,8299,0.259344,131072,7931,0.060509,1,0,4
258,host-19,6,0,14,6,0,0,0.263594,0,32000,8435,0.263594,131072,9065,0.069160,0,0,6
258,host-2,5,0,14,5,0,0,0.272500,0,32000,8720,0.272500,131072,8391,0.064018,0,0,5
258,host-20,5,0,14,5,0,0,0.234094,0,32000,7491,0.234094,131072,8014,0.061142,0,0,5
258,host-21,5,1,14,5,1,0,0.220906,0,32000,7069,0.220906,131072,7554,0.057632,0,1,4
258,host-22,5,1,14,5,1,0,0.279562,0,32000,8946,0.279562,131072,9997,0.076271,0,1,4
258,host-23,4,0,14,4,0,0,0.226969,0,32000,7263,0.226969,131072,6657,0.050789,0,0,4
258,host-24,4,0,14,4,0,0,0.225031,0,32000,7201,0.225031,131072,7739,0.059044,0,0,4
258,host-3,5,0,14,5,0,0,0.251469,0,32000,8047,0.251469,131072,9114,0.069534,0,0,5
258,host-4,6,0,14,6,0,0,0.297531,0,32000,9521,0.297531,131072,9712,0.074097,0,0,6
258,host-5,5,0,14,5,0,0,0.232969,0,32000,7455,0.232969,131072,6857,0.052315,0,0,5
258,host-6,6,0,14,6,0,0,0.256000,0,32000,8192,0.256000,131072,7311,0.055779,0,0,6
258,host-7,5,0,14,5,0,0,0.274000,0,32000,8768,0.274000,131072,10573,0.080666,0,0,5
258,host-8,5,0,14,5,0,0,0.314875,0,32000,10076,0.314875,131072,10601,0.080879,0,0,5
258,host-9,5,0,14,5,0,0,0.261125,0,32000,8356,0.261125,131072,7927,0.060478,0,0,5
259,host-1,5,0,14,5,0,0,0.232719,0,32000,7447,0.232719,131072,7658,0.058426,0,0,5
259,host-10,5,0,14,5,0,0,0.253563,0,32000,8114,0.253563,131072,7190,0.054855,0,0,5
259,host-11,7,0,14,7,0,0,0.292500,0,32000,9360,0.292500,131072,9835,0.075035,0,0,7
259,host-12,5,0,14,5,0,0,0.267406,0,32000,8557,0.267406,131072,9437,0.071999,0,0,5
259,host-13,3,0,14,3,0,0,0.182500,0,32000,5840,0.182500,131072,5596,0.042694,0,0,3
259,host-14,7,0,14,7,0,0,0.309219,0,32000,9895,0.309219,131072,9736,0.074280,0,0,7
259,host-15,6,0,14,6,0,0,0.315656,0,32000,10101,0.315656,131072,9961,0.075996,0,0,6
259,host-16,6,0,14,6,0,0,0.261219,0,32000,8359,0.261219,131072,9454,0.072128,0,0,6
259,host-17,6,0,14,6,0,0,0.275250,0,32000,8808,0.275250,131072,8223,0.062737,0,0,6
259,host-18,5,0,14,5,0,0,0.259344,0,32000,8299,0.259344,131072,7931,0.060509,0,0,5
259,host-19,6,1,14,6,1,0,0.263594,0,32000,8435,0.263594,131072,9065,0.069160,0,1,5
259,host-2,5,0,14,5,0,0,0.272500,0,32000,8720,0.272500,131072,8391,0.064018,0,0,5
259,host-20,5,0,14,5,0,0,0.234094,0,32000,7491,0.234094,131072,8014,0.061142,0,0,5
259,host-21,5,0,14,5,0,0,0.220906,0,32000,7069,0.220906,131072,7554,0.057632,0,0,5
259,host-22,5,0,14,5,0,0,0.279562,0,32000,8946,0.279562,131072,9997,0.076271,0,0,5
259,host-23,4,0,14,4,0,0,0.226969,0,32000,7263,0.226969,131072,6657,0.050789,0,0,4
259,host-24,4,0,14,4,0,0,0.225031,0,32000,7201,0.225031,131072,7739,0.059044,0,0,4
259,host-3,5,0,14,5,0,0,0.251469,0,32000,8047,0.251469,131072,9114,0.069534,0,0,5
259,host-4,6,0,14,6,0,0,0.297531,0,32000,9521,0.297531,131072,9712,0.074097,0,0,6
259,host-5,5,0,14,5,0,0,0.232969,0,32000,7455,0.232969,131072,6857,0.052315,0,0,5
259,host-6,6,0,14,6,0,0,0.256000,0,32000,8192,0.256000,131072,7311,0.055779,0,0,6
259,host-7,5,0,14,5,0,0,0.274000,0,32000,8768,0.274000,131072,10573,0.080666,0,0,5
259,host-8,5,0,14,5,0,0,0.314875,0,32000,10076,0.314875,131072,10601,0.080879,0,0,5
259,host-9,5,0,14,5,0,0,0.261125,0,32000,8356,0.261125,131072,7927,0.060478,0,0,5
260,host-1,4,0,14,4,0,0,0.191031,0,32000,6113,0.191031,131072,6153,0.046944,0,0,4
260,host-10,5,0,14,5,0,0,0.253563,0,32000,8114,0.253563,131072,7190,0.054855,0,0,5
260,host-11,7,0,14,7,0,0,0.292500,0,32000,9360,0.292500,131072,9835,0.075035,0,0,7
260,host-12,5,0,14,5,0,0,0.267406,0,32000,8557,0.267406,131072,9437,0.071999,0,0,5
260,host-13,5,2,14,5,2,0,0.252469,0,32000,8079,0.252469,131072,7513,0.057320,2,0,3
260,host-14,7,0,14,7,0,0,0.309219,0,32000,9895,0.309219,131072,9736,0.074280,0,0,7
260,host-15,6,0,14,6,0,0,0.315656,0,32000,10101,0.315656,131072,9961,0.075996,0,0,6
260,host-16,6,0,14,6,0,0,0.261219,0,32000,8359,0.261219,131072,9454,0.072128,0,0,6
260,host-17,6,0,14,6,0,0,0.275250,0,32000,8808,0.275250,131072,8223,0.062737,0,0,6
260,host-18,4,0,14,4,0,0,0.190562,0,32000,6098,0.190562,131072,6055,0.046196,0,0,4
260,host-19,6,0,14,6,0,0,0.263594,0,32000,8435,0.263594,131072,9065,0.069160,0,0,6
260,host-2,5,0,14,5,0,0,0.272500,0,32000,8720,0.272500,131072,8391,0.064018,0,0,5
260,host-20,5,0,14,5,0,0,0.234094,0,32000,7491,0.234094,131072,8014,0.061142,0,0,5
260,host-21,5,0,14,5,0,0,0.220906,0,32000,7069,0.220906,131072,7554,0.057632,0,0,5
260,host-22,5,0,14,5,0,0,0.279562,0,32000,8946,0.279562,131072,9997,0.076271,0,0,5
260,host-23,4,0,14,4,0,0,0.226969,0,32000,7263,0.226969,131072,6657,0.050789,0,0,4
260,host-24,4,1,14,4,1,0,0.225031,0,32000,7201,0.225031,131072,7739,0.059044,0,1,3
260,host-3,4,0,14,4,0,0,0.189594,0,32000,6067,0.189594,131072,6937,0.052925,0,0,4
260,host-4,6,0,14,6,0,0,0.297531,0,32000,9521,0.297531,131072,9712,0.074097,0,0,6
260,host-5,5,0,14,5,0,0,0.232969,0,32000,7455,0.232969,131072,6857,0.052315,0,0,5
260,host-6,6,0,14,6,0,0,0.256000,0,32000,8192,0.256000,131072,7311,0.055779,0,0,6
260,host-7,4,0,14,4,0,0,0.203281,0,32000,6505,0.203281,131072,7993,0.060982,0,0,4
260,host-8,5,1,14,5,1,0,0.314875,0,32000,10076,0.314875,131072,10601,0.080879,0,1,4
260,host-9,5,0,14,5,0,0,0.261125,0,32000,8356,0.261125,131072,7927,0.060478,0,0,5
261,host-1,4,0,14,4,0,0,0.191031,0,32000,6113,0.191031,131072,6153,0.046944,0,0,4
261,host-10,5,0,14,5,0,0,0.253563,0,32000,8114,0.253563,131072,7190,0.054855,0,0,5
261,host-11,7,0,14,7,0,0,0.292500,0,32000,9360,0.292500,131072,9835,0.075035,0,0,7
261,host-12,5,0,14,5,0,0,0.267406,0,32000,8557,0.267406,131072,9437,0.071999,0,0,5
261,host-13,5,1,14,5,1,0,0.252469,0,32000,8079,0.252469,131072,7513,0.057320,0,1,4
261,host-14,7,0,14,7,0,0,0.309219,0,32000,9895,0.309219,131072,9736,0.074280,0,0,7
261,host-15,6,1,14,6,1,0,0.315656,0,32000,10101,0.315656,131072,9961,0.075996,0,1,5
261,host-16,6,0,14,6,0,0,0.261219,0,32000,8359,0.261219,131072,9454,0.072128,0,0,6
261,host-17,6,0,14,6,0,0,0.275250,0,32000,8808,0.275250,131072,8223,0.062737,0,0,6
261,host-18,5,1,14,5,1,0,0.215812,0,32000,6906,0.215812,131072,6529,0.049812,1,0,4
261,host-19,6,0,14,6,0,0,0.263594,0,32000,8435,0.263594,131072,9065,0.069160,0,0,6
261,host-2,5,0,14,5,0,0,0.272500,0,32000,8720,0.272500,131072,8391,0.064018,0,0,5
261,host-20,5,0,14,5,0,0,0.234094,0,32000,7491,0.234094,131072,8014,0.061142,0,0,5
261,host-21,5,0,14,5,0,0,0.220906,0,32000,7069,0.220906,131072,7554,0.057632,0,0,5
261,host-22,5,0,14,5,0,0,0.279562,0,32000,8946,0.279562,131072,9997,0.076271,0,0,5
261,host-23,4,0,14,4,0,0,0.226969,0,32000,7263,0.226969,131072,6657,0.050789,0,0,4
261,host-24,4,0,14,4,0,0,0.225031,0,32000,7201,0.225031,131072,7739,0.059044,0,0,4
261,host-3,5,1,14,5,1,0,0.260125,0,32000,8324,0.260125,131072,9350,0.071335,1,0,4
261,host-4,5,1,14,5,1,0,0.252937,0,32000,8094,0.252937,131072,8487,0.064751,0,1,4
261,host-5,5,1,14,5,1,0,0.232969,0,32000,7455,0.232969,131072,6857,0.052315,0,1,4
261,host-6,6,0,14,6,0,0,0.256000,0,32000,8192,0.256000,131072,7311,0.055779,0,0,6
261,host-7,4,1,14,4,1,0,0.203281,0,32000,6505,0.203281,131072,7993,0.060982,0,1,3
261,host-8,5,0,14,5,0,0,0.314875,0,32000,10076,0.314875,131072,10601,0.080879,0,0,5
261,host-9,5,0,14,5,0,0,0.261125,0,32000,8356,0.261125,131072,7927,0.060478,0,0,5
262,host-1,5,1,14,5,1,0,0.261562,0,32000,8370,0.261562,131072,8566,0.065353,0,1,4
262,host-10,5,0,14,5,0,0,0.253563,0,32000,8114,0.253563,131072,7190,0.054855,0,0,5
262,host-11,7,0,14,7,0,0,0.292500,0,32000,9360,0.292500,131072,9835,0.075035,0,0,7
262,host-12,5,0,14,5,0,0,0.267406,0,32000,8557,0.267406,131072,9437,0.071999,0,0,5
262,host-13,5,0,14,5,0,0,0.252469,0,32000,8079,0.252469,131072,7513,0.057320,0,0,5
262,host-14,7,0,14,7,0,0,0.309219,0,32000,9895,0.309219,131072,9736,0.074280,0,0,7
262,host-15,6,0,14,6,0,0,0.315656,0,32000,10101,0.315656,131072,9961,0.075996,0,0,6
262,host-16,6,0,14,6,0,0,0.261219,0,32000,8359,0.261219,131072,9454,0.072128,0,0,6
262,host-17,6,0,14,6,0,0,0.275250,0,32000,8808,0.275250,131072,8223,0.062737,0,0,6
262,host-18,5,0,14,5,0,0,0.215812,0,32000,6906,0.215812,131072,6529,0.049812,0,0,5
262,host-19,6,0,14,6,0,0,0.263594,0,32000,8435,0.263594,131072,9065,0.069160,0,0,6
262,host-2,5,0,14,5,0,0,0.272500,0,32000,8720,0.272500,131072,8391,0.064018,0,0,5
262,host-20,5,0,14,5,0,0,0.234094,0,32000,7491,0.234094,131072,8014,0.061142,0,0,5
262,host-21,5,0,14,5,0,0,0.220906,0,32000,7069,0.220906,131072,7554,0.057632,0,0,5
262,host-22,5,0,14,5,0,0,0.279562,0,32000,8946,0.279562,131072,9997,0.076271,0,0,5
262,host-23,4,0,14,4,0,0,0.226969,0,32000,7263,0.226969,131072,6657,0.050789,0,0,4
262,host-24,4,0,14,4,0,0,0.225031,0,32000,7201,0.225031,131072,7739,0.059044,0,0,4
262,host-3,5,0,14,5,0,0,0.260125,0,32000,8324,0.260125,131072,9350,0.071335,0,0,5
262,host-4,5,0,14,5,0,0,0.252937,0,32000,8094,0.252937,131072,8487,0.064751,0,0,5
262,host-5,5,0,14,5,0,0,0.232969,0,32000,7455,0.232969,131072,6857,0.052315,0,0,5
262,host-6,6,1,14,6,1,0,0.256000,0,32000,8192,0.256000,131072,7311,0.055779,0,1,5
262,host-7,5,1,14,5,1,0,0.274375,0,32000,8780,0.274375,131072,10307,0.078636,1,0,4
262,host-8,5,0,14,5,0,0,0.314875,0,32000,10076,0.314875,131072,10601,0.080879,0,0,5
262,host-9,5,0,14,5,0,0,0.261125,0,32000,8356,0.261125,131072,7927,0.060478,0,0,5
263,host-1,5,0,14,5,0,0,0.261562,0,32000,8370,0.261562,131072,8566,0.065353,0,0,5
263,host-10,5,0,14,5,0,0,0.253563,0,32000,8114,0.253563,131072,7190,0.054855,0,0,5
263,host-11,7,0,14,7,0,0,0.292500,0,32000,9360,0.292500,131072,9835,0.075035,0,0,7
263,host-12,5,0,14,5,0,0,0.267406,0,32000,8557,0.267406,131072,9437,0.071999,0,0,5
263,host-13,5,0,14,5,0,0,0.252469,0,32000,8079,0.252469,131072,7513,0.057320,0,0,5
263,host-14,6,0,14,6,0,0,0.267844,0,32000,8571,0.267844,131072,8622,0.065781,0,0,6
263,host-15,6,0,14,6,0,0,0.315656,0,32000,10101,0.315656,131072,9961,0.075996,0,0,6
263,host-16,6,0,14,6,0,0,0.261219,0,32000,8359,0.261219,131072,9454,0.072128,0,0,6
263,host-17,6,0,14,6,0,0,0.275250,0,32000,8808,0.275250,131072,8223,0.062737,0,0,6
263,host-18,6,1,14,6,1,0,0.256063,0,32000,8194,0.256063,131072,7812,0.059601,1,0,5
263,host-19,6,0,14,6,0,0,0.263594,0,32000,8435,0.263594,131072,9065,0.069160,0,0,6
263,host-2,5,0,14,5,0,0,0.272500,0,32000,8720,0.272500,131072,8391,0.064018,0,0,5
263,host-20,5,0,14,5,0,0,0.234094,0,32000,7491,0.234094,131072,8014,0.061142,0,0,5
263,host-21,5,0,14,5,0,0,0.220906,0,32000,7069,0.220906,131072,7554,0.057632,0,0,5
263,host-22,5,0,14,5,0,0,0.279562,0,32000,8946,0.279562,131072,9997,0.076271,0,0,5
263,host-23,3,1,14,3,1,0,0.150500,0,32000,4816,0.150500,131072,4142,0.031601,0,1,2
263,host-24,4,0,14,4,0,0,0.225031,0,32000,7201,0.225031,131072,7739,0.059044,0,0,4
263,host-3,4,0,14,4,0,0,0.223219,0,32000,7143,0.223219,131072,8637,0.065895,0,0,4
263,host-4,5,2,14,5,2,0,0.252937,0,32000,8094,0.252937,131072,8487,0.064751,0,2,3
263,host-5,5,0,14,5,0,0,0.232969,0,32000,7455,0.232969,131072,6857,0.052315,0,0,5
263,host-6,6,1,14,6,1,0,0.256000,0,32000,8192,0.256000,131072,7311,0.055779,0,1,5
263,host-7,5,0,14,5,0,0,0.274375,0,32000,8780,0.274375,131072,10307,0.078636,0,0,5
263,host-8,5,0,14,5,0,0,0.314875,0,32000,10076,0.314875,131072,10601,0.080879,0,0,5
263,host-9,5,0,14,5,0,0,0.261125,0,32000,8356,0.261125,131072,7927,0.060478,0,0,5
264,host-1,5,0,14,5,0,0,0.261562,0,32000,8370,0.261562,131072,8566,0.065353,0,0,5
264,host-10,5,0,14,5,0,0,0.253563,0,32000,8114,0.253563,131072,7190,0.054855,0,0,5
264,host-11,7,0,14,7,0,0,0.292500,0,32000,9360,0.292500,131072,9835,0.075035,0,0,7
264,host-12,5,0,14,5,0,0,0.267406,0,32000,8557,0.267406,131072,9437,0.071999,0,0,5
264,host-13,5,0,14,5,0,0,0.252469,0,32000,8079,0.252469,131072,7513,0.057320,0,0,5
264,host-14,6,0,14,6,0,0,0.267844,0,32000,8571,0.267844,131072,8622,0.065781,0,0,6
264,host-15,6,0,14,6,0,0,0.315656,0,32000,10101,0.315656,131072,9961,0.075996,0,0,6
264,host-16,6,0,14,6,0,0,0.261219,0,32000,8359,0.261219,131072,9454,0.072128,0,0,6
264,host-17,6,0,14,6,0,0,0.275250,0,32000,8808,0.275250,131072,8223,0.062737,0,0,6
264,host-18,6,0,14,6,0,0,0.256063,0,32000,8194,0.256063,131072,7812,0.059601,0,0,6
264,host-19,6,0,14,6,0,0,0.263594,0,32000,8435,0.263594,131072,9065,0.069160,0,0,6
264,host-2,5,0,14,5,0,0,0.272500,0,32000,8720,0.272500,131072,8391,0.064018,0,0,5
264,host-20,5,0,14,5,0,0,0.234094,0,32000,7491,0.234094,131072,8014,0.061142,0,0,5
264,host-21,6,1,14,6,1,0,0.275844,0,32000,8827,0.275844,131072,9372,0.071503,1,0,5
264,host-22,5,0,14,5,0,0,0.279562,0,32000,8946,0.279562,131072,9997,0.076271,0,0,5
264,host-23,5,1,14,5,1,0,0.273000,0,32000,8736,0.273000,131072,7998,0.061020,1,0,4
264,host-24,5,1,14,5,1,0,0.271594,0,32000,8691,0.271594,131072,8425,0.064278,1,0,4
264,host-3,5,1,14,5,1,0,0.295469,0,32000,9455,0.295469,131072,10614,0.080978,1,0,4
264,host-4,5,0,14,5,0,0,0.252937,0,32000,8094,0.252937,131072,8487,0.064751,0,0,5
264,host-5,5,0,14,5,0,0,0.232969,0,32000,7455,0.232969,131072,6857,0.052315,0,0,5
264,host-6,6,1,14,6,1,0,0.256375,0,32000,8204,0.256375,131072,7061,0.053871,1,0,5
264,host-7,5,0,14,5,0,0,0.274375,0,32000,8780,0.274375,131072,10307,0.078636,0,0,5
264,host-8,5,1,14,5,1,0,0.314875,0,32000,10076,0.314875,131072,10601,0.080879,0,1,4
264,host-9,5,1,14,5,1,0,0.261125,0,32000,8356,0.261125,131072,7927,0.060478,0,1,4
265,host-1,5,0,14,5,0,0,0.261562,0,32000,8370,0.261562,131072,8566,0.065353,0,0,5
265,host-10,5,0,14,5,0,0,0.253563,0,32000,8114,0.253563,131072,7190,0.054855,0,0,5
265,host-11,6,0,14,6,0,0,0.251219,0,32000,8039,0.251219,131072,8214,0.062668,0,0,6
265,host-12,5,0,14,5,0,0,0.267406,0,32000,8557,0.267406,131072,9437,0.071999,0,0,5
265,host-13,5,0,14,5,0,0,0.252469,0,32000,8079,0.252469,131072,7513,0.057320,0,0,5
265,host-14,6,0,14,6,0,0,0.267844,0,32000,8571,0.267844,131072,8622,0.065781,0,0,6
265,host-15,6,0,14,6,0,0,0.315656,0,32000,10101,0.315656,131072,9961,0.075996,0,0,6
265,host-16,6,0,14,6,0,0,0.261219,0,32000,8359,0.261219,131072,9454,0.072128,0,0,6
265,host-17,6,0,14,6,0,0,0.275250,0,32000,8808,0.275250,131072,8223,0.062737,0,0,6
265,host-18,6,0,14,6,0,0,0.256063,0,32000,8194,0.256063,131072,7812,0.059601,0,0,6
265,host-19,6,0,14,6,0,0,0.263594,0,32000,8435,0.263594,131072,9065,0.069160,0,0,6
265,host-2,5,0,14,5,0,0,0.272500,0,32000,8720,0.272500,131072,8391,0.064018,0,0,5
265,host-20,6,1,14,6,1,0,0.299469,0,32000,9583,0.299469,131072,10911,0.083244,1,0,5
265,host-21,6,1,14,6,1,0,0.275844,0,32000,8827,0.275844,131072,9372,0.071503,1,0,5
265,host-22,5,0,14,5,0,0,0.279562,0,32000,8946,0.279562,131072,9997,0.076271,0,0,5
265,host-23,5,0,14,5,0,0,0.273000,0,32000,8736,0.273000,131072,7998,0.061020,0,0,5
265,host-24,5,0,14,5,0,0,0.271594,0,32000,8691,0.271594,131072,8425,0.064278,0,0,5
265,host-3,5,1,14,5,1,0,0.295469,0,32000,9455,0.295469,131072,10614,0.080978,1,0,4
265,host-4,5,0,14,5,0,0,0.252937,0,32000,8094,0.252937,131072,8487,0.064751,0,0,5
265,host-5,6,1,14,6,1,0,0.277625,0,32000,8884,0.277625,131072,7927,0.060478,1,0,5
265,host-6,6,1,14,6,1,0,0.256375,0,32000,8204,0.256375,131072,7061,0.053871,1,0,5
265,host-7,5,0,14,5,0,0,0.274375,0,32000,8780,0.274375,131072,10307,0.078636,0,0,5
265,host-8,5,1,14,5,1,0,0.314875,0,32000,10076,0.314875,131072,10601,0.080879,0,1,4
265,host-9,5,0,14,5,0,0,0.261125,0,32000,8356,0.261125,131072,7927,0.060478,0,0,5
266,host-1,5,0,14,5,0,0,0.261562,0,32000,8370,0.261562,131072,8566,0.065353,0,0,5
266,host-10,5,0,14,5,0,0,0.253563,0,32000,8114,0.253563,131072,7190,0.054855,0,0,5
266,host-11,7,1,14,7,1,0,0.294563,0,32000,9426,0.294563,131072,9088,0.069336,1,0,6
266,host-12,5,0,14,5,0,0,0.267406,0,32000,8557,0.267406,131072,9437,0.071999,0,0,5
266,host-13,6,1,14,6,1,0,0.297094,0,32000,9507,0.297094,131072,8561,0.065315,1,0,5
266,host-14,6,0,14,6,0,0,0.267844,0,32000,8571,0.267844,131072,8622,0.065781,0,0,6
266,host-15,6,0,14,6,0,0,0.315656,0,32000,10101,0.315656,131072,9961,0.075996,0,0,6
266,host-16,5,0,14,5,0,0,0.219938,0,32000,7038,0.219938,131072,7833,0.059761,0,0,5
266,host-17,5,0,14,5,0,0,0.217344,0,32000,6955,0.217344,131072,6816,0.052002,0,0,5
266,host-18,6,0,14,6,0,0,0.256063,0,32000,8194,0.256063,131072,7812,0.059601,0,0,6
266,host-19,6,0,14,6,0,0,0.263594,0,32000,8435,0.263594,131072,9065,0.069160,0,0,6
266,host-2,5,0,14,5,0,0,0.272500,0,32000,8720,0.272500,131072,8391,0.064018,0,0,5
266,host-20,5,1,14,5,1,0,0.261781,0,32000,8377,0.261781,131072,9405,0.071754,0,1,4
266,host-21,6,0,14,6,0,0,0.275844,0,32000,8827,0.275844,131072,9372,0.071503,0,0,6
266,host-22,5,0,14,5,0,0,0.279562,0,32000,8946,0.279562,131072,9997,0.076271,0,0,5
266,host-23,5,0,14,5,0,0,0.273000,0,32000,8736,0.273000,131072,7998,0.061020,0,0,5
266,host-24,5,0,14,5,0,0,0.271594,0,32000,8691,0.271594,131072,8425,0.064278,0,0,5
266,host-3,5,0,14,5,0,0,0.295469,0,32000,9455,0.295469,131072,10614,0.080978,0,0,5
266,host-4,5,0,14,5,0,0,0.252937,0,32000,8094,0.252937,131072,8487,0.064751,0,0,5
266,host-5,6,1,14,6,1,0,0.277625,0,32000,8884,0.277625,131072,7927,0.060478,0,1,5
266,host-6,6,0,14,6,0,0,0.256375,0,32000,8204,0.256375,131072,7061,0.053871,0,0,6
266,host-7,5,1,14,5,1,0,0.274375,0,32000,8780,0.274375,131072,10307,0.078636,0,1,4
266,host-8,5,0,14,5,0,0,0.314875,0,32000,10076,0.314875,131072,10601,0.080879,0,0,5
266,host-9,5,0,14,5,0,0,0.261125,0,32000,8356,0.261125,131072,7927,0.060478,0,0,5
267,host-1,5,0,14,5,0,0,0.261562,0,32000,8370,0.261562,131072,8566,0.065353,0,0,5
267,host-10,5,0,14,5,0,0,0.253563,0,32000,8114,0.253563,131072,7190,0.054855,0,0,5
267,host-11,7,1,14,7,1,0,0.294563,0,32000,9426,0.294563,131072,9088,0.069336,0,1,6
267,host-12,5,1,14,5,1,0,0.239750,0,32000,7672,0.239750,131072,8416,0.064209,1,0,4
267,host-13,6,0,14,6,0,0,0.297094,0,32000,9507,0.297094,131072,8561,0.065315,0,0,6
267,host-14,5,1,14,5,1,0,0.230656,0,32000,7381,0.230656,131072,8251,0.062950,0,1,4
267,host-15,6,0,14,6,0,0,0.315656,0,32000,10101,0.315656,131072,9961,0.075996,0,0,6
267,host-16,7,3,14,7,3,0,0.296656,0,32000,9493,0.296656,131072,10214,0.077927,2,1,4
267,host-17,7,1,14,7,1,0,0.293781,0,32000,9401,0.293781,131072,8664,0.066101,1,0,6
267,host-18,6,0,14,6,0,0,0.256063,0,32000,8194,0.256063,131072,7812,0.059601,0,0,6
267,host-19,5,0,14,5,0,0,0.230781,0,32000,7385,0.230781,131072,8245,0.062904,0,0,5
267,host-2,5,1,14,5,1,0,0.272500,0,32000,8720,0.272500,131072,8391,0.064018,0,1,4
267,host-20,5,0,14,5,0,0,0.261781,0,32000,8377,0.261781,131072,9405,0.071754,0,0,5
267,host-21,6,0,14,6,0,0,0.275844,0,32000,8827,0.275844,131072,9372,0.071503,0,0,6
267,host-22,5,0,14,5,0,0,0.279562,0,32000,8946,0.279562,131072,9997,0.076271,0,0,5
267,host-23,5,0,14,5,0,0,0.273000,0,32000,8736,0.273000,131072,7998,0.061020,0,0,5
267,host-24,5,0,14,5,0,0,0.271594,0,32000,8691,0.271594,131072,8425,0.064278,0,0,5
267,host-3,5,0,14,5,0,0,0.295469,0,32000,9455,0.295469,131072,10614,0.080978,0,0,5
267,host-4,6,1,14,6,1,0,0.286281,0,32000,9161,0.286281,131072,9503,0.072502,1,0,5
267,host-5,5,0,14,5,0,0,0.207406,0,32000,6637,0.207406,131072,6018,0.045914,0,0,5
267,host-6,6,1,14,6,1,0,0.256375,0,32000,8204,0.256375,131072,7061,0.053871,0,1,5
267,host-7,5,0,14,5,0,0,0.274375,0,32000,8780,0.274375,131072,10307,0.078636,0,0,5
267,host-8,5,0,14,5,0,0,0.314875,0,32000,10076,0.314875,131072,10601,0.080879,0,0,5
267,host-9,5,0,14,5,0,0,0.261125,0,32000,8356,0.261125,131072,7927,0.060478,0,0,5
268,host-1,3,0,14,3,0,0,0.157781,0,32000,5049,0.157781,131072,5131,0.039146,0,0,3
268,host-10,5,0,14,5,0,0,0.253563,0,32000,8114,0.253563,131072,7190,0.054855,0,0,5
268,host-11,7,0,14,7,0,0,0.294563,0,32000,9426,0.294563,131072,9088,0.069336,0,0,7
268,host-12,4,1,14,4,1,0,0.186812,0,32000,5978,0.186812,131072,6155,0.046959,1,0,3
268,host-13,6,0,14,6,0,0,0.297094,0,32000,9507,0.297094,131072,8561,0.065315,0,0,6
268,host-14,6,1,14,6,1,0,0.255031,0,32000,8161,0.255031,131072,8881,0.067757,1,0,5
268,host-15,6,0,14,6,0,0,0.315656,0,32000,10101,0.315656,131072,9961,0.075996,0,0,6
268,host-16,7,1,14,7,1,0,0.296656,0,32000,9493,0.296656,131072,10214,0.077927,0,1,6
268,host-17,6,0,14,6,0,0,0.248719,0,32000,7959,0.248719,131072,7899,0.060265,0,0,6
268,host-18,6,0,14,6,0,0,0.256063,0,32000,8194,0.256063,131072,7812,0.059601,0,0,6
268,host-19,5,0,14,5,0,0,0.230781,0,32000,7385,0.230781,131072,8245,0.062904,0,0,5
268,host-2,5,0,14,5,0,0,0.272500,0,32000,8720,0.272500,131072,8391,0.064018,0,0,5
268,host-20,5,0,14,5,0,0,0.261781,0,32000,8377,0.261781,131072,9405,0.071754,0,0,5
268,host-21,6,0,14,6,0,0,0.275844,0,32000,8827,0.275844,131072,9372,0.071503,0,0,6
268,host-22,5,0,14,5,0,0,0.279562,0,32000,8946,0.279562,131072,9997,0.076271,0,0,5
268,host-23,5,0,14,5,0,0,0.273000,0,32000,8736,0.273000,131072,7998,0.061020,0,0,5
268,host-24,5,0,14,5,0,0,0.271594,0,32000,8691,0.271594,131072,8425,0.064278,0,0,5
268,host-3,5,0,14,5,0,0,0.295469,0,32000,9455,0.295469,131072,10614,0.080978,0,0,5
268,host-4,6,0,14,6,0,0,0.286281,0,32000,9161,0.286281,131072,9503,0.072502,0,0,6
268,host-5,7,3,14,7,3,0,0.268250,0,32000,8584,0.268250,131072,8339,0.063622,1,2,4
268,host-6,6,0,14,6,0,0,0.256375,0,32000,8204,0.256375,131072,7061,0.053871,0,0,6
268,host-7,4,0,14,4,0,0,0.205437,0,32000,6574,0.205437,131072,7665,0.058479,0,0,4
268,host-8,5,0,14,5,0,0,0.314875,0,32000,10076,0.314875,131072,10601,0.080879,0,0,5
268,host-9,5,1,14,5,1,0,0.261125,0,32000,8356,0.261125,131072,7927,0.060478,0,1,4
269,host-1,5,2,14,5,2,0,0.271125,0,32000,8676,0.271125,131072,8289,0.063240,2,0,3
269,host-10,5,0,14,5,0,0,0.253563,0,32000,8114,0.253563,131072,7190,0.054855,0,0,5
269,host-11,6,0,14,6,0,0,0.257219,0,32000,8231,0.257219,131072,7845,0.059853,0,0,6
269,host-12,5,1,14,5,1,0,0.228094,0,32000,7299,0.228094,131072,7776,0.059326,1,0,4
269,host-13,6,0,14,6,0,0,0.297094,0,32000,9507,0.297094,131072,8561,0.065315,0,0,6
269,host-14,6,0,14,6,0,0,0.255031,0,32000,8161,0.255031,131072,8881,0.067757,0,0,6
269,host-15,5,0,14,5,0,0,0.274438,0,32000,8782,0.274438,131072,9086,0.069321,0,0,5
269,host-16,7,0,14,7,0,0,0.296656,0,32000,9493,0.296656,131072,10214,0.077927,0,0,7
269,host-17,5,0,14,5,0,0,0.207000,0,32000,6624,0.207000,131072,7392,0.056396,0,0,5
269,host-18,5,0,14,5,0,0,0.207063,0,32000,6626,0.207063,131072,5935,0.045280,0,0,5
269,host-19,5,0,14,5,0,0,0.230781,0,32000,7385,0.230781,131072,8245,0.062904,0,0,5
269,host-2,4,0,14,4,0,0,0.209313,0,32000,6698,0.209313,131072,6122,0.046707,0,0,4
269,host-20,5,0,14,5,0,0,0.261781,0,32000,8377,0.261781,131072,9405,0.071754,0,0,5
269,host-21,5,0,14,5,0,0,0.234437,0,32000,7502,0.234437,131072,8341,0.063637,0,0,5
269,host-22,5,0,14,5,0,0,0.279562,0,32000,8946,0.279562,131072,9997,0.076271,0,0,5
269,host-23,5,0,14,5,0,0,0.273000,0,32000,8736,0.273000,131072,7998,0.061020,0,0,5
269,host-24,5,0,14,5,0,0,0.271594,0,32000,8691,0.271594,131072,8425,0.064278,0,0,5
269,host-3,5,0,14,5,0,0,0.295469,0,32000,9455,0.295469,131072,10614,0.080978,0,0,5
269,host-4,6,0,14,6,0,0,0.286281,0,32000,9161,0.286281,131072,9503,0.072502,0,0,6
269,host-5,7,0,14,7,0,0,0.268250,0,32000,8584,0.268250,131072,8339,0.063622,0,0,7
269,host-6,5,0,14,5,0,0,0.207844,0,32000,6651,0.207844,131072,5334,0.040695,0,0,5
269,host-7,5,1,14,5,1,0,0.241187,0,32000,7718,0.241187,131072,8973,0.068459,1,0,4
269,host-8,5,1,14,5,1,0,0.314875,0,32000,10076,0.314875,131072,10601,0.080879,0,1,4
269,host-9,5,0,14,5,0,0,0.261125,0,32000,8356,0.261125,131072,7927,0.060478,0,0,5
270,host-1,5,1,14,5,1,0,0.271125,0,32000,8676,0.271125,131072,8289,0.063240,1,0,4
270,host-10,5,0,14,5,0,0,0.253563,0,32000,8114,0.253563,131072,7190,0.054855,0,0,5
270,host-11,6,0,14,6,0,0,0.257219,0,32000,8231,0.257219,131072,7845,0.059853,0,0,6
270,host-12,4,0,14,4,0,0,0.178813,0,32000,5722,0.178813,131072,5849,0.044624,0,0,4
270,host-13,6,0,14,6,0,0,0.297094,0,32000,9507,0.297094,131072,8561,0.065315,0,0,6
270,host-14,6,0,14,6,0,0,0.255031,0,32000,8161,0.255031,131072,8881,0.067757,0,0,6
270,host-15,5,0,14,5,0,0,0.274438,0,32000,8782,0.274438,131072,9086,0.069321,0,0,5
270,host-16,6,0,14,6,0,0,0.268937,0,32000,8606,0.268937,131072,8883,0.067772,0,0,6
270,host-17,4,0,14,4,0,0,0.158531,0,32000,5073,0.158531,131072,5161,0.039375,0,0,4
270,host-18,5,0,14,5,0,0,0.207063,0,32000,6626,0.207063,131072,5935,0.045280,0,0,5
270,host-19,4,0,14,4,0,0,0.169250,0,32000,5416,0.169250,131072,5988,0.045685,0,0,4
270,host-2,4,0,14,4,0,0,0.209313,0,32000,6698,0.209313,131072,6122,0.046707,0,0,4
270,host-20,4,0,14,4,0,0,0.193781,0,32000,6201,0.193781,131072,6526,0.049789,0,0,4
270,host-21,5,0,14,5,0,0,0.234437,0,32000,7502,0.234437,131072,8341,0.063637,0,0,5
270,host-22,3,0,14,3,0,0,0.176406,0,32000,5645,0.176406,131072,5529,0.042183,0,0,3
270,host-23,5,0,14,5,0,0,0.273000,0,32000,8736,0.273000,131072,7998,0.061020,0,0,5
270,host-24,5,0,14,5,0,0,0.271594,0,32000,8691,0.271594,131072,8425,0.064278,0,0,5
270,host-3,5,0,14,5,0,0,0.295469,0,32000,9455,0.295469,131072,10614,0.080978,0,0,5
270,host-4,6,0,14,6,0,0,0.286281,0,32000,9161,0.286281,131072,9503,0.072502,0,0,6
270,host-5,7,1,14,7,1,0,0.268250,0,32000,8584,0.268250,131072,8339,0.063622,0,1,6
270,host-6,5,0,14,5,0,0,0.207844,0,32000,6651,0.207844,131072,5334,0.040695,0,0,5
270,host-7,5,2,14,5,2,0,0.241187,0,32000,7718,0.241187,131072,8973,0.068459,0,2,3
270,host-8,5,0,14,5,0,0,0.314875,0,32000,10076,0.314875,131072,10601,0.080879,0,0,5
270,host-9,5,0,14,5,0,0,0.261125,0,32000,8356,0.261125,131072,7927,0.060478,0,0,5
271,host-1,4,0,14,4,0,0,0.214688,0,32000,6870,0.214688,131072,6165,0.047035,0,0,4
271,host-10,5,0,14,5,0,0,0.253563,0,32000,8114,0.253563,131072,7190,0.054855,0,0,5
271,host-11,6,0,14,6,0,0,0.257219,0,32000,8231,0.257219,131072,7845,0.059853,0,0,6
271,host-12,4,0,14,4,0,0,0.178813,0,32000,5722,0.178813,131072,5849,0.044624,0,0,4
271,host-13,6,0,14,6,0,0,0.297094,0,32000,9507,0.297094,131072,8561,0.065315,0,0,6
271,host-14,5,0,14,5,0,0,0.206563,0,32000,6610,0.206563,131072,6650,0.050735,0,0,5
271,host-15,4,0,14,4,0,0,0.235500,0,32000,7536,0.235500,131072,8291,0.063255,0,0,4
271,host-16,6,0,14,6,0,0,0.268937,0,32000,8606,0.268937,131072,8883,0.067772,0,0,6
271,host-17,5,1,14,5,1,0,0.186781,0,32000,5977,0.186781,131072,6526,0.049789,0,1,4
271,host-18,5,0,14,5,0,0,0.207063,0,32000,6626,0.207063,131072,5935,0.045280,0,0,5
271,host-19,5,1,14,5,1,0,0.227687,0,32000,7286,0.227687,131072,8332,0.063568,1,0,4
271,host-2,4,0,14,4,0,0,0.209313,0,32000,6698,0.209313,131072,6122,0.046707,0,0,4
271,host-20,4,0,14,4,0,0,0.193781,0,32000,6201,0.193781,131072,6526,0.049789,0,0,4
271,host-21,5,0,14,5,0,0,0.234437,0,32000,7502,0.234437,131072,8341,0.063637,0,0,5
271,host-22,3,0,14,3,0,0,0.176406,0,32000,5645,0.176406,131072,5529,0.042183,0,0,3
271,host-23,5,0,14,5,0,0,0.273000,0,32000,8736,0.273000,131072,7998,0.061020,0,0,5
271,host-24,5,1,14,5,1,0,0.271594,0,32000,8691,0.271594,131072,8425,0.064278,0,1,4
271,host-3,5,0,14,5,0,0,0.295469,0,32000,9455,0.295469,131072,10614,0.080978,0,0,5
271,host-4,6,1,14,6,1,0,0.286281,0,32000,9161,0.286281,131072,9503,0.072502,0,1,5
271,host-5,7,1,14,7,1,0,0.268250,0,32000,8584,0.268250,131072,8339,0.063622,0,1,6
271,host-6,5,0,14,5,0,0,0.207844,0,32000,6651,0.207844,131072,5334,0.040695,0,0,5
271,host-7,5,0,14,5,0,0,0.241187,0,32000,7718,0.241187,131072,8973,0.068459,0,0,5
271,host-8,4,0,14,4,0,0,0.277344,0,32000,8875,0.277344,131072,9549,0.072853,0,0,4
271,host-9,5,1,14,5,1,0,0.261125,0,32000,8356,0.261125,131072,7927,0.060478,0,1,4
272,host-1,4,0,14,4,0,0,0.214688,0,32000,6870,0.214688,131072,6165,0.047035,0,0,4
272,host-10,3,0,14,3,0,0,0.188250,0,32000,6024,0.188250,131072,5616,0.042847,0,0,3
272,host-11,6,0,14,6,0,0,0.257219,0,32000,8231,0.257219,131072,7845,0.059853,0,0,6
272,host-12,4,0,14,4,0,0,0.178813,0,32000,5722,0.178813,131072,5849,0.044624,0,0,4
272,host-13,6,0,14,6,0,0,0.297094,0,32000,9507,0.297094,131072,8561,0.065315,0,0,6
272,host-14,5,0,14,5,0,0,0.206563,0,32000,6610,0.206563,131072,6650,0.050735,0,0,5
272,host-15,4,0,14,4,0,0,0.235500,0,32000,7536,0.235500,131072,8291,0.063255,0,0,4
272,host-16,6,0,14,6,0,0,0.268937,0,32000,8606,0.268937,131072,8883,0.067772,0,0,6
272,host-17,5,0,14,5,0,0,0.186781,0,32000,5977,0.186781,131072,6526,0.049789,0,0,5
272,host-18,5,1,14,5,1,0,0.207063,0,32000,6626,0.207063,131072,5935,0.045280,0,1,4
272,host-19,4,1,14,4,1,0,0.201063,0,32000,6434,0.201063,131072,7259,0.055382,0,1,3
272,host-2,3,1,14,3,1,0,0.150656,0,32000,4821,0.150656,131072,4558,0.034775,0,1,2
272,host-20,4,0,14,4,0,0,0.193781,0,32000,6201,0.193781,131072,6526,0.049789,0,0,4
272,host-21,5,0,14,5,0,0,0.234437,0,32000,7502,0.234437,131072,8341,0.063637,0,0,5
272,host-22,4,1,14,4,1,0,0.233906,0,32000,7485,0.233906,131072,7718,0.058884,1,0,3
272,host-23,5,0,14,5,0,0,0.273000,0,32000,8736,0.273000,131072,7998,0.061020,0,0,5
272,host-24,5,0,14,5,0,0,0.271594,0,32000,8691,0.271594,131072,8425,0.064278,0,0,5
272,host-3,4,0,14,4,0,0,0.236031,0,32000,7553,0.236031,131072,8075,0.061607,0,0,4
272,host-4,6,0,14,6,0,0,0.286281,0,32000,9161,0.286281,131072,9503,0.072502,0,0,6
272,host-5,7,0,14,7,0,0,0.268250,0,32000,8584,0.268250,131072,8339,0.063622,0,0,7
272,host-6,5,1,14,5,1,0,0.207844,0,32000,6651,0.207844,131072,5334,0.040695,0,1,4
272,host-7,5,0,14,5,0,0,0.241187,0,32000,7718,0.241187,131072,8973,0.068459,0,0,5
272,host-8,4,0,14,4,0,0,0.277344,0,32000,8875,0.277344,131072,9549,0.072853,0,0,4
272,host-9,5,0,14,5,0,0,0.261125,0,32000,8356,0.261125,131072,7927,0.060478,0,0,5
273,host-1,4,0,14,4,0,0,0.214688,0,32000,6870,0.214688,131072,6165,0.047035,0,0,4
273,host-10,3,0,14,3,0,0,0.188250,0,32000,6024,0.188250,131072,5616,0.042847,0,0,3
273,host-11,5,0,14,5,0,0,0.191000,0,32000,6112,0.191000,131072,5103,0.038933,0,0,5
273,host-12,4,0,14,4,0,0,0.178813,0,32000,5722,0.178813,131072,5849,0.044624,0,0,4
273,host-13,6,0,14,6,0,0,0.297094,0,32000,9507,0.297094,131072,8561,0.065315,0,0,6
273,host-14,5,0,14,5,0,0,0.206563,0,32000,6610,0.206563,131072,6650,0.050735,0,0,5
273,host-15,4,0,14,4,0,0,0.235500,0,32000,7536,0.235500,131072,8291,0.063255,0,0,4
273,host-16,5,0,14,5,0,0,0.233094,0,32000,7459,0.233094,131072,8019,0.061180,0,0,5
273,host-17,5,0,14,5,0,0,0.186781,0,32000,5977,0.186781,131072,6526,0.049789,0,0,5
273,host-18,5,0,14,5,0,0,0.207063,0,32000,6626,0.207063,131072,5935,0.045280,0,0,5
273,host-19,4,0,14,4,0,0,0.201063,0,32000,6434,0.201063,131072,7259,0.055382,0,0,4
273,host-2,4,1,14,4,1,0,0.199937,0,32000,6398,0.199937,131072,6485,0.049477,1,0,3
273,host-20,4,0,14,4,0,0,0.193781,0,32000,6201,0.193781,131072,6526,0.049789,0,0,4
273,host-21,5,0,14,5,0,0,0.234437,0,32000,7502,0.234437,131072,8341,0.063637,0,0,5
273,host-22,4,1,14,4,1,0,0.233906,0,32000,7485,0.233906,131072,7718,0.058884,0,1,3
273,host-23,4,0,14,4,0,0,0.225438,0,32000,7214,0.225438,131072,6148,0.046906,0,0,4
273,host-24,5,0,14,5,0,0,0.271594,0,32000,8691,0.271594,131072,8425,0.064278,0,0,5
273,host-3,4,0,14,4,0,0,0.236031,0,32000,7553,0.236031,131072,8075,0.061607,0,0,4
273,host-4,6,0,14,6,0,0,0.286281,0,32000,9161,0.286281,131072,9503,0.072502,0,0,6
273,host-5,7,0,14,7,0,0,0.268250,0,32000,8584,0.268250,131072,8339,0.063622,0,0,7
273,host-6,5,0,14,5,0,0,0.207844,0,32000,6651,0.207844,131072,5334,0.040695,0,0,5
273,host-7,5,0,14,5,0,0,0.241187,0,32000,7718,0.241187,131072,8973,0.068459,0,0,5
273,host-8,3,0,14,3,0,0,0.209219,0,32000,6695,0.209219,131072,6818,0.052017,0,0,3
273,host-9,5,0,14,5,0,0,0.261125,0,32000,8356,0.261125,131072,7927,0.060478,0,0,5
274,host-1,4,0,14,4,0,0,0.214688,0,32000,6870,0.214688,131072,6165,0.047035,0,0,4
274,host-10,2,1,14,2,1,0,0.116812,0,32000,3738,0.116812,131072,3750,0.028610,0,1,1
274,host-11,5,0,14,5,0,0,0.191000,0,32000,6112,0.191000,131072,5103,0.038933,0,0,5
274,host-12,5,2,14,5,2,0,0.235250,0,32000,7528,0.235250,131072,7973,0.060829,1,1,3
274,host-13,6,0,14,6,0,0,0.297094,0,32000,9507,0.297094,131072,8561,0.065315,0,0,6
274,host-14,5,0,14,5,0,0,0.206563,0,32000,6610,0.206563,131072,6650,0.050735,0,0,5
274,host-15,3,0,14,3,0,0,0.161719,0,32000,5175,0.161719,131072,5685,0.043373,0,0,3
274,host-16,5,0,14,5,0,0,0.233094,0,32000,7459,0.233094,131072,8019,0.061180,0,0,5
274,host-17,5,0,14,5,0,0,0.186781,0,32000,5977,0.186781,131072,6526,0.049789,0,0,5
274,host-18,5,1,14,5,1,0,0.207063,0,32000,6626,0.207063,131072,5935,0.045280,0,1,4
274,host-19,4,0,14,4,0,0,0.201063,0,32000,6434,0.201063,131072,7259,0.055382,0,0,4
274,host-2,4,1,14,4,1,0,0.199937,0,32000,6398,0.199937,131072,6485,0.049477,0,1,3
274,host-20,4,0,14,4,0,0,0.193781,0,32000,6201,0.193781,131072,6526,0.049789,0,0,4
274,host-21,5,0,14,5,0,0,0.234437,0,32000,7502,0.234437,131072,8341,0.063637,0,0,5
274,host-22,4,0,14,4,0,0,0.233906,0,32000,7485,0.233906,131072,7718,0.058884,0,0,4
274,host-23,4,0,14,4,0,0,0.225438,0,32000,7214,0.225438,131072,6148,0.046906,0,0,4
274,host-24,5,0,14,5,0,0,0.271594,0,32000,8691,0.271594,131072,8425,0.064278,0,0,5
274,host-3,4,0,14,4,0,0,0.236031,0,32000,7553,0.236031,131072,8075,0.061607,0,0,4
274,host-4,6,0,14,6,0,0,0.286281,0,32000,9161,0.286281,131072,9503,0.072502,0,0,6
274,host-5,7,0,14,7,0,0,0.268250,0,32000,8584,0.268250,131072,8339,0.063622,0,0,7
274,host-6,5,0,14,5,0,0,0.207844,0,32000,6651,0.207844,131072,5334,0.040695,0,0,5
274,host-7,5,0,14,5,0,0,0.241187,0,32000,7718,0.241187,131072,8973,0.068459,0,0,5
274,host-8,3,0,14,3,0,0,0.209219,0,32000,6695,0.209219,131072,6818,0.052017,0,0,3
274,host-9,5,0,14,5,0,0,0.261125,0,32000,8356,0.261125,131072,7927,0.060478,0,0,5
275,host-1,4,0,14,4,0,0,0.214688,0,32000,6870,0.214688,131072,6165,0.047035,0,0,4
275,host-10,2,0,14,2,0,0,0.116812,0,32000,3738,0.116812,131072,3750,0.028610,0,0,2
275,host-11,5,0,14,5,0,0,0.191000,0,32000,6112,0.191000,131072,5103,0.038933,0,0,5
275,host-12,5,0,14,5,0,0,0.235250,0,32000,7528,0.235250,131072,7973,0.060829,0,0,5
275,host-13,5,0,14,5,0,0,0.239187,0,32000,7654,0.239187,131072,7154,0.054581,0,0,5
275,host-14,5,0,14,5,0,0,0.206563,0,32000,6610,0.206563,131072,6650,0.050735,0,0,5
275,host-15,3,0,14,3,0,0,0.161719,0,32000,5175,0.161719,131072,5685,0.043373,0,0,3
275,host-16,5,0,14,5,0,0,0.233094,0,32000,7459,0.233094,131072,8019,0.061180,0,0,5
275,host-17,5,0,14,5,0,0,0.186781,0,32000,5977,0.186781,131072,6526,0.049789,0,0,5
275,host-18,5,0,14,5,0,0,0.207063,0,32000,6626,0.207063,131072,5935,0.045280,0,0,5
275,host-19,4,0,14,4,0,0,0.201063,0,32000,6434,0.201063,131072,7259,0.055382,0,0,4
275,host-2,4,1,14,4,1,0,0.199937,0,32000,6398,0.199937,131072,6485,0.049477,0,1,3
275,host-20,4,0,14,4,0,0,0.193781,0,32000,6201,0.193781,131072,6526,0.049789,0,0,4
275,host-21,4,0,14,4,0,0,0.206125,0,32000,6596,0.206125,131072,7143,0.054497,0,0,4
275,host-22,4,1,14,4,1,0,0.233906,0,32000,7485,0.233906,131072,7718,0.058884,0,1,3
275,host-23,4,0,14,4,0,0,0.225438,0,32000,7214,0.225438,131072,6148,0.046906,0,0,4
275,host-24,4,1,14,4,1,0,0.203500,0,32000,6512,0.203500,131072,5995,0.045738,0,1,3
275,host-3,4,0,14,4,0,0,0.236031,0,32000,7553,0.236031,131072,8075,0.061607,0,0,4
275,host-4,5,0,14,5,0,0,0.255781,0,32000,8185,0.255781,131072,8242,0.062881,0,0,5
275,host-5,7,0,14,7,0,0,0.268250,0,32000,8584,0.268250,131072,8339,0.063622,0,0,7
275,host-6,5,1,14,5,1,0,0.207844,0,32000,6651,0.207844,131072,5334,0.040695,0,1,4
275,host-7,5,0,14,5,0,0,0.241187,0,32000,7718,0.241187,131072,8973,0.068459,0,0,5
275,host-8,2,0,14,2,0,0,0.137781,0,32000,4409,0.137781,131072,4952,0.037781,0,0,2
275,host-9,4,0,14,4,0,0,0.238156,0,32000,7621,0.238156,131072,6731,0.051353,0,0,4
276,host-1,3,0,14,3,0,0,0.183875,0,32000,5884,0.183875,131072,5571,0.042503,0,0,3
276,host-10,2,0,14,2,0,0,0.116812,0,32000,3738,0.116812,131072,3750,0.028610,0,0,2
276,host-11,5,0,14,5,0,0,0.191000,0,32000,6112,0.191000,131072,5103,0.038933,0,0,5
276,host-12,5,0,14,5,0,0,0.235250,0,32000,7528,0.235250,131072,7973,0.060829,0,0,5
276,host-13,5,1,14,5,1,0,0.239187,0,32000,7654,0.239187,131072,7154,0.054581,0,1,4
276,host-14,4,0,14,4,0,0,0.137750,0,32000,4408,0.137750,131072,4756,0.036285,0,0,4
276,host-15,3,0,14,3,0,0,0.161719,0,32000,5175,0.161719,131072,5685,0.043373,0,0,3
276,host-16,4,0,14,4,0,0,0.175000,0,32000,5600,0.175000,131072,5413,0.041298,0,0,4
276,host-17,5,0,14,5,0,0,0.186781,0,32000,5977,0.186781,131072,6526,0.049789,0,0,5
276,host-18,5,2,14,5,2,0,0.207063,0,32000,6626,0.207063,131072,5935,0.045280,0,2,3
276,host-19,4,0,14,4,0,0,0.201063,0,32000,6434,0.201063,131072,7259,0.055382,0,0,4
276,host-2,4,0,14,4,0,0,0.199937,0,32000,6398,0.199937,131072,6485,0.049477,0,0,4
276,host-20,3,0,14,3,0,0,0.153781,0,32000,4921,0.153781,131072,5926,0.045212,0,0,3
276,host-21,4,0,14,4,0,0,0.206125,0,32000,6596,0.206125,131072,7143,0.054497,0,0,4
276,host-22,3,0,14,3,0,0,0.170281,0,32000,5449,0.170281,131072,5419,0.041344,0,0,3
276,host-23,4,0,14,4,0,0,0.225438,0,32000,7214,0.225438,131072,6148,0.046906,0,0,4
276,host-24,4,0,14,4,0,0,0.203500,0,32000,6512,0.203500,131072,5995,0.045738,0,0,4
276,host-3,4,0,14,4,0,0,0.236031,0,32000,7553,0.236031,131072,8075,0.061607,0,0,4
276,host-4,5,0,14,5,0,0,0.255781,0,32000,8185,0.255781,131072,8242,0.062881,0,0,5
276,host-5,7,0,14,7,0,0,0.268250,0,32000,8584,0.268250,131072,8339,0.063622,0,0,7
276,host-6,5,0,14,5,0,0,0.207844,0,32000,6651,0.207844,131072,5334,0.040695,0,0,5
276,host-7,5,0,14,5,0,0,0.241187,0,32000,7718,0.241187,131072,8973,0.068459,0,0,5
276,host-8,2,1,14,2,1,0,0.137781,0,32000,4409,0.137781,131072,4952,0.037781,0,1,1
276,host-9,4,0,14,4,0,0,0.238156,0,32000,7621,0.238156,131072,6731,0.051353,0,0,4
277,host-1,3,0,14,3,0,0,0.183875,0,32000,5884,0.183875,131072,5571,0.042503,0,0,3
277,host-10,2,0,14,2,0,0,0.116812,0,32000,3738,0.116812,131072,3750,0.028610,0,0,2
277,host-11,5,0,14,5,0,0,0.191000,0,32000,6112,0.191000,131072,5103,0.038933,0,0,5
277,host-12,5,0,14,5,0,0,0.235250,0,32000,7528,0.235250,131072,7973,0.060829,0,0,5
277,host-13,5,0,14,5,0,0,0.239187,0,32000,7654,0.239187,131072,7154,0.054581,0,0,5
277,host-14,4,0,14,4,0,0,0.137750,0,32000,4408,0.137750,131072,4756,0.036285,0,0,4
277,host-15,3,0,14,3,0,0,0.161719,0,32000,5175,0.161719,131072,5685,0.043373,0,0,3
277,host-16,4,0,14,4,0,0,0.175000,0,32000,5600,0.175000,131072,5413,0.041298,0,0,4
277,host-17,5,0,14,5,0,0,0.186781,0,32000,5977,0.186781,131072,6526,0.049789,0,0,5
277,host-18,5,0,14,5,0,0,0.207063,0,32000,6626,0.207063,131072,5935,0.045280,0,0,5
277,host-19,3,0,14,3,0,0,0.170375,0,32000,5452,0.170375,131072,6899,0.052635,0,0,3
277,host-2,4,0,14,4,0,0,0.199937,0,32000,6398,0.199937,131072,6485,0.049477,0,0,4
277,host-20,2,1,14,2,1,0,0.110562,0,32000,3538,0.110562,131072,4341,0.033119,0,1,1
277,host-21,4,0,14,4,0,0,0.206125,0,32000,6596,0.206125,131072,7143,0.054497,0,0,4
277,host-22,3,0,14,3,0,0,0.170281,0,32000,5449,0.170281,131072,5419,0.041344,0,0,3
277,host-23,4,0,14,4,0,0,0.225438,0,32000,7214,0.225438,131072,6148,0.046906,0,0,4
277,host-24,4,0,14,4,0,0,0.203500,0,32000,6512,0.203500,131072,5995,0.045738,0,0,4
277,host-3,4,0,14,4,0,0,0.236031,0,32000,7553,0.236031,131072,8075,0.061607,0,0,4
277,host-4,4,0,14,4,0,0,0.190688,0,32000,6102,0.190688,131072,5488,0.041870,0,0,4
277,host-5,7,0,14,7,0,0,0.268250,0,32000,8584,0.268250,131072,8339,0.063622,0,0,7
277,host-6,5,0,14,5,0,0,0.207844,0,32000,6651,0.207844,131072,5334,0.040695,0,0,5
277,host-7,5,0,14,5,0,0,0.241187,0,32000,7718,0.241187,131072,8973,0.068459,0,0,5
277,host-8,2,0,14,2,0,0,0.137781,0,32000,4409,0.137781,131072,4952,0.037781,0,0,2
277,host-9,4,0,14,4,0,0,0.238156,0,32000,7621,0.238156,131072,6731,0.051353,0,0,4
278,host-1,3,0,14,3,0,0,0.183875,0,32000,5884,0.183875,131072,5571,0.042503,0,0,3
278,host-10,3,1,14,3,1,0,0.187531,0,32000,6001,0.187531,131072,6330,0.048294,1,0,2
278,host-11,5,0,14,5,0,0,0.191000,0,32000,6112,0.191000,131072,5103,0.038933,0,0,5
278,host-12,5,0,14,5,0,0,0.235250,0,32000,7528,0.235250,131072,7973,0.060829,0,0,5
278,host-13,5,0,14,5,0,0,0.239187,0,32000,7654,0.239187,131072,7154,0.054581,0,0,5
278,host-14,5,2,14,5,2,0,0.179125,0,32000,5732,0.179125,131072,5870,0.044785,1,1,3
278,host-15,3,0,14,3,0,0,0.161719,0,32000,5175,0.161719,131072,5685,0.043373,0,0,3
278,host-16,4,0,14,4,0,0,0.175000,0,32000,5600,0.175000,131072,5413,0.041298,0,0,4
278,host-17,5,0,14,5,0,0,0.186781,0,32000,5977,0.186781,131072,6526,0.049789,0,0,5
278,host-18,5,0,14,5,0,0,0.207063,0,32000,6626,0.207063,131072,5935,0.045280,0,0,5
278,host-19,2,0,14,2,0,0,0.112281,0,32000,3593,0.112281,131072,4293,0.032753,0,0,2
278,host-2,4,0,14,4,0,0,0.199937,0,32000,6398,0.199937,131072,6485,0.049477,0,0,4
278,host-20,3,1,14,3,1,0,0.186531,0,32000,5969,0.186531,131072,7261,0.055397,1,0,2
278,host-21,4,0,14,4,0,0,0.206125,0,32000,6596,0.206125,131072,7143,0.054497,0,0,4
278,host-22,3,0,14,3,0,0,0.170281,0,32000,5449,0.170281,131072,5419,0.041344,0,0,3
278,host-23,4,0,14,4,0,0,0.225438,0,32000,7214,0.225438,131072,6148,0.046906,0,0,4
278,host-24,4,0,14,4,0,0,0.203500,0,32000,6512,0.203500,131072,5995,0.045738,0,0,4
278,host-3,3,0,14,3,0,0,0.168750,0,32000,5400,0.168750,131072,5439,0.041496,0,0,3
278,host-4,4,0,14,4,0,0,0.190688,0,32000,6102,0.190688,131072,5488,0.041870,0,0,4
278,host-5,6,0,14,6,0,0,0.237563,0,32000,7602,0.237563,131072,7979,0.060875,0,0,6
278,host-6,5,1,14,5,1,0,0.207844,0,32000,6651,0.207844,131072,5334,0.040695,0,1,4
278,host-7,4,0,14,4,0,0,0.204719,0,32000,6551,0.204719,131072,7608,0.058044,0,0,4
278,host-8,2,0,14,2,0,0,0.137781,0,32000,4409,0.137781,131072,4952,0.037781,0,0,2
278,host-9,4,0,14,4,0,0,0.238156,0,32000,7621,0.238156,131072,6731,0.051353,0,0,4
279,host-1,3,0,14,3,0,0,0.183875,0,32000,5884,0.183875,131072,5571,0.042503,0,0,3
279,host-10,3,0,14,3,0,0,0.187531,0,32000,6001,0.187531,131072,6330,0.048294,0,0,3
279,host-11,4,0,14,4,0,0,0.155781,0,32000,4985,0.155781,131072,4003,0.030540,0,0,4
279,host-12,5,0,14,5,0,0,0.235250,0,32000,7528,0.235250,131072,7973,0.060829,0,0,5
279,host-13,5,0,14,5,0,0,0.239187,0,32000,7654,0.239187,131072,7154,0.054581,0,0,5
279,host-14,5,1,14,5,1,0,0.179125,0,32000,5732,0.179125,131072,5870,0.044785,1,0,4
279,host-15,4,2,14,4,2,0,0.182562,0,32000,5842,0.182562,131072,5929,0.045235,2,0,2
279,host-16,4,1,14,4,1,0,0.202031,0,32000,6465,0.202031,131072,6623,0.050529,1,0,3
279,host-17,5,0,14,5,0,0,0.186781,0,32000,5977,0.186781,131072,6526,0.049789,0,0,5
279,host-18,4,0,14,4,0,0,0.163312,0,32000,5226,0.163312,131072,4831,0.036858,0,0,4
279,host-19,4,2,14,4,2,0,0.197187,0,32000,6310,0.197187,131072,7383,0.056328,2,0,2
279,host-2,4,0,14,4,0,0,0.199937,0,32000,6398,0.199937,131072,6485,0.049477,0,0,4
279,host-20,3,0,14,3,0,0,0.186531,0,32000,5969,0.186531,131072,7261,0.055397,0,0,3
279,host-21,4,0,14,4,0,0,0.206125,0,32000,6596,0.206125,131072,7143,0.054497,0,0,4
279,host-22,3,1,14,3,1,0,0.147531,0,32000,4721,0.147531,131072,4587,0.034996,1,0,2
279,host-23,4,0,14,4,0,0,0.225438,0,32000,7214,0.225438,131072,6148,0.046906,0,0,4
279,host-24,4,0,14,4,0,0,0.203500,0,32000,6512,0.203500,131072,5995,0.045738,0,0,4
279,host-3,3,0,14,3,0,0,0.168750,0,32000,5400,0.168750,131072,5439,0.041496,0,0,3
279,host-4,4,0,14,4,0,0,0.190688,0,32000,6102,0.190688,131072,5488,0.041870,0,0,4
279,host-5,6,0,14,6,0,0,0.237563,0,32000,7602,0.237563,131072,7979,0.060875,0,0,6
279,host-6,5,0,14,5,0,0,0.207844,0,32000,6651,0.207844,131072,5334,0.040695,0,0,5
279,host-7,4,0,14,4,0,0,0.204719,0,32000,6551,0.204719,131072,7608,0.058044,0,0,4
279,host-8,3,1,14,3,1,0,0.200594,0,32000,6419,0.200594,131072,7366,0.056198,1,0,2
279,host-9,4,0,14,4,0,0,0.238156,0,32000,7621,0.238156,131072,6731,0.051353,0,0,4
280,host-1,3,0,14,3,0,0,0.183875,0,32000,5884,0.183875,131072,5571,0.042503,0,0,3
280,host-10,3,0,14,3,0,0,0.187531,0,32000,6001,0.187531,131072,6330,0.048294,0,0,3
280,host-11,5,1,14,5,1,0,0.198594,0,32000,6355,0.198594,131072,5200,0.039673,1,0,4
280,host-12,5,0,14,5,0,0,0.235250,0,32000,7528,0.235250,131072,7973,0.060829,0,0,5
280,host-13,5,0,14,5,0,0,0.239187,0,32000,7654,0.239187,131072,7154,0.054581,0,0,5
280,host-14,5,0,14,5,0,0,0.179125,0,32000,5732,0.179125,131072,5870,0.044785,0,0,5
280,host-15,4,0,14,4,0,0,0.182562,0,32000,5842,0.182562,131072,5929,0.045235,0,0,4
280,host-16,4,1,14,4,1,0,0.202031,0,32000,6465,0.202031,131072,6623,0.050529,1,0,3
280,host-17,5,0,14,5,0,0,0.186781,0,32000,5977,0.186781,131072,6526,0.049789,0,0,5
280,host-18,4,0,14,4,0,0,0.163312,0,32000,5226,0.163312,131072,4831,0.036858,0,0,4
280,host-19,3,1,14,3,1,0,0.143344,0,32000,4587,0.143344,131072,5434,0.041458,1,0,2
280,host-2,4,0,14,4,0,0,0.199937,0,32000,6398,0.199937,131072,6485,0.049477,0,0,4
280,host-20,3,0,14,3,0,0,0.186531,0,32000,5969,0.186531,131072,7261,0.055397,0,0,3
280,host-21,4,0,14,4,0,0,0.206125,0,32000,6596,0.206125,131072,7143,0.054497,0,0,4
280,host-22,4,2,14,4,2,0,0.218312,0,32000,6986,0.218312,131072,6901,0.052650,2,0,2
280,host-23,4,0,14,4,0,0,0.225438,0,32000,7214,0.225438,131072,6148,0.046906,0,0,4
280,host-24,4,0,14,4,0,0,0.203500,0,32000,6512,0.203500,131072,5995,0.045738,0,0,4
280,host-3,3,0,14,3,0,0,0.168750,0,32000,5400,0.168750,131072,5439,0.041496,0,0,3
280,host-4,4,0,14,4,0,0,0.190688,0,32000,6102,0.190688,131072,5488,0.041870,0,0,4
280,host-5,6,0,14,6,0,0,0.237563,0,32000,7602,0.237563,131072,7979,0.060875,0,0,6
280,host-6,5,0,14,5,0,0,0.207844,0,32000,6651,0.207844,131072,5334,0.040695,0,0,5
280,host-7,4,0,14,4,0,0,0.204719,0,32000,6551,0.204719,131072,7608,0.058044,0,0,4
280,host-8,3,1,14,3,1,0,0.200594,0,32000,6419,0.200594,131072,7366,0.056198,1,0,2
280,host-9,4,0,14,4,0,0,0.238156,0,32000,7621,0.238156,131072,6731,0.051353,0,0,4
281,host-1,3,0,14,3,0,0,0.183875,0,32000,5884,0.183875,131072,5571,0.042503,0,0,3
281,host-10,3,0,14,3,0,0,0.187531,0,32000,6001,0.187531,131072,6330,0.048294,0,0,3
281,host-11,5,1,14,5,1,0,0.198594,0,32000,6355,0.198594,131072,5200,0.039673,1,0,4
281,host-12,4,1,14,4,1,0,0.196906,0,32000,6301,0.196906,131072,6773,0.051674,0,1,3
281,host-13,4,1,14,4,1,0,0.214812,0,32000,6874,0.214812,131072,6108,0.046600,0,1,3
281,host-14,4,0,14,4,0,0,0.147594,0,32000,4723,0.147594,131072,4543,0.034660,0,0,4
281,host-15,4,1,14,4,1,0,0.182562,0,32000,5842,0.182562,131072,5929,0.045235,0,1,3
281,host-16,4,0,14,4,0,0,0.202031,0,32000,6465,0.202031,131072,6623,0.050529,0,0,4
281,host-17,4,0,14,4,0,0,0.142313,0,32000,4554,0.142313,131072,4608,0.035156,0,0,4
281,host-18,4,0,14,4,0,0,0.163312,0,32000,5226,0.163312,131072,4831,0.036858,0,0,4
281,host-19,4,1,14,4,1,0,0.203031,0,32000,6497,0.203031,131072,7271,0.055473,1,0,3
281,host-2,4,1,14,4,1,0,0.199937,0,32000,6398,0.199937,131072,6485,0.049477,0,1,3
281,host-20,3,0,14,3,0,0,0.186531,0,32000,5969,0.186531,131072,7261,0.055397,0,0,3
281,host-21,4,0,14,4,0,0,0.206125,0,32000,6596,0.206125,131072,7143,0.054497,0,0,4
281,host-22,4,2,14,4,2,0,0.218312,0,32000,6986,0.218312,131072,6901,0.052650,1,1,2
281,host-23,4,0,14,4,0,0,0.225438,0,32000,7214,0.225438,131072,6148,0.046906,0,0,4
281,host-24,4,0,14,4,0,0,0.203500,0,32000,6512,0.203500,131072,5995,0.045738,0,0,4
281,host-3,3,0,14,3,0,0,0.168750,0,32000,5400,0.168750,131072,5439,0.041496,0,0,3
281,host-4,4,0,14,4,0,0,0.190688,0,32000,6102,0.190688,131072,5488,0.041870,0,0,4
281,host-5,6,0,14,6,0,0,0.237563,0,32000,7602,0.237563,131072,7979,0.060875,0,0,6
281,host-6,5,0,14,5,0,0,0.207844,0,32000,6651,0.207844,131072,5334,0.040695,0,0,5
281,host-7,4,0,14,4,0,0,0.204719,0,32000,6551,0.204719,131072,7608,0.058044,0,0,4
281,host-8,3,0,14,3,0,0,0.200594,0,32000,6419,0.200594,131072,7366,0.056198,0,0,3
281,host-9,4,0,14,4,0,0,0.238156,0,32000,7621,0.238156,131072,6731,0.051353,0,0,4
282,host-1,4,1,14,4,1,0,0.260656,0,32000,8341,0.260656,131072,8357,0.063759,1,0,3
282,host-10,3,0,14,3,0,0,0.187531,0,32000,6001,0.187531,131072,6330,0.048294,0,0,3
282,host-11,5,0,14,5,0,0,0.198594,0,32000,6355,0.198594,131072,5200,0.039673,0,0,5
282,host-12,4,1,14,4,1,0,0.196906,0,32000,6301,0.196906,131072,6773,0.051674,0,1,3
282,host-13,4,1,14,4,1,0,0.206906,0,32000,6621,0.206906,131072,6064,0.046265,1,0,3
282,host-14,6,2,14,6,2,0,0.235906,0,32000,7549,0.235906,131072,7677,0.058571,2,0,4
282,host-15,5,2,14,5,2,0,0.243031,0,32000,7777,0.243031,131072,8343,0.063652,2,0,3
282,host-16,4,0,14,4,0,0,0.202031,0,32000,6465,0.202031,131072,6623,0.050529,0,0,4
282,host-17,5,1,14,5,1,0,0.186781,0,32000,5977,0.186781,131072,6526,0.049789,0,1,4
282,host-18,5,1,14,5,1,0,0.196437,0,32000,6286,0.196437,131072,6084,0.046417,1,0,4
282,host-19,4,0,14,4,0,0,0.203031,0,32000,6497,0.203031,131072,7271,0.055473,0,0,4
282,host-2,4,0,14,4,0,0,0.199937,0,32000,6398,0.199937,131072,6485,0.049477,0,0,4
282,host-20,3,0,14,3,0,0,0.186531,0,32000,5969,0.186531,131072,7261,0.055397,0,0,3
282,host-21,4,0,14,4,0,0,0.206125,0,32000,6596,0.206125,131072,7143,0.054497,0,0,4
282,host-22,4,0,14,4,0,0,0.218312,0,32000,6986,0.218312,131072,6901,0.052650,0,0,4
282,host-23,4,0,14,4,0,0,0.225438,0,32000,7214,0.225438,131072,6148,0.046906,0,0,4
282,host-24,4,0,14,4,0,0,0.203500,0,32000,6512,0.203500,131072,5995,0.045738,0,0,4
282,host-3,4,2,14,4,2,0,0.212969,0,32000,6815,0.212969,131072,6279,0.047905,2,0,2
282,host-4,4,0,14,4,0,0,0.190688,0,32000,6102,0.190688,131072,5488,0.041870,0,0,4
282,host-5,6,0,14,6,0,0,0.237563,0,32000,7602,0.237563,131072,7979,0.060875,0,0,6
282,host-6,5,0,14,5,0,0,0.207844,0,32000,6651,0.207844,131072,5334,0.040695,0,0,5
282,host-7,4,0,14,4,0,0,0.204719,0,32000,6551,0.204719,131072,7608,0.058044,0,0,4
282,host-8,3,0,14,3,0,0,0.200594,0,32000,6419,0.200594,131072,7366,0.056198,0,0,3
282,host-9,4,0,14,4,0,0,0.238156,0,32000,7621,0.238156,131072,6731,0.051353,0,0,4
283,host-1,3,1,14,3,1,0,0.190125,0,32000,6084,0.190125,131072,5944,0.045349,1,0,2
283,host-10,3,0,14,3,0,0,0.187531,0,32000,6001,0.187531,131072,6330,0.048294,0,0,3
283,host-11,5,0,14,5,0,0,0.198594,0,32000,6355,0.198594,131072,5200,0.039673,0,0,5
283,host-12,4,0,14,4,0,0,0.196906,0,32000,6301,0.196906,131072,6773,0.051674,0,0,4
283,host-13,4,0,14,4,0,0,0.206906,0,32000,6621,0.206906,131072,6064,0.046265,0,0,4
283,host-14,6,1,14,6,1,0,0.235906,0,32000,7549,0.235906,131072,7677,0.058571,1,0,5
283,host-15,5,1,14,5,1,0,0.243031,0,32000,7777,0.243031,131072,8343,0.063652,1,0,4
283,host-16,4,0,14,4,0,0,0.202031,0,32000,6465,0.202031,131072,6623,0.050529,0,0,4
283,host-17,6,1,14,6,1,0,0.231313,0,32000,7402,0.231313,131072,8450,0.064468,1,0,5
283,host-18,4,2,14,4,2,0,0.171187,0,32000,5478,0.171187,131072,5610,0.042801,0,2,2
283,host-19,4,0,14,4,0,0,0.203031,0,32000,6497,0.203031,131072,7271,0.055473,0,0,4
283,host-2,4,0,14,4,0,0,0.199937,0,32000,6398,0.199937,131072,6485,0.049477,0,0,4
283,host-20,4,1,14,4,1,0,0.244375,0,32000,7820,0.244375,131072,9573,0.073036,1,0,3
283,host-21,4,0,14,4,0,0,0.206125,0,32000,6596,0.206125,131072,7143,0.054497,0,0,4
283,host-22,3,0,14,3,0,0,0.176313,0,32000,5642,0.176313,131072,5985,0.045662,0,0,3
283,host-23,4,0,14,4,0,0,0.225438,0,32000,7214,0.225438,131072,6148,0.046906,0,0,4
283,host-24,4,0,14,4,0,0,0.203500,0,32000,6512,0.203500,131072,5995,0.045738,0,0,4
283,host-3,4,0,14,4,0,0,0.212969,0,32000,6815,0.212969,131072,6279,0.047905,0,0,4
283,host-4,4,0,14,4,0,0,0.190688,0,32000,6102,0.190688,131072,5488,0.041870,0,0,4
283,host-5,6,0,14,6,0,0,0.237563,0,32000,7602,0.237563,131072,7979,0.060875,0,0,6
283,host-6,5,0,14,5,0,0,0.207844,0,32000,6651,0.207844,131072,5334,0.040695,0,0,5
283,host-7,4,0,14,4,0,0,0.204719,0,32000,6551,0.204719,131072,7608,0.058044,0,0,4
283,host-8,3,0,14,3,0,0,0.200594,0,32000,6419,0.200594,131072,7366,0.056198,0,0,3
283,host-9,4,0,14,4,0,0,0.238156,0,32000,7621,0.238156,131072,6731,0.051353,0,0,4
284,host-1,3,0,14,3,0,0,0.190125,0,32000,6084,0.190125,131072,5944,0.045349,0,0,3
284,host-10,3,0,14,3,0,0,0.187531,0,32000,6001,0.187531,131072,6330,0.048294,0,0,3
284,host-11,5,0,14,5,0,0,0.198594,0,32000,6355,0.198594,131072,5200,0.039673,0,0,5
284,host-12,4,0,14,4,0,0,0.196906,0,32000,6301,0.196906,131072,6773,0.051674,0,0,4
284,host-13,4,1,14,4,1,0,0.206906,0,32000,6621,0.206906,131072,6064,0.046265,0,1,3
284,host-14,6,0,14,6,0,0,0.235906,0,32000,7549,0.235906,131072,7677,0.058571,0,0,6
284,host-15,5,0,14,5,0,0,0.243031,0,32000,7777,0.243031,131072,8343,0.063652,0,0,5
284,host-16,4,0,14,4,0,0,0.202031,0,32000,6465,0.202031,131072,6623,0.050529,0,0,4
284,host-17,6,1,14,6,1,0,0.231313,0,32000,7402,0.231313,131072,8450,0.064468,0,1,5
284,host-18,4,1,14,4,1,0,0.173625,0,32000,5556,0.173625,131072,5908,0.045074,1,0,3
284,host-19,4,0,14,4,0,0,0.203031,0,32000,6497,0.203031,131072,7271,0.055473,0,0,4
284,host-2,3,0,14,3,0,0,0.155438,0,32000,4974,0.155438,131072,5276,0.040253,0,0,3
284,host-20,4,1,14,4,1,0,0.244375,0,32000,7820,0.244375,131072,9573,0.073036,0,1,3
284,host-21,4,0,14,4,0,0,0.206125,0,32000,6596,0.206125,131072,7143,0.054497,0,0,4
284,host-22,3,0,14,3,0,0,0.176313,0,32000,5642,0.176313,131072,5985,0.045662,0,0,3
284,host-23,3,0,14,3,0,0,0.184125,0,32000,5892,0.184125,131072,4765,0.036354,0,0,3
284,host-24,4,0,14,4,0,0,0.203500,0,32000,6512,0.203500,131072,5995,0.045738,0,0,4
284,host-3,4,0,14,4,0,0,0.212969,0,32000,6815,0.212969,131072,6279,0.047905,0,0,4
284,host-4,3,0,14,3,0,0,0.134281,0,32000,4297,0.134281,131072,3812,0.029083,0,0,3
284,host-5,6,0,14,6,0,0,0.237563,0,32000,7602,0.237563,131072,7979,0.060875,0,0,6
284,host-6,5,0,14,5,0,0,0.207844,0,32000,6651,0.207844,131072,5334,0.040695,0,0,5
284,host-7,4,0,14,4,0,0,0.204719,0,32000,6551,0.204719,131072,7608,0.058044,0,0,4
284,host-8,3,0,14,3,0,0,0.200594,0,32000,6419,0.200594,131072,7366,0.056198,0,0,3
284,host-9,4,0,14,4,0,0,0.238156,0,32000,7621,0.238156,131072,6731,0.051353,0,0,4
285,host-1,3,1,14,3,1,0,0.190125,0,32000,6084,0.190125,131072,5944,0.045349,0,1,2
285,host-10,3,0,14,3,0,0,0.187531,0,32000,6001,0.187531,131072,6330,0.048294,0,0,3
285,host-11,5,0,14,5,0,0,0.198594,0,32000,6355,0.198594,131072,5200,0.039673,0,0,5
285,host-12,4,1,14,4,1,0,0.196906,0,32000,6301,0.196906,131072,6773,0.051674,0,1,3
285,host-13,4,1,14,4,1,0,0.206906,0,32000,6621,0.206906,131072,6064,0.046265,0,1,3
285,host-14,6,0,14,6,0,0,0.235906,0,32000,7549,0.235906,131072,7677,0.058571,0,0,6
285,host-15,5,0,14,5,0,0,0.243031,0,32000,7777,0.243031,131072,8343,0.063652,0,0,5
285,host-16,4,0,14,4,0,0,0.202031,0,32000,6465,0.202031,131072,6623,0.050529,0,0,4
285,host-17,6,0,14,6,0,0,0.231313,0,32000,7402,0.231313,131072,8450,0.064468,0,0,6
285,host-18,5,3,14,5,3,0,0.226750,0,32000,7256,0.226750,131072,7413,0.056557,1,2,2
285,host-19,4,0,14,4,0,0,0.203031,0,32000,6497,0.203031,131072,7271,0.055473,0,0,4
285,host-2,4,1,14,4,1,0,0.200031,0,32000,6401,0.200031,131072,6501,0.049599,1,0,3
285,host-20,4,0,14,4,0,0,0.244375,0,32000,7820,0.244375,131072,9573,0.073036,0,0,4
285,host-21,4,0,14,4,0,0,0.206125,0,32000,6596,0.206125,131072,7143,0.054497,0,0,4
285,host-22,3,0,14,3,0,0,0.176313,0,32000,5642,0.176313,131072,5985,0.045662,0,0,3
285,host-23,4,2,14,4,2,0,0.203844,0,32000,6523,0.203844,131072,5177,0.039497,2,0,2
285,host-24,4,0,14,4,0,0,0.203500,0,32000,6512,0.203500,131072,5995,0.045738,0,0,4
285,host-3,4,0,14,4,0,0,0.212969,0,32000,6815,0.212969,131072,6279,0.047905,0,0,4
285,host-4,4,1,14,4,1,0,0.176281,0,32000,5641,0.176281,131072,4728,0.036072,1,0,3
285,host-5,6,0,14,6,0,0,0.237563,0,32000,7602,0.237563,131072,7979,0.060875,0,0,6
285,host-6,5,0,14,5,0,0,0.207844,0,32000,6651,0.207844,131072,5334,0.040695,0,0,5
285,host-7,4,0,14,4,0,0,0.204719,0,32000,6551,0.204719,131072,7608,0.058044,0,0,4
285,host-8,3,0,14,3,0,0,0.200594,0,32000,6419,0.200594,131072,7366,0.056198,0,0,3
285,host-9,4,0,14,4,0,0,0.238156,0,32000,7621,0.238156,131072,6731,0.051353,0,0,4
286,host-1,3,0,14,3,0,0,0.190125,0,32000,6084,0.190125,131072,5944,0.045349,0,0,3
286,host-10,4,1,14,4,1,0,0.231719,0,32000,7415,0.231719,131072,7901,0.060280,0,1,3
286,host-11,5,0,14,5,0,0,0.198594,0,32000,6355,0.198594,131072,5200,0.039673,0,0,5
286,host-12,4,0,14,4,0,0,0.196906,0,32000,6301,0.196906,131072,6773,0.051674,0,0,4
286,host-13,4,0,14,4,0,0,0.206906,0,32000,6621,0.206906,131072,6064,0.046265,0,0,4
286,host-14,6,0,14,6,0,0,0.235906,0,32000,7549,0.235906,131072,7677,0.058571,0,0,6
286,host-15,5,0,14,5,0,0,0.243031,0,32000,7777,0.243031,131072,8343,0.063652,0,0,5
286,host-16,4,0,14,4,0,0,0.202031,0,32000,6465,0.202031,131072,6623,0.050529,0,0,4
286,host-17,6,0,14,6,0,0,0.231313,0,32000,7402,0.231313,131072,8450,0.064468,0,0,6
286,host-18,5,1,14,5,1,0,0.226750,0,32000,7256,0.226750,131072,7413,0.056557,1,0,4
286,host-19,4,0,14,4,0,0,0.203031,0,32000,6497,0.203031,131072,7271,0.055473,0,0,4
286,host-2,4,1,14,4,1,0,0.200031,0,32000,6401,0.200031,131072,6501,0.049599,1,0,3
286,host-20,4,0,14,4,0,0,0.244375,0,32000,7820,0.244375,131072,9573,0.073036,0,0,4
286,host-21,3,0,14,3,0,0,0.151188,0,32000,4838,0.151188,131072,5325,0.040627,0,0,3
286,host-22,4,1,14,4,1,0,0.219594,0,32000,7027,0.219594,131072,7063,0.053886,1,0,3
286,host-23,4,2,14,4,2,0,0.203844,0,32000,6523,0.203844,131072,5177,0.039497,2,0,2
286,host-24,4,0,14,4,0,0,0.203500,0,32000,6512,0.203500,131072,5995,0.045738,0,0,4
286,host-3,4,0,14,4,0,0,0.212969,0,32000,6815,0.212969,131072,6279,0.047905,0,0,4
286,host-4,5,2,14,5,2,0,0.229406,0,32000,7341,0.229406,131072,6233,0.047554,1,1,3
286,host-5,6,0,14,6,0,0,0.237563,0,32000,7602,0.237563,131072,7979,0.060875,0,0,6
286,host-6,4,0,14,4,0,0,0.163188,0,32000,5222,0.163188,131072,4264,0.032532,0,0,4
286,host-7,4,1,14,4,1,0,0.204719,0,32000,6551,0.204719,131072,7608,0.058044,0,1,3
286,host-8,3,0,14,3,0,0,0.200594,0,32000,6419,0.200594,131072,7366,0.056198,0,0,3
286,host-9,4,0,14,4,0,0,0.238156,0,32000,7621,0.238156,131072,6731,0.051353,0,0,4
287,host-1,4,1,14,4,1,0,0.258219,0,32000,8263,0.258219,131072,8374,0.063889,1,0,3
287,host-10,4,0,14,4,0,0,0.231719,0,32000,7415,0.231719,131072,7901,0.060280,0,0,4
287,host-11,5,0,14,5,0,0,0.198594,0,32000,6355,0.198594,131072,5200,0.039673,0,0,5
287,host-12,4,0,14,4,0,0,0.196906,0,32000,6301,0.196906,131072,6773,0.051674,0,0,4
287,host-13,4,0,14,4,0,0,0.206906,0,32000,6621,0.206906,131072,6064,0.046265,0,0,4
287,host-14,6,0,14,6,0,0,0.235906,0,32000,7549,0.235906,131072,7677,0.058571,0,0,6
287,host-15,5,0,14,5,0,0,0.243031,0,32000,7777,0.243031,131072,8343,0.063652,0,0,5
287,host-16,4,0,14,4,0,0,0.202031,0,32000,6465,0.202031,131072,6623,0.050529,0,0,4
287,host-17,5,0,14,5,0,0,0.196625,0,32000,6292,0.196625,131072,7641,0.058296,0,0,5
287,host-18,5,0,14,5,0,0,0.226750,0,32000,7256,0.226750,131072,7413,0.056557,0,0,5
287,host-19,4,0,14,4,0,0,0.203031,0,32000,6497,0.203031,131072,7271,0.055473,0,0,4
287,host-2,4,0,14,4,0,0,0.200031,0,32000,6401,0.200031,131072,6501,0.049599,0,0,4
287,host-20,3,0,14,3,0,0,0.179000,0,32000,5728,0.179000,131072,6676,0.050934,0,0,3
287,host-21,4,2,14,4,2,0,0.207594,0,32000,6643,0.207594,131072,7001,0.053413,1,1,2
287,host-22,4,0,14,4,0,0,0.219594,0,32000,7027,0.219594,131072,7063,0.053886,0,0,4
287,host-23,4,0,14,4,0,0,0.203844,0,32000,6523,0.203844,131072,5177,0.039497,0,0,4
287,host-24,3,0,14,3,0,0,0.156938,0,32000,5022,0.156938,131072,5309,0.040504,0,0,3
287,host-3,3,0,14,3,0,0,0.140719,0,32000,4503,0.140719,131072,4302,0.032822,0,0,3
287,host-4,5,1,14,5,1,0,0.229406,0,32000,7341,0.229406,131072,6233,0.047554,0,1,4
287,host-5,5,1,14,5,1,0,0.192906,0,32000,6173,0.192906,131072,6909,0.052711,0,1,4
287,host-6,5,1,14,5,1,0,0.198375,0,32000,6348,0.198375,131072,5180,0.039520,1,0,4
287,host-7,4,0,14,4,0,0,0.204719,0,32000,6551,0.204719,131072,7608,0.058044,0,0,4
287,host-8,3,1,14,3,1,0,0.200594,0,32000,6419,0.200594,131072,7366,0.056198,0,1,2
287,host-9,4,0,14,4,0,0,0.238156,0,32000,7621,0.238156,131072,6731,0.051353,0,0,4
288,host-1,4,1,14,4,1,0,0.258219,0,32000,8263,0.258219,131072,8374,0.063889,1,0,3
288,host-10,4,0,14,4,0,0,0.231719,0,32000,7415,0.231719,131072,7901,0.060280,0,0,4
288,host-11,5,0,14,5,0,0,0.198594,0,32000,6355,0.198594,131072,5200,0.039673,0,0,5
288,host-12,4,0,14,4,0,0,0.196906,0,32000,6301,0.196906,131072,6773,0.051674,0,0,4
288,host-13,4,0,14,4,0,0,0.206906,0,32000,6621,0.206906,131072,6064,0.046265,0,0,4
288,host-14,6,0,14,6,0,0,0.235906,0,32000,7549,0.235906,131072,7677,0.058571,0,0,6
288,host-15,5,0,14,5,0,0,0.243031,0,32000,7777,0.243031,131072,8343,0.063652,0,0,5
288,host-16,4,1,14,4,1,0,0.222562,0,32000,7122,0.222562,131072,7694,0.058701,1,0,3
288,host-17,5,1,14,5,1,0,0.192656,0,32000,6165,0.192656,131072,7555,0.057640,1,0,4
288,host-18,5,0,14,5,0,0,0.226750,0,32000,7256,0.226750,131072,7413,0.056557,0,0,5
288,host-19,4,0,14,4,0,0,0.203031,0,32000,6497,0.203031,131072,7271,0.055473,0,0,4
288,host-2,4,0,14,4,0,0,0.200031,0,32000,6401,0.200031,131072,6501,0.049599,0,0,4
288,host-20,4,2,14,4,2,0,0.208813,0,32000,6682,0.208813,131072,7317,0.055824,1,1,2
288,host-21,4,0,14,4,0,0,0.207594,0,32000,6643,0.207594,131072,7001,0.053413,0,0,4
288,host-22,4,0,14,4,0,0,0.219594,0,32000,7027,0.219594,131072,7063,0.053886,0,0,4
288,host-23,4,0,14,4,0,0,0.203844,0,32000,6523,0.203844,131072,5177,0.039497,0,0,4
288,host-24,4,1,14,4,1,0,0.201719,0,32000,6455,0.201719,131072,6644,0.050690,1,0,3
288,host-3,4,1,14,4,1,0,0.183250,0,32000,5864,0.183250,131072,4900,0.037384,1,0,3
288,host-4,5,0,14,5,0,0,0.229406,0,32000,7341,0.229406,131072,6233,0.047554,0,0,5
288,host-5,5,0,14,5,0,0,0.192906,0,32000,6173,0.192906,131072,6909,0.052711,0,0,5
288,host-6,5,1,14,5,1,0,0.198375,0,32000,6348,0.198375,131072,5180,0.039520,0,1,4
288,host-7,4,0,14,4,0,0,0.204719,0,32000,6551,0.204719,131072,7608,0.058044,0,0,4
288,host-8,3,0,14,3,0,0,0.200594,0,32000,6419,0.200594,131072,7366,0.056198,0,0,3
288,host-9,4,1,14,4,1,0,0.238156,0,32000,7621,0.238156,131072,6731,0.051353,0,1,3
289,host-1,4,0,14,4,0,0,0.258219,0,32000,8263,0.258219,131072,8374,0.063889,0,0,4
289,host-10,4,0,14,4,0,0,0.231719,0,32000,7415,0.231719,131072,7901,0.060280,0,0,4
289,host-11,5,0,14,5,0,0,0.198594,0,32000,6355,0.198594,131072,5200,0.039673,0,0,5
289,host-12,4,0,14,4,0,0,0.196906,0,32000,6301,0.196906,131072,6773,0.051674,0,0,4
289,host-13,4,0,14,4,0,0,0.206906,0,32000,6621,0.206906,131072,6064,0.046265,0,0,4
289,host-14,6,0,14,6,0,0,0.235906,0,32000,7549,0.235906,131072,7677,0.058571,0,0,6
289,host-15,5,0,14,5,0,0,0.243031,0,32000,7777,0.243031,131072,8343,0.063652,0,0,5
289,host-16,3,1,14,3,1,0,0.178281,0,32000,5705,0.178281,131072,6374,0.048630,0,1,2
289,host-17,6,0,14,6,0,0,0.230437,0,32000,7374,0.230437,131072,8508,0.064911,0,0,6
289,host-18,5,0,14,5,0,0,0.226750,0,32000,7256,0.226750,131072,7413,0.056557,0,0,5
289,host-19,4,0,14,4,0,0,0.203031,0,32000,6497,0.203031,131072,7271,0.055473,0,0,4
289,host-2,4,0,14,4,0,0,0.200031,0,32000,6401,0.200031,131072,6501,0.049599,0,0,4
289,host-20,4,1,14,4,1,0,0.208813,0,32000,6682,0.208813,131072,7317,0.055824,1,0,3
289,host-21,4,0,14,4,0,0,0.207594,0,32000,6643,0.207594,131072,7001,0.053413,0,0,4
289,host-22,4,0,14,4,0,0,0.219594,0,32000,7027,0.219594,131072,7063,0.053886,0,0,4
289,host-23,4,0,14,4,0,0,0.203844,0,32000,6523,0.203844,131072,5177,0.039497,0,0,4
289,host-24,4,1,14,4,1,0,0.201719,0,32000,6455,0.201719,131072,6644,0.050690,0,1,3
289,host-3,5,1,14,5,1,0,0.211812,0,32000,6778,0.211812,131072,5918,0.045151,1,0,4
289,host-4,5,0,14,5,0,0,0.229406,0,32000,7341,0.229406,131072,6233,0.047554,0,0,5
289,host-5,4,1,14,4,1,0,0.189969,0,32000,6079,0.189969,131072,5995,0.045738,1,0,3
289,host-6,5,0,14,5,0,0,0.198375,0,32000,6348,0.198375,131072,5180,0.039520,0,0,5
289,host-7,4,0,14,4,0,0,0.204719,0,32000,6551,0.204719,131072,7608,0.058044,0,0,4
289,host-8,3,0,14,3,0,0,0.200594,0,32000,6419,0.200594,131072,7366,0.056198,0,0,3
289,host-9,4,0,14,4,0,0,0.238156,0,32000,7621,0.238156,131072,6731,0.051353,0,0,4
290,host-1,3,0,14,3,0,0,0.188000,0,32000,6016,0.188000,131072,6465,0.049324,0,0,3
290,host-10,4,0,14,4,0,0,0.231719,0,32000,7415,0.231719,131072,7901,0.060280,0,0,4
290,host-11,5,0,14,5,0,0,0.198594,0,32000,6355,0.198594,131072,5200,0.039673,0,0,5
290,host-12,4,1,14,4,1,0,0.210125,0,32000,6724,0.210125,131072,6799,0.051872,1,0,3
290,host-13,4,0,14,4,0,0,0.206906,0,32000,6621,0.206906,131072,6064,0.046265,0,0,4
290,host-14,6,0,14,6,0,0,0.235906,0,32000,7549,0.235906,131072,7677,0.058571,0,0,6
290,host-15,5,0,14,5,0,0,0.243031,0,32000,7777,0.243031,131072,8343,0.063652,0,0,5
290,host-16,4,1,14,4,1,0,0.208094,0,32000,6659,0.208094,131072,7015,0.053520,1,0,3
290,host-17,6,0,14,6,0,0,0.230437,0,32000,7374,0.230437,131072,8508,0.064911,0,0,6
290,host-18,5,1,14,5,1,0,0.226750,0,32000,7256,0.226750,131072,7413,0.056557,0,1,4
290,host-19,4,0,14,4,0,0,0.203031,0,32000,6497,0.203031,131072,7271,0.055473,0,0,4
290,host-2,4,0,14,4,0,0,0.200031,0,32000,6401,0.200031,131072,6501,0.049599,0,0,4
290,host-20,4,0,14,4,0,0,0.208813,0,32000,6682,0.208813,131072,7317,0.055824,0,0,4
290,host-21,4,0,14,4,0,0,0.207594,0,32000,6643,0.207594,131072,7001,0.053413,0,0,4
290,host-22,4,0,14,4,0,0,0.219594,0,32000,7027,0.219594,131072,7063,0.053886,0,0,4
290,host-23,4,0,14,4,0,0,0.203844,0,32000,6523,0.203844,131072,5177,0.039497,0,0,4
290,host-24,4,0,14,4,0,0,0.201719,0,32000,6455,0.201719,131072,6644,0.050690,0,0,4
290,host-3,5,0,14,5,0,0,0.211812,0,32000,6778,0.211812,131072,5918,0.045151,0,0,5
290,host-4,5,0,14,5,0,0,0.229406,0,32000,7341,0.229406,131072,6233,0.047554,0,0,5
290,host-5,5,1,14,5,1,0,0.228219,0,32000,7303,0.228219,131072,6828,0.052094,1,0,4
290,host-6,5,0,14,5,0,0,0.198375,0,32000,6348,0.198375,131072,5180,0.039520,0,0,5
290,host-7,4,0,14,4,0,0,0.204719,0,32000,6551,0.204719,131072,7608,0.058044,0,0,4
290,host-8,3,0,14,3,0,0,0.200594,0,32000,6419,0.200594,131072,7366,0.056198,0,0,3
290,host-9,4,0,14,4,0,0,0.238156,0,32000,7621,0.238156,131072,6731,0.051353,0,0,4
291,host-1,4,1,14,4,1,0,0.235969,0,32000,7551,0.235969,131072,7990,0.060959,1,0,3
291,host-10,4,0,14,4,0,0,0.231719,0,32000,7415,0.231719,131072,7901,0.060280,0,0,4
291,host-11,6,1,14,6,1,0,0.253156,0,32000,8101,0.253156,131072,6449,0.049202,1,0,5
291,host-12,4,1,14,4,1,0,0.210125,0,32000,6724,0.210125,131072,6799,0.051872,0,1,3
291,host-13,4,1,14,4,1,0,0.206906,0,32000,6621,0.206906,131072,6064,0.046265,0,1,3
291,host-14,6,1,14,6,1,0,0.235906,0,32000,7549,0.235906,131072,7677,0.058571,0,1,5
291,host-15,5,0,14,5,0,0,0.243031,0,32000,7777,0.243031,131072,8343,0.063652,0,0,5
291,host-16,4,0,14,4,0,0,0.208094,0,32000,6659,0.208094,131072,7015,0.053520,0,0,4
291,host-17,6,0,14,6,0,0,0.230437,0,32000,7374,0.230437,131072,8508,0.064911,0,0,6
291,host-18,5,0,14,5,0,0,0.226750,0,32000,7256,0.226750,131072,7413,0.056557,0,0,5
291,host-19,4,0,14,4,0,0,0.203031,0,32000,6497,0.203031,131072,7271,0.055473,0,0,4
291,host-2,5,1,14,5,1,0,0.244906,0,32000,7837,0.244906,131072,7314,0.055801,1,0,4
291,host-20,4,0,14,4,0,0,0.208813,0,32000,6682,0.208813,131072,7317,0.055824,0,0,4
291,host-21,4,1,14,4,1,0,0.207594,0,32000,6643,0.207594,131072,7001,0.053413,0,1,3
291,host-22,4,0,14,4,0,0,0.219594,0,32000,7027,0.219594,131072,7063,0.053886,0,0,4
291,host-23,4,1,14,4,1,0,0.203844,0,32000,6523,0.203844,131072,5177,0.039497,0,1,3
291,host-24,4,0,14,4,0,0,0.201719,0,32000,6455,0.201719,131072,6644,0.050690,0,0,4
291,host-3,5,0,14,5,0,0,0.211812,0,32000,6778,0.211812,131072,5918,0.045151,0,0,5
291,host-4,5,0,14,5,0,0,0.229406,0,32000,7341,0.229406,131072,6233,0.047554,0,0,5
291,host-5,5,1,14,5,1,0,0.228219,0,32000,7303,0.228219,131072,6828,0.052094,0,1,4
291,host-6,6,1,14,6,1,0,0.229000,0,32000,7328,0.229000,131072,6303,0.048088,1,0,5
291,host-7,4,0,14,4,0,0,0.204719,0,32000,6551,0.204719,131072,7608,0.058044,0,0,4
291,host-8,3,0,14,3,0,0,0.200594,0,32000,6419,0.200594,131072,7366,0.056198,0,0,3
291,host-9,4,0,14,4,0,0,0.238156,0,32000,7621,0.238156,131072,6731,0.051353,0,0,4
292,host-1,4,0,14,4,0,0,0.235969,0,32000,7551,0.235969,131072,7990,0.060959,0,0,4
292,host-10,4,0,14,4,0,0,0.231719,0,32000,7415,0.231719,131072,7901,0.060280,0,0,4
292,host-11,6,1,14,6,1,0,0.253156,0,32000,8101,0.253156,131072,6449,0.049202,1,0,5
292,host-12,4,1,14,4,1,0,0.210125,0,32000,6724,0.210125,131072,6799,0.051872,0,1,3
292,host-13,4,0,14,4,0,0,0.206906,0,32000,6621,0.206906,131072,6064,0.046265,0,0,4
292,host-14,6,0,14,6,0,0,0.235906,0,32000,7549,0.235906,131072,7677,0.058571,0,0,6
292,host-15,5,0,14,5,0,0,0.243031,0,32000,7777,0.243031,131072,8343,0.063652,0,0,5
292,host-16,4,0,14,4,0,0,0.208094,0,32000,6659,0.208094,131072,7015,0.053520,0,0,4
292,host-17,5,0,14,5,0,0,0.202187,0,32000,6470,0.202187,131072,7143,0.054497,0,0,5
292,host-18,5,1,14,5,1,0,0.226750,0,32000,7256,0.226750,131072,7413,0.056557,0,1,4
292,host-19,4,0,14,4,0,0,0.203031,0,32000,6497,0.203031,131072,7271,0.055473,0,0,4
292,host-2,5,1,14,5,1,0,0.244906,0,32000,7837,0.244906,131072,7314,0.055801,1,0,4
292,host-20,4,0,14,4,0,0,0.208813,0,32000,6682,0.208813,131072,7317,0.055824,0,0,4
292,host-21,4,0,14,4,0,0,0.207594,0,32000,6643,0.207594,131072,7001,0.053413,0,0,4
292,host-22,4,0,14,4,0,0,0.219594,0,32000,7027,0.219594,131072,7063,0.053886,0,0,4
292,host-23,4,0,14,4,0,0,0.203844,0,32000,6523,0.203844,131072,5177,0.039497,0,0,4
292,host-24,4,0,14,4,0,0,0.201719,0,32000,6455,0.201719,131072,6644,0.050690,0,0,4
292,host-3,5,0,14,5,0,0,0.211812,0,32000,6778,0.211812,131072,5918,0.045151,0,0,5
292,host-4,5,0,14,5,0,0,0.229406,0,32000,7341,0.229406,131072,6233,0.047554,0,0,5
292,host-5,5,0,14,5,0,0,0.228219,0,32000,7303,0.228219,131072,6828,0.052094,0,0,5
292,host-6,6,1,14,6,1,0,0.229000,0,32000,7328,0.229000,131072,6303,0.048088,0,1,5
292,host-7,3,0,14,3,0,0,0.133625,0,32000,4276,0.133625,131072,5294,0.040390,0,0,3
292,host-8,3,1,14,3,1,0,0.200594,0,32000,6419,0.200594,131072,7366,0.056198,0,1,2
292,host-9,4,0,14,4,0,0,0.238156,0,32000,7621,0.238156,131072,6731,0.051353,0,0,4
293,host-1,4,0,14,4,0,0,0.235969,0,32000,7551,0.235969,131072,7990,0.060959,0,0,4
293,host-10,4,0,14,4,0,0,0.231719,0,32000,7415,0.231719,131072,7901,0.060280,0,0,4
293,host-11,6,0,14,6,0,0,0.253156,0,32000,8101,0.253156,131072,6449,0.049202,0,0,6
293,host-12,4,0,14,4,0,0,0.210125,0,32000,6724,0.210125,131072,6799,0.051872,0,0,4
293,host-13,4,0,14,4,0,0,0.206906,0,32000,6621,0.206906,131072,6064,0.046265,0,0,4
293,host-14,6,0,14,6,0,0,0.235906,0,32000,7549,0.235906,131072,7677,0.058571,0,0,6
293,host-15,5,0,14,5,0,0,0.243031,0,32000,7777,0.243031,131072,8343,0.063652,0,0,5
293,host-16,4,0,14,4,0,0,0.208094,0,32000,6659,0.208094,131072,7015,0.053520,0,0,4
293,host-17,5,0,14,5,0,0,0.202187,0,32000,6470,0.202187,131072,7143,0.054497,0,0,5
293,host-18,5,0,14,5,0,0,0.226750,0,32000,7256,0.226750,131072,7413,0.056557,0,0,5
293,host-19,3,0,14,3,0,0,0.144594,0,32000,4627,0.144594,131072,4927,0.037590,0,0,3
293,host-2,5,0,14,5,0,0,0.244906,0,32000,7837,0.244906,131072,7314,0.055801,0,0,5
293,host-20,4,0,14,4,0,0,0.208813,0,32000,6682,0.208813,131072,7317,0.055824,0,0,4
293,host-21,4,0,14,4,0,0,0.207594,0,32000,6643,0.207594,131072,7001,0.053413,0,0,4
293,host-22,4,0,14,4,0,0,0.219594,0,32000,7027,0.219594,131072,7063,0.053886,0,0,4
293,host-23,4,0,14,4,0,0,0.203844,0,32000,6523,0.203844,131072,5177,0.039497,0,0,4
293,host-24,4,0,14,4,0,0,0.201719,0,32000,6455,0.201719,131072,6644,0.050690,0,0,4
293,host-3,5,0,14,5,0,0,0.211812,0,32000,6778,0.211812,131072,5918,0.045151,0,0,5
293,host-4,5,0,14,5,0,0,0.229406,0,32000,7341,0.229406,131072,6233,0.047554,0,0,5
293,host-5,5,0,14,5,0,0,0.228219,0,32000,7303,0.228219,131072,6828,0.052094,0,0,5
293,host-6,6,0,14,6,0,0,0.229000,0,32000,7328,0.229000,131072,6303,0.048088,0,0,6
293,host-7,3,0,14,3,0,0,0.133625,0,32000,4276,0.133625,131072,5294,0.040390,0,0,3
293,host-8,3,0,14,3,0,0,0.200594,0,32000,6419,0.200594,131072,7366,0.056198,0,0,3
293,host-9,4,1,14,4,1,0,0.238156,0,32000,7621,0.238156,131072,6731,0.051353,0,1,3
294,host-1,4,1,14,4,1,0,0.235969,0,32000,7551,0.235969,131072,7990,0.060959,0,1,3
294,host-10,4,0,14,4,0,0,0.231719,0,32000,7415,0.231719,131072,7901,0.060280,0,0,4
294,host-11,6,0,14,6,0,0,0.253156,0,32000,8101,0.253156,131072,6449,0.049202,0,0,6
294,host-12,4,0,14,4,0,0,0.210125,0,32000,6724,0.210125,131072,6799,0.051872,0,0,4
294,host-13,4,0,14,4,0,0,0.206906,0,32000,6621,0.206906,131072,6064,0.046265,0,0,4
294,host-14,6,0,14,6,0,0,0.235906,0,32000,7549,0.235906,131072,7677,0.058571,0,0,6
294,host-15,5,0,14,5,0,0,0.243031,0,32000,7777,0.243031,131072,8343,0.063652,0,0,5
294,host-16,4,0,14,4,0,0,0.208094,0,32000,6659,0.208094,131072,7015,0.053520,0,0,4
294,host-17,5,0,14,5,0,0,0.202187,0,32000,6470,0.202187,131072,7143,0.054497,0,0,5
294,host-18,5,0,14,5,0,0,0.226750,0,32000,7256,0.226750,131072,7413,0.056557,0,0,5
294,host-19,3,0,14,3,0,0,0.144594,0,32000,4627,0.144594,131072,4927,0.037590,0,0,3
294,host-2,5,0,14,5,0,0,0.244906,0,32000,7837,0.244906,131072,7314,0.055801,0,0,5
294,host-20,4,0,14,4,0,0,0.208813,0,32000,6682,0.208813,131072,7317,0.055824,0,0,4
294,host-21,4,0,14,4,0,0,0.207594,0,32000,6643,0.207594,131072,7001,0.053413,0,0,4
294,host-22,4,0,14,4,0,0,0.219594,0,32000,7027,0.219594,131072,7063,0.053886,0,0,4
294,host-23,4,0,14,4,0,0,0.203844,0,32000,6523,0.203844,131072,5177,0.039497,0,0,4
294,host-24,4,0,14,4,0,0,0.201719,0,32000,6455,0.201719,131072,6644,0.050690,0,0,4
294,host-3,5,0,14,5,0,0,0.211812,0,32000,6778,0.211812,131072,5918,0.045151,0,0,5
294,host-4,5,0,14,5,0,0,0.229406,0,32000,7341,0.229406,131072,6233,0.047554,0,0,5
294,host-5,5,0,14,5,0,0,0.228219,0,32000,7303,0.228219,131072,6828,0.052094,0,0,5
294,host-6,6,0,14,6,0,0,0.229000,0,32000,7328,0.229000,131072,6303,0.048088,0,0,6
294,host-7,4,1,14,4,1,0,0.201750,0,32000,6456,0.201750,131072,8025,0.061226,1,0,3
294,host-8,3,0,14,3,0,0,0.200594,0,32000,6419,0.200594,131072,7366,0.056198,0,0,3
294,host-9,4,0,14,4,0,0,0.238156,0,32000,7621,0.238156,131072,6731,0.051353,0,0,4
295,host-1,4,0,14,4,0,0,0.235969,0,32000,7551,0.235969,131072,7990,0.060959,0,0,4
295,host-10,4,0,14,4,0,0,0.231719,0,32000,7415,0.231719,131072,7901,0.060280,0,0,4
295,host-11,6,0,14,6,0,0,0.253156,0,32000,8101,0.253156,131072,6449,0.049202,0,0,6
295,host-12,3,0,14,3,0,0,0.153688,0,32000,4918,0.153688,131072,4675,0.035667,0,0,3
295,host-13,4,0,14,4,0,0,0.206906,0,32000,6621,0.206906,131072,6064,0.046265,0,0,4
295,host-14,6,0,14,6,0,0,0.235906,0,32000,7549,0.235906,131072,7677,0.058571,0,0,6
295,host-15,5,0,14,5,0,0,0.243031,0,32000,7777,0.243031,131072,8343,0.063652,0,0,5
295,host-16,4,0,14,4,0,0,0.208094,0,32000,6659,0.208094,131072,7015,0.053520,0,0,4
295,host-17,5,0,14,5,0,0,0.202187,0,32000,6470,0.202187,131072,7143,0.054497,0,0,5
295,host-18,5,0,14,5,0,0,0.226750,0,32000,7256,0.226750,131072,7413,0.056557,0,0,5
295,host-19,4,1,14,4,1,0,0.171219,0,32000,5479,0.171219,131072,6000,0.045776,1,0,3
295,host-2,4,0,14,4,0,0,0.182750,0,32000,5848,0.182750,131072,5847,0.044609,0,0,4
295,host-20,4,0,14,4,0,0,0.208813,0,32000,6682,0.208813,131072,7317,0.055824,0,0,4
295,host-21,4,0,14,4,0,0,0.207594,0,32000,6643,0.207594,131072,7001,0.053413,0,0,4
295,host-22,4,0,14,4,0,0,0.219594,0,32000,7027,0.219594,131072,7063,0.053886,0,0,4
295,host-23,4,0,14,4,0,0,0.203844,0,32000,6523,0.203844,131072,5177,0.039497,0,0,4
295,host-24,4,0,14,4,0,0,0.201719,0,32000,6455,0.201719,131072,6644,0.050690,0,0,4
295,host-3,5,0,14,5,0,0,0.211812,0,32000,6778,0.211812,131072,5918,0.045151,0,0,5
295,host-4,5,1,14,5,1,0,0.229406,0,32000,7341,0.229406,131072,6233,0.047554,0,1,4
295,host-5,5,0,14,5,0,0,0.228219,0,32000,7303,0.228219,131072,6828,0.052094,0,0,5
295,host-6,6,0,14,6,0,0,0.229000,0,32000,7328,0.229000,131072,6303,0.048088,0,0,6
295,host-7,4,1,14,4,1,0,0.201750,0,32000,6456,0.201750,131072,8025,0.061226,0,1,3
295,host-8,3,0,14,3,0,0,0.200594,0,32000,6419,0.200594,131072,7366,0.056198,0,0,3
295,host-9,4,0,14,4,0,0,0.238156,0,32000,7621,0.238156,131072,6731,0.051353,0,0,4
296,host-1,4,0,14,4,0,0,0.235969,0,32000,7551,0.235969,131072,7990,0.060959,0,0,4
296,host-10,4,0,14,4,0,0,0.231719,0,32000,7415,0.231719,131072,7901,0.060280,0,0,4
296,host-11,6,0,14,6,0,0,0.253156,0,32000,8101,0.253156,131072,6449,0.049202,0,0,6
296,host-12,4,1,14,4,1,0,0.190875,0,32000,6108,0.190875,131072,5046,0.038498,1,0,3
296,host-13,4,0,14,4,0,0,0.206906,0,32000,6621,0.206906,131072,6064,0.046265,0,0,4
296,host-14,6,0,14,6,0,0,0.235906,0,32000,7549,0.235906,131072,7677,0.058571,0,0,6
296,host-15,5,0,14,5,0,0,0.243031,0,32000,7777,0.243031,131072,8343,0.063652,0,0,5
296,host-16,4,0,14,4,0,0,0.208094,0,32000,6659,0.208094,131072,7015,0.053520,0,0,4
296,host-17,5,0,14,5,0,0,0.202187,0,32000,6470,0.202187,131072,7143,0.054497,0,0,5
296,host-18,5,0,14,5,0,0,0.226750,0,32000,7256,0.226750,131072,7413,0.056557,0,0,5
296,host-19,5,1,14,5,1,0,0.199000,0,32000,6368,0.199000,131072,6522,0.049759,1,0,4
296,host-2,5,1,14,5,1,0,0.253844,0,32000,8123,0.253844,131072,8161,0.062263,1,0,4
296,host-20,4,0,14,4,0,0,0.208813,0,32000,6682,0.208813,131072,7317,0.055824,0,0,4
296,host-21,4,0,14,4,0,0,0.207594,0,32000,6643,0.207594,131072,7001,0.053413,0,0,4
296,host-22,3,1,14,3,1,0,0.162094,0,32000,5187,0.162094,131072,4874,0.037186,0,1,2
296,host-23,4,0,14,4,0,0,0.203844,0,32000,6523,0.203844,131072,5177,0.039497,0,0,4
296,host-24,2,0,14,2,0,0,0.083000,0,32000,2656,0.083000,131072,2759,0.021049,0,0,2
296,host-3,5,0,14,5,0,0,0.211812,0,32000,6778,0.211812,131072,5918,0.045151,0,0,5
296,host-4,5,0,14,5,0,0,0.229406,0,32000,7341,0.229406,131072,6233,0.047554,0,0,5
296,host-5,5,0,14,5,0,0,0.228219,0,32000,7303,0.228219,131072,6828,0.052094,0,0,5
296,host-6,6,0,14,6,0,0,0.229000,0,32000,7328,0.229000,131072,6303,0.048088,0,0,6
296,host-7,4,0,14,4,0,0,0.201750,0,32000,6456,0.201750,131072,8025,0.061226,0,0,4
296,host-8,3,0,14,3,0,0,0.200594,0,32000,6419,0.200594,131072,7366,0.056198,0,0,3
296,host-9,4,1,14,4,1,0,0.238156,0,32000,7621,0.238156,131072,6731,0.051353,0,1,3
297,host-1,4,0,14,4,0,0,0.235969,0,32000,7551,0.235969,131072,7990,0.060959,0,0,4
297,host-10,4,0,14,4,0,0,0.231719,0,32000,7415,0.231719,131072,7901,0.060280,0,0,4
297,host-11,6,0,14,6,0,0,0.253156,0,32000,8101,0.253156,131072,6449,0.049202,0,0,6
297,host-12,5,1,14,5,1,0,0.256719,0,32000,8215,0.256719,131072,6909,0.052711,1,0,4
297,host-13,4,0,14,4,0,0,0.206906,0,32000,6621,0.206906,131072,6064,0.046265,0,0,4
297,host-14,6,0,14,6,0,0,0.235906,0,32000,7549,0.235906,131072,7677,0.058571,0,0,6
297,host-15,5,0,14,5,0,0,0.243031,0,32000,7777,0.243031,131072,8343,0.063652,0,0,5
297,host-16,4,1,14,4,1,0,0.208094,0,32000,6659,0.208094,131072,7015,0.053520,0,1,3
297,host-17,5,0,14,5,0,0,0.202187,0,32000,6470,0.202187,131072,7143,0.054497,0,0,5
297,host-18,5,0,14,5,0,0,0.226750,0,32000,7256,0.226750,131072,7413,0.056557,0,0,5
297,host-19,6,2,14,6,2,0,0.247469,0,32000,7919,0.247469,131072,8753,0.066780,2,0,4
297,host-2,5,1,14,5,1,0,0.253844,0,32000,8123,0.253844,131072,8161,0.062263,0,1,4
297,host-20,4,0,14,4,0,0,0.208813,0,32000,6682,0.208813,131072,7317,0.055824,0,0,4
297,host-21,4,0,14,4,0,0,0.207594,0,32000,6643,0.207594,131072,7001,0.053413,0,0,4
297,host-22,4,1,14,4,1,0,0.214969,0,32000,6879,0.214969,131072,6896,0.052612,1,0,3
297,host-23,4,0,14,4,0,0,0.203844,0,32000,6523,0.203844,131072,5177,0.039497,0,0,4
297,host-24,5,3,14,5,3,0,0.255219,0,32000,8167,0.255219,131072,8210,0.062637,3,0,2
297,host-3,5,0,14,5,0,0,0.211812,0,32000,6778,0.211812,131072,5918,0.045151,0,0,5
297,host-4,5,0,14,5,0,0,0.229406,0,32000,7341,0.229406,131072,6233,0.047554,0,0,5
297,host-5,5,0,14,5,0,0,0.228219,0,32000,7303,0.228219,131072,6828,0.052094,0,0,5
297,host-6,6,0,14,6,0,0,0.229000,0,32000,7328,0.229000,131072,6303,0.048088,0,0,6
297,host-7,4,0,14,4,0,0,0.201750,0,32000,6456,0.201750,131072,8025,0.061226,0,0,4
297,host-8,3,0,14,3,0,0,0.200594,0,32000,6419,0.200594,131072,7366,0.056198,0,0,3
297,host-9,4,0,14,4,0,0,0.238156,0,32000,7621,0.238156,131072,6731,0.051353,0,0,4
298,host-1,4,0,14,4,0,0,0.235969,0,32000,7551,0.235969,131072,7990,0.060959,0,0,4
298,host-10,4,0,14,4,0,0,0.231719,0,32000,7415,0.231719,131072,7901,0.060280,0,0,4
298,host-11,6,0,14,6,0,0,0.253156,0,32000,8101,0.253156,131072,6449,0.049202,0,0,6
298,host-12,5,1,14,5,1,0,0.256719,0,32000,8215,0.256719,131072,6909,0.052711,1,0,4
298,host-13,4,0,14,4,0,0,0.206906,0,32000,6621,0.206906,131072,6064,0.046265,0,0,4
298,host-14,6,1,14,6,1,0,0.235906,0,32000,7549,0.235906,131072,7677,0.058571,0,1,5
298,host-15,5,0,14,5,0,0,0.243031,0,32000,7777,0.243031,131072,8343,0.063652,0,0,5
298,host-16,4,0,14,4,0,0,0.208094,0,32000,6659,0.208094,131072,7015,0.053520,0,0,4
298,host-17,4,0,14,4,0,0,0.164563,0,32000,5266,0.164563,131072,5748,0.043854,0,0,4
298,host-18,5,1,14,5,1,0,0.226750,0,32000,7256,0.226750,131072,7413,0.056557,0,1,4
298,host-19,6,0,14,6,0,0,0.247469,0,32000,7919,0.247469,131072,8753,0.066780,0,0,6
298,host-2,5,0,14,5,0,0,0.253844,0,32000,8123,0.253844,131072,8161,0.062263,0,0,5
298,host-20,4,0,14,4,0,0,0.208813,0,32000,6682,0.208813,131072,7317,0.055824,0,0,4
298,host-21,3,0,14,3,0,0,0.163812,0,32000,5242,0.163812,131072,6255,0.047722,0,0,3
298,host-22,4,1,14,4,1,0,0.214969,0,32000,6879,0.214969,131072,6896,0.052612,1,0,3
298,host-23,4,1,14,4,1,0,0.203844,0,32000,6523,0.203844,131072,5177,0.039497,0,1,3
298,host-24,5,2,14,5,2,0,0.255219,0,32000,8167,0.255219,131072,8210,0.062637,1,1,3
298,host-3,5,0,14,5,0,0,0.211812,0,32000,6778,0.211812,131072,5918,0.045151,0,0,5
298,host-4,5,0,14,5,0,0,0.229406,0,32000,7341,0.229406,131072,6233,0.047554,0,0,5
298,host-5,5,0,14,5,0,0,0.228219,0,32000,7303,0.228219,131072,6828,0.052094,0,0,5
298,host-6,6,0,14,6,0,0,0.229000,0,32000,7328,0.229000,131072,6303,0.048088,0,0,6
298,host-7,4,0,14,4,0,0,0.201750,0,32000,6456,0.201750,131072,8025,0.061226,0,0,4
298,host-8,3,0,14,3,0,0,0.200594,0,32000,6419,0.200594,131072,7366,0.056198,0,0,3
298,host-9,4,0,14,4,0,0,0.238156,0,32000,7621,0.238156,131072,6731,0.051353,0,0,4
299,host-1,4,0,14,4,0,0,0.235969,0,32000,7551,0.235969,131072,7990,0.060959,0,0,4
299,host-10,3,0,14,3,0,0,0.161000,0,32000,5152,0.161000,131072,5321,0.040596,0,0,3
299,host-11,6,0,14,6,0,0,0.253156,0,32000,8101,0.253156,131072,6449,0.049202,0,0,6
299,host-12,5,0,14,5,0,0,0.256719,0,32000,8215,0.256719,131072,6909,0.052711,0,0,5
299,host-13,4,0,14,4,0,0,0.206906,0,32000,6621,0.206906,131072,6064,0.046265,0,0,4
299,host-14,6,0,14,6,0,0,0.235906,0,32000,7549,0.235906,131072,7677,0.058571,0,0,6
299,host-15,5,0,14,5,0,0,0.243031,0,32000,7777,0.243031,131072,8343,0.063652,0,0,5
299,host-16,4,0,14,4,0,0,0.208094,0,32000,6659,0.208094,131072,7015,0.053520,0,0,4
299,host-17,4,0,14,4,0,0,0.164563,0,32000,5266,0.164563,131072,5748,0.043854,0,0,4
299,host-18,5,0,14,5,0,0,0.226750,0,32000,7256,0.226750,131072,7413,0.056557,0,0,5
299,host-19,6,1,14,6,1,0,0.247469,0,32000,7919,0.247469,131072,8753,0.066780,0,1,5
299,host-2,5,0,14,5,0,0,0.253844,0,32000,8123,0.253844,131072,8161,0.062263,0,0,5
299,host-20,4,0,14,4,0,0,0.208813,0,32000,6682,0.208813,131072,7317,0.055824,0,0,4
299,host-21,4,1,14,4,1,0,0.216688,0,32000,6934,0.216688,131072,8277,0.063148,1,0,3
299,host-22,4,0,14,4,0,0,0.214969,0,32000,6879,0.214969,131072,6896,0.052612,0,0,4
299,host-23,4,0,14,4,0,0,0.203844,0,32000,6523,0.203844,131072,5177,0.039497,0,0,4
299,host-24,5,0,14,5,0,0,0.255219,0,32000,8167,0.255219,131072,8210,0.062637,0,0,5
299,host-3,5,0,14,5,0,0,0.211812,0,32000,6778,0.211812,131072,5918,0.045151,0,0,5
299,host-4,5,0,14,5,0,0,0.229406,0,32000,7341,0.229406,131072,6233,0.047554,0,0,5
299,host-5,5,0,14,5,0,0,0.228219,0,32000,7303,0.228219,131072,6828,0.052094,0,0,5
299,host-6,5,0,14,5,0,0,0.151781,0,32000,4857,0.151781,131072,4005,0.030556,0,0,5
299,host-7,4,0,14,4,0,0,0.201750,0,32000,6456,0.201750,131072,8025,0.061226,0,0,4
299,host-8,3,0,14,3,0,0,0.200594,0,32000,6419,0.200594,131072,7366,0.056198,0,0,3
299,host-9,4,0,14,4,0,0,0.238156,0,32000,7621,0.238156,131072,6731,0.051353,0,0,4
300,host-1,4,0,14,4,0,0,0.235969,0,32000,7551,0.235969,131072,7990,0.060959,0,0,4
300,host-10,3,0,14,3,0,0,0.161000,0,32000,5152,0.161000,131072,5321,0.040596,0,0,3
300,host-11,6,0,14,6,0,0,0.253156,0,32000,8101,0.253156,131072,6449,0.049202,0,0,6
300,host-12,5,0,14,5,0,0,0.256719,0,32000,8215,0.256719,131072,6909,0.052711,0,0,5
300,host-13,4,0,14,4,0,0,0.206906,0,32000,6621,0.206906,131072,6064,0.046265,0,0,4
300,host-14,6,0,14,6,0,0,0.235906,0,32000,7549,0.235906,131072,7677,0.058571,0,0,6
300,host-15,5,0,14,5,0,0,0.243031,0,32000,7777,0.243031,131072,8343,0.063652,0,0,5
300,host-16,4,1,14,4,1,0,0.208094,0,32000,6659,0.208094,131072,7015,0.053520,0,1,3
300,host-17,4,0,14,4,0,0,0.164563,0,32000,5266,0.164563,131072,5748,0.043854,0,0,4
300,host-18,5,0,14,5,0,0,0.226750,0,32000,7256,0.226750,131072,7413,0.056557,0,0,5
300,host-19,5,0,14,5,0,0,0.204250,0,32000,6536,0.204250,131072,7168,0.054688,0,0,5
300,host-2,5,0,14,5,0,0,0.253844,0,32000,8123,0.253844,131072,8161,0.062263,0,0,5
300,host-20,4,0,14,4,0,0,0.208813,0,32000,6682,0.208813,131072,7317,0.055824,0,0,4
300,host-21,4,1,14,4,1,0,0.216688,0,32000,6934,0.216688,131072,8277,0.063148,0,1,3
300,host-22,4,0,14,4,0,0,0.214969,0,32000,6879,0.214969,131072,6896,0.052612,0,0,4
300,host-23,4,0,14,4,0,0,0.203844,0,32000,6523,0.203844,131072,5177,0.039497,0,0,4
300,host-24,5,0,14,5,0,0,0.255219,0,32000,8167,0.255219,131072,8210,0.062637,0,0,5
300,host-3,5,0,14,5,0,0,0.211812,0,32000,6778,0.211812,131072,5918,0.045151,0,0,5
300,host-4,5,0,14,5,0,0,0.229406,0,32000,7341,0.229406,131072,6233,0.047554,0,0,5
300,host-5,5,0,14,5,0,0,0.228219,0,32000,7303,0.228219,131072,6828,0.052094,0,0,5
300,host-6,4,0,14,4,0,0,0.124531,0,32000,3985,0.124531,131072,3133,0.023903,0,0,4
300,host-7,4,0,14,4,0,0,0.201750,0,32000,6456,0.201750,131072,8025,0.061226,0,0,4
300,host-8,3,1,14,3,1,0,0.200594,0,32000,6419,0.200594,131072,7366,0.056198,0,1,2
300,host-9,4,0,14,4,0,0,0.238156,0,32000,7621,0.238156,131072,6731,0.051353,0,0,4
301,host-1,4,0,14,4,0,0,0.235969,0,32000,7551,0.235969,131072,7990,0.060959,0,0,4
301,host-10,4,1,14,4,1,0,0.188250,0,32000,6024,0.188250,131072,6193,0.047249,1,0,3
301,host-11,5,0,14,5,0,0,0.209813,0,32000,6714,0.209813,131072,5575,0.042534,0,0,5
301,host-12,5,0,14,5,0,0,0.256719,0,32000,8215,0.256719,131072,6909,0.052711,0,0,5
301,host-13,4,0,14,4,0,0,0.206906,0,32000,6621,0.206906,131072,6064,0.046265,0,0,4
301,host-14,6,0,14,6,0,0,0.235906,0,32000,7549,0.235906,131072,7677,0.058571,0,0,6
301,host-15,4,0,14,4,0,0,0.206563,0,32000,6610,0.206563,131072,6978,0.053238,0,0,4
301,host-16,3,0,14,3,0,0,0.137313,0,32000,4394,0.137313,131072,4701,0.035866,0,0,3
301,host-17,4,0,14,4,0,0,0.164563,0,32000,5266,0.164563,131072,5748,0.043854,0,0,4
301,host-18,5,1,14,5,1,0,0.226750,0,32000,7256,0.226750,131072,7413,0.056557,0,1,4
301,host-19,4,0,14,4,0,0,0.162562,0,32000,5202,0.162562,131072,5663,0.043205,0,0,4
301,host-2,5,0,14,5,0,0,0.253844,0,32000,8123,0.253844,131072,8161,0.062263,0,0,5
301,host-20,4,0,14,4,0,0,0.208813,0,32000,6682,0.208813,131072,7317,0.055824,0,0,4
301,host-21,4,1,14,4,1,0,0.216688,0,32000,6934,0.216688,131072,8277,0.063148,0,1,3
301,host-22,4,0,14,4,0,0,0.214969,0,32000,6879,0.214969,131072,6896,0.052612,0,0,4
301,host-23,4,0,14,4,0,0,0.203844,0,32000,6523,0.203844,131072,5177,0.039497,0,0,4
301,host-24,5,0,14,5,0,0,0.255219,0,32000,8167,0.255219,131072,8210,0.062637,0,0,5
301,host-3,5,0,14,5,0,0,0.211812,0,32000,6778,0.211812,131072,5918,0.045151,0,0,5
301,host-4,5,0,14,5,0,0,0.229406,0,32000,7341,0.229406,131072,6233,0.047554,0,0,5
301,host-5,5,0,14,5,0,0,0.228219,0,32000,7303,0.228219,131072,6828,0.052094,0,0,5
301,host-6,5,1,14,5,1,0,0.162875,0,32000,5212,0.162875,131072,4333,0.033058,1,0,4
301,host-7,4,0,14,4,0,0,0.201750,0,32000,6456,0.201750,131072,8025,0.061226,0,0,4
301,host-8,3,0,14,3,0,0,0.200594,0,32000,6419,0.200594,131072,7366,0.056198,0,0,3
301,host-9,4,0,14,4,0,0,0.238156,0,32000,7621,0.238156,131072,6731,0.051353,0,0,4
302,host-1,4,0,14,4,0,0,0.235969,0,32000,7551,0.235969,131072,7990,0.060959,0,0,4
302,host-10,4,0,14,4,0,0,0.188250,0,32000,6024,0.188250,131072,6193,0.047249,0,0,4
302,host-11,4,1,14,4,1,0,0.167000,0,32000,5344,0.167000,131072,4378,0.033401,0,1,3
302,host-12,5,0,14,5,0,0,0.256719,0,32000,8215,0.256719,131072,6909,0.052711,0,0,5
302,host-13,4,0,14,4,0,0,0.206906,0,32000,6621,0.206906,131072,6064,0.046265,0,0,4
302,host-14,6,0,14,6,0,0,0.235906,0,32000,7549,0.235906,131072,7677,0.058571,0,0,6
302,host-15,3,0,14,3,0,0,0.162812,0,32000,5210,0.162812,131072,5874,0.044815,0,0,3
302,host-16,4,1,14,4,1,0,0.181094,0,32000,5795,0.181094,131072,5447,0.041557,1,0,3
302,host-17,4,0,14,4,0,0,0.164563,0,32000,5266,0.164563,131072,5748,0.043854,0,0,4
302,host-18,5,0,14,5,0,0,0.226750,0,32000,7256,0.226750,131072,7413,0.056557,0,0,5
302,host-19,3,0,14,3,0,0,0.102875,0,32000,3292,0.102875,131072,3826,0.029190,0,0,3
302,host-2,5,0,14,5,0,0,0.253844,0,32000,8123,0.253844,131072,8161,0.062263,0,0,5
302,host-20,4,0,14,4,0,0,0.208813,0,32000,6682,0.208813,131072,7317,0.055824,0,0,4
302,host-21,4,0,14,4,0,0,0.216688,0,32000,6934,0.216688,131072,8277,0.063148,0,0,4
302,host-22,3,0,14,3,0,0,0.144187,0,32000,4614,0.144187,131072,4582,0.034958,0,0,3
302,host-23,4,0,14,4,0,0,0.203844,0,32000,6523,0.203844,131072,5177,0.039497,0,0,4
302,host-24,5,0,14,5,0,0,0.255219,0,32000,8167,0.255219,131072,8210,0.062637,0,0,5
302,host-3,5,0,14,5,0,0,0.211812,0,32000,6778,0.211812,131072,5918,0.045151,0,0,5
302,host-4,4,0,14,4,0,0,0.181031,0,32000,5793,0.181031,131072,5190,0.039597,0,0,4
302,host-5,5,0,14,5,0,0,0.228219,0,32000,7303,0.228219,131072,6828,0.052094,0,0,5
302,host-6,5,1,14,5,1,0,0.162875,0,32000,5212,0.162875,131072,4333,0.033058,0,1,4
302,host-7,4,0,14,4,0,0,0.201750,0,32000,6456,0.201750,131072,8025,0.061226,0,0,4
302,host-8,3,0,14,3,0,0,0.200594,0,32000,6419,0.200594,131072,7366,0.056198,0,0,3
302,host-9,4,1,14,4,1,0,0.238156,0,32000,7621,0.238156,131072,6731,0.051353,0,1,3
303,host-1,4,0,14,4,0,0,0.235969,0,32000,7551,0.235969,131072,7990,0.060959,0,0,4
303,host-10,4,1,14,4,1,0,0.188250,0,32000,6024,0.188250,131072,6193,0.047249,0,1,3
303,host-11,4,0,14,4,0,0,0.167000,0,32000,5344,0.167000,131072,4378,0.033401,0,0,4
303,host-12,4,0,14,4,0,0,0.215438,0,32000,6894,0.215438,131072,5288,0.040344,0,0,4
303,host-13,4,0,14,4,0,0,0.206906,0,32000,6621,0.206906,131072,6064,0.046265,0,0,4
303,host-14,6,0,14,6,0,0,0.235906,0,32000,7549,0.235906,131072,7677,0.058571,0,0,6
303,host-15,4,1,14,4,1,0,0.233594,0,32000,7475,0.233594,131072,8188,0.062469,1,0,3
303,host-16,4,0,14,4,0,0,0.181094,0,32000,5795,0.181094,131072,5447,0.041557,0,0,4
303,host-17,4,0,14,4,0,0,0.164563,0,32000,5266,0.164563,131072,5748,0.043854,0,0,4
303,host-18,5,0,14,5,0,0,0.226750,0,32000,7256,0.226750,131072,7413,0.056557,0,0,5
303,host-19,5,2,14,5,2,0,0.237594,0,32000,7603,0.237594,131072,8313,0.063423,2,0,3
303,host-2,5,0,14,5,0,0,0.253844,0,32000,8123,0.253844,131072,8161,0.062263,0,0,5
303,host-20,4,0,14,4,0,0,0.208813,0,32000,6682,0.208813,131072,7317,0.055824,0,0,4
303,host-21,4,0,14,4,0,0,0.216688,0,32000,6934,0.216688,131072,8277,0.063148,0,0,4
303,host-22,4,1,14,4,1,0,0.187406,0,32000,5997,0.187406,131072,6167,0.047050,0,1,3
303,host-23,4,0,14,4,0,0,0.203844,0,32000,6523,0.203844,131072,5177,0.039497,0,0,4
303,host-24,5,1,14,5,1,0,0.255219,0,32000,8167,0.255219,131072,8210,0.062637,0,1,4
303,host-3,5,0,14,5,0,0,0.211812,0,32000,6778,0.211812,131072,5918,0.045151,0,0,5
303,host-4,4,0,14,4,0,0,0.181031,0,32000,5793,0.181031,131072,5190,0.039597,0,0,4
303,host-5,5,0,14,5,0,0,0.228219,0,32000,7303,0.228219,131072,6828,0.052094,0,0,5
303,host-6,6,1,14,6,1,0,0.206625,0,32000,6612,0.206625,131072,5437,0.041481,1,0,5
303,host-7,4,0,14,4,0,0,0.201750,0,32000,6456,0.201750,131072,8025,0.061226,0,0,4
303,host-8,3,0,14,3,0,0,0.200594,0,32000,6419,0.200594,131072,7366,0.056198,0,0,3
303,host-9,4,0,14,4,0,0,0.238156,0,32000,7621,0.238156,131072,6731,0.051353,0,0,4
304,host-1,4,0,14,4,0,0,0.235969,0,32000,7551,0.235969,131072,7990,0.060959,0,0,4
304,host-10,4,0,14,4,0,0,0.188250,0,32000,6024,0.188250,131072,6193,0.047249,0,0,4
304,host-11,5,1,14,5,1,0,0.208219,0,32000,6663,0.208219,131072,5253,0.040077,1,0,4
304,host-12,4,0,14,4,0,0,0.215438,0,32000,6894,0.215438,131072,5288,0.040344,0,0,4
304,host-13,4,0,14,4,0,0,0.206906,0,32000,6621,0.206906,131072,6064,0.046265,0,0,4
304,host-14,6,0,14,6,0,0,0.235906,0,32000,7549,0.235906,131072,7677,0.058571,0,0,6
304,host-15,2,1,14,2,1,0,0.115281,0,32000,3689,0.115281,131072,3462,0.026413,1,0,1
304,host-16,4,0,14,4,0,0,0.181094,0,32000,5795,0.181094,131072,5447,0.041557,0,0,4
304,host-17,5,1,14,5,1,0,0.235344,0,32000,7531,0.235344,131072,8062,0.061508,1,0,4
304,host-18,4,0,14,4,0,0,0.193625,0,32000,6196,0.193625,131072,6160,0.046997,0,0,4
304,host-19,5,1,14,5,1,0,0.237594,0,32000,7603,0.237594,131072,8313,0.063423,0,1,4
304,host-2,5,1,14,5,1,0,0.253844,0,32000,8123,0.253844,131072,8161,0.062263,0,1,4
304,host-20,4,0,14,4,0,0,0.208813,0,32000,6682,0.208813,131072,7317,0.055824,0,0,4
304,host-21,4,0,14,4,0,0,0.216688,0,32000,6934,0.216688,131072,8277,0.063148,0,0,4
304,host-22,4,0,14,4,0,0,0.187406,0,32000,5997,0.187406,131072,6167,0.047050,0,0,4
304,host-23,4,0,14,4,0,0,0.203844,0,32000,6523,0.203844,131072,5177,0.039497,0,0,4
304,host-24,5,0,14,5,0,0,0.255219,0,32000,8167,0.255219,131072,8210,0.062637,0,0,5
304,host-3,4,0,14,4,0,0,0.135094,0,32000,4323,0.135094,131072,3306,0.025223,0,0,4
304,host-4,4,1,14,4,1,0,0.181031,0,32000,5793,0.181031,131072,5190,0.039597,0,1,3
304,host-5,5,1,14,5,1,0,0.228219,0,32000,7303,0.228219,131072,6828,0.052094,0,1,4
304,host-6,6,0,14,6,0,0,0.206625,0,32000,6612,0.206625,131072,5437,0.041481,0,0,6
304,host-7,4,0,14,4,0,0,0.201750,0,32000,6456,0.201750,131072,8025,0.061226,0,0,4
304,host-8,3,0,14,3,0,0,0.200594,0,32000,6419,0.200594,131072,7366,0.056198,0,0,3
304,host-9,4,0,14,4,0,0,0.238156,0,32000,7621,0.238156,131072,6731,0.051353,0,0,4
305,host-1,4,0,14,4,0,0,0.235969,0,32000,7551,0.235969,131072,7990,0.060959,0,0,4
305,host-10,4,0,14,4,0,0,0.188250,0,32000,6024,0.188250,131072,6193,0.047249,0,0,4
305,host-11,5,1,14,5,1,0,0.208219,0,32000,6663,0.208219,131072,5253,0.040077,0,1,4
305,host-12,4,0,14,4,0,0,0.215438,0,32000,6894,0.215438,131072,5288,0.040344,0,0,4
305,host-13,3,0,14,3,0,0,0.169219,0,32000,5415,0.169219,131072,5237,0.039955,0,0,3
305,host-14,4,0,14,4,0,0,0.136719,0,32000,4375,0.136719,131072,4690,0.035782,0,0,4
305,host-15,3,2,14,3,2,0,0.160875,0,32000,5148,0.160875,131072,4333,0.033058,1,1,1
305,host-16,4,0,14,4,0,0,0.181094,0,32000,5795,0.181094,131072,5447,0.041557,0,0,4
305,host-17,4,0,14,4,0,0,0.190812,0,32000,6106,0.190812,131072,6138,0.046829,0,0,4
305,host-18,4,1,14,4,1,0,0.193625,0,32000,6196,0.193625,131072,6160,0.046997,0,1,3
305,host-19,5,0,14,5,0,0,0.237594,0,32000,7603,0.237594,131072,8313,0.063423,0,0,5
305,host-2,5,0,14,5,0,0,0.253844,0,32000,8123,0.253844,131072,8161,0.062263,0,0,5
305,host-20,4,0,14,4,0,0,0.208813,0,32000,6682,0.208813,131072,7317,0.055824,0,0,4
305,host-21,4,0,14,4,0,0,0.216688,0,32000,6934,0.216688,131072,8277,0.063148,0,0,4
305,host-22,4,0,14,4,0,0,0.187406,0,32000,5997,0.187406,131072,6167,0.047050,0,0,4
305,host-23,4,0,14,4,0,0,0.203844,0,32000,6523,0.203844,131072,5177,0.039497,0,0,4
305,host-24,5,0,14,5,0,0,0.255219,0,32000,8167,0.255219,131072,8210,0.062637,0,0,5
305,host-3,4,1,14,4,1,0,0.157250,0,32000,5032,0.157250,131072,4475,0.034142,1,0,3
305,host-4,4,0,14,4,0,0,0.181031,0,32000,5793,0.181031,131072,5190,0.039597,0,0,4
305,host-5,5,0,14,5,0,0,0.228219,0,32000,7303,0.228219,131072,6828,0.052094,0,0,5
305,host-6,6,0,14,6,0,0,0.206625,0,32000,6612,0.206625,131072,5437,0.041481,0,0,6
305,host-7,4,0,14,4,0,0,0.201750,0,32000,6456,0.201750,131072,8025,0.061226,0,0,4
305,host-8,3,0,14,3,0,0,0.200594,0,32000,6419,0.200594,131072,7366,0.056198,0,0,3
305,host-9,4,0,14,4,0,0,0.238156,0,32000,7621,0.238156,131072,6731,0.051353,0,0,4
306,host-1,4,1,14,4,1,0,0.184438,0,32000,5902,0.184438,131072,5678,0.043320,1,0,3
306,host-10,4,0,14,4,0,0,0.188250,0,32000,6024,0.188250,131072,6193,0.047249,0,0,4
306,host-11,5,0,14,5,0,0,0.208219,0,32000,6663,0.208219,131072,5253,0.040077,0,0,5
306,host-12,4,1,14,4,1,0,0.215438,0,32000,6894,0.215438,131072,5288,0.040344,0,1,3
306,host-13,3,1,14,3,1,0,0.195125,0,32000,6244,0.195125,131072,6602,0.050369,1,0,2
306,host-14,4,1,14,4,1,0,0.180625,0,32000,5780,0.180625,131072,6765,0.051613,1,0,3
306,host-15,4,2,14,4,2,0,0.202563,0,32000,6482,0.202563,131072,5838,0.044540,2,0,2
306,host-16,4,0,14,4,0,0,0.181094,0,32000,5795,0.181094,131072,5447,0.041557,0,0,4
306,host-17,4,0,14,4,0,0,0.190812,0,32000,6106,0.190812,131072,6138,0.046829,0,0,4
306,host-18,4,0,14,4,0,0,0.193625,0,32000,6196,0.193625,131072,6160,0.046997,0,0,4
306,host-19,5,0,14,5,0,0,0.237594,0,32000,7603,0.237594,131072,8313,0.063423,0,0,5
306,host-2,5,0,14,5,0,0,0.253844,0,32000,8123,0.253844,131072,8161,0.062263,0,0,5
306,host-20,4,0,14,4,0,0,0.208813,0,32000,6682,0.208813,131072,7317,0.055824,0,0,4
306,host-21,4,0,14,4,0,0,0.216688,0,32000,6934,0.216688,131072,8277,0.063148,0,0,4
306,host-22,4,0,14,4,0,0,0.187406,0,32000,5997,0.187406,131072,6167,0.047050,0,0,4
306,host-23,4,0,14,4,0,0,0.203844,0,32000,6523,0.203844,131072,5177,0.039497,0,0,4
306,host-24,5,0,14,5,0,0,0.255219,0,32000,8167,0.255219,131072,8210,0.062637,0,0,5
306,host-3,5,1,14,5,1,0,0.227969,0,32000,7295,0.227969,131072,7055,0.053825,1,0,4
306,host-4,4,0,14,4,0,0,0.181031,0,32000,5793,0.181031,131072,5190,0.039597,0,0,4
306,host-5,5,1,14,5,1,0,0.228219,0,32000,7303,0.228219,131072,6828,0.052094,0,1,4
306,host-6,6,0,14,6,0,0,0.206625,0,32000,6612,0.206625,131072,5437,0.041481,0,0,6
306,host-7,4,1,14,4,1,0,0.202469,0,32000,6479,0.202469,131072,8082,0.061661,1,0,3
306,host-8,3,0,14,3,0,0,0.200594,0,32000,6419,0.200594,131072,7366,0.056198,0,0,3
306,host-9,4,0,14,4,0,0,0.238156,0,32000,7621,0.238156,131072,6731,0.051353,0,0,4
307,host-1,4,0,14,4,0,0,0.184438,0,32000,5902,0.184438,131072,5678,0.043320,0,0,4
307,host-10,3,0,14,3,0,0,0.144063,0,32000,4610,0.144063,131072,4622,0.035263,0,0,3
307,host-11,5,0,14,5,0,0,0.208219,0,32000,6663,0.208219,131072,5253,0.040077,0,0,5
307,host-12,4,0,14,4,0,0,0.215438,0,32000,6894,0.215438,131072,5288,0.040344,0,0,4
307,host-13,3,0,14,3,0,0,0.195125,0,32000,6244,0.195125,131072,6602,0.050369,0,0,3
307,host-14,5,2,14,5,2,0,0.251156,0,32000,8037,0.251156,131072,9178,0.070023,1,1,3
307,host-15,4,1,14,4,1,0,0.202563,0,32000,6482,0.202563,131072,5838,0.044540,1,0,3
307,host-16,4,0,14,4,0,0,0.181094,0,32000,5795,0.181094,131072,5447,0.041557,0,0,4
307,host-17,4,0,14,4,0,0,0.190812,0,32000,6106,0.190812,131072,6138,0.046829,0,0,4
307,host-18,4,1,14,4,1,0,0.193625,0,32000,6196,0.193625,131072,6160,0.046997,0,1,3
307,host-19,5,0,14,5,0,0,0.237594,0,32000,7603,0.237594,131072,8313,0.063423,0,0,5
307,host-2,5,0,14,5,0,0,0.253844,0,32000,8123,0.253844,131072,8161,0.062263,0,0,5
307,host-20,4,0,14,4,0,0,0.208813,0,32000,6682,0.208813,131072,7317,0.055824,0,0,4
307,host-21,4,0,14,4,0,0,0.216688,0,32000,6934,0.216688,131072,8277,0.063148,0,0,4
307,host-22,3,0,14,3,0,0,0.144125,0,32000,4612,0.144125,131072,5089,0.038826,0,0,3
307,host-23,4,0,14,4,0,0,0.203844,0,32000,6523,0.203844,131072,5177,0.039497,0,0,4
307,host-24,5,0,14,5,0,0,0.255219,0,32000,8167,0.255219,131072,8210,0.062637,0,0,5
307,host-3,5,0,14,5,0,0,0.227969,0,32000,7295,0.227969,131072,7055,0.053825,0,0,5
307,host-4,4,1,14,4,1,0,0.189375,0,32000,6060,0.189375,131072,5679,0.043327,1,0,3
307,host-5,5,0,14,5,0,0,0.228219,0,32000,7303,0.228219,131072,6828,0.052094,0,0,5
307,host-6,6,0,14,6,0,0,0.206625,0,32000,6612,0.206625,131072,5437,0.041481,0,0,6
307,host-7,3,0,14,3,0,0,0.168656,0,32000,5397,0.168656,131072,6782,0.051743,0,0,3
307,host-8,3,0,14,3,0,0,0.200594,0,32000,6419,0.200594,131072,7366,0.056198,0,0,3
307,host-9,4,0,14,4,0,0,0.238156,0,32000,7621,0.238156,131072,6731,0.051353,0,0,4
308,host-1,4,1,14,4,1,0,0.184438,0,32000,5902,0.184438,131072,5678,0.043320,0,1,3
308,host-10,4,1,14,4,1,0,0.177875,0,32000,5692,0.177875,131072,5922,0.045181,1,0,3
308,host-11,5,0,14,5,0,0,0.208219,0,32000,6663,0.208219,131072,5253,0.040077,0,0,5
308,host-12,4,0,14,4,0,0,0.215438,0,32000,6894,0.215438,131072,5288,0.040344,0,0,4
308,host-13,3,1,14,3,1,0,0.195125,0,32000,6244,0.195125,131072,6602,0.050369,0,1,2
308,host-14,5,0,14,5,0,0,0.251156,0,32000,8037,0.251156,131072,9178,0.070023,0,0,5
308,host-15,4,0,14,4,0,0,0.202563,0,32000,6482,0.202563,131072,5838,0.044540,0,0,4
308,host-16,4,1,14,4,1,0,0.181094,0,32000,5795,0.181094,131072,5447,0.041557,0,1,3
308,host-17,4,0,14,4,0,0,0.190812,0,32000,6106,0.190812,131072,6138,0.046829,0,0,4
308,host-18,4,0,14,4,0,0,0.193625,0,32000,6196,0.193625,131072,6160,0.046997,0,0,4
308,host-19,5,0,14,5,0,0,0.237594,0,32000,7603,0.237594,131072,8313,0.063423,0,0,5
308,host-2,5,0,14,5,0,0,0.253844,0,32000,8123,0.253844,131072,8161,0.062263,0,0,5
308,host-20,4,0,14,4,0,0,0.208813,0,32000,6682,0.208813,131072,7317,0.055824,0,0,4
308,host-21,3,0,14,3,0,0,0.160281,0,32000,5129,0.160281,131072,6601,0.050362,0,0,3
308,host-22,3,0,14,3,0,0,0.144125,0,32000,4612,0.144125,131072,5089,0.038826,0,0,3
308,host-23,4,0,14,4,0,0,0.203844,0,32000,6523,0.203844,131072,5177,0.039497,0,0,4
308,host-24,5,0,14,5,0,0,0.255219,0,32000,8167,0.255219,131072,8210,0.062637,0,0,5
308,host-3,5,0,14,5,0,0,0.227969,0,32000,7295,0.227969,131072,7055,0.053825,0,0,5
308,host-4,4,1,14,4,1,0,0.189375,0,32000,6060,0.189375,131072,5679,0.043327,1,0,3
308,host-5,5,0,14,5,0,0,0.228219,0,32000,7303,0.228219,131072,6828,0.052094,0,0,5
308,host-6,5,0,14,5,0,0,0.171437,0,32000,5486,0.171437,131072,4521,0.034492,0,0,5
308,host-7,3,0,14,3,0,0,0.168656,0,32000,5397,0.168656,131072,6782,0.051743,0,0,3
308,host-8,3,0,14,3,0,0,0.200594,0,32000,6419,0.200594,131072,7366,0.056198,0,0,3
308,host-9,4,1,14,4,1,0,0.238156,0,32000,7621,0.238156,131072,6731,0.051353,0,1,3
309,host-1,4,0,14,4,0,0,0.184438,0,32000,5902,0.184438,131072,5678,0.043320,0,0,4
309,host-10,4,0,14,4,0,0,0.177875,0,32000,5692,0.177875,131072,5922,0.045181,0,0,4
309,host-11,5,0,14,5,0,0,0.208219,0,32000,6663,0.208219,131072,5253,0.040077,0,0,5
309,host-12,4,0,14,4,0,0,0.215438,0,32000,6894,0.215438,131072,5288,0.040344,0,0,4
309,host-13,3,0,14,3,0,0,0.195125,0,32000,6244,0.195125,131072,6602,0.050369,0,0,3
309,host-14,5,0,14,5,0,0,0.251156,0,32000,8037,0.251156,131072,9178,0.070023,0,0,5
309,host-15,4,0,14,4,0,0,0.202563,0,32000,6482,0.202563,131072,5838,0.044540,0,0,4
309,host-16,4,0,14,4,0,0,0.181094,0,32000,5795,0.181094,131072,5447,0.041557,0,0,4
309,host-17,4,0,14,4,0,0,0.190812,0,32000,6106,0.190812,131072,6138,0.046829,0,0,4
309,host-18,4,0,14,4,0,0,0.193625,0,32000,6196,0.193625,131072,6160,0.046997,0,0,4
309,host-19,5,0,14,5,0,0,0.237594,0,32000,7603,0.237594,131072,8313,0.063423,0,0,5
309,host-2,5,0,14,5,0,0,0.253844,0,32000,8123,0.253844,131072,8161,0.062263,0,0,5
309,host-20,4,0,14,4,0,0,0.208813,0,32000,6682,0.208813,131072,7317,0.055824,0,0,4
309,host-21,4,1,14,4,1,0,0.190969,0,32000,6111,0.190969,131072,6961,0.053108,1,0,3
309,host-22,4,1,14,4,1,0,0.207750,0,32000,6648,0.207750,131072,7388,0.056366,1,0,3
309,host-23,4,0,14,4,0,0,0.203844,0,32000,6523,0.203844,131072,5177,0.039497,0,0,4
309,host-24,5,0,14,5,0,0,0.255219,0,32000,8167,0.255219,131072,8210,0.062637,0,0,5
309,host-3,5,0,14,5,0,0,0.227969,0,32000,7295,0.227969,131072,7055,0.053825,0,0,5
309,host-4,4,0,14,4,0,0,0.189375,0,32000,6060,0.189375,131072,5679,0.043327,0,0,4
309,host-5,5,0,14,5,0,0,0.228219,0,32000,7303,0.228219,131072,6828,0.052094,0,0,5
309,host-6,5,0,14,5,0,0,0.171437,0,32000,5486,0.171437,131072,4521,0.034492,0,0,5
309,host-7,4,1,14,4,1,0,0.235937,0,32000,7550,0.235937,131072,9418,0.071854,1,0,3
309,host-8,3,0,14,3,0,0,0.200594,0,32000,6419,0.200594,131072,7366,0.056198,0,0,3
309,host-9,4,0,14,4,0,0,0.238156,0,32000,7621,0.238156,131072,6731,0.051353,0,0,4
310,host-1,4,0,14,4,0,0,0.184438,0,32000,5902,0.184438,131072,5678,0.043320,0,0,4
310,host-10,4,0,14,4,0,0,0.177875,0,32000,5692,0.177875,131072,5922,0.045181,0,0,4
310,host-11,5,0,14,5,0,0,0.208219,0,32000,6663,0.208219,131072,5253,0.040077,0,0,5
310,host-12,4,0,14,4,0,0,0.215438,0,32000,6894,0.215438,131072,5288,0.040344,0,0,4
310,host-13,3,0,14,3,0,0,0.195125,0,32000,6244,0.195125,131072,6602,0.050369,0,0,3
310,host-14,5,0,14,5,0,0,0.251156,0,32000,8037,0.251156,131072,9178,0.070023,0,0,5
310,host-15,4,0,14,4,0,0,0.202563,0,32000,6482,0.202563,131072,5838,0.044540,0,0,4
310,host-16,4,0,14,4,0,0,0.181094,0,32000,5795,0.181094,131072,5447,0.041557,0,0,4
310,host-17,4,0,14,4,0,0,0.190812,0,32000,6106,0.190812,131072,6138,0.046829,0,0,4
310,host-18,4,0,14,4,0,0,0.193625,0,32000,6196,0.193625,131072,6160,0.046997,0,0,4
310,host-19,5,0,14,5,0,0,0.237594,0,32000,7603,0.237594,131072,8313,0.063423,0,0,5
310,host-2,5,0,14,5,0,0,0.253844,0,32000,8123,0.253844,131072,8161,0.062263,0,0,5
310,host-20,3,0,14,3,0,0,0.179000,0,32000,5728,0.179000,131072,6676,0.050934,0,0,3
310,host-21,4,1,14,4,1,0,0.190969,0,32000,6111,0.190969,131072,6961,0.053108,1,0,3
310,host-22,4,0,14,4,0,0,0.207750,0,32000,6648,0.207750,131072,7388,0.056366,0,0,4
310,host-23,4,0,14,4,0,0,0.203844,0,32000,6523,0.203844,131072,5177,0.039497,0,0,4
310,host-24,5,0,14,5,0,0,0.255219,0,32000,8167,0.255219,131072,8210,0.062637,0,0,5
310,host-3,4,0,14,4,0,0,0.199406,0,32000,6381,0.199406,131072,6037,0.046059,0,0,4
310,host-4,4,0,14,4,0,0,0.189375,0,32000,6060,0.189375,131072,5679,0.043327,0,0,4
310,host-5,4,0,14,4,0,0,0.170313,0,32000,5450,0.170313,131072,5421,0.041359,0,0,4
310,host-6,6,1,14,6,1,0,0.202125,0,32000,6468,0.202125,131072,4881,0.037239,1,0,5
310,host-7,4,1,14,4,1,0,0.235937,0,32000,7550,0.235937,131072,9418,0.071854,1,0,3
310,host-8,3,0,14,3,0,0,0.200594,0,32000,6419,0.200594,131072,7366,0.056198,0,0,3
310,host-9,4,0,14,4,0,0,0.238156,0,32000,7621,0.238156,131072,6731,0.051353,0,0,4
311,host-1,4,0,14,4,0,0,0.184438,0,32000,5902,0.184438,131072,5678,0.043320,0,0,4
311,host-10,4,0,14,4,0,0,0.177875,0,32000,5692,0.177875,131072,5922,0.045181,0,0,4
311,host-11,5,0,14,5,0,0,0.208219,0,32000,6663,0.208219,131072,5253,0.040077,0,0,5
311,host-12,4,0,14,4,0,0,0.215438,0,32000,6894,0.215438,131072,5288,0.040344,0,0,4
311,host-13,3,0,14,3,0,0,0.195125,0,32000,6244,0.195125,131072,6602,0.050369,0,0,3
311,host-14,5,1,14,5,1,0,0.251156,0,32000,8037,0.251156,131072,9178,0.070023,0,1,4
311,host-15,4,0,14,4,0,0,0.202563,0,32000,6482,0.202563,131072,5838,0.044540,0,0,4
311,host-16,4,0,14,4,0,0,0.181094,0,32000,5795,0.181094,131072,5447,0.041557,0,0,4
311,host-17,4,0,14,4,0,0,0.190812,0,32000,6106,0.190812,131072,6138,0.046829,0,0,4
311,host-18,3,0,14,3,0,0,0.140500,0,32000,4496,0.140500,131072,4655,0.035515,0,0,3
311,host-19,5,0,14,5,0,0,0.237594,0,32000,7603,0.237594,131072,8313,0.063423,0,0,5
311,host-2,3,0,14,3,0,0,0.159969,0,32000,5119,0.159969,131072,5009,0.038216,0,0,3
311,host-20,3,0,14,3,0,0,0.179000,0,32000,5728,0.179000,131072,6676,0.050934,0,0,3
311,host-21,4,0,14,4,0,0,0.190969,0,32000,6111,0.190969,131072,6961,0.053108,0,0,4
311,host-22,4,0,14,4,0,0,0.207750,0,32000,6648,0.207750,131072,7388,0.056366,0,0,4
311,host-23,4,0,14,4,0,0,0.203844,0,32000,6523,0.203844,131072,5177,0.039497,0,0,4
311,host-24,5,1,14,5,1,0,0.255219,0,32000,8167,0.255219,131072,8210,0.062637,0,1,4
311,host-3,4,0,14,4,0,0,0.199406,0,32000,6381,0.199406,131072,6037,0.046059,0,0,4
311,host-4,4,0,14,4,0,0,0.189375,0,32000,6060,0.189375,131072,5679,0.043327,0,0,4
311,host-5,3,1,14,3,1,0,0.132062,0,32000,4226,0.132062,131072,4588,0.035004,0,1,2
311,host-6,6,1,14,6,1,0,0.202125,0,32000,6468,0.202125,131072,4881,0.037239,1,0,5
311,host-7,4,0,14,4,0,0,0.235937,0,32000,7550,0.235937,131072,9418,0.071854,0,0,4
311,host-8,3,0,14,3,0,0,0.200594,0,32000,6419,0.200594,131072,7366,0.056198,0,0,3
311,host-9,4,0,14,4,0,0,0.238156,0,32000,7621,0.238156,131072,6731,0.051353,0,0,4
312,host-1,3,0,14,3,0,0,0.136469,0,32000,4367,0.136469,131072,4153,0.031685,0,0,3
312,host-10,4,0,14,4,0,0,0.177875,0,32000,5692,0.177875,131072,5922,0.045181,0,0,4
312,host-11,5,0,14,5,0,0,0.208219,0,32000,6663,0.208219,131072,5253,0.040077,0,0,5
312,host-12,4,0,14,4,0,0,0.215438,0,32000,6894,0.215438,131072,5288,0.040344,0,0,4
312,host-13,3,0,14,3,0,0,0.195125,0,32000,6244,0.195125,131072,6602,0.050369,0,0,3
312,host-14,5,0,14,5,0,0,0.251156,0,32000,8037,0.251156,131072,9178,0.070023,0,0,5
312,host-15,4,0,14,4,0,0,0.202563,0,32000,6482,0.202563,131072,5838,0.044540,0,0,4
312,host-16,4,0,14,4,0,0,0.181094,0,32000,5795,0.181094,131072,5447,0.041557,0,0,4
312,host-17,4,0,14,4,0,0,0.190812,0,32000,6106,0.190812,131072,6138,0.046829,0,0,4
312,host-18,3,1,14,3,1,0,0.140500,0,32000,4496,0.140500,131072,4655,0.035515,0,1,2
312,host-19,5,0,14,5,0,0,0.237594,0,32000,7603,0.237594,131072,8313,0.063423,0,0,5
312,host-2,3,0,14,3,0,0,0.159969,0,32000,5119,0.159969,131072,5009,0.038216,0,0,3
312,host-20,3,0,14,3,0,0,0.179000,0,32000,5728,0.179000,131072,6676,0.050934,0,0,3
312,host-21,4,1,14,4,1,0,0.190969,0,32000,6111,0.190969,131072,6961,0.053108,0,1,3
312,host-22,4,0,14,4,0,0,0.207750,0,32000,6648,0.207750,131072,7388,0.056366,0,0,4
312,host-23,4,0,14,4,0,0,0.203844,0,32000,6523,0.203844,131072,5177,0.039497,0,0,4
312,host-24,5,0,14,5,0,0,0.255219,0,32000,8167,0.255219,131072,8210,0.062637,0,0,5
312,host-3,4,0,14,4,0,0,0.199406,0,32000,6381,0.199406,131072,6037,0.046059,0,0,4
312,host-4,4,0,14,4,0,0,0.189375,0,32000,6060,0.189375,131072,5679,0.043327,0,0,4
312,host-5,3,0,14,3,0,0,0.132062,0,32000,4226,0.132062,131072,4588,0.035004,0,0,3
312,host-6,6,1,14,6,1,0,0.202125,0,32000,6468,0.202125,131072,4881,0.037239,0,1,5
312,host-7,4,0,14,4,0,0,0.235937,0,32000,7550,0.235937,131072,9418,0.071854,0,0,4
312,host-8,3,0,14,3,0,0,0.200594,0,32000,6419,0.200594,131072,7366,0.056198,0,0,3
312,host-9,4,0,14,4,0,0,0.238156,0,32000,7621,0.238156,131072,6731,0.051353,0,0,4
313,host-1,3,0,14,3,0,0,0.136469,0,32000,4367,0.136469,131072,4153,0.031685,0,0,3
313,host-10,4,0,14,4,0,0,0.177875,0,32000,5692,0.177875,131072,5922,0.045181,0,0,4
313,host-11,4,0,14,4,0,0,0.153656,0,32000,4917,0.153656,131072,4004,0.030548,0,0,4
313,host-12,4,0,14,4,0,0,0.215438,0,32000,6894,0.215438,131072,5288,0.040344,0,0,4
313,host-13,3,0,14,3,0,0,0.195125,0,32000,6244,0.195125,131072,6602,0.050369,0,0,3
313,host-14,5,0,14,5,0,0,0.251156,0,32000,8037,0.251156,131072,9178,0.070023,0,0,5
313,host-15,4,0,14,4,0,0,0.202563,0,32000,6482,0.202563,131072,5838,0.044540,0,0,4
313,host-16,4,0,14,4,0,0,0.181094,0,32000,5795,0.181094,131072,5447,0.041557,0,0,4
313,host-17,4,0,14,4,0,0,0.190812,0,32000,6106,0.190812,131072,6138,0.046829,0,0,4
313,host-18,3,0,14,3,0,0,0.140500,0,32000,4496,0.140500,131072,4655,0.035515,0,0,3
313,host-19,5,0,14,5,0,0,0.237594,0,32000,7603,0.237594,131072,8313,0.063423,0,0,5
313,host-2,2,1,14,2,1,0,0.115094,0,32000,3683,0.115094,131072,4196,0.032013,0,1,1
313,host-20,3,0,14,3,0,0,0.179000,0,32000,5728,0.179000,131072,6676,0.050934,0,0,3
313,host-21,4,0,14,4,0,0,0.190969,0,32000,6111,0.190969,131072,6961,0.053108,0,0,4
313,host-22,4,0,14,4,0,0,0.207750,0,32000,6648,0.207750,131072,7388,0.056366,0,0,4
313,host-23,4,0,14,4,0,0,0.203844,0,32000,6523,0.203844,131072,5177,0.039497,0,0,4
313,host-24,5,0,14,5,0,0,0.255219,0,32000,8167,0.255219,131072,8210,0.062637,0,0,5
313,host-3,4,0,14,4,0,0,0.199406,0,32000,6381,0.199406,131072,6037,0.046059,0,0,4
313,host-4,4,1,14,4,1,0,0.189375,0,32000,6060,0.189375,131072,5679,0.043327,0,1,3
313,host-5,3,0,14,3,0,0,0.132062,0,32000,4226,0.132062,131072,4588,0.035004,0,0,3
313,host-6,5,0,14,5,0,0,0.171500,0,32000,5488,0.171500,131072,3758,0.028671,0,0,5
313,host-7,4,0,14,4,0,0,0.235937,0,32000,7550,0.235937,131072,9418,0.071854,0,0,4
313,host-8,3,0,14,3,0,0,0.200594,0,32000,6419,0.200594,131072,7366,0.056198,0,0,3
313,host-9,4,0,14,4,0,0,0.238156,0,32000,7621,0.238156,131072,6731,0.051353,0,0,4
314,host-1,3,0,14,3,0,0,0.136469,0,32000,4367,0.136469,131072,4153,0.031685,0,0,3
314,host-10,4,0,14,4,0,0,0.177875,0,32000,5692,0.177875,131072,5922,0.045181,0,0,4
314,host-11,4,0,14,4,0,0,0.153656,0,32000,4917,0.153656,131072,4004,0.030548,0,0,4
314,host-12,4,0,14,4,0,0,0.215438,0,32000,6894,0.215438,131072,5288,0.040344,0,0,4
314,host-13,3,0,14,3,0,0,0.195125,0,32000,6244,0.195125,131072,6602,0.050369,0,0,3
314,host-14,5,0,14,5,0,0,0.251156,0,32000,8037,0.251156,131072,9178,0.070023,0,0,5
314,host-15,4,0,14,4,0,0,0.202563,0,32000,6482,0.202563,131072,5838,0.044540,0,0,4
314,host-16,4,0,14,4,0,0,0.181094,0,32000,5795,0.181094,131072,5447,0.041557,0,0,4
314,host-17,4,0,14,4,0,0,0.190812,0,32000,6106,0.190812,131072,6138,0.046829,0,0,4
314,host-18,3,0,14,3,0,0,0.140500,0,32000,4496,0.140500,131072,4655,0.035515,0,0,3
314,host-19,5,0,14,5,0,0,0.237594,0,32000,7603,0.237594,131072,8313,0.063423,0,0,5
314,host-2,3,1,14,3,1,0,0.176563,0,32000,5650,0.176563,131072,6697,0.051094,1,0,2
314,host-20,3,0,14,3,0,0,0.179000,0,32000,5728,0.179000,131072,6676,0.050934,0,0,3
314,host-21,4,0,14,4,0,0,0.190969,0,32000,6111,0.190969,131072,6961,0.053108,0,0,4
314,host-22,4,0,14,4,0,0,0.207750,0,32000,6648,0.207750,131072,7388,0.056366,0,0,4
314,host-23,4,0,14,4,0,0,0.203844,0,32000,6523,0.203844,131072,5177,0.039497,0,0,4
314,host-24,4,0,14,4,0,0,0.210437,0,32000,6734,0.210437,131072,6875,0.052452,0,0,4
314,host-3,4,0,14,4,0,0,0.199406,0,32000,6381,0.199406,131072,6037,0.046059,0,0,4
314,host-4,4,0,14,4,0,0,0.189375,0,32000,6060,0.189375,131072,5679,0.043327,0,0,4
314,host-5,4,1,14,4,1,0,0.206875,0,32000,6620,0.206875,131072,7124,0.054352,1,0,3
314,host-6,5,0,14,5,0,0,0.171500,0,32000,5488,0.171500,131072,3758,0.028671,0,0,5
314,host-7,4,0,14,4,0,0,0.235937,0,32000,7550,0.235937,131072,9418,0.071854,0,0,4
314,host-8,3,0,14,3,0,0,0.200594,0,32000,6419,0.200594,131072,7366,0.056198,0,0,3
314,host-9,4,0,14,4,0,0,0.238156,0,32000,7621,0.238156,131072,6731,0.051353,0,0,4
315,host-1,2,0,14,2,0,0,0.068375,0,32000,2188,0.068375,131072,1723,0.013145,0,0,2
315,host-10,4,0,14,4,0,0,0.177875,0,32000,5692,0.177875,131072,5922,0.045181,0,0,4
315,host-11,4,0,14,4,0,0,0.153656,0,32000,4917,0.153656,131072,4004,0.030548,0,0,4
315,host-12,4,0,14,4,0,0,0.215438,0,32000,6894,0.215438,131072,5288,0.040344,0,0,4
315,host-13,3,0,14,3,0,0,0.195125,0,32000,6244,0.195125,131072,6602,0.050369,0,0,3
315,host-14,5,1,14,5,1,0,0.251156,0,32000,8037,0.251156,131072,9178,0.070023,0,1,4
315,host-15,4,0,14,4,0,0,0.202563,0,32000,6482,0.202563,131072,5838,0.044540,0,0,4
315,host-16,4,0,14,4,0,0,0.181094,0,32000,5795,0.181094,131072,5447,0.041557,0,0,4
315,host-17,4,0,14,4,0,0,0.190812,0,32000,6106,0.190812,131072,6138,0.046829,0,0,4
315,host-18,3,0,14,3,0,0,0.140500,0,32000,4496,0.140500,131072,4655,0.035515,0,0,3
315,host-19,5,0,14,5,0,0,0.237594,0,32000,7603,0.237594,131072,8313,0.063423,0,0,5
315,host-2,3,0,14,3,0,0,0.176563,0,32000,5650,0.176563,131072,6697,0.051094,0,0,3
315,host-20,3,0,14,3,0,0,0.179000,0,32000,5728,0.179000,131072,6676,0.050934,0,0,3
315,host-21,4,0,14,4,0,0,0.190969,0,32000,6111,0.190969,131072,6961,0.053108,0,0,4
315,host-22,4,0,14,4,0,0,0.207750,0,32000,6648,0.207750,131072,7388,0.056366,0,0,4
315,host-23,4,0,14,4,0,0,0.203844,0,32000,6523,0.203844,131072,5177,0.039497,0,0,4
315,host-24,4,0,14,4,0,0,0.210437,0,32000,6734,0.210437,131072,6875,0.052452,0,0,4
315,host-3,4,0,14,4,0,0,0.199406,0,32000,6381,0.199406,131072,6037,0.046059,0,0,4
315,host-4,4,0,14,4,0,0,0.189375,0,32000,6060,0.189375,131072,5679,0.043327,0,0,4
315,host-5,4,1,14,4,1,0,0.206875,0,32000,6620,0.206875,131072,7124,0.054352,0,1,3
315,host-6,5,0,14,5,0,0,0.171500,0,32000,5488,0.171500,131072,3758,0.028671,0,0,5
315,host-7,4,0,14,4,0,0,0.235937,0,32000,7550,0.235937,131072,9418,0.071854,0,0,4
315,host-8,3,0,14,3,0,0,0.200594,0,32000,6419,0.200594,131072,7366,0.056198,0,0,3
315,host-9,4,1,14,4,1,0,0.238156,0,32000,7621,0.238156,131072,6731,0.051353,0,1,3
316,host-1,4,2,14,4,2,0,0.156000,0,32000,4992,0.156000,131072,3917,0.029884,2,0,2
316,host-10,4,0,14,4,0,0,0.177875,0,32000,5692,0.177875,131072,5922,0.045181,0,0,4
316,host-11,4,0,14,4,0,0,0.153656,0,32000,4917,0.153656,131072,4004,0.030548,0,0,4
316,host-12,4,1,14,4,1,0,0.215438,0,32000,6894,0.215438,131072,5288,0.040344,0,1,3
316,host-13,3,0,14,3,0,0,0.195125,0,32000,6244,0.195125,131072,6602,0.050369,0,0,3
316,host-14,5,0,14,5,0,0,0.251156,0,32000,8037,0.251156,131072,9178,0.070023,0,0,5
316,host-15,4,0,14,4,0,0,0.202563,0,32000,6482,0.202563,131072,5838,0.044540,0,0,4
316,host-16,4,0,14,4,0,0,0.181094,0,32000,5795,0.181094,131072,5447,0.041557,0,0,4
316,host-17,4,0,14,4,0,0,0.190812,0,32000,6106,0.190812,131072,6138,0.046829,0,0,4
316,host-18,3,0,14,3,0,0,0.140500,0,32000,4496,0.140500,131072,4655,0.035515,0,0,3
316,host-19,5,0,14,5,0,0,0.237594,0,32000,7603,0.237594,131072,8313,0.063423,0,0,5
316,host-2,3,0,14,3,0,0,0.176563,0,32000,5650,0.176563,131072,6697,0.051094,0,0,3
316,host-20,2,0,14,2,0,0,0.103031,0,32000,3297,0.103031,131072,3756,0.028656,0,0,2
316,host-21,4,0,14,4,0,0,0.190969,0,32000,6111,0.190969,131072,6961,0.053108,0,0,4
316,host-22,4,0,14,4,0,0,0.207750,0,32000,6648,0.207750,131072,7388,0.056366,0,0,4
316,host-23,2,0,14,2,0,0,0.102938,0,32000,3294,0.102938,131072,2292,0.017487,0,0,2
316,host-24,4,0,14,4,0,0,0.210437,0,32000,6734,0.210437,131072,6875,0.052452,0,0,4
316,host-3,4,0,14,4,0,0,0.199406,0,32000,6381,0.199406,131072,6037,0.046059,0,0,4
316,host-4,3,0,14,3,0,0,0.147375,0,32000,4716,0.147375,131072,4763,0.036339,0,0,3
316,host-5,4,0,14,4,0,0,0.206875,0,32000,6620,0.206875,131072,7124,0.054352,0,0,4
316,host-6,5,0,14,5,0,0,0.171500,0,32000,5488,0.171500,131072,3758,0.028671,0,0,5
316,host-7,3,0,14,3,0,0,0.167813,0,32000,5370,0.167813,131072,6687,0.051018,0,0,3
316,host-8,2,1,14,2,1,0,0.137781,0,32000,4409,0.137781,131072,4952,0.037781,0,1,1
316,host-9,4,0,14,4,0,0,0.238156,0,32000,7621,0.238156,131072,6731,0.051353,0,0,4
317,host-1,4,0,14,4,0,0,0.156000,0,32000,4992,0.156000,131072,3917,0.029884,0,0,4
317,host-10,4,0,14,4,0,0,0.177875,0,32000,5692,0.177875,131072,5922,0.045181,0,0,4
317,host-11,4,0,14,4,0,0,0.153656,0,32000,4917,0.153656,131072,4004,0.030548,0,0,4
317,host-12,4,0,14,4,0,0,0.215438,0,32000,6894,0.215438,131072,5288,0.040344,0,0,4
317,host-13,3,0,14,3,0,0,0.195125,0,32000,6244,0.195125,131072,6602,0.050369,0,0,3
317,host-14,5,0,14,5,0,0,0.251156,0,32000,8037,0.251156,131072,9178,0.070023,0,0,5
317,host-15,4,0,14,4,0,0,0.202563,0,32000,6482,0.202563,131072,5838,0.044540,0,0,4
317,host-16,4,0,14,4,0,0,0.181094,0,32000,5795,0.181094,131072,5447,0.041557,0,0,4
317,host-17,4,0,14,4,0,0,0.190812,0,32000,6106,0.190812,131072,6138,0.046829,0,0,4
317,host-18,3,0,14,3,0,0,0.140500,0,32000,4496,0.140500,131072,4655,0.035515,0,0,3
317,host-19,5,0,14,5,0,0,0.237594,0,32000,7603,0.237594,131072,8313,0.063423,0,0,5
317,host-2,3,0,14,3,0,0,0.176563,0,32000,5650,0.176563,131072,6697,0.051094,0,0,3
317,host-20,3,1,14,3,1,0,0.144313,0,32000,4618,0.144313,131072,5377,0.041023,1,0,2
317,host-21,4,0,14,4,0,0,0.190969,0,32000,6111,0.190969,131072,6961,0.053108,0,0,4
317,host-22,3,0,14,3,0,0,0.159719,0,32000,5111,0.159719,131072,5906,0.045059,0,0,3
317,host-23,3,1,14,3,1,0,0.182031,0,32000,5825,0.182031,131072,4774,0.036423,1,0,2
317,host-24,4,2,14,4,2,0,0.210437,0,32000,6734,0.210437,131072,6875,0.052452,0,2,2
317,host-3,4,0,14,4,0,0,0.199406,0,32000,6381,0.199406,131072,6037,0.046059,0,0,4
317,host-4,3,0,14,3,0,0,0.147375,0,32000,4716,0.147375,131072,4763,0.036339,0,0,3
317,host-5,4,0,14,4,0,0,0.206875,0,32000,6620,0.206875,131072,7124,0.054352,0,0,4
317,host-6,5,0,14,5,0,0,0.171500,0,32000,5488,0.171500,131072,3758,0.028671,0,0,5
317,host-7,3,0,14,3,0,0,0.167813,0,32000,5370,0.167813,131072,6687,0.051018,0,0,3
317,host-8,2,0,14,2,0,0,0.137781,0,32000,4409,0.137781,131072,4952,0.037781,0,0,2
317,host-9,4,0,14,4,0,0,0.238156,0,32000,7621,0.238156,131072,6731,0.051353,0,0,4
318,host-1,4,0,14,4,0,0,0.156000,0,32000,4992,0.156000,131072,3917,0.029884,0,0,4
318,host-10,4,0,14,4,0,0,0.177875,0,32000,5692,0.177875,131072,5922,0.045181,0,0,4
318,host-11,4,0,14,4,0,0,0.153656,0,32000,4917,0.153656,131072,4004,0.030548,0,0,4
318,host-12,4,0,14,4,0,0,0.215438,0,32000,6894,0.215438,131072,5288,0.040344,0,0,4
318,host-13,3,1,14,3,1,0,0.195125,0,32000,6244,0.195125,131072,6602,0.050369,0,1,2
318,host-14,4,0,14,4,0,0,0.220750,0,32000,7064,0.220750,131072,7620,0.058136,0,0,4
318,host-15,4,0,14,4,0,0,0.202563,0,32000,6482,0.202563,131072,5838,0.044540,0,0,4
318,host-16,4,0,14,4,0,0,0.181094,0,32000,5795,0.181094,131072,5447,0.041557,0,0,4
318,host-17,4,0,14,4,0,0,0.190812,0,32000,6106,0.190812,131072,6138,0.046829,0,0,4
318,host-18,4,1,14,4,1,0,0.178687,0,32000,5718,0.178687,131072,5370,0.040970,1,0,3
318,host-19,5,0,14,5,0,0,0.237594,0,32000,7603,0.237594,131072,8313,0.063423,0,0,5
318,host-2,2,0,14,2,0,0,0.105469,0,32000,3375,0.105469,131072,4383,0.033440,0,0,2
318,host-20,4,2,14,4,2,0,0.208281,0,32000,6665,0.208281,131072,7729,0.058968,2,0,2
318,host-21,4,0,14,4,0,0,0.190969,0,32000,6111,0.190969,131072,6961,0.053108,0,0,4
318,host-22,3,0,14,3,0,0,0.159719,0,32000,5111,0.159719,131072,5906,0.045059,0,0,3
318,host-23,3,0,14,3,0,0,0.182031,0,32000,5825,0.182031,131072,4774,0.036423,0,0,3
318,host-24,4,0,14,4,0,0,0.210437,0,32000,6734,0.210437,131072,6875,0.052452,0,0,4
318,host-3,3,0,14,3,0,0,0.173437,0,32000,5550,0.173437,131072,4988,0.038055,0,0,3
318,host-4,3,0,14,3,0,0,0.147375,0,32000,4716,0.147375,131072,4763,0.036339,0,0,3
318,host-5,4,0,14,4,0,0,0.206875,0,32000,6620,0.206875,131072,7124,0.054352,0,0,4
318,host-6,5,0,14,5,0,0,0.171500,0,32000,5488,0.171500,131072,3758,0.028671,0,0,5
318,host-7,3,0,14,3,0,0,0.167813,0,32000,5370,0.167813,131072,6687,0.051018,0,0,3
318,host-8,3,1,14,3,1,0,0.212656,0,32000,6805,0.212656,131072,6949,0.053017,0,1,2
318,host-9,4,0,14,4,0,0,0.238156,0,32000,7621,0.238156,131072,6731,0.051353,0,0,4
319,host-1,4,0,14,4,0,0,0.156000,0,32000,4992,0.156000,131072,3917,0.029884,0,0,4
319,host-10,4,0,14,4,0,0,0.177875,0,32000,5692,0.177875,131072,5922,0.045181,0,0,4
319,host-11,4,0,14,4,0,0,0.153656,0,32000,4917,0.153656,131072,4004,0.030548,0,0,4
319,host-12,4,0,14,4,0,0,0.215438,0,32000,6894,0.215438,131072,5288,0.040344,0,0,4
319,host-13,3,0,14,3,0,0,0.195125,0,32000,6244,0.195125,131072,6602,0.050369,0,0,3
319,host-14,4,0,14,4,0,0,0.220750,0,32000,7064,0.220750,131072,7620,0.058136,0,0,4
319,host-15,4,0,14,4,0,0,0.202563,0,32000,6482,0.202563,131072,5838,0.044540,0,0,4
319,host-16,4,0,14,4,0,0,0.181094,0,32000,5795,0.181094,131072,5447,0.041557,0,0,4
319,host-17,4,0,14,4,0,0,0.190812,0,32000,6106,0.190812,131072,6138,0.046829,0,0,4
319,host-18,4,1,14,4,1,0,0.178687,0,32000,5718,0.178687,131072,5370,0.040970,0,1,3
319,host-19,5,0,14,5,0,0,0.237594,0,32000,7603,0.237594,131072,8313,0.063423,0,0,5
319,host-2,3,1,14,3,1,0,0.151750,0,32000,4856,0.151750,131072,5629,0.042946,1,0,2
319,host-20,4,1,14,4,1,0,0.208281,0,32000,6665,0.208281,131072,7729,0.058968,0,1,3
319,host-21,4,0,14,4,0,0,0.190969,0,32000,6111,0.190969,131072,6961,0.053108,0,0,4
319,host-22,3,0,14,3,0,0,0.159719,0,32000,5111,0.159719,131072,5906,0.045059,0,0,3
319,host-23,3,0,14,3,0,0,0.182031,0,32000,5825,0.182031,131072,4774,0.036423,0,0,3
319,host-24,4,0,14,4,0,0,0.210437,0,32000,6734,0.210437,131072,6875,0.052452,0,0,4
319,host-3,3,0,14,3,0,0,0.173437,0,32000,5550,0.173437,131072,4988,0.038055,0,0,3
319,host-4,4,1,14,4,1,0,0.218469,0,32000,6991,0.218469,131072,7077,0.053993,1,0,3
319,host-5,4,0,14,4,0,0,0.206875,0,32000,6620,0.206875,131072,7124,0.054352,0,0,4
319,host-6,5,0,14,5,0,0,0.171500,0,32000,5488,0.171500,131072,3758,0.028671,0,0,5
319,host-7,3,1,14,3,1,0,0.167813,0,32000,5370,0.167813,131072,6687,0.051018,0,1,2
319,host-8,3,0,14,3,0,0,0.212656,0,32000,6805,0.212656,131072,6949,0.053017,0,0,3
319,host-9,4,0,14,4,0,0,0.238156,0,32000,7621,0.238156,131072,6731,0.051353,0,0,4
320,host-1,4,0,14,4,0,0,0.156000,0,32000,4992,0.156000,131072,3917,0.029884,0,0,4
320,host-10,4,0,14,4,0,0,0.177875,0,32000,5692,0.177875,131072,5922,0.045181,0,0,4
320,host-11,5,1,14,5,1,0,0.184062,0,32000,5890,0.184062,131072,5562,0.042435,1,0,4
320,host-12,4,0,14,4,0,0,0.215438,0,32000,6894,0.215438,131072,5288,0.040344,0,0,4
320,host-13,3,0,14,3,0,0,0.195125,0,32000,6244,0.195125,131072,6602,0.050369,0,0,3
320,host-14,4,0,14,4,0,0,0.220750,0,32000,7064,0.220750,131072,7620,0.058136,0,0,4
320,host-15,4,0,14,4,0,0,0.202563,0,32000,6482,0.202563,131072,5838,0.044540,0,0,4
320,host-16,4,0,14,4,0,0,0.181094,0,32000,5795,0.181094,131072,5447,0.041557,0,0,4
320,host-17,3,0,14,3,0,0,0.153031,0,32000,4897,0.153031,131072,5185,0.039558,0,0,3
320,host-18,4,0,14,4,0,0,0.178687,0,32000,5718,0.178687,131072,5370,0.040970,0,0,4
320,host-19,5,0,14,5,0,0,0.237594,0,32000,7603,0.237594,131072,8313,0.063423,0,0,5
320,host-2,4,2,14,4,2,0,0.196344,0,32000,6283,0.196344,131072,6854,0.052292,1,1,2
320,host-20,4,0,14,4,0,0,0.208281,0,32000,6665,0.208281,131072,7729,0.058968,0,0,4
320,host-21,4,0,14,4,0,0,0.190969,0,32000,6111,0.190969,131072,6961,0.053108,0,0,4
320,host-22,3,0,14,3,0,0,0.159719,0,32000,5111,0.159719,131072,5906,0.045059,0,0,3
320,host-23,3,0,14,3,0,0,0.182031,0,32000,5825,0.182031,131072,4774,0.036423,0,0,3
320,host-24,4,1,14,4,1,0,0.210437,0,32000,6734,0.210437,131072,6875,0.052452,0,1,3
320,host-3,3,0,14,3,0,0,0.173437,0,32000,5550,0.173437,131072,4988,0.038055,0,0,3
320,host-4,4,0,14,4,0,0,0.218469,0,32000,6991,0.218469,131072,7077,0.053993,0,0,4
320,host-5,4,0,14,4,0,0,0.206875,0,32000,6620,0.206875,131072,7124,0.054352,0,0,4
320,host-6,5,0,14,5,0,0,0.171500,0,32000,5488,0.171500,131072,3758,0.028671,0,0,5
320,host-7,3,0,14,3,0,0,0.167813,0,32000,5370,0.167813,131072,6687,0.051018,0,0,3
320,host-8,3,0,14,3,0,0,0.212656,0,32000,6805,0.212656,131072,6949,0.053017,0,0,3
320,host-9,4,0,14,4,0,0,0.238156,0,32000,7621,0.238156,131072,6731,0.051353,0,0,4
321,host-1,5,1,14,5,1,0,0.237250,0,32000,7592,0.237250,131072,6743,0.051445,1,0,4
321,host-10,5,1,14,5,1,0,0.246656,0,32000,7893,0.246656,131072,7798,0.059494,1,0,4
321,host-11,5,1,14,5,1,0,0.184062,0,32000,5890,0.184062,131072,5562,0.042435,1,0,4
321,host-12,4,0,14,4,0,0,0.215438,0,32000,6894,0.215438,131072,5288,0.040344,0,0,4
321,host-13,3,0,14,3,0,0,0.195125,0,32000,6244,0.195125,131072,6602,0.050369,0,0,3
321,host-14,4,0,14,4,0,0,0.220750,0,32000,7064,0.220750,131072,7620,0.058136,0,0,4
321,host-15,4,0,14,4,0,0,0.202563,0,32000,6482,0.202563,131072,5838,0.044540,0,0,4
321,host-16,4,0,14,4,0,0,0.181094,0,32000,5795,0.181094,131072,5447,0.041557,0,0,4
321,host-17,4,0,14,4,0,0,0.198094,0,32000,6339,0.198094,131072,5950,0.045395,0,0,4
321,host-18,5,1,14,5,1,0,0.204656,0,32000,6549,0.204656,131072,6419,0.048973,1,0,4
321,host-19,5,0,14,5,0,0,0.237594,0,32000,7603,0.237594,131072,8313,0.063423,0,0,5
321,host-2,4,1,14,4,1,0,0.196344,0,32000,6283,0.196344,131072,6854,0.052292,1,0,3
321,host-20,4,0,14,4,0,0,0.208281,0,32000,6665,0.208281,131072,7729,0.058968,0,0,4
321,host-21,4,0,14,4,0,0,0.190969,0,32000,6111,0.190969,131072,6961,0.053108,0,0,4
321,host-22,4,1,14,4,1,0,0.193062,0,32000,6178,0.193062,131072,6922,0.052811,1,0,3
321,host-23,3,0,14,3,0,0,0.182031,0,32000,5825,0.182031,131072,4774,0.036423,0,0,3
321,host-24,4,0,14,4,0,0,0.210437,0,32000,6734,0.210437,131072,6875,0.052452,0,0,4
321,host-3,4,1,14,4,1,0,0.235313,0,32000,7530,0.235313,131072,7165,0.054665,1,0,3
321,host-4,4,0,14,4,0,0,0.218469,0,32000,6991,0.218469,131072,7077,0.053993,0,0,4
321,host-5,4,1,14,4,1,0,0.206875,0,32000,6620,0.206875,131072,7124,0.054352,0,1,3
321,host-6,6,1,14,6,1,0,0.224594,0,32000,7187,0.224594,131072,6150,0.046921,1,0,5
321,host-7,4,1,14,4,1,0,0.231000,0,32000,7392,0.231000,131072,8956,0.068329,1,0,3
321,host-8,3,0,14,3,0,0,0.212656,0,32000,6805,0.212656,131072,6949,0.053017,0,0,3
321,host-9,4,1,14,4,1,0,0.238156,0,32000,7621,0.238156,131072,6731,0.051353,0,1,3
322,host-1,5,0,14,5,0,0,0.237250,0,32000,7592,0.237250,131072,6743,0.051445,0,0,5
322,host-10,4,0,14,4,0,0,0.219406,0,32000,7021,0.219406,131072,6926,0.052841,0,0,4
322,host-11,5,1,14,5,1,0,0.184062,0,32000,5890,0.184062,131072,5562,0.042435,0,1,4
322,host-12,4,0,14,4,0,0,0.215438,0,32000,6894,0.215438,131072,5288,0.040344,0,0,4
322,host-13,3,0,14,3,0,0,0.195125,0,32000,6244,0.195125,131072,6602,0.050369,0,0,3
322,host-14,4,0,14,4,0,0,0.220750,0,32000,7064,0.220750,131072,7620,0.058136,0,0,4
322,host-15,4,0,14,4,0,0,0.202563,0,32000,6482,0.202563,131072,5838,0.044540,0,0,4
322,host-16,5,1,14,5,1,0,0.218781,0,32000,7001,0.218781,131072,6953,0.053047,1,0,4
322,host-17,4,0,14,4,0,0,0.198094,0,32000,6339,0.198094,131072,5950,0.045395,0,0,4
322,host-18,5,0,14,5,0,0,0.204656,0,32000,6549,0.204656,131072,6419,0.048973,0,0,5
322,host-19,5,0,14,5,0,0,0.237594,0,32000,7603,0.237594,131072,8313,0.063423,0,0,5
322,host-2,4,0,14,4,0,0,0.196344,0,32000,6283,0.196344,131072,6854,0.052292,0,0,4
322,host-20,4,0,14,4,0,0,0.208281,0,32000,6665,0.208281,131072,7729,0.058968,0,0,4
322,host-21,4,0,14,4,0,0,0.190969,0,32000,6111,0.190969,131072,6961,0.053108,0,0,4
322,host-22,4,0,14,4,0,0,0.193062,0,32000,6178,0.193062,131072,6922,0.052811,0,0,4
322,host-23,4,1,14,4,1,0,0.208000,0,32000,6656,0.208000,131072,5823,0.044426,1,0,3
322,host-24,4,0,14,4,0,0,0.210437,0,32000,6734,0.210437,131072,6875,0.052452,0,0,4
322,host-3,4,1,14,4,1,0,0.235313,0,32000,7530,0.235313,131072,7165,0.054665,1,0,3
322,host-4,4,0,14,4,0,0,0.218469,0,32000,6991,0.218469,131072,7077,0.053993,0,0,4
322,host-5,4,1,14,4,1,0,0.206875,0,32000,6620,0.206875,131072,7124,0.054352,0,1,3
322,host-6,6,1,14,6,1,0,0.224594,0,32000,7187,0.224594,131072,6150,0.046921,0,1,5
322,host-7,4,1,14,4,1,0,0.231000,0,32000,7392,0.231000,131072,8956,0.068329,0,1,3
322,host-8,3,1,14,3,1,0,0.212656,0,32000,6805,0.212656,131072,6949,0.053017,0,1,2
322,host-9,4,0,14,4,0,0,0.238156,0,32000,7621,0.238156,131072,6731,0.051353,0,0,4
323,host-1,5,0,14,5,0,0,0.237250,0,32000,7592,0.237250,131072,6743,0.051445,0,0,5
323,host-10,4,0,14,4,0,0,0.219406,0,32000,7021,0.219406,131072,6926,0.052841,0,0,4
323,host-11,6,1,14,6,1,0,0.254281,0,32000,8137,0.254281,131072,7471,0.056999,1,0,5
323,host-12,4,0,14,4,0,0,0.215438,0,32000,6894,0.215438,131072,5288,0.040344,0,0,4
323,host-13,3,0,14,3,0,0,0.195125,0,32000,6244,0.195125,131072,6602,0.050369,0,0,3
323,host-14,4,0,14,4,0,0,0.220750,0,32000,7064,0.220750,131072,7620,0.058136,0,0,4
323,host-15,4,0,14,4,0,0,0.202563,0,32000,6482,0.202563,131072,5838,0.044540,0,0,4
323,host-16,5,0,14,5,0,0,0.218781,0,32000,7001,0.218781,131072,6953,0.053047,0,0,5
323,host-17,4,0,14,4,0,0,0.198094,0,32000,6339,0.198094,131072,5950,0.045395,0,0,4
323,host-18,5,0,14,5,0,0,0.204656,0,32000,6549,0.204656,131072,6419,0.048973,0,0,5
323,host-19,5,0,14,5,0,0,0.237594,0,32000,7603,0.237594,131072,8313,0.063423,0,0,5
323,host-2,4,0,14,4,0,0,0.196344,0,32000,6283,0.196344,131072,6854,0.052292,0,0,4
323,host-20,4,0,14,4,0,0,0.208281,0,32000,6665,0.208281,131072,7729,0.058968,0,0,4
323,host-21,5,1,14,5,1,0,0.252844,0,32000,8091,0.252844,131072,9138,0.069717,1,0,4
323,host-22,5,1,14,5,1,0,0.236000,0,32000,7552,0.236000,131072,7699,0.058739,1,0,4
323,host-23,4,0,14,4,0,0,0.208000,0,32000,6656,0.208000,131072,5823,0.044426,0,0,4
323,host-24,4,0,14,4,0,0,0.210437,0,32000,6734,0.210437,131072,6875,0.052452,0,0,4
323,host-3,4,0,14,4,0,0,0.235313,0,32000,7530,0.235313,131072,7165,0.054665,0,0,4
323,host-4,4,1,14,4,1,0,0.218469,0,32000,6991,0.218469,131072,7077,0.053993,0,1,3
323,host-5,4,0,14,4,0,0,0.206875,0,32000,6620,0.206875,131072,7124,0.054352,0,0,4
323,host-6,5,1,14,5,1,0,0.186250,0,32000,5960,0.186250,131072,4950,0.037766,0,1,4
323,host-7,4,0,14,4,0,0,0.231000,0,32000,7392,0.231000,131072,8956,0.068329,0,0,4
323,host-8,3,0,14,3,0,0,0.212656,0,32000,6805,0.212656,131072,6949,0.053017,0,0,3
323,host-9,4,0,14,4,0,0,0.238156,0,32000,7621,0.238156,131072,6731,0.051353,0,0,4
324,host-1,5,0,14,5,0,0,0.237250,0,32000,7592,0.237250,131072,6743,0.051445,0,0,5
324,host-10,4,0,14,4,0,0,0.219406,0,32000,7021,0.219406,131072,6926,0.052841,0,0,4
324,host-11,6,0,14,6,0,0,0.254281,0,32000,8137,0.254281,131072,7471,0.056999,0,0,6
324,host-12,4,0,14,4,0,0,0.215438,0,32000,6894,0.215438,131072,5288,0.040344,0,0,4
324,host-13,4,1,14,4,1,0,0.230000,0,32000,7360,0.230000,131072,8235,0.062828,1,0,3
324,host-14,4,0,14,4,0,0,0.220750,0,32000,7064,0.220750,131072,7620,0.058136,0,0,4
324,host-15,4,0,14,4,0,0,0.202563,0,32000,6482,0.202563,131072,5838,0.044540,0,0,4
324,host-16,5,0,14,5,0,0,0.218781,0,32000,7001,0.218781,131072,6953,0.053047,0,0,5
324,host-17,4,0,14,4,0,0,0.198094,0,32000,6339,0.198094,131072,5950,0.045395,0,0,4
324,host-18,5,0,14,5,0,0,0.204656,0,32000,6549,0.204656,131072,6419,0.048973,0,0,5
324,host-19,5,0,14,5,0,0,0.237594,0,32000,7603,0.237594,131072,8313,0.063423,0,0,5
324,host-2,5,1,14,5,1,0,0.244156,0,32000,7813,0.244156,131072,8213,0.062660,1,0,4
324,host-20,4,0,14,4,0,0,0.208281,0,32000,6665,0.208281,131072,7729,0.058968,0,0,4
324,host-21,5,1,14,5,1,0,0.252844,0,32000,8091,0.252844,131072,9138,0.069717,0,1,4
324,host-22,5,2,14,5,2,0,0.228531,0,32000,7313,0.228531,131072,7422,0.056625,2,0,3
324,host-23,4,0,14,4,0,0,0.208000,0,32000,6656,0.208000,131072,5823,0.044426,0,0,4
324,host-24,4,0,14,4,0,0,0.210437,0,32000,6734,0.210437,131072,6875,0.052452,0,0,4
324,host-3,4,0,14,4,0,0,0.235313,0,32000,7530,0.235313,131072,7165,0.054665,0,0,4
324,host-4,4,0,14,4,0,0,0.218469,0,32000,6991,0.218469,131072,7077,0.053993,0,0,4
324,host-5,4,0,14,4,0,0,0.206875,0,32000,6620,0.206875,131072,7124,0.054352,0,0,4
324,host-6,6,2,14,6,2,0,0.210625,0,32000,6740,0.210625,131072,5580,0.042572,1,1,4
324,host-7,4,1,14,4,1,0,0.231000,0,32000,7392,0.231000,131072,8956,0.068329,0,1,3
324,host-8,3,0,14,3,0,0,0.212656,0,32000,6805,0.212656,131072,6949,0.053017,0,0,3
324,host-9,4,0,14,4,0,0,0.238156,0,32000,7621,0.238156,131072,6731,0.051353,0,0,4
325,host-1,5,0,14,5,0,0,0.237250,0,32000,7592,0.237250,131072,6743,0.051445,0,0,5
325,host-10,4,0,14,4,0,0,0.219406,0,32000,7021,0.219406,131072,6926,0.052841,0,0,4
325,host-11,6,0,14,6,0,0,0.254281,0,32000,8137,0.254281,131072,7471,0.056999,0,0,6
325,host-12,4,0,14,4,0,0,0.215438,0,32000,6894,0.215438,131072,5288,0.040344,0,0,4
325,host-13,4,0,14,4,0,0,0.230000,0,32000,7360,0.230000,131072,8235,0.062828,0,0,4
325,host-14,4,0,14,4,0,0,0.220750,0,32000,7064,0.220750,131072,7620,0.058136,0,0,4
325,host-15,4,1,14,4,1,0,0.179594,0,32000,5747,0.179594,131072,4883,0.037254,1,0,3
325,host-16,5,0,14,5,0,0,0.218781,0,32000,7001,0.218781,131072,6953,0.053047,0,0,5
325,host-17,4,1,14,4,1,0,0.181875,0,32000,5820,0.181875,131072,4885,0.037270,1,0,3
325,host-18,5,1,14,5,1,0,0.204656,0,32000,6549,0.204656,131072,6419,0.048973,0,1,4
325,host-19,5,0,14,5,0,0,0.237594,0,32000,7603,0.237594,131072,8313,0.063423,0,0,5
325,host-2,5,2,14,5,2,0,0.244156,0,32000,7813,0.244156,131072,8213,0.062660,1,1,3
325,host-20,4,0,14,4,0,0,0.208281,0,32000,6665,0.208281,131072,7729,0.058968,0,0,4
325,host-21,5,0,14,5,0,0,0.252844,0,32000,8091,0.252844,131072,9138,0.069717,0,0,5
325,host-22,5,1,14,5,1,0,0.228531,0,32000,7313,0.228531,131072,7422,0.056625,1,0,4
325,host-23,4,0,14,4,0,0,0.208000,0,32000,6656,0.208000,131072,5823,0.044426,0,0,4
325,host-24,4,0,14,4,0,0,0.210437,0,32000,6734,0.210437,131072,6875,0.052452,0,0,4
325,host-3,4,0,14,4,0,0,0.235313,0,32000,7530,0.235313,131072,7165,0.054665,0,0,4
325,host-4,4,0,14,4,0,0,0.218469,0,32000,6991,0.218469,131072,7077,0.053993,0,0,4
325,host-5,4,0,14,4,0,0,0.206875,0,32000,6620,0.206875,131072,7124,0.054352,0,0,4
325,host-6,5,1,14,5,1,0,0.166875,0,32000,5340,0.166875,131072,4476,0.034149,1,0,4
325,host-7,4,0,14,4,0,0,0.231000,0,32000,7392,0.231000,131072,8956,0.068329,0,0,4
325,host-8,3,0,14,3,0,0,0.212656,0,32000,6805,0.212656,131072,6949,0.053017,0,0,3
325,host-9,4,0,14,4,0,0,0.238156,0,32000,7621,0.238156,131072,6731,0.051353,0,0,4
326,host-1,5,0,14,5,0,0,0.237250,0,32000,7592,0.237250,131072,6743,0.051445,0,0,5
326,host-10,4,0,14,4,0,0,0.219406,0,32000,7021,0.219406,131072,6926,0.052841,0,0,4
326,host-11,5,0,14,5,0,0,0.213062,0,32000,6818,0.213062,131072,6596,0.050323,0,0,5
326,host-12,4,0,14,4,0,0,0.215438,0,32000,6894,0.215438,131072,5288,0.040344,0,0,4
326,host-13,4,0,14,4,0,0,0.230000,0,32000,7360,0.230000,131072,8235,0.062828,0,0,4
326,host-14,4,0,14,4,0,0,0.220750,0,32000,7064,0.220750,131072,7620,0.058136,0,0,4
326,host-15,4,1,14,4,1,0,0.179594,0,32000,5747,0.179594,131072,4883,0.037254,0,1,3
326,host-16,4,0,14,4,0,0,0.164250,0,32000,5256,0.164250,131072,5025,0.038338,0,0,4
326,host-17,4,1,14,4,1,0,0.181875,0,32000,5820,0.181875,131072,4885,0.037270,1,0,3
326,host-18,5,0,14,5,0,0,0.204656,0,32000,6549,0.204656,131072,6419,0.048973,0,0,5
326,host-19,5,0,14,5,0,0,0.237594,0,32000,7603,0.237594,131072,8313,0.063423,0,0,5
326,host-2,5,0,14,5,0,0,0.244156,0,32000,7813,0.244156,131072,8213,0.062660,0,0,5
326,host-20,3,0,14,3,0,0,0.163094,0,32000,5219,0.163094,131072,6285,0.047951,0,0,3
326,host-21,5,0,14,5,0,0,0.252844,0,32000,8091,0.252844,131072,9138,0.069717,0,0,5
326,host-22,5,1,14,5,1,0,0.228531,0,32000,7313,0.228531,131072,7422,0.056625,0,1,4
326,host-23,4,1,14,4,1,0,0.208000,0,32000,6656,0.208000,131072,5823,0.044426,0,1,3
326,host-24,4,0,14,4,0,0,0.210437,0,32000,6734,0.210437,131072,6875,0.052452,0,0,4
326,host-3,3,0,14,3,0,0,0.175125,0,32000,5604,0.175125,131072,5355,0.040855,0,0,3
326,host-4,4,0,14,4,0,0,0.218469,0,32000,6991,0.218469,131072,7077,0.053993,0,0,4
326,host-5,4,1,14,4,1,0,0.206875,0,32000,6620,0.206875,131072,7124,0.054352,0,1,3
326,host-6,6,1,14,6,1,0,0.224375,0,32000,7180,0.224375,131072,5718,0.043625,1,0,5
326,host-7,4,0,14,4,0,0,0.231000,0,32000,7392,0.231000,131072,8956,0.068329,0,0,4
326,host-8,3,0,14,3,0,0,0.212656,0,32000,6805,0.212656,131072,6949,0.053017,0,0,3
326,host-9,3,0,14,3,0,0,0.195656,0,32000,6261,0.195656,131072,5834,0.044510,0,0,3
327,host-1,5,0,14,5,0,0,0.237250,0,32000,7592,0.237250,131072,6743,0.051445,0,0,5
327,host-10,4,0,14,4,0,0,0.219406,0,32000,7021,0.219406,131072,6926,0.052841,0,0,4
327,host-11,5,0,14,5,0,0,0.213062,0,32000,6818,0.213062,131072,6596,0.050323,0,0,5
327,host-12,4,0,14,4,0,0,0.215438,0,32000,6894,0.215438,131072,5288,0.040344,0,0,4
327,host-13,3,0,14,3,0,0,0.159469,0,32000,5103,0.159469,131072,5822,0.044418,0,0,3
327,host-14,4,1,14,4,1,0,0.180250,0,32000,5768,0.180250,131072,5349,0.040810,1,0,3
327,host-15,4,1,14,4,1,0,0.202281,0,32000,6473,0.202281,131072,6717,0.051247,1,0,3
327,host-16,5,1,14,5,1,0,0.209437,0,32000,6702,0.209437,131072,6469,0.049355,0,1,4
327,host-17,4,0,14,4,0,0,0.181875,0,32000,5820,0.181875,131072,4885,0.037270,0,0,4
327,host-18,5,0,14,5,0,0,0.204656,0,32000,6549,0.204656,131072,6419,0.048973,0,0,5
327,host-19,5,0,14,5,0,0,0.237594,0,32000,7603,0.237594,131072,8313,0.063423,0,0,5
327,host-2,5,0,14,5,0,0,0.244156,0,32000,7813,0.244156,131072,8213,0.062660,0,0,5
327,host-20,4,0,14,4,0,0,0.191344,0,32000,6123,0.191344,131072,7650,0.058365,0,0,4
327,host-21,5,2,14,5,2,0,0.252844,0,32000,8091,0.252844,131072,9138,0.069717,0,2,3
327,host-22,5,0,14,5,0,0,0.228531,0,32000,7313,0.228531,131072,7422,0.056625,0,0,5
327,host-23,4,0,14,4,0,0,0.208000,0,32000,6656,0.208000,131072,5823,0.044426,0,0,4
327,host-24,4,0,14,4,0,0,0.210437,0,32000,6734,0.210437,131072,6875,0.052452,0,0,4
327,host-3,4,1,14,4,1,0,0.229656,0,32000,7349,0.229656,131072,7283,0.055565,1,0,3
327,host-4,4,0,14,4,0,0,0.218469,0,32000,6991,0.218469,131072,7077,0.053993,0,0,4
327,host-5,4,0,14,4,0,0,0.206875,0,32000,6620,0.206875,131072,7124,0.054352,0,0,4
327,host-6,6,2,14,6,2,0,0.224375,0,32000,7180,0.224375,131072,5718,0.043625,1,1,4
327,host-7,4,0,14,4,0,0,0.231000,0,32000,7392,0.231000,131072,8956,0.068329,0,0,4
327,host-8,3,0,14,3,0,0,0.212656,0,32000,6805,0.212656,131072,6949,0.053017,0,0,3
327,host-9,3,0,14,3,0,0,0.195656,0,32000,6261,0.195656,131072,5834,0.044510,0,0,3
328,host-1,4,0,14,4,0,0,0.212000,0,32000,6784,0.212000,131072,6269,0.047829,0,0,4
328,host-10,4,0,14,4,0,0,0.219406,0,32000,7021,0.219406,131072,6926,0.052841,0,0,4
328,host-11,5,0,14,5,0,0,0.213062,0,32000,6818,0.213062,131072,6596,0.050323,0,0,5
328,host-12,4,0,14,4,0,0,0.215438,0,32000,6894,0.215438,131072,5288,0.040344,0,0,4
328,host-13,4,1,14,4,1,0,0.187250,0,32000,5992,0.187250,131072,6256,0.047729,1,0,3
328,host-14,4,1,14,4,1,0,0.146094,0,32000,4675,0.146094,131072,4106,0.031326,1,0,3
328,host-15,3,0,14,3,0,0,0.160594,0,32000,5139,0.160594,131072,5212,0.039764,0,0,3
328,host-16,4,0,14,4,0,0,0.156469,0,32000,5007,0.156469,131072,4337,0.033089,0,0,4
328,host-17,3,0,14,3,0,0,0.144094,0,32000,4611,0.144094,131072,3932,0.029999,0,0,3
328,host-18,5,0,14,5,0,0,0.204656,0,32000,6549,0.204656,131072,6419,0.048973,0,0,5
328,host-19,5,1,14,5,1,0,0.237594,0,32000,7603,0.237594,131072,8313,0.063423,0,1,4
328,host-2,5,0,14,5,0,0,0.244156,0,32000,7813,0.244156,131072,8213,0.062660,0,0,5
328,host-20,4,0,14,4,0,0,0.191344,0,32000,6123,0.191344,131072,7650,0.058365,0,0,4
328,host-21,5,0,14,5,0,0,0.252844,0,32000,8091,0.252844,131072,9138,0.069717,0,0,5
328,host-22,5,0,14,5,0,0,0.228531,0,32000,7313,0.228531,131072,7422,0.056625,0,0,5
328,host-23,4,0,14,4,0,0,0.208000,0,32000,6656,0.208000,131072,5823,0.044426,0,0,4
328,host-24,4,0,14,4,0,0,0.210437,0,32000,6734,0.210437,131072,6875,0.052452,0,0,4
328,host-3,3,0,14,3,0,0,0.187125,0,32000,5988,0.187125,131072,6685,0.051003,0,0,3
328,host-4,4,0,14,4,0,0,0.218469,0,32000,6991,0.218469,131072,7077,0.053993,0,0,4
328,host-5,4,0,14,4,0,0,0.206875,0,32000,6620,0.206875,131072,7124,0.054352,0,0,4
328,host-6,6,0,14,6,0,0,0.224375,0,32000,7180,0.224375,131072,5718,0.043625,0,0,6
328,host-7,4,0,14,4,0,0,0.231000,0,32000,7392,0.231000,131072,8956,0.068329,0,0,4
328,host-8,3,0,14,3,0,0,0.212656,0,32000,6805,0.212656,131072,6949,0.053017,0,0,3
328,host-9,3,0,14,3,0,0,0.195656,0,32000,6261,0.195656,131072,5834,0.044510,0,0,3
329,host-1,4,0,14,4,0,0,0.212000,0,32000,6784,0.212000,131072,6269,0.047829,0,0,4
329,host-10,3,0,14,3,0,0,0.185594,0,32000,5939,0.185594,131072,5626,0.042923,0,0,3
329,host-11,5,1,14,5,1,0,0.213062,0,32000,6818,0.213062,131072,6596,0.050323,0,1,4
329,host-12,4,0,14,4,0,0,0.215438,0,32000,6894,0.215438,131072,5288,0.040344,0,0,4
329,host-13,4,0,14,4,0,0,0.187250,0,32000,5992,0.187250,131072,6256,0.047729,0,0,4
329,host-14,4,1,14,4,1,0,0.146094,0,32000,4675,0.146094,131072,4106,0.031326,1,0,3
329,host-15,3,0,14,3,0,0,0.160594,0,32000,5139,0.160594,131072,5212,0.039764,0,0,3
329,host-16,3,0,14,3,0,0,0.126656,0,32000,4053,0.126656,131072,3696,0.028198,0,0,3
329,host-17,3,0,14,3,0,0,0.144094,0,32000,4611,0.144094,131072,3932,0.029999,0,0,3
329,host-18,5,0,14,5,0,0,0.204656,0,32000,6549,0.204656,131072,6419,0.048973,0,0,5
329,host-19,5,0,14,5,0,0,0.237594,0,32000,7603,0.237594,131072,8313,0.063423,0,0,5
329,host-2,5,0,14,5,0,0,0.244156,0,32000,7813,0.244156,131072,8213,0.062660,0,0,5
329,host-20,4,0,14,4,0,0,0.191344,0,32000,6123,0.191344,131072,7650,0.058365,0,0,4
329,host-21,5,0,14,5,0,0,0.252844,0,32000,8091,0.252844,131072,9138,0.069717,0,0,5
329,host-22,5,0,14,5,0,0,0.228531,0,32000,7313,0.228531,131072,7422,0.056625,0,0,5
329,host-23,4,0,14,4,0,0,0.208000,0,32000,6656,0.208000,131072,5823,0.044426,0,0,4
329,host-24,4,0,14,4,0,0,0.210437,0,32000,6734,0.210437,131072,6875,0.052452,0,0,4
329,host-3,3,0,14,3,0,0,0.187125,0,32000,5988,0.187125,131072,6685,0.051003,0,0,3
329,host-4,4,0,14,4,0,0,0.218469,0,32000,6991,0.218469,131072,7077,0.053993,0,0,4
329,host-5,4,1,14,4,1,0,0.206875,0,32000,6620,0.206875,131072,7124,0.054352,0,1,3
329,host-6,6,1,14,6,1,0,0.224375,0,32000,7180,0.224375,131072,5718,0.043625,0,1,5
329,host-7,4,0,14,4,0,0,0.231000,0,32000,7392,0.231000,131072,8956,0.068329,0,0,4
329,host-8,3,0,14,3,0,0,0.212656,0,32000,6805,0.212656,131072,6949,0.053017,0,0,3
329,host-9,3,0,14,3,0,0,0.195656,0,32000,6261,0.195656,131072,5834,0.044510,0,0,3
330,host-1,4,0,14,4,0,0,0.212000,0,32000,6784,0.212000,131072,6269,0.047829,0,0,4
330,host-10,3,0,14,3,0,0,0.185594,0,32000,5939,0.185594,131072,5626,0.042923,0,0,3
330,host-11,5,0,14,5,0,0,0.213062,0,32000,6818,0.213062,131072,6596,0.050323,0,0,5
330,host-12,4,0,14,4,0,0,0.215438,0,32000,6894,0.215438,131072,5288,0.040344,0,0,4
330,host-13,4,0,14,4,0,0,0.187250,0,32000,5992,0.187250,131072,6256,0.047729,0,0,4
330,host-14,4,0,14,4,0,0,0.146094,0,32000,4675,0.146094,131072,4106,0.031326,0,0,4
330,host-15,3,0,14,3,0,0,0.160594,0,32000,5139,0.160594,131072,5212,0.039764,0,0,3
330,host-16,4,1,14,4,1,0,0.167031,0,32000,5345,0.167031,131072,5110,0.038986,1,0,3
330,host-17,4,1,14,4,1,0,0.177906,0,32000,5693,0.177906,131072,5232,0.039917,1,0,3
330,host-18,5,0,14,5,0,0,0.204656,0,32000,6549,0.204656,131072,6419,0.048973,0,0,5
330,host-19,5,0,14,5,0,0,0.237594,0,32000,7603,0.237594,131072,8313,0.063423,0,0,5
330,host-2,5,0,14,5,0,0,0.244156,0,32000,7813,0.244156,131072,8213,0.062660,0,0,5
330,host-20,4,0,14,4,0,0,0.191344,0,32000,6123,0.191344,131072,7650,0.058365,0,0,4
330,host-21,5,0,14,5,0,0,0.252844,0,32000,8091,0.252844,131072,9138,0.069717,0,0,5
330,host-22,4,0,14,4,0,0,0.164906,0,32000,5277,0.164906,131072,5123,0.039085,0,0,4
330,host-23,4,0,14,4,0,0,0.208000,0,32000,6656,0.208000,131072,5823,0.044426,0,0,4
330,host-24,4,0,14,4,0,0,0.210437,0,32000,6734,0.210437,131072,6875,0.052452,0,0,4
330,host-3,3,0,14,3,0,0,0.187125,0,32000,5988,0.187125,131072,6685,0.051003,0,0,3
330,host-4,4,0,14,4,0,0,0.218469,0,32000,6991,0.218469,131072,7077,0.053993,0,0,4
330,host-5,4,0,14,4,0,0,0.206875,0,32000,6620,0.206875,131072,7124,0.054352,0,0,4
330,host-6,6,0,14,6,0,0,0.224375,0,32000,7180,0.224375,131072,5718,0.043625,0,0,6
330,host-7,4,0,14,4,0,0,0.231000,0,32000,7392,0.231000,131072,8956,0.068329,0,0,4
330,host-8,3,0,14,3,0,0,0.212656,0,32000,6805,0.212656,131072,6949,0.053017,0,0,3
330,host-9,3,0,14,3,0,0,0.195656,0,32000,6261,0.195656,131072,5834,0.044510,0,0,3
331,host-1,4,0,14,4,0,0,0.212000,0,32000,6784,0.212000,131072,6269,0.047829,0,0,4
331,host-10,3,0,14,3,0,0,0.185594,0,32000,5939,0.185594,131072,5626,0.042923,0,0,3
331,host-11,5,0,14,5,0,0,0.213062,0,32000,6818,0.213062,131072,6596,0.050323,0,0,5
331,host-12,4,0,14,4,0,0,0.215438,0,32000,6894,0.215438,131072,5288,0.040344,0,0,4
331,host-13,4,0,14,4,0,0,0.187250,0,32000,5992,0.187250,131072,6256,0.047729,0,0,4
331,host-14,5,1,14,5,1,0,0.179906,0,32000,5757,0.179906,131072,5406,0.041245,1,0,4
331,host-15,4,1,14,4,1,0,0.198937,0,32000,6366,0.198937,131072,6412,0.048920,1,0,3
331,host-16,4,0,14,4,0,0,0.167031,0,32000,5345,0.167031,131072,5110,0.038986,0,0,4
331,host-17,4,1,14,4,1,0,0.177906,0,32000,5693,0.177906,131072,5232,0.039917,1,0,3
331,host-18,5,0,14,5,0,0,0.204656,0,32000,6549,0.204656,131072,6419,0.048973,0,0,5
331,host-19,5,0,14,5,0,0,0.237594,0,32000,7603,0.237594,131072,8313,0.063423,0,0,5
331,host-2,5,0,14,5,0,0,0.244156,0,32000,7813,0.244156,131072,8213,0.062660,0,0,5
331,host-20,4,0,14,4,0,0,0.191344,0,32000,6123,0.191344,131072,7650,0.058365,0,0,4
331,host-21,3,0,14,3,0,0,0.169281,0,32000,5417,0.169281,131072,6756,0.051544,0,0,3
331,host-22,4,0,14,4,0,0,0.164906,0,32000,5277,0.164906,131072,5123,0.039085,0,0,4
331,host-23,4,0,14,4,0,0,0.208000,0,32000,6656,0.208000,131072,5823,0.044426,0,0,4
331,host-24,4,0,14,4,0,0,0.210437,0,32000,6734,0.210437,131072,6875,0.052452,0,0,4
331,host-3,3,0,14,3,0,0,0.187125,0,32000,5988,0.187125,131072,6685,0.051003,0,0,3
331,host-4,4,0,14,4,0,0,0.218469,0,32000,6991,0.218469,131072,7077,0.053993,0,0,4
331,host-5,4,0,14,4,0,0,0.206875,0,32000,6620,0.206875,131072,7124,0.054352,0,0,4
331,host-6,6,0,14,6,0,0,0.224375,0,32000,7180,0.224375,131072,5718,0.043625,0,0,6
331,host-7,4,0,14,4,0,0,0.231000,0,32000,7392,0.231000,131072,8956,0.068329,0,0,4
331,host-8,3,0,14,3,0,0,0.212656,0,32000,6805,0.212656,131072,6949,0.053017,0,0,3
331,host-9,3,0,14,3,0,0,0.195656,0,32000,6261,0.195656,131072,5834,0.044510,0,0,3
332,host-1,4,0,14,4,0,0,0.212000,0,32000,6784,0.212000,131072,6269,0.047829,0,0,4
332,host-10,3,0,14,3,0,0,0.185594,0,32000,5939,0.185594,131072,5626,0.042923,0,0,3
332,host-11,5,0,14,5,0,0,0.213062,0,32000,6818,0.213062,131072,6596,0.050323,0,0,5
332,host-12,4,0,14,4,0,0,0.215438,0,32000,6894,0.215438,131072,5288,0.040344,0,0,4
332,host-13,4,0,14,4,0,0,0.187250,0,32000,5992,0.187250,131072,6256,0.047729,0,0,4
332,host-14,5,0,14,5,0,0,0.179906,0,32000,5757,0.179906,131072,5406,0.041245,0,0,5
332,host-15,4,1,14,4,1,0,0.198937,0,32000,6366,0.198937,131072,6412,0.048920,0,1,3
332,host-16,5,1,14,5,1,0,0.235156,0,32000,7525,0.235156,131072,7841,0.059822,1,0,4
332,host-17,4,0,14,4,0,0,0.177906,0,32000,5693,0.177906,131072,5232,0.039917,0,0,4
332,host-18,5,0,14,5,0,0,0.204656,0,32000,6549,0.204656,131072,6419,0.048973,0,0,5
332,host-19,3,0,14,3,0,0,0.183188,0,32000,5862,0.183188,131072,6718,0.051254,0,0,3
332,host-2,5,0,14,5,0,0,0.244156,0,32000,7813,0.244156,131072,8213,0.062660,0,0,5
332,host-20,4,0,14,4,0,0,0.191344,0,32000,6123,0.191344,131072,7650,0.058365,0,0,4
332,host-21,4,1,14,4,1,0,0.205125,0,32000,6564,0.205125,131072,8251,0.062950,1,0,3
332,host-22,5,1,14,5,1,0,0.240875,0,32000,7708,0.240875,131072,8043,0.061363,1,0,4
332,host-23,4,0,14,4,0,0,0.208000,0,32000,6656,0.208000,131072,5823,0.044426,0,0,4
332,host-24,4,1,14,4,1,0,0.210437,0,32000,6734,0.210437,131072,6875,0.052452,0,1,3
332,host-3,3,0,14,3,0,0,0.187125,0,32000,5988,0.187125,131072,6685,0.051003,0,0,3
332,host-4,4,0,14,4,0,0,0.218469,0,32000,6991,0.218469,131072,7077,0.053993,0,0,4
332,host-5,4,0,14,4,0,0,0.206875,0,32000,6620,0.206875,131072,7124,0.054352,0,0,4
332,host-6,5,0,14,5,0,0,0.193688,0,32000,6198,0.193688,131072,5358,0.040878,0,0,5
332,host-7,3,0,14,3,0,0,0.163719,0,32000,5239,0.163719,131072,6320,0.048218,0,0,3
332,host-8,3,0,14,3,0,0,0.212656,0,32000,6805,0.212656,131072,6949,0.053017,0,0,3
332,host-9,3,0,14,3,0,0,0.195656,0,32000,6261,0.195656,131072,5834,0.044510,0,0,3
333,host-1,4,0,14,4,0,0,0.212000,0,32000,6784,0.212000,131072,6269,0.047829,0,0,4
333,host-10,4,2,14,4,2,0,0.233625,0,32000,7476,0.233625,131072,7108,0.054230,1,1,2
333,host-11,5,0,14,5,0,0,0.213062,0,32000,6818,0.213062,131072,6596,0.050323,0,0,5
333,host-12,4,0,14,4,0,0,0.215438,0,32000,6894,0.215438,131072,5288,0.040344,0,0,4
333,host-13,4,0,14,4,0,0,0.187250,0,32000,5992,0.187250,131072,6256,0.047729,0,0,4
333,host-14,6,1,14,6,1,0,0.242719,0,32000,7767,0.242719,131072,7820,0.059662,1,0,5
333,host-15,4,0,14,4,0,0,0.198937,0,32000,6366,0.198937,131072,6412,0.048920,0,0,4
333,host-16,5,1,14,5,1,0,0.235156,0,32000,7525,0.235156,131072,7841,0.059822,0,1,4
333,host-17,5,1,14,5,1,0,0.215531,0,32000,6897,0.215531,131072,6627,0.050560,1,0,4
333,host-18,5,1,14,5,1,0,0.218875,0,32000,7004,0.218875,131072,7142,0.054489,1,0,4
333,host-19,4,1,14,4,1,0,0.210969,0,32000,6751,0.210969,131072,7240,0.055237,1,0,3
333,host-2,5,0,14,5,0,0,0.244156,0,32000,7813,0.244156,131072,8213,0.062660,0,0,5
333,host-20,4,0,14,4,0,0,0.191344,0,32000,6123,0.191344,131072,7650,0.058365,0,0,4
333,host-21,4,1,14,4,1,0,0.205125,0,32000,6564,0.205125,131072,8251,0.062950,0,1,3
333,host-22,5,0,14,5,0,0,0.240875,0,32000,7708,0.240875,131072,8043,0.061363,0,0,5
333,host-23,4,0,14,4,0,0,0.208000,0,32000,6656,0.208000,131072,5823,0.044426,0,0,4
333,host-24,4,0,14,4,0,0,0.210437,0,32000,6734,0.210437,131072,6875,0.052452,0,0,4
333,host-3,3,0,14,3,0,0,0.187125,0,32000,5988,0.187125,131072,6685,0.051003,0,0,3
333,host-4,4,1,14,4,1,0,0.231750,0,32000,7416,0.231750,131072,7868,0.060028,1,0,3
333,host-5,4,1,14,4,1,0,0.206875,0,32000,6620,0.206875,131072,7124,0.054352,0,1,3
333,host-6,5,0,14,5,0,0,0.193688,0,32000,6198,0.193688,131072,5358,0.040878,0,0,5
333,host-7,4,1,14,4,1,0,0.190344,0,32000,6091,0.190344,131072,7393,0.056404,1,0,3
333,host-8,3,0,14,3,0,0,0.212656,0,32000,6805,0.212656,131072,6949,0.053017,0,0,3
333,host-9,3,0,14,3,0,0,0.195656,0,32000,6261,0.195656,131072,5834,0.044510,0,0,3
334,host-1,3,0,14,3,0,0,0.168875,0,32000,5404,0.168875,131072,5020,0.038300,0,0,3
334,host-10,4,1,14,4,1,0,0.233625,0,32000,7476,0.233625,131072,7108,0.054230,1,0,3
334,host-11,5,0,14,5,0,0,0.213062,0,32000,6818,0.213062,131072,6596,0.050323,0,0,5
334,host-12,4,0,14,4,0,0,0.215438,0,32000,6894,0.215438,131072,5288,0.040344,0,0,4
334,host-13,5,1,14,5,1,0,0.229781,0,32000,7353,0.229781,131072,6854,0.052292,0,1,4
334,host-14,6,1,14,6,1,0,0.242719,0,32000,7767,0.242719,131072,7820,0.059662,1,0,5
334,host-15,4,0,14,4,0,0,0.198937,0,32000,6366,0.198937,131072,6412,0.048920,0,0,4
334,host-16,5,0,14,5,0,0,0.235156,0,32000,7525,0.235156,131072,7841,0.059822,0,0,5
334,host-17,5,0,14,5,0,0,0.215531,0,32000,6897,0.215531,131072,6627,0.050560,0,0,5
334,host-18,5,0,14,5,0,0,0.218875,0,32000,7004,0.218875,131072,7142,0.054489,0,0,5
334,host-19,4,1,14,4,1,0,0.210969,0,32000,6751,0.210969,131072,7240,0.055237,1,0,3
334,host-2,5,0,14,5,0,0,0.244156,0,32000,7813,0.244156,131072,8213,0.062660,0,0,5
334,host-20,4,0,14,4,0,0,0.191344,0,32000,6123,0.191344,131072,7650,0.058365,0,0,4
334,host-21,4,0,14,4,0,0,0.205125,0,32000,6564,0.205125,131072,8251,0.062950,0,0,4
334,host-22,5,0,14,5,0,0,0.240875,0,32000,7708,0.240875,131072,8043,0.061363,0,0,5
334,host-23,4,2,14,4,2,0,0.208000,0,32000,6656,0.208000,131072,5823,0.044426,0,2,2
334,host-24,4,0,14,4,0,0,0.210437,0,32000,6734,0.210437,131072,6875,0.052452,0,0,4
334,host-3,4,1,14,4,1,0,0.244031,0,32000,7809,0.244031,131072,8989,0.068581,0,1,3
334,host-4,4,1,14,4,1,0,0.231750,0,32000,7416,0.231750,131072,7868,0.060028,1,0,3
334,host-5,4,0,14,4,0,0,0.206875,0,32000,6620,0.206875,131072,7124,0.054352,0,0,4
334,host-6,5,0,14,5,0,0,0.193688,0,32000,6198,0.193688,131072,5358,0.040878,0,0,5
334,host-7,5,1,14,5,1,0,0.218125,0,32000,6980,0.218125,131072,7915,0.060387,1,0,4
334,host-8,3,0,14,3,0,0,0.212656,0,32000,6805,0.212656,131072,6949,0.053017,0,0,3
334,host-9,3,1,14,3,1,0,0.195656,0,32000,6261,0.195656,131072,5834,0.044510,0,1,2
335,host-1,4,1,14,4,1,0,0.235281,0,32000,7529,0.235281,131072,7316,0.055817,1,0,3
335,host-10,4,1,14,4,1,0,0.233625,0,32000,7476,0.233625,131072,7108,0.054230,0,1,3
335,host-11,5,0,14,5,0,0,0.213062,0,32000,6818,0.213062,131072,6596,0.050323,0,0,5
335,host-12,3,0,14,3,0,0,0.160938,0,32000,5150,0.160938,131072,3641,0.027779,0,0,3
335,host-13,5,0,14,5,0,0,0.229781,0,32000,7353,0.229781,131072,6854,0.052292,0,0,5
335,host-14,6,0,14,6,0,0,0.242719,0,32000,7767,0.242719,131072,7820,0.059662,0,0,6
335,host-15,4,0,14,4,0,0,0.198937,0,32000,6366,0.198937,131072,6412,0.048920,0,0,4
335,host-16,5,0,14,5,0,0,0.235156,0,32000,7525,0.235156,131072,7841,0.059822,0,0,5
335,host-17,5,0,14,5,0,0,0.215531,0,32000,6897,0.215531,131072,6627,0.050560,0,0,5
335,host-18,5,0,14,5,0,0,0.218875,0,32000,7004,0.218875,131072,7142,0.054489,0,0,5
335,host-19,4,0,14,4,0,0,0.210969,0,32000,6751,0.210969,131072,7240,0.055237,0,0,4
335,host-2,4,0,14,4,0,0,0.182688,0,32000,5846,0.182688,131072,5712,0.043579,0,0,4
335,host-20,5,1,14,5,1,0,0.242750,0,32000,7768,0.242750,131072,9556,0.072906,1,0,4
335,host-21,4,0,14,4,0,0,0.205125,0,32000,6564,0.205125,131072,8251,0.062950,0,0,4
335,host-22,5,0,14,5,0,0,0.240875,0,32000,7708,0.240875,131072,8043,0.061363,0,0,5
335,host-23,4,0,14,4,0,0,0.208000,0,32000,6656,0.208000,131072,5823,0.044426,0,0,4
335,host-24,4,0,14,4,0,0,0.210437,0,32000,6734,0.210437,131072,6875,0.052452,0,0,4
335,host-3,4,0,14,4,0,0,0.244031,0,32000,7809,0.244031,131072,8989,0.068581,0,0,4
335,host-4,4,0,14,4,0,0,0.231750,0,32000,7416,0.231750,131072,7868,0.060028,0,0,4
335,host-5,4,0,14,4,0,0,0.206875,0,32000,6620,0.206875,131072,7124,0.054352,0,0,4
335,host-6,6,0,14,6,0,0,0.231469,0,32000,7407,0.231469,131072,6311,0.048149,0,0,6
335,host-7,5,1,14,5,1,0,0.218125,0,32000,6980,0.218125,131072,7915,0.060387,1,0,4
335,host-8,3,0,14,3,0,0,0.212656,0,32000,6805,0.212656,131072,6949,0.053017,0,0,3
335,host-9,4,1,14,4,1,0,0.248625,0,32000,7956,0.248625,131072,7966,0.060776,1,0,3
336,host-1,4,0,14,4,0,0,0.235281,0,32000,7529,0.235281,131072,7316,0.055817,0,0,4
336,host-10,4,0,14,4,0,0,0.233625,0,32000,7476,0.233625,131072,7108,0.054230,0,0,4
336,host-11,5,0,14,5,0,0,0.213062,0,32000,6818,0.213062,131072,6596,0.050323,0,0,5
336,host-12,4,1,14,4,1,0,0.205125,0,32000,6564,0.205125,131072,5212,0.039764,0,1,3
336,host-13,5,0,14,5,0,0,0.229781,0,32000,7353,0.229781,131072,6854,0.052292,0,0,5
336,host-14,6,0,14,6,0,0,0.242719,0,32000,7767,0.242719,131072,7820,0.059662,0,0,6
336,host-15,5,1,14,5,1,0,0.226188,0,32000,7238,0.226188,131072,7284,0.055573,1,0,4
336,host-16,5,0,14,5,0,0,0.235156,0,32000,7525,0.235156,131072,7841,0.059822,0,0,5
336,host-17,5,0,14,5,0,0,0.215531,0,32000,6897,0.215531,131072,6627,0.050560,0,0,5
336,host-18,5,0,14,5,0,0,0.218875,0,32000,7004,0.218875,131072,7142,0.054489,0,0,5
336,host-19,4,0,14,4,0,0,0.210969,0,32000,6751,0.210969,131072,7240,0.055237,0,0,4
336,host-2,5,1,14,5,1,0,0.242031,0,32000,7745,0.242031,131072,8269,0.063087,1,0,4
336,host-20,5,0,14,5,0,0,0.242750,0,32000,7768,0.242750,131072,9556,0.072906,0,0,5
336,host-21,4,0,14,4,0,0,0.205125,0,32000,6564,0.205125,131072,8251,0.062950,0,0,4
336,host-22,5,0,14,5,0,0,0.240875,0,32000,7708,0.240875,131072,8043,0.061363,0,0,5
336,host-23,4,0,14,4,0,0,0.208000,0,32000,6656,0.208000,131072,5823,0.044426,0,0,4
336,host-24,4,0,14,4,0,0,0.210437,0,32000,6734,0.210437,131072,6875,0.052452,0,0,4
336,host-3,4,0,14,4,0,0,0.244031,0,32000,7809,0.244031,131072,8989,0.068581,0,0,4
336,host-4,4,0,14,4,0,0,0.231750,0,32000,7416,0.231750,131072,7868,0.060028,0,0,4
336,host-5,6,3,14,6,3,0,0.249156,0,32000,7973,0.249156,131072,8205,0.062599,3,0,3
336,host-6,6,0,14,6,0,0,0.231469,0,32000,7407,0.231469,131072,6311,0.048149,0,0,6
336,host-7,5,0,14,5,0,0,0.218125,0,32000,6980,0.218125,131072,7915,0.060387,0,0,5
336,host-8,3,0,14,3,0,0,0.212656,0,32000,6805,0.212656,131072,6949,0.053017,0,0,3
336,host-9,4,1,14,4,1,0,0.248625,0,32000,7956,0.248625,131072,7966,0.060776,0,1,3
337,host-1,3,0,14,3,0,0,0.191000,0,32000,6112,0.191000,131072,5996,0.045746,0,0,3
337,host-10,4,0,14,4,0,0,0.233625,0,32000,7476,0.233625,131072,7108,0.054230,0,0,4
337,host-11,5,0,14,5,0,0,0.213062,0,32000,6818,0.213062,131072,6596,0.050323,0,0,5
337,host-12,4,0,14,4,0,0,0.205125,0,32000,6564,0.205125,131072,5212,0.039764,0,0,4
337,host-13,5,0,14,5,0,0,0.229781,0,32000,7353,0.229781,131072,6854,0.052292,0,0,5
337,host-14,6,0,14,6,0,0,0.242719,0,32000,7767,0.242719,131072,7820,0.059662,0,0,6
337,host-15,5,0,14,5,0,0,0.226188,0,32000,7238,0.226188,131072,7284,0.055573,0,0,5
337,host-16,5,0,14,5,0,0,0.235156,0,32000,7525,0.235156,131072,7841,0.059822,0,0,5
337,host-17,5,0,14,5,0,0,0.215531,0,32000,6897,0.215531,131072,6627,0.050560,0,0,5
337,host-18,5,0,14,5,0,0,0.218875,0,32000,7004,0.218875,131072,7142,0.054489,0,0,5
337,host-19,4,0,14,4,0,0,0.210969,0,32000,6751,0.210969,131072,7240,0.055237,0,0,4
337,host-2,5,1,14,5,1,0,0.242031,0,32000,7745,0.242031,131072,8269,0.063087,0,1,4
337,host-20,5,0,14,5,0,0,0.242750,0,32000,7768,0.242750,131072,9556,0.072906,0,0,5
337,host-21,5,2,14,5,2,0,0.234937,0,32000,7518,0.234937,131072,8892,0.067841,1,1,3
337,host-22,5,0,14,5,0,0,0.240875,0,32000,7708,0.240875,131072,8043,0.061363,0,0,5
337,host-23,4,0,14,4,0,0,0.208000,0,32000,6656,0.208000,131072,5823,0.044426,0,0,4
337,host-24,4,0,14,4,0,0,0.210437,0,32000,6734,0.210437,131072,6875,0.052452,0,0,4
337,host-3,4,0,14,4,0,0,0.244031,0,32000,7809,0.244031,131072,8989,0.068581,0,0,4
337,host-4,4,0,14,4,0,0,0.231750,0,32000,7416,0.231750,131072,7868,0.060028,0,0,4
337,host-5,6,3,14,6,3,0,0.249156,0,32000,7973,0.249156,131072,8205,0.062599,2,1,3
337,host-6,6,0,14,6,0,0,0.231469,0,32000,7407,0.231469,131072,6311,0.048149,0,0,6
337,host-7,5,0,14,5,0,0,0.218125,0,32000,6980,0.218125,131072,7915,0.060387,0,0,5
337,host-8,3,0,14,3,0,0,0.212656,0,32000,6805,0.212656,131072,6949,0.053017,0,0,3
337,host-9,4,0,14,4,0,0,0.248625,0,32000,7956,0.248625,131072,7966,0.060776,0,0,4
338,host-1,4,1,14,4,1,0,0.263937,0,32000,8446,0.263937,131072,8182,0.062424,0,1,3
338,host-10,4,0,14,4,0,0,0.233625,0,32000,7476,0.233625,131072,7108,0.054230,0,0,4
338,host-11,5,0,14,5,0,0,0.213062,0,32000,6818,0.213062,131072,6596,0.050323,0,0,5
338,host-12,5,1,14,5,1,0,0.256594,0,32000,8211,0.256594,131072,6984,0.053284,1,0,4
338,host-13,5,1,14,5,1,0,0.229781,0,32000,7353,0.229781,131072,6854,0.052292,0,1,4
338,host-14,6,0,14,6,0,0,0.242719,0,32000,7767,0.242719,131072,7820,0.059662,0,0,6
338,host-15,5,0,14,5,0,0,0.226188,0,32000,7238,0.226188,131072,7284,0.055573,0,0,5
338,host-16,5,0,14,5,0,0,0.235156,0,32000,7525,0.235156,131072,7841,0.059822,0,0,5
338,host-17,5,0,14,5,0,0,0.215531,0,32000,6897,0.215531,131072,6627,0.050560,0,0,5
338,host-18,5,1,14,5,1,0,0.218875,0,32000,7004,0.218875,131072,7142,0.054489,0,1,4
338,host-19,3,0,14,3,0,0,0.162500,0,32000,5200,0.162500,131072,5009,0.038216,0,0,3
338,host-2,5,0,14,5,0,0,0.242031,0,32000,7745,0.242031,131072,8269,0.063087,0,0,5
338,host-20,5,0,14,5,0,0,0.242750,0,32000,7768,0.242750,131072,9556,0.072906,0,0,5
338,host-21,5,0,14,5,0,0,0.234937,0,32000,7518,0.234937,131072,8892,0.067841,0,0,5
338,host-22,5,0,14,5,0,0,0.240875,0,32000,7708,0.240875,131072,8043,0.061363,0,0,5
338,host-23,4,1,14,4,1,0,0.164125,0,32000,5252,0.164125,131072,4441,0.033882,1,0,3
338,host-24,2,0,14,2,0,0,0.100375,0,32000,3212,0.100375,131072,2891,0.022057,0,0,2
338,host-3,4,0,14,4,0,0,0.244031,0,32000,7809,0.244031,131072,8989,0.068581,0,0,4
338,host-4,4,0,14,4,0,0,0.231750,0,32000,7416,0.231750,131072,7868,0.060028,0,0,4
338,host-5,6,0,14,6,0,0,0.249156,0,32000,7973,0.249156,131072,8205,0.062599,0,0,6
338,host-6,6,0,14,6,0,0,0.231469,0,32000,7407,0.231469,131072,6311,0.048149,0,0,6
338,host-7,5,0,14,5,0,0,0.218125,0,32000,6980,0.218125,131072,7915,0.060387,0,0,5
338,host-8,3,0,14,3,0,0,0.212656,0,32000,6805,0.212656,131072,6949,0.053017,0,0,3
338,host-9,4,0,14,4,0,0,0.248625,0,32000,7956,0.248625,131072,7966,0.060776,0,0,4
339,host-1,4,0,14,4,0,0,0.263937,0,32000,8446,0.263937,131072,8182,0.062424,0,0,4
339,host-10,4,0,14,4,0,0,0.233625,0,32000,7476,0.233625,131072,7108,0.054230,0,0,4
339,host-11,5,0,14,5,0,0,0.213062,0,32000,6818,0.213062,131072,6596,0.050323,0,0,5
339,host-12,5,1,14,5,1,0,0.256594,0,32000,8211,0.256594,131072,6984,0.053284,1,0,4
339,host-13,5,0,14,5,0,0,0.229781,0,32000,7353,0.229781,131072,6854,0.052292,0,0,5
339,host-14,6,1,14,6,1,0,0.242719,0,32000,7767,0.242719,131072,7820,0.059662,0,1,5
339,host-15,5,0,14,5,0,0,0.226188,0,32000,7238,0.226188,131072,7284,0.055573,0,0,5
339,host-16,5,0,14,5,0,0,0.235156,0,32000,7525,0.235156,131072,7841,0.059822,0,0,5
339,host-17,5,0,14,5,0,0,0.215531,0,32000,6897,0.215531,131072,6627,0.050560,0,0,5
339,host-18,4,0,14,4,0,0,0.180688,0,32000,5782,0.180688,131072,6427,0.049034,0,0,4
339,host-19,3,0,14,3,0,0,0.162500,0,32000,5200,0.162500,131072,5009,0.038216,0,0,3
339,host-2,5,0,14,5,0,0,0.242031,0,32000,7745,0.242031,131072,8269,0.063087,0,0,5
339,host-20,4,0,14,4,0,0,0.201469,0,32000,6447,0.201469,131072,7935,0.060539,0,0,4
339,host-21,5,0,14,5,0,0,0.234937,0,32000,7518,0.234937,131072,8892,0.067841,0,0,5
339,host-22,5,0,14,5,0,0,0.240875,0,32000,7708,0.240875,131072,8043,0.061363,0,0,5
339,host-23,4,1,14,4,1,0,0.164125,0,32000,5252,0.164125,131072,4441,0.033882,1,0,3
339,host-24,4,2,14,4,2,0,0.194938,0,32000,6238,0.194938,131072,6228,0.047516,2,0,2
339,host-3,3,0,14,3,0,0,0.173313,0,32000,5546,0.173313,131072,6409,0.048897,0,0,3
339,host-4,3,0,14,3,0,0,0.190062,0,32000,6082,0.190062,131072,6363,0.048546,0,0,3
339,host-5,6,0,14,6,0,0,0.249156,0,32000,7973,0.249156,131072,8205,0.062599,0,0,6
339,host-6,6,0,14,6,0,0,0.231469,0,32000,7407,0.231469,131072,6311,0.048149,0,0,6
339,host-7,5,0,14,5,0,0,0.218125,0,32000,6980,0.218125,131072,7915,0.060387,0,0,5
339,host-8,3,1,14,3,1,0,0.197156,0,32000,6309,0.197156,131072,7177,0.054756,1,0,2
339,host-9,4,0,14,4,0,0,0.248625,0,32000,7956,0.248625,131072,7966,0.060776,0,0,4
340,host-1,4,0,14,4,0,0,0.263937,0,32000,8446,0.263937,131072,8182,0.062424,0,0,4
340,host-10,4,0,14,4,0,0,0.233625,0,32000,7476,0.233625,131072,7108,0.054230,0,0,4
340,host-11,5,0,14,5,0,0,0.213062,0,32000,6818,0.213062,131072,6596,0.050323,0,0,5
340,host-12,5,0,14,5,0,0,0.256594,0,32000,8211,0.256594,131072,6984,0.053284,0,0,5
340,host-13,5,0,14,5,0,0,0.229781,0,32000,7353,0.229781,131072,6854,0.052292,0,0,5
340,host-14,6,0,14,6,0,0,0.242719,0,32000,7767,0.242719,131072,7820,0.059662,0,0,6
340,host-15,5,0,14,5,0,0,0.226188,0,32000,7238,0.226188,131072,7284,0.055573,0,0,5
340,host-16,5,0,14,5,0,0,0.235156,0,32000,7525,0.235156,131072,7841,0.059822,0,0,5
340,host-17,5,0,14,5,0,0,0.215531,0,32000,6897,0.215531,131072,6627,0.050560,0,0,5
340,host-18,4,0,14,4,0,0,0.180688,0,32000,5782,0.180688,131072,6427,0.049034,0,0,4
340,host-19,4,1,14,4,1,0,0.221875,0,32000,7100,0.221875,131072,7234,0.055191,1,0,3
340,host-2,5,0,14,5,0,0,0.242031,0,32000,7745,0.242031,131072,8269,0.063087,0,0,5
340,host-20,3,0,14,3,0,0,0.137500,0,32000,4400,0.137500,131072,5583,0.042595,0,0,3
340,host-21,5,0,14,5,0,0,0.234937,0,32000,7518,0.234937,131072,8892,0.067841,0,0,5
340,host-22,5,0,14,5,0,0,0.240875,0,32000,7708,0.240875,131072,8043,0.061363,0,0,5
340,host-23,4,0,14,4,0,0,0.164125,0,32000,5252,0.164125,131072,4441,0.033882,0,0,4
340,host-24,4,1,14,4,1,0,0.194938,0,32000,6238,0.194938,131072,6228,0.047516,0,1,3
340,host-3,3,0,14,3,0,0,0.173313,0,32000,5546,0.173313,131072,6409,0.048897,0,0,3
340,host-4,3,0,14,3,0,0,0.190062,0,32000,6082,0.190062,131072,6363,0.048546,0,0,3
340,host-5,6,0,14,6,0,0,0.249156,0,32000,7973,0.249156,131072,8205,0.062599,0,0,6
340,host-6,6,0,14,6,0,0,0.231469,0,32000,7407,0.231469,131072,6311,0.048149,0,0,6
340,host-7,4,0,14,4,0,0,0.181656,0,32000,5813,0.181656,131072,6550,0.049973,0,0,4
340,host-8,3,1,14,3,1,0,0.197156,0,32000,6309,0.197156,131072,7177,0.054756,1,0,2
340,host-9,4,0,14,4,0,0,0.248625,0,32000,7956,0.248625,131072,7966,0.060776,0,0,4
341,host-1,4,0,14,4,0,0,0.263937,0,32000,8446,0.263937,131072,8182,0.062424,0,0,4
341,host-10,4,0,14,4,0,0,0.233625,0,32000,7476,0.233625,131072,7108,0.054230,0,0,4
341,host-11,5,0,14,5,0,0,0.213062,0,32000,6818,0.213062,131072,6596,0.050323,0,0,5
341,host-12,5,0,14,5,0,0,0.256594,0,32000,8211,0.256594,131072,6984,0.053284,0,0,5
341,host-13,5,1,14,5,1,0,0.229781,0,32000,7353,0.229781,131072,6854,0.052292,0,1,4
341,host-14,6,0,14,6,0,0,0.242719,0,32000,7767,0.242719,131072,7820,0.059662,0,0,6
341,host-15,5,0,14,5,0,0,0.226188,0,32000,7238,0.226188,131072,7284,0.055573,0,0,5
341,host-16,5,0,14,5,0,0,0.235156,0,32000,7525,0.235156,131072,7841,0.059822,0,0,5
341,host-17,4,0,14,4,0,0,0.170469,0,32000,5455,0.170469,131072,5862,0.044724,0,0,4
341,host-18,4,1,14,4,1,0,0.180688,0,32000,5782,0.180688,131072,6427,0.049034,0,1,3
341,host-19,4,0,14,4,0,0,0.221875,0,32000,7100,0.221875,131072,7234,0.055191,0,0,4
341,host-2,4,0,14,4,0,0,0.195750,0,32000,6264,0.195750,131072,7023,0.053581,0,0,4
341,host-20,3,0,14,3,0,0,0.137500,0,32000,4400,0.137500,131072,5583,0.042595,0,0,3
341,host-21,5,0,14,5,0,0,0.234937,0,32000,7518,0.234937,131072,8892,0.067841,0,0,5
341,host-22,5,0,14,5,0,0,0.240875,0,32000,7708,0.240875,131072,8043,0.061363,0,0,5
341,host-23,4,0,14,4,0,0,0.164125,0,32000,5252,0.164125,131072,4441,0.033882,0,0,4
341,host-24,4,0,14,4,0,0,0.194938,0,32000,6238,0.194938,131072,6228,0.047516,0,0,4
341,host-3,3,0,14,3,0,0,0.173313,0,32000,5546,0.173313,131072,6409,0.048897,0,0,3
341,host-4,3,0,14,3,0,0,0.190062,0,32000,6082,0.190062,131072,6363,0.048546,0,0,3
341,host-5,6,0,14,6,0,0,0.249156,0,32000,7973,0.249156,131072,8205,0.062599,0,0,6
341,host-6,6,0,14,6,0,0,0.231469,0,32000,7407,0.231469,131072,6311,0.048149,0,0,6
341,host-7,4,0,14,4,0,0,0.181656,0,32000,5813,0.181656,131072,6550,0.049973,0,0,4
341,host-8,3,0,14,3,0,0,0.197156,0,32000,6309,0.197156,131072,7177,0.054756,0,0,3
341,host-9,4,0,14,4,0,0,0.248625,0,32000,7956,0.248625,131072,7966,0.060776,0,0,4
342,host-1,3,0,14,3,0,0,0.182688,0,32000,5846,0.182688,131072,5356,0.040863,0,0,3
342,host-10,4,0,14,4,0,0,0.233625,0,32000,7476,0.233625,131072,7108,0.054230,0,0,4
342,host-11,5,0,14,5,0,0,0.213062,0,32000,6818,0.213062,131072,6596,0.050323,0,0,5
342,host-12,5,0,14,5,0,0,0.256594,0,32000,8211,0.256594,131072,6984,0.053284,0,0,5
342,host-13,5,0,14,5,0,0,0.229781,0,32000,7353,0.229781,131072,6854,0.052292,0,0,5
342,host-14,6,0,14,6,0,0,0.242719,0,32000,7767,0.242719,131072,7820,0.059662,0,0,6
342,host-15,5,0,14,5,0,0,0.226188,0,32000,7238,0.226188,131072,7284,0.055573,0,0,5
342,host-16,5,0,14,5,0,0,0.235156,0,32000,7525,0.235156,131072,7841,0.059822,0,0,5
342,host-17,4,0,14,4,0,0,0.170469,0,32000,5455,0.170469,131072,5862,0.044724,0,0,4
342,host-18,4,0,14,4,0,0,0.180688,0,32000,5782,0.180688,131072,6427,0.049034,0,0,4
342,host-19,4,1,14,4,1,0,0.221875,0,32000,7100,0.221875,131072,7234,0.055191,0,1,3
342,host-2,4,0,14,4,0,0,0.195750,0,32000,6264,0.195750,131072,7023,0.053581,0,0,4
342,host-20,4,1,14,4,1,0,0.182125,0,32000,5828,0.182125,131072,6631,0.050591,1,0,3
342,host-21,5,0,14,5,0,0,0.234937,0,32000,7518,0.234937,131072,8892,0.067841,0,0,5
342,host-22,5,0,14,5,0,0,0.240875,0,32000,7708,0.240875,131072,8043,0.061363,0,0,5
342,host-23,4,0,14,4,0,0,0.164125,0,32000,5252,0.164125,131072,4441,0.033882,0,0,4
342,host-24,4,0,14,4,0,0,0.194938,0,32000,6238,0.194938,131072,6228,0.047516,0,0,4
342,host-3,3,0,14,3,0,0,0.173313,0,32000,5546,0.173313,131072,6409,0.048897,0,0,3
342,host-4,3,0,14,3,0,0,0.190062,0,32000,6082,0.190062,131072,6363,0.048546,0,0,3
342,host-5,6,0,14,6,0,0,0.249156,0,32000,7973,0.249156,131072,8205,0.062599,0,0,6
342,host-6,6,0,14,6,0,0,0.231469,0,32000,7407,0.231469,131072,6311,0.048149,0,0,6
342,host-7,4,0,14,4,0,0,0.181656,0,32000,5813,0.181656,131072,6550,0.049973,0,0,4
342,host-8,3,2,14,3,2,0,0.197156,0,32000,6309,0.197156,131072,7177,0.054756,0,2,1
342,host-9,4,1,14,4,1,0,0.248625,0,32000,7956,0.248625,131072,7966,0.060776,0,1,3
343,host-1,3,0,14,3,0,0,0.182688,0,32000,5846,0.182688,131072,5356,0.040863,0,0,3
343,host-10,4,0,14,4,0,0,0.233625,0,32000,7476,0.233625,131072,7108,0.054230,0,0,4
343,host-11,5,0,14,5,0,0,0.213062,0,32000,6818,0.213062,131072,6596,0.050323,0,0,5
343,host-12,5,0,14,5,0,0,0.256594,0,32000,8211,0.256594,131072,6984,0.053284,0,0,5
343,host-13,5,0,14,5,0,0,0.229781,0,32000,7353,0.229781,131072,6854,0.052292,0,0,5
343,host-14,6,0,14,6,0,0,0.242719,0,32000,7767,0.242719,131072,7820,0.059662,0,0,6
343,host-15,5,0,14,5,0,0,0.226188,0,32000,7238,0.226188,131072,7284,0.055573,0,0,5
343,host-16,4,0,14,4,0,0,0.197469,0,32000,6319,0.197469,131072,6335,0.048332,0,0,4
343,host-17,4,0,14,4,0,0,0.170469,0,32000,5455,0.170469,131072,5862,0.044724,0,0,4
343,host-18,4,0,14,4,0,0,0.180688,0,32000,5782,0.180688,131072,6427,0.049034,0,0,4
343,host-19,4,0,14,4,0,0,0.221875,0,32000,7100,0.221875,131072,7234,0.055191,0,0,4
343,host-2,4,0,14,4,0,0,0.195750,0,32000,6264,0.195750,131072,7023,0.053581,0,0,4
343,host-20,4,0,14,4,0,0,0.182125,0,32000,5828,0.182125,131072,6631,0.050591,0,0,4
343,host-21,5,0,14,5,0,0,0.234937,0,32000,7518,0.234937,131072,8892,0.067841,0,0,5
343,host-22,5,0,14,5,0,0,0.240875,0,32000,7708,0.240875,131072,8043,0.061363,0,0,5
343,host-23,4,0,14,4,0,0,0.164125,0,32000,5252,0.164125,131072,4441,0.033882,0,0,4
343,host-24,4,0,14,4,0,0,0.194938,0,32000,6238,0.194938,131072,6228,0.047516,0,0,4
343,host-3,2,1,14,2,1,0,0.111437,0,32000,3566,0.111437,131072,4232,0.032288,0,1,1
343,host-4,3,0,14,3,0,0,0.190062,0,32000,6082,0.190062,131072,6363,0.048546,0,0,3
343,host-5,6,1,14,6,1,0,0.249156,0,32000,7973,0.249156,131072,8205,0.062599,0,1,5
343,host-6,5,0,14,5,0,0,0.178375,0,32000,5708,0.178375,131072,3919,0.029900,0,0,5
343,host-7,4,1,14,4,1,0,0.181656,0,32000,5813,0.181656,131072,6550,0.049973,0,1,3
343,host-8,3,0,14,3,0,0,0.197156,0,32000,6309,0.197156,131072,7177,0.054756,0,0,3
343,host-9,4,0,14,4,0,0,0.248625,0,32000,7956,0.248625,131072,7966,0.060776,0,0,4
344,host-1,3,0,14,3,0,0,0.182688,0,32000,5846,0.182688,131072,5356,0.040863,0,0,3
344,host-10,4,0,14,4,0,0,0.233625,0,32000,7476,0.233625,131072,7108,0.054230,0,0,4
344,host-11,4,0,14,4,0,0,0.142844,0,32000,4571,0.142844,131072,4687,0.035759,0,0,4
344,host-12,5,0,14,5,0,0,0.256594,0,32000,8211,0.256594,131072,6984,0.053284,0,0,5
344,host-13,5,0,14,5,0,0,0.229781,0,32000,7353,0.229781,131072,6854,0.052292,0,0,5
344,host-14,6,0,14,6,0,0,0.242719,0,32000,7767,0.242719,131072,7820,0.059662,0,0,6
344,host-15,5,0,14,5,0,0,0.226188,0,32000,7238,0.226188,131072,7284,0.055573,0,0,5
344,host-16,4,0,14,4,0,0,0.197469,0,32000,6319,0.197469,131072,6335,0.048332,0,0,4
344,host-17,4,0,14,4,0,0,0.170469,0,32000,5455,0.170469,131072,5862,0.044724,0,0,4
344,host-18,4,0,14,4,0,0,0.180688,0,32000,5782,0.180688,131072,6427,0.049034,0,0,4
344,host-19,4,0,14,4,0,0,0.221875,0,32000,7100,0.221875,131072,7234,0.055191,0,0,4
344,host-2,4,0,14,4,0,0,0.195750,0,32000,6264,0.195750,131072,7023,0.053581,0,0,4
344,host-20,4,0,14,4,0,0,0.182125,0,32000,5828,0.182125,131072,6631,0.050591,0,0,4
344,host-21,5,0,14,5,0,0,0.234937,0,32000,7518,0.234937,131072,8892,0.067841,0,0,5
344,host-22,5,0,14,5,0,0,0.240875,0,32000,7708,0.240875,131072,8043,0.061363,0,0,5
344,host-23,4,0,14,4,0,0,0.164125,0,32000,5252,0.164125,131072,4441,0.033882,0,0,4
344,host-24,4,0,14,4,0,0,0.194938,0,32000,6238,0.194938,131072,6228,0.047516,0,0,4
344,host-3,3,1,14,3,1,0,0.165937,0,32000,5310,0.165937,131072,5879,0.044853,1,0,2
344,host-4,3,0,14,3,0,0,0.190062,0,32000,6082,0.190062,131072,6363,0.048546,0,0,3
344,host-5,6,0,14,6,0,0,0.249156,0,32000,7973,0.249156,131072,8205,0.062599,0,0,6
344,host-6,5,0,14,5,0,0,0.178375,0,32000,5708,0.178375,131072,3919,0.029900,0,0,5
344,host-7,4,0,14,4,0,0,0.181656,0,32000,5813,0.181656,131072,6550,0.049973,0,0,4
344,host-8,3,0,14,3,0,0,0.197156,0,32000,6309,0.197156,131072,7177,0.054756,0,0,3
344,host-9,4,0,14,4,0,0,0.248625,0,32000,7956,0.248625,131072,7966,0.060776,0,0,4
345,host-1,3,0,14,3,0,0,0.182688,0,32000,5846,0.182688,131072,5356,0.040863,0,0,3
345,host-10,4,1,14,4,1,0,0.190094,0,32000,6083,0.190094,131072,5706,0.043533,1,0,3
345,host-11,5,1,14,5,1,0,0.188438,0,32000,6030,0.188438,131072,5558,0.042404,1,0,4
345,host-12,5,0,14,5,0,0,0.256594,0,32000,8211,0.256594,131072,6984,0.053284,0,0,5
345,host-13,4,0,14,4,0,0,0.194906,0,32000,6237,0.194906,131072,5221,0.039833,0,0,4
345,host-14,6,1,14,6,1,0,0.242719,0,32000,7767,0.242719,131072,7820,0.059662,0,1,5
345,host-15,5,0,14,5,0,0,0.226188,0,32000,7238,0.226188,131072,7284,0.055573,0,0,5
345,host-16,4,0,14,4,0,0,0.197469,0,32000,6319,0.197469,131072,6335,0.048332,0,0,4
345,host-17,4,0,14,4,0,0,0.170469,0,32000,5455,0.170469,131072,5862,0.044724,0,0,4
345,host-18,4,0,14,4,0,0,0.180688,0,32000,5782,0.180688,131072,6427,0.049034,0,0,4
345,host-19,4,0,14,4,0,0,0.221875,0,32000,7100,0.221875,131072,7234,0.055191,0,0,4
345,host-2,4,0,14,4,0,0,0.195750,0,32000,6264,0.195750,131072,7023,0.053581,0,0,4
345,host-20,4,0,14,4,0,0,0.182125,0,32000,5828,0.182125,131072,6631,0.050591,0,0,4
345,host-21,4,0,14,4,0,0,0.173063,0,32000,5538,0.173063,131072,6715,0.051231,0,0,4
345,host-22,4,0,14,4,0,0,0.197937,0,32000,6334,0.197937,131072,7266,0.055435,0,0,4
345,host-23,5,1,14,5,1,0,0.234656,0,32000,7509,0.234656,131072,6854,0.052292,1,0,4
345,host-24,4,0,14,4,0,0,0.194938,0,32000,6238,0.194938,131072,6228,0.047516,0,0,4
345,host-3,3,0,14,3,0,0,0.165937,0,32000,5310,0.165937,131072,5879,0.044853,0,0,3
345,host-4,3,0,14,3,0,0,0.190062,0,32000,6082,0.190062,131072,6363,0.048546,0,0,3
345,host-5,6,0,14,6,0,0,0.249156,0,32000,7973,0.249156,131072,8205,0.062599,0,0,6
345,host-6,5,0,14,5,0,0,0.178375,0,32000,5708,0.178375,131072,3919,0.029900,0,0,5
345,host-7,4,0,14,4,0,0,0.181656,0,32000,5813,0.181656,131072,6550,0.049973,0,0,4
345,host-8,3,0,14,3,0,0,0.197156,0,32000,6309,0.197156,131072,7177,0.054756,0,0,3
345,host-9,4,0,14,4,0,0,0.248625,0,32000,7956,0.248625,131072,7966,0.060776,0,0,4
346,host-1,3,0,14,3,0,0,0.182688,0,32000,5846,0.182688,131072,5356,0.040863,0,0,3
346,host-10,4,0,14,4,0,0,0.190094,0,32000,6083,0.190094,131072,5706,0.043533,0,0,4
346,host-11,4,1,14,4,1,0,0.156500,0,32000,5008,0.156500,131072,4977,0.037971,0,1,3
346,host-12,3,0,14,3,0,0,0.161500,0,32000,5168,0.161500,131072,5206,0.039719,0,0,3
346,host-13,4,1,14,4,1,0,0.194906,0,32000,6237,0.194906,131072,5221,0.039833,0,1,3
346,host-14,5,0,14,5,0,0,0.212219,0,32000,6791,0.212219,131072,6559,0.050041,0,0,5
346,host-15,5,0,14,5,0,0,0.226188,0,32000,7238,0.226188,131072,7284,0.055573,0,0,5
346,host-16,4,0,14,4,0,0,0.197469,0,32000,6319,0.197469,131072,6335,0.048332,0,0,4
346,host-17,4,0,14,4,0,0,0.170469,0,32000,5455,0.170469,131072,5862,0.044724,0,0,4
346,host-18,4,0,14,4,0,0,0.180688,0,32000,5782,0.180688,131072,6427,0.049034,0,0,4
346,host-19,4,0,14,4,0,0,0.221875,0,32000,7100,0.221875,131072,7234,0.055191,0,0,4
346,host-2,2,0,14,2,0,0,0.103938,0,32000,3326,0.103938,131072,3782,0.028854,0,0,2
346,host-20,4,0,14,4,0,0,0.182125,0,32000,5828,0.182125,131072,6631,0.050591,0,0,4
346,host-21,4,0,14,4,0,0,0.173063,0,32000,5538,0.173063,131072,6715,0.051231,0,0,4
346,host-22,4,0,14,4,0,0,0.197937,0,32000,6334,0.197937,131072,7266,0.055435,0,0,4
346,host-23,5,0,14,5,0,0,0.234656,0,32000,7509,0.234656,131072,6854,0.052292,0,0,5
346,host-24,4,0,14,4,0,0,0.194938,0,32000,6238,0.194938,131072,6228,0.047516,0,0,4
346,host-3,4,1,14,4,1,0,0.194500,0,32000,6224,0.194500,131072,6897,0.052620,1,0,3
346,host-4,3,0,14,3,0,0,0.190062,0,32000,6082,0.190062,131072,6363,0.048546,0,0,3
346,host-5,6,0,14,6,0,0,0.249156,0,32000,7973,0.249156,131072,8205,0.062599,0,0,6
346,host-6,5,0,14,5,0,0,0.178375,0,32000,5708,0.178375,131072,3919,0.029900,0,0,5
346,host-7,4,0,14,4,0,0,0.181656,0,32000,5813,0.181656,131072,6550,0.049973,0,0,4
346,host-8,3,1,14,3,1,0,0.197156,0,32000,6309,0.197156,131072,7177,0.054756,0,1,2
346,host-9,4,0,14,4,0,0,0.248625,0,32000,7956,0.248625,131072,7966,0.060776,0,0,4
347,host-1,3,0,14,3,0,0,0.182688,0,32000,5846,0.182688,131072,5356,0.040863,0,0,3
347,host-10,4,1,14,4,1,0,0.190094,0,32000,6083,0.190094,131072,5706,0.043533,0,1,3
347,host-11,4,1,14,4,1,0,0.156500,0,32000,5008,0.156500,131072,4977,0.037971,0,1,3
347,host-12,3,0,14,3,0,0,0.161500,0,32000,5168,0.161500,131072,5206,0.039719,0,0,3
347,host-13,4,0,14,4,0,0,0.194906,0,32000,6237,0.194906,131072,5221,0.039833,0,0,4
347,host-14,5,0,14,5,0,0,0.212219,0,32000,6791,0.212219,131072,6559,0.050041,0,0,5
347,host-15,4,0,14,4,0,0,0.178375,0,32000,5708,0.178375,131072,5925,0.045204,0,0,4
347,host-16,4,0,14,4,0,0,0.197469,0,32000,6319,0.197469,131072,6335,0.048332,0,0,4
347,host-17,4,1,14,4,1,0,0.170469,0,32000,5455,0.170469,131072,5862,0.044724,0,1,3
347,host-18,3,0,14,3,0,0,0.154719,0,32000,4951,0.154719,131072,5378,0.041031,0,0,3
347,host-19,4,0,14,4,0,0,0.221875,0,32000,7100,0.221875,131072,7234,0.055191,0,0,4
347,host-2,3,2,14,3,2,0,0.142187,0,32000,4550,0.142187,131072,4615,0.035210,1,1,1
347,host-20,3,0,14,3,0,0,0.153875,0,32000,4924,0.153875,131072,5266,0.040176,0,0,3
347,host-21,4,0,14,4,0,0,0.173063,0,32000,5538,0.173063,131072,6715,0.051231,0,0,4
347,host-22,4,0,14,4,0,0,0.197937,0,32000,6334,0.197937,131072,7266,0.055435,0,0,4
347,host-23,5,0,14,5,0,0,0.234656,0,32000,7509,0.234656,131072,6854,0.052292,0,0,5
347,host-24,4,0,14,4,0,0,0.194938,0,32000,6238,0.194938,131072,6228,0.047516,0,0,4
347,host-3,4,0,14,4,0,0,0.194500,0,32000,6224,0.194500,131072,6897,0.052620,0,0,4
347,host-4,2,0,14,2,0,0,0.118969,0,32000,3807,0.118969,131072,4049,0.030891,0,0,2
347,host-5,6,0,14,6,0,0,0.249156,0,32000,7973,0.249156,131072,8205,0.062599,0,0,6
347,host-6,5,0,14,5,0,0,0.178375,0,32000,5708,0.178375,131072,3919,0.029900,0,0,5
347,host-7,4,1,14,4,1,0,0.181656,0,32000,5813,0.181656,131072,6550,0.049973,0,1,3
347,host-8,3,0,14,3,0,0,0.197156,0,32000,6309,0.197156,131072,7177,0.054756,0,0,3
347,host-9,4,0,14,4,0,0,0.248625,0,32000,7956,0.248625,131072,7966,0.060776,0,0,4
348,host-1,3,0,14,3,0,0,0.182688,0,32000,5846,0.182688,131072,5356,0.040863,0,0,3
348,host-10,4,0,14,4,0,0,0.190094,0,32000,6083,0.190094,131072,5706,0.043533,0,0,4
348,host-11,4,0,14,4,0,0,0.156500,0,32000,5008,0.156500,131072,4977,0.037971,0,0,4
348,host-12,3,0,14,3,0,0,0.161500,0,32000,5168,0.161500,131072,5206,0.039719,0,0,3
348,host-13,4,0,14,4,0,0,0.194906,0,32000,6237,0.194906,131072,5221,0.039833,0,0,4
348,host-14,4,0,14,4,0,0,0.184438,0,32000,5902,0.184438,131072,6125,0.046730,0,0,4
348,host-15,4,1,14,4,1,0,0.191281,0,32000,6121,0.191281,131072,5693,0.043434,1,0,3
348,host-16,4,0,14,4,0,0,0.197469,0,32000,6319,0.197469,131072,6335,0.048332,0,0,4
348,host-17,4,0,14,4,0,0,0.170469,0,32000,5455,0.170469,131072,5862,0.044724,0,0,4
348,host-18,4,1,14,4,1,0,0.201281,0,32000,6441,0.201281,131072,6064,0.046265,1,0,3
348,host-19,4,1,14,4,1,0,0.221875,0,32000,7100,0.221875,131072,7234,0.055191,0,1,3
348,host-2,4,1,14,4,1,0,0.182438,0,32000,5838,0.182438,131072,5898,0.044998,1,0,3
348,host-20,4,1,14,4,1,0,0.226125,0,32000,7236,0.226125,131072,7243,0.055260,1,0,3
348,host-21,4,0,14,4,0,0,0.173063,0,32000,5538,0.173063,131072,6715,0.051231,0,0,4
348,host-22,4,0,14,4,0,0,0.197937,0,32000,6334,0.197937,131072,7266,0.055435,0,0,4
348,host-23,5,0,14,5,0,0,0.234656,0,32000,7509,0.234656,131072,6854,0.052292,0,0,5
348,host-24,4,0,14,4,0,0,0.194938,0,32000,6238,0.194938,131072,6228,0.047516,0,0,4
348,host-3,4,0,14,4,0,0,0.194500,0,32000,6224,0.194500,131072,6897,0.052620,0,0,4
348,host-4,3,1,14,3,1,0,0.166937,0,32000,5342,0.166937,131072,5574,0.042526,1,0,2
348,host-5,6,0,14,6,0,0,0.249156,0,32000,7973,0.249156,131072,8205,0.062599,0,0,6
348,host-6,5,1,14,5,1,0,0.165531,0,32000,5297,0.165531,131072,3747,0.028587,1,0,4
348,host-7,4,0,14,4,0,0,0.181656,0,32000,5813,0.181656,131072,6550,0.049973,0,0,4
348,host-8,3,0,14,3,0,0,0.197156,0,32000,6309,0.197156,131072,7177,0.054756,0,0,3
348,host-9,4,0,14,4,0,0,0.248625,0,32000,7956,0.248625,131072,7966,0.060776,0,0,4
349,host-1,3,0,14,3,0,0,0.182688,0,32000,5846,0.182688,131072,5356,0.040863,0,0,3
349,host-10,4,0,14,4,0,0,0.190094,0,32000,6083,0.190094,131072,5706,0.043533,0,0,4
349,host-11,5,1,14,5,1,0,0.220688,0,32000,7062,0.220688,131072,7570,0.057755,1,0,4
349,host-12,3,0,14,3,0,0,0.161500,0,32000,5168,0.161500,131072,5206,0.039719,0,0,3
349,host-13,3,0,14,3,0,0,0.167125,0,32000,5348,0.167125,131072,4787,0.036522,0,0,3
349,host-14,4,0,14,4,0,0,0.184438,0,32000,5902,0.184438,131072,6125,0.046730,0,0,4
349,host-15,4,0,14,4,0,0,0.191281,0,32000,6121,0.191281,131072,5693,0.043434,0,0,4
349,host-16,4,0,14,4,0,0,0.197469,0,32000,6319,0.197469,131072,6335,0.048332,0,0,4
349,host-17,4,0,14,4,0,0,0.170469,0,32000,5455,0.170469,131072,5862,0.044724,0,0,4
349,host-18,4,1,14,4,1,0,0.201281,0,32000,6441,0.201281,131072,6064,0.046265,0,1,3
349,host-19,4,0,14,4,0,0,0.221875,0,32000,7100,0.221875,131072,7234,0.055191,0,0,4
349,host-2,4,0,14,4,0,0,0.182438,0,32000,5838,0.182438,131072,5898,0.044998,0,0,4
349,host-20,4,1,14,4,1,0,0.226125,0,32000,7236,0.226125,131072,7243,0.055260,1,0,3
349,host-21,4,0,14,4,0,0,0.173063,0,32000,5538,0.173063,131072,6715,0.051231,0,0,4
349,host-22,4,1,14,4,1,0,0.197937,0,32000,6334,0.197937,131072,7266,0.055435,0,1,3
349,host-23,5,0,14,5,0,0,0.234656,0,32000,7509,0.234656,131072,6854,0.052292,0,0,5
349,host-24,4,0,14,4,0,0,0.194938,0,32000,6238,0.194938,131072,6228,0.047516,0,0,4
349,host-3,4,0,14,4,0,0,0.194500,0,32000,6224,0.194500,131072,6897,0.052620,0,0,4
349,host-4,3,0,14,3,0,0,0.166937,0,32000,5342,0.166937,131072,5574,0.042526,0,0,3
349,host-5,6,1,14,6,1,0,0.249156,0,32000,7973,0.249156,131072,8205,0.062599,0,1,5
349,host-6,5,1,14,5,1,0,0.165531,0,32000,5297,0.165531,131072,3747,0.028587,1,0,4
349,host-7,4,0,14,4,0,0,0.181656,0,32000,5813,0.181656,131072,6550,0.049973,0,0,4
349,host-8,3,0,14,3,0,0,0.197156,0,32000,6309,0.197156,131072,7177,0.054756,0,0,3
349,host-9,4,0,14,4,0,0,0.248625,0,32000,7956,0.248625,131072,7966,0.060776,0,0,4
350,host-1,3,0,14,3,0,0,0.182688,0,32000,5846,0.182688,131072,5356,0.040863,0,0,3
350,host-10,3,0,14,3,0,0,0.139813,0,32000,4474,0.139813,131072,4177,0.031868,0,0,3
350,host-11,5,0,14,5,0,0,0.220688,0,32000,7062,0.220688,131072,7570,0.057755,0,0,5
350,host-12,4,1,14,4,1,0,0.219000,0,32000,7008,0.219000,131072,6448,0.049194,1,0,3
350,host-13,3,0,14,3,0,0,0.167125,0,32000,5348,0.167125,131072,4787,0.036522,0,0,3
350,host-14,3,0,14,3,0,0,0.148063,0,32000,4738,0.148063,131072,4955,0.037804,0,0,3
350,host-15,4,0,14,4,0,0,0.191281,0,32000,6121,0.191281,131072,5693,0.043434,0,0,4
350,host-16,4,0,14,4,0,0,0.197469,0,32000,6319,0.197469,131072,6335,0.048332,0,0,4
350,host-17,4,1,14,4,1,0,0.170469,0,32000,5455,0.170469,131072,5862,0.044724,0,1,3
350,host-18,4,0,14,4,0,0,0.201281,0,32000,6441,0.201281,131072,6064,0.046265,0,0,4
350,host-19,4,0,14,4,0,0,0.221875,0,32000,7100,0.221875,131072,7234,0.055191,0,0,4
350,host-2,4,0,14,4,0,0,0.182438,0,32000,5838,0.182438,131072,5898,0.044998,0,0,4
350,host-20,4,0,14,4,0,0,0.226125,0,32000,7236,0.226125,131072,7243,0.055260,0,0,4
350,host-21,4,0,14,4,0,0,0.173063,0,32000,5538,0.173063,131072,6715,0.051231,0,0,4
350,host-22,4,0,14,4,0,0,0.197937,0,32000,6334,0.197937,131072,7266,0.055435,0,0,4
350,host-23,5,0,14,5,0,0,0.234656,0,32000,7509,0.234656,131072,6854,0.052292,0,0,5
350,host-24,4,0,14,4,0,0,0.194938,0,32000,6238,0.194938,131072,6228,0.047516,0,0,4
350,host-3,4,0,14,4,0,0,0.194500,0,32000,6224,0.194500,131072,6897,0.052620,0,0,4
350,host-4,4,1,14,4,1,0,0.198250,0,32000,6344,0.198250,131072,6254,0.047714,1,0,3
350,host-5,6,0,14,6,0,0,0.249156,0,32000,7973,0.249156,131072,8205,0.062599,0,0,6
350,host-6,5,1,14,5,1,0,0.203750,0,32000,6520,0.203750,131072,5970,0.045547,1,0,4
350,host-7,4,0,14,4,0,0,0.181656,0,32000,5813,0.181656,131072,6550,0.049973,0,0,4
350,host-8,3,1,14,3,1,0,0.197156,0,32000,6309,0.197156,131072,7177,0.054756,0,1,2
350,host-9,3,0,14,3,0,0,0.174500,0,32000,5584,0.174500,131072,5589,0.042641,0,0,3
351,host-1,3,0,14,3,0,0,0.182688,0,32000,5846,0.182688,131072,5356,0.040863,0,0,3
351,host-10,4,1,14,4,1,0,0.179812,0,32000,5754,0.179812,131072,4777,0.036446,1,0,3
351,host-11,5,1,14,5,1,0,0.220688,0,32000,7062,0.220688,131072,7570,0.057755,0,1,4
351,host-12,4,0,14,4,0,0,0.219000,0,32000,7008,0.219000,131072,6448,0.049194,0,0,4
351,host-13,4,2,14,4,2,0,0.203594,0,32000,6515,0.203594,131072,6152,0.046936,1,1,2
351,host-14,4,1,14,4,1,0,0.175844,0,32000,5627,0.175844,131072,5389,0.041115,1,0,3
351,host-15,4,0,14,4,0,0,0.191281,0,32000,6121,0.191281,131072,5693,0.043434,0,0,4
351,host-16,4,1,14,4,1,0,0.215188,0,32000,6886,0.215188,131072,7527,0.057426,1,0,3
351,host-17,4,1,14,4,1,0,0.170469,0,32000,5455,0.170469,131072,5862,0.044724,0,1,3
351,host-18,4,0,14,4,0,0,0.201281,0,32000,6441,0.201281,131072,6064,0.046265,0,0,4
351,host-19,4,0,14,4,0,0,0.221875,0,32000,7100,0.221875,131072,7234,0.055191,0,0,4
351,host-2,4,0,14,4,0,0,0.182438,0,32000,5838,0.182438,131072,5898,0.044998,0,0,4
351,host-20,4,0,14,4,0,0,0.226125,0,32000,7236,0.226125,131072,7243,0.055260,0,0,4
351,host-21,4,0,14,4,0,0,0.173063,0,32000,5538,0.173063,131072,6715,0.051231,0,0,4
351,host-22,4,0,14,4,0,0,0.197937,0,32000,6334,0.197937,131072,7266,0.055435,0,0,4
351,host-23,5,0,14,5,0,0,0.234656,0,32000,7509,0.234656,131072,6854,0.052292,0,0,5
351,host-24,4,0,14,4,0,0,0.194938,0,32000,6238,0.194938,131072,6228,0.047516,0,0,4
351,host-3,4,0,14,4,0,0,0.194500,0,32000,6224,0.194500,131072,6897,0.052620,0,0,4
351,host-4,4,1,14,4,1,0,0.198250,0,32000,6344,0.198250,131072,6254,0.047714,0,1,3
351,host-5,6,0,14,6,0,0,0.249156,0,32000,7973,0.249156,131072,8205,0.062599,0,0,6
351,host-6,5,0,14,5,0,0,0.203750,0,32000,6520,0.203750,131072,5970,0.045547,0,0,5
351,host-7,4,1,14,4,1,0,0.181656,0,32000,5813,0.181656,131072,6550,0.049973,0,1,3
351,host-8,3,0,14,3,0,0,0.197156,0,32000,6309,0.197156,131072,7177,0.054756,0,0,3
351,host-9,3,0,14,3,0,0,0.174500,0,32000,5584,0.174500,131072,5589,0.042641,0,0,3
352,host-1,3,0,14,3,0,0,0.182688,0,32000,5846,0.182688,131072,5356,0.040863,0,0,3
352,host-10,4,0,14,4,0,0,0.179812,0,32000,5754,0.179812,131072,4777,0.036446,0,0,4
352,host-11,5,0,14,5,0,0,0.220688,0,32000,7062,0.220688,131072,7570,0.057755,0,0,5
352,host-12,4,0,14,4,0,0,0.219000,0,32000,7008,0.219000,131072,6448,0.049194,0,0,4
352,host-13,4,0,14,4,0,0,0.203594,0,32000,6515,0.203594,131072,6152,0.046936,0,0,4
352,host-14,3,0,14,3,0,0,0.142031,0,32000,4545,0.142031,131072,4089,0.031197,0,0,3
352,host-15,4,0,14,4,0,0,0.191281,0,32000,6121,0.191281,131072,5693,0.043434,0,0,4
352,host-16,4,0,14,4,0,0,0.215188,0,32000,6886,0.215188,131072,7527,0.057426,0,0,4
352,host-17,5,1,14,5,1,0,0.226906,0,32000,7261,0.226906,131072,7986,0.060928,0,1,4
352,host-18,4,0,14,4,0,0,0.201281,0,32000,6441,0.201281,131072,6064,0.046265,0,0,4
352,host-19,4,0,14,4,0,0,0.221875,0,32000,7100,0.221875,131072,7234,0.055191,0,0,4
352,host-2,4,0,14,4,0,0,0.182438,0,32000,5838,0.182438,131072,5898,0.044998,0,0,4
352,host-20,4,0,14,4,0,0,0.226125,0,32000,7236,0.226125,131072,7243,0.055260,0,0,4
352,host-21,5,1,14,5,1,0,0.231156,0,32000,7397,0.231156,131072,9321,0.071114,1,0,4
352,host-22,4,0,14,4,0,0,0.197937,0,32000,6334,0.197937,131072,7266,0.055435,0,0,4
352,host-23,5,0,14,5,0,0,0.234656,0,32000,7509,0.234656,131072,6854,0.052292,0,0,5
352,host-24,4,0,14,4,0,0,0.194938,0,32000,6238,0.194938,131072,6228,0.047516,0,0,4
352,host-3,4,0,14,4,0,0,0.194500,0,32000,6224,0.194500,131072,6897,0.052620,0,0,4
352,host-4,4,0,14,4,0,0,0.198250,0,32000,6344,0.198250,131072,6254,0.047714,0,0,4
352,host-5,6,0,14,6,0,0,0.249156,0,32000,7973,0.249156,131072,8205,0.062599,0,0,6
352,host-6,5,0,14,5,0,0,0.203750,0,32000,6520,0.203750,131072,5970,0.045547,0,0,5
352,host-7,4,0,14,4,0,0,0.181656,0,32000,5813,0.181656,131072,6550,0.049973,0,0,4
352,host-8,3,0,14,3,0,0,0.197156,0,32000,6309,0.197156,131072,7177,0.054756,0,0,3
352,host-9,4,1,14,4,1,0,0.207313,0,32000,6634,0.207313,131072,6409,0.048897,1,0,3
353,host-1,3,0,14,3,0,0,0.182688,0,32000,5846,0.182688,131072,5356,0.040863,0,0,3
353,host-10,5,1,14,5,1,0,0.248750,0,32000,7960,0.248750,131072,7419,0.056602,1,0,4
353,host-11,5,0,14,5,0,0,0.220688,0,32000,7062,0.220688,131072,7570,0.057755,0,0,5
353,host-12,3,0,14,3,0,0,0.153156,0,32000,4901,0.153156,131072,4585,0.034981,0,0,3
353,host-13,4,0,14,4,0,0,0.203594,0,32000,6515,0.203594,131072,6152,0.046936,0,0,4
353,host-14,4,2,14,4,2,0,0.184031,0,32000,5889,0.184031,131072,5005,0.038185,1,1,2
353,host-15,3,0,14,3,0,0,0.152938,0,32000,4894,0.152938,131072,4493,0.034279,0,0,3
353,host-16,4,0,14,4,0,0,0.215188,0,32000,6886,0.215188,131072,7527,0.057426,0,0,4
353,host-17,5,0,14,5,0,0,0.226906,0,32000,7261,0.226906,131072,7986,0.060928,0,0,5
353,host-18,4,0,14,4,0,0,0.201281,0,32000,6441,0.201281,131072,6064,0.046265,0,0,4
353,host-19,4,0,14,4,0,0,0.221875,0,32000,7100,0.221875,131072,7234,0.055191,0,0,4
353,host-2,4,0,14,4,0,0,0.182438,0,32000,5838,0.182438,131072,5898,0.044998,0,0,4
353,host-20,4,0,14,4,0,0,0.226125,0,32000,7236,0.226125,131072,7243,0.055260,0,0,4
353,host-21,5,0,14,5,0,0,0.231156,0,32000,7397,0.231156,131072,9321,0.071114,0,0,5
353,host-22,3,0,14,3,0,0,0.145063,0,32000,4642,0.145063,131072,5244,0.040009,0,0,3
353,host-23,5,0,14,5,0,0,0.234656,0,32000,7509,0.234656,131072,6854,0.052292,0,0,5
353,host-24,3,0,14,3,0,0,0.132781,0,32000,4249,0.132781,131072,4761,0.036324,0,0,3
353,host-3,4,0,14,4,0,0,0.194500,0,32000,6224,0.194500,131072,6897,0.052620,0,0,4
353,host-4,4,0,14,4,0,0,0.198250,0,32000,6344,0.198250,131072,6254,0.047714,0,0,4
353,host-5,6,0,14,6,0,0,0.249156,0,32000,7973,0.249156,131072,8205,0.062599,0,0,6
353,host-6,5,0,14,5,0,0,0.203750,0,32000,6520,0.203750,131072,5970,0.045547,0,0,5
353,host-7,4,0,14,4,0,0,0.181656,0,32000,5813,0.181656,131072,6550,0.049973,0,0,4
353,host-8,3,0,14,3,0,0,0.197156,0,32000,6309,0.197156,131072,7177,0.054756,0,0,3
353,host-9,4,0,14,4,0,0,0.207313,0,32000,6634,0.207313,131072,6409,0.048897,0,0,4
354,host-1,4,1,14,4,1,0,0.217562,0,32000,6962,0.217562,131072,7119,0.054314,1,0,3
354,host-10,5,0,14,5,0,0,0.248750,0,32000,7960,0.248750,131072,7419,0.056602,0,0,5
354,host-11,5,0,14,5,0,0,0.220688,0,32000,7062,0.220688,131072,7570,0.057755,0,0,5
354,host-12,4,1,14,4,1,0,0.194562,0,32000,6226,0.194562,131072,5616,0.042847,1,0,3
354,host-13,4,1,14,4,1,0,0.203594,0,32000,6515,0.203594,131072,6152,0.046936,0,1,3
354,host-14,5,1,14,5,1,0,0.222969,0,32000,7135,0.222969,131072,5800,0.044250,1,0,4
354,host-15,4,1,14,4,1,0,0.209344,0,32000,6699,0.209344,131072,6169,0.047066,1,0,3
354,host-16,4,0,14,4,0,0,0.215188,0,32000,6886,0.215188,131072,7527,0.057426,0,0,4
354,host-17,4,0,14,4,0,0,0.189281,0,32000,6057,0.189281,131072,6591,0.050285,0,0,4
354,host-18,4,1,14,4,1,0,0.188875,0,32000,6044,0.188875,131072,4969,0.037910,1,0,3
354,host-19,4,0,14,4,0,0,0.221875,0,32000,7100,0.221875,131072,7234,0.055191,0,0,4
354,host-2,5,1,14,5,1,0,0.250437,0,32000,8014,0.250437,131072,8777,0.066963,1,0,4
354,host-20,4,0,14,4,0,0,0.226125,0,32000,7236,0.226125,131072,7243,0.055260,0,0,4
354,host-21,4,1,14,4,1,0,0.197406,0,32000,6317,0.197406,131072,7439,0.056755,1,0,3
354,host-22,5,2,14,5,2,0,0.224312,0,32000,7178,0.224312,131072,6803,0.051903,2,0,3
354,host-23,5,0,14,5,0,0,0.234656,0,32000,7509,0.234656,131072,6854,0.052292,0,0,5
354,host-24,5,2,14,5,2,0,0.205969,0,32000,6591,0.205969,131072,7495,0.057182,2,0,3
354,host-3,4,0,14,4,0,0,0.194500,0,32000,6224,0.194500,131072,6897,0.052620,0,0,4
354,host-4,4,0,14,4,0,0,0.198250,0,32000,6344,0.198250,131072,6254,0.047714,0,0,4
354,host-5,5,0,14,5,0,0,0.215062,0,32000,6882,0.215062,131072,6745,0.051460,0,0,5
354,host-6,5,0,14,5,0,0,0.203750,0,32000,6520,0.203750,131072,5970,0.045547,0,0,5
354,host-7,4,1,14,4,1,0,0.204031,0,32000,6529,0.204031,131072,7354,0.056107,1,0,3
354,host-8,3,0,14,3,0,0,0.197156,0,32000,6309,0.197156,131072,7177,0.054756,0,0,3
354,host-9,4,0,14,4,0,0,0.207313,0,32000,6634,0.207313,131072,6409,0.048897,0,0,4
355,host-1,4,1,14,4,1,0,0.217562,0,32000,6962,0.217562,131072,7119,0.054314,1,0,3
355,host-10,5,0,14,5,0,0,0.248750,0,32000,7960,0.248750,131072,7419,0.056602,0,0,5
355,host-11,5,0,14,5,0,0,0.220688,0,32000,7062,0.220688,131072,7570,0.057755,0,0,5
355,host-12,4,0,14,4,0,0,0.194562,0,32000,6226,0.194562,131072,5616,0.042847,0,0,4
355,host-13,3,0,14,3,0,0,0.161062,0,32000,5154,0.161062,131072,5554,0.042374,0,0,3
355,host-14,5,0,14,5,0,0,0.222969,0,32000,7135,0.222969,131072,5800,0.044250,0,0,5
355,host-15,4,1,14,4,1,0,0.209344,0,32000,6699,0.209344,131072,6169,0.047066,1,0,3
355,host-16,4,1,14,4,1,0,0.215188,0,32000,6886,0.215188,131072,7527,0.057426,0,1,3
355,host-17,5,1,14,5,1,0,0.233281,0,32000,7465,0.233281,131072,8473,0.064644,1,0,4
355,host-18,5,2,14,5,2,0,0.233656,0,32000,7477,0.233656,131072,6304,0.048096,2,0,3
355,host-19,3,0,14,3,0,0,0.194094,0,32000,6211,0.194094,131072,6712,0.051208,0,0,3
355,host-2,5,0,14,5,0,0,0.250437,0,32000,8014,0.250437,131072,8777,0.066963,0,0,5
355,host-20,4,0,14,4,0,0,0.226125,0,32000,7236,0.226125,131072,7243,0.055260,0,0,4
355,host-21,4,0,14,4,0,0,0.197406,0,32000,6317,0.197406,131072,7439,0.056755,0,0,4
355,host-22,5,2,14,5,2,0,0.224312,0,32000,7178,0.224312,131072,6803,0.051903,2,0,3
355,host-23,5,0,14,5,0,0,0.234656,0,32000,7509,0.234656,131072,6854,0.052292,0,0,5
355,host-24,5,1,14,5,1,0,0.205969,0,32000,6591,0.205969,131072,7495,0.057182,1,0,4
355,host-3,3,0,14,3,0,0,0.137594,0,32000,4403,0.137594,131072,4593,0.035042,0,0,3
355,host-4,3,0,14,3,0,0,0.131844,0,32000,4219,0.131844,131072,3958,0.030197,0,0,3
355,host-5,5,0,14,5,0,0,0.215062,0,32000,6882,0.215062,131072,6745,0.051460,0,0,5
355,host-6,4,0,14,4,0,0,0.165969,0,32000,5311,0.165969,131072,5017,0.038277,0,0,4
355,host-7,4,1,14,4,1,0,0.204031,0,32000,6529,0.204031,131072,7354,0.056107,1,0,3
355,host-8,3,0,14,3,0,0,0.197156,0,32000,6309,0.197156,131072,7177,0.054756,0,0,3
355,host-9,3,1,14,3,1,0,0.144125,0,32000,4612,0.144125,131072,4140,0.031586,0,1,2
356,host-1,3,0,14,3,0,0,0.151156,0,32000,4837,0.151156,131072,4823,0.036797,0,0,3
356,host-10,5,0,14,5,0,0,0.248750,0,32000,7960,0.248750,131072,7419,0.056602,0,0,5
356,host-11,5,0,14,5,0,0,0.220688,0,32000,7062,0.220688,131072,7570,0.057755,0,0,5
356,host-12,4,0,14,4,0,0,0.194562,0,32000,6226,0.194562,131072,5616,0.042847,0,0,4
356,host-13,4,2,14,4,2,0,0.189312,0,32000,6058,0.189312,131072,6919,0.052788,1,1,2
356,host-14,5,0,14,5,0,0,0.222969,0,32000,7135,0.222969,131072,5800,0.044250,0,0,5
356,host-15,4,0,14,4,0,0,0.209344,0,32000,6699,0.209344,131072,6169,0.047066,0,0,4
356,host-16,4,0,14,4,0,0,0.215188,0,32000,6886,0.215188,131072,7527,0.057426,0,0,4
356,host-17,5,1,14,5,1,0,0.233281,0,32000,7465,0.233281,131072,8473,0.064644,1,0,4
356,host-18,5,1,14,5,1,0,0.233656,0,32000,7477,0.233656,131072,6304,0.048096,0,1,4
356,host-19,3,0,14,3,0,0,0.194094,0,32000,6211,0.194094,131072,6712,0.051208,0,0,3
356,host-2,5,0,14,5,0,0,0.250437,0,32000,8014,0.250437,131072,8777,0.066963,0,0,5
356,host-20,3,0,14,3,0,0,0.174719,0,32000,5591,0.174719,131072,5337,0.040718,0,0,3
356,host-21,4,0,14,4,0,0,0.197406,0,32000,6317,0.197406,131072,7439,0.056755,0,0,4
356,host-22,5,0,14,5,0,0,0.224312,0,32000,7178,0.224312,131072,6803,0.051903,0,0,5
356,host-23,5,0,14,5,0,0,0.234656,0,32000,7509,0.234656,131072,6854,0.052292,0,0,5
356,host-24,5,1,14,5,1,0,0.205969,0,32000,6591,0.205969,131072,7495,0.057182,0,1,4
356,host-3,4,1,14,4,1,0,0.181594,0,32000,5811,0.181594,131072,6475,0.049400,1,0,3
356,host-4,4,1,14,4,1,0,0.202937,0,32000,6494,0.202937,131072,6272,0.047852,1,0,3
356,host-5,5,0,14,5,0,0,0.215062,0,32000,6882,0.215062,131072,6745,0.051460,0,0,5
356,host-6,5,1,14,5,1,0,0.192594,0,32000,6163,0.192594,131072,6090,0.046463,1,0,4
356,host-7,3,0,14,3,0,0,0.176250,0,32000,5640,0.176250,131072,6832,0.052124,0,0,3
356,host-8,3,0,14,3,0,0,0.197156,0,32000,6309,0.197156,131072,7177,0.054756,0,0,3
356,host-9,4,1,14,4,1,0,0.188625,0,32000,6036,0.188625,131072,5349,0.040810,1,0,3
357,host-1,5,3,14,5,3,0,0.252188,0,32000,8070,0.252188,131072,7479,0.057060,2,1,2
357,host-10,5,0,14,5,0,0,0.248750,0,32000,7960,0.248750,131072,7419,0.056602,0,0,5
357,host-11,5,1,14,5,1,0,0.220688,0,32000,7062,0.220688,131072,7570,0.057755,0,1,4
357,host-12,4,0,14,4,0,0,0.194562,0,32000,6226,0.194562,131072,5616,0.042847,0,0,4
357,host-13,5,1,14,5,1,0,0.255531,0,32000,8177,0.255531,131072,9661,0.073708,1,0,4
357,host-14,5,0,14,5,0,0,0.222969,0,32000,7135,0.222969,131072,5800,0.044250,0,0,5
357,host-15,4,1,14,4,1,0,0.217938,0,32000,6974,0.217938,131072,6161,0.047005,1,0,3
357,host-16,4,0,14,4,0,0,0.215188,0,32000,6886,0.215188,131072,7527,0.057426,0,0,4
357,host-17,5,0,14,5,0,0,0.233281,0,32000,7465,0.233281,131072,8473,0.064644,0,0,5
357,host-18,5,1,14,5,1,0,0.233656,0,32000,7477,0.233656,131072,6304,0.048096,0,1,4
357,host-19,4,1,14,4,1,0,0.222406,0,32000,7117,0.222406,131072,7910,0.060349,1,0,3
357,host-2,5,0,14,5,0,0,0.250437,0,32000,8014,0.250437,131072,8777,0.066963,0,0,5
357,host-20,4,1,14,4,1,0,0.205219,0,32000,6567,0.205219,131072,6598,0.050339,1,0,3
357,host-21,4,0,14,4,0,0,0.197406,0,32000,6317,0.197406,131072,7439,0.056755,0,0,4
357,host-22,5,0,14,5,0,0,0.224312,0,32000,7178,0.224312,131072,6803,0.051903,0,0,5
357,host-23,5,0,14,5,0,0,0.234656,0,32000,7509,0.234656,131072,6854,0.052292,0,0,5
357,host-24,5,0,14,5,0,0,0.205969,0,32000,6591,0.205969,131072,7495,0.057182,0,0,5
357,host-3,5,1,14,5,1,0,0.229156,0,32000,7333,0.229156,131072,8325,0.063515,1,0,4
357,host-4,4,0,14,4,0,0,0.202937,0,32000,6494,0.202937,131072,6272,0.047852,0,0,4
357,host-5,5,0,14,5,0,0,0.215062,0,32000,6882,0.215062,131072,6745,0.051460,0,0,5
357,host-6,6,2,14,6,2,0,0.264031,0,32000,8449,0.264031,131072,7956,0.060699,1,1,4
357,host-7,4,1,14,4,1,0,0.204031,0,32000,6529,0.204031,131072,7354,0.056107,1,0,3
357,host-8,3,0,14,3,0,0,0.197156,0,32000,6309,0.197156,131072,7177,0.054756,0,0,3
357,host-9,5,2,14,5,2,0,0.252219,0,32000,8071,0.252219,131072,6188,0.047211,2,0,3
358,host-1,5,1,14,5,1,0,0.252188,0,32000,8070,0.252188,131072,7479,0.057060,0,1,4
358,host-10,5,0,14,5,0,0,0.248750,0,32000,7960,0.248750,131072,7419,0.056602,0,0,5
358,host-11,5,0,14,5,0,0,0.220688,0,32000,7062,0.220688,131072,7570,0.057755,0,0,5
358,host-12,5,1,14,5,1,0,0.253219,0,32000,8103,0.253219,131072,7180,0.054779,1,0,4
358,host-13,5,1,14,5,1,0,0.255531,0,32000,8177,0.255531,131072,9661,0.073708,1,0,4
358,host-14,5,0,14,5,0,0,0.222969,0,32000,7135,0.222969,131072,5800,0.044250,0,0,5
358,host-15,4,0,14,4,0,0,0.217938,0,32000,6974,0.217938,131072,6161,0.047005,0,0,4
358,host-16,4,0,14,4,0,0,0.215188,0,32000,6886,0.215188,131072,7527,0.057426,0,0,4
358,host-17,5,0,14,5,0,0,0.233281,0,32000,7465,0.233281,131072,8473,0.064644,0,0,5
358,host-18,5,0,14,5,0,0,0.233656,0,32000,7477,0.233656,131072,6304,0.048096,0,0,5
358,host-19,4,1,14,4,1,0,0.222406,0,32000,7117,0.222406,131072,7910,0.060349,1,0,3
358,host-2,4,0,14,4,0,0,0.191094,0,32000,6115,0.191094,131072,6220,0.047455,0,0,4
358,host-20,4,0,14,4,0,0,0.205219,0,32000,6567,0.205219,131072,6598,0.050339,0,0,4
358,host-21,4,0,14,4,0,0,0.197406,0,32000,6317,0.197406,131072,7439,0.056755,0,0,4
358,host-22,5,0,14,5,0,0,0.224312,0,32000,7178,0.224312,131072,6803,0.051903,0,0,5
358,host-23,5,0,14,5,0,0,0.234656,0,32000,7509,0.234656,131072,6854,0.052292,0,0,5
358,host-24,5,0,14,5,0,0,0.205969,0,32000,6591,0.205969,131072,7495,0.057182,0,0,5
358,host-3,5,1,14,5,1,0,0.229156,0,32000,7333,0.229156,131072,8325,0.063515,0,1,4
358,host-4,4,0,14,4,0,0,0.202937,0,32000,6494,0.202937,131072,6272,0.047852,0,0,4
358,host-5,2,0,14,2,0,0,0.097969,0,32000,3135,0.097969,131072,3128,0.023865,0,0,2
358,host-6,6,1,14,6,1,0,0.264031,0,32000,8449,0.264031,131072,7956,0.060699,1,0,5
358,host-7,4,1,14,4,1,0,0.204031,0,32000,6529,0.204031,131072,7354,0.056107,1,0,3
358,host-8,4,1,14,4,1,0,0.241687,0,32000,7734,0.241687,131072,9101,0.069435,1,0,3
358,host-9,5,1,14,5,1,0,0.252219,0,32000,8071,0.252219,131072,6188,0.047211,0,1,4
359,host-1,4,0,14,4,0,0,0.179250,0,32000,5736,0.179250,131072,5293,0.040382,0,0,4
359,host-10,5,0,14,5,0,0,0.248750,0,32000,7960,0.248750,131072,7419,0.056602,0,0,5
359,host-11,5,0,14,5,0,0,0.220688,0,32000,7062,0.220688,131072,7570,0.057755,0,0,5
359,host-12,5,0,14,5,0,0,0.253219,0,32000,8103,0.253219,131072,7180,0.054779,0,0,5
359,host-13,5,0,14,5,0,0,0.255531,0,32000,8177,0.255531,131072,9661,0.073708,0,0,5
359,host-14,5,0,14,5,0,0,0.222969,0,32000,7135,0.222969,131072,5800,0.044250,0,0,5
359,host-15,4,0,14,4,0,0,0.217938,0,32000,6974,0.217938,131072,6161,0.047005,0,0,4
359,host-16,4,0,14,4,0,0,0.215188,0,32000,6886,0.215188,131072,7527,0.057426,0,0,4
359,host-17,5,0,14,5,0,0,0.233281,0,32000,7465,0.233281,131072,8473,0.064644,0,0,5
359,host-18,5,0,14,5,0,0,0.233656,0,32000,7477,0.233656,131072,6304,0.048096,0,0,5
359,host-19,4,0,14,4,0,0,0.222406,0,32000,7117,0.222406,131072,7910,0.060349,0,0,4
359,host-2,4,0,14,4,0,0,0.191094,0,32000,6115,0.191094,131072,6220,0.047455,0,0,4
359,host-20,4,0,14,4,0,0,0.205219,0,32000,6567,0.205219,131072,6598,0.050339,0,0,4
359,host-21,4,0,14,4,0,0,0.197406,0,32000,6317,0.197406,131072,7439,0.056755,0,0,4
359,host-22,5,0,14,5,0,0,0.224312,0,32000,7178,0.224312,131072,6803,0.051903,0,0,5
359,host-23,5,0,14,5,0,0,0.234656,0,32000,7509,0.234656,131072,6854,0.052292,0,0,5
359,host-24,5,0,14,5,0,0,0.205969,0,32000,6591,0.205969,131072,7495,0.057182,0,0,5
359,host-3,5,1,14,5,1,0,0.229156,0,32000,7333,0.229156,131072,8325,0.063515,0,1,4
359,host-4,4,0,14,4,0,0,0.202937,0,32000,6494,0.202937,131072,6272,0.047852,0,0,4
359,host-5,3,1,14,3,1,0,0.158156,0,32000,5061,0.158156,131072,4938,0.037674,0,1,2
359,host-6,6,0,14,6,0,0,0.264031,0,32000,8449,0.264031,131072,7956,0.060699,0,0,6
359,host-7,4,0,14,4,0,0,0.204031,0,32000,6529,0.204031,131072,7354,0.056107,0,0,4
359,host-8,4,1,14,4,1,0,0.241687,0,32000,7734,0.241687,131072,9101,0.069435,0,1,3
359,host-9,5,0,14,5,0,0,0.252219,0,32000,8071,0.252219,131072,6188,0.047211,0,0,5
360,host-1,5,1,14,5,1,0,0.210063,0,32000,6722,0.210063,131072,5887,0.044914,1,0,4
360,host-10,5,0,14,5,0,0,0.248750,0,32000,7960,0.248750,131072,7419,0.056602,0,0,5
360,host-11,5,0,14,5,0,0,0.220688,0,32000,7062,0.220688,131072,7570,0.057755,0,0,5
360,host-12,4,0,14,4,0,0,0.201750,0,32000,6456,0.201750,131072,5408,0.041260,0,0,4
360,host-13,5,0,14,5,0,0,0.255531,0,32000,8177,0.255531,131072,9661,0.073708,0,0,5
360,host-14,5,0,14,5,0,0,0.222969,0,32000,7135,0.222969,131072,5800,0.044250,0,0,5
360,host-15,4,0,14,4,0,0,0.217938,0,32000,6974,0.217938,131072,6161,0.047005,0,0,4
360,host-16,4,0,14,4,0,0,0.215188,0,32000,6886,0.215188,131072,7527,0.057426,0,0,4
360,host-17,5,0,14,5,0,0,0.233281,0,32000,7465,0.233281,131072,8473,0.064644,0,0,5
360,host-18,5,1,14,5,1,0,0.233656,0,32000,7477,0.233656,131072,6304,0.048096,0,1,4
360,host-19,4,0,14,4,0,0,0.222406,0,32000,7117,0.222406,131072,7910,0.060349,0,0,4
360,host-2,4,0,14,4,0,0,0.191094,0,32000,6115,0.191094,131072,6220,0.047455,0,0,4
360,host-20,4,0,14,4,0,0,0.205219,0,32000,6567,0.205219,131072,6598,0.050339,0,0,4
360,host-21,4,0,14,4,0,0,0.197406,0,32000,6317,0.197406,131072,7439,0.056755,0,0,4
360,host-22,5,0,14,5,0,0,0.224312,0,32000,7178,0.224312,131072,6803,0.051903,0,0,5
360,host-23,4,0,14,4,0,0,0.199437,0,32000,6382,0.199437,131072,5754,0.043900,0,0,4
360,host-24,5,0,14,5,0,0,0.205969,0,32000,6591,0.205969,131072,7495,0.057182,0,0,5
360,host-3,5,0,14,5,0,0,0.229156,0,32000,7333,0.229156,131072,8325,0.063515,0,0,5
360,host-4,4,0,14,4,0,0,0.202937,0,32000,6494,0.202937,131072,6272,0.047852,0,0,4
360,host-5,5,2,14,5,2,0,0.249938,0,32000,7998,0.249938,131072,8028,0.061249,2,0,3
360,host-6,6,1,14,6,1,0,0.264031,0,32000,8449,0.264031,131072,7956,0.060699,0,1,5
360,host-7,4,0,14,4,0,0,0.204031,0,32000,6529,0.204031,131072,7354,0.056107,0,0,4
360,host-8,4,0,14,4,0,0,0.241687,0,32000,7734,0.241687,131072,9101,0.069435,0,0,4
360,host-9,5,0,14,5,0,0,0.252219,0,32000,8071,0.252219,131072,6188,0.047211,0,0,5
361,host-1,5,1,14,5,1,0,0.210063,0,32000,6722,0.210063,131072,5887,0.044914,1,0,4
361,host-10,5,0,14,5,0,0,0.248750,0,32000,7960,0.248750,131072,7419,0.056602,0,0,5
361,host-11,5,0,14,5,0,0,0.220688,0,32000,7062,0.220688,131072,7570,0.057755,0,0,5
361,host-12,4,0,14,4,0,0,0.201750,0,32000,6456,0.201750,131072,5408,0.041260,0,0,4
361,host-13,5,0,14,5,0,0,0.255531,0,32000,8177,0.255531,131072,9661,0.073708,0,0,5
361,host-14,5,0,14,5,0,0,0.222969,0,32000,7135,0.222969,131072,5800,0.044250,0,0,5
361,host-15,4,0,14,4,0,0,0.217938,0,32000,6974,0.217938,131072,6161,0.047005,0,0,4
361,host-16,4,0,14,4,0,0,0.215188,0,32000,6886,0.215188,131072,7527,0.057426,0,0,4
361,host-17,5,0,14,5,0,0,0.233281,0,32000,7465,0.233281,131072,8473,0.064644,0,0,5
361,host-18,5,0,14,5,0,0,0.233656,0,32000,7477,0.233656,131072,6304,0.048096,0,0,5
361,host-19,3,0,14,3,0,0,0.163031,0,32000,5217,0.163031,131072,5685,0.043373,0,0,3
361,host-2,5,1,14,5,1,0,0.214062,0,32000,6850,0.214062,131072,7416,0.056580,0,1,4
361,host-20,4,0,14,4,0,0,0.205219,0,32000,6567,0.205219,131072,6598,0.050339,0,0,4
361,host-21,5,1,14,5,1,0,0.235750,0,32000,7544,0.235750,131072,8639,0.065910,1,0,4
361,host-22,5,0,14,5,0,0,0.224312,0,32000,7178,0.224312,131072,6803,0.051903,0,0,5
361,host-23,5,1,14,5,1,0,0.237813,0,32000,7610,0.237813,131072,6906,0.052689,1,0,4
361,host-24,3,0,14,3,0,0,0.111406,0,32000,3565,0.111406,131072,4158,0.031723,0,0,3
361,host-3,5,0,14,5,0,0,0.229156,0,32000,7333,0.229156,131072,8325,0.063515,0,0,5
361,host-4,4,0,14,4,0,0,0.202937,0,32000,6494,0.202937,131072,6272,0.047852,0,0,4
361,host-5,5,0,14,5,0,0,0.249938,0,32000,7998,0.249938,131072,8028,0.061249,0,0,5
361,host-6,6,0,14,6,0,0,0.264031,0,32000,8449,0.264031,131072,7956,0.060699,0,0,6
361,host-7,4,0,14,4,0,0,0.204031,0,32000,6529,0.204031,131072,7354,0.056107,0,0,4
361,host-8,3,1,14,3,1,0,0.182312,0,32000,5834,0.182312,131072,6876,0.052460,0,1,2
361,host-9,5,0,14,5,0,0,0.252219,0,32000,8071,0.252219,131072,6188,0.047211,0,0,5
362,host-1,5,0,14,5,0,0,0.210063,0,32000,6722,0.210063,131072,5887,0.044914,0,0,5
362,host-10,5,0,14,5,0,0,0.248750,0,32000,7960,0.248750,131072,7419,0.056602,0,0,5
362,host-11,5,0,14,5,0,0,0.220688,0,32000,7062,0.220688,131072,7570,0.057755,0,0,5
362,host-12,4,0,14,4,0,0,0.201750,0,32000,6456,0.201750,131072,5408,0.041260,0,0,4
362,host-13,5,0,14,5,0,0,0.255531,0,32000,8177,0.255531,131072,9661,0.073708,0,0,5
362,host-14,5,0,14,5,0,0,0.222969,0,32000,7135,0.222969,131072,5800,0.044250,0,0,5
362,host-15,4,0,14,4,0,0,0.217938,0,32000,6974,0.217938,131072,6161,0.047005,0,0,4
362,host-16,4,0,14,4,0,0,0.215188,0,32000,6886,0.215188,131072,7527,0.057426,0,0,4
362,host-17,5,0,14,5,0,0,0.233281,0,32000,7465,0.233281,131072,8473,0.064644,0,0,5
362,host-18,5,0,14,5,0,0,0.233656,0,32000,7477,0.233656,131072,6304,0.048096,0,0,5
362,host-19,3,1,14,3,1,0,0.149594,0,32000,4787,0.149594,131072,4547,0.034691,1,0,2
362,host-2,5,0,14,5,0,0,0.214062,0,32000,6850,0.214062,131072,7416,0.056580,0,0,5
362,host-20,4,0,14,4,0,0,0.205219,0,32000,6567,0.205219,131072,6598,0.050339,0,0,4
362,host-21,5,1,14,5,1,0,0.235750,0,32000,7544,0.235750,131072,8639,0.065910,0,1,4
362,host-22,5,0,14,5,0,0,0.224312,0,32000,7178,0.224312,131072,6803,0.051903,0,0,5
362,host-23,5,0,14,5,0,0,0.237813,0,32000,7610,0.237813,131072,6906,0.052689,0,0,5
362,host-24,5,2,14,5,2,0,0.215156,0,32000,6885,0.215156,131072,6938,0.052933,1,1,3
362,host-3,5,1,14,5,1,0,0.229156,0,32000,7333,0.229156,131072,8325,0.063515,0,1,4
362,host-4,4,0,14,4,0,0,0.202937,0,32000,6494,0.202937,131072,6272,0.047852,0,0,4
362,host-5,5,0,14,5,0,0,0.249938,0,32000,7998,0.249938,131072,8028,0.061249,0,0,5
362,host-6,6,0,14,6,0,0,0.264031,0,32000,8449,0.264031,131072,7956,0.060699,0,0,6
362,host-7,4,0,14,4,0,0,0.204031,0,32000,6529,0.204031,131072,7354,0.056107,0,0,4
362,host-8,3,0,14,3,0,0,0.182312,0,32000,5834,0.182312,131072,6876,0.052460,0,0,3
362,host-9,5,0,14,5,0,0,0.252219,0,32000,8071,0.252219,131072,6188,0.047211,0,0,5
363,host-1,5,0,14,5,0,0,0.210063,0,32000,6722,0.210063,131072,5887,0.044914,0,0,5
363,host-10,5,1,14,5,1,0,0.248750,0,32000,7960,0.248750,131072,7419,0.056602,0,1,4
363,host-11,5,0,14,5,0,0,0.220688,0,32000,7062,0.220688,131072,7570,0.057755,0,0,5
363,host-12,5,1,14,5,1,0,0.260688,0,32000,8342,0.260688,131072,7729,0.058968,1,0,4
363,host-13,5,0,14,5,0,0,0.255531,0,32000,8177,0.255531,131072,9661,0.073708,0,0,5
363,host-14,5,0,14,5,0,0,0.222969,0,32000,7135,0.222969,131072,5800,0.044250,0,0,5
363,host-15,4,0,14,4,0,0,0.217938,0,32000,6974,0.217938,131072,6161,0.047005,0,0,4
363,host-16,4,0,14,4,0,0,0.215188,0,32000,6886,0.215188,131072,7527,0.057426,0,0,4
363,host-17,5,0,14,5,0,0,0.233281,0,32000,7465,0.233281,131072,8473,0.064644,0,0,5
363,host-18,5,0,14,5,0,0,0.233656,0,32000,7477,0.233656,131072,6304,0.048096,0,0,5
363,host-19,5,2,14,5,2,0,0.213219,0,32000,6823,0.213219,131072,6589,0.050270,1,1,3
363,host-2,5,0,14,5,0,0,0.214062,0,32000,6850,0.214062,131072,7416,0.056580,0,0,5
363,host-20,5,2,14,5,2,0,0.275094,0,32000,8803,0.275094,131072,9341,0.071266,2,0,3
363,host-21,5,0,14,5,0,0,0.235750,0,32000,7544,0.235750,131072,8639,0.065910,0,0,5
363,host-22,5,0,14,5,0,0,0.224312,0,32000,7178,0.224312,131072,6803,0.051903,0,0,5
363,host-23,5,1,14,5,1,0,0.233531,0,32000,7473,0.233531,131072,7186,0.054825,1,0,4
363,host-24,5,0,14,5,0,0,0.215156,0,32000,6885,0.215156,131072,6938,0.052933,0,0,5
363,host-3,5,0,14,5,0,0,0.229156,0,32000,7333,0.229156,131072,8325,0.063515,0,0,5
363,host-4,4,1,14,4,1,0,0.202937,0,32000,6494,0.202937,131072,6272,0.047852,0,1,3
363,host-5,5,0,14,5,0,0,0.249938,0,32000,7998,0.249938,131072,8028,0.061249,0,0,5
363,host-6,6,1,14,6,1,0,0.264031,0,32000,8449,0.264031,131072,7956,0.060699,0,1,5
363,host-7,4,0,14,4,0,0,0.204031,0,32000,6529,0.204031,131072,7354,0.056107,0,0,4
363,host-8,4,1,14,4,1,0,0.209187,0,32000,6694,0.209187,131072,7407,0.056511,1,0,3
363,host-9,5,0,14,5,0,0,0.252219,0,32000,8071,0.252219,131072,6188,0.047211,0,0,5
364,host-1,5,0,14,5,0,0,0.210063,0,32000,6722,0.210063,131072,5887,0.044914,0,0,5
364,host-10,5,0,14,5,0,0,0.248750,0,32000,7960,0.248750,131072,7419,0.056602,0,0,5
364,host-11,5,0,14,5,0,0,0.220688,0,32000,7062,0.220688,131072,7570,0.057755,0,0,5
364,host-12,5,1,14,5,1,0,0.260688,0,32000,8342,0.260688,131072,7729,0.058968,0,1,4
364,host-13,5,0,14,5,0,0,0.255531,0,32000,8177,0.255531,131072,9661,0.073708,0,0,5
364,host-14,5,0,14,5,0,0,0.222969,0,32000,7135,0.222969,131072,5800,0.044250,0,0,5
364,host-15,4,0,14,4,0,0,0.217938,0,32000,6974,0.217938,131072,6161,0.047005,0,0,4
364,host-16,4,0,14,4,0,0,0.215188,0,32000,6886,0.215188,131072,7527,0.057426,0,0,4
364,host-17,4,0,14,4,0,0,0.199469,0,32000,6383,0.199469,131072,7173,0.054726,0,0,4
364,host-18,5,0,14,5,0,0,0.233656,0,32000,7477,0.233656,131072,6304,0.048096,0,0,5
364,host-19,5,0,14,5,0,0,0.213219,0,32000,6823,0.213219,131072,6589,0.050270,0,0,5
364,host-2,5,0,14,5,0,0,0.214062,0,32000,6850,0.214062,131072,7416,0.056580,0,0,5
364,host-20,5,2,14,5,2,0,0.275094,0,32000,8803,0.275094,131072,9341,0.071266,1,1,3
364,host-21,5,0,14,5,0,0,0.235750,0,32000,7544,0.235750,131072,8639,0.065910,0,0,5
364,host-22,4,0,14,4,0,0,0.188562,0,32000,6034,0.188562,131072,5495,0.041924,0,0,4
364,host-23,5,1,14,5,1,0,0.233531,0,32000,7473,0.233531,131072,7186,0.054825,1,0,4
364,host-24,5,0,14,5,0,0,0.215156,0,32000,6885,0.215156,131072,6938,0.052933,0,0,5
364,host-3,5,0,14,5,0,0,0.229156,0,32000,7333,0.229156,131072,8325,0.063515,0,0,5
364,host-4,5,1,14,5,1,0,0.253219,0,32000,8103,0.253219,131072,7801,0.059517,1,0,4
364,host-5,5,0,14,5,0,0,0.249938,0,32000,7998,0.249938,131072,8028,0.061249,0,0,5
364,host-6,5,0,14,5,0,0,0.239656,0,32000,7669,0.239656,131072,7326,0.055893,0,0,5
364,host-7,4,0,14,4,0,0,0.204031,0,32000,6529,0.204031,131072,7354,0.056107,0,0,4
364,host-8,4,0,14,4,0,0,0.209187,0,32000,6694,0.209187,131072,7407,0.056511,0,0,4
364,host-9,5,0,14,5,0,0,0.252219,0,32000,8071,0.252219,131072,6188,0.047211,0,0,5
365,host-1,5,0,14,5,0,0,0.210063,0,32000,6722,0.210063,131072,5887,0.044914,0,0,5
365,host-10,5,0,14,5,0,0,0.248750,0,32000,7960,0.248750,131072,7419,0.056602,0,0,5
365,host-11,5,0,14,5,0,0,0.220688,0,32000,7062,0.220688,131072,7570,0.057755,0,0,5
365,host-12,5,0,14,5,0,0,0.260688,0,32000,8342,0.260688,131072,7729,0.058968,0,0,5
365,host-13,5,0,14,5,0,0,0.255531,0,32000,8177,0.255531,131072,9661,0.073708,0,0,5
365,host-14,5,0,14,5,0,0,0.222969,0,32000,7135,0.222969,131072,5800,0.044250,0,0,5
365,host-15,4,0,14,4,0,0,0.217938,0,32000,6974,0.217938,131072,6161,0.047005,0,0,4
365,host-16,4,0,14,4,0,0,0.215188,0,32000,6886,0.215188,131072,7527,0.057426,0,0,4
365,host-17,5,1,14,5,1,0,0.233281,0,32000,7465,0.233281,131072,8473,0.064644,1,0,4
365,host-18,5,0,14,5,0,0,0.233656,0,32000,7477,0.233656,131072,6304,0.048096,0,0,5
365,host-19,5,0,14,5,0,0,0.213219,0,32000,6823,0.213219,131072,6589,0.050270,0,0,5
365,host-2,5,0,14,5,0,0,0.214062,0,32000,6850,0.214062,131072,7416,0.056580,0,0,5
365,host-20,5,0,14,5,0,0,0.275094,0,32000,8803,0.275094,131072,9341,0.071266,0,0,5
365,host-21,5,0,14,5,0,0,0.235750,0,32000,7544,0.235750,131072,8639,0.065910,0,0,5
365,host-22,5,1,14,5,1,0,0.217312,0,32000,6954,0.217312,131072,6692,0.051056,1,0,4
365,host-23,5,0,14,5,0,0,0.233531,0,32000,7473,0.233531,131072,7186,0.054825,0,0,5
365,host-24,5,0,14,5,0,0,0.215156,0,32000,6885,0.215156,131072,6938,0.052933,0,0,5
365,host-3,4,0,14,4,0,0,0.174656,0,32000,5589,0.174656,131072,6678,0.050949,0,0,4
365,host-4,5,1,14,5,1,0,0.253219,0,32000,8103,0.253219,131072,7801,0.059517,1,0,4
365,host-5,5,0,14,5,0,0,0.249938,0,32000,7998,0.249938,131072,8028,0.061249,0,0,5
365,host-6,5,0,14,5,0,0,0.239656,0,32000,7669,0.239656,131072,7326,0.055893,0,0,5
365,host-7,4,1,14,4,1,0,0.204031,0,32000,6529,0.204031,131072,7354,0.056107,0,1,3
365,host-8,4,0,14,4,0,0,0.209187,0,32000,6694,0.209187,131072,7407,0.056511,0,0,4
365,host-9,5,0,14,5,0,0,0.252219,0,32000,8071,0.252219,131072,6188,0.047211,0,0,5
366,host-1,6,2,14,6,2,0,0.241531,0,32000,7729,0.241531,131072,6595,0.050316,1,1,4
366,host-10,5,0,14,5,0,0,0.248750,0,32000,7960,0.248750,131072,7419,0.056602,0,0,5
366,host-11,5,0,14,5,0,0,0.220688,0,32000,7062,0.220688,131072,7570,0.057755,0,0,5
366,host-12,5,1,14,5,1,0,0.259625,0,32000,8308,0.259625,131072,7407,0.056511,1,0,4
366,host-13,5,0,14,5,0,0,0.255531,0,32000,8177,0.255531,131072,9661,0.073708,0,0,5
366,host-14,5,0,14,5,0,0,0.222969,0,32000,7135,0.222969,131072,5800,0.044250,0,0,5
366,host-15,4,0,14,4,0,0,0.217938,0,32000,6974,0.217938,131072,6161,0.047005,0,0,4
366,host-16,5,2,14,5,2,0,0.247125,0,32000,7908,0.247125,131072,8108,0.061859,1,1,3
366,host-17,5,1,14,5,1,0,0.233281,0,32000,7465,0.233281,131072,8473,0.064644,0,1,4
366,host-18,5,0,14,5,0,0,0.233656,0,32000,7477,0.233656,131072,6304,0.048096,0,0,5
366,host-19,6,1,14,6,1,0,0.247562,0,32000,7922,0.247562,131072,7482,0.057083,1,0,5
366,host-2,6,1,14,6,1,0,0.250563,0,32000,8018,0.250563,131072,7766,0.059250,1,0,5
366,host-20,5,0,14,5,0,0,0.275094,0,32000,8803,0.275094,131072,9341,0.071266,0,0,5
366,host-21,5,0,14,5,0,0,0.235750,0,32000,7544,0.235750,131072,8639,0.065910,0,0,5
366,host-22,5,0,14,5,0,0,0.217312,0,32000,6954,0.217312,131072,6692,0.051056,0,0,5
366,host-23,5,0,14,5,0,0,0.233531,0,32000,7473,0.233531,131072,7186,0.054825,0,0,5
366,host-24,6,1,14,6,1,0,0.279219,0,32000,8935,0.279219,131072,9624,0.073425,1,0,5
366,host-3,5,1,14,5,1,0,0.234250,0,32000,7496,0.234250,131072,9002,0.068680,1,0,4
366,host-4,5,0,14,5,0,0,0.253219,0,32000,8103,0.253219,131072,7801,0.059517,0,0,5
366,host-5,5,0,14,5,0,0,0.249938,0,32000,7998,0.249938,131072,8028,0.061249,0,0,5
366,host-6,5,0,14,5,0,0,0.239656,0,32000,7669,0.239656,131072,7326,0.055893,0,0,5
366,host-7,5,2,14,5,2,0,0.241219,0,32000,7719,0.241219,131072,7725,0.058937,1,1,3
366,host-8,5,2,14,5,2,0,0.264219,0,32000,8455,0.264219,131072,8674,0.066177,1,1,3
366,host-9,5,0,14,5,0,0,0.252219,0,32000,8071,0.252219,131072,6188,0.047211,0,0,5
367,host-1,6,0,14,6,0,0,0.241531,0,32000,7729,0.241531,131072,6595,0.050316,0,0,6
367,host-10,4,0,14,4,0,0,0.223500,0,32000,7152,0.223500,131072,6945,0.052986,0,0,4
367,host-11,4,0,14,4,0,0,0.175094,0,32000,5603,0.175094,131072,6699,0.051109,0,0,4
367,host-12,5,1,14,5,1,0,0.259625,0,32000,8308,0.259625,131072,7407,0.056511,1,0,4
367,host-13,5,0,14,5,0,0,0.255531,0,32000,8177,0.255531,131072,9661,0.073708,0,0,5
367,host-14,5,0,14,5,0,0,0.222969,0,32000,7135,0.222969,131072,5800,0.044250,0,0,5
367,host-15,5,1,14,5,1,0,0.266469,0,32000,8527,0.266469,131072,7888,0.060181,1,0,4
367,host-16,5,1,14,5,1,0,0.247125,0,32000,7908,0.247125,131072,8108,0.061859,1,0,4
367,host-17,5,0,14,5,0,0,0.233281,0,32000,7465,0.233281,131072,8473,0.064644,0,0,5
367,host-18,5,0,14,5,0,0,0.233656,0,32000,7477,0.233656,131072,6304,0.048096,0,0,5
367,host-19,6,0,14,6,0,0,0.247562,0,32000,7922,0.247562,131072,7482,0.057083,0,0,6
367,host-2,6,0,14,6,0,0,0.250563,0,32000,8018,0.250563,131072,7766,0.059250,0,0,6
367,host-20,5,0,14,5,0,0,0.275094,0,32000,8803,0.275094,131072,9341,0.071266,0,0,5
367,host-21,5,0,14,5,0,0,0.235750,0,32000,7544,0.235750,131072,8639,0.065910,0,0,5
367,host-22,6,1,14,6,1,0,0.281375,0,32000,9004,0.281375,131072,9378,0.071548,0,1,5
367,host-23,4,0,14,4,0,0,0.163000,0,32000,5216,0.163000,131072,4773,0.036415,0,0,4
367,host-24,6,0,14,6,0,0,0.279219,0,32000,8935,0.279219,131072,9624,0.073425,0,0,6
367,host-3,4,1,14,4,1,0,0.205687,0,32000,6582,0.205687,131072,7984,0.060913,0,1,3
367,host-4,5,0,14,5,0,0,0.253219,0,32000,8103,0.253219,131072,7801,0.059517,0,0,5
367,host-5,5,1,14,5,1,0,0.249938,0,32000,7998,0.249938,131072,8028,0.061249,0,1,4
367,host-6,5,0,14,5,0,0,0.239656,0,32000,7669,0.239656,131072,7326,0.055893,0,0,5
367,host-7,5,0,14,5,0,0,0.241219,0,32000,7719,0.241219,131072,7725,0.058937,0,0,5
367,host-8,5,1,14,5,1,0,0.264219,0,32000,8455,0.264219,131072,8674,0.066177,0,1,4
367,host-9,5,1,14,5,1,0,0.252219,0,32000,8071,0.252219,131072,6188,0.047211,0,1,4
368,host-1,6,0,14,6,0,0,0.241531,0,32000,7729,0.241531,131072,6595,0.050316,0,0,6
368,host-10,4,1,14,4,1,0,0.223500,0,32000,7152,0.223500,131072,6945,0.052986,0,1,3
368,host-11,4,0,14,4,0,0,0.175094,0,32000,5603,0.175094,131072,6699,0.051109,0,0,4
368,host-12,5,1,14,5,1,0,0.259625,0,32000,8308,0.259625,131072,7407,0.056511,0,1,4
368,host-13,5,0,14,5,0,0,0.255531,0,32000,8177,0.255531,131072,9661,0.073708,0,0,5
368,host-14,5,0,14,5,0,0,0.222969,0,32000,7135,0.222969,131072,5800,0.044250,0,0,5
368,host-15,5,1,14,5,1,0,0.266469,0,32000,8527,0.266469,131072,7888,0.060181,0,1,4
368,host-16,5,0,14,5,0,0,0.247125,0,32000,7908,0.247125,131072,8108,0.061859,0,0,5
368,host-17,5,0,14,5,0,0,0.233281,0,32000,7465,0.233281,131072,8473,0.064644,0,0,5
368,host-18,5,0,14,5,0,0,0.233656,0,32000,7477,0.233656,131072,6304,0.048096,0,0,5
368,host-19,6,0,14,6,0,0,0.247562,0,32000,7922,0.247562,131072,7482,0.057083,0,0,6
368,host-2,5,0,14,5,0,0,0.205969,0,32000,6591,0.205969,131072,6541,0.049904,0,0,5
368,host-20,5,0,14,5,0,0,0.275094,0,32000,8803,0.275094,131072,9341,0.071266,0,0,5
368,host-21,5,0,14,5,0,0,0.235750,0,32000,7544,0.235750,131072,8639,0.065910,0,0,5
368,host-22,6,0,14,6,0,0,0.281375,0,32000,9004,0.281375,131072,9378,0.071548,0,0,6
368,host-23,5,1,14,5,1,0,0.200625,0,32000,6420,0.200625,131072,6168,0.047058,1,0,4
368,host-24,6,0,14,6,0,0,0.279219,0,32000,8935,0.279219,131072,9624,0.073425,0,0,6
368,host-3,4,0,14,4,0,0,0.205687,0,32000,6582,0.205687,131072,7984,0.060913,0,0,4
368,host-4,5,0,14,5,0,0,0.253219,0,32000,8103,0.253219,131072,7801,0.059517,0,0,5
368,host-5,5,0,14,5,0,0,0.249938,0,32000,7998,0.249938,131072,8028,0.061249,0,0,5
368,host-6,5,0,14,5,0,0,0.239656,0,32000,7669,0.239656,131072,7326,0.055893,0,0,5
368,host-7,5,0,14,5,0,0,0.241219,0,32000,7719,0.241219,131072,7725,0.058937,0,0,5
368,host-8,5,0,14,5,0,0,0.264219,0,32000,8455,0.264219,131072,8674,0.066177,0,0,5
368,host-9,5,0,14,5,0,0,0.252219,0,32000,8071,0.252219,131072,6188,0.047211,0,0,5
369,host-1,6,0,14,6,0,0,0.241531,0,32000,7729,0.241531,131072,6595,0.050316,0,0,6
369,host-10,4,0,14,4,0,0,0.223500,0,32000,7152,0.223500,131072,6945,0.052986,0,0,4
369,host-11,5,1,14,5,1,0,0.236625,0,32000,7572,0.236625,131072,8956,0.068329,1,0,4
369,host-12,5,0,14,5,0,0,0.259625,0,32000,8308,0.259625,131072,7407,0.056511,0,0,5
369,host-13,5,0,14,5,0,0,0.255531,0,32000,8177,0.255531,131072,9661,0.073708,0,0,5
369,host-14,5,0,14,5,0,0,0.222969,0,32000,7135,0.222969,131072,5800,0.044250,0,0,5
369,host-15,4,0,14,4,0,0,0.185281,0,32000,5929,0.185281,131072,5415,0.041313,0,0,4
369,host-16,5,0,14,5,0,0,0.247125,0,32000,7908,0.247125,131072,8108,0.061859,0,0,5
369,host-17,5,0,14,5,0,0,0.233281,0,32000,7465,0.233281,131072,8473,0.064644,0,0,5
369,host-18,5,0,14,5,0,0,0.233656,0,32000,7477,0.233656,131072,6304,0.048096,0,0,5
369,host-19,6,0,14,6,0,0,0.247562,0,32000,7922,0.247562,131072,7482,0.057083,0,0,6
369,host-2,5,2,14,5,2,0,0.214188,0,32000,6854,0.214188,131072,7489,0.057137,1,1,3
369,host-20,5,0,14,5,0,0,0.275094,0,32000,8803,0.275094,131072,9341,0.071266,0,0,5
369,host-21,5,0,14,5,0,0,0.235750,0,32000,7544,0.235750,131072,8639,0.065910,0,0,5
369,host-22,6,0,14,6,0,0,0.281375,0,32000,9004,0.281375,131072,9378,0.071548,0,0,6
369,host-23,5,1,14,5,1,0,0.200625,0,32000,6420,0.200625,131072,6168,0.047058,0,1,4
369,host-24,6,0,14,6,0,0,0.279219,0,32000,8935,0.279219,131072,9624,0.073425,0,0,6
369,host-3,4,0,14,4,0,0,0.205687,0,32000,6582,0.205687,131072,7984,0.060913,0,0,4
369,host-4,5,0,14,5,0,0,0.253219,0,32000,8103,0.253219,131072,7801,0.059517,0,0,5
369,host-5,5,0,14,5,0,0,0.249938,0,32000,7998,0.249938,131072,8028,0.061249,0,0,5
369,host-6,5,0,14,5,0,0,0.239656,0,32000,7669,0.239656,131072,7326,0.055893,0,0,5
369,host-7,5,0,14,5,0,0,0.241219,0,32000,7719,0.241219,131072,7725,0.058937,0,0,5
369,host-8,5,1,14,5,1,0,0.264219,0,32000,8455,0.264219,131072,8674,0.066177,0,1,4
369,host-9,5,0,14,5,0,0,0.252219,0,32000,8071,0.252219,131072,6188,0.047211,0,0,5
370,host-1,6,0,14,6,0,0,0.241531,0,32000,7729,0.241531,131072,6595,0.050316,0,0,6
370,host-10,4,0,14,4,0,0,0.223500,0,32000,7152,0.223500,131072,6945,0.052986,0,0,4
370,host-11,4,0,14,4,0,0,0.172437,0,32000,5518,0.172437,131072,6363,0.048546,0,0,4
370,host-12,5,0,14,5,0,0,0.259625,0,32000,8308,0.259625,131072,7407,0.056511,0,0,5
370,host-13,5,0,14,5,0,0,0.255531,0,32000,8177,0.255531,131072,9661,0.073708,0,0,5
370,host-14,5,0,14,5,0,0,0.222969,0,32000,7135,0.222969,131072,5800,0.044250,0,0,5
370,host-15,5,1,14,5,1,0,0.247438,0,32000,7918,0.247438,131072,6882,0.052505,1,0,4
370,host-16,5,0,14,5,0,0,0.247125,0,32000,7908,0.247125,131072,8108,0.061859,0,0,5
370,host-17,5,0,14,5,0,0,0.233281,0,32000,7465,0.233281,131072,8473,0.064644,0,0,5
370,host-18,5,0,14,5,0,0,0.233656,0,32000,7477,0.233656,131072,6304,0.048096,0,0,5
370,host-19,6,0,14,6,0,0,0.247562,0,32000,7922,0.247562,131072,7482,0.057083,0,0,6
370,host-2,5,0,14,5,0,0,0.214188,0,32000,6854,0.214188,131072,7489,0.057137,0,0,5
370,host-20,5,0,14,5,0,0,0.275094,0,32000,8803,0.275094,131072,9341,0.071266,0,0,5
370,host-21,5,0,14,5,0,0,0.235750,0,32000,7544,0.235750,131072,8639,0.065910,0,0,5
370,host-22,6,0,14,6,0,0,0.281375,0,32000,9004,0.281375,131072,9378,0.071548,0,0,6
370,host-23,6,1,14,6,1,0,0.249094,0,32000,7971,0.249094,131072,8399,0.064079,1,0,5
370,host-24,6,0,14,6,0,0,0.279219,0,32000,8935,0.279219,131072,9624,0.073425,0,0,6
370,host-3,4,0,14,4,0,0,0.205687,0,32000,6582,0.205687,131072,7984,0.060913,0,0,4
370,host-4,5,1,14,5,1,0,0.253219,0,32000,8103,0.253219,131072,7801,0.059517,0,1,4
370,host-5,5,0,14,5,0,0,0.249938,0,32000,7998,0.249938,131072,8028,0.061249,0,0,5
370,host-6,4,0,14,4,0,0,0.195000,0,32000,6240,0.195000,131072,6256,0.047729,0,0,4
370,host-7,5,1,14,5,1,0,0.241219,0,32000,7719,0.241219,131072,7725,0.058937,0,1,4
370,host-8,5,0,14,5,0,0,0.264219,0,32000,8455,0.264219,131072,8674,0.066177,0,0,5
370,host-9,5,1,14,5,1,0,0.252219,0,32000,8071,0.252219,131072,6188,0.047211,0,1,4
371,host-1,6,1,14,6,1,0,0.241531,0,32000,7729,0.241531,131072,6595,0.050316,0,1,5
371,host-10,4,0,14,4,0,0,0.223500,0,32000,7152,0.223500,131072,6945,0.052986,0,0,4
371,host-11,5,1,14,5,1,0,0.225312,0,32000,7210,0.225312,131072,8385,0.063972,1,0,4
371,host-12,4,0,14,4,0,0,0.202125,0,32000,6468,0.202125,131072,6165,0.047035,0,0,4
371,host-13,5,2,14,5,2,0,0.255531,0,32000,8177,0.255531,131072,9661,0.073708,0,2,3
371,host-14,5,0,14,5,0,0,0.222969,0,32000,7135,0.222969,131072,5800,0.044250,0,0,5
371,host-15,5,0,14,5,0,0,0.247438,0,32000,7918,0.247438,131072,6882,0.052505,0,0,5
371,host-16,5,0,14,5,0,0,0.247125,0,32000,7908,0.247125,131072,8108,0.061859,0,0,5
371,host-17,5,0,14,5,0,0,0.233281,0,32000,7465,0.233281,131072,8473,0.064644,0,0,5
371,host-18,5,0,14,5,0,0,0.233656,0,32000,7477,0.233656,131072,6304,0.048096,0,0,5
371,host-19,6,0,14,6,0,0,0.247562,0,32000,7922,0.247562,131072,7482,0.057083,0,0,6
371,host-2,5,0,14,5,0,0,0.214188,0,32000,6854,0.214188,131072,7489,0.057137,0,0,5
371,host-20,5,0,14,5,0,0,0.275094,0,32000,8803,0.275094,131072,9341,0.071266,0,0,5
371,host-21,5,0,14,5,0,0,0.235750,0,32000,7544,0.235750,131072,8639,0.065910,0,0,5
371,host-22,6,0,14,6,0,0,0.281375,0,32000,9004,0.281375,131072,9378,0.071548,0,0,6
371,host-23,6,0,14,6,0,0,0.249094,0,32000,7971,0.249094,131072,8399,0.064079,0,0,6
371,host-24,6,0,14,6,0,0,0.279219,0,32000,8935,0.279219,131072,9624,0.073425,0,0,6
371,host-3,4,0,14,4,0,0,0.205687,0,32000,6582,0.205687,131072,7984,0.060913,0,0,4
371,host-4,5,0,14,5,0,0,0.253219,0,32000,8103,0.253219,131072,7801,0.059517,0,0,5
371,host-5,5,0,14,5,0,0,0.249938,0,32000,7998,0.249938,131072,8028,0.061249,0,0,5
371,host-6,3,0,14,3,0,0,0.129906,0,32000,4157,0.129906,131072,3502,0.026718,0,0,3
371,host-7,5,0,14,5,0,0,0.241219,0,32000,7719,0.241219,131072,7725,0.058937,0,0,5
371,host-8,5,0,14,5,0,0,0.264219,0,32000,8455,0.264219,131072,8674,0.066177,0,0,5
371,host-9,5,0,14,5,0,0,0.252219,0,32000,8071,0.252219,131072,6188,0.047211,0,0,5
372,host-1,6,0,14,6,0,0,0.241531,0,32000,7729,0.241531,131072,6595,0.050316,0,0,6
372,host-10,5,2,14,5,2,0,0.278062,0,32000,8898,0.278062,131072,10219,0.077965,2,0,3
372,host-11,6,2,14,6,2,0,0.283125,0,32000,9060,0.283125,131072,10258,0.078262,2,0,4
372,host-12,5,1,14,5,1,0,0.239906,0,32000,7677,0.239906,131072,7118,0.054306,1,0,4
372,host-13,5,0,14,5,0,0,0.255531,0,32000,8177,0.255531,131072,9661,0.073708,0,0,5
372,host-14,5,1,14,5,1,0,0.248156,0,32000,7941,0.248156,131072,7498,0.057205,1,0,4
372,host-15,5,0,14,5,0,0,0.247438,0,32000,7918,0.247438,131072,6882,0.052505,0,0,5
372,host-16,5,1,14,5,1,0,0.254875,0,32000,8156,0.254875,131072,7365,0.056190,1,0,4
372,host-17,6,1,14,6,1,0,0.310063,0,32000,9922,0.310063,131072,11259,0.085899,1,0,5
372,host-18,6,2,14,6,2,0,0.260375,0,32000,8332,0.260375,131072,7889,0.060188,2,0,4
372,host-19,6,0,14,6,0,0,0.247562,0,32000,7922,0.247562,131072,7482,0.057083,0,0,6
372,host-2,6,2,14,6,2,0,0.284406,0,32000,9101,0.284406,131072,9523,0.072655,1,1,4
372,host-20,5,1,14,5,1,0,0.266719,0,32000,8535,0.266719,131072,9410,0.071793,1,0,4
372,host-21,5,0,14,5,0,0,0.235750,0,32000,7544,0.235750,131072,8639,0.065910,0,0,5
372,host-22,6,0,14,6,0,0,0.281375,0,32000,9004,0.281375,131072,9378,0.071548,0,0,6
372,host-23,6,0,14,6,0,0,0.249094,0,32000,7971,0.249094,131072,8399,0.064079,0,0,6
372,host-24,6,0,14,6,0,0,0.279219,0,32000,8935,0.279219,131072,9624,0.073425,0,0,6
372,host-3,5,1,14,5,1,0,0.254969,0,32000,8159,0.254969,131072,9911,0.075615,1,0,4
372,host-4,5,1,14,5,1,0,0.259594,0,32000,8307,0.259594,131072,7948,0.060638,1,0,4
372,host-5,5,0,14,5,0,0,0.249938,0,32000,7998,0.249938,131072,8028,0.061249,0,0,5
372,host-6,6,3,14,6,3,0,0.294187,0,32000,9414,0.294187,131072,8067,0.061546,1,2,3
372,host-7,5,0,14,5,0,0,0.241219,0,32000,7719,0.241219,131072,7725,0.058937,0,0,5
372,host-8,5,0,14,5,0,0,0.264219,0,32000,8455,0.264219,131072,8674,0.066177,0,0,5
372,host-9,5,0,14,5,0,0,0.252219,0,32000,8071,0.252219,131072,6188,0.047211,0,0,5
373,host-1,7,1,14,7,1,0,0.307375,0,32000,9836,0.307375,131072,8458,0.064529,1,0,6
373,host-10,5,1,14,5,1,0,0.278062,0,32000,8898,0.278062,131072,10219,0.077965,1,0,4
373,host-11,6,1,14,6,1,0,0.283125,0,32000,9060,0.283125,131072,10258,0.078262,1,0,5
373,host-12,6,1,14,6,1,0,0.292875,0,32000,9372,0.292875,131072,9250,0.070572,1,0,5
373,host-13,4,0,14,4,0,0,0.219062,0,32000,7010,0.219062,131072,8296,0.063293,0,0,4
373,host-14,5,0,14,5,0,0,0.248156,0,32000,7941,0.248156,131072,7498,0.057205,0,0,5
373,host-15,5,0,14,5,0,0,0.247438,0,32000,7918,0.247438,131072,6882,0.052505,0,0,5
373,host-16,5,1,14,5,1,0,0.254875,0,32000,8156,0.254875,131072,7365,0.056190,1,0,4
373,host-17,5,1,14,5,1,0,0.253625,0,32000,8116,0.253625,131072,9135,0.069695,1,0,4
373,host-18,6,1,14,6,1,0,0.260375,0,32000,8332,0.260375,131072,7889,0.060188,1,0,5
373,host-19,6,0,14,6,0,0,0.247562,0,32000,7922,0.247562,131072,7482,0.057083,0,0,6
373,host-2,6,1,14,6,1,0,0.284406,0,32000,9101,0.284406,131072,9523,0.072655,1,0,5
373,host-20,5,0,14,5,0,0,0.266719,0,32000,8535,0.266719,131072,9410,0.071793,0,0,5
373,host-21,5,1,14,5,1,0,0.241531,0,32000,7729,0.241531,131072,8079,0.061638,0,1,4
373,host-22,6,0,14,6,0,0,0.281375,0,32000,9004,0.281375,131072,9378,0.071548,0,0,6
373,host-23,6,0,14,6,0,0,0.249094,0,32000,7971,0.249094,131072,8399,0.064079,0,0,6
373,host-24,6,0,14,6,0,0,0.279219,0,32000,8935,0.279219,131072,9624,0.073425,0,0,6
373,host-3,5,1,14,5,1,0,0.254969,0,32000,8159,0.254969,131072,9911,0.075615,1,0,4
373,host-4,5,0,14,5,0,0,0.259594,0,32000,8307,0.259594,131072,7948,0.060638,0,0,5
373,host-5,5,0,14,5,0,0,0.249938,0,32000,7998,0.249938,131072,8028,0.061249,0,0,5
373,host-6,6,0,14,6,0,0,0.294187,0,32000,9414,0.294187,131072,8067,0.061546,0,0,6
373,host-7,6,1,14,6,1,0,0.298719,0,32000,9559,0.298719,131072,8967,0.068413,1,0,5
373,host-8,5,0,14,5,0,0,0.264219,0,32000,8455,0.264219,131072,8674,0.066177,0,0,5
373,host-9,5,0,14,5,0,0,0.252219,0,32000,8071,0.252219,131072,6188,0.047211,0,0,5
374,host-1,7,1,14,7,1,0,0.307375,0,32000,9836,0.307375,131072,8458,0.064529,0,1,6
374,host-10,5,0,14,5,0,0,0.278062,0,32000,8898,0.278062,131072,10219,0.077965,0,0,5
374,host-11,6,0,14,6,0,0,0.283125,0,32000,9060,0.283125,131072,10258,0.078262,0,0,6
374,host-12,6,0,14,6,0,0,0.292875,0,32000,9372,0.292875,131072,9250,0.070572,0,0,6
374,host-13,5,1,14,5,1,0,0.276562,0,32000,8850,0.276562,131072,10485,0.079994,1,0,4
374,host-14,5,0,14,5,0,0,0.248156,0,32000,7941,0.248156,131072,7498,0.057205,0,0,5
374,host-15,5,0,14,5,0,0,0.247438,0,32000,7918,0.247438,131072,6882,0.052505,0,0,5
374,host-16,5,0,14,5,0,0,0.254875,0,32000,8156,0.254875,131072,7365,0.056190,0,0,5
374,host-17,5,2,14,5,2,0,0.253625,0,32000,8116,0.253625,131072,9135,0.069695,0,2,3
374,host-18,6,0,14,6,0,0,0.260375,0,32000,8332,0.260375,131072,7889,0.060188,0,0,6
374,host-19,6,0,14,6,0,0,0.247562,0,32000,7922,0.247562,131072,7482,0.057083,0,0,6
374,host-2,6,0,14,6,0,0,0.284406,0,32000,9101,0.284406,131072,9523,0.072655,0,0,6
374,host-20,5,0,14,5,0,0,0.266719,0,32000,8535,0.266719,131072,9410,0.071793,0,0,5
374,host-21,6,1,14,6,1,0,0.312250,0,32000,9992,0.312250,131072,10659,0.081322,1,0,5
374,host-22,6,0,14,6,0,0,0.281375,0,32000,9004,0.281375,131072,9378,0.071548,0,0,6
374,host-23,6,0,14,6,0,0,0.249094,0,32000,7971,0.249094,131072,8399,0.064079,0,0,6
374,host-24,6,0,14,6,0,0,0.279219,0,32000,8935,0.279219,131072,9624,0.073425,0,0,6
374,host-3,5,0,14,5,0,0,0.254969,0,32000,8159,0.254969,131072,9911,0.075615,0,0,5
374,host-4,5,0,14,5,0,0,0.259594,0,32000,8307,0.259594,131072,7948,0.060638,0,0,5
374,host-5,5,0,14,5,0,0,0.249938,0,32000,7998,0.249938,131072,8028,0.061249,0,0,5
374,host-6,6,1,14,6,1,0,0.294187,0,32000,9414,0.294187,131072,8067,0.061546,0,1,5
374,host-7,6,1,14,6,1,0,0.298719,0,32000,9559,0.298719,131072,8967,0.068413,0,1,5
374,host-8,5,1,14,5,1,0,0.264219,0,32000,8455,0.264219,131072,8674,0.066177,0,1,4
374,host-9,5,0,14,5,0,0,0.252219,0,32000,8071,0.252219,131072,6188,0.047211,0,0,5
375,host-1,7,0,14,7,0,0,0.307375,0,32000,9836,0.307375,131072,8458,0.064529,0,0,7
375,host-10,5,0,14,5,0,0,0.278062,0,32000,8898,0.278062,131072,10219,0.077965,0,0,5
375,host-11,6,1,14,6,1,0,0.283125,0,32000,9060,0.283125,131072,10258,0.078262,0,1,5
375,host-12,6,0,14,6,0,0,0.292875,0,32000,9372,0.292875,131072,9250,0.070572,0,0,6
375,host-13,5,1,14,5,1,0,0.276562,0,32000,8850,0.276562,131072,10485,0.079994,0,1,4
375,host-14,5,0,14,5,0,0,0.248156,0,32000,7941,0.248156,131072,7498,0.057205,0,0,5
375,host-15,6,1,14,6,1,0,0.275219,0,32000,8807,0.275219,131072,7316,0.055817,1,0,5
375,host-16,5,0,14,5,0,0,0.254875,0,32000,8156,0.254875,131072,7365,0.056190,0,0,5
375,host-17,5,0,14,5,0,0,0.253625,0,32000,8116,0.253625,131072,9135,0.069695,0,0,5
375,host-18,6,0,14,6,0,0,0.260375,0,32000,8332,0.260375,131072,7889,0.060188,0,0,6
375,host-19,7,1,14,7,1,0,0.289250,0,32000,9256,0.289250,131072,8987,0.068565,1,0,6
375,host-2,6,0,14,6,0,0,0.284406,0,32000,9101,0.284406,131072,9523,0.072655,0,0,6
375,host-20,5,0,14,5,0,0,0.266719,0,32000,8535,0.266719,131072,9410,0.071793,0,0,5
375,host-21,6,0,14,6,0,0,0.312250,0,32000,9992,0.312250,131072,10659,0.081322,0,0,6
375,host-22,6,0,14,6,0,0,0.281375,0,32000,9004,0.281375,131072,9378,0.071548,0,0,6
375,host-23,6,1,14,6,1,0,0.249094,0,32000,7971,0.249094,131072,8399,0.064079,0,1,5
375,host-24,6,1,14,6,1,0,0.270219,0,32000,8647,0.270219,131072,9586,0.073135,1,0,5
375,host-3,5,0,14,5,0,0,0.254969,0,32000,8159,0.254969,131072,9911,0.075615,0,0,5
375,host-4,5,1,14,5,1,0,0.259594,0,32000,8307,0.259594,131072,7948,0.060638,0,1,4
375,host-5,5,0,14,5,0,0,0.249938,0,32000,7998,0.249938,131072,8028,0.061249,0,0,5
375,host-6,6,0,14,6,0,0,0.294187,0,32000,9414,0.294187,131072,8067,0.061546,0,0,6
375,host-7,6,1,14,6,1,0,0.298719,0,32000,9559,0.298719,131072,8967,0.068413,0,1,5
375,host-8,5,0,14,5,0,0,0.264219,0,32000,8455,0.264219,131072,8674,0.066177,0,0,5
375,host-9,5,0,14,5,0,0,0.252219,0,32000,8071,0.252219,131072,6188,0.047211,0,0,5
376,host-1,7,0,14,7,0,0,0.307375,0,32000,9836,0.307375,131072,8458,0.064529,0,0,7
376,host-10,5,0,14,5,0,0,0.278062,0,32000,8898,0.278062,131072,10219,0.077965,0,0,5
376,host-11,6,0,14,6,0,0,0.283125,0,32000,9060,0.283125,131072,10258,0.078262,0,0,6
376,host-12,6,0,14,6,0,0,0.292875,0,32000,9372,0.292875,131072,9250,0.070572,0,0,6
376,host-13,5,1,14,5,1,0,0.276562,0,32000,8850,0.276562,131072,10485,0.079994,0,1,4
376,host-14,4,1,14,4,1,0,0.206156,0,32000,6597,0.206156,131072,6582,0.050217,0,1,3
376,host-15,5,0,14,5,0,0,0.218812,0,32000,7002,0.218812,131072,5640,0.043030,0,0,5
376,host-16,5,0,14,5,0,0,0.254875,0,32000,8156,0.254875,131072,7365,0.056190,0,0,5
376,host-17,5,0,14,5,0,0,0.253625,0,32000,8116,0.253625,131072,9135,0.069695,0,0,5
376,host-18,4,1,14,4,1,0,0.171094,0,32000,5475,0.171094,131072,5345,0.040779,0,1,3
376,host-19,7,1,14,7,1,0,0.289250,0,32000,9256,0.289250,131072,8987,0.068565,1,0,6
376,host-2,6,0,14,6,0,0,0.284406,0,32000,9101,0.284406,131072,9523,0.072655,0,0,6
376,host-20,5,0,14,5,0,0,0.266719,0,32000,8535,0.266719,131072,9410,0.071793,0,0,5
376,host-21,6,0,14,6,0,0,0.312250,0,32000,9992,0.312250,131072,10659,0.081322,0,0,6
376,host-22,6,0,14,6,0,0,0.281375,0,32000,9004,0.281375,131072,9378,0.071548,0,0,6
376,host-23,6,0,14,6,0,0,0.249094,0,32000,7971,0.249094,131072,8399,0.064079,0,0,6
376,host-24,6,0,14,6,0,0,0.270219,0,32000,8647,0.270219,131072,9586,0.073135,0,0,6
376,host-3,5,0,14,5,0,0,0.254969,0,32000,8159,0.254969,131072,9911,0.075615,0,0,5
376,host-4,5,0,14,5,0,0,0.259594,0,32000,8307,0.259594,131072,7948,0.060638,0,0,5
376,host-5,5,0,14,5,0,0,0.249938,0,32000,7998,0.249938,131072,8028,0.061249,0,0,5
376,host-6,6,1,14,6,1,0,0.294187,0,32000,9414,0.294187,131072,8067,0.061546,0,1,5
376,host-7,6,0,14,6,0,0,0.298719,0,32000,9559,0.298719,131072,8967,0.068413,0,0,6
376,host-8,5,0,14,5,0,0,0.264219,0,32000,8455,0.264219,131072,8674,0.066177,0,0,5
376,host-9,5,0,14,5,0,0,0.252219,0,32000,8071,0.252219,131072,6188,0.047211,0,0,5
377,host-1,7,0,14,7,0,0,0.307375,0,32000,9836,0.307375,131072,8458,0.064529,0,0,7
377,host-10,5,0,14,5,0,0,0.278062,0,32000,8898,0.278062,131072,10219,0.077965,0,0,5
377,host-11,6,0,14,6,0,0,0.283125,0,32000,9060,0.283125,131072,10258,0.078262,0,0,6
377,host-12,6,0,14,6,0,0,0.292875,0,32000,9372,0.292875,131072,9250,0.070572,0,0,6
377,host-13,4,0,14,4,0,0,0.248312,0,32000,7946,0.248312,131072,9120,0.069580,0,0,4
377,host-14,4,0,14,4,0,0,0.206156,0,32000,6597,0.206156,131072,6582,0.050217,0,0,4
377,host-15,5,0,14,5,0,0,0.218812,0,32000,7002,0.218812,131072,5640,0.043030,0,0,5
377,host-16,5,0,14,5,0,0,0.254875,0,32000,8156,0.254875,131072,7365,0.056190,0,0,5
377,host-17,5,0,14,5,0,0,0.253625,0,32000,8116,0.253625,131072,9135,0.069695,0,0,5
377,host-18,5,1,14,5,1,0,0.213781,0,32000,6841,0.213781,131072,6926,0.052841,1,0,4
377,host-19,7,0,14,7,0,0,0.289250,0,32000,9256,0.289250,131072,8987,0.068565,0,0,7
377,host-2,6,0,14,6,0,0,0.284406,0,32000,9101,0.284406,131072,9523,0.072655,0,0,6
377,host-20,5,0,14,5,0,0,0.266719,0,32000,8535,0.266719,131072,9410,0.071793,0,0,5
377,host-21,6,0,14,6,0,0,0.312250,0,32000,9992,0.312250,131072,10659,0.081322,0,0,6
377,host-22,6,0,14,6,0,0,0.281375,0,32000,9004,0.281375,131072,9378,0.071548,0,0,6
377,host-23,6,0,14,6,0,0,0.249094,0,32000,7971,0.249094,131072,8399,0.064079,0,0,6
377,host-24,6,0,14,6,0,0,0.270219,0,32000,8647,0.270219,131072,9586,0.073135,0,0,6
377,host-3,5,0,14,5,0,0,0.254969,0,32000,8159,0.254969,131072,9911,0.075615,0,0,5
377,host-4,5,0,14,5,0,0,0.259594,0,32000,8307,0.259594,131072,7948,0.060638,0,0,5
377,host-5,5,0,14,5,0,0,0.249938,0,32000,7998,0.249938,131072,8028,0.061249,0,0,5
377,host-6,6,0,14,6,0,0,0.294187,0,32000,9414,0.294187,131072,8067,0.061546,0,0,6
377,host-7,6,0,14,6,0,0,0.298719,0,32000,9559,0.298719,131072,8967,0.068413,0,0,6
377,host-8,5,0,14,5,0,0,0.264219,0,32000,8455,0.264219,131072,8674,0.066177,0,0,5
377,host-9,4,0,14,4,0,0,0.207719,0,32000,6647,0.207719,131072,4979,0.037987,0,0,4
378,host-1,7,0,14,7,0,0,0.307375,0,32000,9836,0.307375,131072,8458,0.064529,0,0,7
378,host-10,5,0,14,5,0,0,0.278062,0,32000,8898,0.278062,131072,10219,0.077965,0,0,5
378,host-11,6,0,14,6,0,0,0.283125,0,32000,9060,0.283125,131072,10258,0.078262,0,0,6
378,host-12,6,0,14,6,0,0,0.292875,0,32000,9372,0.292875,131072,9250,0.070572,0,0,6
378,host-13,5,1,14,5,1,0,0.304719,0,32000,9751,0.304719,131072,10796,0.082367,1,0,4
378,host-14,5,1,14,5,1,0,0.259281,0,32000,8297,0.259281,131072,8087,0.061699,1,0,4
378,host-15,6,1,14,6,1,0,0.263313,0,32000,8426,0.263313,131072,6849,0.052254,1,0,5
378,host-16,5,0,14,5,0,0,0.254875,0,32000,8156,0.254875,131072,7365,0.056190,0,0,5
378,host-17,5,0,14,5,0,0,0.253625,0,32000,8116,0.253625,131072,9135,0.069695,0,0,5
378,host-18,6,1,14,6,1,0,0.255063,0,32000,8162,0.255063,131072,8547,0.065208,1,0,5
378,host-19,7,0,14,7,0,0,0.289250,0,32000,9256,0.289250,131072,8987,0.068565,0,0,7
378,host-2,6,0,14,6,0,0,0.284406,0,32000,9101,0.284406,131072,9523,0.072655,0,0,6
378,host-20,5,0,14,5,0,0,0.266719,0,32000,8535,0.266719,131072,9410,0.071793,0,0,5
378,host-21,6,0,14,6,0,0,0.312250,0,32000,9992,0.312250,131072,10659,0.081322,0,0,6
378,host-22,6,0,14,6,0,0,0.281375,0,32000,9004,0.281375,131072,9378,0.071548,0,0,6
378,host-23,6,0,14,6,0,0,0.249094,0,32000,7971,0.249094,131072,8399,0.064079,0,0,6
378,host-24,6,0,14,6,0,0,0.270219,0,32000,8647,0.270219,131072,9586,0.073135,0,0,6
378,host-3,5,0,14,5,0,0,0.254969,0,32000,8159,0.254969,131072,9911,0.075615,0,0,5
378,host-4,5,0,14,5,0,0,0.259594,0,32000,8307,0.259594,131072,7948,0.060638,0,0,5
378,host-5,5,0,14,5,0,0,0.249938,0,32000,7998,0.249938,131072,8028,0.061249,0,0,5
378,host-6,6,0,14,6,0,0,0.294187,0,32000,9414,0.294187,131072,8067,0.061546,0,0,6
378,host-7,6,0,14,6,0,0,0.298719,0,32000,9559,0.298719,131072,8967,0.068413,0,0,6
378,host-8,5,0,14,5,0,0,0.264219,0,32000,8455,0.264219,131072,8674,0.066177,0,0,5
378,host-9,5,1,14,5,1,0,0.250531,0,32000,8017,0.250531,131072,6176,0.047119,1,0,4
379,host-1,7,0,14,7,0,0,0.307375,0,32000,9836,0.307375,131072,8458,0.064529,0,0,7
379,host-10,5,0,14,5,0,0,0.278062,0,32000,8898,0.278062,131072,10219,0.077965,0,0,5
379,host-11,6,0,14,6,0,0,0.283125,0,32000,9060,0.283125,131072,10258,0.078262,0,0,6
379,host-12,5,0,14,5,0,0,0.234219,0,32000,7495,0.234219,131072,7686,0.058640,0,0,5
379,host-13,5,1,14,5,1,0,0.304719,0,32000,9751,0.304719,131072,10796,0.082367,1,0,4
379,host-14,5,1,14,5,1,0,0.259281,0,32000,8297,0.259281,131072,8087,0.061699,1,0,4
379,host-15,6,1,14,6,1,0,0.263313,0,32000,8426,0.263313,131072,6849,0.052254,1,0,5
379,host-16,5,0,14,5,0,0,0.254875,0,32000,8156,0.254875,131072,7365,0.056190,0,0,5
379,host-17,5,0,14,5,0,0,0.253625,0,32000,8116,0.253625,131072,9135,0.069695,0,0,5
379,host-18,6,1,14,6,1,0,0.255063,0,32000,8162,0.255063,131072,8547,0.065208,1,0,5
379,host-19,7,0,14,7,0,0,0.289250,0,32000,9256,0.289250,131072,8987,0.068565,0,0,7
379,host-2,6,0,14,6,0,0,0.284406,0,32000,9101,0.284406,131072,9523,0.072655,0,0,6
379,host-20,5,0,14,5,0,0,0.266719,0,32000,8535,0.266719,131072,9410,0.071793,0,0,5
379,host-21,6,0,14,6,0,0,0.312250,0,32000,9992,0.312250,131072,10659,0.081322,0,0,6
379,host-22,6,0,14,6,0,0,0.281375,0,32000,9004,0.281375,131072,9378,0.071548,0,0,6
379,host-23,6,0,14,6,0,0,0.249094,0,32000,7971,0.249094,131072,8399,0.064079,0,0,6
379,host-24,6,0,14,6,0,0,0.270219,0,32000,8647,0.270219,131072,9586,0.073135,0,0,6
379,host-3,5,0,14,5,0,0,0.254969,0,32000,8159,0.254969,131072,9911,0.075615,0,0,5
379,host-4,5,0,14,5,0,0,0.259594,0,32000,8307,0.259594,131072,7948,0.060638,0,0,5
379,host-5,5,0,14,5,0,0,0.249938,0,32000,7998,0.249938,131072,8028,0.061249,0,0,5
379,host-6,6,0,14,6,0,0,0.294187,0,32000,9414,0.294187,131072,8067,0.061546,0,0,6
379,host-7,6,0,14,6,0,0,0.298719,0,32000,9559,0.298719,131072,8967,0.068413,0,0,6
379,host-8,5,1,14,5,1,0,0.264219,0,32000,8455,0.264219,131072,8674,0.066177,0,1,4
379,host-9,5,1,14,5,1,0,0.250531,0,32000,8017,0.250531,131072,6176,0.047119,1,0,4
380,host-1,7,0,14,7,0,0,0.307375,0,32000,9836,0.307375,131072,8458,0.064529,0,0,7
380,host-10,5,0,14,5,0,0,0.278062,0,32000,8898,0.278062,131072,10219,0.077965,0,0,5
380,host-11,6,0,14,6,0,0,0.283125,0,32000,9060,0.283125,131072,10258,0.078262,0,0,6
380,host-12,6,1,14,6,1,0,0.262469,0,32000,8399,0.262469,131072,9051,0.069054,1,0,5
380,host-13,5,1,14,5,1,0,0.304719,0,32000,9751,0.304719,131072,10796,0.082367,0,1,4
380,host-14,5,0,14,5,0,0,0.259281,0,32000,8297,0.259281,131072,8087,0.061699,0,0,5
380,host-15,6,0,14,6,0,0,0.263313,0,32000,8426,0.263313,131072,6849,0.052254,0,0,6
380,host-16,5,0,14,5,0,0,0.254875,0,32000,8156,0.254875,131072,7365,0.056190,0,0,5
380,host-17,5,0,14,5,0,0,0.253625,0,32000,8116,0.253625,131072,9135,0.069695,0,0,5
380,host-18,6,1,14,6,1,0,0.255063,0,32000,8162,0.255063,131072,8547,0.065208,0,1,5
380,host-19,7,0,14,7,0,0,0.289250,0,32000,9256,0.289250,131072,8987,0.068565,0,0,7
380,host-2,6,0,14,6,0,0,0.284406,0,32000,9101,0.284406,131072,9523,0.072655,0,0,6
380,host-20,5,0,14,5,0,0,0.266719,0,32000,8535,0.266719,131072,9410,0.071793,0,0,5
380,host-21,6,0,14,6,0,0,0.312250,0,32000,9992,0.312250,131072,10659,0.081322,0,0,6
380,host-22,6,0,14,6,0,0,0.281375,0,32000,9004,0.281375,131072,9378,0.071548,0,0,6
380,host-23,7,1,14,7,1,0,0.293719,0,32000,9399,0.293719,131072,9447,0.072075,1,0,6
380,host-24,6,1,14,6,1,0,0.270219,0,32000,8647,0.270219,131072,9586,0.073135,0,1,5
380,host-3,5,0,14,5,0,0,0.254969,0,32000,8159,0.254969,131072,9911,0.075615,0,0,5
380,host-4,5,0,14,5,0,0,0.259594,0,32000,8307,0.259594,131072,7948,0.060638,0,0,5
380,host-5,5,0,14,5,0,0,0.249938,0,32000,7998,0.249938,131072,8028,0.061249,0,0,5
380,host-6,6,0,14,6,0,0,0.294187,0,32000,9414,0.294187,131072,8067,0.061546,0,0,6
380,host-7,6,0,14,6,0,0,0.298719,0,32000,9559,0.298719,131072,8967,0.068413,0,0,6
380,host-8,4,0,14,4,0,0,0.219688,0,32000,7030,0.219688,131072,6750,0.051498,0,0,4
380,host-9,5,0,14,5,0,0,0.250531,0,32000,8017,0.250531,131072,6176,0.047119,0,0,5
381,host-1,7,0,14,7,0,0,0.307375,0,32000,9836,0.307375,131072,8458,0.064529,0,0,7
381,host-10,5,0,14,5,0,0,0.278062,0,32000,8898,0.278062,131072,10219,0.077965,0,0,5
381,host-11,6,0,14,6,0,0,0.283125,0,32000,9060,0.283125,131072,10258,0.078262,0,0,6
381,host-12,6,0,14,6,0,0,0.262469,0,32000,8399,0.262469,131072,9051,0.069054,0,0,6
381,host-13,5,0,14,5,0,0,0.304719,0,32000,9751,0.304719,131072,10796,0.082367,0,0,5
381,host-14,5,1,14,5,1,0,0.259281,0,32000,8297,0.259281,131072,8087,0.061699,0,1,4
381,host-15,6,0,14,6,0,0,0.263313,0,32000,8426,0.263313,131072,6849,0.052254,0,0,6
381,host-16,5,0,14,5,0,0,0.254875,0,32000,8156,0.254875,131072,7365,0.056190,0,0,5
381,host-17,5,0,14,5,0,0,0.253625,0,32000,8116,0.253625,131072,9135,0.069695,0,0,5
381,host-18,6,0,14,6,0,0,0.255063,0,32000,8162,0.255063,131072,8547,0.065208,0,0,6
381,host-19,7,0,14,7,0,0,0.289250,0,32000,9256,0.289250,131072,8987,0.068565,0,0,7
381,host-2,6,0,14,6,0,0,0.284406,0,32000,9101,0.284406,131072,9523,0.072655,0,0,6
381,host-20,5,0,14,5,0,0,0.266719,0,32000,8535,0.266719,131072,9410,0.071793,0,0,5
381,host-21,6,0,14,6,0,0,0.312250,0,32000,9992,0.312250,131072,10659,0.081322,0,0,6
381,host-22,6,0,14,6,0,0,0.281375,0,32000,9004,0.281375,131072,9378,0.071548,0,0,6
381,host-23,7,0,14,7,0,0,0.293719,0,32000,9399,0.293719,131072,9447,0.072075,0,0,7
381,host-24,6,0,14,6,0,0,0.270219,0,32000,8647,0.270219,131072,9586,0.073135,0,0,6
381,host-3,5,1,14,5,1,0,0.254969,0,32000,8159,0.254969,131072,9911,0.075615,0,1,4
381,host-4,5,0,14,5,0,0,0.259594,0,32000,8307,0.259594,131072,7948,0.060638,0,0,5
381,host-5,5,1,14,5,1,0,0.290156,0,32000,9285,0.290156,131072,9101,0.069435,1,0,4
381,host-6,6,1,14,6,1,0,0.294187,0,32000,9414,0.294187,131072,8067,0.061546,0,1,5
381,host-7,6,1,14,6,1,0,0.298719,0,32000,9559,0.298719,131072,8967,0.068413,0,1,5
381,host-8,5,2,14,5,2,0,0.263875,0,32000,8444,0.263875,131072,8321,0.063484,0,2,3
381,host-9,5,1,14,5,1,0,0.250531,0,32000,8017,0.250531,131072,6176,0.047119,0,1,4
382,host-1,7,0,14,7,0,0,0.307375,0,32000,9836,0.307375,131072,8458,0.064529,0,0,7
382,host-10,5,0,14,5,0,0,0.278062,0,32000,8898,0.278062,131072,10219,0.077965,0,0,5
382,host-11,6,0,14,6,0,0,0.283125,0,32000,9060,0.283125,131072,10258,0.078262,0,0,6
382,host-12,6,0,14,6,0,0,0.262469,0,32000,8399,0.262469,131072,9051,0.069054,0,0,6
382,host-13,5,0,14,5,0,0,0.304719,0,32000,9751,0.304719,131072,10796,0.082367,0,0,5
382,host-14,5,0,14,5,0,0,0.259281,0,32000,8297,0.259281,131072,8087,0.061699,0,0,5
382,host-15,6,0,14,6,0,0,0.263313,0,32000,8426,0.263313,131072,6849,0.052254,0,0,6
382,host-16,5,0,14,5,0,0,0.254875,0,32000,8156,0.254875,131072,7365,0.056190,0,0,5
382,host-17,5,0,14,5,0,0,0.253625,0,32000,8116,0.253625,131072,9135,0.069695,0,0,5
382,host-18,6,2,14,6,2,0,0.255063,0,32000,8162,0.255063,131072,8547,0.065208,0,2,4
382,host-19,7,0,14,7,0,0,0.289250,0,32000,9256,0.289250,131072,8987,0.068565,0,0,7
382,host-2,6,0,14,6,0,0,0.284406,0,32000,9101,0.284406,131072,9523,0.072655,0,0,6
382,host-20,5,0,14,5,0,0,0.266719,0,32000,8535,0.266719,131072,9410,0.071793,0,0,5
382,host-21,6,0,14,6,0,0,0.312250,0,32000,9992,0.312250,131072,10659,0.081322,0,0,6
382,host-22,6,0,14,6,0,0,0.281375,0,32000,9004,0.281375,131072,9378,0.071548,0,0,6
382,host-23,6,0,14,6,0,0,0.255344,0,32000,8171,0.255344,131072,8295,0.063286,0,0,6
382,host-24,6,0,14,6,0,0,0.270219,0,32000,8647,0.270219,131072,9586,0.073135,0,0,6
382,host-3,5,0,14,5,0,0,0.254969,0,32000,8159,0.254969,131072,9911,0.075615,0,0,5
382,host-4,5,0,14,5,0,0,0.259594,0,32000,8307,0.259594,131072,7948,0.060638,0,0,5
382,host-5,5,1,14,5,1,0,0.290156,0,32000,9285,0.290156,131072,9101,0.069435,0,1,4
382,host-6,6,0,14,6,0,0,0.294187,0,32000,9414,0.294187,131072,8067,0.061546,0,0,6
382,host-7,6,0,14,6,0,0,0.298719,0,32000,9559,0.298719,131072,8967,0.068413,0,0,6
382,host-8,5,0,14,5,0,0,0.263875,0,32000,8444,0.263875,131072,8321,0.063484,0,0,5
382,host-9,6,1,14,6,1,0,0.274906,0,32000,8797,0.274906,131072,6806,0.051926,1,0,5
383,host-1,7,0,14,7,0,0,0.307375,0,32000,9836,0.307375,131072,8458,0.064529,0,0,7
383,host-10,5,0,14,5,0,0,0.278062,0,32000,8898,0.278062,131072,10219,0.077965,0,0,5
383,host-11,6,1,14,6,1,0,0.283125,0,32000,9060,0.283125,131072,10258,0.078262,0,1,5
383,host-12,6,0,14,6,0,0,0.262469,0,32000,8399,0.262469,131072,9051,0.069054,0,0,6
383,host-13,5,0,14,5,0,0,0.304719,0,32000,9751,0.304719,131072,10796,0.082367,0,0,5
383,host-14,5,0,14,5,0,0,0.259281,0,32000,8297,0.259281,131072,8087,0.061699,0,0,5
383,host-15,6,0,14,6,0,0,0.263313,0,32000,8426,0.263313,131072,6849,0.052254,0,0,6
383,host-16,5,0,14,5,0,0,0.254875,0,32000,8156,0.254875,131072,7365,0.056190,0,0,5
383,host-17,6,1,14,6,1,0,0.289375,0,32000,9260,0.289375,131072,10443,0.079674,1,0,5
383,host-18,6,0,14,6,0,0,0.255063,0,32000,8162,0.255063,131072,8547,0.065208,0,0,6
383,host-19,6,0,14,6,0,0,0.245188,0,32000,7846,0.245188,131072,7936,0.060547,0,0,6
383,host-2,6,0,14,6,0,0,0.284406,0,32000,9101,0.284406,131072,9523,0.072655,0,0,6
383,host-20,5,0,14,5,0,0,0.266719,0,32000,8535,0.266719,131072,9410,0.071793,0,0,5
383,host-21,6,0,14,6,0,0,0.312250,0,32000,9992,0.312250,131072,10659,0.081322,0,0,6
383,host-22,6,0,14,6,0,0,0.281375,0,32000,9004,0.281375,131072,9378,0.071548,0,0,6
383,host-23,6,0,14,6,0,0,0.255344,0,32000,8171,0.255344,131072,8295,0.063286,0,0,6
383,host-24,4,0,14,4,0,0,0.166469,0,32000,5327,0.166469,131072,6806,0.051926,0,0,4
383,host-3,5,0,14,5,0,0,0.254969,0,32000,8159,0.254969,131072,9911,0.075615,0,0,5
383,host-4,5,0,14,5,0,0,0.259594,0,32000,8307,0.259594,131072,7948,0.060638,0,0,5
383,host-5,5,1,14,5,1,0,0.290156,0,32000,9285,0.290156,131072,9101,0.069435,0,1,4
383,host-6,6,0,14,6,0,0,0.294187,0,32000,9414,0.294187,131072,8067,0.061546,0,0,6
383,host-7,6,0,14,6,0,0,0.298719,0,32000,9559,0.298719,131072,8967,0.068413,0,0,6
383,host-8,5,0,14,5,0,0,0.263875,0,32000,8444,0.263875,131072,8321,0.063484,0,0,5
383,host-9,6,0,14,6,0,0,0.274906,0,32000,8797,0.274906,131072,6806,0.051926,0,0,6
384,host-1,7,0,14,7,0,0,0.307375,0,32000,9836,0.307375,131072,8458,0.064529,0,0,7
384,host-10,5,0,14,5,0,0,0.278062,0,32000,8898,0.278062,131072,10219,0.077965,0,0,5
384,host-11,6,0,14,6,0,0,0.283125,0,32000,9060,0.283125,131072,10258,0.078262,0,0,6
384,host-12,6,0,14,6,0,0,0.262469,0,32000,8399,0.262469,131072,9051,0.069054,0,0,6
384,host-13,5,0,14,5,0,0,0.304719,0,32000,9751,0.304719,131072,10796,0.082367,0,0,5
384,host-14,5,1,14,5,1,0,0.259281,0,32000,8297,0.259281,131072,8087,0.061699,0,1,4
384,host-15,6,0,14,6,0,0,0.263313,0,32000,8426,0.263313,131072,6849,0.052254,0,0,6
384,host-16,5,0,14,5,0,0,0.254875,0,32000,8156,0.254875,131072,7365,0.056190,0,0,5
384,host-17,6,1,14,6,1,0,0.289375,0,32000,9260,0.289375,131072,10443,0.079674,0,1,5
384,host-18,6,0,14,6,0,0,0.255063,0,32000,8162,0.255063,131072,8547,0.065208,0,0,6
384,host-19,5,0,14,5,0,0,0.208813,0,32000,6682,0.208813,131072,6766,0.051620,0,0,5
384,host-2,6,0,14,6,0,0,0.284406,0,32000,9101,0.284406,131072,9523,0.072655,0,0,6
384,host-20,5,0,14,5,0,0,0.266719,0,32000,8535,0.266719,131072,9410,0.071793,0,0,5
384,host-21,6,0,14,6,0,0,0.312250,0,32000,9992,0.312250,131072,10659,0.081322,0,0,6
384,host-22,6,0,14,6,0,0,0.281375,0,32000,9004,0.281375,131072,9378,0.071548,0,0,6
384,host-23,6,0,14,6,0,0,0.255344,0,32000,8171,0.255344,131072,8295,0.063286,0,0,6
384,host-24,4,0,14,4,0,0,0.166469,0,32000,5327,0.166469,131072,6806,0.051926,0,0,4
384,host-3,5,0,14,5,0,0,0.254969,0,32000,8159,0.254969,131072,9911,0.075615,0,0,5
384,host-4,5,0,14,5,0,0,0.259594,0,32000,8307,0.259594,131072,7948,0.060638,0,0,5
384,host-5,5,0,14,5,0,0,0.290156,0,32000,9285,0.290156,131072,9101,0.069435,0,0,5
384,host-6,6,0,14,6,0,0,0.294187,0,32000,9414,0.294187,131072,8067,0.061546,0,0,6
384,host-7,6,0,14,6,0,0,0.298719,0,32000,9559,0.298719,131072,8967,0.068413,0,0,6
384,host-8,5,0,14,5,0,0,0.263875,0,32000,8444,0.263875,131072,8321,0.063484,0,0,5
384,host-9,6,1,14,6,1,0,0.274906,0,32000,8797,0.274906,131072,6806,0.051926,0,1,5
385,host-1,7,0,14,7,0,0,0.307375,0,32000,9836,0.307375,131072,8458,0.064529,0,0,7
385,host-10,5,0,14,5,0,0,0.278062,0,32000,8898,0.278062,131072,10219,0.077965,0,0,5
385,host-11,6,0,14,6,0,0,0.283125,0,32000,9060,0.283125,131072,10258,0.078262,0,0,6
385,host-12,5,0,14,5,0,0,0.203531,0,32000,6513,0.203531,131072,6730,0.051346,0,0,5
385,host-13,5,0,14,5,0,0,0.304719,0,32000,9751,0.304719,131072,10796,0.082367,0,0,5
385,host-14,5,0,14,5,0,0,0.259281,0,32000,8297,0.259281,131072,8087,0.061699,0,0,5
385,host-15,6,0,14,6,0,0,0.263313,0,32000,8426,0.263313,131072,6849,0.052254,0,0,6
385,host-16,5,0,14,5,0,0,0.254875,0,32000,8156,0.254875,131072,7365,0.056190,0,0,5
385,host-17,6,0,14,6,0,0,0.289375,0,32000,9260,0.289375,131072,10443,0.079674,0,0,6
385,host-18,6,0,14,6,0,0,0.255063,0,32000,8162,0.255063,131072,8547,0.065208,0,0,6
385,host-19,5,0,14,5,0,0,0.208813,0,32000,6682,0.208813,131072,6766,0.051620,0,0,5
385,host-2,5,0,14,5,0,0,0.246156,0,32000,7877,0.246156,131072,8690,0.066299,0,0,5
385,host-20,4,0,14,4,0,0,0.226344,0,32000,7243,0.226344,131072,7996,0.061005,0,0,4
385,host-21,6,0,14,6,0,0,0.312250,0,32000,9992,0.312250,131072,10659,0.081322,0,0,6
385,host-22,6,0,14,6,0,0,0.281375,0,32000,9004,0.281375,131072,9378,0.071548,0,0,6
385,host-23,6,0,14,6,0,0,0.255344,0,32000,8171,0.255344,131072,8295,0.063286,0,0,6
385,host-24,4,0,14,4,0,0,0.166469,0,32000,5327,0.166469,131072,6806,0.051926,0,0,4
385,host-3,5,0,14,5,0,0,0.254969,0,32000,8159,0.254969,131072,9911,0.075615,0,0,5
385,host-4,4,0,14,4,0,0,0.211625,0,32000,6772,0.211625,131072,6423,0.049004,0,0,4
385,host-5,5,0,14,5,0,0,0.290156,0,32000,9285,0.290156,131072,9101,0.069435,0,0,5
385,host-6,6,0,14,6,0,0,0.294187,0,32000,9414,0.294187,131072,8067,0.061546,0,0,6
385,host-7,6,0,14,6,0,0,0.298719,0,32000,9559,0.298719,131072,8967,0.068413,0,0,6
385,host-8,5,0,14,5,0,0,0.263875,0,32000,8444,0.263875,131072,8321,0.063484,0,0,5
385,host-9,6,0,14,6,0,0,0.274906,0,32000,8797,0.274906,131072,6806,0.051926,0,0,6
386,host-1,7,0,14,7,0,0,0.307375,0,32000,9836,0.307375,131072,8458,0.064529,0,0,7
386,host-10,5,0,14,5,0,0,0.278062,0,32000,8898,0.278062,131072,10219,0.077965,0,0,5
386,host-11,6,0,14,6,0,0,0.283125,0,32000,9060,0.283125,131072,10258,0.078262,0,0,6
386,host-12,6,1,14,6,1,0,0.278344,0,32000,8907,0.278344,131072,9266,0.070694,1,0,5
386,host-13,5,0,14,5,0,0,0.304719,0,32000,9751,0.304719,131072,10796,0.082367,0,0,5
386,host-14,5,0,14,5,0,0,0.259281,0,32000,8297,0.259281,131072,8087,0.061699,0,0,5
386,host-15,6,0,14,6,0,0,0.263313,0,32000,8426,0.263313,131072,6849,0.052254,0,0,6
386,host-16,5,0,14,5,0,0,0.254875,0,32000,8156,0.254875,131072,7365,0.056190,0,0,5
386,host-17,6,0,14,6,0,0,0.289375,0,32000,9260,0.289375,131072,10443,0.079674,0,0,6
386,host-18,6,0,14,6,0,0,0.255063,0,32000,8162,0.255063,131072,8547,0.065208,0,0,6
386,host-19,6,1,14,6,1,0,0.251312,0,32000,8042,0.251312,131072,7663,0.058464,1,0,5
386,host-2,5,0,14,5,0,0,0.246156,0,32000,7877,0.246156,131072,8690,0.066299,0,0,5
386,host-20,4,0,14,4,0,0,0.226344,0,32000,7243,0.226344,131072,7996,0.061005,0,0,4
386,host-21,6,0,14,6,0,0,0.312250,0,32000,9992,0.312250,131072,10659,0.081322,0,0,6
386,host-22,6,0,14,6,0,0,0.281375,0,32000,9004,0.281375,131072,9378,0.071548,0,0,6
386,host-23,6,0,14,6,0,0,0.255344,0,32000,8171,0.255344,131072,8295,0.063286,0,0,6
386,host-24,5,1,14,5,1,0,0.225656,0,32000,7221,0.225656,131072,8885,0.067787,0,1,4
386,host-3,5,0,14,5,0,0,0.254969,0,32000,8159,0.254969,131072,9911,0.075615,0,0,5
386,host-4,4,1,14,4,1,0,0.211625,0,32000,6772,0.211625,131072,6423,0.049004,0,1,3
386,host-5,5,0,14,5,0,0,0.290156,0,32000,9285,0.290156,131072,9101,0.069435,0,0,5
386,host-6,6,1,14,6,1,0,0.294187,0,32000,9414,0.294187,131072,8067,0.061546,0,1,5
386,host-7,6,0,14,6,0,0,0.298719,0,32000,9559,0.298719,131072,8967,0.068413,0,0,6
386,host-8,5,0,14,5,0,0,0.263875,0,32000,8444,0.263875,131072,8321,0.063484,0,0,5
386,host-9,6,0,14,6,0,0,0.274906,0,32000,8797,0.274906,131072,6806,0.051926,0,0,6
387,host-1,6,0,14,6,0,0,0.264250,0,32000,8456,0.264250,131072,7209,0.055000,0,0,6
387,host-10,5,1,14,5,1,0,0.278062,0,32000,8898,0.278062,131072,10219,0.077965,0,1,4
387,host-11,6,0,14,6,0,0,0.283125,0,32000,9060,0.283125,131072,10258,0.078262,0,0,6
387,host-12,6,0,14,6,0,0,0.278344,0,32000,8907,0.278344,131072,9266,0.070694,0,0,6
387,host-13,5,0,14,5,0,0,0.304719,0,32000,9751,0.304719,131072,10796,0.082367,0,0,5
387,host-14,5,0,14,5,0,0,0.259281,0,32000,8297,0.259281,131072,8087,0.061699,0,0,5
387,host-15,6,0,14,6,0,0,0.263313,0,32000,8426,0.263313,131072,6849,0.052254,0,0,6
387,host-16,5,0,14,5,0,0,0.254875,0,32000,8156,0.254875,131072,7365,0.056190,0,0,5
387,host-17,6,1,14,6,1,0,0.289375,0,32000,9260,0.289375,131072,10443,0.079674,0,1,5
387,host-18,6,1,14,6,1,0,0.255063,0,32000,8162,0.255063,131072,8547,0.065208,0,1,5
387,host-19,6,0,14,6,0,0,0.251312,0,32000,8042,0.251312,131072,7663,0.058464,0,0,6
387,host-2,5,0,14,5,0,0,0.246156,0,32000,7877,0.246156,131072,8690,0.066299,0,0,5
387,host-20,4,0,14,4,0,0,0.226344,0,32000,7243,0.226344,131072,7996,0.061005,0,0,4
387,host-21,6,0,14,6,0,0,0.312250,0,32000,9992,0.312250,131072,10659,0.081322,0,0,6
387,host-22,6,0,14,6,0,0,0.281375,0,32000,9004,0.281375,131072,9378,0.071548,0,0,6
387,host-23,6,0,14,6,0,0,0.255344,0,32000,8171,0.255344,131072,8295,0.063286,0,0,6
387,host-24,5,0,14,5,0,0,0.225656,0,32000,7221,0.225656,131072,8885,0.067787,0,0,5
387,host-3,5,0,14,5,0,0,0.254969,0,32000,8159,0.254969,131072,9911,0.075615,0,0,5
387,host-4,5,1,14,5,1,0,0.253625,0,32000,8116,0.253625,131072,7339,0.055992,1,0,4
387,host-5,4,0,14,4,0,0,0.229969,0,32000,7359,0.229969,131072,7291,0.055626,0,0,4
387,host-6,6,0,14,6,0,0,0.294187,0,32000,9414,0.294187,131072,8067,0.061546,0,0,6
387,host-7,5,0,14,5,0,0,0.261531,0,32000,8369,0.261531,131072,8596,0.065582,0,0,5
387,host-8,5,0,14,5,0,0,0.263875,0,32000,8444,0.263875,131072,8321,0.063484,0,0,5
387,host-9,6,0,14,6,0,0,0.274906,0,32000,8797,0.274906,131072,6806,0.051926,0,0,6
388,host-1,6,0,14,6,0,0,0.264250,0,32000,8456,0.264250,131072,7209,0.055000,0,0,6
388,host-10,4,0,14,4,0,0,0.209125,0,32000,6692,0.209125,131072,7577,0.057808,0,0,4
388,host-11,6,0,14,6,0,0,0.283125,0,32000,9060,0.283125,131072,10258,0.078262,0,0,6
388,host-12,6,0,14,6,0,0,0.278344,0,32000,8907,0.278344,131072,9266,0.070694,0,0,6
388,host-13,5,0,14,5,0,0,0.304719,0,32000,9751,0.304719,131072,10796,0.082367,0,0,5
388,host-14,4,0,14,4,0,0,0.196469,0,32000,6287,0.196469,131072,5673,0.043282,0,0,4
388,host-15,6,1,14,6,1,0,0.263313,0,32000,8426,0.263313,131072,6849,0.052254,0,1,5
388,host-16,5,0,14,5,0,0,0.254875,0,32000,8156,0.254875,131072,7365,0.056190,0,0,5
388,host-17,6,0,14,6,0,0,0.289375,0,32000,9260,0.289375,131072,10443,0.079674,0,0,6
388,host-18,6,0,14,6,0,0,0.255063,0,32000,8162,0.255063,131072,8547,0.065208,0,0,6
388,host-19,6,0,14,6,0,0,0.251312,0,32000,8042,0.251312,131072,7663,0.058464,0,0,6
388,host-2,5,0,14,5,0,0,0.246156,0,32000,7877,0.246156,131072,8690,0.066299,0,0,5
388,host-20,4,0,14,4,0,0,0.226344,0,32000,7243,0.226344,131072,7996,0.061005,0,0,4
388,host-21,6,0,14,6,0,0,0.312250,0,32000,9992,0.312250,131072,10659,0.081322,0,0,6
388,host-22,3,0,14,3,0,0,0.099625,0,32000,3188,0.099625,131072,3265,0.024910,0,0,3
388,host-23,6,0,14,6,0,0,0.255344,0,32000,8171,0.255344,131072,8295,0.063286,0,0,6
388,host-24,6,1,14,6,1,0,0.282094,0,32000,9027,0.282094,131072,11009,0.083992,1,0,5
388,host-3,4,0,14,4,0,0,0.195375,0,32000,6252,0.195375,131072,7587,0.057884,0,0,4
388,host-4,5,0,14,5,0,0,0.253625,0,32000,8116,0.253625,131072,7339,0.055992,0,0,5
388,host-5,4,0,14,4,0,0,0.229969,0,32000,7359,0.229969,131072,7291,0.055626,0,0,4
388,host-6,6,0,14,6,0,0,0.294187,0,32000,9414,0.294187,131072,8067,0.061546,0,0,6
388,host-7,5,0,14,5,0,0,0.261531,0,32000,8369,0.261531,131072,8596,0.065582,0,0,5
388,host-8,5,0,14,5,0,0,0.263875,0,32000,8444,0.263875,131072,8321,0.063484,0,0,5
388,host-9,5,0,14,5,0,0,0.242094,0,32000,7747,0.242094,131072,5986,0.045670,0,0,5
389,host-1,6,0,14,6,0,0,0.264250,0,32000,8456,0.264250,131072,7209,0.055000,0,0,6
389,host-10,3,0,14,3,0,0,0.161094,0,32000,5155,0.161094,131072,6095,0.046501,0,0,3
389,host-11,6,0,14,6,0,0,0.283125,0,32000,9060,0.283125,131072,10258,0.078262,0,0,6
389,host-12,5,0,14,5,0,0,0.236937,0,32000,7582,0.236937,131072,8235,0.062828,0,0,5
389,host-13,5,0,14,5,0,0,0.304719,0,32000,9751,0.304719,131072,10796,0.082367,0,0,5
389,host-14,4,0,14,4,0,0,0.196469,0,32000,6287,0.196469,131072,5673,0.043282,0,0,4
389,host-15,5,0,14,5,0,0,0.214781,0,32000,6873,0.214781,131072,5122,0.039078,0,0,5
389,host-16,5,0,14,5,0,0,0.254875,0,32000,8156,0.254875,131072,7365,0.056190,0,0,5
389,host-17,6,0,14,6,0,0,0.289375,0,32000,9260,0.289375,131072,10443,0.079674,0,0,6
389,host-18,6,0,14,6,0,0,0.255063,0,32000,8162,0.255063,131072,8547,0.065208,0,0,6
389,host-19,6,0,14,6,0,0,0.251312,0,32000,8042,0.251312,131072,7663,0.058464,0,0,6
389,host-2,5,0,14,5,0,0,0.246156,0,32000,7877,0.246156,131072,8690,0.066299,0,0,5
389,host-20,4,0,14,4,0,0,0.226344,0,32000,7243,0.226344,131072,7996,0.061005,0,0,4
389,host-21,5,0,14,5,0,0,0.274906,0,32000,8797,0.274906,131072,9416,0.071838,0,0,5
389,host-22,3,0,14,3,0,0,0.099625,0,32000,3188,0.099625,131072,3265,0.024910,0,0,3
389,host-23,5,1,14,5,1,0,0.217719,0,32000,6967,0.217719,131072,6900,0.052643,0,1,4
389,host-24,5,0,14,5,0,0,0.254375,0,32000,8140,0.254375,131072,9678,0.073837,0,0,5
389,host-3,4,0,14,4,0,0,0.195375,0,32000,6252,0.195375,131072,7587,0.057884,0,0,4
389,host-4,5,0,14,5,0,0,0.253625,0,32000,8116,0.253625,131072,7339,0.055992,0,0,5
389,host-5,4,1,14,4,1,0,0.229969,0,32000,7359,0.229969,131072,7291,0.055626,0,1,3
389,host-6,6,0,14,6,0,0,0.294187,0,32000,9414,0.294187,131072,8067,0.061546,0,0,6
389,host-7,4,0,14,4,0,0,0.212531,0,32000,6801,0.212531,131072,6719,0.051262,0,0,4
389,host-8,5,0,14,5,0,0,0.263875,0,32000,8444,0.263875,131072,8321,0.063484,0,0,5
389,host-9,5,1,14,5,1,0,0.242094,0,32000,7747,0.242094,131072,5986,0.045670,0,1,4
390,host-1,5,0,14,5,0,0,0.229375,0,32000,7340,0.229375,131072,5446,0.041550,0,0,5
390,host-10,3,0,14,3,0,0,0.161094,0,32000,5155,0.161094,131072,6095,0.046501,0,0,3
390,host-11,5,0,14,5,0,0,0.221594,0,32000,7091,0.221594,131072,8001,0.061043,0,0,5
390,host-12,5,0,14,5,0,0,0.236937,0,32000,7582,0.236937,131072,8235,0.062828,0,0,5
390,host-13,5,1,14,5,1,0,0.304719,0,32000,9751,0.304719,131072,10796,0.082367,0,1,4
390,host-14,3,0,14,3,0,0,0.157531,0,32000,5041,0.157531,131072,4878,0.037216,0,0,3
390,host-15,5,0,14,5,0,0,0.214781,0,32000,6873,0.214781,131072,5122,0.039078,0,0,5
390,host-16,5,0,14,5,0,0,0.254875,0,32000,8156,0.254875,131072,7365,0.056190,0,0,5
390,host-17,6,0,14,6,0,0,0.289375,0,32000,9260,0.289375,131072,10443,0.079674,0,0,6
390,host-18,6,0,14,6,0,0,0.255063,0,32000,8162,0.255063,131072,8547,0.065208,0,0,6
390,host-19,6,0,14,6,0,0,0.251312,0,32000,8042,0.251312,131072,7663,0.058464,0,0,6
390,host-2,3,0,14,3,0,0,0.129688,0,32000,4150,0.129688,131072,3580,0.027313,0,0,3
390,host-20,4,0,14,4,0,0,0.226344,0,32000,7243,0.226344,131072,7996,0.061005,0,0,4
390,host-21,5,0,14,5,0,0,0.274906,0,32000,8797,0.274906,131072,9416,0.071838,0,0,5
390,host-22,2,0,14,2,0,0,0.062094,0,32000,1987,0.062094,131072,2213,0.016884,0,0,2
390,host-23,5,0,14,5,0,0,0.217719,0,32000,6967,0.217719,131072,6900,0.052643,0,0,5
390,host-24,5,0,14,5,0,0,0.254375,0,32000,8140,0.254375,131072,9678,0.073837,0,0,5
390,host-3,4,0,14,4,0,0,0.195375,0,32000,6252,0.195375,131072,7587,0.057884,0,0,4
390,host-4,5,0,14,5,0,0,0.253625,0,32000,8116,0.253625,131072,7339,0.055992,0,0,5
390,host-5,4,0,14,4,0,0,0.229969,0,32000,7359,0.229969,131072,7291,0.055626,0,0,4
390,host-6,6,0,14,6,0,0,0.294187,0,32000,9414,0.294187,131072,8067,0.061546,0,0,6
390,host-7,4,0,14,4,0,0,0.212531,0,32000,6801,0.212531,131072,6719,0.051262,0,0,4
390,host-8,5,0,14,5,0,0,0.263875,0,32000,8444,0.263875,131072,8321,0.063484,0,0,5
390,host-9,5,0,14,5,0,0,0.242094,0,32000,7747,0.242094,131072,5986,0.045670,0,0,5
391,host-1,4,0,14,4,0,0,0.186031,0,32000,5953,0.186031,131072,4572,0.034882,0,0,4
391,host-10,3,0,14,3,0,0,0.161094,0,32000,5155,0.161094,131072,6095,0.046501,0,0,3
391,host-11,5,0,14,5,0,0,0.221594,0,32000,7091,0.221594,131072,8001,0.061043,0,0,5
391,host-12,5,0,14,5,0,0,0.236937,0,32000,7582,0.236937,131072,8235,0.062828,0,0,5
391,host-13,5,0,14,5,0,0,0.304719,0,32000,9751,0.304719,131072,10796,0.082367,0,0,5
391,host-14,3,0,14,3,0,0,0.157531,0,32000,5041,0.157531,131072,4878,0.037216,0,0,3
391,host-15,3,0,14,3,0,0,0.116781,0,32000,3737,0.116781,131072,2791,0.021294,0,0,3
391,host-16,5,0,14,5,0,0,0.254875,0,32000,8156,0.254875,131072,7365,0.056190,0,0,5
391,host-17,6,0,14,6,0,0,0.289375,0,32000,9260,0.289375,131072,10443,0.079674,0,0,6
391,host-18,6,0,14,6,0,0,0.255063,0,32000,8162,0.255063,131072,8547,0.065208,0,0,6
391,host-19,6,0,14,6,0,0,0.251312,0,32000,8042,0.251312,131072,7663,0.058464,0,0,6
391,host-2,3,0,14,3,0,0,0.129688,0,32000,4150,0.129688,131072,3580,0.027313,0,0,3
391,host-20,4,0,14,4,0,0,0.226344,0,32000,7243,0.226344,131072,7996,0.061005,0,0,4
391,host-21,5,0,14,5,0,0,0.274906,0,32000,8797,0.274906,131072,9416,0.071838,0,0,5
391,host-22,4,2,14,4,2,0,0.136969,0,32000,4383,0.136969,131072,4090,0.031204,2,0,2
391,host-23,4,1,14,4,1,0,0.169250,0,32000,5416,0.169250,131072,4669,0.035622,0,1,3
391,host-24,5,0,14,5,0,0,0.254375,0,32000,8140,0.254375,131072,9678,0.073837,0,0,5
391,host-3,3,0,14,3,0,0,0.147813,0,32000,4730,0.147813,131072,5737,0.043770,0,0,3
391,host-4,5,0,14,5,0,0,0.253625,0,32000,8116,0.253625,131072,7339,0.055992,0,0,5
391,host-5,4,0,14,4,0,0,0.229969,0,32000,7359,0.229969,131072,7291,0.055626,0,0,4
391,host-6,6,0,14,6,0,0,0.294187,0,32000,9414,0.294187,131072,8067,0.061546,0,0,6
391,host-7,3,0,14,3,0,0,0.148469,0,32000,4751,0.148469,131072,4033,0.030769,0,0,3
391,host-8,5,1,14,5,1,0,0.263875,0,32000,8444,0.263875,131072,8321,0.063484,0,1,4
391,host-9,4,0,14,4,0,0,0.183438,0,32000,5870,0.183438,131072,4422,0.033737,0,0,4
392,host-1,3,0,14,3,0,0,0.128125,0,32000,4100,0.128125,131072,3165,0.024147,0,0,3
392,host-10,3,0,14,3,0,0,0.161094,0,32000,5155,0.161094,131072,6095,0.046501,0,0,3
392,host-11,5,0,14,5,0,0,0.221594,0,32000,7091,0.221594,131072,8001,0.061043,0,0,5
392,host-12,5,0,14,5,0,0,0.236937,0,32000,7582,0.236937,131072,8235,0.062828,0,0,5
392,host-13,4,0,14,4,0,0,0.238500,0,32000,7632,0.238500,131072,8054,0.061447,0,0,4
392,host-14,3,0,14,3,0,0,0.157531,0,32000,5041,0.157531,131072,4878,0.037216,0,0,3
392,host-15,4,1,14,4,1,0,0.187000,0,32000,5984,0.187000,131072,4700,0.035858,1,0,3
392,host-16,5,0,14,5,0,0,0.254875,0,32000,8156,0.254875,131072,7365,0.056190,0,0,5
392,host-17,6,0,14,6,0,0,0.289375,0,32000,9260,0.289375,131072,10443,0.079674,0,0,6
392,host-18,6,0,14,6,0,0,0.255063,0,32000,8162,0.255063,131072,8547,0.065208,0,0,6
392,host-19,5,0,14,5,0,0,0.223000,0,32000,7136,0.223000,131072,6465,0.049324,0,0,5
392,host-2,4,1,14,4,1,0,0.207000,0,32000,6624,0.207000,131072,6140,0.046844,1,0,3
392,host-20,4,0,14,4,0,0,0.226344,0,32000,7243,0.226344,131072,7996,0.061005,0,0,4
392,host-21,5,1,14,5,1,0,0.274906,0,32000,8797,0.274906,131072,9416,0.071838,0,1,4
392,host-22,5,1,14,5,1,0,0.185500,0,32000,5936,0.185500,131072,5817,0.044380,1,0,4
392,host-23,4,0,14,4,0,0,0.169250,0,32000,5416,0.169250,131072,4669,0.035622,0,0,4
392,host-24,5,0,14,5,0,0,0.254375,0,32000,8140,0.254375,131072,9678,0.073837,0,0,5
392,host-3,3,0,14,3,0,0,0.147813,0,32000,4730,0.147813,131072,5737,0.043770,0,0,3
392,host-4,5,0,14,5,0,0,0.253625,0,32000,8116,0.253625,131072,7339,0.055992,0,0,5
392,host-5,4,0,14,4,0,0,0.229969,0,32000,7359,0.229969,131072,7291,0.055626,0,0,4
392,host-6,5,0,14,5,0,0,0.222750,0,32000,7128,0.222750,131072,6201,0.047310,0,0,5
392,host-7,3,0,14,3,0,0,0.148469,0,32000,4751,0.148469,131072,4033,0.030769,0,0,3
392,host-8,5,0,14,5,0,0,0.263875,0,32000,8444,0.263875,131072,8321,0.063484,0,0,5
392,host-9,4,1,14,4,1,0,0.183438,0,32000,5870,0.183438,131072,4422,0.033737,0,1,3
393,host-1,4,2,14,4,2,0,0.181594,0,32000,5811,0.181594,131072,5296,0.040405,2,0,2
393,host-10,3,0,14,3,0,0,0.161094,0,32000,5155,0.161094,131072,6095,0.046501,0,0,3
393,host-11,4,0,14,4,0,0,0.168719,0,32000,5399,0.168719,131072,5979,0.045616,0,0,4
393,host-12,5,0,14,5,0,0,0.236937,0,32000,7582,0.236937,131072,8235,0.062828,0,0,5
393,host-13,4,0,14,4,0,0,0.238500,0,32000,7632,0.238500,131072,8054,0.061447,0,0,4
393,host-14,3,0,14,3,0,0,0.157531,0,32000,5041,0.157531,131072,4878,0.037216,0,0,3
393,host-15,4,0,14,4,0,0,0.187000,0,32000,5984,0.187000,131072,4700,0.035858,0,0,4
393,host-16,5,0,14,5,0,0,0.254875,0,32000,8156,0.254875,131072,7365,0.056190,0,0,5
393,host-17,6,0,14,6,0,0,0.289375,0,32000,9260,0.289375,131072,10443,0.079674,0,0,6
393,host-18,6,0,14,6,0,0,0.255063,0,32000,8162,0.255063,131072,8547,0.065208,0,0,6
393,host-19,5,0,14,5,0,0,0.223000,0,32000,7136,0.223000,131072,6465,0.049324,0,0,5
393,host-2,3,1,14,3,1,0,0.184031,0,32000,5889,0.184031,131072,4944,0.037720,0,1,2
393,host-20,3,0,14,3,0,0,0.162469,0,32000,5199,0.162469,131072,5950,0.045395,0,0,3
393,host-21,5,0,14,5,0,0,0.274906,0,32000,8797,0.274906,131072,9416,0.071838,0,0,5
393,host-22,5,1,14,5,1,0,0.185500,0,32000,5936,0.185500,131072,5817,0.044380,0,1,4
393,host-23,4,0,14,4,0,0,0.169250,0,32000,5416,0.169250,131072,4669,0.035622,0,0,4
393,host-24,5,0,14,5,0,0,0.254375,0,32000,8140,0.254375,131072,9678,0.073837,0,0,5
393,host-3,4,1,14,4,1,0,0.196281,0,32000,6281,0.196281,131072,7968,0.060791,1,0,3
393,host-4,5,1,14,5,1,0,0.253625,0,32000,8116,0.253625,131072,7339,0.055992,0,1,4
393,host-5,3,0,14,3,0,0,0.161156,0,32000,5157,0.161156,131072,5397,0.041176,0,0,3
393,host-6,4,0,14,4,0,0,0.177719,0,32000,5687,0.177719,131072,4846,0.036972,0,0,4
393,host-7,3,0,14,3,0,0,0.148469,0,32000,4751,0.148469,131072,4033,0.030769,0,0,3
393,host-8,5,0,14,5,0,0,0.263875,0,32000,8444,0.263875,131072,8321,0.063484,0,0,5
393,host-9,4,0,14,4,0,0,0.183438,0,32000,5870,0.183438,131072,4422,0.033737,0,0,4
394,host-1,4,1,14,4,1,0,0.181594,0,32000,5811,0.181594,131072,5296,0.040405,1,0,3
394,host-10,4,1,14,4,1,0,0.223250,0,32000,7144,0.223250,131072,7562,0.057693,1,0,3
394,host-11,4,0,14,4,0,0,0.168719,0,32000,5399,0.168719,131072,5979,0.045616,0,0,4
394,host-12,4,0,14,4,0,0,0.183969,0,32000,5887,0.183969,131072,6103,0.046562,0,0,4
394,host-13,4,0,14,4,0,0,0.238500,0,32000,7632,0.238500,131072,8054,0.061447,0,0,4
394,host-14,4,1,14,4,1,0,0.219062,0,32000,7010,0.219062,131072,7135,0.054436,1,0,3
394,host-15,4,0,14,4,0,0,0.187000,0,32000,5984,0.187000,131072,4700,0.035858,0,0,4
394,host-16,4,0,14,4,0,0,0.189031,0,32000,6049,0.189031,131072,5502,0.041977,0,0,4
394,host-17,6,0,14,6,0,0,0.289375,0,32000,9260,0.289375,131072,10443,0.079674,0,0,6
394,host-18,6,0,14,6,0,0,0.255063,0,32000,8162,0.255063,131072,8547,0.065208,0,0,6
394,host-19,5,0,14,5,0,0,0.223000,0,32000,7136,0.223000,131072,6465,0.049324,0,0,5
394,host-2,2,0,14,2,0,0,0.113812,0,32000,3642,0.113812,131072,2910,0.022202,0,0,2
394,host-20,3,0,14,3,0,0,0.162469,0,32000,5199,0.162469,131072,5950,0.045395,0,0,3
394,host-21,4,0,14,4,0,0,0.211031,0,32000,6753,0.211031,131072,7370,0.056229,0,0,4
394,host-22,4,0,14,4,0,0,0.156750,0,32000,5016,0.156750,131072,4620,0.035248,0,0,4
394,host-23,4,0,14,4,0,0,0.169250,0,32000,5416,0.169250,131072,4669,0.035622,0,0,4
394,host-24,5,0,14,5,0,0,0.254375,0,32000,8140,0.254375,131072,9678,0.073837,0,0,5
394,host-3,3,0,14,3,0,0,0.147000,0,32000,4704,0.147000,131072,6041,0.046089,0,0,3
394,host-4,5,0,14,5,0,0,0.253625,0,32000,8116,0.253625,131072,7339,0.055992,0,0,5
394,host-5,3,0,14,3,0,0,0.161156,0,32000,5157,0.161156,131072,5397,0.041176,0,0,3
394,host-6,4,0,14,4,0,0,0.177719,0,32000,5687,0.177719,131072,4846,0.036972,0,0,4
394,host-7,4,1,14,4,1,0,0.171219,0,32000,5479,0.171219,131072,4501,0.034340,1,0,3
394,host-8,5,1,14,5,1,0,0.263875,0,32000,8444,0.263875,131072,8321,0.063484,0,1,4
394,host-9,4,0,14,4,0,0,0.183438,0,32000,5870,0.183438,131072,4422,0.033737,0,0,4
395,host-1,2,0,14,2,0,0,0.084281,0,32000,2697,0.084281,131072,2725,0.020790,0,0,2
395,host-10,3,1,14,3,1,0,0.162781,0,32000,5209,0.162781,131072,5148,0.039276,1,0,2
395,host-11,4,0,14,4,0,0,0.168719,0,32000,5399,0.168719,131072,5979,0.045616,0,0,4
395,host-12,4,0,14,4,0,0,0.183969,0,32000,5887,0.183969,131072,6103,0.046562,0,0,4
395,host-13,4,0,14,4,0,0,0.238500,0,32000,7632,0.238500,131072,8054,0.061447,0,0,4
395,host-14,4,0,14,4,0,0,0.219062,0,32000,7010,0.219062,131072,7135,0.054436,0,0,4
395,host-15,4,0,14,4,0,0,0.187000,0,32000,5984,0.187000,131072,4700,0.035858,0,0,4
395,host-16,4,0,14,4,0,0,0.189031,0,32000,6049,0.189031,131072,5502,0.041977,0,0,4
395,host-17,5,0,14,5,0,0,0.245375,0,32000,7852,0.245375,131072,8561,0.065315,0,0,5
395,host-18,5,0,14,5,0,0,0.217031,0,32000,6945,0.217031,131072,7906,0.060318,0,0,5
395,host-19,4,0,14,4,0,0,0.188656,0,32000,6037,0.188656,131072,5572,0.042511,0,0,4
395,host-2,4,2,14,4,2,0,0.179250,0,32000,5736,0.179250,131072,5569,0.042488,2,0,2
395,host-20,3,0,14,3,0,0,0.162469,0,32000,5199,0.162469,131072,5950,0.045395,0,0,3
395,host-21,4,0,14,4,0,0,0.211031,0,32000,6753,0.211031,131072,7370,0.056229,0,0,4
395,host-22,4,0,14,4,0,0,0.156750,0,32000,5016,0.156750,131072,4620,0.035248,0,0,4
395,host-23,4,0,14,4,0,0,0.169250,0,32000,5416,0.169250,131072,4669,0.035622,0,0,4
395,host-24,5,0,14,5,0,0,0.254375,0,32000,8140,0.254375,131072,9678,0.073837,0,0,5
395,host-3,3,0,14,3,0,0,0.147000,0,32000,4704,0.147000,131072,6041,0.046089,0,0,3
395,host-4,4,0,14,4,0,0,0.215938,0,32000,6910,0.215938,131072,6512,0.049683,0,0,4
395,host-5,3,0,14,3,0,0,0.161156,0,32000,5157,0.161156,131072,5397,0.041176,0,0,3
395,host-6,3,0,14,3,0,0,0.101000,0,32000,3232,0.101000,131072,2234,0.017044,0,0,3
395,host-7,3,0,14,3,0,0,0.113719,0,32000,3639,0.113719,131072,3259,0.024864,0,0,3
395,host-8,4,0,14,4,0,0,0.208844,0,32000,6683,0.208844,131072,7054,0.053818,0,0,4
395,host-9,4,0,14,4,0,0,0.183438,0,32000,5870,0.183438,131072,4422,0.033737,0,0,4
396,host-1,4,2,14,4,2,0,0.170844,0,32000,5467,0.170844,131072,5184,0.039551,2,0,2
396,host-10,3,0,14,3,0,0,0.162781,0,32000,5209,0.162781,131072,5148,0.039276,0,0,3
396,host-11,4,1,14,4,1,0,0.176750,0,32000,5656,0.176750,131072,5969,0.045540,1,0,3
396,host-12,4,0,14,4,0,0,0.183969,0,32000,5887,0.183969,131072,6103,0.046562,0,0,4
396,host-13,4,0,14,4,0,0,0.238500,0,32000,7632,0.238500,131072,8054,0.061447,0,0,4
396,host-14,4,0,14,4,0,0,0.219062,0,32000,7010,0.219062,131072,7135,0.054436,0,0,4
396,host-15,3,0,14,3,0,0,0.159219,0,32000,5095,0.159219,131072,4266,0.032547,0,0,3
396,host-16,4,0,14,4,0,0,0.189031,0,32000,6049,0.189031,131072,5502,0.041977,0,0,4
396,host-17,4,0,14,4,0,0,0.168594,0,32000,5395,0.168594,131072,5775,0.044060,0,0,4
396,host-18,5,0,14,5,0,0,0.217031,0,32000,6945,0.217031,131072,7906,0.060318,0,0,5
396,host-19,4,0,14,4,0,0,0.188656,0,32000,6037,0.188656,131072,5572,0.042511,0,0,4
396,host-2,4,0,14,4,0,0,0.179250,0,32000,5736,0.179250,131072,5569,0.042488,0,0,4
396,host-20,3,1,14,3,1,0,0.162469,0,32000,5199,0.162469,131072,5950,0.045395,0,1,2
396,host-21,3,0,14,3,0,0,0.172687,0,32000,5526,0.172687,131072,6170,0.047073,0,0,3
396,host-22,5,1,14,5,1,0,0.200500,0,32000,6416,0.200500,131072,5724,0.043671,1,0,4
396,host-23,4,0,14,4,0,0,0.169250,0,32000,5416,0.169250,131072,4669,0.035622,0,0,4
396,host-24,5,0,14,5,0,0,0.254375,0,32000,8140,0.254375,131072,9678,0.073837,0,0,5
396,host-3,4,1,14,4,1,0,0.182188,0,32000,5830,0.182188,131072,6957,0.053078,1,0,3
396,host-4,4,0,14,4,0,0,0.215938,0,32000,6910,0.215938,131072,6512,0.049683,0,0,4
396,host-5,3,0,14,3,0,0,0.161156,0,32000,5157,0.161156,131072,5397,0.041176,0,0,3
396,host-6,5,2,14,5,2,0,0.224656,0,32000,7189,0.224656,131072,6570,0.050125,2,0,3
396,host-7,4,1,14,4,1,0,0.157000,0,32000,5024,0.157000,131072,4337,0.033089,1,0,3
396,host-8,4,0,14,4,0,0,0.208844,0,32000,6683,0.208844,131072,7054,0.053818,0,0,4
396,host-9,4,1,14,4,1,0,0.183438,0,32000,5870,0.183438,131072,4422,0.033737,0,1,3
397,host-1,4,0,14,4,0,0,0.170844,0,32000,5467,0.170844,131072,5184,0.039551,0,0,4
397,host-10,3,0,14,3,0,0,0.162781,0,32000,5209,0.162781,131072,5148,0.039276,0,0,3
397,host-11,4,1,14,4,1,0,0.176750,0,32000,5656,0.176750,131072,5969,0.045540,1,0,3
397,host-12,4,0,14,4,0,0,0.183969,0,32000,5887,0.183969,131072,6103,0.046562,0,0,4
397,host-13,4,0,14,4,0,0,0.238500,0,32000,7632,0.238500,131072,8054,0.061447,0,0,4
397,host-14,4,0,14,4,0,0,0.219062,0,32000,7010,0.219062,131072,7135,0.054436,0,0,4
397,host-15,4,1,14,4,1,0,0.203813,0,32000,6522,0.203813,131072,5491,0.041893,1,0,3
397,host-16,4,0,14,4,0,0,0.189031,0,32000,6049,0.189031,131072,5502,0.041977,0,0,4
397,host-17,4,0,14,4,0,0,0.168594,0,32000,5395,0.168594,131072,5775,0.044060,0,0,4
397,host-18,5,0,14,5,0,0,0.217031,0,32000,6945,0.217031,131072,7906,0.060318,0,0,5
397,host-19,4,0,14,4,0,0,0.188656,0,32000,6037,0.188656,131072,5572,0.042511,0,0,4
397,host-2,4,0,14,4,0,0,0.179250,0,32000,5736,0.179250,131072,5569,0.042488,0,0,4
397,host-20,3,0,14,3,0,0,0.162469,0,32000,5199,0.162469,131072,5950,0.045395,0,0,3
397,host-21,3,0,14,3,0,0,0.172687,0,32000,5526,0.172687,131072,6170,0.047073,0,0,3
397,host-22,5,1,14,5,1,0,0.200500,0,32000,6416,0.200500,131072,5724,0.043671,0,1,4
397,host-23,4,0,14,4,0,0,0.169250,0,32000,5416,0.169250,131072,4669,0.035622,0,0,4
397,host-24,5,0,14,5,0,0,0.254375,0,32000,8140,0.254375,131072,9678,0.073837,0,0,5
397,host-3,4,1,14,4,1,0,0.182188,0,32000,5830,0.182188,131072,6957,0.053078,0,1,3
397,host-4,4,0,14,4,0,0,0.215938,0,32000,6910,0.215938,131072,6512,0.049683,0,0,4
397,host-5,4,1,14,4,1,0,0.202531,0,32000,6481,0.202531,131072,6511,0.049675,1,0,3
397,host-6,5,2,14,5,2,0,0.224656,0,32000,7189,0.224656,131072,6570,0.050125,2,0,3
397,host-7,5,1,14,5,1,0,0.227781,0,32000,7289,0.227781,131072,6651,0.050743,1,0,4
397,host-8,4,0,14,4,0,0,0.208844,0,32000,6683,0.208844,131072,7054,0.053818,0,0,4
397,host-9,4,0,14,4,0,0,0.183438,0,32000,5870,0.183438,131072,4422,0.033737,0,0,4
398,host-1,4,0,14,4,0,0,0.170844,0,32000,5467,0.170844,131072,5184,0.039551,0,0,4
398,host-10,3,1,14,3,1,0,0.162781,0,32000,5209,0.162781,131072,5148,0.039276,0,1,2
398,host-11,4,0,14,4,0,0,0.176750,0,32000,5656,0.176750,131072,5969,0.045540,0,0,4
398,host-12,4,0,14,4,0,0,0.183969,0,32000,5887,0.183969,131072,6103,0.046562,0,0,4
398,host-13,4,1,14,4,1,0,0.238500,0,32000,7632,0.238500,131072,8054,0.061447,0,1,3
398,host-14,4,2,14,4,2,0,0.219062,0,32000,7010,0.219062,131072,7135,0.054436,0,2,2
398,host-15,4,1,14,4,1,0,0.203813,0,32000,6522,0.203813,131072,5491,0.041893,1,0,3
398,host-16,4,0,14,4,0,0,0.189031,0,32000,6049,0.189031,131072,5502,0.041977,0,0,4
398,host-17,4,0,14,4,0,0,0.168594,0,32000,5395,0.168594,131072,5775,0.044060,0,0,4
398,host-18,5,1,14,5,1,0,0.217031,0,32000,6945,0.217031,131072,7906,0.060318,0,1,4
398,host-19,4,0,14,4,0,0,0.188656,0,32000,6037,0.188656,131072,5572,0.042511,0,0,4
398,host-2,4,0,14,4,0,0,0.179250,0,32000,5736,0.179250,131072,5569,0.042488,0,0,4
398,host-20,3,0,14,3,0,0,0.162469,0,32000,5199,0.162469,131072,5950,0.045395,0,0,3
398,host-21,3,0,14,3,0,0,0.172687,0,32000,5526,0.172687,131072,6170,0.047073,0,0,3
398,host-22,5,0,14,5,0,0,0.200500,0,32000,6416,0.200500,131072,5724,0.043671,0,0,5
398,host-23,4,0,14,4,0,0,0.169250,0,32000,5416,0.169250,131072,4669,0.035622,0,0,4
398,host-24,5,0,14,5,0,0,0.254375,0,32000,8140,0.254375,131072,9678,0.073837,0,0,5
398,host-3,4,0,14,4,0,0,0.182188,0,32000,5830,0.182188,131072,6957,0.053078,0,0,4
398,host-4,4,0,14,4,0,0,0.215938,0,32000,6910,0.215938,131072,6512,0.049683,0,0,4
398,host-5,4,1,14,4,1,0,0.202531,0,32000,6481,0.202531,131072,6511,0.049675,1,0,3
398,host-6,5,1,14,5,1,0,0.224656,0,32000,7189,0.224656,131072,6570,0.050125,0,1,4
398,host-7,5,1,14,5,1,0,0.227781,0,32000,7289,0.227781,131072,6651,0.050743,1,0,4
398,host-8,4,0,14,4,0,0,0.208844,0,32000,6683,0.208844,131072,7054,0.053818,0,0,4
398,host-9,4,0,14,4,0,0,0.183438,0,32000,5870,0.183438,131072,4422,0.033737,0,0,4
399,host-1,4,0,14,4,0,0,0.170844,0,32000,5467,0.170844,131072,5184,0.039551,0,0,4
399,host-10,3,0,14,3,0,0,0.162781,0,32000,5209,0.162781,131072,5148,0.039276,0,0,3
399,host-11,4,1,14,4,1,0,0.176750,0,32000,5656,0.176750,131072,5969,0.045540,0,1,3
399,host-12,4,0,14,4,0,0,0.183969,0,32000,5887,0.183969,131072,6103,0.046562,0,0,4
399,host-13,4,0,14,4,0,0,0.238500,0,32000,7632,0.238500,131072,8054,0.061447,0,0,4
399,host-14,4,0,14,4,0,0,0.219062,0,32000,7010,0.219062,131072,7135,0.054436,0,0,4
399,host-15,4,0,14,4,0,0,0.203813,0,32000,6522,0.203813,131072,5491,0.041893,0,0,4
399,host-16,4,0,14,4,0,0,0.189031,0,32000,6049,0.189031,131072,5502,0.041977,0,0,4
399,host-17,4,1,14,4,1,0,0.168594,0,32000,5395,0.168594,131072,5775,0.044060,0,1,3
399,host-18,5,0,14,5,0,0,0.217031,0,32000,6945,0.217031,131072,7906,0.060318,0,0,5
399,host-19,4,0,14,4,0,0,0.188656,0,32000,6037,0.188656,131072,5572,0.042511,0,0,4
399,host-2,4,0,14,4,0,0,0.179250,0,32000,5736,0.179250,131072,5569,0.042488,0,0,4
399,host-20,4,1,14,4,1,0,0.215406,0,32000,6893,0.215406,131072,8211,0.062645,1,0,3
399,host-21,3,0,14,3,0,0,0.172687,0,32000,5526,0.172687,131072,6170,0.047073,0,0,3
399,host-22,5,0,14,5,0,0,0.200500,0,32000,6416,0.200500,131072,5724,0.043671,0,0,5
399,host-23,4,1,14,4,1,0,0.169250,0,32000,5416,0.169250,131072,4669,0.035622,0,1,3
399,host-24,5,0,14,5,0,0,0.254375,0,32000,8140,0.254375,131072,9678,0.073837,0,0,5
399,host-3,4,0,14,4,0,0,0.182188,0,32000,5830,0.182188,131072,6957,0.053078,0,0,4
399,host-4,4,1,14,4,1,0,0.215938,0,32000,6910,0.215938,131072,6512,0.049683,0,1,3
399,host-5,4,2,14,4,2,0,0.202531,0,32000,6481,0.202531,131072,6511,0.049675,0,2,2
399,host-6,5,0,14,5,0,0,0.224656,0,32000,7189,0.224656,131072,6570,0.050125,0,0,5
399,host-7,5,0,14,5,0,0,0.227781,0,32000,7289,0.227781,131072,6651,0.050743,0,0,5
399,host-8,4,0,14,4,0,0,0.208844,0,32000,6683,0.208844,131072,7054,0.053818,0,0,4
399,host-9,4,0,14,4,0,0,0.183438,0,32000,5870,0.183438,131072,4422,0.033737,0,0,4
400,host-1,4,0,14,4,0,0,0.170844,0,32000,5467,0.170844,131072,5184,0.039551,0,0,4
400,host-10,4,1,14,4,1,0,0.219344,0,32000,7019,0.219344,131072,7551,0.057610,1,0,3
400,host-11,4,0,14,4,0,0,0.176750,0,32000,5656,0.176750,131072,5969,0.045540,0,0,4
400,host-12,4,0,14,4,0,0,0.183969,0,32000,5887,0.183969,131072,6103,0.046562,0,0,4
400,host-13,4,0,14,4,0,0,0.238500,0,32000,7632,0.238500,131072,8054,0.061447,0,0,4
400,host-14,4,1,14,4,1,0,0.219062,0,32000,7010,0.219062,131072,7135,0.054436,0,1,3
400,host-15,3,0,14,3,0,0,0.159312,0,32000,5098,0.159312,131072,4343,0.033134,0,0,3
400,host-16,4,0,14,4,0,0,0.189031,0,32000,6049,0.189031,131072,5502,0.041977,0,0,4
400,host-17,4,0,14,4,0,0,0.168594,0,32000,5395,0.168594,131072,5775,0.044060,0,0,4
400,host-18,5,0,14,5,0,0,0.217031,0,32000,6945,0.217031,131072,7906,0.060318,0,0,5
400,host-19,4,0,14,4,0,0,0.188656,0,32000,6037,0.188656,131072,5572,0.042511,0,0,4
400,host-2,4,0,14,4,0,0,0.179250,0,32000,5736,0.179250,131072,5569,0.042488,0,0,4
400,host-20,4,0,14,4,0,0,0.215406,0,32000,6893,0.215406,131072,8211,0.062645,0,0,4
400,host-21,3,0,14,3,0,0,0.172687,0,32000,5526,0.172687,131072,6170,0.047073,0,0,3
400,host-22,5,0,14,5,0,0,0.200500,0,32000,6416,0.200500,131072,5724,0.043671,0,0,5
400,host-23,3,0,14,3,0,0,0.120875,0,32000,3868,0.120875,131072,3626,0.027664,0,0,3
400,host-24,5,0,14,5,0,0,0.254375,0,32000,8140,0.254375,131072,9678,0.073837,0,0,5
400,host-3,4,0,14,4,0,0,0.182188,0,32000,5830,0.182188,131072,6957,0.053078,0,0,4
400,host-4,4,0,14,4,0,0,0.215938,0,32000,6910,0.215938,131072,6512,0.049683,0,0,4
400,host-5,4,1,14,4,1,0,0.202531,0,32000,6481,0.202531,131072,6511,0.049675,0,1,3
400,host-6,5,0,14,5,0,0,0.224656,0,32000,7189,0.224656,131072,6570,0.050125,0,0,5
400,host-7,5,0,14,5,0,0,0.227781,0,32000,7289,0.227781,131072,6651,0.050743,0,0,5
400,host-8,4,0,14,4,0,0,0.208844,0,32000,6683,0.208844,131072,7054,0.053818,0,0,4
400,host-9,4,0,14,4,0,0,0.183438,0,32000,5870,0.183438,131072,4422,0.033737,0,0,4
401,host-1,4,0,14,4,0,0,0.170844,0,32000,5467,0.170844,131072,5184,0.039551,0,0,4
401,host-10,4,0,14,4,0,0,0.219344,0,32000,7019,0.219344,131072,7551,0.057610,0,0,4
401,host-11,4,0,14,4,0,0,0.176750,0,32000,5656,0.176750,131072,5969,0.045540,0,0,4
401,host-12,2,0,14,2,0,0,0.117938,0,32000,3774,0.117938,131072,3785,0.028877,0,0,2
401,host-13,4,0,14,4,0,0,0.238500,0,32000,7632,0.238500,131072,8054,0.061447,0,0,4
401,host-14,4,0,14,4,0,0,0.219062,0,32000,7010,0.219062,131072,7135,0.054436,0,0,4
401,host-15,3,0,14,3,0,0,0.159312,0,32000,5098,0.159312,131072,4343,0.033134,0,0,3
401,host-16,4,0,14,4,0,0,0.189031,0,32000,6049,0.189031,131072,5502,0.041977,0,0,4
401,host-17,4,1,14,4,1,0,0.168594,0,32000,5395,0.168594,131072,5775,0.044060,0,1,3
401,host-18,5,0,14,5,0,0,0.217031,0,32000,6945,0.217031,131072,7906,0.060318,0,0,5
401,host-19,4,0,14,4,0,0,0.188656,0,32000,6037,0.188656,131072,5572,0.042511,0,0,4
401,host-2,4,0,14,4,0,0,0.179250,0,32000,5736,0.179250,131072,5569,0.042488,0,0,4
401,host-20,4,0,14,4,0,0,0.215406,0,32000,6893,0.215406,131072,8211,0.062645,0,0,4
401,host-21,3,0,14,3,0,0,0.172687,0,32000,5526,0.172687,131072,6170,0.047073,0,0,3
401,host-22,5,0,14,5,0,0,0.200500,0,32000,6416,0.200500,131072,5724,0.043671,0,0,5
401,host-23,3,0,14,3,0,0,0.120875,0,32000,3868,0.120875,131072,3626,0.027664,0,0,3
401,host-24,5,0,14,5,0,0,0.254375,0,32000,8140,0.254375,131072,9678,0.073837,0,0,5
401,host-3,4,1,14,4,1,0,0.182188,0,32000,5830,0.182188,131072,6957,0.053078,0,1,3
401,host-4,4,0,14,4,0,0,0.215938,0,32000,6910,0.215938,131072,6512,0.049683,0,0,4
401,host-5,4,1,14,4,1,0,0.202531,0,32000,6481,0.202531,131072,6511,0.049675,0,1,3
401,host-6,4,0,14,4,0,0,0.182125,0,32000,5828,0.182125,131072,5972,0.045563,0,0,4
401,host-7,5,0,14,5,0,0,0.227781,0,32000,7289,0.227781,131072,6651,0.050743,0,0,5
401,host-8,4,0,14,4,0,0,0.208844,0,32000,6683,0.208844,131072,7054,0.053818,0,0,4
401,host-9,4,0,14,4,0,0,0.183438,0,32000,5870,0.183438,131072,4422,0.033737,0,0,4
402,host-1,4,0,14,4,0,0,0.170844,0,32000,5467,0.170844,131072,5184,0.039551,0,0,4
402,host-10,4,0,14,4,0,0,0.219344,0,32000,7019,0.219344,131072,7551,0.057610,0,0,4
402,host-11,4,0,14,4,0,0,0.176750,0,32000,5656,0.176750,131072,5969,0.045540,0,0,4
402,host-12,2,0,14,2,0,0,0.117938,0,32000,3774,0.117938,131072,3785,0.028877,0,0,2
402,host-13,4,0,14,4,0,0,0.238500,0,32000,7632,0.238500,131072,8054,0.061447,0,0,4
402,host-14,3,0,14,3,0,0,0.166094,0,32000,5315,0.166094,131072,5003,0.038170,0,0,3
402,host-15,3,0,14,3,0,0,0.159312,0,32000,5098,0.159312,131072,4343,0.033134,0,0,3
402,host-16,4,0,14,4,0,0,0.189031,0,32000,6049,0.189031,131072,5502,0.041977,0,0,4
402,host-17,4,0,14,4,0,0,0.168594,0,32000,5395,0.168594,131072,5775,0.044060,0,0,4
402,host-18,4,0,14,4,0,0,0.175750,0,32000,5624,0.175750,131072,6285,0.047951,0,0,4
402,host-19,4,0,14,4,0,0,0.188656,0,32000,6037,0.188656,131072,5572,0.042511,0,0,4
402,host-2,4,0,14,4,0,0,0.179250,0,32000,5736,0.179250,131072,5569,0.042488,0,0,4
402,host-20,4,0,14,4,0,0,0.215406,0,32000,6893,0.215406,131072,8211,0.062645,0,0,4
402,host-21,2,0,14,2,0,0,0.142875,0,32000,4572,0.142875,131072,5529,0.042183,0,0,2
402,host-22,5,0,14,5,0,0,0.200500,0,32000,6416,0.200500,131072,5724,0.043671,0,0,5
402,host-23,3,0,14,3,0,0,0.120875,0,32000,3868,0.120875,131072,3626,0.027664,0,0,3
402,host-24,5,0,14,5,0,0,0.254375,0,32000,8140,0.254375,131072,9678,0.073837,0,0,5
402,host-3,4,0,14,4,0,0,0.182188,0,32000,5830,0.182188,131072,6957,0.053078,0,0,4
402,host-4,4,1,14,4,1,0,0.215938,0,32000,6910,0.215938,131072,6512,0.049683,0,1,3
402,host-5,4,1,14,4,1,0,0.202531,0,32000,6481,0.202531,131072,6511,0.049675,0,1,3
402,host-6,4,0,14,4,0,0,0.182125,0,32000,5828,0.182125,131072,5972,0.045563,0,0,4
402,host-7,4,0,14,4,0,0,0.164594,0,32000,5267,0.164594,131072,4382,0.033432,0,0,4
402,host-8,3,0,14,3,0,0,0.164656,0,32000,5269,0.164656,131072,5483,0.041832,0,0,3
402,host-9,3,0,14,3,0,0,0.140625,0,32000,4500,0.140625,131072,3225,0.024605,0,0,3
403,host-1,4,0,14,4,0,0,0.170844,0,32000,5467,0.170844,131072,5184,0.039551,0,0,4
403,host-10,4,0,14,4,0,0,0.219344,0,32000,7019,0.219344,131072,7551,0.057610,0,0,4
403,host-11,4,1,14,4,1,0,0.176750,0,32000,5656,0.176750,131072,5969,0.045540,0,1,3
403,host-12,3,1,14,3,1,0,0.160656,0,32000,5141,0.160656,131072,5027,0.038353,1,0,2
403,host-13,4,1,14,4,1,0,0.238500,0,32000,7632,0.238500,131072,8054,0.061447,0,1,3
403,host-14,3,1,14,3,1,0,0.166094,0,32000,5315,0.166094,131072,5003,0.038170,0,1,2
403,host-15,3,0,14,3,0,0,0.159312,0,32000,5098,0.159312,131072,4343,0.033134,0,0,3
403,host-16,3,0,14,3,0,0,0.120906,0,32000,3869,0.120906,131072,2771,0.021141,0,0,3
403,host-17,4,0,14,4,0,0,0.168594,0,32000,5395,0.168594,131072,5775,0.044060,0,0,4
403,host-18,4,0,14,4,0,0,0.175750,0,32000,5624,0.175750,131072,6285,0.047951,0,0,4
403,host-19,4,0,14,4,0,0,0.188656,0,32000,6037,0.188656,131072,5572,0.042511,0,0,4
403,host-2,4,0,14,4,0,0,0.179250,0,32000,5736,0.179250,131072,5569,0.042488,0,0,4
403,host-20,4,0,14,4,0,0,0.215406,0,32000,6893,0.215406,131072,8211,0.062645,0,0,4
403,host-21,2,0,14,2,0,0,0.142875,0,32000,4572,0.142875,131072,5529,0.042183,0,0,2
403,host-22,5,0,14,5,0,0,0.200500,0,32000,6416,0.200500,131072,5724,0.043671,0,0,5
403,host-23,4,1,14,4,1,0,0.165375,0,32000,5292,0.165375,131072,4774,0.036423,1,0,3
403,host-24,5,0,14,5,0,0,0.254375,0,32000,8140,0.254375,131072,9678,0.073837,0,0,5
403,host-3,4,0,14,4,0,0,0.182188,0,32000,5830,0.182188,131072,6957,0.053078,0,0,4
403,host-4,4,0,14,4,0,0,0.215938,0,32000,6910,0.215938,131072,6512,0.049683,0,0,4
403,host-5,4,0,14,4,0,0,0.202531,0,32000,6481,0.202531,131072,6511,0.049675,0,0,4
403,host-6,4,0,14,4,0,0,0.182125,0,32000,5828,0.182125,131072,5972,0.045563,0,0,4
403,host-7,4,0,14,4,0,0,0.164594,0,32000,5267,0.164594,131072,4382,0.033432,0,0,4
403,host-8,3,1,14,3,1,0,0.164656,0,32000,5269,0.164656,131072,5483,0.041832,0,1,2
403,host-9,2,0,14,2,0,0,0.116250,0,32000,3720,0.116250,131072,2595,0.019798,0,0,2
404,host-1,4,0,14,4,0,0,0.170844,0,32000,5467,0.170844,131072,5184,0.039551,0,0,4
404,host-10,4,0,14,4,0,0,0.219344,0,32000,7019,0.219344,131072,7551,0.057610,0,0,4
404,host-11,4,0,14,4,0,0,0.176750,0,32000,5656,0.176750,131072,5969,0.045540,0,0,4
404,host-12,3,1,14,3,1,0,0.160656,0,32000,5141,0.160656,131072,5027,0.038353,0,1,2
404,host-13,4,0,14,4,0,0,0.238500,0,32000,7632,0.238500,131072,8054,0.061447,0,0,4
404,host-14,3,0,14,3,0,0,0.166094,0,32000,5315,0.166094,131072,5003,0.038170,0,0,3
404,host-15,3,0,14,3,0,0,0.159312,0,32000,5098,0.159312,131072,4343,0.033134,0,0,3
404,host-16,4,1,14,4,1,0,0.169281,0,32000,5417,0.169281,131072,3814,0.029099,1,0,3
404,host-17,3,0,14,3,0,0,0.132844,0,32000,4251,0.132844,131072,4467,0.034081,0,0,3
404,host-18,4,0,14,4,0,0,0.175750,0,32000,5624,0.175750,131072,6285,0.047951,0,0,4
404,host-19,4,0,14,4,0,0,0.188656,0,32000,6037,0.188656,131072,5572,0.042511,0,0,4
404,host-2,4,0,14,4,0,0,0.179250,0,32000,5736,0.179250,131072,5569,0.042488,0,0,4
404,host-20,4,0,14,4,0,0,0.215406,0,32000,6893,0.215406,131072,8211,0.062645,0,0,4
404,host-21,2,0,14,2,0,0,0.142875,0,32000,4572,0.142875,131072,5529,0.042183,0,0,2
404,host-22,5,0,14,5,0,0,0.200500,0,32000,6416,0.200500,131072,5724,0.043671,0,0,5
404,host-23,4,0,14,4,0,0,0.165375,0,32000,5292,0.165375,131072,4774,0.036423,0,0,4
404,host-24,5,0,14,5,0,0,0.254375,0,32000,8140,0.254375,131072,9678,0.073837,0,0,5
404,host-3,4,0,14,4,0,0,0.182188,0,32000,5830,0.182188,131072,6957,0.053078,0,0,4
404,host-4,4,0,14,4,0,0,0.215938,0,32000,6910,0.215938,131072,6512,0.049683,0,0,4
404,host-5,4,0,14,4,0,0,0.202531,0,32000,6481,0.202531,131072,6511,0.049675,0,0,4
404,host-6,4,0,14,4,0,0,0.182125,0,32000,5828,0.182125,131072,5972,0.045563,0,0,4
404,host-7,4,0,14,4,0,0,0.164594,0,32000,5267,0.164594,131072,4382,0.033432,0,0,4
404,host-8,3,0,14,3,0,0,0.164656,0,32000,5269,0.164656,131072,5483,0.041832,0,0,3
404,host-9,3,1,14,3,1,0,0.140625,0,32000,4500,0.140625,131072,3641,0.027779,1,0,2
405,host-1,4,0,14,4,0,0,0.170844,0,32000,5467,0.170844,131072,5184,0.039551,0,0,4
405,host-10,4,0,14,4,0,0,0.219344,0,32000,7019,0.219344,131072,7551,0.057610,0,0,4
405,host-11,4,0,14,4,0,0,0.176750,0,32000,5656,0.176750,131072,5969,0.045540,0,0,4
405,host-12,3,0,14,3,0,0,0.160656,0,32000,5141,0.160656,131072,5027,0.038353,0,0,3
405,host-13,4,0,14,4,0,0,0.238500,0,32000,7632,0.238500,131072,8054,0.061447,0,0,4
405,host-14,3,0,14,3,0,0,0.166094,0,32000,5315,0.166094,131072,5003,0.038170,0,0,3
405,host-15,3,0,14,3,0,0,0.159312,0,32000,5098,0.159312,131072,4343,0.033134,0,0,3
405,host-16,4,1,14,4,1,0,0.169281,0,32000,5417,0.169281,131072,3814,0.029099,1,0,3
405,host-17,4,1,14,4,1,0,0.164375,0,32000,5260,0.164375,131072,5794,0.044205,0,1,3
405,host-18,4,0,14,4,0,0,0.175750,0,32000,5624,0.175750,131072,6285,0.047951,0,0,4
405,host-19,4,0,14,4,0,0,0.188656,0,32000,6037,0.188656,131072,5572,0.042511,0,0,4
405,host-2,4,0,14,4,0,0,0.179250,0,32000,5736,0.179250,131072,5569,0.042488,0,0,4
405,host-20,4,0,14,4,0,0,0.215406,0,32000,6893,0.215406,131072,8211,0.062645,0,0,4
405,host-21,2,0,14,2,0,0,0.142875,0,32000,4572,0.142875,131072,5529,0.042183,0,0,2
405,host-22,5,0,14,5,0,0,0.200500,0,32000,6416,0.200500,131072,5724,0.043671,0,0,5
405,host-23,4,0,14,4,0,0,0.165375,0,32000,5292,0.165375,131072,4774,0.036423,0,0,4
405,host-24,5,0,14,5,0,0,0.254375,0,32000,8140,0.254375,131072,9678,0.073837,0,0,5
405,host-3,4,0,14,4,0,0,0.182188,0,32000,5830,0.182188,131072,6957,0.053078,0,0,4
405,host-4,4,1,14,4,1,0,0.215938,0,32000,6910,0.215938,131072,6512,0.049683,0,1,3
405,host-5,4,0,14,4,0,0,0.202531,0,32000,6481,0.202531,131072,6511,0.049675,0,0,4
405,host-6,4,0,14,4,0,0,0.182125,0,32000,5828,0.182125,131072,5972,0.045563,0,0,4
405,host-7,4,0,14,4,0,0,0.164594,0,32000,5267,0.164594,131072,4382,0.033432,0,0,4
405,host-8,3,0,14,3,0,0,0.164656,0,32000,5269,0.164656,131072,5483,0.041832,0,0,3
405,host-9,4,1,14,4,1,0,0.185406,0,32000,5933,0.185406,131072,4976,0.037964,1,0,3
406,host-1,4,0,14,4,0,0,0.170844,0,32000,5467,0.170844,131072,5184,0.039551,0,0,4
406,host-10,4,0,14,4,0,0,0.219344,0,32000,7019,0.219344,131072,7551,0.057610,0,0,4
406,host-11,4,0,14,4,0,0,0.176750,0,32000,5656,0.176750,131072,5969,0.045540,0,0,4
406,host-12,3,0,14,3,0,0,0.160656,0,32000,5141,0.160656,131072,5027,0.038353,0,0,3
406,host-13,4,1,14,4,1,0,0.238500,0,32000,7632,0.238500,131072,8054,0.061447,0,1,3
406,host-14,3,0,14,3,0,0,0.166094,0,32000,5315,0.166094,131072,5003,0.038170,0,0,3
406,host-15,3,0,14,3,0,0,0.159312,0,32000,5098,0.159312,131072,4343,0.033134,0,0,3
406,host-16,4,0,14,4,0,0,0.169281,0,32000,5417,0.169281,131072,3814,0.029099,0,0,4
406,host-17,4,0,14,4,0,0,0.164375,0,32000,5260,0.164375,131072,5794,0.044205,0,0,4
406,host-18,4,0,14,4,0,0,0.175750,0,32000,5624,0.175750,131072,6285,0.047951,0,0,4
406,host-19,4,0,14,4,0,0,0.188656,0,32000,6037,0.188656,131072,5572,0.042511,0,0,4
406,host-2,4,0,14,4,0,0,0.179250,0,32000,5736,0.179250,131072,5569,0.042488,0,0,4
406,host-20,4,0,14,4,0,0,0.215406,0,32000,6893,0.215406,131072,8211,0.062645,0,0,4
406,host-21,2,0,14,2,0,0,0.142875,0,32000,4572,0.142875,131072,5529,0.042183,0,0,2
406,host-22,5,0,14,5,0,0,0.200500,0,32000,6416,0.200500,131072,5724,0.043671,0,0,5
406,host-23,4,0,14,4,0,0,0.165375,0,32000,5292,0.165375,131072,4774,0.036423,0,0,4
406,host-24,5,1,14,5,1,0,0.254375,0,32000,8140,0.254375,131072,9678,0.073837,0,1,4
406,host-3,4,0,14,4,0,0,0.182188,0,32000,5830,0.182188,131072,6957,0.053078,0,0,4
406,host-4,4,0,14,4,0,0,0.215938,0,32000,6910,0.215938,131072,6512,0.049683,0,0,4
406,host-5,4,0,14,4,0,0,0.202531,0,32000,6481,0.202531,131072,6511,0.049675,0,0,4
406,host-6,4,1,14,4,1,0,0.182125,0,32000,5828,0.182125,131072,5972,0.045563,0,1,3
406,host-7,4,0,14,4,0,0,0.164594,0,32000,5267,0.164594,131072,4382,0.033432,0,0,4
406,host-8,3,0,14,3,0,0,0.164656,0,32000,5269,0.164656,131072,5483,0.041832,0,0,3
406,host-9,4,1,14,4,1,0,0.185406,0,32000,5933,0.185406,131072,4976,0.037964,0,1,3
407,host-1,4,0,14,4,0,0,0.170844,0,32000,5467,0.170844,131072,5184,0.039551,0,0,4
407,host-10,4,0,14,4,0,0,0.219344,0,32000,7019,0.219344,131072,7551,0.057610,0,0,4
407,host-11,4,1,14,4,1,0,0.176750,0,32000,5656,0.176750,131072,5969,0.045540,0,1,3
407,host-12,2,0,14,2,0,0,0.085844,0,32000,2747,0.085844,131072,2491,0.019005,0,0,2
407,host-13,4,0,14,4,0,0,0.238500,0,32000,7632,0.238500,131072,8054,0.061447,0,0,4
407,host-14,3,0,14,3,0,0,0.166094,0,32000,5315,0.166094,131072,5003,0.038170,0,0,3
407,host-15,4,1,14,4,1,0,0.227437,0,32000,7278,0.227437,131072,7074,0.053970,1,0,3
407,host-16,4,0,14,4,0,0,0.169281,0,32000,5417,0.169281,131072,3814,0.029099,0,0,4
407,host-17,4,0,14,4,0,0,0.164375,0,32000,5260,0.164375,131072,5794,0.044205,0,0,4
407,host-18,4,0,14,4,0,0,0.175750,0,32000,5624,0.175750,131072,6285,0.047951,0,0,4
407,host-19,4,0,14,4,0,0,0.188656,0,32000,6037,0.188656,131072,5572,0.042511,0,0,4
407,host-2,4,0,14,4,0,0,0.179250,0,32000,5736,0.179250,131072,5569,0.042488,0,0,4
407,host-20,4,0,14,4,0,0,0.215406,0,32000,6893,0.215406,131072,8211,0.062645,0,0,4
407,host-21,3,1,14,3,1,0,0.182875,0,32000,5852,0.182875,131072,6129,0.046761,1,0,2
407,host-22,5,0,14,5,0,0,0.200500,0,32000,6416,0.200500,131072,5724,0.043671,0,0,5
407,host-23,4,0,14,4,0,0,0.165375,0,32000,5292,0.165375,131072,4774,0.036423,0,0,4
407,host-24,5,0,14,5,0,0,0.254375,0,32000,8140,0.254375,131072,9678,0.073837,0,0,5
407,host-3,4,0,14,4,0,0,0.182188,0,32000,5830,0.182188,131072,6957,0.053078,0,0,4
407,host-4,3,0,14,3,0,0,0.165656,0,32000,5301,0.165656,131072,4983,0.038017,0,0,3
407,host-5,4,0,14,4,0,0,0.202531,0,32000,6481,0.202531,131072,6511,0.049675,0,0,4
407,host-6,4,0,14,4,0,0,0.182125,0,32000,5828,0.182125,131072,5972,0.045563,0,0,4
407,host-7,4,0,14,4,0,0,0.164594,0,32000,5267,0.164594,131072,4382,0.033432,0,0,4
407,host-8,3,0,14,3,0,0,0.164656,0,32000,5269,0.164656,131072,5483,0.041832,0,0,3
407,host-9,4,0,14,4,0,0,0.185406,0,32000,5933,0.185406,131072,4976,0.037964,0,0,4
408,host-1,4,0,14,4,0,0,0.170844,0,32000,5467,0.170844,131072,5184,0.039551,0,0,4
408,host-10,4,0,14,4,0,0,0.219344,0,32000,7019,0.219344,131072,7551,0.057610,0,0,4
408,host-11,4,0,14,4,0,0,0.176750,0,32000,5656,0.176750,131072,5969,0.045540,0,0,4
408,host-12,4,2,14,4,2,0,0.204125,0,32000,6532,0.204125,131072,6907,0.052696,2,0,2
408,host-13,4,0,14,4,0,0,0.238500,0,32000,7632,0.238500,131072,8054,0.061447,0,0,4
408,host-14,3,0,14,3,0,0,0.166094,0,32000,5315,0.166094,131072,5003,0.038170,0,0,3
408,host-15,4,1,14,4,1,0,0.227437,0,32000,7278,0.227437,131072,7074,0.053970,1,0,3
408,host-16,4,0,14,4,0,0,0.169281,0,32000,5417,0.169281,131072,3814,0.029099,0,0,4
408,host-17,4,0,14,4,0,0,0.164375,0,32000,5260,0.164375,131072,5794,0.044205,0,0,4
408,host-18,4,0,14,4,0,0,0.175750,0,32000,5624,0.175750,131072,6285,0.047951,0,0,4
408,host-19,4,0,14,4,0,0,0.188656,0,32000,6037,0.188656,131072,5572,0.042511,0,0,4
408,host-2,4,0,14,4,0,0,0.179250,0,32000,5736,0.179250,131072,5569,0.042488,0,0,4
408,host-20,4,0,14,4,0,0,0.215406,0,32000,6893,0.215406,131072,8211,0.062645,0,0,4
408,host-21,3,0,14,3,0,0,0.182875,0,32000,5852,0.182875,131072,6129,0.046761,0,0,3
408,host-22,5,0,14,5,0,0,0.200500,0,32000,6416,0.200500,131072,5724,0.043671,0,0,5
408,host-23,4,1,14,4,1,0,0.165375,0,32000,5292,0.165375,131072,4774,0.036423,0,1,3
408,host-24,5,0,14,5,0,0,0.254375,0,32000,8140,0.254375,131072,9678,0.073837,0,0,5
408,host-3,4,0,14,4,0,0,0.182188,0,32000,5830,0.182188,131072,6957,0.053078,0,0,4
408,host-4,3,0,14,3,0,0,0.165656,0,32000,5301,0.165656,131072,4983,0.038017,0,0,3
408,host-5,4,0,14,4,0,0,0.202531,0,32000,6481,0.202531,131072,6511,0.049675,0,0,4
408,host-6,4,0,14,4,0,0,0.182125,0,32000,5828,0.182125,131072,5972,0.045563,0,0,4
408,host-7,4,0,14,4,0,0,0.164594,0,32000,5267,0.164594,131072,4382,0.033432,0,0,4
408,host-8,3,0,14,3,0,0,0.164656,0,32000,5269,0.164656,131072,5483,0.041832,0,0,3
408,host-9,4,0,14,4,0,0,0.185406,0,32000,5933,0.185406,131072,4976,0.037964,0,0,4
409,host-1,4,0,14,4,0,0,0.170844,0,32000,5467,0.170844,131072,5184,0.039551,0,0,4
409,host-10,4,0,14,4,0,0,0.219344,0,32000,7019,0.219344,131072,7551,0.057610,0,0,4
409,host-11,4,0,14,4,0,0,0.176750,0,32000,5656,0.176750,131072,5969,0.045540,0,0,4
409,host-12,4,1,14,4,1,0,0.204125,0,32000,6532,0.204125,131072,6907,0.052696,0,1,3
409,host-13,3,1,14,3,1,0,0.181000,0,32000,5792,0.181000,131072,5865,0.044746,0,1,2
409,host-14,3,0,14,3,0,0,0.166094,0,32000,5315,0.166094,131072,5003,0.038170,0,0,3
409,host-15,4,1,14,4,1,0,0.227437,0,32000,7278,0.227437,131072,7074,0.053970,0,1,3
409,host-16,4,0,14,4,0,0,0.169281,0,32000,5417,0.169281,131072,3814,0.029099,0,0,4
409,host-17,5,1,14,5,1,0,0.202563,0,32000,6482,0.202563,131072,6509,0.049660,0,1,4
409,host-18,4,0,14,4,0,0,0.175750,0,32000,5624,0.175750,131072,6285,0.047951,0,0,4
409,host-19,4,0,14,4,0,0,0.188656,0,32000,6037,0.188656,131072,5572,0.042511,0,0,4
409,host-2,4,0,14,4,0,0,0.179250,0,32000,5736,0.179250,131072,5569,0.042488,0,0,4
409,host-20,4,0,14,4,0,0,0.215406,0,32000,6893,0.215406,131072,8211,0.062645,0,0,4
409,host-21,3,0,14,3,0,0,0.182875,0,32000,5852,0.182875,131072,6129,0.046761,0,0,3
409,host-22,5,0,14,5,0,0,0.200500,0,32000,6416,0.200500,131072,5724,0.043671,0,0,5
409,host-23,4,0,14,4,0,0,0.165375,0,32000,5292,0.165375,131072,4774,0.036423,0,0,4
409,host-24,4,0,14,4,0,0,0.197937,0,32000,6334,0.197937,131072,7554,0.057632,0,0,4
409,host-3,4,0,14,4,0,0,0.182188,0,32000,5830,0.182188,131072,6957,0.053078,0,0,4
409,host-4,3,0,14,3,0,0,0.165656,0,32000,5301,0.165656,131072,4983,0.038017,0,0,3
409,host-5,4,0,14,4,0,0,0.202531,0,32000,6481,0.202531,131072,6511,0.049675,0,0,4
409,host-6,4,0,14,4,0,0,0.182125,0,32000,5828,0.182125,131072,5972,0.045563,0,0,4
409,host-7,4,0,14,4,0,0,0.164594,0,32000,5267,0.164594,131072,4382,0.033432,0,0,4
409,host-8,3,0,14,3,0,0,0.164656,0,32000,5269,0.164656,131072,5483,0.041832,0,0,3
409,host-9,4,0,14,4,0,0,0.185406,0,32000,5933,0.185406,131072,4976,0.037964,0,0,4
410,host-1,4,0,14,4,0,0,0.170844,0,32000,5467,0.170844,131072,5184,0.039551,0,0,4
410,host-10,4,0,14,4,0,0,0.219344,0,32000,7019,0.219344,131072,7551,0.057610,0,0,4
410,host-11,4,0,14,4,0,0,0.176750,0,32000,5656,0.176750,131072,5969,0.045540,0,0,4
410,host-12,4,0,14,4,0,0,0.204125,0,32000,6532,0.204125,131072,6907,0.052696,0,0,4
410,host-13,3,0,14,3,0,0,0.181000,0,32000,5792,0.181000,131072,5865,0.044746,0,0,3
410,host-14,3,0,14,3,0,0,0.166094,0,32000,5315,0.166094,131072,5003,0.038170,0,0,3
410,host-15,4,0,14,4,0,0,0.227437,0,32000,7278,0.227437,131072,7074,0.053970,0,0,4
410,host-16,4,0,14,4,0,0,0.169281,0,32000,5417,0.169281,131072,3814,0.029099,0,0,4
410,host-17,5,0,14,5,0,0,0.202563,0,32000,6482,0.202563,131072,6509,0.049660,0,0,5
410,host-18,4,0,14,4,0,0,0.175750,0,32000,5624,0.175750,131072,6285,0.047951,0,0,4
410,host-19,4,0,14,4,0,0,0.188656,0,32000,6037,0.188656,131072,5572,0.042511,0,0,4
410,host-2,4,0,14,4,0,0,0.179250,0,32000,5736,0.179250,131072,5569,0.042488,0,0,4
410,host-20,4,0,14,4,0,0,0.215406,0,32000,6893,0.215406,131072,8211,0.062645,0,0,4
410,host-21,3,0,14,3,0,0,0.182875,0,32000,5852,0.182875,131072,6129,0.046761,0,0,3
410,host-22,5,0,14,5,0,0,0.200500,0,32000,6416,0.200500,131072,5724,0.043671,0,0,5
410,host-23,4,0,14,4,0,0,0.165375,0,32000,5292,0.165375,131072,4774,0.036423,0,0,4
410,host-24,4,0,14,4,0,0,0.197937,0,32000,6334,0.197937,131072,7554,0.057632,0,0,4
410,host-3,4,0,14,4,0,0,0.182188,0,32000,5830,0.182188,131072,6957,0.053078,0,0,4
410,host-4,3,0,14,3,0,0,0.165656,0,32000,5301,0.165656,131072,4983,0.038017,0,0,3
410,host-5,4,0,14,4,0,0,0.202531,0,32000,6481,0.202531,131072,6511,0.049675,0,0,4
410,host-6,4,0,14,4,0,0,0.182125,0,32000,5828,0.182125,131072,5972,0.045563,0,0,4
410,host-7,4,0,14,4,0,0,0.164594,0,32000,5267,0.164594,131072,4382,0.033432,0,0,4
410,host-8,3,0,14,3,0,0,0.164656,0,32000,5269,0.164656,131072,5483,0.041832,0,0,3
410,host-9,4,0,14,4,0,0,0.185406,0,32000,5933,0.185406,131072,4976,0.037964,0,0,4
411,host-1,4,0,14,4,0,0,0.170844,0,32000,5467,0.170844,131072,5184,0.039551,0,0,4
411,host-10,4,0,14,4,0,0,0.219344,0,32000,7019,0.219344,131072,7551,0.057610,0,0,4
411,host-11,4,0,14,4,0,0,0.176750,0,32000,5656,0.176750,131072,5969,0.045540,0,0,4
411,host-12,4,0,14,4,0,0,0.204125,0,32000,6532,0.204125,131072,6907,0.052696,0,0,4
411,host-13,3,0,14,3,0,0,0.181000,0,32000,5792,0.181000,131072,5865,0.044746,0,0,3
411,host-14,3,1,14,3,1,0,0.166094,0,32000,5315,0.166094,131072,5003,0.038170,0,1,2
411,host-15,4,0,14,4,0,0,0.227437,0,32000,7278,0.227437,131072,7074,0.053970,0,0,4
411,host-16,4,0,14,4,0,0,0.169281,0,32000,5417,0.169281,131072,3814,0.029099,0,0,4
411,host-17,5,0,14,5,0,0,0.202563,0,32000,6482,0.202563,131072,6509,0.049660,0,0,5
411,host-18,4,0,14,4,0,0,0.175750,0,32000,5624,0.175750,131072,6285,0.047951,0,0,4
411,host-19,4,0,14,4,0,0,0.188656,0,32000,6037,0.188656,131072,5572,0.042511,0,0,4
411,host-2,4,0,14,4,0,0,0.179250,0,32000,5736,0.179250,131072,5569,0.042488,0,0,4
411,host-20,4,0,14,4,0,0,0.215406,0,32000,6893,0.215406,131072,8211,0.062645,0,0,4
411,host-21,3,0,14,3,0,0,0.182875,0,32000,5852,0.182875,131072,6129,0.046761,0,0,3
411,host-22,5,0,14,5,0,0,0.200500,0,32000,6416,0.200500,131072,5724,0.043671,0,0,5
411,host-23,4,0,14,4,0,0,0.165375,0,32000,5292,0.165375,131072,4774,0.036423,0,0,4
411,host-24,4,0,14,4,0,0,0.197937,0,32000,6334,0.197937,131072,7554,0.057632,0,0,4
411,host-3,4,0,14,4,0,0,0.182188,0,32000,5830,0.182188,131072,6957,0.053078,0,0,4
411,host-4,3,0,14,3,0,0,0.165656,0,32000,5301,0.165656,131072,4983,0.038017,0,0,3
411,host-5,4,0,14,4,0,0,0.202531,0,32000,6481,0.202531,131072,6511,0.049675,0,0,4
411,host-6,4,0,14,4,0,0,0.182125,0,32000,5828,0.182125,131072,5972,0.045563,0,0,4
411,host-7,5,1,14,5,1,0,0.221031,0,32000,7073,0.221031,131072,6506,0.049637,1,0,4
411,host-8,3,0,14,3,0,0,0.164656,0,32000,5269,0.164656,131072,5483,0.041832,0,0,3
411,host-9,4,0,14,4,0,0,0.185406,0,32000,5933,0.185406,131072,4976,0.037964,0,0,4
412,host-1,4,0,14,4,0,0,0.170844,0,32000,5467,0.170844,131072,5184,0.039551,0,0,4
412,host-10,4,0,14,4,0,0,0.219344,0,32000,7019,0.219344,131072,7551,0.057610,0,0,4
412,host-11,4,0,14,4,0,0,0.176750,0,32000,5656,0.176750,131072,5969,0.045540,0,0,4
412,host-12,4,0,14,4,0,0,0.204125,0,32000,6532,0.204125,131072,6907,0.052696,0,0,4
412,host-13,3,0,14,3,0,0,0.181000,0,32000,5792,0.181000,131072,5865,0.044746,0,0,3
412,host-14,3,0,14,3,0,0,0.166094,0,32000,5315,0.166094,131072,5003,0.038170,0,0,3
412,host-15,4,0,14,4,0,0,0.227437,0,32000,7278,0.227437,131072,7074,0.053970,0,0,4
412,host-16,4,0,14,4,0,0,0.169281,0,32000,5417,0.169281,131072,3814,0.029099,0,0,4
412,host-17,5,0,14,5,0,0,0.202563,0,32000,6482,0.202563,131072,6509,0.049660,0,0,5
412,host-18,4,0,14,4,0,0,0.175750,0,32000,5624,0.175750,131072,6285,0.047951,0,0,4
412,host-19,3,0,14,3,0,0,0.161406,0,32000,5165,0.161406,131072,4700,0.035858,0,0,3
412,host-2,4,0,14,4,0,0,0.179250,0,32000,5736,0.179250,131072,5569,0.042488,0,0,4
412,host-20,4,0,14,4,0,0,0.215406,0,32000,6893,0.215406,131072,8211,0.062645,0,0,4
412,host-21,3,0,14,3,0,0,0.182875,0,32000,5852,0.182875,131072,6129,0.046761,0,0,3
412,host-22,5,0,14,5,0,0,0.200500,0,32000,6416,0.200500,131072,5724,0.043671,0,0,5
412,host-23,4,0,14,4,0,0,0.165375,0,32000,5292,0.165375,131072,4774,0.036423,0,0,4
412,host-24,4,0,14,4,0,0,0.197937,0,32000,6334,0.197937,131072,7554,0.057632,0,0,4
412,host-3,4,1,14,4,1,0,0.182188,0,32000,5830,0.182188,131072,6957,0.053078,0,1,3
412,host-4,3,1,14,3,1,0,0.165656,0,32000,5301,0.165656,131072,4983,0.038017,0,1,2
412,host-5,4,0,14,4,0,0,0.202531,0,32000,6481,0.202531,131072,6511,0.049675,0,0,4
412,host-6,4,1,14,4,1,0,0.182125,0,32000,5828,0.182125,131072,5972,0.045563,0,1,3
412,host-7,5,0,14,5,0,0,0.221031,0,32000,7073,0.221031,131072,6506,0.049637,0,0,5
412,host-8,4,2,14,4,2,0,0.213938,0,32000,6846,0.213938,131072,7410,0.056534,1,1,2
412,host-9,4,0,14,4,0,0,0.185406,0,32000,5933,0.185406,131072,4976,0.037964,0,0,4
413,host-1,4,0,14,4,0,0,0.170844,0,32000,5467,0.170844,131072,5184,0.039551,0,0,4
413,host-10,4,0,14,4,0,0,0.219344,0,32000,7019,0.219344,131072,7551,0.057610,0,0,4
413,host-11,4,0,14,4,0,0,0.176750,0,32000,5656,0.176750,131072,5969,0.045540,0,0,4
413,host-12,4,1,14,4,1,0,0.204125,0,32000,6532,0.204125,131072,6907,0.052696,0,1,3
413,host-13,3,0,14,3,0,0,0.181000,0,32000,5792,0.181000,131072,5865,0.044746,0,0,3
413,host-14,3,0,14,3,0,0,0.166094,0,32000,5315,0.166094,131072,5003,0.038170,0,0,3
413,host-15,4,0,14,4,0,0,0.227437,0,32000,7278,0.227437,131072,7074,0.053970,0,0,4
413,host-16,4,0,14,4,0,0,0.169281,0,32000,5417,0.169281,131072,3814,0.029099,0,0,4
413,host-17,5,0,14,5,0,0,0.202563,0,32000,6482,0.202563,131072,6509,0.049660,0,0,5
413,host-18,4,0,14,4,0,0,0.175750,0,32000,5624,0.175750,131072,6285,0.047951,0,0,4
413,host-19,4,1,14,4,1,0,0.219312,0,32000,7018,0.219312,131072,6098,0.046524,0,1,3
413,host-2,4,0,14,4,0,0,0.179250,0,32000,5736,0.179250,131072,5569,0.042488,0,0,4
413,host-20,4,0,14,4,0,0,0.215406,0,32000,6893,0.215406,131072,8211,0.062645,0,0,4
413,host-21,3,0,14,3,0,0,0.182875,0,32000,5852,0.182875,131072,6129,0.046761,0,0,3
413,host-22,5,0,14,5,0,0,0.200500,0,32000,6416,0.200500,131072,5724,0.043671,0,0,5
413,host-23,5,1,14,5,1,0,0.222875,0,32000,7132,0.222875,131072,6963,0.053123,1,0,4
413,host-24,4,0,14,4,0,0,0.197937,0,32000,6334,0.197937,131072,7554,0.057632,0,0,4
413,host-3,4,0,14,4,0,0,0.182188,0,32000,5830,0.182188,131072,6957,0.053078,0,0,4
413,host-4,4,1,14,4,1,0,0.219688,0,32000,7030,0.219688,131072,7457,0.056892,1,0,3
413,host-5,4,0,14,4,0,0,0.202531,0,32000,6481,0.202531,131072,6511,0.049675,0,0,4
413,host-6,4,0,14,4,0,0,0.182125,0,32000,5828,0.182125,131072,5972,0.045563,0,0,4
413,host-7,5,0,14,5,0,0,0.221031,0,32000,7073,0.221031,131072,6506,0.049637,0,0,5
413,host-8,4,1,14,4,1,0,0.213938,0,32000,6846,0.213938,131072,7410,0.056534,0,1,3
413,host-9,4,0,14,4,0,0,0.185406,0,32000,5933,0.185406,131072,4976,0.037964,0,0,4
414,host-1,5,2,14,5,2,0,0.210938,0,32000,6750,0.210938,131072,6592,0.050293,2,0,3
414,host-10,4,0,14,4,0,0,0.219344,0,32000,7019,0.219344,131072,7551,0.057610,0,0,4
414,host-11,5,1,14,5,1,0,0.234563,0,32000,7506,0.234563,131072,7842,0.059830,1,0,4
414,host-12,4,0,14,4,0,0,0.204125,0,32000,6532,0.204125,131072,6907,0.052696,0,0,4
414,host-13,4,1,14,4,1,0,0.215688,0,32000,6902,0.215688,131072,6674,0.050919,1,0,3
414,host-14,4,1,14,4,1,0,0.224000,0,32000,7168,0.224000,131072,6410,0.048904,0,1,3
414,host-15,4,0,14,4,0,0,0.227437,0,32000,7278,0.227437,131072,7074,0.053970,0,0,4
414,host-16,5,1,14,5,1,0,0.213031,0,32000,6817,0.213031,131072,5044,0.038483,1,0,4
414,host-17,5,0,14,5,0,0,0.202563,0,32000,6482,0.202563,131072,6509,0.049660,0,0,5
414,host-18,5,1,14,5,1,0,0.213781,0,32000,6841,0.213781,131072,6926,0.052841,1,0,4
414,host-19,4,1,14,4,1,0,0.254406,0,32000,8141,0.254406,131072,7379,0.056297,1,0,3
414,host-2,5,2,14,5,2,0,0.191312,0,32000,6122,0.191312,131072,5952,0.045410,2,0,3
414,host-20,4,0,14,4,0,0,0.215406,0,32000,6893,0.215406,131072,8211,0.062645,0,0,4
414,host-21,4,2,14,4,2,0,0.222000,0,32000,7104,0.222000,131072,7414,0.056564,2,0,2
414,host-22,5,0,14,5,0,0,0.200500,0,32000,6416,0.200500,131072,5724,0.043671,0,0,5
414,host-23,5,1,14,5,1,0,0.222875,0,32000,7132,0.222875,131072,6963,0.053123,0,1,4
414,host-24,4,0,14,4,0,0,0.197937,0,32000,6334,0.197937,131072,7554,0.057632,0,0,4
414,host-3,5,1,14,5,1,0,0.223938,0,32000,7166,0.223938,131072,7996,0.061005,1,0,4
414,host-4,4,1,14,4,1,0,0.219688,0,32000,7030,0.219688,131072,7457,0.056892,0,1,3
414,host-5,4,0,14,4,0,0,0.202531,0,32000,6481,0.202531,131072,6511,0.049675,0,0,4
414,host-6,5,1,14,5,1,0,0.224250,0,32000,7176,0.224250,131072,6649,0.050728,1,0,4
414,host-7,5,0,14,5,0,0,0.221031,0,32000,7073,0.221031,131072,6506,0.049637,0,0,5
414,host-8,4,0,14,4,0,0,0.213938,0,32000,6846,0.213938,131072,7410,0.056534,0,0,4
414,host-9,4,0,14,4,0,0,0.185406,0,32000,5933,0.185406,131072,4976,0.037964,0,0,4
415,host-1,4,1,14,4,1,0,0.188188,0,32000,6022,0.188188,131072,6124,0.046722,1,0,3
415,host-10,4,0,14,4,0,0,0.219344,0,32000,7019,0.219344,131072,7551,0.057610,0,0,4
415,host-11,5,1,14,5,1,0,0.234563,0,32000,7506,0.234563,131072,7842,0.059830,1,0,4
415,host-12,4,0,14,4,0,0,0.204125,0,32000,6532,0.204125,131072,6907,0.052696,0,0,4
415,host-13,4,0,14,4,0,0,0.215688,0,32000,6902,0.215688,131072,6674,0.050919,0,0,4
415,host-14,4,0,14,4,0,0,0.224000,0,32000,7168,0.224000,131072,6410,0.048904,0,0,4
415,host-15,4,0,14,4,0,0,0.227437,0,32000,7278,0.227437,131072,7074,0.053970,0,0,4
415,host-16,5,0,14,5,0,0,0.213031,0,32000,6817,0.213031,131072,5044,0.038483,0,0,5
415,host-17,5,0,14,5,0,0,0.202563,0,32000,6482,0.202563,131072,6509,0.049660,0,0,5
415,host-18,5,0,14,5,0,0,0.213781,0,32000,6841,0.213781,131072,6926,0.052841,0,0,5
415,host-19,4,1,14,4,1,0,0.254406,0,32000,8141,0.254406,131072,7379,0.056297,1,0,3
415,host-2,6,1,14,6,1,0,0.243000,0,32000,7776,0.243000,131072,8068,0.061554,1,0,5
415,host-20,4,0,14,4,0,0,0.215406,0,32000,6893,0.215406,131072,8211,0.062645,0,0,4
415,host-21,4,1,14,4,1,0,0.222000,0,32000,7104,0.222000,131072,7414,0.056564,1,0,3
415,host-22,5,0,14,5,0,0,0.200500,0,32000,6416,0.200500,131072,5724,0.043671,0,0,5
415,host-23,5,1,14,5,1,0,0.222875,0,32000,7132,0.222875,131072,6963,0.053123,0,1,4
415,host-24,5,1,14,5,1,0,0.225188,0,32000,7206,0.225188,131072,8426,0.064285,1,0,4
415,host-3,5,0,14,5,0,0,0.223938,0,32000,7166,0.223938,131072,7996,0.061005,0,0,5
415,host-4,4,0,14,4,0,0,0.219688,0,32000,7030,0.219688,131072,7457,0.056892,0,0,4
415,host-5,4,0,14,4,0,0,0.202531,0,32000,6481,0.202531,131072,6511,0.049675,0,0,4
415,host-6,5,1,14,5,1,0,0.224250,0,32000,7176,0.224250,131072,6649,0.050728,1,0,4
415,host-7,4,0,14,4,0,0,0.198281,0,32000,6345,0.198281,131072,6038,0.046066,0,0,4
415,host-8,4,0,14,4,0,0,0.213938,0,32000,6846,0.213938,131072,7410,0.056534,0,0,4
415,host-9,5,1,14,5,1,0,0.228719,0,32000,7319,0.228719,131072,6145,0.046883,0,1,4
416,host-1,5,2,14,5,2,0,0.250375,0,32000,8012,0.250375,131072,8001,0.061043,1,1,3
416,host-10,4,0,14,4,0,0,0.219344,0,32000,7019,0.219344,131072,7551,0.057610,0,0,4
416,host-11,5,2,14,5,2,0,0.234563,0,32000,7506,0.234563,131072,7842,0.059830,0,2,3
416,host-12,4,0,14,4,0,0,0.204125,0,32000,6532,0.204125,131072,6907,0.052696,0,0,4
416,host-13,4,1,14,4,1,0,0.215688,0,32000,6902,0.215688,131072,6674,0.050919,0,1,3
416,host-14,4,0,14,4,0,0,0.224000,0,32000,7168,0.224000,131072,6410,0.048904,0,0,4
416,host-15,4,0,14,4,0,0,0.227437,0,32000,7278,0.227437,131072,7074,0.053970,0,0,4
416,host-16,5,0,14,5,0,0,0.213031,0,32000,6817,0.213031,131072,5044,0.038483,0,0,5
416,host-17,5,0,14,5,0,0,0.202563,0,32000,6482,0.202563,131072,6509,0.049660,0,0,5
416,host-18,5,0,14,5,0,0,0.213781,0,32000,6841,0.213781,131072,6926,0.052841,0,0,5
416,host-19,4,0,14,4,0,0,0.254406,0,32000,8141,0.254406,131072,7379,0.056297,0,0,4
416,host-2,4,0,14,4,0,0,0.177563,0,32000,5682,0.177563,131072,5409,0.041267,0,0,4
416,host-20,4,0,14,4,0,0,0.215406,0,32000,6893,0.215406,131072,8211,0.062645,0,0,4
416,host-21,4,0,14,4,0,0,0.222000,0,32000,7104,0.222000,131072,7414,0.056564,0,0,4
416,host-22,5,0,14,5,0,0,0.200500,0,32000,6416,0.200500,131072,5724,0.043671,0,0,5
416,host-23,4,0,14,4,0,0,0.172594,0,32000,5523,0.172594,131072,5434,0.041458,0,0,4
416,host-24,5,0,14,5,0,0,0.225188,0,32000,7206,0.225188,131072,8426,0.064285,0,0,5
416,host-3,5,0,14,5,0,0,0.223938,0,32000,7166,0.223938,131072,7996,0.061005,0,0,5
416,host-4,4,0,14,4,0,0,0.219688,0,32000,7030,0.219688,131072,7457,0.056892,0,0,4
416,host-5,4,0,14,4,0,0,0.202531,0,32000,6481,0.202531,131072,6511,0.049675,0,0,4
416,host-6,5,0,14,5,0,0,0.224250,0,32000,7176,0.224250,131072,6649,0.050728,0,0,5
416,host-7,5,1,14,5,1,0,0.256719,0,32000,8215,0.256719,131072,7753,0.059151,1,0,4
416,host-8,3,0,14,3,0,0,0.187062,0,32000,5986,0.187062,131072,6879,0.052483,0,0,3
416,host-9,5,0,14,5,0,0,0.228719,0,32000,7319,0.228719,131072,6145,0.046883,0,0,5
417,host-1,4,0,14,4,0,0,0.207156,0,32000,6629,0.207156,131072,6416,0.048950,0,0,4
417,host-10,4,0,14,4,0,0,0.219344,0,32000,7019,0.219344,131072,7551,0.057610,0,0,4
417,host-11,5,1,14,5,1,0,0.234563,0,32000,7506,0.234563,131072,7842,0.059830,0,1,4
417,host-12,4,0,14,4,0,0,0.204125,0,32000,6532,0.204125,131072,6907,0.052696,0,0,4
417,host-13,4,1,14,4,1,0,0.215688,0,32000,6902,0.215688,131072,6674,0.050919,0,1,3
417,host-14,4,0,14,4,0,0,0.224000,0,32000,7168,0.224000,131072,6410,0.048904,0,0,4
417,host-15,4,0,14,4,0,0,0.227437,0,32000,7278,0.227437,131072,7074,0.053970,0,0,4
417,host-16,5,0,14,5,0,0,0.213031,0,32000,6817,0.213031,131072,5044,0.038483,0,0,5
417,host-17,5,0,14,5,0,0,0.202563,0,32000,6482,0.202563,131072,6509,0.049660,0,0,5
417,host-18,5,1,14,5,1,0,0.213781,0,32000,6841,0.213781,131072,6926,0.052841,0,1,4
417,host-19,4,0,14,4,0,0,0.254406,0,32000,8141,0.254406,131072,7379,0.056297,0,0,4
417,host-2,4,0,14,4,0,0,0.177563,0,32000,5682,0.177563,131072,5409,0.041267,0,0,4
417,host-20,3,0,14,3,0,0,0.141281,0,32000,4521,0.141281,131072,5834,0.044510,0,0,3
417,host-21,4,0,14,4,0,0,0.222000,0,32000,7104,0.222000,131072,7414,0.056564,0,0,4
417,host-22,5,0,14,5,0,0,0.200500,0,32000,6416,0.200500,131072,5724,0.043671,0,0,5
417,host-23,5,1,14,5,1,0,0.199469,0,32000,6383,0.199469,131072,5965,0.045509,1,0,4
417,host-24,5,0,14,5,0,0,0.225188,0,32000,7206,0.225188,131072,8426,0.064285,0,0,5
417,host-3,5,0,14,5,0,0,0.223938,0,32000,7166,0.223938,131072,7996,0.061005,0,0,5
417,host-4,4,0,14,4,0,0,0.219688,0,32000,7030,0.219688,131072,7457,0.056892,0,0,4
417,host-5,4,0,14,4,0,0,0.202531,0,32000,6481,0.202531,131072,6511,0.049675,0,0,4
417,host-6,5,0,14,5,0,0,0.224250,0,32000,7176,0.224250,131072,6649,0.050728,0,0,5
417,host-7,4,0,14,4,0,0,0.213438,0,32000,6830,0.213438,131072,6675,0.050926,0,0,4
417,host-8,3,0,14,3,0,0,0.187062,0,32000,5986,0.187062,131072,6879,0.052483,0,0,3
417,host-9,5,0,14,5,0,0,0.228719,0,32000,7319,0.228719,131072,6145,0.046883,0,0,5
418,host-1,4,0,14,4,0,0,0.207156,0,32000,6629,0.207156,131072,6416,0.048950,0,0,4
418,host-10,4,0,14,4,0,0,0.219344,0,32000,7019,0.219344,131072,7551,0.057610,0,0,4
418,host-11,5,0,14,5,0,0,0.234563,0,32000,7506,0.234563,131072,7842,0.059830,0,0,5
418,host-12,4,0,14,4,0,0,0.204125,0,32000,6532,0.204125,131072,6907,0.052696,0,0,4
418,host-13,4,0,14,4,0,0,0.215688,0,32000,6902,0.215688,131072,6674,0.050919,0,0,4
418,host-14,4,0,14,4,0,0,0.224000,0,32000,7168,0.224000,131072,6410,0.048904,0,0,4
418,host-15,4,0,14,4,0,0,0.227437,0,32000,7278,0.227437,131072,7074,0.053970,0,0,4
418,host-16,5,0,14,5,0,0,0.213031,0,32000,6817,0.213031,131072,5044,0.038483,0,0,5
418,host-17,5,0,14,5,0,0,0.202563,0,32000,6482,0.202563,131072,6509,0.049660,0,0,5
418,host-18,4,0,14,4,0,0,0.171094,0,32000,5475,0.171094,131072,5345,0.040779,0,0,4
418,host-19,4,0,14,4,0,0,0.254406,0,32000,8141,0.254406,131072,7379,0.056297,0,0,4
418,host-2,4,0,14,4,0,0,0.177563,0,32000,5682,0.177563,131072,5409,0.041267,0,0,4
418,host-20,4,1,14,4,1,0,0.191562,0,32000,6130,0.191562,131072,7363,0.056175,1,0,3
418,host-21,4,0,14,4,0,0,0.222000,0,32000,7104,0.222000,131072,7414,0.056564,0,0,4
418,host-22,5,0,14,5,0,0,0.200500,0,32000,6416,0.200500,131072,5724,0.043671,0,0,5
418,host-23,5,1,14,5,1,0,0.199469,0,32000,6383,0.199469,131072,5965,0.045509,0,1,4
418,host-24,5,0,14,5,0,0,0.225188,0,32000,7206,0.225188,131072,8426,0.064285,0,0,5
418,host-3,4,0,14,4,0,0,0.188750,0,32000,6040,0.188750,131072,7080,0.054016,0,0,4
418,host-4,3,0,14,3,0,0,0.177687,0,32000,5686,0.177687,131072,6541,0.049904,0,0,3
418,host-5,4,0,14,4,0,0,0.202531,0,32000,6481,0.202531,131072,6511,0.049675,0,0,4
418,host-6,4,0,14,4,0,0,0.153469,0,32000,4911,0.153469,131072,4335,0.033073,0,0,4
418,host-7,4,0,14,4,0,0,0.213438,0,32000,6830,0.213438,131072,6675,0.050926,0,0,4
418,host-8,3,0,14,3,0,0,0.187062,0,32000,5986,0.187062,131072,6879,0.052483,0,0,3
418,host-9,5,0,14,5,0,0,0.228719,0,32000,7319,0.228719,131072,6145,0.046883,0,0,5
419,host-1,4,0,14,4,0,0,0.207156,0,32000,6629,0.207156,131072,6416,0.048950,0,0,4
419,host-10,4,0,14,4,0,0,0.219344,0,32000,7019,0.219344,131072,7551,0.057610,0,0,4
419,host-11,5,0,14,5,0,0,0.234563,0,32000,7506,0.234563,131072,7842,0.059830,0,0,5
419,host-12,4,0,14,4,0,0,0.204125,0,32000,6532,0.204125,131072,6907,0.052696,0,0,4
419,host-13,3,0,14,3,0,0,0.159281,0,32000,5097,0.159281,131072,4998,0.038132,0,0,3
419,host-14,3,0,14,3,0,0,0.170875,0,32000,5468,0.170875,131072,4905,0.037422,0,0,3
419,host-15,3,0,14,3,0,0,0.182938,0,32000,5854,0.182938,131072,5865,0.044746,0,0,3
419,host-16,5,0,14,5,0,0,0.213031,0,32000,6817,0.213031,131072,5044,0.038483,0,0,5
419,host-17,5,0,14,5,0,0,0.202563,0,32000,6482,0.202563,131072,6509,0.049660,0,0,5
419,host-18,5,1,14,5,1,0,0.203687,0,32000,6518,0.203687,131072,6466,0.049332,1,0,4
419,host-19,4,1,14,4,1,0,0.254406,0,32000,8141,0.254406,131072,7379,0.056297,0,1,3
419,host-2,4,1,14,4,1,0,0.183750,0,32000,5880,0.183750,131072,6640,0.050659,1,0,3
419,host-20,4,1,14,4,1,0,0.191562,0,32000,6130,0.191562,131072,7363,0.056175,1,0,3
419,host-21,4,0,14,4,0,0,0.222000,0,32000,7104,0.222000,131072,7414,0.056564,0,0,4
419,host-22,4,0,14,4,0,0,0.156750,0,32000,5016,0.156750,131072,4620,0.035248,0,0,4
419,host-23,5,0,14,5,0,0,0.199469,0,32000,6383,0.199469,131072,5965,0.045509,0,0,5
419,host-24,4,0,14,4,0,0,0.166000,0,32000,5312,0.166000,131072,6347,0.048424,0,0,4
419,host-3,4,0,14,4,0,0,0.188750,0,32000,6040,0.188750,131072,7080,0.054016,0,0,4
419,host-4,3,0,14,3,0,0,0.177687,0,32000,5686,0.177687,131072,6541,0.049904,0,0,3
419,host-5,4,0,14,4,0,0,0.202531,0,32000,6481,0.202531,131072,6511,0.049675,0,0,4
419,host-6,5,1,14,5,1,0,0.191094,0,32000,6115,0.191094,131072,5730,0.043716,0,1,4
419,host-7,3,0,14,3,0,0,0.142656,0,32000,4565,0.142656,131072,4361,0.033272,0,0,3
419,host-8,3,0,14,3,0,0,0.187062,0,32000,5986,0.187062,131072,6879,0.052483,0,0,3
419,host-9,5,0,14,5,0,0,0.228719,0,32000,7319,0.228719,131072,6145,0.046883,0,0,5
420,host-1,4,0,14,4,0,0,0.207156,0,32000,6629,0.207156,131072,6416,0.048950,0,0,4
420,host-10,4,0,14,4,0,0,0.219344,0,32000,7019,0.219344,131072,7551,0.057610,0,0,4
420,host-11,5,0,14,5,0,0,0.234563,0,32000,7506,0.234563,131072,7842,0.059830,0,0,5
420,host-12,4,0,14,4,0,0,0.204125,0,32000,6532,0.204125,131072,6907,0.052696,0,0,4
420,host-13,4,1,14,4,1,0,0.196344,0,32000,6283,0.196344,131072,5898,0.044998,1,0,3
420,host-14,4,2,14,4,2,0,0.242594,0,32000,7763,0.242594,131072,7559,0.057671,1,1,2
420,host-15,4,1,14,4,1,0,0.210719,0,32000,6743,0.210719,131072,6299,0.048058,1,0,3
420,host-16,5,0,14,5,0,0,0.213031,0,32000,6817,0.213031,131072,5044,0.038483,0,0,5
420,host-17,5,0,14,5,0,0,0.202563,0,32000,6482,0.202563,131072,6509,0.049660,0,0,5
420,host-18,5,0,14,5,0,0,0.203687,0,32000,6518,0.203687,131072,6466,0.049332,0,0,5
420,host-19,4,0,14,4,0,0,0.254406,0,32000,8141,0.254406,131072,7379,0.056297,0,0,4
420,host-2,4,0,14,4,0,0,0.183750,0,32000,5880,0.183750,131072,6640,0.050659,0,0,4
420,host-20,4,1,14,4,1,0,0.202500,0,32000,6480,0.202500,131072,7413,0.056557,1,0,3
420,host-21,4,0,14,4,0,0,0.222000,0,32000,7104,0.222000,131072,7414,0.056564,0,0,4
420,host-22,5,1,14,5,1,0,0.230875,0,32000,7388,0.230875,131072,6997,0.053383,1,0,4
420,host-23,5,0,14,5,0,0,0.199469,0,32000,6383,0.199469,131072,5965,0.045509,0,0,5
420,host-24,5,1,14,5,1,0,0.219125,0,32000,7012,0.219125,131072,7852,0.059906,1,0,4
420,host-3,4,0,14,4,0,0,0.188750,0,32000,6040,0.188750,131072,7080,0.054016,0,0,4
420,host-4,4,1,14,4,1,0,0.229125,0,32000,7332,0.229125,131072,7782,0.059372,1,0,3
420,host-5,4,0,14,4,0,0,0.202531,0,32000,6481,0.202531,131072,6511,0.049675,0,0,4
420,host-6,5,0,14,5,0,0,0.191094,0,32000,6115,0.191094,131072,5730,0.043716,0,0,5
420,host-7,4,2,14,4,2,0,0.200156,0,32000,6405,0.200156,131072,5603,0.042747,1,1,2
420,host-8,3,1,14,3,1,0,0.187062,0,32000,5986,0.187062,131072,6879,0.052483,0,1,2
420,host-9,5,0,14,5,0,0,0.228719,0,32000,7319,0.228719,131072,6145,0.046883,0,0,5
421,host-1,4,0,14,4,0,0,0.207156,0,32000,6629,0.207156,131072,6416,0.048950,0,0,4
421,host-10,3,0,14,3,0,0,0.162781,0,32000,5209,0.162781,131072,5148,0.039276,0,0,3
421,host-11,5,0,14,5,0,0,0.234563,0,32000,7506,0.234563,131072,7842,0.059830,0,0,5
421,host-12,4,0,14,4,0,0,0.204125,0,32000,6532,0.204125,131072,6907,0.052696,0,0,4
421,host-13,4,0,14,4,0,0,0.196344,0,32000,6283,0.196344,131072,5898,0.044998,0,0,4
421,host-14,4,2,14,4,2,0,0.242594,0,32000,7763,0.242594,131072,7559,0.057671,1,1,2
421,host-15,4,0,14,4,0,0,0.210719,0,32000,6743,0.210719,131072,6299,0.048058,0,0,4
421,host-16,5,0,14,5,0,0,0.213031,0,32000,6817,0.213031,131072,5044,0.038483,0,0,5
421,host-17,5,0,14,5,0,0,0.202563,0,32000,6482,0.202563,131072,6509,0.049660,0,0,5
421,host-18,5,0,14,5,0,0,0.203687,0,32000,6518,0.203687,131072,6466,0.049332,0,0,5
421,host-19,4,0,14,4,0,0,0.254406,0,32000,8141,0.254406,131072,7379,0.056297,0,0,4
421,host-2,5,1,14,5,1,0,0.211531,0,32000,6769,0.211531,131072,7074,0.053970,1,0,4
421,host-20,4,1,14,4,1,0,0.202500,0,32000,6480,0.202500,131072,7413,0.056557,1,0,3
421,host-21,4,0,14,4,0,0,0.222000,0,32000,7104,0.222000,131072,7414,0.056564,0,0,4
421,host-22,5,0,14,5,0,0,0.230875,0,32000,7388,0.230875,131072,6997,0.053383,0,0,5
421,host-23,5,0,14,5,0,0,0.199469,0,32000,6383,0.199469,131072,5965,0.045509,0,0,5
421,host-24,5,2,14,5,2,0,0.219125,0,32000,7012,0.219125,131072,7852,0.059906,1,1,3
421,host-3,4,0,14,4,0,0,0.188750,0,32000,6040,0.188750,131072,7080,0.054016,0,0,4
421,host-4,4,1,14,4,1,0,0.229125,0,32000,7332,0.229125,131072,7782,0.059372,1,0,3
421,host-5,4,1,14,4,1,0,0.202531,0,32000,6481,0.202531,131072,6511,0.049675,0,1,3
421,host-6,5,0,14,5,0,0,0.191094,0,32000,6115,0.191094,131072,5730,0.043716,0,0,5
421,host-7,4,0,14,4,0,0,0.200156,0,32000,6405,0.200156,131072,5603,0.042747,0,0,4
421,host-8,4,1,14,4,1,0,0.250937,0,32000,8030,0.250937,131072,9190,0.070114,1,0,3
421,host-9,5,1,14,5,1,0,0.228719,0,32000,7319,0.228719,131072,6145,0.046883,0,1,4
422,host-1,4,0,14,4,0,0,0.207156,0,32000,6629,0.207156,131072,6416,0.048950,0,0,4
422,host-10,4,1,14,4,1,0,0.208250,0,32000,6664,0.208250,131072,6551,0.049980,1,0,3
422,host-11,5,0,14,5,0,0,0.234563,0,32000,7506,0.234563,131072,7842,0.059830,0,0,5
422,host-12,4,0,14,4,0,0,0.204125,0,32000,6532,0.204125,131072,6907,0.052696,0,0,4
422,host-13,4,0,14,4,0,0,0.196344,0,32000,6283,0.196344,131072,5898,0.044998,0,0,4
422,host-14,4,0,14,4,0,0,0.242594,0,32000,7763,0.242594,131072,7559,0.057671,0,0,4
422,host-15,4,0,14,4,0,0,0.210719,0,32000,6743,0.210719,131072,6299,0.048058,0,0,4
422,host-16,5,0,14,5,0,0,0.213031,0,32000,6817,0.213031,131072,5044,0.038483,0,0,5
422,host-17,4,1,14,4,1,0,0.168750,0,32000,5400,0.168750,131072,5209,0.039742,0,1,3
422,host-18,5,0,14,5,0,0,0.203687,0,32000,6518,0.203687,131072,6466,0.049332,0,0,5
422,host-19,4,0,14,4,0,0,0.254406,0,32000,8141,0.254406,131072,7379,0.056297,0,0,4
422,host-2,5,1,14,5,1,0,0.211531,0,32000,6769,0.211531,131072,7074,0.053970,0,1,4
422,host-20,4,0,14,4,0,0,0.202500,0,32000,6480,0.202500,131072,7413,0.056557,0,0,4
422,host-21,4,0,14,4,0,0,0.222000,0,32000,7104,0.222000,131072,7414,0.056564,0,0,4
422,host-22,5,0,14,5,0,0,0.230875,0,32000,7388,0.230875,131072,6997,0.053383,0,0,5
422,host-23,5,0,14,5,0,0,0.199469,0,32000,6383,0.199469,131072,5965,0.045509,0,0,5
422,host-24,5,0,14,5,0,0,0.219125,0,32000,7012,0.219125,131072,7852,0.059906,0,0,5
422,host-3,4,0,14,4,0,0,0.188750,0,32000,6040,0.188750,131072,7080,0.054016,0,0,4
422,host-4,4,1,14,4,1,0,0.229125,0,32000,7332,0.229125,131072,7782,0.059372,0,1,3
422,host-5,4,1,14,4,1,0,0.202531,0,32000,6481,0.202531,131072,6511,0.049675,0,1,3
422,host-6,5,0,14,5,0,0,0.191094,0,32000,6115,0.191094,131072,5730,0.043716,0,0,5
422,host-7,4,0,14,4,0,0,0.200156,0,32000,6405,0.200156,131072,5603,0.042747,0,0,4
422,host-8,4,1,14,4,1,0,0.250937,0,32000,8030,0.250937,131072,9190,0.070114,1,0,3
422,host-9,5,0,14,5,0,0,0.228719,0,32000,7319,0.228719,131072,6145,0.046883,0,0,5
423,host-1,4,0,14,4,0,0,0.207156,0,32000,6629,0.207156,131072,6416,0.048950,0,0,4
423,host-10,4,0,14,4,0,0,0.208250,0,32000,6664,0.208250,131072,6551,0.049980,0,0,4
423,host-11,5,0,14,5,0,0,0.234563,0,32000,7506,0.234563,131072,7842,0.059830,0,0,5
423,host-12,4,0,14,4,0,0,0.204125,0,32000,6532,0.204125,131072,6907,0.052696,0,0,4
423,host-13,4,0,14,4,0,0,0.196344,0,32000,6283,0.196344,131072,5898,0.044998,0,0,4
423,host-14,4,1,14,4,1,0,0.242594,0,32000,7763,0.242594,131072,7559,0.057671,0,1,3
423,host-15,4,1,14,4,1,0,0.199937,0,32000,6398,0.199937,131072,6374,0.048630,1,0,3
423,host-16,5,0,14,5,0,0,0.213031,0,32000,6817,0.213031,131072,5044,0.038483,0,0,5
423,host-17,5,1,14,5,1,0,0.198563,0,32000,6354,0.198563,131072,5850,0.044632,1,0,4
423,host-18,5,0,14,5,0,0,0.203687,0,32000,6518,0.203687,131072,6466,0.049332,0,0,5
423,host-19,4,0,14,4,0,0,0.254406,0,32000,8141,0.254406,131072,7379,0.056297,0,0,4
423,host-2,5,0,14,5,0,0,0.211531,0,32000,6769,0.211531,131072,7074,0.053970,0,0,5
423,host-20,4,0,14,4,0,0,0.202500,0,32000,6480,0.202500,131072,7413,0.056557,0,0,4
423,host-21,4,0,14,4,0,0,0.222000,0,32000,7104,0.222000,131072,7414,0.056564,0,0,4
423,host-22,5,0,14,5,0,0,0.230875,0,32000,7388,0.230875,131072,6997,0.053383,0,0,5
423,host-23,5,0,14,5,0,0,0.199469,0,32000,6383,0.199469,131072,5965,0.045509,0,0,5
423,host-24,5,0,14,5,0,0,0.219125,0,32000,7012,0.219125,131072,7852,0.059906,0,0,5
423,host-3,4,0,14,4,0,0,0.188750,0,32000,6040,0.188750,131072,7080,0.054016,0,0,4
423,host-4,4,0,14,4,0,0,0.229125,0,32000,7332,0.229125,131072,7782,0.059372,0,0,4
423,host-5,4,0,14,4,0,0,0.202531,0,32000,6481,0.202531,131072,6511,0.049675,0,0,4
423,host-6,5,0,14,5,0,0,0.191094,0,32000,6115,0.191094,131072,5730,0.043716,0,0,5
423,host-7,4,0,14,4,0,0,0.200156,0,32000,6405,0.200156,131072,5603,0.042747,0,0,4
423,host-8,4,1,14,4,1,0,0.250937,0,32000,8030,0.250937,131072,9190,0.070114,0,1,3
423,host-9,5,0,14,5,0,0,0.228719,0,32000,7319,0.228719,131072,6145,0.046883,0,0,5
424,host-1,4,0,14,4,0,0,0.207156,0,32000,6629,0.207156,131072,6416,0.048950,0,0,4
424,host-10,4,0,14,4,0,0,0.208250,0,32000,6664,0.208250,131072,6551,0.049980,0,0,4
424,host-11,5,1,14,5,1,0,0.234563,0,32000,7506,0.234563,131072,7842,0.059830,0,1,4
424,host-12,4,0,14,4,0,0,0.204125,0,32000,6532,0.204125,131072,6907,0.052696,0,0,4
424,host-13,4,0,14,4,0,0,0.196344,0,32000,6283,0.196344,131072,5898,0.044998,0,0,4
424,host-14,4,0,14,4,0,0,0.242594,0,32000,7763,0.242594,131072,7559,0.057671,0,0,4
424,host-15,4,1,14,4,1,0,0.199937,0,32000,6398,0.199937,131072,6374,0.048630,1,0,3
424,host-16,5,0,14,5,0,0,0.213031,0,32000,6817,0.213031,131072,5044,0.038483,0,0,5
424,host-17,5,1,14,5,1,0,0.198563,0,32000,6354,0.198563,131072,5850,0.044632,1,0,4
424,host-18,5,0,14,5,0,0,0.203687,0,32000,6518,0.203687,131072,6466,0.049332,0,0,5
424,host-19,4,0,14,4,0,0,0.254406,0,32000,8141,0.254406,131072,7379,0.056297,0,0,4
424,host-2,5,0,14,5,0,0,0.211531,0,32000,6769,0.211531,131072,7074,0.053970,0,0,5
424,host-20,4,0,14,4,0,0,0.202500,0,32000,6480,0.202500,131072,7413,0.056557,0,0,4
424,host-21,4,0,14,4,0,0,0.222000,0,32000,7104,0.222000,131072,7414,0.056564,0,0,4
424,host-22,5,1,14,5,1,0,0.230875,0,32000,7388,0.230875,131072,6997,0.053383,0,1,4
424,host-23,5,0,14,5,0,0,0.199469,0,32000,6383,0.199469,131072,5965,0.045509,0,0,5
424,host-24,5,0,14,5,0,0,0.219125,0,32000,7012,0.219125,131072,7852,0.059906,0,0,5
424,host-3,5,1,14,5,1,0,0.222562,0,32000,7122,0.222562,131072,8380,0.063934,1,0,4
424,host-4,4,0,14,4,0,0,0.229125,0,32000,7332,0.229125,131072,7782,0.059372,0,0,4
424,host-5,4,0,14,4,0,0,0.202531,0,32000,6481,0.202531,131072,6511,0.049675,0,0,4
424,host-6,5,0,14,5,0,0,0.191094,0,32000,6115,0.191094,131072,5730,0.043716,0,0,5
424,host-7,4,0,14,4,0,0,0.200156,0,32000,6405,0.200156,131072,5603,0.042747,0,0,4
424,host-8,4,0,14,4,0,0,0.250937,0,32000,8030,0.250937,131072,9190,0.070114,0,0,4
424,host-9,5,0,14,5,0,0,0.228719,0,32000,7319,0.228719,131072,6145,0.046883,0,0,5
425,host-1,4,0,14,4,0,0,0.207156,0,32000,6629,0.207156,131072,6416,0.048950,0,0,4
425,host-10,4,0,14,4,0,0,0.208250,0,32000,6664,0.208250,131072,6551,0.049980,0,0,4
425,host-11,5,0,14,5,0,0,0.234563,0,32000,7506,0.234563,131072,7842,0.059830,0,0,5
425,host-12,3,0,14,3,0,0,0.161406,0,32000,5165,0.161406,131072,5665,0.043221,0,0,3
425,host-13,4,0,14,4,0,0,0.196344,0,32000,6283,0.196344,131072,5898,0.044998,0,0,4
425,host-14,4,0,14,4,0,0,0.242594,0,32000,7763,0.242594,131072,7559,0.057671,0,0,4
425,host-15,4,0,14,4,0,0,0.199937,0,32000,6398,0.199937,131072,6374,0.048630,0,0,4
425,host-16,5,0,14,5,0,0,0.213031,0,32000,6817,0.213031,131072,5044,0.038483,0,0,5
425,host-17,5,0,14,5,0,0,0.198563,0,32000,6354,0.198563,131072,5850,0.044632,0,0,5
425,host-18,5,1,14,5,1,0,0.203687,0,32000,6518,0.203687,131072,6466,0.049332,0,1,4
425,host-19,4,0,14,4,0,0,0.254406,0,32000,8141,0.254406,131072,7379,0.056297,0,0,4
425,host-2,5,0,14,5,0,0,0.211531,0,32000,6769,0.211531,131072,7074,0.053970,0,0,5
425,host-20,4,0,14,4,0,0,0.202500,0,32000,6480,0.202500,131072,7413,0.056557,0,0,4
425,host-21,4,0,14,4,0,0,0.222000,0,32000,7104,0.222000,131072,7414,0.056564,0,0,4
425,host-22,5,0,14,5,0,0,0.230875,0,32000,7388,0.230875,131072,6997,0.053383,0,0,5
425,host-23,5,0,14,5,0,0,0.199469,0,32000,6383,0.199469,131072,5965,0.045509,0,0,5
425,host-24,5,0,14,5,0,0,0.219125,0,32000,7012,0.219125,131072,7852,0.059906,0,0,5
425,host-3,5,1,14,5,1,0,0.222562,0,32000,7122,0.222562,131072,8380,0.063934,0,1,4
425,host-4,4,0,14,4,0,0,0.229125,0,32000,7332,0.229125,131072,7782,0.059372,0,0,4
425,host-5,4,0,14,4,0,0,0.202531,0,32000,6481,0.202531,131072,6511,0.049675,0,0,4
425,host-6,6,1,14,6,1,0,0.261813,0,32000,8378,0.261813,131072,8310,0.063400,0,1,5
425,host-7,4,0,14,4,0,0,0.200156,0,32000,6405,0.200156,131072,5603,0.042747,0,0,4
425,host-8,4,1,14,4,1,0,0.250937,0,32000,8030,0.250937,131072,9190,0.070114,0,1,3
425,host-9,5,0,14,5,0,0,0.228719,0,32000,7319,0.228719,131072,6145,0.046883,0,0,5
426,host-1,3,0,14,3,0,0,0.163812,0,32000,5242,0.163812,131072,5542,0.042282,0,0,3
426,host-10,4,0,14,4,0,0,0.208250,0,32000,6664,0.208250,131072,6551,0.049980,0,0,4
426,host-11,5,0,14,5,0,0,0.234563,0,32000,7506,0.234563,131072,7842,0.059830,0,0,5
426,host-12,5,2,14,5,2,0,0.226250,0,32000,7240,0.226250,131072,7985,0.060921,2,0,3
426,host-13,4,0,14,4,0,0,0.196344,0,32000,6283,0.196344,131072,5898,0.044998,0,0,4
426,host-14,4,0,14,4,0,0,0.242594,0,32000,7763,0.242594,131072,7559,0.057671,0,0,4
426,host-15,4,0,14,4,0,0,0.199937,0,32000,6398,0.199937,131072,6374,0.048630,0,0,4
426,host-16,5,0,14,5,0,0,0.213031,0,32000,6817,0.213031,131072,5044,0.038483,0,0,5
426,host-17,5,0,14,5,0,0,0.198563,0,32000,6354,0.198563,131072,5850,0.044632,0,0,5
426,host-18,5,0,14,5,0,0,0.203687,0,32000,6518,0.203687,131072,6466,0.049332,0,0,5
426,host-19,4,0,14,4,0,0,0.254406,0,32000,8141,0.254406,131072,7379,0.056297,0,0,4
426,host-2,5,0,14,5,0,0,0.211531,0,32000,6769,0.211531,131072,7074,0.053970,0,0,5
426,host-20,4,0,14,4,0,0,0.202500,0,32000,6480,0.202500,131072,7413,0.056557,0,0,4
426,host-21,4,0,14,4,0,0,0.222000,0,32000,7104,0.222000,131072,7414,0.056564,0,0,4
426,host-22,4,0,14,4,0,0,0.197531,0,32000,6321,0.197531,131072,5981,0.045631,0,0,4
426,host-23,5,0,14,5,0,0,0.199469,0,32000,6383,0.199469,131072,5965,0.045509,0,0,5
426,host-24,5,0,14,5,0,0,0.219125,0,32000,7012,0.219125,131072,7852,0.059906,0,0,5
426,host-3,5,1,14,5,1,0,0.222562,0,32000,7122,0.222562,131072,8380,0.063934,0,1,4
426,host-4,4,0,14,4,0,0,0.229125,0,32000,7332,0.229125,131072,7782,0.059372,0,0,4
426,host-5,4,1,14,4,1,0,0.202531,0,32000,6481,0.202531,131072,6511,0.049675,0,1,3
426,host-6,6,0,14,6,0,0,0.261813,0,32000,8378,0.261813,131072,8310,0.063400,0,0,6
426,host-7,4,0,14,4,0,0,0.200156,0,32000,6405,0.200156,131072,5603,0.042747,0,0,4
426,host-8,4,0,14,4,0,0,0.250937,0,32000,8030,0.250937,131072,9190,0.070114,0,0,4
426,host-9,5,0,14,5,0,0,0.228719,0,32000,7319,0.228719,131072,6145,0.046883,0,0,5
427,host-1,5,2,14,5,2,0,0.236125,0,32000,7556,0.236125,131072,7958,0.060715,2,0,3
427,host-10,4,0,14,4,0,0,0.208250,0,32000,6664,0.208250,131072,6551,0.049980,0,0,4
427,host-11,5,0,14,5,0,0,0.234563,0,32000,7506,0.234563,131072,7842,0.059830,0,0,5
427,host-12,5,0,14,5,0,0,0.226250,0,32000,7240,0.226250,131072,7985,0.060921,0,0,5
427,host-13,3,0,14,3,0,0,0.122563,0,32000,3922,0.122563,131072,3292,0.025116,0,0,3
427,host-14,4,0,14,4,0,0,0.242594,0,32000,7763,0.242594,131072,7559,0.057671,0,0,4
427,host-15,4,0,14,4,0,0,0.199937,0,32000,6398,0.199937,131072,6374,0.048630,0,0,4
427,host-16,5,0,14,5,0,0,0.213031,0,32000,6817,0.213031,131072,5044,0.038483,0,0,5
427,host-17,5,0,14,5,0,0,0.198563,0,32000,6354,0.198563,131072,5850,0.044632,0,0,5
427,host-18,5,0,14,5,0,0,0.203687,0,32000,6518,0.203687,131072,6466,0.049332,0,0,5
427,host-19,4,0,14,4,0,0,0.254406,0,32000,8141,0.254406,131072,7379,0.056297,0,0,4
427,host-2,5,0,14,5,0,0,0.211531,0,32000,6769,0.211531,131072,7074,0.053970,0,0,5
427,host-20,4,0,14,4,0,0,0.202500,0,32000,6480,0.202500,131072,7413,0.056557,0,0,4
427,host-21,4,0,14,4,0,0,0.222000,0,32000,7104,0.222000,131072,7414,0.056564,0,0,4
427,host-22,4,0,14,4,0,0,0.197531,0,32000,6321,0.197531,131072,5981,0.045631,0,0,4
427,host-23,5,0,14,5,0,0,0.199469,0,32000,6383,0.199469,131072,5965,0.045509,0,0,5
427,host-24,5,1,14,5,1,0,0.219125,0,32000,7012,0.219125,131072,7852,0.059906,0,1,4
427,host-3,5,0,14,5,0,0,0.222562,0,32000,7122,0.222562,131072,8380,0.063934,0,0,5
427,host-4,4,0,14,4,0,0,0.229125,0,32000,7332,0.229125,131072,7782,0.059372,0,0,4
427,host-5,4,0,14,4,0,0,0.202531,0,32000,6481,0.202531,131072,6511,0.049675,0,0,4
427,host-6,6,0,14,6,0,0,0.261813,0,32000,8378,0.261813,131072,8310,0.063400,0,0,6
427,host-7,4,0,14,4,0,0,0.200156,0,32000,6405,0.200156,131072,5603,0.042747,0,0,4
427,host-8,4,0,14,4,0,0,0.250937,0,32000,8030,0.250937,131072,9190,0.070114,0,0,4
427,host-9,5,0,14,5,0,0,0.228719,0,32000,7319,0.228719,131072,6145,0.046883,0,0,5
428,host-1,5,1,14,5,1,0,0.236125,0,32000,7556,0.236125,131072,7958,0.060715,1,0,4
428,host-10,4,0,14,4,0,0,0.208250,0,32000,6664,0.208250,131072,6551,0.049980,0,0,4
428,host-11,5,1,14,5,1,0,0.234563,0,32000,7506,0.234563,131072,7842,0.059830,0,1,4
428,host-12,5,0,14,5,0,0,0.226250,0,32000,7240,0.226250,131072,7985,0.060921,0,0,5
428,host-13,5,1,14,5,1,0,0.202875,0,32000,6492,0.202875,131072,4843,0.036949,1,0,4
428,host-14,4,0,14,4,0,0,0.242594,0,32000,7763,0.242594,131072,7559,0.057671,0,0,4
428,host-15,4,0,14,4,0,0,0.199937,0,32000,6398,0.199937,131072,6374,0.048630,0,0,4
428,host-16,5,0,14,5,0,0,0.213031,0,32000,6817,0.213031,131072,5044,0.038483,0,0,5
428,host-17,5,0,14,5,0,0,0.198563,0,32000,6354,0.198563,131072,5850,0.044632,0,0,5
428,host-18,5,0,14,5,0,0,0.203687,0,32000,6518,0.203687,131072,6466,0.049332,0,0,5
428,host-19,4,0,14,4,0,0,0.254406,0,32000,8141,0.254406,131072,7379,0.056297,0,0,4
428,host-2,5,0,14,5,0,0,0.211531,0,32000,6769,0.211531,131072,7074,0.053970,0,0,5
428,host-20,4,0,14,4,0,0,0.202500,0,32000,6480,0.202500,131072,7413,0.056557,0,0,4
428,host-21,3,0,14,3,0,0,0.182000,0,32000,5824,0.182000,131072,6814,0.051987,0,0,3
428,host-22,4,0,14,4,0,0,0.197531,0,32000,6321,0.197531,131072,5981,0.045631,0,0,4
428,host-23,5,0,14,5,0,0,0.199469,0,32000,6383,0.199469,131072,5965,0.045509,0,0,5
428,host-24,5,0,14,5,0,0,0.219125,0,32000,7012,0.219125,131072,7852,0.059906,0,0,5
428,host-3,5,0,14,5,0,0,0.222562,0,32000,7122,0.222562,131072,8380,0.063934,0,0,5
428,host-4,4,0,14,4,0,0,0.229125,0,32000,7332,0.229125,131072,7782,0.059372,0,0,4
428,host-5,4,0,14,4,0,0,0.202531,0,32000,6481,0.202531,131072,6511,0.049675,0,0,4
428,host-6,6,0,14,6,0,0,0.261813,0,32000,8378,0.261813,131072,8310,0.063400,0,0,6
428,host-7,4,0,14,4,0,0,0.200156,0,32000,6405,0.200156,131072,5603,0.042747,0,0,4
428,host-8,4,0,14,4,0,0,0.250937,0,32000,8030,0.250937,131072,9190,0.070114,0,0,4
428,host-9,5,0,14,5,0,0,0.228719,0,32000,7319,0.228719,131072,6145,0.046883,0,0,5
429,host-1,5,0,14,5,0,0,0.236125,0,32000,7556,0.236125,131072,7958,0.060715,0,0,5
429,host-10,4,0,14,4,0,0,0.208250,0,32000,6664,0.208250,131072,6551,0.049980,0,0,4
429,host-11,5,0,14,5,0,0,0.234563,0,32000,7506,0.234563,131072,7842,0.059830,0,0,5
429,host-12,5,1,14,5,1,0,0.214031,0,32000,6849,0.214031,131072,7700,0.058746,1,0,4
429,host-13,5,1,14,5,1,0,0.202875,0,32000,6492,0.202875,131072,4843,0.036949,0,1,4
429,host-14,4,0,14,4,0,0,0.242594,0,32000,7763,0.242594,131072,7559,0.057671,0,0,4
429,host-15,4,1,14,4,1,0,0.170063,0,32000,5442,0.170063,131072,4476,0.034149,1,0,3
429,host-16,5,1,14,5,1,0,0.213031,0,32000,6817,0.213031,131072,5044,0.038483,0,1,4
429,host-17,5,0,14,5,0,0,0.198563,0,32000,6354,0.198563,131072,5850,0.044632,0,0,5
429,host-18,5,0,14,5,0,0,0.203687,0,32000,6518,0.203687,131072,6466,0.049332,0,0,5
429,host-19,4,0,14,4,0,0,0.254406,0,32000,8141,0.254406,131072,7379,0.056297,0,0,4
429,host-2,5,0,14,5,0,0,0.211531,0,32000,6769,0.211531,131072,7074,0.053970,0,0,5
429,host-20,4,0,14,4,0,0,0.202500,0,32000,6480,0.202500,131072,7413,0.056557,0,0,4
429,host-21,4,1,14,4,1,0,0.240937,0,32000,7710,0.240937,131072,9135,0.069695,1,0,3
429,host-22,5,1,14,5,1,0,0.250500,0,32000,8016,0.250500,131072,8113,0.061897,1,0,4
429,host-23,5,0,14,5,0,0,0.199469,0,32000,6383,0.199469,131072,5965,0.045509,0,0,5
429,host-24,5,0,14,5,0,0,0.219125,0,32000,7012,0.219125,131072,7852,0.059906,0,0,5
429,host-3,5,0,14,5,0,0,0.222562,0,32000,7122,0.222562,131072,8380,0.063934,0,0,5
429,host-4,4,0,14,4,0,0,0.229125,0,32000,7332,0.229125,131072,7782,0.059372,0,0,4
429,host-5,4,0,14,4,0,0,0.202531,0,32000,6481,0.202531,131072,6511,0.049675,0,0,4
429,host-6,6,0,14,6,0,0,0.261813,0,32000,8378,0.261813,131072,8310,0.063400,0,0,6
429,host-7,4,0,14,4,0,0,0.200156,0,32000,6405,0.200156,131072,5603,0.042747,0,0,4
429,host-8,4,0,14,4,0,0,0.250937,0,32000,8030,0.250937,131072,9190,0.070114,0,0,4
429,host-9,5,0,14,5,0,0,0.228719,0,32000,7319,0.228719,131072,6145,0.046883,0,0,5
430,host-1,5,0,14,5,0,0,0.236125,0,32000,7556,0.236125,131072,7958,0.060715,0,0,5
430,host-10,4,0,14,4,0,0,0.208250,0,32000,6664,0.208250,131072,6551,0.049980,0,0,4
430,host-11,5,0,14,5,0,0,0.234563,0,32000,7506,0.234563,131072,7842,0.059830,0,0,5
430,host-12,4,0,14,4,0,0,0.155938,0,32000,4990,0.155938,131072,5094,0.038864,0,0,4
430,host-13,5,0,14,5,0,0,0.202875,0,32000,6492,0.202875,131072,4843,0.036949,0,0,5
430,host-14,4,0,14,4,0,0,0.242594,0,32000,7763,0.242594,131072,7559,0.057671,0,0,4
430,host-15,5,1,14,5,1,0,0.218031,0,32000,6977,0.218031,131072,6001,0.045784,1,0,4
430,host-16,5,0,14,5,0,0,0.213031,0,32000,6817,0.213031,131072,5044,0.038483,0,0,5
430,host-17,4,0,14,4,0,0,0.160375,0,32000,5132,0.160375,131072,5135,0.039177,0,0,4
430,host-18,5,0,14,5,0,0,0.203687,0,32000,6518,0.203687,131072,6466,0.049332,0,0,5
430,host-19,4,0,14,4,0,0,0.254406,0,32000,8141,0.254406,131072,7379,0.056297,0,0,4
430,host-2,5,0,14,5,0,0,0.211531,0,32000,6769,0.211531,131072,7074,0.053970,0,0,5
430,host-20,4,0,14,4,0,0,0.202500,0,32000,6480,0.202500,131072,7413,0.056557,0,0,4
430,host-21,4,0,14,4,0,0,0.240937,0,32000,7710,0.240937,131072,9135,0.069695,0,0,4
430,host-22,5,0,14,5,0,0,0.250500,0,32000,8016,0.250500,131072,8113,0.061897,0,0,5
430,host-23,5,0,14,5,0,0,0.199469,0,32000,6383,0.199469,131072,5965,0.045509,0,0,5
430,host-24,5,0,14,5,0,0,0.219125,0,32000,7012,0.219125,131072,7852,0.059906,0,0,5
430,host-3,5,0,14,5,0,0,0.222562,0,32000,7122,0.222562,131072,8380,0.063934,0,0,5
430,host-4,4,0,14,4,0,0,0.229125,0,32000,7332,0.229125,131072,7782,0.059372,0,0,4
430,host-5,4,0,14,4,0,0,0.202531,0,32000,6481,0.202531,131072,6511,0.049675,0,0,4
430,host-6,6,0,14,6,0,0,0.261813,0,32000,8378,0.261813,131072,8310,0.063400,0,0,6
430,host-7,4,0,14,4,0,0,0.200156,0,32000,6405,0.200156,131072,5603,0.042747,0,0,4
430,host-8,4,1,14,4,1,0,0.250937,0,32000,8030,0.250937,131072,9190,0.070114,0,1,3
430,host-9,5,1,14,5,1,0,0.228719,0,32000,7319,0.228719,131072,6145,0.046883,0,1,4
431,host-1,5,0,14,5,0,0,0.236125,0,32000,7556,0.236125,131072,7958,0.060715,0,0,5
431,host-10,4,0,14,4,0,0,0.208250,0,32000,6664,0.208250,131072,6551,0.049980,0,0,4
431,host-11,5,0,14,5,0,0,0.234563,0,32000,7506,0.234563,131072,7842,0.059830,0,0,5
431,host-12,4,0,14,4,0,0,0.155938,0,32000,4990,0.155938,131072,5094,0.038864,0,0,4
431,host-13,5,0,14,5,0,0,0.202875,0,32000,6492,0.202875,131072,4843,0.036949,0,0,5
431,host-14,4,0,14,4,0,0,0.242594,0,32000,7763,0.242594,131072,7559,0.057671,0,0,4
431,host-15,5,0,14,5,0,0,0.218031,0,32000,6977,0.218031,131072,6001,0.045784,0,0,5
431,host-16,5,0,14,5,0,0,0.213031,0,32000,6817,0.213031,131072,5044,0.038483,0,0,5
431,host-17,4,0,14,4,0,0,0.160375,0,32000,5132,0.160375,131072,5135,0.039177,0,0,4
431,host-18,5,1,14,5,1,0,0.203687,0,32000,6518,0.203687,131072,6466,0.049332,0,1,4
431,host-19,4,0,14,4,0,0,0.254406,0,32000,8141,0.254406,131072,7379,0.056297,0,0,4
431,host-2,5,0,14,5,0,0,0.211531,0,32000,6769,0.211531,131072,7074,0.053970,0,0,5
431,host-20,4,0,14,4,0,0,0.202500,0,32000,6480,0.202500,131072,7413,0.056557,0,0,4
431,host-21,4,1,14,4,1,0,0.240937,0,32000,7710,0.240937,131072,9135,0.069695,0,1,3
431,host-22,3,0,14,3,0,0,0.164781,0,32000,5273,0.164781,131072,6015,0.045891,0,0,3
431,host-23,5,0,14,5,0,0,0.199469,0,32000,6383,0.199469,131072,5965,0.045509,0,0,5
431,host-24,5,0,14,5,0,0,0.219125,0,32000,7012,0.219125,131072,7852,0.059906,0,0,5
431,host-3,5,0,14,5,0,0,0.222562,0,32000,7122,0.222562,131072,8380,0.063934,0,0,5
431,host-4,4,0,14,4,0,0,0.229125,0,32000,7332,0.229125,131072,7782,0.059372,0,0,4
431,host-5,4,1,14,4,1,0,0.202531,0,32000,6481,0.202531,131072,6511,0.049675,0,1,3
431,host-6,6,0,14,6,0,0,0.261813,0,32000,8378,0.261813,131072,8310,0.063400,0,0,6
431,host-7,4,0,14,4,0,0,0.200156,0,32000,6405,0.200156,131072,5603,0.042747,0,0,4
431,host-8,4,0,14,4,0,0,0.250937,0,32000,8030,0.250937,131072,9190,0.070114,0,0,4
431,host-9,5,0,14,5,0,0,0.228719,0,32000,7319,0.228719,131072,6145,0.046883,0,0,5
432,host-1,5,0,14,5,0,0,0.236125,0,32000,7556,0.236125,131072,7958,0.060715,0,0,5
432,host-10,4,0,14,4,0,0,0.208250,0,32000,6664,0.208250,131072,6551,0.049980,0,0,4
432,host-11,5,0,14,5,0,0,0.234563,0,32000,7506,0.234563,131072,7842,0.059830,0,0,5
432,host-12,5,1,14,5,1,0,0.224062,0,32000,7170,0.224062,131072,7825,0.059700,1,0,4
432,host-13,5,0,14,5,0,0,0.202875,0,32000,6492,0.202875,131072,4843,0.036949,0,0,5
432,host-14,3,0,14,3,0,0,0.181062,0,32000,5794,0.181062,131072,5302,0.040451,0,0,3
432,host-15,5,0,14,5,0,0,0.218031,0,32000,6977,0.218031,131072,6001,0.045784,0,0,5
432,host-16,5,0,14,5,0,0,0.213031,0,32000,6817,0.213031,131072,5044,0.038483,0,0,5
432,host-17,4,0,14,4,0,0,0.160375,0,32000,5132,0.160375,131072,5135,0.039177,0,0,4
432,host-18,5,0,14,5,0,0,0.203687,0,32000,6518,0.203687,131072,6466,0.049332,0,0,5
432,host-19,4,0,14,4,0,0,0.254406,0,32000,8141,0.254406,131072,7379,0.056297,0,0,4
432,host-2,5,0,14,5,0,0,0.211531,0,32000,6769,0.211531,131072,7074,0.053970,0,0,5
432,host-20,4,0,14,4,0,0,0.202500,0,32000,6480,0.202500,131072,7413,0.056557,0,0,4
432,host-21,4,0,14,4,0,0,0.240937,0,32000,7710,0.240937,131072,9135,0.069695,0,0,4
432,host-22,3,0,14,3,0,0,0.164781,0,32000,5273,0.164781,131072,6015,0.045891,0,0,3
432,host-23,5,1,14,5,1,0,0.199469,0,32000,6383,0.199469,131072,5965,0.045509,0,1,4
432,host-24,5,0,14,5,0,0,0.219125,0,32000,7012,0.219125,131072,7852,0.059906,0,0,5
432,host-3,5,0,14,5,0,0,0.222562,0,32000,7122,0.222562,131072,8380,0.063934,0,0,5
432,host-4,4,0,14,4,0,0,0.229125,0,32000,7332,0.229125,131072,7782,0.059372,0,0,4
432,host-5,4,0,14,4,0,0,0.202531,0,32000,6481,0.202531,131072,6511,0.049675,0,0,4
432,host-6,6,0,14,6,0,0,0.261813,0,32000,8378,0.261813,131072,8310,0.063400,0,0,6
432,host-7,4,0,14,4,0,0,0.200156,0,32000,6405,0.200156,131072,5603,0.042747,0,0,4
432,host-8,4,1,14,4,1,0,0.250937,0,32000,8030,0.250937,131072,9190,0.070114,0,1,3
432,host-9,5,0,14,5,0,0,0.228719,0,32000,7319,0.228719,131072,6145,0.046883,0,0,5
433,host-1,5,0,14,5,0,0,0.236125,0,32000,7556,0.236125,131072,7958,0.060715,0,0,5
433,host-10,4,0,14,4,0,0,0.208250,0,32000,6664,0.208250,131072,6551,0.049980,0,0,4
433,host-11,5,0,14,5,0,0,0.234563,0,32000,7506,0.234563,131072,7842,0.059830,0,0,5
433,host-12,5,2,14,5,2,0,0.224062,0,32000,7170,0.224062,131072,7825,0.059700,0,2,3
433,host-13,5,0,14,5,0,0,0.202875,0,32000,6492,0.202875,131072,4843,0.036949,0,0,5
433,host-14,3,0,14,3,0,0,0.181062,0,32000,5794,0.181062,131072,5302,0.040451,0,0,3
433,host-15,5,0,14,5,0,0,0.218031,0,32000,6977,0.218031,131072,6001,0.045784,0,0,5
433,host-16,5,0,14,5,0,0,0.213031,0,32000,6817,0.213031,131072,5044,0.038483,0,0,5
433,host-17,5,1,14,5,1,0,0.200375,0,32000,6412,0.200375,131072,5735,0.043755,1,0,4
433,host-18,5,0,14,5,0,0,0.203687,0,32000,6518,0.203687,131072,6466,0.049332,0,0,5
433,host-19,4,0,14,4,0,0,0.254406,0,32000,8141,0.254406,131072,7379,0.056297,0,0,4
433,host-2,5,0,14,5,0,0,0.211531,0,32000,6769,0.211531,131072,7074,0.053970,0,0,5
433,host-20,4,0,14,4,0,0,0.202500,0,32000,6480,0.202500,131072,7413,0.056557,0,0,4
433,host-21,4,0,14,4,0,0,0.240937,0,32000,7710,0.240937,131072,9135,0.069695,0,0,4
433,host-22,3,0,14,3,0,0,0.164781,0,32000,5273,0.164781,131072,6015,0.045891,0,0,3
433,host-23,5,0,14,5,0,0,0.199469,0,32000,6383,0.199469,131072,5965,0.045509,0,0,5
433,host-24,5,1,14,5,1,0,0.219125,0,32000,7012,0.219125,131072,7852,0.059906,0,1,4
433,host-3,5,0,14,5,0,0,0.222562,0,32000,7122,0.222562,131072,8380,0.063934,0,0,5
433,host-4,4,0,14,4,0,0,0.229125,0,32000,7332,0.229125,131072,7782,0.059372,0,0,4
433,host-5,4,0,14,4,0,0,0.202531,0,32000,6481,0.202531,131072,6511,0.049675,0,0,4
433,host-6,6,0,14,6,0,0,0.261813,0,32000,8378,0.261813,131072,8310,0.063400,0,0,6
433,host-7,4,0,14,4,0,0,0.200156,0,32000,6405,0.200156,131072,5603,0.042747,0,0,4
433,host-8,4,0,14,4,0,0,0.250937,0,32000,8030,0.250937,131072,9190,0.070114,0,0,4
433,host-9,5,0,14,5,0,0,0.228719,0,32000,7319,0.228719,131072,6145,0.046883,0,0,5
434,host-1,5,0,14,5,0,0,0.236125,0,32000,7556,0.236125,131072,7958,0.060715,0,0,5
434,host-10,4,0,14,4,0,0,0.208250,0,32000,6664,0.208250,131072,6551,0.049980,0,0,4
434,host-11,5,0,14,5,0,0,0.234563,0,32000,7506,0.234563,131072,7842,0.059830,0,0,5
434,host-12,5,0,14,5,0,0,0.224062,0,32000,7170,0.224062,131072,7825,0.059700,0,0,5
434,host-13,5,0,14,5,0,0,0.202875,0,32000,6492,0.202875,131072,4843,0.036949,0,0,5
434,host-14,4,1,14,4,1,0,0.223875,0,32000,7164,0.223875,131072,6499,0.049583,1,0,3
434,host-15,5,0,14,5,0,0,0.218031,0,32000,6977,0.218031,131072,6001,0.045784,0,0,5
434,host-16,5,0,14,5,0,0,0.213031,0,32000,6817,0.213031,131072,5044,0.038483,0,0,5
434,host-17,5,1,14,5,1,0,0.200375,0,32000,6412,0.200375,131072,5735,0.043755,0,1,4
434,host-18,5,0,14,5,0,0,0.203687,0,32000,6518,0.203687,131072,6466,0.049332,0,0,5
434,host-19,4,0,14,4,0,0,0.254406,0,32000,8141,0.254406,131072,7379,0.056297,0,0,4
434,host-2,5,0,14,5,0,0,0.211531,0,32000,6769,0.211531,131072,7074,0.053970,0,0,5
434,host-20,4,0,14,4,0,0,0.202500,0,32000,6480,0.202500,131072,7413,0.056557,0,0,4
434,host-21,4,0,14,4,0,0,0.240937,0,32000,7710,0.240937,131072,9135,0.069695,0,0,4
434,host-22,4,1,14,4,1,0,0.210375,0,32000,6732,0.210375,131072,6886,0.052536,1,0,3
434,host-23,6,1,14,6,1,0,0.239719,0,32000,7671,0.239719,131072,7248,0.055298,1,0,5
434,host-24,5,0,14,5,0,0,0.219125,0,32000,7012,0.219125,131072,7852,0.059906,0,0,5
434,host-3,5,0,14,5,0,0,0.222562,0,32000,7122,0.222562,131072,8380,0.063934,0,0,5
434,host-4,4,0,14,4,0,0,0.229125,0,32000,7332,0.229125,131072,7782,0.059372,0,0,4
434,host-5,4,0,14,4,0,0,0.202531,0,32000,6481,0.202531,131072,6511,0.049675,0,0,4
434,host-6,6,0,14,6,0,0,0.261813,0,32000,8378,0.261813,131072,8310,0.063400,0,0,6
434,host-7,4,0,14,4,0,0,0.200156,0,32000,6405,0.200156,131072,5603,0.042747,0,0,4
434,host-8,4,0,14,4,0,0,0.250937,0,32000,8030,0.250937,131072,9190,0.070114,0,0,4
434,host-9,5,0,14,5,0,0,0.228719,0,32000,7319,0.228719,131072,6145,0.046883,0,0,5
435,host-1,5,0,14,5,0,0,0.236125,0,32000,7556,0.236125,131072,7958,0.060715,0,0,5
435,host-10,4,0,14,4,0,0,0.208250,0,32000,6664,0.208250,131072,6551,0.049980,0,0,4
435,host-11,5,0,14,5,0,0,0.234563,0,32000,7506,0.234563,131072,7842,0.059830,0,0,5
435,host-12,5,0,14,5,0,0,0.224062,0,32000,7170,0.224062,131072,7825,0.059700,0,0,5
435,host-13,6,1,14,6,1,0,0.244156,0,32000,7813,0.244156,131072,6464,0.049316,1,0,5
435,host-14,4,0,14,4,0,0,0.223875,0,32000,7164,0.223875,131072,6499,0.049583,0,0,4
435,host-15,5,0,14,5,0,0,0.218031,0,32000,6977,0.218031,131072,6001,0.045784,0,0,5
435,host-16,5,0,14,5,0,0,0.213031,0,32000,6817,0.213031,131072,5044,0.038483,0,0,5
435,host-17,6,1,14,6,1,0,0.234094,0,32000,7491,0.234094,131072,7063,0.053886,1,0,5
435,host-18,6,1,14,6,1,0,0.233844,0,32000,7483,0.233844,131072,7771,0.059288,1,0,5
435,host-19,4,0,14,4,0,0,0.254406,0,32000,8141,0.254406,131072,7379,0.056297,0,0,4
435,host-2,6,2,14,6,2,0,0.231656,0,32000,7413,0.231656,131072,6118,0.046677,2,0,4
435,host-20,5,1,14,5,1,0,0.240969,0,32000,7711,0.240969,131072,8715,0.066490,1,0,4
435,host-21,4,0,14,4,0,0,0.240937,0,32000,7710,0.240937,131072,9135,0.069695,0,0,4
435,host-22,4,0,14,4,0,0,0.210375,0,32000,6732,0.210375,131072,6886,0.052536,0,0,4
435,host-23,6,0,14,6,0,0,0.239719,0,32000,7671,0.239719,131072,7248,0.055298,0,0,6
435,host-24,5,0,14,5,0,0,0.219125,0,32000,7012,0.219125,131072,7852,0.059906,0,0,5
435,host-3,5,0,14,5,0,0,0.222562,0,32000,7122,0.222562,131072,8380,0.063934,0,0,5
435,host-4,4,1,14,4,1,0,0.214344,0,32000,6859,0.214344,131072,6644,0.050690,1,0,3
435,host-5,5,1,14,5,1,0,0.273062,0,32000,8738,0.273062,131072,8924,0.068085,1,0,4
435,host-6,6,0,14,6,0,0,0.261813,0,32000,8378,0.261813,131072,8310,0.063400,0,0,6
435,host-7,5,1,14,5,1,0,0.258250,0,32000,8264,0.258250,131072,8209,0.062630,0,1,4
435,host-8,4,1,14,4,1,0,0.250937,0,32000,8030,0.250937,131072,9190,0.070114,0,1,3
435,host-9,5,1,14,5,1,0,0.256188,0,32000,8198,0.256188,131072,6787,0.051781,1,0,4
436,host-1,4,0,14,4,0,0,0.194969,0,32000,6239,0.194969,131072,6707,0.051170,0,0,4
436,host-10,4,1,14,4,1,0,0.205531,0,32000,6577,0.205531,131072,7623,0.058159,1,0,3
436,host-11,5,0,14,5,0,0,0.234563,0,32000,7506,0.234563,131072,7842,0.059830,0,0,5
436,host-12,5,0,14,5,0,0,0.224062,0,32000,7170,0.224062,131072,7825,0.059700,0,0,5
436,host-13,6,1,14,6,1,0,0.244156,0,32000,7813,0.244156,131072,6464,0.049316,1,0,5
436,host-14,4,0,14,4,0,0,0.223875,0,32000,7164,0.223875,131072,6499,0.049583,0,0,4
436,host-15,5,0,14,5,0,0,0.218031,0,32000,6977,0.218031,131072,6001,0.045784,0,0,5
436,host-16,6,1,14,6,1,0,0.243656,0,32000,7797,0.243656,131072,6167,0.047050,1,0,5
436,host-17,6,1,14,6,1,0,0.234094,0,32000,7491,0.234094,131072,7063,0.053886,0,1,5
436,host-18,6,1,14,6,1,0,0.233844,0,32000,7483,0.233844,131072,7771,0.059288,0,1,5
436,host-19,4,0,14,4,0,0,0.254406,0,32000,8141,0.254406,131072,7379,0.056297,0,0,4
436,host-2,5,0,14,5,0,0,0.179969,0,32000,5759,0.179969,131072,4002,0.030533,0,0,5
436,host-20,5,0,14,5,0,0,0.240969,0,32000,7711,0.240969,131072,8715,0.066490,0,0,5
436,host-21,2,0,14,2,0,0,0.131094,0,32000,4195,0.131094,131072,5270,0.040207,0,0,2
436,host-22,5,1,14,5,1,0,0.253719,0,32000,8119,0.253719,131072,7760,0.059204,1,0,4
436,host-23,5,0,14,5,0,0,0.182219,0,32000,5831,0.182219,131072,5059,0.038597,0,0,5
436,host-24,5,0,14,5,0,0,0.219125,0,32000,7012,0.219125,131072,7852,0.059906,0,0,5
436,host-3,5,0,14,5,0,0,0.222562,0,32000,7122,0.222562,131072,8380,0.063934,0,0,5
436,host-4,4,0,14,4,0,0,0.214344,0,32000,6859,0.214344,131072,6644,0.050690,0,0,4
436,host-5,5,1,14,5,1,0,0.273062,0,32000,8738,0.273062,131072,8924,0.068085,0,1,4
436,host-6,4,0,14,4,0,0,0.166813,0,32000,5338,0.166813,131072,5611,0.042809,0,0,4
436,host-7,5,0,14,5,0,0,0.258250,0,32000,8264,0.258250,131072,8209,0.062630,0,0,5
436,host-8,4,0,14,4,0,0,0.250937,0,32000,8030,0.250937,131072,9190,0.070114,0,0,4
436,host-9,5,1,14,5,1,0,0.256188,0,32000,8198,0.256188,131072,6787,0.051781,1,0,4
437,host-1,3,0,14,3,0,0,0.134500,0,32000,4304,0.134500,131072,4293,0.032753,0,0,3
437,host-10,4,1,14,4,1,0,0.205531,0,32000,6577,0.205531,131072,7623,0.058159,0,1,3
437,host-11,4,0,14,4,0,0,0.168719,0,32000,5399,0.168719,131072,5979,0.045616,0,0,4
437,host-12,5,0,14,5,0,0,0.224062,0,32000,7170,0.224062,131072,7825,0.059700,0,0,5
437,host-13,5,0,14,5,0,0,0.209469,0,32000,6703,0.209469,131072,5655,0.043144,0,0,5
437,host-14,4,1,14,4,1,0,0.223875,0,32000,7164,0.223875,131072,6499,0.049583,0,1,3
437,host-15,5,0,14,5,0,0,0.218031,0,32000,6977,0.218031,131072,6001,0.045784,0,0,5
437,host-16,5,2,14,5,2,0,0.199875,0,32000,6396,0.199875,131072,5421,0.041359,1,1,3
437,host-17,6,0,14,6,0,0,0.234094,0,32000,7491,0.234094,131072,7063,0.053886,0,0,6
437,host-18,4,1,14,4,1,0,0.160562,0,32000,5138,0.160562,131072,5500,0.041962,0,1,3
437,host-19,3,0,14,3,0,0,0.177187,0,32000,5670,0.177187,131072,5081,0.038765,0,0,3
437,host-2,4,1,14,4,1,0,0.142281,0,32000,4553,0.142281,131072,3175,0.024223,0,1,3
437,host-20,5,0,14,5,0,0,0.240969,0,32000,7711,0.240969,131072,8715,0.066490,0,0,5
437,host-21,3,1,14,3,1,0,0.164437,0,32000,5262,0.164437,131072,6286,0.047958,1,0,2
437,host-22,5,0,14,5,0,0,0.253719,0,32000,8119,0.253719,131072,7760,0.059204,0,0,5
437,host-23,5,1,14,5,1,0,0.182219,0,32000,5831,0.182219,131072,5059,0.038597,0,1,4
437,host-24,5,1,14,5,1,0,0.219125,0,32000,7012,0.219125,131072,7852,0.059906,0,1,4
437,host-3,3,0,14,3,0,0,0.132344,0,32000,4235,0.132344,131072,5110,0.038986,0,0,3
437,host-4,4,1,14,4,1,0,0.214344,0,32000,6859,0.214344,131072,6644,0.050690,0,1,3
437,host-5,5,0,14,5,0,0,0.273062,0,32000,8738,0.273062,131072,8924,0.068085,0,0,5
437,host-6,4,0,14,4,0,0,0.166813,0,32000,5338,0.166813,131072,5611,0.042809,0,0,4
437,host-7,4,0,14,4,0,0,0.199813,0,32000,6394,0.199813,131072,6494,0.049545,0,0,4
437,host-8,4,0,14,4,0,0,0.250937,0,32000,8030,0.250937,131072,9190,0.070114,0,0,4
437,host-9,5,0,14,5,0,0,0.256188,0,32000,8198,0.256188,131072,6787,0.051781,0,0,5
438,host-1,4,1,14,4,1,0,0.208281,0,32000,6665,0.208281,131072,6899,0.052635,1,0,3
438,host-10,4,0,14,4,0,0,0.205531,0,32000,6577,0.205531,131072,7623,0.058159,0,0,4
438,host-11,3,0,14,3,0,0,0.110906,0,32000,3549,0.110906,131072,4106,0.031326,0,0,3
438,host-12,5,0,14,5,0,0,0.224062,0,32000,7170,0.224062,131072,7825,0.059700,0,0,5
438,host-13,5,0,14,5,0,0,0.209469,0,32000,6703,0.209469,131072,5655,0.043144,0,0,5
438,host-14,4,0,14,4,0,0,0.223875,0,32000,7164,0.223875,131072,6499,0.049583,0,0,4
438,host-15,5,0,14,5,0,0,0.218031,0,32000,6977,0.218031,131072,6001,0.045784,0,0,5
438,host-16,5,0,14,5,0,0,0.199875,0,32000,6396,0.199875,131072,5421,0.041359,0,0,5
438,host-17,6,1,14,6,1,0,0.234094,0,32000,7491,0.234094,131072,7063,0.053886,0,1,5
438,host-18,4,0,14,4,0,0,0.160562,0,32000,5138,0.160562,131072,5500,0.041962,0,0,4
438,host-19,2,0,14,2,0,0,0.100406,0,32000,3213,0.100406,131072,2295,0.017509,0,0,2
438,host-2,4,0,14,4,0,0,0.142281,0,32000,4553,0.142281,131072,3175,0.024223,0,0,4
438,host-20,5,1,14,5,1,0,0.240969,0,32000,7711,0.240969,131072,8715,0.066490,0,1,4
438,host-21,3,0,14,3,0,0,0.164437,0,32000,5262,0.164437,131072,6286,0.047958,0,0,3
438,host-22,5,0,14,5,0,0,0.253719,0,32000,8119,0.253719,131072,7760,0.059204,0,0,5
438,host-23,5,0,14,5,0,0,0.182219,0,32000,5831,0.182219,131072,5059,0.038597,0,0,5
438,host-24,5,0,14,5,0,0,0.219125,0,32000,7012,0.219125,131072,7852,0.059906,0,0,5
438,host-3,4,1,14,4,1,0,0.167594,0,32000,5363,0.167594,131072,6740,0.051422,1,0,3
438,host-4,4,0,14,4,0,0,0.214344,0,32000,6859,0.214344,131072,6644,0.050690,0,0,4
438,host-5,5,0,14,5,0,0,0.273062,0,32000,8738,0.273062,131072,8924,0.068085,0,0,5
438,host-6,4,0,14,4,0,0,0.166813,0,32000,5338,0.166813,131072,5611,0.042809,0,0,4
438,host-7,4,0,14,4,0,0,0.199813,0,32000,6394,0.199813,131072,6494,0.049545,0,0,4
438,host-8,4,0,14,4,0,0,0.250937,0,32000,8030,0.250937,131072,9190,0.070114,0,0,4
438,host-9,5,0,14,5,0,0,0.256188,0,32000,8198,0.256188,131072,6787,0.051781,0,0,5
439,host-1,4,1,14,4,1,0,0.208281,0,32000,6665,0.208281,131072,6899,0.052635,0,1,3
439,host-10,4,0,14,4,0,0,0.205531,0,32000,6577,0.205531,131072,7623,0.058159,0,0,4
439,host-11,3,0,14,3,0,0,0.110906,0,32000,3549,0.110906,131072,4106,0.031326,0,0,3
439,host-12,5,0,14,5,0,0,0.224062,0,32000,7170,0.224062,131072,7825,0.059700,0,0,5
439,host-13,5,0,14,5,0,0,0.209469,0,32000,6703,0.209469,131072,5655,0.043144,0,0,5
439,host-14,4,0,14,4,0,0,0.223875,0,32000,7164,0.223875,131072,6499,0.049583,0,0,4
439,host-15,5,0,14,5,0,0,0.218031,0,32000,6977,0.218031,131072,6001,0.045784,0,0,5
439,host-16,5,0,14,5,0,0,0.199875,0,32000,6396,0.199875,131072,5421,0.041359,0,0,5
439,host-17,6,0,14,6,0,0,0.234094,0,32000,7491,0.234094,131072,7063,0.053886,0,0,6
439,host-18,4,1,14,4,1,0,0.160562,0,32000,5138,0.160562,131072,5500,0.041962,0,1,3
439,host-19,2,0,14,2,0,0,0.100406,0,32000,3213,0.100406,131072,2295,0.017509,0,0,2
439,host-2,4,0,14,4,0,0,0.142281,0,32000,4553,0.142281,131072,3175,0.024223,0,0,4
439,host-20,4,0,14,4,0,0,0.210469,0,32000,6735,0.210469,131072,7454,0.056870,0,0,4
439,host-21,3,0,14,3,0,0,0.164437,0,32000,5262,0.164437,131072,6286,0.047958,0,0,3
439,host-22,5,0,14,5,0,0,0.253719,0,32000,8119,0.253719,131072,7760,0.059204,0,0,5
439,host-23,5,0,14,5,0,0,0.182219,0,32000,5831,0.182219,131072,5059,0.038597,0,0,5
439,host-24,5,0,14,5,0,0,0.219125,0,32000,7012,0.219125,131072,7852,0.059906,0,0,5
439,host-3,4,0,14,4,0,0,0.167594,0,32000,5363,0.167594,131072,6740,0.051422,0,0,4
439,host-4,4,0,14,4,0,0,0.214344,0,32000,6859,0.214344,131072,6644,0.050690,0,0,4
439,host-5,5,0,14,5,0,0,0.273062,0,32000,8738,0.273062,131072,8924,0.068085,0,0,5
439,host-6,4,0,14,4,0,0,0.166813,0,32000,5338,0.166813,131072,5611,0.042809,0,0,4
439,host-7,4,0,14,4,0,0,0.199813,0,32000,6394,0.199813,131072,6494,0.049545,0,0,4
439,host-8,4,1,14,4,1,0,0.250937,0,32000,8030,0.250937,131072,9190,0.070114,0,1,3
439,host-9,5,0,14,5,0,0,0.256188,0,32000,8198,0.256188,131072,6787,0.051781,0,0,5
440,host-1,3,0,14,3,0,0,0.146094,0,32000,4675,0.146094,131072,5022,0.038315,0,0,3
440,host-10,4,0,14,4,0,0,0.205531,0,32000,6577,0.205531,131072,7623,0.058159,0,0,4
440,host-11,4,1,14,4,1,0,0.186875,0,32000,5980,0.186875,131072,7026,0.053604,1,0,3
440,host-12,5,0,14,5,0,0,0.224062,0,32000,7170,0.224062,131072,7825,0.059700,0,0,5
440,host-13,5,0,14,5,0,0,0.209469,0,32000,6703,0.209469,131072,5655,0.043144,0,0,5
440,host-14,4,0,14,4,0,0,0.223875,0,32000,7164,0.223875,131072,6499,0.049583,0,0,4
440,host-15,5,0,14,5,0,0,0.218031,0,32000,6977,0.218031,131072,6001,0.045784,0,0,5
440,host-16,4,0,14,4,0,0,0.156125,0,32000,4996,0.156125,131072,4191,0.031975,0,0,4
440,host-17,6,0,14,6,0,0,0.234094,0,32000,7491,0.234094,131072,7063,0.053886,0,0,6
440,host-18,4,0,14,4,0,0,0.160562,0,32000,5138,0.160562,131072,5500,0.041962,0,0,4
440,host-19,2,1,14,2,1,0,0.083219,0,32000,2663,0.083219,131072,2285,0.017433,1,0,1
440,host-2,4,0,14,4,0,0,0.142281,0,32000,4553,0.142281,131072,3175,0.024223,0,0,4
440,host-20,4,0,14,4,0,0,0.210469,0,32000,6735,0.210469,131072,7454,0.056870,0,0,4
440,host-21,3,0,14,3,0,0,0.164437,0,32000,5262,0.164437,131072,6286,0.047958,0,0,3
440,host-22,5,0,14,5,0,0,0.253719,0,32000,8119,0.253719,131072,7760,0.059204,0,0,5
440,host-23,5,0,14,5,0,0,0.182219,0,32000,5831,0.182219,131072,5059,0.038597,0,0,5
440,host-24,5,0,14,5,0,0,0.219125,0,32000,7012,0.219125,131072,7852,0.059906,0,0,5
440,host-3,4,0,14,4,0,0,0.167594,0,32000,5363,0.167594,131072,6740,0.051422,0,0,4
440,host-4,4,0,14,4,0,0,0.214344,0,32000,6859,0.214344,131072,6644,0.050690,0,0,4
440,host-5,5,0,14,5,0,0,0.273062,0,32000,8738,0.273062,131072,8924,0.068085,0,0,5
440,host-6,3,1,14,3,1,0,0.129188,0,32000,4134,0.129188,131072,4216,0.032166,0,1,2
440,host-7,4,0,14,4,0,0,0.199813,0,32000,6394,0.199813,131072,6494,0.049545,0,0,4
440,host-8,4,1,14,4,1,0,0.250937,0,32000,8030,0.250937,131072,9190,0.070114,0,1,3
440,host-9,4,0,14,4,0,0,0.212875,0,32000,6812,0.212875,131072,5618,0.042862,0,0,4
441,host-1,3,0,14,3,0,0,0.146094,0,32000,4675,0.146094,131072,5022,0.038315,0,0,3
441,host-10,4,0,14,4,0,0,0.205531,0,32000,6577,0.205531,131072,7623,0.058159,0,0,4
441,host-11,4,1,14,4,1,0,0.186875,0,32000,5980,0.186875,131072,7026,0.053604,1,0,3
441,host-12,5,0,14,5,0,0,0.224062,0,32000,7170,0.224062,131072,7825,0.059700,0,0,5
441,host-13,5,0,14,5,0,0,0.209469,0,32000,6703,0.209469,131072,5655,0.043144,0,0,5
441,host-14,4,0,14,4,0,0,0.223875,0,32000,7164,0.223875,131072,6499,0.049583,0,0,4
441,host-15,4,0,14,4,0,0,0.190250,0,32000,6088,0.190250,131072,5567,0.042473,0,0,4
441,host-16,4,0,14,4,0,0,0.156125,0,32000,4996,0.156125,131072,4191,0.031975,0,0,4
441,host-17,6,0,14,6,0,0,0.234094,0,32000,7491,0.234094,131072,7063,0.053886,0,0,6
441,host-18,4,1,14,4,1,0,0.160562,0,32000,5138,0.160562,131072,5500,0.041962,0,1,3
441,host-19,4,2,14,4,2,0,0.183219,0,32000,5863,0.183219,131072,5070,0.038681,2,0,2
441,host-2,4,0,14,4,0,0,0.142281,0,32000,4553,0.142281,131072,3175,0.024223,0,0,4
441,host-20,4,0,14,4,0,0,0.210469,0,32000,6735,0.210469,131072,7454,0.056870,0,0,4
441,host-21,3,0,14,3,0,0,0.164437,0,32000,5262,0.164437,131072,6286,0.047958,0,0,3
441,host-22,5,0,14,5,0,0,0.253719,0,32000,8119,0.253719,131072,7760,0.059204,0,0,5
441,host-23,5,0,14,5,0,0,0.182219,0,32000,5831,0.182219,131072,5059,0.038597,0,0,5
441,host-24,5,0,14,5,0,0,0.219125,0,32000,7012,0.219125,131072,7852,0.059906,0,0,5
441,host-3,4,0,14,4,0,0,0.167594,0,32000,5363,0.167594,131072,6740,0.051422,0,0,4
441,host-4,4,0,14,4,0,0,0.214344,0,32000,6859,0.214344,131072,6644,0.050690,0,0,4
441,host-5,5,0,14,5,0,0,0.273062,0,32000,8738,0.273062,131072,8924,0.068085,0,0,5
441,host-6,4,1,14,4,1,0,0.177219,0,32000,5671,0.177219,131072,5698,0.043472,1,0,3
441,host-7,3,0,14,3,0,0,0.142313,0,32000,4554,0.142313,131072,5252,0.040070,0,0,3
441,host-8,4,0,14,4,0,0,0.250937,0,32000,8030,0.250937,131072,9190,0.070114,0,0,4
441,host-9,4,0,14,4,0,0,0.212875,0,32000,6812,0.212875,131072,5618,0.042862,0,0,4
442,host-1,4,1,14,4,1,0,0.194625,0,32000,6228,0.194625,131072,6749,0.051491,1,0,3
442,host-10,4,0,14,4,0,0,0.205531,0,32000,6577,0.205531,131072,7623,0.058159,0,0,4
442,host-11,4,0,14,4,0,0,0.186875,0,32000,5980,0.186875,131072,7026,0.053604,0,0,4
442,host-12,5,0,14,5,0,0,0.224062,0,32000,7170,0.224062,131072,7825,0.059700,0,0,5
442,host-13,5,0,14,5,0,0,0.209469,0,32000,6703,0.209469,131072,5655,0.043144,0,0,5
442,host-14,4,0,14,4,0,0,0.223875,0,32000,7164,0.223875,131072,6499,0.049583,0,0,4
442,host-15,4,0,14,4,0,0,0.190250,0,32000,6088,0.190250,131072,5567,0.042473,0,0,4
442,host-16,5,1,14,5,1,0,0.216312,0,32000,6922,0.216312,131072,6001,0.045784,1,0,4
442,host-17,5,0,14,5,0,0,0.202563,0,32000,6482,0.202563,131072,5736,0.043762,0,0,5
442,host-18,4,0,14,4,0,0,0.160562,0,32000,5138,0.160562,131072,5500,0.041962,0,0,4
442,host-19,4,1,14,4,1,0,0.183219,0,32000,5863,0.183219,131072,5070,0.038681,1,0,3
442,host-2,5,1,14,5,1,0,0.184281,0,32000,5897,0.184281,131072,4091,0.031212,1,0,4
442,host-20,4,0,14,4,0,0,0.210469,0,32000,6735,0.210469,131072,7454,0.056870,0,0,4
442,host-21,3,0,14,3,0,0,0.164437,0,32000,5262,0.164437,131072,6286,0.047958,0,0,3
442,host-22,5,0,14,5,0,0,0.253719,0,32000,8119,0.253719,131072,7760,0.059204,0,0,5
442,host-23,5,0,14,5,0,0,0.182219,0,32000,5831,0.182219,131072,5059,0.038597,0,0,5
442,host-24,5,0,14,5,0,0,0.219125,0,32000,7012,0.219125,131072,7852,0.059906,0,0,5
442,host-3,4,0,14,4,0,0,0.167594,0,32000,5363,0.167594,131072,6740,0.051422,0,0,4
442,host-4,4,0,14,4,0,0,0.214344,0,32000,6859,0.214344,131072,6644,0.050690,0,0,4
442,host-5,5,0,14,5,0,0,0.273062,0,32000,8738,0.273062,131072,8924,0.068085,0,0,5
442,host-6,4,1,14,4,1,0,0.177219,0,32000,5671,0.177219,131072,5698,0.043472,1,0,3
442,host-7,4,1,14,4,1,0,0.205125,0,32000,6564,0.205125,131072,7666,0.058487,1,0,3
442,host-8,4,0,14,4,0,0,0.250937,0,32000,8030,0.250937,131072,9190,0.070114,0,0,4
442,host-9,3,0,14,3,0,0,0.188500,0,32000,6032,0.188500,131072,4572,0.034882,0,0,3
443,host-1,4,1,14,4,1,0,0.194625,0,32000,6228,0.194625,131072,6749,0.051491,0,1,3
443,host-10,3,0,14,3,0,0,0.160062,0,32000,5122,0.160062,131072,6220,0.047455,0,0,3
443,host-11,4,0,14,4,0,0,0.186875,0,32000,5980,0.186875,131072,7026,0.053604,0,0,4
443,host-12,5,0,14,5,0,0,0.224062,0,32000,7170,0.224062,131072,7825,0.059700,0,0,5
443,host-13,5,1,14,5,1,0,0.209469,0,32000,6703,0.209469,131072,5655,0.043144,0,1,4
443,host-14,4,0,14,4,0,0,0.223875,0,32000,7164,0.223875,131072,6499,0.049583,0,0,4
443,host-15,4,0,14,4,0,0,0.190250,0,32000,6088,0.190250,131072,5567,0.042473,0,0,4
443,host-16,5,0,14,5,0,0,0.216312,0,32000,6922,0.216312,131072,6001,0.045784,0,0,5
443,host-17,4,0,14,4,0,0,0.158094,0,32000,5059,0.158094,131072,3818,0.029129,0,0,4
443,host-18,5,1,14,5,1,0,0.211062,0,32000,6754,0.211062,131072,7067,0.053917,1,0,4
443,host-19,4,0,14,4,0,0,0.183219,0,32000,5863,0.183219,131072,5070,0.038681,0,0,4
443,host-2,4,1,14,4,1,0,0.156500,0,32000,5008,0.156500,131072,3657,0.027901,0,1,3
443,host-20,3,0,14,3,0,0,0.152625,0,32000,4884,0.152625,131072,5142,0.039230,0,0,3
443,host-21,3,0,14,3,0,0,0.164437,0,32000,5262,0.164437,131072,6286,0.047958,0,0,3
443,host-22,5,1,14,5,1,0,0.253719,0,32000,8119,0.253719,131072,7760,0.059204,0,1,4
443,host-23,5,0,14,5,0,0,0.182219,0,32000,5831,0.182219,131072,5059,0.038597,0,0,5
443,host-24,5,0,14,5,0,0,0.219125,0,32000,7012,0.219125,131072,7852,0.059906,0,0,5
443,host-3,4,0,14,4,0,0,0.167594,0,32000,5363,0.167594,131072,6740,0.051422,0,0,4
443,host-4,4,0,14,4,0,0,0.214344,0,32000,6859,0.214344,131072,6644,0.050690,0,0,4
443,host-5,4,0,14,4,0,0,0.231687,0,32000,7414,0.231687,131072,7810,0.059586,0,0,4
443,host-6,4,0,14,4,0,0,0.177219,0,32000,5671,0.177219,131072,5698,0.043472,0,0,4
443,host-7,4,1,14,4,1,0,0.205125,0,32000,6564,0.205125,131072,7666,0.058487,1,0,3
443,host-8,3,0,14,3,0,0,0.187062,0,32000,5986,0.187062,131072,6879,0.052483,0,0,3
443,host-9,3,1,14,3,1,0,0.188500,0,32000,6032,0.188500,131072,4572,0.034882,0,1,2
444,host-1,4,0,14,4,0,0,0.194625,0,32000,6228,0.194625,131072,6749,0.051491,0,0,4
444,host-10,4,1,14,4,1,0,0.230844,0,32000,7387,0.230844,131072,8534,0.065109,1,0,3
444,host-11,5,1,14,5,1,0,0.230625,0,32000,7380,0.230625,131072,8130,0.062027,1,0,4
444,host-12,5,0,14,5,0,0,0.224062,0,32000,7170,0.224062,131072,7825,0.059700,0,0,5
444,host-13,5,0,14,5,0,0,0.209469,0,32000,6703,0.209469,131072,5655,0.043144,0,0,5
444,host-14,4,0,14,4,0,0,0.223875,0,32000,7164,0.223875,131072,6499,0.049583,0,0,4
444,host-15,4,0,14,4,0,0,0.190250,0,32000,6088,0.190250,131072,5567,0.042473,0,0,4
444,host-16,5,0,14,5,0,0,0.216312,0,32000,6922,0.216312,131072,6001,0.045784,0,0,5
444,host-17,5,2,14,5,2,0,0.188594,0,32000,6035,0.188594,131072,5079,0.038750,1,1,3
444,host-18,5,0,14,5,0,0,0.211062,0,32000,6754,0.211062,131072,7067,0.053917,0,0,5
444,host-19,5,1,14,5,1,0,0.241063,0,32000,7714,0.241063,131072,7382,0.056320,1,0,4
444,host-2,5,1,14,5,1,0,0.218031,0,32000,6977,0.218031,131072,5914,0.045120,1,0,4
444,host-20,4,2,14,4,2,0,0.209031,0,32000,6689,0.209031,131072,6818,0.052017,1,1,2
444,host-21,4,1,14,4,1,0,0.194938,0,32000,6238,0.194938,131072,7547,0.057579,1,0,3
444,host-22,5,0,14,5,0,0,0.253719,0,32000,8119,0.253719,131072,7760,0.059204,0,0,5
444,host-23,6,1,14,6,1,0,0.230687,0,32000,7382,0.230687,131072,7290,0.055618,1,0,5
444,host-24,5,0,14,5,0,0,0.219125,0,32000,7012,0.219125,131072,7852,0.059906,0,0,5
444,host-3,5,1,14,5,1,0,0.212062,0,32000,6786,0.212062,131072,8658,0.066055,1,0,4
444,host-4,4,0,14,4,0,0,0.214344,0,32000,6859,0.214344,131072,6644,0.050690,0,0,4
444,host-5,4,0,14,4,0,0,0.231687,0,32000,7414,0.231687,131072,7810,0.059586,0,0,4
444,host-6,5,2,14,5,2,0,0.221719,0,32000,7095,0.221719,131072,6907,0.052696,1,1,3
444,host-7,4,0,14,4,0,0,0.205125,0,32000,6564,0.205125,131072,7666,0.058487,0,0,4
444,host-8,3,0,14,3,0,0,0.187062,0,32000,5986,0.187062,131072,6879,0.052483,0,0,3
444,host-9,3,0,14,3,0,0,0.188500,0,32000,6032,0.188500,131072,4572,0.034882,0,0,3
445,host-1,5,1,14,5,1,0,0.256781,0,32000,8217,0.256781,131072,8216,0.062683,1,0,4
445,host-10,4,1,14,4,1,0,0.230844,0,32000,7387,0.230844,131072,8534,0.065109,0,1,3
445,host-11,5,1,14,5,1,0,0.230625,0,32000,7380,0.230625,131072,8130,0.062027,0,1,4
445,host-12,5,0,14,5,0,0,0.224062,0,32000,7170,0.224062,131072,7825,0.059700,0,0,5
445,host-13,5,0,14,5,0,0,0.209469,0,32000,6703,0.209469,131072,5655,0.043144,0,0,5
445,host-14,4,0,14,4,0,0,0.223875,0,32000,7164,0.223875,131072,6499,0.049583,0,0,4
445,host-15,4,1,14,4,1,0,0.214281,0,32000,6857,0.214281,131072,6579,0.050194,1,0,3
445,host-16,5,0,14,5,0,0,0.216312,0,32000,6922,0.216312,131072,6001,0.045784,0,0,5
445,host-17,6,1,14,6,1,0,0.237063,0,32000,7586,0.237063,131072,7310,0.055771,1,0,5
445,host-18,5,0,14,5,0,0,0.211062,0,32000,6754,0.211062,131072,7067,0.053917,0,0,5
445,host-19,5,1,14,5,1,0,0.241063,0,32000,7714,0.241063,131072,7382,0.056320,1,0,4
445,host-2,5,0,14,5,0,0,0.218031,0,32000,6977,0.218031,131072,5914,0.045120,0,0,5
445,host-20,4,0,14,4,0,0,0.209031,0,32000,6689,0.209031,131072,6818,0.052017,0,0,4
445,host-21,4,0,14,4,0,0,0.194938,0,32000,6238,0.194938,131072,7547,0.057579,0,0,4
445,host-22,5,0,14,5,0,0,0.253719,0,32000,8119,0.253719,131072,7760,0.059204,0,0,5
445,host-23,6,0,14,6,0,0,0.230687,0,32000,7382,0.230687,131072,7290,0.055618,0,0,6
445,host-24,5,0,14,5,0,0,0.219125,0,32000,7012,0.219125,131072,7852,0.059906,0,0,5
445,host-3,5,0,14,5,0,0,0.212062,0,32000,6786,0.212062,131072,8658,0.066055,0,0,5
445,host-4,4,0,14,4,0,0,0.214344,0,32000,6859,0.214344,131072,6644,0.050690,0,0,4
445,host-5,4,0,14,4,0,0,0.231687,0,32000,7414,0.231687,131072,7810,0.059586,0,0,4
445,host-6,5,1,14,5,1,0,0.221719,0,32000,7095,0.221719,131072,6907,0.052696,1,0,4
445,host-7,4,0,14,4,0,0,0.205125,0,32000,6564,0.205125,131072,7666,0.058487,0,0,4
445,host-8,4,1,14,4,1,0,0.231563,0,32000,7410,0.231563,131072,8088,0.061707,1,0,3
445,host-9,4,1,14,4,1,0,0.233094,0,32000,7459,0.233094,131072,5797,0.044228,1,0,3
446,host-1,5,2,14,5,2,0,0.256781,0,32000,8217,0.256781,131072,8216,0.062683,1,1,3
446,host-10,4,0,14,4,0,0,0.230844,0,32000,7387,0.230844,131072,8534,0.065109,0,0,4
446,host-11,5,0,14,5,0,0,0.230625,0,32000,7380,0.230625,131072,8130,0.062027,0,0,5
446,host-12,5,0,14,5,0,0,0.224062,0,32000,7170,0.224062,131072,7825,0.059700,0,0,5
446,host-13,5,0,14,5,0,0,0.209469,0,32000,6703,0.209469,131072,5655,0.043144,0,0,5
446,host-14,4,1,14,4,1,0,0.223875,0,32000,7164,0.223875,131072,6499,0.049583,0,1,3
446,host-15,4,1,14,4,1,0,0.214281,0,32000,6857,0.214281,131072,6579,0.050194,1,0,3
446,host-16,5,0,14,5,0,0,0.216312,0,32000,6922,0.216312,131072,6001,0.045784,0,0,5
446,host-17,6,0,14,6,0,0,0.237063,0,32000,7586,0.237063,131072,7310,0.055771,0,0,6
446,host-18,5,1,14,5,1,0,0.211062,0,32000,6754,0.211062,131072,7067,0.053917,0,1,4
446,host-19,5,0,14,5,0,0,0.241063,0,32000,7714,0.241063,131072,7382,0.056320,0,0,5
446,host-2,5,0,14,5,0,0,0.218031,0,32000,6977,0.218031,131072,5914,0.045120,0,0,5
446,host-20,4,0,14,4,0,0,0.209031,0,32000,6689,0.209031,131072,6818,0.052017,0,0,4
446,host-21,4,0,14,4,0,0,0.194938,0,32000,6238,0.194938,131072,7547,0.057579,0,0,4
446,host-22,5,0,14,5,0,0,0.253719,0,32000,8119,0.253719,131072,7760,0.059204,0,0,5
446,host-23,6,0,14,6,0,0,0.230687,0,32000,7382,0.230687,131072,7290,0.055618,0,0,6
446,host-24,5,0,14,5,0,0,0.219125,0,32000,7012,0.219125,131072,7852,0.059906,0,0,5
446,host-3,5,1,14,5,1,0,0.212062,0,32000,6786,0.212062,131072,8658,0.066055,0,1,4
446,host-4,4,0,14,4,0,0,0.214344,0,32000,6859,0.214344,131072,6644,0.050690,0,0,4
446,host-5,4,0,14,4,0,0,0.231687,0,32000,7414,0.231687,131072,7810,0.059586,0,0,4
446,host-6,5,0,14,5,0,0,0.221719,0,32000,7095,0.221719,131072,6907,0.052696,0,0,5
446,host-7,4,0,14,4,0,0,0.205125,0,32000,6564,0.205125,131072,7666,0.058487,0,0,4
446,host-8,4,0,14,4,0,0,0.231563,0,32000,7410,0.231563,131072,8088,0.061707,0,0,4
446,host-9,4,1,14,4,1,0,0.233094,0,32000,7459,0.233094,131072,5797,0.044228,1,0,3
447,host-1,5,0,14,5,0,0,0.256781,0,32000,8217,0.256781,131072,8216,0.062683,0,0,5
447,host-10,4,0,14,4,0,0,0.230844,0,32000,7387,0.230844,131072,8534,0.065109,0,0,4
447,host-11,5,1,14,5,1,0,0.230625,0,32000,7380,0.230625,131072,8130,0.062027,0,1,4
447,host-12,4,0,14,4,0,0,0.200906,0,32000,6429,0.200906,131072,7010,0.053482,0,0,4
447,host-13,5,0,14,5,0,0,0.209469,0,32000,6703,0.209469,131072,5655,0.043144,0,0,5
447,host-14,4,0,14,4,0,0,0.223875,0,32000,7164,0.223875,131072,6499,0.049583,0,0,4
447,host-15,4,1,14,4,1,0,0.209906,0,32000,6717,0.209906,131072,6533,0.049843,1,0,3
447,host-16,5,0,14,5,0,0,0.216312,0,32000,6922,0.216312,131072,6001,0.045784,0,0,5
447,host-17,6,0,14,6,0,0,0.237063,0,32000,7586,0.237063,131072,7310,0.055771,0,0,6
447,host-18,5,0,14,5,0,0,0.211062,0,32000,6754,0.211062,131072,7067,0.053917,0,0,5
447,host-19,5,0,14,5,0,0,0.241063,0,32000,7714,0.241063,131072,7382,0.056320,0,0,5
447,host-2,5,0,14,5,0,0,0.218031,0,32000,6977,0.218031,131072,5914,0.045120,0,0,5
447,host-20,4,0,14,4,0,0,0.209031,0,32000,6689,0.209031,131072,6818,0.052017,0,0,4
447,host-21,5,1,14,5,1,0,0.247812,0,32000,7930,0.247812,131072,9569,0.073006,1,0,4
447,host-22,4,0,14,4,0,0,0.216031,0,32000,6913,0.216031,131072,6254,0.047714,0,0,4
447,host-23,6,0,14,6,0,0,0.230687,0,32000,7382,0.230687,131072,7290,0.055618,0,0,6
447,host-24,5,0,14,5,0,0,0.219125,0,32000,7012,0.219125,131072,7852,0.059906,0,0,5
447,host-3,5,0,14,5,0,0,0.212062,0,32000,6786,0.212062,131072,8658,0.066055,0,0,5
447,host-4,4,0,14,4,0,0,0.214344,0,32000,6859,0.214344,131072,6644,0.050690,0,0,4
447,host-5,4,0,14,4,0,0,0.231687,0,32000,7414,0.231687,131072,7810,0.059586,0,0,4
447,host-6,5,0,14,5,0,0,0.221719,0,32000,7095,0.221719,131072,6907,0.052696,0,0,5
447,host-7,4,0,14,4,0,0,0.205125,0,32000,6564,0.205125,131072,7666,0.058487,0,0,4
447,host-8,4,0,14,4,0,0,0.231563,0,32000,7410,0.231563,131072,8088,0.061707,0,0,4
447,host-9,4,0,14,4,0,0,0.233094,0,32000,7459,0.233094,131072,5797,0.044228,0,0,4
448,host-1,4,0,14,4,0,0,0.228531,0,32000,7313,0.228531,131072,6851,0.052269,0,0,4
448,host-10,4,0,14,4,0,0,0.230844,0,32000,7387,0.230844,131072,8534,0.065109,0,0,4
448,host-11,5,0,14,5,0,0,0.230625,0,32000,7380,0.230625,131072,8130,0.062027,0,0,5
448,host-12,4,0,14,4,0,0,0.200906,0,32000,6429,0.200906,131072,7010,0.053482,0,0,4
448,host-13,5,0,14,5,0,0,0.209469,0,32000,6703,0.209469,131072,5655,0.043144,0,0,5
448,host-14,4,0,14,4,0,0,0.223875,0,32000,7164,0.223875,131072,6499,0.049583,0,0,4
448,host-15,4,1,14,4,1,0,0.209906,0,32000,6717,0.209906,131072,6533,0.049843,1,0,3
448,host-16,5,0,14,5,0,0,0.216312,0,32000,6922,0.216312,131072,6001,0.045784,0,0,5
448,host-17,6,0,14,6,0,0,0.237063,0,32000,7586,0.237063,131072,7310,0.055771,0,0,6
448,host-18,5,0,14,5,0,0,0.211062,0,32000,6754,0.211062,131072,7067,0.053917,0,0,5
448,host-19,5,0,14,5,0,0,0.241063,0,32000,7714,0.241063,131072,7382,0.056320,0,0,5
448,host-2,5,1,14,5,1,0,0.218031,0,32000,6977,0.218031,131072,5914,0.045120,0,1,4
448,host-20,4,0,14,4,0,0,0.209031,0,32000,6689,0.209031,131072,6818,0.052017,0,0,4
448,host-21,5,1,14,5,1,0,0.247812,0,32000,7930,0.247812,131072,9569,0.073006,1,0,4
448,host-22,4,0,14,4,0,0,0.216031,0,32000,6913,0.216031,131072,6254,0.047714,0,0,4
448,host-23,6,0,14,6,0,0,0.230687,0,32000,7382,0.230687,131072,7290,0.055618,0,0,6
448,host-24,5,1,14,5,1,0,0.219125,0,32000,7012,0.219125,131072,7852,0.059906,0,1,4
448,host-3,5,0,14,5,0,0,0.212062,0,32000,6786,0.212062,131072,8658,0.066055,0,0,5
448,host-4,4,0,14,4,0,0,0.214344,0,32000,6859,0.214344,131072,6644,0.050690,0,0,4
448,host-5,4,0,14,4,0,0,0.231687,0,32000,7414,0.231687,131072,7810,0.059586,0,0,4
448,host-6,5,0,14,5,0,0,0.221719,0,32000,7095,0.221719,131072,6907,0.052696,0,0,5
448,host-7,4,0,14,4,0,0,0.205125,0,32000,6564,0.205125,131072,7666,0.058487,0,0,4
448,host-8,4,0,14,4,0,0,0.231563,0,32000,7410,0.231563,131072,8088,0.061707,0,0,4
448,host-9,4,0,14,4,0,0,0.233094,0,32000,7459,0.233094,131072,5797,0.044228,0,0,4
449,host-1,3,0,14,3,0,0,0.184469,0,32000,5903,0.184469,131072,5800,0.044250,0,0,3
449,host-10,4,1,14,4,1,0,0.230844,0,32000,7387,0.230844,131072,8534,0.065109,0,1,3
449,host-11,5,0,14,5,0,0,0.230625,0,32000,7380,0.230625,131072,8130,0.062027,0,0,5
449,host-12,5,1,14,5,1,0,0.258406,0,32000,8269,0.258406,131072,9199,0.070183,1,0,4
449,host-13,5,0,14,5,0,0,0.209469,0,32000,6703,0.209469,131072,5655,0.043144,0,0,5
449,host-14,4,0,14,4,0,0,0.223875,0,32000,7164,0.223875,131072,6499,0.049583,0,0,4
449,host-15,4,0,14,4,0,0,0.209906,0,32000,6717,0.209906,131072,6533,0.049843,0,0,4
449,host-16,5,0,14,5,0,0,0.216312,0,32000,6922,0.216312,131072,6001,0.045784,0,0,5
449,host-17,6,0,14,6,0,0,0.237063,0,32000,7586,0.237063,131072,7310,0.055771,0,0,6
449,host-18,5,0,14,5,0,0,0.211062,0,32000,6754,0.211062,131072,7067,0.053917,0,0,5
449,host-19,5,0,14,5,0,0,0.241063,0,32000,7714,0.241063,131072,7382,0.056320,0,0,5
449,host-2,5,0,14,5,0,0,0.218031,0,32000,6977,0.218031,131072,5914,0.045120,0,0,5
449,host-20,4,0,14,4,0,0,0.209031,0,32000,6689,0.209031,131072,6818,0.052017,0,0,4
449,host-21,5,0,14,5,0,0,0.247812,0,32000,7930,0.247812,131072,9569,0.073006,0,0,5
449,host-22,4,1,14,4,1,0,0.216031,0,32000,6913,0.216031,131072,6254,0.047714,0,1,3
449,host-23,6,0,14,6,0,0,0.230687,0,32000,7382,0.230687,131072,7290,0.055618,0,0,6
449,host-24,5,0,14,5,0,0,0.219125,0,32000,7012,0.219125,131072,7852,0.059906,0,0,5
449,host-3,5,0,14,5,0,0,0.212062,0,32000,6786,0.212062,131072,8658,0.066055,0,0,5
449,host-4,4,0,14,4,0,0,0.214344,0,32000,6859,0.214344,131072,6644,0.050690,0,0,4
449,host-5,4,2,14,4,2,0,0.231687,0,32000,7414,0.231687,131072,7810,0.059586,0,2,2
449,host-6,5,0,14,5,0,0,0.221719,0,32000,7095,0.221719,131072,6907,0.052696,0,0,5
449,host-7,4,0,14,4,0,0,0.205125,0,32000,6564,0.205125,131072,7666,0.058487,0,0,4
449,host-8,4,0,14,4,0,0,0.231563,0,32000,7410,0.231563,131072,8088,0.061707,0,0,4
449,host-9,4,0,14,4,0,0,0.233094,0,32000,7459,0.233094,131072,5797,0.044228,0,0,4
450,host-1,3,0,14,3,0,0,0.184469,0,32000,5903,0.184469,131072,5800,0.044250,0,0,3
450,host-10,4,0,14,4,0,0,0.230844,0,32000,7387,0.230844,131072,8534,0.065109,0,0,4
450,host-11,5,0,14,5,0,0,0.230625,0,32000,7380,0.230625,131072,8130,0.062027,0,0,5
450,host-12,4,1,14,4,1,0,0.210437,0,32000,6734,0.210437,131072,7674,0.058548,0,1,3
450,host-13,5,0,14,5,0,0,0.209469,0,32000,6703,0.209469,131072,5655,0.043144,0,0,5
450,host-14,4,0,14,4,0,0,0.223875,0,32000,7164,0.223875,131072,6499,0.049583,0,0,4
450,host-15,3,0,14,3,0,0,0.171656,0,32000,5493,0.171656,131072,5700,0.043488,0,0,3
450,host-16,5,0,14,5,0,0,0.216312,0,32000,6922,0.216312,131072,6001,0.045784,0,0,5
450,host-17,6,0,14,6,0,0,0.237063,0,32000,7586,0.237063,131072,7310,0.055771,0,0,6
450,host-18,5,0,14,5,0,0,0.211062,0,32000,6754,0.211062,131072,7067,0.053917,0,0,5
450,host-19,5,0,14,5,0,0,0.241063,0,32000,7714,0.241063,131072,7382,0.056320,0,0,5
450,host-2,5,0,14,5,0,0,0.218031,0,32000,6977,0.218031,131072,5914,0.045120,0,0,5
450,host-20,4,0,14,4,0,0,0.209031,0,32000,6689,0.209031,131072,6818,0.052017,0,0,4
450,host-21,4,0,14,4,0,0,0.188875,0,32000,6044,0.188875,131072,7248,0.055298,0,0,4
450,host-22,4,0,14,4,0,0,0.216031,0,32000,6913,0.216031,131072,6254,0.047714,0,0,4
450,host-23,6,0,14,6,0,0,0.230687,0,32000,7382,0.230687,131072,7290,0.055618,0,0,6
450,host-24,5,0,14,5,0,0,0.219125,0,32000,7012,0.219125,131072,7852,0.059906,0,0,5
450,host-3,5,0,14,5,0,0,0.212062,0,32000,6786,0.212062,131072,8658,0.066055,0,0,5
450,host-4,4,0,14,4,0,0,0.214344,0,32000,6859,0.214344,131072,6644,0.050690,0,0,4
450,host-5,4,1,14,4,1,0,0.231687,0,32000,7414,0.231687,131072,7810,0.059586,0,1,3
450,host-6,5,0,14,5,0,0,0.221719,0,32000,7095,0.221719,131072,6907,0.052696,0,0,5
450,host-7,4,0,14,4,0,0,0.205125,0,32000,6564,0.205125,131072,7666,0.058487,0,0,4
450,host-8,4,0,14,4,0,0,0.231563,0,32000,7410,0.231563,131072,8088,0.061707,0,0,4
450,host-9,4,0,14,4,0,0,0.233094,0,32000,7459,0.233094,131072,5797,0.044228,0,0,4
451,host-1,3,0,14,3,0,0,0.184469,0,32000,5903,0.184469,131072,5800,0.044250,0,0,3
451,host-10,4,0,14,4,0,0,0.230844,0,32000,7387,0.230844,131072,8534,0.065109,0,0,4
451,host-11,5,0,14,5,0,0,0.230625,0,32000,7380,0.230625,131072,8130,0.062027,0,0,5
451,host-12,4,0,14,4,0,0,0.210437,0,32000,6734,0.210437,131072,7674,0.058548,0,0,4
451,host-13,5,0,14,5,0,0,0.209469,0,32000,6703,0.209469,131072,5655,0.043144,0,0,5
451,host-14,4,0,14,4,0,0,0.223875,0,32000,7164,0.223875,131072,6499,0.049583,0,0,4
451,host-15,3,1,14,3,1,0,0.167469,0,32000,5359,0.167469,131072,4921,0.037544,1,0,2
451,host-16,5,0,14,5,0,0,0.216312,0,32000,6922,0.216312,131072,6001,0.045784,0,0,5
451,host-17,6,0,14,6,0,0,0.237063,0,32000,7586,0.237063,131072,7310,0.055771,0,0,6
451,host-18,5,1,14,5,1,0,0.211062,0,32000,6754,0.211062,131072,7067,0.053917,0,1,4
451,host-19,5,0,14,5,0,0,0.241063,0,32000,7714,0.241063,131072,7382,0.056320,0,0,5
451,host-2,5,0,14,5,0,0,0.218031,0,32000,6977,0.218031,131072,5914,0.045120,0,0,5
451,host-20,4,0,14,4,0,0,0.209031,0,32000,6689,0.209031,131072,6818,0.052017,0,0,4
451,host-21,4,0,14,4,0,0,0.188875,0,32000,6044,0.188875,131072,7248,0.055298,0,0,4
451,host-22,4,0,14,4,0,0,0.216031,0,32000,6913,0.216031,131072,6254,0.047714,0,0,4
451,host-23,6,0,14,6,0,0,0.230687,0,32000,7382,0.230687,131072,7290,0.055618,0,0,6
451,host-24,4,0,14,4,0,0,0.191875,0,32000,6140,0.191875,131072,6980,0.053253,0,0,4
451,host-3,5,0,14,5,0,0,0.212062,0,32000,6786,0.212062,131072,8658,0.066055,0,0,5
451,host-4,4,0,14,4,0,0,0.214344,0,32000,6859,0.214344,131072,6644,0.050690,0,0,4
451,host-5,4,1,14,4,1,0,0.231687,0,32000,7414,0.231687,131072,7810,0.059586,0,1,3
451,host-6,5,0,14,5,0,0,0.221719,0,32000,7095,0.221719,131072,6907,0.052696,0,0,5
451,host-7,4,0,14,4,0,0,0.205125,0,32000,6564,0.205125,131072,7666,0.058487,0,0,4
451,host-8,4,0,14,4,0,0,0.231563,0,32000,7410,0.231563,131072,8088,0.061707,0,0,4
451,host-9,4,0,14,4,0,0,0.233094,0,32000,7459,0.233094,131072,5797,0.044228,0,0,4
452,host-1,4,1,14,4,1,0,0.261688,0,32000,8374,0.261688,131072,8098,0.061783,1,0,3
452,host-10,4,0,14,4,0,0,0.230844,0,32000,7387,0.230844,131072,8534,0.065109,0,0,4
452,host-11,5,0,14,5,0,0,0.230625,0,32000,7380,0.230625,131072,8130,0.062027,0,0,5
452,host-12,4,0,14,4,0,0,0.210437,0,32000,6734,0.210437,131072,7674,0.058548,0,0,4
452,host-13,5,0,14,5,0,0,0.209469,0,32000,6703,0.209469,131072,5655,0.043144,0,0,5
452,host-14,4,0,14,4,0,0,0.223875,0,32000,7164,0.223875,131072,6499,0.049583,0,0,4
452,host-15,4,1,14,4,1,0,0.201406,0,32000,6445,0.201406,131072,6005,0.045815,1,0,3
452,host-16,5,0,14,5,0,0,0.216312,0,32000,6922,0.216312,131072,6001,0.045784,0,0,5
452,host-17,6,0,14,6,0,0,0.237063,0,32000,7586,0.237063,131072,7310,0.055771,0,0,6
452,host-18,5,0,14,5,0,0,0.211062,0,32000,6754,0.211062,131072,7067,0.053917,0,0,5
452,host-19,5,0,14,5,0,0,0.241063,0,32000,7714,0.241063,131072,7382,0.056320,0,0,5
452,host-2,5,0,14,5,0,0,0.218031,0,32000,6977,0.218031,131072,5914,0.045120,0,0,5
452,host-20,4,0,14,4,0,0,0.209031,0,32000,6689,0.209031,131072,6818,0.052017,0,0,4
452,host-21,4,0,14,4,0,0,0.188875,0,32000,6044,0.188875,131072,7248,0.055298,0,0,4
452,host-22,4,0,14,4,0,0,0.216031,0,32000,6913,0.216031,131072,6254,0.047714,0,0,4
452,host-23,6,0,14,6,0,0,0.230687,0,32000,7382,0.230687,131072,7290,0.055618,0,0,6
452,host-24,4,0,14,4,0,0,0.191875,0,32000,6140,0.191875,131072,6980,0.053253,0,0,4
452,host-3,5,0,14,5,0,0,0.212062,0,32000,6786,0.212062,131072,8658,0.066055,0,0,5
452,host-4,3,0,14,3,0,0,0.143250,0,32000,4584,0.143250,131072,4330,0.033035,0,0,3
452,host-5,4,0,14,4,0,0,0.231687,0,32000,7414,0.231687,131072,7810,0.059586,0,0,4
452,host-6,4,0,14,4,0,0,0.195094,0,32000,6243,0.195094,131072,5834,0.044510,0,0,4
452,host-7,3,0,14,3,0,0,0.177344,0,32000,5675,0.177344,131072,7144,0.054504,0,0,3
452,host-8,4,1,14,4,1,0,0.231563,0,32000,7410,0.231563,131072,8088,0.061707,0,1,3
452,host-9,4,0,14,4,0,0,0.233094,0,32000,7459,0.233094,131072,5797,0.044228,0,0,4
453,host-1,4,0,14,4,0,0,0.261688,0,32000,8374,0.261688,131072,8098,0.061783,0,0,4
453,host-10,4,0,14,4,0,0,0.230844,0,32000,7387,0.230844,131072,8534,0.065109,0,0,4
453,host-11,5,0,14,5,0,0,0.230625,0,32000,7380,0.230625,131072,8130,0.062027,0,0,5
453,host-12,4,0,14,4,0,0,0.210437,0,32000,6734,0.210437,131072,7674,0.058548,0,0,4
453,host-13,5,0,14,5,0,0,0.209469,0,32000,6703,0.209469,131072,5655,0.043144,0,0,5
453,host-14,4,1,14,4,1,0,0.208937,0,32000,6686,0.208937,131072,5608,0.042786,1,0,3
453,host-15,4,0,14,4,0,0,0.201406,0,32000,6445,0.201406,131072,6005,0.045815,0,0,4
453,host-16,5,0,14,5,0,0,0.216312,0,32000,6922,0.216312,131072,6001,0.045784,0,0,5
453,host-17,6,0,14,6,0,0,0.237063,0,32000,7586,0.237063,131072,7310,0.055771,0,0,6
453,host-18,5,0,14,5,0,0,0.211062,0,32000,6754,0.211062,131072,7067,0.053917,0,0,5
453,host-19,5,0,14,5,0,0,0.241063,0,32000,7714,0.241063,131072,7382,0.056320,0,0,5
453,host-2,5,0,14,5,0,0,0.218031,0,32000,6977,0.218031,131072,5914,0.045120,0,0,5
453,host-20,4,0,14,4,0,0,0.209031,0,32000,6689,0.209031,131072,6818,0.052017,0,0,4
453,host-21,4,1,14,4,1,0,0.188875,0,32000,6044,0.188875,131072,7248,0.055298,0,1,3
453,host-22,4,0,14,4,0,0,0.216031,0,32000,6913,0.216031,131072,6254,0.047714,0,0,4
453,host-23,6,0,14,6,0,0,0.230687,0,32000,7382,0.230687,131072,7290,0.055618,0,0,6
453,host-24,4,1,14,4,1,0,0.191875,0,32000,6140,0.191875,131072,6980,0.053253,0,1,3
453,host-3,5,0,14,5,0,0,0.212062,0,32000,6786,0.212062,131072,8658,0.066055,0,0,5
453,host-4,5,3,14,5,3,0,0.229687,0,32000,7350,0.229687,131072,7281,0.055550,1,2,2
453,host-5,4,0,14,4,0,0,0.231687,0,32000,7414,0.231687,131072,7810,0.059586,0,0,4
453,host-6,4,0,14,4,0,0,0.195094,0,32000,6243,0.195094,131072,5834,0.044510,0,0,4
453,host-7,3,0,14,3,0,0,0.177344,0,32000,5675,0.177344,131072,7144,0.054504,0,0,3
453,host-8,4,0,14,4,0,0,0.231563,0,32000,7410,0.231563,131072,8088,0.061707,0,0,4
453,host-9,4,0,14,4,0,0,0.233094,0,32000,7459,0.233094,131072,5797,0.044228,0,0,4
454,host-1,4,0,14,4,0,0,0.261688,0,32000,8374,0.261688,131072,8098,0.061783,0,0,4
454,host-10,4,0,14,4,0,0,0.230844,0,32000,7387,0.230844,131072,8534,0.065109,0,0,4
454,host-11,5,0,14,5,0,0,0.230625,0,32000,7380,0.230625,131072,8130,0.062027,0,0,5
454,host-12,3,0,14,3,0,0,0.167313,0,32000,5354,0.167313,131072,6425,0.049019,0,0,3
454,host-13,5,0,14,5,0,0,0.209469,0,32000,6703,0.209469,131072,5655,0.043144,0,0,5
454,host-14,4,0,14,4,0,0,0.208937,0,32000,6686,0.208937,131072,5608,0.042786,0,0,4
454,host-15,4,0,14,4,0,0,0.201406,0,32000,6445,0.201406,131072,6005,0.045815,0,0,4
454,host-16,5,0,14,5,0,0,0.216312,0,32000,6922,0.216312,131072,6001,0.045784,0,0,5
454,host-17,6,0,14,6,0,0,0.237063,0,32000,7586,0.237063,131072,7310,0.055771,0,0,6
454,host-18,5,0,14,5,0,0,0.211062,0,32000,6754,0.211062,131072,7067,0.053917,0,0,5
454,host-19,5,0,14,5,0,0,0.241063,0,32000,7714,0.241063,131072,7382,0.056320,0,0,5
454,host-2,5,0,14,5,0,0,0.218031,0,32000,6977,0.218031,131072,5914,0.045120,0,0,5
454,host-20,4,0,14,4,0,0,0.209031,0,32000,6689,0.209031,131072,6818,0.052017,0,0,4
454,host-21,4,0,14,4,0,0,0.188875,0,32000,6044,0.188875,131072,7248,0.055298,0,0,4
454,host-22,4,0,14,4,0,0,0.216031,0,32000,6913,0.216031,131072,6254,0.047714,0,0,4
454,host-23,6,0,14,6,0,0,0.230687,0,32000,7382,0.230687,131072,7290,0.055618,0,0,6
454,host-24,4,0,14,4,0,0,0.191875,0,32000,6140,0.191875,131072,6980,0.053253,0,0,4
454,host-3,5,1,14,5,1,0,0.212062,0,32000,6786,0.212062,131072,8658,0.066055,0,1,4
454,host-4,5,1,14,5,1,0,0.229687,0,32000,7350,0.229687,131072,7281,0.055550,0,1,4
454,host-5,4,0,14,4,0,0,0.231687,0,32000,7414,0.231687,131072,7810,0.059586,0,0,4
454,host-6,4,0,14,4,0,0,0.195094,0,32000,6243,0.195094,131072,5834,0.044510,0,0,4
454,host-7,3,0,14,3,0,0,0.177344,0,32000,5675,0.177344,131072,7144,0.054504,0,0,3
454,host-8,4,0,14,4,0,0,0.231563,0,32000,7410,0.231563,131072,8088,0.061707,0,0,4
454,host-9,4,0,14,4,0,0,0.233094,0,32000,7459,0.233094,131072,5797,0.044228,0,0,4
455,host-1,4,0,14,4,0,0,0.261688,0,32000,8374,0.261688,131072,8098,0.061783,0,0,4
455,host-10,4,0,14,4,0,0,0.230844,0,32000,7387,0.230844,131072,8534,0.065109,0,0,4
455,host-11,5,1,14,5,1,0,0.230625,0,32000,7380,0.230625,131072,8130,0.062027,0,1,4
455,host-12,4,1,14,4,1,0,0.238406,0,32000,7629,0.238406,131072,8739,0.066673,1,0,3
455,host-13,5,0,14,5,0,0,0.209469,0,32000,6703,0.209469,131072,5655,0.043144,0,0,5
455,host-14,3,0,14,3,0,0,0.166125,0,32000,5316,0.166125,131072,4411,0.033653,0,0,3
455,host-15,4,0,14,4,0,0,0.201406,0,32000,6445,0.201406,131072,6005,0.045815,0,0,4
455,host-16,5,0,14,5,0,0,0.216312,0,32000,6922,0.216312,131072,6001,0.045784,0,0,5
455,host-17,5,0,14,5,0,0,0.197063,0,32000,6306,0.197063,131072,6710,0.051193,0,0,5
455,host-18,5,0,14,5,0,0,0.211062,0,32000,6754,0.211062,131072,7067,0.053917,0,0,5
455,host-19,5,0,14,5,0,0,0.241063,0,32000,7714,0.241063,131072,7382,0.056320,0,0,5
455,host-2,5,0,14,5,0,0,0.218031,0,32000,6977,0.218031,131072,5914,0.045120,0,0,5
455,host-20,4,0,14,4,0,0,0.209031,0,32000,6689,0.209031,131072,6818,0.052017,0,0,4
455,host-21,4,0,14,4,0,0,0.188875,0,32000,6044,0.188875,131072,7248,0.055298,0,0,4
455,host-22,3,0,14,3,0,0,0.170437,0,32000,5454,0.170437,131072,5383,0.041069,0,0,3
455,host-23,5,0,14,5,0,0,0.190438,0,32000,6094,0.190438,131072,6007,0.045830,0,0,5
455,host-24,4,0,14,4,0,0,0.191875,0,32000,6140,0.191875,131072,6980,0.053253,0,0,4
455,host-3,5,0,14,5,0,0,0.212062,0,32000,6786,0.212062,131072,8658,0.066055,0,0,5
455,host-4,5,0,14,5,0,0,0.229687,0,32000,7350,0.229687,131072,7281,0.055550,0,0,5
455,host-5,4,0,14,4,0,0,0.231687,0,32000,7414,0.231687,131072,7810,0.059586,0,0,4
455,host-6,4,0,14,4,0,0,0.195094,0,32000,6243,0.195094,131072,5834,0.044510,0,0,4
455,host-7,3,0,14,3,0,0,0.177344,0,32000,5675,0.177344,131072,7144,0.054504,0,0,3
455,host-8,4,0,14,4,0,0,0.231563,0,32000,7410,0.231563,131072,8088,0.061707,0,0,4
455,host-9,4,0,14,4,0,0,0.233094,0,32000,7459,0.233094,131072,5797,0.044228,0,0,4
456,host-1,4,0,14,4,0,0,0.261688,0,32000,8374,0.261688,131072,8098,0.061783,0,0,4
456,host-10,4,0,14,4,0,0,0.230844,0,32000,7387,0.230844,131072,8534,0.065109,0,0,4
456,host-11,5,2,14,5,2,0,0.230625,0,32000,7380,0.230625,131072,8130,0.062027,0,2,3
456,host-12,4,0,14,4,0,0,0.238406,0,32000,7629,0.238406,131072,8739,0.066673,0,0,4
456,host-13,5,0,14,5,0,0,0.209469,0,32000,6703,0.209469,131072,5655,0.043144,0,0,5
456,host-14,4,1,14,4,1,0,0.207344,0,32000,6635,0.207344,131072,5286,0.040329,1,0,3
456,host-15,4,0,14,4,0,0,0.201406,0,32000,6445,0.201406,131072,6005,0.045815,0,0,4
456,host-16,5,0,14,5,0,0,0.216312,0,32000,6922,0.216312,131072,6001,0.045784,0,0,5
456,host-17,5,0,14,5,0,0,0.197063,0,32000,6306,0.197063,131072,6710,0.051193,0,0,5
456,host-18,5,0,14,5,0,0,0.211062,0,32000,6754,0.211062,131072,7067,0.053917,0,0,5
456,host-19,5,0,14,5,0,0,0.241063,0,32000,7714,0.241063,131072,7382,0.056320,0,0,5
456,host-2,5,1,14,5,1,0,0.218031,0,32000,6977,0.218031,131072,5914,0.045120,0,1,4
456,host-20,3,0,14,3,0,0,0.170563,0,32000,5458,0.170563,131072,5516,0.042084,0,0,3
456,host-21,4,0,14,4,0,0,0.188875,0,32000,6044,0.188875,131072,7248,0.055298,0,0,4
456,host-22,3,0,14,3,0,0,0.170437,0,32000,5454,0.170437,131072,5383,0.041069,0,0,3
456,host-23,5,0,14,5,0,0,0.190438,0,32000,6094,0.190438,131072,6007,0.045830,0,0,5
456,host-24,4,0,14,4,0,0,0.191875,0,32000,6140,0.191875,131072,6980,0.053253,0,0,4
456,host-3,5,0,14,5,0,0,0.212062,0,32000,6786,0.212062,131072,8658,0.066055,0,0,5
456,host-4,5,0,14,5,0,0,0.229687,0,32000,7350,0.229687,131072,7281,0.055550,0,0,5
456,host-5,4,0,14,4,0,0,0.231687,0,32000,7414,0.231687,131072,7810,0.059586,0,0,4
456,host-6,4,0,14,4,0,0,0.195094,0,32000,6243,0.195094,131072,5834,0.044510,0,0,4
456,host-7,2,0,14,2,0,0,0.119250,0,32000,3816,0.119250,131072,4538,0.034622,0,0,2
456,host-8,4,0,14,4,0,0,0.231563,0,32000,7410,0.231563,131072,8088,0.061707,0,0,4
456,host-9,4,0,14,4,0,0,0.233094,0,32000,7459,0.233094,131072,5797,0.044228,0,0,4
457,host-1,4,0,14,4,0,0,0.261688,0,32000,8374,0.261688,131072,8098,0.061783,0,0,4
457,host-10,3,0,14,3,0,0,0.171406,0,32000,5485,0.171406,131072,5995,0.045738,0,0,3
457,host-11,5,0,14,5,0,0,0.230625,0,32000,7380,0.230625,131072,8130,0.062027,0,0,5
457,host-12,4,0,14,4,0,0,0.238406,0,32000,7629,0.238406,131072,8739,0.066673,0,0,4
457,host-13,4,0,14,4,0,0,0.168187,0,32000,5382,0.168187,131072,4034,0.030777,0,0,4
457,host-14,4,1,14,4,1,0,0.207344,0,32000,6635,0.207344,131072,5286,0.040329,0,1,3
457,host-15,4,0,14,4,0,0,0.201406,0,32000,6445,0.201406,131072,6005,0.045815,0,0,4
457,host-16,5,1,14,5,1,0,0.216312,0,32000,6922,0.216312,131072,6001,0.045784,0,1,4
457,host-17,4,0,14,4,0,0,0.163344,0,32000,5227,0.163344,131072,5382,0.041061,0,0,4
457,host-18,4,0,14,4,0,0,0.180906,0,32000,5789,0.180906,131072,5762,0.043961,0,0,4
457,host-19,5,0,14,5,0,0,0.241063,0,32000,7714,0.241063,131072,7382,0.056320,0,0,5
457,host-2,4,0,14,4,0,0,0.192781,0,32000,6169,0.192781,131072,5440,0.041504,0,0,4
457,host-20,3,0,14,3,0,0,0.170563,0,32000,5458,0.170563,131072,5516,0.042084,0,0,3
457,host-21,4,0,14,4,0,0,0.188875,0,32000,6044,0.188875,131072,7248,0.055298,0,0,4
457,host-22,3,0,14,3,0,0,0.170437,0,32000,5454,0.170437,131072,5383,0.041069,0,0,3
457,host-23,5,0,14,5,0,0,0.190438,0,32000,6094,0.190438,131072,6007,0.045830,0,0,5
457,host-24,4,0,14,4,0,0,0.191875,0,32000,6140,0.191875,131072,6980,0.053253,0,0,4
457,host-3,5,0,14,5,0,0,0.212062,0,32000,6786,0.212062,131072,8658,0.066055,0,0,5
457,host-4,4,0,14,4,0,0,0.190438,0,32000,6094,0.190438,131072,5945,0.045357,0,0,4
457,host-5,3,0,14,3,0,0,0.161156,0,32000,5157,0.161156,131072,5397,0.041176,0,0,3
457,host-6,4,0,14,4,0,0,0.195094,0,32000,6243,0.195094,131072,5834,0.044510,0,0,4
457,host-7,2,0,14,2,0,0,0.119250,0,32000,3816,0.119250,131072,4538,0.034622,0,0,2
457,host-8,4,0,14,4,0,0,0.231563,0,32000,7410,0.231563,131072,8088,0.061707,0,0,4
457,host-9,3,0,14,3,0,0,0.160844,0,32000,5147,0.160844,131072,3820,0.029144,0,0,3
458,host-1,4,0,14,4,0,0,0.261688,0,32000,8374,0.261688,131072,8098,0.061783,0,0,4
458,host-10,3,0,14,3,0,0,0.171406,0,32000,5485,0.171406,131072,5995,0.045738,0,0,3
458,host-11,5,0,14,5,0,0,0.230625,0,32000,7380,0.230625,131072,8130,0.062027,0,0,5
458,host-12,4,0,14,4,0,0,0.238406,0,32000,7629,0.238406,131072,8739,0.066673,0,0,4
458,host-13,3,0,14,3,0,0,0.131125,0,32000,4196,0.131125,131072,3134,0.023911,0,0,3
458,host-14,4,0,14,4,0,0,0.207344,0,32000,6635,0.207344,131072,5286,0.040329,0,0,4
458,host-15,4,0,14,4,0,0,0.201406,0,32000,6445,0.201406,131072,6005,0.045815,0,0,4
458,host-16,4,0,14,4,0,0,0.185688,0,32000,5942,0.185688,131072,4878,0.037216,0,0,4
458,host-17,4,0,14,4,0,0,0.163344,0,32000,5227,0.163344,131072,5382,0.041061,0,0,4
458,host-18,3,0,14,3,0,0,0.148313,0,32000,4746,0.148313,131072,4641,0.035408,0,0,3
458,host-19,5,0,14,5,0,0,0.241063,0,32000,7714,0.241063,131072,7382,0.056320,0,0,5
458,host-2,3,0,14,3,0,0,0.146219,0,32000,4679,0.146219,131072,4754,0.036270,0,0,3
458,host-20,3,0,14,3,0,0,0.170563,0,32000,5458,0.170563,131072,5516,0.042084,0,0,3
458,host-21,4,0,14,4,0,0,0.188875,0,32000,6044,0.188875,131072,7248,0.055298,0,0,4
458,host-22,3,0,14,3,0,0,0.170437,0,32000,5454,0.170437,131072,5383,0.041069,0,0,3
458,host-23,4,0,14,4,0,0,0.145813,0,32000,4666,0.145813,131072,4959,0.037834,0,0,4
458,host-24,4,0,14,4,0,0,0.191875,0,32000,6140,0.191875,131072,6980,0.053253,0,0,4
458,host-3,5,1,14,5,1,0,0.212062,0,32000,6786,0.212062,131072,8658,0.066055,0,1,4
458,host-4,4,1,14,4,1,0,0.190438,0,32000,6094,0.190438,131072,5945,0.045357,0,1,3
458,host-5,4,1,14,4,1,0,0.187781,0,32000,6009,0.187781,131072,6470,0.049362,1,0,3
458,host-6,4,0,14,4,0,0,0.195094,0,32000,6243,0.195094,131072,5834,0.044510,0,0,4
458,host-7,4,2,14,4,2,0,0.221438,0,32000,7086,0.221438,131072,8113,0.061897,2,0,2
458,host-8,4,0,14,4,0,0,0.231563,0,32000,7410,0.231563,131072,8088,0.061707,0,0,4
458,host-9,4,1,14,4,1,0,0.235656,0,32000,7541,0.235656,131072,6356,0.048492,1,0,3
459,host-1,4,0,14,4,0,0,0.261688,0,32000,8374,0.261688,131072,8098,0.061783,0,0,4
459,host-10,3,0,14,3,0,0,0.171406,0,32000,5485,0.171406,131072,5995,0.045738,0,0,3
459,host-11,5,0,14,5,0,0,0.230625,0,32000,7380,0.230625,131072,8130,0.062027,0,0,5
459,host-12,4,0,14,4,0,0,0.238406,0,32000,7629,0.238406,131072,8739,0.066673,0,0,4
459,host-13,4,1,14,4,1,0,0.191594,0,32000,6131,0.191594,131072,5548,0.042328,1,0,3
459,host-14,4,1,14,4,1,0,0.173656,0,32000,5557,0.173656,131072,3273,0.024971,1,0,3
459,host-15,4,0,14,4,0,0,0.201406,0,32000,6445,0.201406,131072,6005,0.045815,0,0,4
459,host-16,4,0,14,4,0,0,0.185688,0,32000,5942,0.185688,131072,4878,0.037216,0,0,4
459,host-17,4,0,14,4,0,0,0.163344,0,32000,5227,0.163344,131072,5382,0.041061,0,0,4
459,host-18,3,0,14,3,0,0,0.148313,0,32000,4746,0.148313,131072,4641,0.035408,0,0,3
459,host-19,5,0,14,5,0,0,0.241063,0,32000,7714,0.241063,131072,7382,0.056320,0,0,5
459,host-2,4,1,14,4,1,0,0.174000,0,32000,5568,0.174000,131072,5276,0.040253,1,0,3
459,host-20,4,2,14,4,2,0,0.202187,0,32000,6470,0.202187,131072,5905,0.045052,2,0,2
459,host-21,4,0,14,4,0,0,0.188875,0,32000,6044,0.188875,131072,7248,0.055298,0,0,4
459,host-22,3,0,14,3,0,0,0.170437,0,32000,5454,0.170437,131072,5383,0.041069,0,0,3
459,host-23,5,1,14,5,1,0,0.222594,0,32000,7123,0.222594,131072,7745,0.059090,1,0,4
459,host-24,4,0,14,4,0,0,0.191875,0,32000,6140,0.191875,131072,6980,0.053253,0,0,4
459,host-3,5,1,14,5,1,0,0.212062,0,32000,6786,0.212062,131072,8658,0.066055,0,1,4
459,host-4,4,0,14,4,0,0,0.190438,0,32000,6094,0.190438,131072,5945,0.045357,0,0,4
459,host-5,4,1,14,4,1,0,0.187781,0,32000,6009,0.187781,131072,6470,0.049362,1,0,3
459,host-6,4,0,14,4,0,0,0.195094,0,32000,6243,0.195094,131072,5834,0.044510,0,0,4
459,host-7,4,0,14,4,0,0,0.221438,0,32000,7086,0.221438,131072,8113,0.061897,0,0,4
459,host-8,4,0,14,4,0,0,0.231563,0,32000,7410,0.231563,131072,8088,0.061707,0,0,4
459,host-9,4,1,14,4,1,0,0.235656,0,32000,7541,0.235656,131072,6356,0.048492,0,1,3
460,host-1,4,0,14,4,0,0,0.261688,0,32000,8374,0.261688,131072,8098,0.061783,0,0,4
460,host-10,3,0,14,3,0,0,0.171406,0,32000,5485,0.171406,131072,5995,0.045738,0,0,3
460,host-11,5,0,14,5,0,0,0.230625,0,32000,7380,0.230625,131072,8130,0.062027,0,0,5
460,host-12,4,1,14,4,1,0,0.238406,0,32000,7629,0.238406,131072,8739,0.066673,0,1,3
460,host-13,4,0,14,4,0,0,0.191594,0,32000,6131,0.191594,131072,5548,0.042328,0,0,4
460,host-14,4,0,14,4,0,0,0.173656,0,32000,5557,0.173656,131072,3273,0.024971,0,0,4
460,host-15,4,0,14,4,0,0,0.201406,0,32000,6445,0.201406,131072,6005,0.045815,0,0,4
460,host-16,4,0,14,4,0,0,0.185688,0,32000,5942,0.185688,131072,4878,0.037216,0,0,4
460,host-17,4,0,14,4,0,0,0.163344,0,32000,5227,0.163344,131072,5382,0.041061,0,0,4
460,host-18,4,1,14,4,1,0,0.176094,0,32000,5635,0.176094,131072,5163,0.039391,1,0,3
460,host-19,5,0,14,5,0,0,0.241063,0,32000,7714,0.241063,131072,7382,0.056320,0,0,5
460,host-2,4,1,14,4,1,0,0.174000,0,32000,5568,0.174000,131072,5276,0.040253,1,0,3
460,host-20,4,2,14,4,2,0,0.202187,0,32000,6470,0.202187,131072,5905,0.045052,1,1,2
460,host-21,4,0,14,4,0,0,0.188875,0,32000,6044,0.188875,131072,7248,0.055298,0,0,4
460,host-22,3,0,14,3,0,0,0.170437,0,32000,5454,0.170437,131072,5383,0.041069,0,0,3
460,host-23,5,1,14,5,1,0,0.222594,0,32000,7123,0.222594,131072,7745,0.059090,1,0,4
460,host-24,4,0,14,4,0,0,0.191875,0,32000,6140,0.191875,131072,6980,0.053253,0,0,4
460,host-3,5,0,14,5,0,0,0.212062,0,32000,6786,0.212062,131072,8658,0.066055,0,0,5
460,host-4,4,0,14,4,0,0,0.190438,0,32000,6094,0.190438,131072,5945,0.045357,0,0,4
460,host-5,4,0,14,4,0,0,0.187781,0,32000,6009,0.187781,131072,6470,0.049362,0,0,4
460,host-6,4,0,14,4,0,0,0.195094,0,32000,6243,0.195094,131072,5834,0.044510,0,0,4
460,host-7,4,0,14,4,0,0,0.221438,0,32000,7086,0.221438,131072,8113,0.061897,0,0,4
460,host-8,4,1,14,4,1,0,0.231563,0,32000,7410,0.231563,131072,8088,0.061707,0,1,3
460,host-9,4,0,14,4,0,0,0.235656,0,32000,7541,0.235656,131072,6356,0.048492,0,0,4
461,host-1,4,0,14,4,0,0,0.261688,0,32000,8374,0.261688,131072,8098,0.061783,0,0,4
461,host-10,3,0,14,3,0,0,0.171406,0,32000,5485,0.171406,131072,5995,0.045738,0,0,3
461,host-11,5,1,14,5,1,0,0.230625,0,32000,7380,0.230625,131072,8130,0.062027,0,1,4
461,host-12,4,0,14,4,0,0,0.238406,0,32000,7629,0.238406,131072,8739,0.066673,0,0,4
461,host-13,4,0,14,4,0,0,0.191594,0,32000,6131,0.191594,131072,5548,0.042328,0,0,4
461,host-14,4,0,14,4,0,0,0.173656,0,32000,5557,0.173656,131072,3273,0.024971,0,0,4
461,host-15,4,0,14,4,0,0,0.201406,0,32000,6445,0.201406,131072,6005,0.045815,0,0,4
461,host-16,4,0,14,4,0,0,0.185688,0,32000,5942,0.185688,131072,4878,0.037216,0,0,4
461,host-17,5,1,14,5,1,0,0.201687,0,32000,6454,0.201687,131072,6582,0.050217,1,0,4
461,host-18,4,0,14,4,0,0,0.176094,0,32000,5635,0.176094,131072,5163,0.039391,0,0,4
461,host-19,4,0,14,4,0,0,0.200344,0,32000,6411,0.200344,131072,5994,0.045731,0,0,4
461,host-2,4,0,14,4,0,0,0.174000,0,32000,5568,0.174000,131072,5276,0.040253,0,0,4
461,host-20,4,0,14,4,0,0,0.202187,0,32000,6470,0.202187,131072,5905,0.045052,0,0,4
461,host-21,4,0,14,4,0,0,0.188875,0,32000,6044,0.188875,131072,7248,0.055298,0,0,4
461,host-22,3,0,14,3,0,0,0.170437,0,32000,5454,0.170437,131072,5383,0.041069,0,0,3
461,host-23,5,1,14,5,1,0,0.222594,0,32000,7123,0.222594,131072,7745,0.059090,0,1,4
461,host-24,4,1,14,4,1,0,0.191875,0,32000,6140,0.191875,131072,6980,0.053253,0,1,3
461,host-3,5,0,14,5,0,0,0.212062,0,32000,6786,0.212062,131072,8658,0.066055,0,0,5
461,host-4,4,1,14,4,1,0,0.190438,0,32000,6094,0.190438,131072,5945,0.045357,0,1,3
461,host-5,4,0,14,4,0,0,0.187781,0,32000,6009,0.187781,131072,6470,0.049362,0,0,4
461,host-6,4,0,14,4,0,0,0.195094,0,32000,6243,0.195094,131072,5834,0.044510,0,0,4
461,host-7,4,0,14,4,0,0,0.221438,0,32000,7086,0.221438,131072,8113,0.061897,0,0,4
461,host-8,4,0,14,4,0,0,0.231563,0,32000,7410,0.231563,131072,8088,0.061707,0,0,4
461,host-9,4,1,14,4,1,0,0.235656,0,32000,7541,0.235656,131072,6356,0.048492,0,1,3
462,host-1,4,0,14,4,0,0,0.261688,0,32000,8374,0.261688,131072,8098,0.061783,0,0,4
462,host-10,3,0,14,3,0,0,0.171406,0,32000,5485,0.171406,131072,5995,0.045738,0,0,3
462,host-11,4,0,14,4,0,0,0.154656,0,32000,4949,0.154656,131072,5210,0.039749,0,0,4
462,host-12,4,0,14,4,0,0,0.238406,0,32000,7629,0.238406,131072,8739,0.066673,0,0,4
462,host-13,4,0,14,4,0,0,0.191594,0,32000,6131,0.191594,131072,5548,0.042328,0,0,4
462,host-14,4,0,14,4,0,0,0.173656,0,32000,5557,0.173656,131072,3273,0.024971,0,0,4
462,host-15,4,0,14,4,0,0,0.201406,0,32000,6445,0.201406,131072,6005,0.045815,0,0,4
462,host-16,4,0,14,4,0,0,0.185688,0,32000,5942,0.185688,131072,4878,0.037216,0,0,4
462,host-17,5,1,14,5,1,0,0.201687,0,32000,6454,0.201687,131072,6582,0.050217,0,1,4
462,host-18,4,0,14,4,0,0,0.176094,0,32000,5635,0.176094,131072,5163,0.039391,0,0,4
462,host-19,4,0,14,4,0,0,0.200344,0,32000,6411,0.200344,131072,5994,0.045731,0,0,4
462,host-2,4,0,14,4,0,0,0.174000,0,32000,5568,0.174000,131072,5276,0.040253,0,0,4
462,host-20,4,0,14,4,0,0,0.202187,0,32000,6470,0.202187,131072,5905,0.045052,0,0,4
462,host-21,4,0,14,4,0,0,0.188875,0,32000,6044,0.188875,131072,7248,0.055298,0,0,4
462,host-22,3,0,14,3,0,0,0.170437,0,32000,5454,0.170437,131072,5383,0.041069,0,0,3
462,host-23,5,0,14,5,0,0,0.222594,0,32000,7123,0.222594,131072,7745,0.059090,0,0,5
462,host-24,4,0,14,4,0,0,0.191875,0,32000,6140,0.191875,131072,6980,0.053253,0,0,4
462,host-3,5,0,14,5,0,0,0.212062,0,32000,6786,0.212062,131072,8658,0.066055,0,0,5
462,host-4,4,0,14,4,0,0,0.190438,0,32000,6094,0.190438,131072,5945,0.045357,0,0,4
462,host-5,4,0,14,4,0,0,0.187781,0,32000,6009,0.187781,131072,6470,0.049362,0,0,4
462,host-6,4,0,14,4,0,0,0.195094,0,32000,6243,0.195094,131072,5834,0.044510,0,0,4
462,host-7,4,0,14,4,0,0,0.221438,0,32000,7086,0.221438,131072,8113,0.061897,0,0,4
462,host-8,4,0,14,4,0,0,0.231563,0,32000,7410,0.231563,131072,8088,0.061707,0,0,4
462,host-9,4,0,14,4,0,0,0.235656,0,32000,7541,0.235656,131072,6356,0.048492,0,0,4
463,host-1,4,0,14,4,0,0,0.261688,0,32000,8374,0.261688,131072,8098,0.061783,0,0,4
463,host-10,3,1,14,3,1,0,0.171406,0,32000,5485,0.171406,131072,5995,0.045738,0,1,2
463,host-11,5,1,14,5,1,0,0.195375,0,32000,6252,0.195375,131072,6598,0.050339,1,0,4
463,host-12,3,0,14,3,0,0,0.170281,0,32000,5449,0.170281,131072,6008,0.045837,0,0,3
463,host-13,4,0,14,4,0,0,0.191594,0,32000,6131,0.191594,131072,5548,0.042328,0,0,4
463,host-14,4,0,14,4,0,0,0.173656,0,32000,5557,0.173656,131072,3273,0.024971,0,0,4
463,host-15,4,0,14,4,0,0,0.201406,0,32000,6445,0.201406,131072,6005,0.045815,0,0,4
463,host-16,3,0,14,3,0,0,0.125500,0,32000,4016,0.125500,131072,3068,0.023407,0,0,3
463,host-17,5,0,14,5,0,0,0.201687,0,32000,6454,0.201687,131072,6582,0.050217,0,0,5
463,host-18,4,0,14,4,0,0,0.176094,0,32000,5635,0.176094,131072,5163,0.039391,0,0,4
463,host-19,3,0,14,3,0,0,0.137531,0,32000,4401,0.137531,131072,3580,0.027313,0,0,3
463,host-2,4,0,14,4,0,0,0.174000,0,32000,5568,0.174000,131072,5276,0.040253,0,0,4
463,host-20,4,0,14,4,0,0,0.202187,0,32000,6470,0.202187,131072,5905,0.045052,0,0,4
463,host-21,4,0,14,4,0,0,0.188875,0,32000,6044,0.188875,131072,7248,0.055298,0,0,4
463,host-22,3,0,14,3,0,0,0.170437,0,32000,5454,0.170437,131072,5383,0.041069,0,0,3
463,host-23,5,0,14,5,0,0,0.222594,0,32000,7123,0.222594,131072,7745,0.059090,0,0,5
463,host-24,4,0,14,4,0,0,0.191875,0,32000,6140,0.191875,131072,6980,0.053253,0,0,4
463,host-3,5,0,14,5,0,0,0.212062,0,32000,6786,0.212062,131072,8658,0.066055,0,0,5
463,host-4,4,1,14,4,1,0,0.190438,0,32000,6094,0.190438,131072,5945,0.045357,0,1,3
463,host-5,4,0,14,4,0,0,0.187781,0,32000,6009,0.187781,131072,6470,0.049362,0,0,4
463,host-6,4,1,14,4,1,0,0.195094,0,32000,6243,0.195094,131072,5834,0.044510,0,1,3
463,host-7,4,0,14,4,0,0,0.221438,0,32000,7086,0.221438,131072,8113,0.061897,0,0,4
463,host-8,4,0,14,4,0,0,0.231563,0,32000,7410,0.231563,131072,8088,0.061707,0,0,4
463,host-9,4,0,14,4,0,0,0.235656,0,32000,7541,0.235656,131072,6356,0.048492,0,0,4
464,host-1,4,0,14,4,0,0,0.261688,0,32000,8374,0.261688,131072,8098,0.061783,0,0,4
464,host-10,3,0,14,3,0,0,0.171406,0,32000,5485,0.171406,131072,5995,0.045738,0,0,3
464,host-11,5,0,14,5,0,0,0.195375,0,32000,6252,0.195375,131072,6598,0.050339,0,0,5
464,host-12,3,0,14,3,0,0,0.170281,0,32000,5449,0.170281,131072,6008,0.045837,0,0,3
464,host-13,4,0,14,4,0,0,0.191594,0,32000,6131,0.191594,131072,5548,0.042328,0,0,4
464,host-14,4,0,14,4,0,0,0.173656,0,32000,5557,0.173656,131072,3273,0.024971,0,0,4
464,host-15,4,0,14,4,0,0,0.201406,0,32000,6445,0.201406,131072,6005,0.045815,0,0,4
464,host-16,3,0,14,3,0,0,0.125500,0,32000,4016,0.125500,131072,3068,0.023407,0,0,3
464,host-17,5,0,14,5,0,0,0.201687,0,32000,6454,0.201687,131072,6582,0.050217,0,0,5
464,host-18,3,0,14,3,0,0,0.125594,0,32000,4019,0.125594,131072,3596,0.027435,0,0,3
464,host-19,3,0,14,3,0,0,0.137531,0,32000,4401,0.137531,131072,3580,0.027313,0,0,3
464,host-2,4,0,14,4,0,0,0.174000,0,32000,5568,0.174000,131072,5276,0.040253,0,0,4
464,host-20,4,0,14,4,0,0,0.202187,0,32000,6470,0.202187,131072,5905,0.045052,0,0,4
464,host-21,4,0,14,4,0,0,0.188875,0,32000,6044,0.188875,131072,7248,0.055298,0,0,4
464,host-22,3,0,14,3,0,0,0.170437,0,32000,5454,0.170437,131072,5383,0.041069,0,0,3
464,host-23,5,0,14,5,0,0,0.222594,0,32000,7123,0.222594,131072,7745,0.059090,0,0,5
464,host-24,4,0,14,4,0,0,0.191875,0,32000,6140,0.191875,131072,6980,0.053253,0,0,4
464,host-3,5,0,14,5,0,0,0.212062,0,32000,6786,0.212062,131072,8658,0.066055,0,0,5
464,host-4,4,0,14,4,0,0,0.190438,0,32000,6094,0.190438,131072,5945,0.045357,0,0,4
464,host-5,4,0,14,4,0,0,0.187781,0,32000,6009,0.187781,131072,6470,0.049362,0,0,4
464,host-6,3,0,14,3,0,0,0.147063,0,32000,4706,0.147063,131072,4352,0.033203,0,0,3
464,host-7,3,0,14,3,0,0,0.158625,0,32000,5076,0.158625,131072,5699,0.043480,0,0,3
464,host-8,4,0,14,4,0,0,0.231563,0,32000,7410,0.231563,131072,8088,0.061707,0,0,4
464,host-9,4,1,14,4,1,0,0.235656,0,32000,7541,0.235656,131072,6356,0.048492,0,1,3
465,host-1,4,0,14,4,0,0,0.261688,0,32000,8374,0.261688,131072,8098,0.061783,0,0,4
465,host-10,3,0,14,3,0,0,0.171406,0,32000,5485,0.171406,131072,5995,0.045738,0,0,3
465,host-11,5,0,14,5,0,0,0.195375,0,32000,6252,0.195375,131072,6598,0.050339,0,0,5
465,host-12,3,0,14,3,0,0,0.170281,0,32000,5449,0.170281,131072,6008,0.045837,0,0,3
465,host-13,4,0,14,4,0,0,0.191594,0,32000,6131,0.191594,131072,5548,0.042328,0,0,4
465,host-14,4,0,14,4,0,0,0.173656,0,32000,5557,0.173656,131072,3273,0.024971,0,0,4
465,host-15,4,0,14,4,0,0,0.201406,0,32000,6445,0.201406,131072,6005,0.045815,0,0,4
465,host-16,3,0,14,3,0,0,0.125500,0,32000,4016,0.125500,131072,3068,0.023407,0,0,3
465,host-17,5,0,14,5,0,0,0.201687,0,32000,6454,0.201687,131072,6582,0.050217,0,0,5
465,host-18,3,0,14,3,0,0,0.125594,0,32000,4019,0.125594,131072,3596,0.027435,0,0,3
465,host-19,3,0,14,3,0,0,0.137531,0,32000,4401,0.137531,131072,3580,0.027313,0,0,3
465,host-2,4,0,14,4,0,0,0.174000,0,32000,5568,0.174000,131072,5276,0.040253,0,0,4
465,host-20,4,0,14,4,0,0,0.202187,0,32000,6470,0.202187,131072,5905,0.045052,0,0,4
465,host-21,4,0,14,4,0,0,0.188875,0,32000,6044,0.188875,131072,7248,0.055298,0,0,4
465,host-22,3,0,14,3,0,0,0.170437,0,32000,5454,0.170437,131072,5383,0.041069,0,0,3
465,host-23,5,0,14,5,0,0,0.222594,0,32000,7123,0.222594,131072,7745,0.059090,0,0,5
465,host-24,4,0,14,4,0,0,0.191875,0,32000,6140,0.191875,131072,6980,0.053253,0,0,4
465,host-3,5,0,14,5,0,0,0.212062,0,32000,6786,0.212062,131072,8658,0.066055,0,0,5
465,host-4,4,0,14,4,0,0,0.190438,0,32000,6094,0.190438,131072,5945,0.045357,0,0,4
465,host-5,4,0,14,4,0,0,0.187781,0,32000,6009,0.187781,131072,6470,0.049362,0,0,4
465,host-6,3,0,14,3,0,0,0.147063,0,32000,4706,0.147063,131072,4352,0.033203,0,0,3
465,host-7,3,0,14,3,0,0,0.158625,0,32000,5076,0.158625,131072,5699,0.043480,0,0,3
465,host-8,4,0,14,4,0,0,0.231563,0,32000,7410,0.231563,131072,8088,0.061707,0,0,4
465,host-9,3,0,14,3,0,0,0.177750,0,32000,5688,0.177750,131072,4949,0.037758,0,0,3
466,host-1,4,0,14,4,0,0,0.261688,0,32000,8374,0.261688,131072,8098,0.061783,0,0,4
466,host-10,2,0,14,2,0,0,0.100625,0,32000,3220,0.100625,131072,3681,0.028084,0,0,2
466,host-11,4,0,14,4,0,0,0.151625,0,32000,4852,0.151625,131072,5494,0.041916,0,0,4
466,host-12,3,0,14,3,0,0,0.170281,0,32000,5449,0.170281,131072,6008,0.045837,0,0,3
466,host-13,4,0,14,4,0,0,0.191594,0,32000,6131,0.191594,131072,5548,0.042328,0,0,4
466,host-14,4,1,14,4,1,0,0.173656,0,32000,5557,0.173656,131072,3273,0.024971,0,1,3
466,host-15,4,0,14,4,0,0,0.201406,0,32000,6445,0.201406,131072,6005,0.045815,0,0,4
466,host-16,3,0,14,3,0,0,0.125500,0,32000,4016,0.125500,131072,3068,0.023407,0,0,3
466,host-17,4,0,14,4,0,0,0.153219,0,32000,4903,0.153219,131072,4351,0.033195,0,0,4
466,host-18,3,0,14,3,0,0,0.125594,0,32000,4019,0.125594,131072,3596,0.027435,0,0,3
466,host-19,2,0,14,2,0,0,0.079687,0,32000,2550,0.079687,131072,1268,0.009674,0,0,2
466,host-2,4,0,14,4,0,0,0.174000,0,32000,5568,0.174000,131072,5276,0.040253,0,0,4
466,host-20,4,0,14,4,0,0,0.202187,0,32000,6470,0.202187,131072,5905,0.045052,0,0,4
466,host-21,3,1,14,3,1,0,0.155531,0,32000,4977,0.155531,131072,6232,0.047546,0,1,2
466,host-22,2,0,14,2,0,0,0.127094,0,32000,4067,0.127094,131072,4509,0.034401,0,0,2
466,host-23,5,0,14,5,0,0,0.222594,0,32000,7123,0.222594,131072,7745,0.059090,0,0,5
466,host-24,4,0,14,4,0,0,0.191875,0,32000,6140,0.191875,131072,6980,0.053253,0,0,4
466,host-3,5,0,14,5,0,0,0.212062,0,32000,6786,0.212062,131072,8658,0.066055,0,0,5
466,host-4,4,0,14,4,0,0,0.190438,0,32000,6094,0.190438,131072,5945,0.045357,0,0,4
466,host-5,4,1,14,4,1,0,0.187781,0,32000,6009,0.187781,131072,6470,0.049362,0,1,3
466,host-6,3,0,14,3,0,0,0.147063,0,32000,4706,0.147063,131072,4352,0.033203,0,0,3
466,host-7,3,0,14,3,0,0,0.158625,0,32000,5076,0.158625,131072,5699,0.043480,0,0,3
466,host-8,3,0,14,3,0,0,0.187062,0,32000,5986,0.187062,131072,6879,0.052483,0,0,3
466,host-9,3,0,14,3,0,0,0.177750,0,32000,5688,0.177750,131072,4949,0.037758,0,0,3
467,host-1,4,1,14,4,1,0,0.261688,0,32000,8374,0.261688,131072,8098,0.061783,0,1,3
467,host-10,2,0,14,2,0,0,0.100625,0,32000,3220,0.100625,131072,3681,0.028084,0,0,2
467,host-11,4,0,14,4,0,0,0.151625,0,32000,4852,0.151625,131072,5494,0.041916,0,0,4
467,host-12,3,1,14,3,1,0,0.170281,0,32000,5449,0.170281,131072,6008,0.045837,0,1,2
467,host-13,4,0,14,4,0,0,0.191594,0,32000,6131,0.191594,131072,5548,0.042328,0,0,4
467,host-14,4,0,14,4,0,0,0.173656,0,32000,5557,0.173656,131072,3273,0.024971,0,0,4
467,host-15,4,0,14,4,0,0,0.201406,0,32000,6445,0.201406,131072,6005,0.045815,0,0,4
467,host-16,3,0,14,3,0,0,0.125500,0,32000,4016,0.125500,131072,3068,0.023407,0,0,3
467,host-17,4,0,14,4,0,0,0.153219,0,32000,4903,0.153219,131072,4351,0.033195,0,0,4
467,host-18,3,0,14,3,0,0,0.125594,0,32000,4019,0.125594,131072,3596,0.027435,0,0,3
467,host-19,3,1,14,3,1,0,0.130188,0,32000,4166,0.130188,131072,2835,0.021629,0,1,2
467,host-2,4,1,14,4,1,0,0.174000,0,32000,5568,0.174000,131072,5276,0.040253,0,1,3
467,host-20,4,0,14,4,0,0,0.202187,0,32000,6470,0.202187,131072,5905,0.045052,0,0,4
467,host-21,3,0,14,3,0,0,0.155531,0,32000,4977,0.155531,131072,6232,0.047546,0,0,3
467,host-22,2,0,14,2,0,0,0.127094,0,32000,4067,0.127094,131072,4509,0.034401,0,0,2
467,host-23,5,0,14,5,0,0,0.222594,0,32000,7123,0.222594,131072,7745,0.059090,0,0,5
467,host-24,4,0,14,4,0,0,0.191875,0,32000,6140,0.191875,131072,6980,0.053253,0,0,4
467,host-3,5,0,14,5,0,0,0.212062,0,32000,6786,0.212062,131072,8658,0.066055,0,0,5
467,host-4,4,0,14,4,0,0,0.190438,0,32000,6094,0.190438,131072,5945,0.045357,0,0,4
467,host-5,4,0,14,4,0,0,0.187781,0,32000,6009,0.187781,131072,6470,0.049362,0,0,4
467,host-6,3,0,14,3,0,0,0.147063,0,32000,4706,0.147063,131072,4352,0.033203,0,0,3
467,host-7,2,0,14,2,0,0,0.102188,0,32000,3270,0.102188,131072,3575,0.027275,0,0,2
467,host-8,3,1,14,3,1,0,0.187062,0,32000,5986,0.187062,131072,6879,0.052483,0,1,2
467,host-9,3,0,14,3,0,0,0.177750,0,32000,5688,0.177750,131072,4949,0.037758,0,0,3
468,host-1,4,0,14,4,0,0,0.261688,0,32000,8374,0.261688,131072,8098,0.061783,0,0,4
468,host-10,3,2,14,3,2,0,0.171406,0,32000,5485,0.171406,131072,5995,0.045738,1,1,1
468,host-11,4,0,14,4,0,0,0.151625,0,32000,4852,0.151625,131072,5494,0.041916,0,0,4
468,host-12,3,0,14,3,0,0,0.170281,0,32000,5449,0.170281,131072,6008,0.045837,0,0,3
468,host-13,4,1,14,4,1,0,0.191594,0,32000,6131,0.191594,131072,5548,0.042328,0,1,3
468,host-14,4,0,14,4,0,0,0.173656,0,32000,5557,0.173656,131072,3273,0.024971,0,0,4
468,host-15,4,0,14,4,0,0,0.201406,0,32000,6445,0.201406,131072,6005,0.045815,0,0,4
468,host-16,3,0,14,3,0,0,0.125500,0,32000,4016,0.125500,131072,3068,0.023407,0,0,3
468,host-17,4,0,14,4,0,0,0.153219,0,32000,4903,0.153219,131072,4351,0.033195,0,0,4
468,host-18,3,0,14,3,0,0,0.125594,0,32000,4019,0.125594,131072,3596,0.027435,0,0,3
468,host-19,3,0,14,3,0,0,0.130188,0,32000,4166,0.130188,131072,2835,0.021629,0,0,3
468,host-2,4,0,14,4,0,0,0.174000,0,32000,5568,0.174000,131072,5276,0.040253,0,0,4
468,host-20,4,0,14,4,0,0,0.202187,0,32000,6470,0.202187,131072,5905,0.045052,0,0,4
468,host-21,3,0,14,3,0,0,0.155531,0,32000,4977,0.155531,131072,6232,0.047546,0,0,3
468,host-22,2,0,14,2,0,0,0.127094,0,32000,4067,0.127094,131072,4509,0.034401,0,0,2
468,host-23,5,0,14,5,0,0,0.222594,0,32000,7123,0.222594,131072,7745,0.059090,0,0,5
468,host-24,4,1,14,4,1,0,0.191875,0,32000,6140,0.191875,131072,6980,0.053253,0,1,3
468,host-3,5,1,14,5,1,0,0.212062,0,32000,6786,0.212062,131072,8658,0.066055,0,1,4
468,host-4,4,0,14,4,0,0,0.190438,0,32000,6094,0.190438,131072,5945,0.045357,0,0,4
468,host-5,4,0,14,4,0,0,0.187781,0,32000,6009,0.187781,131072,6470,0.049362,0,0,4
468,host-6,3,1,14,3,1,0,0.147063,0,32000,4706,0.147063,131072,4352,0.033203,0,1,2
468,host-7,3,1,14,3,1,0,0.145937,0,32000,4670,0.145937,131072,4679,0.035698,1,0,2
468,host-8,3,0,14,3,0,0,0.187062,0,32000,5986,0.187062,131072,6879,0.052483,0,0,3
468,host-9,3,0,14,3,0,0,0.177750,0,32000,5688,0.177750,131072,4949,0.037758,0,0,3
469,host-1,4,0,14,4,0,0,0.261688,0,32000,8374,0.261688,131072,8098,0.061783,0,0,4
469,host-10,3,0,14,3,0,0,0.171406,0,32000,5485,0.171406,131072,5995,0.045738,0,0,3
469,host-11,4,0,14,4,0,0,0.151625,0,32000,4852,0.151625,131072,5494,0.041916,0,0,4
469,host-12,3,0,14,3,0,0,0.170281,0,32000,5449,0.170281,131072,6008,0.045837,0,0,3
469,host-13,4,0,14,4,0,0,0.191594,0,32000,6131,0.191594,131072,5548,0.042328,0,0,4
469,host-14,4,0,14,4,0,0,0.173656,0,32000,5557,0.173656,131072,3273,0.024971,0,0,4
469,host-15,4,0,14,4,0,0,0.201406,0,32000,6445,0.201406,131072,6005,0.045815,0,0,4
469,host-16,4,1,14,4,1,0,0.163688,0,32000,5238,0.163688,131072,3783,0.028862,0,1,3
469,host-17,4,0,14,4,0,0,0.153219,0,32000,4903,0.153219,131072,4351,0.033195,0,0,4
469,host-18,3,0,14,3,0,0,0.125594,0,32000,4019,0.125594,131072,3596,0.027435,0,0,3
469,host-19,3,0,14,3,0,0,0.130188,0,32000,4166,0.130188,131072,2835,0.021629,0,0,3
469,host-2,3,0,14,3,0,0,0.132000,0,32000,4224,0.132000,131072,4360,0.033264,0,0,3
469,host-20,3,0,14,3,0,0,0.145781,0,32000,4665,0.145781,131072,4229,0.032265,0,0,3
469,host-21,3,0,14,3,0,0,0.155531,0,32000,4977,0.155531,131072,6232,0.047546,0,0,3
469,host-22,2,0,14,2,0,0,0.127094,0,32000,4067,0.127094,131072,4509,0.034401,0,0,2
469,host-23,5,0,14,5,0,0,0.222594,0,32000,7123,0.222594,131072,7745,0.059090,0,0,5
469,host-24,4,0,14,4,0,0,0.191875,0,32000,6140,0.191875,131072,6980,0.053253,0,0,4
469,host-3,5,0,14,5,0,0,0.212062,0,32000,6786,0.212062,131072,8658,0.066055,0,0,5
469,host-4,4,0,14,4,0,0,0.190438,0,32000,6094,0.190438,131072,5945,0.045357,0,0,4
469,host-5,4,1,14,4,1,0,0.187781,0,32000,6009,0.187781,131072,6470,0.049362,0,1,3
469,host-6,2,0,14,2,0,0,0.102563,0,32000,3282,0.102563,131072,3143,0.023979,0,0,2
469,host-7,3,0,14,3,0,0,0.145937,0,32000,4670,0.145937,131072,4679,0.035698,0,0,3
469,host-8,3,0,14,3,0,0,0.187062,0,32000,5986,0.187062,131072,6879,0.052483,0,0,3
469,host-9,3,0,14,3,0,0,0.177750,0,32000,5688,0.177750,131072,4949,0.037758,0,0,3
470,host-1,4,0,14,4,0,0,0.261688,0,32000,8374,0.261688,131072,8098,0.061783,0,0,4
470,host-10,3,0,14,3,0,0,0.171406,0,32000,5485,0.171406,131072,5995,0.045738,0,0,3
470,host-11,4,0,14,4,0,0,0.151625,0,32000,4852,0.151625,131072,5494,0.041916,0,0,4
470,host-12,3,0,14,3,0,0,0.170281,0,32000,5449,0.170281,131072,6008,0.045837,0,0,3
470,host-13,4,0,14,4,0,0,0.191594,0,32000,6131,0.191594,131072,5548,0.042328,0,0,4
470,host-14,4,0,14,4,0,0,0.173656,0,32000,5557,0.173656,131072,3273,0.024971,0,0,4
470,host-15,4,0,14,4,0,0,0.201406,0,32000,6445,0.201406,131072,6005,0.045815,0,0,4
470,host-16,4,0,14,4,0,0,0.163688,0,32000,5238,0.163688,131072,3783,0.028862,0,0,4
470,host-17,4,0,14,4,0,0,0.153219,0,32000,4903,0.153219,131072,4351,0.033195,0,0,4
470,host-18,3,0,14,3,0,0,0.125594,0,32000,4019,0.125594,131072,3596,0.027435,0,0,3
470,host-19,3,0,14,3,0,0,0.130188,0,32000,4166,0.130188,131072,2835,0.021629,0,0,3
470,host-2,3,0,14,3,0,0,0.132000,0,32000,4224,0.132000,131072,4360,0.033264,0,0,3
470,host-20,3,0,14,3,0,0,0.145781,0,32000,4665,0.145781,131072,4229,0.032265,0,0,3
470,host-21,3,0,14,3,0,0,0.155531,0,32000,4977,0.155531,131072,6232,0.047546,0,0,3
470,host-22,2,0,14,2,0,0,0.127094,0,32000,4067,0.127094,131072,4509,0.034401,0,0,2
470,host-23,5,0,14,5,0,0,0.222594,0,32000,7123,0.222594,131072,7745,0.059090,0,0,5
470,host-24,4,0,14,4,0,0,0.191875,0,32000,6140,0.191875,131072,6980,0.053253,0,0,4
470,host-3,5,1,14,5,1,0,0.212062,0,32000,6786,0.212062,131072,8658,0.066055,0,1,4
470,host-4,4,0,14,4,0,0,0.190438,0,32000,6094,0.190438,131072,5945,0.045357,0,0,4
470,host-5,4,0,14,4,0,0,0.187781,0,32000,6009,0.187781,131072,6470,0.049362,0,0,4
470,host-6,2,0,14,2,0,0,0.102563,0,32000,3282,0.102563,131072,3143,0.023979,0,0,2
470,host-7,3,0,14,3,0,0,0.145937,0,32000,4670,0.145937,131072,4679,0.035698,0,0,3
470,host-8,3,0,14,3,0,0,0.187062,0,32000,5986,0.187062,131072,6879,0.052483,0,0,3
470,host-9,3,0,14,3,0,0,0.177750,0,32000,5688,0.177750,131072,4949,0.037758,0,0,3
471,host-1,4,0,14,4,0,0,0.261688,0,32000,8374,0.261688,131072,8098,0.061783,0,0,4
471,host-10,3,0,14,3,0,0,0.171406,0,32000,5485,0.171406,131072,5995,0.045738,0,0,3
471,host-11,4,1,14,4,1,0,0.151625,0,32000,4852,0.151625,131072,5494,0.041916,0,1,3
471,host-12,3,1,14,3,1,0,0.146125,0,32000,4676,0.146125,131072,4835,0.036888,1,0,2
471,host-13,4,0,14,4,0,0,0.191594,0,32000,6131,0.191594,131072,5548,0.042328,0,0,4
471,host-14,4,0,14,4,0,0,0.173656,0,32000,5557,0.173656,131072,3273,0.024971,0,0,4
471,host-15,4,0,14,4,0,0,0.201406,0,32000,6445,0.201406,131072,6005,0.045815,0,0,4
471,host-16,4,1,14,4,1,0,0.163688,0,32000,5238,0.163688,131072,3783,0.028862,0,1,3
471,host-17,4,0,14,4,0,0,0.153219,0,32000,4903,0.153219,131072,4351,0.033195,0,0,4
471,host-18,3,0,14,3,0,0,0.125594,0,32000,4019,0.125594,131072,3596,0.027435,0,0,3
471,host-19,3,0,14,3,0,0,0.130188,0,32000,4166,0.130188,131072,2835,0.021629,0,0,3
471,host-2,3,0,14,3,0,0,0.132000,0,32000,4224,0.132000,131072,4360,0.033264,0,0,3
471,host-20,3,0,14,3,0,0,0.145781,0,32000,4665,0.145781,131072,4229,0.032265,0,0,3
471,host-21,3,0,14,3,0,0,0.155531,0,32000,4977,0.155531,131072,6232,0.047546,0,0,3
471,host-22,2,0,14,2,0,0,0.127094,0,32000,4067,0.127094,131072,4509,0.034401,0,0,2
471,host-23,5,0,14,5,0,0,0.222594,0,32000,7123,0.222594,131072,7745,0.059090,0,0,5
471,host-24,4,0,14,4,0,0,0.191875,0,32000,6140,0.191875,131072,6980,0.053253,0,0,4
471,host-3,5,0,14,5,0,0,0.212062,0,32000,6786,0.212062,131072,8658,0.066055,0,0,5
471,host-4,4,0,14,4,0,0,0.190438,0,32000,6094,0.190438,131072,5945,0.045357,0,0,4
471,host-5,4,0,14,4,0,0,0.187781,0,32000,6009,0.187781,131072,6470,0.049362,0,0,4
471,host-6,3,1,14,3,1,0,0.145906,0,32000,4669,0.145906,131072,4017,0.030647,1,0,2
471,host-7,3,0,14,3,0,0,0.145937,0,32000,4670,0.145937,131072,4679,0.035698,0,0,3
471,host-8,3,0,14,3,0,0,0.187062,0,32000,5986,0.187062,131072,6879,0.052483,0,0,3
471,host-9,3,0,14,3,0,0,0.177750,0,32000,5688,0.177750,131072,4949,0.037758,0,0,3
472,host-1,4,0,14,4,0,0,0.261688,0,32000,8374,0.261688,131072,8098,0.061783,0,0,4
472,host-10,3,0,14,3,0,0,0.171406,0,32000,5485,0.171406,131072,5995,0.045738,0,0,3
472,host-11,4,0,14,4,0,0,0.151625,0,32000,4852,0.151625,131072,5494,0.041916,0,0,4
472,host-12,3,2,14,3,2,0,0.146125,0,32000,4676,0.146125,131072,4835,0.036888,0,2,1
472,host-13,4,0,14,4,0,0,0.191594,0,32000,6131,0.191594,131072,5548,0.042328,0,0,4
472,host-14,4,0,14,4,0,0,0.173656,0,32000,5557,0.173656,131072,3273,0.024971,0,0,4
472,host-15,4,0,14,4,0,0,0.201406,0,32000,6445,0.201406,131072,6005,0.045815,0,0,4
472,host-16,4,0,14,4,0,0,0.163688,0,32000,5238,0.163688,131072,3783,0.028862,0,0,4
472,host-17,4,0,14,4,0,0,0.153219,0,32000,4903,0.153219,131072,4351,0.033195,0,0,4
472,host-18,4,1,14,4,1,0,0.193719,0,32000,6199,0.193719,131072,6327,0.048271,1,0,3
472,host-19,3,0,14,3,0,0,0.130188,0,32000,4166,0.130188,131072,2835,0.021629,0,0,3
472,host-2,3,0,14,3,0,0,0.132000,0,32000,4224,0.132000,131072,4360,0.033264,0,0,3
472,host-20,3,0,14,3,0,0,0.145781,0,32000,4665,0.145781,131072,4229,0.032265,0,0,3
472,host-21,3,0,14,3,0,0,0.155531,0,32000,4977,0.155531,131072,6232,0.047546,0,0,3
472,host-22,3,1,14,3,1,0,0.171625,0,32000,5492,0.171625,131072,6433,0.049080,1,0,2
472,host-23,5,0,14,5,0,0,0.222594,0,32000,7123,0.222594,131072,7745,0.059090,0,0,5
472,host-24,4,0,14,4,0,0,0.191875,0,32000,6140,0.191875,131072,6980,0.053253,0,0,4
472,host-3,5,1,14,5,1,0,0.212062,0,32000,6786,0.212062,131072,8658,0.066055,0,1,4
472,host-4,4,0,14,4,0,0,0.190438,0,32000,6094,0.190438,131072,5945,0.045357,0,0,4
472,host-5,4,0,14,4,0,0,0.187781,0,32000,6009,0.187781,131072,6470,0.049362,0,0,4
472,host-6,3,0,14,3,0,0,0.145906,0,32000,4669,0.145906,131072,4017,0.030647,0,0,3
472,host-7,3,0,14,3,0,0,0.145937,0,32000,4670,0.145937,131072,4679,0.035698,0,0,3
472,host-8,3,0,14,3,0,0,0.187062,0,32000,5986,0.187062,131072,6879,0.052483,0,0,3
472,host-9,3,0,14,3,0,0,0.177750,0,32000,5688,0.177750,131072,4949,0.037758,0,0,3
473,host-1,4,0,14,4,0,0,0.261688,0,32000,8374,0.261688,131072,8098,0.061783,0,0,4
473,host-10,3,1,14,3,1,0,0.171406,0,32000,5485,0.171406,131072,5995,0.045738,0,1,2
473,host-11,4,0,14,4,0,0,0.151625,0,32000,4852,0.151625,131072,5494,0.041916,0,0,4
473,host-12,3,0,14,3,0,0,0.146125,0,32000,4676,0.146125,131072,4835,0.036888,0,0,3
473,host-13,4,0,14,4,0,0,0.191594,0,32000,6131,0.191594,131072,5548,0.042328,0,0,4
473,host-14,4,0,14,4,0,0,0.173656,0,32000,5557,0.173656,131072,3273,0.024971,0,0,4
473,host-15,3,0,14,3,0,0,0.167469,0,32000,5359,0.167469,131072,4921,0.037544,0,0,3
473,host-16,4,0,14,4,0,0,0.163688,0,32000,5238,0.163688,131072,3783,0.028862,0,0,4
473,host-17,4,0,14,4,0,0,0.153219,0,32000,4903,0.153219,131072,4351,0.033195,0,0,4
473,host-18,4,1,14,4,1,0,0.193719,0,32000,6199,0.193719,131072,6327,0.048271,0,1,3
473,host-19,3,0,14,3,0,0,0.130188,0,32000,4166,0.130188,131072,2835,0.021629,0,0,3
473,host-2,3,0,14,3,0,0,0.132000,0,32000,4224,0.132000,131072,4360,0.033264,0,0,3
473,host-20,2,0,14,2,0,0,0.095500,0,32000,3056,0.095500,131072,2700,0.020599,0,0,2
473,host-21,3,0,14,3,0,0,0.155531,0,32000,4977,0.155531,131072,6232,0.047546,0,0,3
473,host-22,2,1,14,2,1,0,0.097500,0,32000,3120,0.097500,131072,4056,0.030945,1,0,1
473,host-23,4,0,14,4,0,0,0.195719,0,32000,6263,0.195719,131072,7214,0.055038,0,0,4
473,host-24,4,0,14,4,0,0,0.191875,0,32000,6140,0.191875,131072,6980,0.053253,0,0,4
473,host-3,5,0,14,5,0,0,0.212062,0,32000,6786,0.212062,131072,8658,0.066055,0,0,5
473,host-4,4,1,14,4,1,0,0.190438,0,32000,6094,0.190438,131072,5945,0.045357,0,1,3
473,host-5,4,0,14,4,0,0,0.187781,0,32000,6009,0.187781,131072,6470,0.049362,0,0,4
473,host-6,3,0,14,3,0,0,0.145906,0,32000,4669,0.145906,131072,4017,0.030647,0,0,3
473,host-7,3,0,14,3,0,0,0.145937,0,32000,4670,0.145937,131072,4679,0.035698,0,0,3
473,host-8,3,0,14,3,0,0,0.187062,0,32000,5986,0.187062,131072,6879,0.052483,0,0,3
473,host-9,3,0,14,3,0,0,0.177750,0,32000,5688,0.177750,131072,4949,0.037758,0,0,3
474,host-1,4,0,14,4,0,0,0.261688,0,32000,8374,0.261688,131072,8098,0.061783,0,0,4
474,host-10,3,0,14,3,0,0,0.171406,0,32000,5485,0.171406,131072,5995,0.045738,0,0,3
474,host-11,4,0,14,4,0,0,0.151625,0,32000,4852,0.151625,131072,5494,0.041916,0,0,4
474,host-12,3,0,14,3,0,0,0.146125,0,32000,4676,0.146125,131072,4835,0.036888,0,0,3
474,host-13,4,0,14,4,0,0,0.191594,0,32000,6131,0.191594,131072,5548,0.042328,0,0,4
474,host-14,4,0,14,4,0,0,0.173656,0,32000,5557,0.173656,131072,3273,0.024971,0,0,4
474,host-15,3,0,14,3,0,0,0.167469,0,32000,5359,0.167469,131072,4921,0.037544,0,0,3
474,host-16,4,0,14,4,0,0,0.163688,0,32000,5238,0.163688,131072,3783,0.028862,0,0,4
474,host-17,4,1,14,4,1,0,0.153219,0,32000,4903,0.153219,131072,4351,0.033195,0,1,3
474,host-18,4,0,14,4,0,0,0.193719,0,32000,6199,0.193719,131072,6327,0.048271,0,0,4
474,host-19,4,1,14,4,1,0,0.186594,0,32000,5971,0.186594,131072,4511,0.034416,1,0,3
474,host-2,3,0,14,3,0,0,0.132000,0,32000,4224,0.132000,131072,4360,0.033264,0,0,3
474,host-20,3,1,14,3,1,0,0.137500,0,32000,4400,0.137500,131072,3616,0.027588,1,0,2
474,host-21,3,0,14,3,0,0,0.155531,0,32000,4977,0.155531,131072,6232,0.047546,0,0,3
474,host-22,3,1,14,3,1,0,0.142000,0,32000,4544,0.142000,131072,5265,0.040169,1,0,2
474,host-23,4,0,14,4,0,0,0.195719,0,32000,6263,0.195719,131072,7214,0.055038,0,0,4
474,host-24,4,0,14,4,0,0,0.191875,0,32000,6140,0.191875,131072,6980,0.053253,0,0,4
474,host-3,5,0,14,5,0,0,0.212062,0,32000,6786,0.212062,131072,8658,0.066055,0,0,5
474,host-4,3,0,14,3,0,0,0.131250,0,32000,4200,0.131250,131072,3866,0.029495,0,0,3
474,host-5,4,0,14,4,0,0,0.187781,0,32000,6009,0.187781,131072,6470,0.049362,0,0,4
474,host-6,3,0,14,3,0,0,0.145906,0,32000,4669,0.145906,131072,4017,0.030647,0,0,3
474,host-7,3,0,14,3,0,0,0.145937,0,32000,4670,0.145937,131072,4679,0.035698,0,0,3
474,host-8,3,0,14,3,0,0,0.187062,0,32000,5986,0.187062,131072,6879,0.052483,0,0,3
474,host-9,3,0,14,3,0,0,0.177750,0,32000,5688,0.177750,131072,4949,0.037758,0,0,3
475,host-1,4,1,14,4,1,0,0.261688,0,32000,8374,0.261688,131072,8098,0.061783,0,1,3
475,host-10,3,0,14,3,0,0,0.171406,0,32000,5485,0.171406,131072,5995,0.045738,0,0,3
475,host-11,4,0,14,4,0,0,0.151625,0,32000,4852,0.151625,131072,5494,0.041916,0,0,4
475,host-12,3,0,14,3,0,0,0.146125,0,32000,4676,0.146125,131072,4835,0.036888,0,0,3
475,host-13,4,0,14,4,0,0,0.191594,0,32000,6131,0.191594,131072,5548,0.042328,0,0,4
475,host-14,3,0,14,3,0,0,0.137156,0,32000,4389,0.137156,131072,2923,0.022301,0,0,3
475,host-15,3,0,14,3,0,0,0.167469,0,32000,5359,0.167469,131072,4921,0.037544,0,0,3
475,host-16,4,0,14,4,0,0,0.163688,0,32000,5238,0.163688,131072,3783,0.028862,0,0,4
475,host-17,4,0,14,4,0,0,0.153219,0,32000,4903,0.153219,131072,4351,0.033195,0,0,4
475,host-18,4,0,14,4,0,0,0.193719,0,32000,6199,0.193719,131072,6327,0.048271,0,0,4
475,host-19,4,1,14,4,1,0,0.186594,0,32000,5971,0.186594,131072,4511,0.034416,1,0,3
475,host-2,3,0,14,3,0,0,0.132000,0,32000,4224,0.132000,131072,4360,0.033264,0,0,3
475,host-20,3,1,14,3,1,0,0.137500,0,32000,4400,0.137500,131072,3616,0.027588,1,0,2
475,host-21,3,0,14,3,0,0,0.155531,0,32000,4977,0.155531,131072,6232,0.047546,0,0,3
475,host-22,3,1,14,3,1,0,0.142000,0,32000,4544,0.142000,131072,5265,0.040169,1,0,2
475,host-23,4,0,14,4,0,0,0.195719,0,32000,6263,0.195719,131072,7214,0.055038,0,0,4
475,host-24,4,0,14,4,0,0,0.191875,0,32000,6140,0.191875,131072,6980,0.053253,0,0,4
475,host-3,5,0,14,5,0,0,0.212062,0,32000,6786,0.212062,131072,8658,0.066055,0,0,5
475,host-4,4,1,14,4,1,0,0.175875,0,32000,5628,0.175875,131072,4914,0.037491,1,0,3
475,host-5,4,0,14,4,0,0,0.187781,0,32000,6009,0.187781,131072,6470,0.049362,0,0,4
475,host-6,3,0,14,3,0,0,0.145906,0,32000,4669,0.145906,131072,4017,0.030647,0,0,3
475,host-7,3,0,14,3,0,0,0.145937,0,32000,4670,0.145937,131072,4679,0.035698,0,0,3
475,host-8,3,0,14,3,0,0,0.187062,0,32000,5986,0.187062,131072,6879,0.052483,0,0,3
475,host-9,3,0,14,3,0,0,0.177750,0,32000,5688,0.177750,131072,4949,0.037758,0,0,3
476,host-1,3,0,14,3,0,0,0.213156,0,32000,6821,0.213156,131072,6371,0.048607,0,0,3
476,host-10,3,0,14,3,0,0,0.171406,0,32000,5485,0.171406,131072,5995,0.045738,0,0,3
476,host-11,4,0,14,4,0,0,0.151625,0,32000,4852,0.151625,131072,5494,0.041916,0,0,4
476,host-12,3,0,14,3,0,0,0.146125,0,32000,4676,0.146125,131072,4835,0.036888,0,0,3
476,host-13,4,0,14,4,0,0,0.191594,0,32000,6131,0.191594,131072,5548,0.042328,0,0,4
476,host-14,3,0,14,3,0,0,0.137156,0,32000,4389,0.137156,131072,2923,0.022301,0,0,3
476,host-15,3,0,14,3,0,0,0.167469,0,32000,5359,0.167469,131072,4921,0.037544,0,0,3
476,host-16,4,0,14,4,0,0,0.163688,0,32000,5238,0.163688,131072,3783,0.028862,0,0,4
476,host-17,4,0,14,4,0,0,0.153219,0,32000,4903,0.153219,131072,4351,0.033195,0,0,4
476,host-18,4,0,14,4,0,0,0.193719,0,32000,6199,0.193719,131072,6327,0.048271,0,0,4
476,host-19,3,0,14,3,0,0,0.149406,0,32000,4781,0.149406,131072,4140,0.031586,0,0,3
476,host-2,4,1,14,4,1,0,0.156375,0,32000,5004,0.156375,131072,5406,0.041245,1,0,3
476,host-20,3,0,14,3,0,0,0.137500,0,32000,4400,0.137500,131072,3616,0.027588,0,0,3
476,host-21,3,1,14,3,1,0,0.155531,0,32000,4977,0.155531,131072,6232,0.047546,0,1,2
476,host-22,3,1,14,3,1,0,0.142000,0,32000,4544,0.142000,131072,5265,0.040169,0,1,2
476,host-23,4,0,14,4,0,0,0.195719,0,32000,6263,0.195719,131072,7214,0.055038,0,0,4
476,host-24,4,0,14,4,0,0,0.191875,0,32000,6140,0.191875,131072,6980,0.053253,0,0,4
476,host-3,5,1,14,5,1,0,0.212062,0,32000,6786,0.212062,131072,8658,0.066055,0,1,4
476,host-4,4,0,14,4,0,0,0.175875,0,32000,5628,0.175875,131072,4914,0.037491,0,0,4
476,host-5,4,2,14,4,2,0,0.187781,0,32000,6009,0.187781,131072,6470,0.049362,0,2,2
476,host-6,3,0,14,3,0,0,0.145906,0,32000,4669,0.145906,131072,4017,0.030647,0,0,3
476,host-7,3,0,14,3,0,0,0.145937,0,32000,4670,0.145937,131072,4679,0.035698,0,0,3
476,host-8,3,1,14,3,1,0,0.187062,0,32000,5986,0.187062,131072,6879,0.052483,0,1,2
476,host-9,3,0,14,3,0,0,0.177750,0,32000,5688,0.177750,131072,4949,0.037758,0,0,3
477,host-1,3,0,14,3,0,0,0.213156,0,32000,6821,0.213156,131072,6371,0.048607,0,0,3
477,host-10,3,0,14,3,0,0,0.171406,0,32000,5485,0.171406,131072,5995,0.045738,0,0,3
477,host-11,4,0,14,4,0,0,0.151625,0,32000,4852,0.151625,131072,5494,0.041916,0,0,4
477,host-12,2,0,14,2,0,0,0.104438,0,32000,3342,0.104438,131072,3330,0.025406,0,0,2
477,host-13,4,0,14,4,0,0,0.191594,0,32000,6131,0.191594,131072,5548,0.042328,0,0,4
477,host-14,4,1,14,4,1,0,0.195062,0,32000,6242,0.195062,131072,4321,0.032967,0,1,3
477,host-15,3,0,14,3,0,0,0.167469,0,32000,5359,0.167469,131072,4921,0.037544,0,0,3
477,host-16,4,0,14,4,0,0,0.163688,0,32000,5238,0.163688,131072,3783,0.028862,0,0,4
477,host-17,4,0,14,4,0,0,0.153219,0,32000,4903,0.153219,131072,4351,0.033195,0,0,4
477,host-18,4,0,14,4,0,0,0.193719,0,32000,6199,0.193719,131072,6327,0.048271,0,0,4
477,host-19,3,0,14,3,0,0,0.149406,0,32000,4781,0.149406,131072,4140,0.031586,0,0,3
477,host-2,4,1,14,4,1,0,0.168969,0,32000,5407,0.168969,131072,5526,0.042160,1,0,3
477,host-20,4,1,14,4,1,0,0.194062,0,32000,6210,0.194062,131072,6019,0.045921,1,0,3
477,host-21,3,0,14,3,0,0,0.155531,0,32000,4977,0.155531,131072,6232,0.047546,0,0,3
477,host-22,4,1,14,4,1,0,0.173531,0,32000,5553,0.173531,131072,6592,0.050293,1,0,3
477,host-23,3,0,14,3,0,0,0.147250,0,32000,4712,0.147250,131072,4983,0.038017,0,0,3
477,host-24,3,0,14,3,0,0,0.155406,0,32000,4973,0.155406,131072,5615,0.042839,0,0,3
477,host-3,5,0,14,5,0,0,0.212062,0,32000,6786,0.212062,131072,8658,0.066055,0,0,5
477,host-4,4,0,14,4,0,0,0.175875,0,32000,5628,0.175875,131072,4914,0.037491,0,0,4
477,host-5,4,0,14,4,0,0,0.187781,0,32000,6009,0.187781,131072,6470,0.049362,0,0,4
477,host-6,3,2,14,3,2,0,0.125469,0,32000,4015,0.125469,131072,2966,0.022629,1,1,1
477,host-7,3,0,14,3,0,0,0.145937,0,32000,4670,0.145937,131072,4679,0.035698,0,0,3
477,host-8,3,0,14,3,0,0,0.187062,0,32000,5986,0.187062,131072,6879,0.052483,0,0,3
477,host-9,3,0,14,3,0,0,0.177750,0,32000,5688,0.177750,131072,4949,0.037758,0,0,3
478,host-1,3,0,14,3,0,0,0.213156,0,32000,6821,0.213156,131072,6371,0.048607,0,0,3
478,host-10,3,0,14,3,0,0,0.171406,0,32000,5485,0.171406,131072,5995,0.045738,0,0,3
478,host-11,4,0,14,4,0,0,0.151625,0,32000,4852,0.151625,131072,5494,0.041916,0,0,4
478,host-12,3,1,14,3,1,0,0.148187,0,32000,4742,0.148187,131072,4560,0.034790,0,1,2
478,host-13,4,0,14,4,0,0,0.191594,0,32000,6131,0.191594,131072,5548,0.042328,0,0,4
478,host-14,3,0,14,3,0,0,0.153844,0,32000,4923,0.153844,131072,3446,0.026291,0,0,3
478,host-15,3,0,14,3,0,0,0.167469,0,32000,5359,0.167469,131072,4921,0.037544,0,0,3
478,host-16,4,0,14,4,0,0,0.163688,0,32000,5238,0.163688,131072,3783,0.028862,0,0,4
478,host-17,4,0,14,4,0,0,0.153219,0,32000,4903,0.153219,131072,4351,0.033195,0,0,4
478,host-18,4,0,14,4,0,0,0.193719,0,32000,6199,0.193719,131072,6327,0.048271,0,0,4
478,host-19,3,0,14,3,0,0,0.149406,0,32000,4781,0.149406,131072,4140,0.031586,0,0,3
478,host-2,4,1,14,4,1,0,0.168969,0,32000,5407,0.168969,131072,5526,0.042160,1,0,3
478,host-20,4,0,14,4,0,0,0.194062,0,32000,6210,0.194062,131072,6019,0.045921,0,0,4
478,host-21,3,0,14,3,0,0,0.155531,0,32000,4977,0.155531,131072,6232,0.047546,0,0,3
478,host-22,4,1,14,4,1,0,0.173531,0,32000,5553,0.173531,131072,6592,0.050293,0,1,3
478,host-23,3,0,14,3,0,0,0.147250,0,32000,4712,0.147250,131072,4983,0.038017,0,0,3
478,host-24,3,0,14,3,0,0,0.155406,0,32000,4973,0.155406,131072,5615,0.042839,0,0,3
478,host-3,5,1,14,5,1,0,0.212062,0,32000,6786,0.212062,131072,8658,0.066055,0,1,4
478,host-4,4,0,14,4,0,0,0.175875,0,32000,5628,0.175875,131072,4914,0.037491,0,0,4
478,host-5,4,0,14,4,0,0,0.187781,0,32000,6009,0.187781,131072,6470,0.049362,0,0,4
478,host-6,3,1,14,3,1,0,0.125469,0,32000,4015,0.125469,131072,2966,0.022629,1,0,2
478,host-7,3,0,14,3,0,0,0.145937,0,32000,4670,0.145937,131072,4679,0.035698,0,0,3
478,host-8,3,0,14,3,0,0,0.187062,0,32000,5986,0.187062,131072,6879,0.052483,0,0,3
478,host-9,3,0,14,3,0,0,0.177750,0,32000,5688,0.177750,131072,4949,0.037758,0,0,3
479,host-1,3,0,14,3,0,0,0.213156,0,32000,6821,0.213156,131072,6371,0.048607,0,0,3
479,host-10,3,0,14,3,0,0,0.171406,0,32000,5485,0.171406,131072,5995,0.045738,0,0,3
479,host-11,4,0,14,4,0,0,0.151625,0,32000,4852,0.151625,131072,5494,0.041916,0,0,4
479,host-12,3,0,14,3,0,0,0.148187,0,32000,4742,0.148187,131072,4560,0.034790,0,0,3
479,host-13,4,1,14,4,1,0,0.191594,0,32000,6131,0.191594,131072,5548,0.042328,0,1,3
479,host-14,3,0,14,3,0,0,0.153844,0,32000,4923,0.153844,131072,3446,0.026291,0,0,3
479,host-15,3,0,14,3,0,0,0.167469,0,32000,5359,0.167469,131072,4921,0.037544,0,0,3
479,host-16,4,0,14,4,0,0,0.163688,0,32000,5238,0.163688,131072,3783,0.028862,0,0,4
479,host-17,4,0,14,4,0,0,0.153219,0,32000,4903,0.153219,131072,4351,0.033195,0,0,4
479,host-18,4,1,14,4,1,0,0.193719,0,32000,6199,0.193719,131072,6327,0.048271,0,1,3
479,host-19,3,0,14,3,0,0,0.149406,0,32000,4781,0.149406,131072,4140,0.031586,0,0,3
479,host-2,4,0,14,4,0,0,0.168969,0,32000,5407,0.168969,131072,5526,0.042160,0,0,4
479,host-20,4,0,14,4,0,0,0.194062,0,32000,6210,0.194062,131072,6019,0.045921,0,0,4
479,host-21,3,0,14,3,0,0,0.155531,0,32000,4977,0.155531,131072,6232,0.047546,0,0,3
479,host-22,4,1,14,4,1,0,0.173531,0,32000,5553,0.173531,131072,6592,0.050293,0,1,3
479,host-23,3,0,14,3,0,0,0.147250,0,32000,4712,0.147250,131072,4983,0.038017,0,0,3
479,host-24,3,0,14,3,0,0,0.155406,0,32000,4973,0.155406,131072,5615,0.042839,0,0,3
479,host-3,5,0,14,5,0,0,0.212062,0,32000,6786,0.212062,131072,8658,0.066055,0,0,5
479,host-4,4,0,14,4,0,0,0.175875,0,32000,5628,0.175875,131072,4914,0.037491,0,0,4
479,host-5,4,0,14,4,0,0,0.187781,0,32000,6009,0.187781,131072,6470,0.049362,0,0,4
479,host-6,4,0,14,4,0,0,0.168781,0,32000,5401,0.168781,131072,4135,0.031548,0,0,4
479,host-7,2,1,14,2,1,0,0.105938,0,32000,3390,0.105938,131072,2981,0.022743,1,0,1
479,host-8,3,0,14,3,0,0,0.187062,0,32000,5986,0.187062,131072,6879,0.052483,0,0,3
479,host-9,3,0,14,3,0,0,0.177750,0,32000,5688,0.177750,131072,4949,0.037758,0,0,3
480,host-1,3,0,14,3,0,0,0.213156,0,32000,6821,0.213156,131072,6371,0.048607,0,0,3
480,host-10,3,0,14,3,0,0,0.171406,0,32000,5485,0.171406,131072,5995,0.045738,0,0,3
480,host-11,4,0,14,4,0,0,0.151625,0,32000,4852,0.151625,131072,5494,0.041916,0,0,4
480,host-12,3,0,14,3,0,0,0.148187,0,32000,4742,0.148187,131072,4560,0.034790,0,0,3
480,host-13,3,0,14,3,0,0,0.131125,0,32000,4196,0.131125,131072,3134,0.023911,0,0,3
480,host-14,3,0,14,3,0,0,0.153844,0,32000,4923,0.153844,131072,3446,0.026291,0,0,3
480,host-15,3,0,14,3,0,0,0.167469,0,32000,5359,0.167469,131072,4921,0.037544,0,0,3
480,host-16,4,0,14,4,0,0,0.163688,0,32000,5238,0.163688,131072,3783,0.028862,0,0,4
480,host-17,4,0,14,4,0,0,0.153219,0,32000,4903,0.153219,131072,4351,0.033195,0,0,4
480,host-18,4,0,14,4,0,0,0.193719,0,32000,6199,0.193719,131072,6327,0.048271,0,0,4
480,host-19,3,0,14,3,0,0,0.149406,0,32000,4781,0.149406,131072,4140,0.031586,0,0,3
480,host-2,4,0,14,4,0,0,0.168969,0,32000,5407,0.168969,131072,5526,0.042160,0,0,4
480,host-20,4,0,14,4,0,0,0.194062,0,32000,6210,0.194062,131072,6019,0.045921,0,0,4
480,host-21,3,0,14,3,0,0,0.155531,0,32000,4977,0.155531,131072,6232,0.047546,0,0,3
480,host-22,4,0,14,4,0,0,0.173531,0,32000,5553,0.173531,131072,6592,0.050293,0,0,4
480,host-23,3,0,14,3,0,0,0.147250,0,32000,4712,0.147250,131072,4983,0.038017,0,0,3
480,host-24,3,0,14,3,0,0,0.155406,0,32000,4973,0.155406,131072,5615,0.042839,0,0,3
480,host-3,5,0,14,5,0,0,0.212062,0,32000,6786,0.212062,131072,8658,0.066055,0,0,5
480,host-4,4,0,14,4,0,0,0.175875,0,32000,5628,0.175875,131072,4914,0.037491,0,0,4
480,host-5,4,0,14,4,0,0,0.187781,0,32000,6009,0.187781,131072,6470,0.049362,0,0,4
480,host-6,4,0,14,4,0,0,0.168781,0,32000,5401,0.168781,131072,4135,0.031548,0,0,4
480,host-7,3,2,14,3,2,0,0.132812,0,32000,4250,0.132812,131072,3512,0.026794,1,1,1
480,host-8,3,0,14,3,0,0,0.187062,0,32000,5986,0.187062,131072,6879,0.052483,0,0,3
480,host-9,3,1,14,3,1,0,0.165125,0,32000,5284,0.165125,131072,4290,0.032730,1,0,2
481,host-1,3,0,14,3,0,0,0.213156,0,32000,6821,0.213156,131072,6371,0.048607,0,0,3
481,host-10,3,0,14,3,0,0,0.171406,0,32000,5485,0.171406,131072,5995,0.045738,0,0,3
481,host-11,4,1,14,4,1,0,0.151625,0,32000,4852,0.151625,131072,5494,0.041916,0,1,3
481,host-12,3,0,14,3,0,0,0.148187,0,32000,4742,0.148187,131072,4560,0.034790,0,0,3
481,host-13,4,1,14,4,1,0,0.168313,0,32000,5386,0.168313,131072,3505,0.026741,1,0,3
481,host-14,2,0,14,2,0,0,0.115812,0,32000,3706,0.115812,131072,2805,0.021400,0,0,2
481,host-15,3,0,14,3,0,0,0.167469,0,32000,5359,0.167469,131072,4921,0.037544,0,0,3
481,host-16,4,0,14,4,0,0,0.163688,0,32000,5238,0.163688,131072,3783,0.028862,0,0,4
481,host-17,4,0,14,4,0,0,0.153219,0,32000,4903,0.153219,131072,4351,0.033195,0,0,4
481,host-18,3,0,14,3,0,0,0.165937,0,32000,5310,0.165937,131072,5805,0.044289,0,0,3
481,host-19,3,0,14,3,0,0,0.149406,0,32000,4781,0.149406,131072,4140,0.031586,0,0,3
481,host-2,4,0,14,4,0,0,0.168969,0,32000,5407,0.168969,131072,5526,0.042160,0,0,4
481,host-20,2,0,14,2,0,0,0.098562,0,32000,3154,0.098562,131072,3319,0.025322,0,0,2
481,host-21,3,0,14,3,0,0,0.155531,0,32000,4977,0.155531,131072,6232,0.047546,0,0,3
481,host-22,4,0,14,4,0,0,0.173531,0,32000,5553,0.173531,131072,6592,0.050293,0,0,4
481,host-23,3,0,14,3,0,0,0.147250,0,32000,4712,0.147250,131072,4983,0.038017,0,0,3
481,host-24,3,0,14,3,0,0,0.155406,0,32000,4973,0.155406,131072,5615,0.042839,0,0,3
481,host-3,5,0,14,5,0,0,0.212062,0,32000,6786,0.212062,131072,8658,0.066055,0,0,5
481,host-4,4,0,14,4,0,0,0.175875,0,32000,5628,0.175875,131072,4914,0.037491,0,0,4
481,host-5,4,0,14,4,0,0,0.187781,0,32000,6009,0.187781,131072,6470,0.049362,0,0,4
481,host-6,4,1,14,4,1,0,0.168781,0,32000,5401,0.168781,131072,4135,0.031548,0,1,3
481,host-7,4,1,14,4,1,0,0.174187,0,32000,5574,0.174187,131072,4626,0.035294,1,0,3
481,host-8,3,0,14,3,0,0,0.187062,0,32000,5986,0.187062,131072,6879,0.052483,0,0,3
481,host-9,3,0,14,3,0,0,0.165125,0,32000,5284,0.165125,131072,4290,0.032730,0,0,3
482,host-1,3,0,14,3,0,0,0.213156,0,32000,6821,0.213156,131072,6371,0.048607,0,0,3
482,host-10,3,0,14,3,0,0,0.171406,0,32000,5485,0.171406,131072,5995,0.045738,0,0,3
482,host-11,4,0,14,4,0,0,0.151625,0,32000,4852,0.151625,131072,5494,0.041916,0,0,4
482,host-12,3,1,14,3,1,0,0.148187,0,32000,4742,0.148187,131072,4560,0.034790,0,1,2
482,host-13,4,0,14,4,0,0,0.168313,0,32000,5386,0.168313,131072,3505,0.026741,0,0,4
482,host-14,2,0,14,2,0,0,0.115812,0,32000,3706,0.115812,131072,2805,0.021400,0,0,2
482,host-15,3,1,14,3,1,0,0.167469,0,32000,5359,0.167469,131072,4921,0.037544,0,1,2
482,host-16,4,0,14,4,0,0,0.163688,0,32000,5238,0.163688,131072,3783,0.028862,0,0,4
482,host-17,4,0,14,4,0,0,0.153219,0,32000,4903,0.153219,131072,4351,0.033195,0,0,4
482,host-18,3,0,14,3,0,0,0.165937,0,32000,5310,0.165937,131072,5805,0.044289,0,0,3
482,host-19,3,0,14,3,0,0,0.149406,0,32000,4781,0.149406,131072,4140,0.031586,0,0,3
482,host-2,4,0,14,4,0,0,0.168969,0,32000,5407,0.168969,131072,5526,0.042160,0,0,4
482,host-20,3,1,14,3,1,0,0.147094,0,32000,4707,0.147094,131072,5046,0.038498,1,0,2
482,host-21,3,0,14,3,0,0,0.155531,0,32000,4977,0.155531,131072,6232,0.047546,0,0,3
482,host-22,4,0,14,4,0,0,0.173531,0,32000,5553,0.173531,131072,6592,0.050293,0,0,4
482,host-23,2,0,14,2,0,0,0.070469,0,32000,2255,0.070469,131072,2197,0.016762,0,0,2
482,host-24,3,0,14,3,0,0,0.155406,0,32000,4973,0.155406,131072,5615,0.042839,0,0,3
482,host-3,5,0,14,5,0,0,0.212062,0,32000,6786,0.212062,131072,8658,0.066055,0,0,5
482,host-4,4,0,14,4,0,0,0.175875,0,32000,5628,0.175875,131072,4914,0.037491,0,0,4
482,host-5,4,0,14,4,0,0,0.187781,0,32000,6009,0.187781,131072,6470,0.049362,0,0,4
482,host-6,4,0,14,4,0,0,0.168781,0,32000,5401,0.168781,131072,4135,0.031548,0,0,4
482,host-7,4,1,14,4,1,0,0.174187,0,32000,5574,0.174187,131072,4626,0.035294,1,0,3
482,host-8,3,0,14,3,0,0,0.187062,0,32000,5986,0.187062,131072,6879,0.052483,0,0,3
482,host-9,3,0,14,3,0,0,0.165125,0,32000,5284,0.165125,131072,4290,0.032730,0,0,3
483,host-1,3,0,14,3,0,0,0.213156,0,32000,6821,0.213156,131072,6371,0.048607,0,0,3
483,host-10,3,0,14,3,0,0,0.171406,0,32000,5485,0.171406,131072,5995,0.045738,0,0,3
483,host-11,4,0,14,4,0,0,0.151625,0,32000,4852,0.151625,131072,5494,0.041916,0,0,4
483,host-12,3,0,14,3,0,0,0.148187,0,32000,4742,0.148187,131072,4560,0.034790,0,0,3
483,host-13,4,0,14,4,0,0,0.168313,0,32000,5386,0.168313,131072,3505,0.026741,0,0,4
483,host-14,2,0,14,2,0,0,0.115812,0,32000,3706,0.115812,131072,2805,0.021400,0,0,2
483,host-15,3,0,14,3,0,0,0.167469,0,32000,5359,0.167469,131072,4921,0.037544,0,0,3
483,host-16,4,0,14,4,0,0,0.163688,0,32000,5238,0.163688,131072,3783,0.028862,0,0,4
483,host-17,4,1,14,4,1,0,0.163344,0,32000,5227,0.163344,131072,5382,0.041061,1,0,3
483,host-18,3,1,14,3,1,0,0.165937,0,32000,5310,0.165937,131072,5805,0.044289,0,1,2
483,host-19,3,0,14,3,0,0,0.149406,0,32000,4781,0.149406,131072,4140,0.031586,0,0,3
483,host-2,3,0,14,3,0,0,0.141187,0,32000,4518,0.141187,131072,5004,0.038177,0,0,3
483,host-20,3,1,14,3,1,0,0.147094,0,32000,4707,0.147094,131072,5046,0.038498,0,1,2
483,host-21,3,0,14,3,0,0,0.155531,0,32000,4977,0.155531,131072,6232,0.047546,0,0,3
483,host-22,4,0,14,4,0,0,0.173531,0,32000,5553,0.173531,131072,6592,0.050293,0,0,4
483,host-23,3,1,14,3,1,0,0.132000,0,32000,4224,0.132000,131072,4454,0.033981,1,0,2
483,host-24,3,0,14,3,0,0,0.155406,0,32000,4973,0.155406,131072,5615,0.042839,0,0,3
483,host-3,5,0,14,5,0,0,0.212062,0,32000,6786,0.212062,131072,8658,0.066055,0,0,5
483,host-4,4,0,14,4,0,0,0.175875,0,32000,5628,0.175875,131072,4914,0.037491,0,0,4
483,host-5,3,0,14,3,0,0,0.161156,0,32000,5157,0.161156,131072,5397,0.041176,0,0,3
483,host-6,4,1,14,4,1,0,0.168781,0,32000,5401,0.168781,131072,4135,0.031548,0,1,3
483,host-7,4,0,14,4,0,0,0.174187,0,32000,5574,0.174187,131072,4626,0.035294,0,0,4
483,host-8,3,0,14,3,0,0,0.187062,0,32000,5986,0.187062,131072,6879,0.052483,0,0,3
483,host-9,3,0,14,3,0,0,0.165125,0,32000,5284,0.165125,131072,4290,0.032730,0,0,3
484,host-1,3,0,14,3,0,0,0.213156,0,32000,6821,0.213156,131072,6371,0.048607,0,0,3
484,host-10,3,0,14,3,0,0,0.171406,0,32000,5485,0.171406,131072,5995,0.045738,0,0,3
484,host-11,3,0,14,3,0,0,0.110906,0,32000,3549,0.110906,131072,4106,0.031326,0,0,3
484,host-12,3,0,14,3,0,0,0.148187,0,32000,4742,0.148187,131072,4560,0.034790,0,0,3
484,host-13,4,0,14,4,0,0,0.168313,0,32000,5386,0.168313,131072,3505,0.026741,0,0,4
484,host-14,3,1,14,3,1,0,0.177344,0,32000,5675,0.177344,131072,5062,0.038620,1,0,2
484,host-15,3,0,14,3,0,0,0.167469,0,32000,5359,0.167469,131072,4921,0.037544,0,0,3
484,host-16,4,1,14,4,1,0,0.163688,0,32000,5238,0.163688,131072,3783,0.028862,0,1,3
484,host-17,4,1,14,4,1,0,0.163344,0,32000,5227,0.163344,131072,5382,0.041061,0,1,3
484,host-18,3,0,14,3,0,0,0.165937,0,32000,5310,0.165937,131072,5805,0.044289,0,0,3
484,host-19,3,0,14,3,0,0,0.149406,0,32000,4781,0.149406,131072,4140,0.031586,0,0,3
484,host-2,3,0,14,3,0,0,0.141187,0,32000,4518,0.141187,131072,5004,0.038177,0,0,3
484,host-20,3,0,14,3,0,0,0.147094,0,32000,4707,0.147094,131072,5046,0.038498,0,0,3
484,host-21,3,0,14,3,0,0,0.155531,0,32000,4977,0.155531,131072,6232,0.047546,0,0,3
484,host-22,4,0,14,4,0,0,0.173531,0,32000,5553,0.173531,131072,6592,0.050293,0,0,4
484,host-23,4,1,14,4,1,0,0.191688,0,32000,6134,0.191688,131072,6291,0.047997,1,0,3
484,host-24,3,1,14,3,1,0,0.155406,0,32000,4973,0.155406,131072,5615,0.042839,0,1,2
484,host-3,5,1,14,5,1,0,0.212062,0,32000,6786,0.212062,131072,8658,0.066055,0,1,4
484,host-4,4,0,14,4,0,0,0.175875,0,32000,5628,0.175875,131072,4914,0.037491,0,0,4
484,host-5,3,0,14,3,0,0,0.161156,0,32000,5157,0.161156,131072,5397,0.041176,0,0,3
484,host-6,4,0,14,4,0,0,0.168781,0,32000,5401,0.168781,131072,4135,0.031548,0,0,4
484,host-7,4,0,14,4,0,0,0.174187,0,32000,5574,0.174187,131072,4626,0.035294,0,0,4
484,host-8,3,0,14,3,0,0,0.187062,0,32000,5986,0.187062,131072,6879,0.052483,0,0,3
484,host-9,3,0,14,3,0,0,0.165125,0,32000,5284,0.165125,131072,4290,0.032730,0,0,3
485,host-1,3,0,14,3,0,0,0.213156,0,32000,6821,0.213156,131072,6371,0.048607,0,0,3
485,host-10,3,0,14,3,0,0,0.171406,0,32000,5485,0.171406,131072,5995,0.045738,0,0,3
485,host-11,3,0,14,3,0,0,0.110906,0,32000,3549,0.110906,131072,4106,0.031326,0,0,3
485,host-12,3,0,14,3,0,0,0.148187,0,32000,4742,0.148187,131072,4560,0.034790,0,0,3
485,host-13,4,0,14,4,0,0,0.168313,0,32000,5386,0.168313,131072,3505,0.026741,0,0,4
485,host-14,3,0,14,3,0,0,0.177344,0,32000,5675,0.177344,131072,5062,0.038620,0,0,3
485,host-15,3,0,14,3,0,0,0.167469,0,32000,5359,0.167469,131072,4921,0.037544,0,0,3
485,host-16,4,0,14,4,0,0,0.163688,0,32000,5238,0.163688,131072,3783,0.028862,0,0,4
485,host-17,4,0,14,4,0,0,0.163344,0,32000,5227,0.163344,131072,5382,0.041061,0,0,4
485,host-18,3,0,14,3,0,0,0.165937,0,32000,5310,0.165937,131072,5805,0.044289,0,0,3
485,host-19,3,0,14,3,0,0,0.149406,0,32000,4781,0.149406,131072,4140,0.031586,0,0,3
485,host-2,3,0,14,3,0,0,0.141187,0,32000,4518,0.141187,131072,5004,0.038177,0,0,3
485,host-20,3,0,14,3,0,0,0.147094,0,32000,4707,0.147094,131072,5046,0.038498,0,0,3
485,host-21,3,0,14,3,0,0,0.155531,0,32000,4977,0.155531,131072,6232,0.047546,0,0,3
485,host-22,4,0,14,4,0,0,0.173531,0,32000,5553,0.173531,131072,6592,0.050293,0,0,4
485,host-23,4,1,14,4,1,0,0.191688,0,32000,6134,0.191688,131072,6291,0.047997,1,0,3
485,host-24,3,0,14,3,0,0,0.155406,0,32000,4973,0.155406,131072,5615,0.042839,0,0,3
485,host-3,5,0,14,5,0,0,0.212062,0,32000,6786,0.212062,131072,8658,0.066055,0,0,5
485,host-4,4,0,14,4,0,0,0.175875,0,32000,5628,0.175875,131072,4914,0.037491,0,0,4
485,host-5,3,0,14,3,0,0,0.161156,0,32000,5157,0.161156,131072,5397,0.041176,0,0,3
485,host-6,4,0,14,4,0,0,0.168781,0,32000,5401,0.168781,131072,4135,0.031548,0,0,4
485,host-7,4,0,14,4,0,0,0.174187,0,32000,5574,0.174187,131072,4626,0.035294,0,0,4
485,host-8,3,0,14,3,0,0,0.187062,0,32000,5986,0.187062,131072,6879,0.052483,0,0,3
485,host-9,3,0,14,3,0,0,0.165125,0,32000,5284,0.165125,131072,4290,0.032730,0,0,3
486,host-1,3,1,14,3,1,0,0.213156,0,32000,6821,0.213156,131072,6371,0.048607,0,1,2
486,host-10,3,0,14,3,0,0,0.171406,0,32000,5485,0.171406,131072,5995,0.045738,0,0,3
486,host-11,5,3,14,5,3,0,0.204500,0,32000,6544,0.204500,131072,7773,0.059303,2,1,2
486,host-12,4,2,14,4,2,0,0.186219,0,32000,5959,0.186219,131072,5201,0.039680,1,1,2
486,host-13,4,0,14,4,0,0,0.168313,0,32000,5386,0.168313,131072,3505,0.026741,0,0,4
486,host-14,3,0,14,3,0,0,0.177344,0,32000,5675,0.177344,131072,5062,0.038620,0,0,3
486,host-15,3,0,14,3,0,0,0.167469,0,32000,5359,0.167469,131072,4921,0.037544,0,0,3
486,host-16,4,0,14,4,0,0,0.163688,0,32000,5238,0.163688,131072,3783,0.028862,0,0,4
486,host-17,4,0,14,4,0,0,0.163344,0,32000,5227,0.163344,131072,5382,0.041061,0,0,4
486,host-18,3,0,14,3,0,0,0.165937,0,32000,5310,0.165937,131072,5805,0.044289,0,0,3
486,host-19,4,1,14,4,1,0,0.226188,0,32000,7238,0.226188,131072,6926,0.052841,1,0,3
486,host-2,4,1,14,4,1,0,0.217906,0,32000,6973,0.217906,131072,7616,0.058105,1,0,3
486,host-20,4,1,14,4,1,0,0.184781,0,32000,5913,0.184781,131072,5873,0.044807,1,0,3
486,host-21,3,0,14,3,0,0,0.155531,0,32000,4977,0.155531,131072,6232,0.047546,0,0,3
486,host-22,4,0,14,4,0,0,0.173531,0,32000,5553,0.173531,131072,6592,0.050293,0,0,4
486,host-23,4,0,14,4,0,0,0.191688,0,32000,6134,0.191688,131072,6291,0.047997,0,0,4
486,host-24,3,0,14,3,0,0,0.155406,0,32000,4973,0.155406,131072,5615,0.042839,0,0,3
486,host-3,5,0,14,5,0,0,0.212062,0,32000,6786,0.212062,131072,8658,0.066055,0,0,5
486,host-4,4,1,14,4,1,0,0.206437,0,32000,6606,0.206437,131072,5915,0.045128,1,0,3
486,host-5,3,1,14,3,1,0,0.161156,0,32000,5157,0.161156,131072,5397,0.041176,0,1,2
486,host-6,4,0,14,4,0,0,0.168781,0,32000,5401,0.168781,131072,4135,0.031548,0,0,4
486,host-7,4,0,14,4,0,0,0.174187,0,32000,5574,0.174187,131072,4626,0.035294,0,0,4
486,host-8,3,0,14,3,0,0,0.187062,0,32000,5986,0.187062,131072,6879,0.052483,0,0,3
486,host-9,3,0,14,3,0,0,0.165125,0,32000,5284,0.165125,131072,4290,0.032730,0,0,3
487,host-1,3,0,14,3,0,0,0.213156,0,32000,6821,0.213156,131072,6371,0.048607,0,0,3
487,host-10,3,0,14,3,0,0,0.171406,0,32000,5485,0.171406,131072,5995,0.045738,0,0,3
487,host-11,5,0,14,5,0,0,0.204500,0,32000,6544,0.204500,131072,7773,0.059303,0,0,5
487,host-12,4,0,14,4,0,0,0.186219,0,32000,5959,0.186219,131072,5201,0.039680,0,0,4
487,host-13,4,0,14,4,0,0,0.168313,0,32000,5386,0.168313,131072,3505,0.026741,0,0,4
487,host-14,3,0,14,3,0,0,0.177344,0,32000,5675,0.177344,131072,5062,0.038620,0,0,3
487,host-15,3,0,14,3,0,0,0.167469,0,32000,5359,0.167469,131072,4921,0.037544,0,0,3
487,host-16,4,0,14,4,0,0,0.163688,0,32000,5238,0.163688,131072,3783,0.028862,0,0,4
487,host-17,4,0,14,4,0,0,0.163344,0,32000,5227,0.163344,131072,5382,0.041061,0,0,4
487,host-18,3,0,14,3,0,0,0.165937,0,32000,5310,0.165937,131072,5805,0.044289,0,0,3
487,host-19,4,1,14,4,1,0,0.226188,0,32000,7238,0.226188,131072,6926,0.052841,1,0,3
487,host-2,4,1,14,4,1,0,0.217906,0,32000,6973,0.217906,131072,7616,0.058105,0,1,3
487,host-20,4,0,14,4,0,0,0.184781,0,32000,5913,0.184781,131072,5873,0.044807,0,0,4
487,host-21,3,0,14,3,0,0,0.155531,0,32000,4977,0.155531,131072,6232,0.047546,0,0,3
487,host-22,4,0,14,4,0,0,0.173531,0,32000,5553,0.173531,131072,6592,0.050293,0,0,4
487,host-23,4,0,14,4,0,0,0.191688,0,32000,6134,0.191688,131072,6291,0.047997,0,0,4
487,host-24,3,0,14,3,0,0,0.155406,0,32000,4973,0.155406,131072,5615,0.042839,0,0,3
487,host-3,5,1,14,5,1,0,0.212062,0,32000,6786,0.212062,131072,8658,0.066055,0,1,4
487,host-4,4,1,14,4,1,0,0.206437,0,32000,6606,0.206437,131072,5915,0.045128,1,0,3
487,host-5,3,0,14,3,0,0,0.161156,0,32000,5157,0.161156,131072,5397,0.041176,0,0,3
487,host-6,4,1,14,4,1,0,0.168781,0,32000,5401,0.168781,131072,4135,0.031548,0,1,3
487,host-7,4,0,14,4,0,0,0.174187,0,32000,5574,0.174187,131072,4626,0.035294,0,0,4
487,host-8,3,0,14,3,0,0,0.187062,0,32000,5986,0.187062,131072,6879,0.052483,0,0,3
487,host-9,3,0,14,3,0,0,0.165125,0,32000,5284,0.165125,131072,4290,0.032730,0,0,3
488,host-1,3,0,14,3,0,0,0.213156,0,32000,6821,0.213156,131072,6371,0.048607,0,0,3
488,host-10,3,0,14,3,0,0,0.171406,0,32000,5485,0.171406,131072,5995,0.045738,0,0,3
488,host-11,5,0,14,5,0,0,0.204500,0,32000,6544,0.204500,131072,7773,0.059303,0,0,5
488,host-12,4,0,14,4,0,0,0.186219,0,32000,5959,0.186219,131072,5201,0.039680,0,0,4
488,host-13,4,0,14,4,0,0,0.168313,0,32000,5386,0.168313,131072,3505,0.026741,0,0,4
488,host-14,3,0,14,3,0,0,0.177344,0,32000,5675,0.177344,131072,5062,0.038620,0,0,3
488,host-15,3,0,14,3,0,0,0.167469,0,32000,5359,0.167469,131072,4921,0.037544,0,0,3
488,host-16,4,0,14,4,0,0,0.163688,0,32000,5238,0.163688,131072,3783,0.028862,0,0,4
488,host-17,4,0,14,4,0,0,0.163344,0,32000,5227,0.163344,131072,5382,0.041061,0,0,4
488,host-18,3,0,14,3,0,0,0.165937,0,32000,5310,0.165937,131072,5805,0.044289,0,0,3
488,host-19,3,0,14,3,0,0,0.175687,0,32000,5622,0.175687,131072,5359,0.040886,0,0,3
488,host-2,3,0,14,3,0,0,0.175219,0,32000,5607,0.175219,131072,6035,0.046043,0,0,3
488,host-20,4,0,14,4,0,0,0.184781,0,32000,5913,0.184781,131072,5873,0.044807,0,0,4
488,host-21,3,0,14,3,0,0,0.155531,0,32000,4977,0.155531,131072,6232,0.047546,0,0,3
488,host-22,4,1,14,4,1,0,0.173531,0,32000,5553,0.173531,131072,6592,0.050293,0,1,3
488,host-23,4,0,14,4,0,0,0.191688,0,32000,6134,0.191688,131072,6291,0.047997,0,0,4
488,host-24,3,1,14,3,1,0,0.145406,0,32000,4653,0.145406,131072,5359,0.040886,1,0,2
488,host-3,5,0,14,5,0,0,0.212062,0,32000,6786,0.212062,131072,8658,0.066055,0,0,5
488,host-4,4,1,14,4,1,0,0.206437,0,32000,6606,0.206437,131072,5915,0.045128,0,1,3
488,host-5,3,0,14,3,0,0,0.161156,0,32000,5157,0.161156,131072,5397,0.041176,0,0,3
488,host-6,4,0,14,4,0,0,0.168781,0,32000,5401,0.168781,131072,4135,0.031548,0,0,4
488,host-7,4,0,14,4,0,0,0.174187,0,32000,5574,0.174187,131072,4626,0.035294,0,0,4
488,host-8,3,0,14,3,0,0,0.187062,0,32000,5986,0.187062,131072,6879,0.052483,0,0,3
488,host-9,3,0,14,3,0,0,0.165125,0,32000,5284,0.165125,131072,4290,0.032730,0,0,3
489,host-1,3,0,14,3,0,0,0.213156,0,32000,6821,0.213156,131072,6371,0.048607,0,0,3
489,host-10,4,2,14,4,2,0,0.167250,0,32000,5352,0.167250,131072,6351,0.048454,2,0,2
489,host-11,5,0,14,5,0,0,0.204500,0,32000,6544,0.204500,131072,7773,0.059303,0,0,5
489,host-12,4,0,14,4,0,0,0.186219,0,32000,5959,0.186219,131072,5201,0.039680,0,0,4
489,host-13,4,0,14,4,0,0,0.168313,0,32000,5386,0.168313,131072,3505,0.026741,0,0,4
489,host-14,3,0,14,3,0,0,0.177344,0,32000,5675,0.177344,131072,5062,0.038620,0,0,3
489,host-15,3,0,14,3,0,0,0.167469,0,32000,5359,0.167469,131072,4921,0.037544,0,0,3
489,host-16,4,0,14,4,0,0,0.163688,0,32000,5238,0.163688,131072,3783,0.028862,0,0,4
489,host-17,4,0,14,4,0,0,0.163344,0,32000,5227,0.163344,131072,5382,0.041061,0,0,4
489,host-18,3,0,14,3,0,0,0.165937,0,32000,5310,0.165937,131072,5805,0.044289,0,0,3
489,host-19,3,0,14,3,0,0,0.175687,0,32000,5622,0.175687,131072,5359,0.040886,0,0,3
489,host-2,3,0,14,3,0,0,0.175219,0,32000,5607,0.175219,131072,6035,0.046043,0,0,3
489,host-20,4,0,14,4,0,0,0.184781,0,32000,5913,0.184781,131072,5873,0.044807,0,0,4
489,host-21,4,1,14,4,1,0,0.194000,0,32000,6208,0.194000,131072,7534,0.057480,1,0,3
489,host-22,4,0,14,4,0,0,0.173531,0,32000,5553,0.173531,131072,6592,0.050293,0,0,4
489,host-23,4,0,14,4,0,0,0.191688,0,32000,6134,0.191688,131072,6291,0.047997,0,0,4
489,host-24,4,1,14,4,1,0,0.185406,0,32000,5933,0.185406,131072,5959,0.045464,1,0,3
489,host-3,5,0,14,5,0,0,0.212062,0,32000,6786,0.212062,131072,8658,0.066055,0,0,5
489,host-4,4,1,14,4,1,0,0.206437,0,32000,6606,0.206437,131072,5915,0.045128,0,1,3
489,host-5,3,0,14,3,0,0,0.161156,0,32000,5157,0.161156,131072,5397,0.041176,0,0,3
489,host-6,4,0,14,4,0,0,0.168781,0,32000,5401,0.168781,131072,4135,0.031548,0,0,4
489,host-7,4,1,14,4,1,0,0.188531,0,32000,6033,0.188531,131072,6128,0.046753,1,0,3
489,host-8,3,2,14,3,2,0,0.187062,0,32000,5986,0.187062,131072,6879,0.052483,0,2,1
489,host-9,3,0,14,3,0,0,0.165125,0,32000,5284,0.165125,131072,4290,0.032730,0,0,3
490,host-1,3,1,14,3,1,0,0.213156,0,32000,6821,0.213156,131072,6371,0.048607,0,1,2
490,host-10,4,0,14,4,0,0,0.167250,0,32000,5352,0.167250,131072,6351,0.048454,0,0,4
490,host-11,5,0,14,5,0,0,0.204500,0,32000,6544,0.204500,131072,7773,0.059303,0,0,5
490,host-12,4,0,14,4,0,0,0.186219,0,32000,5959,0.186219,131072,5201,0.039680,0,0,4
490,host-13,4,0,14,4,0,0,0.168313,0,32000,5386,0.168313,131072,3505,0.026741,0,0,4
490,host-14,3,0,14,3,0,0,0.177344,0,32000,5675,0.177344,131072,5062,0.038620,0,0,3
490,host-15,3,0,14,3,0,0,0.167469,0,32000,5359,0.167469,131072,4921,0.037544,0,0,3
490,host-16,3,0,14,3,0,0,0.125500,0,32000,4016,0.125500,131072,3068,0.023407,0,0,3
490,host-17,5,1,14,5,1,0,0.206563,0,32000,6610,0.206563,131072,6967,0.053154,1,0,4
490,host-18,3,0,14,3,0,0,0.165937,0,32000,5310,0.165937,131072,5805,0.044289,0,0,3
490,host-19,3,0,14,3,0,0,0.175687,0,32000,5622,0.175687,131072,5359,0.040886,0,0,3
490,host-2,3,0,14,3,0,0,0.175219,0,32000,5607,0.175219,131072,6035,0.046043,0,0,3
490,host-20,4,0,14,4,0,0,0.184781,0,32000,5913,0.184781,131072,5873,0.044807,0,0,4
490,host-21,4,1,14,4,1,0,0.194000,0,32000,6208,0.194000,131072,7534,0.057480,1,0,3
490,host-22,4,0,14,4,0,0,0.173531,0,32000,5553,0.173531,131072,6592,0.050293,0,0,4
490,host-23,4,0,14,4,0,0,0.191688,0,32000,6134,0.191688,131072,6291,0.047997,0,0,4
490,host-24,4,1,14,4,1,0,0.185406,0,32000,5933,0.185406,131072,5959,0.045464,0,1,3
490,host-3,5,0,14,5,0,0,0.212062,0,32000,6786,0.212062,131072,8658,0.066055,0,0,5
490,host-4,4,0,14,4,0,0,0.206437,0,32000,6606,0.206437,131072,5915,0.045128,0,0,4
490,host-5,4,1,14,4,1,0,0.219250,0,32000,7016,0.219250,131072,8003,0.061058,1,0,3
490,host-6,4,0,14,4,0,0,0.168781,0,32000,5401,0.168781,131072,4135,0.031548,0,0,4
490,host-7,4,0,14,4,0,0,0.188531,0,32000,6033,0.188531,131072,6128,0.046753,0,0,4
490,host-8,3,0,14,3,0,0,0.187062,0,32000,5986,0.187062,131072,6879,0.052483,0,0,3
490,host-9,3,0,14,3,0,0,0.165125,0,32000,5284,0.165125,131072,4290,0.032730,0,0,3
491,host-1,3,0,14,3,0,0,0.213156,0,32000,6821,0.213156,131072,6371,0.048607,0,0,3
491,host-10,4,1,14,4,1,0,0.167250,0,32000,5352,0.167250,131072,6351,0.048454,0,1,3
491,host-11,5,0,14,5,0,0,0.204500,0,32000,6544,0.204500,131072,7773,0.059303,0,0,5
491,host-12,4,0,14,4,0,0,0.186219,0,32000,5959,0.186219,131072,5201,0.039680,0,0,4
491,host-13,4,0,14,4,0,0,0.168313,0,32000,5386,0.168313,131072,3505,0.026741,0,0,4
491,host-14,3,0,14,3,0,0,0.177344,0,32000,5675,0.177344,131072,5062,0.038620,0,0,3
491,host-15,3,0,14,3,0,0,0.167469,0,32000,5359,0.167469,131072,4921,0.037544,0,0,3
491,host-16,4,1,14,4,1,0,0.196281,0,32000,6281,0.196281,131072,5382,0.041061,1,0,3
491,host-17,5,0,14,5,0,0,0.206563,0,32000,6610,0.206563,131072,6967,0.053154,0,0,5
491,host-18,3,0,14,3,0,0,0.165937,0,32000,5310,0.165937,131072,5805,0.044289,0,0,3
491,host-19,3,0,14,3,0,0,0.175687,0,32000,5622,0.175687,131072,5359,0.040886,0,0,3
491,host-2,3,0,14,3,0,0,0.175219,0,32000,5607,0.175219,131072,6035,0.046043,0,0,3
491,host-20,4,0,14,4,0,0,0.184781,0,32000,5913,0.184781,131072,5873,0.044807,0,0,4
491,host-21,4,0,14,4,0,0,0.194000,0,32000,6208,0.194000,131072,7534,0.057480,0,0,4
491,host-22,4,0,14,4,0,0,0.173531,0,32000,5553,0.173531,131072,6592,0.050293,0,0,4
491,host-23,4,0,14,4,0,0,0.191688,0,32000,6134,0.191688,131072,6291,0.047997,0,0,4
491,host-24,4,1,14,4,1,0,0.185406,0,32000,5933,0.185406,131072,5959,0.045464,0,1,3
491,host-3,5,0,14,5,0,0,0.212062,0,32000,6786,0.212062,131072,8658,0.066055,0,0,5
491,host-4,4,0,14,4,0,0,0.206437,0,32000,6606,0.206437,131072,5915,0.045128,0,0,4
491,host-5,4,0,14,4,0,0,0.219250,0,32000,7016,0.219250,131072,8003,0.061058,0,0,4
491,host-6,4,1,14,4,1,0,0.168781,0,32000,5401,0.168781,131072,4135,0.031548,0,1,3
491,host-7,4,0,14,4,0,0,0.188531,0,32000,6033,0.188531,131072,6128,0.046753,0,0,4
491,host-8,2,0,14,2,0,0,0.137781,0,32000,4409,0.137781,131072,4952,0.037781,0,0,2
491,host-9,4,1,14,4,1,0,0.203469,0,32000,6511,0.203469,131072,5490,0.041885,1,0,3
492,host-1,3,0,14,3,0,0,0.213156,0,32000,6821,0.213156,131072,6371,0.048607,0,0,3
492,host-10,4,0,14,4,0,0,0.167250,0,32000,5352,0.167250,131072,6351,0.048454,0,0,4
492,host-11,5,0,14,5,0,0,0.204500,0,32000,6544,0.204500,131072,7773,0.059303,0,0,5
492,host-12,4,0,14,4,0,0,0.186219,0,32000,5959,0.186219,131072,5201,0.039680,0,0,4
492,host-13,4,1,14,4,1,0,0.168313,0,32000,5386,0.168313,131072,3505,0.026741,0,1,3
492,host-14,3,0,14,3,0,0,0.177344,0,32000,5675,0.177344,131072,5062,0.038620,0,0,3
492,host-15,3,0,14,3,0,0,0.167469,0,32000,5359,0.167469,131072,4921,0.037544,0,0,3
492,host-16,4,0,14,4,0,0,0.196281,0,32000,6281,0.196281,131072,5382,0.041061,0,0,4
492,host-17,5,0,14,5,0,0,0.206563,0,32000,6610,0.206563,131072,6967,0.053154,0,0,5
492,host-18,4,1,14,4,1,0,0.209687,0,32000,6710,0.209687,131072,6909,0.052711,1,0,3
492,host-19,3,0,14,3,0,0,0.175687,0,32000,5622,0.175687,131072,5359,0.040886,0,0,3
492,host-2,3,0,14,3,0,0,0.175219,0,32000,5607,0.175219,131072,6035,0.046043,0,0,3
492,host-20,4,0,14,4,0,0,0.184781,0,32000,5913,0.184781,131072,5873,0.044807,0,0,4
492,host-21,4,0,14,4,0,0,0.194000,0,32000,6208,0.194000,131072,7534,0.057480,0,0,4
492,host-22,4,0,14,4,0,0,0.173531,0,32000,5553,0.173531,131072,6592,0.050293,0,0,4
492,host-23,4,0,14,4,0,0,0.191688,0,32000,6134,0.191688,131072,6291,0.047997,0,0,4
492,host-24,4,0,14,4,0,0,0.185406,0,32000,5933,0.185406,131072,5959,0.045464,0,0,4
492,host-3,5,0,14,5,0,0,0.212062,0,32000,6786,0.212062,131072,8658,0.066055,0,0,5
492,host-4,4,0,14,4,0,0,0.206437,0,32000,6606,0.206437,131072,5915,0.045128,0,0,4
492,host-5,4,1,14,4,1,0,0.219250,0,32000,7016,0.219250,131072,8003,0.061058,0,1,3
492,host-6,3,1,14,3,1,0,0.125438,0,32000,4014,0.125438,131072,3261,0.024879,0,1,2
492,host-7,4,0,14,4,0,0,0.188531,0,32000,6033,0.188531,131072,6128,0.046753,0,0,4
492,host-8,3,0,14,3,0,0,0.192281,0,32000,6153,0.192281,131072,6599,0.050346,0,0,3
492,host-9,4,1,14,4,1,0,0.203469,0,32000,6511,0.203469,131072,5490,0.041885,0,1,3
493,host-1,3,0,14,3,0,0,0.213156,0,32000,6821,0.213156,131072,6371,0.048607,0,0,3
493,host-10,4,1,14,4,1,0,0.167250,0,32000,5352,0.167250,131072,6351,0.048454,0,1,3
493,host-11,5,0,14,5,0,0,0.204500,0,32000,6544,0.204500,131072,7773,0.059303,0,0,5
493,host-12,3,0,14,3,0,0,0.152875,0,32000,4892,0.152875,131072,4185,0.031929,0,0,3
493,host-13,4,0,14,4,0,0,0.168313,0,32000,5386,0.168313,131072,3505,0.026741,0,0,4
493,host-14,3,0,14,3,0,0,0.177344,0,32000,5675,0.177344,131072,5062,0.038620,0,0,3
493,host-15,3,0,14,3,0,0,0.167469,0,32000,5359,0.167469,131072,4921,0.037544,0,0,3
493,host-16,4,0,14,4,0,0,0.196281,0,32000,6281,0.196281,131072,5382,0.041061,0,0,4
493,host-17,4,0,14,4,0,0,0.176063,0,32000,5634,0.176063,131072,5706,0.043533,0,0,4
493,host-18,4,0,14,4,0,0,0.209687,0,32000,6710,0.209687,131072,6909,0.052711,0,0,4
493,host-19,3,1,14,3,1,0,0.175687,0,32000,5622,0.175687,131072,5359,0.040886,0,1,2
493,host-2,3,0,14,3,0,0,0.175219,0,32000,5607,0.175219,131072,6035,0.046043,0,0,3
493,host-20,4,0,14,4,0,0,0.184781,0,32000,5913,0.184781,131072,5873,0.044807,0,0,4
493,host-21,4,0,14,4,0,0,0.194000,0,32000,6208,0.194000,131072,7534,0.057480,0,0,4
493,host-22,4,0,14,4,0,0,0.173531,0,32000,5553,0.173531,131072,6592,0.050293,0,0,4
493,host-23,4,0,14,4,0,0,0.191688,0,32000,6134,0.191688,131072,6291,0.047997,0,0,4
493,host-24,4,1,14,4,1,0,0.185406,0,32000,5933,0.185406,131072,5959,0.045464,0,1,3
493,host-3,5,0,14,5,0,0,0.212062,0,32000,6786,0.212062,131072,8658,0.066055,0,0,5
493,host-4,4,0,14,4,0,0,0.206437,0,32000,6606,0.206437,131072,5915,0.045128,0,0,4
493,host-5,4,0,14,4,0,0,0.219250,0,32000,7016,0.219250,131072,8003,0.061058,0,0,4
493,host-6,3,0,14,3,0,0,0.125438,0,32000,4014,0.125438,131072,3261,0.024879,0,0,3
493,host-7,4,0,14,4,0,0,0.188531,0,32000,6033,0.188531,131072,6128,0.046753,0,0,4
493,host-8,3,0,14,3,0,0,0.192281,0,32000,6153,0.192281,131072,6599,0.050346,0,0,3
493,host-9,4,0,14,4,0,0,0.203469,0,32000,6511,0.203469,131072,5490,0.041885,0,0,4
494,host-1,3,0,14,3,0,0,0.213156,0,32000,6821,0.213156,131072,6371,0.048607,0,0,3
494,host-10,5,1,14,5,1,0,0.193875,0,32000,6204,0.193875,131072,7424,0.056641,1,0,4
494,host-11,5,0,14,5,0,0,0.204500,0,32000,6544,0.204500,131072,7773,0.059303,0,0,5
494,host-12,4,1,14,4,1,0,0.228844,0,32000,7323,0.228844,131072,7105,0.054207,1,0,3
494,host-13,4,0,14,4,0,0,0.168313,0,32000,5386,0.168313,131072,3505,0.026741,0,0,4
494,host-14,3,0,14,3,0,0,0.177344,0,32000,5675,0.177344,131072,5062,0.038620,0,0,3
494,host-15,3,0,14,3,0,0,0.167469,0,32000,5359,0.167469,131072,4921,0.037544,0,0,3
494,host-16,4,0,14,4,0,0,0.196281,0,32000,6281,0.196281,131072,5382,0.041061,0,0,4
494,host-17,4,0,14,4,0,0,0.176063,0,32000,5634,0.176063,131072,5706,0.043533,0,0,4
494,host-18,4,0,14,4,0,0,0.209687,0,32000,6710,0.209687,131072,6909,0.052711,0,0,4
494,host-19,3,0,14,3,0,0,0.175687,0,32000,5622,0.175687,131072,5359,0.040886,0,0,3
494,host-2,3,0,14,3,0,0,0.175219,0,32000,5607,0.175219,131072,6035,0.046043,0,0,3
494,host-20,4,0,14,4,0,0,0.184781,0,32000,5913,0.184781,131072,5873,0.044807,0,0,4
494,host-21,4,0,14,4,0,0,0.194000,0,32000,6208,0.194000,131072,7534,0.057480,0,0,4
494,host-22,4,0,14,4,0,0,0.173531,0,32000,5553,0.173531,131072,6592,0.050293,0,0,4
494,host-23,4,0,14,4,0,0,0.191688,0,32000,6134,0.191688,131072,6291,0.047997,0,0,4
494,host-24,4,0,14,4,0,0,0.185406,0,32000,5933,0.185406,131072,5959,0.045464,0,0,4
494,host-3,5,1,14,5,1,0,0.212062,0,32000,6786,0.212062,131072,8658,0.066055,0,1,4
494,host-4,4,1,14,4,1,0,0.206437,0,32000,6606,0.206437,131072,5915,0.045128,0,1,3
494,host-5,4,1,14,4,1,0,0.219250,0,32000,7016,0.219250,131072,8003,0.061058,0,1,3
494,host-6,4,1,14,4,1,0,0.182938,0,32000,5854,0.182938,131072,5450,0.041580,1,0,3
494,host-7,4,0,14,4,0,0,0.188531,0,32000,6033,0.188531,131072,6128,0.046753,0,0,4
494,host-8,3,0,14,3,0,0,0.192281,0,32000,6153,0.192281,131072,6599,0.050346,0,0,3
494,host-9,4,0,14,4,0,0,0.203469,0,32000,6511,0.203469,131072,5490,0.041885,0,0,4
495,host-1,3,0,14,3,0,0,0.213156,0,32000,6821,0.213156,131072,6371,0.048607,0,0,3
495,host-10,5,1,14,5,1,0,0.193875,0,32000,6204,0.193875,131072,7424,0.056641,1,0,4
495,host-11,5,0,14,5,0,0,0.204500,0,32000,6544,0.204500,131072,7773,0.059303,0,0,5
495,host-12,4,1,14,4,1,0,0.228844,0,32000,7323,0.228844,131072,7105,0.054207,1,0,3
495,host-13,5,1,14,5,1,0,0.195563,0,32000,6258,0.195563,131072,4377,0.033394,1,0,4
495,host-14,3,0,14,3,0,0,0.177344,0,32000,5675,0.177344,131072,5062,0.038620,0,0,3
495,host-15,4,2,14,4,2,0,0.191844,0,32000,6139,0.191844,131072,5551,0.042351,1,1,2
495,host-16,4,1,14,4,1,0,0.196281,0,32000,6281,0.196281,131072,5382,0.041061,0,1,3
495,host-17,5,1,14,5,1,0,0.224094,0,32000,7171,0.224094,131072,7188,0.054840,1,0,4
495,host-18,4,0,14,4,0,0,0.209687,0,32000,6710,0.209687,131072,6909,0.052711,0,0,4
495,host-19,4,2,14,4,2,0,0.238500,0,32000,7632,0.238500,131072,7773,0.059303,1,1,2
495,host-2,4,1,14,4,1,0,0.203000,0,32000,6496,0.203000,131072,6557,0.050026,1,0,3
495,host-20,4,0,14,4,0,0,0.184781,0,32000,5913,0.184781,131072,5873,0.044807,0,0,4
495,host-21,4,0,14,4,0,0,0.194000,0,32000,6208,0.194000,131072,7534,0.057480,0,0,4
495,host-22,5,1,14,5,1,0,0.209281,0,32000,6697,0.209281,131072,7900,0.060272,1,0,4
495,host-23,4,1,14,4,1,0,0.191688,0,32000,6134,0.191688,131072,6291,0.047997,0,1,3
495,host-24,4,0,14,4,0,0,0.185406,0,32000,5933,0.185406,131072,5959,0.045464,0,0,4
495,host-3,5,0,14,5,0,0,0.212062,0,32000,6786,0.212062,131072,8658,0.066055,0,0,5
495,host-4,4,0,14,4,0,0,0.206437,0,32000,6606,0.206437,131072,5915,0.045128,0,0,4
495,host-5,4,0,14,4,0,0,0.219250,0,32000,7016,0.219250,131072,8003,0.061058,0,0,4
495,host-6,4,1,14,4,1,0,0.182938,0,32000,5854,0.182938,131072,5450,0.041580,0,1,3
495,host-7,4,0,14,4,0,0,0.188531,0,32000,6033,0.188531,131072,6128,0.046753,0,0,4
495,host-8,3,0,14,3,0,0,0.192281,0,32000,6153,0.192281,131072,6599,0.050346,0,0,3
495,host-9,4,0,14,4,0,0,0.203469,0,32000,6511,0.203469,131072,5490,0.041885,0,0,4
496,host-1,3,0,14,3,0,0,0.213156,0,32000,6821,0.213156,131072,6371,0.048607,0,0,3
496,host-10,5,0,14,5,0,0,0.193875,0,32000,6204,0.193875,131072,7424,0.056641,0,0,5
496,host-11,5,0,14,5,0,0,0.204500,0,32000,6544,0.204500,131072,7773,0.059303,0,0,5
496,host-12,4,0,14,4,0,0,0.228844,0,32000,7323,0.228844,131072,7105,0.054207,0,0,4
496,host-13,5,1,14,5,1,0,0.195563,0,32000,6258,0.195563,131072,4377,0.033394,0,1,4
496,host-14,4,1,14,4,1,0,0.222125,0,32000,7108,0.222125,131072,6397,0.048805,1,0,3
496,host-15,4,0,14,4,0,0,0.191844,0,32000,6139,0.191844,131072,5551,0.042351,0,0,4
496,host-16,4,0,14,4,0,0,0.196281,0,32000,6281,0.196281,131072,5382,0.041061,0,0,4
496,host-17,5,1,14,5,1,0,0.224094,0,32000,7171,0.224094,131072,7188,0.054840,1,0,4
496,host-18,4,0,14,4,0,0,0.209687,0,32000,6710,0.209687,131072,6909,0.052711,0,0,4
496,host-19,4,1,14,4,1,0,0.238500,0,32000,7632,0.238500,131072,7773,0.059303,1,0,3
496,host-2,4,1,14,4,1,0,0.203000,0,32000,6496,0.203000,131072,6557,0.050026,1,0,3
496,host-20,5,1,14,5,1,0,0.228125,0,32000,7300,0.228125,131072,6747,0.051476,1,0,4
496,host-21,4,1,14,4,1,0,0.194000,0,32000,6208,0.194000,131072,7534,0.057480,0,1,3
496,host-22,5,1,14,5,1,0,0.209281,0,32000,6697,0.209281,131072,7900,0.060272,1,0,4
496,host-23,4,0,14,4,0,0,0.191688,0,32000,6134,0.191688,131072,6291,0.047997,0,0,4
496,host-24,5,1,14,5,1,0,0.248219,0,32000,7943,0.248219,131072,8373,0.063881,1,0,4
496,host-3,5,1,14,5,1,0,0.212062,0,32000,6786,0.212062,131072,8658,0.066055,0,1,4
496,host-4,4,0,14,4,0,0,0.206437,0,32000,6606,0.206437,131072,5915,0.045128,0,0,4
496,host-5,4,1,14,4,1,0,0.219250,0,32000,7016,0.219250,131072,8003,0.061058,0,1,3
496,host-6,5,1,14,5,1,0,0.210719,0,32000,6743,0.210719,131072,5972,0.045563,1,0,4
496,host-7,5,1,14,5,1,0,0.224281,0,32000,7177,0.224281,131072,7436,0.056732,1,0,4
496,host-8,3,0,14,3,0,0,0.192281,0,32000,6153,0.192281,131072,6599,0.050346,0,0,3
496,host-9,4,0,14,4,0,0,0.203469,0,32000,6511,0.203469,131072,5490,0.041885,0,0,4
497,host-1,3,0,14,3,0,0,0.213156,0,32000,6821,0.213156,131072,6371,0.048607,0,0,3
497,host-10,5,0,14,5,0,0,0.193875,0,32000,6204,0.193875,131072,7424,0.056641,0,0,5
497,host-11,5,1,14,5,1,0,0.204500,0,32000,6544,0.204500,131072,7773,0.059303,0,1,4
497,host-12,4,0,14,4,0,0,0.228844,0,32000,7323,0.228844,131072,7105,0.054207,0,0,4
497,host-13,5,0,14,5,0,0,0.195563,0,32000,6258,0.195563,131072,4377,0.033394,0,0,5
497,host-14,4,0,14,4,0,0,0.222125,0,32000,7108,0.222125,131072,6397,0.048805,0,0,4
497,host-15,4,0,14,4,0,0,0.191844,0,32000,6139,0.191844,131072,5551,0.042351,0,0,4
497,host-16,4,0,14,4,0,0,0.196281,0,32000,6281,0.196281,131072,5382,0.041061,0,0,4
497,host-17,5,0,14,5,0,0,0.224094,0,32000,7171,0.224094,131072,7188,0.054840,0,0,5
497,host-18,4,0,14,4,0,0,0.209687,0,32000,6710,0.209687,131072,6909,0.052711,0,0,4
497,host-19,4,0,14,4,0,0,0.238500,0,32000,7632,0.238500,131072,7773,0.059303,0,0,4
497,host-2,3,0,14,3,0,0,0.178625,0,32000,5716,0.178625,131072,5511,0.042046,0,0,3
497,host-20,5,1,14,5,1,0,0.228125,0,32000,7300,0.228125,131072,6747,0.051476,0,1,4
497,host-21,4,0,14,4,0,0,0.194000,0,32000,6208,0.194000,131072,7534,0.057480,0,0,4
497,host-22,5,0,14,5,0,0,0.209281,0,32000,6697,0.209281,131072,7900,0.060272,0,0,5
497,host-23,4,0,14,4,0,0,0.191688,0,32000,6134,0.191688,131072,6291,0.047997,0,0,4
497,host-24,5,1,14,5,1,0,0.248219,0,32000,7943,0.248219,131072,8373,0.063881,1,0,4
497,host-3,5,1,14,5,1,0,0.212062,0,32000,6786,0.212062,131072,8658,0.066055,0,1,4
497,host-4,4,0,14,4,0,0,0.206437,0,32000,6606,0.206437,131072,5915,0.045128,0,0,4
497,host-5,4,0,14,4,0,0,0.219250,0,32000,7016,0.219250,131072,8003,0.061058,0,0,4
497,host-6,5,0,14,5,0,0,0.210719,0,32000,6743,0.210719,131072,5972,0.045563,0,0,5
497,host-7,5,0,14,5,0,0,0.224281,0,32000,7177,0.224281,131072,7436,0.056732,0,0,5
497,host-8,3,0,14,3,0,0,0.192281,0,32000,6153,0.192281,131072,6599,0.050346,0,0,3
497,host-9,4,0,14,4,0,0,0.203469,0,32000,6511,0.203469,131072,5490,0.041885,0,0,4
498,host-1,3,0,14,3,0,0,0.213156,0,32000,6821,0.213156,131072,6371,0.048607,0,0,3
498,host-10,5,0,14,5,0,0,0.193875,0,32000,6204,0.193875,131072,7424,0.056641,0,0,5
498,host-11,5,0,14,5,0,0,0.204500,0,32000,6544,0.204500,131072,7773,0.059303,0,0,5
498,host-12,4,0,14,4,0,0,0.228844,0,32000,7323,0.228844,131072,7105,0.054207,0,0,4
498,host-13,5,0,14,5,0,0,0.195563,0,32000,6258,0.195563,131072,4377,0.033394,0,0,5
498,host-14,3,0,14,3,0,0,0.164219,0,32000,5255,0.164219,131072,4999,0.038139,0,0,3
498,host-15,4,1,14,4,1,0,0.191844,0,32000,6139,0.191844,131072,5551,0.042351,0,1,3
498,host-16,4,0,14,4,0,0,0.196281,0,32000,6281,0.196281,131072,5382,0.041061,0,0,4
498,host-17,5,0,14,5,0,0,0.224094,0,32000,7171,0.224094,131072,7188,0.054840,0,0,5
498,host-18,4,0,14,4,0,0,0.209687,0,32000,6710,0.209687,131072,6909,0.052711,0,0,4
498,host-19,4,0,14,4,0,0,0.238500,0,32000,7632,0.238500,131072,7773,0.059303,0,0,4
498,host-2,3,0,14,3,0,0,0.178625,0,32000,5716,0.178625,131072,5511,0.042046,0,0,3
498,host-20,4,0,14,4,0,0,0.171563,0,32000,5490,0.171563,131072,4344,0.033142,0,0,4
498,host-21,4,0,14,4,0,0,0.194000,0,32000,6208,0.194000,131072,7534,0.057480,0,0,4
498,host-22,4,0,14,4,0,0,0.177750,0,32000,5688,0.177750,131072,6573,0.050148,0,0,4
498,host-23,4,0,14,4,0,0,0.191688,0,32000,6134,0.191688,131072,6291,0.047997,0,0,4
498,host-24,5,0,14,5,0,0,0.248219,0,32000,7943,0.248219,131072,8373,0.063881,0,0,5
498,host-3,5,1,14,5,1,0,0.212062,0,32000,6786,0.212062,131072,8658,0.066055,0,1,4
498,host-4,4,0,14,4,0,0,0.206437,0,32000,6606,0.206437,131072,5915,0.045128,0,0,4
498,host-5,4,0,14,4,0,0,0.219250,0,32000,7016,0.219250,131072,8003,0.061058,0,0,4
498,host-6,5,0,14,5,0,0,0.210719,0,32000,6743,0.210719,131072,5972,0.045563,0,0,5
498,host-7,5,0,14,5,0,0,0.224281,0,32000,7177,0.224281,131072,7436,0.056732,0,0,5
498,host-8,3,0,14,3,0,0,0.192281,0,32000,6153,0.192281,131072,6599,0.050346,0,0,3
498,host-9,4,0,14,4,0,0,0.203469,0,32000,6511,0.203469,131072,5490,0.041885,0,0,4
499,host-1,3,0,14,3,0,0,0.213156,0,32000,6821,0.213156,131072,6371,0.048607,0,0,3
499,host-10,5,0,14,5,0,0,0.193875,0,32000,6204,0.193875,131072,7424,0.056641,0,0,5
499,host-11,5,0,14,5,0,0,0.204500,0,32000,6544,0.204500,131072,7773,0.059303,0,0,5
499,host-12,3,0,14,3,0,0,0.185094,0,32000,5923,0.185094,131072,5875,0.044823,0,0,3
499,host-13,5,2,14,5,2,0,0.195563,0,32000,6258,0.195563,131072,4377,0.033394,0,2,3
499,host-14,4,1,14,4,1,0,0.220656,0,32000,7061,0.220656,131072,7123,0.054344,0,1,3
499,host-15,4,0,14,4,0,0,0.191844,0,32000,6139,0.191844,131072,5551,0.042351,0,0,4
499,host-16,4,0,14,4,0,0,0.196281,0,32000,6281,0.196281,131072,5382,0.041061,0,0,4
499,host-17,5,0,14,5,0,0,0.224094,0,32000,7171,0.224094,131072,7188,0.054840,0,0,5
499,host-18,4,0,14,4,0,0,0.209687,0,32000,6710,0.209687,131072,6909,0.052711,0,0,4
499,host-19,4,0,14,4,0,0,0.238500,0,32000,7632,0.238500,131072,7773,0.059303,0,0,4
499,host-2,3,0,14,3,0,0,0.178625,0,32000,5716,0.178625,131072,5511,0.042046,0,0,3
499,host-20,4,0,14,4,0,0,0.171563,0,32000,5490,0.171563,131072,4344,0.033142,0,0,4
499,host-21,4,0,14,4,0,0,0.194000,0,32000,6208,0.194000,131072,7534,0.057480,0,0,4
499,host-22,4,0,14,4,0,0,0.177750,0,32000,5688,0.177750,131072,6573,0.050148,0,0,4
499,host-23,4,0,14,4,0,0,0.191688,0,32000,6134,0.191688,131072,6291,0.047997,0,0,4
499,host-24,5,0,14,5,0,0,0.248219,0,32000,7943,0.248219,131072,8373,0.063881,0,0,5
499,host-3,5,0,14,5,0,0,0.212062,0,32000,6786,0.212062,131072,8658,0.066055,0,0,5
499,host-4,4,0,14,4,0,0,0.206437,0,32000,6606,0.206437,131072,5915,0.045128,0,0,4
499,host-5,4,0,14,4,0,0,0.219250,0,32000,7016,0.219250,131072,8003,0.061058,0,0,4
499,host-6,4,0,14,4,0,0,0.167406,0,32000,5357,0.167406,131072,4803,0.036644,0,0,4
499,host-7,5,0,14,5,0,0,0.224281,0,32000,7177,0.224281,131072,7436,0.056732,0,0,5
499,host-8,3,0,14,3,0,0,0.192281,0,32000,6153,0.192281,131072,6599,0.050346,0,0,3
499,host-9,4,1,14,4,1,0,0.203469,0,32000,6511,0.203469,131072,5490,0.041885,0,1,3
500,host-1,3,0,14,3,0,0,0.213156,0,32000,6821,0.213156,131072,6371,0.048607,0,0,3
500,host-10,5,0,14,5,0,0,0.193875,0,32000,6204,0.193875,131072,7424,0.056641,0,0,5
500,host-11,5,0,14,5,0,0,0.204500,0,32000,6544,0.204500,131072,7773,0.059303,0,0,5
500,host-12,3,0,14,3,0,0,0.185094,0,32000,5923,0.185094,131072,5875,0.044823,0,0,3
500,host-13,5,0,14,5,0,0,0.195563,0,32000,6258,0.195563,131072,4377,0.033394,0,0,5
500,host-14,4,0,14,4,0,0,0.220656,0,32000,7061,0.220656,131072,7123,0.054344,0,0,4
500,host-15,4,0,14,4,0,0,0.191844,0,32000,6139,0.191844,131072,5551,0.042351,0,0,4
500,host-16,4,0,14,4,0,0,0.196281,0,32000,6281,0.196281,131072,5382,0.041061,0,0,4
500,host-17,5,0,14,5,0,0,0.224094,0,32000,7171,0.224094,131072,7188,0.054840,0,0,5
500,host-18,4,0,14,4,0,0,0.209687,0,32000,6710,0.209687,131072,6909,0.052711,0,0,4
500,host-19,4,0,14,4,0,0,0.238500,0,32000,7632,0.238500,131072,7773,0.059303,0,0,4
500,host-2,3,0,14,3,0,0,0.178625,0,32000,5716,0.178625,131072,5511,0.042046,0,0,3
500,host-20,4,0,14,4,0,0,0.171563,0,32000,5490,0.171563,131072,4344,0.033142,0,0,4
500,host-21,4,0,14,4,0,0,0.194000,0,32000,6208,0.194000,131072,7534,0.057480,0,0,4
500,host-22,4,0,14,4,0,0,0.177750,0,32000,5688,0.177750,131072,6573,0.050148,0,0,4
500,host-23,4,0,14,4,0,0,0.191688,0,32000,6134,0.191688,131072,6291,0.047997,0,0,4
500,host-24,5,1,14,5,1,0,0.248219,0,32000,7943,0.248219,131072,8373,0.063881,0,1,4
500,host-3,5,0,14,5,0,0,0.212062,0,32000,6786,0.212062,131072,8658,0.066055,0,0,5
500,host-4,4,1,14,4,1,0,0.206437,0,32000,6606,0.206437,131072,5915,0.045128,0,1,3
500,host-5,4,0,14,4,0,0,0.219250,0,32000,7016,0.219250,131072,8003,0.061058,0,0,4
500,host-6,5,1,14,5,1,0,0.190562,0,32000,6098,0.190562,131072,5618,0.042862,1,0,4
500,host-7,5,0,14,5,0,0,0.224281,0,32000,7177,0.224281,131072,7436,0.056732,0,0,5
500,host-8,3,1,14,3,1,0,0.192281,0,32000,6153,0.192281,131072,6599,0.050346,0,1,2
500,host-9,4,1,14,4,1,0,0.203469,0,32000,6511,0.203469,131072,5490,0.041885,0,1,3
501,host-1,3,0,14,3,0,0,0.213156,0,32000,6821,0.213156,131072,6371,0.048607,0,0,3
501,host-10,5,0,14,5,0,0,0.193875,0,32000,6204,0.193875,131072,7424,0.056641,0,0,5
501,host-11,5,0,14,5,0,0,0.204500,0,32000,6544,0.204500,131072,7773,0.059303,0,0,5
501,host-12,3,0,14,3,0,0,0.185094,0,32000,5923,0.185094,131072,5875,0.044823,0,0,3
501,host-13,5,0,14,5,0,0,0.195563,0,32000,6258,0.195563,131072,4377,0.033394,0,0,5
501,host-14,4,1,14,4,1,0,0.220656,0,32000,7061,0.220656,131072,7123,0.054344,0,1,3
501,host-15,4,0,14,4,0,0,0.191844,0,32000,6139,0.191844,131072,5551,0.042351,0,0,4
501,host-16,4,0,14,4,0,0,0.196281,0,32000,6281,0.196281,131072,5382,0.041061,0,0,4
501,host-17,5,0,14,5,0,0,0.224094,0,32000,7171,0.224094,131072,7188,0.054840,0,0,5
501,host-18,4,0,14,4,0,0,0.209687,0,32000,6710,0.209687,131072,6909,0.052711,0,0,4
501,host-19,4,0,14,4,0,0,0.238500,0,32000,7632,0.238500,131072,7773,0.059303,0,0,4
501,host-2,3,0,14,3,0,0,0.178625,0,32000,5716,0.178625,131072,5511,0.042046,0,0,3
501,host-20,5,1,14,5,1,0,0.229469,0,32000,7343,0.229469,131072,5742,0.043808,0,1,4
501,host-21,4,0,14,4,0,0,0.194000,0,32000,6208,0.194000,131072,7534,0.057480,0,0,4
501,host-22,4,0,14,4,0,0,0.177750,0,32000,5688,0.177750,131072,6573,0.050148,0,0,4
501,host-23,4,0,14,4,0,0,0.191688,0,32000,6134,0.191688,131072,6291,0.047997,0,0,4
501,host-24,5,0,14,5,0,0,0.248219,0,32000,7943,0.248219,131072,8373,0.063881,0,0,5
501,host-3,5,0,14,5,0,0,0.212062,0,32000,6786,0.212062,131072,8658,0.066055,0,0,5
501,host-4,4,0,14,4,0,0,0.206437,0,32000,6606,0.206437,131072,5915,0.045128,0,0,4
501,host-5,4,0,14,4,0,0,0.219250,0,32000,7016,0.219250,131072,8003,0.061058,0,0,4
501,host-6,5,0,14,5,0,0,0.190562,0,32000,6098,0.190562,131072,5618,0.042862,0,0,5
501,host-7,4,0,14,4,0,0,0.162094,0,32000,5187,0.162094,131072,5559,0.042412,0,0,4
501,host-8,3,0,14,3,0,0,0.192281,0,32000,6153,0.192281,131072,6599,0.050346,0,0,3
501,host-9,3,0,14,3,0,0,0.141281,0,32000,4521,0.141281,131072,3613,0.027565,0,0,3
502,host-1,3,0,14,3,0,0,0.213156,0,32000,6821,0.213156,131072,6371,0.048607,0,0,3
502,host-10,5,0,14,5,0,0,0.193875,0,32000,6204,0.193875,131072,7424,0.056641,0,0,5
502,host-11,5,0,14,5,0,0,0.204500,0,32000,6544,0.204500,131072,7773,0.059303,0,0,5
502,host-12,3,0,14,3,0,0,0.185094,0,32000,5923,0.185094,131072,5875,0.044823,0,0,3
502,host-13,4,0,14,4,0,0,0.158375,0,32000,5068,0.158375,131072,4006,0.030563,0,0,4
502,host-14,4,0,14,4,0,0,0.220656,0,32000,7061,0.220656,131072,7123,0.054344,0,0,4
502,host-15,4,0,14,4,0,0,0.191844,0,32000,6139,0.191844,131072,5551,0.042351,0,0,4
502,host-16,4,0,14,4,0,0,0.196281,0,32000,6281,0.196281,131072,5382,0.041061,0,0,4
502,host-17,5,0,14,5,0,0,0.224094,0,32000,7171,0.224094,131072,7188,0.054840,0,0,5
502,host-18,4,0,14,4,0,0,0.209687,0,32000,6710,0.209687,131072,6909,0.052711,0,0,4
502,host-19,4,0,14,4,0,0,0.238500,0,32000,7632,0.238500,131072,7773,0.059303,0,0,4
502,host-2,3,0,14,3,0,0,0.178625,0,32000,5716,0.178625,131072,5511,0.042046,0,0,3
502,host-20,5,0,14,5,0,0,0.229469,0,32000,7343,0.229469,131072,5742,0.043808,0,0,5
502,host-21,4,0,14,4,0,0,0.194000,0,32000,6208,0.194000,131072,7534,0.057480,0,0,4
502,host-22,4,0,14,4,0,0,0.177750,0,32000,5688,0.177750,131072,6573,0.050148,0,0,4
502,host-23,4,0,14,4,0,0,0.191688,0,32000,6134,0.191688,131072,6291,0.047997,0,0,4
502,host-24,5,0,14,5,0,0,0.248219,0,32000,7943,0.248219,131072,8373,0.063881,0,0,5
502,host-3,5,0,14,5,0,0,0.212062,0,32000,6786,0.212062,131072,8658,0.066055,0,0,5
502,host-4,4,0,14,4,0,0,0.206437,0,32000,6606,0.206437,131072,5915,0.045128,0,0,4
502,host-5,4,0,14,4,0,0,0.219250,0,32000,7016,0.219250,131072,8003,0.061058,0,0,4
502,host-6,5,0,14,5,0,0,0.190562,0,32000,6098,0.190562,131072,5618,0.042862,0,0,5
502,host-7,5,1,14,5,1,0,0.205406,0,32000,6573,0.205406,131072,6728,0.051331,1,0,4
502,host-8,3,0,14,3,0,0,0.192281,0,32000,6153,0.192281,131072,6599,0.050346,0,0,3
502,host-9,4,0,14,4,0,0,0.185031,0,32000,5921,0.185031,131072,4843,0.036949,0,0,4
503,host-1,3,0,14,3,0,0,0.213156,0,32000,6821,0.213156,131072,6371,0.048607,0,0,3
503,host-10,5,0,14,5,0,0,0.193875,0,32000,6204,0.193875,131072,7424,0.056641,0,0,5
503,host-11,5,0,14,5,0,0,0.204500,0,32000,6544,0.204500,131072,7773,0.059303,0,0,5
503,host-12,3,0,14,3,0,0,0.185094,0,32000,5923,0.185094,131072,5875,0.044823,0,0,3
503,host-13,5,1,14,5,1,0,0.220562,0,32000,7058,0.220562,131072,5883,0.044884,1,0,4
503,host-14,4,0,14,4,0,0,0.220656,0,32000,7061,0.220656,131072,7123,0.054344,0,0,4
503,host-15,4,0,14,4,0,0,0.191844,0,32000,6139,0.191844,131072,5551,0.042351,0,0,4
503,host-16,4,0,14,4,0,0,0.196281,0,32000,6281,0.196281,131072,5382,0.041061,0,0,4
503,host-17,5,0,14,5,0,0,0.224094,0,32000,7171,0.224094,131072,7188,0.054840,0,0,5
503,host-18,4,0,14,4,0,0,0.209687,0,32000,6710,0.209687,131072,6909,0.052711,0,0,4
503,host-19,4,0,14,4,0,0,0.238500,0,32000,7632,0.238500,131072,7773,0.059303,0,0,4
503,host-2,3,0,14,3,0,0,0.178625,0,32000,5716,0.178625,131072,5511,0.042046,0,0,3
503,host-20,5,0,14,5,0,0,0.229469,0,32000,7343,0.229469,131072,5742,0.043808,0,0,5
503,host-21,4,0,14,4,0,0,0.194000,0,32000,6208,0.194000,131072,7534,0.057480,0,0,4
503,host-22,4,0,14,4,0,0,0.177750,0,32000,5688,0.177750,131072,6573,0.050148,0,0,4
503,host-23,4,0,14,4,0,0,0.191688,0,32000,6134,0.191688,131072,6291,0.047997,0,0,4
503,host-24,5,0,14,5,0,0,0.248219,0,32000,7943,0.248219,131072,8373,0.063881,0,0,5
503,host-3,5,0,14,5,0,0,0.212062,0,32000,6786,0.212062,131072,8658,0.066055,0,0,5
503,host-4,4,0,14,4,0,0,0.206437,0,32000,6606,0.206437,131072,5915,0.045128,0,0,4
503,host-5,4,0,14,4,0,0,0.219250,0,32000,7016,0.219250,131072,8003,0.061058,0,0,4
503,host-6,5,0,14,5,0,0,0.190562,0,32000,6098,0.190562,131072,5618,0.042862,0,0,5
503,host-7,4,0,14,4,0,0,0.164031,0,32000,5249,0.164031,131072,5614,0.042831,0,0,4
503,host-8,3,0,14,3,0,0,0.192281,0,32000,6153,0.192281,131072,6599,0.050346,0,0,3
503,host-9,4,0,14,4,0,0,0.185031,0,32000,5921,0.185031,131072,4843,0.036949,0,0,4
504,host-1,3,0,14,3,0,0,0.213156,0,32000,6821,0.213156,131072,6371,0.048607,0,0,3
504,host-10,5,0,14,5,0,0,0.193875,0,32000,6204,0.193875,131072,7424,0.056641,0,0,5
504,host-11,5,0,14,5,0,0,0.204500,0,32000,6544,0.204500,131072,7773,0.059303,0,0,5
504,host-12,3,0,14,3,0,0,0.185094,0,32000,5923,0.185094,131072,5875,0.044823,0,0,3
504,host-13,5,1,14,5,1,0,0.220562,0,32000,7058,0.220562,131072,5883,0.044884,0,1,4
504,host-14,4,0,14,4,0,0,0.220656,0,32000,7061,0.220656,131072,7123,0.054344,0,0,4
504,host-15,4,0,14,4,0,0,0.191844,0,32000,6139,0.191844,131072,5551,0.042351,0,0,4
504,host-16,4,0,14,4,0,0,0.196281,0,32000,6281,0.196281,131072,5382,0.041061,0,0,4
504,host-17,5,0,14,5,0,0,0.224094,0,32000,7171,0.224094,131072,7188,0.054840,0,0,5
504,host-18,4,0,14,4,0,0,0.209687,0,32000,6710,0.209687,131072,6909,0.052711,0,0,4
504,host-19,4,0,14,4,0,0,0.238500,0,32000,7632,0.238500,131072,7773,0.059303,0,0,4
504,host-2,3,0,14,3,0,0,0.178625,0,32000,5716,0.178625,131072,5511,0.042046,0,0,3
504,host-20,5,0,14,5,0,0,0.229469,0,32000,7343,0.229469,131072,5742,0.043808,0,0,5
504,host-21,4,0,14,4,0,0,0.194000,0,32000,6208,0.194000,131072,7534,0.057480,0,0,4
504,host-22,3,0,14,3,0,0,0.133219,0,32000,4263,0.133219,131072,4649,0.035469,0,0,3
504,host-23,4,0,14,4,0,0,0.191688,0,32000,6134,0.191688,131072,6291,0.047997,0,0,4
504,host-24,5,0,14,5,0,0,0.248219,0,32000,7943,0.248219,131072,8373,0.063881,0,0,5
504,host-3,5,0,14,5,0,0,0.212062,0,32000,6786,0.212062,131072,8658,0.066055,0,0,5
504,host-4,4,0,14,4,0,0,0.206437,0,32000,6606,0.206437,131072,5915,0.045128,0,0,4
504,host-5,4,0,14,4,0,0,0.219250,0,32000,7016,0.219250,131072,8003,0.061058,0,0,4
504,host-6,5,0,14,5,0,0,0.190562,0,32000,6098,0.190562,131072,5618,0.042862,0,0,5
504,host-7,4,0,14,4,0,0,0.164031,0,32000,5249,0.164031,131072,5614,0.042831,0,0,4
504,host-8,3,0,14,3,0,0,0.192281,0,32000,6153,0.192281,131072,6599,0.050346,0,0,3
504,host-9,4,0,14,4,0,0,0.185031,0,32000,5921,0.185031,131072,4843,0.036949,0,0,4
