timestamp_sec,node,active_containers,busy_containers,max_containers,replicas,inflight,queue_len,utilization,draining_replicas,cpu_total_mcpu,cpu_reserved_mcpu,cpu_utilization,mem_total_mb,mem_reserved_mb,mem_utilization,cold_starting_containers,running_containers,idle_containers
0,host-1,0,0,14,0,0,0,0.000000,0,32000,0,0.000000,131072,0,0.000000,0,0,0
0,host-10,0,0,14,0,0,0,0.000000,0,32000,0,0.000000,131072,0,0.000000,0,0,0
0,host-11,0,0,14,0,0,0,0.000000,0,32000,0,0.000000,131072,0,0.000000,0,0,0
0,host-12,0,0,14,0,0,0,0.000000,0,32000,0,0.000000,131072,0,0.000000,0,0,0
0,host-13,0,0,14,0,0,0,0.000000,0,32000,0,0.000000,131072,0,0.000000,0,0,0
0,host-14,0,0,14,0,0,0,0.000000,0,32000,0,0.000000,131072,0,0.000000,0,0,0
0,host-15,0,0,14,0,0,0,0.000000,0,32000,0,0.000000,131072,0,0.000000,0,0,0
0,host-16,0,0,14,0,0,0,0.000000,0,32000,0,0.000000,131072,0,0.000000,0,0,0
0,host-17,0,0,14,0,0,0,0.000000,0,32000,0,0.000000,131072,0,0.000000,0,0,0
0,host-18,0,0,14,0,0,0,0.000000,0,32000,0,0.000000,131072,0,0.000000,0,0,0
0,host-19,0,0,14,0,0,0,0.000000,0,32000,0,0.000000,131072,0,0.000000,0,0,0
0,host-2,0,0,14,0,0,0,0.000000,0,32000,0,0.000000,131072,0,0.000000,0,0,0
0,host-20,0,0,14,0,0,0,0.000000,0,32000,0,0.000000,131072,0,0.000000,0,0,0
0,host-21,0,0,14,0,0,0,0.000000,0,32000,0,0.000000,131072,0,0.000000,0,0,0
0,host-22,0,0,14,0,0,0,0.000000,0,32000,0,0.000000,131072,0,0.000000,0,0,0
0,host-23,0,0,14,0,0,0,0.000000,0,32000,0,0.000000,131072,0,0.000000,0,0,0
0,host-24,0,0,14,0,0,0,0.000000,0,32000,0,0.000000,131072,0,0.000000,0,0,0
0,host-3,0,0,14,0,0,0,0.000000,0,32000,0,0.000000,131072,0,0.000000,0,0,0
0,host-4,0,0,14,0,0,0,0.000000,0,32000,0,0.000000,131072,0,0.000000,0,0,0
0,host-5,0,0,14,0,0,0,0.000000,0,32000,0,0.000000,131072,0,0.000000,0,0,0
0,host-6,0,0,14,0,0,0,0.000000,0,32000,0,0.000000,131072,0,0.000000,0,0,0
0,host-7,0,0,14,0,0,0,0.000000,0,32000,0,0.000000,131072,0,0.000000,0,0,0
0,host-8,0,0,14,0,0,0,0.000000,0,32000,0,0.000000,131072,0,0.000000,0,0,0
0,host-9,0,0,14,0,0,0,0.000000,0,32000,0,0.000000,131072,0,0.000000,0,0,0
1,host-1,0,0,14,0,0,0,0.000000,0,32000,0,0.000000,131072,0,0.000000,0,0,0
1,host-10,0,0,14,0,0,0,0.000000,0,32000,0,0.000000,131072,0,0.000000,0,0,0
1,host-11,0,0,14,0,0,0,0.000000,0,32000,0,0.000000,131072,0,0.000000,0,0,0
1,host-12,0,0,14,0,0,0,0.000000,0,32000,0,0.000000,131072,0,0.000000,0,0,0
1,host-13,0,0,14,0,0,0,0.000000,0,32000,0,0.000000,131072,0,0.000000,0,0,0
1,host-14,0,0,14,0,0,0,0.000000,0,32000,0,0.000000,131072,0,0.000000,0,0,0
1,host-15,0,0,14,0,0,0,0.000000,0,32000,0,0.000000,131072,0,0.000000,0,0,0
1,host-16,0,0,14,0,0,0,0.000000,0,32000,0,0.000000,131072,0,0.000000,0,0,0
1,host-17,0,0,14,0,0,0,0.000000,0,32000,0,0.000000,131072,0,0.000000,0,0,0
1,host-18,0,0,14,0,0,0,0.000000,0,32000,0,0.000000,131072,0,0.000000,0,0,0
1,host-19,0,0,14,0,0,0,0.000000,0,32000,0,0.000000,131072,0,0.000000,0,0,0
1,host-2,0,0,14,0,0,0,0.000000,0,32000,0,0.000000,131072,0,0.000000,0,0,0
1,host-20,0,0,14,0,0,0,0.000000,0,32000,0,0.000000,131072,0,0.000000,0,0,0
1,host-21,0,0,14,0,0,0,0.000000,0,32000,0,0.000000,131072,0,0.000000,0,0,0
1,host-22,0,0,14,0,0,0,0.000000,0,32000,0,0.000000,131072,0,0.000000,0,0,0
1,host-23,0,0,14,0,0,0,0.000000,0,32000,0,0.000000,131072,0,0.000000,0,0,0
1,host-24,0,0,14,0,0,0,0.000000,0,32000,0,0.000000,131072,0,0.000000,0,0,0
1,host-3,0,0,14,0,0,0,0.000000,0,32000,0,0.000000,131072,0,0.000000,0,0,0
1,host-4,0,0,14,0,0,0,0.000000,0,32000,0,0.000000,131072,0,0.000000,0,0,0
1,host-5,0,0,14,0,0,0,0.000000,0,32000,0,0.000000,131072,0,0.000000,0,0,0
1,host-6,0,0,14,0,0,0,0.000000,0,32000,0,0.000000,131072,0,0.000000,0,0,0
1,host-7,0,0,14,0,0,0,0.000000,0,32000,0,0.000000,131072,0,0.000000,0,0,0
1,host-8,0,0,14,0,0,0,0.000000,0,32000,0,0.000000,131072,0,0.000000,0,0,0
1,host-9,0,0,14,0,0,0,0.000000,0,32000,0,0.000000,131072,0,0.000000,0,0,0
2,host-1,0,0,14,0,0,0,0.000000,0,32000,0,0.000000,131072,0,0.000000,0,0,0
2,host-10,0,0,14,0,0,0,0.000000,0,32000,0,0.000000,131072,0,0.000000,0,0,0
2,host-11,0,0,14,0,0,0,0.000000,0,32000,0,0.000000,131072,0,0.000000,0,0,0
2,host-12,0,0,14,0,0,0,0.000000,0,32000,0,0.000000,131072,0,0.000000,0,0,0
2,host-13,0,0,14,0,0,0,0.000000,0,32000,0,0.000000,131072,0,0.000000,0,0,0
2,host-14,0,0,14,0,0,0,0.000000,0,32000,0,0.000000,131072,0,0.000000,0,0,0
2,host-15,0,0,14,0,0,0,0.000000,0,32000,0,0.000000,131072,0,0.000000,0,0,0
2,host-16,0,0,14,0,0,0,0.000000,0,32000,0,0.000000,131072,0,0.000000,0,0,0
2,host-17,0,0,14,0,0,0,0.000000,0,32000,0,0.000000,131072,0,0.000000,0,0,0
2,host-18,0,0,14,0,0,0,0.000000,0,32000,0,0.000000,131072,0,0.000000,0,0,0
2,host-19,1,1,14,1,1,0,0.043344,0,32000,1387,0.043344,131072,874,0.006668,1,0,0
2,host-2,0,0,14,0,0,0,0.000000,0,32000,0,0.000000,131072,0,0.000000,0,0,0
2,host-20,0,0,14,0,0,0,0.000000,0,32000,0,0.000000,131072,0,0.000000,0,0,0
2,host-21,0,0,14,0,0,0,0.000000,0,32000,0,0.000000,131072,0,0.000000,0,0,0
2,host-22,0,0,14,0,0,0,0.000000,0,32000,0,0.000000,131072,0,0.000000,0,0,0
2,host-23,0,0,14,0,0,0,0.000000,0,32000,0,0.000000,131072,0,0.000000,0,0,0
2,host-24,0,0,14,0,0,0,0.000000,0,32000,0,0.000000,131072,0,0.000000,0,0,0
2,host-3,0,0,14,0,0,0,0.000000,0,32000,0,0.000000,131072,0,0.000000,0,0,0
2,host-4,0,0,14,0,0,0,0.000000,0,32000,0,0.000000,131072,0,0.000000,0,0,0
2,host-5,0,0,14,0,0,0,0.000000,0,32000,0,0.000000,131072,0,0.000000,0,0,0
2,host-6,0,0,14,0,0,0,0.000000,0,32000,0,0.000000,131072,0,0.000000,0,0,0
2,host-7,0,0,14,0,0,0,0.000000,0,32000,0,0.000000,131072,0,0.000000,0,0,0
2,host-8,0,0,14,0,0,0,0.000000,0,32000,0,0.000000,131072,0,0.000000,0,0,0
2,host-9,1,1,14,1,1,0,0.044000,0,32000,1408,0.044000,131072,1882,0.014359,1,0,0
3,host-1,1,1,14,1,1,0,0.049281,0,32000,1577,0.049281,131072,1927,0.014702,1,0,0
3,host-10,0,0,14,0,0,0,0.000000,0,32000,0,0.000000,131072,0,0.000000,0,0,0
3,host-11,0,0,14,0,0,0,0.000000,0,32000,0,0.000000,131072,0,0.000000,0,0,0
3,host-12,1,1,14,1,1,0,0.023156,0,32000,741,0.023156,131072,815,0.006218,1,0,0
3,host-13,0,0,14,0,0,0,0.000000,0,32000,0,0.000000,131072,0,0.000000,0,0,0
3,host-14,0,0,14,0,0,0,0.000000,0,32000,0,0.000000,131072,0,0.000000,0,0,0
3,host-15,0,0,14,0,0,0,0.000000,0,32000,0,0.000000,131072,0,0.000000,0,0,0
3,host-16,1,1,14,1,1,0,0.059625,0,32000,1908,0.059625,131072,2224,0.016968,1,0,0
3,host-17,1,1,14,1,1,0,0.057906,0,32000,1853,0.057906,131072,1407,0.010735,1,0,0
3,host-18,0,0,14,0,0,0,0.000000,0,32000,0,0.000000,131072,0,0.000000,0,0,0
3,host-19,1,1,14,1,1,0,0.043344,0,32000,1387,0.043344,131072,874,0.006668,1,0,0
3,host-2,1,1,14,1,1,0,0.066531,0,32000,2129,0.066531,131072,2221,0.016945,1,0,0
3,host-20,0,0,14,0,0,0,0.000000,0,32000,0,0.000000,131072,0,0.000000,0,0,0
3,host-21,0,0,14,0,0,0,0.000000,0,32000,0,0.000000,131072,0,0.000000,0,0,0
3,host-22,1,1,14,1,1,0,0.073781,0,32000,2361,0.073781,131072,2606,0.019882,1,0,0
3,host-23,0,0,14,0,0,0,0.000000,0,32000,0,0.000000,131072,0,0.000000,0,0,0
3,host-24,0,0,14,0,0,0,0.000000,0,32000,0,0.000000,131072,0,0.000000,0,0,0
3,host-3,1,1,14,1,1,0,0.033344,0,32000,1067,0.033344,131072,1016,0.007751,1,0,0
3,host-4,0,0,14,0,0,0,0.000000,0,32000,0,0.000000,131072,0,0.000000,0,0,0
3,host-5,0,0,14,0,0,0,0.000000,0,32000,0,0.000000,131072,0,0.000000,0,0,0
3,host-6,1,1,14,1,1,0,0.060187,0,32000,1926,0.060187,131072,1810,0.013809,1,0,0
3,host-7,0,0,14,0,0,0,0.000000,0,32000,0,0.000000,131072,0,0.000000,0,0,0
3,host-8,1,1,14,1,1,0,0.059437,0,32000,1902,0.059437,131072,2539,0.019371,1,0,0
3,host-9,1,1,14,1,1,0,0.044000,0,32000,1408,0.044000,131072,1882,0.014359,0,1,0
4,host-1,1,1,14,1,1,0,0.049281,0,32000,1577,0.049281,131072,1927,0.014702,1,0,0
4,host-10,0,0,14,0,0,0,0.000000,0,32000,0,0.000000,131072,0,0.000000,0,0,0
4,host-11,0,0,14,0,0,0,0.000000,0,32000,0,0.000000,131072,0,0.000000,0,0,0
4,host-12,1,1,14,1,1,0,0.023156,0,32000,741,0.023156,131072,815,0.006218,1,0,0
4,host-13,0,0,14,0,0,0,0.000000,0,32000,0,0.000000,131072,0,0.000000,0,0,0
4,host-14,0,0,14,0,0,0,0.000000,0,32000,0,0.000000,131072,0,0.000000,0,0,0
4,host-15,0,0,14,0,0,0,0.000000,0,32000,0,0.000000,131072,0,0.000000,0,0,0
4,host-16,1,1,14,1,1,0,0.059625,0,32000,1908,0.059625,131072,2224,0.016968,1,0,0
4,host-17,1,0,14,1,0,0,0.057906,0,32000,1853,0.057906,131072,1407,0.010735,0,0,1
4,host-18,0,0,14,0,0,0,0.000000,0,32000,0,0.000000,131072,0,0.000000,0,0,0
4,host-19,1,0,14,1,0,0,0.043344,0,32000,1387,0.043344,131072,874,0.006668,0,0,1
4,host-2,1,1,14,1,1,0,0.066531,0,32000,2129,0.066531,131072,2221,0.016945,1,0,0
4,host-20,1,1,14,1,1,0,0.049281,0,32000,1577,0.049281,131072,1927,0.014702,1,0,0
4,host-21,0,0,14,0,0,0,0.000000,0,32000,0,0.000000,131072,0,0.000000,0,0,0
4,host-22,1,1,14,1,1,0,0.073781,0,32000,2361,0.073781,131072,2606,0.019882,1,0,0
4,host-23,0,0,14,0,0,0,0.000000,0,32000,0,0.000000,131072,0,0.000000,0,0,0
4,host-24,0,0,14,0,0,0,0.000000,0,32000,0,0.000000,131072,0,0.000000,0,0,0
4,host-3,1,0,14,1,0,0,0.033344,0,32000,1067,0.033344,131072,1016,0.007751,0,0,1
4,host-4,1,1,14,1,1,0,0.048531,0,32000,1553,0.048531,131072,1727,0.013176,1,0,0
4,host-5,0,0,14,0,0,0,0.000000,0,32000,0,0.000000,131072,0,0.000000,0,0,0
4,host-6,1,0,14,1,0,0,0.060187,0,32000,1926,0.060187,131072,1810,0.013809,0,0,1
4,host-7,0,0,14,0,0,0,0.000000,0,32000,0,0.000000,131072,0,0.000000,0,0,0
4,host-8,1,0,14,1,0,0,0.059437,0,32000,1902,0.059437,131072,2539,0.019371,0,0,1
4,host-9,1,0,14,1,0,0,0.044000,0,32000,1408,0.044000,131072,1882,0.014359,0,0,1
5,host-1,1,0,14,1,0,0,0.049281,0,32000,1577,0.049281,131072,1927,0.014702,0,0,1
5,host-10,0,0,14,0,0,0,0.000000,0,32000,0,0.000000,131072,0,0.000000,0,0,0
5,host-11,0,0,14,0,0,0,0.000000,0,32000,0,0.000000,131072,0,0.000000,0,0,0
5,host-12,1,0,14,1,0,0,0.023156,0,32000,741,0.023156,131072,815,0.006218,0,0,1
5,host-13,0,0,14,0,0,0,0.000000,0,32000,0,0.000000,131072,0,0.000000,0,0,0
5,host-14,0,0,14,0,0,0,0.000000,0,32000,0,0.000000,131072,0,0.000000,0,0,0
5,host-15,0,0,14,0,0,0,0.000000,0,32000,0,0.000000,131072,0,0.000000,0,0,0
5,host-16,1,0,14,1,0,0,0.059625,0,32000,1908,0.059625,131072,2224,0.016968,0,0,1
5,host-17,1,1,14,1,1,0,0.057906,0,32000,1853,0.057906,131072,1407,0.010735,0,1,0
5,host-18,0,0,14,0,0,0,0.000000,0,32000,0,0.000000,131072,0,0.000000,0,0,0
5,host-19,1,0,14,1,0,0,0.043344,0,32000,1387,0.043344,131072,874,0.006668,0,0,1
5,host-2,1,0,14,1,0,0,0.066531,0,32000,2129,0.066531,131072,2221,0.016945,0,0,1
5,host-20,1,0,14,1,0,0,0.049281,0,32000,1577,0.049281,131072,1927,0.014702,0,0,1
5,host-21,0,0,14,0,0,0,0.000000,0,32000,0,0.000000,131072,0,0.000000,0,0,0
5,host-22,1,0,14,1,0,0,0.073781,0,32000,2361,0.073781,131072,2606,0.019882,0,0,1
5,host-23,0,0,14,0,0,0,0.000000,0,32000,0,0.000000,131072,0,0.000000,0,0,0
5,host-24,1,1,14,1,1,0,0.061531,0,32000,1969,0.061531,131072,2257,0.017220,1,0,0
5,host-3,1,0,14,1,0,0,0.033344,0,32000,1067,0.033344,131072,1016,0.007751,0,0,1
5,host-4,1,0,14,1,0,0,0.048531,0,32000,1553,0.048531,131072,1727,0.013176,0,0,1
5,host-5,0,0,14,0,0,0,0.000000,0,32000,0,0.000000,131072,0,0.000000,0,0,0
5,host-6,1,0,14,1,0,0,0.060187,0,32000,1926,0.060187,131072,1810,0.013809,0,0,1
5,host-7,0,0,14,0,0,0,0.000000,0,32000,0,0.000000,131072,0,0.000000,0,0,0
5,host-8,1,0,14,1,0,0,0.059437,0,32000,1902,0.059437,131072,2539,0.019371,0,0,1
5,host-9,1,0,14,1,0,0,0.044000,0,32000,1408,0.044000,131072,1882,0.014359,0,0,1
6,host-1,1,0,14,1,0,0,0.049281,0,32000,1577,0.049281,131072,1927,0.014702,0,0,1
6,host-10,0,0,14,0,0,0,0.000000,0,32000,0,0.000000,131072,0,0.000000,0,0,0
6,host-11,0,0,14,0,0,0,0.000000,0,32000,0,0.000000,131072,0,0.000000,0,0,0
6,host-12,1,0,14,1,0,0,0.023156,0,32000,741,0.023156,131072,815,0.006218,0,0,1
6,host-13,0,0,14,0,0,0,0.000000,0,32000,0,0.000000,131072,0,0.000000,0,0,0
6,host-14,0,0,14,0,0,0,0.000000,0,32000,0,0.000000,131072,0,0.000000,0,0,0
6,host-15,0,0,14,0,0,0,0.000000,0,32000,0,0.000000,131072,0,0.000000,0,0,0
6,host-16,1,0,14,1,0,0,0.059625,0,32000,1908,0.059625,131072,2224,0.016968,0,0,1
6,host-17,1,0,14,1,0,0,0.057906,0,32000,1853,0.057906,131072,1407,0.010735,0,0,1
6,host-18,0,0,14,0,0,0,0.000000,0,32000,0,0.000000,131072,0,0.000000,0,0,0
6,host-19,1,0,14,1,0,0,0.043344,0,32000,1387,0.043344,131072,874,0.006668,0,0,1
6,host-2,1,0,14,1,0,0,0.066531,0,32000,2129,0.066531,131072,2221,0.016945,0,0,1
6,host-20,1,0,14,1,0,0,0.049281,0,32000,1577,0.049281,131072,1927,0.014702,0,0,1
6,host-21,1,1,14,1,1,0,0.048469,0,32000,1551,0.048469,131072,2231,0.017021,1,0,0
6,host-22,1,0,14,1,0,0,0.073781,0,32000,2361,0.073781,131072,2606,0.019882,0,0,1
6,host-23,0,0,14,0,0,0,0.000000,0,32000,0,0.000000,131072,0,0.000000,0,0,0
6,host-24,1,1,14,1,1,0,0.061531,0,32000,1969,0.061531,131072,2257,0.017220,0,1,0
6,host-3,1,0,14,1,0,0,0.033344,0,32000,1067,0.033344,131072,1016,0.007751,0,0,1
6,host-4,1,0,14,1,0,0,0.048531,0,32000,1553,0.048531,131072,1727,0.013176,0,0,1
6,host-5,0,0,14,0,0,0,0.000000,0,32000,0,0.000000,131072,0,0.000000,0,0,0
6,host-6,1,0,14,1,0,0,0.060187,0,32000,1926,0.060187,131072,1810,0.013809,0,0,1
6,host-7,0,0,14,0,0,0,0.000000,0,32000,0,0.000000,131072,0,0.000000,0,0,0
6,host-8,1,0,14,1,0,0,0.059437,0,32000,1902,0.059437,131072,2539,0.019371,0,0,1
6,host-9,1,0,14,1,0,0,0.044000,0,32000,1408,0.044000,131072,1882,0.014359,0,0,1
7,host-1,1,0,14,1,0,0,0.049281,0,32000,1577,0.049281,131072,1927,0.014702,0,0,1
7,host-10,0,0,14,0,0,0,0.000000,0,32000,0,0.000000,131072,0,0.000000,0,0,0
7,host-11,0,0,14,0,0,0,0.000000,0,32000,0,0.000000,131072,0,0.000000,0,0,0
7,host-12,1,0,14,1,0,0,0.023156,0,32000,741,0.023156,131072,815,0.006218,0,0,1
7,host-13,0,0,14,0,0,0,0.000000,0,32000,0,0.000000,131072,0,0.000000,0,0,0
7,host-14,0,0,14,0,0,0,0.000000,0,32000,0,0.000000,131072,0,0.000000,0,0,0
7,host-15,1,1,14,1,1,0,0.048469,0,32000,1551,0.048469,131072,2231,0.017021,1,0,0
7,host-16,1,0,14,1,0,0,0.059625,0,32000,1908,0.059625,131072,2224,0.016968,0,0,1
7,host-17,1,0,14,1,0,0,0.057906,0,32000,1853,0.057906,131072,1407,0.010735,0,0,1
7,host-18,0,0,14,0,0,0,0.000000,0,32000,0,0.000000,131072,0,0.000000,0,0,0
7,host-19,1,0,14,1,0,0,0.043344,0,32000,1387,0.043344,131072,874,0.006668,0,0,1
7,host-2,1,0,14,1,0,0,0.066531,0,32000,2129,0.066531,131072,2221,0.016945,0,0,1
7,host-20,1,0,14,1,0,0,0.049281,0,32000,1577,0.049281,131072,1927,0.014702,0,0,1
7,host-21,1,0,14,1,0,0,0.048469,0,32000,1551,0.048469,131072,2231,0.017021,0,0,1
7,host-22,1,0,14,1,0,0,0.073781,0,32000,2361,0.073781,131072,2606,0.019882,0,0,1
7,host-23,0,0,14,0,0,0,0.000000,0,32000,0,0.000000,131072,0,0.000000,0,0,0
7,host-24,1,0,14,1,0,0,0.061531,0,32000,1969,0.061531,131072,2257,0.017220,0,0,1
7,host-3,1,0,14,1,0,0,0.033344,0,32000,1067,0.033344,131072,1016,0.007751,0,0,1
7,host-4,1,0,14,1,0,0,0.048531,0,32000,1553,0.048531,131072,1727,0.013176,0,0,1
7,host-5,1,1,14,1,1,0,0.056438,0,32000,1806,0.056438,131072,2124,0.016205,1,0,0
7,host-6,1,0,14,1,0,0,0.060187,0,32000,1926,0.060187,131072,1810,0.013809,0,0,1
7,host-7,0,0,14,0,0,0,0.000000,0,32000,0,0.000000,131072,0,0.000000,0,0,0
7,host-8,1,0,14,1,0,0,0.059437,0,32000,1902,0.059437,131072,2539,0.019371,0,0,1
7,host-9,1,0,14,1,0,0,0.044000,0,32000,1408,0.044000,131072,1882,0.014359,0,0,1
8,host-1,1,0,14,1,0,0,0.049281,0,32000,1577,0.049281,131072,1927,0.014702,0,0,1
8,host-10,0,0,14,0,0,0,0.000000,0,32000,0,0.000000,131072,0,0.000000,0,0,0
8,host-11,1,1,14,1,1,0,0.030406,0,32000,973,0.030406,131072,1558,0.011887,1,0,0
8,host-12,1,0,14,1,0,0,0.023156,0,32000,741,0.023156,131072,815,0.006218,0,0,1
8,host-13,1,1,14,1,1,0,0.027250,0,32000,872,0.027250,131072,872,0.006653,1,0,0
8,host-14,0,0,14,0,0,0,0.000000,0,32000,0,0.000000,131072,0,0.000000,0,0,0
8,host-15,1,0,14,1,0,0,0.048469,0,32000,1551,0.048469,131072,2231,0.017021,0,0,1
8,host-16,1,0,14,1,0,0,0.059625,0,32000,1908,0.059625,131072,2224,0.016968,0,0,1
8,host-17,1,0,14,1,0,0,0.057906,0,32000,1853,0.057906,131072,1407,0.010735,0,0,1
8,host-18,0,0,14,0,0,0,0.000000,0,32000,0,0.000000,131072,0,0.000000,0,0,0
8,host-19,1,0,14,1,0,0,0.043344,0,32000,1387,0.043344,131072,874,0.006668,0,0,1
8,host-2,1,0,14,1,0,0,0.066531,0,32000,2129,0.066531,131072,2221,0.016945,0,0,1
8,host-20,1,0,14,1,0,0,0.049281,0,32000,1577,0.049281,131072,1927,0.014702,0,0,1
8,host-21,1,0,14,1,0,0,0.048469,0,32000,1551,0.048469,131072,2231,0.017021,0,0,1
8,host-22,1,0,14,1,0,0,0.073781,0,32000,2361,0.073781,131072,2606,0.019882,0,0,1
8,host-23,0,0,14,0,0,0,0.000000,0,32000,0,0.000000,131072,0,0.000000,0,0,0
8,host-24,1,0,14,1,0,0,0.061531,0,32000,1969,0.061531,131072,2257,0.017220,0,0,1
8,host-3,1,0,14,1,0,0,0.033344,0,32000,1067,0.033344,131072,1016,0.007751,0,0,1
8,host-4,1,0,14,1,0,0,0.048531,0,32000,1553,0.048531,131072,1727,0.013176,0,0,1
8,host-5,1,0,14,1,0,0,0.056438,0,32000,1806,0.056438,131072,2124,0.016205,0,0,1
8,host-6,1,0,14,1,0,0,0.060187,0,32000,1926,0.060187,131072,1810,0.013809,0,0,1
8,host-7,0,0,14,0,0,0,0.000000,0,32000,0,0.000000,131072,0,0.000000,0,0,0
8,host-8,1,0,14,1,0,0,0.059437,0,32000,1902,0.059437,131072,2539,0.019371,0,0,1
8,host-9,1,0,14,1,0,0,0.044000,0,32000,1408,0.044000,131072,1882,0.014359,0,0,1
9,host-1,1,0,14,1,0,0,0.049281,0,32000,1577,0.049281,131072,1927,0.014702,0,0,1
9,host-10,1,1,14,1,1,0,0.025969,0,32000,831,0.025969,131072,1049,0.008003,1,0,0
9,host-11,1,1,14,1,1,0,0.030406,0,32000,973,0.030406,131072,1558,0.011887,0,1,0
9,host-12,1,0,14,1,0,0,0.023156,0,32000,741,0.023156,131072,815,0.006218,0,0,1
9,host-13,1,0,14,1,0,0,0.027250,0,32000,872,0.027250,131072,872,0.006653,0,0,1
9,host-14,1,1,14,1,1,0,0.072156,0,32000,2309,0.072156,131072,2949,0.022499,1,0,0
9,host-15,1,0,14,1,0,0,0.048469,0,32000,1551,0.048469,131072,2231,0.017021,0,0,1
9,host-16,1,0,14,1,0,0,0.059625,0,32000,1908,0.059625,131072,2224,0.016968,0,0,1
9,host-17,1,0,14,1,0,0,0.057906,0,32000,1853,0.057906,131072,1407,0.010735,0,0,1
9,host-18,1,1,14,1,1,0,0.029562,0,32000,946,0.029562,131072,1015,0.007744,1,0,0
9,host-19,1,0,14,1,0,0,0.043344,0,32000,1387,0.043344,131072,874,0.006668,0,0,1
9,host-2,1,0,14,1,0,0,0.066531,0,32000,2129,0.066531,131072,2221,0.016945,0,0,1
9,host-20,1,0,14,1,0,0,0.049281,0,32000,1577,0.049281,131072,1927,0.014702,0,0,1
9,host-21,1,0,14,1,0,0,0.048469,0,32000,1551,0.048469,131072,2231,0.017021,0,0,1
9,host-22,1,0,14,1,0,0,0.073781,0,32000,2361,0.073781,131072,2606,0.019882,0,0,1
9,host-23,1,1,14,1,1,0,0.051437,0,32000,1646,0.051437,131072,1241,0.009468,1,0,0
9,host-24,1,0,14,1,0,0,0.061531,0,32000,1969,0.061531,131072,2257,0.017220,0,0,1
9,host-3,1,0,14,1,0,0,0.033344,0,32000,1067,0.033344,131072,1016,0.007751,0,0,1
9,host-4,1,0,14,1,0,0,0.048531,0,32000,1553,0.048531,131072,1727,0.013176,0,0,1
9,host-5,1,0,14,1,0,0,0.056438,0,32000,1806,0.056438,131072,2124,0.016205,0,0,1
9,host-6,1,0,14,1,0,0,0.060187,0,32000,1926,0.060187,131072,1810,0.013809,0,0,1
9,host-7,1,1,14,1,1,0,0.031844,0,32000,1019,0.031844,131072,563,0.004295,1,0,0
9,host-8,1,0,14,1,0,0,0.059437,0,32000,1902,0.059437,131072,2539,0.019371,0,0,1
9,host-9,1,0,14,1,0,0,0.044000,0,32000,1408,0.044000,131072,1882,0.014359,0,0,1
10,host-1,1,0,14,1,0,0,0.049281,0,32000,1577,0.049281,131072,1927,0.014702,0,0,1
10,host-10,2,1,14,2,1,0,0.055531,0,32000,1777,0.055531,131072,2064,0.015747,1,0,1
10,host-11,1,0,14,1,0,0,0.030406,0,32000,973,0.030406,131072,1558,0.011887,0,0,1
10,host-12,2,0,14,2,0,0,0.049125,0,32000,1572,0.049125,131072,1864,0.014221,0,0,2
10,host-13,1,0,14,1,0,0,0.027250,0,32000,872,0.027250,131072,872,0.006653,0,0,1
10,host-14,1,0,14,1,0,0,0.072156,0,32000,2309,0.072156,131072,2949,0.022499,0,0,1
10,host-15,1,0,14,1,0,0,0.048469,0,32000,1551,0.048469,131072,2231,0.017021,0,0,1
10,host-16,1,0,14,1,0,0,0.059625,0,32000,1908,0.059625,131072,2224,0.016968,0,0,1
10,host-17,1,0,14,1,0,0,0.057906,0,32000,1853,0.057906,131072,1407,0.010735,0,0,1
10,host-18,1,1,14,1,1,0,0.029562,0,32000,946,0.029562,131072,1015,0.007744,1,0,0
10,host-19,1,0,14,1,0,0,0.043344,0,32000,1387,0.043344,131072,874,0.006668,0,0,1
10,host-2,1,0,14,1,0,0,0.066531,0,32000,2129,0.066531,131072,2221,0.016945,0,0,1
10,host-20,1,0,14,1,0,0,0.049281,0,32000,1577,0.049281,131072,1927,0.014702,0,0,1
10,host-21,1,0,14,1,0,0,0.048469,0,32000,1551,0.048469,131072,2231,0.017021,0,0,1
10,host-22,1,0,14,1,0,0,0.073781,0,32000,2361,0.073781,131072,2606,0.019882,0,0,1
10,host-23,1,1,14,1,1,0,0.051437,0,32000,1646,0.051437,131072,1241,0.009468,1,0,0
10,host-24,1,0,14,1,0,0,0.061531,0,32000,1969,0.061531,131072,2257,0.017220,0,0,1
10,host-3,1,0,14,1,0,0,0.033344,0,32000,1067,0.033344,131072,1016,0.007751,0,0,1
10,host-4,1,0,14,1,0,0,0.048531,0,32000,1553,0.048531,131072,1727,0.013176,0,0,1
10,host-5,1,0,14,1,0,0,0.056438,0,32000,1806,0.056438,131072,2124,0.016205,0,0,1
10,host-6,1,0,14,1,0,0,0.060187,0,32000,1926,0.060187,131072,1810,0.013809,0,0,1
10,host-7,1,1,14,1,1,0,0.031844,0,32000,1019,0.031844,131072,563,0.004295,0,1,0
10,host-8,1,0,14,1,0,0,0.059437,0,32000,1902,0.059437,131072,2539,0.019371,0,0,1
10,host-9,1,0,14,1,0,0,0.044000,0,32000,1408,0.044000,131072,1882,0.014359,0,0,1
11,host-1,1,0,14,1,0,0,0.049281,0,32000,1577,0.049281,131072,1927,0.014702,0,0,1
11,host-10,2,1,14,2,1,0,0.055531,0,32000,1777,0.055531,131072,2064,0.015747,0,1,1
11,host-11,1,0,14,1,0,0,0.030406,0,32000,973,0.030406,131072,1558,0.011887,0,0,1
11,host-12,2,0,14,2,0,0,0.049125,0,32000,1572,0.049125,131072,1864,0.014221,0,0,2
11,host-13,2,1,14,2,1,0,0.078687,0,32000,2518,0.078687,131072,2113,0.016121,1,0,1
11,host-14,1,0,14,1,0,0,0.072156,0,32000,2309,0.072156,131072,2949,0.022499,0,0,1
11,host-15,1,0,14,1,0,0,0.048469,0,32000,1551,0.048469,131072,2231,0.017021,0,0,1
11,host-16,1,0,14,1,0,0,0.059625,0,32000,1908,0.059625,131072,2224,0.016968,0,0,1
11,host-17,1,0,14,1,0,0,0.057906,0,32000,1853,0.057906,131072,1407,0.010735,0,0,1
11,host-18,1,0,14,1,0,0,0.029562,0,32000,946,0.029562,131072,1015,0.007744,0,0,1
11,host-19,1,0,14,1,0,0,0.043344,0,32000,1387,0.043344,131072,874,0.006668,0,0,1
11,host-2,1,0,14,1,0,0,0.066531,0,32000,2129,0.066531,131072,2221,0.016945,0,0,1
11,host-20,1,0,14,1,0,0,0.049281,0,32000,1577,0.049281,131072,1927,0.014702,0,0,1
11,host-21,1,0,14,1,0,0,0.048469,0,32000,1551,0.048469,131072,2231,0.017021,0,0,1
11,host-22,1,0,14,1,0,0,0.073781,0,32000,2361,0.073781,131072,2606,0.019882,0,0,1
11,host-23,1,0,14,1,0,0,0.051437,0,32000,1646,0.051437,131072,1241,0.009468,0,0,1
11,host-24,1,0,14,1,0,0,0.061531,0,32000,1969,0.061531,131072,2257,0.017220,0,0,1
11,host-3,1,0,14,1,0,0,0.033344,0,32000,1067,0.033344,131072,1016,0.007751,0,0,1
11,host-4,1,0,14,1,0,0,0.048531,0,32000,1553,0.048531,131072,1727,0.013176,0,0,1
11,host-5,1,0,14,1,0,0,0.056438,0,32000,1806,0.056438,131072,2124,0.016205,0,0,1
11,host-6,1,0,14,1,0,0,0.060187,0,32000,1926,0.060187,131072,1810,0.013809,0,0,1
11,host-7,1,0,14,1,0,0,0.031844,0,32000,1019,0.031844,131072,563,0.004295,0,0,1
11,host-8,1,0,14,1,0,0,0.059437,0,32000,1902,0.059437,131072,2539,0.019371,0,0,1
11,host-9,1,0,14,1,0,0,0.044000,0,32000,1408,0.044000,131072,1882,0.014359,0,0,1
12,host-1,1,0,14,1,0,0,0.049281,0,32000,1577,0.049281,131072,1927,0.014702,0,0,1
12,host-10,2,0,14,2,0,0,0.055531,0,32000,1777,0.055531,131072,2064,0.015747,0,0,2
12,host-11,2,1,14,2,1,0,0.068750,0,32000,2200,0.068750,131072,2462,0.018784,1,0,1
12,host-12,2,0,14,2,0,0,0.049125,0,32000,1572,0.049125,131072,1864,0.014221,0,0,2
12,host-13,2,0,14,2,0,0,0.078687,0,32000,2518,0.078687,131072,2113,0.016121,0,0,2
12,host-14,1,0,14,1,0,0,0.072156,0,32000,2309,0.072156,131072,2949,0.022499,0,0,1
12,host-15,1,0,14,1,0,0,0.048469,0,32000,1551,0.048469,131072,2231,0.017021,0,0,1
12,host-16,1,0,14,1,0,0,0.059625,0,32000,1908,0.059625,131072,2224,0.016968,0,0,1
12,host-17,1,0,14,1,0,0,0.057906,0,32000,1853,0.057906,131072,1407,0.010735,0,0,1
12,host-18,2,1,14,2,1,0,0.073344,0,32000,2347,0.073344,131072,1761,0.013435,1,0,1
12,host-19,1,0,14,1,0,0,0.043344,0,32000,1387,0.043344,131072,874,0.006668,0,0,1
12,host-2,1,0,14,1,0,0,0.066531,0,32000,2129,0.066531,131072,2221,0.016945,0,0,1
12,host-20,1,0,14,1,0,0,0.049281,0,32000,1577,0.049281,131072,1927,0.014702,0,0,1
12,host-21,1,0,14,1,0,0,0.048469,0,32000,1551,0.048469,131072,2231,0.017021,0,0,1
12,host-22,1,0,14,1,0,0,0.073781,0,32000,2361,0.073781,131072,2606,0.019882,0,0,1
12,host-23,1,0,14,1,0,0,0.051437,0,32000,1646,0.051437,131072,1241,0.009468,0,0,1
12,host-24,1,0,14,1,0,0,0.061531,0,32000,1969,0.061531,131072,2257,0.017220,0,0,1
12,host-3,1,0,14,1,0,0,0.033344,0,32000,1067,0.033344,131072,1016,0.007751,0,0,1
12,host-4,1,0,14,1,0,0,0.048531,0,32000,1553,0.048531,131072,1727,0.013176,0,0,1
12,host-5,1,0,14,1,0,0,0.056438,0,32000,1806,0.056438,131072,2124,0.016205,0,0,1
12,host-6,1,0,14,1,0,0,0.060187,0,32000,1926,0.060187,131072,1810,0.013809,0,0,1
12,host-7,1,0,14,1,0,0,0.031844,0,32000,1019,0.031844,131072,563,0.004295,0,0,1
12,host-8,1,0,14,1,0,0,0.059437,0,32000,1902,0.059437,131072,2539,0.019371,0,0,1
12,host-9,1,0,14,1,0,0,0.044000,0,32000,1408,0.044000,131072,1882,0.014359,0,0,1
13,host-1,1,0,14,1,0,0,0.049281,0,32000,1577,0.049281,131072,1927,0.014702,0,0,1
13,host-10,2,0,14,2,0,0,0.055531,0,32000,1777,0.055531,131072,2064,0.015747,0,0,2
13,host-11,2,1,14,2,1,0,0.068750,0,32000,2200,0.068750,131072,2462,0.018784,1,0,1
13,host-12,2,0,14,2,0,0,0.049125,0,32000,1572,0.049125,131072,1864,0.014221,0,0,2
13,host-13,2,0,14,2,0,0,0.078687,0,32000,2518,0.078687,131072,2113,0.016121,0,0,2
13,host-14,1,0,14,1,0,0,0.072156,0,32000,2309,0.072156,131072,2949,0.022499,0,0,1
13,host-15,1,0,14,1,0,0,0.048469,0,32000,1551,0.048469,131072,2231,0.017021,0,0,1
13,host-16,1,0,14,1,0,0,0.059625,0,32000,1908,0.059625,131072,2224,0.016968,0,0,1
13,host-17,1,0,14,1,0,0,0.057906,0,32000,1853,0.057906,131072,1407,0.010735,0,0,1
13,host-18,2,1,14,2,1,0,0.073344,0,32000,2347,0.073344,131072,1761,0.013435,1,0,1
13,host-19,1,0,14,1,0,0,0.043344,0,32000,1387,0.043344,131072,874,0.006668,0,0,1
13,host-2,1,0,14,1,0,0,0.066531,0,32000,2129,0.066531,131072,2221,0.016945,0,0,1
13,host-20,1,0,14,1,0,0,0.049281,0,32000,1577,0.049281,131072,1927,0.014702,0,0,1
13,host-21,1,0,14,1,0,0,0.048469,0,32000,1551,0.048469,131072,2231,0.017021,0,0,1
13,host-22,1,0,14,1,0,0,0.073781,0,32000,2361,0.073781,131072,2606,0.019882,0,0,1
13,host-23,1,0,14,1,0,0,0.051437,0,32000,1646,0.051437,131072,1241,0.009468,0,0,1
13,host-24,1,0,14,1,0,0,0.061531,0,32000,1969,0.061531,131072,2257,0.017220,0,0,1
13,host-3,1,0,14,1,0,0,0.033344,0,32000,1067,0.033344,131072,1016,0.007751,0,0,1
13,host-4,1,0,14,1,0,0,0.048531,0,32000,1553,0.048531,131072,1727,0.013176,0,0,1
13,host-5,1,0,14,1,0,0,0.056438,0,32000,1806,0.056438,131072,2124,0.016205,0,0,1
13,host-6,1,0,14,1,0,0,0.060187,0,32000,1926,0.060187,131072,1810,0.013809,0,0,1
13,host-7,1,0,14,1,0,0,0.031844,0,32000,1019,0.031844,131072,563,0.004295,0,0,1
13,host-8,1,0,14,1,0,0,0.059437,0,32000,1902,0.059437,131072,2539,0.019371,0,0,1
13,host-9,1,0,14,1,0,0,0.044000,0,32000,1408,0.044000,131072,1882,0.014359,0,0,1
14,host-1,1,0,14,1,0,0,0.049281,0,32000,1577,0.049281,131072,1927,0.014702,0,0,1
14,host-10,2,0,14,2,0,0,0.055531,0,32000,1777,0.055531,131072,2064,0.015747,0,0,2
14,host-11,2,0,14,2,0,0,0.068750,0,32000,2200,0.068750,131072,2462,0.018784,0,0,2
14,host-12,2,0,14,2,0,0,0.049125,0,32000,1572,0.049125,131072,1864,0.014221,0,0,2
14,host-13,2,0,14,2,0,0,0.078687,0,32000,2518,0.078687,131072,2113,0.016121,0,0,2
14,host-14,1,0,14,1,0,0,0.072156,0,32000,2309,0.072156,131072,2949,0.022499,0,0,1
14,host-15,1,0,14,1,0,0,0.048469,0,32000,1551,0.048469,131072,2231,0.017021,0,0,1
14,host-16,1,0,14,1,0,0,0.059625,0,32000,1908,0.059625,131072,2224,0.016968,0,0,1
14,host-17,1,0,14,1,0,0,0.057906,0,32000,1853,0.057906,131072,1407,0.010735,0,0,1
14,host-18,2,0,14,2,0,0,0.073344,0,32000,2347,0.073344,131072,1761,0.013435,0,0,2
14,host-19,1,0,14,1,0,0,0.043344,0,32000,1387,0.043344,131072,874,0.006668,0,0,1
14,host-2,1,0,14,1,0,0,0.066531,0,32000,2129,0.066531,131072,2221,0.016945,0,0,1
14,host-20,1,0,14,1,0,0,0.049281,0,32000,1577,0.049281,131072,1927,0.014702,0,0,1
14,host-21,1,0,14,1,0,0,0.048469,0,32000,1551,0.048469,131072,2231,0.017021,0,0,1
14,host-22,1,0,14,1,0,0,0.073781,0,32000,2361,0.073781,131072,2606,0.019882,0,0,1
14,host-23,1,0,14,1,0,0,0.051437,0,32000,1646,0.051437,131072,1241,0.009468,0,0,1
14,host-24,1,0,14,1,0,0,0.061531,0,32000,1969,0.061531,131072,2257,0.017220,0,0,1
14,host-3,2,1,14,2,1,0,0.110562,0,32000,3538,0.110562,131072,3314,0.025284,1,0,1
14,host-4,1,0,14,1,0,0,0.048531,0,32000,1553,0.048531,131072,1727,0.013176,0,0,1
14,host-5,1,0,14,1,0,0,0.056438,0,32000,1806,0.056438,131072,2124,0.016205,0,0,1
14,host-6,1,0,14,1,0,0,0.060187,0,32000,1926,0.060187,131072,1810,0.013809,0,0,1
14,host-7,2,1,14,2,1,0,0.102938,0,32000,3294,0.102938,131072,2877,0.021950,0,1,1
14,host-8,1,0,14,1,0,0,0.059437,0,32000,1902,0.059437,131072,2539,0.019371,0,0,1
14,host-9,1,0,14,1,0,0,0.044000,0,32000,1408,0.044000,131072,1882,0.014359,0,0,1
15,host-1,3,2,14,3,2,0,0.143406,0,32000,4589,0.143406,131072,4679,0.035698,2,0,1
15,host-10,3,1,14,3,1,0,0.100719,0,32000,3223,0.100719,131072,3508,0.026764,1,0,2
15,host-11,3,1,14,3,1,0,0.094875,0,32000,3036,0.094875,131072,2953,0.022530,1,0,2
15,host-12,3,1,14,3,1,0,0.099406,0,32000,3181,0.099406,131072,3393,0.025887,1,0,2
15,host-13,3,1,14,3,1,0,0.109594,0,32000,3507,0.109594,131072,3144,0.023987,1,0,2
15,host-14,2,1,14,2,1,0,0.104656,0,32000,3349,0.104656,131072,3801,0.028999,1,0,1
15,host-15,2,1,14,2,1,0,0.114844,0,32000,3675,0.114844,131072,4615,0.035210,1,0,1
15,host-16,3,2,14,3,2,0,0.143344,0,32000,4587,0.143344,131072,4198,0.032028,2,0,1
15,host-17,2,1,14,2,1,0,0.132031,0,32000,4225,0.132031,131072,3784,0.028870,1,0,1
15,host-18,3,1,14,3,1,0,0.137656,0,32000,4405,0.137656,131072,3150,0.024033,1,0,2
15,host-19,2,1,14,2,1,0,0.095906,0,32000,3069,0.095906,131072,2627,0.020042,1,0,1
15,host-2,2,1,14,2,1,0,0.130500,0,32000,4176,0.130500,131072,4573,0.034889,1,0,1
15,host-20,2,1,14,2,1,0,0.093781,0,32000,3001,0.093781,131072,3075,0.023460,1,0,1
15,host-21,3,2,14,3,2,0,0.126156,0,32000,4037,0.126156,131072,4545,0.034676,2,0,1
15,host-22,2,1,14,2,1,0,0.145187,0,32000,4646,0.145187,131072,5174,0.039474,1,0,1
15,host-23,2,1,14,2,1,0,0.099812,0,32000,3194,0.099812,131072,2284,0.017426,1,0,1
15,host-24,2,1,14,2,1,0,0.140625,0,32000,4500,0.140625,131072,4739,0.036156,1,0,1
15,host-3,2,0,14,2,0,0,0.110562,0,32000,3538,0.110562,131072,3314,0.025284,0,0,2
15,host-4,2,1,14,2,1,0,0.106438,0,32000,3406,0.106438,131072,3125,0.023842,1,0,1
15,host-5,2,1,14,2,1,0,0.118625,0,32000,3796,0.118625,131072,4001,0.030525,1,0,1
15,host-6,2,1,14,2,1,0,0.095000,0,32000,3040,0.095000,131072,3346,0.025528,1,0,1
15,host-7,2,1,14,2,1,0,0.102938,0,32000,3294,0.102938,131072,2877,0.021950,0,1,1
15,host-8,2,1,14,2,1,0,0.123500,0,32000,3952,0.123500,131072,5225,0.039864,1,0,1
15,host-9,3,2,14,3,2,0,0.126062,0,32000,4034,0.126062,131072,4962,0.037857,2,0,1
16,host-1,3,1,14,3,1,0,0.143406,0,32000,4589,0.143406,131072,4679,0.035698,1,0,2
16,host-10,3,0,14,3,0,0,0.100719,0,32000,3223,0.100719,131072,3508,0.026764,0,0,3
16,host-11,4,2,14,4,2,0,0.145687,0,32000,4662,0.145687,131072,4536,0.034607,2,0,2
16,host-12,3,1,14,3,1,0,0.099406,0,32000,3181,0.099406,131072,3393,0.025887,1,0,2
16,host-13,3,0,14,3,0,0,0.109594,0,32000,3507,0.109594,131072,3144,0.023987,0,0,3
16,host-14,2,0,14,2,0,0,0.104656,0,32000,3349,0.104656,131072,3801,0.028999,0,0,2
16,host-15,2,1,14,2,1,0,0.114844,0,32000,3675,0.114844,131072,4615,0.035210,1,0,1
16,host-16,3,1,14,3,1,0,0.143344,0,32000,4587,0.143344,131072,4198,0.032028,1,0,2
16,host-17,2,1,14,2,1,0,0.132031,0,32000,4225,0.132031,131072,3784,0.028870,1,0,1
16,host-18,3,0,14,3,0,0,0.137656,0,32000,4405,0.137656,131072,3150,0.024033,0,0,3
16,host-19,2,0,14,2,0,0,0.095906,0,32000,3069,0.095906,131072,2627,0.020042,0,0,2
16,host-2,2,0,14,2,0,0,0.130500,0,32000,4176,0.130500,131072,4573,0.034889,0,0,2
16,host-20,3,1,14,3,1,0,0.139750,0,32000,4472,0.139750,131072,3779,0.028831,0,1,2
16,host-21,3,1,14,3,1,0,0.126156,0,32000,4037,0.126156,131072,4545,0.034676,1,0,2
16,host-22,2,1,14,2,1,0,0.145187,0,32000,4646,0.145187,131072,5174,0.039474,1,0,1
16,host-23,2,1,14,2,1,0,0.099812,0,32000,3194,0.099812,131072,2284,0.017426,1,0,1
16,host-24,2,0,14,2,0,0,0.140625,0,32000,4500,0.140625,131072,4739,0.036156,0,0,2
16,host-3,2,0,14,2,0,0,0.110562,0,32000,3538,0.110562,131072,3314,0.025284,0,0,2
16,host-4,2,0,14,2,0,0,0.106438,0,32000,3406,0.106438,131072,3125,0.023842,0,0,2
16,host-5,2,0,14,2,0,0,0.118625,0,32000,3796,0.118625,131072,4001,0.030525,0,0,2
16,host-6,2,0,14,2,0,0,0.095000,0,32000,3040,0.095000,131072,3346,0.025528,0,0,2
16,host-7,2,0,14,2,0,0,0.102938,0,32000,3294,0.102938,131072,2877,0.021950,0,0,2
16,host-8,2,0,14,2,0,0,0.123500,0,32000,3952,0.123500,131072,5225,0.039864,0,0,2
16,host-9,3,0,14,3,0,0,0.126062,0,32000,4034,0.126062,131072,4962,0.037857,0,0,3
17,host-1,3,0,14,3,0,0,0.143406,0,32000,4589,0.143406,131072,4679,0.035698,0,0,3
17,host-10,3,0,14,3,0,0,0.100719,0,32000,3223,0.100719,131072,3508,0.026764,0,0,3
17,host-11,4,0,14,4,0,0,0.145687,0,32000,4662,0.145687,131072,4536,0.034607,0,0,4
17,host-12,3,0,14,3,0,0,0.099406,0,32000,3181,0.099406,131072,3393,0.025887,0,0,3
17,host-13,3,0,14,3,0,0,0.109594,0,32000,3507,0.109594,131072,3144,0.023987,0,0,3
17,host-14,2,0,14,2,0,0,0.104656,0,32000,3349,0.104656,131072,3801,0.028999,0,0,2
17,host-15,2,0,14,2,0,0,0.114844,0,32000,3675,0.114844,131072,4615,0.035210,0,0,2
17,host-16,3,0,14,3,0,0,0.143344,0,32000,4587,0.143344,131072,4198,0.032028,0,0,3
17,host-17,2,0,14,2,0,0,0.132031,0,32000,4225,0.132031,131072,3784,0.028870,0,0,2
17,host-18,3,0,14,3,0,0,0.137656,0,32000,4405,0.137656,131072,3150,0.024033,0,0,3
17,host-19,3,1,14,3,1,0,0.122781,0,32000,3929,0.122781,131072,3158,0.024094,1,0,2
17,host-2,2,0,14,2,0,0,0.130500,0,32000,4176,0.130500,131072,4573,0.034889,0,0,2
17,host-20,3,0,14,3,0,0,0.139750,0,32000,4472,0.139750,131072,3779,0.028831,0,0,3
17,host-21,3,0,14,3,0,0,0.126156,0,32000,4037,0.126156,131072,4545,0.034676,0,0,3
17,host-22,2,0,14,2,0,0,0.145187,0,32000,4646,0.145187,131072,5174,0.039474,0,0,2
17,host-23,2,0,14,2,0,0,0.099812,0,32000,3194,0.099812,131072,2284,0.017426,0,0,2
17,host-24,2,0,14,2,0,0,0.140625,0,32000,4500,0.140625,131072,4739,0.036156,0,0,2
17,host-3,2,0,14,2,0,0,0.110562,0,32000,3538,0.110562,131072,3314,0.025284,0,0,2
17,host-4,2,0,14,2,0,0,0.106438,0,32000,3406,0.106438,131072,3125,0.023842,0,0,2
17,host-5,2,0,14,2,0,0,0.118625,0,32000,3796,0.118625,131072,4001,0.030525,0,0,2
17,host-6,3,1,14,3,1,0,0.145937,0,32000,4670,0.145937,131072,4879,0.037224,1,0,2
17,host-7,2,0,14,2,0,0,0.102938,0,32000,3294,0.102938,131072,2877,0.021950,0,0,2
17,host-8,2,0,14,2,0,0,0.123500,0,32000,3952,0.123500,131072,5225,0.039864,0,0,2
17,host-9,3,0,14,3,0,0,0.126062,0,32000,4034,0.126062,131072,4962,0.037857,0,0,3
18,host-1,3,0,14,3,0,0,0.143406,0,32000,4589,0.143406,131072,4679,0.035698,0,0,3
18,host-10,4,1,14,4,1,0,0.159062,0,32000,5090,0.159062,131072,4696,0.035828,1,0,3
18,host-11,4,0,14,4,0,0,0.145687,0,32000,4662,0.145687,131072,4536,0.034607,0,0,4
18,host-12,4,1,14,4,1,0,0.159000,0,32000,5088,0.159000,131072,5717,0.043617,1,0,3
18,host-13,3,0,14,3,0,0,0.109594,0,32000,3507,0.109594,131072,3144,0.023987,0,0,3
18,host-14,3,1,14,3,1,0,0.149531,0,32000,4785,0.149531,131072,4614,0.035202,1,0,2
18,host-15,2,0,14,2,0,0,0.114844,0,32000,3675,0.114844,131072,4615,0.035210,0,0,2
18,host-16,3,0,14,3,0,0,0.143344,0,32000,4587,0.143344,131072,4198,0.032028,0,0,3
18,host-17,2,0,14,2,0,0,0.132031,0,32000,4225,0.132031,131072,3784,0.028870,0,0,2
18,host-18,3,0,14,3,0,0,0.137656,0,32000,4405,0.137656,131072,3150,0.024033,0,0,3
18,host-19,3,0,14,3,0,0,0.122781,0,32000,3929,0.122781,131072,3158,0.024094,0,0,3
18,host-2,2,0,14,2,0,0,0.130500,0,32000,4176,0.130500,131072,4573,0.034889,0,0,2
18,host-20,3,0,14,3,0,0,0.139750,0,32000,4472,0.139750,131072,3779,0.028831,0,0,3
18,host-21,3,0,14,3,0,0,0.126156,0,32000,4037,0.126156,131072,4545,0.034676,0,0,3
18,host-22,2,0,14,2,0,0,0.145187,0,32000,4646,0.145187,131072,5174,0.039474,0,0,2
18,host-23,3,1,14,3,1,0,0.136313,0,32000,4362,0.136313,131072,2634,0.020096,1,0,2
18,host-24,2,0,14,2,0,0,0.140625,0,32000,4500,0.140625,131072,4739,0.036156,0,0,2
18,host-3,2,0,14,2,0,0,0.110562,0,32000,3538,0.110562,131072,3314,0.025284,0,0,2
18,host-4,2,0,14,2,0,0,0.106438,0,32000,3406,0.106438,131072,3125,0.023842,0,0,2
18,host-5,2,0,14,2,0,0,0.118625,0,32000,3796,0.118625,131072,4001,0.030525,0,0,2
18,host-6,3,0,14,3,0,0,0.145937,0,32000,4670,0.145937,131072,4879,0.037224,0,0,3
18,host-7,3,1,14,3,1,0,0.157500,0,32000,5040,0.157500,131072,4126,0.031479,1,0,2
18,host-8,2,1,14,2,1,0,0.123500,0,32000,3952,0.123500,131072,5225,0.039864,0,1,1
18,host-9,3,0,14,3,0,0,0.126062,0,32000,4034,0.126062,131072,4962,0.037857,0,0,3
19,host-1,3,0,14,3,0,0,0.143406,0,32000,4589,0.143406,131072,4679,0.035698,0,0,3
19,host-10,4,1,14,4,1,0,0.159062,0,32000,5090,0.159062,131072,4696,0.035828,1,0,3
19,host-11,4,0,14,4,0,0,0.145687,0,32000,4662,0.145687,131072,4536,0.034607,0,0,4
19,host-12,4,1,14,4,1,0,0.159000,0,32000,5088,0.159000,131072,5717,0.043617,0,1,3
19,host-13,3,0,14,3,0,0,0.109594,0,32000,3507,0.109594,131072,3144,0.023987,0,0,3
19,host-14,3,1,14,3,1,0,0.149531,0,32000,4785,0.149531,131072,4614,0.035202,1,0,2
19,host-15,2,0,14,2,0,0,0.114844,0,32000,3675,0.114844,131072,4615,0.035210,0,0,2
19,host-16,3,0,14,3,0,0,0.143344,0,32000,4587,0.143344,131072,4198,0.032028,0,0,3
19,host-17,2,0,14,2,0,0,0.132031,0,32000,4225,0.132031,131072,3784,0.028870,0,0,2
19,host-18,3,0,14,3,0,0,0.137656,0,32000,4405,0.137656,131072,3150,0.024033,0,0,3
19,host-19,3,0,14,3,0,0,0.122781,0,32000,3929,0.122781,131072,3158,0.024094,0,0,3
19,host-2,2,0,14,2,0,0,0.130500,0,32000,4176,0.130500,131072,4573,0.034889,0,0,2
19,host-20,3,0,14,3,0,0,0.139750,0,32000,4472,0.139750,131072,3779,0.028831,0,0,3
19,host-21,3,0,14,3,0,0,0.126156,0,32000,4037,0.126156,131072,4545,0.034676,0,0,3
19,host-22,2,0,14,2,0,0,0.145187,0,32000,4646,0.145187,131072,5174,0.039474,0,0,2
19,host-23,3,0,14,3,0,0,0.136313,0,32000,4362,0.136313,131072,2634,0.020096,0,0,3
19,host-24,2,0,14,2,0,0,0.140625,0,32000,4500,0.140625,131072,4739,0.036156,0,0,2
19,host-3,2,0,14,2,0,0,0.110562,0,32000,3538,0.110562,131072,3314,0.025284,0,0,2
19,host-4,3,1,14,3,1,0,0.168594,0,32000,5395,0.168594,131072,4592,0.035034,1,0,2
19,host-5,2,0,14,2,0,0,0.118625,0,32000,3796,0.118625,131072,4001,0.030525,0,0,2
19,host-6,3,0,14,3,0,0,0.145937,0,32000,4670,0.145937,131072,4879,0.037224,0,0,3
19,host-7,3,1,14,3,1,0,0.157500,0,32000,5040,0.157500,131072,4126,0.031479,1,0,2
19,host-8,2,0,14,2,0,0,0.123500,0,32000,3952,0.123500,131072,5225,0.039864,0,0,2
19,host-9,3,0,14,3,0,0,0.126062,0,32000,4034,0.126062,131072,4962,0.037857,0,0,3
20,host-1,3,0,14,3,0,0,0.143406,0,32000,4589,0.143406,131072,4679,0.035698,0,0,3
20,host-10,4,0,14,4,0,0,0.159062,0,32000,5090,0.159062,131072,4696,0.035828,0,0,4
20,host-11,4,0,14,4,0,0,0.145687,0,32000,4662,0.145687,131072,4536,0.034607,0,0,4
20,host-12,4,0,14,4,0,0,0.159000,0,32000,5088,0.159000,131072,5717,0.043617,0,0,4
20,host-13,4,1,14,4,1,0,0.167937,0,32000,5374,0.167937,131072,4332,0.033051,1,0,3
20,host-14,3,0,14,3,0,0,0.149531,0,32000,4785,0.149531,131072,4614,0.035202,0,0,3
20,host-15,2,0,14,2,0,0,0.114844,0,32000,3675,0.114844,131072,4615,0.035210,0,0,2
20,host-16,3,0,14,3,0,0,0.143344,0,32000,4587,0.143344,131072,4198,0.032028,0,0,3
20,host-17,2,0,14,2,0,0,0.132031,0,32000,4225,0.132031,131072,3784,0.028870,0,0,2
20,host-18,3,0,14,3,0,0,0.137656,0,32000,4405,0.137656,131072,3150,0.024033,0,0,3
20,host-19,3,0,14,3,0,0,0.122781,0,32000,3929,0.122781,131072,3158,0.024094,0,0,3
20,host-2,2,0,14,2,0,0,0.130500,0,32000,4176,0.130500,131072,4573,0.034889,0,0,2
20,host-20,3,0,14,3,0,0,0.139750,0,32000,4472,0.139750,131072,3779,0.028831,0,0,3
20,host-21,3,0,14,3,0,0,0.126156,0,32000,4037,0.126156,131072,4545,0.034676,0,0,3
20,host-22,2,0,14,2,0,0,0.145187,0,32000,4646,0.145187,131072,5174,0.039474,0,0,2
20,host-23,3,0,14,3,0,0,0.136313,0,32000,4362,0.136313,131072,2634,0.020096,0,0,3
20,host-24,2,0,14,2,0,0,0.140625,0,32000,4500,0.140625,131072,4739,0.036156,0,0,2
20,host-3,2,0,14,2,0,0,0.110562,0,32000,3538,0.110562,131072,3314,0.025284,0,0,2
20,host-4,3,1,14,3,1,0,0.168594,0,32000,5395,0.168594,131072,4592,0.035034,1,0,2
20,host-5,2,0,14,2,0,0,0.118625,0,32000,3796,0.118625,131072,4001,0.030525,0,0,2
20,host-6,3,0,14,3,0,0,0.145937,0,32000,4670,0.145937,131072,4879,0.037224,0,0,3
20,host-7,3,0,14,3,0,0,0.157500,0,32000,5040,0.157500,131072,4126,0.031479,0,0,3
20,host-8,2,0,14,2,0,0,0.123500,0,32000,3952,0.123500,131072,5225,0.039864,0,0,2
20,host-9,3,0,14,3,0,0,0.126062,0,32000,4034,0.126062,131072,4962,0.037857,0,0,3
21,host-1,3,0,14,3,0,0,0.143406,0,32000,4589,0.143406,131072,4679,0.035698,0,0,3
21,host-10,4,0,14,4,0,0,0.159062,0,32000,5090,0.159062,131072,4696,0.035828,0,0,4
21,host-11,4,0,14,4,0,0,0.145687,0,32000,4662,0.145687,131072,4536,0.034607,0,0,4
21,host-12,4,0,14,4,0,0,0.159000,0,32000,5088,0.159000,131072,5717,0.043617,0,0,4
21,host-13,4,1,14,4,1,0,0.167937,0,32000,5374,0.167937,131072,4332,0.033051,0,1,3
21,host-14,3,0,14,3,0,0,0.149531,0,32000,4785,0.149531,131072,4614,0.035202,0,0,3
21,host-15,3,1,14,3,1,0,0.148938,0,32000,4766,0.148938,131072,6075,0.046349,1,0,2
21,host-16,3,0,14,3,0,0,0.143344,0,32000,4587,0.143344,131072,4198,0.032028,0,0,3
21,host-17,2,0,14,2,0,0,0.132031,0,32000,4225,0.132031,131072,3784,0.028870,0,0,2
21,host-18,3,0,14,3,0,0,0.137656,0,32000,4405,0.137656,131072,3150,0.024033,0,0,3
21,host-19,4,1,14,4,1,0,0.188625,0,32000,6036,0.188625,131072,5021,0.038307,1,0,3
21,host-2,2,0,14,2,0,0,0.130500,0,32000,4176,0.130500,131072,4573,0.034889,0,0,2
21,host-20,3,0,14,3,0,0,0.139750,0,32000,4472,0.139750,131072,3779,0.028831,0,0,3
21,host-21,3,0,14,3,0,0,0.126156,0,32000,4037,0.126156,131072,4545,0.034676,0,0,3
21,host-22,2,0,14,2,0,0,0.145187,0,32000,4646,0.145187,131072,5174,0.039474,0,0,2
21,host-23,3,0,14,3,0,0,0.136313,0,32000,4362,0.136313,131072,2634,0.020096,0,0,3
21,host-24,2,0,14,2,0,0,0.140625,0,32000,4500,0.140625,131072,4739,0.036156,0,0,2
21,host-3,3,1,14,3,1,0,0.163438,0,32000,5230,0.163438,131072,5336,0.040710,1,0,2
21,host-4,3,0,14,3,0,0,0.168594,0,32000,5395,0.168594,131072,4592,0.035034,0,0,3
21,host-5,3,1,14,3,1,0,0.153875,0,32000,4924,0.153875,131072,5631,0.042961,1,0,2
21,host-6,3,0,14,3,0,0,0.145937,0,32000,4670,0.145937,131072,4879,0.037224,0,0,3
21,host-7,3,0,14,3,0,0,0.157500,0,32000,5040,0.157500,131072,4126,0.031479,0,0,3
21,host-8,3,1,14,3,1,0,0.176437,0,32000,5646,0.176437,131072,7486,0.057114,1,0,2
21,host-9,4,1,14,4,1,0,0.189250,0,32000,6056,0.189250,131072,7231,0.055168,1,0,3
22,host-1,3,0,14,3,0,0,0.143406,0,32000,4589,0.143406,131072,4679,0.035698,0,0,3
22,host-10,4,0,14,4,0,0,0.159062,0,32000,5090,0.159062,131072,4696,0.035828,0,0,4
22,host-11,4,0,14,4,0,0,0.145687,0,32000,4662,0.145687,131072,4536,0.034607,0,0,4
22,host-12,4,0,14,4,0,0,0.159000,0,32000,5088,0.159000,131072,5717,0.043617,0,0,4
22,host-13,4,0,14,4,0,0,0.167937,0,32000,5374,0.167937,131072,4332,0.033051,0,0,4
22,host-14,3,0,14,3,0,0,0.149531,0,32000,4785,0.149531,131072,4614,0.035202,0,0,3
22,host-15,3,1,14,3,1,0,0.148938,0,32000,4766,0.148938,131072,6075,0.046349,1,0,2
22,host-16,3,0,14,3,0,0,0.143344,0,32000,4587,0.143344,131072,4198,0.032028,0,0,3
22,host-17,2,0,14,2,0,0,0.132031,0,32000,4225,0.132031,131072,3784,0.028870,0,0,2
22,host-18,3,0,14,3,0,0,0.137656,0,32000,4405,0.137656,131072,3150,0.024033,0,0,3
22,host-19,4,2,14,4,2,0,0.188625,0,32000,6036,0.188625,131072,5021,0.038307,1,1,2
22,host-2,2,0,14,2,0,0,0.130500,0,32000,4176,0.130500,131072,4573,0.034889,0,0,2
22,host-20,3,0,14,3,0,0,0.139750,0,32000,4472,0.139750,131072,3779,0.028831,0,0,3
22,host-21,4,1,14,4,1,0,0.166406,0,32000,5325,0.166406,131072,5828,0.044464,1,0,3
22,host-22,2,0,14,2,0,0,0.145187,0,32000,4646,0.145187,131072,5174,0.039474,0,0,2
22,host-23,3,0,14,3,0,0,0.136313,0,32000,4362,0.136313,131072,2634,0.020096,0,0,3
22,host-24,2,0,14,2,0,0,0.140625,0,32000,4500,0.140625,131072,4739,0.036156,0,0,2
22,host-3,3,1,14,3,1,0,0.163438,0,32000,5230,0.163438,131072,5336,0.040710,1,0,2
22,host-4,3,0,14,3,0,0,0.168594,0,32000,5395,0.168594,131072,4592,0.035034,0,0,3
22,host-5,3,1,14,3,1,0,0.153875,0,32000,4924,0.153875,131072,5631,0.042961,1,0,2
22,host-6,3,0,14,3,0,0,0.145937,0,32000,4670,0.145937,131072,4879,0.037224,0,0,3
22,host-7,3,0,14,3,0,0,0.157500,0,32000,5040,0.157500,131072,4126,0.031479,0,0,3
22,host-8,3,0,14,3,0,0,0.176437,0,32000,5646,0.176437,131072,7486,0.057114,0,0,3
22,host-9,4,0,14,4,0,0,0.189250,0,32000,6056,0.189250,131072,7231,0.055168,0,0,4
23,host-1,3,0,14,3,0,0,0.143406,0,32000,4589,0.143406,131072,4679,0.035698,0,0,3
23,host-10,4,0,14,4,0,0,0.159062,0,32000,5090,0.159062,131072,4696,0.035828,0,0,4
23,host-11,4,0,14,4,0,0,0.145687,0,32000,4662,0.145687,131072,4536,0.034607,0,0,4
23,host-12,4,0,14,4,0,0,0.159000,0,32000,5088,0.159000,131072,5717,0.043617,0,0,4
23,host-13,4,0,14,4,0,0,0.167937,0,32000,5374,0.167937,131072,4332,0.033051,0,0,4
23,host-14,3,0,14,3,0,0,0.149531,0,32000,4785,0.149531,131072,4614,0.035202,0,0,3
23,host-15,3,1,14,3,1,0,0.148938,0,32000,4766,0.148938,131072,6075,0.046349,0,1,2
23,host-16,3,0,14,3,0,0,0.143344,0,32000,4587,0.143344,131072,4198,0.032028,0,0,3
23,host-17,2,0,14,2,0,0,0.132031,0,32000,4225,0.132031,131072,3784,0.028870,0,0,2
23,host-18,3,0,14,3,0,0,0.137656,0,32000,4405,0.137656,131072,3150,0.024033,0,0,3
23,host-19,4,0,14,4,0,0,0.188625,0,32000,6036,0.188625,131072,5021,0.038307,0,0,4
23,host-2,3,1,14,3,1,0,0.194688,0,32000,6230,0.194688,131072,7166,0.054672,1,0,2
23,host-20,3,0,14,3,0,0,0.139750,0,32000,4472,0.139750,131072,3779,0.028831,0,0,3
23,host-21,4,0,14,4,0,0,0.166406,0,32000,5325,0.166406,131072,5828,0.044464,0,0,4
23,host-22,2,0,14,2,0,0,0.145187,0,32000,4646,0.145187,131072,5174,0.039474,0,0,2
23,host-23,3,0,14,3,0,0,0.136313,0,32000,4362,0.136313,131072,2634,0.020096,0,0,3
23,host-24,2,0,14,2,0,0,0.140625,0,32000,4500,0.140625,131072,4739,0.036156,0,0,2
23,host-3,3,0,14,3,0,0,0.163438,0,32000,5230,0.163438,131072,5336,0.040710,0,0,3
23,host-4,3,0,14,3,0,0,0.168594,0,32000,5395,0.168594,131072,4592,0.035034,0,0,3
23,host-5,3,1,14,3,1,0,0.153875,0,32000,4924,0.153875,131072,5631,0.042961,0,1,2
23,host-6,3,0,14,3,0,0,0.145937,0,32000,4670,0.145937,131072,4879,0.037224,0,0,3
23,host-7,3,0,14,3,0,0,0.157500,0,32000,5040,0.157500,131072,4126,0.031479,0,0,3
23,host-8,3,0,14,3,0,0,0.176437,0,32000,5646,0.176437,131072,7486,0.057114,0,0,3
23,host-9,4,0,14,4,0,0,0.189250,0,32000,6056,0.189250,131072,7231,0.055168,0,0,4
24,host-1,3,0,14,3,0,0,0.143406,0,32000,4589,0.143406,131072,4679,0.035698,0,0,3
24,host-10,4,0,14,4,0,0,0.159062,0,32000,5090,0.159062,131072,4696,0.035828,0,0,4
24,host-11,4,0,14,4,0,0,0.145687,0,32000,4662,0.145687,131072,4536,0.034607,0,0,4
24,host-12,4,0,14,4,0,0,0.159000,0,32000,5088,0.159000,131072,5717,0.043617,0,0,4
24,host-13,4,0,14,4,0,0,0.167937,0,32000,5374,0.167937,131072,4332,0.033051,0,0,4
24,host-14,3,0,14,3,0,0,0.149531,0,32000,4785,0.149531,131072,4614,0.035202,0,0,3
24,host-15,3,0,14,3,0,0,0.148938,0,32000,4766,0.148938,131072,6075,0.046349,0,0,3
24,host-16,3,0,14,3,0,0,0.143344,0,32000,4587,0.143344,131072,4198,0.032028,0,0,3
24,host-17,3,1,14,3,1,0,0.163344,0,32000,5227,0.163344,131072,4464,0.034058,1,0,2
24,host-18,3,0,14,3,0,0,0.137656,0,32000,4405,0.137656,131072,3150,0.024033,0,0,3
24,host-19,4,0,14,4,0,0,0.188625,0,32000,6036,0.188625,131072,5021,0.038307,0,0,4
24,host-2,3,0,14,3,0,0,0.194688,0,32000,6230,0.194688,131072,7166,0.054672,0,0,3
24,host-20,3,0,14,3,0,0,0.139750,0,32000,4472,0.139750,131072,3779,0.028831,0,0,3
24,host-21,4,0,14,4,0,0,0.166406,0,32000,5325,0.166406,131072,5828,0.044464,0,0,4
24,host-22,2,0,14,2,0,0,0.145187,0,32000,4646,0.145187,131072,5174,0.039474,0,0,2
24,host-23,3,0,14,3,0,0,0.136313,0,32000,4362,0.136313,131072,2634,0.020096,0,0,3
24,host-24,2,0,14,2,0,0,0.140625,0,32000,4500,0.140625,131072,4739,0.036156,0,0,2
24,host-3,2,0,14,2,0,0,0.130094,0,32000,4163,0.130094,131072,4320,0.032959,0,0,2
24,host-4,3,0,14,3,0,0,0.168594,0,32000,5395,0.168594,131072,4592,0.035034,0,0,3
24,host-5,3,0,14,3,0,0,0.153875,0,32000,4924,0.153875,131072,5631,0.042961,0,0,3
24,host-6,3,1,14,3,1,0,0.158000,0,32000,5056,0.158000,131072,5046,0.038498,1,0,2
24,host-7,3,0,14,3,0,0,0.157500,0,32000,5040,0.157500,131072,4126,0.031479,0,0,3
24,host-8,3,1,14,3,1,0,0.163562,0,32000,5234,0.163562,131072,5633,0.042976,1,0,2
24,host-9,3,1,14,3,1,0,0.145250,0,32000,4648,0.145250,131072,5349,0.040810,0,1,2
25,host-1,2,0,14,2,0,0,0.094125,0,32000,3012,0.094125,131072,2752,0.020996,0,0,2
25,host-10,4,0,14,4,0,0,0.159062,0,32000,5090,0.159062,131072,4696,0.035828,0,0,4
25,host-11,4,0,14,4,0,0,0.145687,0,32000,4662,0.145687,131072,4536,0.034607,0,0,4
25,host-12,3,0,14,3,0,0,0.135844,0,32000,4347,0.135844,131072,4902,0.037399,0,0,3
25,host-13,4,0,14,4,0,0,0.167937,0,32000,5374,0.167937,131072,4332,0.033051,0,0,4
25,host-14,3,0,14,3,0,0,0.149531,0,32000,4785,0.149531,131072,4614,0.035202,0,0,3
25,host-15,3,0,14,3,0,0,0.148938,0,32000,4766,0.148938,131072,6075,0.046349,0,0,3
25,host-16,2,0,14,2,0,0,0.083719,0,32000,2679,0.083719,131072,1974,0.015060,0,0,2
25,host-17,3,0,14,3,0,0,0.163344,0,32000,5227,0.163344,131072,4464,0.034058,0,0,3
25,host-18,3,0,14,3,0,0,0.137656,0,32000,4405,0.137656,131072,3150,0.024033,0,0,3
25,host-19,4,0,14,4,0,0,0.188625,0,32000,6036,0.188625,131072,5021,0.038307,0,0,4
25,host-2,2,0,14,2,0,0,0.128156,0,32000,4101,0.128156,131072,4945,0.037727,0,0,2
25,host-20,2,0,14,2,0,0,0.090469,0,32000,2895,0.090469,131072,1852,0.014130,0,0,2
25,host-21,4,0,14,4,0,0,0.166406,0,32000,5325,0.166406,131072,5828,0.044464,0,0,4
25,host-22,1,0,14,1,0,0,0.071406,0,32000,2285,0.071406,131072,2568,0.019592,0,0,1
25,host-23,3,0,14,3,0,0,0.136313,0,32000,4362,0.136313,131072,2634,0.020096,0,0,3
25,host-24,2,0,14,2,0,0,0.140625,0,32000,4500,0.140625,131072,4739,0.036156,0,0,2
25,host-3,3,1,14,3,1,0,0.202344,0,32000,6475,0.202344,131072,6297,0.048042,1,0,2
25,host-4,3,0,14,3,0,0,0.168594,0,32000,5395,0.168594,131072,4592,0.035034,0,0,3
25,host-5,3,0,14,3,0,0,0.153875,0,32000,4924,0.153875,131072,5631,0.042961,0,0,3
25,host-6,3,1,14,3,1,0,0.158000,0,32000,5056,0.158000,131072,5046,0.038498,1,0,2
25,host-7,3,0,14,3,0,0,0.157500,0,32000,5040,0.157500,131072,4126,0.031479,0,0,3
25,host-8,3,0,14,3,0,0,0.163562,0,32000,5234,0.163562,131072,5633,0.042976,0,0,3
25,host-9,3,0,14,3,0,0,0.145250,0,32000,4648,0.145250,131072,5349,0.040810,0,0,3
26,host-1,2,0,14,2,0,0,0.094125,0,32000,3012,0.094125,131072,2752,0.020996,0,0,2
26,host-10,4,0,14,4,0,0,0.159062,0,32000,5090,0.159062,131072,4696,0.035828,0,0,4
26,host-11,4,0,14,4,0,0,0.145687,0,32000,4662,0.145687,131072,4536,0.034607,0,0,4
26,host-12,3,0,14,3,0,0,0.135844,0,32000,4347,0.135844,131072,4902,0.037399,0,0,3
26,host-13,4,0,14,4,0,0,0.167937,0,32000,5374,0.167937,131072,4332,0.033051,0,0,4
26,host-14,3,0,14,3,0,0,0.149531,0,32000,4785,0.149531,131072,4614,0.035202,0,0,3
26,host-15,3,0,14,3,0,0,0.148938,0,32000,4766,0.148938,131072,6075,0.046349,0,0,3
26,host-16,2,0,14,2,0,0,0.083719,0,32000,2679,0.083719,131072,1974,0.015060,0,0,2
26,host-17,2,0,14,2,0,0,0.105438,0,32000,3374,0.105438,131072,3057,0.023323,0,0,2
26,host-18,3,0,14,3,0,0,0.137656,0,32000,4405,0.137656,131072,3150,0.024033,0,0,3
26,host-19,4,0,14,4,0,0,0.188625,0,32000,6036,0.188625,131072,5021,0.038307,0,0,4
26,host-2,2,0,14,2,0,0,0.128156,0,32000,4101,0.128156,131072,4945,0.037727,0,0,2
26,host-20,2,0,14,2,0,0,0.090469,0,32000,2895,0.090469,131072,1852,0.014130,0,0,2
26,host-21,4,0,14,4,0,0,0.166406,0,32000,5325,0.166406,131072,5828,0.044464,0,0,4
26,host-22,1,0,14,1,0,0,0.071406,0,32000,2285,0.071406,131072,2568,0.019592,0,0,1
26,host-23,3,0,14,3,0,0,0.136313,0,32000,4362,0.136313,131072,2634,0.020096,0,0,3
26,host-24,2,0,14,2,0,0,0.140625,0,32000,4500,0.140625,131072,4739,0.036156,0,0,2
26,host-3,3,1,14,3,1,0,0.202344,0,32000,6475,0.202344,131072,6297,0.048042,1,0,2
26,host-4,3,0,14,3,0,0,0.168594,0,32000,5395,0.168594,131072,4592,0.035034,0,0,3
26,host-5,3,0,14,3,0,0,0.153875,0,32000,4924,0.153875,131072,5631,0.042961,0,0,3
26,host-6,3,0,14,3,0,0,0.158000,0,32000,5056,0.158000,131072,5046,0.038498,0,0,3
26,host-7,3,0,14,3,0,0,0.157500,0,32000,5040,0.157500,131072,4126,0.031479,0,0,3
26,host-8,3,0,14,3,0,0,0.163562,0,32000,5234,0.163562,131072,5633,0.042976,0,0,3
26,host-9,3,0,14,3,0,0,0.145250,0,32000,4648,0.145250,131072,5349,0.040810,0,0,3
27,host-1,2,0,14,2,0,0,0.094125,0,32000,3012,0.094125,131072,2752,0.020996,0,0,2
27,host-10,4,0,14,4,0,0,0.159062,0,32000,5090,0.159062,131072,4696,0.035828,0,0,4
27,host-11,4,0,14,4,0,0,0.145687,0,32000,4662,0.145687,131072,4536,0.034607,0,0,4
27,host-12,3,0,14,3,0,0,0.135844,0,32000,4347,0.135844,131072,4902,0.037399,0,0,3
27,host-13,4,0,14,4,0,0,0.167937,0,32000,5374,0.167937,131072,4332,0.033051,0,0,4
27,host-14,3,0,14,3,0,0,0.149531,0,32000,4785,0.149531,131072,4614,0.035202,0,0,3
27,host-15,3,0,14,3,0,0,0.148938,0,32000,4766,0.148938,131072,6075,0.046349,0,0,3
27,host-16,2,0,14,2,0,0,0.083719,0,32000,2679,0.083719,131072,1974,0.015060,0,0,2
27,host-17,2,0,14,2,0,0,0.105438,0,32000,3374,0.105438,131072,3057,0.023323,0,0,2
27,host-18,3,0,14,3,0,0,0.137656,0,32000,4405,0.137656,131072,3150,0.024033,0,0,3
27,host-19,4,0,14,4,0,0,0.188625,0,32000,6036,0.188625,131072,5021,0.038307,0,0,4
27,host-2,2,0,14,2,0,0,0.128156,0,32000,4101,0.128156,131072,4945,0.037727,0,0,2
27,host-20,2,0,14,2,0,0,0.090469,0,32000,2895,0.090469,131072,1852,0.014130,0,0,2
27,host-21,3,0,14,3,0,0,0.117938,0,32000,3774,0.117938,131072,3597,0.027443,0,0,3
27,host-22,1,0,14,1,0,0,0.071406,0,32000,2285,0.071406,131072,2568,0.019592,0,0,1
27,host-23,3,0,14,3,0,0,0.136313,0,32000,4362,0.136313,131072,2634,0.020096,0,0,3
27,host-24,2,0,14,2,0,0,0.140625,0,32000,4500,0.140625,131072,4739,0.036156,0,0,2
27,host-3,3,0,14,3,0,0,0.202344,0,32000,6475,0.202344,131072,6297,0.048042,0,0,3
27,host-4,3,0,14,3,0,0,0.168594,0,32000,5395,0.168594,131072,4592,0.035034,0,0,3
27,host-5,3,0,14,3,0,0,0.153875,0,32000,4924,0.153875,131072,5631,0.042961,0,0,3
27,host-6,3,0,14,3,0,0,0.158000,0,32000,5056,0.158000,131072,5046,0.038498,0,0,3
27,host-7,3,0,14,3,0,0,0.157500,0,32000,5040,0.157500,131072,4126,0.031479,0,0,3
27,host-8,3,0,14,3,0,0,0.163562,0,32000,5234,0.163562,131072,5633,0.042976,0,0,3
27,host-9,3,0,14,3,0,0,0.145250,0,32000,4648,0.145250,131072,5349,0.040810,0,0,3
28,host-1,2,0,14,2,0,0,0.094125,0,32000,3012,0.094125,131072,2752,0.020996,0,0,2
28,host-10,4,0,14,4,0,0,0.159062,0,32000,5090,0.159062,131072,4696,0.035828,0,0,4
28,host-11,4,0,14,4,0,0,0.145687,0,32000,4662,0.145687,131072,4536,0.034607,0,0,4
28,host-12,3,0,14,3,0,0,0.135844,0,32000,4347,0.135844,131072,4902,0.037399,0,0,3
28,host-13,4,0,14,4,0,0,0.167937,0,32000,5374,0.167937,131072,4332,0.033051,0,0,4
28,host-14,3,0,14,3,0,0,0.149531,0,32000,4785,0.149531,131072,4614,0.035202,0,0,3
28,host-15,3,0,14,3,0,0,0.148938,0,32000,4766,0.148938,131072,6075,0.046349,0,0,3
28,host-16,2,0,14,2,0,0,0.083719,0,32000,2679,0.083719,131072,1974,0.015060,0,0,2
28,host-17,2,0,14,2,0,0,0.105438,0,32000,3374,0.105438,131072,3057,0.023323,0,0,2
28,host-18,3,0,14,3,0,0,0.137656,0,32000,4405,0.137656,131072,3150,0.024033,0,0,3
28,host-19,4,0,14,4,0,0,0.188625,0,32000,6036,0.188625,131072,5021,0.038307,0,0,4
28,host-2,2,0,14,2,0,0,0.128156,0,32000,4101,0.128156,131072,4945,0.037727,0,0,2
28,host-20,2,0,14,2,0,0,0.090469,0,32000,2895,0.090469,131072,1852,0.014130,0,0,2
28,host-21,3,0,14,3,0,0,0.117938,0,32000,3774,0.117938,131072,3597,0.027443,0,0,3
28,host-22,1,0,14,1,0,0,0.071406,0,32000,2285,0.071406,131072,2568,0.019592,0,0,1
28,host-23,3,0,14,3,0,0,0.136313,0,32000,4362,0.136313,131072,2634,0.020096,0,0,3
28,host-24,2,0,14,2,0,0,0.140625,0,32000,4500,0.140625,131072,4739,0.036156,0,0,2
28,host-3,3,0,14,3,0,0,0.202344,0,32000,6475,0.202344,131072,6297,0.048042,0,0,3
28,host-4,3,0,14,3,0,0,0.168594,0,32000,5395,0.168594,131072,4592,0.035034,0,0,3
28,host-5,2,0,14,2,0,0,0.097437,0,32000,3118,0.097437,131072,3507,0.026756,0,0,2
28,host-6,3,0,14,3,0,0,0.158000,0,32000,5056,0.158000,131072,5046,0.038498,0,0,3
28,host-7,3,0,14,3,0,0,0.157500,0,32000,5040,0.157500,131072,4126,0.031479,0,0,3
28,host-8,3,0,14,3,0,0,0.163562,0,32000,5234,0.163562,131072,5633,0.042976,0,0,3
28,host-9,3,0,14,3,0,0,0.145250,0,32000,4648,0.145250,131072,5349,0.040810,0,0,3
29,host-1,2,0,14,2,0,0,0.094125,0,32000,3012,0.094125,131072,2752,0.020996,0,0,2
29,host-10,4,0,14,4,0,0,0.159062,0,32000,5090,0.159062,131072,4696,0.035828,0,0,4
29,host-11,4,0,14,4,0,0,0.145687,0,32000,4662,0.145687,131072,4536,0.034607,0,0,4
29,host-12,3,0,14,3,0,0,0.135844,0,32000,4347,0.135844,131072,4902,0.037399,0,0,3
29,host-13,3,0,14,3,0,0,0.140687,0,32000,4502,0.140687,131072,3460,0.026398,0,0,3
29,host-14,3,0,14,3,0,0,0.149531,0,32000,4785,0.149531,131072,4614,0.035202,0,0,3
29,host-15,3,0,14,3,0,0,0.148938,0,32000,4766,0.148938,131072,6075,0.046349,0,0,3
29,host-16,2,0,14,2,0,0,0.083719,0,32000,2679,0.083719,131072,1974,0.015060,0,0,2
29,host-17,2,0,14,2,0,0,0.105438,0,32000,3374,0.105438,131072,3057,0.023323,0,0,2
29,host-18,3,0,14,3,0,0,0.137656,0,32000,4405,0.137656,131072,3150,0.024033,0,0,3
29,host-19,4,0,14,4,0,0,0.188625,0,32000,6036,0.188625,131072,5021,0.038307,0,0,4
29,host-2,2,0,14,2,0,0,0.128156,0,32000,4101,0.128156,131072,4945,0.037727,0,0,2
29,host-20,2,0,14,2,0,0,0.090469,0,32000,2895,0.090469,131072,1852,0.014130,0,0,2
29,host-21,3,0,14,3,0,0,0.117938,0,32000,3774,0.117938,131072,3597,0.027443,0,0,3
29,host-22,2,1,14,2,1,0,0.108313,0,32000,3466,0.108313,131072,3281,0.025032,1,0,1
29,host-23,3,0,14,3,0,0,0.136313,0,32000,4362,0.136313,131072,2634,0.020096,0,0,3
29,host-24,2,0,14,2,0,0,0.140625,0,32000,4500,0.140625,131072,4739,0.036156,0,0,2
29,host-3,3,0,14,3,0,0,0.202344,0,32000,6475,0.202344,131072,6297,0.048042,0,0,3
29,host-4,3,0,14,3,0,0,0.168594,0,32000,5395,0.168594,131072,4592,0.035034,0,0,3
29,host-5,2,0,14,2,0,0,0.097437,0,32000,3118,0.097437,131072,3507,0.026756,0,0,2
29,host-6,3,0,14,3,0,0,0.158000,0,32000,5056,0.158000,131072,5046,0.038498,0,0,3
29,host-7,3,0,14,3,0,0,0.157500,0,32000,5040,0.157500,131072,4126,0.031479,0,0,3
29,host-8,3,0,14,3,0,0,0.163562,0,32000,5234,0.163562,131072,5633,0.042976,0,0,3
29,host-9,3,0,14,3,0,0,0.145250,0,32000,4648,0.145250,131072,5349,0.040810,0,0,3
30,host-1,2,0,14,2,0,0,0.094125,0,32000,3012,0.094125,131072,2752,0.020996,0,0,2
30,host-10,3,0,14,3,0,0,0.133094,0,32000,4259,0.133094,131072,3647,0.027824,0,0,3
30,host-11,4,0,14,4,0,0,0.145687,0,32000,4662,0.145687,131072,4536,0.034607,0,0,4
30,host-12,3,0,14,3,0,0,0.135844,0,32000,4347,0.135844,131072,4902,0.037399,0,0,3
30,host-13,3,0,14,3,0,0,0.140687,0,32000,4502,0.140687,131072,3460,0.026398,0,0,3
30,host-14,3,1,14,3,1,0,0.121844,0,32000,3899,0.121844,131072,3583,0.027336,1,0,2
30,host-15,3,0,14,3,0,0,0.148938,0,32000,4766,0.148938,131072,6075,0.046349,0,0,3
30,host-16,3,1,14,3,1,0,0.115250,0,32000,3688,0.115250,131072,3301,0.025185,0,1,2
30,host-17,2,0,14,2,0,0,0.105438,0,32000,3374,0.105438,131072,3057,0.023323,0,0,2
30,host-18,3,0,14,3,0,0,0.137656,0,32000,4405,0.137656,131072,3150,0.024033,0,0,3
30,host-19,4,0,14,4,0,0,0.188625,0,32000,6036,0.188625,131072,5021,0.038307,0,0,4
30,host-2,2,0,14,2,0,0,0.128156,0,32000,4101,0.128156,131072,4945,0.037727,0,0,2
30,host-20,3,1,14,3,1,0,0.148313,0,32000,4746,0.148313,131072,4164,0.031769,1,0,2
30,host-21,3,0,14,3,0,0,0.117938,0,32000,3774,0.117938,131072,3597,0.027443,0,0,3
30,host-22,2,0,14,2,0,0,0.108313,0,32000,3466,0.108313,131072,3281,0.025032,0,0,2
30,host-23,3,0,14,3,0,0,0.136313,0,32000,4362,0.136313,131072,2634,0.020096,0,0,3
30,host-24,2,0,14,2,0,0,0.140625,0,32000,4500,0.140625,131072,4739,0.036156,0,0,2
30,host-3,3,0,14,3,0,0,0.202344,0,32000,6475,0.202344,131072,6297,0.048042,0,0,3
30,host-4,3,0,14,3,0,0,0.168594,0,32000,5395,0.168594,131072,4592,0.035034,0,0,3
30,host-5,2,0,14,2,0,0,0.097437,0,32000,3118,0.097437,131072,3507,0.026756,0,0,2
30,host-6,3,0,14,3,0,0,0.158000,0,32000,5056,0.158000,131072,5046,0.038498,0,0,3
30,host-7,3,0,14,3,0,0,0.157500,0,32000,5040,0.157500,131072,4126,0.031479,0,0,3
30,host-8,3,0,14,3,0,0,0.163562,0,32000,5234,0.163562,131072,5633,0.042976,0,0,3
30,host-9,3,0,14,3,0,0,0.145250,0,32000,4648,0.145250,131072,5349,0.040810,0,0,3
31,host-1,3,1,14,3,1,0,0.138594,0,32000,4435,0.138594,131072,4670,0.035629,1,0,2
31,host-10,3,0,14,3,0,0,0.133094,0,32000,4259,0.133094,131072,3647,0.027824,0,0,3
31,host-11,4,0,14,4,0,0,0.145687,0,32000,4662,0.145687,131072,4536,0.034607,0,0,4
31,host-12,3,0,14,3,0,0,0.135844,0,32000,4347,0.135844,131072,4902,0.037399,0,0,3
31,host-13,3,0,14,3,0,0,0.140687,0,32000,4502,0.140687,131072,3460,0.026398,0,0,3
31,host-14,3,0,14,3,0,0,0.121844,0,32000,3899,0.121844,131072,3583,0.027336,0,0,3
31,host-15,3,0,14,3,0,0,0.148938,0,32000,4766,0.148938,131072,6075,0.046349,0,0,3
31,host-16,3,0,14,3,0,0,0.115250,0,32000,3688,0.115250,131072,3301,0.025185,0,0,3
31,host-17,2,0,14,2,0,0,0.105438,0,32000,3374,0.105438,131072,3057,0.023323,0,0,2
31,host-18,2,0,14,2,0,0,0.108094,0,32000,3459,0.108094,131072,2135,0.016289,0,0,2
31,host-19,4,0,14,4,0,0,0.188625,0,32000,6036,0.188625,131072,5021,0.038307,0,0,4
31,host-2,2,0,14,2,0,0,0.128156,0,32000,4101,0.128156,131072,4945,0.037727,0,0,2
31,host-20,3,1,14,3,1,0,0.148313,0,32000,4746,0.148313,131072,4164,0.031769,1,0,2
31,host-21,3,0,14,3,0,0,0.117938,0,32000,3774,0.117938,131072,3597,0.027443,0,0,3
31,host-22,2,0,14,2,0,0,0.108313,0,32000,3466,0.108313,131072,3281,0.025032,0,0,2
31,host-23,3,0,14,3,0,0,0.136313,0,32000,4362,0.136313,131072,2634,0.020096,0,0,3
31,host-24,2,0,14,2,0,0,0.140625,0,32000,4500,0.140625,131072,4739,0.036156,0,0,2
31,host-3,3,0,14,3,0,0,0.202344,0,32000,6475,0.202344,131072,6297,0.048042,0,0,3
31,host-4,3,0,14,3,0,0,0.168594,0,32000,5395,0.168594,131072,4592,0.035034,0,0,3
31,host-5,3,1,14,3,1,0,0.153875,0,32000,4924,0.153875,131072,5631,0.042961,1,0,2
31,host-6,3,0,14,3,0,0,0.158000,0,32000,5056,0.158000,131072,5046,0.038498,0,0,3
31,host-7,3,0,14,3,0,0,0.157500,0,32000,5040,0.157500,131072,4126,0.031479,0,0,3
31,host-8,3,0,14,3,0,0,0.163562,0,32000,5234,0.163562,131072,5633,0.042976,0,0,3
31,host-9,3,0,14,3,0,0,0.145250,0,32000,4648,0.145250,131072,5349,0.040810,0,0,3
32,host-1,3,0,14,3,0,0,0.138594,0,32000,4435,0.138594,131072,4670,0.035629,0,0,3
32,host-10,2,0,14,2,0,0,0.103531,0,32000,3313,0.103531,131072,2632,0.020081,0,0,2
32,host-11,4,0,14,4,0,0,0.145687,0,32000,4662,0.145687,131072,4536,0.034607,0,0,4
32,host-12,3,0,14,3,0,0,0.135844,0,32000,4347,0.135844,131072,4902,0.037399,0,0,3
32,host-13,2,0,14,2,0,0,0.089250,0,32000,2856,0.089250,131072,2219,0.016930,0,0,2
32,host-14,3,0,14,3,0,0,0.121844,0,32000,3899,0.121844,131072,3583,0.027336,0,0,3
32,host-15,3,0,14,3,0,0,0.148938,0,32000,4766,0.148938,131072,6075,0.046349,0,0,3
32,host-16,3,0,14,3,0,0,0.115250,0,32000,3688,0.115250,131072,3301,0.025185,0,0,3
32,host-17,3,1,14,3,1,0,0.163281,0,32000,5225,0.163281,131072,5369,0.040962,1,0,2
32,host-18,2,0,14,2,0,0,0.108094,0,32000,3459,0.108094,131072,2135,0.016289,0,0,2
32,host-19,4,0,14,4,0,0,0.188625,0,32000,6036,0.188625,131072,5021,0.038307,0,0,4
32,host-2,2,0,14,2,0,0,0.128156,0,32000,4101,0.128156,131072,4945,0.037727,0,0,2
32,host-20,3,0,14,3,0,0,0.148313,0,32000,4746,0.148313,131072,4164,0.031769,0,0,3
32,host-21,3,0,14,3,0,0,0.117938,0,32000,3774,0.117938,131072,3597,0.027443,0,0,3
32,host-22,2,0,14,2,0,0,0.108313,0,32000,3466,0.108313,131072,3281,0.025032,0,0,2
32,host-23,3,0,14,3,0,0,0.136313,0,32000,4362,0.136313,131072,2634,0.020096,0,0,3
32,host-24,2,0,14,2,0,0,0.140625,0,32000,4500,0.140625,131072,4739,0.036156,0,0,2
32,host-3,3,0,14,3,0,0,0.202344,0,32000,6475,0.202344,131072,6297,0.048042,0,0,3
32,host-4,3,0,14,3,0,0,0.168594,0,32000,5395,0.168594,131072,4592,0.035034,0,0,3
32,host-5,3,0,14,3,0,0,0.153875,0,32000,4924,0.153875,131072,5631,0.042961,0,0,3
32,host-6,3,0,14,3,0,0,0.158000,0,32000,5056,0.158000,131072,5046,0.038498,0,0,3
32,host-7,3,1,14,3,1,0,0.157500,0,32000,5040,0.157500,131072,4126,0.031479,0,1,2
32,host-8,3,0,14,3,0,0,0.163562,0,32000,5234,0.163562,131072,5633,0.042976,0,0,3
32,host-9,3,0,14,3,0,0,0.145250,0,32000,4648,0.145250,131072,5349,0.040810,0,0,3
33,host-1,3,0,14,3,0,0,0.138594,0,32000,4435,0.138594,131072,4670,0.035629,0,0,3
33,host-10,3,1,14,3,1,0,0.175687,0,32000,5622,0.175687,131072,5581,0.042580,1,0,2
33,host-11,4,0,14,4,0,0,0.145687,0,32000,4662,0.145687,131072,4536,0.034607,0,0,4
33,host-12,3,0,14,3,0,0,0.135844,0,32000,4347,0.135844,131072,4902,0.037399,0,0,3
33,host-13,3,1,14,3,1,0,0.133844,0,32000,4283,0.133844,131072,3444,0.026276,1,0,2
33,host-14,3,0,14,3,0,0,0.121844,0,32000,3899,0.121844,131072,3583,0.027336,0,0,3
33,host-15,3,0,14,3,0,0,0.148938,0,32000,4766,0.148938,131072,6075,0.046349,0,0,3
33,host-16,3,0,14,3,0,0,0.115250,0,32000,3688,0.115250,131072,3301,0.025185,0,0,3
33,host-17,3,1,14,3,1,0,0.163281,0,32000,5225,0.163281,131072,5369,0.040962,0,1,2
33,host-18,3,1,14,3,1,0,0.137656,0,32000,4405,0.137656,131072,3150,0.024033,1,0,2
33,host-19,4,0,14,4,0,0,0.188625,0,32000,6036,0.188625,131072,5021,0.038307,0,0,4
33,host-2,2,0,14,2,0,0,0.128156,0,32000,4101,0.128156,131072,4945,0.037727,0,0,2
33,host-20,3,0,14,3,0,0,0.148313,0,32000,4746,0.148313,131072,4164,0.031769,0,0,3
33,host-21,3,0,14,3,0,0,0.117938,0,32000,3774,0.117938,131072,3597,0.027443,0,0,3
33,host-22,2,0,14,2,0,0,0.108313,0,32000,3466,0.108313,131072,3281,0.025032,0,0,2
33,host-23,3,0,14,3,0,0,0.136313,0,32000,4362,0.136313,131072,2634,0.020096,0,0,3
33,host-24,2,0,14,2,0,0,0.140625,0,32000,4500,0.140625,131072,4739,0.036156,0,0,2
33,host-3,3,0,14,3,0,0,0.202344,0,32000,6475,0.202344,131072,6297,0.048042,0,0,3
33,host-4,3,0,14,3,0,0,0.168594,0,32000,5395,0.168594,131072,4592,0.035034,0,0,3
33,host-5,3,0,14,3,0,0,0.153875,0,32000,4924,0.153875,131072,5631,0.042961,0,0,3
33,host-6,3,0,14,3,0,0,0.158000,0,32000,5056,0.158000,131072,5046,0.038498,0,0,3
33,host-7,3,0,14,3,0,0,0.157500,0,32000,5040,0.157500,131072,4126,0.031479,0,0,3
33,host-8,3,0,14,3,0,0,0.163562,0,32000,5234,0.163562,131072,5633,0.042976,0,0,3
33,host-9,3,0,14,3,0,0,0.145250,0,32000,4648,0.145250,131072,5349,0.040810,0,0,3
34,host-1,3,0,14,3,0,0,0.138594,0,32000,4435,0.138594,131072,4670,0.035629,0,0,3
34,host-10,3,1,14,3,1,0,0.175687,0,32000,5622,0.175687,131072,5581,0.042580,0,1,2
34,host-11,4,0,14,4,0,0,0.145687,0,32000,4662,0.145687,131072,4536,0.034607,0,0,4
34,host-12,3,0,14,3,0,0,0.135844,0,32000,4347,0.135844,131072,4902,0.037399,0,0,3
34,host-13,3,0,14,3,0,0,0.133844,0,32000,4283,0.133844,131072,3444,0.026276,0,0,3
34,host-14,3,0,14,3,0,0,0.121844,0,32000,3899,0.121844,131072,3583,0.027336,0,0,3
34,host-15,3,0,14,3,0,0,0.148938,0,32000,4766,0.148938,131072,6075,0.046349,0,0,3
34,host-16,3,0,14,3,0,0,0.115250,0,32000,3688,0.115250,131072,3301,0.025185,0,0,3
34,host-17,3,0,14,3,0,0,0.163281,0,32000,5225,0.163281,131072,5369,0.040962,0,0,3
34,host-18,2,1,14,2,1,0,0.093875,0,32000,3004,0.093875,131072,2404,0.018341,1,0,1
34,host-19,4,0,14,4,0,0,0.188625,0,32000,6036,0.188625,131072,5021,0.038307,0,0,4
34,host-2,2,0,14,2,0,0,0.128156,0,32000,4101,0.128156,131072,4945,0.037727,0,0,2
34,host-20,3,0,14,3,0,0,0.148313,0,32000,4746,0.148313,131072,4164,0.031769,0,0,3
34,host-21,3,0,14,3,0,0,0.117938,0,32000,3774,0.117938,131072,3597,0.027443,0,0,3
34,host-22,3,1,14,3,1,0,0.152312,0,32000,4874,0.152312,131072,5163,0.039391,1,0,2
34,host-23,3,0,14,3,0,0,0.136313,0,32000,4362,0.136313,131072,2634,0.020096,0,0,3
34,host-24,2,0,14,2,0,0,0.140625,0,32000,4500,0.140625,131072,4739,0.036156,0,0,2
34,host-3,3,0,14,3,0,0,0.202344,0,32000,6475,0.202344,131072,6297,0.048042,0,0,3
34,host-4,3,0,14,3,0,0,0.168594,0,32000,5395,0.168594,131072,4592,0.035034,0,0,3
34,host-5,3,0,14,3,0,0,0.153875,0,32000,4924,0.153875,131072,5631,0.042961,0,0,3
34,host-6,3,0,14,3,0,0,0.158000,0,32000,5056,0.158000,131072,5046,0.038498,0,0,3
34,host-7,3,0,14,3,0,0,0.157500,0,32000,5040,0.157500,131072,4126,0.031479,0,0,3
34,host-8,3,0,14,3,0,0,0.163562,0,32000,5234,0.163562,131072,5633,0.042976,0,0,3
34,host-9,3,0,14,3,0,0,0.145250,0,32000,4648,0.145250,131072,5349,0.040810,0,0,3
35,host-1,3,0,14,3,0,0,0.138594,0,32000,4435,0.138594,131072,4670,0.035629,0,0,3
35,host-10,3,0,14,3,0,0,0.175687,0,32000,5622,0.175687,131072,5581,0.042580,0,0,3
35,host-11,4,0,14,4,0,0,0.145687,0,32000,4662,0.145687,131072,4536,0.034607,0,0,4
35,host-12,3,0,14,3,0,0,0.135844,0,32000,4347,0.135844,131072,4902,0.037399,0,0,3
35,host-13,3,0,14,3,0,0,0.133844,0,32000,4283,0.133844,131072,3444,0.026276,0,0,3
35,host-14,3,0,14,3,0,0,0.121844,0,32000,3899,0.121844,131072,3583,0.027336,0,0,3
35,host-15,3,0,14,3,0,0,0.148938,0,32000,4766,0.148938,131072,6075,0.046349,0,0,3
35,host-16,3,0,14,3,0,0,0.115250,0,32000,3688,0.115250,131072,3301,0.025185,0,0,3
35,host-17,3,0,14,3,0,0,0.163281,0,32000,5225,0.163281,131072,5369,0.040962,0,0,3
35,host-18,2,0,14,2,0,0,0.093875,0,32000,3004,0.093875,131072,2404,0.018341,0,0,2
35,host-19,4,0,14,4,0,0,0.188625,0,32000,6036,0.188625,131072,5021,0.038307,0,0,4
35,host-2,2,0,14,2,0,0,0.128156,0,32000,4101,0.128156,131072,4945,0.037727,0,0,2
35,host-20,3,0,14,3,0,0,0.148313,0,32000,4746,0.148313,131072,4164,0.031769,0,0,3
35,host-21,3,0,14,3,0,0,0.117938,0,32000,3774,0.117938,131072,3597,0.027443,0,0,3
35,host-22,3,1,14,3,1,0,0.152312,0,32000,4874,0.152312,131072,5163,0.039391,0,1,2
35,host-23,3,0,14,3,0,0,0.136313,0,32000,4362,0.136313,131072,2634,0.020096,0,0,3
35,host-24,2,0,14,2,0,0,0.140625,0,32000,4500,0.140625,131072,4739,0.036156,0,0,2
35,host-3,2,0,14,2,0,0,0.125125,0,32000,4004,0.125125,131072,3999,0.030510,0,0,2
35,host-4,3,0,14,3,0,0,0.168594,0,32000,5395,0.168594,131072,4592,0.035034,0,0,3
35,host-5,3,0,14,3,0,0,0.153875,0,32000,4924,0.153875,131072,5631,0.042961,0,0,3
35,host-6,3,0,14,3,0,0,0.158000,0,32000,5056,0.158000,131072,5046,0.038498,0,0,3
35,host-7,2,0,14,2,0,0,0.086406,0,32000,2765,0.086406,131072,1812,0.013824,0,0,2
35,host-8,3,0,14,3,0,0,0.163562,0,32000,5234,0.163562,131072,5633,0.042976,0,0,3
35,host-9,3,0,14,3,0,0,0.145250,0,32000,4648,0.145250,131072,5349,0.040810,0,0,3
36,host-1,2,0,14,2,0,0,0.095281,0,32000,3049,0.095281,131072,3501,0.026711,0,0,2
36,host-10,2,0,14,2,0,0,0.130500,0,32000,4176,0.130500,131072,4137,0.031563,0,0,2
36,host-11,4,0,14,4,0,0,0.145687,0,32000,4662,0.145687,131072,4536,0.034607,0,0,4
36,host-12,3,0,14,3,0,0,0.135844,0,32000,4347,0.135844,131072,4902,0.037399,0,0,3
36,host-13,2,0,14,2,0,0,0.102938,0,32000,3294,0.102938,131072,2413,0.018410,0,0,2
36,host-14,2,0,14,2,0,0,0.089344,0,32000,2859,0.089344,131072,2731,0.020836,0,0,2
36,host-15,3,1,14,3,1,0,0.148938,0,32000,4766,0.148938,131072,6075,0.046349,0,1,2
36,host-16,2,1,14,2,1,0,0.082469,0,32000,2639,0.082469,131072,2860,0.021820,0,1,1
36,host-17,3,0,14,3,0,0,0.163281,0,32000,5225,0.163281,131072,5369,0.040962,0,0,3
36,host-18,2,1,14,2,1,0,0.087469,0,32000,2799,0.087469,131072,2422,0.018478,1,0,1
36,host-19,3,0,14,3,0,0,0.136063,0,32000,4354,0.136063,131072,3268,0.024933,0,0,3
36,host-2,1,0,14,1,0,0,0.064187,0,32000,2054,0.064187,131072,2593,0.019783,0,0,1
36,host-20,2,0,14,2,0,0,0.103813,0,32000,3322,0.103813,131072,3016,0.023010,0,0,2
36,host-21,2,0,14,2,0,0,0.074188,0,32000,2374,0.074188,131072,2367,0.018059,0,0,2
36,host-22,3,0,14,3,0,0,0.152312,0,32000,4874,0.152312,131072,5163,0.039391,0,0,3
36,host-23,3,0,14,3,0,0,0.136313,0,32000,4362,0.136313,131072,2634,0.020096,0,0,3
36,host-24,1,0,14,1,0,0,0.061531,0,32000,1969,0.061531,131072,2257,0.017220,0,0,1
36,host-3,2,0,14,2,0,0,0.125125,0,32000,4004,0.125125,131072,3999,0.030510,0,0,2
36,host-4,2,0,14,2,0,0,0.110687,0,32000,3542,0.110687,131072,3194,0.024368,0,0,2
36,host-5,2,0,14,2,0,0,0.091688,0,32000,2934,0.091688,131072,3754,0.028641,0,0,2
36,host-6,2,0,14,2,0,0,0.123188,0,32000,3942,0.123188,131072,3510,0.026779,0,0,2
36,host-7,3,1,14,3,1,0,0.116906,0,32000,3741,0.116906,131072,3073,0.023445,0,1,2
36,host-8,3,0,14,3,0,0,0.163562,0,32000,5234,0.163562,131072,5633,0.042976,0,0,3
36,host-9,2,0,14,2,0,0,0.101406,0,32000,3245,0.101406,131072,3693,0.028175,0,0,2
37,host-1,1,0,14,1,0,0,0.044469,0,32000,1423,0.044469,131072,1918,0.014633,0,0,1
37,host-10,2,0,14,2,0,0,0.130500,0,32000,4176,0.130500,131072,4137,0.031563,0,0,2
37,host-11,1,0,14,1,0,0,0.030406,0,32000,973,0.030406,131072,1558,0.011887,0,0,1
37,host-12,3,0,14,3,0,0,0.135844,0,32000,4347,0.135844,131072,4902,0.037399,0,0,3
37,host-13,2,0,14,2,0,0,0.102938,0,32000,3294,0.102938,131072,2413,0.018410,0,0,2
37,host-14,2,0,14,2,0,0,0.089344,0,32000,2859,0.089344,131072,2731,0.020836,0,0,2
37,host-15,3,0,14,3,0,0,0.148938,0,32000,4766,0.148938,131072,6075,0.046349,0,0,3
37,host-16,2,0,14,2,0,0,0.082469,0,32000,2639,0.082469,131072,2860,0.021820,0,0,2
37,host-17,3,0,14,3,0,0,0.163281,0,32000,5225,0.163281,131072,5369,0.040962,0,0,3
37,host-18,2,0,14,2,0,0,0.087469,0,32000,2799,0.087469,131072,2422,0.018478,0,0,2
37,host-19,3,0,14,3,0,0,0.136063,0,32000,4354,0.136063,131072,3268,0.024933,0,0,3
37,host-2,2,1,14,2,1,0,0.107500,0,32000,3440,0.107500,131072,4229,0.032265,0,1,1
37,host-20,1,0,14,1,0,0,0.057844,0,32000,1851,0.057844,131072,2312,0.017639,0,0,1
37,host-21,2,1,14,2,1,0,0.084750,0,32000,2712,0.084750,131072,2431,0.018547,0,1,1
37,host-22,3,0,14,3,0,0,0.152312,0,32000,4874,0.152312,131072,5163,0.039391,0,0,3
37,host-23,2,0,14,2,0,0,0.087938,0,32000,2814,0.087938,131072,1591,0.012138,0,0,2
37,host-24,2,1,14,2,1,0,0.119438,0,32000,3822,0.119438,131072,3664,0.027954,0,1,1
37,host-3,2,0,14,2,0,0,0.125125,0,32000,4004,0.125125,131072,3999,0.030510,0,0,2
37,host-4,2,0,14,2,0,0,0.110687,0,32000,3542,0.110687,131072,3194,0.024368,0,0,2
37,host-5,2,0,14,2,0,0,0.091688,0,32000,2934,0.091688,131072,3754,0.028641,0,0,2
37,host-6,2,0,14,2,0,0,0.123188,0,32000,3942,0.123188,131072,3510,0.026779,0,0,2
37,host-7,3,0,14,3,0,0,0.116906,0,32000,3741,0.116906,131072,3073,0.023445,0,0,3
37,host-8,3,0,14,3,0,0,0.163562,0,32000,5234,0.163562,131072,5633,0.042976,0,0,3
37,host-9,2,0,14,2,0,0,0.101406,0,32000,3245,0.101406,131072,3693,0.028175,0,0,2
38,host-1,1,0,14,1,0,0,0.044469,0,32000,1423,0.044469,131072,1918,0.014633,0,0,1
38,host-10,2,0,14,2,0,0,0.130500,0,32000,4176,0.130500,131072,4137,0.031563,0,0,2
38,host-11,2,1,14,2,1,0,0.078781,0,32000,2521,0.078781,131072,2601,0.019844,1,0,1
38,host-12,2,0,14,2,0,0,0.085562,0,32000,2738,0.085562,131072,3373,0.025734,0,0,2
38,host-13,2,0,14,2,0,0,0.102938,0,32000,3294,0.102938,131072,2413,0.018410,0,0,2
38,host-14,2,1,14,2,1,0,0.089344,0,32000,2859,0.089344,131072,2731,0.020836,0,1,1
38,host-15,3,0,14,3,0,0,0.148938,0,32000,4766,0.148938,131072,6075,0.046349,0,0,3
38,host-16,2,0,14,2,0,0,0.082469,0,32000,2639,0.082469,131072,2860,0.021820,0,0,2
38,host-17,2,0,14,2,0,0,0.089156,0,32000,2853,0.089156,131072,2992,0.022827,0,0,2
38,host-18,2,0,14,2,0,0,0.087469,0,32000,2799,0.087469,131072,2422,0.018478,0,0,2
38,host-19,2,0,14,2,0,0,0.109188,0,32000,3494,0.109188,131072,2737,0.020882,0,0,2
38,host-2,2,0,14,2,0,0,0.107500,0,32000,3440,0.107500,131072,4229,0.032265,0,0,2
38,host-20,1,0,14,1,0,0,0.057844,0,32000,1851,0.057844,131072,2312,0.017639,0,0,1
38,host-21,2,0,14,2,0,0,0.084750,0,32000,2712,0.084750,131072,2431,0.018547,0,0,2
38,host-22,3,0,14,3,0,0,0.152312,0,32000,4874,0.152312,131072,5163,0.039391,0,0,3
38,host-23,2,0,14,2,0,0,0.087938,0,32000,2814,0.087938,131072,1591,0.012138,0,0,2
38,host-24,2,0,14,2,0,0,0.119438,0,32000,3822,0.119438,131072,3664,0.027954,0,0,2
38,host-3,2,0,14,2,0,0,0.125125,0,32000,4004,0.125125,131072,3999,0.030510,0,0,2
38,host-4,2,0,14,2,0,0,0.110687,0,32000,3542,0.110687,131072,3194,0.024368,0,0,2
38,host-5,2,0,14,2,0,0,0.091688,0,32000,2934,0.091688,131072,3754,0.028641,0,0,2
38,host-6,1,0,14,1,0,0,0.072250,0,32000,2312,0.072250,131072,1977,0.015083,0,0,1
38,host-7,3,0,14,3,0,0,0.116906,0,32000,3741,0.116906,131072,3073,0.023445,0,0,3
38,host-8,3,0,14,3,0,0,0.163562,0,32000,5234,0.163562,131072,5633,0.042976,0,0,3
38,host-9,2,0,14,2,0,0,0.101406,0,32000,3245,0.101406,131072,3693,0.028175,0,0,2
39,host-1,2,1,14,2,1,0,0.112594,0,32000,3603,0.112594,131072,4649,0.035469,1,0,1
39,host-10,2,0,14,2,0,0,0.130500,0,32000,4176,0.130500,131072,4137,0.031563,0,0,2
39,host-11,3,1,14,3,1,0,0.113594,0,32000,3635,0.113594,131072,4137,0.031563,1,0,2
39,host-12,3,1,14,3,1,0,0.123906,0,32000,3965,0.123906,131072,4277,0.032631,1,0,2
39,host-13,2,0,14,2,0,0,0.102938,0,32000,3294,0.102938,131072,2413,0.018410,0,0,2
39,host-14,2,0,14,2,0,0,0.089344,0,32000,2859,0.089344,131072,2731,0.020836,0,0,2
39,host-15,3,0,14,3,0,0,0.148938,0,32000,4766,0.148938,131072,6075,0.046349,0,0,3
39,host-16,3,1,14,3,1,0,0.146437,0,32000,4686,0.146437,131072,5212,0.039764,1,0,2
39,host-17,2,0,14,2,0,0,0.089156,0,32000,2853,0.089156,131072,2992,0.022827,0,0,2
39,host-18,2,0,14,2,0,0,0.087469,0,32000,2799,0.087469,131072,2422,0.018478,0,0,2
39,host-19,2,0,14,2,0,0,0.109188,0,32000,3494,0.109188,131072,2737,0.020882,0,0,2
39,host-2,2,0,14,2,0,0,0.107500,0,32000,3440,0.107500,131072,4229,0.032265,0,0,2
39,host-20,2,1,14,2,1,0,0.103031,0,32000,3297,0.103031,131072,3756,0.028656,1,0,1
39,host-21,3,1,14,3,1,0,0.135563,0,32000,4338,0.135563,131072,4014,0.030624,1,0,2
39,host-22,3,0,14,3,0,0,0.152312,0,32000,4874,0.152312,131072,5163,0.039391,0,0,3
39,host-23,2,0,14,2,0,0,0.087938,0,32000,2814,0.087938,131072,1591,0.012138,0,0,2
39,host-24,2,0,14,2,0,0,0.119438,0,32000,3822,0.119438,131072,3664,0.027954,0,0,2
39,host-3,2,0,14,2,0,0,0.125125,0,32000,4004,0.125125,131072,3999,0.030510,0,0,2
39,host-4,2,0,14,2,0,0,0.110687,0,32000,3542,0.110687,131072,3194,0.024368,0,0,2
39,host-5,2,0,14,2,0,0,0.091688,0,32000,2934,0.091688,131072,3754,0.028641,0,0,2
39,host-6,2,1,14,2,1,0,0.134437,0,32000,4302,0.134437,131072,3854,0.029404,1,0,1
39,host-7,3,0,14,3,0,0,0.116906,0,32000,3741,0.116906,131072,3073,0.023445,0,0,3
39,host-8,2,0,14,2,0,0,0.099500,0,32000,3184,0.099500,131072,2947,0.022484,0,0,2
39,host-9,2,0,14,2,0,0,0.101406,0,32000,3245,0.101406,131072,3693,0.028175,0,0,2
40,host-1,2,1,14,2,1,0,0.112594,0,32000,3603,0.112594,131072,4649,0.035469,0,1,1
40,host-10,1,0,14,1,0,0,0.072156,0,32000,2309,0.072156,131072,2949,0.022499,0,0,1
40,host-11,3,0,14,3,0,0,0.113594,0,32000,3635,0.113594,131072,4137,0.031563,0,0,3
40,host-12,2,1,14,2,1,0,0.064312,0,32000,2058,0.064312,131072,1953,0.014900,1,0,1
40,host-13,2,0,14,2,0,0,0.102938,0,32000,3294,0.102938,131072,2413,0.018410,0,0,2
40,host-14,2,0,14,2,0,0,0.089344,0,32000,2859,0.089344,131072,2731,0.020836,0,0,2
40,host-15,3,0,14,3,0,0,0.148938,0,32000,4766,0.148938,131072,6075,0.046349,0,0,3
40,host-16,3,0,14,3,0,0,0.146437,0,32000,4686,0.146437,131072,5212,0.039764,0,0,3
40,host-17,2,0,14,2,0,0,0.089156,0,32000,2853,0.089156,131072,2992,0.022827,0,0,2
40,host-18,3,1,14,3,1,0,0.151531,0,32000,4849,0.151531,131072,5108,0.038971,1,0,2
40,host-19,2,0,14,2,0,0,0.109188,0,32000,3494,0.109188,131072,2737,0.020882,0,0,2
40,host-2,2,0,14,2,0,0,0.107500,0,32000,3440,0.107500,131072,4229,0.032265,0,0,2
40,host-20,2,0,14,2,0,0,0.103031,0,32000,3297,0.103031,131072,3756,0.028656,0,0,2
40,host-21,3,1,14,3,1,0,0.135563,0,32000,4338,0.135563,131072,4014,0.030624,1,0,2
40,host-22,3,0,14,3,0,0,0.152312,0,32000,4874,0.152312,131072,5163,0.039391,0,0,3
40,host-23,1,0,14,1,0,0,0.051437,0,32000,1646,0.051437,131072,1241,0.009468,0,0,1
40,host-24,2,0,14,2,0,0,0.119438,0,32000,3822,0.119438,131072,3664,0.027954,0,0,2
40,host-3,2,0,14,2,0,0,0.125125,0,32000,4004,0.125125,131072,3999,0.030510,0,0,2
40,host-4,2,0,14,2,0,0,0.110687,0,32000,3542,0.110687,131072,3194,0.024368,0,0,2
40,host-5,2,0,14,2,0,0,0.091688,0,32000,2934,0.091688,131072,3754,0.028641,0,0,2
40,host-6,2,0,14,2,0,0,0.134437,0,32000,4302,0.134437,131072,3854,0.029404,0,0,2
40,host-7,3,0,14,3,0,0,0.116906,0,32000,3741,0.116906,131072,3073,0.023445,0,0,3
40,host-8,2,0,14,2,0,0,0.099500,0,32000,3184,0.099500,131072,2947,0.022484,0,0,2
40,host-9,2,0,14,2,0,0,0.101406,0,32000,3245,0.101406,131072,3693,0.028175,0,0,2
41,host-1,2,0,14,2,0,0,0.112594,0,32000,3603,0.112594,131072,4649,0.035469,0,0,2
41,host-10,1,0,14,1,0,0,0.072156,0,32000,2309,0.072156,131072,2949,0.022499,0,0,1
41,host-11,3,0,14,3,0,0,0.113594,0,32000,3635,0.113594,131072,4137,0.031563,0,0,3
41,host-12,2,0,14,2,0,0,0.064312,0,32000,2058,0.064312,131072,1953,0.014900,0,0,2
41,host-13,2,0,14,2,0,0,0.102938,0,32000,3294,0.102938,131072,2413,0.018410,0,0,2
41,host-14,2,0,14,2,0,0,0.089344,0,32000,2859,0.089344,131072,2731,0.020836,0,0,2
41,host-15,3,0,14,3,0,0,0.148938,0,32000,4766,0.148938,131072,6075,0.046349,0,0,3
41,host-16,3,0,14,3,0,0,0.146437,0,32000,4686,0.146437,131072,5212,0.039764,0,0,3
41,host-17,2,0,14,2,0,0,0.089156,0,32000,2853,0.089156,131072,2992,0.022827,0,0,2
41,host-18,3,0,14,3,0,0,0.151531,0,32000,4849,0.151531,131072,5108,0.038971,0,0,3
41,host-19,2,0,14,2,0,0,0.109188,0,32000,3494,0.109188,131072,2737,0.020882,0,0,2
41,host-2,2,0,14,2,0,0,0.107500,0,32000,3440,0.107500,131072,4229,0.032265,0,0,2
41,host-20,2,0,14,2,0,0,0.103031,0,32000,3297,0.103031,131072,3756,0.028656,0,0,2
41,host-21,3,0,14,3,0,0,0.135563,0,32000,4338,0.135563,131072,4014,0.030624,0,0,3
41,host-22,3,0,14,3,0,0,0.152312,0,32000,4874,0.152312,131072,5163,0.039391,0,0,3
41,host-23,1,0,14,1,0,0,0.051437,0,32000,1646,0.051437,131072,1241,0.009468,0,0,1
41,host-24,2,0,14,2,0,0,0.119438,0,32000,3822,0.119438,131072,3664,0.027954,0,0,2
41,host-3,2,0,14,2,0,0,0.125125,0,32000,4004,0.125125,131072,3999,0.030510,0,0,2
41,host-4,1,0,14,1,0,0,0.048531,0,32000,1553,0.048531,131072,1727,0.013176,0,0,1
41,host-5,2,0,14,2,0,0,0.091688,0,32000,2934,0.091688,131072,3754,0.028641,0,0,2
41,host-6,2,0,14,2,0,0,0.134437,0,32000,4302,0.134437,131072,3854,0.029404,0,0,2
41,host-7,3,0,14,3,0,0,0.116906,0,32000,3741,0.116906,131072,3073,0.023445,0,0,3
41,host-8,2,0,14,2,0,0,0.099500,0,32000,3184,0.099500,131072,2947,0.022484,0,0,2
41,host-9,2,0,14,2,0,0,0.101406,0,32000,3245,0.101406,131072,3693,0.028175,0,0,2
42,host-1,2,0,14,2,0,0,0.112594,0,32000,3603,0.112594,131072,4649,0.035469,0,0,2
42,host-10,1,0,14,1,0,0,0.072156,0,32000,2309,0.072156,131072,2949,0.022499,0,0,1
42,host-11,3,0,14,3,0,0,0.113594,0,32000,3635,0.113594,131072,4137,0.031563,0,0,3
42,host-12,2,0,14,2,0,0,0.064312,0,32000,2058,0.064312,131072,1953,0.014900,0,0,2
42,host-13,2,0,14,2,0,0,0.102938,0,32000,3294,0.102938,131072,2413,0.018410,0,0,2
42,host-14,2,0,14,2,0,0,0.089344,0,32000,2859,0.089344,131072,2731,0.020836,0,0,2
42,host-15,3,0,14,3,0,0,0.148938,0,32000,4766,0.148938,131072,6075,0.046349,0,0,3
42,host-16,3,0,14,3,0,0,0.146437,0,32000,4686,0.146437,131072,5212,0.039764,0,0,3
42,host-17,2,0,14,2,0,0,0.089156,0,32000,2853,0.089156,131072,2992,0.022827,0,0,2
42,host-18,3,0,14,3,0,0,0.151531,0,32000,4849,0.151531,131072,5108,0.038971,0,0,3
42,host-19,2,0,14,2,0,0,0.109188,0,32000,3494,0.109188,131072,2737,0.020882,0,0,2
42,host-2,2,0,14,2,0,0,0.107500,0,32000,3440,0.107500,131072,4229,0.032265,0,0,2
42,host-20,2,0,14,2,0,0,0.103031,0,32000,3297,0.103031,131072,3756,0.028656,0,0,2
42,host-21,3,0,14,3,0,0,0.135563,0,32000,4338,0.135563,131072,4014,0.030624,0,0,3
42,host-22,3,0,14,3,0,0,0.152312,0,32000,4874,0.152312,131072,5163,0.039391,0,0,3
42,host-23,1,0,14,1,0,0,0.051437,0,32000,1646,0.051437,131072,1241,0.009468,0,0,1
42,host-24,2,0,14,2,0,0,0.119438,0,32000,3822,0.119438,131072,3664,0.027954,0,0,2
42,host-3,2,0,14,2,0,0,0.125125,0,32000,4004,0.125125,131072,3999,0.030510,0,0,2
42,host-4,2,1,14,2,1,0,0.091031,0,32000,2913,0.091031,131072,2624,0.020020,1,0,1
42,host-5,2,0,14,2,0,0,0.091688,0,32000,2934,0.091688,131072,3754,0.028641,0,0,2
42,host-6,2,0,14,2,0,0,0.134437,0,32000,4302,0.134437,131072,3854,0.029404,0,0,2
42,host-7,3,0,14,3,0,0,0.116906,0,32000,3741,0.116906,131072,3073,0.023445,0,0,3
42,host-8,2,0,14,2,0,0,0.099500,0,32000,3184,0.099500,131072,2947,0.022484,0,0,2
42,host-9,2,0,14,2,0,0,0.101406,0,32000,3245,0.101406,131072,3693,0.028175,0,0,2
43,host-1,2,0,14,2,0,0,0.112594,0,32000,3603,0.112594,131072,4649,0.035469,0,0,2
43,host-10,1,0,14,1,0,0,0.072156,0,32000,2309,0.072156,131072,2949,0.022499,0,0,1
43,host-11,3,0,14,3,0,0,0.113594,0,32000,3635,0.113594,131072,4137,0.031563,0,0,3
43,host-12,2,0,14,2,0,0,0.064312,0,32000,2058,0.064312,131072,1953,0.014900,0,0,2
43,host-13,2,0,14,2,0,0,0.102938,0,32000,3294,0.102938,131072,2413,0.018410,0,0,2
43,host-14,2,0,14,2,0,0,0.089344,0,32000,2859,0.089344,131072,2731,0.020836,0,0,2
43,host-15,2,0,14,2,0,0,0.114844,0,32000,3675,0.114844,131072,4615,0.035210,0,0,2
43,host-16,3,0,14,3,0,0,0.146437,0,32000,4686,0.146437,131072,5212,0.039764,0,0,3
43,host-17,2,0,14,2,0,0,0.089156,0,32000,2853,0.089156,131072,2992,0.022827,0,0,2
43,host-18,3,0,14,3,0,0,0.151531,0,32000,4849,0.151531,131072,5108,0.038971,0,0,3
43,host-19,0,0,14,0,0,0,0.000000,0,32000,0,0.000000,131072,0,0.000000,0,0,0
43,host-2,2,0,14,2,0,0,0.107500,0,32000,3440,0.107500,131072,4229,0.032265,0,0,2
43,host-20,2,0,14,2,0,0,0.103031,0,32000,3297,0.103031,131072,3756,0.028656,0,0,2
43,host-21,2,0,14,2,0,0,0.095312,0,32000,3050,0.095312,131072,2731,0.020836,0,0,2
43,host-22,3,0,14,3,0,0,0.152312,0,32000,4874,0.152312,131072,5163,0.039391,0,0,3
43,host-23,2,1,14,2,1,0,0.083375,0,32000,2668,0.083375,131072,1822,0.013901,1,0,1
43,host-24,1,0,14,1,0,0,0.057906,0,32000,1853,0.057906,131072,1407,0.010735,0,0,1
43,host-3,1,0,14,1,0,0,0.072250,0,32000,2312,0.072250,131072,1977,0.015083,0,0,1
43,host-4,1,0,14,1,0,0,0.042500,0,32000,1360,0.042500,131072,897,0.006844,0,0,1
43,host-5,2,0,14,2,0,0,0.091688,0,32000,2934,0.091688,131072,3754,0.028641,0,0,2
43,host-6,2,0,14,2,0,0,0.134437,0,32000,4302,0.134437,131072,3854,0.029404,0,0,2
43,host-7,3,0,14,3,0,0,0.116906,0,32000,3741,0.116906,131072,3073,0.023445,0,0,3
43,host-8,2,0,14,2,0,0,0.099500,0,32000,3184,0.099500,131072,2947,0.022484,0,0,2
43,host-9,2,0,14,2,0,0,0.101406,0,32000,3245,0.101406,131072,3693,0.028175,0,0,2
44,host-1,2,0,14,2,0,0,0.112594,0,32000,3603,0.112594,131072,4649,0.035469,0,0,2
44,host-10,1,0,14,1,0,0,0.072156,0,32000,2309,0.072156,131072,2949,0.022499,0,0,1
44,host-11,3,0,14,3,0,0,0.113594,0,32000,3635,0.113594,131072,4137,0.031563,0,0,3
44,host-12,2,0,14,2,0,0,0.064312,0,32000,2058,0.064312,131072,1953,0.014900,0,0,2
44,host-13,2,0,14,2,0,0,0.102938,0,32000,3294,0.102938,131072,2413,0.018410,0,0,2
44,host-14,2,0,14,2,0,0,0.089344,0,32000,2859,0.089344,131072,2731,0.020836,0,0,2
44,host-15,1,0,14,1,0,0,0.066375,0,32000,2124,0.066375,131072,2384,0.018188,0,0,1
44,host-16,3,0,14,3,0,0,0.146437,0,32000,4686,0.146437,131072,5212,0.039764,0,0,3
44,host-17,2,0,14,2,0,0,0.089156,0,32000,2853,0.089156,131072,2992,0.022827,0,0,2
44,host-18,3,0,14,3,0,0,0.151531,0,32000,4849,0.151531,131072,5108,0.038971,0,0,3
44,host-19,0,0,14,0,0,0,0.000000,0,32000,0,0.000000,131072,0,0.000000,0,0,0
44,host-2,1,0,14,1,0,0,0.043312,0,32000,1386,0.043312,131072,1636,0.012482,0,0,1
44,host-20,2,0,14,2,0,0,0.103031,0,32000,3297,0.103031,131072,3756,0.028656,0,0,2
44,host-21,2,0,14,2,0,0,0.095312,0,32000,3050,0.095312,131072,2731,0.020836,0,0,2
44,host-22,3,0,14,3,0,0,0.152312,0,32000,4874,0.152312,131072,5163,0.039391,0,0,3
44,host-23,2,1,14,2,1,0,0.083375,0,32000,2668,0.083375,131072,1822,0.013901,1,0,1
44,host-24,1,0,14,1,0,0,0.057906,0,32000,1853,0.057906,131072,1407,0.010735,0,0,1
44,host-3,1,0,14,1,0,0,0.072250,0,32000,2312,0.072250,131072,1977,0.015083,0,0,1
44,host-4,1,0,14,1,0,0,0.042500,0,32000,1360,0.042500,131072,897,0.006844,0,0,1
44,host-5,1,0,14,1,0,0,0.056438,0,32000,1806,0.056438,131072,2124,0.016205,0,0,1
44,host-6,2,0,14,2,0,0,0.134437,0,32000,4302,0.134437,131072,3854,0.029404,0,0,2
44,host-7,3,0,14,3,0,0,0.116906,0,32000,3741,0.116906,131072,3073,0.023445,0,0,3
44,host-8,1,0,14,1,0,0,0.046562,0,32000,1490,0.046562,131072,686,0.005234,0,0,1
44,host-9,2,0,14,2,0,0,0.101406,0,32000,3245,0.101406,131072,3693,0.028175,0,0,2
45,host-1,2,0,14,2,0,0,0.112594,0,32000,3603,0.112594,131072,4649,0.035469,0,0,2
45,host-10,1,0,14,1,0,0,0.072156,0,32000,2309,0.072156,131072,2949,0.022499,0,0,1
45,host-11,3,0,14,3,0,0,0.113594,0,32000,3635,0.113594,131072,4137,0.031563,0,0,3
45,host-12,2,0,14,2,0,0,0.064312,0,32000,2058,0.064312,131072,1953,0.014900,0,0,2
45,host-13,2,0,14,2,0,0,0.102938,0,32000,3294,0.102938,131072,2413,0.018410,0,0,2
45,host-14,2,0,14,2,0,0,0.089344,0,32000,2859,0.089344,131072,2731,0.020836,0,0,2
45,host-15,1,0,14,1,0,0,0.066375,0,32000,2124,0.066375,131072,2384,0.018188,0,0,1
45,host-16,3,0,14,3,0,0,0.146437,0,32000,4686,0.146437,131072,5212,0.039764,0,0,3
45,host-17,1,0,14,1,0,0,0.057844,0,32000,1851,0.057844,131072,2312,0.017639,0,0,1
45,host-18,3,0,14,3,0,0,0.151531,0,32000,4849,0.151531,131072,5108,0.038971,0,0,3
45,host-19,1,1,14,1,1,0,0.070719,0,32000,2263,0.070719,131072,2580,0.019684,0,1,0
45,host-2,2,1,14,2,1,0,0.085000,0,32000,2720,0.085000,131072,3141,0.023964,1,0,1
45,host-20,2,0,14,2,0,0,0.103031,0,32000,3297,0.103031,131072,3756,0.028656,0,0,2
45,host-21,2,0,14,2,0,0,0.095312,0,32000,3050,0.095312,131072,2731,0.020836,0,0,2
45,host-22,3,0,14,3,0,0,0.152312,0,32000,4874,0.152312,131072,5163,0.039391,0,0,3
45,host-23,2,0,14,2,0,0,0.083375,0,32000,2668,0.083375,131072,1822,0.013901,0,0,2
45,host-24,1,0,14,1,0,0,0.057906,0,32000,1853,0.057906,131072,1407,0.010735,0,0,1
45,host-3,1,0,14,1,0,0,0.072250,0,32000,2312,0.072250,131072,1977,0.015083,0,0,1
45,host-4,2,1,14,2,1,0,0.102125,0,32000,3268,0.102125,131072,3121,0.023811,1,0,1
45,host-5,1,0,14,1,0,0,0.056438,0,32000,1806,0.056438,131072,2124,0.016205,0,0,1
45,host-6,2,0,14,2,0,0,0.134437,0,32000,4302,0.134437,131072,3854,0.029404,0,0,2
45,host-7,3,0,14,3,0,0,0.116906,0,32000,3741,0.116906,131072,3073,0.023445,0,0,3
45,host-8,2,1,14,2,1,0,0.083031,0,32000,2657,0.083031,131072,2051,0.015648,1,0,1
45,host-9,2,1,14,2,1,0,0.104750,0,32000,3352,0.104750,131072,3645,0.027809,1,0,1
46,host-1,2,0,14,2,0,0,0.112594,0,32000,3603,0.112594,131072,4649,0.035469,0,0,2
46,host-10,1,0,14,1,0,0,0.072156,0,32000,2309,0.072156,131072,2949,0.022499,0,0,1
46,host-11,3,0,14,3,0,0,0.113594,0,32000,3635,0.113594,131072,4137,0.031563,0,0,3
46,host-12,2,0,14,2,0,0,0.064312,0,32000,2058,0.064312,131072,1953,0.014900,0,0,2
46,host-13,2,0,14,2,0,0,0.102938,0,32000,3294,0.102938,131072,2413,0.018410,0,0,2
46,host-14,2,0,14,2,0,0,0.089344,0,32000,2859,0.089344,131072,2731,0.020836,0,0,2
46,host-15,1,0,14,1,0,0,0.066375,0,32000,2124,0.066375,131072,2384,0.018188,0,0,1
46,host-16,3,0,14,3,0,0,0.146437,0,32000,4686,0.146437,131072,5212,0.039764,0,0,3
46,host-17,2,1,14,2,1,0,0.118031,0,32000,3777,0.118031,131072,4122,0.031448,1,0,1
46,host-18,3,0,14,3,0,0,0.151531,0,32000,4849,0.151531,131072,5108,0.038971,0,0,3
46,host-19,1,0,14,1,0,0,0.070719,0,32000,2263,0.070719,131072,2580,0.019684,0,0,1
46,host-2,2,1,14,2,1,0,0.085000,0,32000,2720,0.085000,131072,3141,0.023964,1,0,1
46,host-20,2,0,14,2,0,0,0.103031,0,32000,3297,0.103031,131072,3756,0.028656,0,0,2
46,host-21,2,0,14,2,0,0,0.095312,0,32000,3050,0.095312,131072,2731,0.020836,0,0,2
46,host-22,3,0,14,3,0,0,0.152312,0,32000,4874,0.152312,131072,5163,0.039391,0,0,3
46,host-23,2,0,14,2,0,0,0.083375,0,32000,2668,0.083375,131072,1822,0.013901,0,0,2
46,host-24,2,1,14,2,1,0,0.124438,0,32000,3982,0.124438,131072,3628,0.027679,1,0,1
46,host-3,1,0,14,1,0,0,0.072250,0,32000,2312,0.072250,131072,1977,0.015083,0,0,1
46,host-4,2,0,14,2,0,0,0.102125,0,32000,3268,0.102125,131072,3121,0.023811,0,0,2
46,host-5,2,1,14,2,1,0,0.098125,0,32000,3140,0.098125,131072,3629,0.027687,1,0,1
46,host-6,1,0,14,1,0,0,0.062187,0,32000,1990,0.062187,131072,1877,0.014320,0,0,1
46,host-7,3,0,14,3,0,0,0.116906,0,32000,3741,0.116906,131072,3073,0.023445,0,0,3
46,host-8,2,0,14,2,0,0,0.083031,0,32000,2657,0.083031,131072,2051,0.015648,0,0,2
46,host-9,2,1,14,2,1,0,0.104750,0,32000,3352,0.104750,131072,3645,0.027809,1,0,1
47,host-1,2,0,14,2,0,0,0.112594,0,32000,3603,0.112594,131072,4649,0.035469,0,0,2
47,host-10,1,0,14,1,0,0,0.072156,0,32000,2309,0.072156,131072,2949,0.022499,0,0,1
47,host-11,3,0,14,3,0,0,0.113594,0,32000,3635,0.113594,131072,4137,0.031563,0,0,3
47,host-12,2,0,14,2,0,0,0.064312,0,32000,2058,0.064312,131072,1953,0.014900,0,0,2
47,host-13,2,0,14,2,0,0,0.102938,0,32000,3294,0.102938,131072,2413,0.018410,0,0,2
47,host-14,2,0,14,2,0,0,0.089344,0,32000,2859,0.089344,131072,2731,0.020836,0,0,2
47,host-15,1,0,14,1,0,0,0.066375,0,32000,2124,0.066375,131072,2384,0.018188,0,0,1
47,host-16,3,0,14,3,0,0,0.146437,0,32000,4686,0.146437,131072,5212,0.039764,0,0,3
47,host-17,2,0,14,2,0,0,0.118031,0,32000,3777,0.118031,131072,4122,0.031448,0,0,2
47,host-18,3,0,14,3,0,0,0.151531,0,32000,4849,0.151531,131072,5108,0.038971,0,0,3
47,host-19,1,0,14,1,0,0,0.070719,0,32000,2263,0.070719,131072,2580,0.019684,0,0,1
47,host-2,2,0,14,2,0,0,0.085000,0,32000,2720,0.085000,131072,3141,0.023964,0,0,2
47,host-20,2,0,14,2,0,0,0.103031,0,32000,3297,0.103031,131072,3756,0.028656,0,0,2
47,host-21,2,0,14,2,0,0,0.095312,0,32000,3050,0.095312,131072,2731,0.020836,0,0,2
47,host-22,3,0,14,3,0,0,0.152312,0,32000,4874,0.152312,131072,5163,0.039391,0,0,3
47,host-23,2,0,14,2,0,0,0.083375,0,32000,2668,0.083375,131072,1822,0.013901,0,0,2
47,host-24,2,1,14,2,1,0,0.124438,0,32000,3982,0.124438,131072,3628,0.027679,1,0,1
47,host-3,0,0,14,0,0,0,0.000000,0,32000,0,0.000000,131072,0,0.000000,0,0,0
47,host-4,2,0,14,2,0,0,0.102125,0,32000,3268,0.102125,131072,3121,0.023811,0,0,2
47,host-5,2,0,14,2,0,0,0.098125,0,32000,3140,0.098125,131072,3629,0.027687,0,0,2
47,host-6,1,0,14,1,0,0,0.062187,0,32000,1990,0.062187,131072,1877,0.014320,0,0,1
47,host-7,3,0,14,3,0,0,0.116906,0,32000,3741,0.116906,131072,3073,0.023445,0,0,3
47,host-8,1,1,14,1,1,0,0.036469,0,32000,1167,0.036469,131072,1365,0.010414,0,1,0
47,host-9,2,0,14,2,0,0,0.104750,0,32000,3352,0.104750,131072,3645,0.027809,0,0,2
48,host-1,2,0,14,2,0,0,0.112594,0,32000,3603,0.112594,131072,4649,0.035469,0,0,2
48,host-10,1,0,14,1,0,0,0.072156,0,32000,2309,0.072156,131072,2949,0.022499,0,0,1
48,host-11,3,0,14,3,0,0,0.113594,0,32000,3635,0.113594,131072,4137,0.031563,0,0,3
48,host-12,2,0,14,2,0,0,0.064312,0,32000,2058,0.064312,131072,1953,0.014900,0,0,2
48,host-13,2,0,14,2,0,0,0.102938,0,32000,3294,0.102938,131072,2413,0.018410,0,0,2
48,host-14,2,0,14,2,0,0,0.089344,0,32000,2859,0.089344,131072,2731,0.020836,0,0,2
48,host-15,1,0,14,1,0,0,0.066375,0,32000,2124,0.066375,131072,2384,0.018188,0,0,1
48,host-16,3,0,14,3,0,0,0.146437,0,32000,4686,0.146437,131072,5212,0.039764,0,0,3
48,host-17,2,0,14,2,0,0,0.118031,0,32000,3777,0.118031,131072,4122,0.031448,0,0,2
48,host-18,3,0,14,3,0,0,0.151531,0,32000,4849,0.151531,131072,5108,0.038971,0,0,3
48,host-19,1,0,14,1,0,0,0.070719,0,32000,2263,0.070719,131072,2580,0.019684,0,0,1
48,host-2,2,0,14,2,0,0,0.085000,0,32000,2720,0.085000,131072,3141,0.023964,0,0,2
48,host-20,2,0,14,2,0,0,0.103031,0,32000,3297,0.103031,131072,3756,0.028656,0,0,2
48,host-21,2,0,14,2,0,0,0.095312,0,32000,3050,0.095312,131072,2731,0.020836,0,0,2
48,host-22,3,0,14,3,0,0,0.152312,0,32000,4874,0.152312,131072,5163,0.039391,0,0,3
48,host-23,2,0,14,2,0,0,0.083375,0,32000,2668,0.083375,131072,1822,0.013901,0,0,2
48,host-24,2,0,14,2,0,0,0.124438,0,32000,3982,0.124438,131072,3628,0.027679,0,0,2
48,host-3,1,1,14,1,1,0,0.044781,0,32000,1433,0.044781,131072,1335,0.010185,1,0,0
48,host-4,2,0,14,2,0,0,0.102125,0,32000,3268,0.102125,131072,3121,0.023811,0,0,2
48,host-5,2,0,14,2,0,0,0.098125,0,32000,3140,0.098125,131072,3629,0.027687,0,0,2
48,host-6,1,0,14,1,0,0,0.062187,0,32000,1990,0.062187,131072,1877,0.014320,0,0,1
48,host-7,3,0,14,3,0,0,0.116906,0,32000,3741,0.116906,131072,3073,0.023445,0,0,3
48,host-8,1,0,14,1,0,0,0.036469,0,32000,1167,0.036469,131072,1365,0.010414,0,0,1
48,host-9,2,0,14,2,0,0,0.104750,0,32000,3352,0.104750,131072,3645,0.027809,0,0,2
49,host-1,2,0,14,2,0,0,0.112594,0,32000,3603,0.112594,131072,4649,0.035469,0,0,2
49,host-10,1,0,14,1,0,0,0.072156,0,32000,2309,0.072156,131072,2949,0.022499,0,0,1
49,host-11,3,0,14,3,0,0,0.113594,0,32000,3635,0.113594,131072,4137,0.031563,0,0,3
49,host-12,2,0,14,2,0,0,0.064312,0,32000,2058,0.064312,131072,1953,0.014900,0,0,2
49,host-13,2,0,14,2,0,0,0.102938,0,32000,3294,0.102938,131072,2413,0.018410,0,0,2
49,host-14,2,0,14,2,0,0,0.089344,0,32000,2859,0.089344,131072,2731,0.020836,0,0,2
49,host-15,1,0,14,1,0,0,0.066375,0,32000,2124,0.066375,131072,2384,0.018188,0,0,1
49,host-16,3,0,14,3,0,0,0.146437,0,32000,4686,0.146437,131072,5212,0.039764,0,0,3
49,host-17,2,0,14,2,0,0,0.118031,0,32000,3777,0.118031,131072,4122,0.031448,0,0,2
49,host-18,3,0,14,3,0,0,0.151531,0,32000,4849,0.151531,131072,5108,0.038971,0,0,3
49,host-19,1,0,14,1,0,0,0.070719,0,32000,2263,0.070719,131072,2580,0.019684,0,0,1
49,host-2,2,0,14,2,0,0,0.085000,0,32000,2720,0.085000,131072,3141,0.023964,0,0,2
49,host-20,2,0,14,2,0,0,0.103031,0,32000,3297,0.103031,131072,3756,0.028656,0,0,2
49,host-21,2,0,14,2,0,0,0.095312,0,32000,3050,0.095312,131072,2731,0.020836,0,0,2
49,host-22,3,1,14,3,1,0,0.152312,0,32000,4874,0.152312,131072,5163,0.039391,0,1,2
49,host-23,2,0,14,2,0,0,0.083375,0,32000,2668,0.083375,131072,1822,0.013901,0,0,2
49,host-24,2,0,14,2,0,0,0.124438,0,32000,3982,0.124438,131072,3628,0.027679,0,0,2
49,host-3,1,0,14,1,0,0,0.044781,0,32000,1433,0.044781,131072,1335,0.010185,0,0,1
49,host-4,2,0,14,2,0,0,0.102125,0,32000,3268,0.102125,131072,3121,0.023811,0,0,2
49,host-5,2,0,14,2,0,0,0.098125,0,32000,3140,0.098125,131072,3629,0.027687,0,0,2
49,host-6,1,0,14,1,0,0,0.062187,0,32000,1990,0.062187,131072,1877,0.014320,0,0,1
49,host-7,3,0,14,3,0,0,0.116906,0,32000,3741,0.116906,131072,3073,0.023445,0,0,3
49,host-8,1,0,14,1,0,0,0.036469,0,32000,1167,0.036469,131072,1365,0.010414,0,0,1
49,host-9,2,0,14,2,0,0,0.104750,0,32000,3352,0.104750,131072,3645,0.027809,0,0,2
50,host-1,2,0,14,2,0,0,0.112594,0,32000,3603,0.112594,131072,4649,0.035469,0,0,2
50,host-10,1,0,14,1,0,0,0.072156,0,32000,2309,0.072156,131072,2949,0.022499,0,0,1
50,host-11,3,0,14,3,0,0,0.113594,0,32000,3635,0.113594,131072,4137,0.031563,0,0,3
50,host-12,2,0,14,2,0,0,0.064312,0,32000,2058,0.064312,131072,1953,0.014900,0,0,2
50,host-13,2,0,14,2,0,0,0.102938,0,32000,3294,0.102938,131072,2413,0.018410,0,0,2
50,host-14,2,0,14,2,0,0,0.089344,0,32000,2859,0.089344,131072,2731,0.020836,0,0,2
50,host-15,1,0,14,1,0,0,0.066375,0,32000,2124,0.066375,131072,2384,0.018188,0,0,1
50,host-16,3,0,14,3,0,0,0.146437,0,32000,4686,0.146437,131072,5212,0.039764,0,0,3
50,host-17,2,0,14,2,0,0,0.118031,0,32000,3777,0.118031,131072,4122,0.031448,0,0,2
50,host-18,3,0,14,3,0,0,0.151531,0,32000,4849,0.151531,131072,5108,0.038971,0,0,3
50,host-19,1,0,14,1,0,0,0.070719,0,32000,2263,0.070719,131072,2580,0.019684,0,0,1
50,host-2,2,0,14,2,0,0,0.085000,0,32000,2720,0.085000,131072,3141,0.023964,0,0,2
50,host-20,2,0,14,2,0,0,0.103031,0,32000,3297,0.103031,131072,3756,0.028656,0,0,2
50,host-21,2,0,14,2,0,0,0.095312,0,32000,3050,0.095312,131072,2731,0.020836,0,0,2
50,host-22,2,0,14,2,0,0,0.115406,0,32000,3693,0.115406,131072,4450,0.033951,0,0,2
50,host-23,2,0,14,2,0,0,0.083375,0,32000,2668,0.083375,131072,1822,0.013901,0,0,2
50,host-24,2,0,14,2,0,0,0.124438,0,32000,3982,0.124438,131072,3628,0.027679,0,0,2
50,host-3,1,0,14,1,0,0,0.044781,0,32000,1433,0.044781,131072,1335,0.010185,0,0,1
50,host-4,2,0,14,2,0,0,0.102125,0,32000,3268,0.102125,131072,3121,0.023811,0,0,2
50,host-5,2,0,14,2,0,0,0.098125,0,32000,3140,0.098125,131072,3629,0.027687,0,0,2
50,host-6,1,0,14,1,0,0,0.062187,0,32000,1990,0.062187,131072,1877,0.014320,0,0,1
50,host-7,3,0,14,3,0,0,0.116906,0,32000,3741,0.116906,131072,3073,0.023445,0,0,3
50,host-8,2,1,14,2,1,0,0.079281,0,32000,2537,0.079281,131072,2562,0.019547,1,0,1
50,host-9,2,0,14,2,0,0,0.104750,0,32000,3352,0.104750,131072,3645,0.027809,0,0,2
51,host-1,2,0,14,2,0,0,0.112594,0,32000,3603,0.112594,131072,4649,0.035469,0,0,2
51,host-10,2,1,14,2,1,0,0.128562,0,32000,4114,0.128562,131072,4625,0.035286,1,0,1
51,host-11,3,0,14,3,0,0,0.113594,0,32000,3635,0.113594,131072,4137,0.031563,0,0,3
51,host-12,3,1,14,3,1,0,0.099562,0,32000,3186,0.099562,131072,3583,0.027336,1,0,2
51,host-13,2,0,14,2,0,0,0.102938,0,32000,3294,0.102938,131072,2413,0.018410,0,0,2
51,host-14,3,2,14,3,2,0,0.124906,0,32000,3997,0.124906,131072,3574,0.027267,2,0,1
51,host-15,2,1,14,2,1,0,0.107656,0,32000,3445,0.107656,131072,4005,0.030556,1,0,1
51,host-16,2,0,14,2,0,0,0.114906,0,32000,3677,0.114906,131072,3885,0.029640,0,0,2
51,host-17,2,0,14,2,0,0,0.118031,0,32000,3777,0.118031,131072,4122,0.031448,0,0,2
51,host-18,3,0,14,3,0,0,0.151531,0,32000,4849,0.151531,131072,5108,0.038971,0,0,3
51,host-19,2,1,14,2,1,0,0.115219,0,32000,3687,0.115219,131072,3789,0.028908,1,0,1
51,host-2,2,0,14,2,0,0,0.085000,0,32000,2720,0.085000,131072,3141,0.023964,0,0,2
51,host-20,2,0,14,2,0,0,0.103031,0,32000,3297,0.103031,131072,3756,0.028656,0,0,2
51,host-21,2,0,14,2,0,0,0.095312,0,32000,3050,0.095312,131072,2731,0.020836,0,0,2
51,host-22,2,0,14,2,0,0,0.115406,0,32000,3693,0.115406,131072,4450,0.033951,0,0,2
51,host-23,3,1,14,3,1,0,0.146563,0,32000,4690,0.146563,131072,4091,0.031212,1,0,2
51,host-24,2,0,14,2,0,0,0.124438,0,32000,3982,0.124438,131072,3628,0.027679,0,0,2
51,host-3,2,0,14,2,0,0,0.086094,0,32000,2755,0.086094,131072,2718,0.020737,0,0,2
51,host-4,2,0,14,2,0,0,0.102125,0,32000,3268,0.102125,131072,3121,0.023811,0,0,2
51,host-5,2,0,14,2,0,0,0.098125,0,32000,3140,0.098125,131072,3629,0.027687,0,0,2
51,host-6,2,1,14,2,1,0,0.117125,0,32000,3748,0.117125,131072,3695,0.028191,1,0,1
51,host-7,3,0,14,3,0,0,0.116906,0,32000,3741,0.116906,131072,3073,0.023445,0,0,3
51,host-8,3,2,14,3,2,0,0.132219,0,32000,4231,0.132219,131072,4823,0.036797,2,0,1
51,host-9,2,0,14,2,0,0,0.104750,0,32000,3352,0.104750,131072,3645,0.027809,0,0,2
52,host-1,1,0,14,1,0,0,0.068125,0,32000,2180,0.068125,131072,2731,0.020836,0,0,1
52,host-10,2,1,14,2,1,0,0.128562,0,32000,4114,0.128562,131072,4625,0.035286,1,0,1
52,host-11,2,0,14,2,0,0,0.083187,0,32000,2662,0.083187,131072,2579,0.019676,0,0,2
52,host-12,2,1,14,2,1,0,0.073594,0,32000,2355,0.073594,131072,2534,0.019333,1,0,1
52,host-13,2,0,14,2,0,0,0.102938,0,32000,3294,0.102938,131072,2413,0.018410,0,0,2
52,host-14,3,1,14,3,1,0,0.124906,0,32000,3997,0.124906,131072,3574,0.027267,1,0,2
52,host-15,2,1,14,2,1,0,0.107656,0,32000,3445,0.107656,131072,4005,0.030556,1,0,1
52,host-16,2,0,14,2,0,0,0.114906,0,32000,3677,0.114906,131072,3885,0.029640,0,0,2
52,host-17,2,0,14,2,0,0,0.118031,0,32000,3777,0.118031,131072,4122,0.031448,0,0,2
52,host-18,3,0,14,3,0,0,0.151531,0,32000,4849,0.151531,131072,5108,0.038971,0,0,3
52,host-19,2,1,14,2,1,0,0.115219,0,32000,3687,0.115219,131072,3789,0.028908,1,0,1
52,host-2,3,1,14,3,1,0,0.111875,0,32000,3580,0.111875,131072,3672,0.028015,1,0,2
52,host-20,1,0,14,1,0,0,0.045187,0,32000,1446,0.045187,131072,1444,0.011017,0,0,1
52,host-21,2,0,14,2,0,0,0.095312,0,32000,3050,0.095312,131072,2731,0.020836,0,0,2
52,host-22,2,0,14,2,0,0,0.115406,0,32000,3693,0.115406,131072,4450,0.033951,0,0,2
52,host-23,3,0,14,3,0,0,0.146563,0,32000,4690,0.146563,131072,4091,0.031212,0,0,3
52,host-24,2,0,14,2,0,0,0.124438,0,32000,3982,0.124438,131072,3628,0.027679,0,0,2
52,host-3,3,1,14,3,1,0,0.145031,0,32000,4641,0.145031,131072,5039,0.038445,1,0,2
52,host-4,2,0,14,2,0,0,0.102125,0,32000,3268,0.102125,131072,3121,0.023811,0,0,2
52,host-5,1,0,14,1,0,0,0.041688,0,32000,1334,0.041688,131072,1505,0.011482,0,0,1
52,host-6,2,1,14,2,1,0,0.117125,0,32000,3748,0.117125,131072,3695,0.028191,1,0,1
52,host-7,3,0,14,3,0,0,0.116906,0,32000,3741,0.116906,131072,3073,0.023445,0,0,3
52,host-8,3,0,14,3,0,0,0.132219,0,32000,4231,0.132219,131072,4823,0.036797,0,0,3
52,host-9,2,0,14,2,0,0,0.104750,0,32000,3352,0.104750,131072,3645,0.027809,0,0,2
53,host-1,1,0,14,1,0,0,0.068125,0,32000,2180,0.068125,131072,2731,0.020836,0,0,1
53,host-10,2,0,14,2,0,0,0.128562,0,32000,4114,0.128562,131072,4625,0.035286,0,0,2
53,host-11,2,0,14,2,0,0,0.083187,0,32000,2662,0.083187,131072,2579,0.019676,0,0,2
53,host-12,2,0,14,2,0,0,0.073594,0,32000,2355,0.073594,131072,2534,0.019333,0,0,2
53,host-13,2,0,14,2,0,0,0.102938,0,32000,3294,0.102938,131072,2413,0.018410,0,0,2
53,host-14,3,0,14,3,0,0,0.124906,0,32000,3997,0.124906,131072,3574,0.027267,0,0,3
53,host-15,2,0,14,2,0,0,0.107656,0,32000,3445,0.107656,131072,4005,0.030556,0,0,2
53,host-16,2,0,14,2,0,0,0.114906,0,32000,3677,0.114906,131072,3885,0.029640,0,0,2
53,host-17,2,0,14,2,0,0,0.118031,0,32000,3777,0.118031,131072,4122,0.031448,0,0,2
53,host-18,3,0,14,3,0,0,0.151531,0,32000,4849,0.151531,131072,5108,0.038971,0,0,3
53,host-19,2,0,14,2,0,0,0.115219,0,32000,3687,0.115219,131072,3789,0.028908,0,0,2
53,host-2,3,0,14,3,0,0,0.111875,0,32000,3580,0.111875,131072,3672,0.028015,0,0,3
53,host-20,1,0,14,1,0,0,0.045187,0,32000,1446,0.045187,131072,1444,0.011017,0,0,1
53,host-21,2,0,14,2,0,0,0.095312,0,32000,3050,0.095312,131072,2731,0.020836,0,0,2
53,host-22,2,0,14,2,0,0,0.115406,0,32000,3693,0.115406,131072,4450,0.033951,0,0,2
53,host-23,2,0,14,2,0,0,0.095125,0,32000,3044,0.095125,131072,2850,0.021744,0,0,2
53,host-24,2,0,14,2,0,0,0.124438,0,32000,3982,0.124438,131072,3628,0.027679,0,0,2
53,host-3,3,1,14,3,1,0,0.145031,0,32000,4641,0.145031,131072,5039,0.038445,0,1,2
53,host-4,2,0,14,2,0,0,0.102125,0,32000,3268,0.102125,131072,3121,0.023811,0,0,2
53,host-5,2,1,14,2,1,0,0.091969,0,32000,2943,0.091969,131072,3034,0.023148,1,0,1
53,host-6,2,0,14,2,0,0,0.117125,0,32000,3748,0.117125,131072,3695,0.028191,0,0,2
53,host-7,2,0,14,2,0,0,0.085062,0,32000,2722,0.085062,131072,2510,0.019150,0,0,2
53,host-8,3,0,14,3,0,0,0.132219,0,32000,4231,0.132219,131072,4823,0.036797,0,0,3
53,host-9,2,0,14,2,0,0,0.104750,0,32000,3352,0.104750,131072,3645,0.027809,0,0,2
54,host-1,2,1,14,2,1,0,0.111250,0,32000,3560,0.111250,131072,3980,0.030365,1,0,1
54,host-10,2,0,14,2,0,0,0.128562,0,32000,4114,0.128562,131072,4625,0.035286,0,0,2
54,host-11,2,0,14,2,0,0,0.083187,0,32000,2662,0.083187,131072,2579,0.019676,0,0,2
54,host-12,3,1,14,3,1,0,0.121563,0,32000,3890,0.121563,131072,4059,0.030968,1,0,2
54,host-13,2,1,14,2,1,0,0.132469,0,32000,4239,0.132469,131072,3565,0.027199,1,0,1
54,host-14,3,0,14,3,0,0,0.124906,0,32000,3997,0.124906,131072,3574,0.027267,0,0,3
54,host-15,2,0,14,2,0,0,0.107656,0,32000,3445,0.107656,131072,4005,0.030556,0,0,2
54,host-16,2,0,14,2,0,0,0.114906,0,32000,3677,0.114906,131072,3885,0.029640,0,0,2
54,host-17,1,0,14,1,0,0,0.060187,0,32000,1926,0.060187,131072,1810,0.013809,0,0,1
54,host-18,3,0,14,3,0,0,0.151531,0,32000,4849,0.151531,131072,5108,0.038971,0,0,3
54,host-19,2,0,14,2,0,0,0.115219,0,32000,3687,0.115219,131072,3789,0.028908,0,0,2
54,host-2,3,0,14,3,0,0,0.111875,0,32000,3580,0.111875,131072,3672,0.028015,0,0,3
54,host-20,2,0,14,2,0,0,0.083437,0,32000,2670,0.083437,131072,2277,0.017372,0,0,2
54,host-21,2,0,14,2,0,0,0.095312,0,32000,3050,0.095312,131072,2731,0.020836,0,0,2
54,host-22,2,0,14,2,0,0,0.115406,0,32000,3693,0.115406,131072,4450,0.033951,0,0,2
54,host-23,2,0,14,2,0,0,0.095125,0,32000,3044,0.095125,131072,2850,0.021744,0,0,2
54,host-24,2,0,14,2,0,0,0.124438,0,32000,3982,0.124438,131072,3628,0.027679,0,0,2
54,host-3,3,0,14,3,0,0,0.145031,0,32000,4641,0.145031,131072,5039,0.038445,0,0,3
54,host-4,2,0,14,2,0,0,0.102125,0,32000,3268,0.102125,131072,3121,0.023811,0,0,2
54,host-5,2,1,14,2,1,0,0.091969,0,32000,2943,0.091969,131072,3034,0.023148,1,0,1
54,host-6,2,0,14,2,0,0,0.117125,0,32000,3748,0.117125,131072,3695,0.028191,0,0,2
54,host-7,2,0,14,2,0,0,0.085062,0,32000,2722,0.085062,131072,2510,0.019150,0,0,2
54,host-8,3,0,14,3,0,0,0.132219,0,32000,4231,0.132219,131072,4823,0.036797,0,0,3
54,host-9,2,0,14,2,0,0,0.104750,0,32000,3352,0.104750,131072,3645,0.027809,0,0,2
55,host-1,2,1,14,2,1,0,0.111250,0,32000,3560,0.111250,131072,3980,0.030365,0,1,1
55,host-10,1,0,14,1,0,0,0.056406,0,32000,1805,0.056406,131072,1676,0.012787,0,0,1
55,host-11,2,0,14,2,0,0,0.083187,0,32000,2662,0.083187,131072,2579,0.019676,0,0,2
55,host-12,3,1,14,3,1,0,0.121563,0,32000,3890,0.121563,131072,4059,0.030968,0,1,2
55,host-13,2,1,14,2,1,0,0.132469,0,32000,4239,0.132469,131072,3565,0.027199,1,0,1
55,host-14,3,0,14,3,0,0,0.124906,0,32000,3997,0.124906,131072,3574,0.027267,0,0,3
55,host-15,2,0,14,2,0,0,0.107656,0,32000,3445,0.107656,131072,4005,0.030556,0,0,2
55,host-16,2,0,14,2,0,0,0.114906,0,32000,3677,0.114906,131072,3885,0.029640,0,0,2
55,host-17,2,1,14,2,1,0,0.134313,0,32000,4298,0.134313,131072,4187,0.031944,1,0,1
55,host-18,2,0,14,2,0,0,0.121969,0,32000,3903,0.121969,131072,4093,0.031227,0,0,2
55,host-19,2,0,14,2,0,0,0.115219,0,32000,3687,0.115219,131072,3789,0.028908,0,0,2
55,host-2,3,0,14,3,0,0,0.111875,0,32000,3580,0.111875,131072,3672,0.028015,0,0,3
55,host-20,2,0,14,2,0,0,0.083437,0,32000,2670,0.083437,131072,2277,0.017372,0,0,2
55,host-21,2,0,14,2,0,0,0.095312,0,32000,3050,0.095312,131072,2731,0.020836,0,0,2
55,host-22,2,0,14,2,0,0,0.115406,0,32000,3693,0.115406,131072,4450,0.033951,0,0,2
55,host-23,2,0,14,2,0,0,0.095125,0,32000,3044,0.095125,131072,2850,0.021744,0,0,2
55,host-24,2,0,14,2,0,0,0.124438,0,32000,3982,0.124438,131072,3628,0.027679,0,0,2
55,host-3,3,0,14,3,0,0,0.145031,0,32000,4641,0.145031,131072,5039,0.038445,0,0,3
55,host-4,2,0,14,2,0,0,0.102125,0,32000,3268,0.102125,131072,3121,0.023811,0,0,2
55,host-5,2,0,14,2,0,0,0.091969,0,32000,2943,0.091969,131072,3034,0.023148,0,0,2
55,host-6,2,0,14,2,0,0,0.117125,0,32000,3748,0.117125,131072,3695,0.028191,0,0,2
55,host-7,2,0,14,2,0,0,0.085062,0,32000,2722,0.085062,131072,2510,0.019150,0,0,2
55,host-8,3,0,14,3,0,0,0.132219,0,32000,4231,0.132219,131072,4823,0.036797,0,0,3
55,host-9,2,0,14,2,0,0,0.104750,0,32000,3352,0.104750,131072,3645,0.027809,0,0,2
56,host-1,2,0,14,2,0,0,0.111250,0,32000,3560,0.111250,131072,3980,0.030365,0,0,2
56,host-10,1,0,14,1,0,0,0.056406,0,32000,1805,0.056406,131072,1676,0.012787,0,0,1
56,host-11,2,0,14,2,0,0,0.083187,0,32000,2662,0.083187,131072,2579,0.019676,0,0,2
56,host-12,3,0,14,3,0,0,0.121563,0,32000,3890,0.121563,131072,4059,0.030968,0,0,3
56,host-13,2,0,14,2,0,0,0.132469,0,32000,4239,0.132469,131072,3565,0.027199,0,0,2
56,host-14,3,0,14,3,0,0,0.124906,0,32000,3997,0.124906,131072,3574,0.027267,0,0,3
56,host-15,2,0,14,2,0,0,0.107656,0,32000,3445,0.107656,131072,4005,0.030556,0,0,2
56,host-16,2,0,14,2,0,0,0.114906,0,32000,3677,0.114906,131072,3885,0.029640,0,0,2
56,host-17,2,0,14,2,0,0,0.134313,0,32000,4298,0.134313,131072,4187,0.031944,0,0,2
56,host-18,2,1,14,2,1,0,0.121969,0,32000,3903,0.121969,131072,4093,0.031227,0,1,1
56,host-19,2,0,14,2,0,0,0.115219,0,32000,3687,0.115219,131072,3789,0.028908,0,0,2
56,host-2,3,0,14,3,0,0,0.111875,0,32000,3580,0.111875,131072,3672,0.028015,0,0,3
56,host-20,2,0,14,2,0,0,0.083437,0,32000,2670,0.083437,131072,2277,0.017372,0,0,2
56,host-21,2,1,14,2,1,0,0.095312,0,32000,3050,0.095312,131072,2731,0.020836,0,1,1
56,host-22,2,0,14,2,0,0,0.115406,0,32000,3693,0.115406,131072,4450,0.033951,0,0,2
56,host-23,2,0,14,2,0,0,0.095125,0,32000,3044,0.095125,131072,2850,0.021744,0,0,2
56,host-24,2,0,14,2,0,0,0.124438,0,32000,3982,0.124438,131072,3628,0.027679,0,0,2
56,host-3,3,0,14,3,0,0,0.145031,0,32000,4641,0.145031,131072,5039,0.038445,0,0,3
56,host-4,2,0,14,2,0,0,0.102125,0,32000,3268,0.102125,131072,3121,0.023811,0,0,2
56,host-5,2,0,14,2,0,0,0.091969,0,32000,2943,0.091969,131072,3034,0.023148,0,0,2
56,host-6,2,0,14,2,0,0,0.117125,0,32000,3748,0.117125,131072,3695,0.028191,0,0,2
56,host-7,2,0,14,2,0,0,0.085062,0,32000,2722,0.085062,131072,2510,0.019150,0,0,2
56,host-8,3,0,14,3,0,0,0.132219,0,32000,4231,0.132219,131072,4823,0.036797,0,0,3
56,host-9,2,0,14,2,0,0,0.104750,0,32000,3352,0.104750,131072,3645,0.027809,0,0,2
57,host-1,2,0,14,2,0,0,0.111250,0,32000,3560,0.111250,131072,3980,0.030365,0,0,2
57,host-10,1,0,14,1,0,0,0.056406,0,32000,1805,0.056406,131072,1676,0.012787,0,0,1
57,host-11,2,0,14,2,0,0,0.083187,0,32000,2662,0.083187,131072,2579,0.019676,0,0,2
57,host-12,3,0,14,3,0,0,0.121563,0,32000,3890,0.121563,131072,4059,0.030968,0,0,3
57,host-13,2,0,14,2,0,0,0.132469,0,32000,4239,0.132469,131072,3565,0.027199,0,0,2
57,host-14,3,0,14,3,0,0,0.124906,0,32000,3997,0.124906,131072,3574,0.027267,0,0,3
57,host-15,2,0,14,2,0,0,0.107656,0,32000,3445,0.107656,131072,4005,0.030556,0,0,2
57,host-16,2,0,14,2,0,0,0.114906,0,32000,3677,0.114906,131072,3885,0.029640,0,0,2
57,host-17,2,0,14,2,0,0,0.134313,0,32000,4298,0.134313,131072,4187,0.031944,0,0,2
57,host-18,2,0,14,2,0,0,0.121969,0,32000,3903,0.121969,131072,4093,0.031227,0,0,2
57,host-19,2,0,14,2,0,0,0.115219,0,32000,3687,0.115219,131072,3789,0.028908,0,0,2
57,host-2,3,0,14,3,0,0,0.111875,0,32000,3580,0.111875,131072,3672,0.028015,0,0,3
57,host-20,2,0,14,2,0,0,0.083437,0,32000,2670,0.083437,131072,2277,0.017372,0,0,2
57,host-21,2,0,14,2,0,0,0.095312,0,32000,3050,0.095312,131072,2731,0.020836,0,0,2
57,host-22,2,0,14,2,0,0,0.115406,0,32000,3693,0.115406,131072,4450,0.033951,0,0,2
57,host-23,2,0,14,2,0,0,0.095125,0,32000,3044,0.095125,131072,2850,0.021744,0,0,2
57,host-24,2,0,14,2,0,0,0.124438,0,32000,3982,0.124438,131072,3628,0.027679,0,0,2
57,host-3,3,0,14,3,0,0,0.145031,0,32000,4641,0.145031,131072,5039,0.038445,0,0,3
57,host-4,2,0,14,2,0,0,0.102125,0,32000,3268,0.102125,131072,3121,0.023811,0,0,2
57,host-5,2,0,14,2,0,0,0.091969,0,32000,2943,0.091969,131072,3034,0.023148,0,0,2
57,host-6,2,0,14,2,0,0,0.117125,0,32000,3748,0.117125,131072,3695,0.028191,0,0,2
57,host-7,1,0,14,1,0,0,0.054562,0,32000,1746,0.054562,131072,1249,0.009529,0,0,1
57,host-8,3,0,14,3,0,0,0.132219,0,32000,4231,0.132219,131072,4823,0.036797,0,0,3
57,host-9,2,0,14,2,0,0,0.104750,0,32000,3352,0.104750,131072,3645,0.027809,0,0,2
58,host-1,2,0,14,2,0,0,0.111250,0,32000,3560,0.111250,131072,3980,0.030365,0,0,2
58,host-10,1,0,14,1,0,0,0.056406,0,32000,1805,0.056406,131072,1676,0.012787,0,0,1
58,host-11,2,0,14,2,0,0,0.083187,0,32000,2662,0.083187,131072,2579,0.019676,0,0,2
58,host-12,3,0,14,3,0,0,0.121563,0,32000,3890,0.121563,131072,4059,0.030968,0,0,3
58,host-13,1,0,14,1,0,0,0.074125,0,32000,2372,0.074125,131072,2377,0.018135,0,0,1
58,host-14,3,0,14,3,0,0,0.124906,0,32000,3997,0.124906,131072,3574,0.027267,0,0,3
58,host-15,2,0,14,2,0,0,0.107656,0,32000,3445,0.107656,131072,4005,0.030556,0,0,2
58,host-16,2,0,14,2,0,0,0.114906,0,32000,3677,0.114906,131072,3885,0.029640,0,0,2
58,host-17,2,0,14,2,0,0,0.134313,0,32000,4298,0.134313,131072,4187,0.031944,0,0,2
58,host-18,2,0,14,2,0,0,0.121969,0,32000,3903,0.121969,131072,4093,0.031227,0,0,2
58,host-19,2,0,14,2,0,0,0.115219,0,32000,3687,0.115219,131072,3789,0.028908,0,0,2
58,host-2,2,0,14,2,0,0,0.068562,0,32000,2194,0.068562,131072,2036,0.015533,0,0,2
58,host-20,2,0,14,2,0,0,0.083437,0,32000,2670,0.083437,131072,2277,0.017372,0,0,2
58,host-21,1,0,14,1,0,0,0.050812,0,32000,1626,0.050812,131072,1583,0.012077,0,0,1
58,host-22,2,0,14,2,0,0,0.115406,0,32000,3693,0.115406,131072,4450,0.033951,0,0,2
58,host-23,2,0,14,2,0,0,0.095125,0,32000,3044,0.095125,131072,2850,0.021744,0,0,2
58,host-24,2,0,14,2,0,0,0.124438,0,32000,3982,0.124438,131072,3628,0.027679,0,0,2
58,host-3,3,0,14,3,0,0,0.145031,0,32000,4641,0.145031,131072,5039,0.038445,0,0,3
58,host-4,2,0,14,2,0,0,0.102125,0,32000,3268,0.102125,131072,3121,0.023811,0,0,2
58,host-5,2,0,14,2,0,0,0.091969,0,32000,2943,0.091969,131072,3034,0.023148,0,0,2
58,host-6,2,0,14,2,0,0,0.117125,0,32000,3748,0.117125,131072,3695,0.028191,0,0,2
58,host-7,0,0,14,0,0,0,0.000000,0,32000,0,0.000000,131072,0,0.000000,0,0,0
58,host-8,3,0,14,3,0,0,0.132219,0,32000,4231,0.132219,131072,4823,0.036797,0,0,3
58,host-9,2,0,14,2,0,0,0.104750,0,32000,3352,0.104750,131072,3645,0.027809,0,0,2
59,host-1,2,0,14,2,0,0,0.111250,0,32000,3560,0.111250,131072,3980,0.030365,0,0,2
59,host-10,1,0,14,1,0,0,0.056406,0,32000,1805,0.056406,131072,1676,0.012787,0,0,1
59,host-11,1,0,14,1,0,0,0.034813,0,32000,1114,0.034813,131072,1536,0.011719,0,0,1
59,host-12,3,0,14,3,0,0,0.121563,0,32000,3890,0.121563,131072,4059,0.030968,0,0,3
59,host-13,1,0,14,1,0,0,0.074125,0,32000,2372,0.074125,131072,2377,0.018135,0,0,1
59,host-14,2,0,14,2,0,0,0.080031,0,32000,2561,0.080031,131072,2761,0.021065,0,0,2
59,host-15,2,0,14,2,0,0,0.107656,0,32000,3445,0.107656,131072,4005,0.030556,0,0,2
59,host-16,2,0,14,2,0,0,0.114906,0,32000,3677,0.114906,131072,3885,0.029640,0,0,2
59,host-17,2,0,14,2,0,0,0.134313,0,32000,4298,0.134313,131072,4187,0.031944,0,0,2
59,host-18,2,0,14,2,0,0,0.121969,0,32000,3903,0.121969,131072,4093,0.031227,0,0,2
59,host-19,2,0,14,2,0,0,0.115219,0,32000,3687,0.115219,131072,3789,0.028908,0,0,2
59,host-2,2,0,14,2,0,0,0.068562,0,32000,2194,0.068562,131072,2036,0.015533,0,0,2
59,host-20,2,0,14,2,0,0,0.083437,0,32000,2670,0.083437,131072,2277,0.017372,0,0,2
59,host-21,1,0,14,1,0,0,0.050812,0,32000,1626,0.050812,131072,1583,0.012077,0,0,1
59,host-22,2,0,14,2,0,0,0.115406,0,32000,3693,0.115406,131072,4450,0.033951,0,0,2
59,host-23,2,0,14,2,0,0,0.095125,0,32000,3044,0.095125,131072,2850,0.021744,0,0,2
59,host-24,2,0,14,2,0,0,0.124438,0,32000,3982,0.124438,131072,3628,0.027679,0,0,2
59,host-3,3,0,14,3,0,0,0.145031,0,32000,4641,0.145031,131072,5039,0.038445,0,0,3
59,host-4,2,0,14,2,0,0,0.102125,0,32000,3268,0.102125,131072,3121,0.023811,0,0,2
59,host-5,2,0,14,2,0,0,0.091969,0,32000,2943,0.091969,131072,3034,0.023148,0,0,2
59,host-6,2,0,14,2,0,0,0.117125,0,32000,3748,0.117125,131072,3695,0.028191,0,0,2
59,host-7,0,0,14,0,0,0,0.000000,0,32000,0,0.000000,131072,0,0.000000,0,0,0
59,host-8,3,0,14,3,0,0,0.132219,0,32000,4231,0.132219,131072,4823,0.036797,0,0,3
59,host-9,2,0,14,2,0,0,0.104750,0,32000,3352,0.104750,131072,3645,0.027809,0,0,2
60,host-1,2,0,14,2,0,0,0.111250,0,32000,3560,0.111250,131072,3980,0.030365,0,0,2
60,host-10,1,0,14,1,0,0,0.056406,0,32000,1805,0.056406,131072,1676,0.012787,0,0,1
60,host-11,0,0,14,0,0,0,0.000000,0,32000,0,0.000000,131072,0,0.000000,0,0,0
60,host-12,3,0,14,3,0,0,0.121563,0,32000,3890,0.121563,131072,4059,0.030968,0,0,3
60,host-13,1,0,14,1,0,0,0.074125,0,32000,2372,0.074125,131072,2377,0.018135,0,0,1
60,host-14,2,0,14,2,0,0,0.080031,0,32000,2561,0.080031,131072,2761,0.021065,0,0,2
60,host-15,2,0,14,2,0,0,0.107656,0,32000,3445,0.107656,131072,4005,0.030556,0,0,2
60,host-16,1,0,14,1,0,0,0.050937,0,32000,1630,0.050937,131072,1533,0.011696,0,0,1
60,host-17,2,0,14,2,0,0,0.134313,0,32000,4298,0.134313,131072,4187,0.031944,0,0,2
60,host-18,2,0,14,2,0,0,0.121969,0,32000,3903,0.121969,131072,4093,0.031227,0,0,2
60,host-19,2,0,14,2,0,0,0.115219,0,32000,3687,0.115219,131072,3789,0.028908,0,0,2
60,host-2,2,0,14,2,0,0,0.068562,0,32000,2194,0.068562,131072,2036,0.015533,0,0,2
60,host-20,1,0,14,1,0,0,0.038250,0,32000,1224,0.038250,131072,833,0.006355,0,0,1
60,host-21,1,0,14,1,0,0,0.050812,0,32000,1626,0.050812,131072,1583,0.012077,0,0,1
60,host-22,2,0,14,2,0,0,0.115406,0,32000,3693,0.115406,131072,4450,0.033951,0,0,2
60,host-23,2,0,14,2,0,0,0.095125,0,32000,3044,0.095125,131072,2850,0.021744,0,0,2
60,host-24,2,0,14,2,0,0,0.124438,0,32000,3982,0.124438,131072,3628,0.027679,0,0,2
60,host-3,3,0,14,3,0,0,0.145031,0,32000,4641,0.145031,131072,5039,0.038445,0,0,3
60,host-4,2,0,14,2,0,0,0.102125,0,32000,3268,0.102125,131072,3121,0.023811,0,0,2
60,host-5,2,0,14,2,0,0,0.091969,0,32000,2943,0.091969,131072,3034,0.023148,0,0,2
60,host-6,1,0,14,1,0,0,0.054938,0,32000,1758,0.054938,131072,1818,0.013870,0,0,1
60,host-7,1,1,14,1,1,0,0.030500,0,32000,976,0.030500,131072,1261,0.009621,1,0,0
60,host-8,3,0,14,3,0,0,0.132219,0,32000,4231,0.132219,131072,4823,0.036797,0,0,3
60,host-9,2,0,14,2,0,0,0.104750,0,32000,3352,0.104750,131072,3645,0.027809,0,0,2
61,host-1,2,0,14,2,0,0,0.111250,0,32000,3560,0.111250,131072,3980,0.030365,0,0,2
61,host-10,1,0,14,1,0,0,0.056406,0,32000,1805,0.056406,131072,1676,0.012787,0,0,1
61,host-11,1,1,14,1,1,0,0.027250,0,32000,872,0.027250,131072,872,0.006653,1,0,0
61,host-12,3,0,14,3,0,0,0.121563,0,32000,3890,0.121563,131072,4059,0.030968,0,0,3
61,host-13,1,0,14,1,0,0,0.074125,0,32000,2372,0.074125,131072,2377,0.018135,0,0,1
61,host-14,2,0,14,2,0,0,0.080031,0,32000,2561,0.080031,131072,2761,0.021065,0,0,2
61,host-15,2,0,14,2,0,0,0.107656,0,32000,3445,0.107656,131072,4005,0.030556,0,0,2
61,host-16,1,0,14,1,0,0,0.050937,0,32000,1630,0.050937,131072,1533,0.011696,0,0,1
61,host-17,2,0,14,2,0,0,0.134313,0,32000,4298,0.134313,131072,4187,0.031944,0,0,2
61,host-18,2,0,14,2,0,0,0.121969,0,32000,3903,0.121969,131072,4093,0.031227,0,0,2
61,host-19,2,0,14,2,0,0,0.115219,0,32000,3687,0.115219,131072,3789,0.028908,0,0,2
61,host-2,2,0,14,2,0,0,0.068562,0,32000,2194,0.068562,131072,2036,0.015533,0,0,2
61,host-20,1,0,14,1,0,0,0.038250,0,32000,1224,0.038250,131072,833,0.006355,0,0,1
61,host-21,1,0,14,1,0,0,0.050812,0,32000,1626,0.050812,131072,1583,0.012077,0,0,1
61,host-22,2,0,14,2,0,0,0.115406,0,32000,3693,0.115406,131072,4450,0.033951,0,0,2
61,host-23,2,0,14,2,0,0,0.095125,0,32000,3044,0.095125,131072,2850,0.021744,0,0,2
61,host-24,2,0,14,2,0,0,0.124438,0,32000,3982,0.124438,131072,3628,0.027679,0,0,2
61,host-3,3,0,14,3,0,0,0.145031,0,32000,4641,0.145031,131072,5039,0.038445,0,0,3
61,host-4,2,0,14,2,0,0,0.102125,0,32000,3268,0.102125,131072,3121,0.023811,0,0,2
61,host-5,2,0,14,2,0,0,0.091969,0,32000,2943,0.091969,131072,3034,0.023148,0,0,2
61,host-6,1,0,14,1,0,0,0.054938,0,32000,1758,0.054938,131072,1818,0.013870,0,0,1
61,host-7,1,0,14,1,0,0,0.030500,0,32000,976,0.030500,131072,1261,0.009621,0,0,1
61,host-8,3,0,14,3,0,0,0.132219,0,32000,4231,0.132219,131072,4823,0.036797,0,0,3
61,host-9,2,0,14,2,0,0,0.104750,0,32000,3352,0.104750,131072,3645,0.027809,0,0,2
62,host-1,2,0,14,2,0,0,0.111250,0,32000,3560,0.111250,131072,3980,0.030365,0,0,2
62,host-10,1,0,14,1,0,0,0.056406,0,32000,1805,0.056406,131072,1676,0.012787,0,0,1
62,host-11,2,1,14,2,1,0,0.099406,0,32000,3181,0.099406,131072,3821,0.029152,1,0,1
62,host-12,3,0,14,3,0,0,0.121563,0,32000,3890,0.121563,131072,4059,0.030968,0,0,3
62,host-13,1,0,14,1,0,0,0.074125,0,32000,2372,0.074125,131072,2377,0.018135,0,0,1
62,host-14,2,0,14,2,0,0,0.080031,0,32000,2561,0.080031,131072,2761,0.021065,0,0,2
62,host-15,2,0,14,2,0,0,0.107656,0,32000,3445,0.107656,131072,4005,0.030556,0,0,2
62,host-16,1,0,14,1,0,0,0.050937,0,32000,1630,0.050937,131072,1533,0.011696,0,0,1
62,host-17,2,0,14,2,0,0,0.134313,0,32000,4298,0.134313,131072,4187,0.031944,0,0,2
62,host-18,2,0,14,2,0,0,0.121969,0,32000,3903,0.121969,131072,4093,0.031227,0,0,2
62,host-19,2,0,14,2,0,0,0.115219,0,32000,3687,0.115219,131072,3789,0.028908,0,0,2
62,host-2,2,0,14,2,0,0,0.068562,0,32000,2194,0.068562,131072,2036,0.015533,0,0,2
62,host-20,2,1,14,2,1,0,0.083719,0,32000,2679,0.083719,131072,2236,0.017059,1,0,1
62,host-21,1,0,14,1,0,0,0.050812,0,32000,1626,0.050812,131072,1583,0.012077,0,0,1
62,host-22,2,0,14,2,0,0,0.115406,0,32000,3693,0.115406,131072,4450,0.033951,0,0,2
62,host-23,2,0,14,2,0,0,0.095125,0,32000,3044,0.095125,131072,2850,0.021744,0,0,2
62,host-24,2,0,14,2,0,0,0.124438,0,32000,3982,0.124438,131072,3628,0.027679,0,0,2
62,host-3,3,0,14,3,0,0,0.145031,0,32000,4641,0.145031,131072,5039,0.038445,0,0,3
62,host-4,2,0,14,2,0,0,0.102125,0,32000,3268,0.102125,131072,3121,0.023811,0,0,2
62,host-5,2,0,14,2,0,0,0.091969,0,32000,2943,0.091969,131072,3034,0.023148,0,0,2
62,host-6,1,0,14,1,0,0,0.054938,0,32000,1758,0.054938,131072,1818,0.013870,0,0,1
62,host-7,2,1,14,2,1,0,0.073844,0,32000,2363,0.073844,131072,2135,0.016289,1,0,1
62,host-8,3,0,14,3,0,0,0.132219,0,32000,4231,0.132219,131072,4823,0.036797,0,0,3
62,host-9,2,0,14,2,0,0,0.104750,0,32000,3352,0.104750,131072,3645,0.027809,0,0,2
63,host-1,2,0,14,2,0,0,0.111250,0,32000,3560,0.111250,131072,3980,0.030365,0,0,2
63,host-10,2,1,14,2,1,0,0.110969,0,32000,3551,0.110969,131072,2925,0.022316,1,0,1
63,host-11,2,0,14,2,0,0,0.099406,0,32000,3181,0.099406,131072,3821,0.029152,0,0,2
63,host-12,3,0,14,3,0,0,0.121563,0,32000,3890,0.121563,131072,4059,0.030968,0,0,3
63,host-13,2,1,14,2,1,0,0.122594,0,32000,3923,0.122594,131072,4608,0.035156,1,0,1
63,host-14,2,0,14,2,0,0,0.080031,0,32000,2561,0.080031,131072,2761,0.021065,0,0,2
63,host-15,2,0,14,2,0,0,0.107656,0,32000,3445,0.107656,131072,4005,0.030556,0,0,2
63,host-16,2,1,14,2,1,0,0.080750,0,32000,2584,0.080750,131072,2174,0.016586,1,0,1
63,host-17,2,0,14,2,0,0,0.134313,0,32000,4298,0.134313,131072,4187,0.031944,0,0,2
63,host-18,2,1,14,2,1,0,0.121969,0,32000,3903,0.121969,131072,4093,0.031227,0,1,1
63,host-19,2,0,14,2,0,0,0.115219,0,32000,3687,0.115219,131072,3789,0.028908,0,0,2
63,host-2,3,1,14,3,1,0,0.117094,0,32000,3747,0.117094,131072,3763,0.028709,1,0,2
63,host-20,2,1,14,2,1,0,0.083719,0,32000,2679,0.083719,131072,2236,0.017059,0,1,1
63,host-21,2,1,14,2,1,0,0.080375,0,32000,2572,0.080375,131072,2598,0.019821,1,0,1
63,host-22,2,0,14,2,0,0,0.115406,0,32000,3693,0.115406,131072,4450,0.033951,0,0,2
63,host-23,2,0,14,2,0,0,0.095125,0,32000,3044,0.095125,131072,2850,0.021744,0,0,2
63,host-24,2,0,14,2,0,0,0.124438,0,32000,3982,0.124438,131072,3628,0.027679,0,0,2
63,host-3,3,0,14,3,0,0,0.145031,0,32000,4641,0.145031,131072,5039,0.038445,0,0,3
63,host-4,2,1,14,2,1,0,0.104500,0,32000,3344,0.104500,131072,3037,0.023170,1,0,1
63,host-5,2,0,14,2,0,0,0.091969,0,32000,2943,0.091969,131072,3034,0.023148,0,0,2
63,host-6,2,1,14,2,1,0,0.113281,0,32000,3625,0.113281,131072,3006,0.022934,1,0,1
63,host-7,3,2,14,3,2,0,0.135375,0,32000,4332,0.135375,131072,4392,0.033508,2,0,1
63,host-8,3,0,14,3,0,0,0.132219,0,32000,4231,0.132219,131072,4823,0.036797,0,0,3
63,host-9,2,0,14,2,0,0,0.104750,0,32000,3352,0.104750,131072,3645,0.027809,0,0,2
64,host-1,2,0,14,2,0,0,0.111250,0,32000,3560,0.111250,131072,3980,0.030365,0,0,2
64,host-10,2,1,14,2,1,0,0.110969,0,32000,3551,0.110969,131072,2925,0.022316,1,0,1
64,host-11,2,0,14,2,0,0,0.099406,0,32000,3181,0.099406,131072,3821,0.029152,0,0,2
64,host-12,3,0,14,3,0,0,0.121563,0,32000,3890,0.121563,131072,4059,0.030968,0,0,3
64,host-13,2,0,14,2,0,0,0.122594,0,32000,3923,0.122594,131072,4608,0.035156,0,0,2
64,host-14,3,1,14,3,1,0,0.109844,0,32000,3515,0.109844,131072,3402,0.025955,1,0,2
64,host-15,2,0,14,2,0,0,0.107656,0,32000,3445,0.107656,131072,4005,0.030556,0,0,2
64,host-16,2,1,14,2,1,0,0.080750,0,32000,2584,0.080750,131072,2174,0.016586,1,0,1
64,host-17,2,0,14,2,0,0,0.134313,0,32000,4298,0.134313,131072,4187,0.031944,0,0,2
64,host-18,2,0,14,2,0,0,0.121969,0,32000,3903,0.121969,131072,4093,0.031227,0,0,2
64,host-19,2,0,14,2,0,0,0.115219,0,32000,3687,0.115219,131072,3789,0.028908,0,0,2
64,host-2,3,1,14,3,1,0,0.117094,0,32000,3747,0.117094,131072,3763,0.028709,1,0,2
64,host-20,2,0,14,2,0,0,0.083719,0,32000,2679,0.083719,131072,2236,0.017059,0,0,2
64,host-21,3,2,14,3,2,0,0.113719,0,32000,3639,0.113719,131072,3614,0.027573,0,2,1
64,host-22,2,0,14,2,0,0,0.115406,0,32000,3693,0.115406,131072,4450,0.033951,0,0,2
64,host-23,2,0,14,2,0,0,0.095125,0,32000,3044,0.095125,131072,2850,0.021744,0,0,2
64,host-24,2,0,14,2,0,0,0.124438,0,32000,3982,0.124438,131072,3628,0.027679,0,0,2
64,host-3,3,0,14,3,0,0,0.145031,0,32000,4641,0.145031,131072,5039,0.038445,0,0,3
64,host-4,2,1,14,2,1,0,0.104500,0,32000,3344,0.104500,131072,3037,0.023170,1,0,1
64,host-5,2,0,14,2,0,0,0.091969,0,32000,2943,0.091969,131072,3034,0.023148,0,0,2
64,host-6,2,1,14,2,1,0,0.113281,0,32000,3625,0.113281,131072,3006,0.022934,1,0,1
64,host-7,3,0,14,3,0,0,0.135375,0,32000,4332,0.135375,131072,4392,0.033508,0,0,3
64,host-8,3,0,14,3,0,0,0.132219,0,32000,4231,0.132219,131072,4823,0.036797,0,0,3
64,host-9,2,0,14,2,0,0,0.104750,0,32000,3352,0.104750,131072,3645,0.027809,0,0,2
65,host-1,2,0,14,2,0,0,0.111250,0,32000,3560,0.111250,131072,3980,0.030365,0,0,2
65,host-10,2,1,14,2,1,0,0.110969,0,32000,3551,0.110969,131072,2925,0.022316,0,1,1
65,host-11,2,0,14,2,0,0,0.099406,0,32000,3181,0.099406,131072,3821,0.029152,0,0,2
65,host-12,3,0,14,3,0,0,0.121563,0,32000,3890,0.121563,131072,4059,0.030968,0,0,3
65,host-13,2,0,14,2,0,0,0.122594,0,32000,3923,0.122594,131072,4608,0.035156,0,0,2
65,host-14,3,0,14,3,0,0,0.109844,0,32000,3515,0.109844,131072,3402,0.025955,0,0,3
65,host-15,2,0,14,2,0,0,0.107656,0,32000,3445,0.107656,131072,4005,0.030556,0,0,2
65,host-16,3,1,14,3,1,0,0.154531,0,32000,4945,0.154531,131072,4780,0.036469,1,0,2
65,host-17,2,0,14,2,0,0,0.134313,0,32000,4298,0.134313,131072,4187,0.031944,0,0,2
65,host-18,2,0,14,2,0,0,0.121969,0,32000,3903,0.121969,131072,4093,0.031227,0,0,2
65,host-19,2,0,14,2,0,0,0.115219,0,32000,3687,0.115219,131072,3789,0.028908,0,0,2
65,host-2,3,0,14,3,0,0,0.117094,0,32000,3747,0.117094,131072,3763,0.028709,0,0,3
65,host-20,2,0,14,2,0,0,0.083719,0,32000,2679,0.083719,131072,2236,0.017059,0,0,2
65,host-21,3,0,14,3,0,0,0.113719,0,32000,3639,0.113719,131072,3614,0.027573,0,0,3
65,host-22,2,0,14,2,0,0,0.115406,0,32000,3693,0.115406,131072,4450,0.033951,0,0,2
65,host-23,1,0,14,1,0,0,0.063187,0,32000,2022,0.063187,131072,2269,0.017311,0,0,1
65,host-24,2,0,14,2,0,0,0.124438,0,32000,3982,0.124438,131072,3628,0.027679,0,0,2
65,host-3,3,0,14,3,0,0,0.145031,0,32000,4641,0.145031,131072,5039,0.038445,0,0,3
65,host-4,2,0,14,2,0,0,0.104500,0,32000,3344,0.104500,131072,3037,0.023170,0,0,2
65,host-5,2,0,14,2,0,0,0.091969,0,32000,2943,0.091969,131072,3034,0.023148,0,0,2
65,host-6,2,0,14,2,0,0,0.113281,0,32000,3625,0.113281,131072,3006,0.022934,0,0,2
65,host-7,3,0,14,3,0,0,0.135375,0,32000,4332,0.135375,131072,4392,0.033508,0,0,3
65,host-8,3,0,14,3,0,0,0.132219,0,32000,4231,0.132219,131072,4823,0.036797,0,0,3
65,host-9,2,0,14,2,0,0,0.104750,0,32000,3352,0.104750,131072,3645,0.027809,0,0,2
66,host-1,2,0,14,2,0,0,0.111250,0,32000,3560,0.111250,131072,3980,0.030365,0,0,2
66,host-10,2,0,14,2,0,0,0.110969,0,32000,3551,0.110969,131072,2925,0.022316,0,0,2
66,host-11,3,1,14,3,1,0,0.137094,0,32000,4387,0.137094,131072,4648,0.035461,1,0,2
66,host-12,3,0,14,3,0,0,0.121563,0,32000,3890,0.121563,131072,4059,0.030968,0,0,3
66,host-13,2,0,14,2,0,0,0.122594,0,32000,3923,0.122594,131072,4608,0.035156,0,0,2
66,host-14,4,1,14,4,1,0,0.162406,0,32000,5197,0.162406,131072,5155,0.039330,1,0,3
66,host-15,3,1,14,3,1,0,0.184875,0,32000,5916,0.184875,131072,6303,0.048088,1,0,2
66,host-16,3,0,14,3,0,0,0.154531,0,32000,4945,0.154531,131072,4780,0.036469,0,0,3
66,host-17,2,0,14,2,0,0,0.134313,0,32000,4298,0.134313,131072,4187,0.031944,0,0,2
66,host-18,2,0,14,2,0,0,0.121969,0,32000,3903,0.121969,131072,4093,0.031227,0,0,2
66,host-19,3,2,14,3,2,0,0.181750,0,32000,5816,0.181750,131072,6409,0.048897,2,0,1
66,host-2,3,0,14,3,0,0,0.117094,0,32000,3747,0.117094,131072,3763,0.028709,0,0,3
66,host-20,3,1,14,3,1,0,0.110344,0,32000,3531,0.110344,131072,3309,0.025246,1,0,2
66,host-21,3,0,14,3,0,0,0.113719,0,32000,3639,0.113719,131072,3614,0.027573,0,0,3
66,host-22,2,0,14,2,0,0,0.115406,0,32000,3693,0.115406,131072,4450,0.033951,0,0,2
66,host-23,3,2,14,3,2,0,0.134750,0,32000,4312,0.134750,131072,3537,0.026985,2,0,1
66,host-24,2,0,14,2,0,0,0.124438,0,32000,3982,0.124438,131072,3628,0.027679,0,0,2
66,host-3,3,0,14,3,0,0,0.145031,0,32000,4641,0.145031,131072,5039,0.038445,0,0,3
66,host-4,3,1,14,3,1,0,0.142531,0,32000,4561,0.142531,131072,3678,0.028061,1,0,2
66,host-5,3,1,14,3,1,0,0.137813,0,32000,4410,0.137813,131072,4424,0.033752,1,0,2
66,host-6,2,0,14,2,0,0,0.113281,0,32000,3625,0.113281,131072,3006,0.022934,0,0,2
66,host-7,3,0,14,3,0,0,0.135375,0,32000,4332,0.135375,131072,4392,0.033508,0,0,3
66,host-8,3,0,14,3,0,0,0.132219,0,32000,4231,0.132219,131072,4823,0.036797,0,0,3
66,host-9,3,2,14,3,2,0,0.162562,0,32000,5202,0.162562,131072,5518,0.042099,1,1,1
67,host-1,3,1,14,3,1,0,0.141656,0,32000,4533,0.141656,131072,5538,0.042252,1,0,2
67,host-10,3,1,14,3,1,0,0.173125,0,32000,5540,0.173125,131072,4392,0.033508,1,0,2
67,host-11,3,0,14,3,0,0,0.137094,0,32000,4387,0.137094,131072,4648,0.035461,0,0,3
67,host-12,3,0,14,3,0,0,0.121563,0,32000,3890,0.121563,131072,4059,0.030968,0,0,3
67,host-13,2,0,14,2,0,0,0.122594,0,32000,3923,0.122594,131072,4608,0.035156,0,0,2
67,host-14,4,0,14,4,0,0,0.162406,0,32000,5197,0.162406,131072,5155,0.039330,0,0,4
67,host-15,3,1,14,3,1,0,0.184875,0,32000,5916,0.184875,131072,6303,0.048088,0,1,2
67,host-16,3,0,14,3,0,0,0.154531,0,32000,4945,0.154531,131072,4780,0.036469,0,0,3
67,host-17,1,0,14,1,0,0,0.074125,0,32000,2372,0.074125,131072,2377,0.018135,0,0,1
67,host-18,2,0,14,2,0,0,0.121969,0,32000,3903,0.121969,131072,4093,0.031227,0,0,2
67,host-19,3,2,14,3,2,0,0.181750,0,32000,5816,0.181750,131072,6409,0.048897,1,1,1
67,host-2,2,0,14,2,0,0,0.075406,0,32000,2413,0.075406,131072,2258,0.017227,0,0,2
67,host-20,4,1,14,4,1,0,0.166781,0,32000,5337,0.166781,131072,5433,0.041451,0,1,3
67,host-21,3,0,14,3,0,0,0.113719,0,32000,3639,0.113719,131072,3614,0.027573,0,0,3
67,host-22,2,0,14,2,0,0,0.115406,0,32000,3693,0.115406,131072,4450,0.033951,0,0,2
67,host-23,3,1,14,3,1,0,0.134750,0,32000,4312,0.134750,131072,3537,0.026985,1,0,2
67,host-24,1,0,14,1,0,0,0.066531,0,32000,2129,0.066531,131072,2221,0.016945,0,0,1
67,host-3,3,0,14,3,0,0,0.145031,0,32000,4641,0.145031,131072,5039,0.038445,0,0,3
67,host-4,3,0,14,3,0,0,0.142531,0,32000,4561,0.142531,131072,3678,0.028061,0,0,3
67,host-5,2,0,14,2,0,0,0.096125,0,32000,3076,0.096125,131072,2919,0.022270,0,0,2
67,host-6,2,0,14,2,0,0,0.113281,0,32000,3625,0.113281,131072,3006,0.022934,0,0,2
67,host-7,3,1,14,3,1,0,0.135375,0,32000,4332,0.135375,131072,4392,0.033508,0,1,2
67,host-8,3,0,14,3,0,0,0.132219,0,32000,4231,0.132219,131072,4823,0.036797,0,0,3
67,host-9,3,1,14,3,1,0,0.162562,0,32000,5202,0.162562,131072,5518,0.042099,1,0,2
68,host-1,3,1,14,3,1,0,0.141656,0,32000,4533,0.141656,131072,5538,0.042252,1,0,2
68,host-10,3,0,14,3,0,0,0.173125,0,32000,5540,0.173125,131072,4392,0.033508,0,0,3
68,host-11,3,0,14,3,0,0,0.137094,0,32000,4387,0.137094,131072,4648,0.035461,0,0,3
68,host-12,3,1,14,3,1,0,0.121563,0,32000,3890,0.121563,131072,4059,0.030968,0,1,2
68,host-13,2,0,14,2,0,0,0.122594,0,32000,3923,0.122594,131072,4608,0.035156,0,0,2
68,host-14,4,0,14,4,0,0,0.162406,0,32000,5197,0.162406,131072,5155,0.039330,0,0,4
68,host-15,3,0,14,3,0,0,0.184875,0,32000,5916,0.184875,131072,6303,0.048088,0,0,3
68,host-16,3,0,14,3,0,0,0.154531,0,32000,4945,0.154531,131072,4780,0.036469,0,0,3
68,host-17,2,1,14,2,1,0,0.127000,0,32000,4064,0.127000,131072,4399,0.033562,1,0,1
68,host-18,2,0,14,2,0,0,0.121969,0,32000,3903,0.121969,131072,4093,0.031227,0,0,2
68,host-19,3,0,14,3,0,0,0.181750,0,32000,5816,0.181750,131072,6409,0.048897,0,0,3
68,host-2,2,0,14,2,0,0,0.075406,0,32000,2413,0.075406,131072,2258,0.017227,0,0,2
68,host-20,4,0,14,4,0,0,0.166781,0,32000,5337,0.166781,131072,5433,0.041451,0,0,4
68,host-21,3,0,14,3,0,0,0.113719,0,32000,3639,0.113719,131072,3614,0.027573,0,0,3
68,host-22,2,0,14,2,0,0,0.115406,0,32000,3693,0.115406,131072,4450,0.033951,0,0,2
68,host-23,3,0,14,3,0,0,0.134750,0,32000,4312,0.134750,131072,3537,0.026985,0,0,3
68,host-24,1,1,14,1,1,0,0.027781,0,32000,889,0.027781,131072,522,0.003983,1,0,0
68,host-3,3,0,14,3,0,0,0.145031,0,32000,4641,0.145031,131072,5039,0.038445,0,0,3
68,host-4,3,0,14,3,0,0,0.142531,0,32000,4561,0.142531,131072,3678,0.028061,0,0,3
68,host-5,2,0,14,2,0,0,0.096125,0,32000,3076,0.096125,131072,2919,0.022270,0,0,2
68,host-6,2,0,14,2,0,0,0.113281,0,32000,3625,0.113281,131072,3006,0.022934,0,0,2
68,host-7,3,0,14,3,0,0,0.135375,0,32000,4332,0.135375,131072,4392,0.033508,0,0,3
68,host-8,2,0,14,2,0,0,0.095750,0,32000,3064,0.095750,131072,3458,0.026382,0,0,2
68,host-9,3,1,14,3,1,0,0.162562,0,32000,5202,0.162562,131072,5518,0.042099,0,1,2
69,host-1,3,0,14,3,0,0,0.141656,0,32000,4533,0.141656,131072,5538,0.042252,0,0,3
69,host-10,3,0,14,3,0,0,0.173125,0,32000,5540,0.173125,131072,4392,0.033508,0,0,3
69,host-11,3,0,14,3,0,0,0.137094,0,32000,4387,0.137094,131072,4648,0.035461,0,0,3
69,host-12,3,0,14,3,0,0,0.121563,0,32000,3890,0.121563,131072,4059,0.030968,0,0,3
69,host-13,2,0,14,2,0,0,0.122594,0,32000,3923,0.122594,131072,4608,0.035156,0,0,2
69,host-14,4,0,14,4,0,0,0.162406,0,32000,5197,0.162406,131072,5155,0.039330,0,0,4
69,host-15,3,0,14,3,0,0,0.184875,0,32000,5916,0.184875,131072,6303,0.048088,0,0,3
69,host-16,3,0,14,3,0,0,0.154531,0,32000,4945,0.154531,131072,4780,0.036469,0,0,3
69,host-17,2,1,14,2,1,0,0.127000,0,32000,4064,0.127000,131072,4399,0.033562,1,0,1
69,host-18,2,0,14,2,0,0,0.121969,0,32000,3903,0.121969,131072,4093,0.031227,0,0,2
69,host-19,3,0,14,3,0,0,0.181750,0,32000,5816,0.181750,131072,6409,0.048897,0,0,3
69,host-2,3,1,14,3,1,0,0.107250,0,32000,3432,0.107250,131072,2821,0.021523,1,0,2
69,host-20,4,0,14,4,0,0,0.166781,0,32000,5337,0.166781,131072,5433,0.041451,0,0,4
69,host-21,3,0,14,3,0,0,0.113719,0,32000,3639,0.113719,131072,3614,0.027573,0,0,3
69,host-22,2,0,14,2,0,0,0.115406,0,32000,3693,0.115406,131072,4450,0.033951,0,0,2
69,host-23,3,0,14,3,0,0,0.134750,0,32000,4312,0.134750,131072,3537,0.026985,0,0,3
69,host-24,3,2,14,3,2,0,0.119594,0,32000,3827,0.119594,131072,3434,0.026199,2,0,1
69,host-3,2,0,14,2,0,0,0.100250,0,32000,3208,0.100250,131072,3704,0.028259,0,0,2
69,host-4,3,0,14,3,0,0,0.142531,0,32000,4561,0.142531,131072,3678,0.028061,0,0,3
69,host-5,2,0,14,2,0,0,0.096125,0,32000,3076,0.096125,131072,2919,0.022270,0,0,2
69,host-6,2,0,14,2,0,0,0.113281,0,32000,3625,0.113281,131072,3006,0.022934,0,0,2
69,host-7,3,0,14,3,0,0,0.135375,0,32000,4332,0.135375,131072,4392,0.033508,0,0,3
69,host-8,3,1,14,3,1,0,0.147187,0,32000,4710,0.147187,131072,4699,0.035851,1,0,2
69,host-9,2,0,14,2,0,0,0.124344,0,32000,3979,0.124344,131072,4094,0.031235,0,0,2
70,host-1,3,0,14,3,0,0,0.141656,0,32000,4533,0.141656,131072,5538,0.042252,0,0,3
70,host-10,3,0,14,3,0,0,0.173125,0,32000,5540,0.173125,131072,4392,0.033508,0,0,3
70,host-11,3,0,14,3,0,0,0.137094,0,32000,4387,0.137094,131072,4648,0.035461,0,0,3
70,host-12,3,0,14,3,0,0,0.121563,0,32000,3890,0.121563,131072,4059,0.030968,0,0,3
70,host-13,2,0,14,2,0,0,0.122594,0,32000,3923,0.122594,131072,4608,0.035156,0,0,2
70,host-14,4,0,14,4,0,0,0.162406,0,32000,5197,0.162406,131072,5155,0.039330,0,0,4
70,host-15,3,0,14,3,0,0,0.184875,0,32000,5916,0.184875,131072,6303,0.048088,0,0,3
70,host-16,3,0,14,3,0,0,0.154531,0,32000,4945,0.154531,131072,4780,0.036469,0,0,3
70,host-17,2,0,14,2,0,0,0.127000,0,32000,4064,0.127000,131072,4399,0.033562,0,0,2
70,host-18,2,0,14,2,0,0,0.121969,0,32000,3903,0.121969,131072,4093,0.031227,0,0,2
70,host-19,3,0,14,3,0,0,0.181750,0,32000,5816,0.181750,131072,6409,0.048897,0,0,3
70,host-2,3,1,14,3,1,0,0.107250,0,32000,3432,0.107250,131072,2821,0.021523,0,1,2
70,host-20,4,0,14,4,0,0,0.166781,0,32000,5337,0.166781,131072,5433,0.041451,0,0,4
70,host-21,3,0,14,3,0,0,0.113719,0,32000,3639,0.113719,131072,3614,0.027573,0,0,3
70,host-22,1,0,14,1,0,0,0.044000,0,32000,1408,0.044000,131072,1882,0.014359,0,0,1
70,host-23,3,0,14,3,0,0,0.134750,0,32000,4312,0.134750,131072,3537,0.026985,0,0,3
70,host-24,3,1,14,3,1,0,0.119594,0,32000,3827,0.119594,131072,3434,0.026199,1,0,2
70,host-3,3,1,14,3,1,0,0.166094,0,32000,5315,0.166094,131072,5567,0.042473,1,0,2
70,host-4,3,0,14,3,0,0,0.142531,0,32000,4561,0.142531,131072,3678,0.028061,0,0,3
70,host-5,3,1,14,3,1,0,0.127969,0,32000,4095,0.127969,131072,3482,0.026566,1,0,2
70,host-6,2,0,14,2,0,0,0.113281,0,32000,3625,0.113281,131072,3006,0.022934,0,0,2
70,host-7,3,0,14,3,0,0,0.135375,0,32000,4332,0.135375,131072,4392,0.033508,0,0,3
70,host-8,3,1,14,3,1,0,0.147187,0,32000,4710,0.147187,131072,4699,0.035851,1,0,2
70,host-9,2,0,14,2,0,0,0.124344,0,32000,3979,0.124344,131072,4094,0.031235,0,0,2
71,host-1,3,0,14,3,0,0,0.141656,0,32000,4533,0.141656,131072,5538,0.042252,0,0,3
71,host-10,3,0,14,3,0,0,0.173125,0,32000,5540,0.173125,131072,4392,0.033508,0,0,3
71,host-11,3,0,14,3,0,0,0.137094,0,32000,4387,0.137094,131072,4648,0.035461,0,0,3
71,host-12,3,0,14,3,0,0,0.121563,0,32000,3890,0.121563,131072,4059,0.030968,0,0,3
71,host-13,2,0,14,2,0,0,0.122594,0,32000,3923,0.122594,131072,4608,0.035156,0,0,2
71,host-14,4,0,14,4,0,0,0.162406,0,32000,5197,0.162406,131072,5155,0.039330,0,0,4
71,host-15,3,0,14,3,0,0,0.184875,0,32000,5916,0.184875,131072,6303,0.048088,0,0,3
71,host-16,3,0,14,3,0,0,0.154531,0,32000,4945,0.154531,131072,4780,0.036469,0,0,3
71,host-17,2,0,14,2,0,0,0.127000,0,32000,4064,0.127000,131072,4399,0.033562,0,0,2
71,host-18,2,1,14,2,1,0,0.121969,0,32000,3903,0.121969,131072,4093,0.031227,0,1,1
71,host-19,3,0,14,3,0,0,0.181750,0,32000,5816,0.181750,131072,6409,0.048897,0,0,3
71,host-2,3,0,14,3,0,0,0.107250,0,32000,3432,0.107250,131072,2821,0.021523,0,0,3
71,host-20,4,0,14,4,0,0,0.166781,0,32000,5337,0.166781,131072,5433,0.041451,0,0,4
71,host-21,3,0,14,3,0,0,0.113719,0,32000,3639,0.113719,131072,3614,0.027573,0,0,3
71,host-22,1,0,14,1,0,0,0.044000,0,32000,1408,0.044000,131072,1882,0.014359,0,0,1
71,host-23,3,0,14,3,0,0,0.134750,0,32000,4312,0.134750,131072,3537,0.026985,0,0,3
71,host-24,3,0,14,3,0,0,0.119594,0,32000,3827,0.119594,131072,3434,0.026199,0,0,3
71,host-3,2,1,14,2,1,0,0.124781,0,32000,3993,0.124781,131072,4184,0.031921,0,1,1
71,host-4,3,0,14,3,0,0,0.142531,0,32000,4561,0.142531,131072,3678,0.028061,0,0,3
71,host-5,3,0,14,3,0,0,0.127969,0,32000,4095,0.127969,131072,3482,0.026566,0,0,3
71,host-6,2,0,14,2,0,0,0.113281,0,32000,3625,0.113281,131072,3006,0.022934,0,0,2
71,host-7,3,0,14,3,0,0,0.135375,0,32000,4332,0.135375,131072,4392,0.033508,0,0,3
71,host-8,3,0,14,3,0,0,0.147187,0,32000,4710,0.147187,131072,4699,0.035851,0,0,3
71,host-9,2,0,14,2,0,0,0.124344,0,32000,3979,0.124344,131072,4094,0.031235,0,0,2
72,host-1,3,0,14,3,0,0,0.141656,0,32000,4533,0.141656,131072,5538,0.042252,0,0,3
72,host-10,3,0,14,3,0,0,0.173125,0,32000,5540,0.173125,131072,4392,0.033508,0,0,3
72,host-11,3,0,14,3,0,0,0.137094,0,32000,4387,0.137094,131072,4648,0.035461,0,0,3
72,host-12,3,0,14,3,0,0,0.121563,0,32000,3890,0.121563,131072,4059,0.030968,0,0,3
72,host-13,2,0,14,2,0,0,0.122594,0,32000,3923,0.122594,131072,4608,0.035156,0,0,2
72,host-14,3,0,14,3,0,0,0.116469,0,32000,3727,0.116469,131072,3854,0.029404,0,0,3
72,host-15,3,0,14,3,0,0,0.184875,0,32000,5916,0.184875,131072,6303,0.048088,0,0,3
72,host-16,3,0,14,3,0,0,0.154531,0,32000,4945,0.154531,131072,4780,0.036469,0,0,3
72,host-17,2,0,14,2,0,0,0.127000,0,32000,4064,0.127000,131072,4399,0.033562,0,0,2
72,host-18,2,0,14,2,0,0,0.121969,0,32000,3903,0.121969,131072,4093,0.031227,0,0,2
72,host-19,3,0,14,3,0,0,0.181750,0,32000,5816,0.181750,131072,6409,0.048897,0,0,3
72,host-2,3,0,14,3,0,0,0.107250,0,32000,3432,0.107250,131072,2821,0.021523,0,0,3
72,host-20,4,0,14,4,0,0,0.166781,0,32000,5337,0.166781,131072,5433,0.041451,0,0,4
72,host-21,3,0,14,3,0,0,0.113719,0,32000,3639,0.113719,131072,3614,0.027573,0,0,3
72,host-22,1,0,14,1,0,0,0.044000,0,32000,1408,0.044000,131072,1882,0.014359,0,0,1
72,host-23,3,0,14,3,0,0,0.134750,0,32000,4312,0.134750,131072,3537,0.026985,0,0,3
72,host-24,3,0,14,3,0,0,0.119594,0,32000,3827,0.119594,131072,3434,0.026199,0,0,3
72,host-3,2,0,14,2,0,0,0.124781,0,32000,3993,0.124781,131072,4184,0.031921,0,0,2
72,host-4,3,0,14,3,0,0,0.142531,0,32000,4561,0.142531,131072,3678,0.028061,0,0,3
72,host-5,3,0,14,3,0,0,0.127969,0,32000,4095,0.127969,131072,3482,0.026566,0,0,3
72,host-6,2,0,14,2,0,0,0.113281,0,32000,3625,0.113281,131072,3006,0.022934,0,0,2
72,host-7,3,0,14,3,0,0,0.135375,0,32000,4332,0.135375,131072,4392,0.033508,0,0,3
72,host-8,2,1,14,2,1,0,0.104375,0,32000,3340,0.104375,131072,3502,0.026718,0,1,1
72,host-9,2,0,14,2,0,0,0.124344,0,32000,3979,0.124344,131072,4094,0.031235,0,0,2
73,host-1,3,0,14,3,0,0,0.141656,0,32000,4533,0.141656,131072,5538,0.042252,0,0,3
73,host-10,2,0,14,2,0,0,0.116719,0,32000,3735,0.116719,131072,2716,0.020721,0,0,2
73,host-11,3,0,14,3,0,0,0.137094,0,32000,4387,0.137094,131072,4648,0.035461,0,0,3
73,host-12,3,0,14,3,0,0,0.121563,0,32000,3890,0.121563,131072,4059,0.030968,0,0,3
73,host-13,2,0,14,2,0,0,0.122594,0,32000,3923,0.122594,131072,4608,0.035156,0,0,2
73,host-14,3,0,14,3,0,0,0.116469,0,32000,3727,0.116469,131072,3854,0.029404,0,0,3
73,host-15,2,0,14,2,0,0,0.143594,0,32000,4595,0.143594,131072,4682,0.035721,0,0,2
73,host-16,3,0,14,3,0,0,0.154531,0,32000,4945,0.154531,131072,4780,0.036469,0,0,3
73,host-17,2,0,14,2,0,0,0.127000,0,32000,4064,0.127000,131072,4399,0.033562,0,0,2
73,host-18,2,0,14,2,0,0,0.121969,0,32000,3903,0.121969,131072,4093,0.031227,0,0,2
73,host-19,2,0,14,2,0,0,0.137250,0,32000,4392,0.137250,131072,5200,0.039673,0,0,2
73,host-2,3,0,14,3,0,0,0.107250,0,32000,3432,0.107250,131072,2821,0.021523,0,0,3
73,host-20,4,0,14,4,0,0,0.166781,0,32000,5337,0.166781,131072,5433,0.041451,0,0,4
73,host-21,3,0,14,3,0,0,0.113719,0,32000,3639,0.113719,131072,3614,0.027573,0,0,3
73,host-22,1,0,14,1,0,0,0.044000,0,32000,1408,0.044000,131072,1882,0.014359,0,0,1
73,host-23,3,0,14,3,0,0,0.134750,0,32000,4312,0.134750,131072,3537,0.026985,0,0,3
73,host-24,3,0,14,3,0,0,0.119594,0,32000,3827,0.119594,131072,3434,0.026199,0,0,3
73,host-3,2,0,14,2,0,0,0.124781,0,32000,3993,0.124781,131072,4184,0.031921,0,0,2
73,host-4,3,0,14,3,0,0,0.142531,0,32000,4561,0.142531,131072,3678,0.028061,0,0,3
73,host-5,3,0,14,3,0,0,0.127969,0,32000,4095,0.127969,131072,3482,0.026566,0,0,3
73,host-6,1,0,14,1,0,0,0.058344,0,32000,1867,0.058344,131072,1188,0.009064,0,0,1
73,host-7,3,0,14,3,0,0,0.135375,0,32000,4332,0.135375,131072,4392,0.033508,0,0,3
73,host-8,2,0,14,2,0,0,0.104375,0,32000,3340,0.104375,131072,3502,0.026718,0,0,2
73,host-9,2,0,14,2,0,0,0.124344,0,32000,3979,0.124344,131072,4094,0.031235,0,0,2
74,host-1,3,0,14,3,0,0,0.141656,0,32000,4533,0.141656,131072,5538,0.042252,0,0,3
74,host-10,2,0,14,2,0,0,0.116719,0,32000,3735,0.116719,131072,2716,0.020721,0,0,2
74,host-11,3,0,14,3,0,0,0.137094,0,32000,4387,0.137094,131072,4648,0.035461,0,0,3
74,host-12,3,0,14,3,0,0,0.121563,0,32000,3890,0.121563,131072,4059,0.030968,0,0,3
74,host-13,2,0,14,2,0,0,0.122594,0,32000,3923,0.122594,131072,4608,0.035156,0,0,2
74,host-14,3,0,14,3,0,0,0.116469,0,32000,3727,0.116469,131072,3854,0.029404,0,0,3
74,host-15,2,0,14,2,0,0,0.143594,0,32000,4595,0.143594,131072,4682,0.035721,0,0,2
74,host-16,3,0,14,3,0,0,0.154531,0,32000,4945,0.154531,131072,4780,0.036469,0,0,3
74,host-17,2,0,14,2,0,0,0.127000,0,32000,4064,0.127000,131072,4399,0.033562,0,0,2
74,host-18,2,0,14,2,0,0,0.121969,0,32000,3903,0.121969,131072,4093,0.031227,0,0,2
74,host-19,2,0,14,2,0,0,0.137250,0,32000,4392,0.137250,131072,5200,0.039673,0,0,2
74,host-2,3,0,14,3,0,0,0.107250,0,32000,3432,0.107250,131072,2821,0.021523,0,0,3
74,host-20,3,0,14,3,0,0,0.128531,0,32000,4113,0.128531,131072,4600,0.035095,0,0,3
74,host-21,3,0,14,3,0,0,0.113719,0,32000,3639,0.113719,131072,3614,0.027573,0,0,3
74,host-22,1,0,14,1,0,0,0.044000,0,32000,1408,0.044000,131072,1882,0.014359,0,0,1
74,host-23,3,0,14,3,0,0,0.134750,0,32000,4312,0.134750,131072,3537,0.026985,0,0,3
74,host-24,3,0,14,3,0,0,0.119594,0,32000,3827,0.119594,131072,3434,0.026199,0,0,3
74,host-3,1,0,14,1,0,0,0.065844,0,32000,2107,0.065844,131072,1863,0.014214,0,0,1
74,host-4,3,0,14,3,0,0,0.142531,0,32000,4561,0.142531,131072,3678,0.028061,0,0,3
74,host-5,3,0,14,3,0,0,0.127969,0,32000,4095,0.127969,131072,3482,0.026566,0,0,3
74,host-6,1,0,14,1,0,0,0.058344,0,32000,1867,0.058344,131072,1188,0.009064,0,0,1
74,host-7,3,0,14,3,0,0,0.135375,0,32000,4332,0.135375,131072,4392,0.033508,0,0,3
74,host-8,2,0,14,2,0,0,0.104375,0,32000,3340,0.104375,131072,3502,0.026718,0,0,2
74,host-9,2,0,14,2,0,0,0.124344,0,32000,3979,0.124344,131072,4094,0.031235,0,0,2
75,host-1,3,0,14,3,0,0,0.141656,0,32000,4533,0.141656,131072,5538,0.042252,0,0,3
75,host-10,2,0,14,2,0,0,0.116719,0,32000,3735,0.116719,131072,2716,0.020721,0,0,2
75,host-11,3,0,14,3,0,0,0.137094,0,32000,4387,0.137094,131072,4648,0.035461,0,0,3
75,host-12,3,0,14,3,0,0,0.121563,0,32000,3890,0.121563,131072,4059,0.030968,0,0,3
75,host-13,2,0,14,2,0,0,0.122594,0,32000,3923,0.122594,131072,4608,0.035156,0,0,2
75,host-14,3,0,14,3,0,0,0.116469,0,32000,3727,0.116469,131072,3854,0.029404,0,0,3
75,host-15,2,0,14,2,0,0,0.143594,0,32000,4595,0.143594,131072,4682,0.035721,0,0,2
75,host-16,3,0,14,3,0,0,0.154531,0,32000,4945,0.154531,131072,4780,0.036469,0,0,3
75,host-17,2,0,14,2,0,0,0.127000,0,32000,4064,0.127000,131072,4399,0.033562,0,0,2
75,host-18,2,0,14,2,0,0,0.121969,0,32000,3903,0.121969,131072,4093,0.031227,0,0,2
75,host-19,2,0,14,2,0,0,0.137250,0,32000,4392,0.137250,131072,5200,0.039673,0,0,2
75,host-2,3,0,14,3,0,0,0.107250,0,32000,3432,0.107250,131072,2821,0.021523,0,0,3
75,host-20,3,0,14,3,0,0,0.128531,0,32000,4113,0.128531,131072,4600,0.035095,0,0,3
75,host-21,3,0,14,3,0,0,0.113719,0,32000,3639,0.113719,131072,3614,0.027573,0,0,3
75,host-22,1,0,14,1,0,0,0.044000,0,32000,1408,0.044000,131072,1882,0.014359,0,0,1
75,host-23,3,0,14,3,0,0,0.134750,0,32000,4312,0.134750,131072,3537,0.026985,0,0,3
75,host-24,3,0,14,3,0,0,0.119594,0,32000,3827,0.119594,131072,3434,0.026199,0,0,3
75,host-3,1,0,14,1,0,0,0.065844,0,32000,2107,0.065844,131072,1863,0.014214,0,0,1
75,host-4,3,0,14,3,0,0,0.142531,0,32000,4561,0.142531,131072,3678,0.028061,0,0,3
75,host-5,3,0,14,3,0,0,0.127969,0,32000,4095,0.127969,131072,3482,0.026566,0,0,3
75,host-6,1,0,14,1,0,0,0.058344,0,32000,1867,0.058344,131072,1188,0.009064,0,0,1
75,host-7,3,0,14,3,0,0,0.135375,0,32000,4332,0.135375,131072,4392,0.033508,0,0,3
75,host-8,2,0,14,2,0,0,0.104375,0,32000,3340,0.104375,131072,3502,0.026718,0,0,2
75,host-9,2,0,14,2,0,0,0.124344,0,32000,3979,0.124344,131072,4094,0.031235,0,0,2
76,host-1,1,0,14,1,0,0,0.030406,0,32000,973,0.030406,131072,1558,0.011887,0,0,1
76,host-10,2,0,14,2,0,0,0.116719,0,32000,3735,0.116719,131072,2716,0.020721,0,0,2
76,host-11,3,0,14,3,0,0,0.137094,0,32000,4387,0.137094,131072,4648,0.035461,0,0,3
76,host-12,2,0,14,2,0,0,0.073594,0,32000,2355,0.073594,131072,2534,0.019333,0,0,2
76,host-13,2,0,14,2,0,0,0.122594,0,32000,3923,0.122594,131072,4608,0.035156,0,0,2
76,host-14,3,0,14,3,0,0,0.116469,0,32000,3727,0.116469,131072,3854,0.029404,0,0,3
76,host-15,2,0,14,2,0,0,0.143594,0,32000,4595,0.143594,131072,4682,0.035721,0,0,2
76,host-16,3,0,14,3,0,0,0.154531,0,32000,4945,0.154531,131072,4780,0.036469,0,0,3
76,host-17,1,0,14,1,0,0,0.052875,0,32000,1692,0.052875,131072,2022,0.015427,0,0,1
76,host-18,2,0,14,2,0,0,0.121969,0,32000,3903,0.121969,131072,4093,0.031227,0,0,2
76,host-19,2,0,14,2,0,0,0.137250,0,32000,4392,0.137250,131072,5200,0.039673,0,0,2
76,host-2,3,0,14,3,0,0,0.107250,0,32000,3432,0.107250,131072,2821,0.021523,0,0,3
76,host-20,3,0,14,3,0,0,0.128531,0,32000,4113,0.128531,131072,4600,0.035095,0,0,3
76,host-21,3,0,14,3,0,0,0.113719,0,32000,3639,0.113719,131072,3614,0.027573,0,0,3
76,host-22,2,1,14,2,1,0,0.085219,0,32000,2727,0.085219,131072,2757,0.021034,1,0,1
76,host-23,3,0,14,3,0,0,0.134750,0,32000,4312,0.134750,131072,3537,0.026985,0,0,3
76,host-24,3,0,14,3,0,0,0.119594,0,32000,3827,0.119594,131072,3434,0.026199,0,0,3
76,host-3,1,0,14,1,0,0,0.065844,0,32000,2107,0.065844,131072,1863,0.014214,0,0,1
76,host-4,3,0,14,3,0,0,0.142531,0,32000,4561,0.142531,131072,3678,0.028061,0,0,3
76,host-5,3,0,14,3,0,0,0.127969,0,32000,4095,0.127969,131072,3482,0.026566,0,0,3
76,host-6,1,0,14,1,0,0,0.058344,0,32000,1867,0.058344,131072,1188,0.009064,0,0,1
76,host-7,3,0,14,3,0,0,0.135375,0,32000,4332,0.135375,131072,4392,0.033508,0,0,3
76,host-8,2,0,14,2,0,0,0.104375,0,32000,3340,0.104375,131072,3502,0.026718,0,0,2
76,host-9,2,0,14,2,0,0,0.124344,0,32000,3979,0.124344,131072,4094,0.031235,0,0,2
77,host-1,1,0,14,1,0,0,0.030406,0,32000,973,0.030406,131072,1558,0.011887,0,0,1
77,host-10,2,0,14,2,0,0,0.116719,0,32000,3735,0.116719,131072,2716,0.020721,0,0,2
77,host-11,3,0,14,3,0,0,0.137094,0,32000,4387,0.137094,131072,4648,0.035461,0,0,3
77,host-12,2,0,14,2,0,0,0.073594,0,32000,2355,0.073594,131072,2534,0.019333,0,0,2
77,host-13,2,0,14,2,0,0,0.122594,0,32000,3923,0.122594,131072,4608,0.035156,0,0,2
77,host-14,3,0,14,3,0,0,0.116469,0,32000,3727,0.116469,131072,3854,0.029404,0,0,3
77,host-15,2,0,14,2,0,0,0.143594,0,32000,4595,0.143594,131072,4682,0.035721,0,0,2
77,host-16,3,0,14,3,0,0,0.154531,0,32000,4945,0.154531,131072,4780,0.036469,0,0,3
77,host-17,1,0,14,1,0,0,0.052875,0,32000,1692,0.052875,131072,2022,0.015427,0,0,1
77,host-18,2,0,14,2,0,0,0.121969,0,32000,3903,0.121969,131072,4093,0.031227,0,0,2
77,host-19,2,0,14,2,0,0,0.137250,0,32000,4392,0.137250,131072,5200,0.039673,0,0,2
77,host-2,3,0,14,3,0,0,0.107250,0,32000,3432,0.107250,131072,2821,0.021523,0,0,3
77,host-20,3,0,14,3,0,0,0.128531,0,32000,4113,0.128531,131072,4600,0.035095,0,0,3
77,host-21,3,0,14,3,0,0,0.113719,0,32000,3639,0.113719,131072,3614,0.027573,0,0,3
77,host-22,2,1,14,2,1,0,0.085219,0,32000,2727,0.085219,131072,2757,0.021034,1,0,1
77,host-23,3,0,14,3,0,0,0.134750,0,32000,4312,0.134750,131072,3537,0.026985,0,0,3
77,host-24,3,0,14,3,0,0,0.119594,0,32000,3827,0.119594,131072,3434,0.026199,0,0,3
77,host-3,1,0,14,1,0,0,0.065844,0,32000,2107,0.065844,131072,1863,0.014214,0,0,1
77,host-4,3,0,14,3,0,0,0.142531,0,32000,4561,0.142531,131072,3678,0.028061,0,0,3
77,host-5,3,0,14,3,0,0,0.127969,0,32000,4095,0.127969,131072,3482,0.026566,0,0,3
77,host-6,1,0,14,1,0,0,0.058344,0,32000,1867,0.058344,131072,1188,0.009064,0,0,1
77,host-7,3,0,14,3,0,0,0.135375,0,32000,4332,0.135375,131072,4392,0.033508,0,0,3
77,host-8,2,0,14,2,0,0,0.104375,0,32000,3340,0.104375,131072,3502,0.026718,0,0,2
77,host-9,2,0,14,2,0,0,0.124344,0,32000,3979,0.124344,131072,4094,0.031235,0,0,2
78,host-1,3,2,14,3,2,0,0.141031,0,32000,4513,0.141031,131072,4843,0.036949,2,0,1
78,host-10,2,0,14,2,0,0,0.116719,0,32000,3735,0.116719,131072,2716,0.020721,0,0,2
78,host-11,3,0,14,3,0,0,0.137094,0,32000,4387,0.137094,131072,4648,0.035461,0,0,3
78,host-12,3,1,14,3,1,0,0.113969,0,32000,3647,0.113969,131072,3948,0.030121,1,0,2
78,host-13,2,0,14,2,0,0,0.122594,0,32000,3923,0.122594,131072,4608,0.035156,0,0,2
78,host-14,3,0,14,3,0,0,0.116469,0,32000,3727,0.116469,131072,3854,0.029404,0,0,3
78,host-15,2,0,14,2,0,0,0.143594,0,32000,4595,0.143594,131072,4682,0.035721,0,0,2
78,host-16,3,0,14,3,0,0,0.154531,0,32000,4945,0.154531,131072,4780,0.036469,0,0,3
78,host-17,3,2,14,3,2,0,0.145531,0,32000,4657,0.145531,131072,5357,0.040871,2,0,1
78,host-18,2,0,14,2,0,0,0.121969,0,32000,3903,0.121969,131072,4093,0.031227,0,0,2
78,host-19,2,0,14,2,0,0,0.137250,0,32000,4392,0.137250,131072,5200,0.039673,0,0,2
78,host-2,3,0,14,3,0,0,0.107250,0,32000,3432,0.107250,131072,2821,0.021523,0,0,3
78,host-20,3,0,14,3,0,0,0.128531,0,32000,4113,0.128531,131072,4600,0.035095,0,0,3
78,host-21,3,0,14,3,0,0,0.113719,0,32000,3639,0.113719,131072,3614,0.027573,0,0,3
78,host-22,3,1,14,3,1,0,0.137969,0,32000,4415,0.137969,131072,4597,0.035072,1,0,2
78,host-23,3,0,14,3,0,0,0.134750,0,32000,4312,0.134750,131072,3537,0.026985,0,0,3
78,host-24,3,0,14,3,0,0,0.119594,0,32000,3827,0.119594,131072,3434,0.026199,0,0,3
78,host-3,2,1,14,2,1,0,0.102219,0,32000,3271,0.102219,131072,3033,0.023140,1,0,1
78,host-4,3,0,14,3,0,0,0.142531,0,32000,4561,0.142531,131072,3678,0.028061,0,0,3
78,host-5,3,0,14,3,0,0,0.127969,0,32000,4095,0.127969,131072,3482,0.026566,0,0,3
78,host-6,3,2,14,3,2,0,0.127906,0,32000,4093,0.127906,131072,3796,0.028961,2,0,1
78,host-7,3,0,14,3,0,0,0.135375,0,32000,4332,0.135375,131072,4392,0.033508,0,0,3
78,host-8,2,0,14,2,0,0,0.104375,0,32000,3340,0.104375,131072,3502,0.026718,0,0,2
78,host-9,2,0,14,2,0,0,0.124344,0,32000,3979,0.124344,131072,4094,0.031235,0,0,2
79,host-1,3,0,14,3,0,0,0.141031,0,32000,4513,0.141031,131072,4843,0.036949,0,0,3
79,host-10,2,0,14,2,0,0,0.116719,0,32000,3735,0.116719,131072,2716,0.020721,0,0,2
79,host-11,3,0,14,3,0,0,0.137094,0,32000,4387,0.137094,131072,4648,0.035461,0,0,3
79,host-12,3,0,14,3,0,0,0.113969,0,32000,3647,0.113969,131072,3948,0.030121,0,0,3
79,host-13,2,0,14,2,0,0,0.122594,0,32000,3923,0.122594,131072,4608,0.035156,0,0,2
79,host-14,3,0,14,3,0,0,0.116469,0,32000,3727,0.116469,131072,3854,0.029404,0,0,3
79,host-15,2,0,14,2,0,0,0.143594,0,32000,4595,0.143594,131072,4682,0.035721,0,0,2
79,host-16,3,0,14,3,0,0,0.154531,0,32000,4945,0.154531,131072,4780,0.036469,0,0,3
79,host-17,3,1,14,3,1,0,0.145531,0,32000,4657,0.145531,131072,5357,0.040871,1,0,2
79,host-18,2,0,14,2,0,0,0.121969,0,32000,3903,0.121969,131072,4093,0.031227,0,0,2
79,host-19,2,0,14,2,0,0,0.137250,0,32000,4392,0.137250,131072,5200,0.039673,0,0,2
79,host-2,3,0,14,3,0,0,0.107250,0,32000,3432,0.107250,131072,2821,0.021523,0,0,3
79,host-20,3,0,14,3,0,0,0.128531,0,32000,4113,0.128531,131072,4600,0.035095,0,0,3
79,host-21,3,0,14,3,0,0,0.113719,0,32000,3639,0.113719,131072,3614,0.027573,0,0,3
79,host-22,3,1,14,3,1,0,0.137969,0,32000,4415,0.137969,131072,4597,0.035072,1,0,2
79,host-23,3,0,14,3,0,0,0.134750,0,32000,4312,0.134750,131072,3537,0.026985,0,0,3
79,host-24,3,0,14,3,0,0,0.119594,0,32000,3827,0.119594,131072,3434,0.026199,0,0,3
79,host-3,3,2,14,3,2,0,0.170500,0,32000,5456,0.170500,131072,5738,0.043777,2,0,1
79,host-4,3,0,14,3,0,0,0.142531,0,32000,4561,0.142531,131072,3678,0.028061,0,0,3
79,host-5,3,0,14,3,0,0,0.127969,0,32000,4095,0.127969,131072,3482,0.026566,0,0,3
79,host-6,3,2,14,3,2,0,0.127906,0,32000,4093,0.127906,131072,3796,0.028961,2,0,1
79,host-7,3,0,14,3,0,0,0.135375,0,32000,4332,0.135375,131072,4392,0.033508,0,0,3
79,host-8,2,0,14,2,0,0,0.104375,0,32000,3340,0.104375,131072,3502,0.026718,0,0,2
79,host-9,2,0,14,2,0,0,0.124344,0,32000,3979,0.124344,131072,4094,0.031235,0,0,2
80,host-1,3,0,14,3,0,0,0.141031,0,32000,4513,0.141031,131072,4843,0.036949,0,0,3
80,host-10,2,0,14,2,0,0,0.116719,0,32000,3735,0.116719,131072,2716,0.020721,0,0,2
80,host-11,3,0,14,3,0,0,0.137094,0,32000,4387,0.137094,131072,4648,0.035461,0,0,3
80,host-12,3,0,14,3,0,0,0.113969,0,32000,3647,0.113969,131072,3948,0.030121,0,0,3
80,host-13,2,0,14,2,0,0,0.122594,0,32000,3923,0.122594,131072,4608,0.035156,0,0,2
80,host-14,3,0,14,3,0,0,0.116469,0,32000,3727,0.116469,131072,3854,0.029404,0,0,3
80,host-15,2,0,14,2,0,0,0.143594,0,32000,4595,0.143594,131072,4682,0.035721,0,0,2
80,host-16,3,0,14,3,0,0,0.154531,0,32000,4945,0.154531,131072,4780,0.036469,0,0,3
80,host-17,3,0,14,3,0,0,0.145531,0,32000,4657,0.145531,131072,5357,0.040871,0,0,3
80,host-18,2,0,14,2,0,0,0.121969,0,32000,3903,0.121969,131072,4093,0.031227,0,0,2
80,host-19,2,0,14,2,0,0,0.137250,0,32000,4392,0.137250,131072,5200,0.039673,0,0,2
80,host-2,3,0,14,3,0,0,0.107250,0,32000,3432,0.107250,131072,2821,0.021523,0,0,3
80,host-20,3,0,14,3,0,0,0.128531,0,32000,4113,0.128531,131072,4600,0.035095,0,0,3
80,host-21,3,0,14,3,0,0,0.113719,0,32000,3639,0.113719,131072,3614,0.027573,0,0,3
80,host-22,3,0,14,3,0,0,0.137969,0,32000,4415,0.137969,131072,4597,0.035072,0,0,3
80,host-23,3,0,14,3,0,0,0.134750,0,32000,4312,0.134750,131072,3537,0.026985,0,0,3
80,host-24,3,0,14,3,0,0,0.119594,0,32000,3827,0.119594,131072,3434,0.026199,0,0,3
80,host-3,3,1,14,3,1,0,0.170500,0,32000,5456,0.170500,131072,5738,0.043777,0,1,2
80,host-4,3,0,14,3,0,0,0.142531,0,32000,4561,0.142531,131072,3678,0.028061,0,0,3
80,host-5,3,0,14,3,0,0,0.127969,0,32000,4095,0.127969,131072,3482,0.026566,0,0,3
80,host-6,3,0,14,3,0,0,0.127906,0,32000,4093,0.127906,131072,3796,0.028961,0,0,3
80,host-7,3,0,14,3,0,0,0.135375,0,32000,4332,0.135375,131072,4392,0.033508,0,0,3
80,host-8,3,1,14,3,1,0,0.135000,0,32000,4320,0.135000,131072,4625,0.035286,1,0,2
80,host-9,2,0,14,2,0,0,0.124344,0,32000,3979,0.124344,131072,4094,0.031235,0,0,2
81,host-1,3,0,14,3,0,0,0.141031,0,32000,4513,0.141031,131072,4843,0.036949,0,0,3
81,host-10,2,0,14,2,0,0,0.116719,0,32000,3735,0.116719,131072,2716,0.020721,0,0,2
81,host-11,3,0,14,3,0,0,0.137094,0,32000,4387,0.137094,131072,4648,0.035461,0,0,3
81,host-12,3,0,14,3,0,0,0.113969,0,32000,3647,0.113969,131072,3948,0.030121,0,0,3
81,host-13,2,0,14,2,0,0,0.122594,0,32000,3923,0.122594,131072,4608,0.035156,0,0,2
81,host-14,3,0,14,3,0,0,0.116469,0,32000,3727,0.116469,131072,3854,0.029404,0,0,3
81,host-15,2,0,14,2,0,0,0.143594,0,32000,4595,0.143594,131072,4682,0.035721,0,0,2
81,host-16,3,0,14,3,0,0,0.154531,0,32000,4945,0.154531,131072,4780,0.036469,0,0,3
81,host-17,3,0,14,3,0,0,0.145531,0,32000,4657,0.145531,131072,5357,0.040871,0,0,3
81,host-18,2,0,14,2,0,0,0.121969,0,32000,3903,0.121969,131072,4093,0.031227,0,0,2
81,host-19,2,0,14,2,0,0,0.137250,0,32000,4392,0.137250,131072,5200,0.039673,0,0,2
81,host-2,3,0,14,3,0,0,0.107250,0,32000,3432,0.107250,131072,2821,0.021523,0,0,3
81,host-20,3,0,14,3,0,0,0.128531,0,32000,4113,0.128531,131072,4600,0.035095,0,0,3
81,host-21,3,0,14,3,0,0,0.113719,0,32000,3639,0.113719,131072,3614,0.027573,0,0,3
81,host-22,3,0,14,3,0,0,0.137969,0,32000,4415,0.137969,131072,4597,0.035072,0,0,3
81,host-23,3,0,14,3,0,0,0.134750,0,32000,4312,0.134750,131072,3537,0.026985,0,0,3
81,host-24,3,0,14,3,0,0,0.119594,0,32000,3827,0.119594,131072,3434,0.026199,0,0,3
81,host-3,3,0,14,3,0,0,0.170500,0,32000,5456,0.170500,131072,5738,0.043777,0,0,3
81,host-4,3,0,14,3,0,0,0.142531,0,32000,4561,0.142531,131072,3678,0.028061,0,0,3
81,host-5,3,0,14,3,0,0,0.127969,0,32000,4095,0.127969,131072,3482,0.026566,0,0,3
81,host-6,3,0,14,3,0,0,0.127906,0,32000,4093,0.127906,131072,3796,0.028961,0,0,3
81,host-7,3,0,14,3,0,0,0.135375,0,32000,4332,0.135375,131072,4392,0.033508,0,0,3
81,host-8,3,1,14,3,1,0,0.135000,0,32000,4320,0.135000,131072,4625,0.035286,1,0,2
81,host-9,2,0,14,2,0,0,0.124344,0,32000,3979,0.124344,131072,4094,0.031235,0,0,2
82,host-1,3,0,14,3,0,0,0.141031,0,32000,4513,0.141031,131072,4843,0.036949,0,0,3
82,host-10,2,1,14,2,1,0,0.116719,0,32000,3735,0.116719,131072,2716,0.020721,0,1,1
82,host-11,2,0,14,2,0,0,0.109844,0,32000,3515,0.109844,131072,3776,0.028809,0,0,2
82,host-12,3,0,14,3,0,0,0.113969,0,32000,3647,0.113969,131072,3948,0.030121,0,0,3
82,host-13,2,0,14,2,0,0,0.122594,0,32000,3923,0.122594,131072,4608,0.035156,0,0,2
82,host-14,3,0,14,3,0,0,0.116469,0,32000,3727,0.116469,131072,3854,0.029404,0,0,3
82,host-15,2,0,14,2,0,0,0.143594,0,32000,4595,0.143594,131072,4682,0.035721,0,0,2
82,host-16,3,0,14,3,0,0,0.154531,0,32000,4945,0.154531,131072,4780,0.036469,0,0,3
82,host-17,3,0,14,3,0,0,0.145531,0,32000,4657,0.145531,131072,5357,0.040871,0,0,3
82,host-18,2,0,14,2,0,0,0.121969,0,32000,3903,0.121969,131072,4093,0.031227,0,0,2
82,host-19,2,0,14,2,0,0,0.137250,0,32000,4392,0.137250,131072,5200,0.039673,0,0,2
82,host-2,4,1,14,4,1,0,0.145594,0,32000,4659,0.145594,131072,4021,0.030678,1,0,3
82,host-20,3,0,14,3,0,0,0.128531,0,32000,4113,0.128531,131072,4600,0.035095,0,0,3
82,host-21,3,0,14,3,0,0,0.113719,0,32000,3639,0.113719,131072,3614,0.027573,0,0,3
82,host-22,3,0,14,3,0,0,0.137969,0,32000,4415,0.137969,131072,4597,0.035072,0,0,3
82,host-23,3,0,14,3,0,0,0.134750,0,32000,4312,0.134750,131072,3537,0.026985,0,0,3
82,host-24,3,0,14,3,0,0,0.119594,0,32000,3827,0.119594,131072,3434,0.026199,0,0,3
82,host-3,3,0,14,3,0,0,0.170500,0,32000,5456,0.170500,131072,5738,0.043777,0,0,3
82,host-4,3,0,14,3,0,0,0.142531,0,32000,4561,0.142531,131072,3678,0.028061,0,0,3
82,host-5,3,0,14,3,0,0,0.127969,0,32000,4095,0.127969,131072,3482,0.026566,0,0,3
82,host-6,3,0,14,3,0,0,0.127906,0,32000,4093,0.127906,131072,3796,0.028961,0,0,3
82,host-7,3,0,14,3,0,0,0.135375,0,32000,4332,0.135375,131072,4392,0.033508,0,0,3
82,host-8,3,0,14,3,0,0,0.135000,0,32000,4320,0.135000,131072,4625,0.035286,0,0,3
82,host-9,2,0,14,2,0,0,0.124344,0,32000,3979,0.124344,131072,4094,0.031235,0,0,2
83,host-1,3,0,14,3,0,0,0.141031,0,32000,4513,0.141031,131072,4843,0.036949,0,0,3
83,host-10,2,0,14,2,0,0,0.116719,0,32000,3735,0.116719,131072,2716,0.020721,0,0,2
83,host-11,2,0,14,2,0,0,0.075906,0,32000,2429,0.075906,131072,2251,0.017174,0,0,2
83,host-12,4,1,14,4,1,0,0.185375,0,32000,5932,0.185375,131072,6516,0.049713,1,0,3
83,host-13,2,0,14,2,0,0,0.122594,0,32000,3923,0.122594,131072,4608,0.035156,0,0,2
83,host-14,3,1,14,3,1,0,0.116469,0,32000,3727,0.116469,131072,3854,0.029404,0,1,2
83,host-15,2,0,14,2,0,0,0.143594,0,32000,4595,0.143594,131072,4682,0.035721,0,0,2
83,host-16,3,0,14,3,0,0,0.154531,0,32000,4945,0.154531,131072,4780,0.036469,0,0,3
83,host-17,3,0,14,3,0,0,0.145531,0,32000,4657,0.145531,131072,5357,0.040871,0,0,3
83,host-18,2,0,14,2,0,0,0.121969,0,32000,3903,0.121969,131072,4093,0.031227,0,0,2
83,host-19,2,0,14,2,0,0,0.137250,0,32000,4392,0.137250,131072,5200,0.039673,0,0,2
83,host-2,4,1,14,4,1,0,0.145594,0,32000,4659,0.145594,131072,4021,0.030678,1,0,3
83,host-20,3,0,14,3,0,0,0.128531,0,32000,4113,0.128531,131072,4600,0.035095,0,0,3
83,host-21,4,1,14,4,1,0,0.158312,0,32000,5066,0.158312,131072,4839,0.036919,1,0,3
83,host-22,3,0,14,3,0,0,0.137969,0,32000,4415,0.137969,131072,4597,0.035072,0,0,3
83,host-23,3,0,14,3,0,0,0.134750,0,32000,4312,0.134750,131072,3537,0.026985,0,0,3
83,host-24,3,0,14,3,0,0,0.119594,0,32000,3827,0.119594,131072,3434,0.026199,0,0,3
83,host-3,3,0,14,3,0,0,0.170500,0,32000,5456,0.170500,131072,5738,0.043777,0,0,3
83,host-4,3,0,14,3,0,0,0.142531,0,32000,4561,0.142531,131072,3678,0.028061,0,0,3
83,host-5,3,0,14,3,0,0,0.127969,0,32000,4095,0.127969,131072,3482,0.026566,0,0,3
83,host-6,3,0,14,3,0,0,0.127906,0,32000,4093,0.127906,131072,3796,0.028961,0,0,3
83,host-7,3,0,14,3,0,0,0.135375,0,32000,4332,0.135375,131072,4392,0.033508,0,0,3
83,host-8,3,0,14,3,0,0,0.135000,0,32000,4320,0.135000,131072,4625,0.035286,0,0,3
83,host-9,2,0,14,2,0,0,0.124344,0,32000,3979,0.124344,131072,4094,0.031235,0,0,2
84,host-1,3,0,14,3,0,0,0.141031,0,32000,4513,0.141031,131072,4843,0.036949,0,0,3
84,host-10,2,0,14,2,0,0,0.116719,0,32000,3735,0.116719,131072,2716,0.020721,0,0,2
84,host-11,2,0,14,2,0,0,0.075906,0,32000,2429,0.075906,131072,2251,0.017174,0,0,2
84,host-12,4,1,14,4,1,0,0.185375,0,32000,5932,0.185375,131072,6516,0.049713,1,0,3
84,host-13,1,0,14,1,0,0,0.074125,0,32000,2372,0.074125,131072,2377,0.018135,0,0,1
84,host-14,3,0,14,3,0,0,0.116469,0,32000,3727,0.116469,131072,3854,0.029404,0,0,3
84,host-15,2,0,14,2,0,0,0.143594,0,32000,4595,0.143594,131072,4682,0.035721,0,0,2
84,host-16,3,0,14,3,0,0,0.154531,0,32000,4945,0.154531,131072,4780,0.036469,0,0,3
84,host-17,3,0,14,3,0,0,0.145531,0,32000,4657,0.145531,131072,5357,0.040871,0,0,3
84,host-18,2,0,14,2,0,0,0.121969,0,32000,3903,0.121969,131072,4093,0.031227,0,0,2
84,host-19,2,0,14,2,0,0,0.137250,0,32000,4392,0.137250,131072,5200,0.039673,0,0,2
84,host-2,4,1,14,4,1,0,0.145594,0,32000,4659,0.145594,131072,4021,0.030678,0,1,3
84,host-20,2,0,14,2,0,0,0.083062,0,32000,2658,0.083062,131072,3197,0.024391,0,0,2
84,host-21,4,1,14,4,1,0,0.158312,0,32000,5066,0.158312,131072,4839,0.036919,1,0,3
84,host-22,3,0,14,3,0,0,0.137969,0,32000,4415,0.137969,131072,4597,0.035072,0,0,3
84,host-23,3,1,14,3,1,0,0.134750,0,32000,4312,0.134750,131072,3537,0.026985,0,1,2
84,host-24,3,0,14,3,0,0,0.119594,0,32000,3827,0.119594,131072,3434,0.026199,0,0,3
84,host-3,3,0,14,3,0,0,0.170500,0,32000,5456,0.170500,131072,5738,0.043777,0,0,3
84,host-4,3,1,14,3,1,0,0.142531,0,32000,4561,0.142531,131072,3678,0.028061,0,1,2
84,host-5,3,0,14,3,0,0,0.127969,0,32000,4095,0.127969,131072,3482,0.026566,0,0,3
84,host-6,3,0,14,3,0,0,0.127906,0,32000,4093,0.127906,131072,3796,0.028961,0,0,3
84,host-7,2,1,14,2,1,0,0.102656,0,32000,3285,0.102656,131072,4210,0.032120,1,0,1
84,host-8,3,0,14,3,0,0,0.135000,0,32000,4320,0.135000,131072,4625,0.035286,0,0,3
84,host-9,2,0,14,2,0,0,0.124344,0,32000,3979,0.124344,131072,4094,0.031235,0,0,2
85,host-1,3,0,14,3,0,0,0.141031,0,32000,4513,0.141031,131072,4843,0.036949,0,0,3
85,host-10,2,0,14,2,0,0,0.116719,0,32000,3735,0.116719,131072,2716,0.020721,0,0,2
85,host-11,2,0,14,2,0,0,0.075906,0,32000,2429,0.075906,131072,2251,0.017174,0,0,2
85,host-12,4,0,14,4,0,0,0.185375,0,32000,5932,0.185375,131072,6516,0.049713,0,0,4
85,host-13,2,1,14,2,1,0,0.146281,0,32000,4681,0.146281,131072,5326,0.040634,1,0,1
85,host-14,2,0,14,2,0,0,0.086656,0,32000,2773,0.086656,131072,3213,0.024513,0,0,2
85,host-15,2,0,14,2,0,0,0.143594,0,32000,4595,0.143594,131072,4682,0.035721,0,0,2
85,host-16,2,0,14,2,0,0,0.124719,0,32000,3991,0.124719,131072,4139,0.031578,0,0,2
85,host-17,3,0,14,3,0,0,0.145531,0,32000,4657,0.145531,131072,5357,0.040871,0,0,3
85,host-18,2,1,14,2,1,0,0.121969,0,32000,3903,0.121969,131072,4093,0.031227,0,1,1
85,host-19,2,0,14,2,0,0,0.137250,0,32000,4392,0.137250,131072,5200,0.039673,0,0,2
85,host-2,3,0,14,3,0,0,0.097062,0,32000,3106,0.097062,131072,2294,0.017502,0,0,3
85,host-20,2,0,14,2,0,0,0.083062,0,32000,2658,0.083062,131072,3197,0.024391,0,0,2
85,host-21,2,0,14,2,0,0,0.095406,0,32000,3053,0.095406,131072,2808,0.021423,0,0,2
85,host-22,3,0,14,3,0,0,0.137969,0,32000,4415,0.137969,131072,4597,0.035072,0,0,3
85,host-23,3,0,14,3,0,0,0.134750,0,32000,4312,0.134750,131072,3537,0.026985,0,0,3
85,host-24,3,0,14,3,0,0,0.119594,0,32000,3827,0.119594,131072,3434,0.026199,0,0,3
85,host-3,3,0,14,3,0,0,0.170500,0,32000,5456,0.170500,131072,5738,0.043777,0,0,3
85,host-4,3,0,14,3,0,0,0.142531,0,32000,4561,0.142531,131072,3678,0.028061,0,0,3
85,host-5,3,0,14,3,0,0,0.127969,0,32000,4095,0.127969,131072,3482,0.026566,0,0,3
85,host-6,3,0,14,3,0,0,0.127906,0,32000,4093,0.127906,131072,3796,0.028961,0,0,3
85,host-7,2,0,14,2,0,0,0.102656,0,32000,3285,0.102656,131072,4210,0.032120,0,0,2
85,host-8,3,0,14,3,0,0,0.135000,0,32000,4320,0.135000,131072,4625,0.035286,0,0,3
85,host-9,2,0,14,2,0,0,0.124344,0,32000,3979,0.124344,131072,4094,0.031235,0,0,2
86,host-1,3,0,14,3,0,0,0.141031,0,32000,4513,0.141031,131072,4843,0.036949,0,0,3
86,host-10,2,0,14,2,0,0,0.116719,0,32000,3735,0.116719,131072,2716,0.020721,0,0,2
86,host-11,3,1,14,3,1,0,0.105469,0,32000,3375,0.105469,131072,3266,0.024918,1,0,2
86,host-12,4,0,14,4,0,0,0.185375,0,32000,5932,0.185375,131072,6516,0.049713,0,0,4
86,host-13,2,0,14,2,0,0,0.146281,0,32000,4681,0.146281,131072,5326,0.040634,0,0,2
86,host-14,2,0,14,2,0,0,0.086656,0,32000,2773,0.086656,131072,3213,0.024513,0,0,2
86,host-15,2,0,14,2,0,0,0.143594,0,32000,4595,0.143594,131072,4682,0.035721,0,0,2
86,host-16,2,0,14,2,0,0,0.124719,0,32000,3991,0.124719,131072,4139,0.031578,0,0,2
86,host-17,3,0,14,3,0,0,0.145531,0,32000,4657,0.145531,131072,5357,0.040871,0,0,3
86,host-18,2,0,14,2,0,0,0.121969,0,32000,3903,0.121969,131072,4093,0.031227,0,0,2
86,host-19,2,0,14,2,0,0,0.137250,0,32000,4392,0.137250,131072,5200,0.039673,0,0,2
86,host-2,3,0,14,3,0,0,0.097062,0,32000,3106,0.097062,131072,2294,0.017502,0,0,3
86,host-20,2,0,14,2,0,0,0.083062,0,32000,2658,0.083062,131072,3197,0.024391,0,0,2
86,host-21,2,0,14,2,0,0,0.095406,0,32000,3053,0.095406,131072,2808,0.021423,0,0,2
86,host-22,3,0,14,3,0,0,0.137969,0,32000,4415,0.137969,131072,4597,0.035072,0,0,3
86,host-23,3,0,14,3,0,0,0.134750,0,32000,4312,0.134750,131072,3537,0.026985,0,0,3
86,host-24,3,0,14,3,0,0,0.119594,0,32000,3827,0.119594,131072,3434,0.026199,0,0,3
86,host-3,3,0,14,3,0,0,0.170500,0,32000,5456,0.170500,131072,5738,0.043777,0,0,3
86,host-4,3,0,14,3,0,0,0.142531,0,32000,4561,0.142531,131072,3678,0.028061,0,0,3
86,host-5,3,0,14,3,0,0,0.127969,0,32000,4095,0.127969,131072,3482,0.026566,0,0,3
86,host-6,3,0,14,3,0,0,0.127906,0,32000,4093,0.127906,131072,3796,0.028961,0,0,3
86,host-7,2,0,14,2,0,0,0.102656,0,32000,3285,0.102656,131072,4210,0.032120,0,0,2
86,host-8,3,0,14,3,0,0,0.135000,0,32000,4320,0.135000,131072,4625,0.035286,0,0,3
86,host-9,2,0,14,2,0,0,0.124344,0,32000,3979,0.124344,131072,4094,0.031235,0,0,2
87,host-1,3,0,14,3,0,0,0.141031,0,32000,4513,0.141031,131072,4843,0.036949,0,0,3
87,host-10,2,0,14,2,0,0,0.116719,0,32000,3735,0.116719,131072,2716,0.020721,0,0,2
87,host-11,3,1,14,3,1,0,0.105469,0,32000,3375,0.105469,131072,3266,0.024918,0,1,2
87,host-12,4,0,14,4,0,0,0.185375,0,32000,5932,0.185375,131072,6516,0.049713,0,0,4
87,host-13,2,0,14,2,0,0,0.146281,0,32000,4681,0.146281,131072,5326,0.040634,0,0,2
87,host-14,2,0,14,2,0,0,0.086656,0,32000,2773,0.086656,131072,3213,0.024513,0,0,2
87,host-15,2,0,14,2,0,0,0.143594,0,32000,4595,0.143594,131072,4682,0.035721,0,0,2
87,host-16,2,0,14,2,0,0,0.124719,0,32000,3991,0.124719,131072,4139,0.031578,0,0,2
87,host-17,3,0,14,3,0,0,0.145531,0,32000,4657,0.145531,131072,5357,0.040871,0,0,3
87,host-18,2,0,14,2,0,0,0.121969,0,32000,3903,0.121969,131072,4093,0.031227,0,0,2
87,host-19,2,0,14,2,0,0,0.137250,0,32000,4392,0.137250,131072,5200,0.039673,0,0,2
87,host-2,3,0,14,3,0,0,0.097062,0,32000,3106,0.097062,131072,2294,0.017502,0,0,3
87,host-20,3,2,14,3,2,0,0.140625,0,32000,4500,0.140625,131072,4972,0.037933,1,1,1
87,host-21,2,0,14,2,0,0,0.095406,0,32000,3053,0.095406,131072,2808,0.021423,0,0,2
87,host-22,2,0,14,2,0,0,0.093969,0,32000,3007,0.093969,131072,2715,0.020714,0,0,2
87,host-23,2,0,14,2,0,0,0.090969,0,32000,2911,0.090969,131072,2791,0.021294,0,0,2
87,host-24,3,0,14,3,0,0,0.119594,0,32000,3827,0.119594,131072,3434,0.026199,0,0,3
87,host-3,3,0,14,3,0,0,0.170500,0,32000,5456,0.170500,131072,5738,0.043777,0,0,3
87,host-4,3,0,14,3,0,0,0.142531,0,32000,4561,0.142531,131072,3678,0.028061,0,0,3
87,host-5,3,1,14,3,1,0,0.125875,0,32000,4028,0.125875,131072,3196,0.024384,1,0,2
87,host-6,3,0,14,3,0,0,0.127906,0,32000,4093,0.127906,131072,3796,0.028961,0,0,3
87,host-7,2,0,14,2,0,0,0.102656,0,32000,3285,0.102656,131072,4210,0.032120,0,0,2
87,host-8,3,0,14,3,0,0,0.135000,0,32000,4320,0.135000,131072,4625,0.035286,0,0,3
87,host-9,2,0,14,2,0,0,0.124344,0,32000,3979,0.124344,131072,4094,0.031235,0,0,2
88,host-1,3,0,14,3,0,0,0.141031,0,32000,4513,0.141031,131072,4843,0.036949,0,0,3
88,host-10,2,0,14,2,0,0,0.116719,0,32000,3735,0.116719,131072,2716,0.020721,0,0,2
88,host-11,2,0,14,2,0,0,0.067781,0,32000,2169,0.067781,131072,2439,0.018608,0,0,2
88,host-12,4,0,14,4,0,0,0.185375,0,32000,5932,0.185375,131072,6516,0.049713,0,0,4
88,host-13,2,0,14,2,0,0,0.146281,0,32000,4681,0.146281,131072,5326,0.040634,0,0,2
88,host-14,2,1,14,2,1,0,0.104875,0,32000,3356,0.104875,131072,3774,0.028793,1,0,1
88,host-15,1,0,14,1,0,0,0.066375,0,32000,2124,0.066375,131072,2384,0.018188,0,0,1
88,host-16,2,0,14,2,0,0,0.124719,0,32000,3991,0.124719,131072,4139,0.031578,0,0,2
88,host-17,3,0,14,3,0,0,0.145531,0,32000,4657,0.145531,131072,5357,0.040871,0,0,3
88,host-18,1,0,14,1,0,0,0.064062,0,32000,2050,0.064062,131072,2686,0.020493,0,0,1
88,host-19,1,0,14,1,0,0,0.076781,0,32000,2457,0.076781,131072,2786,0.021255,0,0,1
88,host-2,3,0,14,3,0,0,0.097062,0,32000,3106,0.097062,131072,2294,0.017502,0,0,3
88,host-20,2,1,14,2,1,0,0.114000,0,32000,3648,0.114000,131072,3899,0.029747,1,0,1
88,host-21,1,0,14,1,0,0,0.044594,0,32000,1427,0.044594,131072,1225,0.009346,0,0,1
88,host-22,2,0,14,2,0,0,0.093969,0,32000,3007,0.093969,131072,2715,0.020714,0,0,2
88,host-23,2,1,14,2,1,0,0.107188,0,32000,3430,0.107188,131072,4151,0.031670,1,0,1
88,host-24,3,0,14,3,0,0,0.119594,0,32000,3827,0.119594,131072,3434,0.026199,0,0,3
88,host-3,3,0,14,3,0,0,0.170500,0,32000,5456,0.170500,131072,5738,0.043777,0,0,3
88,host-4,2,0,14,2,0,0,0.104500,0,32000,3344,0.104500,131072,3037,0.023170,0,0,2
88,host-5,3,0,14,3,0,0,0.125875,0,32000,4028,0.125875,131072,3196,0.024384,0,0,3
88,host-6,3,0,14,3,0,0,0.127906,0,32000,4093,0.127906,131072,3796,0.028961,0,0,3
88,host-7,1,0,14,1,0,0,0.072156,0,32000,2309,0.072156,131072,2949,0.022499,0,0,1
88,host-8,3,0,14,3,0,0,0.135000,0,32000,4320,0.135000,131072,4625,0.035286,0,0,3
88,host-9,2,0,14,2,0,0,0.124344,0,32000,3979,0.124344,131072,4094,0.031235,0,0,2
89,host-1,2,0,14,2,0,0,0.110625,0,32000,3540,0.110625,131072,3285,0.025063,0,0,2
89,host-10,2,0,14,2,0,0,0.116719,0,32000,3735,0.116719,131072,2716,0.020721,0,0,2
89,host-11,2,0,14,2,0,0,0.067781,0,32000,2169,0.067781,131072,2439,0.018608,0,0,2
89,host-12,3,0,14,3,0,0,0.147031,0,32000,4705,0.147031,131072,5612,0.042816,0,0,3
89,host-13,2,0,14,2,0,0,0.146281,0,32000,4681,0.146281,131072,5326,0.040634,0,0,2
89,host-14,2,0,14,2,0,0,0.104875,0,32000,3356,0.104875,131072,3774,0.028793,0,0,2
89,host-15,1,0,14,1,0,0,0.066375,0,32000,2124,0.066375,131072,2384,0.018188,0,0,1
89,host-16,2,0,14,2,0,0,0.124719,0,32000,3991,0.124719,131072,4139,0.031578,0,0,2
89,host-17,3,0,14,3,0,0,0.145531,0,32000,4657,0.145531,131072,5357,0.040871,0,0,3
89,host-18,1,0,14,1,0,0,0.064062,0,32000,2050,0.064062,131072,2686,0.020493,0,0,1
89,host-19,0,0,14,0,0,0,0.000000,0,32000,0,0.000000,131072,0,0.000000,0,0,0
89,host-2,3,0,14,3,0,0,0.097062,0,32000,3106,0.097062,131072,2294,0.017502,0,0,3
89,host-20,2,0,14,2,0,0,0.114000,0,32000,3648,0.114000,131072,3899,0.029747,0,0,2
89,host-21,1,0,14,1,0,0,0.044594,0,32000,1427,0.044594,131072,1225,0.009346,0,0,1
89,host-22,2,0,14,2,0,0,0.093969,0,32000,3007,0.093969,131072,2715,0.020714,0,0,2
89,host-23,2,1,14,2,1,0,0.107188,0,32000,3430,0.107188,131072,4151,0.031670,1,0,1
89,host-24,2,0,14,2,0,0,0.091813,0,32000,2938,0.091813,131072,2912,0.022217,0,0,2
89,host-3,3,0,14,3,0,0,0.170500,0,32000,5456,0.170500,131072,5738,0.043777,0,0,3
89,host-4,2,0,14,2,0,0,0.104500,0,32000,3344,0.104500,131072,3037,0.023170,0,0,2
89,host-5,3,1,14,3,1,0,0.125875,0,32000,4028,0.125875,131072,3196,0.024384,0,1,2
89,host-6,3,0,14,3,0,0,0.127906,0,32000,4093,0.127906,131072,3796,0.028961,0,0,3
89,host-7,1,0,14,1,0,0,0.072156,0,32000,2309,0.072156,131072,2949,0.022499,0,0,1
89,host-8,3,0,14,3,0,0,0.135000,0,32000,4320,0.135000,131072,4625,0.035286,0,0,3
89,host-9,1,0,14,1,0,0,0.066531,0,32000,2129,0.066531,131072,2221,0.016945,0,0,1
90,host-1,2,0,14,2,0,0,0.110625,0,32000,3540,0.110625,131072,3285,0.025063,0,0,2
90,host-10,2,0,14,2,0,0,0.116719,0,32000,3735,0.116719,131072,2716,0.020721,0,0,2
90,host-11,2,0,14,2,0,0,0.067781,0,32000,2169,0.067781,131072,2439,0.018608,0,0,2
90,host-12,3,0,14,3,0,0,0.147031,0,32000,4705,0.147031,131072,5612,0.042816,0,0,3
90,host-13,2,0,14,2,0,0,0.146281,0,32000,4681,0.146281,131072,5326,0.040634,0,0,2
90,host-14,2,0,14,2,0,0,0.104875,0,32000,3356,0.104875,131072,3774,0.028793,0,0,2
90,host-15,1,0,14,1,0,0,0.066375,0,32000,2124,0.066375,131072,2384,0.018188,0,0,1
90,host-16,2,0,14,2,0,0,0.124719,0,32000,3991,0.124719,131072,4139,0.031578,0,0,2
90,host-17,3,0,14,3,0,0,0.145531,0,32000,4657,0.145531,131072,5357,0.040871,0,0,3
90,host-18,1,0,14,1,0,0,0.064062,0,32000,2050,0.064062,131072,2686,0.020493,0,0,1
90,host-19,1,1,14,1,1,0,0.060187,0,32000,1926,0.060187,131072,1810,0.013809,1,0,0
90,host-2,2,0,14,2,0,0,0.065219,0,32000,2087,0.065219,131072,1731,0.013206,0,0,2
90,host-20,2,0,14,2,0,0,0.114000,0,32000,3648,0.114000,131072,3899,0.029747,0,0,2
90,host-21,2,1,14,2,1,0,0.102500,0,32000,3280,0.102500,131072,2632,0.020081,1,0,1
90,host-22,2,0,14,2,0,0,0.093969,0,32000,3007,0.093969,131072,2715,0.020714,0,0,2
90,host-23,2,0,14,2,0,0,0.107188,0,32000,3430,0.107188,131072,4151,0.031670,0,0,2
90,host-24,1,0,14,1,0,0,0.065844,0,32000,2107,0.065844,131072,1863,0.014214,0,0,1
90,host-3,3,0,14,3,0,0,0.170500,0,32000,5456,0.170500,131072,5738,0.043777,0,0,3
90,host-4,2,0,14,2,0,0,0.104500,0,32000,3344,0.104500,131072,3037,0.023170,0,0,2
90,host-5,3,0,14,3,0,0,0.125875,0,32000,4028,0.125875,131072,3196,0.024384,0,0,3
90,host-6,3,0,14,3,0,0,0.127906,0,32000,4093,0.127906,131072,3796,0.028961,0,0,3
90,host-7,1,0,14,1,0,0,0.072156,0,32000,2309,0.072156,131072,2949,0.022499,0,0,1
90,host-8,3,0,14,3,0,0,0.135000,0,32000,4320,0.135000,131072,4625,0.035286,0,0,3
90,host-9,1,0,14,1,0,0,0.066531,0,32000,2129,0.066531,131072,2221,0.016945,0,0,1
91,host-1,2,0,14,2,0,0,0.110625,0,32000,3540,0.110625,131072,3285,0.025063,0,0,2
91,host-10,2,0,14,2,0,0,0.116719,0,32000,3735,0.116719,131072,2716,0.020721,0,0,2
91,host-11,2,0,14,2,0,0,0.067781,0,32000,2169,0.067781,131072,2439,0.018608,0,0,2
91,host-12,3,0,14,3,0,0,0.147031,0,32000,4705,0.147031,131072,5612,0.042816,0,0,3
91,host-13,2,0,14,2,0,0,0.146281,0,32000,4681,0.146281,131072,5326,0.040634,0,0,2
91,host-14,2,0,14,2,0,0,0.104875,0,32000,3356,0.104875,131072,3774,0.028793,0,0,2
91,host-15,1,0,14,1,0,0,0.066375,0,32000,2124,0.066375,131072,2384,0.018188,0,0,1
91,host-16,2,0,14,2,0,0,0.124719,0,32000,3991,0.124719,131072,4139,0.031578,0,0,2
91,host-17,3,0,14,3,0,0,0.145531,0,32000,4657,0.145531,131072,5357,0.040871,0,0,3
91,host-18,1,0,14,1,0,0,0.064062,0,32000,2050,0.064062,131072,2686,0.020493,0,0,1
91,host-19,2,1,14,2,1,0,0.118094,0,32000,3779,0.118094,131072,3217,0.024544,1,0,1
91,host-2,2,0,14,2,0,0,0.065219,0,32000,2087,0.065219,131072,1731,0.013206,0,0,2
91,host-20,2,0,14,2,0,0,0.114000,0,32000,3648,0.114000,131072,3899,0.029747,0,0,2
91,host-21,2,0,14,2,0,0,0.102500,0,32000,3280,0.102500,131072,2632,0.020081,0,0,2
91,host-22,2,0,14,2,0,0,0.093969,0,32000,3007,0.093969,131072,2715,0.020714,0,0,2
91,host-23,2,0,14,2,0,0,0.107188,0,32000,3430,0.107188,131072,4151,0.031670,0,0,2
91,host-24,1,0,14,1,0,0,0.065844,0,32000,2107,0.065844,131072,1863,0.014214,0,0,1
91,host-3,3,0,14,3,0,0,0.170500,0,32000,5456,0.170500,131072,5738,0.043777,0,0,3
91,host-4,2,0,14,2,0,0,0.104500,0,32000,3344,0.104500,131072,3037,0.023170,0,0,2
91,host-5,2,0,14,2,0,0,0.094031,0,32000,3009,0.094031,131072,2633,0.020088,0,0,2
91,host-6,3,0,14,3,0,0,0.127906,0,32000,4093,0.127906,131072,3796,0.028961,0,0,3
91,host-7,1,0,14,1,0,0,0.072156,0,32000,2309,0.072156,131072,2949,0.022499,0,0,1
91,host-8,2,0,14,2,0,0,0.083562,0,32000,2674,0.083562,131072,3384,0.025818,0,0,2
91,host-9,1,0,14,1,0,0,0.066531,0,32000,2129,0.066531,131072,2221,0.016945,0,0,1
92,host-1,2,0,14,2,0,0,0.110625,0,32000,3540,0.110625,131072,3285,0.025063,0,0,2
92,host-10,2,0,14,2,0,0,0.116719,0,32000,3735,0.116719,131072,2716,0.020721,0,0,2
92,host-11,2,0,14,2,0,0,0.067781,0,32000,2169,0.067781,131072,2439,0.018608,0,0,2
92,host-12,3,0,14,3,0,0,0.147031,0,32000,4705,0.147031,131072,5612,0.042816,0,0,3
92,host-13,2,0,14,2,0,0,0.146281,0,32000,4681,0.146281,131072,5326,0.040634,0,0,2
92,host-14,2,0,14,2,0,0,0.104875,0,32000,3356,0.104875,131072,3774,0.028793,0,0,2
92,host-15,1,0,14,1,0,0,0.066375,0,32000,2124,0.066375,131072,2384,0.018188,0,0,1
92,host-16,2,0,14,2,0,0,0.124719,0,32000,3991,0.124719,131072,4139,0.031578,0,0,2
92,host-17,3,0,14,3,0,0,0.145531,0,32000,4657,0.145531,131072,5357,0.040871,0,0,3
92,host-18,1,0,14,1,0,0,0.064062,0,32000,2050,0.064062,131072,2686,0.020493,0,0,1
92,host-19,2,0,14,2,0,0,0.118094,0,32000,3779,0.118094,131072,3217,0.024544,0,0,2
92,host-2,2,0,14,2,0,0,0.065219,0,32000,2087,0.065219,131072,1731,0.013206,0,0,2
92,host-20,2,0,14,2,0,0,0.114000,0,32000,3648,0.114000,131072,3899,0.029747,0,0,2
92,host-21,2,0,14,2,0,0,0.102500,0,32000,3280,0.102500,131072,2632,0.020081,0,0,2
92,host-22,2,0,14,2,0,0,0.093969,0,32000,3007,0.093969,131072,2715,0.020714,0,0,2
92,host-23,2,0,14,2,0,0,0.107188,0,32000,3430,0.107188,131072,4151,0.031670,0,0,2
92,host-24,1,0,14,1,0,0,0.065844,0,32000,2107,0.065844,131072,1863,0.014214,0,0,1
92,host-3,2,0,14,2,0,0,0.104656,0,32000,3349,0.104656,131072,3875,0.029564,0,0,2
92,host-4,2,0,14,2,0,0,0.104500,0,32000,3344,0.104500,131072,3037,0.023170,0,0,2
92,host-5,2,0,14,2,0,0,0.094031,0,32000,3009,0.094031,131072,2633,0.020088,0,0,2
92,host-6,3,0,14,3,0,0,0.127906,0,32000,4093,0.127906,131072,3796,0.028961,0,0,3
92,host-7,1,0,14,1,0,0,0.072156,0,32000,2309,0.072156,131072,2949,0.022499,0,0,1
92,host-8,2,0,14,2,0,0,0.083562,0,32000,2674,0.083562,131072,3384,0.025818,0,0,2
92,host-9,1,0,14,1,0,0,0.066531,0,32000,2129,0.066531,131072,2221,0.016945,0,0,1
93,host-1,2,0,14,2,0,0,0.110625,0,32000,3540,0.110625,131072,3285,0.025063,0,0,2
93,host-10,2,0,14,2,0,0,0.116719,0,32000,3735,0.116719,131072,2716,0.020721,0,0,2
93,host-11,2,0,14,2,0,0,0.067781,0,32000,2169,0.067781,131072,2439,0.018608,0,0,2
93,host-12,3,0,14,3,0,0,0.147031,0,32000,4705,0.147031,131072,5612,0.042816,0,0,3
93,host-13,2,0,14,2,0,0,0.146281,0,32000,4681,0.146281,131072,5326,0.040634,0,0,2
93,host-14,2,0,14,2,0,0,0.104875,0,32000,3356,0.104875,131072,3774,0.028793,0,0,2
93,host-15,1,0,14,1,0,0,0.066375,0,32000,2124,0.066375,131072,2384,0.018188,0,0,1
93,host-16,2,0,14,2,0,0,0.124719,0,32000,3991,0.124719,131072,4139,0.031578,0,0,2
93,host-17,3,0,14,3,0,0,0.145531,0,32000,4657,0.145531,131072,5357,0.040871,0,0,3
93,host-18,2,1,14,2,1,0,0.101750,0,32000,3256,0.101750,131072,4192,0.031982,1,0,1
93,host-19,2,0,14,2,0,0,0.118094,0,32000,3779,0.118094,131072,3217,0.024544,0,0,2
93,host-2,3,1,14,3,1,0,0.135437,0,32000,4334,0.135437,131072,3640,0.027771,1,0,2
93,host-20,2,0,14,2,0,0,0.114000,0,32000,3648,0.114000,131072,3899,0.029747,0,0,2
93,host-21,2,0,14,2,0,0,0.102500,0,32000,3280,0.102500,131072,2632,0.020081,0,0,2
93,host-22,2,0,14,2,0,0,0.093969,0,32000,3007,0.093969,131072,2715,0.020714,0,0,2
93,host-23,2,0,14,2,0,0,0.107188,0,32000,3430,0.107188,131072,4151,0.031670,0,0,2
93,host-24,2,1,14,2,1,0,0.112031,0,32000,3585,0.112031,131072,3469,0.026466,1,0,1
93,host-3,2,0,14,2,0,0,0.104656,0,32000,3349,0.104656,131072,3875,0.029564,0,0,2
93,host-4,2,0,14,2,0,0,0.104500,0,32000,3344,0.104500,131072,3037,0.023170,0,0,2
93,host-5,2,0,14,2,0,0,0.094031,0,32000,3009,0.094031,131072,2633,0.020088,0,0,2
93,host-6,3,0,14,3,0,0,0.127906,0,32000,4093,0.127906,131072,3796,0.028961,0,0,3
93,host-7,1,0,14,1,0,0,0.072156,0,32000,2309,0.072156,131072,2949,0.022499,0,0,1
93,host-8,2,0,14,2,0,0,0.083562,0,32000,2674,0.083562,131072,3384,0.025818,0,0,2
93,host-9,1,0,14,1,0,0,0.066531,0,32000,2129,0.066531,131072,2221,0.016945,0,0,1
94,host-1,2,0,14,2,0,0,0.110625,0,32000,3540,0.110625,131072,3285,0.025063,0,0,2
94,host-10,2,0,14,2,0,0,0.116719,0,32000,3735,0.116719,131072,2716,0.020721,0,0,2
94,host-11,2,0,14,2,0,0,0.067781,0,32000,2169,0.067781,131072,2439,0.018608,0,0,2
94,host-12,3,0,14,3,0,0,0.147031,0,32000,4705,0.147031,131072,5612,0.042816,0,0,3
94,host-13,2,0,14,2,0,0,0.146281,0,32000,4681,0.146281,131072,5326,0.040634,0,0,2
94,host-14,2,0,14,2,0,0,0.104875,0,32000,3356,0.104875,131072,3774,0.028793,0,0,2
94,host-15,2,1,14,2,1,0,0.136594,0,32000,4371,0.136594,131072,4293,0.032753,1,0,1
94,host-16,2,0,14,2,0,0,0.124719,0,32000,3991,0.124719,131072,4139,0.031578,0,0,2
94,host-17,3,0,14,3,0,0,0.145531,0,32000,4657,0.145531,131072,5357,0.040871,0,0,3
94,host-18,2,0,14,2,0,0,0.101750,0,32000,3256,0.101750,131072,4192,0.031982,0,0,2
94,host-19,2,0,14,2,0,0,0.118094,0,32000,3779,0.118094,131072,3217,0.024544,0,0,2
94,host-2,3,1,14,3,1,0,0.135437,0,32000,4334,0.135437,131072,3640,0.027771,1,0,2
94,host-20,2,0,14,2,0,0,0.114000,0,32000,3648,0.114000,131072,3899,0.029747,0,0,2
94,host-21,2,0,14,2,0,0,0.102500,0,32000,3280,0.102500,131072,2632,0.020081,0,0,2
94,host-22,2,0,14,2,0,0,0.093969,0,32000,3007,0.093969,131072,2715,0.020714,0,0,2
94,host-23,2,0,14,2,0,0,0.107188,0,32000,3430,0.107188,131072,4151,0.031670,0,0,2
94,host-24,2,1,14,2,1,0,0.112031,0,32000,3585,0.112031,131072,3469,0.026466,1,0,1
94,host-3,2,0,14,2,0,0,0.104656,0,32000,3349,0.104656,131072,3875,0.029564,0,0,2
94,host-4,2,0,14,2,0,0,0.104500,0,32000,3344,0.104500,131072,3037,0.023170,0,0,2
94,host-5,2,0,14,2,0,0,0.094031,0,32000,3009,0.094031,131072,2633,0.020088,0,0,2
94,host-6,3,0,14,3,0,0,0.127906,0,32000,4093,0.127906,131072,3796,0.028961,0,0,3
94,host-7,1,0,14,1,0,0,0.072156,0,32000,2309,0.072156,131072,2949,0.022499,0,0,1
94,host-8,2,0,14,2,0,0,0.083562,0,32000,2674,0.083562,131072,3384,0.025818,0,0,2
94,host-9,1,0,14,1,0,0,0.066531,0,32000,2129,0.066531,131072,2221,0.016945,0,0,1
95,host-1,2,0,14,2,0,0,0.110625,0,32000,3540,0.110625,131072,3285,0.025063,0,0,2
95,host-10,2,0,14,2,0,0,0.116719,0,32000,3735,0.116719,131072,2716,0.020721,0,0,2
95,host-11,2,0,14,2,0,0,0.067781,0,32000,2169,0.067781,131072,2439,0.018608,0,0,2
95,host-12,3,0,14,3,0,0,0.147031,0,32000,4705,0.147031,131072,5612,0.042816,0,0,3
95,host-13,2,0,14,2,0,0,0.146281,0,32000,4681,0.146281,131072,5326,0.040634,0,0,2
95,host-14,2,0,14,2,0,0,0.104875,0,32000,3356,0.104875,131072,3774,0.028793,0,0,2
95,host-15,2,1,14,2,1,0,0.136594,0,32000,4371,0.136594,131072,4293,0.032753,1,0,1
95,host-16,2,0,14,2,0,0,0.124719,0,32000,3991,0.124719,131072,4139,0.031578,0,0,2
95,host-17,3,0,14,3,0,0,0.145531,0,32000,4657,0.145531,131072,5357,0.040871,0,0,3
95,host-18,2,0,14,2,0,0,0.101750,0,32000,3256,0.101750,131072,4192,0.031982,0,0,2
95,host-19,2,0,14,2,0,0,0.118094,0,32000,3779,0.118094,131072,3217,0.024544,0,0,2
95,host-2,3,0,14,3,0,0,0.135437,0,32000,4334,0.135437,131072,3640,0.027771,0,0,3
95,host-20,2,0,14,2,0,0,0.114000,0,32000,3648,0.114000,131072,3899,0.029747,0,0,2
95,host-21,2,0,14,2,0,0,0.102500,0,32000,3280,0.102500,131072,2632,0.020081,0,0,2
95,host-22,2,0,14,2,0,0,0.093969,0,32000,3007,0.093969,131072,2715,0.020714,0,0,2
95,host-23,2,0,14,2,0,0,0.107188,0,32000,3430,0.107188,131072,4151,0.031670,0,0,2
95,host-24,2,0,14,2,0,0,0.112031,0,32000,3585,0.112031,131072,3469,0.026466,0,0,2
95,host-3,2,0,14,2,0,0,0.104656,0,32000,3349,0.104656,131072,3875,0.029564,0,0,2
95,host-4,2,0,14,2,0,0,0.104500,0,32000,3344,0.104500,131072,3037,0.023170,0,0,2
95,host-5,2,0,14,2,0,0,0.094031,0,32000,3009,0.094031,131072,2633,0.020088,0,0,2
95,host-6,3,0,14,3,0,0,0.127906,0,32000,4093,0.127906,131072,3796,0.028961,0,0,3
95,host-7,1,0,14,1,0,0,0.072156,0,32000,2309,0.072156,131072,2949,0.022499,0,0,1
95,host-8,2,0,14,2,0,0,0.083562,0,32000,2674,0.083562,131072,3384,0.025818,0,0,2
95,host-9,2,1,14,2,1,0,0.109812,0,32000,3514,0.109812,131072,3299,0.025169,1,0,1
96,host-1,2,0,14,2,0,0,0.110625,0,32000,3540,0.110625,131072,3285,0.025063,0,0,2
96,host-10,2,0,14,2,0,0,0.116719,0,32000,3735,0.116719,131072,2716,0.020721,0,0,2
96,host-11,3,1,14,3,1,0,0.135906,0,32000,4349,0.135906,131072,5170,0.039444,1,0,2
96,host-12,3,0,14,3,0,0,0.147031,0,32000,4705,0.147031,131072,5612,0.042816,0,0,3
96,host-13,2,0,14,2,0,0,0.146281,0,32000,4681,0.146281,131072,5326,0.040634,0,0,2
96,host-14,2,0,14,2,0,0,0.104875,0,32000,3356,0.104875,131072,3774,0.028793,0,0,2
96,host-15,2,0,14,2,0,0,0.136594,0,32000,4371,0.136594,131072,4293,0.032753,0,0,2
96,host-16,2,0,14,2,0,0,0.124719,0,32000,3991,0.124719,131072,4139,0.031578,0,0,2
96,host-17,3,0,14,3,0,0,0.145531,0,32000,4657,0.145531,131072,5357,0.040871,0,0,3
96,host-18,3,1,14,3,1,0,0.153188,0,32000,4902,0.153188,131072,5433,0.041451,1,0,2
96,host-19,2,0,14,2,0,0,0.118094,0,32000,3779,0.118094,131072,3217,0.024544,0,0,2
96,host-2,3,0,14,3,0,0,0.135437,0,32000,4334,0.135437,131072,3640,0.027771,0,0,3
96,host-20,2,0,14,2,0,0,0.114000,0,32000,3648,0.114000,131072,3899,0.029747,0,0,2
96,host-21,3,1,14,3,1,0,0.153312,0,32000,4906,0.153312,131072,4215,0.032158,1,0,2
96,host-22,3,1,14,3,1,0,0.119938,0,32000,3838,0.119938,131072,3764,0.028717,1,0,2
96,host-23,2,0,14,2,0,0,0.107188,0,32000,3430,0.107188,131072,4151,0.031670,0,0,2
96,host-24,2,0,14,2,0,0,0.112031,0,32000,3585,0.112031,131072,3469,0.026466,0,0,2
96,host-3,2,0,14,2,0,0,0.104656,0,32000,3349,0.104656,131072,3875,0.029564,0,0,2
96,host-4,3,1,14,3,1,0,0.142844,0,32000,4571,0.142844,131072,3941,0.030067,1,0,2
96,host-5,3,1,14,3,1,0,0.125875,0,32000,4028,0.125875,131072,3196,0.024384,1,0,2
96,host-6,3,0,14,3,0,0,0.127906,0,32000,4093,0.127906,131072,3796,0.028961,0,0,3
96,host-7,2,1,14,2,1,0,0.107344,0,32000,3435,0.107344,131072,3865,0.029488,0,1,1
96,host-8,3,1,14,3,1,0,0.113969,0,32000,3647,0.113969,131072,4942,0.037704,1,0,2
96,host-9,2,0,14,2,0,0,0.109812,0,32000,3514,0.109812,131072,3299,0.025169,0,0,2
97,host-1,2,0,14,2,0,0,0.110625,0,32000,3540,0.110625,131072,3285,0.025063,0,0,2
97,host-10,2,0,14,2,0,0,0.116719,0,32000,3735,0.116719,131072,2716,0.020721,0,0,2
97,host-11,3,1,14,3,1,0,0.135906,0,32000,4349,0.135906,131072,5170,0.039444,0,1,2
97,host-12,3,0,14,3,0,0,0.147031,0,32000,4705,0.147031,131072,5612,0.042816,0,0,3
97,host-13,2,0,14,2,0,0,0.146281,0,32000,4681,0.146281,131072,5326,0.040634,0,0,2
97,host-14,2,0,14,2,0,0,0.104875,0,32000,3356,0.104875,131072,3774,0.028793,0,0,2
97,host-15,2,0,14,2,0,0,0.136594,0,32000,4371,0.136594,131072,4293,0.032753,0,0,2
97,host-16,2,0,14,2,0,0,0.124719,0,32000,3991,0.124719,131072,4139,0.031578,0,0,2
97,host-17,3,0,14,3,0,0,0.145531,0,32000,4657,0.145531,131072,5357,0.040871,0,0,3
97,host-18,3,1,14,3,1,0,0.153188,0,32000,4902,0.153188,131072,5433,0.041451,1,0,2
97,host-19,2,0,14,2,0,0,0.118094,0,32000,3779,0.118094,131072,3217,0.024544,0,0,2
97,host-2,3,0,14,3,0,0,0.135437,0,32000,4334,0.135437,131072,3640,0.027771,0,0,3
97,host-20,2,0,14,2,0,0,0.114000,0,32000,3648,0.114000,131072,3899,0.029747,0,0,2
97,host-21,3,1,14,3,1,0,0.153312,0,32000,4906,0.153312,131072,4215,0.032158,1,0,2
97,host-22,3,0,14,3,0,0,0.119938,0,32000,3838,0.119938,131072,3764,0.028717,0,0,3
97,host-23,2,0,14,2,0,0,0.107188,0,32000,3430,0.107188,131072,4151,0.031670,0,0,2
97,host-24,2,1,14,2,1,0,0.112031,0,32000,3585,0.112031,131072,3469,0.026466,0,1,1
97,host-3,3,1,14,3,1,0,0.135063,0,32000,4322,0.135063,131072,5433,0.041451,1,0,2
97,host-4,3,1,14,3,1,0,0.142844,0,32000,4571,0.142844,131072,3941,0.030067,1,0,2
97,host-5,3,0,14,3,0,0,0.125875,0,32000,4028,0.125875,131072,3196,0.024384,0,0,3
97,host-6,3,0,14,3,0,0,0.127906,0,32000,4093,0.127906,131072,3796,0.028961,0,0,3
97,host-7,2,0,14,2,0,0,0.107344,0,32000,3435,0.107344,131072,3865,0.029488,0,0,2
97,host-8,3,1,14,3,1,0,0.113969,0,32000,3647,0.113969,131072,4942,0.037704,1,0,2
97,host-9,2,0,14,2,0,0,0.109812,0,32000,3514,0.109812,131072,3299,0.025169,0,0,2
98,host-1,2,0,14,2,0,0,0.110625,0,32000,3540,0.110625,131072,3285,0.025063,0,0,2
98,host-10,2,0,14,2,0,0,0.116719,0,32000,3735,0.116719,131072,2716,0.020721,0,0,2
98,host-11,3,0,14,3,0,0,0.135906,0,32000,4349,0.135906,131072,5170,0.039444,0,0,3
98,host-12,3,0,14,3,0,0,0.147031,0,32000,4705,0.147031,131072,5612,0.042816,0,0,3
98,host-13,2,0,14,2,0,0,0.146281,0,32000,4681,0.146281,131072,5326,0.040634,0,0,2
98,host-14,2,0,14,2,0,0,0.104875,0,32000,3356,0.104875,131072,3774,0.028793,0,0,2
98,host-15,2,0,14,2,0,0,0.136594,0,32000,4371,0.136594,131072,4293,0.032753,0,0,2
98,host-16,2,0,14,2,0,0,0.124719,0,32000,3991,0.124719,131072,4139,0.031578,0,0,2
98,host-17,3,0,14,3,0,0,0.145531,0,32000,4657,0.145531,131072,5357,0.040871,0,0,3
98,host-18,3,0,14,3,0,0,0.153188,0,32000,4902,0.153188,131072,5433,0.041451,0,0,3
98,host-19,2,0,14,2,0,0,0.118094,0,32000,3779,0.118094,131072,3217,0.024544,0,0,2
98,host-2,3,0,14,3,0,0,0.135437,0,32000,4334,0.135437,131072,3640,0.027771,0,0,3
98,host-20,2,0,14,2,0,0,0.114000,0,32000,3648,0.114000,131072,3899,0.029747,0,0,2
98,host-21,3,0,14,3,0,0,0.153312,0,32000,4906,0.153312,131072,4215,0.032158,0,0,3
98,host-22,2,1,14,2,1,0,0.078719,0,32000,2519,0.078719,131072,2889,0.022041,0,1,1
98,host-23,2,0,14,2,0,0,0.107188,0,32000,3430,0.107188,131072,4151,0.031670,0,0,2
98,host-24,2,0,14,2,0,0,0.112031,0,32000,3585,0.112031,131072,3469,0.026466,0,0,2
98,host-3,3,0,14,3,0,0,0.135063,0,32000,4322,0.135063,131072,5433,0.041451,0,0,3
98,host-4,3,0,14,3,0,0,0.142844,0,32000,4571,0.142844,131072,3941,0.030067,0,0,3
98,host-5,3,0,14,3,0,0,0.125875,0,32000,4028,0.125875,131072,3196,0.024384,0,0,3
98,host-6,3,0,14,3,0,0,0.127906,0,32000,4093,0.127906,131072,3796,0.028961,0,0,3
98,host-7,2,0,14,2,0,0,0.107344,0,32000,3435,0.107344,131072,3865,0.029488,0,0,2
98,host-8,3,1,14,3,1,0,0.113969,0,32000,3647,0.113969,131072,4942,0.037704,0,1,2
98,host-9,2,0,14,2,0,0,0.109812,0,32000,3514,0.109812,131072,3299,0.025169,0,0,2
99,host-1,0,0,14,0,0,0,0.000000,0,32000,0,0.000000,131072,0,0.000000,0,0,0
99,host-10,2,0,14,2,0,0,0.116719,0,32000,3735,0.116719,131072,2716,0.020721,0,0,2
99,host-11,3,0,14,3,0,0,0.135906,0,32000,4349,0.135906,131072,5170,0.039444,0,0,3
99,host-12,2,0,14,2,0,0,0.106656,0,32000,3413,0.106656,131072,4198,0.032028,0,0,2
99,host-13,2,0,14,2,0,0,0.146281,0,32000,4681,0.146281,131072,5326,0.040634,0,0,2
99,host-14,2,0,14,2,0,0,0.104875,0,32000,3356,0.104875,131072,3774,0.028793,0,0,2
99,host-15,2,0,14,2,0,0,0.136594,0,32000,4371,0.136594,131072,4293,0.032753,0,0,2
99,host-16,2,0,14,2,0,0,0.124719,0,32000,3991,0.124719,131072,4139,0.031578,0,0,2
99,host-17,2,0,14,2,0,0,0.077250,0,32000,2472,0.077250,131072,2652,0.020233,0,0,2
99,host-18,3,0,14,3,0,0,0.153188,0,32000,4902,0.153188,131072,5433,0.041451,0,0,3
99,host-19,2,0,14,2,0,0,0.118094,0,32000,3779,0.118094,131072,3217,0.024544,0,0,2
99,host-2,3,0,14,3,0,0,0.135437,0,32000,4334,0.135437,131072,3640,0.027771,0,0,3
99,host-20,2,0,14,2,0,0,0.114000,0,32000,3648,0.114000,131072,3899,0.029747,0,0,2
99,host-21,3,0,14,3,0,0,0.153312,0,32000,4906,0.153312,131072,4215,0.032158,0,0,3
99,host-22,2,0,14,2,0,0,0.078719,0,32000,2519,0.078719,131072,2889,0.022041,0,0,2
99,host-23,2,0,14,2,0,0,0.107188,0,32000,3430,0.107188,131072,4151,0.031670,0,0,2
99,host-24,2,0,14,2,0,0,0.112031,0,32000,3585,0.112031,131072,3469,0.026466,0,0,2
99,host-3,3,0,14,3,0,0,0.135063,0,32000,4322,0.135063,131072,5433,0.041451,0,0,3
99,host-4,3,0,14,3,0,0,0.142844,0,32000,4571,0.142844,131072,3941,0.030067,0,0,3
99,host-5,3,0,14,3,0,0,0.125875,0,32000,4028,0.125875,131072,3196,0.024384,0,0,3
99,host-6,3,0,14,3,0,0,0.127906,0,32000,4093,0.127906,131072,3796,0.028961,0,0,3
99,host-7,2,0,14,2,0,0,0.107344,0,32000,3435,0.107344,131072,3865,0.029488,0,0,2
99,host-8,3,0,14,3,0,0,0.113969,0,32000,3647,0.113969,131072,4942,0.037704,0,0,3
99,host-9,2,0,14,2,0,0,0.109812,0,32000,3514,0.109812,131072,3299,0.025169,0,0,2
100,host-1,0,0,14,0,0,0,0.000000,0,32000,0,0.000000,131072,0,0.000000,0,0,0
100,host-10,2,0,14,2,0,0,0.116719,0,32000,3735,0.116719,131072,2716,0.020721,0,0,2
100,host-11,3,0,14,3,0,0,0.135906,0,32000,4349,0.135906,131072,5170,0.039444,0,0,3
100,host-12,2,1,14,2,1,0,0.106656,0,32000,3413,0.106656,131072,4198,0.032028,0,1,1
100,host-13,2,0,14,2,0,0,0.146281,0,32000,4681,0.146281,131072,5326,0.040634,0,0,2
100,host-14,2,0,14,2,0,0,0.104875,0,32000,3356,0.104875,131072,3774,0.028793,0,0,2
100,host-15,2,1,14,2,1,0,0.136594,0,32000,4371,0.136594,131072,4293,0.032753,0,1,1
100,host-16,2,0,14,2,0,0,0.124719,0,32000,3991,0.124719,131072,4139,0.031578,0,0,2
100,host-17,1,0,14,1,0,0,0.052875,0,32000,1692,0.052875,131072,2022,0.015427,0,0,1
100,host-18,3,0,14,3,0,0,0.153188,0,32000,4902,0.153188,131072,5433,0.041451,0,0,3
100,host-19,2,0,14,2,0,0,0.118094,0,32000,3779,0.118094,131072,3217,0.024544,0,0,2
100,host-2,3,0,14,3,0,0,0.135437,0,32000,4334,0.135437,131072,3640,0.027771,0,0,3
100,host-20,2,0,14,2,0,0,0.114000,0,32000,3648,0.114000,131072,3899,0.029747,0,0,2
100,host-21,3,0,14,3,0,0,0.153312,0,32000,4906,0.153312,131072,4215,0.032158,0,0,3
100,host-22,1,0,14,1,0,0,0.025969,0,32000,831,0.025969,131072,1049,0.008003,0,0,1
100,host-23,2,0,14,2,0,0,0.107188,0,32000,3430,0.107188,131072,4151,0.031670,0,0,2
100,host-24,2,0,14,2,0,0,0.112031,0,32000,3585,0.112031,131072,3469,0.026466,0,0,2
100,host-3,2,0,14,2,0,0,0.098687,0,32000,3158,0.098687,131072,4263,0.032524,0,0,2
100,host-4,3,0,14,3,0,0,0.142844,0,32000,4571,0.142844,131072,3941,0.030067,0,0,3
100,host-5,3,0,14,3,0,0,0.125875,0,32000,4028,0.125875,131072,3196,0.024384,0,0,3
100,host-6,2,0,14,2,0,0,0.092156,0,32000,2949,0.092156,131072,2488,0.018982,0,0,2
100,host-7,2,0,14,2,0,0,0.107344,0,32000,3435,0.107344,131072,3865,0.029488,0,0,2
100,host-8,3,0,14,3,0,0,0.113969,0,32000,3647,0.113969,131072,4942,0.037704,0,0,3
100,host-9,2,0,14,2,0,0,0.109812,0,32000,3514,0.109812,131072,3299,0.025169,0,0,2
101,host-1,1,1,14,1,1,0,0.075969,0,32000,2431,0.075969,131072,2920,0.022278,1,0,0
101,host-10,2,0,14,2,0,0,0.116719,0,32000,3735,0.116719,131072,2716,0.020721,0,0,2
101,host-11,3,0,14,3,0,0,0.135906,0,32000,4349,0.135906,131072,5170,0.039444,0,0,3
101,host-12,2,0,14,2,0,0,0.106656,0,32000,3413,0.106656,131072,4198,0.032028,0,0,2
101,host-13,2,0,14,2,0,0,0.146281,0,32000,4681,0.146281,131072,5326,0.040634,0,0,2
101,host-14,2,0,14,2,0,0,0.104875,0,32000,3356,0.104875,131072,3774,0.028793,0,0,2
101,host-15,2,0,14,2,0,0,0.136594,0,32000,4371,0.136594,131072,4293,0.032753,0,0,2
101,host-16,2,0,14,2,0,0,0.124719,0,32000,3991,0.124719,131072,4139,0.031578,0,0,2
101,host-17,1,0,14,1,0,0,0.052875,0,32000,1692,0.052875,131072,2022,0.015427,0,0,1
101,host-18,3,1,14,3,1,0,0.153188,0,32000,4902,0.153188,131072,5433,0.041451,0,1,2
101,host-19,2,0,14,2,0,0,0.118094,0,32000,3779,0.118094,131072,3217,0.024544,0,0,2
101,host-2,3,0,14,3,0,0,0.135437,0,32000,4334,0.135437,131072,3640,0.027771,0,0,3
101,host-20,2,0,14,2,0,0,0.114000,0,32000,3648,0.114000,131072,3899,0.029747,0,0,2
101,host-21,3,0,14,3,0,0,0.153312,0,32000,4906,0.153312,131072,4215,0.032158,0,0,3
101,host-22,2,1,14,2,1,0,0.096687,0,32000,3094,0.096687,131072,3629,0.027687,1,0,1
101,host-23,2,0,14,2,0,0,0.107188,0,32000,3430,0.107188,131072,4151,0.031670,0,0,2
101,host-24,2,0,14,2,0,0,0.112031,0,32000,3585,0.112031,131072,3469,0.026466,0,0,2
101,host-3,1,0,14,1,0,0,0.030406,0,32000,973,0.030406,131072,1558,0.011887,0,0,1
101,host-4,3,0,14,3,0,0,0.142844,0,32000,4571,0.142844,131072,3941,0.030067,0,0,3
101,host-5,3,0,14,3,0,0,0.125875,0,32000,4028,0.125875,131072,3196,0.024384,0,0,3
101,host-6,1,0,14,1,0,0,0.058344,0,32000,1867,0.058344,131072,1188,0.009064,0,0,1
101,host-7,2,0,14,2,0,0,0.107344,0,32000,3435,0.107344,131072,3865,0.029488,0,0,2
101,host-8,3,0,14,3,0,0,0.113969,0,32000,3647,0.113969,131072,4942,0.037704,0,0,3
101,host-9,2,0,14,2,0,0,0.109812,0,32000,3514,0.109812,131072,3299,0.025169,0,0,2
102,host-1,2,1,14,2,1,0,0.120438,0,32000,3854,0.120438,131072,4838,0.036911,1,0,1
102,host-10,2,1,14,2,1,0,0.110187,0,32000,3526,0.110187,131072,2949,0.022499,1,0,1
102,host-11,3,0,14,3,0,0,0.135906,0,32000,4349,0.135906,131072,5170,0.039444,0,0,3
102,host-12,2,0,14,2,0,0,0.106656,0,32000,3413,0.106656,131072,4198,0.032028,0,0,2
102,host-13,2,0,14,2,0,0,0.146281,0,32000,4681,0.146281,131072,5326,0.040634,0,0,2
102,host-14,2,0,14,2,0,0,0.104875,0,32000,3356,0.104875,131072,3774,0.028793,0,0,2
102,host-15,2,0,14,2,0,0,0.136594,0,32000,4371,0.136594,131072,4293,0.032753,0,0,2
102,host-16,2,0,14,2,0,0,0.124719,0,32000,3991,0.124719,131072,4139,0.031578,0,0,2
102,host-17,2,1,14,2,1,0,0.094562,0,32000,3026,0.094562,131072,3527,0.026909,1,0,1
102,host-18,3,0,14,3,0,0,0.153188,0,32000,4902,0.153188,131072,5433,0.041451,0,0,3
102,host-19,2,0,14,2,0,0,0.118094,0,32000,3779,0.118094,131072,3217,0.024544,0,0,2
102,host-2,3,0,14,3,0,0,0.135437,0,32000,4334,0.135437,131072,3640,0.027771,0,0,3
102,host-20,2,0,14,2,0,0,0.114000,0,32000,3648,0.114000,131072,3899,0.029747,0,0,2
102,host-21,3,0,14,3,0,0,0.153312,0,32000,4906,0.153312,131072,4215,0.032158,0,0,3
102,host-22,2,0,14,2,0,0,0.096687,0,32000,3094,0.096687,131072,3629,0.027687,0,0,2
102,host-23,2,0,14,2,0,0,0.107188,0,32000,3430,0.107188,131072,4151,0.031670,0,0,2
102,host-24,2,0,14,2,0,0,0.112031,0,32000,3585,0.112031,131072,3469,0.026466,0,0,2
102,host-3,3,2,14,3,2,0,0.129688,0,32000,4150,0.129688,131072,5337,0.040718,2,0,1
102,host-4,2,0,14,2,0,0,0.097969,0,32000,3135,0.097969,131072,3128,0.023865,0,0,2
102,host-5,3,0,14,3,0,0,0.125875,0,32000,4028,0.125875,131072,3196,0.024384,0,0,3
102,host-6,2,2,14,2,2,0,0.106906,0,32000,3421,0.106906,131072,3946,0.030106,2,0,0
102,host-7,2,0,14,2,0,0,0.107344,0,32000,3435,0.107344,131072,3865,0.029488,0,0,2
102,host-8,3,1,14,3,1,0,0.141187,0,32000,4518,0.141187,131072,6131,0.046776,1,0,2
102,host-9,2,0,14,2,0,0,0.109812,0,32000,3514,0.109812,131072,3299,0.025169,0,0,2
103,host-1,2,0,14,2,0,0,0.120438,0,32000,3854,0.120438,131072,4838,0.036911,0,0,2
103,host-10,2,1,14,2,1,0,0.110187,0,32000,3526,0.110187,131072,2949,0.022499,1,0,1
103,host-11,3,0,14,3,0,0,0.135906,0,32000,4349,0.135906,131072,5170,0.039444,0,0,3
103,host-12,2,0,14,2,0,0,0.106656,0,32000,3413,0.106656,131072,4198,0.032028,0,0,2
103,host-13,2,0,14,2,0,0,0.146281,0,32000,4681,0.146281,131072,5326,0.040634,0,0,2
103,host-14,2,0,14,2,0,0,0.104875,0,32000,3356,0.104875,131072,3774,0.028793,0,0,2
103,host-15,2,0,14,2,0,0,0.136594,0,32000,4371,0.136594,131072,4293,0.032753,0,0,2
103,host-16,2,0,14,2,0,0,0.124719,0,32000,3991,0.124719,131072,4139,0.031578,0,0,2
103,host-17,3,2,14,3,2,0,0.143031,0,32000,4577,0.143031,131072,5758,0.043930,2,0,1
103,host-18,3,0,14,3,0,0,0.153188,0,32000,4902,0.153188,131072,5433,0.041451,0,0,3
103,host-19,2,0,14,2,0,0,0.118094,0,32000,3779,0.118094,131072,3217,0.024544,0,0,2
103,host-2,3,0,14,3,0,0,0.135437,0,32000,4334,0.135437,131072,3640,0.027771,0,0,3
103,host-20,2,0,14,2,0,0,0.114000,0,32000,3648,0.114000,131072,3899,0.029747,0,0,2
103,host-21,3,0,14,3,0,0,0.153312,0,32000,4906,0.153312,131072,4215,0.032158,0,0,3
103,host-22,2,0,14,2,0,0,0.096687,0,32000,3094,0.096687,131072,3629,0.027687,0,0,2
103,host-23,2,0,14,2,0,0,0.107188,0,32000,3430,0.107188,131072,4151,0.031670,0,0,2
103,host-24,2,0,14,2,0,0,0.112031,0,32000,3585,0.112031,131072,3469,0.026466,0,0,2
103,host-3,3,1,14,3,1,0,0.129688,0,32000,4150,0.129688,131072,5337,0.040718,1,0,2
103,host-4,2,0,14,2,0,0,0.097969,0,32000,3135,0.097969,131072,3128,0.023865,0,0,2
103,host-5,3,0,14,3,0,0,0.125875,0,32000,4028,0.125875,131072,3196,0.024384,0,0,3
103,host-6,2,0,14,2,0,0,0.106906,0,32000,3421,0.106906,131072,3946,0.030106,0,0,2
103,host-7,2,0,14,2,0,0,0.107344,0,32000,3435,0.107344,131072,3865,0.029488,0,0,2
103,host-8,3,1,14,3,1,0,0.141187,0,32000,4518,0.141187,131072,6131,0.046776,1,0,2
103,host-9,2,0,14,2,0,0,0.109812,0,32000,3514,0.109812,131072,3299,0.025169,0,0,2
104,host-1,2,0,14,2,0,0,0.120438,0,32000,3854,0.120438,131072,4838,0.036911,0,0,2
104,host-10,2,1,14,2,1,0,0.110187,0,32000,3526,0.110187,131072,2949,0.022499,0,1,1
104,host-11,3,0,14,3,0,0,0.135906,0,32000,4349,0.135906,131072,5170,0.039444,0,0,3
104,host-12,2,0,14,2,0,0,0.106656,0,32000,3413,0.106656,131072,4198,0.032028,0,0,2
104,host-13,2,0,14,2,0,0,0.146281,0,32000,4681,0.146281,131072,5326,0.040634,0,0,2
104,host-14,2,0,14,2,0,0,0.104875,0,32000,3356,0.104875,131072,3774,0.028793,0,0,2
104,host-15,2,0,14,2,0,0,0.136594,0,32000,4371,0.136594,131072,4293,0.032753,0,0,2
104,host-16,1,0,14,1,0,0,0.050937,0,32000,1630,0.050937,131072,1533,0.011696,0,0,1
104,host-17,3,1,14,3,1,0,0.143031,0,32000,4577,0.143031,131072,5758,0.043930,0,1,2
104,host-18,3,0,14,3,0,0,0.153188,0,32000,4902,0.153188,131072,5433,0.041451,0,0,3
104,host-19,2,0,14,2,0,0,0.118094,0,32000,3779,0.118094,131072,3217,0.024544,0,0,2
104,host-2,2,0,14,2,0,0,0.097094,0,32000,3107,0.097094,131072,2440,0.018616,0,0,2
104,host-20,2,0,14,2,0,0,0.114000,0,32000,3648,0.114000,131072,3899,0.029747,0,0,2
104,host-21,3,0,14,3,0,0,0.153312,0,32000,4906,0.153312,131072,4215,0.032158,0,0,3
104,host-22,2,0,14,2,0,0,0.096687,0,32000,3094,0.096687,131072,3629,0.027687,0,0,2
104,host-23,2,0,14,2,0,0,0.107188,0,32000,3430,0.107188,131072,4151,0.031670,0,0,2
104,host-24,2,0,14,2,0,0,0.112031,0,32000,3585,0.112031,131072,3469,0.026466,0,0,2
104,host-3,3,0,14,3,0,0,0.129688,0,32000,4150,0.129688,131072,5337,0.040718,0,0,3
104,host-4,2,0,14,2,0,0,0.097969,0,32000,3135,0.097969,131072,3128,0.023865,0,0,2
104,host-5,3,0,14,3,0,0,0.125875,0,32000,4028,0.125875,131072,3196,0.024384,0,0,3
104,host-6,2,0,14,2,0,0,0.106906,0,32000,3421,0.106906,131072,3946,0.030106,0,0,2
104,host-7,2,0,14,2,0,0,0.107344,0,32000,3435,0.107344,131072,3865,0.029488,0,0,2
104,host-8,3,0,14,3,0,0,0.141187,0,32000,4518,0.141187,131072,6131,0.046776,0,0,3
104,host-9,2,0,14,2,0,0,0.109812,0,32000,3514,0.109812,131072,3299,0.025169,0,0,2
105,host-1,2,0,14,2,0,0,0.120438,0,32000,3854,0.120438,131072,4838,0.036911,0,0,2
105,host-10,2,0,14,2,0,0,0.110187,0,32000,3526,0.110187,131072,2949,0.022499,0,0,2
105,host-11,3,0,14,3,0,0,0.135906,0,32000,4349,0.135906,131072,5170,0.039444,0,0,3
105,host-12,2,0,14,2,0,0,0.106656,0,32000,3413,0.106656,131072,4198,0.032028,0,0,2
105,host-13,2,0,14,2,0,0,0.146281,0,32000,4681,0.146281,131072,5326,0.040634,0,0,2
105,host-14,2,0,14,2,0,0,0.104875,0,32000,3356,0.104875,131072,3774,0.028793,0,0,2
105,host-15,2,0,14,2,0,0,0.136594,0,32000,4371,0.136594,131072,4293,0.032753,0,0,2
105,host-16,1,0,14,1,0,0,0.050937,0,32000,1630,0.050937,131072,1533,0.011696,0,0,1
105,host-17,3,0,14,3,0,0,0.143031,0,32000,4577,0.143031,131072,5758,0.043930,0,0,3
105,host-18,3,0,14,3,0,0,0.153188,0,32000,4902,0.153188,131072,5433,0.041451,0,0,3
105,host-19,2,0,14,2,0,0,0.118094,0,32000,3779,0.118094,131072,3217,0.024544,0,0,2
105,host-2,2,0,14,2,0,0,0.097094,0,32000,3107,0.097094,131072,2440,0.018616,0,0,2
105,host-20,2,0,14,2,0,0,0.114000,0,32000,3648,0.114000,131072,3899,0.029747,0,0,2
105,host-21,2,0,14,2,0,0,0.108719,0,32000,3479,0.108719,131072,2990,0.022812,0,0,2
105,host-22,2,0,14,2,0,0,0.096687,0,32000,3094,0.096687,131072,3629,0.027687,0,0,2
105,host-23,2,0,14,2,0,0,0.107188,0,32000,3430,0.107188,131072,4151,0.031670,0,0,2
105,host-24,2,0,14,2,0,0,0.112031,0,32000,3585,0.112031,131072,3469,0.026466,0,0,2
105,host-3,3,0,14,3,0,0,0.129688,0,32000,4150,0.129688,131072,5337,0.040718,0,0,3
105,host-4,1,0,14,1,0,0,0.038344,0,32000,1227,0.038344,131072,904,0.006897,0,0,1
105,host-5,3,0,14,3,0,0,0.125875,0,32000,4028,0.125875,131072,3196,0.024384,0,0,3
105,host-6,2,0,14,2,0,0,0.106906,0,32000,3421,0.106906,131072,3946,0.030106,0,0,2
105,host-7,1,0,14,1,0,0,0.035187,0,32000,1126,0.035187,131072,916,0.006989,0,0,1
105,host-8,3,0,14,3,0,0,0.141187,0,32000,4518,0.141187,131072,6131,0.046776,0,0,3
105,host-9,1,0,14,1,0,0,0.043281,0,32000,1385,0.043281,131072,1078,0.008224,0,0,1
106,host-1,2,0,14,2,0,0,0.120438,0,32000,3854,0.120438,131072,4838,0.036911,0,0,2
106,host-10,2,0,14,2,0,0,0.110187,0,32000,3526,0.110187,131072,2949,0.022499,0,0,2
106,host-11,3,0,14,3,0,0,0.135906,0,32000,4349,0.135906,131072,5170,0.039444,0,0,3
106,host-12,2,0,14,2,0,0,0.106656,0,32000,3413,0.106656,131072,4198,0.032028,0,0,2
106,host-13,1,0,14,1,0,0,0.074125,0,32000,2372,0.074125,131072,2377,0.018135,0,0,1
106,host-14,2,0,14,2,0,0,0.104875,0,32000,3356,0.104875,131072,3774,0.028793,0,0,2
106,host-15,2,0,14,2,0,0,0.136594,0,32000,4371,0.136594,131072,4293,0.032753,0,0,2
106,host-16,1,0,14,1,0,0,0.050937,0,32000,1630,0.050937,131072,1533,0.011696,0,0,1
106,host-17,3,0,14,3,0,0,0.143031,0,32000,4577,0.143031,131072,5758,0.043930,0,0,3
106,host-18,3,0,14,3,0,0,0.153188,0,32000,4902,0.153188,131072,5433,0.041451,0,0,3
106,host-19,2,0,14,2,0,0,0.118094,0,32000,3779,0.118094,131072,3217,0.024544,0,0,2
106,host-2,2,0,14,2,0,0,0.097094,0,32000,3107,0.097094,131072,2440,0.018616,0,0,2
106,host-20,2,0,14,2,0,0,0.114000,0,32000,3648,0.114000,131072,3899,0.029747,0,0,2
106,host-21,2,0,14,2,0,0,0.108719,0,32000,3479,0.108719,131072,2990,0.022812,0,0,2
106,host-22,2,0,14,2,0,0,0.096687,0,32000,3094,0.096687,131072,3629,0.027687,0,0,2
106,host-23,2,0,14,2,0,0,0.107188,0,32000,3430,0.107188,131072,4151,0.031670,0,0,2
106,host-24,2,0,14,2,0,0,0.112031,0,32000,3585,0.112031,131072,3469,0.026466,0,0,2
106,host-3,3,0,14,3,0,0,0.129688,0,32000,4150,0.129688,131072,5337,0.040718,0,0,3
106,host-4,1,0,14,1,0,0,0.038344,0,32000,1227,0.038344,131072,904,0.006897,0,0,1
106,host-5,3,0,14,3,0,0,0.125875,0,32000,4028,0.125875,131072,3196,0.024384,0,0,3
106,host-6,2,0,14,2,0,0,0.106906,0,32000,3421,0.106906,131072,3946,0.030106,0,0,2
106,host-7,2,1,14,2,1,0,0.094375,0,32000,3020,0.094375,131072,2995,0.022850,1,0,1
106,host-8,3,0,14,3,0,0,0.141187,0,32000,4518,0.141187,131072,6131,0.046776,0,0,3
106,host-9,1,0,14,1,0,0,0.043281,0,32000,1385,0.043281,131072,1078,0.008224,0,0,1
107,host-1,2,0,14,2,0,0,0.120438,0,32000,3854,0.120438,131072,4838,0.036911,0,0,2
107,host-10,2,0,14,2,0,0,0.110187,0,32000,3526,0.110187,131072,2949,0.022499,0,0,2
107,host-11,3,0,14,3,0,0,0.135906,0,32000,4349,0.135906,131072,5170,0.039444,0,0,3
107,host-12,2,0,14,2,0,0,0.106656,0,32000,3413,0.106656,131072,4198,0.032028,0,0,2
107,host-13,1,0,14,1,0,0,0.074125,0,32000,2372,0.074125,131072,2377,0.018135,0,0,1
107,host-14,2,0,14,2,0,0,0.104875,0,32000,3356,0.104875,131072,3774,0.028793,0,0,2
107,host-15,2,0,14,2,0,0,0.136594,0,32000,4371,0.136594,131072,4293,0.032753,0,0,2
107,host-16,1,0,14,1,0,0,0.050937,0,32000,1630,0.050937,131072,1533,0.011696,0,0,1
107,host-17,3,0,14,3,0,0,0.143031,0,32000,4577,0.143031,131072,5758,0.043930,0,0,3
107,host-18,3,0,14,3,0,0,0.153188,0,32000,4902,0.153188,131072,5433,0.041451,0,0,3
107,host-19,2,0,14,2,0,0,0.118094,0,32000,3779,0.118094,131072,3217,0.024544,0,0,2
107,host-2,2,0,14,2,0,0,0.097094,0,32000,3107,0.097094,131072,2440,0.018616,0,0,2
107,host-20,2,0,14,2,0,0,0.114000,0,32000,3648,0.114000,131072,3899,0.029747,0,0,2
107,host-21,2,0,14,2,0,0,0.108719,0,32000,3479,0.108719,131072,2990,0.022812,0,0,2
107,host-22,2,0,14,2,0,0,0.096687,0,32000,3094,0.096687,131072,3629,0.027687,0,0,2
107,host-23,2,0,14,2,0,0,0.107188,0,32000,3430,0.107188,131072,4151,0.031670,0,0,2
107,host-24,2,0,14,2,0,0,0.112031,0,32000,3585,0.112031,131072,3469,0.026466,0,0,2
107,host-3,3,0,14,3,0,0,0.129688,0,32000,4150,0.129688,131072,5337,0.040718,0,0,3
107,host-4,2,1,14,2,1,0,0.074844,0,32000,2395,0.074844,131072,1254,0.009567,1,0,1
107,host-5,3,0,14,3,0,0,0.125875,0,32000,4028,0.125875,131072,3196,0.024384,0,0,3
107,host-6,2,0,14,2,0,0,0.106906,0,32000,3421,0.106906,131072,3946,0.030106,0,0,2
107,host-7,2,0,14,2,0,0,0.094375,0,32000,3020,0.094375,131072,2995,0.022850,0,0,2
107,host-8,3,0,14,3,0,0,0.141187,0,32000,4518,0.141187,131072,6131,0.046776,0,0,3
107,host-9,1,0,14,1,0,0,0.043281,0,32000,1385,0.043281,131072,1078,0.008224,0,0,1
108,host-1,2,0,14,2,0,0,0.120438,0,32000,3854,0.120438,131072,4838,0.036911,0,0,2
108,host-10,2,0,14,2,0,0,0.110187,0,32000,3526,0.110187,131072,2949,0.022499,0,0,2
108,host-11,2,0,14,2,0,0,0.106344,0,32000,3403,0.106344,131072,4155,0.031700,0,0,2
108,host-12,2,0,14,2,0,0,0.106656,0,32000,3413,0.106656,131072,4198,0.032028,0,0,2
108,host-13,1,0,14,1,0,0,0.074125,0,32000,2372,0.074125,131072,2377,0.018135,0,0,1
108,host-14,2,0,14,2,0,0,0.104875,0,32000,3356,0.104875,131072,3774,0.028793,0,0,2
108,host-15,2,0,14,2,0,0,0.136594,0,32000,4371,0.136594,131072,4293,0.032753,0,0,2
108,host-16,2,1,14,2,1,0,0.105500,0,32000,3376,0.105500,131072,2782,0.021225,1,0,1
108,host-17,3,0,14,3,0,0,0.143031,0,32000,4577,0.143031,131072,5758,0.043930,0,0,3
108,host-18,3,0,14,3,0,0,0.153188,0,32000,4902,0.153188,131072,5433,0.041451,0,0,3
108,host-19,2,0,14,2,0,0,0.118094,0,32000,3779,0.118094,131072,3217,0.024544,0,0,2
108,host-2,2,0,14,2,0,0,0.097094,0,32000,3107,0.097094,131072,2440,0.018616,0,0,2
108,host-20,2,1,14,2,1,0,0.115656,0,32000,3701,0.115656,131072,3127,0.023857,1,0,1
108,host-21,2,0,14,2,0,0,0.108719,0,32000,3479,0.108719,131072,2990,0.022812,0,0,2
108,host-22,2,0,14,2,0,0,0.096687,0,32000,3094,0.096687,131072,3629,0.027687,0,0,2
108,host-23,2,0,14,2,0,0,0.107188,0,32000,3430,0.107188,131072,4151,0.031670,0,0,2
108,host-24,2,0,14,2,0,0,0.112031,0,32000,3585,0.112031,131072,3469,0.026466,0,0,2
108,host-3,3,0,14,3,0,0,0.129688,0,32000,4150,0.129688,131072,5337,0.040718,0,0,3
108,host-4,2,0,14,2,0,0,0.074844,0,32000,2395,0.074844,131072,1254,0.009567,0,0,2
108,host-5,3,0,14,3,0,0,0.125875,0,32000,4028,0.125875,131072,3196,0.024384,0,0,3
108,host-6,2,0,14,2,0,0,0.106906,0,32000,3421,0.106906,131072,3946,0.030106,0,0,2
108,host-7,2,0,14,2,0,0,0.094375,0,32000,3020,0.094375,131072,2995,0.022850,0,0,2
108,host-8,3,0,14,3,0,0,0.141187,0,32000,4518,0.141187,131072,6131,0.046776,0,0,3
108,host-9,2,1,14,2,1,0,0.101625,0,32000,3252,0.101625,131072,2266,0.017288,1,0,1
109,host-1,2,0,14,2,0,0,0.120438,0,32000,3854,0.120438,131072,4838,0.036911,0,0,2
109,host-10,2,0,14,2,0,0,0.110187,0,32000,3526,0.110187,131072,2949,0.022499,0,0,2
109,host-11,2,0,14,2,0,0,0.106344,0,32000,3403,0.106344,131072,4155,0.031700,0,0,2
109,host-12,2,0,14,2,0,0,0.106656,0,32000,3413,0.106656,131072,4198,0.032028,0,0,2
109,host-13,1,0,14,1,0,0,0.074125,0,32000,2372,0.074125,131072,2377,0.018135,0,0,1
109,host-14,1,0,14,1,0,0,0.034094,0,32000,1091,0.034094,131072,1460,0.011139,0,0,1
109,host-15,2,0,14,2,0,0,0.136594,0,32000,4371,0.136594,131072,4293,0.032753,0,0,2
109,host-16,2,1,14,2,1,0,0.105500,0,32000,3376,0.105500,131072,2782,0.021225,1,0,1
109,host-17,3,0,14,3,0,0,0.143031,0,32000,4577,0.143031,131072,5758,0.043930,0,0,3
109,host-18,3,0,14,3,0,0,0.153188,0,32000,4902,0.153188,131072,5433,0.041451,0,0,3
109,host-19,2,0,14,2,0,0,0.118094,0,32000,3779,0.118094,131072,3217,0.024544,0,0,2
109,host-2,2,0,14,2,0,0,0.097094,0,32000,3107,0.097094,131072,2440,0.018616,0,0,2
109,host-20,1,1,14,1,1,0,0.044875,0,32000,1436,0.044875,131072,813,0.006203,1,0,0
109,host-21,2,0,14,2,0,0,0.108719,0,32000,3479,0.108719,131072,2990,0.022812,0,0,2
109,host-22,2,0,14,2,0,0,0.096687,0,32000,3094,0.096687,131072,3629,0.027687,0,0,2
109,host-23,2,0,14,2,0,0,0.107188,0,32000,3430,0.107188,131072,4151,0.031670,0,0,2
109,host-24,2,0,14,2,0,0,0.112031,0,32000,3585,0.112031,131072,3469,0.026466,0,0,2
109,host-3,3,0,14,3,0,0,0.129688,0,32000,4150,0.129688,131072,5337,0.040718,0,0,3
109,host-4,2,0,14,2,0,0,0.074844,0,32000,2395,0.074844,131072,1254,0.009567,0,0,2
109,host-5,3,0,14,3,0,0,0.125875,0,32000,4028,0.125875,131072,3196,0.024384,0,0,3
109,host-6,2,0,14,2,0,0,0.106906,0,32000,3421,0.106906,131072,3946,0.030106,0,0,2
109,host-7,2,0,14,2,0,0,0.094375,0,32000,3020,0.094375,131072,2995,0.022850,0,0,2
109,host-8,3,0,14,3,0,0,0.141187,0,32000,4518,0.141187,131072,6131,0.046776,0,0,3
109,host-9,2,1,14,2,1,0,0.101625,0,32000,3252,0.101625,131072,2266,0.017288,0,1,1
110,host-1,2,0,14,2,0,0,0.120438,0,32000,3854,0.120438,131072,4838,0.036911,0,0,2
110,host-10,2,1,14,2,1,0,0.110187,0,32000,3526,0.110187,131072,2949,0.022499,0,1,1
110,host-11,2,0,14,2,0,0,0.106344,0,32000,3403,0.106344,131072,4155,0.031700,0,0,2
110,host-12,2,0,14,2,0,0,0.106656,0,32000,3413,0.106656,131072,4198,0.032028,0,0,2
110,host-13,1,0,14,1,0,0,0.074125,0,32000,2372,0.074125,131072,2377,0.018135,0,0,1
110,host-14,2,1,14,2,1,0,0.088656,0,32000,2837,0.088656,131072,2709,0.020668,1,0,1
110,host-15,2,0,14,2,0,0,0.136594,0,32000,4371,0.136594,131072,4293,0.032753,0,0,2
110,host-16,2,0,14,2,0,0,0.105500,0,32000,3376,0.105500,131072,2782,0.021225,0,0,2
110,host-17,3,0,14,3,0,0,0.143031,0,32000,4577,0.143031,131072,5758,0.043930,0,0,3
110,host-18,3,0,14,3,0,0,0.153188,0,32000,4902,0.153188,131072,5433,0.041451,0,0,3
110,host-19,2,0,14,2,0,0,0.118094,0,32000,3779,0.118094,131072,3217,0.024544,0,0,2
110,host-2,2,0,14,2,0,0,0.097094,0,32000,3107,0.097094,131072,2440,0.018616,0,0,2
110,host-20,1,0,14,1,0,0,0.044875,0,32000,1436,0.044875,131072,813,0.006203,0,0,1
110,host-21,2,0,14,2,0,0,0.108719,0,32000,3479,0.108719,131072,2990,0.022812,0,0,2
110,host-22,2,0,14,2,0,0,0.096687,0,32000,3094,0.096687,131072,3629,0.027687,0,0,2
110,host-23,1,0,14,1,0,0,0.063187,0,32000,2022,0.063187,131072,2269,0.017311,0,0,1
110,host-24,2,0,14,2,0,0,0.112031,0,32000,3585,0.112031,131072,3469,0.026466,0,0,2
110,host-3,3,0,14,3,0,0,0.129688,0,32000,4150,0.129688,131072,5337,0.040718,0,0,3
110,host-4,2,0,14,2,0,0,0.074844,0,32000,2395,0.074844,131072,1254,0.009567,0,0,2
110,host-5,2,0,14,2,0,0,0.082125,0,32000,2628,0.082125,131072,2092,0.015961,0,0,2
110,host-6,2,0,14,2,0,0,0.106906,0,32000,3421,0.106906,131072,3946,0.030106,0,0,2
110,host-7,2,0,14,2,0,0,0.094375,0,32000,3020,0.094375,131072,2995,0.022850,0,0,2
110,host-8,3,0,14,3,0,0,0.141187,0,32000,4518,0.141187,131072,6131,0.046776,0,0,3
110,host-9,2,0,14,2,0,0,0.101625,0,32000,3252,0.101625,131072,2266,0.017288,0,0,2
111,host-1,2,0,14,2,0,0,0.120438,0,32000,3854,0.120438,131072,4838,0.036911,0,0,2
111,host-10,2,0,14,2,0,0,0.110187,0,32000,3526,0.110187,131072,2949,0.022499,0,0,2
111,host-11,2,0,14,2,0,0,0.106344,0,32000,3403,0.106344,131072,4155,0.031700,0,0,2
111,host-12,2,0,14,2,0,0,0.106656,0,32000,3413,0.106656,131072,4198,0.032028,0,0,2
111,host-13,1,0,14,1,0,0,0.074125,0,32000,2372,0.074125,131072,2377,0.018135,0,0,1
111,host-14,2,1,14,2,1,0,0.088656,0,32000,2837,0.088656,131072,2709,0.020668,0,1,1
111,host-15,2,0,14,2,0,0,0.136594,0,32000,4371,0.136594,131072,4293,0.032753,0,0,2
111,host-16,2,0,14,2,0,0,0.105500,0,32000,3376,0.105500,131072,2782,0.021225,0,0,2
111,host-17,3,0,14,3,0,0,0.143031,0,32000,4577,0.143031,131072,5758,0.043930,0,0,3
111,host-18,3,0,14,3,0,0,0.153188,0,32000,4902,0.153188,131072,5433,0.041451,0,0,3
111,host-19,1,0,14,1,0,0,0.057906,0,32000,1853,0.057906,131072,1407,0.010735,0,0,1
111,host-2,2,0,14,2,0,0,0.097094,0,32000,3107,0.097094,131072,2440,0.018616,0,0,2
111,host-20,1,0,14,1,0,0,0.044875,0,32000,1436,0.044875,131072,813,0.006203,0,0,1
111,host-21,1,0,14,1,0,0,0.050812,0,32000,1626,0.050812,131072,1583,0.012077,0,0,1
111,host-22,2,0,14,2,0,0,0.096687,0,32000,3094,0.096687,131072,3629,0.027687,0,0,2
111,host-23,1,0,14,1,0,0,0.063187,0,32000,2022,0.063187,131072,2269,0.017311,0,0,1
111,host-24,2,0,14,2,0,0,0.112031,0,32000,3585,0.112031,131072,3469,0.026466,0,0,2
111,host-3,3,0,14,3,0,0,0.129688,0,32000,4150,0.129688,131072,5337,0.040718,0,0,3
111,host-4,2,0,14,2,0,0,0.074844,0,32000,2395,0.074844,131072,1254,0.009567,0,0,2
111,host-5,2,0,14,2,0,0,0.082125,0,32000,2628,0.082125,131072,2092,0.015961,0,0,2
111,host-6,2,0,14,2,0,0,0.106906,0,32000,3421,0.106906,131072,3946,0.030106,0,0,2
111,host-7,2,1,14,2,1,0,0.094375,0,32000,3020,0.094375,131072,2995,0.022850,0,1,1
111,host-8,3,0,14,3,0,0,0.141187,0,32000,4518,0.141187,131072,6131,0.046776,0,0,3
111,host-9,2,0,14,2,0,0,0.101625,0,32000,3252,0.101625,131072,2266,0.017288,0,0,2
112,host-1,2,0,14,2,0,0,0.120438,0,32000,3854,0.120438,131072,4838,0.036911,0,0,2
112,host-10,2,0,14,2,0,0,0.110187,0,32000,3526,0.110187,131072,2949,0.022499,0,0,2
112,host-11,2,0,14,2,0,0,0.106344,0,32000,3403,0.106344,131072,4155,0.031700,0,0,2
112,host-12,2,0,14,2,0,0,0.106656,0,32000,3413,0.106656,131072,4198,0.032028,0,0,2
112,host-13,1,0,14,1,0,0,0.074125,0,32000,2372,0.074125,131072,2377,0.018135,0,0,1
112,host-14,2,0,14,2,0,0,0.088656,0,32000,2837,0.088656,131072,2709,0.020668,0,0,2
112,host-15,2,0,14,2,0,0,0.136594,0,32000,4371,0.136594,131072,4293,0.032753,0,0,2
112,host-16,2,0,14,2,0,0,0.105500,0,32000,3376,0.105500,131072,2782,0.021225,0,0,2
112,host-17,3,0,14,3,0,0,0.143031,0,32000,4577,0.143031,131072,5758,0.043930,0,0,3
112,host-18,3,1,14,3,1,0,0.153188,0,32000,4902,0.153188,131072,5433,0.041451,0,1,2
112,host-19,0,0,14,0,0,0,0.000000,0,32000,0,0.000000,131072,0,0.000000,0,0,0
112,host-2,2,0,14,2,0,0,0.097094,0,32000,3107,0.097094,131072,2440,0.018616,0,0,2
112,host-20,1,0,14,1,0,0,0.044875,0,32000,1436,0.044875,131072,813,0.006203,0,0,1
112,host-21,1,1,14,1,1,0,0.050812,0,32000,1626,0.050812,131072,1583,0.012077,0,1,0
112,host-22,2,0,14,2,0,0,0.096687,0,32000,3094,0.096687,131072,3629,0.027687,0,0,2
112,host-23,1,1,14,1,1,0,0.063187,0,32000,2022,0.063187,131072,2269,0.017311,0,1,0
112,host-24,2,0,14,2,0,0,0.112031,0,32000,3585,0.112031,131072,3469,0.026466,0,0,2
112,host-3,3,0,14,3,0,0,0.129688,0,32000,4150,0.129688,131072,5337,0.040718,0,0,3
112,host-4,2,0,14,2,0,0,0.074844,0,32000,2395,0.074844,131072,1254,0.009567,0,0,2
112,host-5,2,0,14,2,0,0,0.082125,0,32000,2628,0.082125,131072,2092,0.015961,0,0,2
112,host-6,2,0,14,2,0,0,0.106906,0,32000,3421,0.106906,131072,3946,0.030106,0,0,2
112,host-7,2,0,14,2,0,0,0.094375,0,32000,3020,0.094375,131072,2995,0.022850,0,0,2
112,host-8,3,0,14,3,0,0,0.141187,0,32000,4518,0.141187,131072,6131,0.046776,0,0,3
112,host-9,2,0,14,2,0,0,0.101625,0,32000,3252,0.101625,131072,2266,0.017288,0,0,2
113,host-1,2,0,14,2,0,0,0.120438,0,32000,3854,0.120438,131072,4838,0.036911,0,0,2
113,host-10,2,0,14,2,0,0,0.110187,0,32000,3526,0.110187,131072,2949,0.022499,0,0,2
113,host-11,2,0,14,2,0,0,0.106344,0,32000,3403,0.106344,131072,4155,0.031700,0,0,2
113,host-12,2,0,14,2,0,0,0.106656,0,32000,3413,0.106656,131072,4198,0.032028,0,0,2
113,host-13,1,0,14,1,0,0,0.074125,0,32000,2372,0.074125,131072,2377,0.018135,0,0,1
113,host-14,2,0,14,2,0,0,0.088656,0,32000,2837,0.088656,131072,2709,0.020668,0,0,2
113,host-15,2,0,14,2,0,0,0.136594,0,32000,4371,0.136594,131072,4293,0.032753,0,0,2
113,host-16,2,0,14,2,0,0,0.105500,0,32000,3376,0.105500,131072,2782,0.021225,0,0,2
113,host-17,3,0,14,3,0,0,0.143031,0,32000,4577,0.143031,131072,5758,0.043930,0,0,3
113,host-18,3,0,14,3,0,0,0.153188,0,32000,4902,0.153188,131072,5433,0.041451,0,0,3
113,host-19,0,0,14,0,0,0,0.000000,0,32000,0,0.000000,131072,0,0.000000,0,0,0
113,host-2,2,0,14,2,0,0,0.097094,0,32000,3107,0.097094,131072,2440,0.018616,0,0,2
113,host-20,1,0,14,1,0,0,0.044875,0,32000,1436,0.044875,131072,813,0.006203,0,0,1
113,host-21,1,0,14,1,0,0,0.050812,0,32000,1626,0.050812,131072,1583,0.012077,0,0,1
113,host-22,2,0,14,2,0,0,0.096687,0,32000,3094,0.096687,131072,3629,0.027687,0,0,2
113,host-23,1,0,14,1,0,0,0.063187,0,32000,2022,0.063187,131072,2269,0.017311,0,0,1
113,host-24,2,0,14,2,0,0,0.112031,0,32000,3585,0.112031,131072,3469,0.026466,0,0,2
113,host-3,3,0,14,3,0,0,0.129688,0,32000,4150,0.129688,131072,5337,0.040718,0,0,3
113,host-4,2,0,14,2,0,0,0.074844,0,32000,2395,0.074844,131072,1254,0.009567,0,0,2
113,host-5,2,0,14,2,0,0,0.082125,0,32000,2628,0.082125,131072,2092,0.015961,0,0,2
113,host-6,2,0,14,2,0,0,0.106906,0,32000,3421,0.106906,131072,3946,0.030106,0,0,2
113,host-7,2,0,14,2,0,0,0.094375,0,32000,3020,0.094375,131072,2995,0.022850,0,0,2
113,host-8,3,0,14,3,0,0,0.141187,0,32000,4518,0.141187,131072,6131,0.046776,0,0,3
113,host-9,2,0,14,2,0,0,0.101625,0,32000,3252,0.101625,131072,2266,0.017288,0,0,2
114,host-1,2,0,14,2,0,0,0.120438,0,32000,3854,0.120438,131072,4838,0.036911,0,0,2
114,host-10,2,0,14,2,0,0,0.110187,0,32000,3526,0.110187,131072,2949,0.022499,0,0,2
114,host-11,2,0,14,2,0,0,0.106344,0,32000,3403,0.106344,131072,4155,0.031700,0,0,2
114,host-12,2,0,14,2,0,0,0.106656,0,32000,3413,0.106656,131072,4198,0.032028,0,0,2
114,host-13,1,0,14,1,0,0,0.074125,0,32000,2372,0.074125,131072,2377,0.018135,0,0,1
114,host-14,2,0,14,2,0,0,0.088656,0,32000,2837,0.088656,131072,2709,0.020668,0,0,2
114,host-15,2,0,14,2,0,0,0.136594,0,32000,4371,0.136594,131072,4293,0.032753,0,0,2
114,host-16,2,0,14,2,0,0,0.105500,0,32000,3376,0.105500,131072,2782,0.021225,0,0,2
114,host-17,3,0,14,3,0,0,0.143031,0,32000,4577,0.143031,131072,5758,0.043930,0,0,3
114,host-18,2,0,14,2,0,0,0.115500,0,32000,3696,0.115500,131072,3927,0.029961,0,0,2
114,host-19,0,0,14,0,0,0,0.000000,0,32000,0,0.000000,131072,0,0.000000,0,0,0
114,host-2,2,0,14,2,0,0,0.097094,0,32000,3107,0.097094,131072,2440,0.018616,0,0,2
114,host-20,1,0,14,1,0,0,0.044875,0,32000,1436,0.044875,131072,813,0.006203,0,0,1
114,host-21,1,0,14,1,0,0,0.050812,0,32000,1626,0.050812,131072,1583,0.012077,0,0,1
114,host-22,2,0,14,2,0,0,0.096687,0,32000,3094,0.096687,131072,3629,0.027687,0,0,2
114,host-23,1,0,14,1,0,0,0.063187,0,32000,2022,0.063187,131072,2269,0.017311,0,0,1
114,host-24,2,0,14,2,0,0,0.112031,0,32000,3585,0.112031,131072,3469,0.026466,0,0,2
114,host-3,3,0,14,3,0,0,0.129688,0,32000,4150,0.129688,131072,5337,0.040718,0,0,3
114,host-4,2,0,14,2,0,0,0.074844,0,32000,2395,0.074844,131072,1254,0.009567,0,0,2
114,host-5,2,0,14,2,0,0,0.082125,0,32000,2628,0.082125,131072,2092,0.015961,0,0,2
114,host-6,2,0,14,2,0,0,0.106906,0,32000,3421,0.106906,131072,3946,0.030106,0,0,2
114,host-7,2,0,14,2,0,0,0.094375,0,32000,3020,0.094375,131072,2995,0.022850,0,0,2
114,host-8,3,0,14,3,0,0,0.141187,0,32000,4518,0.141187,131072,6131,0.046776,0,0,3
114,host-9,2,0,14,2,0,0,0.101625,0,32000,3252,0.101625,131072,2266,0.017288,0,0,2
115,host-1,2,0,14,2,0,0,0.120438,0,32000,3854,0.120438,131072,4838,0.036911,0,0,2
115,host-10,2,0,14,2,0,0,0.110187,0,32000,3526,0.110187,131072,2949,0.022499,0,0,2
115,host-11,2,0,14,2,0,0,0.106344,0,32000,3403,0.106344,131072,4155,0.031700,0,0,2
115,host-12,2,0,14,2,0,0,0.106656,0,32000,3413,0.106656,131072,4198,0.032028,0,0,2
115,host-13,1,0,14,1,0,0,0.074125,0,32000,2372,0.074125,131072,2377,0.018135,0,0,1
115,host-14,2,0,14,2,0,0,0.088656,0,32000,2837,0.088656,131072,2709,0.020668,0,0,2
115,host-15,2,0,14,2,0,0,0.136594,0,32000,4371,0.136594,131072,4293,0.032753,0,0,2
115,host-16,2,0,14,2,0,0,0.105500,0,32000,3376,0.105500,131072,2782,0.021225,0,0,2
115,host-17,3,0,14,3,0,0,0.143031,0,32000,4577,0.143031,131072,5758,0.043930,0,0,3
115,host-18,2,0,14,2,0,0,0.115500,0,32000,3696,0.115500,131072,3927,0.029961,0,0,2
115,host-19,1,1,14,1,1,0,0.035844,0,32000,1147,0.035844,131072,1495,0.011406,1,0,0
115,host-2,1,0,14,1,0,0,0.026875,0,32000,860,0.026875,131072,531,0.004051,0,0,1
115,host-20,1,0,14,1,0,0,0.044875,0,32000,1436,0.044875,131072,813,0.006203,0,0,1
115,host-21,1,0,14,1,0,0,0.050812,0,32000,1626,0.050812,131072,1583,0.012077,0,0,1
115,host-22,2,0,14,2,0,0,0.096687,0,32000,3094,0.096687,131072,3629,0.027687,0,0,2
115,host-23,1,0,14,1,0,0,0.063187,0,32000,2022,0.063187,131072,2269,0.017311,0,0,1
115,host-24,1,0,14,1,0,0,0.065844,0,32000,2107,0.065844,131072,1863,0.014214,0,0,1
115,host-3,3,0,14,3,0,0,0.129688,0,32000,4150,0.129688,131072,5337,0.040718,0,0,3
115,host-4,2,0,14,2,0,0,0.074844,0,32000,2395,0.074844,131072,1254,0.009567,0,0,2
115,host-5,2,0,14,2,0,0,0.082125,0,32000,2628,0.082125,131072,2092,0.015961,0,0,2
115,host-6,2,0,14,2,0,0,0.106906,0,32000,3421,0.106906,131072,3946,0.030106,0,0,2
115,host-7,2,0,14,2,0,0,0.094375,0,32000,3020,0.094375,131072,2995,0.022850,0,0,2
115,host-8,3,0,14,3,0,0,0.141187,0,32000,4518,0.141187,131072,6131,0.046776,0,0,3
115,host-9,2,0,14,2,0,0,0.101625,0,32000,3252,0.101625,131072,2266,0.017288,0,0,2
116,host-1,2,0,14,2,0,0,0.120438,0,32000,3854,0.120438,131072,4838,0.036911,0,0,2
116,host-10,2,0,14,2,0,0,0.110187,0,32000,3526,0.110187,131072,2949,0.022499,0,0,2
116,host-11,2,0,14,2,0,0,0.106344,0,32000,3403,0.106344,131072,4155,0.031700,0,0,2
116,host-12,2,0,14,2,0,0,0.106656,0,32000,3413,0.106656,131072,4198,0.032028,0,0,2
116,host-13,1,0,14,1,0,0,0.074125,0,32000,2372,0.074125,131072,2377,0.018135,0,0,1
116,host-14,2,0,14,2,0,0,0.088656,0,32000,2837,0.088656,131072,2709,0.020668,0,0,2
116,host-15,1,0,14,1,0,0,0.066375,0,32000,2124,0.066375,131072,2384,0.018188,0,0,1
116,host-16,2,0,14,2,0,0,0.105500,0,32000,3376,0.105500,131072,2782,0.021225,0,0,2
116,host-17,3,0,14,3,0,0,0.143031,0,32000,4577,0.143031,131072,5758,0.043930,0,0,3
116,host-18,2,0,14,2,0,0,0.115500,0,32000,3696,0.115500,131072,3927,0.029961,0,0,2
116,host-19,1,1,14,1,1,0,0.035844,0,32000,1147,0.035844,131072,1495,0.011406,1,0,0
116,host-2,2,1,14,2,1,0,0.071469,0,32000,2287,0.071469,131072,1756,0.013397,1,0,1
116,host-20,1,0,14,1,0,0,0.044875,0,32000,1436,0.044875,131072,813,0.006203,0,0,1
116,host-21,1,0,14,1,0,0,0.050812,0,32000,1626,0.050812,131072,1583,0.012077,0,0,1
116,host-22,2,0,14,2,0,0,0.096687,0,32000,3094,0.096687,131072,3629,0.027687,0,0,2
116,host-23,1,0,14,1,0,0,0.063187,0,32000,2022,0.063187,131072,2269,0.017311,0,0,1
116,host-24,1,0,14,1,0,0,0.065844,0,32000,2107,0.065844,131072,1863,0.014214,0,0,1
116,host-3,3,0,14,3,0,0,0.129688,0,32000,4150,0.129688,131072,5337,0.040718,0,0,3
116,host-4,2,0,14,2,0,0,0.074844,0,32000,2395,0.074844,131072,1254,0.009567,0,0,2
116,host-5,2,0,14,2,0,0,0.082125,0,32000,2628,0.082125,131072,2092,0.015961,0,0,2
116,host-6,2,0,14,2,0,0,0.106906,0,32000,3421,0.106906,131072,3946,0.030106,0,0,2
116,host-7,2,0,14,2,0,0,0.094375,0,32000,3020,0.094375,131072,2995,0.022850,0,0,2
116,host-8,3,0,14,3,0,0,0.141187,0,32000,4518,0.141187,131072,6131,0.046776,0,0,3
116,host-9,2,0,14,2,0,0,0.101625,0,32000,3252,0.101625,131072,2266,0.017288,0,0,2
117,host-1,2,0,14,2,0,0,0.120438,0,32000,3854,0.120438,131072,4838,0.036911,0,0,2
117,host-10,2,0,14,2,0,0,0.110187,0,32000,3526,0.110187,131072,2949,0.022499,0,0,2
117,host-11,2,0,14,2,0,0,0.106344,0,32000,3403,0.106344,131072,4155,0.031700,0,0,2
117,host-12,2,0,14,2,0,0,0.106656,0,32000,3413,0.106656,131072,4198,0.032028,0,0,2
117,host-13,1,0,14,1,0,0,0.074125,0,32000,2372,0.074125,131072,2377,0.018135,0,0,1
117,host-14,2,0,14,2,0,0,0.088656,0,32000,2837,0.088656,131072,2709,0.020668,0,0,2
117,host-15,1,0,14,1,0,0,0.066375,0,32000,2124,0.066375,131072,2384,0.018188,0,0,1
117,host-16,2,0,14,2,0,0,0.105500,0,32000,3376,0.105500,131072,2782,0.021225,0,0,2
117,host-17,3,0,14,3,0,0,0.143031,0,32000,4577,0.143031,131072,5758,0.043930,0,0,3
117,host-18,2,0,14,2,0,0,0.115500,0,32000,3696,0.115500,131072,3927,0.029961,0,0,2
117,host-19,2,1,14,2,1,0,0.092750,0,32000,2968,0.092750,131072,3799,0.028984,1,0,1
117,host-2,2,1,14,2,1,0,0.071469,0,32000,2287,0.071469,131072,1756,0.013397,1,0,1
117,host-20,2,1,14,2,1,0,0.111281,0,32000,3561,0.111281,131072,3109,0.023720,1,0,1
117,host-21,2,1,14,2,1,0,0.122969,0,32000,3935,0.122969,131072,4532,0.034576,1,0,1
117,host-22,2,0,14,2,0,0,0.096687,0,32000,3094,0.096687,131072,3629,0.027687,0,0,2
117,host-23,2,1,14,2,1,0,0.092750,0,32000,2968,0.092750,131072,3284,0.025055,1,0,1
117,host-24,1,0,14,1,0,0,0.065844,0,32000,2107,0.065844,131072,1863,0.014214,0,0,1
117,host-3,3,0,14,3,0,0,0.129688,0,32000,4150,0.129688,131072,5337,0.040718,0,0,3
117,host-4,2,0,14,2,0,0,0.074844,0,32000,2395,0.074844,131072,1254,0.009567,0,0,2
117,host-5,2,0,14,2,0,0,0.082125,0,32000,2628,0.082125,131072,2092,0.015961,0,0,2
117,host-6,2,0,14,2,0,0,0.106906,0,32000,3421,0.106906,131072,3946,0.030106,0,0,2
117,host-7,2,0,14,2,0,0,0.094375,0,32000,3020,0.094375,131072,2995,0.022850,0,0,2
117,host-8,3,0,14,3,0,0,0.141187,0,32000,4518,0.141187,131072,6131,0.046776,0,0,3
117,host-9,2,0,14,2,0,0,0.101625,0,32000,3252,0.101625,131072,2266,0.017288,0,0,2
118,host-1,2,0,14,2,0,0,0.120438,0,32000,3854,0.120438,131072,4838,0.036911,0,0,2
118,host-10,2,0,14,2,0,0,0.110187,0,32000,3526,0.110187,131072,2949,0.022499,0,0,2
118,host-11,2,0,14,2,0,0,0.106344,0,32000,3403,0.106344,131072,4155,0.031700,0,0,2
118,host-12,2,0,14,2,0,0,0.106656,0,32000,3413,0.106656,131072,4198,0.032028,0,0,2
118,host-13,1,0,14,1,0,0,0.074125,0,32000,2372,0.074125,131072,2377,0.018135,0,0,1
118,host-14,2,0,14,2,0,0,0.088656,0,32000,2837,0.088656,131072,2709,0.020668,0,0,2
118,host-15,2,1,14,2,1,0,0.132781,0,32000,4249,0.132781,131072,4680,0.035706,1,0,1
118,host-16,2,0,14,2,0,0,0.105500,0,32000,3376,0.105500,131072,2782,0.021225,0,0,2
118,host-17,3,0,14,3,0,0,0.143031,0,32000,4577,0.143031,131072,5758,0.043930,0,0,3
118,host-18,2,0,14,2,0,0,0.115500,0,32000,3696,0.115500,131072,3927,0.029961,0,0,2
118,host-19,2,0,14,2,0,0,0.092750,0,32000,2968,0.092750,131072,3799,0.028984,0,0,2
118,host-2,2,0,14,2,0,0,0.071469,0,32000,2287,0.071469,131072,1756,0.013397,0,0,2
118,host-20,2,1,14,2,1,0,0.111281,0,32000,3561,0.111281,131072,3109,0.023720,1,0,1
118,host-21,2,0,14,2,0,0,0.122969,0,32000,3935,0.122969,131072,4532,0.034576,0,0,2
118,host-22,2,0,14,2,0,0,0.096687,0,32000,3094,0.096687,131072,3629,0.027687,0,0,2
118,host-23,2,1,14,2,1,0,0.092750,0,32000,2968,0.092750,131072,3284,0.025055,1,0,1
118,host-24,2,1,14,2,1,0,0.138000,0,32000,4416,0.138000,131072,4812,0.036713,1,0,1
118,host-3,3,0,14,3,0,0,0.129688,0,32000,4150,0.129688,131072,5337,0.040718,0,0,3
118,host-4,2,0,14,2,0,0,0.074844,0,32000,2395,0.074844,131072,1254,0.009567,0,0,2
118,host-5,2,0,14,2,0,0,0.082125,0,32000,2628,0.082125,131072,2092,0.015961,0,0,2
118,host-6,2,0,14,2,0,0,0.106906,0,32000,3421,0.106906,131072,3946,0.030106,0,0,2
118,host-7,2,0,14,2,0,0,0.094375,0,32000,3020,0.094375,131072,2995,0.022850,0,0,2
118,host-8,2,0,14,2,0,0,0.110781,0,32000,3545,0.110781,131072,4573,0.034889,0,0,2
118,host-9,2,0,14,2,0,0,0.101625,0,32000,3252,0.101625,131072,2266,0.017288,0,0,2
119,host-1,2,0,14,2,0,0,0.120438,0,32000,3854,0.120438,131072,4838,0.036911,0,0,2
119,host-10,2,0,14,2,0,0,0.110187,0,32000,3526,0.110187,131072,2949,0.022499,0,0,2
119,host-11,2,0,14,2,0,0,0.106344,0,32000,3403,0.106344,131072,4155,0.031700,0,0,2
119,host-12,2,0,14,2,0,0,0.106656,0,32000,3413,0.106656,131072,4198,0.032028,0,0,2
119,host-13,1,0,14,1,0,0,0.074125,0,32000,2372,0.074125,131072,2377,0.018135,0,0,1
119,host-14,2,0,14,2,0,0,0.088656,0,32000,2837,0.088656,131072,2709,0.020668,0,0,2
119,host-15,2,1,14,2,1,0,0.132781,0,32000,4249,0.132781,131072,4680,0.035706,0,1,1
119,host-16,2,0,14,2,0,0,0.105500,0,32000,3376,0.105500,131072,2782,0.021225,0,0,2
119,host-17,3,0,14,3,0,0,0.143031,0,32000,4577,0.143031,131072,5758,0.043930,0,0,3
119,host-18,2,0,14,2,0,0,0.115500,0,32000,3696,0.115500,131072,3927,0.029961,0,0,2
119,host-19,2,0,14,2,0,0,0.092750,0,32000,2968,0.092750,131072,3799,0.028984,0,0,2
119,host-2,2,0,14,2,0,0,0.071469,0,32000,2287,0.071469,131072,1756,0.013397,0,0,2
119,host-20,2,0,14,2,0,0,0.111281,0,32000,3561,0.111281,131072,3109,0.023720,0,0,2
119,host-21,2,0,14,2,0,0,0.122969,0,32000,3935,0.122969,131072,4532,0.034576,0,0,2
119,host-22,2,0,14,2,0,0,0.096687,0,32000,3094,0.096687,131072,3629,0.027687,0,0,2
119,host-23,2,0,14,2,0,0,0.092750,0,32000,2968,0.092750,131072,3284,0.025055,0,0,2
119,host-24,2,0,14,2,0,0,0.138000,0,32000,4416,0.138000,131072,4812,0.036713,0,0,2
119,host-3,3,0,14,3,0,0,0.129688,0,32000,4150,0.129688,131072,5337,0.040718,0,0,3
119,host-4,2,0,14,2,0,0,0.074844,0,32000,2395,0.074844,131072,1254,0.009567,0,0,2
119,host-5,2,0,14,2,0,0,0.082125,0,32000,2628,0.082125,131072,2092,0.015961,0,0,2
119,host-6,2,0,14,2,0,0,0.106906,0,32000,3421,0.106906,131072,3946,0.030106,0,0,2
119,host-7,2,0,14,2,0,0,0.094375,0,32000,3020,0.094375,131072,2995,0.022850,0,0,2
119,host-8,2,0,14,2,0,0,0.110781,0,32000,3545,0.110781,131072,4573,0.034889,0,0,2
119,host-9,2,0,14,2,0,0,0.101625,0,32000,3252,0.101625,131072,2266,0.017288,0,0,2
120,host-1,2,0,14,2,0,0,0.120438,0,32000,3854,0.120438,131072,4838,0.036911,0,0,2
120,host-10,2,0,14,2,0,0,0.110187,0,32000,3526,0.110187,131072,2949,0.022499,0,0,2
120,host-11,1,0,14,1,0,0,0.068125,0,32000,2180,0.068125,131072,2731,0.020836,0,0,1
120,host-12,2,0,14,2,0,0,0.106656,0,32000,3413,0.106656,131072,4198,0.032028,0,0,2
120,host-13,1,0,14,1,0,0,0.074125,0,32000,2372,0.074125,131072,2377,0.018135,0,0,1
120,host-14,2,0,14,2,0,0,0.088656,0,32000,2837,0.088656,131072,2709,0.020668,0,0,2
120,host-15,2,0,14,2,0,0,0.132781,0,32000,4249,0.132781,131072,4680,0.035706,0,0,2
120,host-16,2,0,14,2,0,0,0.105500,0,32000,3376,0.105500,131072,2782,0.021225,0,0,2
120,host-17,3,0,14,3,0,0,0.143031,0,32000,4577,0.143031,131072,5758,0.043930,0,0,3
120,host-18,2,0,14,2,0,0,0.115500,0,32000,3696,0.115500,131072,3927,0.029961,0,0,2
120,host-19,2,0,14,2,0,0,0.092750,0,32000,2968,0.092750,131072,3799,0.028984,0,0,2
120,host-2,3,1,14,3,1,0,0.142563,0,32000,4562,0.142563,131072,4070,0.031052,1,0,2
120,host-20,2,0,14,2,0,0,0.111281,0,32000,3561,0.111281,131072,3109,0.023720,0,0,2
120,host-21,2,0,14,2,0,0,0.122969,0,32000,3935,0.122969,131072,4532,0.034576,0,0,2
120,host-22,2,0,14,2,0,0,0.096687,0,32000,3094,0.096687,131072,3629,0.027687,0,0,2
120,host-23,2,0,14,2,0,0,0.092750,0,32000,2968,0.092750,131072,3284,0.025055,0,0,2
120,host-24,2,0,14,2,0,0,0.138000,0,32000,4416,0.138000,131072,4812,0.036713,0,0,2
120,host-3,3,0,14,3,0,0,0.129688,0,32000,4150,0.129688,131072,5337,0.040718,0,0,3
120,host-4,2,0,14,2,0,0,0.074844,0,32000,2395,0.074844,131072,1254,0.009567,0,0,2
120,host-5,2,0,14,2,0,0,0.082125,0,32000,2628,0.082125,131072,2092,0.015961,0,0,2
120,host-6,2,0,14,2,0,0,0.106906,0,32000,3421,0.106906,131072,3946,0.030106,0,0,2
120,host-7,2,0,14,2,0,0,0.094375,0,32000,3020,0.094375,131072,2995,0.022850,0,0,2
120,host-8,2,0,14,2,0,0,0.110781,0,32000,3545,0.110781,131072,4573,0.034889,0,0,2
120,host-9,2,0,14,2,0,0,0.101625,0,32000,3252,0.101625,131072,2266,0.017288,0,0,2
121,host-1,2,0,14,2,0,0,0.120438,0,32000,3854,0.120438,131072,4838,0.036911,0,0,2
121,host-10,2,0,14,2,0,0,0.110187,0,32000,3526,0.110187,131072,2949,0.022499,0,0,2
121,host-11,2,0,14,2,0,0,0.110656,0,32000,3541,0.110656,131072,3329,0.025398,0,0,2
121,host-12,1,0,14,1,0,0,0.035250,0,32000,1128,0.035250,131072,1630,0.012436,0,0,1
121,host-13,1,1,14,1,1,0,0.037781,0,32000,1209,0.037781,131072,953,0.007271,1,0,0
121,host-14,2,0,14,2,0,0,0.088656,0,32000,2837,0.088656,131072,2709,0.020668,0,0,2
121,host-15,1,0,14,1,0,0,0.066406,0,32000,2125,0.066406,131072,2296,0.017517,0,0,1
121,host-16,1,0,14,1,0,0,0.054562,0,32000,1746,0.054562,131072,1249,0.009529,0,0,1
121,host-17,3,0,14,3,0,0,0.143031,0,32000,4577,0.143031,131072,5758,0.043930,0,0,3
121,host-18,2,0,14,2,0,0,0.115500,0,32000,3696,0.115500,131072,3927,0.029961,0,0,2
121,host-19,2,0,14,2,0,0,0.092750,0,32000,2968,0.092750,131072,3799,0.028984,0,0,2
121,host-2,2,0,14,2,0,0,0.115687,0,32000,3702,0.115687,131072,3539,0.027000,0,0,2
121,host-20,2,0,14,2,0,0,0.111281,0,32000,3561,0.111281,131072,3109,0.023720,0,0,2
121,host-21,2,0,14,2,0,0,0.122969,0,32000,3935,0.122969,131072,4532,0.034576,0,0,2
121,host-22,2,0,14,2,0,0,0.096687,0,32000,3094,0.096687,131072,3629,0.027687,0,0,2
121,host-23,2,0,14,2,0,0,0.092750,0,32000,2968,0.092750,131072,3284,0.025055,0,0,2
121,host-24,2,0,14,2,0,0,0.138000,0,32000,4416,0.138000,131072,4812,0.036713,0,0,2
121,host-3,3,0,14,3,0,0,0.129688,0,32000,4150,0.129688,131072,5337,0.040718,0,0,3
121,host-4,2,0,14,2,0,0,0.074844,0,32000,2395,0.074844,131072,1254,0.009567,0,0,2
121,host-5,1,1,14,1,1,0,0.031844,0,32000,1019,0.031844,131072,563,0.004295,0,1,0
121,host-6,2,0,14,2,0,0,0.106906,0,32000,3421,0.106906,131072,3946,0.030106,0,0,2
121,host-7,2,0,14,2,0,0,0.094375,0,32000,3020,0.094375,131072,2995,0.022850,0,0,2
121,host-8,2,0,14,2,0,0,0.110781,0,32000,3545,0.110781,131072,4573,0.034889,0,0,2
121,host-9,2,0,14,2,0,0,0.101625,0,32000,3252,0.101625,131072,2266,0.017288,0,0,2
122,host-1,1,0,14,1,0,0,0.044469,0,32000,1423,0.044469,131072,1918,0.014633,0,0,1
122,host-10,2,0,14,2,0,0,0.110187,0,32000,3526,0.110187,131072,2949,0.022499,0,0,2
122,host-11,2,0,14,2,0,0,0.110656,0,32000,3541,0.110656,131072,3329,0.025398,0,0,2
122,host-12,2,1,14,2,1,0,0.078594,0,32000,2515,0.078594,131072,2504,0.019104,1,0,1
122,host-13,1,0,14,1,0,0,0.037781,0,32000,1209,0.037781,131072,953,0.007271,0,0,1
122,host-14,2,0,14,2,0,0,0.088656,0,32000,2837,0.088656,131072,2709,0.020668,0,0,2
122,host-15,1,0,14,1,0,0,0.066406,0,32000,2125,0.066406,131072,2296,0.017517,0,0,1
122,host-16,1,0,14,1,0,0,0.054562,0,32000,1746,0.054562,131072,1249,0.009529,0,0,1
122,host-17,3,0,14,3,0,0,0.143031,0,32000,4577,0.143031,131072,5758,0.043930,0,0,3
122,host-18,1,0,14,1,0,0,0.051437,0,32000,1646,0.051437,131072,1241,0.009468,0,0,1
122,host-19,2,0,14,2,0,0,0.092750,0,32000,2968,0.092750,131072,3799,0.028984,0,0,2
122,host-2,2,0,14,2,0,0,0.115687,0,32000,3702,0.115687,131072,3539,0.027000,0,0,2
122,host-20,2,0,14,2,0,0,0.111281,0,32000,3561,0.111281,131072,3109,0.023720,0,0,2
122,host-21,2,0,14,2,0,0,0.122969,0,32000,3935,0.122969,131072,4532,0.034576,0,0,2
122,host-22,1,0,14,1,0,0,0.025969,0,32000,831,0.025969,131072,1049,0.008003,0,0,1
122,host-23,2,0,14,2,0,0,0.092750,0,32000,2968,0.092750,131072,3284,0.025055,0,0,2
122,host-24,2,0,14,2,0,0,0.138000,0,32000,4416,0.138000,131072,4812,0.036713,0,0,2
122,host-3,3,0,14,3,0,0,0.129688,0,32000,4150,0.129688,131072,5337,0.040718,0,0,3
122,host-4,2,0,14,2,0,0,0.074844,0,32000,2395,0.074844,131072,1254,0.009567,0,0,2
122,host-5,2,1,14,2,1,0,0.084812,0,32000,2714,0.084812,131072,2695,0.020561,1,0,1
122,host-6,2,0,14,2,0,0,0.106906,0,32000,3421,0.106906,131072,3946,0.030106,0,0,2
122,host-7,2,0,14,2,0,0,0.094375,0,32000,3020,0.094375,131072,2995,0.022850,0,0,2
122,host-8,2,0,14,2,0,0,0.110781,0,32000,3545,0.110781,131072,4573,0.034889,0,0,2
122,host-9,2,0,14,2,0,0,0.101625,0,32000,3252,0.101625,131072,2266,0.017288,0,0,2
123,host-1,3,2,14,3,2,0,0.107625,0,32000,3444,0.107625,131072,3575,0.027275,2,0,1
123,host-10,2,0,14,2,0,0,0.110187,0,32000,3526,0.110187,131072,2949,0.022499,0,0,2
123,host-11,2,0,14,2,0,0,0.110656,0,32000,3541,0.110656,131072,3329,0.025398,0,0,2
123,host-12,3,2,14,3,2,0,0.138219,0,32000,4423,0.138219,131072,4728,0.036072,2,0,1
123,host-13,3,2,14,3,2,0,0.092188,0,32000,2950,0.092188,131072,2548,0.019440,2,0,1
123,host-14,2,0,14,2,0,0,0.088656,0,32000,2837,0.088656,131072,2709,0.020668,0,0,2
123,host-15,2,1,14,2,1,0,0.117344,0,32000,3755,0.117344,131072,3829,0.029213,1,0,1
123,host-16,3,2,14,3,2,0,0.147969,0,32000,4735,0.147969,131072,4001,0.030525,2,0,1
123,host-17,3,0,14,3,0,0,0.143031,0,32000,4577,0.143031,131072,5758,0.043930,0,0,3
123,host-18,2,1,14,2,1,0,0.115500,0,32000,3696,0.115500,131072,3927,0.029961,1,0,1
123,host-19,2,0,14,2,0,0,0.092750,0,32000,2968,0.092750,131072,3799,0.028984,0,0,2
123,host-2,2,0,14,2,0,0,0.115687,0,32000,3702,0.115687,131072,3539,0.027000,0,0,2
123,host-20,2,0,14,2,0,0,0.111281,0,32000,3561,0.111281,131072,3109,0.023720,0,0,2
123,host-21,2,0,14,2,0,0,0.122969,0,32000,3935,0.122969,131072,4532,0.034576,0,0,2
123,host-22,2,1,14,2,1,0,0.092344,0,32000,2955,0.092344,131072,3433,0.026192,1,0,1
123,host-23,2,0,14,2,0,0,0.092750,0,32000,2968,0.092750,131072,3284,0.025055,0,0,2
123,host-24,2,0,14,2,0,0,0.138000,0,32000,4416,0.138000,131072,4812,0.036713,0,0,2
123,host-3,3,0,14,3,0,0,0.129688,0,32000,4150,0.129688,131072,5337,0.040718,0,0,3
123,host-4,3,1,14,3,1,0,0.148625,0,32000,4756,0.148625,131072,3860,0.029449,1,0,2
123,host-5,2,0,14,2,0,0,0.084812,0,32000,2714,0.084812,131072,2695,0.020561,0,0,2
123,host-6,2,2,14,2,2,0,0.124406,0,32000,3981,0.124406,131072,3906,0.029800,2,0,0
123,host-7,2,0,14,2,0,0,0.094375,0,32000,3020,0.094375,131072,2995,0.022850,0,0,2
123,host-8,2,0,14,2,0,0,0.110781,0,32000,3545,0.110781,131072,4573,0.034889,0,0,2
123,host-9,2,0,14,2,0,0,0.101625,0,32000,3252,0.101625,131072,2266,0.017288,0,0,2
124,host-1,3,1,14,3,1,0,0.107625,0,32000,3444,0.107625,131072,3575,0.027275,1,0,2
124,host-10,2,0,14,2,0,0,0.110187,0,32000,3526,0.110187,131072,2949,0.022499,0,0,2
124,host-11,2,0,14,2,0,0,0.110656,0,32000,3541,0.110656,131072,3329,0.025398,0,0,2
124,host-12,3,1,14,3,1,0,0.138219,0,32000,4423,0.138219,131072,4728,0.036072,1,0,2
124,host-13,3,1,14,3,1,0,0.092188,0,32000,2950,0.092188,131072,2548,0.019440,1,0,2
124,host-14,3,1,14,3,1,0,0.116437,0,32000,3726,0.116437,131072,3231,0.024651,1,0,2
124,host-15,2,1,14,2,1,0,0.117344,0,32000,3755,0.117344,131072,3829,0.029213,1,0,1
124,host-16,3,2,14,3,2,0,0.147969,0,32000,4735,0.147969,131072,4001,0.030525,1,1,1
124,host-17,2,0,14,2,0,0,0.101344,0,32000,3243,0.101344,131072,4253,0.032448,0,0,2
124,host-18,2,0,14,2,0,0,0.115500,0,32000,3696,0.115500,131072,3927,0.029961,0,0,2
124,host-19,2,0,14,2,0,0,0.092750,0,32000,2968,0.092750,131072,3799,0.028984,0,0,2
124,host-2,2,0,14,2,0,0,0.115687,0,32000,3702,0.115687,131072,3539,0.027000,0,0,2
124,host-20,2,0,14,2,0,0,0.111281,0,32000,3561,0.111281,131072,3109,0.023720,0,0,2
124,host-21,2,0,14,2,0,0,0.122969,0,32000,3935,0.122969,131072,4532,0.034576,0,0,2
124,host-22,2,0,14,2,0,0,0.092344,0,32000,2955,0.092344,131072,3433,0.026192,0,0,2
124,host-23,2,0,14,2,0,0,0.092750,0,32000,2968,0.092750,131072,3284,0.025055,0,0,2
124,host-24,2,0,14,2,0,0,0.138000,0,32000,4416,0.138000,131072,4812,0.036713,0,0,2
124,host-3,1,0,14,1,0,0,0.030406,0,32000,973,0.030406,131072,1558,0.011887,0,0,1
124,host-4,3,1,14,3,1,0,0.148625,0,32000,4756,0.148625,131072,3860,0.029449,1,0,2
124,host-5,3,1,14,3,1,0,0.118156,0,32000,3781,0.118156,131072,3711,0.028313,0,1,2
124,host-6,2,2,14,2,2,0,0.124406,0,32000,3981,0.124406,131072,3906,0.029800,2,0,0
124,host-7,2,0,14,2,0,0,0.094375,0,32000,3020,0.094375,131072,2995,0.022850,0,0,2
124,host-8,2,0,14,2,0,0,0.110781,0,32000,3545,0.110781,131072,4573,0.034889,0,0,2
124,host-9,2,0,14,2,0,0,0.101625,0,32000,3252,0.101625,131072,2266,0.017288,0,0,2
125,host-1,2,0,14,2,0,0,0.063156,0,32000,2021,0.063156,131072,1657,0.012642,0,0,2
125,host-10,1,0,14,1,0,0,0.062156,0,32000,1989,0.062156,131072,1467,0.011192,0,0,1
125,host-11,2,0,14,2,0,0,0.110656,0,32000,3541,0.110656,131072,3329,0.025398,0,0,2
125,host-12,3,0,14,3,0,0,0.138219,0,32000,4423,0.138219,131072,4728,0.036072,0,0,3
125,host-13,4,1,14,4,1,0,0.142469,0,32000,4559,0.142469,131072,4077,0.031105,1,0,3
125,host-14,3,1,14,3,1,0,0.116437,0,32000,3726,0.116437,131072,3231,0.024651,1,0,2
125,host-15,2,0,14,2,0,0,0.117344,0,32000,3755,0.117344,131072,3829,0.029213,0,0,2
125,host-16,3,0,14,3,0,0,0.147969,0,32000,4735,0.147969,131072,4001,0.030525,0,0,3
125,host-17,1,0,14,1,0,0,0.052875,0,32000,1692,0.052875,131072,2022,0.015427,0,0,1
125,host-18,2,0,14,2,0,0,0.115500,0,32000,3696,0.115500,131072,3927,0.029961,0,0,2
125,host-19,2,0,14,2,0,0,0.092750,0,32000,2968,0.092750,131072,3799,0.028984,0,0,2
125,host-2,2,0,14,2,0,0,0.115687,0,32000,3702,0.115687,131072,3539,0.027000,0,0,2
125,host-20,2,0,14,2,0,0,0.111281,0,32000,3561,0.111281,131072,3109,0.023720,0,0,2
125,host-21,2,0,14,2,0,0,0.122969,0,32000,3935,0.122969,131072,4532,0.034576,0,0,2
125,host-22,2,0,14,2,0,0,0.092344,0,32000,2955,0.092344,131072,3433,0.026192,0,0,2
125,host-23,2,0,14,2,0,0,0.092750,0,32000,2968,0.092750,131072,3284,0.025055,0,0,2
125,host-24,2,0,14,2,0,0,0.138000,0,32000,4416,0.138000,131072,4812,0.036713,0,0,2
125,host-3,2,1,14,2,1,0,0.104188,0,32000,3334,0.104188,131072,4164,0.031769,1,0,1
125,host-4,3,0,14,3,0,0,0.148625,0,32000,4756,0.148625,131072,3860,0.029449,0,0,3
125,host-5,3,0,14,3,0,0,0.118156,0,32000,3781,0.118156,131072,3711,0.028313,0,0,3
125,host-6,2,0,14,2,0,0,0.124406,0,32000,3981,0.124406,131072,3906,0.029800,0,0,2
125,host-7,2,0,14,2,0,0,0.094375,0,32000,3020,0.094375,131072,2995,0.022850,0,0,2
125,host-8,1,0,14,1,0,0,0.052937,0,32000,1694,0.052937,131072,2261,0.017250,0,0,1
125,host-9,2,0,14,2,0,0,0.101625,0,32000,3252,0.101625,131072,2266,0.017288,0,0,2
126,host-1,2,0,14,2,0,0,0.063156,0,32000,2021,0.063156,131072,1657,0.012642,0,0,2
126,host-10,1,0,14,1,0,0,0.062156,0,32000,1989,0.062156,131072,1467,0.011192,0,0,1
126,host-11,2,0,14,2,0,0,0.110656,0,32000,3541,0.110656,131072,3329,0.025398,0,0,2
126,host-12,3,0,14,3,0,0,0.138219,0,32000,4423,0.138219,131072,4728,0.036072,0,0,3
126,host-13,4,0,14,4,0,0,0.142469,0,32000,4559,0.142469,131072,4077,0.031105,0,0,4
126,host-14,3,0,14,3,0,0,0.116437,0,32000,3726,0.116437,131072,3231,0.024651,0,0,3
126,host-15,2,0,14,2,0,0,0.117344,0,32000,3755,0.117344,131072,3829,0.029213,0,0,2
126,host-16,3,1,14,3,1,0,0.147969,0,32000,4735,0.147969,131072,4001,0.030525,0,1,2
126,host-17,1,0,14,1,0,0,0.052875,0,32000,1692,0.052875,131072,2022,0.015427,0,0,1
126,host-18,2,0,14,2,0,0,0.115500,0,32000,3696,0.115500,131072,3927,0.029961,0,0,2
126,host-19,2,0,14,2,0,0,0.092750,0,32000,2968,0.092750,131072,3799,0.028984,0,0,2
126,host-2,2,0,14,2,0,0,0.115687,0,32000,3702,0.115687,131072,3539,0.027000,0,0,2
126,host-20,2,0,14,2,0,0,0.111281,0,32000,3561,0.111281,131072,3109,0.023720,0,0,2
126,host-21,2,0,14,2,0,0,0.122969,0,32000,3935,0.122969,131072,4532,0.034576,0,0,2
126,host-22,2,0,14,2,0,0,0.092344,0,32000,2955,0.092344,131072,3433,0.026192,0,0,2
126,host-23,2,0,14,2,0,0,0.092750,0,32000,2968,0.092750,131072,3284,0.025055,0,0,2
126,host-24,2,0,14,2,0,0,0.138000,0,32000,4416,0.138000,131072,4812,0.036713,0,0,2
126,host-3,2,0,14,2,0,0,0.104188,0,32000,3334,0.104188,131072,4164,0.031769,0,0,2
126,host-4,3,0,14,3,0,0,0.148625,0,32000,4756,0.148625,131072,3860,0.029449,0,0,3
126,host-5,3,0,14,3,0,0,0.118156,0,32000,3781,0.118156,131072,3711,0.028313,0,0,3
126,host-6,2,1,14,2,1,0,0.124406,0,32000,3981,0.124406,131072,3906,0.029800,0,1,1
126,host-7,2,0,14,2,0,0,0.094375,0,32000,3020,0.094375,131072,2995,0.022850,0,0,2
126,host-8,1,0,14,1,0,0,0.052937,0,32000,1694,0.052937,131072,2261,0.017250,0,0,1
126,host-9,2,0,14,2,0,0,0.101625,0,32000,3252,0.101625,131072,2266,0.017288,0,0,2
127,host-1,2,0,14,2,0,0,0.063156,0,32000,2021,0.063156,131072,1657,0.012642,0,0,2
127,host-10,1,0,14,1,0,0,0.062156,0,32000,1989,0.062156,131072,1467,0.011192,0,0,1
127,host-11,2,0,14,2,0,0,0.110656,0,32000,3541,0.110656,131072,3329,0.025398,0,0,2
127,host-12,3,0,14,3,0,0,0.138219,0,32000,4423,0.138219,131072,4728,0.036072,0,0,3
127,host-13,4,0,14,4,0,0,0.142469,0,32000,4559,0.142469,131072,4077,0.031105,0,0,4
127,host-14,3,0,14,3,0,0,0.116437,0,32000,3726,0.116437,131072,3231,0.024651,0,0,3
127,host-15,2,0,14,2,0,0,0.117344,0,32000,3755,0.117344,131072,3829,0.029213,0,0,2
127,host-16,3,0,14,3,0,0,0.147969,0,32000,4735,0.147969,131072,4001,0.030525,0,0,3
127,host-17,1,0,14,1,0,0,0.052875,0,32000,1692,0.052875,131072,2022,0.015427,0,0,1
127,host-18,2,0,14,2,0,0,0.115500,0,32000,3696,0.115500,131072,3927,0.029961,0,0,2
127,host-19,2,0,14,2,0,0,0.092750,0,32000,2968,0.092750,131072,3799,0.028984,0,0,2
127,host-2,2,0,14,2,0,0,0.115687,0,32000,3702,0.115687,131072,3539,0.027000,0,0,2
127,host-20,2,0,14,2,0,0,0.111281,0,32000,3561,0.111281,131072,3109,0.023720,0,0,2
127,host-21,2,0,14,2,0,0,0.122969,0,32000,3935,0.122969,131072,4532,0.034576,0,0,2
127,host-22,2,0,14,2,0,0,0.092344,0,32000,2955,0.092344,131072,3433,0.026192,0,0,2
127,host-23,2,0,14,2,0,0,0.092750,0,32000,2968,0.092750,131072,3284,0.025055,0,0,2
127,host-24,2,0,14,2,0,0,0.138000,0,32000,4416,0.138000,131072,4812,0.036713,0,0,2
127,host-3,2,0,14,2,0,0,0.104188,0,32000,3334,0.104188,131072,4164,0.031769,0,0,2
127,host-4,3,0,14,3,0,0,0.148625,0,32000,4756,0.148625,131072,3860,0.029449,0,0,3
127,host-5,3,0,14,3,0,0,0.118156,0,32000,3781,0.118156,131072,3711,0.028313,0,0,3
127,host-6,2,0,14,2,0,0,0.124406,0,32000,3981,0.124406,131072,3906,0.029800,0,0,2
127,host-7,1,0,14,1,0,0,0.035187,0,32000,1126,0.035187,131072,916,0.006989,0,0,1
127,host-8,1,0,14,1,0,0,0.052937,0,32000,1694,0.052937,131072,2261,0.017250,0,0,1
127,host-9,2,0,14,2,0,0,0.101625,0,32000,3252,0.101625,131072,2266,0.017288,0,0,2
128,host-1,2,0,14,2,0,0,0.063156,0,32000,2021,0.063156,131072,1657,0.012642,0,0,2
128,host-10,1,0,14,1,0,0,0.062156,0,32000,1989,0.062156,131072,1467,0.011192,0,0,1
128,host-11,2,0,14,2,0,0,0.110656,0,32000,3541,0.110656,131072,3329,0.025398,0,0,2
128,host-12,3,0,14,3,0,0,0.138219,0,32000,4423,0.138219,131072,4728,0.036072,0,0,3
128,host-13,4,0,14,4,0,0,0.142469,0,32000,4559,0.142469,131072,4077,0.031105,0,0,4
128,host-14,3,0,14,3,0,0,0.116437,0,32000,3726,0.116437,131072,3231,0.024651,0,0,3
128,host-15,2,0,14,2,0,0,0.117344,0,32000,3755,0.117344,131072,3829,0.029213,0,0,2
128,host-16,3,0,14,3,0,0,0.147969,0,32000,4735,0.147969,131072,4001,0.030525,0,0,3
128,host-17,1,0,14,1,0,0,0.052875,0,32000,1692,0.052875,131072,2022,0.015427,0,0,1
128,host-18,2,0,14,2,0,0,0.115500,0,32000,3696,0.115500,131072,3927,0.029961,0,0,2
128,host-19,2,0,14,2,0,0,0.092750,0,32000,2968,0.092750,131072,3799,0.028984,0,0,2
128,host-2,2,0,14,2,0,0,0.115687,0,32000,3702,0.115687,131072,3539,0.027000,0,0,2
128,host-20,2,0,14,2,0,0,0.111281,0,32000,3561,0.111281,131072,3109,0.023720,0,0,2
128,host-21,2,0,14,2,0,0,0.122969,0,32000,3935,0.122969,131072,4532,0.034576,0,0,2
128,host-22,2,0,14,2,0,0,0.092344,0,32000,2955,0.092344,131072,3433,0.026192,0,0,2
128,host-23,2,0,14,2,0,0,0.092750,0,32000,2968,0.092750,131072,3284,0.025055,0,0,2
128,host-24,2,0,14,2,0,0,0.138000,0,32000,4416,0.138000,131072,4812,0.036713,0,0,2
128,host-3,2,0,14,2,0,0,0.104188,0,32000,3334,0.104188,131072,4164,0.031769,0,0,2
128,host-4,2,0,14,2,0,0,0.112125,0,32000,3588,0.112125,131072,3510,0.026779,0,0,2
128,host-5,3,0,14,3,0,0,0.118156,0,32000,3781,0.118156,131072,3711,0.028313,0,0,3
128,host-6,2,0,14,2,0,0,0.124406,0,32000,3981,0.124406,131072,3906,0.029800,0,0,2
128,host-7,1,0,14,1,0,0,0.035187,0,32000,1126,0.035187,131072,916,0.006989,0,0,1
128,host-8,1,0,14,1,0,0,0.052937,0,32000,1694,0.052937,131072,2261,0.017250,0,0,1
128,host-9,2,0,14,2,0,0,0.101625,0,32000,3252,0.101625,131072,2266,0.017288,0,0,2
129,host-1,2,0,14,2,0,0,0.063156,0,32000,2021,0.063156,131072,1657,0.012642,0,0,2
129,host-10,1,0,14,1,0,0,0.062156,0,32000,1989,0.062156,131072,1467,0.011192,0,0,1
129,host-11,2,0,14,2,0,0,0.110656,0,32000,3541,0.110656,131072,3329,0.025398,0,0,2
129,host-12,3,0,14,3,0,0,0.138219,0,32000,4423,0.138219,131072,4728,0.036072,0,0,3
129,host-13,4,0,14,4,0,0,0.142469,0,32000,4559,0.142469,131072,4077,0.031105,0,0,4
129,host-14,3,0,14,3,0,0,0.116437,0,32000,3726,0.116437,131072,3231,0.024651,0,0,3
129,host-15,2,0,14,2,0,0,0.117344,0,32000,3755,0.117344,131072,3829,0.029213,0,0,2
129,host-16,3,0,14,3,0,0,0.147969,0,32000,4735,0.147969,131072,4001,0.030525,0,0,3
129,host-17,1,0,14,1,0,0,0.052875,0,32000,1692,0.052875,131072,2022,0.015427,0,0,1
129,host-18,2,0,14,2,0,0,0.115500,0,32000,3696,0.115500,131072,3927,0.029961,0,0,2
129,host-19,2,0,14,2,0,0,0.092750,0,32000,2968,0.092750,131072,3799,0.028984,0,0,2
129,host-2,2,0,14,2,0,0,0.115687,0,32000,3702,0.115687,131072,3539,0.027000,0,0,2
129,host-20,2,0,14,2,0,0,0.111281,0,32000,3561,0.111281,131072,3109,0.023720,0,0,2
129,host-21,2,0,14,2,0,0,0.122969,0,32000,3935,0.122969,131072,4532,0.034576,0,0,2
129,host-22,2,0,14,2,0,0,0.092344,0,32000,2955,0.092344,131072,3433,0.026192,0,0,2
129,host-23,2,0,14,2,0,0,0.092750,0,32000,2968,0.092750,131072,3284,0.025055,0,0,2
129,host-24,2,0,14,2,0,0,0.138000,0,32000,4416,0.138000,131072,4812,0.036713,0,0,2
129,host-3,2,0,14,2,0,0,0.104188,0,32000,3334,0.104188,131072,4164,0.031769,0,0,2
129,host-4,2,0,14,2,0,0,0.112125,0,32000,3588,0.112125,131072,3510,0.026779,0,0,2
129,host-5,3,0,14,3,0,0,0.118156,0,32000,3781,0.118156,131072,3711,0.028313,0,0,3
129,host-6,2,0,14,2,0,0,0.124406,0,32000,3981,0.124406,131072,3906,0.029800,0,0,2
129,host-7,1,0,14,1,0,0,0.035187,0,32000,1126,0.035187,131072,916,0.006989,0,0,1
129,host-8,1,0,14,1,0,0,0.052937,0,32000,1694,0.052937,131072,2261,0.017250,0,0,1
129,host-9,2,0,14,2,0,0,0.101625,0,32000,3252,0.101625,131072,2266,0.017288,0,0,2
130,host-1,2,0,14,2,0,0,0.063156,0,32000,2021,0.063156,131072,1657,0.012642,0,0,2
130,host-10,1,0,14,1,0,0,0.062156,0,32000,1989,0.062156,131072,1467,0.011192,0,0,1
130,host-11,2,0,14,2,0,0,0.110656,0,32000,3541,0.110656,131072,3329,0.025398,0,0,2
130,host-12,3,0,14,3,0,0,0.138219,0,32000,4423,0.138219,131072,4728,0.036072,0,0,3
130,host-13,4,0,14,4,0,0,0.142469,0,32000,4559,0.142469,131072,4077,0.031105,0,0,4
130,host-14,3,0,14,3,0,0,0.116437,0,32000,3726,0.116437,131072,3231,0.024651,0,0,3
130,host-15,2,0,14,2,0,0,0.117344,0,32000,3755,0.117344,131072,3829,0.029213,0,0,2
130,host-16,2,0,14,2,0,0,0.093406,0,32000,2989,0.093406,131072,2752,0.020996,0,0,2
130,host-17,1,0,14,1,0,0,0.052875,0,32000,1692,0.052875,131072,2022,0.015427,0,0,1
130,host-18,2,0,14,2,0,0,0.115500,0,32000,3696,0.115500,131072,3927,0.029961,0,0,2
130,host-19,2,0,14,2,0,0,0.092750,0,32000,2968,0.092750,131072,3799,0.028984,0,0,2
130,host-2,2,0,14,2,0,0,0.115687,0,32000,3702,0.115687,131072,3539,0.027000,0,0,2
130,host-20,2,0,14,2,0,0,0.111281,0,32000,3561,0.111281,131072,3109,0.023720,0,0,2
130,host-21,2,0,14,2,0,0,0.122969,0,32000,3935,0.122969,131072,4532,0.034576,0,0,2
130,host-22,2,0,14,2,0,0,0.092344,0,32000,2955,0.092344,131072,3433,0.026192,0,0,2
130,host-23,2,0,14,2,0,0,0.092750,0,32000,2968,0.092750,131072,3284,0.025055,0,0,2
130,host-24,2,0,14,2,0,0,0.138000,0,32000,4416,0.138000,131072,4812,0.036713,0,0,2
130,host-3,2,0,14,2,0,0,0.104188,0,32000,3334,0.104188,131072,4164,0.031769,0,0,2
130,host-4,2,0,14,2,0,0,0.112125,0,32000,3588,0.112125,131072,3510,0.026779,0,0,2
130,host-5,3,0,14,3,0,0,0.118156,0,32000,3781,0.118156,131072,3711,0.028313,0,0,3
130,host-6,2,0,14,2,0,0,0.124406,0,32000,3981,0.124406,131072,3906,0.029800,0,0,2
130,host-7,1,0,14,1,0,0,0.035187,0,32000,1126,0.035187,131072,916,0.006989,0,0,1
130,host-8,1,0,14,1,0,0,0.052937,0,32000,1694,0.052937,131072,2261,0.017250,0,0,1
130,host-9,2,0,14,2,0,0,0.101625,0,32000,3252,0.101625,131072,2266,0.017288,0,0,2
131,host-1,2,0,14,2,0,0,0.063156,0,32000,2021,0.063156,131072,1657,0.012642,0,0,2
131,host-10,0,0,14,0,0,0,0.000000,0,32000,0,0.000000,131072,0,0.000000,0,0,0
131,host-11,2,0,14,2,0,0,0.110656,0,32000,3541,0.110656,131072,3329,0.025398,0,0,2
131,host-12,3,0,14,3,0,0,0.138219,0,32000,4423,0.138219,131072,4728,0.036072,0,0,3
131,host-13,4,0,14,4,0,0,0.142469,0,32000,4559,0.142469,131072,4077,0.031105,0,0,4
131,host-14,3,0,14,3,0,0,0.116437,0,32000,3726,0.116437,131072,3231,0.024651,0,0,3
131,host-15,2,0,14,2,0,0,0.117344,0,32000,3755,0.117344,131072,3829,0.029213,0,0,2
131,host-16,2,0,14,2,0,0,0.093406,0,32000,2989,0.093406,131072,2752,0.020996,0,0,2
131,host-17,0,0,14,0,0,0,0.000000,0,32000,0,0.000000,131072,0,0.000000,0,0,0
131,host-18,2,0,14,2,0,0,0.115500,0,32000,3696,0.115500,131072,3927,0.029961,0,0,2
131,host-19,2,0,14,2,0,0,0.092750,0,32000,2968,0.092750,131072,3799,0.028984,0,0,2
131,host-2,2,0,14,2,0,0,0.115687,0,32000,3702,0.115687,131072,3539,0.027000,0,0,2
131,host-20,2,0,14,2,0,0,0.111281,0,32000,3561,0.111281,131072,3109,0.023720,0,0,2
131,host-21,2,0,14,2,0,0,0.122969,0,32000,3935,0.122969,131072,4532,0.034576,0,0,2
131,host-22,2,0,14,2,0,0,0.092344,0,32000,2955,0.092344,131072,3433,0.026192,0,0,2
131,host-23,2,0,14,2,0,0,0.092750,0,32000,2968,0.092750,131072,3284,0.025055,0,0,2
131,host-24,1,0,14,1,0,0,0.072156,0,32000,2309,0.072156,131072,2949,0.022499,0,0,1
131,host-3,2,0,14,2,0,0,0.104188,0,32000,3334,0.104188,131072,4164,0.031769,0,0,2
131,host-4,2,0,14,2,0,0,0.112125,0,32000,3588,0.112125,131072,3510,0.026779,0,0,2
131,host-5,3,0,14,3,0,0,0.118156,0,32000,3781,0.118156,131072,3711,0.028313,0,0,3
131,host-6,2,0,14,2,0,0,0.124406,0,32000,3981,0.124406,131072,3906,0.029800,0,0,2
131,host-7,1,0,14,1,0,0,0.035187,0,32000,1126,0.035187,131072,916,0.006989,0,0,1
131,host-8,1,0,14,1,0,0,0.052937,0,32000,1694,0.052937,131072,2261,0.017250,0,0,1
131,host-9,1,0,14,1,0,0,0.058344,0,32000,1867,0.058344,131072,1188,0.009064,0,0,1
132,host-1,2,0,14,2,0,0,0.063156,0,32000,2021,0.063156,131072,1657,0.012642,0,0,2
132,host-10,0,0,14,0,0,0,0.000000,0,32000,0,0.000000,131072,0,0.000000,0,0,0
132,host-11,1,0,14,1,0,0,0.042531,0,32000,1361,0.042531,131072,598,0.004562,0,0,1
132,host-12,2,0,14,2,0,0,0.102969,0,32000,3295,0.102969,131072,3098,0.023636,0,0,2
132,host-13,4,0,14,4,0,0,0.142469,0,32000,4559,0.142469,131072,4077,0.031105,0,0,4
132,host-14,2,0,14,2,0,0,0.082344,0,32000,2635,0.082344,131072,1771,0.013512,0,0,2
132,host-15,2,0,14,2,0,0,0.117344,0,32000,3755,0.117344,131072,3829,0.029213,0,0,2
132,host-16,2,0,14,2,0,0,0.093406,0,32000,2989,0.093406,131072,2752,0.020996,0,0,2
132,host-17,0,0,14,0,0,0,0.000000,0,32000,0,0.000000,131072,0,0.000000,0,0,0
132,host-18,2,0,14,2,0,0,0.115500,0,32000,3696,0.115500,131072,3927,0.029961,0,0,2
132,host-19,2,0,14,2,0,0,0.092750,0,32000,2968,0.092750,131072,3799,0.028984,0,0,2
132,host-2,2,0,14,2,0,0,0.115687,0,32000,3702,0.115687,131072,3539,0.027000,0,0,2
132,host-20,2,0,14,2,0,0,0.111281,0,32000,3561,0.111281,131072,3109,0.023720,0,0,2
132,host-21,2,0,14,2,0,0,0.122969,0,32000,3935,0.122969,131072,4532,0.034576,0,0,2
132,host-22,2,0,14,2,0,0,0.092344,0,32000,2955,0.092344,131072,3433,0.026192,0,0,2
132,host-23,2,0,14,2,0,0,0.092750,0,32000,2968,0.092750,131072,3284,0.025055,0,0,2
132,host-24,1,0,14,1,0,0,0.072156,0,32000,2309,0.072156,131072,2949,0.022499,0,0,1
132,host-3,2,0,14,2,0,0,0.104188,0,32000,3334,0.104188,131072,4164,0.031769,0,0,2
132,host-4,2,0,14,2,0,0,0.112125,0,32000,3588,0.112125,131072,3510,0.026779,0,0,2
132,host-5,3,0,14,3,0,0,0.118156,0,32000,3781,0.118156,131072,3711,0.028313,0,0,3
132,host-6,2,0,14,2,0,0,0.124406,0,32000,3981,0.124406,131072,3906,0.029800,0,0,2
132,host-7,0,0,14,0,0,0,0.000000,0,32000,0,0.000000,131072,0,0.000000,0,0,0
132,host-8,0,0,14,0,0,0,0.000000,0,32000,0,0.000000,131072,0,0.000000,0,0,0
132,host-9,1,0,14,1,0,0,0.058344,0,32000,1867,0.058344,131072,1188,0.009064,0,0,1
133,host-1,2,0,14,2,0,0,0.063156,0,32000,2021,0.063156,131072,1657,0.012642,0,0,2
133,host-10,0,0,14,0,0,0,0.000000,0,32000,0,0.000000,131072,0,0.000000,0,0,0
133,host-11,1,0,14,1,0,0,0.042531,0,32000,1361,0.042531,131072,598,0.004562,0,0,1
133,host-12,2,0,14,2,0,0,0.102969,0,32000,3295,0.102969,131072,3098,0.023636,0,0,2
133,host-13,4,0,14,4,0,0,0.142469,0,32000,4559,0.142469,131072,4077,0.031105,0,0,4
133,host-14,2,0,14,2,0,0,0.082344,0,32000,2635,0.082344,131072,1771,0.013512,0,0,2
133,host-15,2,0,14,2,0,0,0.117344,0,32000,3755,0.117344,131072,3829,0.029213,0,0,2
133,host-16,2,0,14,2,0,0,0.093406,0,32000,2989,0.093406,131072,2752,0.020996,0,0,2
133,host-17,0,0,14,0,0,0,0.000000,0,32000,0,0.000000,131072,0,0.000000,0,0,0
133,host-18,2,0,14,2,0,0,0.115500,0,32000,3696,0.115500,131072,3927,0.029961,0,0,2
133,host-19,2,0,14,2,0,0,0.092750,0,32000,2968,0.092750,131072,3799,0.028984,0,0,2
133,host-2,2,0,14,2,0,0,0.115687,0,32000,3702,0.115687,131072,3539,0.027000,0,0,2
133,host-20,2,0,14,2,0,0,0.111281,0,32000,3561,0.111281,131072,3109,0.023720,0,0,2
133,host-21,1,0,14,1,0,0,0.072156,0,32000,2309,0.072156,131072,2949,0.022499,0,0,1
133,host-22,2,0,14,2,0,0,0.092344,0,32000,2955,0.092344,131072,3433,0.026192,0,0,2
133,host-23,1,0,14,1,0,0,0.029562,0,32000,946,0.029562,131072,1015,0.007744,0,0,1
133,host-24,1,0,14,1,0,0,0.072156,0,32000,2309,0.072156,131072,2949,0.022499,0,0,1
133,host-3,2,0,14,2,0,0,0.104188,0,32000,3334,0.104188,131072,4164,0.031769,0,0,2
133,host-4,1,0,14,1,0,0,0.073781,0,32000,2361,0.073781,131072,2606,0.019882,0,0,1
133,host-5,3,0,14,3,0,0,0.118156,0,32000,3781,0.118156,131072,3711,0.028313,0,0,3
133,host-6,2,0,14,2,0,0,0.124406,0,32000,3981,0.124406,131072,3906,0.029800,0,0,2
133,host-7,0,0,14,0,0,0,0.000000,0,32000,0,0.000000,131072,0,0.000000,0,0,0
133,host-8,0,0,14,0,0,0,0.000000,0,32000,0,0.000000,131072,0,0.000000,0,0,0
133,host-9,1,0,14,1,0,0,0.058344,0,32000,1867,0.058344,131072,1188,0.009064,0,0,1
134,host-1,2,0,14,2,0,0,0.063156,0,32000,2021,0.063156,131072,1657,0.012642,0,0,2
134,host-10,0,0,14,0,0,0,0.000000,0,32000,0,0.000000,131072,0,0.000000,0,0,0
134,host-11,1,0,14,1,0,0,0.042531,0,32000,1361,0.042531,131072,598,0.004562,0,0,1
134,host-12,2,0,14,2,0,0,0.102969,0,32000,3295,0.102969,131072,3098,0.023636,0,0,2
134,host-13,4,0,14,4,0,0,0.142469,0,32000,4559,0.142469,131072,4077,0.031105,0,0,4
134,host-14,2,0,14,2,0,0,0.082344,0,32000,2635,0.082344,131072,1771,0.013512,0,0,2
134,host-15,2,0,14,2,0,0,0.117344,0,32000,3755,0.117344,131072,3829,0.029213,0,0,2
134,host-16,2,0,14,2,0,0,0.093406,0,32000,2989,0.093406,131072,2752,0.020996,0,0,2
134,host-17,0,0,14,0,0,0,0.000000,0,32000,0,0.000000,131072,0,0.000000,0,0,0
134,host-18,2,0,14,2,0,0,0.115500,0,32000,3696,0.115500,131072,3927,0.029961,0,0,2
134,host-19,2,0,14,2,0,0,0.092750,0,32000,2968,0.092750,131072,3799,0.028984,0,0,2
134,host-2,2,0,14,2,0,0,0.115687,0,32000,3702,0.115687,131072,3539,0.027000,0,0,2
134,host-20,2,0,14,2,0,0,0.111281,0,32000,3561,0.111281,131072,3109,0.023720,0,0,2
134,host-21,1,0,14,1,0,0,0.072156,0,32000,2309,0.072156,131072,2949,0.022499,0,0,1
134,host-22,2,0,14,2,0,0,0.092344,0,32000,2955,0.092344,131072,3433,0.026192,0,0,2
134,host-23,1,0,14,1,0,0,0.029562,0,32000,946,0.029562,131072,1015,0.007744,0,0,1
134,host-24,1,0,14,1,0,0,0.072156,0,32000,2309,0.072156,131072,2949,0.022499,0,0,1
134,host-3,2,0,14,2,0,0,0.104188,0,32000,3334,0.104188,131072,4164,0.031769,0,0,2
134,host-4,1,0,14,1,0,0,0.073781,0,32000,2361,0.073781,131072,2606,0.019882,0,0,1
134,host-5,3,0,14,3,0,0,0.118156,0,32000,3781,0.118156,131072,3711,0.028313,0,0,3
134,host-6,2,0,14,2,0,0,0.124406,0,32000,3981,0.124406,131072,3906,0.029800,0,0,2
134,host-7,1,1,14,1,1,0,0.056438,0,32000,1806,0.056438,131072,2124,0.016205,1,0,0
134,host-8,0,0,14,0,0,0,0.000000,0,32000,0,0.000000,131072,0,0.000000,0,0,0
134,host-9,1,0,14,1,0,0,0.058344,0,32000,1867,0.058344,131072,1188,0.009064,0,0,1
135,host-1,2,0,14,2,0,0,0.063156,0,32000,2021,0.063156,131072,1657,0.012642,0,0,2
135,host-10,0,0,14,0,0,0,0.000000,0,32000,0,0.000000,131072,0,0.000000,0,0,0
135,host-11,1,0,14,1,0,0,0.042531,0,32000,1361,0.042531,131072,598,0.004562,0,0,1
135,host-12,2,0,14,2,0,0,0.102969,0,32000,3295,0.102969,131072,3098,0.023636,0,0,2
135,host-13,4,0,14,4,0,0,0.142469,0,32000,4559,0.142469,131072,4077,0.031105,0,0,4
135,host-14,2,0,14,2,0,0,0.082344,0,32000,2635,0.082344,131072,1771,0.013512,0,0,2
135,host-15,2,0,14,2,0,0,0.117344,0,32000,3755,0.117344,131072,3829,0.029213,0,0,2
135,host-16,2,0,14,2,0,0,0.093406,0,32000,2989,0.093406,131072,2752,0.020996,0,0,2
135,host-17,0,0,14,0,0,0,0.000000,0,32000,0,0.000000,131072,0,0.000000,0,0,0
135,host-18,2,0,14,2,0,0,0.115500,0,32000,3696,0.115500,131072,3927,0.029961,0,0,2
135,host-19,2,0,14,2,0,0,0.092750,0,32000,2968,0.092750,131072,3799,0.028984,0,0,2
135,host-2,2,0,14,2,0,0,0.115687,0,32000,3702,0.115687,131072,3539,0.027000,0,0,2
135,host-20,2,0,14,2,0,0,0.111281,0,32000,3561,0.111281,131072,3109,0.023720,0,0,2
135,host-21,1,0,14,1,0,0,0.072156,0,32000,2309,0.072156,131072,2949,0.022499,0,0,1
135,host-22,2,0,14,2,0,0,0.092344,0,32000,2955,0.092344,131072,3433,0.026192,0,0,2
135,host-23,1,0,14,1,0,0,0.029562,0,32000,946,0.029562,131072,1015,0.007744,0,0,1
135,host-24,1,0,14,1,0,0,0.072156,0,32000,2309,0.072156,131072,2949,0.022499,0,0,1
135,host-3,2,0,14,2,0,0,0.104188,0,32000,3334,0.104188,131072,4164,0.031769,0,0,2
135,host-4,1,0,14,1,0,0,0.073781,0,32000,2361,0.073781,131072,2606,0.019882,0,0,1
135,host-5,3,1,14,3,1,0,0.118156,0,32000,3781,0.118156,131072,3711,0.028313,0,1,2
135,host-6,2,0,14,2,0,0,0.124406,0,32000,3981,0.124406,131072,3906,0.029800,0,0,2
135,host-7,1,0,14,1,0,0,0.056438,0,32000,1806,0.056438,131072,2124,0.016205,0,0,1
135,host-8,0,0,14,0,0,0,0.000000,0,32000,0,0.000000,131072,0,0.000000,0,0,0
135,host-9,1,0,14,1,0,0,0.058344,0,32000,1867,0.058344,131072,1188,0.009064,0,0,1
136,host-1,2,0,14,2,0,0,0.063156,0,32000,2021,0.063156,131072,1657,0.012642,0,0,2
136,host-10,0,0,14,0,0,0,0.000000,0,32000,0,0.000000,131072,0,0.000000,0,0,0
136,host-11,1,0,14,1,0,0,0.042531,0,32000,1361,0.042531,131072,598,0.004562,0,0,1
136,host-12,2,0,14,2,0,0,0.102969,0,32000,3295,0.102969,131072,3098,0.023636,0,0,2
136,host-13,4,0,14,4,0,0,0.142469,0,32000,4559,0.142469,131072,4077,0.031105,0,0,4
136,host-14,2,0,14,2,0,0,0.082344,0,32000,2635,0.082344,131072,1771,0.013512,0,0,2
136,host-15,2,0,14,2,0,0,0.117344,0,32000,3755,0.117344,131072,3829,0.029213,0,0,2
136,host-16,2,0,14,2,0,0,0.093406,0,32000,2989,0.093406,131072,2752,0.020996,0,0,2
136,host-17,0,0,14,0,0,0,0.000000,0,32000,0,0.000000,131072,0,0.000000,0,0,0
136,host-18,2,0,14,2,0,0,0.115500,0,32000,3696,0.115500,131072,3927,0.029961,0,0,2
136,host-19,2,0,14,2,0,0,0.092750,0,32000,2968,0.092750,131072,3799,0.028984,0,0,2
136,host-2,2,0,14,2,0,0,0.115687,0,32000,3702,0.115687,131072,3539,0.027000,0,0,2
136,host-20,2,0,14,2,0,0,0.111281,0,32000,3561,0.111281,131072,3109,0.023720,0,0,2
136,host-21,1,0,14,1,0,0,0.072156,0,32000,2309,0.072156,131072,2949,0.022499,0,0,1
136,host-22,2,0,14,2,0,0,0.092344,0,32000,2955,0.092344,131072,3433,0.026192,0,0,2
136,host-23,1,0,14,1,0,0,0.029562,0,32000,946,0.029562,131072,1015,0.007744,0,0,1
136,host-24,1,0,14,1,0,0,0.072156,0,32000,2309,0.072156,131072,2949,0.022499,0,0,1
136,host-3,2,0,14,2,0,0,0.104188,0,32000,3334,0.104188,131072,4164,0.031769,0,0,2
136,host-4,1,0,14,1,0,0,0.073781,0,32000,2361,0.073781,131072,2606,0.019882,0,0,1
136,host-5,3,0,14,3,0,0,0.118156,0,32000,3781,0.118156,131072,3711,0.028313,0,0,3
136,host-6,2,0,14,2,0,0,0.124406,0,32000,3981,0.124406,131072,3906,0.029800,0,0,2
136,host-7,1,0,14,1,0,0,0.056438,0,32000,1806,0.056438,131072,2124,0.016205,0,0,1
136,host-8,0,0,14,0,0,0,0.000000,0,32000,0,0.000000,131072,0,0.000000,0,0,0
136,host-9,1,0,14,1,0,0,0.058344,0,32000,1867,0.058344,131072,1188,0.009064,0,0,1
137,host-1,2,0,14,2,0,0,0.063156,0,32000,2021,0.063156,131072,1657,0.012642,0,0,2
137,host-10,0,0,14,0,0,0,0.000000,0,32000,0,0.000000,131072,0,0.000000,0,0,0
137,host-11,1,0,14,1,0,0,0.042531,0,32000,1361,0.042531,131072,598,0.004562,0,0,1
137,host-12,2,0,14,2,0,0,0.102969,0,32000,3295,0.102969,131072,3098,0.023636,0,0,2
137,host-13,4,0,14,4,0,0,0.142469,0,32000,4559,0.142469,131072,4077,0.031105,0,0,4
137,host-14,2,0,14,2,0,0,0.082344,0,32000,2635,0.082344,131072,1771,0.013512,0,0,2
137,host-15,2,0,14,2,0,0,0.117344,0,32000,3755,0.117344,131072,3829,0.029213,0,0,2
137,host-16,2,1,14,2,1,0,0.093406,0,32000,2989,0.093406,131072,2752,0.020996,0,1,1
137,host-17,0,0,14,0,0,0,0.000000,0,32000,0,0.000000,131072,0,0.000000,0,0,0
137,host-18,2,0,14,2,0,0,0.115500,0,32000,3696,0.115500,131072,3927,0.029961,0,0,2
137,host-19,1,0,14,1,0,0,0.056906,0,32000,1821,0.056906,131072,2304,0.017578,0,0,1
137,host-2,2,0,14,2,0,0,0.115687,0,32000,3702,0.115687,131072,3539,0.027000,0,0,2
137,host-20,2,0,14,2,0,0,0.111281,0,32000,3561,0.111281,131072,3109,0.023720,0,0,2
137,host-21,1,0,14,1,0,0,0.072156,0,32000,2309,0.072156,131072,2949,0.022499,0,0,1
137,host-22,2,0,14,2,0,0,0.092344,0,32000,2955,0.092344,131072,3433,0.026192,0,0,2
137,host-23,1,0,14,1,0,0,0.029562,0,32000,946,0.029562,131072,1015,0.007744,0,0,1
137,host-24,1,0,14,1,0,0,0.072156,0,32000,2309,0.072156,131072,2949,0.022499,0,0,1
137,host-3,2,0,14,2,0,0,0.104188,0,32000,3334,0.104188,131072,4164,0.031769,0,0,2
137,host-4,1,0,14,1,0,0,0.073781,0,32000,2361,0.073781,131072,2606,0.019882,0,0,1
137,host-5,3,0,14,3,0,0,0.118156,0,32000,3781,0.118156,131072,3711,0.028313,0,0,3
137,host-6,2,0,14,2,0,0,0.124406,0,32000,3981,0.124406,131072,3906,0.029800,0,0,2
137,host-7,1,0,14,1,0,0,0.056438,0,32000,1806,0.056438,131072,2124,0.016205,0,0,1
137,host-8,0,0,14,0,0,0,0.000000,0,32000,0,0.000000,131072,0,0.000000,0,0,0
137,host-9,1,0,14,1,0,0,0.058344,0,32000,1867,0.058344,131072,1188,0.009064,0,0,1
138,host-1,2,0,14,2,0,0,0.063156,0,32000,2021,0.063156,131072,1657,0.012642,0,0,2
138,host-10,0,0,14,0,0,0,0.000000,0,32000,0,0.000000,131072,0,0.000000,0,0,0
138,host-11,1,0,14,1,0,0,0.042531,0,32000,1361,0.042531,131072,598,0.004562,0,0,1
138,host-12,2,0,14,2,0,0,0.102969,0,32000,3295,0.102969,131072,3098,0.023636,0,0,2
138,host-13,4,0,14,4,0,0,0.142469,0,32000,4559,0.142469,131072,4077,0.031105,0,0,4
138,host-14,2,0,14,2,0,0,0.082344,0,32000,2635,0.082344,131072,1771,0.013512,0,0,2
138,host-15,2,1,14,2,1,0,0.117344,0,32000,3755,0.117344,131072,3829,0.029213,0,1,1
138,host-16,2,0,14,2,0,0,0.093406,0,32000,2989,0.093406,131072,2752,0.020996,0,0,2
138,host-17,0,0,14,0,0,0,0.000000,0,32000,0,0.000000,131072,0,0.000000,0,0,0
138,host-18,2,1,14,2,1,0,0.115500,0,32000,3696,0.115500,131072,3927,0.029961,0,1,1
138,host-19,0,0,14,0,0,0,0.000000,0,32000,0,0.000000,131072,0,0.000000,0,0,0
138,host-2,1,0,14,1,0,0,0.071094,0,32000,2275,0.071094,131072,2314,0.017654,0,0,1
138,host-20,2,0,14,2,0,0,0.111281,0,32000,3561,0.111281,131072,3109,0.023720,0,0,2
138,host-21,0,0,14,0,0,0,0.000000,0,32000,0,0.000000,131072,0,0.000000,0,0,0
138,host-22,2,0,14,2,0,0,0.092344,0,32000,2955,0.092344,131072,3433,0.026192,0,0,2
138,host-23,1,0,14,1,0,0,0.029562,0,32000,946,0.029562,131072,1015,0.007744,0,0,1
138,host-24,1,0,14,1,0,0,0.072156,0,32000,2309,0.072156,131072,2949,0.022499,0,0,1
138,host-3,2,0,14,2,0,0,0.104188,0,32000,3334,0.104188,131072,4164,0.031769,0,0,2
138,host-4,1,0,14,1,0,0,0.073781,0,32000,2361,0.073781,131072,2606,0.019882,0,0,1
138,host-5,3,0,14,3,0,0,0.118156,0,32000,3781,0.118156,131072,3711,0.028313,0,0,3
138,host-6,2,0,14,2,0,0,0.124406,0,32000,3981,0.124406,131072,3906,0.029800,0,0,2
138,host-7,1,0,14,1,0,0,0.056438,0,32000,1806,0.056438,131072,2124,0.016205,0,0,1
138,host-8,0,0,14,0,0,0,0.000000,0,32000,0,0.000000,131072,0,0.000000,0,0,0
138,host-9,1,0,14,1,0,0,0.058344,0,32000,1867,0.058344,131072,1188,0.009064,0,0,1
139,host-1,2,0,14,2,0,0,0.063156,0,32000,2021,0.063156,131072,1657,0.012642,0,0,2
139,host-10,0,0,14,0,0,0,0.000000,0,32000,0,0.000000,131072,0,0.000000,0,0,0
139,host-11,1,0,14,1,0,0,0.042531,0,32000,1361,0.042531,131072,598,0.004562,0,0,1
139,host-12,2,0,14,2,0,0,0.102969,0,32000,3295,0.102969,131072,3098,0.023636,0,0,2
139,host-13,4,0,14,4,0,0,0.142469,0,32000,4559,0.142469,131072,4077,0.031105,0,0,4
139,host-14,2,0,14,2,0,0,0.082344,0,32000,2635,0.082344,131072,1771,0.013512,0,0,2
139,host-15,2,0,14,2,0,0,0.117344,0,32000,3755,0.117344,131072,3829,0.029213,0,0,2
139,host-16,2,0,14,2,0,0,0.093406,0,32000,2989,0.093406,131072,2752,0.020996,0,0,2
139,host-17,1,1,14,1,1,0,0.044594,0,32000,1427,0.044594,131072,1225,0.009346,1,0,0
139,host-18,2,0,14,2,0,0,0.115500,0,32000,3696,0.115500,131072,3927,0.029961,0,0,2
139,host-19,0,0,14,0,0,0,0.000000,0,32000,0,0.000000,131072,0,0.000000,0,0,0
139,host-2,1,0,14,1,0,0,0.071094,0,32000,2275,0.071094,131072,2314,0.017654,0,0,1
139,host-20,1,0,14,1,0,0,0.044875,0,32000,1436,0.044875,131072,813,0.006203,0,0,1
139,host-21,0,0,14,0,0,0,0.000000,0,32000,0,0.000000,131072,0,0.000000,0,0,0
139,host-22,2,0,14,2,0,0,0.092344,0,32000,2955,0.092344,131072,3433,0.026192,0,0,2
139,host-23,0,0,14,0,0,0,0.000000,0,32000,0,0.000000,131072,0,0.000000,0,0,0
139,host-24,0,0,14,0,0,0,0.000000,0,32000,0,0.000000,131072,0,0.000000,0,0,0
139,host-3,2,0,14,2,0,0,0.104188,0,32000,3334,0.104188,131072,4164,0.031769,0,0,2
139,host-4,1,0,14,1,0,0,0.073781,0,32000,2361,0.073781,131072,2606,0.019882,0,0,1
139,host-5,3,0,14,3,0,0,0.118156,0,32000,3781,0.118156,131072,3711,0.028313,0,0,3
139,host-6,2,0,14,2,0,0,0.124406,0,32000,3981,0.124406,131072,3906,0.029800,0,0,2
139,host-7,1,0,14,1,0,0,0.056438,0,32000,1806,0.056438,131072,2124,0.016205,0,0,1
139,host-8,0,0,14,0,0,0,0.000000,0,32000,0,0.000000,131072,0,0.000000,0,0,0
139,host-9,1,0,14,1,0,0,0.058344,0,32000,1867,0.058344,131072,1188,0.009064,0,0,1
140,host-1,2,0,14,2,0,0,0.063156,0,32000,2021,0.063156,131072,1657,0.012642,0,0,2
140,host-10,0,0,14,0,0,0,0.000000,0,32000,0,0.000000,131072,0,0.000000,0,0,0
140,host-11,1,0,14,1,0,0,0.042531,0,32000,1361,0.042531,131072,598,0.004562,0,0,1
140,host-12,2,0,14,2,0,0,0.102969,0,32000,3295,0.102969,131072,3098,0.023636,0,0,2
140,host-13,4,0,14,4,0,0,0.142469,0,32000,4559,0.142469,131072,4077,0.031105,0,0,4
140,host-14,2,0,14,2,0,0,0.082344,0,32000,2635,0.082344,131072,1771,0.013512,0,0,2
140,host-15,1,0,14,1,0,0,0.050937,0,32000,1630,0.050937,131072,1533,0.011696,0,0,1
140,host-16,2,0,14,2,0,0,0.093406,0,32000,2989,0.093406,131072,2752,0.020996,0,0,2
140,host-17,1,1,14,1,1,0,0.044594,0,32000,1427,0.044594,131072,1225,0.009346,1,0,0
140,host-18,2,0,14,2,0,0,0.115500,0,32000,3696,0.115500,131072,3927,0.029961,0,0,2
140,host-19,0,0,14,0,0,0,0.000000,0,32000,0,0.000000,131072,0,0.000000,0,0,0
140,host-2,1,0,14,1,0,0,0.071094,0,32000,2275,0.071094,131072,2314,0.017654,0,0,1
140,host-20,1,0,14,1,0,0,0.044875,0,32000,1436,0.044875,131072,813,0.006203,0,0,1
140,host-21,0,0,14,0,0,0,0.000000,0,32000,0,0.000000,131072,0,0.000000,0,0,0
140,host-22,2,0,14,2,0,0,0.092344,0,32000,2955,0.092344,131072,3433,0.026192,0,0,2
140,host-23,0,0,14,0,0,0,0.000000,0,32000,0,0.000000,131072,0,0.000000,0,0,0
140,host-24,0,0,14,0,0,0,0.000000,0,32000,0,0.000000,131072,0,0.000000,0,0,0
140,host-3,2,0,14,2,0,0,0.104188,0,32000,3334,0.104188,131072,4164,0.031769,0,0,2
140,host-4,1,0,14,1,0,0,0.073781,0,32000,2361,0.073781,131072,2606,0.019882,0,0,1
140,host-5,3,1,14,3,1,0,0.118156,0,32000,3781,0.118156,131072,3711,0.028313,0,1,2
140,host-6,2,0,14,2,0,0,0.124406,0,32000,3981,0.124406,131072,3906,0.029800,0,0,2
140,host-7,1,0,14,1,0,0,0.056438,0,32000,1806,0.056438,131072,2124,0.016205,0,0,1
140,host-8,0,0,14,0,0,0,0.000000,0,32000,0,0.000000,131072,0,0.000000,0,0,0
140,host-9,1,0,14,1,0,0,0.058344,0,32000,1867,0.058344,131072,1188,0.009064,0,0,1
141,host-1,2,0,14,2,0,0,0.063156,0,32000,2021,0.063156,131072,1657,0.012642,0,0,2
141,host-10,0,0,14,0,0,0,0.000000,0,32000,0,0.000000,131072,0,0.000000,0,0,0
141,host-11,1,0,14,1,0,0,0.042531,0,32000,1361,0.042531,131072,598,0.004562,0,0,1
141,host-12,2,0,14,2,0,0,0.102969,0,32000,3295,0.102969,131072,3098,0.023636,0,0,2
141,host-13,4,0,14,4,0,0,0.142469,0,32000,4559,0.142469,131072,4077,0.031105,0,0,4
141,host-14,2,0,14,2,0,0,0.082344,0,32000,2635,0.082344,131072,1771,0.013512,0,0,2
141,host-15,1,0,14,1,0,0,0.050937,0,32000,1630,0.050937,131072,1533,0.011696,0,0,1
141,host-16,2,0,14,2,0,0,0.093406,0,32000,2989,0.093406,131072,2752,0.020996,0,0,2
141,host-17,1,0,14,1,0,0,0.044594,0,32000,1427,0.044594,131072,1225,0.009346,0,0,1
141,host-18,2,0,14,2,0,0,0.115500,0,32000,3696,0.115500,131072,3927,0.029961,0,0,2
141,host-19,0,0,14,0,0,0,0.000000,0,32000,0,0.000000,131072,0,0.000000,0,0,0
141,host-2,0,0,14,0,0,0,0.000000,0,32000,0,0.000000,131072,0,0.000000,0,0,0
141,host-20,1,1,14,1,1,0,0.044875,0,32000,1436,0.044875,131072,813,0.006203,0,1,0
141,host-21,0,0,14,0,0,0,0.000000,0,32000,0,0.000000,131072,0,0.000000,0,0,0
141,host-22,2,0,14,2,0,0,0.092344,0,32000,2955,0.092344,131072,3433,0.026192,0,0,2
141,host-23,0,0,14,0,0,0,0.000000,0,32000,0,0.000000,131072,0,0.000000,0,0,0
141,host-24,1,1,14,1,1,0,0.029562,0,32000,946,0.029562,131072,1015,0.007744,1,0,0
141,host-3,2,0,14,2,0,0,0.104188,0,32000,3334,0.104188,131072,4164,0.031769,0,0,2
141,host-4,1,0,14,1,0,0,0.073781,0,32000,2361,0.073781,131072,2606,0.019882,0,0,1
141,host-5,3,0,14,3,0,0,0.118156,0,32000,3781,0.118156,131072,3711,0.028313,0,0,3
141,host-6,2,0,14,2,0,0,0.124406,0,32000,3981,0.124406,131072,3906,0.029800,0,0,2
141,host-7,1,0,14,1,0,0,0.056438,0,32000,1806,0.056438,131072,2124,0.016205,0,0,1
141,host-8,1,1,14,1,1,0,0.072156,0,32000,2309,0.072156,131072,2949,0.022499,1,0,0
141,host-9,1,0,14,1,0,0,0.058344,0,32000,1867,0.058344,131072,1188,0.009064,0,0,1
142,host-1,2,0,14,2,0,0,0.063156,0,32000,2021,0.063156,131072,1657,0.012642,0,0,2
142,host-10,0,0,14,0,0,0,0.000000,0,32000,0,0.000000,131072,0,0.000000,0,0,0
142,host-11,1,0,14,1,0,0,0.042531,0,32000,1361,0.042531,131072,598,0.004562,0,0,1
142,host-12,2,0,14,2,0,0,0.102969,0,32000,3295,0.102969,131072,3098,0.023636,0,0,2
142,host-13,4,0,14,4,0,0,0.142469,0,32000,4559,0.142469,131072,4077,0.031105,0,0,4
142,host-14,2,0,14,2,0,0,0.082344,0,32000,2635,0.082344,131072,1771,0.013512,0,0,2
142,host-15,1,0,14,1,0,0,0.050937,0,32000,1630,0.050937,131072,1533,0.011696,0,0,1
142,host-16,2,0,14,2,0,0,0.093406,0,32000,2989,0.093406,131072,2752,0.020996,0,0,2
142,host-17,1,0,14,1,0,0,0.044594,0,32000,1427,0.044594,131072,1225,0.009346,0,0,1
142,host-18,2,0,14,2,0,0,0.115500,0,32000,3696,0.115500,131072,3927,0.029961,0,0,2
142,host-19,1,1,14,1,1,0,0.044000,0,32000,1408,0.044000,131072,1882,0.014359,1,0,0
142,host-2,1,1,14,1,1,0,0.029562,0,32000,946,0.029562,131072,1015,0.007744,1,0,0
142,host-20,1,0,14,1,0,0,0.044875,0,32000,1436,0.044875,131072,813,0.006203,0,0,1
142,host-21,0,0,14,0,0,0,0.000000,0,32000,0,0.000000,131072,0,0.000000,0,0,0
142,host-22,2,0,14,2,0,0,0.092344,0,32000,2955,0.092344,131072,3433,0.026192,0,0,2
142,host-23,1,1,14,1,1,0,0.037187,0,32000,1190,0.037187,131072,371,0.002831,1,0,0
142,host-24,1,1,14,1,1,0,0.029562,0,32000,946,0.029562,131072,1015,0.007744,1,0,0
142,host-3,2,0,14,2,0,0,0.104188,0,32000,3334,0.104188,131072,4164,0.031769,0,0,2
142,host-4,1,0,14,1,0,0,0.073781,0,32000,2361,0.073781,131072,2606,0.019882,0,0,1
142,host-5,3,0,14,3,0,0,0.118156,0,32000,3781,0.118156,131072,3711,0.028313,0,0,3
142,host-6,2,0,14,2,0,0,0.124406,0,32000,3981,0.124406,131072,3906,0.029800,0,0,2
142,host-7,1,0,14,1,0,0,0.056438,0,32000,1806,0.056438,131072,2124,0.016205,0,0,1
142,host-8,1,0,14,1,0,0,0.072156,0,32000,2309,0.072156,131072,2949,0.022499,0,0,1
142,host-9,1,0,14,1,0,0,0.058344,0,32000,1867,0.058344,131072,1188,0.009064,0,0,1
143,host-1,2,0,14,2,0,0,0.063156,0,32000,2021,0.063156,131072,1657,0.012642,0,0,2
143,host-10,1,1,14,1,1,0,0.032813,0,32000,1050,0.032813,131072,820,0.006256,1,0,0
143,host-11,1,0,14,1,0,0,0.042531,0,32000,1361,0.042531,131072,598,0.004562,0,0,1
143,host-12,2,0,14,2,0,0,0.102969,0,32000,3295,0.102969,131072,3098,0.023636,0,0,2
143,host-13,4,0,14,4,0,0,0.142469,0,32000,4559,0.142469,131072,4077,0.031105,0,0,4
143,host-14,2,0,14,2,0,0,0.082344,0,32000,2635,0.082344,131072,1771,0.013512,0,0,2
143,host-15,1,0,14,1,0,0,0.050937,0,32000,1630,0.050937,131072,1533,0.011696,0,0,1
143,host-16,2,0,14,2,0,0,0.093406,0,32000,2989,0.093406,131072,2752,0.020996,0,0,2
143,host-17,1,0,14,1,0,0,0.044594,0,32000,1427,0.044594,131072,1225,0.009346,0,0,1
143,host-18,2,0,14,2,0,0,0.115500,0,32000,3696,0.115500,131072,3927,0.029961,0,0,2
143,host-19,1,1,14,1,1,0,0.044000,0,32000,1408,0.044000,131072,1882,0.014359,1,0,0
143,host-2,1,0,14,1,0,0,0.029562,0,32000,946,0.029562,131072,1015,0.007744,0,0,1
143,host-20,1,0,14,1,0,0,0.044875,0,32000,1436,0.044875,131072,813,0.006203,0,0,1
143,host-21,0,0,14,0,0,0,0.000000,0,32000,0,0.000000,131072,0,0.000000,0,0,0
143,host-22,2,0,14,2,0,0,0.092344,0,32000,2955,0.092344,131072,3433,0.026192,0,0,2
143,host-23,1,1,14,1,1,0,0.037187,0,32000,1190,0.037187,131072,371,0.002831,1,0,0
143,host-24,1,0,14,1,0,0,0.029562,0,32000,946,0.029562,131072,1015,0.007744,0,0,1
143,host-3,2,0,14,2,0,0,0.104188,0,32000,3334,0.104188,131072,4164,0.031769,0,0,2
143,host-4,1,0,14,1,0,0,0.073781,0,32000,2361,0.073781,131072,2606,0.019882,0,0,1
143,host-5,3,0,14,3,0,0,0.118156,0,32000,3781,0.118156,131072,3711,0.028313,0,0,3
143,host-6,2,0,14,2,0,0,0.124406,0,32000,3981,0.124406,131072,3906,0.029800,0,0,2
143,host-7,1,0,14,1,0,0,0.056438,0,32000,1806,0.056438,131072,2124,0.016205,0,0,1
143,host-8,1,0,14,1,0,0,0.072156,0,32000,2309,0.072156,131072,2949,0.022499,0,0,1
143,host-9,1,0,14,1,0,0,0.058344,0,32000,1867,0.058344,131072,1188,0.009064,0,0,1
144,host-1,3,2,14,3,2,0,0.142969,0,32000,4575,0.142969,131072,3014,0.022995,2,0,1
144,host-10,3,2,14,3,2,0,0.143031,0,32000,4577,0.143031,131072,3745,0.028572,2,0,1
144,host-11,3,2,14,3,2,0,0.128344,0,32000,4107,0.128344,131072,4072,0.031067,2,0,1
144,host-12,2,1,14,2,1,0,0.095469,0,32000,3055,0.095469,131072,3088,0.023560,1,0,1
144,host-13,4,0,14,4,0,0,0.142469,0,32000,4559,0.142469,131072,4077,0.031105,0,0,4
144,host-14,3,1,14,3,1,0,0.140250,0,32000,4488,0.140250,131072,3178,0.024246,1,0,2
144,host-15,2,1,14,2,1,0,0.088469,0,32000,2831,0.088469,131072,2585,0.019722,1,0,1
144,host-16,2,0,14,2,0,0,0.093406,0,32000,2989,0.093406,131072,2752,0.020996,0,0,2
144,host-17,2,1,14,2,1,0,0.112594,0,32000,3603,0.112594,131072,4104,0.031311,1,0,1
144,host-18,2,0,14,2,0,0,0.115500,0,32000,3696,0.115500,131072,3927,0.029961,0,0,2
144,host-19,3,2,14,3,2,0,0.100031,0,32000,3201,0.100031,131072,4411,0.033653,2,0,1
144,host-2,3,2,14,3,2,0,0.126281,0,32000,4041,0.126281,131072,5018,0.038284,2,0,1
144,host-20,3,2,14,3,2,0,0.141281,0,32000,4521,0.141281,131072,4833,0.036873,2,0,1
144,host-21,2,2,14,2,2,0,0.087469,0,32000,2799,0.087469,131072,2522,0.019241,2,0,0
144,host-22,2,0,14,2,0,0,0.092344,0,32000,2955,0.092344,131072,3433,0.026192,0,0,2
144,host-23,2,1,14,2,1,0,0.086188,0,32000,2758,0.086188,131072,2248,0.017151,1,0,1
144,host-24,2,1,14,2,1,0,0.098500,0,32000,3152,0.098500,131072,3657,0.027901,1,0,1
144,host-3,2,0,14,2,0,0,0.104188,0,32000,3334,0.104188,131072,4164,0.031769,0,0,2
144,host-4,2,1,14,2,1,0,0.104594,0,32000,3347,0.104594,131072,3200,0.024414,1,0,1
144,host-5,3,0,14,3,0,0,0.118156,0,32000,3781,0.118156,131072,3711,0.028313,0,0,3
144,host-6,2,0,14,2,0,0,0.124406,0,32000,3981,0.124406,131072,3906,0.029800,0,0,2
144,host-7,2,1,14,2,1,0,0.115094,0,32000,3683,0.115094,131072,3688,0.028137,1,0,1
144,host-8,2,1,14,2,1,0,0.095125,0,32000,3044,0.095125,131072,4145,0.031624,1,0,1
144,host-9,2,1,14,2,1,0,0.105906,0,32000,3389,0.105906,131072,3038,0.023178,1,0,1
145,host-1,3,2,14,3,2,0,0.142969,0,32000,4575,0.142969,131072,3014,0.022995,2,0,1
145,host-10,3,0,14,3,0,0,0.143031,0,32000,4577,0.143031,131072,3745,0.028572,0,0,3
145,host-11,3,0,14,3,0,0,0.128344,0,32000,4107,0.128344,131072,4072,0.031067,0,0,3
145,host-12,2,0,14,2,0,0,0.095469,0,32000,3055,0.095469,131072,3088,0.023560,0,0,2
145,host-13,3,0,14,3,0,0,0.114687,0,32000,3670,0.114687,131072,3555,0.027122,0,0,3
145,host-14,3,0,14,3,0,0,0.140250,0,32000,4488,0.140250,131072,3178,0.024246,0,0,3
145,host-15,3,2,14,3,2,0,0.150000,0,32000,4800,0.150000,131072,4842,0.036942,2,0,1
145,host-16,2,0,14,2,0,0,0.093406,0,32000,2989,0.093406,131072,2752,0.020996,0,0,2
145,host-17,2,0,14,2,0,0,0.112594,0,32000,3603,0.112594,131072,4104,0.031311,0,0,2
145,host-18,2,0,14,2,0,0,0.115500,0,32000,3696,0.115500,131072,3927,0.029961,0,0,2
145,host-19,3,2,14,3,2,0,0.100031,0,32000,3201,0.100031,131072,4411,0.033653,2,0,1
145,host-2,3,1,14,3,1,0,0.126281,0,32000,4041,0.126281,131072,5018,0.038284,1,0,2
145,host-20,3,1,14,3,1,0,0.141281,0,32000,4521,0.141281,131072,4833,0.036873,1,0,2
145,host-21,3,1,14,3,1,0,0.129188,0,32000,4134,0.129188,131072,3029,0.023109,1,0,2
145,host-22,2,0,14,2,0,0,0.092344,0,32000,2955,0.092344,131072,3433,0.026192,0,0,2
145,host-23,3,2,14,3,2,0,0.144094,0,32000,4611,0.144094,131072,3655,0.027885,2,0,1
145,host-24,2,0,14,2,0,0,0.098500,0,32000,3152,0.098500,131072,3657,0.027901,0,0,2
145,host-3,2,0,14,2,0,0,0.104188,0,32000,3334,0.104188,131072,4164,0.031769,0,0,2
145,host-4,1,1,14,1,1,0,0.030812,0,32000,986,0.030812,131072,594,0.004532,1,0,0
145,host-5,2,0,14,2,0,0,0.084812,0,32000,2714,0.084812,131072,2695,0.020561,0,0,2
145,host-6,2,0,14,2,0,0,0.124406,0,32000,3981,0.124406,131072,3906,0.029800,0,0,2
145,host-7,2,0,14,2,0,0,0.115094,0,32000,3683,0.115094,131072,3688,0.028137,0,0,2
145,host-8,2,0,14,2,0,0,0.095125,0,32000,3044,0.095125,131072,4145,0.031624,0,0,2
145,host-9,2,0,14,2,0,0,0.105906,0,32000,3389,0.105906,131072,3038,0.023178,0,0,2
146,host-1,3,0,14,3,0,0,0.142969,0,32000,4575,0.142969,131072,3014,0.022995,0,0,3
146,host-10,3,0,14,3,0,0,0.143031,0,32000,4577,0.143031,131072,3745,0.028572,0,0,3
146,host-11,3,1,14,3,1,0,0.128344,0,32000,4107,0.128344,131072,4072,0.031067,0,1,2
146,host-12,1,0,14,1,0,0,0.035844,0,32000,1147,0.035844,131072,864,0.006592,0,0,1
146,host-13,2,0,14,2,0,0,0.064406,0,32000,2061,0.064406,131072,2026,0.015457,0,0,2
146,host-14,3,0,14,3,0,0,0.140250,0,32000,4488,0.140250,131072,3178,0.024246,0,0,3
146,host-15,3,0,14,3,0,0,0.150000,0,32000,4800,0.150000,131072,4842,0.036942,0,0,3
146,host-16,2,0,14,2,0,0,0.093406,0,32000,2989,0.093406,131072,2752,0.020996,0,0,2
146,host-17,2,0,14,2,0,0,0.112594,0,32000,3603,0.112594,131072,4104,0.031311,0,0,2
146,host-18,2,0,14,2,0,0,0.115500,0,32000,3696,0.115500,131072,3927,0.029961,0,0,2
146,host-19,3,0,14,3,0,0,0.100031,0,32000,3201,0.100031,131072,4411,0.033653,0,0,3
146,host-2,3,0,14,3,0,0,0.126281,0,32000,4041,0.126281,131072,5018,0.038284,0,0,3
146,host-20,3,0,14,3,0,0,0.141281,0,32000,4521,0.141281,131072,4833,0.036873,0,0,3
146,host-21,3,1,14,3,1,0,0.129188,0,32000,4134,0.129188,131072,3029,0.023109,1,0,2
146,host-22,2,0,14,2,0,0,0.092344,0,32000,2955,0.092344,131072,3433,0.026192,0,0,2
146,host-23,3,0,14,3,0,0,0.144094,0,32000,4611,0.144094,131072,3655,0.027885,0,0,3
146,host-24,2,0,14,2,0,0,0.098500,0,32000,3152,0.098500,131072,3657,0.027901,0,0,2
146,host-3,1,0,14,1,0,0,0.030406,0,32000,973,0.030406,131072,1558,0.011887,0,0,1
146,host-4,1,0,14,1,0,0,0.030812,0,32000,986,0.030812,131072,594,0.004532,0,0,1
146,host-5,2,0,14,2,0,0,0.084812,0,32000,2714,0.084812,131072,2695,0.020561,0,0,2
146,host-6,2,0,14,2,0,0,0.124406,0,32000,3981,0.124406,131072,3906,0.029800,0,0,2
146,host-7,2,0,14,2,0,0,0.115094,0,32000,3683,0.115094,131072,3688,0.028137,0,0,2
146,host-8,2,0,14,2,0,0,0.095125,0,32000,3044,0.095125,131072,4145,0.031624,0,0,2
146,host-9,2,0,14,2,0,0,0.105906,0,32000,3389,0.105906,131072,3038,0.023178,0,0,2
147,host-1,3,0,14,3,0,0,0.142969,0,32000,4575,0.142969,131072,3014,0.022995,0,0,3
147,host-10,3,0,14,3,0,0,0.143031,0,32000,4577,0.143031,131072,3745,0.028572,0,0,3
147,host-11,3,0,14,3,0,0,0.128344,0,32000,4107,0.128344,131072,4072,0.031067,0,0,3
147,host-12,3,2,14,3,2,0,0.134281,0,32000,4297,0.134281,131072,4763,0.036339,2,0,1
147,host-13,3,1,14,3,1,0,0.130250,0,32000,4168,0.130250,131072,3889,0.029671,1,0,2
147,host-14,3,0,14,3,0,0,0.140250,0,32000,4488,0.140250,131072,3178,0.024246,0,0,3
147,host-15,3,0,14,3,0,0,0.150000,0,32000,4800,0.150000,131072,4842,0.036942,0,0,3
147,host-16,2,1,14,2,1,0,0.079750,0,32000,2552,0.079750,131072,2553,0.019478,1,0,1
147,host-17,2,0,14,2,0,0,0.112594,0,32000,3603,0.112594,131072,4104,0.031311,0,0,2
147,host-18,2,0,14,2,0,0,0.115500,0,32000,3696,0.115500,131072,3927,0.029961,0,0,2
147,host-19,3,1,14,3,1,0,0.100031,0,32000,3201,0.100031,131072,4411,0.033653,0,1,2
147,host-2,3,0,14,3,0,0,0.126281,0,32000,4041,0.126281,131072,5018,0.038284,0,0,3
147,host-20,3,0,14,3,0,0,0.141281,0,32000,4521,0.141281,131072,4833,0.036873,0,0,3
147,host-21,3,0,14,3,0,0,0.129188,0,32000,4134,0.129188,131072,3029,0.023109,0,0,3
147,host-22,2,0,14,2,0,0,0.092344,0,32000,2955,0.092344,131072,3433,0.026192,0,0,2
147,host-23,3,0,14,3,0,0,0.144094,0,32000,4611,0.144094,131072,3655,0.027885,0,0,3
147,host-24,2,0,14,2,0,0,0.098500,0,32000,3152,0.098500,131072,3657,0.027901,0,0,2
147,host-3,2,1,14,2,1,0,0.092563,0,32000,2962,0.092563,131072,3025,0.023079,1,0,1
147,host-4,3,2,14,3,2,0,0.117844,0,32000,3771,0.117844,131072,4315,0.032921,2,0,1
147,host-5,2,0,14,2,0,0,0.084812,0,32000,2714,0.084812,131072,2695,0.020561,0,0,2
147,host-6,2,0,14,2,0,0,0.124406,0,32000,3981,0.124406,131072,3906,0.029800,0,0,2
147,host-7,2,0,14,2,0,0,0.115094,0,32000,3683,0.115094,131072,3688,0.028137,0,0,2
147,host-8,2,0,14,2,0,0,0.095125,0,32000,3044,0.095125,131072,4145,0.031624,0,0,2
147,host-9,2,0,14,2,0,0,0.105906,0,32000,3389,0.105906,131072,3038,0.023178,0,0,2
148,host-1,3,0,14,3,0,0,0.142969,0,32000,4575,0.142969,131072,3014,0.022995,0,0,3
148,host-10,3,0,14,3,0,0,0.143031,0,32000,4577,0.143031,131072,3745,0.028572,0,0,3
148,host-11,3,0,14,3,0,0,0.128344,0,32000,4107,0.128344,131072,4072,0.031067,0,0,3
148,host-12,3,1,14,3,1,0,0.134281,0,32000,4297,0.134281,131072,4763,0.036339,1,0,2
148,host-13,3,1,14,3,1,0,0.130250,0,32000,4168,0.130250,131072,3889,0.029671,1,0,2
148,host-14,3,0,14,3,0,0,0.140250,0,32000,4488,0.140250,131072,3178,0.024246,0,0,3
148,host-15,3,0,14,3,0,0,0.150000,0,32000,4800,0.150000,131072,4842,0.036942,0,0,3
148,host-16,3,2,14,3,2,0,0.147875,0,32000,4732,0.147875,131072,5284,0.040314,2,0,1
148,host-17,2,0,14,2,0,0,0.112594,0,32000,3603,0.112594,131072,4104,0.031311,0,0,2
148,host-18,2,0,14,2,0,0,0.115500,0,32000,3696,0.115500,131072,3927,0.029961,0,0,2
148,host-19,3,0,14,3,0,0,0.100031,0,32000,3201,0.100031,131072,4411,0.033653,0,0,3
148,host-2,3,0,14,3,0,0,0.126281,0,32000,4041,0.126281,131072,5018,0.038284,0,0,3
148,host-20,3,0,14,3,0,0,0.141281,0,32000,4521,0.141281,131072,4833,0.036873,0,0,3
148,host-21,3,1,14,3,1,0,0.129188,0,32000,4134,0.129188,131072,3029,0.023109,0,1,2
148,host-22,2,0,14,2,0,0,0.092344,0,32000,2955,0.092344,131072,3433,0.026192,0,0,2
148,host-23,3,0,14,3,0,0,0.144094,0,32000,4611,0.144094,131072,3655,0.027885,0,0,3
148,host-24,2,0,14,2,0,0,0.098500,0,32000,3152,0.098500,131072,3657,0.027901,0,0,2
148,host-3,2,0,14,2,0,0,0.092563,0,32000,2962,0.092563,131072,3025,0.023079,0,0,2
148,host-4,3,1,14,3,1,0,0.117844,0,32000,3771,0.117844,131072,4315,0.032921,1,0,2
148,host-5,3,1,14,3,1,0,0.137687,0,32000,4406,0.137687,131072,4717,0.035988,1,0,2
148,host-6,2,0,14,2,0,0,0.124406,0,32000,3981,0.124406,131072,3906,0.029800,0,0,2
148,host-7,2,0,14,2,0,0,0.115094,0,32000,3683,0.115094,131072,3688,0.028137,0,0,2
148,host-8,2,0,14,2,0,0,0.095125,0,32000,3044,0.095125,131072,4145,0.031624,0,0,2
148,host-9,2,0,14,2,0,0,0.105906,0,32000,3389,0.105906,131072,3038,0.023178,0,0,2
149,host-1,3,0,14,3,0,0,0.142969,0,32000,4575,0.142969,131072,3014,0.022995,0,0,3
149,host-10,3,0,14,3,0,0,0.143031,0,32000,4577,0.143031,131072,3745,0.028572,0,0,3
149,host-11,3,0,14,3,0,0,0.128344,0,32000,4107,0.128344,131072,4072,0.031067,0,0,3
149,host-12,3,0,14,3,0,0,0.134281,0,32000,4297,0.134281,131072,4763,0.036339,0,0,3
149,host-13,3,0,14,3,0,0,0.130250,0,32000,4168,0.130250,131072,3889,0.029671,0,0,3
149,host-14,3,0,14,3,0,0,0.140250,0,32000,4488,0.140250,131072,3178,0.024246,0,0,3
149,host-15,3,0,14,3,0,0,0.150000,0,32000,4800,0.150000,131072,4842,0.036942,0,0,3
149,host-16,3,1,14,3,1,0,0.147875,0,32000,4732,0.147875,131072,5284,0.040314,0,1,2
149,host-17,2,0,14,2,0,0,0.112594,0,32000,3603,0.112594,131072,4104,0.031311,0,0,2
149,host-18,2,0,14,2,0,0,0.115500,0,32000,3696,0.115500,131072,3927,0.029961,0,0,2
149,host-19,3,0,14,3,0,0,0.100031,0,32000,3201,0.100031,131072,4411,0.033653,0,0,3
149,host-2,3,0,14,3,0,0,0.126281,0,32000,4041,0.126281,131072,5018,0.038284,0,0,3
149,host-20,3,0,14,3,0,0,0.141281,0,32000,4521,0.141281,131072,4833,0.036873,0,0,3
149,host-21,3,0,14,3,0,0,0.129188,0,32000,4134,0.129188,131072,3029,0.023109,0,0,3
149,host-22,2,0,14,2,0,0,0.092344,0,32000,2955,0.092344,131072,3433,0.026192,0,0,2
149,host-23,3,0,14,3,0,0,0.144094,0,32000,4611,0.144094,131072,3655,0.027885,0,0,3
149,host-24,2,0,14,2,0,0,0.098500,0,32000,3152,0.098500,131072,3657,0.027901,0,0,2
149,host-3,2,0,14,2,0,0,0.092563,0,32000,2962,0.092563,131072,3025,0.023079,0,0,2
149,host-4,3,0,14,3,0,0,0.117844,0,32000,3771,0.117844,131072,4315,0.032921,0,0,3
149,host-5,3,1,14,3,1,0,0.137687,0,32000,4406,0.137687,131072,4717,0.035988,1,0,2
149,host-6,2,0,14,2,0,0,0.124406,0,32000,3981,0.124406,131072,3906,0.029800,0,0,2
149,host-7,2,0,14,2,0,0,0.115094,0,32000,3683,0.115094,131072,3688,0.028137,0,0,2
149,host-8,2,0,14,2,0,0,0.095125,0,32000,3044,0.095125,131072,4145,0.031624,0,0,2
149,host-9,2,1,14,2,1,0,0.105906,0,32000,3389,0.105906,131072,3038,0.023178,0,1,1
150,host-1,3,1,14,3,1,0,0.142969,0,32000,4575,0.142969,131072,3014,0.022995,0,1,2
150,host-10,3,0,14,3,0,0,0.143031,0,32000,4577,0.143031,131072,3745,0.028572,0,0,3
150,host-11,3,0,14,3,0,0,0.128344,0,32000,4107,0.128344,131072,4072,0.031067,0,0,3
150,host-12,3,0,14,3,0,0,0.134281,0,32000,4297,0.134281,131072,4763,0.036339,0,0,3
150,host-13,3,0,14,3,0,0,0.130250,0,32000,4168,0.130250,131072,3889,0.029671,0,0,3
150,host-14,3,1,14,3,1,0,0.140250,0,32000,4488,0.140250,131072,3178,0.024246,0,1,2
150,host-15,3,0,14,3,0,0,0.150000,0,32000,4800,0.150000,131072,4842,0.036942,0,0,3
150,host-16,3,0,14,3,0,0,0.147875,0,32000,4732,0.147875,131072,5284,0.040314,0,0,3
150,host-17,2,0,14,2,0,0,0.112594,0,32000,3603,0.112594,131072,4104,0.031311,0,0,2
150,host-18,2,0,14,2,0,0,0.115500,0,32000,3696,0.115500,131072,3927,0.029961,0,0,2
150,host-19,3,0,14,3,0,0,0.100031,0,32000,3201,0.100031,131072,4411,0.033653,0,0,3
150,host-2,3,0,14,3,0,0,0.126281,0,32000,4041,0.126281,131072,5018,0.038284,0,0,3
150,host-20,3,0,14,3,0,0,0.141281,0,32000,4521,0.141281,131072,4833,0.036873,0,0,3
150,host-21,3,0,14,3,0,0,0.129188,0,32000,4134,0.129188,131072,3029,0.023109,0,0,3
150,host-22,3,1,14,3,1,0,0.143156,0,32000,4581,0.143156,131072,5016,0.038269,1,0,2
150,host-23,3,0,14,3,0,0,0.144094,0,32000,4611,0.144094,131072,3655,0.027885,0,0,3
150,host-24,2,0,14,2,0,0,0.098500,0,32000,3152,0.098500,131072,3657,0.027901,0,0,2
150,host-3,3,1,14,3,1,0,0.130906,0,32000,4189,0.130906,131072,3929,0.029976,1,0,2
150,host-4,3,1,14,3,1,0,0.117844,0,32000,3771,0.117844,131072,4315,0.032921,0,1,2
150,host-5,3,0,14,3,0,0,0.137687,0,32000,4406,0.137687,131072,4717,0.035988,0,0,3
150,host-6,2,0,14,2,0,0,0.124406,0,32000,3981,0.124406,131072,3906,0.029800,0,0,2
150,host-7,2,0,14,2,0,0,0.115094,0,32000,3683,0.115094,131072,3688,0.028137,0,0,2
150,host-8,2,0,14,2,0,0,0.095125,0,32000,3044,0.095125,131072,4145,0.031624,0,0,2
150,host-9,2,0,14,2,0,0,0.105906,0,32000,3389,0.105906,131072,3038,0.023178,0,0,2
151,host-1,3,0,14,3,0,0,0.142969,0,32000,4575,0.142969,131072,3014,0.022995,0,0,3
151,host-10,3,1,14,3,1,0,0.143031,0,32000,4577,0.143031,131072,3745,0.028572,0,1,2
151,host-11,3,0,14,3,0,0,0.128344,0,32000,4107,0.128344,131072,4072,0.031067,0,0,3
151,host-12,3,1,14,3,1,0,0.134281,0,32000,4297,0.134281,131072,4763,0.036339,0,1,2
151,host-13,3,0,14,3,0,0,0.130250,0,32000,4168,0.130250,131072,3889,0.029671,0,0,3
151,host-14,3,0,14,3,0,0,0.140250,0,32000,4488,0.140250,131072,3178,0.024246,0,0,3
151,host-15,3,0,14,3,0,0,0.150000,0,32000,4800,0.150000,131072,4842,0.036942,0,0,3
151,host-16,3,0,14,3,0,0,0.147875,0,32000,4732,0.147875,131072,5284,0.040314,0,0,3
151,host-17,2,0,14,2,0,0,0.112594,0,32000,3603,0.112594,131072,4104,0.031311,0,0,2
151,host-18,2,0,14,2,0,0,0.115500,0,32000,3696,0.115500,131072,3927,0.029961,0,0,2
151,host-19,3,0,14,3,0,0,0.100031,0,32000,3201,0.100031,131072,4411,0.033653,0,0,3
151,host-2,3,0,14,3,0,0,0.126281,0,32000,4041,0.126281,131072,5018,0.038284,0,0,3
151,host-20,3,0,14,3,0,0,0.141281,0,32000,4521,0.141281,131072,4833,0.036873,0,0,3
151,host-21,3,0,14,3,0,0,0.129188,0,32000,4134,0.129188,131072,3029,0.023109,0,0,3
151,host-22,3,0,14,3,0,0,0.143156,0,32000,4581,0.143156,131072,5016,0.038269,0,0,3
151,host-23,3,0,14,3,0,0,0.144094,0,32000,4611,0.144094,131072,3655,0.027885,0,0,3
151,host-24,2,0,14,2,0,0,0.098500,0,32000,3152,0.098500,131072,3657,0.027901,0,0,2
151,host-3,3,1,14,3,1,0,0.130906,0,32000,4189,0.130906,131072,3929,0.029976,1,0,2
151,host-4,3,0,14,3,0,0,0.117844,0,32000,3771,0.117844,131072,4315,0.032921,0,0,3
151,host-5,3,0,14,3,0,0,0.137687,0,32000,4406,0.137687,131072,4717,0.035988,0,0,3
151,host-6,2,0,14,2,0,0,0.124406,0,32000,3981,0.124406,131072,3906,0.029800,0,0,2
151,host-7,2,0,14,2,0,0,0.115094,0,32000,3683,0.115094,131072,3688,0.028137,0,0,2
151,host-8,3,1,14,3,1,0,0.133469,0,32000,4271,0.133469,131072,5049,0.038521,1,0,2
151,host-9,2,0,14,2,0,0,0.105906,0,32000,3389,0.105906,131072,3038,0.023178,0,0,2
152,host-1,3,0,14,3,0,0,0.142969,0,32000,4575,0.142969,131072,3014,0.022995,0,0,3
152,host-10,3,0,14,3,0,0,0.143031,0,32000,4577,0.143031,131072,3745,0.028572,0,0,3
152,host-11,3,0,14,3,0,0,0.128344,0,32000,4107,0.128344,131072,4072,0.031067,0,0,3
152,host-12,3,0,14,3,0,0,0.134281,0,32000,4297,0.134281,131072,4763,0.036339,0,0,3
152,host-13,3,0,14,3,0,0,0.130250,0,32000,4168,0.130250,131072,3889,0.029671,0,0,3
152,host-14,3,0,14,3,0,0,0.140250,0,32000,4488,0.140250,131072,3178,0.024246,0,0,3
152,host-15,3,0,14,3,0,0,0.150000,0,32000,4800,0.150000,131072,4842,0.036942,0,0,3
152,host-16,3,0,14,3,0,0,0.147875,0,32000,4732,0.147875,131072,5284,0.040314,0,0,3
152,host-17,2,0,14,2,0,0,0.112594,0,32000,3603,0.112594,131072,4104,0.031311,0,0,2
152,host-18,2,0,14,2,0,0,0.115500,0,32000,3696,0.115500,131072,3927,0.029961,0,0,2
152,host-19,3,0,14,3,0,0,0.100031,0,32000,3201,0.100031,131072,4411,0.033653,0,0,3
152,host-2,3,0,14,3,0,0,0.126281,0,32000,4041,0.126281,131072,5018,0.038284,0,0,3
152,host-20,3,0,14,3,0,0,0.141281,0,32000,4521,0.141281,131072,4833,0.036873,0,0,3
152,host-21,3,0,14,3,0,0,0.129188,0,32000,4134,0.129188,131072,3029,0.023109,0,0,3
152,host-22,3,0,14,3,0,0,0.143156,0,32000,4581,0.143156,131072,5016,0.038269,0,0,3
152,host-23,3,0,14,3,0,0,0.144094,0,32000,4611,0.144094,131072,3655,0.027885,0,0,3
152,host-24,3,1,14,3,1,0,0.139719,0,32000,4471,0.139719,131072,4532,0.034576,1,0,2
152,host-3,3,0,14,3,0,0,0.130906,0,32000,4189,0.130906,131072,3929,0.029976,0,0,3
152,host-4,3,0,14,3,0,0,0.117844,0,32000,3771,0.117844,131072,4315,0.032921,0,0,3
152,host-5,3,1,14,3,1,0,0.137687,0,32000,4406,0.137687,131072,4717,0.035988,0,1,2
152,host-6,2,0,14,2,0,0,0.124406,0,32000,3981,0.124406,131072,3906,0.029800,0,0,2
152,host-7,2,0,14,2,0,0,0.115094,0,32000,3683,0.115094,131072,3688,0.028137,0,0,2
152,host-8,3,0,14,3,0,0,0.133469,0,32000,4271,0.133469,131072,5049,0.038521,0,0,3
152,host-9,2,0,14,2,0,0,0.105906,0,32000,3389,0.105906,131072,3038,0.023178,0,0,2
153,host-1,3,0,14,3,0,0,0.142969,0,32000,4575,0.142969,131072,3014,0.022995,0,0,3
153,host-10,3,0,14,3,0,0,0.143031,0,32000,4577,0.143031,131072,3745,0.028572,0,0,3
153,host-11,3,0,14,3,0,0,0.128344,0,32000,4107,0.128344,131072,4072,0.031067,0,0,3
153,host-12,3,0,14,3,0,0,0.134281,0,32000,4297,0.134281,131072,4763,0.036339,0,0,3
153,host-13,3,0,14,3,0,0,0.130250,0,32000,4168,0.130250,131072,3889,0.029671,0,0,3
153,host-14,3,0,14,3,0,0,0.140250,0,32000,4488,0.140250,131072,3178,0.024246,0,0,3
153,host-15,3,0,14,3,0,0,0.150000,0,32000,4800,0.150000,131072,4842,0.036942,0,0,3
153,host-16,3,0,14,3,0,0,0.147875,0,32000,4732,0.147875,131072,5284,0.040314,0,0,3
153,host-17,3,1,14,3,1,0,0.146406,0,32000,4685,0.146406,131072,5404,0.041229,1,0,2
153,host-18,2,0,14,2,0,0,0.115500,0,32000,3696,0.115500,131072,3927,0.029961,0,0,2
153,host-19,4,1,14,4,1,0,0.168313,0,32000,5386,0.168313,131072,7116,0.054291,1,0,3
153,host-2,3,0,14,3,0,0,0.126281,0,32000,4041,0.126281,131072,5018,0.038284,0,0,3
153,host-20,3,0,14,3,0,0,0.141281,0,32000,4521,0.141281,131072,4833,0.036873,0,0,3
153,host-21,3,0,14,3,0,0,0.129188,0,32000,4134,0.129188,131072,3029,0.023109,0,0,3
153,host-22,3,0,14,3,0,0,0.143156,0,32000,4581,0.143156,131072,5016,0.038269,0,0,3
153,host-23,3,0,14,3,0,0,0.144094,0,32000,4611,0.144094,131072,3655,0.027885,0,0,3
153,host-24,3,1,14,3,1,0,0.139719,0,32000,4471,0.139719,131072,4532,0.034576,1,0,2
153,host-3,3,0,14,3,0,0,0.130906,0,32000,4189,0.130906,131072,3929,0.029976,0,0,3
153,host-4,3,0,14,3,0,0,0.117844,0,32000,3771,0.117844,131072,4315,0.032921,0,0,3
153,host-5,3,0,14,3,0,0,0.137687,0,32000,4406,0.137687,131072,4717,0.035988,0,0,3
153,host-6,2,0,14,2,0,0,0.124406,0,32000,3981,0.124406,131072,3906,0.029800,0,0,2
153,host-7,2,0,14,2,0,0,0.115094,0,32000,3683,0.115094,131072,3688,0.028137,0,0,2
153,host-8,3,0,14,3,0,0,0.133469,0,32000,4271,0.133469,131072,5049,0.038521,0,0,3
153,host-9,3,1,14,3,1,0,0.160438,0,32000,5134,0.160438,131072,4966,0.037888,1,0,2
154,host-1,3,0,14,3,0,0,0.142969,0,32000,4575,0.142969,131072,3014,0.022995,0,0,3
154,host-10,3,0,14,3,0,0,0.143031,0,32000,4577,0.143031,131072,3745,0.028572,0,0,3
154,host-11,3,0,14,3,0,0,0.128344,0,32000,4107,0.128344,131072,4072,0.031067,0,0,3
154,host-12,3,0,14,3,0,0,0.134281,0,32000,4297,0.134281,131072,4763,0.036339,0,0,3
154,host-13,3,0,14,3,0,0,0.130250,0,32000,4168,0.130250,131072,3889,0.029671,0,0,3
154,host-14,3,0,14,3,0,0,0.140250,0,32000,4488,0.140250,131072,3178,0.024246,0,0,3
154,host-15,3,0,14,3,0,0,0.150000,0,32000,4800,0.150000,131072,4842,0.036942,0,0,3
154,host-16,3,0,14,3,0,0,0.147875,0,32000,4732,0.147875,131072,5284,0.040314,0,0,3
154,host-17,3,1,14,3,1,0,0.146406,0,32000,4685,0.146406,131072,5404,0.041229,1,0,2
154,host-18,2,0,14,2,0,0,0.115500,0,32000,3696,0.115500,131072,3927,0.029961,0,0,2
154,host-19,4,0,14,4,0,0,0.168313,0,32000,5386,0.168313,131072,7116,0.054291,0,0,4
154,host-2,3,0,14,3,0,0,0.126281,0,32000,4041,0.126281,131072,5018,0.038284,0,0,3
154,host-20,3,0,14,3,0,0,0.141281,0,32000,4521,0.141281,131072,4833,0.036873,0,0,3
154,host-21,3,0,14,3,0,0,0.129188,0,32000,4134,0.129188,131072,3029,0.023109,0,0,3
154,host-22,3,0,14,3,0,0,0.143156,0,32000,4581,0.143156,131072,5016,0.038269,0,0,3
154,host-23,3,0,14,3,0,0,0.144094,0,32000,4611,0.144094,131072,3655,0.027885,0,0,3
154,host-24,3,0,14,3,0,0,0.139719,0,32000,4471,0.139719,131072,4532,0.034576,0,0,3
154,host-3,3,0,14,3,0,0,0.130906,0,32000,4189,0.130906,131072,3929,0.029976,0,0,3
154,host-4,3,0,14,3,0,0,0.117844,0,32000,3771,0.117844,131072,4315,0.032921,0,0,3
154,host-5,3,0,14,3,0,0,0.137687,0,32000,4406,0.137687,131072,4717,0.035988,0,0,3
154,host-6,2,0,14,2,0,0,0.124406,0,32000,3981,0.124406,131072,3906,0.029800,0,0,2
154,host-7,3,1,14,3,1,0,0.169625,0,32000,5428,0.169625,131072,5616,0.042847,1,0,2
154,host-8,3,0,14,3,0,0,0.133469,0,32000,4271,0.133469,131072,5049,0.038521,0,0,3
154,host-9,3,1,14,3,1,0,0.160438,0,32000,5134,0.160438,131072,4966,0.037888,1,0,2
155,host-1,3,0,14,3,0,0,0.142969,0,32000,4575,0.142969,131072,3014,0.022995,0,0,3
155,host-10,3,0,14,3,0,0,0.143031,0,32000,4577,0.143031,131072,3745,0.028572,0,0,3
155,host-11,3,0,14,3,0,0,0.128344,0,32000,4107,0.128344,131072,4072,0.031067,0,0,3
155,host-12,3,0,14,3,0,0,0.134281,0,32000,4297,0.134281,131072,4763,0.036339,0,0,3
155,host-13,3,0,14,3,0,0,0.130250,0,32000,4168,0.130250,131072,3889,0.029671,0,0,3
155,host-14,3,0,14,3,0,0,0.140250,0,32000,4488,0.140250,131072,3178,0.024246,0,0,3
155,host-15,3,0,14,3,0,0,0.150000,0,32000,4800,0.150000,131072,4842,0.036942,0,0,3
155,host-16,3,0,14,3,0,0,0.147875,0,32000,4732,0.147875,131072,5284,0.040314,0,0,3
155,host-17,3,0,14,3,0,0,0.146406,0,32000,4685,0.146406,131072,5404,0.041229,0,0,3
155,host-18,2,0,14,2,0,0,0.115500,0,32000,3696,0.115500,131072,3927,0.029961,0,0,2
155,host-19,4,1,14,4,1,0,0.168313,0,32000,5386,0.168313,131072,7116,0.054291,0,1,3
155,host-2,3,0,14,3,0,0,0.126281,0,32000,4041,0.126281,131072,5018,0.038284,0,0,3
155,host-20,3,0,14,3,0,0,0.141281,0,32000,4521,0.141281,131072,4833,0.036873,0,0,3
155,host-21,3,0,14,3,0,0,0.129188,0,32000,4134,0.129188,131072,3029,0.023109,0,0,3
155,host-22,3,0,14,3,0,0,0.143156,0,32000,4581,0.143156,131072,5016,0.038269,0,0,3
155,host-23,3,0,14,3,0,0,0.144094,0,32000,4611,0.144094,131072,3655,0.027885,0,0,3
155,host-24,3,0,14,3,0,0,0.139719,0,32000,4471,0.139719,131072,4532,0.034576,0,0,3
155,host-3,3,0,14,3,0,0,0.130906,0,32000,4189,0.130906,131072,3929,0.029976,0,0,3
155,host-4,3,0,14,3,0,0,0.117844,0,32000,3771,0.117844,131072,4315,0.032921,0,0,3
155,host-5,3,0,14,3,0,0,0.137687,0,32000,4406,0.137687,131072,4717,0.035988,0,0,3
155,host-6,2,0,14,2,0,0,0.124406,0,32000,3981,0.124406,131072,3906,0.029800,0,0,2
155,host-7,3,0,14,3,0,0,0.169625,0,32000,5428,0.169625,131072,5616,0.042847,0,0,3
155,host-8,3,0,14,3,0,0,0.133469,0,32000,4271,0.133469,131072,5049,0.038521,0,0,3
155,host-9,3,0,14,3,0,0,0.160438,0,32000,5134,0.160438,131072,4966,0.037888,0,0,3
156,host-1,3,0,14,3,0,0,0.142969,0,32000,4575,0.142969,131072,3014,0.022995,0,0,3
156,host-10,3,0,14,3,0,0,0.143031,0,32000,4577,0.143031,131072,3745,0.028572,0,0,3
156,host-11,3,0,14,3,0,0,0.128344,0,32000,4107,0.128344,131072,4072,0.031067,0,0,3
156,host-12,3,0,14,3,0,0,0.134281,0,32000,4297,0.134281,131072,4763,0.036339,0,0,3
156,host-13,3,0,14,3,0,0,0.130250,0,32000,4168,0.130250,131072,3889,0.029671,0,0,3
156,host-14,3,0,14,3,0,0,0.140250,0,32000,4488,0.140250,131072,3178,0.024246,0,0,3
156,host-15,3,0,14,3,0,0,0.150000,0,32000,4800,0.150000,131072,4842,0.036942,0,0,3
156,host-16,3,0,14,3,0,0,0.147875,0,32000,4732,0.147875,131072,5284,0.040314,0,0,3
156,host-17,3,0,14,3,0,0,0.146406,0,32000,4685,0.146406,131072,5404,0.041229,0,0,3
156,host-18,2,0,14,2,0,0,0.115500,0,32000,3696,0.115500,131072,3927,0.029961,0,0,2
156,host-19,4,0,14,4,0,0,0.168313,0,32000,5386,0.168313,131072,7116,0.054291,0,0,4
156,host-2,3,0,14,3,0,0,0.126281,0,32000,4041,0.126281,131072,5018,0.038284,0,0,3
156,host-20,3,0,14,3,0,0,0.141281,0,32000,4521,0.141281,131072,4833,0.036873,0,0,3
156,host-21,3,0,14,3,0,0,0.129188,0,32000,4134,0.129188,131072,3029,0.023109,0,0,3
156,host-22,3,1,14,3,1,0,0.143156,0,32000,4581,0.143156,131072,5016,0.038269,0,1,2
156,host-23,3,0,14,3,0,0,0.144094,0,32000,4611,0.144094,131072,3655,0.027885,0,0,3
156,host-24,3,0,14,3,0,0,0.139719,0,32000,4471,0.139719,131072,4532,0.034576,0,0,3
156,host-3,3,0,14,3,0,0,0.130906,0,32000,4189,0.130906,131072,3929,0.029976,0,0,3
156,host-4,3,0,14,3,0,0,0.117844,0,32000,3771,0.117844,131072,4315,0.032921,0,0,3
156,host-5,3,0,14,3,0,0,0.137687,0,32000,4406,0.137687,131072,4717,0.035988,0,0,3
156,host-6,2,0,14,2,0,0,0.124406,0,32000,3981,0.124406,131072,3906,0.029800,0,0,2
156,host-7,3,0,14,3,0,0,0.169625,0,32000,5428,0.169625,131072,5616,0.042847,0,0,3
156,host-8,3,0,14,3,0,0,0.133469,0,32000,4271,0.133469,131072,5049,0.038521,0,0,3
156,host-9,3,0,14,3,0,0,0.160438,0,32000,5134,0.160438,131072,4966,0.037888,0,0,3
157,host-1,3,0,14,3,0,0,0.142969,0,32000,4575,0.142969,131072,3014,0.022995,0,0,3
157,host-10,3,0,14,3,0,0,0.143031,0,32000,4577,0.143031,131072,3745,0.028572,0,0,3
157,host-11,3,0,14,3,0,0,0.128344,0,32000,4107,0.128344,131072,4072,0.031067,0,0,3
157,host-12,3,0,14,3,0,0,0.134281,0,32000,4297,0.134281,131072,4763,0.036339,0,0,3
157,host-13,3,0,14,3,0,0,0.130250,0,32000,4168,0.130250,131072,3889,0.029671,0,0,3
157,host-14,3,0,14,3,0,0,0.140250,0,32000,4488,0.140250,131072,3178,0.024246,0,0,3
157,host-15,3,1,14,3,1,0,0.150000,0,32000,4800,0.150000,131072,4842,0.036942,0,1,2
157,host-16,3,0,14,3,0,0,0.147875,0,32000,4732,0.147875,131072,5284,0.040314,0,0,3
157,host-17,3,0,14,3,0,0,0.146406,0,32000,4685,0.146406,131072,5404,0.041229,0,0,3
157,host-18,3,1,14,3,1,0,0.160000,0,32000,5120,0.160000,131072,5075,0.038719,1,0,2
157,host-19,4,0,14,4,0,0,0.168313,0,32000,5386,0.168313,131072,7116,0.054291,0,0,4
157,host-2,3,0,14,3,0,0,0.126281,0,32000,4041,0.126281,131072,5018,0.038284,0,0,3
157,host-20,3,0,14,3,0,0,0.141281,0,32000,4521,0.141281,131072,4833,0.036873,0,0,3
157,host-21,3,0,14,3,0,0,0.129188,0,32000,4134,0.129188,131072,3029,0.023109,0,0,3
157,host-22,3,0,14,3,0,0,0.143156,0,32000,4581,0.143156,131072,5016,0.038269,0,0,3
157,host-23,3,0,14,3,0,0,0.144094,0,32000,4611,0.144094,131072,3655,0.027885,0,0,3
157,host-24,3,0,14,3,0,0,0.139719,0,32000,4471,0.139719,131072,4532,0.034576,0,0,3
157,host-3,3,0,14,3,0,0,0.130906,0,32000,4189,0.130906,131072,3929,0.029976,0,0,3
157,host-4,3,0,14,3,0,0,0.117844,0,32000,3771,0.117844,131072,4315,0.032921,0,0,3
157,host-5,3,0,14,3,0,0,0.137687,0,32000,4406,0.137687,131072,4717,0.035988,0,0,3
157,host-6,2,0,14,2,0,0,0.124406,0,32000,3981,0.124406,131072,3906,0.029800,0,0,2
157,host-7,3,0,14,3,0,0,0.169625,0,32000,5428,0.169625,131072,5616,0.042847,0,0,3
157,host-8,3,0,14,3,0,0,0.133469,0,32000,4271,0.133469,131072,5049,0.038521,0,0,3
157,host-9,3,0,14,3,0,0,0.160438,0,32000,5134,0.160438,131072,4966,0.037888,0,0,3
158,host-1,3,0,14,3,0,0,0.142969,0,32000,4575,0.142969,131072,3014,0.022995,0,0,3
158,host-10,3,0,14,3,0,0,0.143031,0,32000,4577,0.143031,131072,3745,0.028572,0,0,3
158,host-11,3,0,14,3,0,0,0.128344,0,32000,4107,0.128344,131072,4072,0.031067,0,0,3
158,host-12,3,0,14,3,0,0,0.134281,0,32000,4297,0.134281,131072,4763,0.036339,0,0,3
158,host-13,3,0,14,3,0,0,0.130250,0,32000,4168,0.130250,131072,3889,0.029671,0,0,3
158,host-14,3,0,14,3,0,0,0.140250,0,32000,4488,0.140250,131072,3178,0.024246,0,0,3
158,host-15,3,0,14,3,0,0,0.150000,0,32000,4800,0.150000,131072,4842,0.036942,0,0,3
158,host-16,2,0,14,2,0,0,0.121000,0,32000,3872,0.121000,131072,4753,0.036263,0,0,2
158,host-17,3,0,14,3,0,0,0.146406,0,32000,4685,0.146406,131072,5404,0.041229,0,0,3
158,host-18,3,0,14,3,0,0,0.160000,0,32000,5120,0.160000,131072,5075,0.038719,0,0,3
158,host-19,4,0,14,4,0,0,0.168313,0,32000,5386,0.168313,131072,7116,0.054291,0,0,4
158,host-2,3,0,14,3,0,0,0.126281,0,32000,4041,0.126281,131072,5018,0.038284,0,0,3
158,host-20,3,0,14,3,0,0,0.141281,0,32000,4521,0.141281,131072,4833,0.036873,0,0,3
158,host-21,3,0,14,3,0,0,0.129188,0,32000,4134,0.129188,131072,3029,0.023109,0,0,3
158,host-22,3,0,14,3,0,0,0.143156,0,32000,4581,0.143156,131072,5016,0.038269,0,0,3
158,host-23,3,0,14,3,0,0,0.144094,0,32000,4611,0.144094,131072,3655,0.027885,0,0,3
158,host-24,3,0,14,3,0,0,0.139719,0,32000,4471,0.139719,131072,4532,0.034576,0,0,3
158,host-3,3,0,14,3,0,0,0.130906,0,32000,4189,0.130906,131072,3929,0.029976,0,0,3
158,host-4,4,1,14,4,1,0,0.166219,0,32000,5319,0.166219,131072,5358,0.040878,1,0,3
158,host-5,3,0,14,3,0,0,0.137687,0,32000,4406,0.137687,131072,4717,0.035988,0,0,3
158,host-6,0,0,14,0,0,0,0.000000,0,32000,0,0.000000,131072,0,0.000000,0,0,0
158,host-7,3,0,14,3,0,0,0.169625,0,32000,5428,0.169625,131072,5616,0.042847,0,0,3
158,host-8,3,0,14,3,0,0,0.133469,0,32000,4271,0.133469,131072,5049,0.038521,0,0,3
158,host-9,3,0,14,3,0,0,0.160438,0,32000,5134,0.160438,131072,4966,0.037888,0,0,3
159,host-1,3,0,14,3,0,0,0.142969,0,32000,4575,0.142969,131072,3014,0.022995,0,0,3
159,host-10,3,0,14,3,0,0,0.143031,0,32000,4577,0.143031,131072,3745,0.028572,0,0,3
159,host-11,3,0,14,3,0,0,0.128344,0,32000,4107,0.128344,131072,4072,0.031067,0,0,3
159,host-12,3,0,14,3,0,0,0.134281,0,32000,4297,0.134281,131072,4763,0.036339,0,0,3
159,host-13,3,0,14,3,0,0,0.130250,0,32000,4168,0.130250,131072,3889,0.029671,0,0,3
159,host-14,3,0,14,3,0,0,0.140250,0,32000,4488,0.140250,131072,3178,0.024246,0,0,3
159,host-15,3,0,14,3,0,0,0.150000,0,32000,4800,0.150000,131072,4842,0.036942,0,0,3
159,host-16,2,0,14,2,0,0,0.121000,0,32000,3872,0.121000,131072,4753,0.036263,0,0,2
159,host-17,3,0,14,3,0,0,0.146406,0,32000,4685,0.146406,131072,5404,0.041229,0,0,3
159,host-18,2,0,14,2,0,0,0.095937,0,32000,3070,0.095937,131072,2389,0.018227,0,0,2
159,host-19,4,0,14,4,0,0,0.168313,0,32000,5386,0.168313,131072,7116,0.054291,0,0,4
159,host-2,3,0,14,3,0,0,0.126281,0,32000,4041,0.126281,131072,5018,0.038284,0,0,3
159,host-20,3,0,14,3,0,0,0.141281,0,32000,4521,0.141281,131072,4833,0.036873,0,0,3
159,host-21,3,0,14,3,0,0,0.129188,0,32000,4134,0.129188,131072,3029,0.023109,0,0,3
159,host-22,3,0,14,3,0,0,0.143156,0,32000,4581,0.143156,131072,5016,0.038269,0,0,3
159,host-23,3,0,14,3,0,0,0.144094,0,32000,4611,0.144094,131072,3655,0.027885,0,0,3
159,host-24,3,0,14,3,0,0,0.139719,0,32000,4471,0.139719,131072,4532,0.034576,0,0,3
159,host-3,3,0,14,3,0,0,0.130906,0,32000,4189,0.130906,131072,3929,0.029976,0,0,3
159,host-4,4,0,14,4,0,0,0.166219,0,32000,5319,0.166219,131072,5358,0.040878,0,0,4
159,host-5,3,0,14,3,0,0,0.137687,0,32000,4406,0.137687,131072,4717,0.035988,0,0,3
159,host-6,2,2,14,2,2,0,0.109250,0,32000,3496,0.109250,131072,4130,0.031509,2,0,0
159,host-7,3,0,14,3,0,0,0.169625,0,32000,5428,0.169625,131072,5616,0.042847,0,0,3
159,host-8,3,0,14,3,0,0,0.133469,0,32000,4271,0.133469,131072,5049,0.038521,0,0,3
159,host-9,3,0,14,3,0,0,0.160438,0,32000,5134,0.160438,131072,4966,0.037888,0,0,3
160,host-1,3,0,14,3,0,0,0.142969,0,32000,4575,0.142969,131072,3014,0.022995,0,0,3
160,host-10,3,0,14,3,0,0,0.143031,0,32000,4577,0.143031,131072,3745,0.028572,0,0,3
160,host-11,2,0,14,2,0,0,0.085812,0,32000,2746,0.085812,131072,3474,0.026505,0,0,2
160,host-12,3,0,14,3,0,0,0.134281,0,32000,4297,0.134281,131072,4763,0.036339,0,0,3
160,host-13,2,0,14,2,0,0,0.092469,0,32000,2959,0.092469,131072,2936,0.022400,0,0,2
160,host-14,3,0,14,3,0,0,0.140250,0,32000,4488,0.140250,131072,3178,0.024246,0,0,3
160,host-15,3,0,14,3,0,0,0.150000,0,32000,4800,0.150000,131072,4842,0.036942,0,0,3
160,host-16,2,0,14,2,0,0,0.121000,0,32000,3872,0.121000,131072,4753,0.036263,0,0,2
160,host-17,3,0,14,3,0,0,0.146406,0,32000,4685,0.146406,131072,5404,0.041229,0,0,3
160,host-18,3,1,14,3,1,0,0.160000,0,32000,5120,0.160000,131072,5075,0.038719,1,0,2
160,host-19,4,0,14,4,0,0,0.168313,0,32000,5386,0.168313,131072,7116,0.054291,0,0,4
160,host-2,3,0,14,3,0,0,0.126281,0,32000,4041,0.126281,131072,5018,0.038284,0,0,3
160,host-20,3,0,14,3,0,0,0.141281,0,32000,4521,0.141281,131072,4833,0.036873,0,0,3
160,host-21,3,0,14,3,0,0,0.129188,0,32000,4134,0.129188,131072,3029,0.023109,0,0,3
160,host-22,3,0,14,3,0,0,0.143156,0,32000,4581,0.143156,131072,5016,0.038269,0,0,3
160,host-23,3,0,14,3,0,0,0.144094,0,32000,4611,0.144094,131072,3655,0.027885,0,0,3
160,host-24,3,0,14,3,0,0,0.139719,0,32000,4471,0.139719,131072,4532,0.034576,0,0,3
160,host-3,3,0,14,3,0,0,0.130906,0,32000,4189,0.130906,131072,3929,0.029976,0,0,3
160,host-4,4,0,14,4,0,0,0.166219,0,32000,5319,0.166219,131072,5358,0.040878,0,0,4
160,host-5,3,0,14,3,0,0,0.137687,0,32000,4406,0.137687,131072,4717,0.035988,0,0,3
160,host-6,2,0,14,2,0,0,0.109250,0,32000,3496,0.109250,131072,4130,0.031509,0,0,2
160,host-7,3,0,14,3,0,0,0.169625,0,32000,5428,0.169625,131072,5616,0.042847,0,0,3
160,host-8,3,0,14,3,0,0,0.133469,0,32000,4271,0.133469,131072,5049,0.038521,0,0,3
160,host-9,3,0,14,3,0,0,0.160438,0,32000,5134,0.160438,131072,4966,0.037888,0,0,3
161,host-1,2,0,14,2,0,0,0.113156,0,32000,3621,0.113156,131072,2373,0.018105,0,0,2
161,host-10,3,0,14,3,0,0,0.143031,0,32000,4577,0.143031,131072,3745,0.028572,0,0,3
161,host-11,3,1,14,3,1,0,0.113062,0,32000,3618,0.113062,131072,4346,0.033157,1,0,2
161,host-12,3,0,14,3,0,0,0.134281,0,32000,4297,0.134281,131072,4763,0.036339,0,0,3
161,host-13,2,0,14,2,0,0,0.092469,0,32000,2959,0.092469,131072,2936,0.022400,0,0,2
161,host-14,2,0,14,2,0,0,0.085687,0,32000,2742,0.085687,131072,1929,0.014717,0,0,2
161,host-15,3,0,14,3,0,0,0.150000,0,32000,4800,0.150000,131072,4842,0.036942,0,0,3
161,host-16,2,0,14,2,0,0,0.121000,0,32000,3872,0.121000,131072,4753,0.036263,0,0,2
161,host-17,2,0,14,2,0,0,0.101813,0,32000,3258,0.101813,131072,4179,0.031883,0,0,2
161,host-18,3,1,14,3,1,0,0.160000,0,32000,5120,0.160000,131072,5075,0.038719,0,1,2
161,host-19,4,0,14,4,0,0,0.168313,0,32000,5386,0.168313,131072,7116,0.054291,0,0,4
161,host-2,3,0,14,3,0,0,0.126281,0,32000,4041,0.126281,131072,5018,0.038284,0,0,3
161,host-20,3,0,14,3,0,0,0.141281,0,32000,4521,0.141281,131072,4833,0.036873,0,0,3
161,host-21,3,0,14,3,0,0,0.129188,0,32000,4134,0.129188,131072,3029,0.023109,0,0,3
161,host-22,3,0,14,3,0,0,0.143156,0,32000,4581,0.143156,131072,5016,0.038269,0,0,3
161,host-23,3,0,14,3,0,0,0.144094,0,32000,4611,0.144094,131072,3655,0.027885,0,0,3
161,host-24,3,0,14,3,0,0,0.139719,0,32000,4471,0.139719,131072,4532,0.034576,0,0,3
161,host-3,3,0,14,3,0,0,0.130906,0,32000,4189,0.130906,131072,3929,0.029976,0,0,3
161,host-4,4,0,14,4,0,0,0.166219,0,32000,5319,0.166219,131072,5358,0.040878,0,0,4
161,host-5,2,0,14,2,0,0,0.084719,0,32000,2711,0.084719,131072,2585,0.019722,0,0,2
161,host-6,2,0,14,2,0,0,0.109250,0,32000,3496,0.109250,131072,4130,0.031509,0,0,2
161,host-7,3,0,14,3,0,0,0.169625,0,32000,5428,0.169625,131072,5616,0.042847,0,0,3
161,host-8,3,0,14,3,0,0,0.133469,0,32000,4271,0.133469,131072,5049,0.038521,0,0,3
161,host-9,2,0,14,2,0,0,0.102094,0,32000,3267,0.102094,131072,3778,0.028824,0,0,2
162,host-1,2,0,14,2,0,0,0.113156,0,32000,3621,0.113156,131072,2373,0.018105,0,0,2
162,host-10,3,0,14,3,0,0,0.143031,0,32000,4577,0.143031,131072,3745,0.028572,0,0,3
162,host-11,3,0,14,3,0,0,0.113062,0,32000,3618,0.113062,131072,4346,0.033157,0,0,3
162,host-12,3,0,14,3,0,0,0.134281,0,32000,4297,0.134281,131072,4763,0.036339,0,0,3
162,host-13,3,1,14,3,1,0,0.166250,0,32000,5320,0.166250,131072,5542,0.042282,1,0,2
162,host-14,3,1,14,3,1,0,0.119031,0,32000,3809,0.119031,131072,2945,0.022469,1,0,2
162,host-15,3,0,14,3,0,0,0.150000,0,32000,4800,0.150000,131072,4842,0.036942,0,0,3
162,host-16,2,0,14,2,0,0,0.121000,0,32000,3872,0.121000,131072,4753,0.036263,0,0,2
162,host-17,3,1,14,3,1,0,0.168344,0,32000,5387,0.168344,131072,6400,0.048828,1,0,2
162,host-18,3,0,14,3,0,0,0.160000,0,32000,5120,0.160000,131072,5075,0.038719,0,0,3
162,host-19,4,0,14,4,0,0,0.168313,0,32000,5386,0.168313,131072,7116,0.054291,0,0,4
162,host-2,3,0,14,3,0,0,0.126281,0,32000,4041,0.126281,131072,5018,0.038284,0,0,3
162,host-20,3,1,14,3,1,0,0.156031,0,32000,4993,0.156031,131072,6244,0.047638,1,0,2
162,host-21,3,0,14,3,0,0,0.129188,0,32000,4134,0.129188,131072,3029,0.023109,0,0,3
162,host-22,3,0,14,3,0,0,0.143156,0,32000,4581,0.143156,131072,5016,0.038269,0,0,3
162,host-23,3,0,14,3,0,0,0.144094,0,32000,4611,0.144094,131072,3655,0.027885,0,0,3
162,host-24,3,0,14,3,0,0,0.139719,0,32000,4471,0.139719,131072,4532,0.034576,0,0,3
162,host-3,3,0,14,3,0,0,0.130906,0,32000,4189,0.130906,131072,3929,0.029976,0,0,3
162,host-4,4,0,14,4,0,0,0.166219,0,32000,5319,0.166219,131072,5358,0.040878,0,0,4
162,host-5,3,1,14,3,1,0,0.128062,0,32000,4098,0.128062,131072,3459,0.026390,1,0,2
162,host-6,2,0,14,2,0,0,0.109250,0,32000,3496,0.109250,131072,4130,0.031509,0,0,2
162,host-7,3,0,14,3,0,0,0.169625,0,32000,5428,0.169625,131072,5616,0.042847,0,0,3
162,host-8,3,1,14,3,1,0,0.133469,0,32000,4271,0.133469,131072,5049,0.038521,0,1,2
162,host-9,2,0,14,2,0,0,0.102094,0,32000,3267,0.102094,131072,3778,0.028824,0,0,2
163,host-1,2,0,14,2,0,0,0.113156,0,32000,3621,0.113156,131072,2373,0.018105,0,0,2
163,host-10,3,0,14,3,0,0,0.143031,0,32000,4577,0.143031,131072,3745,0.028572,0,0,3
163,host-11,3,0,14,3,0,0,0.113062,0,32000,3618,0.113062,131072,4346,0.033157,0,0,3
163,host-12,3,0,14,3,0,0,0.134281,0,32000,4297,0.134281,131072,4763,0.036339,0,0,3
163,host-13,3,1,14,3,1,0,0.166250,0,32000,5320,0.166250,131072,5542,0.042282,1,0,2
163,host-14,3,0,14,3,0,0,0.119031,0,32000,3809,0.119031,131072,2945,0.022469,0,0,3
163,host-15,3,0,14,3,0,0,0.150000,0,32000,4800,0.150000,131072,4842,0.036942,0,0,3
163,host-16,2,0,14,2,0,0,0.121000,0,32000,3872,0.121000,131072,4753,0.036263,0,0,2
163,host-17,3,1,14,3,1,0,0.168344,0,32000,5387,0.168344,131072,6400,0.048828,1,0,2
163,host-18,3,0,14,3,0,0,0.160000,0,32000,5120,0.160000,131072,5075,0.038719,0,0,3
163,host-19,4,0,14,4,0,0,0.168313,0,32000,5386,0.168313,131072,7116,0.054291,0,0,4
163,host-2,3,0,14,3,0,0,0.126281,0,32000,4041,0.126281,131072,5018,0.038284,0,0,3
163,host-20,3,1,14,3,1,0,0.156031,0,32000,4993,0.156031,131072,6244,0.047638,1,0,2
163,host-21,3,0,14,3,0,0,0.129188,0,32000,4134,0.129188,131072,3029,0.023109,0,0,3
163,host-22,3,0,14,3,0,0,0.143156,0,32000,4581,0.143156,131072,5016,0.038269,0,0,3
163,host-23,3,0,14,3,0,0,0.144094,0,32000,4611,0.144094,131072,3655,0.027885,0,0,3
163,host-24,2,0,14,2,0,0,0.110156,0,32000,3525,0.110156,131072,3517,0.026833,0,0,2
163,host-3,3,0,14,3,0,0,0.130906,0,32000,4189,0.130906,131072,3929,0.029976,0,0,3
163,host-4,4,0,14,4,0,0,0.166219,0,32000,5319,0.166219,131072,5358,0.040878,0,0,4
163,host-5,3,1,14,3,1,0,0.128062,0,32000,4098,0.128062,131072,3459,0.026390,1,0,2
163,host-6,2,0,14,2,0,0,0.109250,0,32000,3496,0.109250,131072,4130,0.031509,0,0,2
163,host-7,3,0,14,3,0,0,0.169625,0,32000,5428,0.169625,131072,5616,0.042847,0,0,3
163,host-8,3,0,14,3,0,0,0.133469,0,32000,4271,0.133469,131072,5049,0.038521,0,0,3
163,host-9,3,1,14,3,1,0,0.145875,0,32000,4668,0.145875,131072,4524,0.034515,1,0,2
164,host-1,2,0,14,2,0,0,0.113156,0,32000,3621,0.113156,131072,2373,0.018105,0,0,2
164,host-10,2,0,14,2,0,0,0.110219,0,32000,3527,0.110219,131072,2925,0.022316,0,0,2
164,host-11,3,0,14,3,0,0,0.113062,0,32000,3618,0.113062,131072,4346,0.033157,0,0,3
164,host-12,3,0,14,3,0,0,0.134281,0,32000,4297,0.134281,131072,4763,0.036339,0,0,3
164,host-13,3,0,14,3,0,0,0.166250,0,32000,5320,0.166250,131072,5542,0.042282,0,0,3
164,host-14,3,0,14,3,0,0,0.119031,0,32000,3809,0.119031,131072,2945,0.022469,0,0,3
164,host-15,3,0,14,3,0,0,0.150000,0,32000,4800,0.150000,131072,4842,0.036942,0,0,3
164,host-16,2,0,14,2,0,0,0.121000,0,32000,3872,0.121000,131072,4753,0.036263,0,0,2
164,host-17,3,0,14,3,0,0,0.168344,0,32000,5387,0.168344,131072,6400,0.048828,0,0,3
164,host-18,3,0,14,3,0,0,0.160000,0,32000,5120,0.160000,131072,5075,0.038719,0,0,3
164,host-19,4,0,14,4,0,0,0.168313,0,32000,5386,0.168313,131072,7116,0.054291,0,0,4
164,host-2,3,0,14,3,0,0,0.126281,0,32000,4041,0.126281,131072,5018,0.038284,0,0,3
164,host-20,3,1,14,3,1,0,0.156031,0,32000,4993,0.156031,131072,6244,0.047638,0,1,2
164,host-21,3,0,14,3,0,0,0.129188,0,32000,4134,0.129188,131072,3029,0.023109,0,0,3
164,host-22,3,0,14,3,0,0,0.143156,0,32000,4581,0.143156,131072,5016,0.038269,0,0,3
164,host-23,2,0,14,2,0,0,0.106906,0,32000,3421,0.106906,131072,3284,0.025055,0,0,2
164,host-24,2,0,14,2,0,0,0.110156,0,32000,3525,0.110156,131072,3517,0.026833,0,0,2
164,host-3,3,0,14,3,0,0,0.130906,0,32000,4189,0.130906,131072,3929,0.029976,0,0,3
164,host-4,4,0,14,4,0,0,0.166219,0,32000,5319,0.166219,131072,5358,0.040878,0,0,4
164,host-5,3,0,14,3,0,0,0.128062,0,32000,4098,0.128062,131072,3459,0.026390,0,0,3
164,host-6,3,1,14,3,1,0,0.144469,0,32000,4623,0.144469,131072,5230,0.039902,1,0,2
164,host-7,3,0,14,3,0,0,0.169625,0,32000,5428,0.169625,131072,5616,0.042847,0,0,3
164,host-8,3,0,14,3,0,0,0.133469,0,32000,4271,0.133469,131072,5049,0.038521,0,0,3
164,host-9,3,1,14,3,1,0,0.145875,0,32000,4668,0.145875,131072,4524,0.034515,0,1,2
165,host-1,2,0,14,2,0,0,0.113156,0,32000,3621,0.113156,131072,2373,0.018105,0,0,2
165,host-10,3,1,14,3,1,0,0.169594,0,32000,5427,0.169594,131072,5150,0.039291,1,0,2
165,host-11,4,1,14,4,1,0,0.165625,0,32000,5300,0.165625,131072,6099,0.046532,1,0,3
165,host-12,3,0,14,3,0,0,0.134281,0,32000,4297,0.134281,131072,4763,0.036339,0,0,3
165,host-13,3,0,14,3,0,0,0.166250,0,32000,5320,0.166250,131072,5542,0.042282,0,0,3
165,host-14,3,0,14,3,0,0,0.119031,0,32000,3809,0.119031,131072,2945,0.022469,0,0,3
165,host-15,3,0,14,3,0,0,0.150000,0,32000,4800,0.150000,131072,4842,0.036942,0,0,3
165,host-16,2,0,14,2,0,0,0.121000,0,32000,3872,0.121000,131072,4753,0.036263,0,0,2
165,host-17,3,0,14,3,0,0,0.168344,0,32000,5387,0.168344,131072,6400,0.048828,0,0,3
165,host-18,3,0,14,3,0,0,0.160000,0,32000,5120,0.160000,131072,5075,0.038719,0,0,3
165,host-19,4,0,14,4,0,0,0.168313,0,32000,5386,0.168313,131072,7116,0.054291,0,0,4
165,host-2,3,0,14,3,0,0,0.126281,0,32000,4041,0.126281,131072,5018,0.038284,0,0,3
165,host-20,3,1,14,3,1,0,0.149062,0,32000,4770,0.149062,131072,5236,0.039948,1,0,2
165,host-21,4,2,14,4,2,0,0.155812,0,32000,4986,0.155812,131072,3507,0.026756,2,0,2
165,host-22,3,0,14,3,0,0,0.143156,0,32000,4581,0.143156,131072,5016,0.038269,0,0,3
165,host-23,3,1,14,3,1,0,0.184125,0,32000,5892,0.184125,131072,5582,0.042587,0,1,2
165,host-24,3,2,14,3,2,0,0.140281,0,32000,4489,0.140281,131072,3451,0.026329,2,0,1
165,host-3,3,0,14,3,0,0,0.130906,0,32000,4189,0.130906,131072,3929,0.029976,0,0,3
165,host-4,4,0,14,4,0,0,0.166219,0,32000,5319,0.166219,131072,5358,0.040878,0,0,4
165,host-5,3,0,14,3,0,0,0.128062,0,32000,4098,0.128062,131072,3459,0.026390,0,0,3
165,host-6,3,0,14,3,0,0,0.144469,0,32000,4623,0.144469,131072,5230,0.039902,0,0,3
165,host-7,3,0,14,3,0,0,0.169625,0,32000,5428,0.169625,131072,5616,0.042847,0,0,3
165,host-8,3,0,14,3,0,0,0.133469,0,32000,4271,0.133469,131072,5049,0.038521,0,0,3
165,host-9,3,0,14,3,0,0,0.145875,0,32000,4668,0.145875,131072,4524,0.034515,0,0,3
166,host-1,2,1,14,2,1,0,0.124000,0,32000,3968,0.124000,131072,3619,0.027611,1,0,1
166,host-10,3,0,14,3,0,0,0.169594,0,32000,5427,0.169594,131072,5150,0.039291,0,0,3
166,host-11,4,0,14,4,0,0,0.165625,0,32000,5300,0.165625,131072,6099,0.046532,0,0,4
166,host-12,3,0,14,3,0,0,0.134281,0,32000,4297,0.134281,131072,4763,0.036339,0,0,3
166,host-13,3,0,14,3,0,0,0.166250,0,32000,5320,0.166250,131072,5542,0.042282,0,0,3
166,host-14,4,1,14,4,1,0,0.177375,0,32000,5676,0.177375,131072,4133,0.031532,1,0,3
166,host-15,2,0,14,2,0,0,0.088469,0,32000,2831,0.088469,131072,2585,0.019722,0,0,2
166,host-16,3,1,14,3,1,0,0.174844,0,32000,5595,0.174844,131072,6702,0.051132,1,0,2
166,host-17,3,0,14,3,0,0,0.168344,0,32000,5387,0.168344,131072,6400,0.048828,0,0,3
166,host-18,3,0,14,3,0,0,0.160000,0,32000,5120,0.160000,131072,5075,0.038719,0,0,3
166,host-19,4,0,14,4,0,0,0.168313,0,32000,5386,0.168313,131072,7116,0.054291,0,0,4
166,host-2,3,0,14,3,0,0,0.126281,0,32000,4041,0.126281,131072,5018,0.038284,0,0,3
166,host-20,3,1,14,3,1,0,0.149062,0,32000,4770,0.149062,131072,5236,0.039948,1,0,2
166,host-21,4,1,14,4,1,0,0.155812,0,32000,4986,0.155812,131072,3507,0.026756,1,0,3
166,host-22,3,0,14,3,0,0,0.143156,0,32000,4581,0.143156,131072,5016,0.038269,0,0,3
166,host-23,2,0,14,2,0,0,0.126219,0,32000,4039,0.126219,131072,4175,0.031853,0,0,2
166,host-24,3,1,14,3,1,0,0.140281,0,32000,4489,0.140281,131072,3451,0.026329,1,0,2
166,host-3,3,0,14,3,0,0,0.130906,0,32000,4189,0.130906,131072,3929,0.029976,0,0,3
166,host-4,4,0,14,4,0,0,0.166219,0,32000,5319,0.166219,131072,5358,0.040878,0,0,4
166,host-5,3,0,14,3,0,0,0.128062,0,32000,4098,0.128062,131072,3459,0.026390,0,0,3
166,host-6,3,0,14,3,0,0,0.144469,0,32000,4623,0.144469,131072,5230,0.039902,0,0,3
166,host-7,3,0,14,3,0,0,0.169625,0,32000,5428,0.169625,131072,5616,0.042847,0,0,3
166,host-8,3,0,14,3,0,0,0.133469,0,32000,4271,0.133469,131072,5049,0.038521,0,0,3
166,host-9,3,0,14,3,0,0,0.145875,0,32000,4668,0.145875,131072,4524,0.034515,0,0,3
167,host-1,2,0,14,2,0,0,0.124000,0,32000,3968,0.124000,131072,3619,0.027611,0,0,2
167,host-10,2,0,14,2,0,0,0.128188,0,32000,4102,0.128188,131072,4119,0.031425,0,0,2
167,host-11,2,0,14,2,0,0,0.079812,0,32000,2554,0.079812,131072,2625,0.020027,0,0,2
167,host-12,3,0,14,3,0,0,0.134281,0,32000,4297,0.134281,131072,4763,0.036339,0,0,3
167,host-13,3,0,14,3,0,0,0.166250,0,32000,5320,0.166250,131072,5542,0.042282,0,0,3
167,host-14,4,1,14,4,1,0,0.177375,0,32000,5676,0.177375,131072,4133,0.031532,1,0,3
167,host-15,2,0,14,2,0,0,0.088469,0,32000,2831,0.088469,131072,2585,0.019722,0,0,2
167,host-16,3,0,14,3,0,0,0.174844,0,32000,5595,0.174844,131072,6702,0.051132,0,0,3
167,host-17,3,0,14,3,0,0,0.168344,0,32000,5387,0.168344,131072,6400,0.048828,0,0,3
167,host-18,3,0,14,3,0,0,0.160000,0,32000,5120,0.160000,131072,5075,0.038719,0,0,3
167,host-19,4,0,14,4,0,0,0.168313,0,32000,5386,0.168313,131072,7116,0.054291,0,0,4
167,host-2,3,0,14,3,0,0,0.126281,0,32000,4041,0.126281,131072,5018,0.038284,0,0,3
167,host-20,3,0,14,3,0,0,0.149062,0,32000,4770,0.149062,131072,5236,0.039948,0,0,3
167,host-21,3,0,14,3,0,0,0.114094,0,32000,3651,0.114094,131072,3000,0.022888,0,0,3
167,host-22,3,1,14,3,1,0,0.143156,0,32000,4581,0.143156,131072,5016,0.038269,0,1,2
167,host-23,1,0,14,1,0,0,0.077219,0,32000,2471,0.077219,131072,2298,0.017532,0,0,1
167,host-24,3,0,14,3,0,0,0.140281,0,32000,4489,0.140281,131072,3451,0.026329,0,0,3
167,host-3,3,0,14,3,0,0,0.130906,0,32000,4189,0.130906,131072,3929,0.029976,0,0,3
167,host-4,4,1,14,4,1,0,0.166219,0,32000,5319,0.166219,131072,5358,0.040878,0,1,3
167,host-5,3,0,14,3,0,0,0.128062,0,32000,4098,0.128062,131072,3459,0.026390,0,0,3
167,host-6,3,0,14,3,0,0,0.144469,0,32000,4623,0.144469,131072,5230,0.039902,0,0,3
167,host-7,3,0,14,3,0,0,0.169625,0,32000,5428,0.169625,131072,5616,0.042847,0,0,3
167,host-8,3,0,14,3,0,0,0.133469,0,32000,4271,0.133469,131072,5049,0.038521,0,0,3
167,host-9,3,0,14,3,0,0,0.145875,0,32000,4668,0.145875,131072,4524,0.034515,0,0,3
168,host-1,2,0,14,2,0,0,0.124000,0,32000,3968,0.124000,131072,3619,0.027611,0,0,2
168,host-10,2,0,14,2,0,0,0.128188,0,32000,4102,0.128188,131072,4119,0.031425,0,0,2
168,host-11,2,0,14,2,0,0,0.079812,0,32000,2554,0.079812,131072,2625,0.020027,0,0,2
168,host-12,3,0,14,3,0,0,0.134281,0,32000,4297,0.134281,131072,4763,0.036339,0,0,3
168,host-13,3,0,14,3,0,0,0.166250,0,32000,5320,0.166250,131072,5542,0.042282,0,0,3
168,host-14,4,0,14,4,0,0,0.177375,0,32000,5676,0.177375,131072,4133,0.031532,0,0,4
168,host-15,2,0,14,2,0,0,0.088469,0,32000,2831,0.088469,131072,2585,0.019722,0,0,2
168,host-16,3,0,14,3,0,0,0.174844,0,32000,5595,0.174844,131072,6702,0.051132,0,0,3
168,host-17,2,0,14,2,0,0,0.100344,0,32000,3211,0.100344,131072,3521,0.026863,0,0,2
168,host-18,3,0,14,3,0,0,0.160000,0,32000,5120,0.160000,131072,5075,0.038719,0,0,3
168,host-19,3,0,14,3,0,0,0.140594,0,32000,4499,0.140594,131072,5785,0.044136,0,0,3
168,host-2,3,0,14,3,0,0,0.126281,0,32000,4041,0.126281,131072,5018,0.038284,0,0,3
168,host-20,2,0,14,2,0,0,0.114187,0,32000,3654,0.114187,131072,3473,0.026497,0,0,2
168,host-21,3,0,14,3,0,0,0.114094,0,32000,3651,0.114094,131072,3000,0.022888,0,0,3
168,host-22,3,0,14,3,0,0,0.143156,0,32000,4581,0.143156,131072,5016,0.038269,0,0,3
168,host-23,1,0,14,1,0,0,0.077219,0,32000,2471,0.077219,131072,2298,0.017532,0,0,1
168,host-24,3,0,14,3,0,0,0.140281,0,32000,4489,0.140281,131072,3451,0.026329,0,0,3
168,host-3,2,0,14,2,0,0,0.068750,0,32000,2200,0.068750,131072,2462,0.018784,0,0,2
168,host-4,4,0,14,4,0,0,0.166219,0,32000,5319,0.166219,131072,5358,0.040878,0,0,4
168,host-5,3,0,14,3,0,0,0.128062,0,32000,4098,0.128062,131072,3459,0.026390,0,0,3
168,host-6,3,0,14,3,0,0,0.144469,0,32000,4623,0.144469,131072,5230,0.039902,0,0,3
168,host-7,3,0,14,3,0,0,0.169625,0,32000,5428,0.169625,131072,5616,0.042847,0,0,3
168,host-8,3,0,14,3,0,0,0.133469,0,32000,4271,0.133469,131072,5049,0.038521,0,0,3
168,host-9,3,0,14,3,0,0,0.145875,0,32000,4668,0.145875,131072,4524,0.034515,0,0,3
169,host-1,2,0,14,2,0,0,0.124000,0,32000,3968,0.124000,131072,3619,0.027611,0,0,2
169,host-10,2,0,14,2,0,0,0.128188,0,32000,4102,0.128188,131072,4119,0.031425,0,0,2
169,host-11,2,0,14,2,0,0,0.079812,0,32000,2554,0.079812,131072,2625,0.020027,0,0,2
169,host-12,3,0,14,3,0,0,0.134281,0,32000,4297,0.134281,131072,4763,0.036339,0,0,3
169,host-13,3,0,14,3,0,0,0.166250,0,32000,5320,0.166250,131072,5542,0.042282,0,0,3
169,host-14,4,0,14,4,0,0,0.177375,0,32000,5676,0.177375,131072,4133,0.031532,0,0,4
169,host-15,1,0,14,1,0,0,0.050937,0,32000,1630,0.050937,131072,1533,0.011696,0,0,1
169,host-16,2,0,14,2,0,0,0.121969,0,32000,3903,0.121969,131072,4680,0.035706,0,0,2
169,host-17,2,0,14,2,0,0,0.100344,0,32000,3211,0.100344,131072,3521,0.026863,0,0,2
169,host-18,3,0,14,3,0,0,0.160000,0,32000,5120,0.160000,131072,5075,0.038719,0,0,3
169,host-19,3,0,14,3,0,0,0.140594,0,32000,4499,0.140594,131072,5785,0.044136,0,0,3
169,host-2,3,0,14,3,0,0,0.126281,0,32000,4041,0.126281,131072,5018,0.038284,0,0,3
169,host-20,2,0,14,2,0,0,0.114187,0,32000,3654,0.114187,131072,3473,0.026497,0,0,2
169,host-21,2,0,14,2,0,0,0.075156,0,32000,2405,0.075156,131072,2205,0.016823,0,0,2
169,host-22,3,0,14,3,0,0,0.143156,0,32000,4581,0.143156,131072,5016,0.038269,0,0,3
169,host-23,1,0,14,1,0,0,0.077219,0,32000,2471,0.077219,131072,2298,0.017532,0,0,1
169,host-24,3,0,14,3,0,0,0.140281,0,32000,4489,0.140281,131072,3451,0.026329,0,0,3
169,host-3,3,1,14,3,1,0,0.139469,0,32000,4463,0.139469,131072,5042,0.038467,1,0,2
169,host-4,4,0,14,4,0,0,0.166219,0,32000,5319,0.166219,131072,5358,0.040878,0,0,4
169,host-5,3,0,14,3,0,0,0.128062,0,32000,4098,0.128062,131072,3459,0.026390,0,0,3
169,host-6,3,0,14,3,0,0,0.144469,0,32000,4623,0.144469,131072,5230,0.039902,0,0,3
169,host-7,2,0,14,2,0,0,0.110969,0,32000,3551,0.110969,131072,4052,0.030914,0,0,2
169,host-8,3,0,14,3,0,0,0.133469,0,32000,4271,0.133469,131072,5049,0.038521,0,0,3
169,host-9,3,0,14,3,0,0,0.145875,0,32000,4668,0.145875,131072,4524,0.034515,0,0,3
170,host-1,2,0,14,2,0,0,0.124000,0,32000,3968,0.124000,131072,3619,0.027611,0,0,2
170,host-10,2,0,14,2,0,0,0.128188,0,32000,4102,0.128188,131072,4119,0.031425,0,0,2
170,host-11,2,0,14,2,0,0,0.079812,0,32000,2554,0.079812,131072,2625,0.020027,0,0,2
170,host-12,2,0,14,2,0,0,0.098437,0,32000,3150,0.098437,131072,3899,0.029747,0,0,2
170,host-13,2,0,14,2,0,0,0.100406,0,32000,3213,0.100406,131072,3679,0.028069,0,0,2
170,host-14,4,0,14,4,0,0,0.177375,0,32000,5676,0.177375,131072,4133,0.031532,0,0,4
170,host-15,2,1,14,2,1,0,0.092625,0,32000,2964,0.092625,131072,3038,0.023178,1,0,1
170,host-16,1,0,14,1,0,0,0.053844,0,32000,1723,0.053844,131072,1949,0.014870,0,0,1
170,host-17,2,0,14,2,0,0,0.100344,0,32000,3211,0.100344,131072,3521,0.026863,0,0,2
170,host-18,3,0,14,3,0,0,0.160000,0,32000,5120,0.160000,131072,5075,0.038719,0,0,3
170,host-19,2,0,14,2,0,0,0.096594,0,32000,3091,0.096594,131072,3903,0.029778,0,0,2
170,host-2,1,0,14,1,0,0,0.029562,0,32000,946,0.029562,131072,1015,0.007744,0,0,1
170,host-20,2,0,14,2,0,0,0.114187,0,32000,3654,0.114187,131072,3473,0.026497,0,0,2
170,host-21,2,0,14,2,0,0,0.075156,0,32000,2405,0.075156,131072,2205,0.016823,0,0,2
170,host-22,3,0,14,3,0,0,0.143156,0,32000,4581,0.143156,131072,5016,0.038269,0,0,3
170,host-23,1,0,14,1,0,0,0.077219,0,32000,2471,0.077219,131072,2298,0.017532,0,0,1
170,host-24,3,0,14,3,0,0,0.140281,0,32000,4489,0.140281,131072,3451,0.026329,0,0,3
170,host-3,3,0,14,3,0,0,0.139469,0,32000,4463,0.139469,131072,5042,0.038467,0,0,3
170,host-4,4,0,14,4,0,0,0.166219,0,32000,5319,0.166219,131072,5358,0.040878,0,0,4
170,host-5,2,0,14,2,0,0,0.075188,0,32000,2406,0.075188,131072,1437,0.010963,0,0,2
170,host-6,3,0,14,3,0,0,0.144469,0,32000,4623,0.144469,131072,5230,0.039902,0,0,3
170,host-7,2,0,14,2,0,0,0.110969,0,32000,3551,0.110969,131072,4052,0.030914,0,0,2
170,host-8,3,0,14,3,0,0,0.133469,0,32000,4271,0.133469,131072,5049,0.038521,0,0,3
170,host-9,2,0,14,2,0,0,0.098312,0,32000,3146,0.098312,131072,2674,0.020401,0,0,2
171,host-1,1,0,14,1,0,0,0.052562,0,32000,1682,0.052562,131072,1753,0.013374,0,0,1
171,host-10,2,0,14,2,0,0,0.128188,0,32000,4102,0.128188,131072,4119,0.031425,0,0,2
171,host-11,2,0,14,2,0,0,0.079812,0,32000,2554,0.079812,131072,2625,0.020027,0,0,2
171,host-12,1,0,14,1,0,0,0.063187,0,32000,2022,0.063187,131072,2269,0.017311,0,0,1
171,host-13,2,0,14,2,0,0,0.100406,0,32000,3213,0.100406,131072,3679,0.028069,0,0,2
171,host-14,3,0,14,3,0,0,0.119469,0,32000,3823,0.119469,131072,2726,0.020798,0,0,3
171,host-15,2,1,14,2,1,0,0.092625,0,32000,2964,0.092625,131072,3038,0.023178,1,0,1
171,host-16,1,0,14,1,0,0,0.053844,0,32000,1723,0.053844,131072,1949,0.014870,0,0,1
171,host-17,2,0,14,2,0,0,0.100344,0,32000,3211,0.100344,131072,3521,0.026863,0,0,2
171,host-18,3,0,14,3,0,0,0.160000,0,32000,5120,0.160000,131072,5075,0.038719,0,0,3
171,host-19,1,0,14,1,0,0,0.068281,0,32000,2185,0.068281,131072,2705,0.020638,0,0,1
171,host-2,2,1,14,2,1,0,0.066031,0,32000,2113,0.066031,131072,2380,0.018158,1,0,1
171,host-20,2,0,14,2,0,0,0.114187,0,32000,3654,0.114187,131072,3473,0.026497,0,0,2
171,host-21,2,0,14,2,0,0,0.075156,0,32000,2405,0.075156,131072,2205,0.016823,0,0,2
171,host-22,3,0,14,3,0,0,0.143156,0,32000,4581,0.143156,131072,5016,0.038269,0,0,3
171,host-23,1,0,14,1,0,0,0.077219,0,32000,2471,0.077219,131072,2298,0.017532,0,0,1
171,host-24,3,0,14,3,0,0,0.140281,0,32000,4489,0.140281,131072,3451,0.026329,0,0,3
171,host-3,3,0,14,3,0,0,0.139469,0,32000,4463,0.139469,131072,5042,0.038467,0,0,3
171,host-4,2,0,14,2,0,0,0.101312,0,32000,3242,0.101312,131072,3304,0.025208,0,0,2
171,host-5,2,0,14,2,0,0,0.075188,0,32000,2406,0.075188,131072,1437,0.010963,0,0,2
171,host-6,3,0,14,3,0,0,0.144469,0,32000,4623,0.144469,131072,5230,0.039902,0,0,3
171,host-7,2,0,14,2,0,0,0.110969,0,32000,3551,0.110969,131072,4052,0.030914,0,0,2
171,host-8,2,0,14,2,0,0,0.110500,0,32000,3536,0.110500,131072,3853,0.029396,0,0,2
171,host-9,2,0,14,2,0,0,0.098312,0,32000,3146,0.098312,131072,2674,0.020401,0,0,2
172,host-1,2,1,14,2,1,0,0.090781,0,32000,2905,0.090781,131072,3177,0.024239,0,1,1
172,host-10,1,0,14,1,0,0,0.059375,0,32000,1900,0.059375,131072,2225,0.016975,0,0,1
172,host-11,2,0,14,2,0,0,0.079812,0,32000,2554,0.079812,131072,2625,0.020027,0,0,2
172,host-12,1,0,14,1,0,0,0.063187,0,32000,2022,0.063187,131072,2269,0.017311,0,0,1
172,host-13,2,0,14,2,0,0,0.100406,0,32000,3213,0.100406,131072,3679,0.028069,0,0,2
172,host-14,3,0,14,3,0,0,0.119469,0,32000,3823,0.119469,131072,2726,0.020798,0,0,3
172,host-15,2,0,14,2,0,0,0.092625,0,32000,2964,0.092625,131072,3038,0.023178,0,0,2
172,host-16,2,1,14,2,1,0,0.090313,0,32000,2890,0.090313,131072,3314,0.025284,1,0,1
172,host-17,2,0,14,2,0,0,0.100344,0,32000,3211,0.100344,131072,3521,0.026863,0,0,2
172,host-18,3,0,14,3,0,0,0.160000,0,32000,5120,0.160000,131072,5075,0.038719,0,0,3
172,host-19,1,0,14,1,0,0,0.068281,0,32000,2185,0.068281,131072,2705,0.020638,0,0,1
172,host-2,2,0,14,2,0,0,0.066031,0,32000,2113,0.066031,131072,2380,0.018158,0,0,2
172,host-20,2,0,14,2,0,0,0.114187,0,32000,3654,0.114187,131072,3473,0.026497,0,0,2
172,host-21,2,0,14,2,0,0,0.075156,0,32000,2405,0.075156,131072,2205,0.016823,0,0,2
172,host-22,3,0,14,3,0,0,0.143156,0,32000,4581,0.143156,131072,5016,0.038269,0,0,3
172,host-23,1,0,14,1,0,0,0.077219,0,32000,2471,0.077219,131072,2298,0.017532,0,0,1
172,host-24,3,0,14,3,0,0,0.140281,0,32000,4489,0.140281,131072,3451,0.026329,0,0,3
172,host-3,3,0,14,3,0,0,0.139469,0,32000,4463,0.139469,131072,5042,0.038467,0,0,3
172,host-4,2,0,14,2,0,0,0.101312,0,32000,3242,0.101312,131072,3304,0.025208,0,0,2
172,host-5,2,0,14,2,0,0,0.075188,0,32000,2406,0.075188,131072,1437,0.010963,0,0,2
172,host-6,3,0,14,3,0,0,0.144469,0,32000,4623,0.144469,131072,5230,0.039902,0,0,3
172,host-7,2,0,14,2,0,0,0.110969,0,32000,3551,0.110969,131072,4052,0.030914,0,0,2
172,host-8,1,0,14,1,0,0,0.072156,0,32000,2309,0.072156,131072,2949,0.022499,0,0,1
172,host-9,2,0,14,2,0,0,0.098312,0,32000,3146,0.098312,131072,2674,0.020401,0,0,2
173,host-1,2,0,14,2,0,0,0.090781,0,32000,2905,0.090781,131072,3177,0.024239,0,0,2
173,host-10,2,1,14,2,1,0,0.130781,0,32000,4185,0.130781,131072,4793,0.036568,1,0,1
173,host-11,2,0,14,2,0,0,0.079812,0,32000,2554,0.079812,131072,2625,0.020027,0,0,2
173,host-12,2,1,14,2,1,0,0.139156,0,32000,4453,0.139156,131072,5189,0.039589,1,0,1
173,host-13,2,0,14,2,0,0,0.100406,0,32000,3213,0.100406,131072,3679,0.028069,0,0,2
173,host-14,3,0,14,3,0,0,0.119469,0,32000,3823,0.119469,131072,2726,0.020798,0,0,3
173,host-15,2,0,14,2,0,0,0.092625,0,32000,2964,0.092625,131072,3038,0.023178,0,0,2
173,host-16,2,0,14,2,0,0,0.090313,0,32000,2890,0.090313,131072,3314,0.025284,0,0,2
173,host-17,2,0,14,2,0,0,0.100344,0,32000,3211,0.100344,131072,3521,0.026863,0,0,2
173,host-18,3,0,14,3,0,0,0.160000,0,32000,5120,0.160000,131072,5075,0.038719,0,0,3
173,host-19,1,0,14,1,0,0,0.068281,0,32000,2185,0.068281,131072,2705,0.020638,0,0,1
173,host-2,2,0,14,2,0,0,0.066031,0,32000,2113,0.066031,131072,2380,0.018158,0,0,2
173,host-20,2,0,14,2,0,0,0.114187,0,32000,3654,0.114187,131072,3473,0.026497,0,0,2
173,host-21,2,0,14,2,0,0,0.075156,0,32000,2405,0.075156,131072,2205,0.016823,0,0,2
173,host-22,3,0,14,3,0,0,0.143156,0,32000,4581,0.143156,131072,5016,0.038269,0,0,3
173,host-23,1,0,14,1,0,0,0.077219,0,32000,2471,0.077219,131072,2298,0.017532,0,0,1
173,host-24,3,0,14,3,0,0,0.140281,0,32000,4489,0.140281,131072,3451,0.026329,0,0,3
173,host-3,3,0,14,3,0,0,0.139469,0,32000,4463,0.139469,131072,5042,0.038467,0,0,3
173,host-4,2,0,14,2,0,0,0.101312,0,32000,3242,0.101312,131072,3304,0.025208,0,0,2
173,host-5,2,0,14,2,0,0,0.075188,0,32000,2406,0.075188,131072,1437,0.010963,0,0,2
173,host-6,3,0,14,3,0,0,0.144469,0,32000,4623,0.144469,131072,5230,0.039902,0,0,3
173,host-7,2,0,14,2,0,0,0.110969,0,32000,3551,0.110969,131072,4052,0.030914,0,0,2
173,host-8,1,0,14,1,0,0,0.072156,0,32000,2309,0.072156,131072,2949,0.022499,0,0,1
173,host-9,2,0,14,2,0,0,0.098312,0,32000,3146,0.098312,131072,2674,0.020401,0,0,2
174,host-1,2,0,14,2,0,0,0.090781,0,32000,2905,0.090781,131072,3177,0.024239,0,0,2
174,host-10,2,0,14,2,0,0,0.130781,0,32000,4185,0.130781,131072,4793,0.036568,0,0,2
174,host-11,2,0,14,2,0,0,0.079812,0,32000,2554,0.079812,131072,2625,0.020027,0,0,2
174,host-12,2,1,14,2,1,0,0.139156,0,32000,4453,0.139156,131072,5189,0.039589,0,1,1
174,host-13,2,0,14,2,0,0,0.100406,0,32000,3213,0.100406,131072,3679,0.028069,0,0,2
174,host-14,3,0,14,3,0,0,0.119469,0,32000,3823,0.119469,131072,2726,0.020798,0,0,3
174,host-15,2,0,14,2,0,0,0.092625,0,32000,2964,0.092625,131072,3038,0.023178,0,0,2
174,host-16,2,0,14,2,0,0,0.090313,0,32000,2890,0.090313,131072,3314,0.025284,0,0,2
174,host-17,2,0,14,2,0,0,0.100344,0,32000,3211,0.100344,131072,3521,0.026863,0,0,2
174,host-18,3,0,14,3,0,0,0.160000,0,32000,5120,0.160000,131072,5075,0.038719,0,0,3
174,host-19,2,1,14,2,1,0,0.116312,0,32000,3722,0.116312,131072,4187,0.031944,1,0,1
174,host-2,3,1,14,3,1,0,0.128844,0,32000,4123,0.128844,131072,4794,0.036575,1,0,2
174,host-20,2,0,14,2,0,0,0.114187,0,32000,3654,0.114187,131072,3473,0.026497,0,0,2
174,host-21,3,1,14,3,1,0,0.133000,0,32000,4256,0.133000,131072,4517,0.034462,1,0,2
174,host-22,3,0,14,3,0,0,0.143156,0,32000,4581,0.143156,131072,5016,0.038269,0,0,3
174,host-23,1,0,14,1,0,0,0.077219,0,32000,2471,0.077219,131072,2298,0.017532,0,0,1
174,host-24,2,0,14,2,0,0,0.099062,0,32000,3170,0.099062,131072,2576,0.019653,0,0,2
174,host-3,3,0,14,3,0,0,0.139469,0,32000,4463,0.139469,131072,5042,0.038467,0,0,3
174,host-4,2,0,14,2,0,0,0.101312,0,32000,3242,0.101312,131072,3304,0.025208,0,0,2
174,host-5,2,0,14,2,0,0,0.075188,0,32000,2406,0.075188,131072,1437,0.010963,0,0,2
174,host-6,3,0,14,3,0,0,0.144469,0,32000,4623,0.144469,131072,5230,0.039902,0,0,3
174,host-7,2,0,14,2,0,0,0.110969,0,32000,3551,0.110969,131072,4052,0.030914,0,0,2
174,host-8,2,1,14,2,1,0,0.116625,0,32000,3732,0.116625,131072,4867,0.037132,1,0,1
174,host-9,2,0,14,2,0,0,0.098312,0,32000,3146,0.098312,131072,2674,0.020401,0,0,2
175,host-1,2,0,14,2,0,0,0.090781,0,32000,2905,0.090781,131072,3177,0.024239,0,0,2
175,host-10,2,0,14,2,0,0,0.130781,0,32000,4185,0.130781,131072,4793,0.036568,0,0,2
175,host-11,2,0,14,2,0,0,0.079812,0,32000,2554,0.079812,131072,2625,0.020027,0,0,2
175,host-12,2,0,14,2,0,0,0.139156,0,32000,4453,0.139156,131072,5189,0.039589,0,0,2
175,host-13,2,0,14,2,0,0,0.100406,0,32000,3213,0.100406,131072,3679,0.028069,0,0,2
175,host-14,3,0,14,3,0,0,0.119469,0,32000,3823,0.119469,131072,2726,0.020798,0,0,3
175,host-15,2,0,14,2,0,0,0.092625,0,32000,2964,0.092625,131072,3038,0.023178,0,0,2
175,host-16,2,0,14,2,0,0,0.090313,0,32000,2890,0.090313,131072,3314,0.025284,0,0,2
175,host-17,2,0,14,2,0,0,0.100344,0,32000,3211,0.100344,131072,3521,0.026863,0,0,2
175,host-18,3,0,14,3,0,0,0.160000,0,32000,5120,0.160000,131072,5075,0.038719,0,0,3
175,host-19,2,1,14,2,1,0,0.116312,0,32000,3722,0.116312,131072,4187,0.031944,1,0,1
175,host-2,3,1,14,3,1,0,0.128844,0,32000,4123,0.128844,131072,4794,0.036575,1,0,2
175,host-20,2,0,14,2,0,0,0.114187,0,32000,3654,0.114187,131072,3473,0.026497,0,0,2
175,host-21,3,1,14,3,1,0,0.133000,0,32000,4256,0.133000,131072,4517,0.034462,1,0,2
175,host-22,3,0,14,3,0,0,0.143156,0,32000,4581,0.143156,131072,5016,0.038269,0,0,3
175,host-23,1,0,14,1,0,0,0.077219,0,32000,2471,0.077219,131072,2298,0.017532,0,0,1
175,host-24,2,0,14,2,0,0,0.099062,0,32000,3170,0.099062,131072,2576,0.019653,0,0,2
175,host-3,3,0,14,3,0,0,0.139469,0,32000,4463,0.139469,131072,5042,0.038467,0,0,3
175,host-4,2,0,14,2,0,0,0.101312,0,32000,3242,0.101312,131072,3304,0.025208,0,0,2
175,host-5,3,1,14,3,1,0,0.138000,0,32000,4416,0.138000,131072,3851,0.029381,1,0,2
175,host-6,3,0,14,3,0,0,0.144469,0,32000,4623,0.144469,131072,5230,0.039902,0,0,3
175,host-7,1,0,14,1,0,0,0.056438,0,32000,1806,0.056438,131072,2124,0.016205,0,0,1
175,host-8,2,0,14,2,0,0,0.116625,0,32000,3732,0.116625,131072,4867,0.037132,0,0,2
175,host-9,1,0,14,1,0,0,0.043781,0,32000,1401,0.043781,131072,746,0.005692,0,0,1
176,host-1,2,0,14,2,0,0,0.090781,0,32000,2905,0.090781,131072,3177,0.024239,0,0,2
176,host-10,2,0,14,2,0,0,0.130781,0,32000,4185,0.130781,131072,4793,0.036568,0,0,2
176,host-11,2,0,14,2,0,0,0.079812,0,32000,2554,0.079812,131072,2625,0.020027,0,0,2
176,host-12,2,0,14,2,0,0,0.139156,0,32000,4453,0.139156,131072,5189,0.039589,0,0,2
176,host-13,2,0,14,2,0,0,0.100406,0,32000,3213,0.100406,131072,3679,0.028069,0,0,2
176,host-14,3,0,14,3,0,0,0.119469,0,32000,3823,0.119469,131072,2726,0.020798,0,0,3
176,host-15,2,0,14,2,0,0,0.092625,0,32000,2964,0.092625,131072,3038,0.023178,0,0,2
176,host-16,2,0,14,2,0,0,0.090313,0,32000,2890,0.090313,131072,3314,0.025284,0,0,2
176,host-17,1,0,14,1,0,0,0.066531,0,32000,2129,0.066531,131072,2221,0.016945,0,0,1
176,host-18,3,0,14,3,0,0,0.160000,0,32000,5120,0.160000,131072,5075,0.038719,0,0,3
176,host-19,1,0,14,1,0,0,0.048031,0,32000,1537,0.048031,131072,1482,0.011307,0,0,1
176,host-2,3,0,14,3,0,0,0.128844,0,32000,4123,0.128844,131072,4794,0.036575,0,0,3
176,host-20,2,0,14,2,0,0,0.114187,0,32000,3654,0.114187,131072,3473,0.026497,0,0,2
176,host-21,3,0,14,3,0,0,0.133000,0,32000,4256,0.133000,131072,4517,0.034462,0,0,3
176,host-22,3,1,14,3,1,0,0.143156,0,32000,4581,0.143156,131072,5016,0.038269,0,1,2
176,host-23,1,0,14,1,0,0,0.077219,0,32000,2471,0.077219,131072,2298,0.017532,0,0,1
176,host-24,2,0,14,2,0,0,0.099062,0,32000,3170,0.099062,131072,2576,0.019653,0,0,2
176,host-3,3,0,14,3,0,0,0.139469,0,32000,4463,0.139469,131072,5042,0.038467,0,0,3
176,host-4,2,0,14,2,0,0,0.101312,0,32000,3242,0.101312,131072,3304,0.025208,0,0,2
176,host-5,3,1,14,3,1,0,0.138000,0,32000,4416,0.138000,131072,3851,0.029381,0,1,2
176,host-6,3,0,14,3,0,0,0.144469,0,32000,4623,0.144469,131072,5230,0.039902,0,0,3
176,host-7,1,0,14,1,0,0,0.056438,0,32000,1806,0.056438,131072,2124,0.016205,0,0,1
176,host-8,2,0,14,2,0,0,0.116625,0,32000,3732,0.116625,131072,4867,0.037132,0,0,2
176,host-9,1,0,14,1,0,0,0.043781,0,32000,1401,0.043781,131072,746,0.005692,0,0,1
177,host-1,2,0,14,2,0,0,0.090781,0,32000,2905,0.090781,131072,3177,0.024239,0,0,2
177,host-10,2,0,14,2,0,0,0.130781,0,32000,4185,0.130781,131072,4793,0.036568,0,0,2
177,host-11,2,0,14,2,0,0,0.079812,0,32000,2554,0.079812,131072,2625,0.020027,0,0,2
177,host-12,2,0,14,2,0,0,0.139156,0,32000,4453,0.139156,131072,5189,0.039589,0,0,2
177,host-13,1,0,14,1,0,0,0.073781,0,32000,2361,0.073781,131072,2606,0.019882,0,0,1
177,host-14,2,0,14,2,0,0,0.091688,0,32000,2934,0.091688,131072,2204,0.016815,0,0,2
177,host-15,2,0,14,2,0,0,0.092625,0,32000,2964,0.092625,131072,3038,0.023178,0,0,2
177,host-16,2,0,14,2,0,0,0.090313,0,32000,2890,0.090313,131072,3314,0.025284,0,0,2
177,host-17,1,0,14,1,0,0,0.066531,0,32000,2129,0.066531,131072,2221,0.016945,0,0,1
177,host-18,3,0,14,3,0,0,0.160000,0,32000,5120,0.160000,131072,5075,0.038719,0,0,3
177,host-19,1,0,14,1,0,0,0.048031,0,32000,1537,0.048031,131072,1482,0.011307,0,0,1
177,host-2,3,0,14,3,0,0,0.128844,0,32000,4123,0.128844,131072,4794,0.036575,0,0,3
177,host-20,2,0,14,2,0,0,0.114187,0,32000,3654,0.114187,131072,3473,0.026497,0,0,2
177,host-21,3,1,14,3,1,0,0.133000,0,32000,4256,0.133000,131072,4517,0.034462,0,1,2
177,host-22,3,0,14,3,0,0,0.143156,0,32000,4581,0.143156,131072,5016,0.038269,0,0,3
177,host-23,1,0,14,1,0,0,0.077219,0,32000,2471,0.077219,131072,2298,0.017532,0,0,1
177,host-24,2,0,14,2,0,0,0.099062,0,32000,3170,0.099062,131072,2576,0.019653,0,0,2
177,host-3,3,0,14,3,0,0,0.139469,0,32000,4463,0.139469,131072,5042,0.038467,0,0,3
177,host-4,2,0,14,2,0,0,0.101312,0,32000,3242,0.101312,131072,3304,0.025208,0,0,2
177,host-5,3,0,14,3,0,0,0.138000,0,32000,4416,0.138000,131072,3851,0.029381,0,0,3
177,host-6,3,1,14,3,1,0,0.144469,0,32000,4623,0.144469,131072,5230,0.039902,0,1,2
177,host-7,1,0,14,1,0,0,0.056438,0,32000,1806,0.056438,131072,2124,0.016205,0,0,1
177,host-8,2,0,14,2,0,0,0.116625,0,32000,3732,0.116625,131072,4867,0.037132,0,0,2
177,host-9,1,0,14,1,0,0,0.043781,0,32000,1401,0.043781,131072,746,0.005692,0,0,1
178,host-1,2,0,14,2,0,0,0.090781,0,32000,2905,0.090781,131072,3177,0.024239,0,0,2
178,host-10,2,0,14,2,0,0,0.130781,0,32000,4185,0.130781,131072,4793,0.036568,0,0,2
178,host-11,2,0,14,2,0,0,0.079812,0,32000,2554,0.079812,131072,2625,0.020027,0,0,2
178,host-12,2,0,14,2,0,0,0.139156,0,32000,4453,0.139156,131072,5189,0.039589,0,0,2
178,host-13,1,0,14,1,0,0,0.073781,0,32000,2361,0.073781,131072,2606,0.019882,0,0,1
178,host-14,2,0,14,2,0,0,0.091688,0,32000,2934,0.091688,131072,2204,0.016815,0,0,2
178,host-15,2,0,14,2,0,0,0.092625,0,32000,2964,0.092625,131072,3038,0.023178,0,0,2
178,host-16,2,0,14,2,0,0,0.090313,0,32000,2890,0.090313,131072,3314,0.025284,0,0,2
178,host-17,1,0,14,1,0,0,0.066531,0,32000,2129,0.066531,131072,2221,0.016945,0,0,1
178,host-18,3,0,14,3,0,0,0.160000,0,32000,5120,0.160000,131072,5075,0.038719,0,0,3
178,host-19,1,0,14,1,0,0,0.048031,0,32000,1537,0.048031,131072,1482,0.011307,0,0,1
178,host-2,3,0,14,3,0,0,0.128844,0,32000,4123,0.128844,131072,4794,0.036575,0,0,3
178,host-20,2,0,14,2,0,0,0.114187,0,32000,3654,0.114187,131072,3473,0.026497,0,0,2
178,host-21,3,0,14,3,0,0,0.133000,0,32000,4256,0.133000,131072,4517,0.034462,0,0,3
178,host-22,3,0,14,3,0,0,0.143156,0,32000,4581,0.143156,131072,5016,0.038269,0,0,3
178,host-23,1,0,14,1,0,0,0.077219,0,32000,2471,0.077219,131072,2298,0.017532,0,0,1
178,host-24,2,0,14,2,0,0,0.099062,0,32000,3170,0.099062,131072,2576,0.019653,0,0,2
178,host-3,3,0,14,3,0,0,0.139469,0,32000,4463,0.139469,131072,5042,0.038467,0,0,3
178,host-4,2,0,14,2,0,0,0.101312,0,32000,3242,0.101312,131072,3304,0.025208,0,0,2
178,host-5,3,0,14,3,0,0,0.138000,0,32000,4416,0.138000,131072,3851,0.029381,0,0,3
178,host-6,3,0,14,3,0,0,0.144469,0,32000,4623,0.144469,131072,5230,0.039902,0,0,3
178,host-7,1,0,14,1,0,0,0.056438,0,32000,1806,0.056438,131072,2124,0.016205,0,0,1
178,host-8,2,0,14,2,0,0,0.116625,0,32000,3732,0.116625,131072,4867,0.037132,0,0,2
178,host-9,1,0,14,1,0,0,0.043781,0,32000,1401,0.043781,131072,746,0.005692,0,0,1
179,host-1,2,0,14,2,0,0,0.090781,0,32000,2905,0.090781,131072,3177,0.024239,0,0,2
179,host-10,2,0,14,2,0,0,0.130781,0,32000,4185,0.130781,131072,4793,0.036568,0,0,2
179,host-11,2,0,14,2,0,0,0.079812,0,32000,2554,0.079812,131072,2625,0.020027,0,0,2
179,host-12,2,0,14,2,0,0,0.139156,0,32000,4453,0.139156,131072,5189,0.039589,0,0,2
179,host-13,1,0,14,1,0,0,0.073781,0,32000,2361,0.073781,131072,2606,0.019882,0,0,1
179,host-14,2,0,14,2,0,0,0.091688,0,32000,2934,0.091688,131072,2204,0.016815,0,0,2
179,host-15,2,0,14,2,0,0,0.092625,0,32000,2964,0.092625,131072,3038,0.023178,0,0,2
179,host-16,2,0,14,2,0,0,0.090313,0,32000,2890,0.090313,131072,3314,0.025284,0,0,2
179,host-17,1,0,14,1,0,0,0.066531,0,32000,2129,0.066531,131072,2221,0.016945,0,0,1
179,host-18,3,0,14,3,0,0,0.160000,0,32000,5120,0.160000,131072,5075,0.038719,0,0,3
179,host-19,1,0,14,1,0,0,0.048031,0,32000,1537,0.048031,131072,1482,0.011307,0,0,1
179,host-2,3,0,14,3,0,0,0.128844,0,32000,4123,0.128844,131072,4794,0.036575,0,0,3
179,host-20,2,0,14,2,0,0,0.114187,0,32000,3654,0.114187,131072,3473,0.026497,0,0,2
179,host-21,3,0,14,3,0,0,0.133000,0,32000,4256,0.133000,131072,4517,0.034462,0,0,3
179,host-22,3,0,14,3,0,0,0.143156,0,32000,4581,0.143156,131072,5016,0.038269,0,0,3
179,host-23,1,0,14,1,0,0,0.077219,0,32000,2471,0.077219,131072,2298,0.017532,0,0,1
179,host-24,2,0,14,2,0,0,0.099062,0,32000,3170,0.099062,131072,2576,0.019653,0,0,2
179,host-3,3,0,14,3,0,0,0.139469,0,32000,4463,0.139469,131072,5042,0.038467,0,0,3
179,host-4,2,0,14,2,0,0,0.101312,0,32000,3242,0.101312,131072,3304,0.025208,0,0,2
179,host-5,3,0,14,3,0,0,0.138000,0,32000,4416,0.138000,131072,3851,0.029381,0,0,3
179,host-6,3,0,14,3,0,0,0.144469,0,32000,4623,0.144469,131072,5230,0.039902,0,0,3
179,host-7,1,0,14,1,0,0,0.056438,0,32000,1806,0.056438,131072,2124,0.016205,0,0,1
179,host-8,2,0,14,2,0,0,0.116625,0,32000,3732,0.116625,131072,4867,0.037132,0,0,2
179,host-9,2,1,14,2,1,0,0.105938,0,32000,3390,0.105938,131072,2213,0.016884,1,0,1
180,host-1,2,0,14,2,0,0,0.090781,0,32000,2905,0.090781,131072,3177,0.024239,0,0,2
180,host-10,2,0,14,2,0,0,0.130781,0,32000,4185,0.130781,131072,4793,0.036568,0,0,2
180,host-11,3,1,14,3,1,0,0.150594,0,32000,4819,0.150594,131072,4939,0.037682,1,0,2
180,host-12,2,0,14,2,0,0,0.139156,0,32000,4453,0.139156,131072,5189,0.039589,0,0,2
180,host-13,2,1,14,2,1,0,0.109031,0,32000,3489,0.109031,131072,4236,0.032318,1,0,1
180,host-14,2,0,14,2,0,0,0.091688,0,32000,2934,0.091688,131072,2204,0.016815,0,0,2
180,host-15,2,0,14,2,0,0,0.092625,0,32000,2964,0.092625,131072,3038,0.023178,0,0,2
180,host-16,3,1,14,3,1,0,0.134063,0,32000,4290,0.134063,131072,4418,0.033707,1,0,2
180,host-17,2,1,14,2,1,0,0.100625,0,32000,3220,0.100625,131072,3681,0.028084,1,0,1
180,host-18,3,0,14,3,0,0,0.160000,0,32000,5120,0.160000,131072,5075,0.038719,0,0,3
180,host-19,2,1,14,2,1,0,0.091250,0,32000,2920,0.091250,131072,3067,0.023399,1,0,1
180,host-2,3,0,14,3,0,0,0.128844,0,32000,4123,0.128844,131072,4794,0.036575,0,0,3
180,host-20,2,0,14,2,0,0,0.114187,0,32000,3654,0.114187,131072,3473,0.026497,0,0,2
180,host-21,3,0,14,3,0,0,0.133000,0,32000,4256,0.133000,131072,4517,0.034462,0,0,3
180,host-22,3,0,14,3,0,0,0.143156,0,32000,4581,0.143156,131072,5016,0.038269,0,0,3
180,host-23,2,1,14,2,1,0,0.143063,0,32000,4578,0.143063,131072,4161,0.031746,1,0,1
180,host-24,2,0,14,2,0,0,0.099062,0,32000,3170,0.099062,131072,2576,0.019653,0,0,2
180,host-3,3,0,14,3,0,0,0.139469,0,32000,4463,0.139469,131072,5042,0.038467,0,0,3
180,host-4,2,0,14,2,0,0,0.101312,0,32000,3242,0.101312,131072,3304,0.025208,0,0,2
180,host-5,3,0,14,3,0,0,0.138000,0,32000,4416,0.138000,131072,3851,0.029381,0,0,3
180,host-6,3,0,14,3,0,0,0.144469,0,32000,4623,0.144469,131072,5230,0.039902,0,0,3
180,host-7,2,1,14,2,1,0,0.109313,0,32000,3498,0.109313,131072,4146,0.031631,1,0,1
180,host-8,2,0,14,2,0,0,0.116625,0,32000,3732,0.116625,131072,4867,0.037132,0,0,2
180,host-9,2,1,14,2,1,0,0.105938,0,32000,3390,0.105938,131072,2213,0.016884,1,0,1
181,host-1,3,1,14,3,1,0,0.143656,0,32000,4597,0.143656,131072,5199,0.039665,1,0,2
181,host-10,2,0,14,2,0,0,0.130781,0,32000,4185,0.130781,131072,4793,0.036568,0,0,2
181,host-11,3,1,14,3,1,0,0.150594,0,32000,4819,0.150594,131072,4939,0.037682,1,0,2
181,host-12,2,0,14,2,0,0,0.139156,0,32000,4453,0.139156,131072,5189,0.039589,0,0,2
181,host-13,2,1,14,2,1,0,0.109031,0,32000,3489,0.109031,131072,4236,0.032318,1,0,1
181,host-14,2,0,14,2,0,0,0.091688,0,32000,2934,0.091688,131072,2204,0.016815,0,0,2
181,host-15,2,0,14,2,0,0,0.092625,0,32000,2964,0.092625,131072,3038,0.023178,0,0,2
181,host-16,3,0,14,3,0,0,0.134063,0,32000,4290,0.134063,131072,4418,0.033707,0,0,3
181,host-17,2,1,14,2,1,0,0.100625,0,32000,3220,0.100625,131072,3681,0.028084,1,0,1
181,host-18,3,0,14,3,0,0,0.160000,0,32000,5120,0.160000,131072,5075,0.038719,0,0,3
181,host-19,3,1,14,3,1,0,0.162031,0,32000,5185,0.162031,131072,5381,0.041054,1,0,2
181,host-2,3,0,14,3,0,0,0.128844,0,32000,4123,0.128844,131072,4794,0.036575,0,0,3
181,host-20,2,0,14,2,0,0,0.114187,0,32000,3654,0.114187,131072,3473,0.026497,0,0,2
181,host-21,3,0,14,3,0,0,0.133000,0,32000,4256,0.133000,131072,4517,0.034462,0,0,3
181,host-22,3,0,14,3,0,0,0.143156,0,32000,4581,0.143156,131072,5016,0.038269,0,0,3
181,host-23,2,1,14,2,1,0,0.143063,0,32000,4578,0.143063,131072,4161,0.031746,1,0,1
181,host-24,2,0,14,2,0,0,0.099062,0,32000,3170,0.099062,131072,2576,0.019653,0,0,2
181,host-3,3,0,14,3,0,0,0.139469,0,32000,4463,0.139469,131072,5042,0.038467,0,0,3
181,host-4,2,0,14,2,0,0,0.101312,0,32000,3242,0.101312,131072,3304,0.025208,0,0,2
181,host-5,3,0,14,3,0,0,0.138000,0,32000,4416,0.138000,131072,3851,0.029381,0,0,3
181,host-6,3,0,14,3,0,0,0.144469,0,32000,4623,0.144469,131072,5230,0.039902,0,0,3
181,host-7,2,1,14,2,1,0,0.109313,0,32000,3498,0.109313,131072,4146,0.031631,1,0,1
181,host-8,2,0,14,2,0,0,0.116625,0,32000,3732,0.116625,131072,4867,0.037132,0,0,2
181,host-9,2,0,14,2,0,0,0.105938,0,32000,3390,0.105938,131072,2213,0.016884,0,0,2
182,host-1,3,1,14,3,1,0,0.143656,0,32000,4597,0.143656,131072,5199,0.039665,1,0,2
182,host-10,2,0,14,2,0,0,0.130781,0,32000,4185,0.130781,131072,4793,0.036568,0,0,2
182,host-11,2,0,14,2,0,0,0.123344,0,32000,3947,0.123344,131072,4067,0.031029,0,0,2
182,host-12,2,0,14,2,0,0,0.139156,0,32000,4453,0.139156,131072,5189,0.039589,0,0,2
182,host-13,2,0,14,2,0,0,0.109031,0,32000,3489,0.109031,131072,4236,0.032318,0,0,2
182,host-14,3,1,14,3,1,0,0.149188,0,32000,4774,0.149188,131072,4393,0.033516,1,0,2
182,host-15,3,1,14,3,1,0,0.135125,0,32000,4324,0.135125,131072,3935,0.030022,1,0,2
182,host-16,3,0,14,3,0,0,0.134063,0,32000,4290,0.134063,131072,4418,0.033707,0,0,3
182,host-17,2,0,14,2,0,0,0.100625,0,32000,3220,0.100625,131072,3681,0.028084,0,0,2
182,host-18,2,0,14,2,0,0,0.095937,0,32000,3070,0.095937,131072,2389,0.018227,0,0,2
182,host-19,3,1,14,3,1,0,0.162031,0,32000,5185,0.162031,131072,5381,0.041054,1,0,2
182,host-2,3,0,14,3,0,0,0.128844,0,32000,4123,0.128844,131072,4794,0.036575,0,0,3
182,host-20,2,0,14,2,0,0,0.114187,0,32000,3654,0.114187,131072,3473,0.026497,0,0,2
182,host-21,3,0,14,3,0,0,0.133000,0,32000,4256,0.133000,131072,4517,0.034462,0,0,3
182,host-22,3,0,14,3,0,0,0.143156,0,32000,4581,0.143156,131072,5016,0.038269,0,0,3
182,host-23,2,0,14,2,0,0,0.143063,0,32000,4578,0.143063,131072,4161,0.031746,0,0,2
182,host-24,2,0,14,2,0,0,0.099062,0,32000,3170,0.099062,131072,2576,0.019653,0,0,2
182,host-3,3,0,14,3,0,0,0.139469,0,32000,4463,0.139469,131072,5042,0.038467,0,0,3
182,host-4,2,0,14,2,0,0,0.101312,0,32000,3242,0.101312,131072,3304,0.025208,0,0,2
182,host-5,3,0,14,3,0,0,0.138000,0,32000,4416,0.138000,131072,3851,0.029381,0,0,3
182,host-6,3,0,14,3,0,0,0.144469,0,32000,4623,0.144469,131072,5230,0.039902,0,0,3
182,host-7,2,0,14,2,0,0,0.109313,0,32000,3498,0.109313,131072,4146,0.031631,0,0,2
182,host-8,2,0,14,2,0,0,0.116625,0,32000,3732,0.116625,131072,4867,0.037132,0,0,2
182,host-9,2,0,14,2,0,0,0.105938,0,32000,3390,0.105938,131072,2213,0.016884,0,0,2
183,host-1,3,0,14,3,0,0,0.143656,0,32000,4597,0.143656,131072,5199,0.039665,0,0,3
183,host-10,2,0,14,2,0,0,0.130781,0,32000,4185,0.130781,131072,4793,0.036568,0,0,2
183,host-11,2,0,14,2,0,0,0.123344,0,32000,3947,0.123344,131072,4067,0.031029,0,0,2
183,host-12,2,0,14,2,0,0,0.139156,0,32000,4453,0.139156,131072,5189,0.039589,0,0,2
183,host-13,2,0,14,2,0,0,0.109031,0,32000,3489,0.109031,131072,4236,0.032318,0,0,2
183,host-14,3,0,14,3,0,0,0.149188,0,32000,4774,0.149188,131072,4393,0.033516,0,0,3
183,host-15,3,0,14,3,0,0,0.135125,0,32000,4324,0.135125,131072,3935,0.030022,0,0,3
183,host-16,3,0,14,3,0,0,0.134063,0,32000,4290,0.134063,131072,4418,0.033707,0,0,3
183,host-17,2,1,14,2,1,0,0.100625,0,32000,3220,0.100625,131072,3681,0.028084,0,1,1
183,host-18,3,1,14,3,1,0,0.127875,0,32000,4092,0.127875,131072,2970,0.022659,1,0,2
183,host-19,3,0,14,3,0,0,0.162031,0,32000,5185,0.162031,131072,5381,0.041054,0,0,3
183,host-2,2,0,14,2,0,0,0.099281,0,32000,3177,0.099281,131072,3779,0.028831,0,0,2
183,host-20,2,0,14,2,0,0,0.114187,0,32000,3654,0.114187,131072,3473,0.026497,0,0,2
183,host-21,3,0,14,3,0,0,0.133000,0,32000,4256,0.133000,131072,4517,0.034462,0,0,3
183,host-22,3,0,14,3,0,0,0.143156,0,32000,4581,0.143156,131072,5016,0.038269,0,0,3
183,host-23,2,0,14,2,0,0,0.143063,0,32000,4578,0.143063,131072,4161,0.031746,0,0,2
183,host-24,2,1,14,2,1,0,0.099062,0,32000,3170,0.099062,131072,2576,0.019653,0,1,1
183,host-3,3,0,14,3,0,0,0.139469,0,32000,4463,0.139469,131072,5042,0.038467,0,0,3
183,host-4,2,0,14,2,0,0,0.101312,0,32000,3242,0.101312,131072,3304,0.025208,0,0,2
183,host-5,3,0,14,3,0,0,0.138000,0,32000,4416,0.138000,131072,3851,0.029381,0,0,3
183,host-6,3,0,14,3,0,0,0.144469,0,32000,4623,0.144469,131072,5230,0.039902,0,0,3
183,host-7,2,0,14,2,0,0,0.109313,0,32000,3498,0.109313,131072,4146,0.031631,0,0,2
183,host-8,1,0,14,1,0,0,0.044469,0,32000,1423,0.044469,131072,1918,0.014633,0,0,1
183,host-9,2,0,14,2,0,0,0.105938,0,32000,3390,0.105938,131072,2213,0.016884,0,0,2
184,host-1,3,0,14,3,0,0,0.143656,0,32000,4597,0.143656,131072,5199,0.039665,0,0,3
184,host-10,2,0,14,2,0,0,0.130781,0,32000,4185,0.130781,131072,4793,0.036568,0,0,2
184,host-11,2,0,14,2,0,0,0.123344,0,32000,3947,0.123344,131072,4067,0.031029,0,0,2
184,host-12,2,1,14,2,1,0,0.139156,0,32000,4453,0.139156,131072,5189,0.039589,0,1,1
184,host-13,1,0,14,1,0,0,0.035250,0,32000,1128,0.035250,131072,1630,0.012436,0,0,1
184,host-14,2,0,14,2,0,0,0.115844,0,32000,3707,0.115844,131072,3377,0.025764,0,0,2
184,host-15,3,0,14,3,0,0,0.135125,0,32000,4324,0.135125,131072,3935,0.030022,0,0,3
184,host-16,3,0,14,3,0,0,0.134063,0,32000,4290,0.134063,131072,4418,0.033707,0,0,3
184,host-17,2,0,14,2,0,0,0.100625,0,32000,3220,0.100625,131072,3681,0.028084,0,0,2
184,host-18,3,1,14,3,1,0,0.127875,0,32000,4092,0.127875,131072,2970,0.022659,1,0,2
184,host-19,3,0,14,3,0,0,0.162031,0,32000,5185,0.162031,131072,5381,0.041054,0,0,3
184,host-2,2,0,14,2,0,0,0.099281,0,32000,3177,0.099281,131072,3779,0.028831,0,0,2
184,host-20,2,0,14,2,0,0,0.114187,0,32000,3654,0.114187,131072,3473,0.026497,0,0,2
184,host-21,3,0,14,3,0,0,0.133000,0,32000,4256,0.133000,131072,4517,0.034462,0,0,3
184,host-22,3,0,14,3,0,0,0.143156,0,32000,4581,0.143156,131072,5016,0.038269,0,0,3
184,host-23,2,0,14,2,0,0,0.143063,0,32000,4578,0.143063,131072,4161,0.031746,0,0,2
184,host-24,2,0,14,2,0,0,0.099062,0,32000,3170,0.099062,131072,2576,0.019653,0,0,2
184,host-3,3,0,14,3,0,0,0.139469,0,32000,4463,0.139469,131072,5042,0.038467,0,0,3
184,host-4,2,0,14,2,0,0,0.101312,0,32000,3242,0.101312,131072,3304,0.025208,0,0,2
184,host-5,2,0,14,2,0,0,0.094656,0,32000,3029,0.094656,131072,2977,0.022713,0,0,2
184,host-6,3,0,14,3,0,0,0.144469,0,32000,4623,0.144469,131072,5230,0.039902,0,0,3
184,host-7,2,0,14,2,0,0,0.109313,0,32000,3498,0.109313,131072,4146,0.031631,0,0,2
184,host-8,1,0,14,1,0,0,0.044469,0,32000,1423,0.044469,131072,1918,0.014633,0,0,1
184,host-9,2,0,14,2,0,0,0.105938,0,32000,3390,0.105938,131072,2213,0.016884,0,0,2
185,host-1,3,0,14,3,0,0,0.143656,0,32000,4597,0.143656,131072,5199,0.039665,0,0,3
185,host-10,2,0,14,2,0,0,0.130781,0,32000,4185,0.130781,131072,4793,0.036568,0,0,2
185,host-11,2,0,14,2,0,0,0.123344,0,32000,3947,0.123344,131072,4067,0.031029,0,0,2
185,host-12,2,0,14,2,0,0,0.139156,0,32000,4453,0.139156,131072,5189,0.039589,0,0,2
185,host-13,1,0,14,1,0,0,0.035250,0,32000,1128,0.035250,131072,1630,0.012436,0,0,1
185,host-14,2,0,14,2,0,0,0.115844,0,32000,3707,0.115844,131072,3377,0.025764,0,0,2
185,host-15,3,0,14,3,0,0,0.135125,0,32000,4324,0.135125,131072,3935,0.030022,0,0,3
185,host-16,3,0,14,3,0,0,0.134063,0,32000,4290,0.134063,131072,4418,0.033707,0,0,3
185,host-17,2,1,14,2,1,0,0.100625,0,32000,3220,0.100625,131072,3681,0.028084,0,1,1
185,host-18,3,0,14,3,0,0,0.127875,0,32000,4092,0.127875,131072,2970,0.022659,0,0,3
185,host-19,3,0,14,3,0,0,0.162031,0,32000,5185,0.162031,131072,5381,0.041054,0,0,3
185,host-2,2,0,14,2,0,0,0.099281,0,32000,3177,0.099281,131072,3779,0.028831,0,0,2
185,host-20,2,0,14,2,0,0,0.114187,0,32000,3654,0.114187,131072,3473,0.026497,0,0,2
185,host-21,3,0,14,3,0,0,0.133000,0,32000,4256,0.133000,131072,4517,0.034462,0,0,3
185,host-22,3,0,14,3,0,0,0.143156,0,32000,4581,0.143156,131072,5016,0.038269,0,0,3
185,host-23,2,0,14,2,0,0,0.143063,0,32000,4578,0.143063,131072,4161,0.031746,0,0,2
185,host-24,2,0,14,2,0,0,0.099062,0,32000,3170,0.099062,131072,2576,0.019653,0,0,2
185,host-3,3,0,14,3,0,0,0.139469,0,32000,4463,0.139469,131072,5042,0.038467,0,0,3
185,host-4,2,0,14,2,0,0,0.101312,0,32000,3242,0.101312,131072,3304,0.025208,0,0,2
185,host-5,2,0,14,2,0,0,0.094656,0,32000,3029,0.094656,131072,2977,0.022713,0,0,2
185,host-6,2,0,14,2,0,0,0.109250,0,32000,3496,0.109250,131072,4130,0.031509,0,0,2
185,host-7,2,0,14,2,0,0,0.109313,0,32000,3498,0.109313,131072,4146,0.031631,0,0,2
185,host-8,1,0,14,1,0,0,0.044469,0,32000,1423,0.044469,131072,1918,0.014633,0,0,1
185,host-9,1,0,14,1,0,0,0.062156,0,32000,1989,0.062156,131072,1467,0.011192,0,0,1
186,host-1,3,0,14,3,0,0,0.143656,0,32000,4597,0.143656,131072,5199,0.039665,0,0,3
186,host-10,1,0,14,1,0,0,0.071406,0,32000,2285,0.071406,131072,2568,0.019592,0,0,1
186,host-11,1,0,14,1,0,0,0.070781,0,32000,2265,0.070781,131072,2314,0.017654,0,0,1
186,host-12,2,0,14,2,0,0,0.139156,0,32000,4453,0.139156,131072,5189,0.039589,0,0,2
186,host-13,1,0,14,1,0,0,0.035250,0,32000,1128,0.035250,131072,1630,0.012436,0,0,1
186,host-14,2,0,14,2,0,0,0.115844,0,32000,3707,0.115844,131072,3377,0.025764,0,0,2
186,host-15,3,0,14,3,0,0,0.135125,0,32000,4324,0.135125,131072,3935,0.030022,0,0,3
186,host-16,3,0,14,3,0,0,0.134063,0,32000,4290,0.134063,131072,4418,0.033707,0,0,3
186,host-17,2,0,14,2,0,0,0.100625,0,32000,3220,0.100625,131072,3681,0.028084,0,0,2
186,host-18,3,0,14,3,0,0,0.127875,0,32000,4092,0.127875,131072,2970,0.022659,0,0,3
186,host-19,3,0,14,3,0,0,0.162031,0,32000,5185,0.162031,131072,5381,0.041054,0,0,3
186,host-2,2,0,14,2,0,0,0.099281,0,32000,3177,0.099281,131072,3779,0.028831,0,0,2
186,host-20,2,0,14,2,0,0,0.114187,0,32000,3654,0.114187,131072,3473,0.026497,0,0,2
186,host-21,2,0,14,2,0,0,0.102719,0,32000,3287,0.102719,131072,3125,0.023842,0,0,2
186,host-22,3,0,14,3,0,0,0.143156,0,32000,4581,0.143156,131072,5016,0.038269,0,0,3
186,host-23,1,0,14,1,0,0,0.065844,0,32000,2107,0.065844,131072,1863,0.014214,0,0,1
186,host-24,1,0,14,1,0,0,0.058344,0,32000,1867,0.058344,131072,1188,0.009064,0,0,1
186,host-3,3,0,14,3,0,0,0.139469,0,32000,4463,0.139469,131072,5042,0.038467,0,0,3
186,host-4,2,0,14,2,0,0,0.101312,0,32000,3242,0.101312,131072,3304,0.025208,0,0,2
186,host-5,2,0,14,2,0,0,0.094656,0,32000,3029,0.094656,131072,2977,0.022713,0,0,2
186,host-6,2,0,14,2,0,0,0.109250,0,32000,3496,0.109250,131072,4130,0.031509,0,0,2
186,host-7,2,0,14,2,0,0,0.109313,0,32000,3498,0.109313,131072,4146,0.031631,0,0,2
186,host-8,1,0,14,1,0,0,0.044469,0,32000,1423,0.044469,131072,1918,0.014633,0,0,1
186,host-9,1,0,14,1,0,0,0.062156,0,32000,1989,0.062156,131072,1467,0.011192,0,0,1
187,host-1,2,0,14,2,0,0,0.091094,0,32000,2915,0.091094,131072,3446,0.026291,0,0,2
187,host-10,1,0,14,1,0,0,0.071406,0,32000,2285,0.071406,131072,2568,0.019592,0,0,1
187,host-11,1,0,14,1,0,0,0.070781,0,32000,2265,0.070781,131072,2314,0.017654,0,0,1
187,host-12,2,0,14,2,0,0,0.139156,0,32000,4453,0.139156,131072,5189,0.039589,0,0,2
187,host-13,2,1,14,2,1,0,0.079844,0,32000,2555,0.079844,131072,2855,0.021782,1,0,1
187,host-14,2,0,14,2,0,0,0.115844,0,32000,3707,0.115844,131072,3377,0.025764,0,0,2
187,host-15,3,0,14,3,0,0,0.135125,0,32000,4324,0.135125,131072,3935,0.030022,0,0,3
187,host-16,2,0,14,2,0,0,0.080219,0,32000,2567,0.080219,131072,2469,0.018837,0,0,2
187,host-17,2,0,14,2,0,0,0.100625,0,32000,3220,0.100625,131072,3681,0.028084,0,0,2
187,host-18,3,0,14,3,0,0,0.127875,0,32000,4092,0.127875,131072,2970,0.022659,0,0,3
187,host-19,3,0,14,3,0,0,0.162031,0,32000,5185,0.162031,131072,5381,0.041054,0,0,3
187,host-2,2,0,14,2,0,0,0.099281,0,32000,3177,0.099281,131072,3779,0.028831,0,0,2
187,host-20,2,0,14,2,0,0,0.114187,0,32000,3654,0.114187,131072,3473,0.026497,0,0,2
187,host-21,2,0,14,2,0,0,0.102719,0,32000,3287,0.102719,131072,3125,0.023842,0,0,2
187,host-22,2,0,14,2,0,0,0.092344,0,32000,2955,0.092344,131072,3433,0.026192,0,0,2
187,host-23,1,0,14,1,0,0,0.065844,0,32000,2107,0.065844,131072,1863,0.014214,0,0,1
187,host-24,1,0,14,1,0,0,0.058344,0,32000,1867,0.058344,131072,1188,0.009064,0,0,1
187,host-3,1,0,14,1,0,0,0.070719,0,32000,2263,0.070719,131072,2580,0.019684,0,0,1
187,host-4,2,0,14,2,0,0,0.101312,0,32000,3242,0.101312,131072,3304,0.025208,0,0,2
187,host-5,2,0,14,2,0,0,0.094656,0,32000,3029,0.094656,131072,2977,0.022713,0,0,2
187,host-6,2,0,14,2,0,0,0.109250,0,32000,3496,0.109250,131072,4130,0.031509,0,0,2
187,host-7,1,0,14,1,0,0,0.052875,0,32000,1692,0.052875,131072,2022,0.015427,0,0,1
187,host-8,1,0,14,1,0,0,0.044469,0,32000,1423,0.044469,131072,1918,0.014633,0,0,1
187,host-9,1,0,14,1,0,0,0.062156,0,32000,1989,0.062156,131072,1467,0.011192,0,0,1
188,host-1,2,0,14,2,0,0,0.091094,0,32000,2915,0.091094,131072,3446,0.026291,0,0,2
188,host-10,1,0,14,1,0,0,0.071406,0,32000,2285,0.071406,131072,2568,0.019592,0,0,1
188,host-11,1,0,14,1,0,0,0.070781,0,32000,2265,0.070781,131072,2314,0.017654,0,0,1
188,host-12,2,0,14,2,0,0,0.139156,0,32000,4453,0.139156,131072,5189,0.039589,0,0,2
188,host-13,2,1,14,2,1,0,0.079844,0,32000,2555,0.079844,131072,2855,0.021782,1,0,1
188,host-14,1,0,14,1,0,0,0.057500,0,32000,1840,0.057500,131072,2189,0.016701,0,0,1
188,host-15,3,0,14,3,0,0,0.135125,0,32000,4324,0.135125,131072,3935,0.030022,0,0,3
188,host-16,2,0,14,2,0,0,0.080219,0,32000,2567,0.080219,131072,2469,0.018837,0,0,2
188,host-17,2,0,14,2,0,0,0.100625,0,32000,3220,0.100625,131072,3681,0.028084,0,0,2
188,host-18,2,0,14,2,0,0,0.076438,0,32000,2446,0.076438,131072,1729,0.013191,0,0,2
188,host-19,3,0,14,3,0,0,0.162031,0,32000,5185,0.162031,131072,5381,0.041054,0,0,3
188,host-2,2,0,14,2,0,0,0.099281,0,32000,3177,0.099281,131072,3779,0.028831,0,0,2
188,host-20,2,0,14,2,0,0,0.114187,0,32000,3654,0.114187,131072,3473,0.026497,0,0,2
188,host-21,2,0,14,2,0,0,0.102719,0,32000,3287,0.102719,131072,3125,0.023842,0,0,2
188,host-22,1,0,14,1,0,0,0.066375,0,32000,2124,0.066375,131072,2384,0.018188,0,0,1
188,host-23,1,0,14,1,0,0,0.065844,0,32000,2107,0.065844,131072,1863,0.014214,0,0,1
188,host-24,1,0,14,1,0,0,0.058344,0,32000,1867,0.058344,131072,1188,0.009064,0,0,1
188,host-3,1,0,14,1,0,0,0.070719,0,32000,2263,0.070719,131072,2580,0.019684,0,0,1
188,host-4,2,0,14,2,0,0,0.101312,0,32000,3242,0.101312,131072,3304,0.025208,0,0,2
188,host-5,1,0,14,1,0,0,0.062812,0,32000,2010,0.062812,131072,2414,0.018417,0,0,1
188,host-6,2,0,14,2,0,0,0.109250,0,32000,3496,0.109250,131072,4130,0.031509,0,0,2
188,host-7,1,0,14,1,0,0,0.052875,0,32000,1692,0.052875,131072,2022,0.015427,0,0,1
188,host-8,1,0,14,1,0,0,0.044469,0,32000,1423,0.044469,131072,1918,0.014633,0,0,1
188,host-9,1,0,14,1,0,0,0.062156,0,32000,1989,0.062156,131072,1467,0.011192,0,0,1
189,host-1,2,0,14,2,0,0,0.091094,0,32000,2915,0.091094,131072,3446,0.026291,0,0,2
189,host-10,1,0,14,1,0,0,0.071406,0,32000,2285,0.071406,131072,2568,0.019592,0,0,1
189,host-11,1,0,14,1,0,0,0.070781,0,32000,2265,0.070781,131072,2314,0.017654,0,0,1
189,host-12,2,0,14,2,0,0,0.139156,0,32000,4453,0.139156,131072,5189,0.039589,0,0,2
189,host-13,2,0,14,2,0,0,0.079844,0,32000,2555,0.079844,131072,2855,0.021782,0,0,2
189,host-14,1,0,14,1,0,0,0.057500,0,32000,1840,0.057500,131072,2189,0.016701,0,0,1
189,host-15,3,0,14,3,0,0,0.135125,0,32000,4324,0.135125,131072,3935,0.030022,0,0,3
189,host-16,2,0,14,2,0,0,0.080219,0,32000,2567,0.080219,131072,2469,0.018837,0,0,2
189,host-17,2,0,14,2,0,0,0.100625,0,32000,3220,0.100625,131072,3681,0.028084,0,0,2
189,host-18,2,0,14,2,0,0,0.076438,0,32000,2446,0.076438,131072,1729,0.013191,0,0,2
189,host-19,3,0,14,3,0,0,0.162031,0,32000,5185,0.162031,131072,5381,0.041054,0,0,3
189,host-2,2,0,14,2,0,0,0.099281,0,32000,3177,0.099281,131072,3779,0.028831,0,0,2
189,host-20,2,0,14,2,0,0,0.114187,0,32000,3654,0.114187,131072,3473,0.026497,0,0,2
189,host-21,2,0,14,2,0,0,0.102719,0,32000,3287,0.102719,131072,3125,0.023842,0,0,2
189,host-22,1,0,14,1,0,0,0.066375,0,32000,2124,0.066375,131072,2384,0.018188,0,0,1
189,host-23,1,0,14,1,0,0,0.065844,0,32000,2107,0.065844,131072,1863,0.014214,0,0,1
189,host-24,1,0,14,1,0,0,0.058344,0,32000,1867,0.058344,131072,1188,0.009064,0,0,1
189,host-3,1,0,14,1,0,0,0.070719,0,32000,2263,0.070719,131072,2580,0.019684,0,0,1
189,host-4,2,0,14,2,0,0,0.101312,0,32000,3242,0.101312,131072,3304,0.025208,0,0,2
189,host-5,1,0,14,1,0,0,0.062812,0,32000,2010,0.062812,131072,2414,0.018417,0,0,1
189,host-6,2,0,14,2,0,0,0.109250,0,32000,3496,0.109250,131072,4130,0.031509,0,0,2
189,host-7,2,1,14,2,1,0,0.082437,0,32000,2638,0.082437,131072,3037,0.023170,1,0,1
189,host-8,2,1,14,2,1,0,0.116625,0,32000,3732,0.116625,131072,4867,0.037132,1,0,1
189,host-9,1,0,14,1,0,0,0.062156,0,32000,1989,0.062156,131072,1467,0.011192,0,0,1
190,host-1,2,0,14,2,0,0,0.091094,0,32000,2915,0.091094,131072,3446,0.026291,0,0,2
190,host-10,1,0,14,1,0,0,0.071406,0,32000,2285,0.071406,131072,2568,0.019592,0,0,1
190,host-11,1,0,14,1,0,0,0.070781,0,32000,2265,0.070781,131072,2314,0.017654,0,0,1
190,host-12,2,0,14,2,0,0,0.139156,0,32000,4453,0.139156,131072,5189,0.039589,0,0,2
190,host-13,2,0,14,2,0,0,0.079844,0,32000,2555,0.079844,131072,2855,0.021782,0,0,2
190,host-14,2,1,14,2,1,0,0.087063,0,32000,2786,0.087063,131072,3204,0.024445,1,0,1
190,host-15,3,0,14,3,0,0,0.135125,0,32000,4324,0.135125,131072,3935,0.030022,0,0,3
190,host-16,2,0,14,2,0,0,0.080219,0,32000,2567,0.080219,131072,2469,0.018837,0,0,2
190,host-17,2,0,14,2,0,0,0.100625,0,32000,3220,0.100625,131072,3681,0.028084,0,0,2
190,host-18,2,0,14,2,0,0,0.076438,0,32000,2446,0.076438,131072,1729,0.013191,0,0,2
190,host-19,3,0,14,3,0,0,0.162031,0,32000,5185,0.162031,131072,5381,0.041054,0,0,3
190,host-2,2,0,14,2,0,0,0.099281,0,32000,3177,0.099281,131072,3779,0.028831,0,0,2
190,host-20,2,0,14,2,0,0,0.114187,0,32000,3654,0.114187,131072,3473,0.026497,0,0,2
190,host-21,2,0,14,2,0,0,0.102719,0,32000,3287,0.102719,131072,3125,0.023842,0,0,2
190,host-22,1,0,14,1,0,0,0.066375,0,32000,2124,0.066375,131072,2384,0.018188,0,0,1
190,host-23,1,0,14,1,0,0,0.065844,0,32000,2107,0.065844,131072,1863,0.014214,0,0,1
190,host-24,1,0,14,1,0,0,0.058344,0,32000,1867,0.058344,131072,1188,0.009064,0,0,1
190,host-3,0,0,14,0,0,0,0.000000,0,32000,0,0.000000,131072,0,0.000000,0,0,0
190,host-4,2,0,14,2,0,0,0.101312,0,32000,3242,0.101312,131072,3304,0.025208,0,0,2
190,host-5,1,0,14,1,0,0,0.062812,0,32000,2010,0.062812,131072,2414,0.018417,0,0,1
190,host-6,2,0,14,2,0,0,0.109250,0,32000,3496,0.109250,131072,4130,0.031509,0,0,2
190,host-7,2,1,14,2,1,0,0.082437,0,32000,2638,0.082437,131072,3037,0.023170,1,0,1
190,host-8,2,0,14,2,0,0,0.116625,0,32000,3732,0.116625,131072,4867,0.037132,0,0,2
190,host-9,1,0,14,1,0,0,0.062156,0,32000,1989,0.062156,131072,1467,0.011192,0,0,1
191,host-1,2,0,14,2,0,0,0.091094,0,32000,2915,0.091094,131072,3446,0.026291,0,0,2
191,host-10,1,0,14,1,0,0,0.071406,0,32000,2285,0.071406,131072,2568,0.019592,0,0,1
191,host-11,1,0,14,1,0,0,0.070781,0,32000,2265,0.070781,131072,2314,0.017654,0,0,1
191,host-12,2,0,14,2,0,0,0.139156,0,32000,4453,0.139156,131072,5189,0.039589,0,0,2
191,host-13,2,0,14,2,0,0,0.079844,0,32000,2555,0.079844,131072,2855,0.021782,0,0,2
191,host-14,2,0,14,2,0,0,0.087063,0,32000,2786,0.087063,131072,3204,0.024445,0,0,2
191,host-15,3,0,14,3,0,0,0.135125,0,32000,4324,0.135125,131072,3935,0.030022,0,0,3
191,host-16,2,0,14,2,0,0,0.080219,0,32000,2567,0.080219,131072,2469,0.018837,0,0,2
191,host-17,2,0,14,2,0,0,0.100625,0,32000,3220,0.100625,131072,3681,0.028084,0,0,2
191,host-18,2,0,14,2,0,0,0.076438,0,32000,2446,0.076438,131072,1729,0.013191,0,0,2
191,host-19,3,0,14,3,0,0,0.162031,0,32000,5185,0.162031,131072,5381,0.041054,0,0,3
191,host-2,2,0,14,2,0,0,0.099281,0,32000,3177,0.099281,131072,3779,0.028831,0,0,2
191,host-20,2,0,14,2,0,0,0.114187,0,32000,3654,0.114187,131072,3473,0.026497,0,0,2
191,host-21,2,0,14,2,0,0,0.102719,0,32000,3287,0.102719,131072,3125,0.023842,0,0,2
191,host-22,1,0,14,1,0,0,0.066375,0,32000,2124,0.066375,131072,2384,0.018188,0,0,1
191,host-23,1,0,14,1,0,0,0.065844,0,32000,2107,0.065844,131072,1863,0.014214,0,0,1
191,host-24,1,0,14,1,0,0,0.058344,0,32000,1867,0.058344,131072,1188,0.009064,0,0,1
191,host-3,0,0,14,0,0,0,0.000000,0,32000,0,0.000000,131072,0,0.000000,0,0,0
191,host-4,2,0,14,2,0,0,0.101312,0,32000,3242,0.101312,131072,3304,0.025208,0,0,2
191,host-5,1,0,14,1,0,0,0.062812,0,32000,2010,0.062812,131072,2414,0.018417,0,0,1
191,host-6,2,0,14,2,0,0,0.109250,0,32000,3496,0.109250,131072,4130,0.031509,0,0,2
191,host-7,2,0,14,2,0,0,0.082437,0,32000,2638,0.082437,131072,3037,0.023170,0,0,2
191,host-8,2,0,14,2,0,0,0.116625,0,32000,3732,0.116625,131072,4867,0.037132,0,0,2
191,host-9,1,0,14,1,0,0,0.062156,0,32000,1989,0.062156,131072,1467,0.011192,0,0,1
192,host-1,2,0,14,2,0,0,0.091094,0,32000,2915,0.091094,131072,3446,0.026291,0,0,2
192,host-10,1,0,14,1,0,0,0.071406,0,32000,2285,0.071406,131072,2568,0.019592,0,0,1
192,host-11,1,0,14,1,0,0,0.070781,0,32000,2265,0.070781,131072,2314,0.017654,0,0,1
192,host-12,2,0,14,2,0,0,0.139156,0,32000,4453,0.139156,131072,5189,0.039589,0,0,2
192,host-13,2,0,14,2,0,0,0.079844,0,32000,2555,0.079844,131072,2855,0.021782,0,0,2
192,host-14,2,0,14,2,0,0,0.087063,0,32000,2786,0.087063,131072,3204,0.024445,0,0,2
192,host-15,2,0,14,2,0,0,0.093438,0,32000,2990,0.093438,131072,2430,0.018539,0,0,2
192,host-16,2,0,14,2,0,0,0.080219,0,32000,2567,0.080219,131072,2469,0.018837,0,0,2
192,host-17,2,0,14,2,0,0,0.100625,0,32000,3220,0.100625,131072,3681,0.028084,0,0,2
192,host-18,2,0,14,2,0,0,0.076438,0,32000,2446,0.076438,131072,1729,0.013191,0,0,2
192,host-19,3,0,14,3,0,0,0.162031,0,32000,5185,0.162031,131072,5381,0.041054,0,0,3
192,host-2,1,0,14,1,0,0,0.062812,0,32000,2010,0.062812,131072,2414,0.018417,0,0,1
192,host-20,2,0,14,2,0,0,0.114187,0,32000,3654,0.114187,131072,3473,0.026497,0,0,2
192,host-21,2,0,14,2,0,0,0.102719,0,32000,3287,0.102719,131072,3125,0.023842,0,0,2
192,host-22,1,0,14,1,0,0,0.066375,0,32000,2124,0.066375,131072,2384,0.018188,0,0,1
192,host-23,1,0,14,1,0,0,0.065844,0,32000,2107,0.065844,131072,1863,0.014214,0,0,1
192,host-24,1,0,14,1,0,0,0.058344,0,32000,1867,0.058344,131072,1188,0.009064,0,0,1
192,host-3,0,0,14,0,0,0,0.000000,0,32000,0,0.000000,131072,0,0.000000,0,0,0
192,host-4,2,0,14,2,0,0,0.101312,0,32000,3242,0.101312,131072,3304,0.025208,0,0,2
192,host-5,1,0,14,1,0,0,0.062812,0,32000,2010,0.062812,131072,2414,0.018417,0,0,1
192,host-6,2,0,14,2,0,0,0.109250,0,32000,3496,0.109250,131072,4130,0.031509,0,0,2
192,host-7,2,0,14,2,0,0,0.082437,0,32000,2638,0.082437,131072,3037,0.023170,0,0,2
192,host-8,2,0,14,2,0,0,0.116625,0,32000,3732,0.116625,131072,4867,0.037132,0,0,2
192,host-9,1,0,14,1,0,0,0.062156,0,32000,1989,0.062156,131072,1467,0.011192,0,0,1
193,host-1,1,0,14,1,0,0,0.052875,0,32000,1692,0.052875,131072,2022,0.015427,0,0,1
193,host-10,1,0,14,1,0,0,0.071406,0,32000,2285,0.071406,131072,2568,0.019592,0,0,1
193,host-11,1,0,14,1,0,0,0.070781,0,32000,2265,0.070781,131072,2314,0.017654,0,0,1
193,host-12,2,0,14,2,0,0,0.139156,0,32000,4453,0.139156,131072,5189,0.039589,0,0,2
193,host-13,2,0,14,2,0,0,0.079844,0,32000,2555,0.079844,131072,2855,0.021782,0,0,2
193,host-14,2,0,14,2,0,0,0.087063,0,32000,2786,0.087063,131072,3204,0.024445,0,0,2
193,host-15,2,0,14,2,0,0,0.093438,0,32000,2990,0.093438,131072,2430,0.018539,0,0,2
193,host-16,1,0,14,1,0,0,0.043750,0,32000,1400,0.043750,131072,1104,0.008423,0,0,1
193,host-17,2,0,14,2,0,0,0.100625,0,32000,3220,0.100625,131072,3681,0.028084,0,0,2
193,host-18,2,0,14,2,0,0,0.076438,0,32000,2446,0.076438,131072,1729,0.013191,0,0,2
193,host-19,3,0,14,3,0,0,0.162031,0,32000,5185,0.162031,131072,5381,0.041054,0,0,3
193,host-2,1,0,14,1,0,0,0.062812,0,32000,2010,0.062812,131072,2414,0.018417,0,0,1
193,host-20,2,0,14,2,0,0,0.114187,0,32000,3654,0.114187,131072,3473,0.026497,0,0,2
193,host-21,2,0,14,2,0,0,0.102719,0,32000,3287,0.102719,131072,3125,0.023842,0,0,2
193,host-22,1,0,14,1,0,0,0.066375,0,32000,2124,0.066375,131072,2384,0.018188,0,0,1
193,host-23,1,0,14,1,0,0,0.065844,0,32000,2107,0.065844,131072,1863,0.014214,0,0,1
193,host-24,1,0,14,1,0,0,0.058344,0,32000,1867,0.058344,131072,1188,0.009064,0,0,1
193,host-3,0,0,14,0,0,0,0.000000,0,32000,0,0.000000,131072,0,0.000000,0,0,0
193,host-4,2,0,14,2,0,0,0.101312,0,32000,3242,0.101312,131072,3304,0.025208,0,0,2
193,host-5,1,0,14,1,0,0,0.062812,0,32000,2010,0.062812,131072,2414,0.018417,0,0,1
193,host-6,2,0,14,2,0,0,0.109250,0,32000,3496,0.109250,131072,4130,0.031509,0,0,2
193,host-7,2,0,14,2,0,0,0.082437,0,32000,2638,0.082437,131072,3037,0.023170,0,0,2
193,host-8,2,0,14,2,0,0,0.116625,0,32000,3732,0.116625,131072,4867,0.037132,0,0,2
193,host-9,1,0,14,1,0,0,0.062156,0,32000,1989,0.062156,131072,1467,0.011192,0,0,1
194,host-1,1,0,14,1,0,0,0.052875,0,32000,1692,0.052875,131072,2022,0.015427,0,0,1
194,host-10,0,0,14,0,0,0,0.000000,0,32000,0,0.000000,131072,0,0.000000,0,0,0
194,host-11,1,0,14,1,0,0,0.070781,0,32000,2265,0.070781,131072,2314,0.017654,0,0,1
194,host-12,2,0,14,2,0,0,0.139156,0,32000,4453,0.139156,131072,5189,0.039589,0,0,2
194,host-13,2,0,14,2,0,0,0.079844,0,32000,2555,0.079844,131072,2855,0.021782,0,0,2
194,host-14,2,0,14,2,0,0,0.087063,0,32000,2786,0.087063,131072,3204,0.024445,0,0,2
194,host-15,1,0,14,1,0,0,0.042500,0,32000,1360,0.042500,131072,897,0.006844,0,0,1
194,host-16,1,0,14,1,0,0,0.043750,0,32000,1400,0.043750,131072,1104,0.008423,0,0,1
194,host-17,2,0,14,2,0,0,0.100625,0,32000,3220,0.100625,131072,3681,0.028084,0,0,2
194,host-18,2,0,14,2,0,0,0.076438,0,32000,2446,0.076438,131072,1729,0.013191,0,0,2
194,host-19,3,0,14,3,0,0,0.162031,0,32000,5185,0.162031,131072,5381,0.041054,0,0,3
194,host-2,1,0,14,1,0,0,0.062812,0,32000,2010,0.062812,131072,2414,0.018417,0,0,1
194,host-20,2,0,14,2,0,0,0.114187,0,32000,3654,0.114187,131072,3473,0.026497,0,0,2
194,host-21,2,0,14,2,0,0,0.102719,0,32000,3287,0.102719,131072,3125,0.023842,0,0,2
194,host-22,1,0,14,1,0,0,0.066375,0,32000,2124,0.066375,131072,2384,0.018188,0,0,1
194,host-23,1,0,14,1,0,0,0.065844,0,32000,2107,0.065844,131072,1863,0.014214,0,0,1
194,host-24,1,0,14,1,0,0,0.058344,0,32000,1867,0.058344,131072,1188,0.009064,0,0,1
194,host-3,0,0,14,0,0,0,0.000000,0,32000,0,0.000000,131072,0,0.000000,0,0,0
194,host-4,2,0,14,2,0,0,0.101312,0,32000,3242,0.101312,131072,3304,0.025208,0,0,2
194,host-5,1,0,14,1,0,0,0.062812,0,32000,2010,0.062812,131072,2414,0.018417,0,0,1
194,host-6,2,0,14,2,0,0,0.109250,0,32000,3496,0.109250,131072,4130,0.031509,0,0,2
194,host-7,2,0,14,2,0,0,0.082437,0,32000,2638,0.082437,131072,3037,0.023170,0,0,2
194,host-8,2,0,14,2,0,0,0.116625,0,32000,3732,0.116625,131072,4867,0.037132,0,0,2
194,host-9,1,0,14,1,0,0,0.062156,0,32000,1989,0.062156,131072,1467,0.011192,0,0,1
195,host-1,1,0,14,1,0,0,0.052875,0,32000,1692,0.052875,131072,2022,0.015427,0,0,1
195,host-10,1,1,14,1,1,0,0.051469,0,32000,1647,0.051469,131072,2039,0.015556,1,0,0
195,host-11,1,0,14,1,0,0,0.070781,0,32000,2265,0.070781,131072,2314,0.017654,0,0,1
195,host-12,1,0,14,1,0,0,0.063187,0,32000,2022,0.063187,131072,2269,0.017311,0,0,1
195,host-13,2,0,14,2,0,0,0.079844,0,32000,2555,0.079844,131072,2855,0.021782,0,0,2
195,host-14,2,0,14,2,0,0,0.087063,0,32000,2786,0.087063,131072,3204,0.024445,0,0,2
195,host-15,2,1,14,2,1,0,0.100312,0,32000,3210,0.100312,131072,2770,0.021133,1,0,1
195,host-16,2,1,14,2,1,0,0.120531,0,32000,3857,0.120531,131072,3890,0.029678,1,0,1
195,host-17,2,0,14,2,0,0,0.100625,0,32000,3220,0.100625,131072,3681,0.028084,0,0,2
195,host-18,2,0,14,2,0,0,0.076438,0,32000,2446,0.076438,131072,1729,0.013191,0,0,2
195,host-19,3,0,14,3,0,0,0.162031,0,32000,5185,0.162031,131072,5381,0.041054,0,0,3
195,host-2,1,0,14,1,0,0,0.062812,0,32000,2010,0.062812,131072,2414,0.018417,0,0,1
195,host-20,2,0,14,2,0,0,0.114187,0,32000,3654,0.114187,131072,3473,0.026497,0,0,2
195,host-21,2,0,14,2,0,0,0.102719,0,32000,3287,0.102719,131072,3125,0.023842,0,0,2
195,host-22,1,0,14,1,0,0,0.066375,0,32000,2124,0.066375,131072,2384,0.018188,0,0,1
195,host-23,1,0,14,1,0,0,0.065844,0,32000,2107,0.065844,131072,1863,0.014214,0,0,1
195,host-24,1,0,14,1,0,0,0.058344,0,32000,1867,0.058344,131072,1188,0.009064,0,0,1
195,host-3,2,2,14,2,2,0,0.079594,0,32000,2547,0.079594,131072,1333,0.010170,2,0,0
195,host-4,2,0,14,2,0,0,0.101312,0,32000,3242,0.101312,131072,3304,0.025208,0,0,2
195,host-5,1,0,14,1,0,0,0.062812,0,32000,2010,0.062812,131072,2414,0.018417,0,0,1
195,host-6,2,0,14,2,0,0,0.109250,0,32000,3496,0.109250,131072,4130,0.031509,0,0,2
195,host-7,2,0,14,2,0,0,0.082437,0,32000,2638,0.082437,131072,3037,0.023170,0,0,2
195,host-8,2,0,14,2,0,0,0.116625,0,32000,3732,0.116625,131072,4867,0.037132,0,0,2
195,host-9,1,0,14,1,0,0,0.062156,0,32000,1989,0.062156,131072,1467,0.011192,0,0,1
196,host-1,2,1,14,2,1,0,0.104344,0,32000,3339,0.104344,131072,4061,0.030983,1,0,1
196,host-10,2,1,14,2,1,0,0.122563,0,32000,3922,0.122563,131072,4353,0.033211,0,1,1
196,host-11,1,0,14,1,0,0,0.070781,0,32000,2265,0.070781,131072,2314,0.017654,0,0,1
196,host-12,1,0,14,1,0,0,0.063187,0,32000,2022,0.063187,131072,2269,0.017311,0,0,1
196,host-13,2,0,14,2,0,0,0.079844,0,32000,2555,0.079844,131072,2855,0.021782,0,0,2
196,host-14,2,0,14,2,0,0,0.087063,0,32000,2786,0.087063,131072,3204,0.024445,0,0,2
196,host-15,2,1,14,2,1,0,0.100312,0,32000,3210,0.100312,131072,2770,0.021133,1,0,1
196,host-16,2,1,14,2,1,0,0.120531,0,32000,3857,0.120531,131072,3890,0.029678,1,0,1
196,host-17,2,0,14,2,0,0,0.100625,0,32000,3220,0.100625,131072,3681,0.028084,0,0,2
196,host-18,2,0,14,2,0,0,0.076438,0,32000,2446,0.076438,131072,1729,0.013191,0,0,2
196,host-19,3,0,14,3,0,0,0.162031,0,32000,5185,0.162031,131072,5381,0.041054,0,0,3
196,host-2,0,0,14,0,0,0,0.000000,0,32000,0,0.000000,131072,0,0.000000,0,0,0
196,host-20,2,0,14,2,0,0,0.114187,0,32000,3654,0.114187,131072,3473,0.026497,0,0,2
196,host-21,2,0,14,2,0,0,0.102719,0,32000,3287,0.102719,131072,3125,0.023842,0,0,2
196,host-22,1,0,14,1,0,0,0.066375,0,32000,2124,0.066375,131072,2384,0.018188,0,0,1
196,host-23,1,0,14,1,0,0,0.065844,0,32000,2107,0.065844,131072,1863,0.014214,0,0,1
196,host-24,2,1,14,2,1,0,0.117938,0,32000,3774,0.117938,131072,3512,0.026794,1,0,1
196,host-3,2,0,14,2,0,0,0.079594,0,32000,2547,0.079594,131072,1333,0.010170,0,0,2
196,host-4,2,0,14,2,0,0,0.101312,0,32000,3242,0.101312,131072,3304,0.025208,0,0,2
196,host-5,1,0,14,1,0,0,0.062812,0,32000,2010,0.062812,131072,2414,0.018417,0,0,1
196,host-6,2,0,14,2,0,0,0.109250,0,32000,3496,0.109250,131072,4130,0.031509,0,0,2
196,host-7,2,0,14,2,0,0,0.082437,0,32000,2638,0.082437,131072,3037,0.023170,0,0,2
196,host-8,2,0,14,2,0,0,0.116625,0,32000,3732,0.116625,131072,4867,0.037132,0,0,2
196,host-9,1,0,14,1,0,0,0.062156,0,32000,1989,0.062156,131072,1467,0.011192,0,0,1
197,host-1,2,0,14,2,0,0,0.104344,0,32000,3339,0.104344,131072,4061,0.030983,0,0,2
197,host-10,2,0,14,2,0,0,0.122563,0,32000,3922,0.122563,131072,4353,0.033211,0,0,2
197,host-11,1,0,14,1,0,0,0.070781,0,32000,2265,0.070781,131072,2314,0.017654,0,0,1
197,host-12,1,0,14,1,0,0,0.063187,0,32000,2022,0.063187,131072,2269,0.017311,0,0,1
197,host-13,2,0,14,2,0,0,0.079844,0,32000,2555,0.079844,131072,2855,0.021782,0,0,2
197,host-14,2,0,14,2,0,0,0.087063,0,32000,2786,0.087063,131072,3204,0.024445,0,0,2
197,host-15,2,1,14,2,1,0,0.100312,0,32000,3210,0.100312,131072,2770,0.021133,0,1,1
197,host-16,2,0,14,2,0,0,0.120531,0,32000,3857,0.120531,131072,3890,0.029678,0,0,2
197,host-17,2,0,14,2,0,0,0.100625,0,32000,3220,0.100625,131072,3681,0.028084,0,0,2
197,host-18,1,0,14,1,0,0,0.031938,0,32000,1022,0.031938,131072,581,0.004433,0,0,1
197,host-19,2,0,14,2,0,0,0.114000,0,32000,3648,0.114000,131072,3899,0.029747,0,0,2
197,host-2,2,2,14,2,2,0,0.072406,0,32000,2317,0.072406,131072,2474,0.018875,2,0,0
197,host-20,2,0,14,2,0,0,0.114187,0,32000,3654,0.114187,131072,3473,0.026497,0,0,2
197,host-21,2,0,14,2,0,0,0.102719,0,32000,3287,0.102719,131072,3125,0.023842,0,0,2
197,host-22,0,0,14,0,0,0,0.000000,0,32000,0,0.000000,131072,0,0.000000,0,0,0
197,host-23,1,0,14,1,0,0,0.065844,0,32000,2107,0.065844,131072,1863,0.014214,0,0,1
197,host-24,2,1,14,2,1,0,0.117938,0,32000,3774,0.117938,131072,3512,0.026794,0,1,1
197,host-3,2,0,14,2,0,0,0.079594,0,32000,2547,0.079594,131072,1333,0.010170,0,0,2
197,host-4,1,0,14,1,0,0,0.052937,0,32000,1694,0.052937,131072,2261,0.017250,0,0,1
197,host-5,0,0,14,0,0,0,0.000000,0,32000,0,0.000000,131072,0,0.000000,0,0,0
197,host-6,1,0,14,1,0,0,0.064062,0,32000,2050,0.064062,131072,2686,0.020493,0,0,1
197,host-7,2,0,14,2,0,0,0.082437,0,32000,2638,0.082437,131072,3037,0.023170,0,0,2
197,host-8,1,0,14,1,0,0,0.072156,0,32000,2309,0.072156,131072,2949,0.022499,0,0,1
197,host-9,1,0,14,1,0,0,0.062156,0,32000,1989,0.062156,131072,1467,0.011192,0,0,1
198,host-1,2,0,14,2,0,0,0.104344,0,32000,3339,0.104344,131072,4061,0.030983,0,0,2
198,host-10,2,0,14,2,0,0,0.122563,0,32000,3922,0.122563,131072,4353,0.033211,0,0,2
198,host-11,1,0,14,1,0,0,0.070781,0,32000,2265,0.070781,131072,2314,0.017654,0,0,1
198,host-12,1,0,14,1,0,0,0.063187,0,32000,2022,0.063187,131072,2269,0.017311,0,0,1
198,host-13,2,0,14,2,0,0,0.079844,0,32000,2555,0.079844,131072,2855,0.021782,0,0,2
198,host-14,2,0,14,2,0,0,0.087063,0,32000,2786,0.087063,131072,3204,0.024445,0,0,2
198,host-15,2,0,14,2,0,0,0.100312,0,32000,3210,0.100312,131072,2770,0.021133,0,0,2
198,host-16,2,0,14,2,0,0,0.120531,0,32000,3857,0.120531,131072,3890,0.029678,0,0,2
198,host-17,2,0,14,2,0,0,0.100625,0,32000,3220,0.100625,131072,3681,0.028084,0,0,2
198,host-18,2,1,14,2,1,0,0.063781,0,32000,2041,0.063781,131072,1144,0.008728,1,0,1
198,host-19,2,0,14,2,0,0,0.114000,0,32000,3648,0.114000,131072,3899,0.029747,0,0,2
198,host-2,2,1,14,2,1,0,0.072406,0,32000,2317,0.072406,131072,2474,0.018875,0,1,1
198,host-20,2,0,14,2,0,0,0.114187,0,32000,3654,0.114187,131072,3473,0.026497,0,0,2
198,host-21,1,0,14,1,0,0,0.044875,0,32000,1436,0.044875,131072,813,0.006203,0,0,1
198,host-22,2,2,14,2,2,0,0.082375,0,32000,2636,0.082375,131072,2725,0.020790,2,0,0
198,host-23,1,0,14,1,0,0,0.065844,0,32000,2107,0.065844,131072,1863,0.014214,0,0,1
198,host-24,2,0,14,2,0,0,0.117938,0,32000,3774,0.117938,131072,3512,0.026794,0,0,2
198,host-3,2,0,14,2,0,0,0.079594,0,32000,2547,0.079594,131072,1333,0.010170,0,0,2
198,host-4,1,0,14,1,0,0,0.052937,0,32000,1694,0.052937,131072,2261,0.017250,0,0,1
198,host-5,2,2,14,2,2,0,0.087938,0,32000,2814,0.087938,131072,1591,0.012138,1,1,0
198,host-6,1,1,14,1,1,0,0.044500,0,32000,1424,0.044500,131072,1209,0.009224,1,0,0
198,host-7,2,0,14,2,0,0,0.082437,0,32000,2638,0.082437,131072,3037,0.023170,0,0,2
198,host-8,1,0,14,1,0,0,0.072156,0,32000,2309,0.072156,131072,2949,0.022499,0,0,1
198,host-9,1,0,14,1,0,0,0.062156,0,32000,1989,0.062156,131072,1467,0.011192,0,0,1
199,host-1,2,0,14,2,0,0,0.104344,0,32000,3339,0.104344,131072,4061,0.030983,0,0,2
199,host-10,2,0,14,2,0,0,0.122563,0,32000,3922,0.122563,131072,4353,0.033211,0,0,2
199,host-11,1,0,14,1,0,0,0.070781,0,32000,2265,0.070781,131072,2314,0.017654,0,0,1
199,host-12,1,0,14,1,0,0,0.063187,0,32000,2022,0.063187,131072,2269,0.017311,0,0,1
199,host-13,2,0,14,2,0,0,0.079844,0,32000,2555,0.079844,131072,2855,0.021782,0,0,2
199,host-14,2,0,14,2,0,0,0.087063,0,32000,2786,0.087063,131072,3204,0.024445,0,0,2
199,host-15,2,0,14,2,0,0,0.100312,0,32000,3210,0.100312,131072,2770,0.021133,0,0,2
199,host-16,2,0,14,2,0,0,0.120531,0,32000,3857,0.120531,131072,3890,0.029678,0,0,2
199,host-17,2,0,14,2,0,0,0.100625,0,32000,3220,0.100625,131072,3681,0.028084,0,0,2
199,host-18,2,0,14,2,0,0,0.063781,0,32000,2041,0.063781,131072,1144,0.008728,0,0,2
199,host-19,2,0,14,2,0,0,0.114000,0,32000,3648,0.114000,131072,3899,0.029747,0,0,2
199,host-2,2,0,14,2,0,0,0.072406,0,32000,2317,0.072406,131072,2474,0.018875,0,0,2
199,host-20,2,0,14,2,0,0,0.114187,0,32000,3654,0.114187,131072,3473,0.026497,0,0,2
199,host-21,2,1,14,2,1,0,0.076719,0,32000,2455,0.076719,131072,1376,0.010498,1,0,1
199,host-22,2,1,14,2,1,0,0.082375,0,32000,2636,0.082375,131072,2725,0.020790,1,0,1
199,host-23,1,0,14,1,0,0,0.065844,0,32000,2107,0.065844,131072,1863,0.014214,0,0,1
199,host-24,2,0,14,2,0,0,0.117938,0,32000,3774,0.117938,131072,3512,0.026794,0,0,2
199,host-3,2,0,14,2,0,0,0.079594,0,32000,2547,0.079594,131072,1333,0.010170,0,0,2
199,host-4,2,1,14,2,1,0,0.079562,0,32000,2546,0.079562,131072,3334,0.025436,1,0,1
199,host-5,2,1,14,2,1,0,0.087938,0,32000,2814,0.087938,131072,1591,0.012138,1,0,1
199,host-6,2,2,14,2,2,0,0.100906,0,32000,3229,0.100906,131072,2885,0.022011,2,0,0
199,host-7,2,0,14,2,0,0,0.082437,0,32000,2638,0.082437,131072,3037,0.023170,0,0,2
199,host-8,1,0,14,1,0,0,0.072156,0,32000,2309,0.072156,131072,2949,0.022499,0,0,1
199,host-9,1,0,14,1,0,0,0.062156,0,32000,1989,0.062156,131072,1467,0.011192,0,0,1
200,host-1,2,0,14,2,0,0,0.104344,0,32000,3339,0.104344,131072,4061,0.030983,0,0,2
200,host-10,2,0,14,2,0,0,0.122563,0,32000,3922,0.122563,131072,4353,0.033211,0,0,2
200,host-11,1,0,14,1,0,0,0.070781,0,32000,2265,0.070781,131072,2314,0.017654,0,0,1
200,host-12,1,1,14,1,1,0,0.063187,0,32000,2022,0.063187,131072,2269,0.017311,0,1,0
200,host-13,2,0,14,2,0,0,0.079844,0,32000,2555,0.079844,131072,2855,0.021782,0,0,2
200,host-14,2,0,14,2,0,0,0.087063,0,32000,2786,0.087063,131072,3204,0.024445,0,0,2
200,host-15,2,0,14,2,0,0,0.100312,0,32000,3210,0.100312,131072,2770,0.021133,0,0,2
200,host-16,2,0,14,2,0,0,0.120531,0,32000,3857,0.120531,131072,3890,0.029678,0,0,2
200,host-17,2,0,14,2,0,0,0.100625,0,32000,3220,0.100625,131072,3681,0.028084,0,0,2
200,host-18,2,0,14,2,0,0,0.063781,0,32000,2041,0.063781,131072,1144,0.008728,0,0,2
200,host-19,2,0,14,2,0,0,0.114000,0,32000,3648,0.114000,131072,3899,0.029747,0,0,2
200,host-2,2,0,14,2,0,0,0.072406,0,32000,2317,0.072406,131072,2474,0.018875,0,0,2
200,host-20,2,0,14,2,0,0,0.114187,0,32000,3654,0.114187,131072,3473,0.026497,0,0,2
200,host-21,2,0,14,2,0,0,0.076719,0,32000,2455,0.076719,131072,1376,0.010498,0,0,2
200,host-22,2,0,14,2,0,0,0.082375,0,32000,2636,0.082375,131072,2725,0.020790,0,0,2
200,host-23,1,0,14,1,0,0,0.065844,0,32000,2107,0.065844,131072,1863,0.014214,0,0,1
200,host-24,2,0,14,2,0,0,0.117938,0,32000,3774,0.117938,131072,3512,0.026794,0,0,2
200,host-3,2,0,14,2,0,0,0.079594,0,32000,2547,0.079594,131072,1333,0.010170,0,0,2
200,host-4,2,1,14,2,1,0,0.079562,0,32000,2546,0.079562,131072,3334,0.025436,1,0,1
200,host-5,2,1,14,2,1,0,0.087938,0,32000,2814,0.087938,131072,1591,0.012138,0,1,1
200,host-6,2,0,14,2,0,0,0.100906,0,32000,3229,0.100906,131072,2885,0.022011,0,0,2
200,host-7,2,0,14,2,0,0,0.082437,0,32000,2638,0.082437,131072,3037,0.023170,0,0,2
200,host-8,1,0,14,1,0,0,0.072156,0,32000,2309,0.072156,131072,2949,0.022499,0,0,1
200,host-9,1,0,14,1,0,0,0.062156,0,32000,1989,0.062156,131072,1467,0.011192,0,0,1
201,host-1,2,0,14,2,0,0,0.104344,0,32000,3339,0.104344,131072,4061,0.030983,0,0,2
201,host-10,2,0,14,2,0,0,0.122563,0,32000,3922,0.122563,131072,4353,0.033211,0,0,2
201,host-11,1,0,14,1,0,0,0.070781,0,32000,2265,0.070781,131072,2314,0.017654,0,0,1
201,host-12,1,0,14,1,0,0,0.063187,0,32000,2022,0.063187,131072,2269,0.017311,0,0,1
201,host-13,2,0,14,2,0,0,0.079844,0,32000,2555,0.079844,131072,2855,0.021782,0,0,2
201,host-14,2,0,14,2,0,0,0.087063,0,32000,2786,0.087063,131072,3204,0.024445,0,0,2
201,host-15,2,0,14,2,0,0,0.100312,0,32000,3210,0.100312,131072,2770,0.021133,0,0,2
201,host-16,2,0,14,2,0,0,0.120531,0,32000,3857,0.120531,131072,3890,0.029678,0,0,2
201,host-17,2,0,14,2,0,0,0.100625,0,32000,3220,0.100625,131072,3681,0.028084,0,0,2
201,host-18,2,0,14,2,0,0,0.063781,0,32000,2041,0.063781,131072,1144,0.008728,0,0,2
201,host-19,1,0,14,1,0,0,0.070781,0,32000,2265,0.070781,131072,2314,0.017654,0,0,1
201,host-2,2,0,14,2,0,0,0.072406,0,32000,2317,0.072406,131072,2474,0.018875,0,0,2
201,host-20,2,0,14,2,0,0,0.114187,0,32000,3654,0.114187,131072,3473,0.026497,0,0,2
201,host-21,2,0,14,2,0,0,0.076719,0,32000,2455,0.076719,131072,1376,0.010498,0,0,2
201,host-22,2,0,14,2,0,0,0.082375,0,32000,2636,0.082375,131072,2725,0.020790,0,0,2
201,host-23,1,0,14,1,0,0,0.065844,0,32000,2107,0.065844,131072,1863,0.014214,0,0,1
201,host-24,2,0,14,2,0,0,0.117938,0,32000,3774,0.117938,131072,3512,0.026794,0,0,2
201,host-3,2,0,14,2,0,0,0.079594,0,32000,2547,0.079594,131072,1333,0.010170,0,0,2
201,host-4,2,0,14,2,0,0,0.079562,0,32000,2546,0.079562,131072,3334,0.025436,0,0,2
201,host-5,2,0,14,2,0,0,0.087938,0,32000,2814,0.087938,131072,1591,0.012138,0,0,2
201,host-6,2,0,14,2,0,0,0.100906,0,32000,3229,0.100906,131072,2885,0.022011,0,0,2
201,host-7,2,0,14,2,0,0,0.082437,0,32000,2638,0.082437,131072,3037,0.023170,0,0,2
201,host-8,1,0,14,1,0,0,0.072156,0,32000,2309,0.072156,131072,2949,0.022499,0,0,1
201,host-9,2,2,14,2,2,0,0.078719,0,32000,2519,0.078719,131072,2055,0.015678,2,0,0
202,host-1,2,0,14,2,0,0,0.104344,0,32000,3339,0.104344,131072,4061,0.030983,0,0,2
202,host-10,2,0,14,2,0,0,0.122563,0,32000,3922,0.122563,131072,4353,0.033211,0,0,2
202,host-11,0,0,14,0,0,0,0.000000,0,32000,0,0.000000,131072,0,0.000000,0,0,0
202,host-12,2,1,14,2,1,0,0.114125,0,32000,3652,0.114125,131072,3802,0.029007,1,0,1
202,host-13,2,0,14,2,0,0,0.079844,0,32000,2555,0.079844,131072,2855,0.021782,0,0,2
202,host-14,2,0,14,2,0,0,0.087063,0,32000,2786,0.087063,131072,3204,0.024445,0,0,2
202,host-15,2,0,14,2,0,0,0.100312,0,32000,3210,0.100312,131072,2770,0.021133,0,0,2
202,host-16,2,0,14,2,0,0,0.120531,0,32000,3857,0.120531,131072,3890,0.029678,0,0,2
202,host-17,2,0,14,2,0,0,0.100625,0,32000,3220,0.100625,131072,3681,0.028084,0,0,2
202,host-18,3,1,14,3,1,0,0.107125,0,32000,3428,0.107125,131072,2018,0.015396,1,0,2
202,host-19,1,0,14,1,0,0,0.070781,0,32000,2265,0.070781,131072,2314,0.017654,0,0,1
202,host-2,2,0,14,2,0,0,0.072406,0,32000,2317,0.072406,131072,2474,0.018875,0,0,2
202,host-20,2,0,14,2,0,0,0.114187,0,32000,3654,0.114187,131072,3473,0.026497,0,0,2
202,host-21,2,0,14,2,0,0,0.076719,0,32000,2455,0.076719,131072,1376,0.010498,0,0,2
202,host-22,2,0,14,2,0,0,0.082375,0,32000,2636,0.082375,131072,2725,0.020790,0,0,2
202,host-23,1,0,14,1,0,0,0.065844,0,32000,2107,0.065844,131072,1863,0.014214,0,0,1
202,host-24,2,0,14,2,0,0,0.117938,0,32000,3774,0.117938,131072,3512,0.026794,0,0,2
202,host-3,2,0,14,2,0,0,0.079594,0,32000,2547,0.079594,131072,1333,0.010170,0,0,2
202,host-4,2,0,14,2,0,0,0.079562,0,32000,2546,0.079562,131072,3334,0.025436,0,0,2
202,host-5,2,0,14,2,0,0,0.087938,0,32000,2814,0.087938,131072,1591,0.012138,0,0,2
202,host-6,2,0,14,2,0,0,0.100906,0,32000,3229,0.100906,131072,2885,0.022011,0,0,2
202,host-7,1,0,14,1,0,0,0.029562,0,32000,946,0.029562,131072,1015,0.007744,0,0,1
202,host-8,1,0,14,1,0,0,0.072156,0,32000,2309,0.072156,131072,2949,0.022499,0,0,1
202,host-9,2,1,14,2,1,0,0.078719,0,32000,2519,0.078719,131072,2055,0.015678,1,0,1
203,host-1,1,0,14,1,0,0,0.051469,0,32000,1647,0.051469,131072,2039,0.015556,0,0,1
203,host-10,2,0,14,2,0,0,0.122563,0,32000,3922,0.122563,131072,4353,0.033211,0,0,2
203,host-11,0,0,14,0,0,0,0.000000,0,32000,0,0.000000,131072,0,0.000000,0,0,0
203,host-12,2,1,14,2,1,0,0.114125,0,32000,3652,0.114125,131072,3802,0.029007,1,0,1
203,host-13,2,0,14,2,0,0,0.079844,0,32000,2555,0.079844,131072,2855,0.021782,0,0,2
203,host-14,1,0,14,1,0,0,0.029562,0,32000,946,0.029562,131072,1015,0.007744,0,0,1
203,host-15,1,0,14,1,0,0,0.057813,0,32000,1850,0.057813,131072,1873,0.014290,0,0,1
203,host-16,1,0,14,1,0,0,0.076781,0,32000,2457,0.076781,131072,2786,0.021255,0,0,1
203,host-17,2,0,14,2,0,0,0.100625,0,32000,3220,0.100625,131072,3681,0.028084,0,0,2
203,host-18,3,1,14,3,1,0,0.107125,0,32000,3428,0.107125,131072,2018,0.015396,1,0,2
203,host-19,0,0,14,0,0,0,0.000000,0,32000,0,0.000000,131072,0,0.000000,0,0,0
203,host-2,2,0,14,2,0,0,0.072406,0,32000,2317,0.072406,131072,2474,0.018875,0,0,2
203,host-20,2,0,14,2,0,0,0.114187,0,32000,3654,0.114187,131072,3473,0.026497,0,0,2
203,host-21,2,0,14,2,0,0,0.076719,0,32000,2455,0.076719,131072,1376,0.010498,0,0,2
203,host-22,2,0,14,2,0,0,0.082375,0,32000,2636,0.082375,131072,2725,0.020790,0,0,2
203,host-23,0,0,14,0,0,0,0.000000,0,32000,0,0.000000,131072,0,0.000000,0,0,0
203,host-24,2,0,14,2,0,0,0.117938,0,32000,3774,0.117938,131072,3512,0.026794,0,0,2
203,host-3,2,0,14,2,0,0,0.079594,0,32000,2547,0.079594,131072,1333,0.010170,0,0,2
203,host-4,2,0,14,2,0,0,0.079562,0,32000,2546,0.079562,131072,3334,0.025436,0,0,2
203,host-5,2,0,14,2,0,0,0.087938,0,32000,2814,0.087938,131072,1591,0.012138,0,0,2
203,host-6,2,0,14,2,0,0,0.100906,0,32000,3229,0.100906,131072,2885,0.022011,0,0,2
203,host-7,1,0,14,1,0,0,0.029562,0,32000,946,0.029562,131072,1015,0.007744,0,0,1
203,host-8,1,0,14,1,0,0,0.072156,0,32000,2309,0.072156,131072,2949,0.022499,0,0,1
203,host-9,2,0,14,2,0,0,0.078719,0,32000,2519,0.078719,131072,2055,0.015678,0,0,2
204,host-1,1,0,14,1,0,0,0.051469,0,32000,1647,0.051469,131072,2039,0.015556,0,0,1
204,host-10,2,0,14,2,0,0,0.122563,0,32000,3922,0.122563,131072,4353,0.033211,0,0,2
204,host-11,1,1,14,1,1,0,0.033344,0,32000,1067,0.033344,131072,1016,0.007751,0,1,0
204,host-12,2,0,14,2,0,0,0.114125,0,32000,3652,0.114125,131072,3802,0.029007,0,0,2
204,host-13,1,0,14,1,0,0,0.044594,0,32000,1427,0.044594,131072,1225,0.009346,0,0,1
204,host-14,2,1,14,2,1,0,0.087469,0,32000,2799,0.087469,131072,2422,0.018478,1,0,1
204,host-15,1,0,14,1,0,0,0.057813,0,32000,1850,0.057813,131072,1873,0.014290,0,0,1
204,host-16,1,0,14,1,0,0,0.076781,0,32000,2457,0.076781,131072,2786,0.021255,0,0,1
204,host-17,1,0,14,1,0,0,0.066531,0,32000,2129,0.066531,131072,2221,0.016945,0,0,1
204,host-18,3,0,14,3,0,0,0.107125,0,32000,3428,0.107125,131072,2018,0.015396,0,0,3
204,host-19,1,1,14,1,1,0,0.073781,0,32000,2361,0.073781,131072,2606,0.019882,1,0,0
204,host-2,2,0,14,2,0,0,0.072406,0,32000,2317,0.072406,131072,2474,0.018875,0,0,2
204,host-20,2,0,14,2,0,0,0.114187,0,32000,3654,0.114187,131072,3473,0.026497,0,0,2
204,host-21,2,0,14,2,0,0,0.076719,0,32000,2455,0.076719,131072,1376,0.010498,0,0,2
204,host-22,2,0,14,2,0,0,0.082375,0,32000,2636,0.082375,131072,2725,0.020790,0,0,2
204,host-23,1,1,14,1,1,0,0.044000,0,32000,1408,0.044000,131072,1882,0.014359,1,0,0
204,host-24,2,0,14,2,0,0,0.117938,0,32000,3774,0.117938,131072,3512,0.026794,0,0,2
204,host-3,2,0,14,2,0,0,0.079594,0,32000,2547,0.079594,131072,1333,0.010170,0,0,2
204,host-4,2,0,14,2,0,0,0.079562,0,32000,2546,0.079562,131072,3334,0.025436,0,0,2
204,host-5,2,0,14,2,0,0,0.087938,0,32000,2814,0.087938,131072,1591,0.012138,0,0,2
204,host-6,2,0,14,2,0,0,0.100906,0,32000,3229,0.100906,131072,2885,0.022011,0,0,2
204,host-7,2,1,14,2,1,0,0.060062,0,32000,1922,0.060062,131072,2276,0.017365,1,0,1
204,host-8,1,0,14,1,0,0,0.072156,0,32000,2309,0.072156,131072,2949,0.022499,0,0,1
204,host-9,2,0,14,2,0,0,0.078719,0,32000,2519,0.078719,131072,2055,0.015678,0,0,2
205,host-1,1,0,14,1,0,0,0.051469,0,32000,1647,0.051469,131072,2039,0.015556,0,0,1
205,host-10,2,0,14,2,0,0,0.122563,0,32000,3922,0.122563,131072,4353,0.033211,0,0,2
205,host-11,2,1,14,2,1,0,0.107125,0,32000,3428,0.107125,131072,3622,0.027634,1,0,1
205,host-12,2,0,14,2,0,0,0.114125,0,32000,3652,0.114125,131072,3802,0.029007,0,0,2
205,host-13,2,1,14,2,1,0,0.112719,0,32000,3607,0.112719,131072,3956,0.030182,1,0,1
205,host-14,2,0,14,2,0,0,0.087469,0,32000,2799,0.087469,131072,2422,0.018478,0,0,2
205,host-15,1,0,14,1,0,0,0.057813,0,32000,1850,0.057813,131072,1873,0.014290,0,0,1
205,host-16,1,0,14,1,0,0,0.076781,0,32000,2457,0.076781,131072,2786,0.021255,0,0,1
205,host-17,1,0,14,1,0,0,0.066531,0,32000,2129,0.066531,131072,2221,0.016945,0,0,1
205,host-18,2,0,14,2,0,0,0.075188,0,32000,2406,0.075188,131072,1437,0.010963,0,0,2
205,host-19,1,1,14,1,1,0,0.073781,0,32000,2361,0.073781,131072,2606,0.019882,1,0,0
205,host-2,2,0,14,2,0,0,0.072406,0,32000,2317,0.072406,131072,2474,0.018875,0,0,2
205,host-20,1,0,14,1,0,0,0.054562,0,32000,1746,0.054562,131072,1249,0.009529,0,0,1
205,host-21,2,0,14,2,0,0,0.076719,0,32000,2455,0.076719,131072,1376,0.010498,0,0,2
205,host-22,2,0,14,2,0,0,0.082375,0,32000,2636,0.082375,131072,2725,0.020790,0,0,2
205,host-23,2,2,14,2,2,0,0.110375,0,32000,3532,0.110375,131072,4266,0.032547,2,0,0
205,host-24,2,0,14,2,0,0,0.117938,0,32000,3774,0.117938,131072,3512,0.026794,0,0,2
205,host-3,2,0,14,2,0,0,0.079594,0,32000,2547,0.079594,131072,1333,0.010170,0,0,2
205,host-4,2,0,14,2,0,0,0.079562,0,32000,2546,0.079562,131072,3334,0.025436,0,0,2
205,host-5,2,0,14,2,0,0,0.087938,0,32000,2814,0.087938,131072,1591,0.012138,0,0,2
205,host-6,2,0,14,2,0,0,0.100906,0,32000,3229,0.100906,131072,2885,0.022011,0,0,2
205,host-7,2,0,14,2,0,0,0.060062,0,32000,1922,0.060062,131072,2276,0.017365,0,0,2
205,host-8,1,0,14,1,0,0,0.072156,0,32000,2309,0.072156,131072,2949,0.022499,0,0,1
205,host-9,2,0,14,2,0,0,0.078719,0,32000,2519,0.078719,131072,2055,0.015678,0,0,2
206,host-1,2,1,14,2,1,0,0.094594,0,32000,3027,0.094594,131072,3288,0.025085,1,0,1
206,host-10,2,0,14,2,0,0,0.122563,0,32000,3922,0.122563,131072,4353,0.033211,0,0,2
206,host-11,2,0,14,2,0,0,0.107125,0,32000,3428,0.107125,131072,3622,0.027634,0,0,2
206,host-12,2,0,14,2,0,0,0.114125,0,32000,3652,0.114125,131072,3802,0.029007,0,0,2
206,host-13,2,1,14,2,1,0,0.112719,0,32000,3607,0.112719,131072,3956,0.030182,0,1,1
206,host-14,2,0,14,2,0,0,0.087469,0,32000,2799,0.087469,131072,2422,0.018478,0,0,2
206,host-15,2,1,14,2,1,0,0.084687,0,32000,2710,0.084687,131072,2404,0.018341,1,0,1
206,host-16,1,0,14,1,0,0,0.076781,0,32000,2457,0.076781,131072,2786,0.021255,0,0,1
206,host-17,0,0,14,0,0,0,0.000000,0,32000,0,0.000000,131072,0,0.000000,0,0,0
206,host-18,2,0,14,2,0,0,0.075188,0,32000,2406,0.075188,131072,1437,0.010963,0,0,2
206,host-19,1,0,14,1,0,0,0.073781,0,32000,2361,0.073781,131072,2606,0.019882,0,0,1
206,host-2,2,0,14,2,0,0,0.072406,0,32000,2317,0.072406,131072,2474,0.018875,0,0,2
206,host-20,2,1,14,2,1,0,0.114187,0,32000,3654,0.114187,131072,3473,0.026497,1,0,1
206,host-21,2,0,14,2,0,0,0.076719,0,32000,2455,0.076719,131072,1376,0.010498,0,0,2
206,host-22,2,0,14,2,0,0,0.082375,0,32000,2636,0.082375,131072,2725,0.020790,0,0,2
206,host-23,2,0,14,2,0,0,0.110375,0,32000,3532,0.110375,131072,4266,0.032547,0,0,2
206,host-24,2,0,14,2,0,0,0.117938,0,32000,3774,0.117938,131072,3512,0.026794,0,0,2
206,host-3,2,0,14,2,0,0,0.079594,0,32000,2547,0.079594,131072,1333,0.010170,0,0,2
206,host-4,2,0,14,2,0,0,0.079562,0,32000,2546,0.079562,131072,3334,0.025436,0,0,2
206,host-5,2,0,14,2,0,0,0.087938,0,32000,2814,0.087938,131072,1591,0.012138,0,0,2
206,host-6,2,0,14,2,0,0,0.100906,0,32000,3229,0.100906,131072,2885,0.022011,0,0,2
206,host-7,2,0,14,2,0,0,0.060062,0,32000,1922,0.060062,131072,2276,0.017365,0,0,2
206,host-8,1,0,14,1,0,0,0.072156,0,32000,2309,0.072156,131072,2949,0.022499,0,0,1
206,host-9,2,0,14,2,0,0,0.078719,0,32000,2519,0.078719,131072,2055,0.015678,0,0,2
207,host-1,2,0,14,2,0,0,0.094594,0,32000,3027,0.094594,131072,3288,0.025085,0,0,2
207,host-10,2,0,14,2,0,0,0.122563,0,32000,3922,0.122563,131072,4353,0.033211,0,0,2
207,host-11,2,0,14,2,0,0,0.107125,0,32000,3428,0.107125,131072,3622,0.027634,0,0,2
207,host-12,2,0,14,2,0,0,0.114125,0,32000,3652,0.114125,131072,3802,0.029007,0,0,2
207,host-13,2,0,14,2,0,0,0.112719,0,32000,3607,0.112719,131072,3956,0.030182,0,0,2
207,host-14,2,1,14,2,1,0,0.087469,0,32000,2799,0.087469,131072,2422,0.018478,0,1,1
207,host-15,2,0,14,2,0,0,0.084687,0,32000,2710,0.084687,131072,2404,0.018341,0,0,2
207,host-16,1,0,14,1,0,0,0.076781,0,32000,2457,0.076781,131072,2786,0.021255,0,0,1
207,host-17,2,2,14,2,2,0,0.101094,0,32000,3235,0.101094,131072,3112,0.023743,2,0,0
207,host-18,2,0,14,2,0,0,0.075188,0,32000,2406,0.075188,131072,1437,0.010963,0,0,2
207,host-19,2,1,14,2,1,0,0.112125,0,32000,3588,0.112125,131072,3510,0.026779,1,0,1
207,host-2,3,1,14,3,1,0,0.136469,0,32000,4367,0.136469,131072,5160,0.039368,1,0,2
207,host-20,2,0,14,2,0,0,0.114187,0,32000,3654,0.114187,131072,3473,0.026497,0,0,2
207,host-21,2,0,14,2,0,0,0.076719,0,32000,2455,0.076719,131072,1376,0.010498,0,0,2
207,host-22,2,0,14,2,0,0,0.082375,0,32000,2636,0.082375,131072,2725,0.020790,0,0,2
207,host-23,2,0,14,2,0,0,0.110375,0,32000,3532,0.110375,131072,4266,0.032547,0,0,2
207,host-24,2,0,14,2,0,0,0.117938,0,32000,3774,0.117938,131072,3512,0.026794,0,0,2
207,host-3,2,0,14,2,0,0,0.079594,0,32000,2547,0.079594,131072,1333,0.010170,0,0,2
207,host-4,2,0,14,2,0,0,0.079562,0,32000,2546,0.079562,131072,3334,0.025436,0,0,2
207,host-5,2,0,14,2,0,0,0.087938,0,32000,2814,0.087938,131072,1591,0.012138,0,0,2
207,host-6,2,0,14,2,0,0,0.100906,0,32000,3229,0.100906,131072,2885,0.022011,0,0,2
207,host-7,3,1,14,3,1,0,0.126594,0,32000,4051,0.126594,131072,4497,0.034309,1,0,2
207,host-8,2,1,14,2,1,0,0.146281,0,32000,4681,0.146281,131072,5326,0.040634,1,0,1
207,host-9,2,0,14,2,0,0,0.078719,0,32000,2519,0.078719,131072,2055,0.015678,0,0,2
208,host-1,2,0,14,2,0,0,0.094594,0,32000,3027,0.094594,131072,3288,0.025085,0,0,2
208,host-10,2,0,14,2,0,0,0.122563,0,32000,3922,0.122563,131072,4353,0.033211,0,0,2
208,host-11,2,0,14,2,0,0,0.107125,0,32000,3428,0.107125,131072,3622,0.027634,0,0,2
208,host-12,2,0,14,2,0,0,0.114125,0,32000,3652,0.114125,131072,3802,0.029007,0,0,2
208,host-13,2,0,14,2,0,0,0.112719,0,32000,3607,0.112719,131072,3956,0.030182,0,0,2
208,host-14,2,0,14,2,0,0,0.087469,0,32000,2799,0.087469,131072,2422,0.018478,0,0,2
208,host-15,2,0,14,2,0,0,0.084687,0,32000,2710,0.084687,131072,2404,0.018341,0,0,2
208,host-16,1,0,14,1,0,0,0.076781,0,32000,2457,0.076781,131072,2786,0.021255,0,0,1
208,host-17,2,1,14,2,1,0,0.101094,0,32000,3235,0.101094,131072,3112,0.023743,1,0,1
208,host-18,3,1,14,3,1,0,0.113531,0,32000,3633,0.113531,131072,2341,0.017860,1,0,2
208,host-19,2,1,14,2,1,0,0.112125,0,32000,3588,0.112125,131072,3510,0.026779,1,0,1
208,host-2,3,0,14,3,0,0,0.136469,0,32000,4367,0.136469,131072,5160,0.039368,0,0,3
208,host-20,2,0,14,2,0,0,0.114187,0,32000,3654,0.114187,131072,3473,0.026497,0,0,2
208,host-21,2,0,14,2,0,0,0.076719,0,32000,2455,0.076719,131072,1376,0.010498,0,0,2
208,host-22,2,0,14,2,0,0,0.082375,0,32000,2636,0.082375,131072,2725,0.020790,0,0,2
208,host-23,2,0,14,2,0,0,0.110375,0,32000,3532,0.110375,131072,4266,0.032547,0,0,2
208,host-24,2,0,14,2,0,0,0.117938,0,32000,3774,0.117938,131072,3512,0.026794,0,0,2
208,host-3,2,0,14,2,0,0,0.079594,0,32000,2547,0.079594,131072,1333,0.010170,0,0,2
208,host-4,2,0,14,2,0,0,0.079562,0,32000,2546,0.079562,131072,3334,0.025436,0,0,2
208,host-5,2,0,14,2,0,0,0.087938,0,32000,2814,0.087938,131072,1591,0.012138,0,0,2
208,host-6,2,0,14,2,0,0,0.100906,0,32000,3229,0.100906,131072,2885,0.022011,0,0,2
208,host-7,3,1,14,3,1,0,0.126594,0,32000,4051,0.126594,131072,4497,0.034309,1,0,2
208,host-8,2,1,14,2,1,0,0.146281,0,32000,4681,0.146281,131072,5326,0.040634,1,0,1
208,host-9,2,0,14,2,0,0,0.078719,0,32000,2519,0.078719,131072,2055,0.015678,0,0,2
209,host-1,2,0,14,2,0,0,0.094594,0,32000,3027,0.094594,131072,3288,0.025085,0,0,2
209,host-10,2,0,14,2,0,0,0.122563,0,32000,3922,0.122563,131072,4353,0.033211,0,0,2
209,host-11,2,0,14,2,0,0,0.107125,0,32000,3428,0.107125,131072,3622,0.027634,0,0,2
209,host-12,2,0,14,2,0,0,0.114125,0,32000,3652,0.114125,131072,3802,0.029007,0,0,2
209,host-13,1,0,14,1,0,0,0.068125,0,32000,2180,0.068125,131072,2731,0.020836,0,0,1
209,host-14,2,0,14,2,0,0,0.087469,0,32000,2799,0.087469,131072,2422,0.018478,0,0,2
209,host-15,2,0,14,2,0,0,0.084687,0,32000,2710,0.084687,131072,2404,0.018341,0,0,2
209,host-16,1,0,14,1,0,0,0.076781,0,32000,2457,0.076781,131072,2786,0.021255,0,0,1
209,host-17,2,0,14,2,0,0,0.101094,0,32000,3235,0.101094,131072,3112,0.023743,0,0,2
209,host-18,3,1,14,3,1,0,0.113531,0,32000,3633,0.113531,131072,2341,0.017860,0,1,2
209,host-19,2,0,14,2,0,0,0.112125,0,32000,3588,0.112125,131072,3510,0.026779,0,0,2
209,host-2,3,1,14,3,1,0,0.136469,0,32000,4367,0.136469,131072,5160,0.039368,0,1,2
209,host-20,2,0,14,2,0,0,0.114187,0,32000,3654,0.114187,131072,3473,0.026497,0,0,2
209,host-21,2,0,14,2,0,0,0.076719,0,32000,2455,0.076719,131072,1376,0.010498,0,0,2
209,host-22,2,0,14,2,0,0,0.082375,0,32000,2636,0.082375,131072,2725,0.020790,0,0,2
209,host-23,2,0,14,2,0,0,0.110375,0,32000,3532,0.110375,131072,4266,0.032547,0,0,2
209,host-24,2,0,14,2,0,0,0.117938,0,32000,3774,0.117938,131072,3512,0.026794,0,0,2
209,host-3,2,0,14,2,0,0,0.079594,0,32000,2547,0.079594,131072,1333,0.010170,0,0,2
209,host-4,2,0,14,2,0,0,0.079562,0,32000,2546,0.079562,131072,3334,0.025436,0,0,2
209,host-5,2,0,14,2,0,0,0.087938,0,32000,2814,0.087938,131072,1591,0.012138,0,0,2
209,host-6,2,0,14,2,0,0,0.100906,0,32000,3229,0.100906,131072,2885,0.022011,0,0,2
209,host-7,3,1,14,3,1,0,0.126594,0,32000,4051,0.126594,131072,4497,0.034309,0,1,2
209,host-8,2,0,14,2,0,0,0.146281,0,32000,4681,0.146281,131072,5326,0.040634,0,0,2
209,host-9,2,0,14,2,0,0,0.078719,0,32000,2519,0.078719,131072,2055,0.015678,0,0,2
210,host-1,2,0,14,2,0,0,0.094594,0,32000,3027,0.094594,131072,3288,0.025085,0,0,2
210,host-10,2,0,14,2,0,0,0.122563,0,32000,3922,0.122563,131072,4353,0.033211,0,0,2
210,host-11,2,0,14,2,0,0,0.107125,0,32000,3428,0.107125,131072,3622,0.027634,0,0,2
210,host-12,2,0,14,2,0,0,0.114125,0,32000,3652,0.114125,131072,3802,0.029007,0,0,2
210,host-13,1,0,14,1,0,0,0.068125,0,32000,2180,0.068125,131072,2731,0.020836,0,0,1
210,host-14,2,0,14,2,0,0,0.087469,0,32000,2799,0.087469,131072,2422,0.018478,0,0,2
210,host-15,2,0,14,2,0,0,0.084687,0,32000,2710,0.084687,131072,2404,0.018341,0,0,2
210,host-16,1,0,14,1,0,0,0.076781,0,32000,2457,0.076781,131072,2786,0.021255,0,0,1
210,host-17,2,0,14,2,0,0,0.101094,0,32000,3235,0.101094,131072,3112,0.023743,0,0,2
210,host-18,3,0,14,3,0,0,0.113531,0,32000,3633,0.113531,131072,2341,0.017860,0,0,3
210,host-19,2,0,14,2,0,0,0.112125,0,32000,3588,0.112125,131072,3510,0.026779,0,0,2
210,host-2,3,0,14,3,0,0,0.136469,0,32000,4367,0.136469,131072,5160,0.039368,0,0,3
210,host-20,2,0,14,2,0,0,0.114187,0,32000,3654,0.114187,131072,3473,0.026497,0,0,2
210,host-21,2,0,14,2,0,0,0.076719,0,32000,2455,0.076719,131072,1376,0.010498,0,0,2
210,host-22,2,0,14,2,0,0,0.082375,0,32000,2636,0.082375,131072,2725,0.020790,0,0,2
210,host-23,2,0,14,2,0,0,0.110375,0,32000,3532,0.110375,131072,4266,0.032547,0,0,2
210,host-24,2,0,14,2,0,0,0.117938,0,32000,3774,0.117938,131072,3512,0.026794,0,0,2
210,host-3,2,0,14,2,0,0,0.079594,0,32000,2547,0.079594,131072,1333,0.010170,0,0,2
210,host-4,2,0,14,2,0,0,0.079562,0,32000,2546,0.079562,131072,3334,0.025436,0,0,2
210,host-5,2,0,14,2,0,0,0.087938,0,32000,2814,0.087938,131072,1591,0.012138,0,0,2
210,host-6,2,0,14,2,0,0,0.100906,0,32000,3229,0.100906,131072,2885,0.022011,0,0,2
210,host-7,3,0,14,3,0,0,0.126594,0,32000,4051,0.126594,131072,4497,0.034309,0,0,3
210,host-8,1,0,14,1,0,0,0.074125,0,32000,2372,0.074125,131072,2377,0.018135,0,0,1
210,host-9,2,0,14,2,0,0,0.078719,0,32000,2519,0.078719,131072,2055,0.015678,0,0,2
211,host-1,2,0,14,2,0,0,0.094594,0,32000,3027,0.094594,131072,3288,0.025085,0,0,2
211,host-10,2,0,14,2,0,0,0.122563,0,32000,3922,0.122563,131072,4353,0.033211,0,0,2
211,host-11,2,0,14,2,0,0,0.107125,0,32000,3428,0.107125,131072,3622,0.027634,0,0,2
211,host-12,2,0,14,2,0,0,0.114125,0,32000,3652,0.114125,131072,3802,0.029007,0,0,2
211,host-13,1,0,14,1,0,0,0.068125,0,32000,2180,0.068125,131072,2731,0.020836,0,0,1
211,host-14,1,0,14,1,0,0,0.057906,0,32000,1853,0.057906,131072,1407,0.010735,0,0,1
211,host-15,2,0,14,2,0,0,0.084687,0,32000,2710,0.084687,131072,2404,0.018341,0,0,2
211,host-16,1,0,14,1,0,0,0.076781,0,32000,2457,0.076781,131072,2786,0.021255,0,0,1
211,host-17,2,0,14,2,0,0,0.101094,0,32000,3235,0.101094,131072,3112,0.023743,0,0,2
211,host-18,3,0,14,3,0,0,0.113531,0,32000,3633,0.113531,131072,2341,0.017860,0,0,3
211,host-19,2,0,14,2,0,0,0.112125,0,32000,3588,0.112125,131072,3510,0.026779,0,0,2
211,host-2,3,0,14,3,0,0,0.136469,0,32000,4367,0.136469,131072,5160,0.039368,0,0,3
211,host-20,2,0,14,2,0,0,0.114187,0,32000,3654,0.114187,131072,3473,0.026497,0,0,2
211,host-21,2,0,14,2,0,0,0.076719,0,32000,2455,0.076719,131072,1376,0.010498,0,0,2
211,host-22,2,0,14,2,0,0,0.082375,0,32000,2636,0.082375,131072,2725,0.020790,0,0,2
211,host-23,2,0,14,2,0,0,0.110375,0,32000,3532,0.110375,131072,4266,0.032547,0,0,2
211,host-24,2,0,14,2,0,0,0.117938,0,32000,3774,0.117938,131072,3512,0.026794,0,0,2
211,host-3,2,0,14,2,0,0,0.079594,0,32000,2547,0.079594,131072,1333,0.010170,0,0,2
211,host-4,2,0,14,2,0,0,0.079562,0,32000,2546,0.079562,131072,3334,0.025436,0,0,2
211,host-5,2,0,14,2,0,0,0.087938,0,32000,2814,0.087938,131072,1591,0.012138,0,0,2
211,host-6,2,0,14,2,0,0,0.100906,0,32000,3229,0.100906,131072,2885,0.022011,0,0,2
211,host-7,2,0,14,2,0,0,0.097031,0,32000,3105,0.097031,131072,3482,0.026566,0,0,2
211,host-8,1,0,14,1,0,0,0.074125,0,32000,2372,0.074125,131072,2377,0.018135,0,0,1
211,host-9,2,0,14,2,0,0,0.078719,0,32000,2519,0.078719,131072,2055,0.015678,0,0,2
212,host-1,2,0,14,2,0,0,0.094594,0,32000,3027,0.094594,131072,3288,0.025085,0,0,2
212,host-10,2,0,14,2,0,0,0.122563,0,32000,3922,0.122563,131072,4353,0.033211,0,0,2
212,host-11,2,0,14,2,0,0,0.107125,0,32000,3428,0.107125,131072,3622,0.027634,0,0,2
212,host-12,2,0,14,2,0,0,0.114125,0,32000,3652,0.114125,131072,3802,0.029007,0,0,2
212,host-13,1,0,14,1,0,0,0.068125,0,32000,2180,0.068125,131072,2731,0.020836,0,0,1
212,host-14,1,0,14,1,0,0,0.057906,0,32000,1853,0.057906,131072,1407,0.010735,0,0,1
212,host-15,2,0,14,2,0,0,0.084687,0,32000,2710,0.084687,131072,2404,0.018341,0,0,2
212,host-16,1,0,14,1,0,0,0.076781,0,32000,2457,0.076781,131072,2786,0.021255,0,0,1
212,host-17,2,0,14,2,0,0,0.101094,0,32000,3235,0.101094,131072,3112,0.023743,0,0,2
212,host-18,3,0,14,3,0,0,0.113531,0,32000,3633,0.113531,131072,2341,0.017860,0,0,3
212,host-19,2,0,14,2,0,0,0.112125,0,32000,3588,0.112125,131072,3510,0.026779,0,0,2
212,host-2,3,0,14,3,0,0,0.136469,0,32000,4367,0.136469,131072,5160,0.039368,0,0,3
212,host-20,2,0,14,2,0,0,0.114187,0,32000,3654,0.114187,131072,3473,0.026497,0,0,2
212,host-21,2,0,14,2,0,0,0.076719,0,32000,2455,0.076719,131072,1376,0.010498,0,0,2
212,host-22,2,0,14,2,0,0,0.082375,0,32000,2636,0.082375,131072,2725,0.020790,0,0,2
212,host-23,2,0,14,2,0,0,0.110375,0,32000,3532,0.110375,131072,4266,0.032547,0,0,2
212,host-24,2,0,14,2,0,0,0.117938,0,32000,3774,0.117938,131072,3512,0.026794,0,0,2
212,host-3,2,0,14,2,0,0,0.079594,0,32000,2547,0.079594,131072,1333,0.010170,0,0,2
212,host-4,2,0,14,2,0,0,0.079562,0,32000,2546,0.079562,131072,3334,0.025436,0,0,2
212,host-5,2,0,14,2,0,0,0.087938,0,32000,2814,0.087938,131072,1591,0.012138,0,0,2
212,host-6,2,0,14,2,0,0,0.100906,0,32000,3229,0.100906,131072,2885,0.022011,0,0,2
212,host-7,2,0,14,2,0,0,0.097031,0,32000,3105,0.097031,131072,3482,0.026566,0,0,2
212,host-8,1,0,14,1,0,0,0.074125,0,32000,2372,0.074125,131072,2377,0.018135,0,0,1
212,host-9,2,0,14,2,0,0,0.078719,0,32000,2519,0.078719,131072,2055,0.015678,0,0,2
213,host-1,2,0,14,2,0,0,0.094594,0,32000,3027,0.094594,131072,3288,0.025085,0,0,2
213,host-10,2,0,14,2,0,0,0.122563,0,32000,3922,0.122563,131072,4353,0.033211,0,0,2
213,host-11,2,0,14,2,0,0,0.107125,0,32000,3428,0.107125,131072,3622,0.027634,0,0,2
213,host-12,2,0,14,2,0,0,0.114125,0,32000,3652,0.114125,131072,3802,0.029007,0,0,2
213,host-13,2,1,14,2,1,0,0.130281,0,32000,4169,0.130281,131072,4198,0.032028,1,0,1
213,host-14,2,1,14,2,1,0,0.102500,0,32000,3280,0.102500,131072,2632,0.020081,1,0,1
213,host-15,2,0,14,2,0,0,0.084687,0,32000,2710,0.084687,131072,2404,0.018341,0,0,2
213,host-16,2,1,14,2,1,0,0.112031,0,32000,3585,0.112031,131072,4416,0.033691,1,0,1
213,host-17,2,0,14,2,0,0,0.101094,0,32000,3235,0.101094,131072,3112,0.023743,0,0,2
213,host-18,3,0,14,3,0,0,0.113531,0,32000,3633,0.113531,131072,2341,0.017860,0,0,3
213,host-19,2,0,14,2,0,0,0.112125,0,32000,3588,0.112125,131072,3510,0.026779,0,0,2
213,host-2,3,0,14,3,0,0,0.136469,0,32000,4367,0.136469,131072,5160,0.039368,0,0,3
213,host-20,2,0,14,2,0,0,0.114187,0,32000,3654,0.114187,131072,3473,0.026497,0,0,2
213,host-21,3,1,14,3,1,0,0.110812,0,32000,3546,0.110812,131072,2836,0.021637,1,0,2
213,host-22,2,0,14,2,0,0,0.082375,0,32000,2636,0.082375,131072,2725,0.020790,0,0,2
213,host-23,2,0,14,2,0,0,0.110375,0,32000,3532,0.110375,131072,4266,0.032547,0,0,2
213,host-24,2,0,14,2,0,0,0.117938,0,32000,3774,0.117938,131072,3512,0.026794,0,0,2
213,host-3,3,1,14,3,1,0,0.109156,0,32000,3493,0.109156,131072,2348,0.017914,1,0,2
213,host-4,3,1,14,3,1,0,0.151719,0,32000,4855,0.151719,131072,6283,0.047935,1,0,2
213,host-5,2,0,14,2,0,0,0.087938,0,32000,2814,0.087938,131072,1591,0.012138,0,0,2
213,host-6,2,0,14,2,0,0,0.100906,0,32000,3229,0.100906,131072,2885,0.022011,0,0,2
213,host-7,2,0,14,2,0,0,0.097031,0,32000,3105,0.097031,131072,3482,0.026566,0,0,2
213,host-8,2,1,14,2,1,0,0.127000,0,32000,4064,0.127000,131072,4399,0.033562,1,0,1
213,host-9,3,1,14,3,1,0,0.144563,0,32000,4626,0.144563,131072,3918,0.029892,1,0,2
214,host-1,2,0,14,2,0,0,0.094594,0,32000,3027,0.094594,131072,3288,0.025085,0,0,2
214,host-10,2,1,14,2,1,0,0.122563,0,32000,3922,0.122563,131072,4353,0.033211,0,1,1
214,host-11,2,0,14,2,0,0,0.107125,0,32000,3428,0.107125,131072,3622,0.027634,0,0,2
214,host-12,2,0,14,2,0,0,0.114125,0,32000,3652,0.114125,131072,3802,0.029007,0,0,2
214,host-13,2,1,14,2,1,0,0.130281,0,32000,4169,0.130281,131072,4198,0.032028,1,0,1
214,host-14,2,1,14,2,1,0,0.102500,0,32000,3280,0.102500,131072,2632,0.020081,1,0,1
214,host-15,2,0,14,2,0,0,0.084687,0,32000,2710,0.084687,131072,2404,0.018341,0,0,2
214,host-16,2,1,14,2,1,0,0.112031,0,32000,3585,0.112031,131072,4416,0.033691,1,0,1
214,host-17,2,0,14,2,0,0,0.101094,0,32000,3235,0.101094,131072,3112,0.023743,0,0,2
214,host-18,3,0,14,3,0,0,0.113531,0,32000,3633,0.113531,131072,2341,0.017860,0,0,3
214,host-19,2,0,14,2,0,0,0.112125,0,32000,3588,0.112125,131072,3510,0.026779,0,0,2
214,host-2,3,0,14,3,0,0,0.136469,0,32000,4367,0.136469,131072,5160,0.039368,0,0,3
214,host-20,2,0,14,2,0,0,0.114187,0,32000,3654,0.114187,131072,3473,0.026497,0,0,2
214,host-21,3,1,14,3,1,0,0.110812,0,32000,3546,0.110812,131072,2836,0.021637,1,0,2
214,host-22,2,0,14,2,0,0,0.082375,0,32000,2636,0.082375,131072,2725,0.020790,0,0,2
214,host-23,2,0,14,2,0,0,0.110375,0,32000,3532,0.110375,131072,4266,0.032547,0,0,2
214,host-24,2,0,14,2,0,0,0.117938,0,32000,3774,0.117938,131072,3512,0.026794,0,0,2
214,host-3,3,1,14,3,1,0,0.109156,0,32000,3493,0.109156,131072,2348,0.017914,1,0,2
214,host-4,3,0,14,3,0,0,0.151719,0,32000,4855,0.151719,131072,6283,0.047935,0,0,3
214,host-5,2,0,14,2,0,0,0.087938,0,32000,2814,0.087938,131072,1591,0.012138,0,0,2
214,host-6,2,0,14,2,0,0,0.100906,0,32000,3229,0.100906,131072,2885,0.022011,0,0,2
214,host-7,2,0,14,2,0,0,0.097031,0,32000,3105,0.097031,131072,3482,0.026566,0,0,2
214,host-8,2,1,14,2,1,0,0.127000,0,32000,4064,0.127000,131072,4399,0.033562,1,0,1
214,host-9,3,1,14,3,1,0,0.144563,0,32000,4626,0.144563,131072,3918,0.029892,1,0,2
215,host-1,2,0,14,2,0,0,0.094594,0,32000,3027,0.094594,131072,3288,0.025085,0,0,2
215,host-10,2,0,14,2,0,0,0.122563,0,32000,3922,0.122563,131072,4353,0.033211,0,0,2
215,host-11,2,0,14,2,0,0,0.107125,0,32000,3428,0.107125,131072,3622,0.027634,0,0,2
215,host-12,2,0,14,2,0,0,0.114125,0,32000,3652,0.114125,131072,3802,0.029007,0,0,2
215,host-13,2,0,14,2,0,0,0.130281,0,32000,4169,0.130281,131072,4198,0.032028,0,0,2
215,host-14,2,0,14,2,0,0,0.102500,0,32000,3280,0.102500,131072,2632,0.020081,0,0,2
215,host-15,2,0,14,2,0,0,0.084687,0,32000,2710,0.084687,131072,2404,0.018341,0,0,2
215,host-16,2,0,14,2,0,0,0.112031,0,32000,3585,0.112031,131072,4416,0.033691,0,0,2
215,host-17,2,0,14,2,0,0,0.101094,0,32000,3235,0.101094,131072,3112,0.023743,0,0,2
215,host-18,3,0,14,3,0,0,0.113531,0,32000,3633,0.113531,131072,2341,0.017860,0,0,3
215,host-19,2,0,14,2,0,0,0.112125,0,32000,3588,0.112125,131072,3510,0.026779,0,0,2
215,host-2,3,0,14,3,0,0,0.136469,0,32000,4367,0.136469,131072,5160,0.039368,0,0,3
215,host-20,2,0,14,2,0,0,0.114187,0,32000,3654,0.114187,131072,3473,0.026497,0,0,2
215,host-21,3,1,14,3,1,0,0.110812,0,32000,3546,0.110812,131072,2836,0.021637,0,1,2
215,host-22,3,1,14,3,1,0,0.135250,0,32000,4328,0.135250,131072,4747,0.036217,1,0,2
215,host-23,2,0,14,2,0,0,0.110375,0,32000,3532,0.110375,131072,4266,0.032547,0,0,2
215,host-24,2,0,14,2,0,0,0.117938,0,32000,3774,0.117938,131072,3512,0.026794,0,0,2
215,host-3,3,0,14,3,0,0,0.109156,0,32000,3493,0.109156,131072,2348,0.017914,0,0,3
215,host-4,3,0,14,3,0,0,0.151719,0,32000,4855,0.151719,131072,6283,0.047935,0,0,3
215,host-5,2,0,14,2,0,0,0.087938,0,32000,2814,0.087938,131072,1591,0.012138,0,0,2
215,host-6,2,0,14,2,0,0,0.100906,0,32000,3229,0.100906,131072,2885,0.022011,0,0,2
215,host-7,2,0,14,2,0,0,0.097031,0,32000,3105,0.097031,131072,3482,0.026566,0,0,2
215,host-8,2,0,14,2,0,0,0.127000,0,32000,4064,0.127000,131072,4399,0.033562,0,0,2
215,host-9,3,0,14,3,0,0,0.144563,0,32000,4626,0.144563,131072,3918,0.029892,0,0,3
216,host-1,2,0,14,2,0,0,0.094594,0,32000,3027,0.094594,131072,3288,0.025085,0,0,2
216,host-10,1,0,14,1,0,0,0.071094,0,32000,2275,0.071094,131072,2314,0.017654,0,0,1
216,host-11,2,0,14,2,0,0,0.107125,0,32000,3428,0.107125,131072,3622,0.027634,0,0,2
216,host-12,2,0,14,2,0,0,0.114125,0,32000,3652,0.114125,131072,3802,0.029007,0,0,2
216,host-13,2,0,14,2,0,0,0.130281,0,32000,4169,0.130281,131072,4198,0.032028,0,0,2
216,host-14,2,0,14,2,0,0,0.102500,0,32000,3280,0.102500,131072,2632,0.020081,0,0,2
216,host-15,2,0,14,2,0,0,0.084687,0,32000,2710,0.084687,131072,2404,0.018341,0,0,2
216,host-16,2,0,14,2,0,0,0.112031,0,32000,3585,0.112031,131072,4416,0.033691,0,0,2
216,host-17,2,0,14,2,0,0,0.101094,0,32000,3235,0.101094,131072,3112,0.023743,0,0,2
216,host-18,3,0,14,3,0,0,0.113531,0,32000,3633,0.113531,131072,2341,0.017860,0,0,3
216,host-19,2,0,14,2,0,0,0.112125,0,32000,3588,0.112125,131072,3510,0.026779,0,0,2
216,host-2,3,0,14,3,0,0,0.136469,0,32000,4367,0.136469,131072,5160,0.039368,0,0,3
216,host-20,2,0,14,2,0,0,0.114187,0,32000,3654,0.114187,131072,3473,0.026497,0,0,2
216,host-21,3,0,14,3,0,0,0.110812,0,32000,3546,0.110812,131072,2836,0.021637,0,0,3
216,host-22,3,1,14,3,1,0,0.135250,0,32000,4328,0.135250,131072,4747,0.036217,1,0,2
216,host-23,2,0,14,2,0,0,0.110375,0,32000,3532,0.110375,131072,4266,0.032547,0,0,2
216,host-24,2,0,14,2,0,0,0.117938,0,32000,3774,0.117938,131072,3512,0.026794,0,0,2
216,host-3,2,0,14,2,0,0,0.067594,0,32000,2163,0.067594,131072,1656,0.012634,0,0,2
216,host-4,3,0,14,3,0,0,0.151719,0,32000,4855,0.151719,131072,6283,0.047935,0,0,3
216,host-5,2,0,14,2,0,0,0.087938,0,32000,2814,0.087938,131072,1591,0.012138,0,0,2
216,host-6,2,0,14,2,0,0,0.100906,0,32000,3229,0.100906,131072,2885,0.022011,0,0,2
216,host-7,2,0,14,2,0,0,0.097031,0,32000,3105,0.097031,131072,3482,0.026566,0,0,2
216,host-8,2,0,14,2,0,0,0.127000,0,32000,4064,0.127000,131072,4399,0.033562,0,0,2
216,host-9,3,0,14,3,0,0,0.144563,0,32000,4626,0.144563,131072,3918,0.029892,0,0,3
217,host-1,1,0,14,1,0,0,0.043125,0,32000,1380,0.043125,131072,1249,0.009529,0,0,1
217,host-10,1,0,14,1,0,0,0.071094,0,32000,2275,0.071094,131072,2314,0.017654,0,0,1
217,host-11,2,0,14,2,0,0,0.107125,0,32000,3428,0.107125,131072,3622,0.027634,0,0,2
217,host-12,2,0,14,2,0,0,0.114125,0,32000,3652,0.114125,131072,3802,0.029007,0,0,2
217,host-13,2,0,14,2,0,0,0.130281,0,32000,4169,0.130281,131072,4198,0.032028,0,0,2
217,host-14,2,0,14,2,0,0,0.102500,0,32000,3280,0.102500,131072,2632,0.020081,0,0,2
217,host-15,2,0,14,2,0,0,0.084687,0,32000,2710,0.084687,131072,2404,0.018341,0,0,2
217,host-16,2,0,14,2,0,0,0.112031,0,32000,3585,0.112031,131072,4416,0.033691,0,0,2
217,host-17,2,0,14,2,0,0,0.101094,0,32000,3235,0.101094,131072,3112,0.023743,0,0,2
217,host-18,3,0,14,3,0,0,0.113531,0,32000,3633,0.113531,131072,2341,0.017860,0,0,3
217,host-19,2,0,14,2,0,0,0.112125,0,32000,3588,0.112125,131072,3510,0.026779,0,0,2
217,host-2,3,0,14,3,0,0,0.136469,0,32000,4367,0.136469,131072,5160,0.039368,0,0,3
217,host-20,2,0,14,2,0,0,0.114187,0,32000,3654,0.114187,131072,3473,0.026497,0,0,2
217,host-21,3,1,14,3,1,0,0.110812,0,32000,3546,0.110812,131072,2836,0.021637,0,1,2
217,host-22,3,0,14,3,0,0,0.135250,0,32000,4328,0.135250,131072,4747,0.036217,0,0,3
217,host-23,2,0,14,2,0,0,0.110375,0,32000,3532,0.110375,131072,4266,0.032547,0,0,2
217,host-24,2,0,14,2,0,0,0.117938,0,32000,3774,0.117938,131072,3512,0.026794,0,0,2
217,host-3,2,1,14,2,1,0,0.074094,0,32000,2371,0.074094,131072,2939,0.022423,1,0,1
217,host-4,3,0,14,3,0,0,0.151719,0,32000,4855,0.151719,131072,6283,0.047935,0,0,3
217,host-5,2,0,14,2,0,0,0.087938,0,32000,2814,0.087938,131072,1591,0.012138,0,0,2
217,host-6,2,0,14,2,0,0,0.100906,0,32000,3229,0.100906,131072,2885,0.022011,0,0,2
217,host-7,2,0,14,2,0,0,0.097031,0,32000,3105,0.097031,131072,3482,0.026566,0,0,2
217,host-8,2,0,14,2,0,0,0.127000,0,32000,4064,0.127000,131072,4399,0.033562,0,0,2
217,host-9,3,0,14,3,0,0,0.144563,0,32000,4626,0.144563,131072,3918,0.029892,0,0,3
218,host-1,1,0,14,1,0,0,0.043125,0,32000,1380,0.043125,131072,1249,0.009529,0,0,1
218,host-10,1,0,14,1,0,0,0.071094,0,32000,2275,0.071094,131072,2314,0.017654,0,0,1
218,host-11,2,0,14,2,0,0,0.107125,0,32000,3428,0.107125,131072,3622,0.027634,0,0,2
218,host-12,2,1,14,2,1,0,0.114125,0,32000,3652,0.114125,131072,3802,0.029007,0,1,1
218,host-13,2,0,14,2,0,0,0.130281,0,32000,4169,0.130281,131072,4198,0.032028,0,0,2
218,host-14,2,0,14,2,0,0,0.102500,0,32000,3280,0.102500,131072,2632,0.020081,0,0,2
218,host-15,1,0,14,1,0,0,0.026875,0,32000,860,0.026875,131072,531,0.004051,0,0,1
218,host-16,1,0,14,1,0,0,0.035250,0,32000,1128,0.035250,131072,1630,0.012436,0,0,1
218,host-17,2,0,14,2,0,0,0.101094,0,32000,3235,0.101094,131072,3112,0.023743,0,0,2
218,host-18,3,0,14,3,0,0,0.113531,0,32000,3633,0.113531,131072,2341,0.017860,0,0,3
218,host-19,2,0,14,2,0,0,0.112125,0,32000,3588,0.112125,131072,3510,0.026779,0,0,2
218,host-2,3,0,14,3,0,0,0.136469,0,32000,4367,0.136469,131072,5160,0.039368,0,0,3
218,host-20,2,0,14,2,0,0,0.114187,0,32000,3654,0.114187,131072,3473,0.026497,0,0,2
218,host-21,3,0,14,3,0,0,0.110812,0,32000,3546,0.110812,131072,2836,0.021637,0,0,3
218,host-22,3,0,14,3,0,0,0.135250,0,32000,4328,0.135250,131072,4747,0.036217,0,0,3
218,host-23,2,0,14,2,0,0,0.110375,0,32000,3532,0.110375,131072,4266,0.032547,0,0,2
218,host-24,1,1,14,1,1,0,0.058344,0,32000,1867,0.058344,131072,1188,0.009064,0,1,0
218,host-3,2,0,14,2,0,0,0.074094,0,32000,2371,0.074094,131072,2939,0.022423,0,0,2
218,host-4,3,0,14,3,0,0,0.151719,0,32000,4855,0.151719,131072,6283,0.047935,0,0,3
218,host-5,2,0,14,2,0,0,0.087938,0,32000,2814,0.087938,131072,1591,0.012138,0,0,2
218,host-6,2,0,14,2,0,0,0.100906,0,32000,3229,0.100906,131072,2885,0.022011,0,0,2
218,host-7,2,0,14,2,0,0,0.097031,0,32000,3105,0.097031,131072,3482,0.026566,0,0,2
218,host-8,2,0,14,2,0,0,0.127000,0,32000,4064,0.127000,131072,4399,0.033562,0,0,2
218,host-9,3,0,14,3,0,0,0.144563,0,32000,4626,0.144563,131072,3918,0.029892,0,0,3
219,host-1,1,0,14,1,0,0,0.043125,0,32000,1380,0.043125,131072,1249,0.009529,0,0,1
219,host-10,1,0,14,1,0,0,0.071094,0,32000,2275,0.071094,131072,2314,0.017654,0,0,1
219,host-11,2,0,14,2,0,0,0.107125,0,32000,3428,0.107125,131072,3622,0.027634,0,0,2
219,host-12,2,0,14,2,0,0,0.114125,0,32000,3652,0.114125,131072,3802,0.029007,0,0,2
219,host-13,2,0,14,2,0,0,0.130281,0,32000,4169,0.130281,131072,4198,0.032028,0,0,2
219,host-14,2,0,14,2,0,0,0.102500,0,32000,3280,0.102500,131072,2632,0.020081,0,0,2
219,host-15,1,0,14,1,0,0,0.026875,0,32000,860,0.026875,131072,531,0.004051,0,0,1
219,host-16,1,0,14,1,0,0,0.035250,0,32000,1128,0.035250,131072,1630,0.012436,0,0,1
219,host-17,2,0,14,2,0,0,0.101094,0,32000,3235,0.101094,131072,3112,0.023743,0,0,2
219,host-18,2,0,14,2,0,0,0.081687,0,32000,2614,0.081687,131072,1778,0.013565,0,0,2
219,host-19,2,0,14,2,0,0,0.112125,0,32000,3588,0.112125,131072,3510,0.026779,0,0,2
219,host-2,2,0,14,2,0,0,0.094469,0,32000,3023,0.094469,131072,4244,0.032379,0,0,2
219,host-20,2,0,14,2,0,0,0.114187,0,32000,3654,0.114187,131072,3473,0.026497,0,0,2
219,host-21,3,0,14,3,0,0,0.110812,0,32000,3546,0.110812,131072,2836,0.021637,0,0,3
219,host-22,3,0,14,3,0,0,0.135250,0,32000,4328,0.135250,131072,4747,0.036217,0,0,3
219,host-23,2,0,14,2,0,0,0.110375,0,32000,3532,0.110375,131072,4266,0.032547,0,0,2
219,host-24,1,0,14,1,0,0,0.058344,0,32000,1867,0.058344,131072,1188,0.009064,0,0,1
219,host-3,2,0,14,2,0,0,0.074094,0,32000,2371,0.074094,131072,2939,0.022423,0,0,2
219,host-4,3,0,14,3,0,0,0.151719,0,32000,4855,0.151719,131072,6283,0.047935,0,0,3
219,host-5,1,0,14,1,0,0,0.051437,0,32000,1646,0.051437,131072,1241,0.009468,0,0,1
219,host-6,2,0,14,2,0,0,0.100906,0,32000,3229,0.100906,131072,2885,0.022011,0,0,2
219,host-7,2,0,14,2,0,0,0.097031,0,32000,3105,0.097031,131072,3482,0.026566,0,0,2
219,host-8,2,0,14,2,0,0,0.127000,0,32000,4064,0.127000,131072,4399,0.033562,0,0,2
219,host-9,3,0,14,3,0,0,0.144563,0,32000,4626,0.144563,131072,3918,0.029892,0,0,3
220,host-1,1,0,14,1,0,0,0.043125,0,32000,1380,0.043125,131072,1249,0.009529,0,0,1
220,host-10,1,0,14,1,0,0,0.071094,0,32000,2275,0.071094,131072,2314,0.017654,0,0,1
220,host-11,2,0,14,2,0,0,0.107125,0,32000,3428,0.107125,131072,3622,0.027634,0,0,2
220,host-12,2,0,14,2,0,0,0.114125,0,32000,3652,0.114125,131072,3802,0.029007,0,0,2
220,host-13,2,0,14,2,0,0,0.130281,0,32000,4169,0.130281,131072,4198,0.032028,0,0,2
220,host-14,2,0,14,2,0,0,0.102500,0,32000,3280,0.102500,131072,2632,0.020081,0,0,2
220,host-15,2,0,14,2,0,0,0.065094,0,32000,2083,0.065094,131072,1955,0.014915,0,0,2
220,host-16,2,1,14,2,1,0,0.106656,0,32000,3413,0.106656,131072,4198,0.032028,1,0,1
220,host-17,2,0,14,2,0,0,0.101094,0,32000,3235,0.101094,131072,3112,0.023743,0,0,2
220,host-18,2,0,14,2,0,0,0.081687,0,32000,2614,0.081687,131072,1778,0.013565,0,0,2
220,host-19,2,0,14,2,0,0,0.112125,0,32000,3588,0.112125,131072,3510,0.026779,0,0,2
220,host-2,2,0,14,2,0,0,0.094469,0,32000,3023,0.094469,131072,4244,0.032379,0,0,2
220,host-20,2,0,14,2,0,0,0.114187,0,32000,3654,0.114187,131072,3473,0.026497,0,0,2
220,host-21,3,0,14,3,0,0,0.110812,0,32000,3546,0.110812,131072,2836,0.021637,0,0,3
220,host-22,2,0,14,2,0,0,0.078844,0,32000,2523,0.078844,131072,3071,0.023430,0,0,2
220,host-23,2,0,14,2,0,0,0.110375,0,32000,3532,0.110375,131072,4266,0.032547,0,0,2
220,host-24,1,0,14,1,0,0,0.058344,0,32000,1867,0.058344,131072,1188,0.009064,0,0,1
220,host-3,2,0,14,2,0,0,0.074094,0,32000,2371,0.074094,131072,2939,0.022423,0,0,2
220,host-4,3,0,14,3,0,0,0.151719,0,32000,4855,0.151719,131072,6283,0.047935,0,0,3
220,host-5,1,0,14,1,0,0,0.051437,0,32000,1646,0.051437,131072,1241,0.009468,0,0,1
220,host-6,0,0,14,0,0,0,0.000000,0,32000,0,0.000000,131072,0,0.000000,0,0,0
220,host-7,2,0,14,2,0,0,0.097031,0,32000,3105,0.097031,131072,3482,0.026566,0,0,2
220,host-8,2,0,14,2,0,0,0.127000,0,32000,4064,0.127000,131072,4399,0.033562,0,0,2
220,host-9,3,0,14,3,0,0,0.144563,0,32000,4626,0.144563,131072,3918,0.029892,0,0,3
221,host-1,1,0,14,1,0,0,0.043125,0,32000,1380,0.043125,131072,1249,0.009529,0,0,1
221,host-10,1,0,14,1,0,0,0.071094,0,32000,2275,0.071094,131072,2314,0.017654,0,0,1
221,host-11,2,0,14,2,0,0,0.107125,0,32000,3428,0.107125,131072,3622,0.027634,0,0,2
221,host-12,2,0,14,2,0,0,0.114125,0,32000,3652,0.114125,131072,3802,0.029007,0,0,2
221,host-13,2,0,14,2,0,0,0.130281,0,32000,4169,0.130281,131072,4198,0.032028,0,0,2
221,host-14,2,0,14,2,0,0,0.102500,0,32000,3280,0.102500,131072,2632,0.020081,0,0,2
221,host-15,2,0,14,2,0,0,0.065094,0,32000,2083,0.065094,131072,1955,0.014915,0,0,2
221,host-16,2,1,14,2,1,0,0.106656,0,32000,3413,0.106656,131072,4198,0.032028,1,0,1
221,host-17,2,0,14,2,0,0,0.101094,0,32000,3235,0.101094,131072,3112,0.023743,0,0,2
221,host-18,2,0,14,2,0,0,0.081687,0,32000,2614,0.081687,131072,1778,0.013565,0,0,2
221,host-19,2,0,14,2,0,0,0.112125,0,32000,3588,0.112125,131072,3510,0.026779,0,0,2
221,host-2,2,0,14,2,0,0,0.094469,0,32000,3023,0.094469,131072,4244,0.032379,0,0,2
221,host-20,2,0,14,2,0,0,0.114187,0,32000,3654,0.114187,131072,3473,0.026497,0,0,2
221,host-21,3,0,14,3,0,0,0.110812,0,32000,3546,0.110812,131072,2836,0.021637,0,0,3
221,host-22,2,0,14,2,0,0,0.078844,0,32000,2523,0.078844,131072,3071,0.023430,0,0,2
221,host-23,2,0,14,2,0,0,0.110375,0,32000,3532,0.110375,131072,4266,0.032547,0,0,2
221,host-24,1,0,14,1,0,0,0.058344,0,32000,1867,0.058344,131072,1188,0.009064,0,0,1
221,host-3,2,0,14,2,0,0,0.074094,0,32000,2371,0.074094,131072,2939,0.022423,0,0,2
221,host-4,2,0,14,2,0,0,0.125094,0,32000,4003,0.125094,131072,5210,0.039749,0,0,2
221,host-5,1,0,14,1,0,0,0.051437,0,32000,1646,0.051437,131072,1241,0.009468,0,0,1
221,host-6,0,0,14,0,0,0,0.000000,0,32000,0,0.000000,131072,0,0.000000,0,0,0
221,host-7,2,0,14,2,0,0,0.097031,0,32000,3105,0.097031,131072,3482,0.026566,0,0,2
221,host-8,2,0,14,2,0,0,0.127000,0,32000,4064,0.127000,131072,4399,0.033562,0,0,2
221,host-9,3,0,14,3,0,0,0.144563,0,32000,4626,0.144563,131072,3918,0.029892,0,0,3
222,host-1,1,0,14,1,0,0,0.043125,0,32000,1380,0.043125,131072,1249,0.009529,0,0,1
222,host-10,1,0,14,1,0,0,0.071094,0,32000,2275,0.071094,131072,2314,0.017654,0,0,1
222,host-11,2,0,14,2,0,0,0.107125,0,32000,3428,0.107125,131072,3622,0.027634,0,0,2
222,host-12,2,0,14,2,0,0,0.114125,0,32000,3652,0.114125,131072,3802,0.029007,0,0,2
222,host-13,2,0,14,2,0,0,0.130281,0,32000,4169,0.130281,131072,4198,0.032028,0,0,2
222,host-14,2,0,14,2,0,0,0.102500,0,32000,3280,0.102500,131072,2632,0.020081,0,0,2
222,host-15,2,0,14,2,0,0,0.065094,0,32000,2083,0.065094,131072,1955,0.014915,0,0,2
222,host-16,2,0,14,2,0,0,0.106656,0,32000,3413,0.106656,131072,4198,0.032028,0,0,2
222,host-17,2,0,14,2,0,0,0.101094,0,32000,3235,0.101094,131072,3112,0.023743,0,0,2
222,host-18,2,1,14,2,1,0,0.081687,0,32000,2614,0.081687,131072,1778,0.013565,0,1,1
222,host-19,2,0,14,2,0,0,0.112125,0,32000,3588,0.112125,131072,3510,0.026779,0,0,2
222,host-2,2,0,14,2,0,0,0.094469,0,32000,3023,0.094469,131072,4244,0.032379,0,0,2
222,host-20,2,0,14,2,0,0,0.114187,0,32000,3654,0.114187,131072,3473,0.026497,0,0,2
222,host-21,3,0,14,3,0,0,0.110812,0,32000,3546,0.110812,131072,2836,0.021637,0,0,3
222,host-22,2,0,14,2,0,0,0.078844,0,32000,2523,0.078844,131072,3071,0.023430,0,0,2
222,host-23,2,0,14,2,0,0,0.110375,0,32000,3532,0.110375,131072,4266,0.032547,0,0,2
222,host-24,1,0,14,1,0,0,0.058344,0,32000,1867,0.058344,131072,1188,0.009064,0,0,1
222,host-3,2,0,14,2,0,0,0.074094,0,32000,2371,0.074094,131072,2939,0.022423,0,0,2
222,host-4,2,0,14,2,0,0,0.125094,0,32000,4003,0.125094,131072,5210,0.039749,0,0,2
222,host-5,1,0,14,1,0,0,0.051437,0,32000,1646,0.051437,131072,1241,0.009468,0,0,1
222,host-6,0,0,14,0,0,0,0.000000,0,32000,0,0.000000,131072,0,0.000000,0,0,0
222,host-7,2,0,14,2,0,0,0.097031,0,32000,3105,0.097031,131072,3482,0.026566,0,0,2
222,host-8,2,0,14,2,0,0,0.127000,0,32000,4064,0.127000,131072,4399,0.033562,0,0,2
222,host-9,2,0,14,2,0,0,0.116781,0,32000,3737,0.116781,131072,3396,0.025909,0,0,2
223,host-1,1,0,14,1,0,0,0.043125,0,32000,1380,0.043125,131072,1249,0.009529,0,0,1
223,host-10,1,0,14,1,0,0,0.071094,0,32000,2275,0.071094,131072,2314,0.017654,0,0,1
223,host-11,2,0,14,2,0,0,0.107125,0,32000,3428,0.107125,131072,3622,0.027634,0,0,2
223,host-12,2,0,14,2,0,0,0.114125,0,32000,3652,0.114125,131072,3802,0.029007,0,0,2
223,host-13,2,0,14,2,0,0,0.130281,0,32000,4169,0.130281,131072,4198,0.032028,0,0,2
223,host-14,2,0,14,2,0,0,0.102500,0,32000,3280,0.102500,131072,2632,0.020081,0,0,2
223,host-15,2,0,14,2,0,0,0.065094,0,32000,2083,0.065094,131072,1955,0.014915,0,0,2
223,host-16,2,0,14,2,0,0,0.106656,0,32000,3413,0.106656,131072,4198,0.032028,0,0,2
223,host-17,2,0,14,2,0,0,0.101094,0,32000,3235,0.101094,131072,3112,0.023743,0,0,2
223,host-18,2,0,14,2,0,0,0.081687,0,32000,2614,0.081687,131072,1778,0.013565,0,0,2
223,host-19,2,0,14,2,0,0,0.112125,0,32000,3588,0.112125,131072,3510,0.026779,0,0,2
223,host-2,2,0,14,2,0,0,0.094469,0,32000,3023,0.094469,131072,4244,0.032379,0,0,2
223,host-20,2,0,14,2,0,0,0.114187,0,32000,3654,0.114187,131072,3473,0.026497,0,0,2
223,host-21,3,0,14,3,0,0,0.110812,0,32000,3546,0.110812,131072,2836,0.021637,0,0,3
223,host-22,2,0,14,2,0,0,0.078844,0,32000,2523,0.078844,131072,3071,0.023430,0,0,2
223,host-23,2,1,14,2,1,0,0.110375,0,32000,3532,0.110375,131072,4266,0.032547,0,1,1
223,host-24,1,0,14,1,0,0,0.058344,0,32000,1867,0.058344,131072,1188,0.009064,0,0,1
223,host-3,2,0,14,2,0,0,0.074094,0,32000,2371,0.074094,131072,2939,0.022423,0,0,2
223,host-4,2,0,14,2,0,0,0.125094,0,32000,4003,0.125094,131072,5210,0.039749,0,0,2
223,host-5,1,0,14,1,0,0,0.051437,0,32000,1646,0.051437,131072,1241,0.009468,0,0,1
223,host-6,0,0,14,0,0,0,0.000000,0,32000,0,0.000000,131072,0,0.000000,0,0,0
223,host-7,2,1,14,2,1,0,0.097031,0,32000,3105,0.097031,131072,3482,0.026566,0,1,1
223,host-8,2,0,14,2,0,0,0.127000,0,32000,4064,0.127000,131072,4399,0.033562,0,0,2
223,host-9,1,0,14,1,0,0,0.065844,0,32000,2107,0.065844,131072,1863,0.014214,0,0,1
224,host-1,1,0,14,1,0,0,0.043125,0,32000,1380,0.043125,131072,1249,0.009529,0,0,1
224,host-10,1,0,14,1,0,0,0.071094,0,32000,2275,0.071094,131072,2314,0.017654,0,0,1
224,host-11,2,0,14,2,0,0,0.107125,0,32000,3428,0.107125,131072,3622,0.027634,0,0,2
224,host-12,2,0,14,2,0,0,0.114125,0,32000,3652,0.114125,131072,3802,0.029007,0,0,2
224,host-13,2,0,14,2,0,0,0.130281,0,32000,4169,0.130281,131072,4198,0.032028,0,0,2
224,host-14,2,0,14,2,0,0,0.102500,0,32000,3280,0.102500,131072,2632,0.020081,0,0,2
224,host-15,2,0,14,2,0,0,0.065094,0,32000,2083,0.065094,131072,1955,0.014915,0,0,2
224,host-16,2,0,14,2,0,0,0.106656,0,32000,3413,0.106656,131072,4198,0.032028,0,0,2
224,host-17,2,0,14,2,0,0,0.101094,0,32000,3235,0.101094,131072,3112,0.023743,0,0,2
224,host-18,2,0,14,2,0,0,0.081687,0,32000,2614,0.081687,131072,1778,0.013565,0,0,2
224,host-19,2,0,14,2,0,0,0.112125,0,32000,3588,0.112125,131072,3510,0.026779,0,0,2
224,host-2,2,0,14,2,0,0,0.094469,0,32000,3023,0.094469,131072,4244,0.032379,0,0,2
224,host-20,2,0,14,2,0,0,0.114187,0,32000,3654,0.114187,131072,3473,0.026497,0,0,2
224,host-21,3,0,14,3,0,0,0.110812,0,32000,3546,0.110812,131072,2836,0.021637,0,0,3
224,host-22,2,1,14,2,1,0,0.078844,0,32000,2523,0.078844,131072,3071,0.023430,0,1,1
224,host-23,2,0,14,2,0,0,0.110375,0,32000,3532,0.110375,131072,4266,0.032547,0,0,2
224,host-24,1,0,14,1,0,0,0.058344,0,32000,1867,0.058344,131072,1188,0.009064,0,0,1
224,host-3,2,0,14,2,0,0,0.074094,0,32000,2371,0.074094,131072,2939,0.022423,0,0,2
224,host-4,2,0,14,2,0,0,0.125094,0,32000,4003,0.125094,131072,5210,0.039749,0,0,2
224,host-5,1,0,14,1,0,0,0.051437,0,32000,1646,0.051437,131072,1241,0.009468,0,0,1
224,host-6,1,1,14,1,1,0,0.044500,0,32000,1424,0.044500,131072,1148,0.008759,0,1,0
224,host-7,2,0,14,2,0,0,0.097031,0,32000,3105,0.097031,131072,3482,0.026566,0,0,2
224,host-8,2,0,14,2,0,0,0.127000,0,32000,4064,0.127000,131072,4399,0.033562,0,0,2
224,host-9,1,0,14,1,0,0,0.065844,0,32000,2107,0.065844,131072,1863,0.014214,0,0,1
225,host-1,2,1,14,2,1,0,0.091500,0,32000,2928,0.091500,131072,2292,0.017487,1,0,1
225,host-10,1,0,14,1,0,0,0.071094,0,32000,2275,0.071094,131072,2314,0.017654,0,0,1
225,host-11,2,0,14,2,0,0,0.107125,0,32000,3428,0.107125,131072,3622,0.027634,0,0,2
225,host-12,2,0,14,2,0,0,0.114125,0,32000,3652,0.114125,131072,3802,0.029007,0,0,2
225,host-13,2,0,14,2,0,0,0.130281,0,32000,4169,0.130281,131072,4198,0.032028,0,0,2
225,host-14,2,0,14,2,0,0,0.102500,0,32000,3280,0.102500,131072,2632,0.020081,0,0,2
225,host-15,2,0,14,2,0,0,0.065094,0,32000,2083,0.065094,131072,1955,0.014915,0,0,2
225,host-16,2,0,14,2,0,0,0.106656,0,32000,3413,0.106656,131072,4198,0.032028,0,0,2
225,host-17,2,0,14,2,0,0,0.101094,0,32000,3235,0.101094,131072,3112,0.023743,0,0,2
225,host-18,2,0,14,2,0,0,0.081687,0,32000,2614,0.081687,131072,1778,0.013565,0,0,2
225,host-19,2,0,14,2,0,0,0.112125,0,32000,3588,0.112125,131072,3510,0.026779,0,0,2
225,host-2,2,0,14,2,0,0,0.094469,0,32000,3023,0.094469,131072,4244,0.032379,0,0,2
225,host-20,2,0,14,2,0,0,0.114187,0,32000,3654,0.114187,131072,3473,0.026497,0,0,2
225,host-21,3,0,14,3,0,0,0.110812,0,32000,3546,0.110812,131072,2836,0.021637,0,0,3
225,host-22,2,0,14,2,0,0,0.078844,0,32000,2523,0.078844,131072,3071,0.023430,0,0,2
225,host-23,2,0,14,2,0,0,0.110375,0,32000,3532,0.110375,131072,4266,0.032547,0,0,2
225,host-24,1,0,14,1,0,0,0.058344,0,32000,1867,0.058344,131072,1188,0.009064,0,0,1
225,host-3,2,0,14,2,0,0,0.074094,0,32000,2371,0.074094,131072,2939,0.022423,0,0,2
225,host-4,2,0,14,2,0,0,0.125094,0,32000,4003,0.125094,131072,5210,0.039749,0,0,2
225,host-5,1,0,14,1,0,0,0.051437,0,32000,1646,0.051437,131072,1241,0.009468,0,0,1
225,host-6,2,1,14,2,1,0,0.089688,0,32000,2870,0.089688,131072,2592,0.019775,1,0,1
225,host-7,2,0,14,2,0,0,0.097031,0,32000,3105,0.097031,131072,3482,0.026566,0,0,2
225,host-8,2,0,14,2,0,0,0.127000,0,32000,4064,0.127000,131072,4399,0.033562,0,0,2
225,host-9,1,0,14,1,0,0,0.065844,0,32000,2107,0.065844,131072,1863,0.014214,0,0,1
226,host-1,2,0,14,2,0,0,0.091500,0,32000,2928,0.091500,131072,2292,0.017487,0,0,2
226,host-10,1,0,14,1,0,0,0.071094,0,32000,2275,0.071094,131072,2314,0.017654,0,0,1
226,host-11,2,0,14,2,0,0,0.107125,0,32000,3428,0.107125,131072,3622,0.027634,0,0,2
226,host-12,2,0,14,2,0,0,0.114125,0,32000,3652,0.114125,131072,3802,0.029007,0,0,2
226,host-13,2,0,14,2,0,0,0.130281,0,32000,4169,0.130281,131072,4198,0.032028,0,0,2
226,host-14,2,0,14,2,0,0,0.102500,0,32000,3280,0.102500,131072,2632,0.020081,0,0,2
226,host-15,2,0,14,2,0,0,0.065094,0,32000,2083,0.065094,131072,1955,0.014915,0,0,2
226,host-16,2,0,14,2,0,0,0.106656,0,32000,3413,0.106656,131072,4198,0.032028,0,0,2
226,host-17,2,0,14,2,0,0,0.101094,0,32000,3235,0.101094,131072,3112,0.023743,0,0,2
226,host-18,2,0,14,2,0,0,0.081687,0,32000,2614,0.081687,131072,1778,0.013565,0,0,2
226,host-19,1,0,14,1,0,0,0.038344,0,32000,1227,0.038344,131072,904,0.006897,0,0,1
226,host-2,2,0,14,2,0,0,0.094469,0,32000,3023,0.094469,131072,4244,0.032379,0,0,2
226,host-20,2,0,14,2,0,0,0.114187,0,32000,3654,0.114187,131072,3473,0.026497,0,0,2
226,host-21,3,0,14,3,0,0,0.110812,0,32000,3546,0.110812,131072,2836,0.021637,0,0,3
226,host-22,2,0,14,2,0,0,0.078844,0,32000,2523,0.078844,131072,3071,0.023430,0,0,2
226,host-23,2,0,14,2,0,0,0.110375,0,32000,3532,0.110375,131072,4266,0.032547,0,0,2
226,host-24,1,0,14,1,0,0,0.058344,0,32000,1867,0.058344,131072,1188,0.009064,0,0,1
226,host-3,2,1,14,2,1,0,0.074094,0,32000,2371,0.074094,131072,2939,0.022423,0,1,1
226,host-4,2,0,14,2,0,0,0.125094,0,32000,4003,0.125094,131072,5210,0.039749,0,0,2
226,host-5,2,1,14,2,1,0,0.096625,0,32000,3092,0.096625,131072,2685,0.020485,1,0,1
226,host-6,2,0,14,2,0,0,0.089688,0,32000,2870,0.089688,131072,2592,0.019775,0,0,2
226,host-7,2,0,14,2,0,0,0.097031,0,32000,3105,0.097031,131072,3482,0.026566,0,0,2
226,host-8,2,0,14,2,0,0,0.127000,0,32000,4064,0.127000,131072,4399,0.033562,0,0,2
226,host-9,1,0,14,1,0,0,0.065844,0,32000,2107,0.065844,131072,1863,0.014214,0,0,1
227,host-1,2,0,14,2,0,0,0.091500,0,32000,2928,0.091500,131072,2292,0.017487,0,0,2
227,host-10,1,0,14,1,0,0,0.071094,0,32000,2275,0.071094,131072,2314,0.017654,0,0,1
227,host-11,2,0,14,2,0,0,0.107125,0,32000,3428,0.107125,131072,3622,0.027634,0,0,2
227,host-12,2,0,14,2,0,0,0.114125,0,32000,3652,0.114125,131072,3802,0.029007,0,0,2
227,host-13,1,0,14,1,0,0,0.062156,0,32000,1989,0.062156,131072,1467,0.011192,0,0,1
227,host-14,2,0,14,2,0,0,0.102500,0,32000,3280,0.102500,131072,2632,0.020081,0,0,2
227,host-15,1,0,14,1,0,0,0.038219,0,32000,1223,0.038219,131072,1424,0.010864,0,0,1
227,host-16,2,0,14,2,0,0,0.106656,0,32000,3413,0.106656,131072,4198,0.032028,0,0,2
227,host-17,2,0,14,2,0,0,0.101094,0,32000,3235,0.101094,131072,3112,0.023743,0,0,2
227,host-18,2,0,14,2,0,0,0.081687,0,32000,2614,0.081687,131072,1778,0.013565,0,0,2
227,host-19,1,0,14,1,0,0,0.038344,0,32000,1227,0.038344,131072,904,0.006897,0,0,1
227,host-2,2,1,14,2,1,0,0.094469,0,32000,3023,0.094469,131072,4244,0.032379,0,1,1
227,host-20,2,0,14,2,0,0,0.114187,0,32000,3654,0.114187,131072,3473,0.026497,0,0,2
227,host-21,3,0,14,3,0,0,0.110812,0,32000,3546,0.110812,131072,2836,0.021637,0,0,3
227,host-22,2,0,14,2,0,0,0.078844,0,32000,2523,0.078844,131072,3071,0.023430,0,0,2
227,host-23,2,0,14,2,0,0,0.110375,0,32000,3532,0.110375,131072,4266,0.032547,0,0,2
227,host-24,1,0,14,1,0,0,0.058344,0,32000,1867,0.058344,131072,1188,0.009064,0,0,1
227,host-3,2,0,14,2,0,0,0.074094,0,32000,2371,0.074094,131072,2939,0.022423,0,0,2
227,host-4,2,0,14,2,0,0,0.125094,0,32000,4003,0.125094,131072,5210,0.039749,0,0,2
227,host-5,2,0,14,2,0,0,0.096625,0,32000,3092,0.096625,131072,2685,0.020485,0,0,2
227,host-6,2,0,14,2,0,0,0.089688,0,32000,2870,0.089688,131072,2592,0.019775,0,0,2
227,host-7,2,0,14,2,0,0,0.097031,0,32000,3105,0.097031,131072,3482,0.026566,0,0,2
227,host-8,2,0,14,2,0,0,0.127000,0,32000,4064,0.127000,131072,4399,0.033562,0,0,2
227,host-9,1,0,14,1,0,0,0.065844,0,32000,2107,0.065844,131072,1863,0.014214,0,0,1
228,host-1,2,0,14,2,0,0,0.091500,0,32000,2928,0.091500,131072,2292,0.017487,0,0,2
228,host-10,1,0,14,1,0,0,0.071094,0,32000,2275,0.071094,131072,2314,0.017654,0,0,1
228,host-11,2,0,14,2,0,0,0.107125,0,32000,3428,0.107125,131072,3622,0.027634,0,0,2
228,host-12,2,0,14,2,0,0,0.114125,0,32000,3652,0.114125,131072,3802,0.029007,0,0,2
228,host-13,1,0,14,1,0,0,0.062156,0,32000,1989,0.062156,131072,1467,0.011192,0,0,1
228,host-14,2,0,14,2,0,0,0.102500,0,32000,3280,0.102500,131072,2632,0.020081,0,0,2
228,host-15,2,1,14,2,1,0,0.082844,0,32000,2651,0.082844,131072,2472,0.018860,1,0,1
228,host-16,2,0,14,2,0,0,0.106656,0,32000,3413,0.106656,131072,4198,0.032028,0,0,2
228,host-17,2,1,14,2,1,0,0.104813,0,32000,3354,0.104813,131072,3457,0.026375,1,0,1
228,host-18,2,0,14,2,0,0,0.081687,0,32000,2614,0.081687,131072,1778,0.013565,0,0,2
228,host-19,2,1,14,2,1,0,0.106625,0,32000,3412,0.106625,131072,3609,0.027534,1,0,1
228,host-2,2,0,14,2,0,0,0.094469,0,32000,3023,0.094469,131072,4244,0.032379,0,0,2
228,host-20,2,0,14,2,0,0,0.114187,0,32000,3654,0.114187,131072,3473,0.026497,0,0,2
228,host-21,3,0,14,3,0,0,0.110812,0,32000,3546,0.110812,131072,2836,0.021637,0,0,3
228,host-22,2,0,14,2,0,0,0.078844,0,32000,2523,0.078844,131072,3071,0.023430,0,0,2
228,host-23,2,0,14,2,0,0,0.110375,0,32000,3532,0.110375,131072,4266,0.032547,0,0,2
228,host-24,2,1,14,2,1,0,0.092156,0,32000,2949,0.092156,131072,2488,0.018982,1,0,1
228,host-3,2,0,14,2,0,0,0.074094,0,32000,2371,0.074094,131072,2939,0.022423,0,0,2
228,host-4,2,0,14,2,0,0,0.125094,0,32000,4003,0.125094,131072,5210,0.039749,0,0,2
228,host-5,2,0,14,2,0,0,0.096625,0,32000,3092,0.096625,131072,2685,0.020485,0,0,2
228,host-6,2,0,14,2,0,0,0.089688,0,32000,2870,0.089688,131072,2592,0.019775,0,0,2
228,host-7,2,0,14,2,0,0,0.097031,0,32000,3105,0.097031,131072,3482,0.026566,0,0,2
228,host-8,2,0,14,2,0,0,0.127000,0,32000,4064,0.127000,131072,4399,0.033562,0,0,2
228,host-9,1,0,14,1,0,0,0.065844,0,32000,2107,0.065844,131072,1863,0.014214,0,0,1
229,host-1,2,0,14,2,0,0,0.091500,0,32000,2928,0.091500,131072,2292,0.017487,0,0,2
229,host-10,1,0,14,1,0,0,0.071094,0,32000,2275,0.071094,131072,2314,0.017654,0,0,1
229,host-11,2,0,14,2,0,0,0.107125,0,32000,3428,0.107125,131072,3622,0.027634,0,0,2
229,host-12,2,0,14,2,0,0,0.114125,0,32000,3652,0.114125,131072,3802,0.029007,0,0,2
229,host-13,2,1,14,2,1,0,0.116687,0,32000,3734,0.116687,131072,3395,0.025902,1,0,1
229,host-14,2,0,14,2,0,0,0.102500,0,32000,3280,0.102500,131072,2632,0.020081,0,0,2
229,host-15,2,0,14,2,0,0,0.082844,0,32000,2651,0.082844,131072,2472,0.018860,0,0,2
229,host-16,2,0,14,2,0,0,0.106656,0,32000,3413,0.106656,131072,4198,0.032028,0,0,2
229,host-17,1,1,14,1,1,0,0.054531,0,32000,1745,0.054531,131072,1928,0.014709,1,0,0
229,host-18,2,0,14,2,0,0,0.081687,0,32000,2614,0.081687,131072,1778,0.013565,0,0,2
229,host-19,1,0,14,1,0,0,0.068281,0,32000,2185,0.068281,131072,2705,0.020638,0,0,1
229,host-2,2,0,14,2,0,0,0.094469,0,32000,3023,0.094469,131072,4244,0.032379,0,0,2
229,host-20,2,0,14,2,0,0,0.114187,0,32000,3654,0.114187,131072,3473,0.026497,0,0,2
229,host-21,3,0,14,3,0,0,0.110812,0,32000,3546,0.110812,131072,2836,0.021637,0,0,3
229,host-22,2,0,14,2,0,0,0.078844,0,32000,2523,0.078844,131072,3071,0.023430,0,0,2
229,host-23,2,0,14,2,0,0,0.110375,0,32000,3532,0.110375,131072,4266,0.032547,0,0,2
229,host-24,2,1,14,2,1,0,0.092156,0,32000,2949,0.092156,131072,2488,0.018982,1,0,1
229,host-3,2,0,14,2,0,0,0.074094,0,32000,2371,0.074094,131072,2939,0.022423,0,0,2
229,host-4,2,0,14,2,0,0,0.125094,0,32000,4003,0.125094,131072,5210,0.039749,0,0,2
229,host-5,2,0,14,2,0,0,0.096625,0,32000,3092,0.096625,131072,2685,0.020485,0,0,2
229,host-6,2,0,14,2,0,0,0.089688,0,32000,2870,0.089688,131072,2592,0.019775,0,0,2
229,host-7,2,0,14,2,0,0,0.097031,0,32000,3105,0.097031,131072,3482,0.026566,0,0,2
229,host-8,1,0,14,1,0,0,0.052875,0,32000,1692,0.052875,131072,2022,0.015427,0,0,1
229,host-9,1,0,14,1,0,0,0.065844,0,32000,2107,0.065844,131072,1863,0.014214,0,0,1
230,host-1,2,0,14,2,0,0,0.091500,0,32000,2928,0.091500,131072,2292,0.017487,0,0,2
230,host-10,1,0,14,1,0,0,0.071094,0,32000,2275,0.071094,131072,2314,0.017654,0,0,1
230,host-11,2,0,14,2,0,0,0.107125,0,32000,3428,0.107125,131072,3622,0.027634,0,0,2
230,host-12,2,0,14,2,0,0,0.114125,0,32000,3652,0.114125,131072,3802,0.029007,0,0,2
230,host-13,2,1,14,2,1,0,0.116687,0,32000,3734,0.116687,131072,3395,0.025902,1,0,1
230,host-14,2,0,14,2,0,0,0.102500,0,32000,3280,0.102500,131072,2632,0.020081,0,0,2
230,host-15,2,0,14,2,0,0,0.082844,0,32000,2651,0.082844,131072,2472,0.018860,0,0,2
230,host-16,2,0,14,2,0,0,0.106656,0,32000,3413,0.106656,131072,4198,0.032028,0,0,2
230,host-17,1,0,14,1,0,0,0.054531,0,32000,1745,0.054531,131072,1928,0.014709,0,0,1
230,host-18,1,0,14,1,0,0,0.043344,0,32000,1387,0.043344,131072,874,0.006668,0,0,1
230,host-19,1,0,14,1,0,0,0.068281,0,32000,2185,0.068281,131072,2705,0.020638,0,0,1
230,host-2,2,0,14,2,0,0,0.094469,0,32000,3023,0.094469,131072,4244,0.032379,0,0,2
230,host-20,2,0,14,2,0,0,0.114187,0,32000,3654,0.114187,131072,3473,0.026497,0,0,2
230,host-21,3,0,14,3,0,0,0.110812,0,32000,3546,0.110812,131072,2836,0.021637,0,0,3
230,host-22,2,0,14,2,0,0,0.078844,0,32000,2523,0.078844,131072,3071,0.023430,0,0,2
230,host-23,2,0,14,2,0,0,0.110375,0,32000,3532,0.110375,131072,4266,0.032547,0,0,2
230,host-24,2,0,14,2,0,0,0.092156,0,32000,2949,0.092156,131072,2488,0.018982,0,0,2
230,host-3,2,0,14,2,0,0,0.074094,0,32000,2371,0.074094,131072,2939,0.022423,0,0,2
230,host-4,2,0,14,2,0,0,0.125094,0,32000,4003,0.125094,131072,5210,0.039749,0,0,2
230,host-5,2,0,14,2,0,0,0.096625,0,32000,3092,0.096625,131072,2685,0.020485,0,0,2
230,host-6,2,0,14,2,0,0,0.089688,0,32000,2870,0.089688,131072,2592,0.019775,0,0,2
230,host-7,2,0,14,2,0,0,0.097031,0,32000,3105,0.097031,131072,3482,0.026566,0,0,2
230,host-8,2,1,14,2,1,0,0.117969,0,32000,3775,0.117969,131072,4776,0.036438,1,0,1
230,host-9,1,0,14,1,0,0,0.065844,0,32000,2107,0.065844,131072,1863,0.014214,0,0,1
231,host-1,2,0,14,2,0,0,0.091500,0,32000,2928,0.091500,131072,2292,0.017487,0,0,2
231,host-10,1,0,14,1,0,0,0.071094,0,32000,2275,0.071094,131072,2314,0.017654,0,0,1
231,host-11,2,0,14,2,0,0,0.107125,0,32000,3428,0.107125,131072,3622,0.027634,0,0,2
231,host-12,2,0,14,2,0,0,0.114125,0,32000,3652,0.114125,131072,3802,0.029007,0,0,2
231,host-13,2,0,14,2,0,0,0.116687,0,32000,3734,0.116687,131072,3395,0.025902,0,0,2
231,host-14,2,0,14,2,0,0,0.102500,0,32000,3280,0.102500,131072,2632,0.020081,0,0,2
231,host-15,2,0,14,2,0,0,0.082844,0,32000,2651,0.082844,131072,2472,0.018860,0,0,2
231,host-16,2,0,14,2,0,0,0.106656,0,32000,3413,0.106656,131072,4198,0.032028,0,0,2
231,host-17,2,1,14,2,1,0,0.090281,0,32000,2889,0.090281,131072,3236,0.024689,1,0,1
231,host-18,2,1,14,2,1,0,0.067719,0,32000,2167,0.067719,131072,1504,0.011475,1,0,1
231,host-19,1,0,14,1,0,0,0.068281,0,32000,2185,0.068281,131072,2705,0.020638,0,0,1
231,host-2,2,0,14,2,0,0,0.094469,0,32000,3023,0.094469,131072,4244,0.032379,0,0,2
231,host-20,2,0,14,2,0,0,0.114187,0,32000,3654,0.114187,131072,3473,0.026497,0,0,2
231,host-21,3,0,14,3,0,0,0.110812,0,32000,3546,0.110812,131072,2836,0.021637,0,0,3
231,host-22,2,0,14,2,0,0,0.078844,0,32000,2523,0.078844,131072,3071,0.023430,0,0,2
231,host-23,2,0,14,2,0,0,0.110375,0,32000,3532,0.110375,131072,4266,0.032547,0,0,2
231,host-24,2,0,14,2,0,0,0.092156,0,32000,2949,0.092156,131072,2488,0.018982,0,0,2
231,host-3,2,0,14,2,0,0,0.074094,0,32000,2371,0.074094,131072,2939,0.022423,0,0,2
231,host-4,2,0,14,2,0,0,0.125094,0,32000,4003,0.125094,131072,5210,0.039749,0,0,2
231,host-5,2,0,14,2,0,0,0.096625,0,32000,3092,0.096625,131072,2685,0.020485,0,0,2
231,host-6,2,0,14,2,0,0,0.089688,0,32000,2870,0.089688,131072,2592,0.019775,0,0,2
231,host-7,2,0,14,2,0,0,0.097031,0,32000,3105,0.097031,131072,3482,0.026566,0,0,2
231,host-8,2,1,14,2,1,0,0.117969,0,32000,3775,0.117969,131072,4776,0.036438,0,1,1
231,host-9,1,0,14,1,0,0,0.065844,0,32000,2107,0.065844,131072,1863,0.014214,0,0,1
232,host-1,2,0,14,2,0,0,0.091500,0,32000,2928,0.091500,131072,2292,0.017487,0,0,2
232,host-10,1,0,14,1,0,0,0.071094,0,32000,2275,0.071094,131072,2314,0.017654,0,0,1
232,host-11,2,0,14,2,0,0,0.107125,0,32000,3428,0.107125,131072,3622,0.027634,0,0,2
232,host-12,2,0,14,2,0,0,0.114125,0,32000,3652,0.114125,131072,3802,0.029007,0,0,2
232,host-13,2,0,14,2,0,0,0.116687,0,32000,3734,0.116687,131072,3395,0.025902,0,0,2
232,host-14,2,0,14,2,0,0,0.102500,0,32000,3280,0.102500,131072,2632,0.020081,0,0,2
232,host-15,2,0,14,2,0,0,0.082844,0,32000,2651,0.082844,131072,2472,0.018860,0,0,2
232,host-16,2,0,14,2,0,0,0.106656,0,32000,3413,0.106656,131072,4198,0.032028,0,0,2
232,host-17,2,1,14,2,1,0,0.090281,0,32000,2889,0.090281,131072,3236,0.024689,1,0,1
232,host-18,3,1,14,3,1,0,0.111500,0,32000,3568,0.111500,131072,2250,0.017166,1,0,2
232,host-19,2,1,14,2,1,0,0.104031,0,32000,3329,0.104031,131072,4013,0.030617,1,0,1
232,host-2,2,0,14,2,0,0,0.094469,0,32000,3023,0.094469,131072,4244,0.032379,0,0,2
232,host-20,2,0,14,2,0,0,0.114187,0,32000,3654,0.114187,131072,3473,0.026497,0,0,2
232,host-21,3,0,14,3,0,0,0.110812,0,32000,3546,0.110812,131072,2836,0.021637,0,0,3
232,host-22,2,0,14,2,0,0,0.078844,0,32000,2523,0.078844,131072,3071,0.023430,0,0,2
232,host-23,2,0,14,2,0,0,0.110375,0,32000,3532,0.110375,131072,4266,0.032547,0,0,2
232,host-24,2,0,14,2,0,0,0.092156,0,32000,2949,0.092156,131072,2488,0.018982,0,0,2
232,host-3,2,0,14,2,0,0,0.074094,0,32000,2371,0.074094,131072,2939,0.022423,0,0,2
232,host-4,2,0,14,2,0,0,0.125094,0,32000,4003,0.125094,131072,5210,0.039749,0,0,2
232,host-5,2,0,14,2,0,0,0.096625,0,32000,3092,0.096625,131072,2685,0.020485,0,0,2
232,host-6,2,0,14,2,0,0,0.089688,0,32000,2870,0.089688,131072,2592,0.019775,0,0,2
232,host-7,2,0,14,2,0,0,0.097031,0,32000,3105,0.097031,131072,3482,0.026566,0,0,2
232,host-8,2,0,14,2,0,0,0.117969,0,32000,3775,0.117969,131072,4776,0.036438,0,0,2
232,host-9,2,1,14,2,1,0,0.115125,0,32000,3684,0.115125,131072,3790,0.028915,1,0,1
233,host-1,2,0,14,2,0,0,0.091500,0,32000,2928,0.091500,131072,2292,0.017487,0,0,2
233,host-10,2,1,14,2,1,0,0.097719,0,32000,3127,0.097719,131072,3387,0.025841,1,0,1
233,host-11,2,0,14,2,0,0,0.107125,0,32000,3428,0.107125,131072,3622,0.027634,0,0,2
233,host-12,2,0,14,2,0,0,0.114125,0,32000,3652,0.114125,131072,3802,0.029007,0,0,2
233,host-13,2,0,14,2,0,0,0.116687,0,32000,3734,0.116687,131072,3395,0.025902,0,0,2
233,host-14,2,0,14,2,0,0,0.102500,0,32000,3280,0.102500,131072,2632,0.020081,0,0,2
233,host-15,2,0,14,2,0,0,0.082844,0,32000,2651,0.082844,131072,2472,0.018860,0,0,2
233,host-16,2,0,14,2,0,0,0.106656,0,32000,3413,0.106656,131072,4198,0.032028,0,0,2
233,host-17,2,0,14,2,0,0,0.090281,0,32000,2889,0.090281,131072,3236,0.024689,0,0,2
233,host-18,3,1,14,3,1,0,0.111500,0,32000,3568,0.111500,131072,2250,0.017166,1,0,2
233,host-19,2,0,14,2,0,0,0.104031,0,32000,3329,0.104031,131072,4013,0.030617,0,0,2
233,host-2,2,0,14,2,0,0,0.094469,0,32000,3023,0.094469,131072,4244,0.032379,0,0,2
233,host-20,2,0,14,2,0,0,0.114187,0,32000,3654,0.114187,131072,3473,0.026497,0,0,2
233,host-21,3,0,14,3,0,0,0.110812,0,32000,3546,0.110812,131072,2836,0.021637,0,0,3
233,host-22,2,0,14,2,0,0,0.078844,0,32000,2523,0.078844,131072,3071,0.023430,0,0,2
233,host-23,2,0,14,2,0,0,0.110375,0,32000,3532,0.110375,131072,4266,0.032547,0,0,2
233,host-24,2,1,14,2,1,0,0.092156,0,32000,2949,0.092156,131072,2488,0.018982,0,1,1
233,host-3,2,0,14,2,0,0,0.074094,0,32000,2371,0.074094,131072,2939,0.022423,0,0,2
233,host-4,2,0,14,2,0,0,0.125094,0,32000,4003,0.125094,131072,5210,0.039749,0,0,2
233,host-5,2,0,14,2,0,0,0.096625,0,32000,3092,0.096625,131072,2685,0.020485,0,0,2
233,host-6,2,0,14,2,0,0,0.089688,0,32000,2870,0.089688,131072,2592,0.019775,0,0,2
233,host-7,2,0,14,2,0,0,0.097031,0,32000,3105,0.097031,131072,3482,0.026566,0,0,2
233,host-8,2,0,14,2,0,0,0.117969,0,32000,3775,0.117969,131072,4776,0.036438,0,0,2
233,host-9,2,1,14,2,1,0,0.115125,0,32000,3684,0.115125,131072,3790,0.028915,0,1,1
234,host-1,2,0,14,2,0,0,0.091500,0,32000,2928,0.091500,131072,2292,0.017487,0,0,2
234,host-10,2,1,14,2,1,0,0.097719,0,32000,3127,0.097719,131072,3387,0.025841,0,1,1
234,host-11,2,0,14,2,0,0,0.107125,0,32000,3428,0.107125,131072,3622,0.027634,0,0,2
234,host-12,2,0,14,2,0,0,0.114125,0,32000,3652,0.114125,131072,3802,0.029007,0,0,2
234,host-13,2,0,14,2,0,0,0.116687,0,32000,3734,0.116687,131072,3395,0.025902,0,0,2
234,host-14,2,0,14,2,0,0,0.102500,0,32000,3280,0.102500,131072,2632,0.020081,0,0,2
234,host-15,3,1,14,3,1,0,0.135406,0,32000,4333,0.135406,131072,4225,0.032234,1,0,2
234,host-16,2,0,14,2,0,0,0.106656,0,32000,3413,0.106656,131072,4198,0.032028,0,0,2
234,host-17,3,1,14,3,1,0,0.128625,0,32000,4116,0.128625,131072,4140,0.031586,1,0,2
234,host-18,3,0,14,3,0,0,0.111500,0,32000,3568,0.111500,131072,2250,0.017166,0,0,3
234,host-19,2,0,14,2,0,0,0.104031,0,32000,3329,0.104031,131072,4013,0.030617,0,0,2
234,host-2,2,0,14,2,0,0,0.094469,0,32000,3023,0.094469,131072,4244,0.032379,0,0,2
234,host-20,2,0,14,2,0,0,0.114187,0,32000,3654,0.114187,131072,3473,0.026497,0,0,2
234,host-21,3,0,14,3,0,0,0.110812,0,32000,3546,0.110812,131072,2836,0.021637,0,0,3
234,host-22,3,1,14,3,1,0,0.106625,0,32000,3412,0.106625,131072,3593,0.027412,1,0,2
234,host-23,2,0,14,2,0,0,0.110375,0,32000,3532,0.110375,131072,4266,0.032547,0,0,2
234,host-24,2,0,14,2,0,0,0.092156,0,32000,2949,0.092156,131072,2488,0.018982,0,0,2
234,host-3,3,1,14,3,1,0,0.151312,0,32000,4842,0.151312,131072,5237,0.039955,1,0,2
234,host-4,2,0,14,2,0,0,0.125094,0,32000,4003,0.125094,131072,5210,0.039749,0,0,2
234,host-5,2,0,14,2,0,0,0.096625,0,32000,3092,0.096625,131072,2685,0.020485,0,0,2
234,host-6,3,1,14,3,1,0,0.140500,0,32000,4496,0.140500,131072,4175,0.031853,1,0,2
234,host-7,2,0,14,2,0,0,0.097031,0,32000,3105,0.097031,131072,3482,0.026566,0,0,2
234,host-8,2,0,14,2,0,0,0.117969,0,32000,3775,0.117969,131072,4776,0.036438,0,0,2
234,host-9,2,0,14,2,0,0,0.115125,0,32000,3684,0.115125,131072,3790,0.028915,0,0,2
235,host-1,3,1,14,3,1,0,0.119281,0,32000,3817,0.119281,131072,2814,0.021469,1,0,2
235,host-10,2,0,14,2,0,0,0.097719,0,32000,3127,0.097719,131072,3387,0.025841,0,0,2
235,host-11,2,0,14,2,0,0,0.107125,0,32000,3428,0.107125,131072,3622,0.027634,0,0,2
235,host-12,2,0,14,2,0,0,0.114125,0,32000,3652,0.114125,131072,3802,0.029007,0,0,2
235,host-13,1,0,14,1,0,0,0.054531,0,32000,1745,0.054531,131072,1928,0.014709,0,0,1
235,host-14,2,0,14,2,0,0,0.102500,0,32000,3280,0.102500,131072,2632,0.020081,0,0,2
235,host-15,3,0,14,3,0,0,0.135406,0,32000,4333,0.135406,131072,4225,0.032234,0,0,3
235,host-16,2,0,14,2,0,0,0.106656,0,32000,3413,0.106656,131072,4198,0.032028,0,0,2
235,host-17,3,1,14,3,1,0,0.128625,0,32000,4116,0.128625,131072,4140,0.031586,1,0,2
235,host-18,3,0,14,3,0,0,0.111500,0,32000,3568,0.111500,131072,2250,0.017166,0,0,3
235,host-19,2,0,14,2,0,0,0.104031,0,32000,3329,0.104031,131072,4013,0.030617,0,0,2
235,host-2,2,0,14,2,0,0,0.094469,0,32000,3023,0.094469,131072,4244,0.032379,0,0,2
235,host-20,2,0,14,2,0,0,0.114187,0,32000,3654,0.114187,131072,3473,0.026497,0,0,2
235,host-21,3,0,14,3,0,0,0.110812,0,32000,3546,0.110812,131072,2836,0.021637,0,0,3
235,host-22,3,1,14,3,1,0,0.106625,0,32000,3412,0.106625,131072,3593,0.027412,1,0,2
235,host-23,2,0,14,2,0,0,0.110375,0,32000,3532,0.110375,131072,4266,0.032547,0,0,2
235,host-24,3,1,14,3,1,0,0.144719,0,32000,4631,0.144719,131072,4241,0.032356,1,0,2
235,host-3,3,0,14,3,0,0,0.151312,0,32000,4842,0.151312,131072,5237,0.039955,0,0,3
235,host-4,2,0,14,2,0,0,0.125094,0,32000,4003,0.125094,131072,5210,0.039749,0,0,2
235,host-5,2,0,14,2,0,0,0.096625,0,32000,3092,0.096625,131072,2685,0.020485,0,0,2
235,host-6,3,1,14,3,1,0,0.140500,0,32000,4496,0.140500,131072,4175,0.031853,1,0,2
235,host-7,2,0,14,2,0,0,0.097031,0,32000,3105,0.097031,131072,3482,0.026566,0,0,2
235,host-8,1,0,14,1,0,0,0.065094,0,32000,2083,0.065094,131072,2754,0.021011,0,0,1
235,host-9,2,0,14,2,0,0,0.115125,0,32000,3684,0.115125,131072,3790,0.028915,0,0,2
236,host-1,3,0,14,3,0,0,0.119281,0,32000,3817,0.119281,131072,2814,0.021469,0,0,3
236,host-10,2,0,14,2,0,0,0.097719,0,32000,3127,0.097719,131072,3387,0.025841,0,0,2
236,host-11,2,0,14,2,0,0,0.107125,0,32000,3428,0.107125,131072,3622,0.027634,0,0,2
236,host-12,2,0,14,2,0,0,0.114125,0,32000,3652,0.114125,131072,3802,0.029007,0,0,2
236,host-13,1,0,14,1,0,0,0.054531,0,32000,1745,0.054531,131072,1928,0.014709,0,0,1
236,host-14,2,0,14,2,0,0,0.102500,0,32000,3280,0.102500,131072,2632,0.020081,0,0,2
236,host-15,3,0,14,3,0,0,0.135406,0,32000,4333,0.135406,131072,4225,0.032234,0,0,3
236,host-16,2,0,14,2,0,0,0.106656,0,32000,3413,0.106656,131072,4198,0.032028,0,0,2
236,host-17,3,1,14,3,1,0,0.128625,0,32000,4116,0.128625,131072,4140,0.031586,0,1,2
236,host-18,3,0,14,3,0,0,0.111500,0,32000,3568,0.111500,131072,2250,0.017166,0,0,3
236,host-19,2,0,14,2,0,0,0.104031,0,32000,3329,0.104031,131072,4013,0.030617,0,0,2
236,host-2,2,0,14,2,0,0,0.094469,0,32000,3023,0.094469,131072,4244,0.032379,0,0,2
236,host-20,2,0,14,2,0,0,0.114187,0,32000,3654,0.114187,131072,3473,0.026497,0,0,2
236,host-21,3,0,14,3,0,0,0.110812,0,32000,3546,0.110812,131072,2836,0.021637,0,0,3
236,host-22,3,0,14,3,0,0,0.106625,0,32000,3412,0.106625,131072,3593,0.027412,0,0,3
236,host-23,2,0,14,2,0,0,0.110375,0,32000,3532,0.110375,131072,4266,0.032547,0,0,2
236,host-24,3,0,14,3,0,0,0.144719,0,32000,4631,0.144719,131072,4241,0.032356,0,0,3
236,host-3,3,0,14,3,0,0,0.151312,0,32000,4842,0.151312,131072,5237,0.039955,0,0,3
236,host-4,2,0,14,2,0,0,0.125094,0,32000,4003,0.125094,131072,5210,0.039749,0,0,2
236,host-5,2,0,14,2,0,0,0.096625,0,32000,3092,0.096625,131072,2685,0.020485,0,0,2
236,host-6,3,0,14,3,0,0,0.140500,0,32000,4496,0.140500,131072,4175,0.031853,0,0,3
236,host-7,2,0,14,2,0,0,0.097031,0,32000,3105,0.097031,131072,3482,0.026566,0,0,2
236,host-8,1,0,14,1,0,0,0.065094,0,32000,2083,0.065094,131072,2754,0.021011,0,0,1
236,host-9,2,0,14,2,0,0,0.115125,0,32000,3684,0.115125,131072,3790,0.028915,0,0,2
237,host-1,3,0,14,3,0,0,0.119281,0,32000,3817,0.119281,131072,2814,0.021469,0,0,3
237,host-10,2,0,14,2,0,0,0.097719,0,32000,3127,0.097719,131072,3387,0.025841,0,0,2
237,host-11,2,0,14,2,0,0,0.107125,0,32000,3428,0.107125,131072,3622,0.027634,0,0,2
237,host-12,2,0,14,2,0,0,0.114125,0,32000,3652,0.114125,131072,3802,0.029007,0,0,2
237,host-13,1,0,14,1,0,0,0.054531,0,32000,1745,0.054531,131072,1928,0.014709,0,0,1
237,host-14,2,0,14,2,0,0,0.102500,0,32000,3280,0.102500,131072,2632,0.020081,0,0,2
237,host-15,3,0,14,3,0,0,0.135406,0,32000,4333,0.135406,131072,4225,0.032234,0,0,3
237,host-16,2,0,14,2,0,0,0.106656,0,32000,3413,0.106656,131072,4198,0.032028,0,0,2
237,host-17,3,0,14,3,0,0,0.128625,0,32000,4116,0.128625,131072,4140,0.031586,0,0,3
237,host-18,3,0,14,3,0,0,0.111500,0,32000,3568,0.111500,131072,2250,0.017166,0,0,3
237,host-19,2,0,14,2,0,0,0.104031,0,32000,3329,0.104031,131072,4013,0.030617,0,0,2
237,host-2,2,0,14,2,0,0,0.094469,0,32000,3023,0.094469,131072,4244,0.032379,0,0,2
237,host-20,2,0,14,2,0,0,0.114187,0,32000,3654,0.114187,131072,3473,0.026497,0,0,2
237,host-21,2,0,14,2,0,0,0.076719,0,32000,2455,0.076719,131072,1376,0.010498,0,0,2
237,host-22,2,0,14,2,0,0,0.053750,0,32000,1720,0.053750,131072,1571,0.011986,0,0,2
237,host-23,2,0,14,2,0,0,0.110375,0,32000,3532,0.110375,131072,4266,0.032547,0,0,2
237,host-24,3,0,14,3,0,0,0.144719,0,32000,4631,0.144719,131072,4241,0.032356,0,0,3
237,host-3,3,0,14,3,0,0,0.151312,0,32000,4842,0.151312,131072,5237,0.039955,0,0,3
237,host-4,2,0,14,2,0,0,0.125094,0,32000,4003,0.125094,131072,5210,0.039749,0,0,2
237,host-5,2,0,14,2,0,0,0.096625,0,32000,3092,0.096625,131072,2685,0.020485,0,0,2
237,host-6,3,0,14,3,0,0,0.140500,0,32000,4496,0.140500,131072,4175,0.031853,0,0,3
237,host-7,2,0,14,2,0,0,0.097031,0,32000,3105,0.097031,131072,3482,0.026566,0,0,2
237,host-8,1,0,14,1,0,0,0.065094,0,32000,2083,0.065094,131072,2754,0.021011,0,0,1
237,host-9,1,0,14,1,0,0,0.049281,0,32000,1577,0.049281,131072,1927,0.014702,0,0,1
238,host-1,3,0,14,3,0,0,0.119281,0,32000,3817,0.119281,131072,2814,0.021469,0,0,3
238,host-10,2,0,14,2,0,0,0.097719,0,32000,3127,0.097719,131072,3387,0.025841,0,0,2
238,host-11,2,0,14,2,0,0,0.107125,0,32000,3428,0.107125,131072,3622,0.027634,0,0,2
238,host-12,2,0,14,2,0,0,0.114125,0,32000,3652,0.114125,131072,3802,0.029007,0,0,2
238,host-13,1,0,14,1,0,0,0.054531,0,32000,1745,0.054531,131072,1928,0.014709,0,0,1
238,host-14,2,0,14,2,0,0,0.102500,0,32000,3280,0.102500,131072,2632,0.020081,0,0,2
238,host-15,3,0,14,3,0,0,0.135406,0,32000,4333,0.135406,131072,4225,0.032234,0,0,3
238,host-16,1,0,14,1,0,0,0.071406,0,32000,2285,0.071406,131072,2568,0.019592,0,0,1
238,host-17,3,0,14,3,0,0,0.128625,0,32000,4116,0.128625,131072,4140,0.031586,0,0,3
238,host-18,3,0,14,3,0,0,0.111500,0,32000,3568,0.111500,131072,2250,0.017166,0,0,3
238,host-19,2,0,14,2,0,0,0.104031,0,32000,3329,0.104031,131072,4013,0.030617,0,0,2
238,host-2,2,0,14,2,0,0,0.094469,0,32000,3023,0.094469,131072,4244,0.032379,0,0,2
238,host-20,2,0,14,2,0,0,0.114187,0,32000,3654,0.114187,131072,3473,0.026497,0,0,2
238,host-21,2,0,14,2,0,0,0.076719,0,32000,2455,0.076719,131072,1376,0.010498,0,0,2
238,host-22,2,0,14,2,0,0,0.053750,0,32000,1720,0.053750,131072,1571,0.011986,0,0,2
238,host-23,2,0,14,2,0,0,0.110375,0,32000,3532,0.110375,131072,4266,0.032547,0,0,2
238,host-24,3,0,14,3,0,0,0.144719,0,32000,4631,0.144719,131072,4241,0.032356,0,0,3
238,host-3,2,0,14,2,0,0,0.106781,0,32000,3417,0.106781,131072,3313,0.025276,0,0,2
238,host-4,1,0,14,1,0,0,0.072156,0,32000,2309,0.072156,131072,2949,0.022499,0,0,1
238,host-5,2,0,14,2,0,0,0.096625,0,32000,3092,0.096625,131072,2685,0.020485,0,0,2
238,host-6,3,0,14,3,0,0,0.140500,0,32000,4496,0.140500,131072,4175,0.031853,0,0,3
238,host-7,2,0,14,2,0,0,0.097031,0,32000,3105,0.097031,131072,3482,0.026566,0,0,2
238,host-8,1,0,14,1,0,0,0.065094,0,32000,2083,0.065094,131072,2754,0.021011,0,0,1
238,host-9,1,0,14,1,0,0,0.049281,0,32000,1577,0.049281,131072,1927,0.014702,0,0,1
239,host-1,3,0,14,3,0,0,0.119281,0,32000,3817,0.119281,131072,2814,0.021469,0,0,3
239,host-10,2,0,14,2,0,0,0.097719,0,32000,3127,0.097719,131072,3387,0.025841,0,0,2
239,host-11,2,0,14,2,0,0,0.107125,0,32000,3428,0.107125,131072,3622,0.027634,0,0,2
239,host-12,1,0,14,1,0,0,0.050937,0,32000,1630,0.050937,131072,1533,0.011696,0,0,1
239,host-13,1,0,14,1,0,0,0.054531,0,32000,1745,0.054531,131072,1928,0.014709,0,0,1
239,host-14,2,0,14,2,0,0,0.102500,0,32000,3280,0.102500,131072,2632,0.020081,0,0,2
239,host-15,3,0,14,3,0,0,0.135406,0,32000,4333,0.135406,131072,4225,0.032234,0,0,3
239,host-16,1,0,14,1,0,0,0.071406,0,32000,2285,0.071406,131072,2568,0.019592,0,0,1
239,host-17,3,0,14,3,0,0,0.128625,0,32000,4116,0.128625,131072,4140,0.031586,0,0,3
239,host-18,3,0,14,3,0,0,0.111500,0,32000,3568,0.111500,131072,2250,0.017166,0,0,3
239,host-19,2,0,14,2,0,0,0.104031,0,32000,3329,0.104031,131072,4013,0.030617,0,0,2
239,host-2,2,0,14,2,0,0,0.094469,0,32000,3023,0.094469,131072,4244,0.032379,0,0,2
239,host-20,2,0,14,2,0,0,0.114187,0,32000,3654,0.114187,131072,3473,0.026497,0,0,2
239,host-21,2,0,14,2,0,0,0.076719,0,32000,2455,0.076719,131072,1376,0.010498,0,0,2
239,host-22,2,0,14,2,0,0,0.053750,0,32000,1720,0.053750,131072,1571,0.011986,0,0,2
239,host-23,2,0,14,2,0,0,0.110375,0,32000,3532,0.110375,131072,4266,0.032547,0,0,2
239,host-24,3,0,14,3,0,0,0.144719,0,32000,4631,0.144719,131072,4241,0.032356,0,0,3
239,host-3,2,0,14,2,0,0,0.106781,0,32000,3417,0.106781,131072,3313,0.025276,0,0,2
239,host-4,1,0,14,1,0,0,0.072156,0,32000,2309,0.072156,131072,2949,0.022499,0,0,1
239,host-5,2,0,14,2,0,0,0.096625,0,32000,3092,0.096625,131072,2685,0.020485,0,0,2
239,host-6,3,0,14,3,0,0,0.140500,0,32000,4496,0.140500,131072,4175,0.031853,0,0,3
239,host-7,2,0,14,2,0,0,0.097031,0,32000,3105,0.097031,131072,3482,0.026566,0,0,2
239,host-8,1,0,14,1,0,0,0.065094,0,32000,2083,0.065094,131072,2754,0.021011,0,0,1
239,host-9,1,0,14,1,0,0,0.049281,0,32000,1577,0.049281,131072,1927,0.014702,0,0,1
240,host-1,3,0,14,3,0,0,0.119281,0,32000,3817,0.119281,131072,2814,0.021469,0,0,3
240,host-10,2,0,14,2,0,0,0.097719,0,32000,3127,0.097719,131072,3387,0.025841,0,0,2
240,host-11,2,0,14,2,0,0,0.107125,0,32000,3428,0.107125,131072,3622,0.027634,0,0,2
240,host-12,1,0,14,1,0,0,0.050937,0,32000,1630,0.050937,131072,1533,0.011696,0,0,1
240,host-13,1,0,14,1,0,0,0.054531,0,32000,1745,0.054531,131072,1928,0.014709,0,0,1
240,host-14,2,0,14,2,0,0,0.102500,0,32000,3280,0.102500,131072,2632,0.020081,0,0,2
240,host-15,2,0,14,2,0,0,0.097187,0,32000,3110,0.097187,131072,2801,0.021370,0,0,2
240,host-16,1,0,14,1,0,0,0.071406,0,32000,2285,0.071406,131072,2568,0.019592,0,0,1
240,host-17,3,0,14,3,0,0,0.128625,0,32000,4116,0.128625,131072,4140,0.031586,0,0,3
240,host-18,3,0,14,3,0,0,0.111500,0,32000,3568,0.111500,131072,2250,0.017166,0,0,3
240,host-19,2,0,14,2,0,0,0.104031,0,32000,3329,0.104031,131072,4013,0.030617,0,0,2
240,host-2,2,0,14,2,0,0,0.094469,0,32000,3023,0.094469,131072,4244,0.032379,0,0,2
240,host-20,2,0,14,2,0,0,0.114187,0,32000,3654,0.114187,131072,3473,0.026497,0,0,2
240,host-21,2,0,14,2,0,0,0.076719,0,32000,2455,0.076719,131072,1376,0.010498,0,0,2
240,host-22,2,0,14,2,0,0,0.053750,0,32000,1720,0.053750,131072,1571,0.011986,0,0,2
240,host-23,2,0,14,2,0,0,0.110375,0,32000,3532,0.110375,131072,4266,0.032547,0,0,2
240,host-24,3,0,14,3,0,0,0.144719,0,32000,4631,0.144719,131072,4241,0.032356,0,0,3
240,host-3,2,0,14,2,0,0,0.106781,0,32000,3417,0.106781,131072,3313,0.025276,0,0,2
240,host-4,1,0,14,1,0,0,0.072156,0,32000,2309,0.072156,131072,2949,0.022499,0,0,1
240,host-5,2,0,14,2,0,0,0.096625,0,32000,3092,0.096625,131072,2685,0.020485,0,0,2
240,host-6,3,0,14,3,0,0,0.140500,0,32000,4496,0.140500,131072,4175,0.031853,0,0,3
240,host-7,2,0,14,2,0,0,0.097031,0,32000,3105,0.097031,131072,3482,0.026566,0,0,2
240,host-8,1,0,14,1,0,0,0.065094,0,32000,2083,0.065094,131072,2754,0.021011,0,0,1
240,host-9,1,0,14,1,0,0,0.049281,0,32000,1577,0.049281,131072,1927,0.014702,0,0,1
241,host-1,3,0,14,3,0,0,0.119281,0,32000,3817,0.119281,131072,2814,0.021469,0,0,3
241,host-10,2,0,14,2,0,0,0.097719,0,32000,3127,0.097719,131072,3387,0.025841,0,0,2
241,host-11,2,0,14,2,0,0,0.107125,0,32000,3428,0.107125,131072,3622,0.027634,0,0,2
241,host-12,1,0,14,1,0,0,0.050937,0,32000,1630,0.050937,131072,1533,0.011696,0,0,1
241,host-13,1,0,14,1,0,0,0.054531,0,32000,1745,0.054531,131072,1928,0.014709,0,0,1
241,host-14,2,0,14,2,0,0,0.102500,0,32000,3280,0.102500,131072,2632,0.020081,0,0,2
241,host-15,2,0,14,2,0,0,0.097187,0,32000,3110,0.097187,131072,2801,0.021370,0,0,2
241,host-16,1,0,14,1,0,0,0.071406,0,32000,2285,0.071406,131072,2568,0.019592,0,0,1
241,host-17,3,0,14,3,0,0,0.128625,0,32000,4116,0.128625,131072,4140,0.031586,0,0,3
241,host-18,3,0,14,3,0,0,0.111500,0,32000,3568,0.111500,131072,2250,0.017166,0,0,3
241,host-19,2,0,14,2,0,0,0.104031,0,32000,3329,0.104031,131072,4013,0.030617,0,0,2
241,host-2,2,0,14,2,0,0,0.094469,0,32000,3023,0.094469,131072,4244,0.032379,0,0,2
241,host-20,2,0,14,2,0,0,0.114187,0,32000,3654,0.114187,131072,3473,0.026497,0,0,2
241,host-21,2,0,14,2,0,0,0.076719,0,32000,2455,0.076719,131072,1376,0.010498,0,0,2
241,host-22,2,0,14,2,0,0,0.053750,0,32000,1720,0.053750,131072,1571,0.011986,0,0,2
241,host-23,2,0,14,2,0,0,0.110375,0,32000,3532,0.110375,131072,4266,0.032547,0,0,2
241,host-24,3,0,14,3,0,0,0.144719,0,32000,4631,0.144719,131072,4241,0.032356,0,0,3
241,host-3,2,0,14,2,0,0,0.106781,0,32000,3417,0.106781,131072,3313,0.025276,0,0,2
241,host-4,1,0,14,1,0,0,0.072156,0,32000,2309,0.072156,131072,2949,0.022499,0,0,1
241,host-5,2,0,14,2,0,0,0.096625,0,32000,3092,0.096625,131072,2685,0.020485,0,0,2
241,host-6,3,0,14,3,0,0,0.140500,0,32000,4496,0.140500,131072,4175,0.031853,0,0,3
241,host-7,2,0,14,2,0,0,0.097031,0,32000,3105,0.097031,131072,3482,0.026566,0,0,2
241,host-8,1,0,14,1,0,0,0.065094,0,32000,2083,0.065094,131072,2754,0.021011,0,0,1
241,host-9,1,0,14,1,0,0,0.049281,0,32000,1577,0.049281,131072,1927,0.014702,0,0,1
242,host-1,3,0,14,3,0,0,0.119281,0,32000,3817,0.119281,131072,2814,0.021469,0,0,3
242,host-10,2,0,14,2,0,0,0.097719,0,32000,3127,0.097719,131072,3387,0.025841,0,0,2
242,host-11,2,0,14,2,0,0,0.107125,0,32000,3428,0.107125,131072,3622,0.027634,0,0,2
242,host-12,1,0,14,1,0,0,0.050937,0,32000,1630,0.050937,131072,1533,0.011696,0,0,1
242,host-13,1,0,14,1,0,0,0.054531,0,32000,1745,0.054531,131072,1928,0.014709,0,0,1
242,host-14,2,0,14,2,0,0,0.102500,0,32000,3280,0.102500,131072,2632,0.020081,0,0,2
242,host-15,2,0,14,2,0,0,0.097187,0,32000,3110,0.097187,131072,2801,0.021370,0,0,2
242,host-16,0,0,14,0,0,0,0.000000,0,32000,0,0.000000,131072,0,0.000000,0,0,0
242,host-17,3,0,14,3,0,0,0.128625,0,32000,4116,0.128625,131072,4140,0.031586,0,0,3
242,host-18,3,1,14,3,1,0,0.111500,0,32000,3568,0.111500,131072,2250,0.017166,0,1,2
242,host-19,2,0,14,2,0,0,0.104031,0,32000,3329,0.104031,131072,4013,0.030617,0,0,2
242,host-2,2,0,14,2,0,0,0.094469,0,32000,3023,0.094469,131072,4244,0.032379,0,0,2
242,host-20,2,0,14,2,0,0,0.114187,0,32000,3654,0.114187,131072,3473,0.026497,0,0,2
242,host-21,2,0,14,2,0,0,0.076719,0,32000,2455,0.076719,131072,1376,0.010498,0,0,2
242,host-22,2,0,14,2,0,0,0.053750,0,32000,1720,0.053750,131072,1571,0.011986,0,0,2
242,host-23,2,0,14,2,0,0,0.110375,0,32000,3532,0.110375,131072,4266,0.032547,0,0,2
242,host-24,3,0,14,3,0,0,0.144719,0,32000,4631,0.144719,131072,4241,0.032356,0,0,3
242,host-3,2,0,14,2,0,0,0.106781,0,32000,3417,0.106781,131072,3313,0.025276,0,0,2
242,host-4,1,0,14,1,0,0,0.072156,0,32000,2309,0.072156,131072,2949,0.022499,0,0,1
242,host-5,2,0,14,2,0,0,0.096625,0,32000,3092,0.096625,131072,2685,0.020485,0,0,2
242,host-6,3,0,14,3,0,0,0.140500,0,32000,4496,0.140500,131072,4175,0.031853,0,0,3
242,host-7,2,0,14,2,0,0,0.097031,0,32000,3105,0.097031,131072,3482,0.026566,0,0,2
242,host-8,1,0,14,1,0,0,0.065094,0,32000,2083,0.065094,131072,2754,0.021011,0,0,1
242,host-9,2,1,14,2,1,0,0.086969,0,32000,2783,0.086969,131072,3433,0.026192,1,0,1
243,host-1,2,0,14,2,0,0,0.076156,0,32000,2437,0.076156,131072,1565,0.011940,0,0,2
243,host-10,2,0,14,2,0,0,0.097719,0,32000,3127,0.097719,131072,3387,0.025841,0,0,2
243,host-11,2,0,14,2,0,0,0.107125,0,32000,3428,0.107125,131072,3622,0.027634,0,0,2
243,host-12,1,0,14,1,0,0,0.050937,0,32000,1630,0.050937,131072,1533,0.011696,0,0,1
243,host-13,1,0,14,1,0,0,0.054531,0,32000,1745,0.054531,131072,1928,0.014709,0,0,1
243,host-14,2,0,14,2,0,0,0.102500,0,32000,3280,0.102500,131072,2632,0.020081,0,0,2
243,host-15,2,0,14,2,0,0,0.097187,0,32000,3110,0.097187,131072,2801,0.021370,0,0,2
243,host-16,1,1,14,1,1,0,0.046187,0,32000,1478,0.046187,131072,1606,0.012253,1,0,0
243,host-17,3,0,14,3,0,0,0.128625,0,32000,4116,0.128625,131072,4140,0.031586,0,0,3
243,host-18,3,0,14,3,0,0,0.111500,0,32000,3568,0.111500,131072,2250,0.017166,0,0,3
243,host-19,2,0,14,2,0,0,0.104031,0,32000,3329,0.104031,131072,4013,0.030617,0,0,2
243,host-2,2,0,14,2,0,0,0.094469,0,32000,3023,0.094469,131072,4244,0.032379,0,0,2
243,host-20,2,0,14,2,0,0,0.114187,0,32000,3654,0.114187,131072,3473,0.026497,0,0,2
243,host-21,2,0,14,2,0,0,0.076719,0,32000,2455,0.076719,131072,1376,0.010498,0,0,2
243,host-22,2,0,14,2,0,0,0.053750,0,32000,1720,0.053750,131072,1571,0.011986,0,0,2
243,host-23,2,0,14,2,0,0,0.110375,0,32000,3532,0.110375,131072,4266,0.032547,0,0,2
243,host-24,3,0,14,3,0,0,0.144719,0,32000,4631,0.144719,131072,4241,0.032356,0,0,3
243,host-3,2,0,14,2,0,0,0.106781,0,32000,3417,0.106781,131072,3313,0.025276,0,0,2
243,host-4,1,0,14,1,0,0,0.072156,0,32000,2309,0.072156,131072,2949,0.022499,0,0,1
243,host-5,2,0,14,2,0,0,0.096625,0,32000,3092,0.096625,131072,2685,0.020485,0,0,2
243,host-6,3,0,14,3,0,0,0.140500,0,32000,4496,0.140500,131072,4175,0.031853,0,0,3
243,host-7,2,1,14,2,1,0,0.097031,0,32000,3105,0.097031,131072,3482,0.026566,0,1,1
243,host-8,1,0,14,1,0,0,0.065094,0,32000,2083,0.065094,131072,2754,0.021011,0,0,1
243,host-9,2,0,14,2,0,0,0.086969,0,32000,2783,0.086969,131072,3433,0.026192,0,0,2
244,host-1,2,0,14,2,0,0,0.076156,0,32000,2437,0.076156,131072,1565,0.011940,0,0,2
244,host-10,1,0,14,1,0,0,0.026625,0,32000,852,0.026625,131072,1073,0.008186,0,0,1
244,host-11,2,0,14,2,0,0,0.107125,0,32000,3428,0.107125,131072,3622,0.027634,0,0,2
244,host-12,1,0,14,1,0,0,0.050937,0,32000,1630,0.050937,131072,1533,0.011696,0,0,1
244,host-13,1,0,14,1,0,0,0.054531,0,32000,1745,0.054531,131072,1928,0.014709,0,0,1
244,host-14,2,0,14,2,0,0,0.102500,0,32000,3280,0.102500,131072,2632,0.020081,0,0,2
244,host-15,2,0,14,2,0,0,0.097187,0,32000,3110,0.097187,131072,2801,0.021370,0,0,2
244,host-16,1,1,14,1,1,0,0.046187,0,32000,1478,0.046187,131072,1606,0.012253,1,0,0
244,host-17,3,0,14,3,0,0,0.128625,0,32000,4116,0.128625,131072,4140,0.031586,0,0,3
244,host-18,3,0,14,3,0,0,0.111500,0,32000,3568,0.111500,131072,2250,0.017166,0,0,3
244,host-19,2,0,14,2,0,0,0.104031,0,32000,3329,0.104031,131072,4013,0.030617,0,0,2
244,host-2,1,0,14,1,0,0,0.064062,0,32000,2050,0.064062,131072,2686,0.020493,0,0,1
244,host-20,2,0,14,2,0,0,0.114187,0,32000,3654,0.114187,131072,3473,0.026497,0,0,2
244,host-21,2,0,14,2,0,0,0.076719,0,32000,2455,0.076719,131072,1376,0.010498,0,0,2
244,host-22,2,0,14,2,0,0,0.053750,0,32000,1720,0.053750,131072,1571,0.011986,0,0,2
244,host-23,1,0,14,1,0,0,0.044000,0,32000,1408,0.044000,131072,1882,0.014359,0,0,1
244,host-24,3,0,14,3,0,0,0.144719,0,32000,4631,0.144719,131072,4241,0.032356,0,0,3
244,host-3,2,0,14,2,0,0,0.106781,0,32000,3417,0.106781,131072,3313,0.025276,0,0,2
244,host-4,1,0,14,1,0,0,0.072156,0,32000,2309,0.072156,131072,2949,0.022499,0,0,1
244,host-5,2,0,14,2,0,0,0.096625,0,32000,3092,0.096625,131072,2685,0.020485,0,0,2
244,host-6,3,0,14,3,0,0,0.140500,0,32000,4496,0.140500,131072,4175,0.031853,0,0,3
244,host-7,2,0,14,2,0,0,0.097031,0,32000,3105,0.097031,131072,3482,0.026566,0,0,2
244,host-8,1,0,14,1,0,0,0.065094,0,32000,2083,0.065094,131072,2754,0.021011,0,0,1
244,host-9,2,0,14,2,0,0,0.086969,0,32000,2783,0.086969,131072,3433,0.026192,0,0,2
245,host-1,2,0,14,2,0,0,0.076156,0,32000,2437,0.076156,131072,1565,0.011940,0,0,2
245,host-10,2,1,14,2,1,0,0.102594,0,32000,3283,0.102594,131072,3993,0.030464,1,0,1
245,host-11,2,0,14,2,0,0,0.107125,0,32000,3428,0.107125,131072,3622,0.027634,0,0,2
245,host-12,1,0,14,1,0,0,0.050937,0,32000,1630,0.050937,131072,1533,0.011696,0,0,1
245,host-13,1,0,14,1,0,0,0.054531,0,32000,1745,0.054531,131072,1928,0.014709,0,0,1
245,host-14,2,0,14,2,0,0,0.102500,0,32000,3280,0.102500,131072,2632,0.020081,0,0,2
245,host-15,2,0,14,2,0,0,0.097187,0,32000,3110,0.097187,131072,2801,0.021370,0,0,2
245,host-16,1,0,14,1,0,0,0.046187,0,32000,1478,0.046187,131072,1606,0.012253,0,0,1
245,host-17,3,0,14,3,0,0,0.128625,0,32000,4116,0.128625,131072,4140,0.031586,0,0,3
245,host-18,3,0,14,3,0,0,0.111500,0,32000,3568,0.111500,131072,2250,0.017166,0,0,3
245,host-19,2,0,14,2,0,0,0.104031,0,32000,3329,0.104031,131072,4013,0.030617,0,0,2
245,host-2,1,0,14,1,0,0,0.064062,0,32000,2050,0.064062,131072,2686,0.020493,0,0,1
245,host-20,2,0,14,2,0,0,0.114187,0,32000,3654,0.114187,131072,3473,0.026497,0,0,2
245,host-21,1,0,14,1,0,0,0.044875,0,32000,1436,0.044875,131072,813,0.006203,0,0,1
245,host-22,1,0,14,1,0,0,0.027781,0,32000,889,0.027781,131072,522,0.003983,0,0,1
245,host-23,1,0,14,1,0,0,0.044000,0,32000,1408,0.044000,131072,1882,0.014359,0,0,1
245,host-24,3,0,14,3,0,0,0.144719,0,32000,4631,0.144719,131072,4241,0.032356,0,0,3
245,host-3,2,0,14,2,0,0,0.106781,0,32000,3417,0.106781,131072,3313,0.025276,0,0,2
245,host-4,1,0,14,1,0,0,0.072156,0,32000,2309,0.072156,131072,2949,0.022499,0,0,1
245,host-5,1,0,14,1,0,0,0.045187,0,32000,1446,0.045187,131072,1444,0.011017,0,0,1
245,host-6,2,0,14,2,0,0,0.096000,0,32000,3072,0.096000,131072,3027,0.023094,0,0,2
245,host-7,2,0,14,2,0,0,0.097031,0,32000,3105,0.097031,131072,3482,0.026566,0,0,2
245,host-8,1,0,14,1,0,0,0.065094,0,32000,2083,0.065094,131072,2754,0.021011,0,0,1
245,host-9,2,0,14,2,0,0,0.086969,0,32000,2783,0.086969,131072,3433,0.026192,0,0,2
246,host-1,2,1,14,2,1,0,0.075813,0,32000,2426,0.075813,131072,2004,0.015289,1,0,1
246,host-10,2,1,14,2,1,0,0.102594,0,32000,3283,0.102594,131072,3993,0.030464,0,1,1
246,host-11,2,0,14,2,0,0,0.107125,0,32000,3428,0.107125,131072,3622,0.027634,0,0,2
246,host-12,1,0,14,1,0,0,0.050937,0,32000,1630,0.050937,131072,1533,0.011696,0,0,1
246,host-13,1,0,14,1,0,0,0.054531,0,32000,1745,0.054531,131072,1928,0.014709,0,0,1
246,host-14,1,0,14,1,0,0,0.057906,0,32000,1853,0.057906,131072,1407,0.010735,0,0,1
246,host-15,2,0,14,2,0,0,0.097187,0,32000,3110,0.097187,131072,2801,0.021370,0,0,2
246,host-16,1,0,14,1,0,0,0.046187,0,32000,1478,0.046187,131072,1606,0.012253,0,0,1
246,host-17,3,0,14,3,0,0,0.128625,0,32000,4116,0.128625,131072,4140,0.031586,0,0,3
246,host-18,3,0,14,3,0,0,0.111500,0,32000,3568,0.111500,131072,2250,0.017166,0,0,3
246,host-19,2,0,14,2,0,0,0.104031,0,32000,3329,0.104031,131072,4013,0.030617,0,0,2
246,host-2,1,0,14,1,0,0,0.064062,0,32000,2050,0.064062,131072,2686,0.020493,0,0,1
246,host-20,2,0,14,2,0,0,0.114187,0,32000,3654,0.114187,131072,3473,0.026497,0,0,2
246,host-21,1,0,14,1,0,0,0.044875,0,32000,1436,0.044875,131072,813,0.006203,0,0,1
246,host-22,2,1,14,2,1,0,0.072250,0,32000,2312,0.072250,131072,2440,0.018616,1,0,1
246,host-23,2,1,14,2,1,0,0.101844,0,32000,3259,0.101844,131072,4194,0.031998,1,0,1
246,host-24,3,0,14,3,0,0,0.144719,0,32000,4631,0.144719,131072,4241,0.032356,0,0,3
246,host-3,2,0,14,2,0,0,0.106781,0,32000,3417,0.106781,131072,3313,0.025276,0,0,2
246,host-4,1,1,14,1,1,0,0.062812,0,32000,2010,0.062812,131072,2414,0.018417,1,0,0
246,host-5,1,0,14,1,0,0,0.045187,0,32000,1446,0.045187,131072,1444,0.011017,0,0,1
246,host-6,1,0,14,1,0,0,0.050812,0,32000,1626,0.050812,131072,1583,0.012077,0,0,1
246,host-7,2,0,14,2,0,0,0.097031,0,32000,3105,0.097031,131072,3482,0.026566,0,0,2
246,host-8,1,0,14,1,0,0,0.065094,0,32000,2083,0.065094,131072,2754,0.021011,0,0,1
246,host-9,2,0,14,2,0,0,0.086969,0,32000,2783,0.086969,131072,3433,0.026192,0,0,2
247,host-1,2,1,14,2,1,0,0.075813,0,32000,2426,0.075813,131072,2004,0.015289,1,0,1
247,host-10,2,0,14,2,0,0,0.102594,0,32000,3283,0.102594,131072,3993,0.030464,0,0,2
247,host-11,2,0,14,2,0,0,0.107125,0,32000,3428,0.107125,131072,3622,0.027634,0,0,2
247,host-12,1,0,14,1,0,0,0.050937,0,32000,1630,0.050937,131072,1533,0.011696,0,0,1
247,host-13,1,0,14,1,0,0,0.054531,0,32000,1745,0.054531,131072,1928,0.014709,0,0,1
247,host-14,1,0,14,1,0,0,0.057906,0,32000,1853,0.057906,131072,1407,0.010735,0,0,1
247,host-15,2,0,14,2,0,0,0.097187,0,32000,3110,0.097187,131072,2801,0.021370,0,0,2
247,host-16,1,0,14,1,0,0,0.046187,0,32000,1478,0.046187,131072,1606,0.012253,0,0,1
247,host-17,3,0,14,3,0,0,0.128625,0,32000,4116,0.128625,131072,4140,0.031586,0,0,3
247,host-18,3,0,14,3,0,0,0.111500,0,32000,3568,0.111500,131072,2250,0.017166,0,0,3
247,host-19,2,0,14,2,0,0,0.104031,0,32000,3329,0.104031,131072,4013,0.030617,0,0,2
247,host-2,1,0,14,1,0,0,0.064062,0,32000,2050,0.064062,131072,2686,0.020493,0,0,1
247,host-20,2,0,14,2,0,0,0.114187,0,32000,3654,0.114187,131072,3473,0.026497,0,0,2
247,host-21,2,1,14,2,1,0,0.107688,0,32000,3446,0.107688,131072,3227,0.024620,1,0,1
247,host-22,2,0,14,2,0,0,0.072250,0,32000,2312,0.072250,131072,2440,0.018616,0,0,2
247,host-23,2,1,14,2,1,0,0.101844,0,32000,3259,0.101844,131072,4194,0.031998,1,0,1
247,host-24,3,0,14,3,0,0,0.144719,0,32000,4631,0.144719,131072,4241,0.032356,0,0,3
247,host-3,1,0,14,1,0,0,0.077219,0,32000,2471,0.077219,131072,2298,0.017532,0,0,1
247,host-4,1,1,14,1,1,0,0.062812,0,32000,2010,0.062812,131072,2414,0.018417,1,0,0
247,host-5,0,0,14,0,0,0,0.000000,0,32000,0,0.000000,131072,0,0.000000,0,0,0
247,host-6,1,0,14,1,0,0,0.050812,0,32000,1626,0.050812,131072,1583,0.012077,0,0,1
247,host-7,2,0,14,2,0,0,0.097031,0,32000,3105,0.097031,131072,3482,0.026566,0,0,2
247,host-8,1,0,14,1,0,0,0.065094,0,32000,2083,0.065094,131072,2754,0.021011,0,0,1
247,host-9,2,0,14,2,0,0,0.086969,0,32000,2783,0.086969,131072,3433,0.026192,0,0,2
248,host-1,2,0,14,2,0,0,0.075813,0,32000,2426,0.075813,131072,2004,0.015289,0,0,2
248,host-10,2,0,14,2,0,0,0.102594,0,32000,3283,0.102594,131072,3993,0.030464,0,0,2
248,host-11,2,0,14,2,0,0,0.107125,0,32000,3428,0.107125,131072,3622,0.027634,0,0,2
248,host-12,1,0,14,1,0,0,0.050937,0,32000,1630,0.050937,131072,1533,0.011696,0,0,1
248,host-13,1,0,14,1,0,0,0.054531,0,32000,1745,0.054531,131072,1928,0.014709,0,0,1
248,host-14,1,0,14,1,0,0,0.057906,0,32000,1853,0.057906,131072,1407,0.010735,0,0,1
248,host-15,2,0,14,2,0,0,0.097187,0,32000,3110,0.097187,131072,2801,0.021370,0,0,2
248,host-16,1,0,14,1,0,0,0.046187,0,32000,1478,0.046187,131072,1606,0.012253,0,0,1
248,host-17,3,0,14,3,0,0,0.128625,0,32000,4116,0.128625,131072,4140,0.031586,0,0,3
248,host-18,3,0,14,3,0,0,0.111500,0,32000,3568,0.111500,131072,2250,0.017166,0,0,3
248,host-19,2,0,14,2,0,0,0.104031,0,32000,3329,0.104031,131072,4013,0.030617,0,0,2
248,host-2,0,0,14,0,0,0,0.000000,0,32000,0,0.000000,131072,0,0.000000,0,0,0
248,host-20,2,0,14,2,0,0,0.114187,0,32000,3654,0.114187,131072,3473,0.026497,0,0,2
248,host-21,2,1,14,2,1,0,0.107688,0,32000,3446,0.107688,131072,3227,0.024620,0,1,1
248,host-22,2,0,14,2,0,0,0.072250,0,32000,2312,0.072250,131072,2440,0.018616,0,0,2
248,host-23,2,0,14,2,0,0,0.101844,0,32000,3259,0.101844,131072,4194,0.031998,0,0,2
248,host-24,3,0,14,3,0,0,0.144719,0,32000,4631,0.144719,131072,4241,0.032356,0,0,3
248,host-3,1,0,14,1,0,0,0.077219,0,32000,2471,0.077219,131072,2298,0.017532,0,0,1
248,host-4,1,0,14,1,0,0,0.062812,0,32000,2010,0.062812,131072,2414,0.018417,0,0,1
248,host-5,0,0,14,0,0,0,0.000000,0,32000,0,0.000000,131072,0,0.000000,0,0,0
248,host-6,1,0,14,1,0,0,0.050812,0,32000,1626,0.050812,131072,1583,0.012077,0,0,1
248,host-7,2,0,14,2,0,0,0.097031,0,32000,3105,0.097031,131072,3482,0.026566,0,0,2
248,host-8,1,0,14,1,0,0,0.065094,0,32000,2083,0.065094,131072,2754,0.021011,0,0,1
248,host-9,2,0,14,2,0,0,0.086969,0,32000,2783,0.086969,131072,3433,0.026192,0,0,2
249,host-1,2,0,14,2,0,0,0.075813,0,32000,2426,0.075813,131072,2004,0.015289,0,0,2
249,host-10,2,0,14,2,0,0,0.102594,0,32000,3283,0.102594,131072,3993,0.030464,0,0,2
249,host-11,2,0,14,2,0,0,0.107125,0,32000,3428,0.107125,131072,3622,0.027634,0,0,2
249,host-12,1,0,14,1,0,0,0.050937,0,32000,1630,0.050937,131072,1533,0.011696,0,0,1
249,host-13,1,0,14,1,0,0,0.054531,0,32000,1745,0.054531,131072,1928,0.014709,0,0,1
249,host-14,1,0,14,1,0,0,0.057906,0,32000,1853,0.057906,131072,1407,0.010735,0,0,1
249,host-15,1,0,14,1,0,0,0.052562,0,32000,1682,0.052562,131072,1753,0.013374,0,0,1
249,host-16,2,1,14,2,1,0,0.110250,0,32000,3528,0.110250,131072,4292,0.032745,1,0,1
249,host-17,3,0,14,3,0,0,0.128625,0,32000,4116,0.128625,131072,4140,0.031586,0,0,3
249,host-18,3,0,14,3,0,0,0.111500,0,32000,3568,0.111500,131072,2250,0.017166,0,0,3
249,host-19,2,1,14,2,1,0,0.084125,0,32000,2692,0.084125,131072,2351,0.017937,1,0,1
249,host-2,1,1,14,1,1,0,0.066375,0,32000,2124,0.066375,131072,2384,0.018188,1,0,0
249,host-20,2,0,14,2,0,0,0.114187,0,32000,3654,0.114187,131072,3473,0.026497,0,0,2
249,host-21,2,0,14,2,0,0,0.107688,0,32000,3446,0.107688,131072,3227,0.024620,0,0,2
249,host-22,2,0,14,2,0,0,0.072250,0,32000,2312,0.072250,131072,2440,0.018616,0,0,2
249,host-23,2,1,14,2,1,0,0.101844,0,32000,3259,0.101844,131072,4194,0.031998,0,1,1
249,host-24,3,0,14,3,0,0,0.144719,0,32000,4631,0.144719,131072,4241,0.032356,0,0,3
249,host-3,1,0,14,1,0,0,0.077219,0,32000,2471,0.077219,131072,2298,0.017532,0,0,1
249,host-4,1,0,14,1,0,0,0.062812,0,32000,2010,0.062812,131072,2414,0.018417,0,0,1
249,host-5,2,2,14,2,2,0,0.089688,0,32000,2870,0.089688,131072,2592,0.019775,2,0,0
249,host-6,1,0,14,1,0,0,0.050812,0,32000,1626,0.050812,131072,1583,0.012077,0,0,1
249,host-7,1,0,14,1,0,0,0.066531,0,32000,2129,0.066531,131072,2221,0.016945,0,0,1
249,host-8,1,0,14,1,0,0,0.065094,0,32000,2083,0.065094,131072,2754,0.021011,0,0,1
249,host-9,2,0,14,2,0,0,0.086969,0,32000,2783,0.086969,131072,3433,0.026192,0,0,2
250,host-1,2,0,14,2,0,0,0.075813,0,32000,2426,0.075813,131072,2004,0.015289,0,0,2
250,host-10,2,0,14,2,0,0,0.102594,0,32000,3283,0.102594,131072,3993,0.030464,0,0,2
250,host-11,2,0,14,2,0,0,0.107125,0,32000,3428,0.107125,131072,3622,0.027634,0,0,2
250,host-12,2,1,14,2,1,0,0.077813,0,32000,2490,0.077813,131072,2064,0.015747,1,0,1
250,host-13,1,0,14,1,0,0,0.054531,0,32000,1745,0.054531,131072,1928,0.014709,0,0,1
250,host-14,1,0,14,1,0,0,0.057906,0,32000,1853,0.057906,131072,1407,0.010735,0,0,1
250,host-15,1,0,14,1,0,0,0.052562,0,32000,1682,0.052562,131072,1753,0.013374,0,0,1
250,host-16,2,0,14,2,0,0,0.110250,0,32000,3528,0.110250,131072,4292,0.032745,0,0,2
250,host-17,2,0,14,2,0,0,0.074094,0,32000,2371,0.074094,131072,2212,0.016876,0,0,2
250,host-18,3,0,14,3,0,0,0.111500,0,32000,3568,0.111500,131072,2250,0.017166,0,0,3
250,host-19,2,1,14,2,1,0,0.084125,0,32000,2692,0.084125,131072,2351,0.017937,1,0,1
250,host-2,1,0,14,1,0,0,0.066375,0,32000,2124,0.066375,131072,2384,0.018188,0,0,1
250,host-20,2,0,14,2,0,0,0.114187,0,32000,3654,0.114187,131072,3473,0.026497,0,0,2
250,host-21,2,0,14,2,0,0,0.107688,0,32000,3446,0.107688,131072,3227,0.024620,0,0,2
250,host-22,2,0,14,2,0,0,0.072250,0,32000,2312,0.072250,131072,2440,0.018616,0,0,2
250,host-23,2,0,14,2,0,0,0.101844,0,32000,3259,0.101844,131072,4194,0.031998,0,0,2
250,host-24,3,0,14,3,0,0,0.144719,0,32000,4631,0.144719,131072,4241,0.032356,0,0,3
250,host-3,1,0,14,1,0,0,0.077219,0,32000,2471,0.077219,131072,2298,0.017532,0,0,1
250,host-4,1,0,14,1,0,0,0.062812,0,32000,2010,0.062812,131072,2414,0.018417,0,0,1
250,host-5,2,0,14,2,0,0,0.089688,0,32000,2870,0.089688,131072,2592,0.019775,0,0,2
250,host-6,2,1,14,2,1,0,0.093344,0,32000,2987,0.093344,131072,2181,0.016640,0,1,1
250,host-7,1,0,14,1,0,0,0.066531,0,32000,2129,0.066531,131072,2221,0.016945,0,0,1
250,host-8,1,0,14,1,0,0,0.065094,0,32000,2083,0.065094,131072,2754,0.021011,0,0,1
250,host-9,2,0,14,2,0,0,0.086969,0,32000,2783,0.086969,131072,3433,0.026192,0,0,2
251,host-1,2,0,14,2,0,0,0.075813,0,32000,2426,0.075813,131072,2004,0.015289,0,0,2
251,host-10,2,0,14,2,0,0,0.102594,0,32000,3283,0.102594,131072,3993,0.030464,0,0,2
251,host-11,2,0,14,2,0,0,0.107125,0,32000,3428,0.107125,131072,3622,0.027634,0,0,2
251,host-12,2,0,14,2,0,0,0.077813,0,32000,2490,0.077813,131072,2064,0.015747,0,0,2
251,host-13,1,1,14,1,1,0,0.052969,0,32000,1695,0.052969,131072,2132,0.016266,1,0,0
251,host-14,2,1,14,2,1,0,0.108188,0,32000,3462,0.108188,131072,2936,0.022400,1,0,1
251,host-15,2,0,14,2,0,0,0.090344,0,32000,2891,0.090344,131072,2706,0.020645,0,0,2
251,host-16,2,0,14,2,0,0,0.110250,0,32000,3528,0.110250,131072,4292,0.032745,0,0,2
251,host-17,2,0,14,2,0,0,0.074094,0,32000,2371,0.074094,131072,2212,0.016876,0,0,2
251,host-18,3,0,14,3,0,0,0.111500,0,32000,3568,0.111500,131072,2250,0.017166,0,0,3
251,host-19,2,0,14,2,0,0,0.084125,0,32000,2692,0.084125,131072,2351,0.017937,0,0,2
251,host-2,1,0,14,1,0,0,0.066375,0,32000,2124,0.066375,131072,2384,0.018188,0,0,1
251,host-20,2,0,14,2,0,0,0.114187,0,32000,3654,0.114187,131072,3473,0.026497,0,0,2
251,host-21,2,0,14,2,0,0,0.107688,0,32000,3446,0.107688,131072,3227,0.024620,0,0,2
251,host-22,2,0,14,2,0,0,0.072250,0,32000,2312,0.072250,131072,2440,0.018616,0,0,2
251,host-23,2,0,14,2,0,0,0.101844,0,32000,3259,0.101844,131072,4194,0.031998,0,0,2
251,host-24,3,0,14,3,0,0,0.144719,0,32000,4631,0.144719,131072,4241,0.032356,0,0,3
251,host-3,1,0,14,1,0,0,0.077219,0,32000,2471,0.077219,131072,2298,0.017532,0,0,1
251,host-4,1,0,14,1,0,0,0.062812,0,32000,2010,0.062812,131072,2414,0.018417,0,0,1
251,host-5,2,0,14,2,0,0,0.089688,0,32000,2870,0.089688,131072,2592,0.019775,0,0,2
251,host-6,2,0,14,2,0,0,0.093344,0,32000,2987,0.093344,131072,2181,0.016640,0,0,2
251,host-7,1,0,14,1,0,0,0.066531,0,32000,2129,0.066531,131072,2221,0.016945,0,0,1
251,host-8,1,0,14,1,0,0,0.065094,0,32000,2083,0.065094,131072,2754,0.021011,0,0,1
251,host-9,2,0,14,2,0,0,0.086969,0,32000,2783,0.086969,131072,3433,0.026192,0,0,2
252,host-1,2,0,14,2,0,0,0.075813,0,32000,2426,0.075813,131072,2004,0.015289,0,0,2
252,host-10,2,0,14,2,0,0,0.102594,0,32000,3283,0.102594,131072,3993,0.030464,0,0,2
252,host-11,2,0,14,2,0,0,0.107125,0,32000,3428,0.107125,131072,3622,0.027634,0,0,2
252,host-12,2,0,14,2,0,0,0.077813,0,32000,2490,0.077813,131072,2064,0.015747,0,0,2
252,host-13,2,1,14,2,1,0,0.082781,0,32000,2649,0.082781,131072,2773,0.021156,1,0,1
252,host-14,2,1,14,2,1,0,0.108188,0,32000,3462,0.108188,131072,2936,0.022400,1,0,1
252,host-15,2,0,14,2,0,0,0.090344,0,32000,2891,0.090344,131072,2706,0.020645,0,0,2
252,host-16,2,0,14,2,0,0,0.110250,0,32000,3528,0.110250,131072,4292,0.032745,0,0,2
252,host-17,2,0,14,2,0,0,0.074094,0,32000,2371,0.074094,131072,2212,0.016876,0,0,2
252,host-18,2,0,14,2,0,0,0.087125,0,32000,2788,0.087125,131072,1620,0.012360,0,0,2
252,host-19,2,0,14,2,0,0,0.084125,0,32000,2692,0.084125,131072,2351,0.017937,0,0,2
252,host-2,1,0,14,1,0,0,0.066375,0,32000,2124,0.066375,131072,2384,0.018188,0,0,1
252,host-20,2,1,14,2,1,0,0.133750,0,32000,4280,0.133750,131072,4601,0.035103,1,0,1
252,host-21,1,0,14,1,0,0,0.062812,0,32000,2010,0.062812,131072,2414,0.018417,0,0,1
252,host-22,2,0,14,2,0,0,0.072250,0,32000,2312,0.072250,131072,2440,0.018616,0,0,2
252,host-23,2,1,14,2,1,0,0.112406,0,32000,3597,0.112406,131072,3561,0.027168,1,0,1
252,host-24,2,0,14,2,0,0,0.086375,0,32000,2764,0.086375,131072,3053,0.023293,0,0,2
252,host-3,1,0,14,1,0,0,0.077219,0,32000,2471,0.077219,131072,2298,0.017532,0,0,1
252,host-4,1,0,14,1,0,0,0.062812,0,32000,2010,0.062812,131072,2414,0.018417,0,0,1
252,host-5,2,0,14,2,0,0,0.089688,0,32000,2870,0.089688,131072,2592,0.019775,0,0,2
252,host-6,2,0,14,2,0,0,0.093344,0,32000,2987,0.093344,131072,2181,0.016640,0,0,2
252,host-7,1,0,14,1,0,0,0.066531,0,32000,2129,0.066531,131072,2221,0.016945,0,0,1
252,host-8,2,2,14,2,2,0,0.103219,0,32000,3303,0.103219,131072,2001,0.015266,2,0,0
252,host-9,2,0,14,2,0,0,0.086969,0,32000,2783,0.086969,131072,3433,0.026192,0,0,2
253,host-1,2,0,14,2,0,0,0.075813,0,32000,2426,0.075813,131072,2004,0.015289,0,0,2
253,host-10,2,0,14,2,0,0,0.102594,0,32000,3283,0.102594,131072,3993,0.030464,0,0,2
253,host-11,2,0,14,2,0,0,0.107125,0,32000,3428,0.107125,131072,3622,0.027634,0,0,2
253,host-12,2,0,14,2,0,0,0.077813,0,32000,2490,0.077813,131072,2064,0.015747,0,0,2
253,host-13,2,1,14,2,1,0,0.082781,0,32000,2649,0.082781,131072,2773,0.021156,1,0,1
253,host-14,2,0,14,2,0,0,0.108188,0,32000,3462,0.108188,131072,2936,0.022400,0,0,2
253,host-15,2,0,14,2,0,0,0.090344,0,32000,2891,0.090344,131072,2706,0.020645,0,0,2
253,host-16,2,0,14,2,0,0,0.110250,0,32000,3528,0.110250,131072,4292,0.032745,0,0,2
253,host-17,1,0,14,1,0,0,0.038344,0,32000,1227,0.038344,131072,904,0.006897,0,0,1
253,host-18,2,0,14,2,0,0,0.087125,0,32000,2788,0.087125,131072,1620,0.012360,0,0,2
253,host-19,1,0,14,1,0,0,0.048375,0,32000,1548,0.048375,131072,1043,0.007957,0,0,1
253,host-2,1,0,14,1,0,0,0.066375,0,32000,2124,0.066375,131072,2384,0.018188,0,0,1
253,host-20,2,1,14,2,1,0,0.133750,0,32000,4280,0.133750,131072,4601,0.035103,1,0,1
253,host-21,2,1,14,2,1,0,0.136937,0,32000,4382,0.136937,131072,4791,0.036552,1,0,1
253,host-22,2,0,14,2,0,0,0.072250,0,32000,2312,0.072250,131072,2440,0.018616,0,0,2
253,host-23,2,1,14,2,1,0,0.112406,0,32000,3597,0.112406,131072,3561,0.027168,1,0,1
253,host-24,2,0,14,2,0,0,0.086375,0,32000,2764,0.086375,131072,3053,0.023293,0,0,2
253,host-3,1,0,14,1,0,0,0.077219,0,32000,2471,0.077219,131072,2298,0.017532,0,0,1
253,host-4,1,0,14,1,0,0,0.062812,0,32000,2010,0.062812,131072,2414,0.018417,0,0,1
253,host-5,2,0,14,2,0,0,0.089688,0,32000,2870,0.089688,131072,2592,0.019775,0,0,2
253,host-6,2,0,14,2,0,0,0.093344,0,32000,2987,0.093344,131072,2181,0.016640,0,0,2
253,host-7,1,0,14,1,0,0,0.066531,0,32000,2129,0.066531,131072,2221,0.016945,0,0,1
253,host-8,2,2,14,2,2,0,0.103219,0,32000,3303,0.103219,131072,2001,0.015266,2,0,0
253,host-9,2,0,14,2,0,0,0.086969,0,32000,2783,0.086969,131072,3433,0.026192,0,0,2
254,host-1,2,0,14,2,0,0,0.075813,0,32000,2426,0.075813,131072,2004,0.015289,0,0,2
254,host-10,2,0,14,2,0,0,0.102594,0,32000,3283,0.102594,131072,3993,0.030464,0,0,2
254,host-11,2,0,14,2,0,0,0.107125,0,32000,3428,0.107125,131072,3622,0.027634,0,0,2
254,host-12,2,0,14,2,0,0,0.077813,0,32000,2490,0.077813,131072,2064,0.015747,0,0,2
254,host-13,2,0,14,2,0,0,0.082781,0,32000,2649,0.082781,131072,2773,0.021156,0,0,2
254,host-14,1,0,14,1,0,0,0.050281,0,32000,1609,0.050281,131072,1529,0.011665,0,0,1
254,host-15,2,0,14,2,0,0,0.090344,0,32000,2891,0.090344,131072,2706,0.020645,0,0,2
254,host-16,2,0,14,2,0,0,0.110250,0,32000,3528,0.110250,131072,4292,0.032745,0,0,2
254,host-17,2,1,14,2,1,0,0.096687,0,32000,3094,0.096687,131072,2092,0.015961,1,0,1
254,host-18,1,0,14,1,0,0,0.043344,0,32000,1387,0.043344,131072,874,0.006668,0,0,1
254,host-19,2,1,14,2,1,0,0.119094,0,32000,3811,0.119094,131072,3623,0.027641,1,0,1
254,host-2,1,0,14,1,0,0,0.066375,0,32000,2124,0.066375,131072,2384,0.018188,0,0,1
254,host-20,2,0,14,2,0,0,0.133750,0,32000,4280,0.133750,131072,4601,0.035103,0,0,2
254,host-21,2,1,14,2,1,0,0.136937,0,32000,4382,0.136937,131072,4791,0.036552,0,1,1
254,host-22,2,0,14,2,0,0,0.072250,0,32000,2312,0.072250,131072,2440,0.018616,0,0,2
254,host-23,2,0,14,2,0,0,0.112406,0,32000,3597,0.112406,131072,3561,0.027168,0,0,2
254,host-24,1,0,14,1,0,0,0.052562,0,32000,1682,0.052562,131072,1753,0.013374,0,0,1
254,host-3,1,0,14,1,0,0,0.077219,0,32000,2471,0.077219,131072,2298,0.017532,0,0,1
254,host-4,1,0,14,1,0,0,0.062812,0,32000,2010,0.062812,131072,2414,0.018417,0,0,1
254,host-5,2,0,14,2,0,0,0.089688,0,32000,2870,0.089688,131072,2592,0.019775,0,0,2
254,host-6,2,0,14,2,0,0,0.093344,0,32000,2987,0.093344,131072,2181,0.016640,0,0,2
254,host-7,1,0,14,1,0,0,0.066531,0,32000,2129,0.066531,131072,2221,0.016945,0,0,1
254,host-8,2,0,14,2,0,0,0.103219,0,32000,3303,0.103219,131072,2001,0.015266,0,0,2
254,host-9,1,0,14,1,0,0,0.037687,0,32000,1206,0.037687,131072,1506,0.011490,0,0,1
255,host-1,2,0,14,2,0,0,0.075813,0,32000,2426,0.075813,131072,2004,0.015289,0,0,2
255,host-10,1,0,14,1,0,0,0.075969,0,32000,2431,0.075969,131072,2920,0.022278,0,0,1
255,host-11,2,0,14,2,0,0,0.107125,0,32000,3428,0.107125,131072,3622,0.027634,0,0,2
255,host-12,2,0,14,2,0,0,0.077813,0,32000,2490,0.077813,131072,2064,0.015747,0,0,2
255,host-13,2,0,14,2,0,0,0.082781,0,32000,2649,0.082781,131072,2773,0.021156,0,0,2
255,host-14,1,0,14,1,0,0,0.050281,0,32000,1609,0.050281,131072,1529,0.011665,0,0,1
255,host-15,2,1,14,2,1,0,0.074250,0,32000,2376,0.074250,131072,2318,0.017685,1,0,1
255,host-16,2,0,14,2,0,0,0.110250,0,32000,3528,0.110250,131072,4292,0.032745,0,0,2
255,host-17,2,1,14,2,1,0,0.096687,0,32000,3094,0.096687,131072,2092,0.015961,0,1,1
255,host-18,2,1,14,2,1,0,0.085031,0,32000,2721,0.085031,131072,2379,0.018150,1,0,1
255,host-19,2,0,14,2,0,0,0.119094,0,32000,3811,0.119094,131072,3623,0.027641,0,0,2
255,host-2,1,0,14,1,0,0,0.066375,0,32000,2124,0.066375,131072,2384,0.018188,0,0,1
255,host-20,2,0,14,2,0,0,0.133750,0,32000,4280,0.133750,131072,4601,0.035103,0,0,2
255,host-21,2,0,14,2,0,0,0.136937,0,32000,4382,0.136937,131072,4791,0.036552,0,0,2
255,host-22,2,0,14,2,0,0,0.072250,0,32000,2312,0.072250,131072,2440,0.018616,0,0,2
255,host-23,2,0,14,2,0,0,0.112406,0,32000,3597,0.112406,131072,3561,0.027168,0,0,2
255,host-24,1,0,14,1,0,0,0.052562,0,32000,1682,0.052562,131072,1753,0.013374,0,0,1
255,host-3,1,1,14,1,1,0,0.077219,0,32000,2471,0.077219,131072,2298,0.017532,1,0,0
255,host-4,1,0,14,1,0,0,0.062812,0,32000,2010,0.062812,131072,2414,0.018417,0,0,1
255,host-5,2,0,14,2,0,0,0.089688,0,32000,2870,0.089688,131072,2592,0.019775,0,0,2
255,host-6,2,0,14,2,0,0,0.093344,0,32000,2987,0.093344,131072,2181,0.016640,0,0,2
255,host-7,1,0,14,1,0,0,0.066531,0,32000,2129,0.066531,131072,2221,0.016945,0,0,1
255,host-8,2,0,14,2,0,0,0.103219,0,32000,3303,0.103219,131072,2001,0.015266,0,0,2
255,host-9,2,1,14,2,1,0,0.081469,0,32000,2607,0.081469,131072,2252,0.017181,1,0,1
256,host-1,1,0,14,1,0,0,0.048031,0,32000,1537,0.048031,131072,1482,0.011307,0,0,1
256,host-10,1,0,14,1,0,0,0.075969,0,32000,2431,0.075969,131072,2920,0.022278,0,0,1
256,host-11,2,0,14,2,0,0,0.107125,0,32000,3428,0.107125,131072,3622,0.027634,0,0,2
256,host-12,1,0,14,1,0,0,0.026875,0,32000,860,0.026875,131072,531,0.004051,0,0,1
256,host-13,2,0,14,2,0,0,0.082781,0,32000,2649,0.082781,131072,2773,0.021156,0,0,2
256,host-14,1,0,14,1,0,0,0.050281,0,32000,1609,0.050281,131072,1529,0.011665,0,0,1
256,host-15,2,0,14,2,0,0,0.074250,0,32000,2376,0.074250,131072,2318,0.017685,0,0,2
256,host-16,2,0,14,2,0,0,0.110250,0,32000,3528,0.110250,131072,4292,0.032745,0,0,2
256,host-17,2,0,14,2,0,0,0.096687,0,32000,3094,0.096687,131072,2092,0.015961,0,0,2
256,host-18,2,1,14,2,1,0,0.085031,0,32000,2721,0.085031,131072,2379,0.018150,1,0,1
256,host-19,2,0,14,2,0,0,0.119094,0,32000,3811,0.119094,131072,3623,0.027641,0,0,2
256,host-2,1,0,14,1,0,0,0.066375,0,32000,2124,0.066375,131072,2384,0.018188,0,0,1
256,host-20,2,0,14,2,0,0,0.133750,0,32000,4280,0.133750,131072,4601,0.035103,0,0,2
256,host-21,2,0,14,2,0,0,0.136937,0,32000,4382,0.136937,131072,4791,0.036552,0,0,2
256,host-22,1,0,14,1,0,0,0.044469,0,32000,1423,0.044469,131072,1918,0.014633,0,0,1
256,host-23,2,0,14,2,0,0,0.112406,0,32000,3597,0.112406,131072,3561,0.027168,0,0,2
256,host-24,0,0,14,0,0,0,0.000000,0,32000,0,0.000000,131072,0,0.000000,0,0,0
256,host-3,1,0,14,1,0,0,0.077219,0,32000,2471,0.077219,131072,2298,0.017532,0,0,1
256,host-4,1,0,14,1,0,0,0.062812,0,32000,2010,0.062812,131072,2414,0.018417,0,0,1
256,host-5,2,0,14,2,0,0,0.089688,0,32000,2870,0.089688,131072,2592,0.019775,0,0,2
256,host-6,1,0,14,1,0,0,0.042531,0,32000,1361,0.042531,131072,598,0.004562,0,0,1
256,host-7,1,0,14,1,0,0,0.066531,0,32000,2129,0.066531,131072,2221,0.016945,0,0,1
256,host-8,2,0,14,2,0,0,0.103219,0,32000,3303,0.103219,131072,2001,0.015266,0,0,2
256,host-9,2,1,14,2,1,0,0.081469,0,32000,2607,0.081469,131072,2252,0.017181,0,1,1
257,host-1,1,0,14,1,0,0,0.048031,0,32000,1537,0.048031,131072,1482,0.011307,0,0,1
257,host-10,1,0,14,1,0,0,0.075969,0,32000,2431,0.075969,131072,2920,0.022278,0,0,1
257,host-11,2,0,14,2,0,0,0.107125,0,32000,3428,0.107125,131072,3622,0.027634,0,0,2
257,host-12,1,0,14,1,0,0,0.026875,0,32000,860,0.026875,131072,531,0.004051,0,0,1
257,host-13,2,0,14,2,0,0,0.082781,0,32000,2649,0.082781,131072,2773,0.021156,0,0,2
257,host-14,1,0,14,1,0,0,0.050281,0,32000,1609,0.050281,131072,1529,0.011665,0,0,1
257,host-15,2,0,14,2,0,0,0.074250,0,32000,2376,0.074250,131072,2318,0.017685,0,0,2
257,host-16,2,0,14,2,0,0,0.110250,0,32000,3528,0.110250,131072,4292,0.032745,0,0,2
257,host-17,1,0,14,1,0,0,0.058344,0,32000,1867,0.058344,131072,1188,0.009064,0,0,1
257,host-18,2,0,14,2,0,0,0.085031,0,32000,2721,0.085031,131072,2379,0.018150,0,0,2
257,host-19,2,0,14,2,0,0,0.119094,0,32000,3811,0.119094,131072,3623,0.027641,0,0,2
257,host-2,1,0,14,1,0,0,0.066375,0,32000,2124,0.066375,131072,2384,0.018188,0,0,1
257,host-20,2,0,14,2,0,0,0.133750,0,32000,4280,0.133750,131072,4601,0.035103,0,0,2
257,host-21,2,0,14,2,0,0,0.136937,0,32000,4382,0.136937,131072,4791,0.036552,0,0,2
257,host-22,1,0,14,1,0,0,0.044469,0,32000,1423,0.044469,131072,1918,0.014633,0,0,1
257,host-23,2,0,14,2,0,0,0.112406,0,32000,3597,0.112406,131072,3561,0.027168,0,0,2
257,host-24,1,1,14,1,1,0,0.052562,0,32000,1682,0.052562,131072,1753,0.013374,1,0,0
257,host-3,1,0,14,1,0,0,0.077219,0,32000,2471,0.077219,131072,2298,0.017532,0,0,1
257,host-4,1,0,14,1,0,0,0.062812,0,32000,2010,0.062812,131072,2414,0.018417,0,0,1
257,host-5,2,0,14,2,0,0,0.089688,0,32000,2870,0.089688,131072,2592,0.019775,0,0,2
257,host-6,1,0,14,1,0,0,0.042531,0,32000,1361,0.042531,131072,598,0.004562,0,0,1
257,host-7,1,0,14,1,0,0,0.066531,0,32000,2129,0.066531,131072,2221,0.016945,0,0,1
257,host-8,2,0,14,2,0,0,0.103219,0,32000,3303,0.103219,131072,2001,0.015266,0,0,2
257,host-9,2,0,14,2,0,0,0.081469,0,32000,2607,0.081469,131072,2252,0.017181,0,0,2
258,host-1,1,0,14,1,0,0,0.048031,0,32000,1537,0.048031,131072,1482,0.011307,0,0,1
258,host-10,1,0,14,1,0,0,0.075969,0,32000,2431,0.075969,131072,2920,0.022278,0,0,1
258,host-11,2,0,14,2,0,0,0.107125,0,32000,3428,0.107125,131072,3622,0.027634,0,0,2
258,host-12,2,1,14,2,1,0,0.077688,0,32000,2486,0.077688,131072,2114,0.016129,1,0,1
258,host-13,2,0,14,2,0,0,0.082781,0,32000,2649,0.082781,131072,2773,0.021156,0,0,2
258,host-14,1,0,14,1,0,0,0.050281,0,32000,1609,0.050281,131072,1529,0.011665,0,0,1
258,host-15,2,0,14,2,0,0,0.074250,0,32000,2376,0.074250,131072,2318,0.017685,0,0,2
258,host-16,2,0,14,2,0,0,0.110250,0,32000,3528,0.110250,131072,4292,0.032745,0,0,2
258,host-17,1,0,14,1,0,0,0.058344,0,32000,1867,0.058344,131072,1188,0.009064,0,0,1
258,host-18,2,0,14,2,0,0,0.085031,0,32000,2721,0.085031,131072,2379,0.018150,0,0,2
258,host-19,2,0,14,2,0,0,0.119094,0,32000,3811,0.119094,131072,3623,0.027641,0,0,2
258,host-2,1,0,14,1,0,0,0.066375,0,32000,2124,0.066375,131072,2384,0.018188,0,0,1
258,host-20,2,0,14,2,0,0,0.133750,0,32000,4280,0.133750,131072,4601,0.035103,0,0,2
258,host-21,2,0,14,2,0,0,0.136937,0,32000,4382,0.136937,131072,4791,0.036552,0,0,2
258,host-22,1,0,14,1,0,0,0.044469,0,32000,1423,0.044469,131072,1918,0.014633,0,0,1
258,host-23,2,0,14,2,0,0,0.112406,0,32000,3597,0.112406,131072,3561,0.027168,0,0,2
258,host-24,1,0,14,1,0,0,0.052562,0,32000,1682,0.052562,131072,1753,0.013374,0,0,1
258,host-3,1,0,14,1,0,0,0.077219,0,32000,2471,0.077219,131072,2298,0.017532,0,0,1
258,host-4,1,0,14,1,0,0,0.062812,0,32000,2010,0.062812,131072,2414,0.018417,0,0,1
258,host-5,2,0,14,2,0,0,0.089688,0,32000,2870,0.089688,131072,2592,0.019775,0,0,2
258,host-6,2,1,14,2,1,0,0.080875,0,32000,2588,0.080875,131072,1502,0.011459,1,0,1
258,host-7,1,0,14,1,0,0,0.066531,0,32000,2129,0.066531,131072,2221,0.016945,0,0,1
258,host-8,2,0,14,2,0,0,0.103219,0,32000,3303,0.103219,131072,2001,0.015266,0,0,2
258,host-9,2,0,14,2,0,0,0.081469,0,32000,2607,0.081469,131072,2252,0.017181,0,0,2
259,host-1,1,0,14,1,0,0,0.048031,0,32000,1537,0.048031,131072,1482,0.011307,0,0,1
259,host-10,1,0,14,1,0,0,0.075969,0,32000,2431,0.075969,131072,2920,0.022278,0,0,1
259,host-11,2,0,14,2,0,0,0.107125,0,32000,3428,0.107125,131072,3622,0.027634,0,0,2
259,host-12,2,1,14,2,1,0,0.077688,0,32000,2486,0.077688,131072,2114,0.016129,0,1,1
259,host-13,2,0,14,2,0,0,0.082781,0,32000,2649,0.082781,131072,2773,0.021156,0,0,2
259,host-14,1,0,14,1,0,0,0.050281,0,32000,1609,0.050281,131072,1529,0.011665,0,0,1
259,host-15,2,0,14,2,0,0,0.074250,0,32000,2376,0.074250,131072,2318,0.017685,0,0,2
259,host-16,2,0,14,2,0,0,0.110250,0,32000,3528,0.110250,131072,4292,0.032745,0,0,2
259,host-17,1,0,14,1,0,0,0.058344,0,32000,1867,0.058344,131072,1188,0.009064,0,0,1
259,host-18,2,0,14,2,0,0,0.085031,0,32000,2721,0.085031,131072,2379,0.018150,0,0,2
259,host-19,2,0,14,2,0,0,0.119094,0,32000,3811,0.119094,131072,3623,0.027641,0,0,2
259,host-2,1,0,14,1,0,0,0.066375,0,32000,2124,0.066375,131072,2384,0.018188,0,0,1
259,host-20,2,0,14,2,0,0,0.133750,0,32000,4280,0.133750,131072,4601,0.035103,0,0,2
259,host-21,2,0,14,2,0,0,0.136937,0,32000,4382,0.136937,131072,4791,0.036552,0,0,2
259,host-22,1,0,14,1,0,0,0.044469,0,32000,1423,0.044469,131072,1918,0.014633,0,0,1
259,host-23,2,0,14,2,0,0,0.112406,0,32000,3597,0.112406,131072,3561,0.027168,0,0,2
259,host-24,1,0,14,1,0,0,0.052562,0,32000,1682,0.052562,131072,1753,0.013374,0,0,1
259,host-3,1,0,14,1,0,0,0.077219,0,32000,2471,0.077219,131072,2298,0.017532,0,0,1
259,host-4,1,0,14,1,0,0,0.062812,0,32000,2010,0.062812,131072,2414,0.018417,0,0,1
259,host-5,2,0,14,2,0,0,0.089688,0,32000,2870,0.089688,131072,2592,0.019775,0,0,2
259,host-6,2,1,14,2,1,0,0.080875,0,32000,2588,0.080875,131072,1502,0.011459,1,0,1
259,host-7,1,0,14,1,0,0,0.066531,0,32000,2129,0.066531,131072,2221,0.016945,0,0,1
259,host-8,2,0,14,2,0,0,0.103219,0,32000,3303,0.103219,131072,2001,0.015266,0,0,2
259,host-9,2,0,14,2,0,0,0.081469,0,32000,2607,0.081469,131072,2252,0.017181,0,0,2
260,host-1,1,0,14,1,0,0,0.048031,0,32000,1537,0.048031,131072,1482,0.011307,0,0,1
260,host-10,1,0,14,1,0,0,0.075969,0,32000,2431,0.075969,131072,2920,0.022278,0,0,1
260,host-11,2,0,14,2,0,0,0.107125,0,32000,3428,0.107125,131072,3622,0.027634,0,0,2
260,host-12,2,0,14,2,0,0,0.077688,0,32000,2486,0.077688,131072,2114,0.016129,0,0,2
260,host-13,2,0,14,2,0,0,0.082781,0,32000,2649,0.082781,131072,2773,0.021156,0,0,2
260,host-14,1,0,14,1,0,0,0.050281,0,32000,1609,0.050281,131072,1529,0.011665,0,0,1
260,host-15,2,0,14,2,0,0,0.074250,0,32000,2376,0.074250,131072,2318,0.017685,0,0,2
260,host-16,2,0,14,2,0,0,0.110250,0,32000,3528,0.110250,131072,4292,0.032745,0,0,2
260,host-17,1,0,14,1,0,0,0.058344,0,32000,1867,0.058344,131072,1188,0.009064,0,0,1
260,host-18,2,0,14,2,0,0,0.085031,0,32000,2721,0.085031,131072,2379,0.018150,0,0,2
260,host-19,2,0,14,2,0,0,0.119094,0,32000,3811,0.119094,131072,3623,0.027641,0,0,2
260,host-2,1,0,14,1,0,0,0.066375,0,32000,2124,0.066375,131072,2384,0.018188,0,0,1
260,host-20,2,0,14,2,0,0,0.133750,0,32000,4280,0.133750,131072,4601,0.035103,0,0,2
260,host-21,2,0,14,2,0,0,0.136937,0,32000,4382,0.136937,131072,4791,0.036552,0,0,2
260,host-22,2,1,14,2,1,0,0.082812,0,32000,2650,0.082812,131072,2822,0.021530,1,0,1
260,host-23,2,0,14,2,0,0,0.112406,0,32000,3597,0.112406,131072,3561,0.027168,0,0,2
260,host-24,1,0,14,1,0,0,0.052562,0,32000,1682,0.052562,131072,1753,0.013374,0,0,1
260,host-3,1,0,14,1,0,0,0.077219,0,32000,2471,0.077219,131072,2298,0.017532,0,0,1
260,host-4,1,0,14,1,0,0,0.062812,0,32000,2010,0.062812,131072,2414,0.018417,0,0,1
260,host-5,2,0,14,2,0,0,0.089688,0,32000,2870,0.089688,131072,2592,0.019775,0,0,2
260,host-6,2,0,14,2,0,0,0.080875,0,32000,2588,0.080875,131072,1502,0.011459,0,0,2
260,host-7,1,0,14,1,0,0,0.066531,0,32000,2129,0.066531,131072,2221,0.016945,0,0,1
260,host-8,2,0,14,2,0,0,0.103219,0,32000,3303,0.103219,131072,2001,0.015266,0,0,2
260,host-9,2,0,14,2,0,0,0.081469,0,32000,2607,0.081469,131072,2252,0.017181,0,0,2
261,host-1,2,1,14,2,1,0,0.092031,0,32000,2945,0.092031,131072,3364,0.025665,1,0,1
261,host-10,1,0,14,1,0,0,0.075969,0,32000,2431,0.075969,131072,2920,0.022278,0,0,1
261,host-11,2,0,14,2,0,0,0.107125,0,32000,3428,0.107125,131072,3622,0.027634,0,0,2
261,host-12,2,0,14,2,0,0,0.077688,0,32000,2486,0.077688,131072,2114,0.016129,0,0,2
261,host-13,2,0,14,2,0,0,0.082781,0,32000,2649,0.082781,131072,2773,0.021156,0,0,2
261,host-14,2,1,14,2,1,0,0.099562,0,32000,3186,0.099562,131072,3456,0.026367,1,0,1
261,host-15,2,0,14,2,0,0,0.074250,0,32000,2376,0.074250,131072,2318,0.017685,0,0,2
261,host-16,2,0,14,2,0,0,0.110250,0,32000,3528,0.110250,131072,4292,0.032745,0,0,2
261,host-17,1,0,14,1,0,0,0.058344,0,32000,1867,0.058344,131072,1188,0.009064,0,0,1
261,host-18,2,0,14,2,0,0,0.085031,0,32000,2721,0.085031,131072,2379,0.018150,0,0,2
261,host-19,2,0,14,2,0,0,0.119094,0,32000,3811,0.119094,131072,3623,0.027641,0,0,2
261,host-2,1,1,14,1,1,0,0.066375,0,32000,2124,0.066375,131072,2384,0.018188,0,1,0
261,host-20,2,0,14,2,0,0,0.133750,0,32000,4280,0.133750,131072,4601,0.035103,0,0,2
261,host-21,2,0,14,2,0,0,0.136937,0,32000,4382,0.136937,131072,4791,0.036552,0,0,2
261,host-22,2,0,14,2,0,0,0.082812,0,32000,2650,0.082812,131072,2822,0.021530,0,0,2
261,host-23,2,0,14,2,0,0,0.112406,0,32000,3597,0.112406,131072,3561,0.027168,0,0,2
261,host-24,2,1,14,2,1,0,0.110469,0,32000,3535,0.110469,131072,3160,0.024109,1,0,1
261,host-3,1,0,14,1,0,0,0.077219,0,32000,2471,0.077219,131072,2298,0.017532,0,0,1
261,host-4,1,0,14,1,0,0,0.062812,0,32000,2010,0.062812,131072,2414,0.018417,0,0,1
261,host-5,2,0,14,2,0,0,0.089688,0,32000,2870,0.089688,131072,2592,0.019775,0,0,2
261,host-6,2,0,14,2,0,0,0.080875,0,32000,2588,0.080875,131072,1502,0.011459,0,0,2
261,host-7,1,0,14,1,0,0,0.066531,0,32000,2129,0.066531,131072,2221,0.016945,0,0,1
261,host-8,2,0,14,2,0,0,0.103219,0,32000,3303,0.103219,131072,2001,0.015266,0,0,2
261,host-9,2,0,14,2,0,0,0.081469,0,32000,2607,0.081469,131072,2252,0.017181,0,0,2
262,host-1,2,1,14,2,1,0,0.092031,0,32000,2945,0.092031,131072,3364,0.025665,0,1,1
262,host-10,1,0,14,1,0,0,0.075969,0,32000,2431,0.075969,131072,2920,0.022278,0,0,1
262,host-11,2,0,14,2,0,0,0.107125,0,32000,3428,0.107125,131072,3622,0.027634,0,0,2
262,host-12,2,0,14,2,0,0,0.077688,0,32000,2486,0.077688,131072,2114,0.016129,0,0,2
262,host-13,2,0,14,2,0,0,0.082781,0,32000,2649,0.082781,131072,2773,0.021156,0,0,2
262,host-14,2,1,14,2,1,0,0.099562,0,32000,3186,0.099562,131072,3456,0.026367,1,0,1
262,host-15,2,0,14,2,0,0,0.074250,0,32000,2376,0.074250,131072,2318,0.017685,0,0,2
262,host-16,2,1,14,2,1,0,0.110250,0,32000,3528,0.110250,131072,4292,0.032745,0,1,1
262,host-17,2,1,14,2,1,0,0.129438,0,32000,4142,0.129438,131072,3502,0.026718,1,0,1
262,host-18,2,0,14,2,0,0,0.085031,0,32000,2721,0.085031,131072,2379,0.018150,0,0,2
262,host-19,2,0,14,2,0,0,0.119094,0,32000,3811,0.119094,131072,3623,0.027641,0,0,2
262,host-2,1,0,14,1,0,0,0.066375,0,32000,2124,0.066375,131072,2384,0.018188,0,0,1
262,host-20,2,0,14,2,0,0,0.133750,0,32000,4280,0.133750,131072,4601,0.035103,0,0,2
262,host-21,2,0,14,2,0,0,0.136937,0,32000,4382,0.136937,131072,4791,0.036552,0,0,2
262,host-22,2,0,14,2,0,0,0.082812,0,32000,2650,0.082812,131072,2822,0.021530,0,0,2
262,host-23,2,0,14,2,0,0,0.112406,0,32000,3597,0.112406,131072,3561,0.027168,0,0,2
262,host-24,2,0,14,2,0,0,0.110469,0,32000,3535,0.110469,131072,3160,0.024109,0,0,2
262,host-3,1,0,14,1,0,0,0.077219,0,32000,2471,0.077219,131072,2298,0.017532,0,0,1
262,host-4,2,1,14,2,1,0,0.121250,0,32000,3880,0.121250,131072,4129,0.031502,1,0,1
262,host-5,2,0,14,2,0,0,0.089688,0,32000,2870,0.089688,131072,2592,0.019775,0,0,2
262,host-6,2,0,14,2,0,0,0.080875,0,32000,2588,0.080875,131072,1502,0.011459,0,0,2
262,host-7,1,0,14,1,0,0,0.066531,0,32000,2129,0.066531,131072,2221,0.016945,0,0,1
262,host-8,2,0,14,2,0,0,0.103219,0,32000,3303,0.103219,131072,2001,0.015266,0,0,2
262,host-9,2,0,14,2,0,0,0.081469,0,32000,2607,0.081469,131072,2252,0.017181,0,0,2
263,host-1,2,0,14,2,0,0,0.092031,0,32000,2945,0.092031,131072,3364,0.025665,0,0,2
263,host-10,1,0,14,1,0,0,0.075969,0,32000,2431,0.075969,131072,2920,0.022278,0,0,1
263,host-11,0,0,14,0,0,0,0.000000,0,32000,0,0.000000,131072,0,0.000000,0,0,0
263,host-12,2,0,14,2,0,0,0.077688,0,32000,2486,0.077688,131072,2114,0.016129,0,0,2
263,host-13,2,0,14,2,0,0,0.082781,0,32000,2649,0.082781,131072,2773,0.021156,0,0,2
263,host-14,2,0,14,2,0,0,0.099562,0,32000,3186,0.099562,131072,3456,0.026367,0,0,2
263,host-15,3,1,14,3,1,0,0.104656,0,32000,3349,0.104656,131072,3876,0.029572,1,0,2
263,host-16,2,0,14,2,0,0,0.110250,0,32000,3528,0.110250,131072,4292,0.032745,0,0,2
263,host-17,2,0,14,2,0,0,0.129438,0,32000,4142,0.129438,131072,3502,0.026718,0,0,2
263,host-18,1,0,14,1,0,0,0.041688,0,32000,1334,0.041688,131072,1505,0.011482,0,0,1
263,host-19,2,0,14,2,0,0,0.119094,0,32000,3811,0.119094,131072,3623,0.027641,0,0,2
263,host-2,2,1,14,2,1,0,0.109500,0,32000,3504,0.109500,131072,3633,0.027718,1,0,1
263,host-20,1,0,14,1,0,0,0.074125,0,32000,2372,0.074125,131072,2377,0.018135,0,0,1
263,host-21,2,0,14,2,0,0,0.136937,0,32000,4382,0.136937,131072,4791,0.036552,0,0,2
263,host-22,2,0,14,2,0,0,0.082812,0,32000,2650,0.082812,131072,2822,0.021530,0,0,2
263,host-23,2,0,14,2,0,0,0.112406,0,32000,3597,0.112406,131072,3561,0.027168,0,0,2
263,host-24,2,0,14,2,0,0,0.110469,0,32000,3535,0.110469,131072,3160,0.024109,0,0,2
263,host-3,1,0,14,1,0,0,0.077219,0,32000,2471,0.077219,131072,2298,0.017532,0,0,1
263,host-4,2,0,14,2,0,0,0.121250,0,32000,3880,0.121250,131072,4129,0.031502,0,0,2
263,host-5,2,0,14,2,0,0,0.089688,0,32000,2870,0.089688,131072,2592,0.019775,0,0,2
263,host-6,2,0,14,2,0,0,0.080875,0,32000,2588,0.080875,131072,1502,0.011459,0,0,2
263,host-7,2,1,14,2,1,0,0.115000,0,32000,3680,0.115000,131072,4452,0.033966,1,0,1
263,host-8,2,0,14,2,0,0,0.103219,0,32000,3303,0.103219,131072,2001,0.015266,0,0,2
263,host-9,1,0,14,1,0,0,0.043781,0,32000,1401,0.043781,131072,746,0.005692,0,0,1
264,host-1,2,0,14,2,0,0,0.092031,0,32000,2945,0.092031,131072,3364,0.025665,0,0,2
264,host-10,1,0,14,1,0,0,0.075969,0,32000,2431,0.075969,131072,2920,0.022278,0,0,1
264,host-11,3,3,14,3,3,0,0.105844,0,32000,3387,0.105844,131072,2836,0.021637,3,0,0
264,host-12,2,0,14,2,0,0,0.077688,0,32000,2486,0.077688,131072,2114,0.016129,0,0,2
264,host-13,2,0,14,2,0,0,0.082781,0,32000,2649,0.082781,131072,2773,0.021156,0,0,2
264,host-14,2,0,14,2,0,0,0.099562,0,32000,3186,0.099562,131072,3456,0.026367,0,0,2
264,host-15,3,1,14,3,1,0,0.104656,0,32000,3349,0.104656,131072,3876,0.029572,1,0,2
264,host-16,2,0,14,2,0,0,0.110250,0,32000,3528,0.110250,131072,4292,0.032745,0,0,2
264,host-17,2,0,14,2,0,0,0.129438,0,32000,4142,0.129438,131072,3502,0.026718,0,0,2
264,host-18,2,1,14,2,1,0,0.092625,0,32000,2964,0.092625,131072,3038,0.023178,1,0,1
264,host-19,2,0,14,2,0,0,0.119094,0,32000,3811,0.119094,131072,3623,0.027641,0,0,2
264,host-2,2,0,14,2,0,0,0.109500,0,32000,3504,0.109500,131072,3633,0.027718,0,0,2
264,host-20,1,0,14,1,0,0,0.074125,0,32000,2372,0.074125,131072,2377,0.018135,0,0,1
264,host-21,2,0,14,2,0,0,0.136937,0,32000,4382,0.136937,131072,4791,0.036552,0,0,2
264,host-22,2,0,14,2,0,0,0.082812,0,32000,2650,0.082812,131072,2822,0.021530,0,0,2
264,host-23,2,0,14,2,0,0,0.112406,0,32000,3597,0.112406,131072,3561,0.027168,0,0,2
264,host-24,2,0,14,2,0,0,0.110469,0,32000,3535,0.110469,131072,3160,0.024109,0,0,2
264,host-3,1,0,14,1,0,0,0.077219,0,32000,2471,0.077219,131072,2298,0.017532,0,0,1
264,host-4,2,0,14,2,0,0,0.121250,0,32000,3880,0.121250,131072,4129,0.031502,0,0,2
264,host-5,2,0,14,2,0,0,0.089688,0,32000,2870,0.089688,131072,2592,0.019775,0,0,2
264,host-6,2,0,14,2,0,0,0.080875,0,32000,2588,0.080875,131072,1502,0.011459,0,0,2
264,host-7,2,2,14,2,2,0,0.080312,0,32000,2570,0.080312,131072,2794,0.021317,1,1,0
264,host-8,2,0,14,2,0,0,0.103219,0,32000,3303,0.103219,131072,2001,0.015266,0,0,2
264,host-9,2,1,14,2,1,0,0.069750,0,32000,2232,0.069750,131072,1795,0.013695,1,0,1
265,host-1,2,0,14,2,0,0,0.092031,0,32000,2945,0.092031,131072,3364,0.025665,0,0,2
265,host-10,1,0,14,1,0,0,0.075969,0,32000,2431,0.075969,131072,2920,0.022278,0,0,1
265,host-11,3,3,14,3,3,0,0.105844,0,32000,3387,0.105844,131072,2836,0.021637,2,1,0
265,host-12,2,0,14,2,0,0,0.077688,0,32000,2486,0.077688,131072,2114,0.016129,0,0,2
265,host-13,2,0,14,2,0,0,0.082781,0,32000,2649,0.082781,131072,2773,0.021156,0,0,2
265,host-14,2,0,14,2,0,0,0.099562,0,32000,3186,0.099562,131072,3456,0.026367,0,0,2
265,host-15,3,0,14,3,0,0,0.104656,0,32000,3349,0.104656,131072,3876,0.029572,0,0,3
265,host-16,1,0,14,1,0,0,0.064062,0,32000,2050,0.064062,131072,2686,0.020493,0,0,1
265,host-17,2,0,14,2,0,0,0.129438,0,32000,4142,0.129438,131072,3502,0.026718,0,0,2
265,host-18,2,1,14,2,1,0,0.092625,0,32000,2964,0.092625,131072,3038,0.023178,1,0,1
265,host-19,2,0,14,2,0,0,0.119094,0,32000,3811,0.119094,131072,3623,0.027641,0,0,2
265,host-2,2,0,14,2,0,0,0.109500,0,32000,3504,0.109500,131072,3633,0.027718,0,0,2
265,host-20,2,1,14,2,1,0,0.116844,0,32000,3739,0.116844,131072,3619,0.027611,1,0,1
265,host-21,2,0,14,2,0,0,0.136937,0,32000,4382,0.136937,131072,4791,0.036552,0,0,2
265,host-22,2,0,14,2,0,0,0.082812,0,32000,2650,0.082812,131072,2822,0.021530,0,0,2
265,host-23,2,0,14,2,0,0,0.112406,0,32000,3597,0.112406,131072,3561,0.027168,0,0,2
265,host-24,2,0,14,2,0,0,0.110469,0,32000,3535,0.110469,131072,3160,0.024109,0,0,2
265,host-3,1,0,14,1,0,0,0.077219,0,32000,2471,0.077219,131072,2298,0.017532,0,0,1
265,host-4,2,0,14,2,0,0,0.121250,0,32000,3880,0.121250,131072,4129,0.031502,0,0,2
265,host-5,2,0,14,2,0,0,0.089688,0,32000,2870,0.089688,131072,2592,0.019775,0,0,2
265,host-6,2,0,14,2,0,0,0.080875,0,32000,2588,0.080875,131072,1502,0.011459,0,0,2
265,host-7,2,0,14,2,0,0,0.080312,0,32000,2570,0.080312,131072,2794,0.021317,0,0,2
265,host-8,2,0,14,2,0,0,0.103219,0,32000,3303,0.103219,131072,2001,0.015266,0,0,2
265,host-9,3,1,14,3,1,0,0.095719,0,32000,3063,0.095719,131072,2844,0.021698,1,0,2
266,host-1,2,0,14,2,0,0,0.092031,0,32000,2945,0.092031,131072,3364,0.025665,0,0,2
266,host-10,2,1,14,2,1,0,0.104219,0,32000,3335,0.104219,131072,4285,0.032692,0,1,1
266,host-11,3,0,14,3,0,0,0.105844,0,32000,3387,0.105844,131072,2836,0.021637,0,0,3
266,host-12,2,0,14,2,0,0,0.077688,0,32000,2486,0.077688,131072,2114,0.016129,0,0,2
266,host-13,2,0,14,2,0,0,0.082781,0,32000,2649,0.082781,131072,2773,0.021156,0,0,2
266,host-14,2,0,14,2,0,0,0.099562,0,32000,3186,0.099562,131072,3456,0.026367,0,0,2
266,host-15,3,0,14,3,0,0,0.104656,0,32000,3349,0.104656,131072,3876,0.029572,0,0,3
266,host-16,2,1,14,2,1,0,0.091844,0,32000,2939,0.091844,131072,3208,0.024475,1,0,1
266,host-17,2,0,14,2,0,0,0.129438,0,32000,4142,0.129438,131072,3502,0.026718,0,0,2
266,host-18,2,0,14,2,0,0,0.092625,0,32000,2964,0.092625,131072,3038,0.023178,0,0,2
266,host-19,2,0,14,2,0,0,0.119094,0,32000,3811,0.119094,131072,3623,0.027641,0,0,2
266,host-2,2,0,14,2,0,0,0.109500,0,32000,3504,0.109500,131072,3633,0.027718,0,0,2
266,host-20,2,1,14,2,1,0,0.116844,0,32000,3739,0.116844,131072,3619,0.027611,1,0,1
266,host-21,2,0,14,2,0,0,0.136937,0,32000,4382,0.136937,131072,4791,0.036552,0,0,2
266,host-22,2,0,14,2,0,0,0.082812,0,32000,2650,0.082812,131072,2822,0.021530,0,0,2
266,host-23,2,0,14,2,0,0,0.112406,0,32000,3597,0.112406,131072,3561,0.027168,0,0,2
266,host-24,2,0,14,2,0,0,0.110469,0,32000,3535,0.110469,131072,3160,0.024109,0,0,2
266,host-3,1,0,14,1,0,0,0.077219,0,32000,2471,0.077219,131072,2298,0.017532,0,0,1
266,host-4,2,0,14,2,0,0,0.121250,0,32000,3880,0.121250,131072,4129,0.031502,0,0,2
266,host-5,2,0,14,2,0,0,0.089688,0,32000,2870,0.089688,131072,2592,0.019775,0,0,2
266,host-6,2,0,14,2,0,0,0.080875,0,32000,2588,0.080875,131072,1502,0.011459,0,0,2
266,host-7,2,0,14,2,0,0,0.080312,0,32000,2570,0.080312,131072,2794,0.021317,0,0,2
266,host-8,2,0,14,2,0,0,0.103219,0,32000,3303,0.103219,131072,2001,0.015266,0,0,2
266,host-9,3,0,14,3,0,0,0.095719,0,32000,3063,0.095719,131072,2844,0.021698,0,0,3
267,host-1,2,0,14,2,0,0,0.092031,0,32000,2945,0.092031,131072,3364,0.025665,0,0,2
267,host-10,2,1,14,2,1,0,0.057813,0,32000,1850,0.057813,131072,2380,0.018158,1,0,1
267,host-11,3,0,14,3,0,0,0.105844,0,32000,3387,0.105844,131072,2836,0.021637,0,0,3
267,host-12,2,0,14,2,0,0,0.077688,0,32000,2486,0.077688,131072,2114,0.016129,0,0,2
267,host-13,2,0,14,2,0,0,0.082781,0,32000,2649,0.082781,131072,2773,0.021156,0,0,2
267,host-14,2,0,14,2,0,0,0.099562,0,32000,3186,0.099562,131072,3456,0.026367,0,0,2
267,host-15,3,0,14,3,0,0,0.104656,0,32000,3349,0.104656,131072,3876,0.029572,0,0,3
267,host-16,2,0,14,2,0,0,0.091844,0,32000,2939,0.091844,131072,3208,0.024475,0,0,2
267,host-17,2,0,14,2,0,0,0.129438,0,32000,4142,0.129438,131072,3502,0.026718,0,0,2
267,host-18,2,0,14,2,0,0,0.092625,0,32000,2964,0.092625,131072,3038,0.023178,0,0,2
267,host-19,2,0,14,2,0,0,0.119094,0,32000,3811,0.119094,131072,3623,0.027641,0,0,2
267,host-2,2,0,14,2,0,0,0.109500,0,32000,3504,0.109500,131072,3633,0.027718,0,0,2
267,host-20,2,0,14,2,0,0,0.116844,0,32000,3739,0.116844,131072,3619,0.027611,0,0,2
267,host-21,2,0,14,2,0,0,0.136937,0,32000,4382,0.136937,131072,4791,0.036552,0,0,2
267,host-22,2,0,14,2,0,0,0.082812,0,32000,2650,0.082812,131072,2822,0.021530,0,0,2
267,host-23,2,0,14,2,0,0,0.112406,0,32000,3597,0.112406,131072,3561,0.027168,0,0,2
267,host-24,2,0,14,2,0,0,0.110469,0,32000,3535,0.110469,131072,3160,0.024109,0,0,2
267,host-3,2,1,14,2,1,0,0.149375,0,32000,4780,0.149375,131072,5247,0.040031,0,1,1
267,host-4,2,0,14,2,0,0,0.121250,0,32000,3880,0.121250,131072,4129,0.031502,0,0,2
267,host-5,2,0,14,2,0,0,0.089688,0,32000,2870,0.089688,131072,2592,0.019775,0,0,2
267,host-6,2,0,14,2,0,0,0.080875,0,32000,2588,0.080875,131072,1502,0.011459,0,0,2
267,host-7,2,0,14,2,0,0,0.080312,0,32000,2570,0.080312,131072,2794,0.021317,0,0,2
267,host-8,2,1,14,2,1,0,0.103219,0,32000,3303,0.103219,131072,2001,0.015266,0,1,1
267,host-9,3,0,14,3,0,0,0.095719,0,32000,3063,0.095719,131072,2844,0.021698,0,0,3
268,host-1,2,0,14,2,0,0,0.092031,0,32000,2945,0.092031,131072,3364,0.025665,0,0,2
268,host-10,3,2,14,3,2,0,0.087375,0,32000,2796,0.087375,131072,3395,0.025902,2,0,1
268,host-11,3,0,14,3,0,0,0.105844,0,32000,3387,0.105844,131072,2836,0.021637,0,0,3
268,host-12,2,0,14,2,0,0,0.077688,0,32000,2486,0.077688,131072,2114,0.016129,0,0,2
268,host-13,2,0,14,2,0,0,0.082781,0,32000,2649,0.082781,131072,2773,0.021156,0,0,2
268,host-14,2,0,14,2,0,0,0.099562,0,32000,3186,0.099562,131072,3456,0.026367,0,0,2
268,host-15,3,0,14,3,0,0,0.104656,0,32000,3349,0.104656,131072,3876,0.029572,0,0,3
268,host-16,2,0,14,2,0,0,0.091844,0,32000,2939,0.091844,131072,3208,0.024475,0,0,2
268,host-17,2,0,14,2,0,0,0.129438,0,32000,4142,0.129438,131072,3502,0.026718,0,0,2
268,host-18,2,0,14,2,0,0,0.092625,0,32000,2964,0.092625,131072,3038,0.023178,0,0,2
268,host-19,2,0,14,2,0,0,0.119094,0,32000,3811,0.119094,131072,3623,0.027641,0,0,2
268,host-2,2,0,14,2,0,0,0.109500,0,32000,3504,0.109500,131072,3633,0.027718,0,0,2
268,host-20,2,0,14,2,0,0,0.116844,0,32000,3739,0.116844,131072,3619,0.027611,0,0,2
268,host-21,2,0,14,2,0,0,0.136937,0,32000,4382,0.136937,131072,4791,0.036552,0,0,2
268,host-22,2,0,14,2,0,0,0.082812,0,32000,2650,0.082812,131072,2822,0.021530,0,0,2
268,host-23,2,0,14,2,0,0,0.112406,0,32000,3597,0.112406,131072,3561,0.027168,0,0,2
268,host-24,2,0,14,2,0,0,0.110469,0,32000,3535,0.110469,131072,3160,0.024109,0,0,2
268,host-3,2,0,14,2,0,0,0.149375,0,32000,4780,0.149375,131072,5247,0.040031,0,0,2
268,host-4,1,0,14,1,0,0,0.058438,0,32000,1870,0.058438,131072,1715,0.013084,0,0,1
268,host-5,2,0,14,2,0,0,0.089688,0,32000,2870,0.089688,131072,2592,0.019775,0,0,2
268,host-6,2,0,14,2,0,0,0.080875,0,32000,2588,0.080875,131072,1502,0.011459,0,0,2
268,host-7,2,0,14,2,0,0,0.080312,0,32000,2570,0.080312,131072,2794,0.021317,0,0,2
268,host-8,2,0,14,2,0,0,0.103219,0,32000,3303,0.103219,131072,2001,0.015266,0,0,2
268,host-9,3,0,14,3,0,0,0.095719,0,32000,3063,0.095719,131072,2844,0.021698,0,0,3
269,host-1,1,0,14,1,0,0,0.044000,0,32000,1408,0.044000,131072,1882,0.014359,0,0,1
269,host-10,3,0,14,3,0,0,0.087375,0,32000,2796,0.087375,131072,3395,0.025902,0,0,3
269,host-11,3,0,14,3,0,0,0.105844,0,32000,3387,0.105844,131072,2836,0.021637,0,0,3
269,host-12,2,0,14,2,0,0,0.077688,0,32000,2486,0.077688,131072,2114,0.016129,0,0,2
269,host-13,2,0,14,2,0,0,0.082781,0,32000,2649,0.082781,131072,2773,0.021156,0,0,2
269,host-14,2,0,14,2,0,0,0.099562,0,32000,3186,0.099562,131072,3456,0.026367,0,0,2
269,host-15,3,0,14,3,0,0,0.104656,0,32000,3349,0.104656,131072,3876,0.029572,0,0,3
269,host-16,2,0,14,2,0,0,0.091844,0,32000,2939,0.091844,131072,3208,0.024475,0,0,2
269,host-17,2,0,14,2,0,0,0.129438,0,32000,4142,0.129438,131072,3502,0.026718,0,0,2
269,host-18,2,0,14,2,0,0,0.092625,0,32000,2964,0.092625,131072,3038,0.023178,0,0,2
269,host-19,2,0,14,2,0,0,0.119094,0,32000,3811,0.119094,131072,3623,0.027641,0,0,2
269,host-2,2,0,14,2,0,0,0.109500,0,32000,3504,0.109500,131072,3633,0.027718,0,0,2
269,host-20,2,0,14,2,0,0,0.116844,0,32000,3739,0.116844,131072,3619,0.027611,0,0,2
269,host-21,1,0,14,1,0,0,0.074125,0,32000,2372,0.074125,131072,2377,0.018135,0,0,1
269,host-22,1,0,14,1,0,0,0.038344,0,32000,1227,0.038344,131072,904,0.006897,0,0,1
269,host-23,2,0,14,2,0,0,0.112406,0,32000,3597,0.112406,131072,3561,0.027168,0,0,2
269,host-24,2,0,14,2,0,0,0.110469,0,32000,3535,0.110469,131072,3160,0.024109,0,0,2
269,host-3,2,0,14,2,0,0,0.149375,0,32000,4780,0.149375,131072,5247,0.040031,0,0,2
269,host-4,1,0,14,1,0,0,0.058438,0,32000,1870,0.058438,131072,1715,0.013084,0,0,1
269,host-5,2,0,14,2,0,0,0.089688,0,32000,2870,0.089688,131072,2592,0.019775,0,0,2
269,host-6,2,0,14,2,0,0,0.080875,0,32000,2588,0.080875,131072,1502,0.011459,0,0,2
269,host-7,2,0,14,2,0,0,0.080312,0,32000,2570,0.080312,131072,2794,0.021317,0,0,2
269,host-8,2,0,14,2,0,0,0.103219,0,32000,3303,0.103219,131072,2001,0.015266,0,0,2
269,host-9,3,0,14,3,0,0,0.095719,0,32000,3063,0.095719,131072,2844,0.021698,0,0,3
270,host-1,1,0,14,1,0,0,0.044000,0,32000,1408,0.044000,131072,1882,0.014359,0,0,1
270,host-10,3,0,14,3,0,0,0.087375,0,32000,2796,0.087375,131072,3395,0.025902,0,0,3
270,host-11,3,0,14,3,0,0,0.105844,0,32000,3387,0.105844,131072,2836,0.021637,0,0,3
270,host-12,2,0,14,2,0,0,0.077688,0,32000,2486,0.077688,131072,2114,0.016129,0,0,2
270,host-13,2,0,14,2,0,0,0.082781,0,32000,2649,0.082781,131072,2773,0.021156,0,0,2
270,host-14,2,0,14,2,0,0,0.099562,0,32000,3186,0.099562,131072,3456,0.026367,0,0,2
270,host-15,3,0,14,3,0,0,0.104656,0,32000,3349,0.104656,131072,3876,0.029572,0,0,3
270,host-16,2,0,14,2,0,0,0.091844,0,32000,2939,0.091844,131072,3208,0.024475,0,0,2
270,host-17,2,0,14,2,0,0,0.129438,0,32000,4142,0.129438,131072,3502,0.026718,0,0,2
270,host-18,2,0,14,2,0,0,0.092625,0,32000,2964,0.092625,131072,3038,0.023178,0,0,2
270,host-19,2,0,14,2,0,0,0.119094,0,32000,3811,0.119094,131072,3623,0.027641,0,0,2
270,host-2,2,0,14,2,0,0,0.109500,0,32000,3504,0.109500,131072,3633,0.027718,0,0,2
270,host-20,2,0,14,2,0,0,0.116844,0,32000,3739,0.116844,131072,3619,0.027611,0,0,2
270,host-21,1,0,14,1,0,0,0.074125,0,32000,2372,0.074125,131072,2377,0.018135,0,0,1
270,host-22,1,0,14,1,0,0,0.038344,0,32000,1227,0.038344,131072,904,0.006897,0,0,1
270,host-23,1,0,14,1,0,0,0.054562,0,32000,1746,0.054562,131072,1249,0.009529,0,0,1
270,host-24,2,0,14,2,0,0,0.110469,0,32000,3535,0.110469,131072,3160,0.024109,0,0,2
270,host-3,2,0,14,2,0,0,0.149375,0,32000,4780,0.149375,131072,5247,0.040031,0,0,2
270,host-4,1,0,14,1,0,0,0.058438,0,32000,1870,0.058438,131072,1715,0.013084,0,0,1
270,host-5,2,0,14,2,0,0,0.089688,0,32000,2870,0.089688,131072,2592,0.019775,0,0,2
270,host-6,2,0,14,2,0,0,0.080875,0,32000,2588,0.080875,131072,1502,0.011459,0,0,2
270,host-7,2,0,14,2,0,0,0.080312,0,32000,2570,0.080312,131072,2794,0.021317,0,0,2
270,host-8,2,0,14,2,0,0,0.103219,0,32000,3303,0.103219,131072,2001,0.015266,0,0,2
270,host-9,3,0,14,3,0,0,0.095719,0,32000,3063,0.095719,131072,2844,0.021698,0,0,3
271,host-1,1,0,14,1,0,0,0.044000,0,32000,1408,0.044000,131072,1882,0.014359,0,0,1
271,host-10,3,0,14,3,0,0,0.087375,0,32000,2796,0.087375,131072,3395,0.025902,0,0,3
271,host-11,3,0,14,3,0,0,0.105844,0,32000,3387,0.105844,131072,2836,0.021637,0,0,3
271,host-12,1,0,14,1,0,0,0.050812,0,32000,1626,0.050812,131072,1583,0.012077,0,0,1
271,host-13,2,0,14,2,0,0,0.082781,0,32000,2649,0.082781,131072,2773,0.021156,0,0,2
271,host-14,2,0,14,2,0,0,0.099562,0,32000,3186,0.099562,131072,3456,0.026367,0,0,2
271,host-15,2,0,14,2,0,0,0.066875,0,32000,2140,0.066875,131072,2923,0.022301,0,0,2
271,host-16,2,0,14,2,0,0,0.091844,0,32000,2939,0.091844,131072,3208,0.024475,0,0,2
271,host-17,2,0,14,2,0,0,0.129438,0,32000,4142,0.129438,131072,3502,0.026718,0,0,2
271,host-18,2,0,14,2,0,0,0.092625,0,32000,2964,0.092625,131072,3038,0.023178,0,0,2
271,host-19,2,0,14,2,0,0,0.119094,0,32000,3811,0.119094,131072,3623,0.027641,0,0,2
271,host-2,2,0,14,2,0,0,0.109500,0,32000,3504,0.109500,131072,3633,0.027718,0,0,2
271,host-20,2,0,14,2,0,0,0.116844,0,32000,3739,0.116844,131072,3619,0.027611,0,0,2
271,host-21,1,0,14,1,0,0,0.074125,0,32000,2372,0.074125,131072,2377,0.018135,0,0,1
271,host-22,1,0,14,1,0,0,0.038344,0,32000,1227,0.038344,131072,904,0.006897,0,0,1
271,host-23,1,0,14,1,0,0,0.054562,0,32000,1746,0.054562,131072,1249,0.009529,0,0,1
271,host-24,2,0,14,2,0,0,0.110469,0,32000,3535,0.110469,131072,3160,0.024109,0,0,2
271,host-3,2,0,14,2,0,0,0.149375,0,32000,4780,0.149375,131072,5247,0.040031,0,0,2
271,host-4,1,0,14,1,0,0,0.058438,0,32000,1870,0.058438,131072,1715,0.013084,0,0,1
271,host-5,2,0,14,2,0,0,0.089688,0,32000,2870,0.089688,131072,2592,0.019775,0,0,2
271,host-6,1,0,14,1,0,0,0.038344,0,32000,1227,0.038344,131072,904,0.006897,0,0,1
271,host-7,2,0,14,2,0,0,0.080312,0,32000,2570,0.080312,131072,2794,0.021317,0,0,2
271,host-8,2,0,14,2,0,0,0.103219,0,32000,3303,0.103219,131072,2001,0.015266,0,0,2
271,host-9,3,0,14,3,0,0,0.095719,0,32000,3063,0.095719,131072,2844,0.021698,0,0,3
272,host-1,1,0,14,1,0,0,0.044000,0,32000,1408,0.044000,131072,1882,0.014359,0,0,1
272,host-10,3,0,14,3,0,0,0.087375,0,32000,2796,0.087375,131072,3395,0.025902,0,0,3
272,host-11,3,0,14,3,0,0,0.105844,0,32000,3387,0.105844,131072,2836,0.021637,0,0,3
272,host-12,1,0,14,1,0,0,0.050812,0,32000,1626,0.050812,131072,1583,0.012077,0,0,1
272,host-13,1,0,14,1,0,0,0.029812,0,32000,954,0.029812,131072,641,0.004890,0,0,1
272,host-14,2,0,14,2,0,0,0.099562,0,32000,3186,0.099562,131072,3456,0.026367,0,0,2
272,host-15,2,0,14,2,0,0,0.066875,0,32000,2140,0.066875,131072,2923,0.022301,0,0,2
272,host-16,2,0,14,2,0,0,0.091844,0,32000,2939,0.091844,131072,3208,0.024475,0,0,2
272,host-17,2,0,14,2,0,0,0.129438,0,32000,4142,0.129438,131072,3502,0.026718,0,0,2
272,host-18,2,0,14,2,0,0,0.092625,0,32000,2964,0.092625,131072,3038,0.023178,0,0,2
272,host-19,2,0,14,2,0,0,0.119094,0,32000,3811,0.119094,131072,3623,0.027641,0,0,2
272,host-2,2,0,14,2,0,0,0.109500,0,32000,3504,0.109500,131072,3633,0.027718,0,0,2
272,host-20,2,0,14,2,0,0,0.116844,0,32000,3739,0.116844,131072,3619,0.027611,0,0,2
272,host-21,1,0,14,1,0,0,0.074125,0,32000,2372,0.074125,131072,2377,0.018135,0,0,1
272,host-22,1,0,14,1,0,0,0.038344,0,32000,1227,0.038344,131072,904,0.006897,0,0,1
272,host-23,1,0,14,1,0,0,0.054562,0,32000,1746,0.054562,131072,1249,0.009529,0,0,1
272,host-24,2,0,14,2,0,0,0.110469,0,32000,3535,0.110469,131072,3160,0.024109,0,0,2
272,host-3,2,0,14,2,0,0,0.149375,0,32000,4780,0.149375,131072,5247,0.040031,0,0,2
272,host-4,1,0,14,1,0,0,0.058438,0,32000,1870,0.058438,131072,1715,0.013084,0,0,1
272,host-5,2,0,14,2,0,0,0.089688,0,32000,2870,0.089688,131072,2592,0.019775,0,0,2
272,host-6,1,0,14,1,0,0,0.038344,0,32000,1227,0.038344,131072,904,0.006897,0,0,1
272,host-7,2,0,14,2,0,0,0.080312,0,32000,2570,0.080312,131072,2794,0.021317,0,0,2
272,host-8,2,0,14,2,0,0,0.103219,0,32000,3303,0.103219,131072,2001,0.015266,0,0,2
272,host-9,3,0,14,3,0,0,0.095719,0,32000,3063,0.095719,131072,2844,0.021698,0,0,3
273,host-1,2,1,14,2,1,0,0.079250,0,32000,2536,0.079250,131072,3512,0.026794,1,0,1
273,host-10,3,0,14,3,0,0,0.087375,0,32000,2796,0.087375,131072,3395,0.025902,0,0,3
273,host-11,3,0,14,3,0,0,0.105844,0,32000,3387,0.105844,131072,2836,0.021637,0,0,3
273,host-12,2,1,14,2,1,0,0.103750,0,32000,3320,0.103750,131072,3844,0.029327,1,0,1
273,host-13,2,1,14,2,1,0,0.091969,0,32000,2943,0.091969,131072,2108,0.016083,1,0,1
273,host-14,2,1,14,2,1,0,0.115125,0,32000,3684,0.115125,131072,3790,0.028915,1,0,1
273,host-15,2,0,14,2,0,0,0.066875,0,32000,2140,0.066875,131072,2923,0.022301,0,0,2
273,host-16,2,0,14,2,0,0,0.091844,0,32000,2939,0.091844,131072,3208,0.024475,0,0,2
273,host-17,2,0,14,2,0,0,0.129438,0,32000,4142,0.129438,131072,3502,0.026718,0,0,2
273,host-18,2,0,14,2,0,0,0.092625,0,32000,2964,0.092625,131072,3038,0.023178,0,0,2
273,host-19,2,0,14,2,0,0,0.119094,0,32000,3811,0.119094,131072,3623,0.027641,0,0,2
273,host-2,2,0,14,2,0,0,0.109500,0,32000,3504,0.109500,131072,3633,0.027718,0,0,2
273,host-20,2,0,14,2,0,0,0.116844,0,32000,3739,0.116844,131072,3619,0.027611,0,0,2
273,host-21,1,0,14,1,0,0,0.074125,0,32000,2372,0.074125,131072,2377,0.018135,0,0,1
273,host-22,2,1,14,2,1,0,0.091219,0,32000,2919,0.091219,131072,2926,0.022324,1,0,1
273,host-23,2,1,14,2,1,0,0.117750,0,32000,3768,0.117750,131072,3518,0.026840,1,0,1
273,host-24,2,0,14,2,0,0,0.110469,0,32000,3535,0.110469,131072,3160,0.024109,0,0,2
273,host-3,2,0,14,2,0,0,0.149375,0,32000,4780,0.149375,131072,5247,0.040031,0,0,2
273,host-4,1,0,14,1,0,0,0.058438,0,32000,1870,0.058438,131072,1715,0.013084,0,0,1
273,host-5,2,0,14,2,0,0,0.089688,0,32000,2870,0.089688,131072,2592,0.019775,0,0,2
273,host-6,2,1,14,2,1,0,0.072438,0,32000,2318,0.072438,131072,2364,0.018036,1,0,1
273,host-7,2,0,14,2,0,0,0.080312,0,32000,2570,0.080312,131072,2794,0.021317,0,0,2
273,host-8,2,0,14,2,0,0,0.103219,0,32000,3303,0.103219,131072,2001,0.015266,0,0,2
273,host-9,3,0,14,3,0,0,0.095719,0,32000,3063,0.095719,131072,2844,0.021698,0,0,3
274,host-1,2,1,14,2,1,0,0.079250,0,32000,2536,0.079250,131072,3512,0.026794,1,0,1
274,host-10,3,0,14,3,0,0,0.087375,0,32000,2796,0.087375,131072,3395,0.025902,0,0,3
274,host-11,3,0,14,3,0,0,0.105844,0,32000,3387,0.105844,131072,2836,0.021637,0,0,3
274,host-12,2,0,14,2,0,0,0.103750,0,32000,3320,0.103750,131072,3844,0.029327,0,0,2
274,host-13,1,0,14,1,0,0,0.062156,0,32000,1989,0.062156,131072,1467,0.011192,0,0,1
274,host-14,2,1,14,2,1,0,0.115125,0,32000,3684,0.115125,131072,3790,0.028915,1,0,1
274,host-15,3,1,14,3,1,0,0.119750,0,32000,3832,0.119750,131072,4945,0.037727,1,0,2
274,host-16,2,0,14,2,0,0,0.091844,0,32000,2939,0.091844,131072,3208,0.024475,0,0,2
274,host-17,2,0,14,2,0,0,0.129438,0,32000,4142,0.129438,131072,3502,0.026718,0,0,2
274,host-18,2,0,14,2,0,0,0.092625,0,32000,2964,0.092625,131072,3038,0.023178,0,0,2
274,host-19,2,0,14,2,0,0,0.119094,0,32000,3811,0.119094,131072,3623,0.027641,0,0,2
274,host-2,2,0,14,2,0,0,0.109500,0,32000,3504,0.109500,131072,3633,0.027718,0,0,2
274,host-20,1,0,14,1,0,0,0.042719,0,32000,1367,0.042719,131072,1242,0.009476,0,0,1
274,host-21,1,0,14,1,0,0,0.074125,0,32000,2372,0.074125,131072,2377,0.018135,0,0,1
274,host-22,2,1,14,2,1,0,0.091219,0,32000,2919,0.091219,131072,2926,0.022324,1,0,1
274,host-23,2,0,14,2,0,0,0.117750,0,32000,3768,0.117750,131072,3518,0.026840,0,0,2
274,host-24,2,0,14,2,0,0,0.110469,0,32000,3535,0.110469,131072,3160,0.024109,0,0,2
274,host-3,2,0,14,2,0,0,0.149375,0,32000,4780,0.149375,131072,5247,0.040031,0,0,2
274,host-4,2,1,14,2,1,0,0.115937,0,32000,3710,0.115937,131072,2957,0.022560,1,0,1
274,host-5,2,0,14,2,0,0,0.089688,0,32000,2870,0.089688,131072,2592,0.019775,0,0,2
274,host-6,2,1,14,2,1,0,0.072438,0,32000,2318,0.072438,131072,2364,0.018036,1,0,1
274,host-7,2,0,14,2,0,0,0.080312,0,32000,2570,0.080312,131072,2794,0.021317,0,0,2
274,host-8,2,0,14,2,0,0,0.103219,0,32000,3303,0.103219,131072,2001,0.015266,0,0,2
274,host-9,3,0,14,3,0,0,0.095719,0,32000,3063,0.095719,131072,2844,0.021698,0,0,3
275,host-1,2,0,14,2,0,0,0.079250,0,32000,2536,0.079250,131072,3512,0.026794,0,0,2
275,host-10,3,0,14,3,0,0,0.087375,0,32000,2796,0.087375,131072,3395,0.025902,0,0,3
275,host-11,3,0,14,3,0,0,0.105844,0,32000,3387,0.105844,131072,2836,0.021637,0,0,3
275,host-12,2,0,14,2,0,0,0.103750,0,32000,3320,0.103750,131072,3844,0.029327,0,0,2
275,host-13,1,0,14,1,0,0,0.062156,0,32000,1989,0.062156,131072,1467,0.011192,0,0,1
275,host-14,2,0,14,2,0,0,0.115125,0,32000,3684,0.115125,131072,3790,0.028915,0,0,2
275,host-15,3,1,14,3,1,0,0.119750,0,32000,3832,0.119750,131072,4945,0.037727,1,0,2
275,host-16,2,0,14,2,0,0,0.091844,0,32000,2939,0.091844,131072,3208,0.024475,0,0,2
275,host-17,2,0,14,2,0,0,0.129438,0,32000,4142,0.129438,131072,3502,0.026718,0,0,2
275,host-18,2,0,14,2,0,0,0.092625,0,32000,2964,0.092625,131072,3038,0.023178,0,0,2
275,host-19,1,0,14,1,0,0,0.048375,0,32000,1548,0.048375,131072,1043,0.007957,0,0,1
275,host-2,2,0,14,2,0,0,0.109500,0,32000,3504,0.109500,131072,3633,0.027718,0,0,2
275,host-20,1,0,14,1,0,0,0.042719,0,32000,1367,0.042719,131072,1242,0.009476,0,0,1
275,host-21,0,0,14,0,0,0,0.000000,0,32000,0,0.000000,131072,0,0.000000,0,0,0
275,host-22,2,0,14,2,0,0,0.091219,0,32000,2919,0.091219,131072,2926,0.022324,0,0,2
275,host-23,2,0,14,2,0,0,0.117750,0,32000,3768,0.117750,131072,3518,0.026840,0,0,2
275,host-24,2,0,14,2,0,0,0.110469,0,32000,3535,0.110469,131072,3160,0.024109,0,0,2
275,host-3,2,0,14,2,0,0,0.149375,0,32000,4780,0.149375,131072,5247,0.040031,0,0,2
275,host-4,2,1,14,2,1,0,0.115937,0,32000,3710,0.115937,131072,2957,0.022560,0,1,1
275,host-5,2,0,14,2,0,0,0.089688,0,32000,2870,0.089688,131072,2592,0.019775,0,0,2
275,host-6,2,0,14,2,0,0,0.072438,0,32000,2318,0.072438,131072,2364,0.018036,0,0,2
275,host-7,2,0,14,2,0,0,0.080312,0,32000,2570,0.080312,131072,2794,0.021317,0,0,2
275,host-8,2,0,14,2,0,0,0.103219,0,32000,3303,0.103219,131072,2001,0.015266,0,0,2
275,host-9,3,0,14,3,0,0,0.095719,0,32000,3063,0.095719,131072,2844,0.021698,0,0,3
276,host-1,2,0,14,2,0,0,0.079250,0,32000,2536,0.079250,131072,3512,0.026794,0,0,2
276,host-10,3,0,14,3,0,0,0.087375,0,32000,2796,0.087375,131072,3395,0.025902,0,0,3
276,host-11,3,0,14,3,0,0,0.105844,0,32000,3387,0.105844,131072,2836,0.021637,0,0,3
276,host-12,2,0,14,2,0,0,0.103750,0,32000,3320,0.103750,131072,3844,0.029327,0,0,2
276,host-13,1,0,14,1,0,0,0.062156,0,32000,1989,0.062156,131072,1467,0.011192,0,0,1
276,host-14,2,1,14,2,1,0,0.115125,0,32000,3684,0.115125,131072,3790,0.028915,0,1,1
276,host-15,3,0,14,3,0,0,0.119750,0,32000,3832,0.119750,131072,4945,0.037727,0,0,3
276,host-16,2,0,14,2,0,0,0.091844,0,32000,2939,0.091844,131072,3208,0.024475,0,0,2
276,host-17,1,0,14,1,0,0,0.071094,0,32000,2275,0.071094,131072,2314,0.017654,0,0,1
276,host-18,2,0,14,2,0,0,0.092625,0,32000,2964,0.092625,131072,3038,0.023178,0,0,2
276,host-19,1,0,14,1,0,0,0.048375,0,32000,1548,0.048375,131072,1043,0.007957,0,0,1
276,host-2,2,0,14,2,0,0,0.109500,0,32000,3504,0.109500,131072,3633,0.027718,0,0,2
276,host-20,1,0,14,1,0,0,0.042719,0,32000,1367,0.042719,131072,1242,0.009476,0,0,1
276,host-21,1,1,14,1,1,0,0.027781,0,32000,889,0.027781,131072,434,0.003311,1,0,0
276,host-22,2,0,14,2,0,0,0.091219,0,32000,2919,0.091219,131072,2926,0.022324,0,0,2
276,host-23,2,0,14,2,0,0,0.117750,0,32000,3768,0.117750,131072,3518,0.026840,0,0,2
276,host-24,2,0,14,2,0,0,0.110469,0,32000,3535,0.110469,131072,3160,0.024109,0,0,2
276,host-3,2,0,14,2,0,0,0.149375,0,32000,4780,0.149375,131072,5247,0.040031,0,0,2
276,host-4,2,0,14,2,0,0,0.115937,0,32000,3710,0.115937,131072,2957,0.022560,0,0,2
276,host-5,2,0,14,2,0,0,0.089688,0,32000,2870,0.089688,131072,2592,0.019775,0,0,2
276,host-6,2,0,14,2,0,0,0.072438,0,32000,2318,0.072438,131072,2364,0.018036,0,0,2
276,host-7,2,0,14,2,0,0,0.080312,0,32000,2570,0.080312,131072,2794,0.021317,0,0,2
276,host-8,2,0,14,2,0,0,0.103219,0,32000,3303,0.103219,131072,2001,0.015266,0,0,2
276,host-9,3,0,14,3,0,0,0.095719,0,32000,3063,0.095719,131072,2844,0.021698,0,0,3
277,host-1,2,0,14,2,0,0,0.079250,0,32000,2536,0.079250,131072,3512,0.026794,0,0,2
277,host-10,3,0,14,3,0,0,0.087375,0,32000,2796,0.087375,131072,3395,0.025902,0,0,3
277,host-11,3,0,14,3,0,0,0.105844,0,32000,3387,0.105844,131072,2836,0.021637,0,0,3
277,host-12,2,1,14,2,1,0,0.103750,0,32000,3320,0.103750,131072,3844,0.029327,0,1,1
277,host-13,1,0,14,1,0,0,0.062156,0,32000,1989,0.062156,131072,1467,0.011192,0,0,1
277,host-14,2,0,14,2,0,0,0.115125,0,32000,3684,0.115125,131072,3790,0.028915,0,0,2
277,host-15,2,0,14,2,0,0,0.083281,0,32000,2665,0.083281,131072,3580,0.027313,0,0,2
277,host-16,2,0,14,2,0,0,0.091844,0,32000,2939,0.091844,131072,3208,0.024475,0,0,2
277,host-17,1,0,14,1,0,0,0.071094,0,32000,2275,0.071094,131072,2314,0.017654,0,0,1
277,host-18,1,0,14,1,0,0,0.050937,0,32000,1630,0.050937,131072,1533,0.011696,0,0,1
277,host-19,1,0,14,1,0,0,0.048375,0,32000,1548,0.048375,131072,1043,0.007957,0,0,1
277,host-2,2,0,14,2,0,0,0.109500,0,32000,3504,0.109500,131072,3633,0.027718,0,0,2
277,host-20,1,0,14,1,0,0,0.042719,0,32000,1367,0.042719,131072,1242,0.009476,0,0,1
277,host-21,1,0,14,1,0,0,0.027781,0,32000,889,0.027781,131072,434,0.003311,0,0,1
277,host-22,2,0,14,2,0,0,0.091219,0,32000,2919,0.091219,131072,2926,0.022324,0,0,2
277,host-23,2,0,14,2,0,0,0.117750,0,32000,3768,0.117750,131072,3518,0.026840,0,0,2
277,host-24,2,0,14,2,0,0,0.110469,0,32000,3535,0.110469,131072,3160,0.024109,0,0,2
277,host-3,1,0,14,1,0,0,0.072156,0,32000,2309,0.072156,131072,2949,0.022499,0,0,1
277,host-4,2,0,14,2,0,0,0.115937,0,32000,3710,0.115937,131072,2957,0.022560,0,0,2
277,host-5,2,0,14,2,0,0,0.089688,0,32000,2870,0.089688,131072,2592,0.019775,0,0,2
277,host-6,2,0,14,2,0,0,0.072438,0,32000,2318,0.072438,131072,2364,0.018036,0,0,2
277,host-7,2,0,14,2,0,0,0.080312,0,32000,2570,0.080312,131072,2794,0.021317,0,0,2
277,host-8,2,0,14,2,0,0,0.103219,0,32000,3303,0.103219,131072,2001,0.015266,0,0,2
277,host-9,2,0,14,2,0,0,0.051937,0,32000,1662,0.051937,131072,2098,0.016006,0,0,2
278,host-1,2,0,14,2,0,0,0.079250,0,32000,2536,0.079250,131072,3512,0.026794,0,0,2
278,host-10,3,0,14,3,0,0,0.087375,0,32000,2796,0.087375,131072,3395,0.025902,0,0,3
278,host-11,3,0,14,3,0,0,0.105844,0,32000,3387,0.105844,131072,2836,0.021637,0,0,3
278,host-12,2,0,14,2,0,0,0.103750,0,32000,3320,0.103750,131072,3844,0.029327,0,0,2
278,host-13,1,0,14,1,0,0,0.062156,0,32000,1989,0.062156,131072,1467,0.011192,0,0,1
278,host-14,2,0,14,2,0,0,0.115125,0,32000,3684,0.115125,131072,3790,0.028915,0,0,2
278,host-15,2,0,14,2,0,0,0.083281,0,32000,2665,0.083281,131072,3580,0.027313,0,0,2
278,host-16,2,0,14,2,0,0,0.091844,0,32000,2939,0.091844,131072,3208,0.024475,0,0,2
278,host-17,1,0,14,1,0,0,0.071094,0,32000,2275,0.071094,131072,2314,0.017654,0,0,1
278,host-18,1,0,14,1,0,0,0.050937,0,32000,1630,0.050937,131072,1533,0.011696,0,0,1
278,host-19,1,0,14,1,0,0,0.048375,0,32000,1548,0.048375,131072,1043,0.007957,0,0,1
278,host-2,2,0,14,2,0,0,0.109500,0,32000,3504,0.109500,131072,3633,0.027718,0,0,2
278,host-20,1,0,14,1,0,0,0.042719,0,32000,1367,0.042719,131072,1242,0.009476,0,0,1
278,host-21,1,0,14,1,0,0,0.027781,0,32000,889,0.027781,131072,434,0.003311,0,0,1
278,host-22,2,0,14,2,0,0,0.091219,0,32000,2919,0.091219,131072,2926,0.022324,0,0,2
278,host-23,2,0,14,2,0,0,0.117750,0,32000,3768,0.117750,131072,3518,0.026840,0,0,2
278,host-24,1,0,14,1,0,0,0.057906,0,32000,1853,0.057906,131072,1407,0.010735,0,0,1
278,host-3,1,0,14,1,0,0,0.072156,0,32000,2309,0.072156,131072,2949,0.022499,0,0,1
278,host-4,2,0,14,2,0,0,0.115937,0,32000,3710,0.115937,131072,2957,0.022560,0,0,2
278,host-5,2,0,14,2,0,0,0.089688,0,32000,2870,0.089688,131072,2592,0.019775,0,0,2
278,host-6,2,0,14,2,0,0,0.072438,0,32000,2318,0.072438,131072,2364,0.018036,0,0,2
278,host-7,2,0,14,2,0,0,0.080312,0,32000,2570,0.080312,131072,2794,0.021317,0,0,2
278,host-8,2,0,14,2,0,0,0.103219,0,32000,3303,0.103219,131072,2001,0.015266,0,0,2
278,host-9,2,0,14,2,0,0,0.051937,0,32000,1662,0.051937,131072,2098,0.016006,0,0,2
279,host-1,2,0,14,2,0,0,0.079250,0,32000,2536,0.079250,131072,3512,0.026794,0,0,2
279,host-10,3,0,14,3,0,0,0.087375,0,32000,2796,0.087375,131072,3395,0.025902,0,0,3
279,host-11,3,0,14,3,0,0,0.105844,0,32000,3387,0.105844,131072,2836,0.021637,0,0,3
279,host-12,2,0,14,2,0,0,0.103750,0,32000,3320,0.103750,131072,3844,0.029327,0,0,2
279,host-13,1,0,14,1,0,0,0.062156,0,32000,1989,0.062156,131072,1467,0.011192,0,0,1
279,host-14,2,0,14,2,0,0,0.115125,0,32000,3684,0.115125,131072,3790,0.028915,0,0,2
279,host-15,2,0,14,2,0,0,0.083281,0,32000,2665,0.083281,131072,3580,0.027313,0,0,2
279,host-16,2,0,14,2,0,0,0.091844,0,32000,2939,0.091844,131072,3208,0.024475,0,0,2
279,host-17,1,0,14,1,0,0,0.071094,0,32000,2275,0.071094,131072,2314,0.017654,0,0,1
279,host-18,1,0,14,1,0,0,0.050937,0,32000,1630,0.050937,131072,1533,0.011696,0,0,1
279,host-19,1,0,14,1,0,0,0.048375,0,32000,1548,0.048375,131072,1043,0.007957,0,0,1
279,host-2,2,0,14,2,0,0,0.109500,0,32000,3504,0.109500,131072,3633,0.027718,0,0,2
279,host-20,1,0,14,1,0,0,0.042719,0,32000,1367,0.042719,131072,1242,0.009476,0,0,1
279,host-21,1,0,14,1,0,0,0.027781,0,32000,889,0.027781,131072,434,0.003311,0,0,1
279,host-22,2,0,14,2,0,0,0.091219,0,32000,2919,0.091219,131072,2926,0.022324,0,0,2
279,host-23,2,0,14,2,0,0,0.117750,0,32000,3768,0.117750,131072,3518,0.026840,0,0,2
279,host-24,1,0,14,1,0,0,0.057906,0,32000,1853,0.057906,131072,1407,0.010735,0,0,1
279,host-3,1,0,14,1,0,0,0.072156,0,32000,2309,0.072156,131072,2949,0.022499,0,0,1
279,host-4,2,0,14,2,0,0,0.115937,0,32000,3710,0.115937,131072,2957,0.022560,0,0,2
279,host-5,2,0,14,2,0,0,0.089688,0,32000,2870,0.089688,131072,2592,0.019775,0,0,2
279,host-6,2,0,14,2,0,0,0.072438,0,32000,2318,0.072438,131072,2364,0.018036,0,0,2
279,host-7,2,0,14,2,0,0,0.080312,0,32000,2570,0.080312,131072,2794,0.021317,0,0,2
279,host-8,2,0,14,2,0,0,0.103219,0,32000,3303,0.103219,131072,2001,0.015266,0,0,2
279,host-9,2,0,14,2,0,0,0.051937,0,32000,1662,0.051937,131072,2098,0.016006,0,0,2
280,host-1,2,0,14,2,0,0,0.079250,0,32000,2536,0.079250,131072,3512,0.026794,0,0,2
280,host-10,3,0,14,3,0,0,0.087375,0,32000,2796,0.087375,131072,3395,0.025902,0,0,3
280,host-11,3,0,14,3,0,0,0.105844,0,32000,3387,0.105844,131072,2836,0.021637,0,0,3
280,host-12,1,0,14,1,0,0,0.052937,0,32000,1694,0.052937,131072,2261,0.017250,0,0,1
280,host-13,1,0,14,1,0,0,0.062156,0,32000,1989,0.062156,131072,1467,0.011192,0,0,1
280,host-14,2,0,14,2,0,0,0.115125,0,32000,3684,0.115125,131072,3790,0.028915,0,0,2
280,host-15,2,0,14,2,0,0,0.083281,0,32000,2665,0.083281,131072,3580,0.027313,0,0,2
280,host-16,2,0,14,2,0,0,0.091844,0,32000,2939,0.091844,131072,3208,0.024475,0,0,2
280,host-17,1,0,14,1,0,0,0.071094,0,32000,2275,0.071094,131072,2314,0.017654,0,0,1
280,host-18,1,0,14,1,0,0,0.050937,0,32000,1630,0.050937,131072,1533,0.011696,0,0,1
280,host-19,1,0,14,1,0,0,0.048375,0,32000,1548,0.048375,131072,1043,0.007957,0,0,1
280,host-2,2,0,14,2,0,0,0.109500,0,32000,3504,0.109500,131072,3633,0.027718,0,0,2
280,host-20,1,0,14,1,0,0,0.042719,0,32000,1367,0.042719,131072,1242,0.009476,0,0,1
280,host-21,1,0,14,1,0,0,0.027781,0,32000,889,0.027781,131072,434,0.003311,0,0,1
280,host-22,2,0,14,2,0,0,0.091219,0,32000,2919,0.091219,131072,2926,0.022324,0,0,2
280,host-23,2,0,14,2,0,0,0.117750,0,32000,3768,0.117750,131072,3518,0.026840,0,0,2
280,host-24,1,0,14,1,0,0,0.057906,0,32000,1853,0.057906,131072,1407,0.010735,0,0,1
280,host-3,1,0,14,1,0,0,0.072156,0,32000,2309,0.072156,131072,2949,0.022499,0,0,1
280,host-4,2,0,14,2,0,0,0.115937,0,32000,3710,0.115937,131072,2957,0.022560,0,0,2
280,host-5,2,0,14,2,0,0,0.089688,0,32000,2870,0.089688,131072,2592,0.019775,0,0,2
280,host-6,1,0,14,1,0,0,0.034094,0,32000,1091,0.034094,131072,1460,0.011139,0,0,1
280,host-7,2,0,14,2,0,0,0.080312,0,32000,2570,0.080312,131072,2794,0.021317,0,0,2
280,host-8,2,0,14,2,0,0,0.103219,0,32000,3303,0.103219,131072,2001,0.015266,0,0,2
280,host-9,2,0,14,2,0,0,0.051937,0,32000,1662,0.051937,131072,2098,0.016006,0,0,2
281,host-1,2,0,14,2,0,0,0.079250,0,32000,2536,0.079250,131072,3512,0.026794,0,0,2
281,host-10,3,0,14,3,0,0,0.087375,0,32000,2796,0.087375,131072,3395,0.025902,0,0,3
281,host-11,3,0,14,3,0,0,0.105844,0,32000,3387,0.105844,131072,2836,0.021637,0,0,3
281,host-12,1,0,14,1,0,0,0.052937,0,32000,1694,0.052937,131072,2261,0.017250,0,0,1
281,host-13,1,0,14,1,0,0,0.062156,0,32000,1989,0.062156,131072,1467,0.011192,0,0,1
281,host-14,2,0,14,2,0,0,0.115125,0,32000,3684,0.115125,131072,3790,0.028915,0,0,2
281,host-15,2,0,14,2,0,0,0.083281,0,32000,2665,0.083281,131072,3580,0.027313,0,0,2
281,host-16,2,0,14,2,0,0,0.091844,0,32000,2939,0.091844,131072,3208,0.024475,0,0,2
281,host-17,1,0,14,1,0,0,0.071094,0,32000,2275,0.071094,131072,2314,0.017654,0,0,1
281,host-18,1,0,14,1,0,0,0.050937,0,32000,1630,0.050937,131072,1533,0.011696,0,0,1
281,host-19,1,0,14,1,0,0,0.048375,0,32000,1548,0.048375,131072,1043,0.007957,0,0,1
281,host-2,2,0,14,2,0,0,0.109500,0,32000,3504,0.109500,131072,3633,0.027718,0,0,2
281,host-20,1,0,14,1,0,0,0.042719,0,32000,1367,0.042719,131072,1242,0.009476,0,0,1
281,host-21,2,1,14,2,1,0,0.054656,0,32000,1749,0.054656,131072,965,0.007362,1,0,1
281,host-22,1,0,14,1,0,0,0.052875,0,32000,1692,0.052875,131072,2022,0.015427,0,0,1
281,host-23,2,0,14,2,0,0,0.117750,0,32000,3768,0.117750,131072,3518,0.026840,0,0,2
281,host-24,1,0,14,1,0,0,0.057906,0,32000,1853,0.057906,131072,1407,0.010735,0,0,1
281,host-3,1,0,14,1,0,0,0.072156,0,32000,2309,0.072156,131072,2949,0.022499,0,0,1
281,host-4,2,0,14,2,0,0,0.115937,0,32000,3710,0.115937,131072,2957,0.022560,0,0,2
281,host-5,2,0,14,2,0,0,0.089688,0,32000,2870,0.089688,131072,2592,0.019775,0,0,2
281,host-6,1,0,14,1,0,0,0.034094,0,32000,1091,0.034094,131072,1460,0.011139,0,0,1
281,host-7,2,0,14,2,0,0,0.080312,0,32000,2570,0.080312,131072,2794,0.021317,0,0,2
281,host-8,2,0,14,2,0,0,0.103219,0,32000,3303,0.103219,131072,2001,0.015266,0,0,2
281,host-9,2,0,14,2,0,0,0.051937,0,32000,1662,0.051937,131072,2098,0.016006,0,0,2
282,host-1,2,0,14,2,0,0,0.079250,0,32000,2536,0.079250,131072,3512,0.026794,0,0,2
282,host-10,3,0,14,3,0,0,0.087375,0,32000,2796,0.087375,131072,3395,0.025902,0,0,3
282,host-11,3,0,14,3,0,0,0.105844,0,32000,3387,0.105844,131072,2836,0.021637,0,0,3
282,host-12,1,0,14,1,0,0,0.052937,0,32000,1694,0.052937,131072,2261,0.017250,0,0,1
282,host-13,1,0,14,1,0,0,0.062156,0,32000,1989,0.062156,131072,1467,0.011192,0,0,1
282,host-14,2,0,14,2,0,0,0.115125,0,32000,3684,0.115125,131072,3790,0.028915,0,0,2
282,host-15,2,0,14,2,0,0,0.083281,0,32000,2665,0.083281,131072,3580,0.027313,0,0,2
282,host-16,2,0,14,2,0,0,0.091844,0,32000,2939,0.091844,131072,3208,0.024475,0,0,2
282,host-17,1,0,14,1,0,0,0.071094,0,32000,2275,0.071094,131072,2314,0.017654,0,0,1
282,host-18,1,0,14,1,0,0,0.050937,0,32000,1630,0.050937,131072,1533,0.011696,0,0,1
282,host-19,1,1,14,1,1,0,0.074125,0,32000,2372,0.074125,131072,2377,0.018135,1,0,0
282,host-2,2,0,14,2,0,0,0.109500,0,32000,3504,0.109500,131072,3633,0.027718,0,0,2
282,host-20,1,0,14,1,0,0,0.042719,0,32000,1367,0.042719,131072,1242,0.009476,0,0,1
282,host-21,2,0,14,2,0,0,0.054656,0,32000,1749,0.054656,131072,965,0.007362,0,0,2
282,host-22,1,0,14,1,0,0,0.052875,0,32000,1692,0.052875,131072,2022,0.015427,0,0,1
282,host-23,2,0,14,2,0,0,0.117750,0,32000,3768,0.117750,131072,3518,0.026840,0,0,2
282,host-24,1,0,14,1,0,0,0.057906,0,32000,1853,0.057906,131072,1407,0.010735,0,0,1
282,host-3,1,0,14,1,0,0,0.072156,0,32000,2309,0.072156,131072,2949,0.022499,0,0,1
282,host-4,2,1,14,2,1,0,0.115937,0,32000,3710,0.115937,131072,2957,0.022560,0,1,1
282,host-5,0,0,14,0,0,0,0.000000,0,32000,0,0.000000,131072,0,0.000000,0,0,0
282,host-6,2,1,14,2,1,0,0.084375,0,32000,2700,0.084375,131072,2989,0.022804,1,0,1
282,host-7,2,0,14,2,0,0,0.080312,0,32000,2570,0.080312,131072,2794,0.021317,0,0,2
282,host-8,2,0,14,2,0,0,0.103219,0,32000,3303,0.103219,131072,2001,0.015266,0,0,2
282,host-9,2,0,14,2,0,0,0.051937,0,32000,1662,0.051937,131072,2098,0.016006,0,0,2
283,host-1,1,0,14,1,0,0,0.035250,0,32000,1128,0.035250,131072,1630,0.012436,0,0,1
283,host-10,3,0,14,3,0,0,0.087375,0,32000,2796,0.087375,131072,3395,0.025902,0,0,3
283,host-11,3,0,14,3,0,0,0.105844,0,32000,3387,0.105844,131072,2836,0.021637,0,0,3
283,host-12,1,0,14,1,0,0,0.052937,0,32000,1694,0.052937,131072,2261,0.017250,0,0,1
283,host-13,1,0,14,1,0,0,0.062156,0,32000,1989,0.062156,131072,1467,0.011192,0,0,1
283,host-14,1,0,14,1,0,0,0.065844,0,32000,2107,0.065844,131072,1863,0.014214,0,0,1
283,host-15,2,0,14,2,0,0,0.083281,0,32000,2665,0.083281,131072,3580,0.027313,0,0,2
283,host-16,1,0,14,1,0,0,0.027781,0,32000,889,0.027781,131072,522,0.003983,0,0,1
283,host-17,0,0,14,0,0,0,0.000000,0,32000,0,0.000000,131072,0,0.000000,0,0,0
283,host-18,1,0,14,1,0,0,0.050937,0,32000,1630,0.050937,131072,1533,0.011696,0,0,1
283,host-19,1,1,14,1,1,0,0.074125,0,32000,2372,0.074125,131072,2377,0.018135,1,0,0
283,host-2,2,0,14,2,0,0,0.109500,0,32000,3504,0.109500,131072,3633,0.027718,0,0,2
283,host-20,1,0,14,1,0,0,0.042719,0,32000,1367,0.042719,131072,1242,0.009476,0,0,1
283,host-21,2,0,14,2,0,0,0.054656,0,32000,1749,0.054656,131072,965,0.007362,0,0,2
283,host-22,1,0,14,1,0,0,0.052875,0,32000,1692,0.052875,131072,2022,0.015427,0,0,1
283,host-23,2,0,14,2,0,0,0.117750,0,32000,3768,0.117750,131072,3518,0.026840,0,0,2
283,host-24,1,0,14,1,0,0,0.057906,0,32000,1853,0.057906,131072,1407,0.010735,0,0,1
283,host-3,1,0,14,1,0,0,0.072156,0,32000,2309,0.072156,131072,2949,0.022499,0,0,1
283,host-4,2,0,14,2,0,0,0.115937,0,32000,3710,0.115937,131072,2957,0.022560,0,0,2
283,host-5,0,0,14,0,0,0,0.000000,0,32000,0,0.000000,131072,0,0.000000,0,0,0
283,host-6,2,1,14,2,1,0,0.084375,0,32000,2700,0.084375,131072,2989,0.022804,1,0,1
283,host-7,2,0,14,2,0,0,0.080312,0,32000,2570,0.080312,131072,2794,0.021317,0,0,2
283,host-8,2,0,14,2,0,0,0.103219,0,32000,3303,0.103219,131072,2001,0.015266,0,0,2
283,host-9,2,0,14,2,0,0,0.051937,0,32000,1662,0.051937,131072,2098,0.016006,0,0,2
284,host-1,1,0,14,1,0,0,0.035250,0,32000,1128,0.035250,131072,1630,0.012436,0,0,1
284,host-10,3,0,14,3,0,0,0.087375,0,32000,2796,0.087375,131072,3395,0.025902,0,0,3
284,host-11,3,0,14,3,0,0,0.105844,0,32000,3387,0.105844,131072,2836,0.021637,0,0,3
284,host-12,1,0,14,1,0,0,0.052937,0,32000,1694,0.052937,131072,2261,0.017250,0,0,1
284,host-13,1,0,14,1,0,0,0.062156,0,32000,1989,0.062156,131072,1467,0.011192,0,0,1
284,host-14,1,0,14,1,0,0,0.065844,0,32000,2107,0.065844,131072,1863,0.014214,0,0,1
284,host-15,2,0,14,2,0,0,0.083281,0,32000,2665,0.083281,131072,3580,0.027313,0,0,2
284,host-16,1,0,14,1,0,0,0.027781,0,32000,889,0.027781,131072,522,0.003983,0,0,1
284,host-17,1,1,14,1,1,0,0.064062,0,32000,2050,0.064062,131072,2686,0.020493,1,0,0
284,host-18,1,0,14,1,0,0,0.050937,0,32000,1630,0.050937,131072,1533,0.011696,0,0,1
284,host-19,1,0,14,1,0,0,0.074125,0,32000,2372,0.074125,131072,2377,0.018135,0,0,1
284,host-2,1,0,14,1,0,0,0.066375,0,32000,2124,0.066375,131072,2384,0.018188,0,0,1
284,host-20,1,0,14,1,0,0,0.042719,0,32000,1367,0.042719,131072,1242,0.009476,0,0,1
284,host-21,2,0,14,2,0,0,0.054656,0,32000,1749,0.054656,131072,965,0.007362,0,0,2
284,host-22,1,0,14,1,0,0,0.052875,0,32000,1692,0.052875,131072,2022,0.015427,0,0,1
284,host-23,2,0,14,2,0,0,0.117750,0,32000,3768,0.117750,131072,3518,0.026840,0,0,2
284,host-24,0,0,14,0,0,0,0.000000,0,32000,0,0.000000,131072,0,0.000000,0,0,0
284,host-3,1,0,14,1,0,0,0.072156,0,32000,2309,0.072156,131072,2949,0.022499,0,0,1
284,host-4,2,0,14,2,0,0,0.115937,0,32000,3710,0.115937,131072,2957,0.022560,0,0,2
284,host-5,0,0,14,0,0,0,0.000000,0,32000,0,0.000000,131072,0,0.000000,0,0,0
284,host-6,2,0,14,2,0,0,0.084375,0,32000,2700,0.084375,131072,2989,0.022804,0,0,2
284,host-7,2,0,14,2,0,0,0.080312,0,32000,2570,0.080312,131072,2794,0.021317,0,0,2
284,host-8,2,0,14,2,0,0,0.103219,0,32000,3303,0.103219,131072,2001,0.015266,0,0,2
284,host-9,2,0,14,2,0,0,0.051937,0,32000,1662,0.051937,131072,2098,0.016006,0,0,2
285,host-1,1,0,14,1,0,0,0.035250,0,32000,1128,0.035250,131072,1630,0.012436,0,0,1
285,host-10,3,0,14,3,0,0,0.087375,0,32000,2796,0.087375,131072,3395,0.025902,0,0,3
285,host-11,3,0,14,3,0,0,0.105844,0,32000,3387,0.105844,131072,2836,0.021637,0,0,3
285,host-12,1,0,14,1,0,0,0.052937,0,32000,1694,0.052937,131072,2261,0.017250,0,0,1
285,host-13,1,0,14,1,0,0,0.062156,0,32000,1989,0.062156,131072,1467,0.011192,0,0,1
285,host-14,1,0,14,1,0,0,0.065844,0,32000,2107,0.065844,131072,1863,0.014214,0,0,1
285,host-15,1,0,14,1,0,0,0.052875,0,32000,1692,0.052875,131072,2022,0.015427,0,0,1
285,host-16,1,0,14,1,0,0,0.027781,0,32000,889,0.027781,131072,522,0.003983,0,0,1
285,host-17,1,0,14,1,0,0,0.064062,0,32000,2050,0.064062,131072,2686,0.020493,0,0,1
285,host-18,1,0,14,1,0,0,0.050937,0,32000,1630,0.050937,131072,1533,0.011696,0,0,1
285,host-19,1,0,14,1,0,0,0.074125,0,32000,2372,0.074125,131072,2377,0.018135,0,0,1
285,host-2,1,0,14,1,0,0,0.066375,0,32000,2124,0.066375,131072,2384,0.018188,0,0,1
285,host-20,1,0,14,1,0,0,0.042719,0,32000,1367,0.042719,131072,1242,0.009476,0,0,1
285,host-21,2,0,14,2,0,0,0.054656,0,32000,1749,0.054656,131072,965,0.007362,0,0,2
285,host-22,1,0,14,1,0,0,0.052875,0,32000,1692,0.052875,131072,2022,0.015427,0,0,1
285,host-23,2,0,14,2,0,0,0.117750,0,32000,3768,0.117750,131072,3518,0.026840,0,0,2
285,host-24,0,0,14,0,0,0,0.000000,0,32000,0,0.000000,131072,0,0.000000,0,0,0
285,host-3,1,0,14,1,0,0,0.072156,0,32000,2309,0.072156,131072,2949,0.022499,0,0,1
285,host-4,2,0,14,2,0,0,0.115937,0,32000,3710,0.115937,131072,2957,0.022560,0,0,2
285,host-5,0,0,14,0,0,0,0.000000,0,32000,0,0.000000,131072,0,0.000000,0,0,0
285,host-6,2,0,14,2,0,0,0.084375,0,32000,2700,0.084375,131072,2989,0.022804,0,0,2
285,host-7,2,0,14,2,0,0,0.080312,0,32000,2570,0.080312,131072,2794,0.021317,0,0,2
285,host-8,2,0,14,2,0,0,0.103219,0,32000,3303,0.103219,131072,2001,0.015266,0,0,2
285,host-9,1,0,14,1,0,0,0.025969,0,32000,831,0.025969,131072,1049,0.008003,0,0,1
286,host-1,1,0,14,1,0,0,0.035250,0,32000,1128,0.035250,131072,1630,0.012436,0,0,1
286,host-10,3,0,14,3,0,0,0.087375,0,32000,2796,0.087375,131072,3395,0.025902,0,0,3
286,host-11,1,0,14,1,0,0,0.026625,0,32000,852,0.026625,131072,1073,0.008186,0,0,1
286,host-12,1,0,14,1,0,0,0.052937,0,32000,1694,0.052937,131072,2261,0.017250,0,0,1
286,host-13,1,0,14,1,0,0,0.062156,0,32000,1989,0.062156,131072,1467,0.011192,0,0,1
286,host-14,1,0,14,1,0,0,0.065844,0,32000,2107,0.065844,131072,1863,0.014214,0,0,1
286,host-15,1,0,14,1,0,0,0.052875,0,32000,1692,0.052875,131072,2022,0.015427,0,0,1
286,host-16,1,1,14,1,1,0,0.027781,0,32000,889,0.027781,131072,522,0.003983,0,1,0
286,host-17,1,0,14,1,0,0,0.064062,0,32000,2050,0.064062,131072,2686,0.020493,0,0,1
286,host-18,1,0,14,1,0,0,0.050937,0,32000,1630,0.050937,131072,1533,0.011696,0,0,1
286,host-19,1,0,14,1,0,0,0.074125,0,32000,2372,0.074125,131072,2377,0.018135,0,0,1
286,host-2,1,0,14,1,0,0,0.066375,0,32000,2124,0.066375,131072,2384,0.018188,0,0,1
286,host-20,1,0,14,1,0,0,0.042719,0,32000,1367,0.042719,131072,1242,0.009476,0,0,1
286,host-21,2,0,14,2,0,0,0.054656,0,32000,1749,0.054656,131072,965,0.007362,0,0,2
286,host-22,1,0,14,1,0,0,0.052875,0,32000,1692,0.052875,131072,2022,0.015427,0,0,1
286,host-23,2,0,14,2,0,0,0.117750,0,32000,3768,0.117750,131072,3518,0.026840,0,0,2
286,host-24,0,0,14,0,0,0,0.000000,0,32000,0,0.000000,131072,0,0.000000,0,0,0
286,host-3,1,0,14,1,0,0,0.072156,0,32000,2309,0.072156,131072,2949,0.022499,0,0,1
286,host-4,2,0,14,2,0,0,0.115937,0,32000,3710,0.115937,131072,2957,0.022560,0,0,2
286,host-5,0,0,14,0,0,0,0.000000,0,32000,0,0.000000,131072,0,0.000000,0,0,0
286,host-6,2,0,14,2,0,0,0.084375,0,32000,2700,0.084375,131072,2989,0.022804,0,0,2
286,host-7,1,0,14,1,0,0,0.048469,0,32000,1551,0.048469,131072,2231,0.017021,0,0,1
286,host-8,2,0,14,2,0,0,0.103219,0,32000,3303,0.103219,131072,2001,0.015266,0,0,2
286,host-9,0,0,14,0,0,0,0.000000,0,32000,0,0.000000,131072,0,0.000000,0,0,0
287,host-1,1,0,14,1,0,0,0.035250,0,32000,1128,0.035250,131072,1630,0.012436,0,0,1
287,host-10,2,0,14,2,0,0,0.059125,0,32000,1892,0.059125,131072,2030,0.015488,0,0,2
287,host-11,1,0,14,1,0,0,0.026625,0,32000,852,0.026625,131072,1073,0.008186,0,0,1
287,host-12,1,0,14,1,0,0,0.052937,0,32000,1694,0.052937,131072,2261,0.017250,0,0,1
287,host-13,1,0,14,1,0,0,0.062156,0,32000,1989,0.062156,131072,1467,0.011192,0,0,1
287,host-14,1,0,14,1,0,0,0.065844,0,32000,2107,0.065844,131072,1863,0.014214,0,0,1
287,host-15,1,0,14,1,0,0,0.052875,0,32000,1692,0.052875,131072,2022,0.015427,0,0,1
287,host-16,1,0,14,1,0,0,0.027781,0,32000,889,0.027781,131072,522,0.003983,0,0,1
287,host-17,1,0,14,1,0,0,0.064062,0,32000,2050,0.064062,131072,2686,0.020493,0,0,1
287,host-18,1,0,14,1,0,0,0.050937,0,32000,1630,0.050937,131072,1533,0.011696,0,0,1
287,host-19,1,0,14,1,0,0,0.074125,0,32000,2372,0.074125,131072,2377,0.018135,0,0,1
287,host-2,1,0,14,1,0,0,0.066375,0,32000,2124,0.066375,131072,2384,0.018188,0,0,1
287,host-20,0,0,14,0,0,0,0.000000,0,32000,0,0.000000,131072,0,0.000000,0,0,0
287,host-21,2,0,14,2,0,0,0.054656,0,32000,1749,0.054656,131072,965,0.007362,0,0,2
287,host-22,1,0,14,1,0,0,0.052875,0,32000,1692,0.052875,131072,2022,0.015427,0,0,1
287,host-23,1,0,14,1,0,0,0.063187,0,32000,2022,0.063187,131072,2269,0.017311,0,0,1
287,host-24,0,0,14,0,0,0,0.000000,0,32000,0,0.000000,131072,0,0.000000,0,0,0
287,host-3,1,0,14,1,0,0,0.072156,0,32000,2309,0.072156,131072,2949,0.022499,0,0,1
287,host-4,2,0,14,2,0,0,0.115937,0,32000,3710,0.115937,131072,2957,0.022560,0,0,2
287,host-5,1,1,14,1,1,0,0.042813,0,32000,1370,0.042813,131072,1197,0.009132,1,0,0
287,host-6,2,0,14,2,0,0,0.084375,0,32000,2700,0.084375,131072,2989,0.022804,0,0,2
287,host-7,1,0,14,1,0,0,0.048469,0,32000,1551,0.048469,131072,2231,0.017021,0,0,1
287,host-8,1,0,14,1,0,0,0.044875,0,32000,1436,0.044875,131072,813,0.006203,0,0,1
287,host-9,0,0,14,0,0,0,0.000000,0,32000,0,0.000000,131072,0,0.000000,0,0,0
288,host-1,1,0,14,1,0,0,0.035250,0,32000,1128,0.035250,131072,1630,0.012436,0,0,1
288,host-10,2,0,14,2,0,0,0.059125,0,32000,1892,0.059125,131072,2030,0.015488,0,0,2
288,host-11,1,0,14,1,0,0,0.026625,0,32000,852,0.026625,131072,1073,0.008186,0,0,1
288,host-12,1,0,14,1,0,0,0.052937,0,32000,1694,0.052937,131072,2261,0.017250,0,0,1
288,host-13,1,0,14,1,0,0,0.062156,0,32000,1989,0.062156,131072,1467,0.011192,0,0,1
288,host-14,1,0,14,1,0,0,0.065844,0,32000,2107,0.065844,131072,1863,0.014214,0,0,1
288,host-15,1,0,14,1,0,0,0.052875,0,32000,1692,0.052875,131072,2022,0.015427,0,0,1
288,host-16,1,0,14,1,0,0,0.027781,0,32000,889,0.027781,131072,522,0.003983,0,0,1
288,host-17,1,0,14,1,0,0,0.064062,0,32000,2050,0.064062,131072,2686,0.020493,0,0,1
288,host-18,1,0,14,1,0,0,0.050937,0,32000,1630,0.050937,131072,1533,0.011696,0,0,1
288,host-19,1,0,14,1,0,0,0.074125,0,32000,2372,0.074125,131072,2377,0.018135,0,0,1
288,host-2,1,0,14,1,0,0,0.066375,0,32000,2124,0.066375,131072,2384,0.018188,0,0,1
288,host-20,1,1,14,1,1,0,0.047969,0,32000,1535,0.047969,131072,1525,0.011635,1,0,0
288,host-21,2,0,14,2,0,0,0.054656,0,32000,1749,0.054656,131072,965,0.007362,0,0,2
288,host-22,1,0,14,1,0,0,0.052875,0,32000,1692,0.052875,131072,2022,0.015427,0,0,1
288,host-23,1,0,14,1,0,0,0.063187,0,32000,2022,0.063187,131072,2269,0.017311,0,0,1
288,host-24,1,1,14,1,1,0,0.058937,0,32000,1886,0.058937,131072,2321,0.017708,1,0,0
288,host-3,1,1,14,1,1,0,0.038250,0,32000,1224,0.038250,131072,833,0.006355,1,0,0
288,host-4,2,0,14,2,0,0,0.115937,0,32000,3710,0.115937,131072,2957,0.022560,0,0,2
288,host-5,1,1,14,1,1,0,0.042813,0,32000,1370,0.042813,131072,1197,0.009132,0,1,0
288,host-6,2,0,14,2,0,0,0.084375,0,32000,2700,0.084375,131072,2989,0.022804,0,0,2
288,host-7,1,0,14,1,0,0,0.048469,0,32000,1551,0.048469,131072,2231,0.017021,0,0,1
288,host-8,0,0,14,0,0,0,0.000000,0,32000,0,0.000000,131072,0,0.000000,0,0,0
288,host-9,0,0,14,0,0,0,0.000000,0,32000,0,0.000000,131072,0,0.000000,0,0,0
289,host-1,1,0,14,1,0,0,0.035250,0,32000,1128,0.035250,131072,1630,0.012436,0,0,1
289,host-10,0,0,14,0,0,0,0.000000,0,32000,0,0.000000,131072,0,0.000000,0,0,0
289,host-11,1,0,14,1,0,0,0.026625,0,32000,852,0.026625,131072,1073,0.008186,0,0,1
289,host-12,1,0,14,1,0,0,0.052937,0,32000,1694,0.052937,131072,2261,0.017250,0,0,1
289,host-13,1,0,14,1,0,0,0.062156,0,32000,1989,0.062156,131072,1467,0.011192,0,0,1
289,host-14,1,0,14,1,0,0,0.065844,0,32000,2107,0.065844,131072,1863,0.014214,0,0,1
289,host-15,1,0,14,1,0,0,0.052875,0,32000,1692,0.052875,131072,2022,0.015427,0,0,1
289,host-16,1,0,14,1,0,0,0.027781,0,32000,889,0.027781,131072,522,0.003983,0,0,1
289,host-17,1,0,14,1,0,0,0.064062,0,32000,2050,0.064062,131072,2686,0.020493,0,0,1
289,host-18,1,0,14,1,0,0,0.050937,0,32000,1630,0.050937,131072,1533,0.011696,0,0,1
289,host-19,1,0,14,1,0,0,0.074125,0,32000,2372,0.074125,131072,2377,0.018135,0,0,1
289,host-2,1,0,14,1,0,0,0.066375,0,32000,2124,0.066375,131072,2384,0.018188,0,0,1
289,host-20,1,0,14,1,0,0,0.047969,0,32000,1535,0.047969,131072,1525,0.011635,0,0,1
289,host-21,2,0,14,2,0,0,0.054656,0,32000,1749,0.054656,131072,965,0.007362,0,0,2
289,host-22,1,0,14,1,0,0,0.052875,0,32000,1692,0.052875,131072,2022,0.015427,0,0,1
289,host-23,1,0,14,1,0,0,0.063187,0,32000,2022,0.063187,131072,2269,0.017311,0,0,1
289,host-24,1,0,14,1,0,0,0.058937,0,32000,1886,0.058937,131072,2321,0.017708,0,0,1
289,host-3,1,0,14,1,0,0,0.038250,0,32000,1224,0.038250,131072,833,0.006355,0,0,1
289,host-4,2,0,14,2,0,0,0.115937,0,32000,3710,0.115937,131072,2957,0.022560,0,0,2
289,host-5,1,0,14,1,0,0,0.042813,0,32000,1370,0.042813,131072,1197,0.009132,0,0,1
289,host-6,2,0,14,2,0,0,0.084375,0,32000,2700,0.084375,131072,2989,0.022804,0,0,2
289,host-7,1,0,14,1,0,0,0.048469,0,32000,1551,0.048469,131072,2231,0.017021,0,0,1
289,host-8,0,0,14,0,0,0,0.000000,0,32000,0,0.000000,131072,0,0.000000,0,0,0
289,host-9,1,1,14,1,1,0,0.041281,0,32000,1321,0.041281,131072,1621,0.012367,1,0,0
290,host-1,1,0,14,1,0,0,0.035250,0,32000,1128,0.035250,131072,1630,0.012436,0,0,1
290,host-10,0,0,14,0,0,0,0.000000,0,32000,0,0.000000,131072,0,0.000000,0,0,0
290,host-11,1,0,14,1,0,0,0.026625,0,32000,852,0.026625,131072,1073,0.008186,0,0,1
290,host-12,1,0,14,1,0,0,0.052937,0,32000,1694,0.052937,131072,2261,0.017250,0,0,1
290,host-13,1,0,14,1,0,0,0.062156,0,32000,1989,0.062156,131072,1467,0.011192,0,0,1
290,host-14,1,0,14,1,0,0,0.065844,0,32000,2107,0.065844,131072,1863,0.014214,0,0,1
290,host-15,1,0,14,1,0,0,0.052875,0,32000,1692,0.052875,131072,2022,0.015427,0,0,1
290,host-16,1,0,14,1,0,0,0.027781,0,32000,889,0.027781,131072,522,0.003983,0,0,1
290,host-17,1,0,14,1,0,0,0.064062,0,32000,2050,0.064062,131072,2686,0.020493,0,0,1
290,host-18,1,0,14,1,0,0,0.050937,0,32000,1630,0.050937,131072,1533,0.011696,0,0,1
290,host-19,1,0,14,1,0,0,0.074125,0,32000,2372,0.074125,131072,2377,0.018135,0,0,1
290,host-2,1,0,14,1,0,0,0.066375,0,32000,2124,0.066375,131072,2384,0.018188,0,0,1
290,host-20,1,0,14,1,0,0,0.047969,0,32000,1535,0.047969,131072,1525,0.011635,0,0,1
290,host-21,2,0,14,2,0,0,0.054656,0,32000,1749,0.054656,131072,965,0.007362,0,0,2
290,host-22,1,0,14,1,0,0,0.052875,0,32000,1692,0.052875,131072,2022,0.015427,0,0,1
290,host-23,1,0,14,1,0,0,0.063187,0,32000,2022,0.063187,131072,2269,0.017311,0,0,1
290,host-24,1,0,14,1,0,0,0.058937,0,32000,1886,0.058937,131072,2321,0.017708,0,0,1
290,host-3,1,0,14,1,0,0,0.038250,0,32000,1224,0.038250,131072,833,0.006355,0,0,1
290,host-4,2,0,14,2,0,0,0.115937,0,32000,3710,0.115937,131072,2957,0.022560,0,0,2
290,host-5,1,0,14,1,0,0,0.042813,0,32000,1370,0.042813,131072,1197,0.009132,0,0,1
290,host-6,2,1,14,2,1,0,0.084375,0,32000,2700,0.084375,131072,2989,0.022804,0,1,1
290,host-7,1,0,14,1,0,0,0.048469,0,32000,1551,0.048469,131072,2231,0.017021,0,0,1
290,host-8,0,0,14,0,0,0,0.000000,0,32000,0,0.000000,131072,0,0.000000,0,0,0
290,host-9,1,0,14,1,0,0,0.041281,0,32000,1321,0.041281,131072,1621,0.012367,0,0,1
291,host-1,1,0,14,1,0,0,0.035250,0,32000,1128,0.035250,131072,1630,0.012436,0,0,1
291,host-10,1,1,14,1,1,0,0.068125,0,32000,2180,0.068125,131072,2731,0.020836,1,0,0
291,host-11,2,1,14,2,1,0,0.064969,0,32000,2079,0.064969,131072,1977,0.015083,1,0,1
291,host-12,1,0,14,1,0,0,0.052937,0,32000,1694,0.052937,131072,2261,0.017250,0,0,1
291,host-13,1,0,14,1,0,0,0.062156,0,32000,1989,0.062156,131072,1467,0.011192,0,0,1
291,host-14,1,0,14,1,0,0,0.065844,0,32000,2107,0.065844,131072,1863,0.014214,0,0,1
291,host-15,1,0,14,1,0,0,0.052875,0,32000,1692,0.052875,131072,2022,0.015427,0,0,1
291,host-16,1,0,14,1,0,0,0.027781,0,32000,889,0.027781,131072,522,0.003983,0,0,1
291,host-17,1,0,14,1,0,0,0.064062,0,32000,2050,0.064062,131072,2686,0.020493,0,0,1
291,host-18,1,0,14,1,0,0,0.050937,0,32000,1630,0.050937,131072,1533,0.011696,0,0,1
291,host-19,1,0,14,1,0,0,0.074125,0,32000,2372,0.074125,131072,2377,0.018135,0,0,1
291,host-2,1,0,14,1,0,0,0.066375,0,32000,2124,0.066375,131072,2384,0.018188,0,0,1
291,host-20,1,0,14,1,0,0,0.047969,0,32000,1535,0.047969,131072,1525,0.011635,0,0,1
291,host-21,2,0,14,2,0,0,0.054656,0,32000,1749,0.054656,131072,965,0.007362,0,0,2
291,host-22,1,0,14,1,0,0,0.052875,0,32000,1692,0.052875,131072,2022,0.015427,0,0,1
291,host-23,1,1,14,1,1,0,0.063187,0,32000,2022,0.063187,131072,2269,0.017311,0,1,0
291,host-24,1,0,14,1,0,0,0.058937,0,32000,1886,0.058937,131072,2321,0.017708,0,0,1
291,host-3,1,0,14,1,0,0,0.038250,0,32000,1224,0.038250,131072,833,0.006355,0,0,1
291,host-4,2,0,14,2,0,0,0.115937,0,32000,3710,0.115937,131072,2957,0.022560,0,0,2
291,host-5,1,0,14,1,0,0,0.042813,0,32000,1370,0.042813,131072,1197,0.009132,0,0,1
291,host-6,2,0,14,2,0,0,0.084375,0,32000,2700,0.084375,131072,2989,0.022804,0,0,2
291,host-7,1,0,14,1,0,0,0.048469,0,32000,1551,0.048469,131072,2231,0.017021,0,0,1
291,host-8,1,1,14,1,1,0,0.050812,0,32000,1626,0.050812,131072,1583,0.012077,1,0,0
291,host-9,1,0,14,1,0,0,0.041281,0,32000,1321,0.041281,131072,1621,0.012367,0,0,1
292,host-1,1,0,14,1,0,0,0.035250,0,32000,1128,0.035250,131072,1630,0.012436,0,0,1
292,host-10,1,1,14,1,1,0,0.068125,0,32000,2180,0.068125,131072,2731,0.020836,1,0,0
292,host-11,2,1,14,2,1,0,0.064969,0,32000,2079,0.064969,131072,1977,0.015083,1,0,1
292,host-12,1,0,14,1,0,0,0.052937,0,32000,1694,0.052937,131072,2261,0.017250,0,0,1
292,host-13,1,0,14,1,0,0,0.062156,0,32000,1989,0.062156,131072,1467,0.011192,0,0,1
292,host-14,1,0,14,1,0,0,0.065844,0,32000,2107,0.065844,131072,1863,0.014214,0,0,1
292,host-15,1,0,14,1,0,0,0.052875,0,32000,1692,0.052875,131072,2022,0.015427,0,0,1
292,host-16,2,1,14,2,1,0,0.072375,0,32000,2316,0.072375,131072,1747,0.013329,1,0,1
292,host-17,1,0,14,1,0,0,0.064062,0,32000,2050,0.064062,131072,2686,0.020493,0,0,1
292,host-18,1,0,14,1,0,0,0.050937,0,32000,1630,0.050937,131072,1533,0.011696,0,0,1
292,host-19,1,0,14,1,0,0,0.074125,0,32000,2372,0.074125,131072,2377,0.018135,0,0,1
292,host-2,1,0,14,1,0,0,0.066375,0,32000,2124,0.066375,131072,2384,0.018188,0,0,1
292,host-20,1,0,14,1,0,0,0.047969,0,32000,1535,0.047969,131072,1525,0.011635,0,0,1
292,host-21,2,0,14,2,0,0,0.054656,0,32000,1749,0.054656,131072,965,0.007362,0,0,2
292,host-22,1,0,14,1,0,0,0.052875,0,32000,1692,0.052875,131072,2022,0.015427,0,0,1
292,host-23,1,0,14,1,0,0,0.063187,0,32000,2022,0.063187,131072,2269,0.017311,0,0,1
292,host-24,1,0,14,1,0,0,0.058937,0,32000,1886,0.058937,131072,2321,0.017708,0,0,1
292,host-3,1,0,14,1,0,0,0.038250,0,32000,1224,0.038250,131072,833,0.006355,0,0,1
292,host-4,2,0,14,2,0,0,0.115937,0,32000,3710,0.115937,131072,2957,0.022560,0,0,2
292,host-5,1,0,14,1,0,0,0.042813,0,32000,1370,0.042813,131072,1197,0.009132,0,0,1
292,host-6,2,0,14,2,0,0,0.084375,0,32000,2700,0.084375,131072,2989,0.022804,0,0,2
292,host-7,1,0,14,1,0,0,0.048469,0,32000,1551,0.048469,131072,2231,0.017021,0,0,1
292,host-8,1,1,14,1,1,0,0.050812,0,32000,1626,0.050812,131072,1583,0.012077,1,0,0
292,host-9,1,0,14,1,0,0,0.041281,0,32000,1321,0.041281,131072,1621,0.012367,0,0,1
293,host-1,2,1,14,2,1,0,0.107406,0,32000,3437,0.107406,131072,4579,0.034935,1,0,1
293,host-10,1,0,14,1,0,0,0.068125,0,32000,2180,0.068125,131072,2731,0.020836,0,0,1
293,host-11,2,1,14,2,1,0,0.064969,0,32000,2079,0.064969,131072,1977,0.015083,0,1,1
293,host-12,1,0,14,1,0,0,0.052937,0,32000,1694,0.052937,131072,2261,0.017250,0,0,1
293,host-13,1,0,14,1,0,0,0.062156,0,32000,1989,0.062156,131072,1467,0.011192,0,0,1
293,host-14,1,0,14,1,0,0,0.065844,0,32000,2107,0.065844,131072,1863,0.014214,0,0,1
293,host-15,1,0,14,1,0,0,0.052875,0,32000,1692,0.052875,131072,2022,0.015427,0,0,1
293,host-16,2,0,14,2,0,0,0.072375,0,32000,2316,0.072375,131072,1747,0.013329,0,0,2
293,host-17,1,0,14,1,0,0,0.064062,0,32000,2050,0.064062,131072,2686,0.020493,0,0,1
293,host-18,1,0,14,1,0,0,0.050937,0,32000,1630,0.050937,131072,1533,0.011696,0,0,1
293,host-19,1,0,14,1,0,0,0.074125,0,32000,2372,0.074125,131072,2377,0.018135,0,0,1
293,host-2,1,0,14,1,0,0,0.066375,0,32000,2124,0.066375,131072,2384,0.018188,0,0,1
293,host-20,1,0,14,1,0,0,0.047969,0,32000,1535,0.047969,131072,1525,0.011635,0,0,1
293,host-21,2,0,14,2,0,0,0.054656,0,32000,1749,0.054656,131072,965,0.007362,0,0,2
293,host-22,1,0,14,1,0,0,0.052875,0,32000,1692,0.052875,131072,2022,0.015427,0,0,1
293,host-23,1,0,14,1,0,0,0.063187,0,32000,2022,0.063187,131072,2269,0.017311,0,0,1
293,host-24,1,0,14,1,0,0,0.058937,0,32000,1886,0.058937,131072,2321,0.017708,0,0,1
293,host-3,1,0,14,1,0,0,0.038250,0,32000,1224,0.038250,131072,833,0.006355,0,0,1
293,host-4,2,0,14,2,0,0,0.115937,0,32000,3710,0.115937,131072,2957,0.022560,0,0,2
293,host-5,1,0,14,1,0,0,0.042813,0,32000,1370,0.042813,131072,1197,0.009132,0,0,1
293,host-6,2,0,14,2,0,0,0.084375,0,32000,2700,0.084375,131072,2989,0.022804,0,0,2
293,host-7,1,0,14,1,0,0,0.048469,0,32000,1551,0.048469,131072,2231,0.017021,0,0,1
293,host-8,1,0,14,1,0,0,0.050812,0,32000,1626,0.050812,131072,1583,0.012077,0,0,1
293,host-9,1,0,14,1,0,0,0.041281,0,32000,1321,0.041281,131072,1621,0.012367,0,0,1
294,host-1,2,1,14,2,1,0,0.107406,0,32000,3437,0.107406,131072,4579,0.034935,0,1,1
294,host-10,1,0,14,1,0,0,0.068125,0,32000,2180,0.068125,131072,2731,0.020836,0,0,1
294,host-11,2,0,14,2,0,0,0.064969,0,32000,2079,0.064969,131072,1977,0.015083,0,0,2
294,host-12,1,0,14,1,0,0,0.052937,0,32000,1694,0.052937,131072,2261,0.017250,0,0,1
294,host-13,1,1,14,1,1,0,0.029562,0,32000,946,0.029562,131072,1015,0.007744,1,0,0
294,host-14,1,0,14,1,0,0,0.065844,0,32000,2107,0.065844,131072,1863,0.014214,0,0,1
294,host-15,1,0,14,1,0,0,0.052875,0,32000,1692,0.052875,131072,2022,0.015427,0,0,1
294,host-16,2,0,14,2,0,0,0.072375,0,32000,2316,0.072375,131072,1747,0.013329,0,0,2
294,host-17,1,0,14,1,0,0,0.064062,0,32000,2050,0.064062,131072,2686,0.020493,0,0,1
294,host-18,1,0,14,1,0,0,0.050937,0,32000,1630,0.050937,131072,1533,0.011696,0,0,1
294,host-19,1,0,14,1,0,0,0.074125,0,32000,2372,0.074125,131072,2377,0.018135,0,0,1
294,host-2,1,1,14,1,1,0,0.066375,0,32000,2124,0.066375,131072,2384,0.018188,0,1,0
294,host-20,1,0,14,1,0,0,0.047969,0,32000,1535,0.047969,131072,1525,0.011635,0,0,1
294,host-21,2,0,14,2,0,0,0.054656,0,32000,1749,0.054656,131072,965,0.007362,0,0,2
294,host-22,1,0,14,1,0,0,0.052875,0,32000,1692,0.052875,131072,2022,0.015427,0,0,1
294,host-23,1,0,14,1,0,0,0.063187,0,32000,2022,0.063187,131072,2269,0.017311,0,0,1
294,host-24,1,0,14,1,0,0,0.058937,0,32000,1886,0.058937,131072,2321,0.017708,0,0,1
294,host-3,1,0,14,1,0,0,0.038250,0,32000,1224,0.038250,131072,833,0.006355,0,0,1
294,host-4,2,0,14,2,0,0,0.115937,0,32000,3710,0.115937,131072,2957,0.022560,0,0,2
294,host-5,1,0,14,1,0,0,0.042813,0,32000,1370,0.042813,131072,1197,0.009132,0,0,1
294,host-6,2,0,14,2,0,0,0.084375,0,32000,2700,0.084375,131072,2989,0.022804,0,0,2
294,host-7,1,0,14,1,0,0,0.048469,0,32000,1551,0.048469,131072,2231,0.017021,0,0,1
294,host-8,1,0,14,1,0,0,0.050812,0,32000,1626,0.050812,131072,1583,0.012077,0,0,1
294,host-9,1,0,14,1,0,0,0.041281,0,32000,1321,0.041281,131072,1621,0.012367,0,0,1
295,host-1,2,0,14,2,0,0,0.107406,0,32000,3437,0.107406,131072,4579,0.034935,0,0,2
295,host-10,1,0,14,1,0,0,0.068125,0,32000,2180,0.068125,131072,2731,0.020836,0,0,1
295,host-11,2,0,14,2,0,0,0.064969,0,32000,2079,0.064969,131072,1977,0.015083,0,0,2
295,host-12,1,0,14,1,0,0,0.052937,0,32000,1694,0.052937,131072,2261,0.017250,0,0,1
295,host-13,2,2,14,2,2,0,0.059125,0,32000,1892,0.059125,131072,2030,0.015488,2,0,0
295,host-14,1,0,14,1,0,0,0.065844,0,32000,2107,0.065844,131072,1863,0.014214,0,0,1
295,host-15,1,0,14,1,0,0,0.052875,0,32000,1692,0.052875,131072,2022,0.015427,0,0,1
295,host-16,2,0,14,2,0,0,0.072375,0,32000,2316,0.072375,131072,1747,0.013329,0,0,2
295,host-17,1,1,14,1,1,0,0.064062,0,32000,2050,0.064062,131072,2686,0.020493,0,1,0
295,host-18,1,0,14,1,0,0,0.050937,0,32000,1630,0.050937,131072,1533,0.011696,0,0,1
295,host-19,1,0,14,1,0,0,0.074125,0,32000,2372,0.074125,131072,2377,0.018135,0,0,1
295,host-2,1,0,14,1,0,0,0.066375,0,32000,2124,0.066375,131072,2384,0.018188,0,0,1
295,host-20,1,0,14,1,0,0,0.047969,0,32000,1535,0.047969,131072,1525,0.011635,0,0,1
295,host-21,2,0,14,2,0,0,0.054656,0,32000,1749,0.054656,131072,965,0.007362,0,0,2
295,host-22,0,0,14,0,0,0,0.000000,0,32000,0,0.000000,131072,0,0.000000,0,0,0
295,host-23,1,0,14,1,0,0,0.063187,0,32000,2022,0.063187,131072,2269,0.017311,0,0,1
295,host-24,1,0,14,1,0,0,0.058937,0,32000,1886,0.058937,131072,2321,0.017708,0,0,1
295,host-3,1,0,14,1,0,0,0.038250,0,32000,1224,0.038250,131072,833,0.006355,0,0,1
295,host-4,2,0,14,2,0,0,0.115937,0,32000,3710,0.115937,131072,2957,0.022560,0,0,2
295,host-5,1,0,14,1,0,0,0.042813,0,32000,1370,0.042813,131072,1197,0.009132,0,0,1
295,host-6,2,0,14,2,0,0,0.084375,0,32000,2700,0.084375,131072,2989,0.022804,0,0,2
295,host-7,1,0,14,1,0,0,0.048469,0,32000,1551,0.048469,131072,2231,0.017021,0,0,1
295,host-8,1,0,14,1,0,0,0.050812,0,32000,1626,0.050812,131072,1583,0.012077,0,0,1
295,host-9,1,0,14,1,0,0,0.041281,0,32000,1321,0.041281,131072,1621,0.012367,0,0,1
296,host-1,2,0,14,2,0,0,0.107406,0,32000,3437,0.107406,131072,4579,0.034935,0,0,2
296,host-10,1,0,14,1,0,0,0.068125,0,32000,2180,0.068125,131072,2731,0.020836,0,0,1
296,host-11,2,0,14,2,0,0,0.064969,0,32000,2079,0.064969,131072,1977,0.015083,0,0,2
296,host-12,1,0,14,1,0,0,0.052937,0,32000,1694,0.052937,131072,2261,0.017250,0,0,1
296,host-13,2,0,14,2,0,0,0.059125,0,32000,1892,0.059125,131072,2030,0.015488,0,0,2
296,host-14,1,0,14,1,0,0,0.065844,0,32000,2107,0.065844,131072,1863,0.014214,0,0,1
296,host-15,0,0,14,0,0,0,0.000000,0,32000,0,0.000000,131072,0,0.000000,0,0,0
296,host-16,2,0,14,2,0,0,0.072375,0,32000,2316,0.072375,131072,1747,0.013329,0,0,2
296,host-17,1,0,14,1,0,0,0.064062,0,32000,2050,0.064062,131072,2686,0.020493,0,0,1
296,host-18,1,0,14,1,0,0,0.050937,0,32000,1630,0.050937,131072,1533,0.011696,0,0,1
296,host-19,1,0,14,1,0,0,0.074125,0,32000,2372,0.074125,131072,2377,0.018135,0,0,1
296,host-2,1,0,14,1,0,0,0.066375,0,32000,2124,0.066375,131072,2384,0.018188,0,0,1
296,host-20,1,0,14,1,0,0,0.047969,0,32000,1535,0.047969,131072,1525,0.011635,0,0,1
296,host-21,2,0,14,2,0,0,0.054656,0,32000,1749,0.054656,131072,965,0.007362,0,0,2
296,host-22,0,0,14,0,0,0,0.000000,0,32000,0,0.000000,131072,0,0.000000,0,0,0
296,host-23,1,0,14,1,0,0,0.063187,0,32000,2022,0.063187,131072,2269,0.017311,0,0,1
296,host-24,1,0,14,1,0,0,0.058937,0,32000,1886,0.058937,131072,2321,0.017708,0,0,1
296,host-3,1,0,14,1,0,0,0.038250,0,32000,1224,0.038250,131072,833,0.006355,0,0,1
296,host-4,1,0,14,1,0,0,0.058438,0,32000,1870,0.058438,131072,1715,0.013084,0,0,1
296,host-5,1,0,14,1,0,0,0.042813,0,32000,1370,0.042813,131072,1197,0.009132,0,0,1
296,host-6,2,0,14,2,0,0,0.084375,0,32000,2700,0.084375,131072,2989,0.022804,0,0,2
296,host-7,1,0,14,1,0,0,0.048469,0,32000,1551,0.048469,131072,2231,0.017021,0,0,1
296,host-8,1,0,14,1,0,0,0.050812,0,32000,1626,0.050812,131072,1583,0.012077,0,0,1
296,host-9,1,0,14,1,0,0,0.041281,0,32000,1321,0.041281,131072,1621,0.012367,0,0,1
297,host-1,2,0,14,2,0,0,0.107406,0,32000,3437,0.107406,131072,4579,0.034935,0,0,2
297,host-10,1,0,14,1,0,0,0.068125,0,32000,2180,0.068125,131072,2731,0.020836,0,0,1
297,host-11,2,0,14,2,0,0,0.064969,0,32000,2079,0.064969,131072,1977,0.015083,0,0,2
297,host-12,1,0,14,1,0,0,0.052937,0,32000,1694,0.052937,131072,2261,0.017250,0,0,1
297,host-13,2,0,14,2,0,0,0.059125,0,32000,1892,0.059125,131072,2030,0.015488,0,0,2
297,host-14,0,0,14,0,0,0,0.000000,0,32000,0,0.000000,131072,0,0.000000,0,0,0
297,host-15,0,0,14,0,0,0,0.000000,0,32000,0,0.000000,131072,0,0.000000,0,0,0
297,host-16,2,0,14,2,0,0,0.072375,0,32000,2316,0.072375,131072,1747,0.013329,0,0,2
297,host-17,1,0,14,1,0,0,0.064062,0,32000,2050,0.064062,131072,2686,0.020493,0,0,1
297,host-18,1,0,14,1,0,0,0.050937,0,32000,1630,0.050937,131072,1533,0.011696,0,0,1
297,host-19,1,0,14,1,0,0,0.074125,0,32000,2372,0.074125,131072,2377,0.018135,0,0,1
297,host-2,1,0,14,1,0,0,0.066375,0,32000,2124,0.066375,131072,2384,0.018188,0,0,1
297,host-20,1,0,14,1,0,0,0.047969,0,32000,1535,0.047969,131072,1525,0.011635,0,0,1
297,host-21,1,0,14,1,0,0,0.026875,0,32000,860,0.026875,131072,531,0.004051,0,0,1
297,host-22,0,0,14,0,0,0,0.000000,0,32000,0,0.000000,131072,0,0.000000,0,0,0
297,host-23,1,0,14,1,0,0,0.063187,0,32000,2022,0.063187,131072,2269,0.017311,0,0,1
297,host-24,1,0,14,1,0,0,0.058937,0,32000,1886,0.058937,131072,2321,0.017708,0,0,1
297,host-3,1,0,14,1,0,0,0.038250,0,32000,1224,0.038250,131072,833,0.006355,0,0,1
297,host-4,1,0,14,1,0,0,0.058438,0,32000,1870,0.058438,131072,1715,0.013084,0,0,1
297,host-5,1,0,14,1,0,0,0.042813,0,32000,1370,0.042813,131072,1197,0.009132,0,0,1
297,host-6,2,0,14,2,0,0,0.084375,0,32000,2700,0.084375,131072,2989,0.022804,0,0,2
297,host-7,1,0,14,1,0,0,0.048469,0,32000,1551,0.048469,131072,2231,0.017021,0,0,1
297,host-8,1,0,14,1,0,0,0.050812,0,32000,1626,0.050812,131072,1583,0.012077,0,0,1
297,host-9,1,0,14,1,0,0,0.041281,0,32000,1321,0.041281,131072,1621,0.012367,0,0,1
298,host-1,2,0,14,2,0,0,0.107406,0,32000,3437,0.107406,131072,4579,0.034935,0,0,2
298,host-10,1,0,14,1,0,0,0.068125,0,32000,2180,0.068125,131072,2731,0.020836,0,0,1
298,host-11,2,0,14,2,0,0,0.064969,0,32000,2079,0.064969,131072,1977,0.015083,0,0,2
298,host-12,1,0,14,1,0,0,0.052937,0,32000,1694,0.052937,131072,2261,0.017250,0,0,1
298,host-13,2,0,14,2,0,0,0.059125,0,32000,1892,0.059125,131072,2030,0.015488,0,0,2
298,host-14,0,0,14,0,0,0,0.000000,0,32000,0,0.000000,131072,0,0.000000,0,0,0
298,host-15,0,0,14,0,0,0,0.000000,0,32000,0,0.000000,131072,0,0.000000,0,0,0
298,host-16,2,0,14,2,0,0,0.072375,0,32000,2316,0.072375,131072,1747,0.013329,0,0,2
298,host-17,1,0,14,1,0,0,0.064062,0,32000,2050,0.064062,131072,2686,0.020493,0,0,1
298,host-18,1,0,14,1,0,0,0.050937,0,32000,1630,0.050937,131072,1533,0.011696,0,0,1
298,host-19,1,0,14,1,0,0,0.074125,0,32000,2372,0.074125,131072,2377,0.018135,0,0,1
298,host-2,1,0,14,1,0,0,0.066375,0,32000,2124,0.066375,131072,2384,0.018188,0,0,1
298,host-20,1,0,14,1,0,0,0.047969,0,32000,1535,0.047969,131072,1525,0.011635,0,0,1
298,host-21,1,0,14,1,0,0,0.026875,0,32000,860,0.026875,131072,531,0.004051,0,0,1
298,host-22,0,0,14,0,0,0,0.000000,0,32000,0,0.000000,131072,0,0.000000,0,0,0
298,host-23,1,0,14,1,0,0,0.063187,0,32000,2022,0.063187,131072,2269,0.017311,0,0,1
298,host-24,1,0,14,1,0,0,0.058937,0,32000,1886,0.058937,131072,2321,0.017708,0,0,1
298,host-3,1,0,14,1,0,0,0.038250,0,32000,1224,0.038250,131072,833,0.006355,0,0,1
298,host-4,1,0,14,1,0,0,0.058438,0,32000,1870,0.058438,131072,1715,0.013084,0,0,1
298,host-5,1,0,14,1,0,0,0.042813,0,32000,1370,0.042813,131072,1197,0.009132,0,0,1
298,host-6,2,0,14,2,0,0,0.084375,0,32000,2700,0.084375,131072,2989,0.022804,0,0,2
298,host-7,1,0,14,1,0,0,0.048469,0,32000,1551,0.048469,131072,2231,0.017021,0,0,1
298,host-8,1,0,14,1,0,0,0.050812,0,32000,1626,0.050812,131072,1583,0.012077,0,0,1
298,host-9,1,0,14,1,0,0,0.041281,0,32000,1321,0.041281,131072,1621,0.012367,0,0,1
299,host-1,2,0,14,2,0,0,0.107406,0,32000,3437,0.107406,131072,4579,0.034935,0,0,2
299,host-10,1,0,14,1,0,0,0.068125,0,32000,2180,0.068125,131072,2731,0.020836,0,0,1
299,host-11,2,0,14,2,0,0,0.064969,0,32000,2079,0.064969,131072,1977,0.015083,0,0,2
299,host-12,1,0,14,1,0,0,0.052937,0,32000,1694,0.052937,131072,2261,0.017250,0,0,1
299,host-13,2,0,14,2,0,0,0.059125,0,32000,1892,0.059125,131072,2030,0.015488,0,0,2
299,host-14,1,1,14,1,1,0,0.038219,0,32000,1223,0.038219,131072,1424,0.010864,1,0,0
299,host-15,0,0,14,0,0,0,0.000000,0,32000,0,0.000000,131072,0,0.000000,0,0,0
299,host-16,2,0,14,2,0,0,0.072375,0,32000,2316,0.072375,131072,1747,0.013329,0,0,2
299,host-17,1,0,14,1,0,0,0.064062,0,32000,2050,0.064062,131072,2686,0.020493,0,0,1
299,host-18,1,0,14,1,0,0,0.050937,0,32000,1630,0.050937,131072,1533,0.011696,0,0,1
299,host-19,1,0,14,1,0,0,0.074125,0,32000,2372,0.074125,131072,2377,0.018135,0,0,1
299,host-2,1,0,14,1,0,0,0.066375,0,32000,2124,0.066375,131072,2384,0.018188,0,0,1
299,host-20,1,0,14,1,0,0,0.047969,0,32000,1535,0.047969,131072,1525,0.011635,0,0,1
299,host-21,1,0,14,1,0,0,0.026875,0,32000,860,0.026875,131072,531,0.004051,0,0,1
299,host-22,0,0,14,0,0,0,0.000000,0,32000,0,0.000000,131072,0,0.000000,0,0,0
299,host-23,1,0,14,1,0,0,0.063187,0,32000,2022,0.063187,131072,2269,0.017311,0,0,1
299,host-24,1,0,14,1,0,0,0.058937,0,32000,1886,0.058937,131072,2321,0.017708,0,0,1
299,host-3,1,0,14,1,0,0,0.038250,0,32000,1224,0.038250,131072,833,0.006355,0,0,1
299,host-4,1,0,14,1,0,0,0.058438,0,32000,1870,0.058438,131072,1715,0.013084,0,0,1
299,host-5,1,0,14,1,0,0,0.042813,0,32000,1370,0.042813,131072,1197,0.009132,0,0,1
299,host-6,2,0,14,2,0,0,0.084375,0,32000,2700,0.084375,131072,2989,0.022804,0,0,2
299,host-7,1,0,14,1,0,0,0.048469,0,32000,1551,0.048469,131072,2231,0.017021,0,0,1
299,host-8,1,0,14,1,0,0,0.050812,0,32000,1626,0.050812,131072,1583,0.012077,0,0,1
299,host-9,1,0,14,1,0,0,0.041281,0,32000,1321,0.041281,131072,1621,0.012367,0,0,1
300,host-1,2,0,14,2,0,0,0.107406,0,32000,3437,0.107406,131072,4579,0.034935,0,0,2
300,host-10,1,0,14,1,0,0,0.068125,0,32000,2180,0.068125,131072,2731,0.020836,0,0,1
300,host-11,2,0,14,2,0,0,0.064969,0,32000,2079,0.064969,131072,1977,0.015083,0,0,2
300,host-12,1,0,14,1,0,0,0.052937,0,32000,1694,0.052937,131072,2261,0.017250,0,0,1
300,host-13,2,0,14,2,0,0,0.059125,0,32000,1892,0.059125,131072,2030,0.015488,0,0,2
300,host-14,2,1,14,2,1,0,0.097594,0,32000,3123,0.097594,131072,3649,0.027840,1,0,1
300,host-15,1,1,14,1,1,0,0.044000,0,32000,1408,0.044000,131072,1882,0.014359,1,0,0
300,host-16,2,0,14,2,0,0,0.072375,0,32000,2316,0.072375,131072,1747,0.013329,0,0,2
300,host-17,1,0,14,1,0,0,0.064062,0,32000,2050,0.064062,131072,2686,0.020493,0,0,1
300,host-18,1,0,14,1,0,0,0.050937,0,32000,1630,0.050937,131072,1533,0.011696,0,0,1
300,host-19,1,0,14,1,0,0,0.074125,0,32000,2372,0.074125,131072,2377,0.018135,0,0,1
300,host-2,1,0,14,1,0,0,0.066375,0,32000,2124,0.066375,131072,2384,0.018188,0,0,1
300,host-20,1,0,14,1,0,0,0.047969,0,32000,1535,0.047969,131072,1525,0.011635,0,0,1
300,host-21,2,1,14,2,1,0,0.060812,0,32000,1946,0.060812,131072,1615,0.012321,1,0,1
300,host-22,2,2,14,2,2,0,0.059031,0,32000,1889,0.059031,131072,2589,0.019753,2,0,0
300,host-23,1,0,14,1,0,0,0.063187,0,32000,2022,0.063187,131072,2269,0.017311,0,0,1
300,host-24,1,0,14,1,0,0,0.058937,0,32000,1886,0.058937,131072,2321,0.017708,0,0,1
300,host-3,2,1,14,2,1,0,0.092094,0,32000,2947,0.092094,131072,2782,0.021225,1,0,1
300,host-4,1,0,14,1,0,0,0.058438,0,32000,1870,0.058438,131072,1715,0.013084,0,0,1
300,host-5,2,1,14,2,1,0,0.100719,0,32000,3223,0.100719,131072,2604,0.019867,1,0,1
300,host-6,2,0,14,2,0,0,0.084375,0,32000,2700,0.084375,131072,2989,0.022804,0,0,2
300,host-7,1,0,14,1,0,0,0.048469,0,32000,1551,0.048469,131072,2231,0.017021,0,0,1
300,host-8,1,0,14,1,0,0,0.050812,0,32000,1626,0.050812,131072,1583,0.012077,0,0,1
300,host-9,2,1,14,2,1,0,0.084406,0,32000,2701,0.084406,131072,2870,0.021896,1,0,1
301,host-1,2,0,14,2,0,0,0.107406,0,32000,3437,0.107406,131072,4579,0.034935,0,0,2
301,host-10,1,0,14,1,0,0,0.068125,0,32000,2180,0.068125,131072,2731,0.020836,0,0,1
301,host-11,2,0,14,2,0,0,0.064969,0,32000,2079,0.064969,131072,1977,0.015083,0,0,2
301,host-12,1,0,14,1,0,0,0.052937,0,32000,1694,0.052937,131072,2261,0.017250,0,0,1
301,host-13,2,0,14,2,0,0,0.059125,0,32000,1892,0.059125,131072,2030,0.015488,0,0,2
301,host-14,2,1,14,2,1,0,0.097594,0,32000,3123,0.097594,131072,3649,0.027840,1,0,1
301,host-15,2,2,14,2,2,0,0.099031,0,32000,3169,0.099031,131072,3149,0.024025,1,1,0
301,host-16,2,0,14,2,0,0,0.072375,0,32000,2316,0.072375,131072,1747,0.013329,0,0,2
301,host-17,1,0,14,1,0,0,0.064062,0,32000,2050,0.064062,131072,2686,0.020493,0,0,1
301,host-18,1,0,14,1,0,0,0.050937,0,32000,1630,0.050937,131072,1533,0.011696,0,0,1
301,host-19,1,0,14,1,0,0,0.074125,0,32000,2372,0.074125,131072,2377,0.018135,0,0,1
301,host-2,1,0,14,1,0,0,0.066375,0,32000,2124,0.066375,131072,2384,0.018188,0,0,1
301,host-20,1,0,14,1,0,0,0.047969,0,32000,1535,0.047969,131072,1525,0.011635,0,0,1
301,host-21,2,1,14,2,1,0,0.060812,0,32000,1946,0.060812,131072,1615,0.012321,0,1,1
301,host-22,2,0,14,2,0,0,0.059031,0,32000,1889,0.059031,131072,2589,0.019753,0,0,2
301,host-23,1,0,14,1,0,0,0.063187,0,32000,2022,0.063187,131072,2269,0.017311,0,0,1
301,host-24,1,0,14,1,0,0,0.058937,0,32000,1886,0.058937,131072,2321,0.017708,0,0,1
301,host-3,2,0,14,2,0,0,0.092094,0,32000,2947,0.092094,131072,2782,0.021225,0,0,2
301,host-4,1,0,14,1,0,0,0.058438,0,32000,1870,0.058438,131072,1715,0.013084,0,0,1
301,host-5,2,0,14,2,0,0,0.100719,0,32000,3223,0.100719,131072,2604,0.019867,0,0,2
301,host-6,2,0,14,2,0,0,0.084375,0,32000,2700,0.084375,131072,2989,0.022804,0,0,2
301,host-7,1,0,14,1,0,0,0.048469,0,32000,1551,0.048469,131072,2231,0.017021,0,0,1
301,host-8,1,0,14,1,0,0,0.050812,0,32000,1626,0.050812,131072,1583,0.012077,0,0,1
301,host-9,2,1,14,2,1,0,0.084406,0,32000,2701,0.084406,131072,2870,0.021896,1,0,1
302,host-1,2,0,14,2,0,0,0.107406,0,32000,3437,0.107406,131072,4579,0.034935,0,0,2
302,host-10,1,0,14,1,0,0,0.068125,0,32000,2180,0.068125,131072,2731,0.020836,0,0,1
302,host-11,2,0,14,2,0,0,0.064969,0,32000,2079,0.064969,131072,1977,0.015083,0,0,2
302,host-12,1,0,14,1,0,0,0.052937,0,32000,1694,0.052937,131072,2261,0.017250,0,0,1
302,host-13,2,0,14,2,0,0,0.059125,0,32000,1892,0.059125,131072,2030,0.015488,0,0,2
302,host-14,2,0,14,2,0,0,0.097594,0,32000,3123,0.097594,131072,3649,0.027840,0,0,2
302,host-15,2,1,14,2,1,0,0.099031,0,32000,3169,0.099031,131072,3149,0.024025,0,1,1
302,host-16,2,0,14,2,0,0,0.072375,0,32000,2316,0.072375,131072,1747,0.013329,0,0,2
302,host-17,1,0,14,1,0,0,0.064062,0,32000,2050,0.064062,131072,2686,0.020493,0,0,1
302,host-18,1,0,14,1,0,0,0.050937,0,32000,1630,0.050937,131072,1533,0.011696,0,0,1
302,host-19,1,0,14,1,0,0,0.074125,0,32000,2372,0.074125,131072,2377,0.018135,0,0,1
302,host-2,1,0,14,1,0,0,0.066375,0,32000,2124,0.066375,131072,2384,0.018188,0,0,1
302,host-20,2,1,14,2,1,0,0.071125,0,32000,2276,0.071125,131072,2340,0.017853,1,0,1
302,host-21,2,0,14,2,0,0,0.060812,0,32000,1946,0.060812,131072,1615,0.012321,0,0,2
302,host-22,2,0,14,2,0,0,0.059031,0,32000,1889,0.059031,131072,2589,0.019753,0,0,2
302,host-23,1,0,14,1,0,0,0.063187,0,32000,2022,0.063187,131072,2269,0.017311,0,0,1
302,host-24,1,0,14,1,0,0,0.058937,0,32000,1886,0.058937,131072,2321,0.017708,0,0,1
302,host-3,2,0,14,2,0,0,0.092094,0,32000,2947,0.092094,131072,2782,0.021225,0,0,2
302,host-4,1,0,14,1,0,0,0.058438,0,32000,1870,0.058438,131072,1715,0.013084,0,0,1
302,host-5,2,0,14,2,0,0,0.100719,0,32000,3223,0.100719,131072,2604,0.019867,0,0,2
302,host-6,2,0,14,2,0,0,0.084375,0,32000,2700,0.084375,131072,2989,0.022804,0,0,2
302,host-7,2,1,14,2,1,0,0.090969,0,32000,2911,0.090969,131072,3128,0.023865,1,0,1
302,host-8,1,0,14,1,0,0,0.050812,0,32000,1626,0.050812,131072,1583,0.012077,0,0,1
302,host-9,2,0,14,2,0,0,0.084406,0,32000,2701,0.084406,131072,2870,0.021896,0,0,2
303,host-1,2,0,14,2,0,0,0.107406,0,32000,3437,0.107406,131072,4579,0.034935,0,0,2
303,host-10,1,0,14,1,0,0,0.068125,0,32000,2180,0.068125,131072,2731,0.020836,0,0,1
303,host-11,2,0,14,2,0,0,0.064969,0,32000,2079,0.064969,131072,1977,0.015083,0,0,2
303,host-12,2,1,14,2,1,0,0.084875,0,32000,2716,0.084875,131072,2842,0.021683,1,0,1
303,host-13,2,0,14,2,0,0,0.059125,0,32000,1892,0.059125,131072,2030,0.015488,0,0,2
303,host-14,2,0,14,2,0,0,0.097594,0,32000,3123,0.097594,131072,3649,0.027840,0,0,2
303,host-15,2,0,14,2,0,0,0.099031,0,32000,3169,0.099031,131072,3149,0.024025,0,0,2
303,host-16,2,0,14,2,0,0,0.072375,0,32000,2316,0.072375,131072,1747,0.013329,0,0,2
303,host-17,1,0,14,1,0,0,0.064062,0,32000,2050,0.064062,131072,2686,0.020493,0,0,1
303,host-18,2,1,14,2,1,0,0.081437,0,32000,2606,0.081437,131072,2794,0.021317,1,0,1
303,host-19,1,0,14,1,0,0,0.074125,0,32000,2372,0.074125,131072,2377,0.018135,0,0,1
303,host-2,1,0,14,1,0,0,0.066375,0,32000,2124,0.066375,131072,2384,0.018188,0,0,1
303,host-20,2,0,14,2,0,0,0.071125,0,32000,2276,0.071125,131072,2340,0.017853,0,0,2
303,host-21,2,0,14,2,0,0,0.060812,0,32000,1946,0.060812,131072,1615,0.012321,0,0,2
303,host-22,2,0,14,2,0,0,0.059031,0,32000,1889,0.059031,131072,2589,0.019753,0,0,2
303,host-23,1,0,14,1,0,0,0.063187,0,32000,2022,0.063187,131072,2269,0.017311,0,0,1
303,host-24,1,0,14,1,0,0,0.058937,0,32000,1886,0.058937,131072,2321,0.017708,0,0,1
303,host-3,2,0,14,2,0,0,0.092094,0,32000,2947,0.092094,131072,2782,0.021225,0,0,2
303,host-4,2,2,14,2,2,0,0.093969,0,32000,3007,0.093969,131072,3117,0.023781,2,0,0
303,host-5,2,0,14,2,0,0,0.100719,0,32000,3223,0.100719,131072,2604,0.019867,0,0,2
303,host-6,2,0,14,2,0,0,0.084375,0,32000,2700,0.084375,131072,2989,0.022804,0,0,2
303,host-7,2,1,14,2,1,0,0.109031,0,32000,3489,0.109031,131072,3118,0.023788,1,0,1
303,host-8,2,1,14,2,1,0,0.082281,0,32000,2633,0.082281,131072,2291,0.017479,1,0,1
303,host-9,2,0,14,2,0,0,0.084406,0,32000,2701,0.084406,131072,2870,0.021896,0,0,2
304,host-1,2,0,14,2,0,0,0.107406,0,32000,3437,0.107406,131072,4579,0.034935,0,0,2
304,host-10,1,0,14,1,0,0,0.068125,0,32000,2180,0.068125,131072,2731,0.020836,0,0,1
304,host-11,2,0,14,2,0,0,0.064969,0,32000,2079,0.064969,131072,1977,0.015083,0,0,2
304,host-12,2,1,14,2,1,0,0.084875,0,32000,2716,0.084875,131072,2842,0.021683,1,0,1
304,host-13,2,0,14,2,0,0,0.059125,0,32000,1892,0.059125,131072,2030,0.015488,0,0,2
304,host-14,2,0,14,2,0,0,0.097594,0,32000,3123,0.097594,131072,3649,0.027840,0,0,2
304,host-15,2,0,14,2,0,0,0.099031,0,32000,3169,0.099031,131072,3149,0.024025,0,0,2
304,host-16,2,0,14,2,0,0,0.072375,0,32000,2316,0.072375,131072,1747,0.013329,0,0,2
304,host-17,1,0,14,1,0,0,0.064062,0,32000,2050,0.064062,131072,2686,0.020493,0,0,1
304,host-18,2,0,14,2,0,0,0.081437,0,32000,2606,0.081437,131072,2794,0.021317,0,0,2
304,host-19,1,0,14,1,0,0,0.074125,0,32000,2372,0.074125,131072,2377,0.018135,0,0,1
304,host-2,1,1,14,1,1,0,0.066375,0,32000,2124,0.066375,131072,2384,0.018188,0,1,0
304,host-20,2,0,14,2,0,0,0.071125,0,32000,2276,0.071125,131072,2340,0.017853,0,0,2
304,host-21,2,0,14,2,0,0,0.060812,0,32000,1946,0.060812,131072,1615,0.012321,0,0,2
304,host-22,3,1,14,3,1,0,0.103656,0,32000,3317,0.103656,131072,3637,0.027748,1,0,2
304,host-23,1,0,14,1,0,0,0.063187,0,32000,2022,0.063187,131072,2269,0.017311,0,0,1
304,host-24,2,1,14,2,1,0,0.093281,0,32000,2985,0.093281,131072,3214,0.024521,0,1,1
304,host-3,2,0,14,2,0,0,0.092094,0,32000,2947,0.092094,131072,2782,0.021225,0,0,2
304,host-4,2,1,14,2,1,0,0.093969,0,32000,3007,0.093969,131072,3117,0.023781,1,0,1
304,host-5,2,1,14,2,1,0,0.100719,0,32000,3223,0.100719,131072,2604,0.019867,0,1,1
304,host-6,2,0,14,2,0,0,0.084375,0,32000,2700,0.084375,131072,2989,0.022804,0,0,2
304,host-7,2,1,14,2,1,0,0.109031,0,32000,3489,0.109031,131072,3118,0.023788,1,0,1
304,host-8,2,0,14,2,0,0,0.082281,0,32000,2633,0.082281,131072,2291,0.017479,0,0,2
304,host-9,2,0,14,2,0,0,0.084406,0,32000,2701,0.084406,131072,2870,0.021896,0,0,2
305,host-1,2,0,14,2,0,0,0.107406,0,32000,3437,0.107406,131072,4579,0.034935,0,0,2
305,host-10,1,0,14,1,0,0,0.068125,0,32000,2180,0.068125,131072,2731,0.020836,0,0,1
305,host-11,2,0,14,2,0,0,0.064969,0,32000,2079,0.064969,131072,1977,0.015083,0,0,2
305,host-12,2,0,14,2,0,0,0.084875,0,32000,2716,0.084875,131072,2842,0.021683,0,0,2
305,host-13,3,1,14,3,1,0,0.103625,0,32000,3316,0.103625,131072,3178,0.024246,0,1,2
305,host-14,2,0,14,2,0,0,0.097594,0,32000,3123,0.097594,131072,3649,0.027840,0,0,2
305,host-15,2,0,14,2,0,0,0.099031,0,32000,3169,0.099031,131072,3149,0.024025,0,0,2
305,host-16,2,0,14,2,0,0,0.072375,0,32000,2316,0.072375,131072,1747,0.013329,0,0,2
305,host-17,1,0,14,1,0,0,0.064062,0,32000,2050,0.064062,131072,2686,0.020493,0,0,1
305,host-18,2,0,14,2,0,0,0.081437,0,32000,2606,0.081437,131072,2794,0.021317,0,0,2
305,host-19,1,0,14,1,0,0,0.074125,0,32000,2372,0.074125,131072,2377,0.018135,0,0,1
305,host-2,1,0,14,1,0,0,0.066375,0,32000,2124,0.066375,131072,2384,0.018188,0,0,1
305,host-20,2,0,14,2,0,0,0.071125,0,32000,2276,0.071125,131072,2340,0.017853,0,0,2
305,host-21,3,1,14,3,1,0,0.115344,0,32000,3691,0.115344,131072,3543,0.027031,1,0,2
305,host-22,3,0,14,3,0,0,0.103656,0,32000,3317,0.103656,131072,3637,0.027748,0,0,3
305,host-23,1,0,14,1,0,0,0.063187,0,32000,2022,0.063187,131072,2269,0.017311,0,0,1
305,host-24,2,0,14,2,0,0,0.093281,0,32000,2985,0.093281,131072,3214,0.024521,0,0,2
305,host-3,2,0,14,2,0,0,0.092094,0,32000,2947,0.092094,131072,2782,0.021225,0,0,2
305,host-4,2,0,14,2,0,0,0.093969,0,32000,3007,0.093969,131072,3117,0.023781,0,0,2
305,host-5,2,0,14,2,0,0,0.100719,0,32000,3223,0.100719,131072,2604,0.019867,0,0,2
305,host-6,2,0,14,2,0,0,0.084375,0,32000,2700,0.084375,131072,2989,0.022804,0,0,2
305,host-7,2,1,14,2,1,0,0.109031,0,32000,3489,0.109031,131072,3118,0.023788,0,1,1
305,host-8,2,0,14,2,0,0,0.082281,0,32000,2633,0.082281,131072,2291,0.017479,0,0,2
305,host-9,2,0,14,2,0,0,0.084406,0,32000,2701,0.084406,131072,2870,0.021896,0,0,2
306,host-1,2,0,14,2,0,0,0.107406,0,32000,3437,0.107406,131072,4579,0.034935,0,0,2
306,host-10,2,1,14,2,1,0,0.113312,0,32000,3626,0.113312,131072,4175,0.031853,1,0,1
306,host-11,3,2,14,3,2,0,0.098469,0,32000,3151,0.098469,131072,2842,0.021683,2,0,1
306,host-12,2,0,14,2,0,0,0.084875,0,32000,2716,0.084875,131072,2842,0.021683,0,0,2
306,host-13,3,0,14,3,0,0,0.103625,0,32000,3316,0.103625,131072,3178,0.024246,0,0,3
306,host-14,2,0,14,2,0,0,0.097594,0,32000,3123,0.097594,131072,3649,0.027840,0,0,2
306,host-15,2,0,14,2,0,0,0.099031,0,32000,3169,0.099031,131072,3149,0.024025,0,0,2
306,host-16,3,1,14,3,1,0,0.110062,0,32000,3522,0.110062,131072,2574,0.019638,1,0,2
306,host-17,2,1,14,2,1,0,0.097969,0,32000,3135,0.097969,131072,3556,0.027130,1,0,1
306,host-18,3,1,14,3,1,0,0.139250,0,32000,4456,0.139250,131072,4667,0.035606,1,0,2
306,host-19,2,1,14,2,1,0,0.112156,0,32000,3589,0.112156,131072,3018,0.023026,1,0,1
306,host-2,2,1,14,2,1,0,0.100187,0,32000,3206,0.100187,131072,3684,0.028107,1,0,1
306,host-20,3,1,14,3,1,0,0.131594,0,32000,4211,0.131594,131072,4754,0.036270,1,0,2
306,host-21,3,1,14,3,1,0,0.115344,0,32000,3691,0.115344,131072,3543,0.027031,1,0,2
306,host-22,3,0,14,3,0,0,0.103656,0,32000,3317,0.103656,131072,3637,0.027748,0,0,3
306,host-23,2,1,14,2,1,0,0.111562,0,32000,3570,0.111562,131072,3312,0.025269,1,0,1
306,host-24,2,0,14,2,0,0,0.093281,0,32000,2985,0.093281,131072,3214,0.024521,0,0,2
306,host-3,2,0,14,2,0,0,0.092094,0,32000,2947,0.092094,131072,2782,0.021225,0,0,2
306,host-4,2,0,14,2,0,0,0.093969,0,32000,3007,0.093969,131072,3117,0.023781,0,0,2
306,host-5,2,0,14,2,0,0,0.100719,0,32000,3223,0.100719,131072,2604,0.019867,0,0,2
306,host-6,2,0,14,2,0,0,0.084375,0,32000,2700,0.084375,131072,2989,0.022804,0,0,2
306,host-7,2,0,14,2,0,0,0.109031,0,32000,3489,0.109031,131072,3118,0.023788,0,0,2
306,host-8,3,1,14,3,1,0,0.159062,0,32000,5090,0.159062,131072,5077,0.038734,1,0,2
306,host-9,2,0,14,2,0,0,0.084406,0,32000,2701,0.084406,131072,2870,0.021896,0,0,2
307,host-1,2,0,14,2,0,0,0.107406,0,32000,3437,0.107406,131072,4579,0.034935,0,0,2
307,host-10,2,0,14,2,0,0,0.113312,0,32000,3626,0.113312,131072,4175,0.031853,0,0,2
307,host-11,3,2,14,3,2,0,0.098469,0,32000,3151,0.098469,131072,2842,0.021683,2,0,1
307,host-12,2,0,14,2,0,0,0.084875,0,32000,2716,0.084875,131072,2842,0.021683,0,0,2
307,host-13,3,0,14,3,0,0,0.103625,0,32000,3316,0.103625,131072,3178,0.024246,0,0,3
307,host-14,2,0,14,2,0,0,0.097594,0,32000,3123,0.097594,131072,3649,0.027840,0,0,2
307,host-15,2,0,14,2,0,0,0.099031,0,32000,3169,0.099031,131072,3149,0.024025,0,0,2
307,host-16,2,0,14,2,0,0,0.082281,0,32000,2633,0.082281,131072,2052,0.015656,0,0,2
307,host-17,2,1,14,2,1,0,0.097969,0,32000,3135,0.097969,131072,3556,0.027130,1,0,1
307,host-18,3,1,14,3,1,0,0.139250,0,32000,4456,0.139250,131072,4667,0.035606,1,0,2
307,host-19,2,0,14,2,0,0,0.112156,0,32000,3589,0.112156,131072,3018,0.023026,0,0,2
307,host-2,2,1,14,2,1,0,0.100187,0,32000,3206,0.100187,131072,3684,0.028107,1,0,1
307,host-20,3,0,14,3,0,0,0.131594,0,32000,4211,0.131594,131072,4754,0.036270,0,0,3
307,host-21,3,0,14,3,0,0,0.115344,0,32000,3691,0.115344,131072,3543,0.027031,0,0,3
307,host-22,3,0,14,3,0,0,0.103656,0,32000,3317,0.103656,131072,3637,0.027748,0,0,3
307,host-23,2,0,14,2,0,0,0.111562,0,32000,3570,0.111562,131072,3312,0.025269,0,0,2
307,host-24,2,0,14,2,0,0,0.093281,0,32000,2985,0.093281,131072,3214,0.024521,0,0,2
307,host-3,2,0,14,2,0,0,0.092094,0,32000,2947,0.092094,131072,2782,0.021225,0,0,2
307,host-4,2,0,14,2,0,0,0.093969,0,32000,3007,0.093969,131072,3117,0.023781,0,0,2
307,host-5,2,0,14,2,0,0,0.100719,0,32000,3223,0.100719,131072,2604,0.019867,0,0,2
307,host-6,3,1,14,3,1,0,0.108750,0,32000,3480,0.108750,131072,3619,0.027611,1,0,2
307,host-7,2,0,14,2,0,0,0.109031,0,32000,3489,0.109031,131072,3118,0.023788,0,0,2
307,host-8,3,1,14,3,1,0,0.159062,0,32000,5090,0.159062,131072,5077,0.038734,1,0,2
307,host-9,3,1,14,3,1,0,0.129594,0,32000,4147,0.129594,131072,4314,0.032913,1,0,2
308,host-1,2,0,14,2,0,0,0.107406,0,32000,3437,0.107406,131072,4579,0.034935,0,0,2
308,host-10,2,0,14,2,0,0,0.113312,0,32000,3626,0.113312,131072,4175,0.031853,0,0,2
308,host-11,3,0,14,3,0,0,0.098469,0,32000,3151,0.098469,131072,2842,0.021683,0,0,3
308,host-12,2,0,14,2,0,0,0.084875,0,32000,2716,0.084875,131072,2842,0.021683,0,0,2
308,host-13,3,0,14,3,0,0,0.103625,0,32000,3316,0.103625,131072,3178,0.024246,0,0,3
308,host-14,2,0,14,2,0,0,0.097594,0,32000,3123,0.097594,131072,3649,0.027840,0,0,2
308,host-15,2,0,14,2,0,0,0.099031,0,32000,3169,0.099031,131072,3149,0.024025,0,0,2
308,host-16,2,0,14,2,0,0,0.082281,0,32000,2633,0.082281,131072,2052,0.015656,0,0,2
308,host-17,2,0,14,2,0,0,0.097969,0,32000,3135,0.097969,131072,3556,0.027130,0,0,2
308,host-18,3,0,14,3,0,0,0.139250,0,32000,4456,0.139250,131072,4667,0.035606,0,0,3
308,host-19,2,1,14,2,1,0,0.112156,0,32000,3589,0.112156,131072,3018,0.023026,0,1,1
308,host-2,2,1,14,2,1,0,0.100187,0,32000,3206,0.100187,131072,3684,0.028107,0,1,1
308,host-20,3,0,14,3,0,0,0.131594,0,32000,4211,0.131594,131072,4754,0.036270,0,0,3
308,host-21,3,0,14,3,0,0,0.115344,0,32000,3691,0.115344,131072,3543,0.027031,0,0,3
308,host-22,3,0,14,3,0,0,0.103656,0,32000,3317,0.103656,131072,3637,0.027748,0,0,3
308,host-23,2,0,14,2,0,0,0.111562,0,32000,3570,0.111562,131072,3312,0.025269,0,0,2
308,host-24,2,0,14,2,0,0,0.093281,0,32000,2985,0.093281,131072,3214,0.024521,0,0,2
308,host-3,2,0,14,2,0,0,0.092094,0,32000,2947,0.092094,131072,2782,0.021225,0,0,2
308,host-4,2,0,14,2,0,0,0.093969,0,32000,3007,0.093969,131072,3117,0.023781,0,0,2
308,host-5,2,0,14,2,0,0,0.100719,0,32000,3223,0.100719,131072,2604,0.019867,0,0,2
308,host-6,3,0,14,3,0,0,0.108750,0,32000,3480,0.108750,131072,3619,0.027611,0,0,3
308,host-7,2,0,14,2,0,0,0.109031,0,32000,3489,0.109031,131072,3118,0.023788,0,0,2
308,host-8,3,0,14,3,0,0,0.159062,0,32000,5090,0.159062,131072,5077,0.038734,0,0,3
308,host-9,3,0,14,3,0,0,0.129594,0,32000,4147,0.129594,131072,4314,0.032913,0,0,3
309,host-1,2,0,14,2,0,0,0.107406,0,32000,3437,0.107406,131072,4579,0.034935,0,0,2
309,host-10,2,0,14,2,0,0,0.113312,0,32000,3626,0.113312,131072,4175,0.031853,0,0,2
309,host-11,3,0,14,3,0,0,0.098469,0,32000,3151,0.098469,131072,2842,0.021683,0,0,3
309,host-12,2,0,14,2,0,0,0.084875,0,32000,2716,0.084875,131072,2842,0.021683,0,0,2
309,host-13,3,0,14,3,0,0,0.103625,0,32000,3316,0.103625,131072,3178,0.024246,0,0,3
309,host-14,2,0,14,2,0,0,0.097594,0,32000,3123,0.097594,131072,3649,0.027840,0,0,2
309,host-15,2,0,14,2,0,0,0.099031,0,32000,3169,0.099031,131072,3149,0.024025,0,0,2
309,host-16,2,0,14,2,0,0,0.082281,0,32000,2633,0.082281,131072,2052,0.015656,0,0,2
309,host-17,2,0,14,2,0,0,0.097969,0,32000,3135,0.097969,131072,3556,0.027130,0,0,2
309,host-18,3,0,14,3,0,0,0.139250,0,32000,4456,0.139250,131072,4667,0.035606,0,0,3
309,host-19,2,0,14,2,0,0,0.112156,0,32000,3589,0.112156,131072,3018,0.023026,0,0,2
309,host-2,2,0,14,2,0,0,0.100187,0,32000,3206,0.100187,131072,3684,0.028107,0,0,2
309,host-20,2,0,14,2,0,0,0.083625,0,32000,2676,0.083625,131072,3229,0.024635,0,0,2
309,host-21,3,0,14,3,0,0,0.115344,0,32000,3691,0.115344,131072,3543,0.027031,0,0,3
309,host-22,3,0,14,3,0,0,0.103656,0,32000,3317,0.103656,131072,3637,0.027748,0,0,3
309,host-23,2,0,14,2,0,0,0.111562,0,32000,3570,0.111562,131072,3312,0.025269,0,0,2
309,host-24,1,0,14,1,0,0,0.034344,0,32000,1099,0.034344,131072,893,0.006813,0,0,1
309,host-3,1,0,14,1,0,0,0.053844,0,32000,1723,0.053844,131072,1949,0.014870,0,0,1
309,host-4,2,0,14,2,0,0,0.093969,0,32000,3007,0.093969,131072,3117,0.023781,0,0,2
309,host-5,1,0,14,1,0,0,0.057906,0,32000,1853,0.057906,131072,1407,0.010735,0,0,1
309,host-6,3,0,14,3,0,0,0.108750,0,32000,3480,0.108750,131072,3619,0.027611,0,0,3
309,host-7,2,0,14,2,0,0,0.109031,0,32000,3489,0.109031,131072,3118,0.023788,0,0,2
309,host-8,3,0,14,3,0,0,0.159062,0,32000,5090,0.159062,131072,5077,0.038734,0,0,3
309,host-9,3,0,14,3,0,0,0.129594,0,32000,4147,0.129594,131072,4314,0.032913,0,0,3
310,host-1,2,0,14,2,0,0,0.107406,0,32000,3437,0.107406,131072,4579,0.034935,0,0,2
310,host-10,2,0,14,2,0,0,0.113312,0,32000,3626,0.113312,131072,4175,0.031853,0,0,2
310,host-11,3,0,14,3,0,0,0.098469,0,32000,3151,0.098469,131072,2842,0.021683,0,0,3
310,host-12,2,0,14,2,0,0,0.084875,0,32000,2716,0.084875,131072,2842,0.021683,0,0,2
310,host-13,3,0,14,3,0,0,0.103625,0,32000,3316,0.103625,131072,3178,0.024246,0,0,3
310,host-14,2,0,14,2,0,0,0.097594,0,32000,3123,0.097594,131072,3649,0.027840,0,0,2
310,host-15,2,0,14,2,0,0,0.099031,0,32000,3169,0.099031,131072,3149,0.024025,0,0,2
310,host-16,2,0,14,2,0,0,0.082281,0,32000,2633,0.082281,131072,2052,0.015656,0,0,2
310,host-17,2,0,14,2,0,0,0.097969,0,32000,3135,0.097969,131072,3556,0.027130,0,0,2
310,host-18,3,0,14,3,0,0,0.139250,0,32000,4456,0.139250,131072,4667,0.035606,0,0,3
310,host-19,2,0,14,2,0,0,0.112156,0,32000,3589,0.112156,131072,3018,0.023026,0,0,2
310,host-2,2,0,14,2,0,0,0.100187,0,32000,3206,0.100187,131072,3684,0.028107,0,0,2
310,host-20,2,0,14,2,0,0,0.083625,0,32000,2676,0.083625,131072,3229,0.024635,0,0,2
310,host-21,3,0,14,3,0,0,0.115344,0,32000,3691,0.115344,131072,3543,0.027031,0,0,3
310,host-22,3,0,14,3,0,0,0.103656,0,32000,3317,0.103656,131072,3637,0.027748,0,0,3
310,host-23,2,0,14,2,0,0,0.111562,0,32000,3570,0.111562,131072,3312,0.025269,0,0,2
310,host-24,1,0,14,1,0,0,0.034344,0,32000,1099,0.034344,131072,893,0.006813,0,0,1
310,host-3,1,0,14,1,0,0,0.053844,0,32000,1723,0.053844,131072,1949,0.014870,0,0,1
310,host-4,2,0,14,2,0,0,0.093969,0,32000,3007,0.093969,131072,3117,0.023781,0,0,2
310,host-5,1,0,14,1,0,0,0.057906,0,32000,1853,0.057906,131072,1407,0.010735,0,0,1
310,host-6,3,0,14,3,0,0,0.108750,0,32000,3480,0.108750,131072,3619,0.027611,0,0,3
310,host-7,2,0,14,2,0,0,0.109031,0,32000,3489,0.109031,131072,3118,0.023788,0,0,2
310,host-8,3,0,14,3,0,0,0.159062,0,32000,5090,0.159062,131072,5077,0.038734,0,0,3
310,host-9,2,0,14,2,0,0,0.088313,0,32000,2826,0.088313,131072,2693,0.020546,0,0,2
311,host-1,1,0,14,1,0,0,0.072156,0,32000,2309,0.072156,131072,2949,0.022499,0,0,1
311,host-10,2,0,14,2,0,0,0.113312,0,32000,3626,0.113312,131072,4175,0.031853,0,0,2
311,host-11,3,0,14,3,0,0,0.098469,0,32000,3151,0.098469,131072,2842,0.021683,0,0,3
311,host-12,1,0,14,1,0,0,0.031938,0,32000,1022,0.031938,131072,581,0.004433,0,0,1
311,host-13,3,0,14,3,0,0,0.103625,0,32000,3316,0.103625,131072,3178,0.024246,0,0,3
311,host-14,2,0,14,2,0,0,0.097594,0,32000,3123,0.097594,131072,3649,0.027840,0,0,2
311,host-15,2,0,14,2,0,0,0.099031,0,32000,3169,0.099031,131072,3149,0.024025,0,0,2
311,host-16,2,0,14,2,0,0,0.082281,0,32000,2633,0.082281,131072,2052,0.015656,0,0,2
311,host-17,2,0,14,2,0,0,0.097969,0,32000,3135,0.097969,131072,3556,0.027130,0,0,2
311,host-18,3,0,14,3,0,0,0.139250,0,32000,4456,0.139250,131072,4667,0.035606,0,0,3
311,host-19,2,0,14,2,0,0,0.112156,0,32000,3589,0.112156,131072,3018,0.023026,0,0,2
311,host-2,2,0,14,2,0,0,0.100187,0,32000,3206,0.100187,131072,3684,0.028107,0,0,2
311,host-20,2,0,14,2,0,0,0.083625,0,32000,2676,0.083625,131072,3229,0.024635,0,0,2
311,host-21,3,0,14,3,0,0,0.115344,0,32000,3691,0.115344,131072,3543,0.027031,0,0,3
311,host-22,3,0,14,3,0,0,0.103656,0,32000,3317,0.103656,131072,3637,0.027748,0,0,3
311,host-23,2,0,14,2,0,0,0.111562,0,32000,3570,0.111562,131072,3312,0.025269,0,0,2
311,host-24,1,0,14,1,0,0,0.034344,0,32000,1099,0.034344,131072,893,0.006813,0,0,1
311,host-3,1,0,14,1,0,0,0.053844,0,32000,1723,0.053844,131072,1949,0.014870,0,0,1
311,host-4,2,0,14,2,0,0,0.093969,0,32000,3007,0.093969,131072,3117,0.023781,0,0,2
311,host-5,1,0,14,1,0,0,0.057906,0,32000,1853,0.057906,131072,1407,0.010735,0,0,1
311,host-6,2,0,14,2,0,0,0.074656,0,32000,2389,0.074656,131072,2159,0.016472,0,0,2
311,host-7,2,0,14,2,0,0,0.109031,0,32000,3489,0.109031,131072,3118,0.023788,0,0,2
311,host-8,3,0,14,3,0,0,0.159062,0,32000,5090,0.159062,131072,5077,0.038734,0,0,3
311,host-9,2,0,14,2,0,0,0.088313,0,32000,2826,0.088313,131072,2693,0.020546,0,0,2
312,host-1,2,1,14,2,1,0,0.126719,0,32000,4055,0.126719,131072,4198,0.032028,1,0,1
312,host-10,2,0,14,2,0,0,0.113312,0,32000,3626,0.113312,131072,4175,0.031853,0,0,2
312,host-11,3,0,14,3,0,0,0.098469,0,32000,3151,0.098469,131072,2842,0.021683,0,0,3
312,host-12,3,2,14,3,2,0,0.119344,0,32000,3819,0.119344,131072,1992,0.015198,2,0,1
312,host-13,3,0,14,3,0,0,0.103625,0,32000,3316,0.103625,131072,3178,0.024246,0,0,3
312,host-14,2,0,14,2,0,0,0.097594,0,32000,3123,0.097594,131072,3649,0.027840,0,0,2
312,host-15,2,0,14,2,0,0,0.099031,0,32000,3169,0.099031,131072,3149,0.024025,0,0,2
312,host-16,2,0,14,2,0,0,0.082281,0,32000,2633,0.082281,131072,2052,0.015656,0,0,2
312,host-17,2,0,14,2,0,0,0.097969,0,32000,3135,0.097969,131072,3556,0.027130,0,0,2
312,host-18,3,0,14,3,0,0,0.139250,0,32000,4456,0.139250,131072,4667,0.035606,0,0,3
312,host-19,2,0,14,2,0,0,0.112156,0,32000,3589,0.112156,131072,3018,0.023026,0,0,2
312,host-2,2,0,14,2,0,0,0.100187,0,32000,3206,0.100187,131072,3684,0.028107,0,0,2
312,host-20,2,0,14,2,0,0,0.083625,0,32000,2676,0.083625,131072,3229,0.024635,0,0,2
312,host-21,3,0,14,3,0,0,0.115344,0,32000,3691,0.115344,131072,3543,0.027031,0,0,3
312,host-22,3,0,14,3,0,0,0.103656,0,32000,3317,0.103656,131072,3637,0.027748,0,0,3
312,host-23,2,0,14,2,0,0,0.111562,0,32000,3570,0.111562,131072,3312,0.025269,0,0,2
312,host-24,3,2,14,3,2,0,0.130469,0,32000,4175,0.130469,131072,3034,0.023148,2,0,1
312,host-3,2,1,14,2,1,0,0.106813,0,32000,3418,0.106813,131072,4081,0.031136,1,0,1
312,host-4,2,0,14,2,0,0,0.093969,0,32000,3007,0.093969,131072,3117,0.023781,0,0,2
312,host-5,2,1,14,2,1,0,0.087719,0,32000,2807,0.087719,131072,2048,0.015625,1,0,1
312,host-6,2,0,14,2,0,0,0.074656,0,32000,2389,0.074656,131072,2159,0.016472,0,0,2
312,host-7,2,0,14,2,0,0,0.109031,0,32000,3489,0.109031,131072,3118,0.023788,0,0,2
312,host-8,3,0,14,3,0,0,0.159062,0,32000,5090,0.159062,131072,5077,0.038734,0,0,3
312,host-9,2,0,14,2,0,0,0.088313,0,32000,2826,0.088313,131072,2693,0.020546,0,0,2
313,host-1,2,1,14,2,1,0,0.126719,0,32000,4055,0.126719,131072,4198,0.032028,1,0,1
313,host-10,1,0,14,1,0,0,0.045187,0,32000,1446,0.045187,131072,1444,0.011017,0,0,1
313,host-11,3,0,14,3,0,0,0.098469,0,32000,3151,0.098469,131072,2842,0.021683,0,0,3
313,host-12,3,1,14,3,1,0,0.119344,0,32000,3819,0.119344,131072,1992,0.015198,1,0,2
313,host-13,3,0,14,3,0,0,0.103625,0,32000,3316,0.103625,131072,3178,0.024246,0,0,3
313,host-14,2,0,14,2,0,0,0.097594,0,32000,3123,0.097594,131072,3649,0.027840,0,0,2
313,host-15,2,0,14,2,0,0,0.099031,0,32000,3169,0.099031,131072,3149,0.024025,0,0,2
313,host-16,2,1,14,2,1,0,0.081469,0,32000,2607,0.081469,131072,1573,0.012001,1,0,1
313,host-17,2,0,14,2,0,0,0.097969,0,32000,3135,0.097969,131072,3556,0.027130,0,0,2
313,host-18,3,0,14,3,0,0,0.139250,0,32000,4456,0.139250,131072,4667,0.035606,0,0,3
313,host-19,2,0,14,2,0,0,0.112156,0,32000,3589,0.112156,131072,3018,0.023026,0,0,2
313,host-2,2,0,14,2,0,0,0.100187,0,32000,3206,0.100187,131072,3684,0.028107,0,0,2
313,host-20,2,0,14,2,0,0,0.083625,0,32000,2676,0.083625,131072,3229,0.024635,0,0,2
313,host-21,3,0,14,3,0,0,0.115344,0,32000,3691,0.115344,131072,3543,0.027031,0,0,3
313,host-22,3,0,14,3,0,0,0.103656,0,32000,3317,0.103656,131072,3637,0.027748,0,0,3
313,host-23,2,0,14,2,0,0,0.111562,0,32000,3570,0.111562,131072,3312,0.025269,0,0,2
313,host-24,3,1,14,3,1,0,0.130469,0,32000,4175,0.130469,131072,3034,0.023148,1,0,2
313,host-3,2,0,14,2,0,0,0.106813,0,32000,3418,0.106813,131072,4081,0.031136,0,0,2
313,host-4,2,0,14,2,0,0,0.093969,0,32000,3007,0.093969,131072,3117,0.023781,0,0,2
313,host-5,2,1,14,2,1,0,0.087719,0,32000,2807,0.087719,131072,2048,0.015625,1,0,1
313,host-6,3,1,14,3,1,0,0.112437,0,32000,3598,0.112437,131072,3112,0.023743,0,1,2
313,host-7,2,0,14,2,0,0,0.109031,0,32000,3489,0.109031,131072,3118,0.023788,0,0,2
313,host-8,2,0,14,2,0,0,0.108250,0,32000,3464,0.108250,131072,3494,0.026657,0,0,2
313,host-9,2,0,14,2,0,0,0.088313,0,32000,2826,0.088313,131072,2693,0.020546,0,0,2
314,host-1,2,1,14,2,1,0,0.126719,0,32000,4055,0.126719,131072,4198,0.032028,0,1,1
314,host-10,1,0,14,1,0,0,0.045187,0,32000,1446,0.045187,131072,1444,0.011017,0,0,1
314,host-11,2,0,14,2,0,0,0.060125,0,32000,1924,0.060125,131072,1938,0.014786,0,0,2
314,host-12,3,0,14,3,0,0,0.119344,0,32000,3819,0.119344,131072,1992,0.015198,0,0,3
314,host-13,3,0,14,3,0,0,0.103625,0,32000,3316,0.103625,131072,3178,0.024246,0,0,3
314,host-14,2,0,14,2,0,0,0.097594,0,32000,3123,0.097594,131072,3649,0.027840,0,0,2
314,host-15,2,0,14,2,0,0,0.099031,0,32000,3169,0.099031,131072,3149,0.024025,0,0,2
314,host-16,2,1,14,2,1,0,0.081469,0,32000,2607,0.081469,131072,1573,0.012001,1,0,1
314,host-17,2,0,14,2,0,0,0.097969,0,32000,3135,0.097969,131072,3556,0.027130,0,0,2
314,host-18,3,0,14,3,0,0,0.139250,0,32000,4456,0.139250,131072,4667,0.035606,0,0,3
314,host-19,2,0,14,2,0,0,0.112156,0,32000,3589,0.112156,131072,3018,0.023026,0,0,2
314,host-2,2,0,14,2,0,0,0.100187,0,32000,3206,0.100187,131072,3684,0.028107,0,0,2
314,host-20,2,0,14,2,0,0,0.083625,0,32000,2676,0.083625,131072,3229,0.024635,0,0,2
314,host-21,3,0,14,3,0,0,0.115344,0,32000,3691,0.115344,131072,3543,0.027031,0,0,3
314,host-22,3,0,14,3,0,0,0.103656,0,32000,3317,0.103656,131072,3637,0.027748,0,0,3
314,host-23,2,0,14,2,0,0,0.111562,0,32000,3570,0.111562,131072,3312,0.025269,0,0,2
314,host-24,3,0,14,3,0,0,0.130469,0,32000,4175,0.130469,131072,3034,0.023148,0,0,3
314,host-3,2,0,14,2,0,0,0.106813,0,32000,3418,0.106813,131072,4081,0.031136,0,0,2
314,host-4,2,0,14,2,0,0,0.093969,0,32000,3007,0.093969,131072,3117,0.023781,0,0,2
314,host-5,2,0,14,2,0,0,0.087719,0,32000,2807,0.087719,131072,2048,0.015625,0,0,2
314,host-6,3,0,14,3,0,0,0.112437,0,32000,3598,0.112437,131072,3112,0.023743,0,0,3
314,host-7,2,0,14,2,0,0,0.109031,0,32000,3489,0.109031,131072,3118,0.023788,0,0,2
314,host-8,2,0,14,2,0,0,0.108250,0,32000,3464,0.108250,131072,3494,0.026657,0,0,2
314,host-9,2,0,14,2,0,0,0.088313,0,32000,2826,0.088313,131072,2693,0.020546,0,0,2
315,host-1,2,1,14,2,1,0,0.105375,0,32000,3372,0.105375,131072,2832,0.021606,1,0,1
315,host-10,2,1,14,2,1,0,0.122406,0,32000,3917,0.122406,131072,3742,0.028549,1,0,1
315,host-11,3,1,14,3,1,0,0.098469,0,32000,3151,0.098469,131072,2842,0.021683,1,0,2
315,host-12,3,0,14,3,0,0,0.119344,0,32000,3819,0.119344,131072,1992,0.015198,0,0,3
315,host-13,3,0,14,3,0,0,0.103625,0,32000,3316,0.103625,131072,3178,0.024246,0,0,3
315,host-14,2,0,14,2,0,0,0.097594,0,32000,3123,0.097594,131072,3649,0.027840,0,0,2
315,host-15,2,0,14,2,0,0,0.099031,0,32000,3169,0.099031,131072,3149,0.024025,0,0,2
315,host-16,2,0,14,2,0,0,0.081469,0,32000,2607,0.081469,131072,1573,0.012001,0,0,2
315,host-17,2,0,14,2,0,0,0.097969,0,32000,3135,0.097969,131072,3556,0.027130,0,0,2
315,host-18,3,0,14,3,0,0,0.139250,0,32000,4456,0.139250,131072,4667,0.035606,0,0,3
315,host-19,2,1,14,2,1,0,0.090594,0,32000,2899,0.090594,131072,2394,0.018265,1,0,1
315,host-2,2,0,14,2,0,0,0.100187,0,32000,3206,0.100187,131072,3684,0.028107,0,0,2
315,host-20,2,0,14,2,0,0,0.083625,0,32000,2676,0.083625,131072,3229,0.024635,0,0,2
315,host-21,2,0,14,2,0,0,0.088469,0,32000,2831,0.088469,131072,3012,0.022980,0,0,2
315,host-22,3,0,14,3,0,0,0.103656,0,32000,3317,0.103656,131072,3637,0.027748,0,0,3
315,host-23,2,0,14,2,0,0,0.111562,0,32000,3570,0.111562,131072,3312,0.025269,0,0,2
315,host-24,3,0,14,3,0,0,0.130469,0,32000,4175,0.130469,131072,3034,0.023148,0,0,3
315,host-3,2,0,14,2,0,0,0.106813,0,32000,3418,0.106813,131072,4081,0.031136,0,0,2
315,host-4,2,0,14,2,0,0,0.093969,0,32000,3007,0.093969,131072,3117,0.023781,0,0,2
315,host-5,2,0,14,2,0,0,0.087719,0,32000,2807,0.087719,131072,2048,0.015625,0,0,2
315,host-6,2,0,14,2,0,0,0.062156,0,32000,1989,0.062156,131072,1583,0.012077,0,0,2
315,host-7,2,0,14,2,0,0,0.109031,0,32000,3489,0.109031,131072,3118,0.023788,0,0,2
315,host-8,2,0,14,2,0,0,0.108250,0,32000,3464,0.108250,131072,3494,0.026657,0,0,2
315,host-9,2,0,14,2,0,0,0.088313,0,32000,2826,0.088313,131072,2693,0.020546,0,0,2
316,host-1,2,1,14,2,1,0,0.105375,0,32000,3372,0.105375,131072,2832,0.021606,1,0,1
316,host-10,2,0,14,2,0,0,0.122406,0,32000,3917,0.122406,131072,3742,0.028549,0,0,2
316,host-11,3,1,14,3,1,0,0.098469,0,32000,3151,0.098469,131072,2842,0.021683,1,0,2
316,host-12,3,0,14,3,0,0,0.119344,0,32000,3819,0.119344,131072,1992,0.015198,0,0,3
316,host-13,1,0,14,1,0,0,0.044500,0,32000,1424,0.044500,131072,1148,0.008759,0,0,1
316,host-14,2,0,14,2,0,0,0.097594,0,32000,3123,0.097594,131072,3649,0.027840,0,0,2
316,host-15,2,0,14,2,0,0,0.099031,0,32000,3169,0.099031,131072,3149,0.024025,0,0,2
316,host-16,3,1,14,3,1,0,0.134031,0,32000,4289,0.134031,131072,3326,0.025375,1,0,2
316,host-17,2,0,14,2,0,0,0.097969,0,32000,3135,0.097969,131072,3556,0.027130,0,0,2
316,host-18,3,0,14,3,0,0,0.139250,0,32000,4456,0.139250,131072,4667,0.035606,0,0,3
316,host-19,2,0,14,2,0,0,0.090594,0,32000,2899,0.090594,131072,2394,0.018265,0,0,2
316,host-2,2,0,14,2,0,0,0.100187,0,32000,3206,0.100187,131072,3684,0.028107,0,0,2
316,host-20,2,0,14,2,0,0,0.083625,0,32000,2676,0.083625,131072,3229,0.024635,0,0,2
316,host-21,2,0,14,2,0,0,0.088469,0,32000,2831,0.088469,131072,3012,0.022980,0,0,2
316,host-22,3,0,14,3,0,0,0.103656,0,32000,3317,0.103656,131072,3637,0.027748,0,0,3
316,host-23,2,0,14,2,0,0,0.111562,0,32000,3570,0.111562,131072,3312,0.025269,0,0,2
316,host-24,3,0,14,3,0,0,0.130469,0,32000,4175,0.130469,131072,3034,0.023148,0,0,3
316,host-3,2,0,14,2,0,0,0.106813,0,32000,3418,0.106813,131072,4081,0.031136,0,0,2
316,host-4,2,0,14,2,0,0,0.093969,0,32000,3007,0.093969,131072,3117,0.023781,0,0,2
316,host-5,2,0,14,2,0,0,0.087719,0,32000,2807,0.087719,131072,2048,0.015625,0,0,2
316,host-6,3,1,14,3,1,0,0.136969,0,32000,4383,0.136969,131072,4119,0.031425,1,0,2
316,host-7,2,0,14,2,0,0,0.109031,0,32000,3489,0.109031,131072,3118,0.023788,0,0,2
316,host-8,2,0,14,2,0,0,0.108250,0,32000,3464,0.108250,131072,3494,0.026657,0,0,2
316,host-9,2,0,14,2,0,0,0.088313,0,32000,2826,0.088313,131072,2693,0.020546,0,0,2
317,host-1,2,1,14,2,1,0,0.105375,0,32000,3372,0.105375,131072,2832,0.021606,0,1,1
317,host-10,2,0,14,2,0,0,0.122406,0,32000,3917,0.122406,131072,3742,0.028549,0,0,2
317,host-11,3,0,14,3,0,0,0.098469,0,32000,3151,0.098469,131072,2842,0.021683,0,0,3
317,host-12,3,0,14,3,0,0,0.119344,0,32000,3819,0.119344,131072,1992,0.015198,0,0,3
317,host-13,1,0,14,1,0,0,0.044500,0,32000,1424,0.044500,131072,1148,0.008759,0,0,1
317,host-14,2,0,14,2,0,0,0.097594,0,32000,3123,0.097594,131072,3649,0.027840,0,0,2
317,host-15,2,0,14,2,0,0,0.099031,0,32000,3169,0.099031,131072,3149,0.024025,0,0,2
317,host-16,3,0,14,3,0,0,0.134031,0,32000,4289,0.134031,131072,3326,0.025375,0,0,3
317,host-17,2,0,14,2,0,0,0.097969,0,32000,3135,0.097969,131072,3556,0.027130,0,0,2
317,host-18,3,0,14,3,0,0,0.139250,0,32000,4456,0.139250,131072,4667,0.035606,0,0,3
317,host-19,2,0,14,2,0,0,0.090594,0,32000,2899,0.090594,131072,2394,0.018265,0,0,2
317,host-2,2,0,14,2,0,0,0.100187,0,32000,3206,0.100187,131072,3684,0.028107,0,0,2
317,host-20,2,0,14,2,0,0,0.083625,0,32000,2676,0.083625,131072,3229,0.024635,0,0,2
317,host-21,2,0,14,2,0,0,0.088469,0,32000,2831,0.088469,131072,3012,0.022980,0,0,2
317,host-22,3,0,14,3,0,0,0.103656,0,32000,3317,0.103656,131072,3637,0.027748,0,0,3
317,host-23,2,0,14,2,0,0,0.111562,0,32000,3570,0.111562,131072,3312,0.025269,0,0,2
317,host-24,3,0,14,3,0,0,0.130469,0,32000,4175,0.130469,131072,3034,0.023148,0,0,3
317,host-3,2,0,14,2,0,0,0.106813,0,32000,3418,0.106813,131072,4081,0.031136,0,0,2
317,host-4,2,0,14,2,0,0,0.093969,0,32000,3007,0.093969,131072,3117,0.023781,0,0,2
317,host-5,2,0,14,2,0,0,0.087719,0,32000,2807,0.087719,131072,2048,0.015625,0,0,2
317,host-6,3,1,14,3,1,0,0.136969,0,32000,4383,0.136969,131072,4119,0.031425,0,1,2
317,host-7,2,0,14,2,0,0,0.109031,0,32000,3489,0.109031,131072,3118,0.023788,0,0,2
317,host-8,2,0,14,2,0,0,0.108250,0,32000,3464,0.108250,131072,3494,0.026657,0,0,2
317,host-9,2,0,14,2,0,0,0.088313,0,32000,2826,0.088313,131072,2693,0.020546,0,0,2
318,host-1,2,0,14,2,0,0,0.105375,0,32000,3372,0.105375,131072,2832,0.021606,0,0,2
318,host-10,2,0,14,2,0,0,0.122406,0,32000,3917,0.122406,131072,3742,0.028549,0,0,2
318,host-11,3,0,14,3,0,0,0.098469,0,32000,3151,0.098469,131072,2842,0.021683,0,0,3
318,host-12,3,0,14,3,0,0,0.119344,0,32000,3819,0.119344,131072,1992,0.015198,0,0,3
318,host-13,2,1,14,2,1,0,0.088969,0,32000,2847,0.088969,131072,3066,0.023392,0,1,1
318,host-14,2,0,14,2,0,0,0.097594,0,32000,3123,0.097594,131072,3649,0.027840,0,0,2
318,host-15,2,0,14,2,0,0,0.099031,0,32000,3169,0.099031,131072,3149,0.024025,0,0,2
318,host-16,3,0,14,3,0,0,0.134031,0,32000,4289,0.134031,131072,3326,0.025375,0,0,3
318,host-17,2,0,14,2,0,0,0.097969,0,32000,3135,0.097969,131072,3556,0.027130,0,0,2
318,host-18,3,0,14,3,0,0,0.139250,0,32000,4456,0.139250,131072,4667,0.035606,0,0,3
318,host-19,2,0,14,2,0,0,0.090594,0,32000,2899,0.090594,131072,2394,0.018265,0,0,2
318,host-2,2,0,14,2,0,0,0.100187,0,32000,3206,0.100187,131072,3684,0.028107,0,0,2
318,host-20,3,1,14,3,1,0,0.141469,0,32000,4527,0.141469,131072,5541,0.042274,1,0,2
318,host-21,2,0,14,2,0,0,0.088469,0,32000,2831,0.088469,131072,3012,0.022980,0,0,2
318,host-22,3,0,14,3,0,0,0.103656,0,32000,3317,0.103656,131072,3637,0.027748,0,0,3
318,host-23,2,0,14,2,0,0,0.111562,0,32000,3570,0.111562,131072,3312,0.025269,0,0,2
318,host-24,3,0,14,3,0,0,0.130469,0,32000,4175,0.130469,131072,3034,0.023148,0,0,3
318,host-3,2,0,14,2,0,0,0.106813,0,32000,3418,0.106813,131072,4081,0.031136,0,0,2
318,host-4,2,0,14,2,0,0,0.093969,0,32000,3007,0.093969,131072,3117,0.023781,0,0,2
318,host-5,2,0,14,2,0,0,0.087719,0,32000,2807,0.087719,131072,2048,0.015625,0,0,2
318,host-6,3,0,14,3,0,0,0.136969,0,32000,4383,0.136969,131072,4119,0.031425,0,0,3
318,host-7,2,0,14,2,0,0,0.109031,0,32000,3489,0.109031,131072,3118,0.023788,0,0,2
318,host-8,2,0,14,2,0,0,0.108250,0,32000,3464,0.108250,131072,3494,0.026657,0,0,2
318,host-9,2,0,14,2,0,0,0.088313,0,32000,2826,0.088313,131072,2693,0.020546,0,0,2
319,host-1,2,0,14,2,0,0,0.105375,0,32000,3372,0.105375,131072,2832,0.021606,0,0,2
319,host-10,2,0,14,2,0,0,0.122406,0,32000,3917,0.122406,131072,3742,0.028549,0,0,2
319,host-11,3,0,14,3,0,0,0.098469,0,32000,3151,0.098469,131072,2842,0.021683,0,0,3
319,host-12,3,0,14,3,0,0,0.119344,0,32000,3819,0.119344,131072,1992,0.015198,0,0,3
319,host-13,2,0,14,2,0,0,0.088969,0,32000,2847,0.088969,131072,3066,0.023392,0,0,2
319,host-14,2,0,14,2,0,0,0.097594,0,32000,3123,0.097594,131072,3649,0.027840,0,0,2
319,host-15,2,1,14,2,1,0,0.099031,0,32000,3169,0.099031,131072,3149,0.024025,0,1,1
319,host-16,3,0,14,3,0,0,0.134031,0,32000,4289,0.134031,131072,3326,0.025375,0,0,3
319,host-17,2,0,14,2,0,0,0.097969,0,32000,3135,0.097969,131072,3556,0.027130,0,0,2
319,host-18,3,0,14,3,0,0,0.139250,0,32000,4456,0.139250,131072,4667,0.035606,0,0,3
319,host-19,2,0,14,2,0,0,0.090594,0,32000,2899,0.090594,131072,2394,0.018265,0,0,2
319,host-2,2,0,14,2,0,0,0.100187,0,32000,3206,0.100187,131072,3684,0.028107,0,0,2
319,host-20,3,1,14,3,1,0,0.141469,0,32000,4527,0.141469,131072,5541,0.042274,1,0,2
319,host-21,2,0,14,2,0,0,0.088469,0,32000,2831,0.088469,131072,3012,0.022980,0,0,2
319,host-22,3,0,14,3,0,0,0.103656,0,32000,3317,0.103656,131072,3637,0.027748,0,0,3
319,host-23,2,0,14,2,0,0,0.111562,0,32000,3570,0.111562,131072,3312,0.025269,0,0,2
319,host-24,3,0,14,3,0,0,0.130469,0,32000,4175,0.130469,131072,3034,0.023148,0,0,3
319,host-3,2,0,14,2,0,0,0.106813,0,32000,3418,0.106813,131072,4081,0.031136,0,0,2
319,host-4,2,0,14,2,0,0,0.093969,0,32000,3007,0.093969,131072,3117,0.023781,0,0,2
319,host-5,3,1,14,3,1,0,0.126188,0,32000,4038,0.126188,131072,3350,0.025558,1,0,2
319,host-6,3,0,14,3,0,0,0.136969,0,32000,4383,0.136969,131072,4119,0.031425,0,0,3
319,host-7,2,0,14,2,0,0,0.109031,0,32000,3489,0.109031,131072,3118,0.023788,0,0,2
319,host-8,2,0,14,2,0,0,0.108250,0,32000,3464,0.108250,131072,3494,0.026657,0,0,2
319,host-9,3,1,14,3,1,0,0.146156,0,32000,4677,0.146156,131072,5005,0.038185,1,0,2
320,host-1,2,0,14,2,0,0,0.105375,0,32000,3372,0.105375,131072,2832,0.021606,0,0,2
320,host-10,2,0,14,2,0,0,0.122406,0,32000,3917,0.122406,131072,3742,0.028549,0,0,2
320,host-11,3,0,14,3,0,0,0.098469,0,32000,3151,0.098469,131072,2842,0.021683,0,0,3
320,host-12,3,0,14,3,0,0,0.119344,0,32000,3819,0.119344,131072,1992,0.015198,0,0,3
320,host-13,2,0,14,2,0,0,0.088969,0,32000,2847,0.088969,131072,3066,0.023392,0,0,2
320,host-14,1,0,14,1,0,0,0.059375,0,32000,1900,0.059375,131072,2225,0.016975,0,0,1
320,host-15,2,0,14,2,0,0,0.099031,0,32000,3169,0.099031,131072,3149,0.024025,0,0,2
320,host-16,3,0,14,3,0,0,0.134031,0,32000,4289,0.134031,131072,3326,0.025375,0,0,3
320,host-17,2,0,14,2,0,0,0.097969,0,32000,3135,0.097969,131072,3556,0.027130,0,0,2
320,host-18,3,0,14,3,0,0,0.139250,0,32000,4456,0.139250,131072,4667,0.035606,0,0,3
320,host-19,2,0,14,2,0,0,0.090594,0,32000,2899,0.090594,131072,2394,0.018265,0,0,2
320,host-2,2,0,14,2,0,0,0.100187,0,32000,3206,0.100187,131072,3684,0.028107,0,0,2
320,host-20,3,0,14,3,0,0,0.141469,0,32000,4527,0.141469,131072,5541,0.042274,0,0,3
320,host-21,3,1,14,3,1,0,0.118625,0,32000,3796,0.118625,131072,4317,0.032936,0,1,2
320,host-22,3,0,14,3,0,0,0.103656,0,32000,3317,0.103656,131072,3637,0.027748,0,0,3
320,host-23,2,0,14,2,0,0,0.111562,0,32000,3570,0.111562,131072,3312,0.025269,0,0,2
320,host-24,3,0,14,3,0,0,0.130469,0,32000,4175,0.130469,131072,3034,0.023148,0,0,3
320,host-3,2,0,14,2,0,0,0.106813,0,32000,3418,0.106813,131072,4081,0.031136,0,0,2
320,host-4,2,0,14,2,0,0,0.093969,0,32000,3007,0.093969,131072,3117,0.023781,0,0,2
320,host-5,3,0,14,3,0,0,0.126188,0,32000,4038,0.126188,131072,3350,0.025558,0,0,3
320,host-6,3,0,14,3,0,0,0.136969,0,32000,4383,0.136969,131072,4119,0.031425,0,0,3
320,host-7,2,0,14,2,0,0,0.109031,0,32000,3489,0.109031,131072,3118,0.023788,0,0,2
320,host-8,2,0,14,2,0,0,0.108250,0,32000,3464,0.108250,131072,3494,0.026657,0,0,2
320,host-9,3,1,14,3,1,0,0.146156,0,32000,4677,0.146156,131072,5005,0.038185,0,1,2
321,host-1,2,0,14,2,0,0,0.105375,0,32000,3372,0.105375,131072,2832,0.021606,0,0,2
321,host-10,2,0,14,2,0,0,0.122406,0,32000,3917,0.122406,131072,3742,0.028549,0,0,2
321,host-11,4,1,14,4,1,0,0.149906,0,32000,4797,0.149906,131072,4083,0.031151,1,0,3
321,host-12,3,0,14,3,0,0,0.119344,0,32000,3819,0.119344,131072,1992,0.015198,0,0,3
321,host-13,3,1,14,3,1,0,0.119375,0,32000,3820,0.119375,131072,4624,0.035278,1,0,2
321,host-14,2,1,14,2,1,0,0.103969,0,32000,3327,0.103969,131072,3450,0.026321,1,0,1
321,host-15,3,1,14,3,1,0,0.171187,0,32000,5478,0.171187,131072,6098,0.046524,1,0,2
321,host-16,3,0,14,3,0,0,0.134031,0,32000,4289,0.134031,131072,3326,0.025375,0,0,3
321,host-17,3,1,14,3,1,0,0.129812,0,32000,4154,0.129812,131072,4119,0.031425,1,0,2
321,host-18,3,0,14,3,0,0,0.139250,0,32000,4456,0.139250,131072,4667,0.035606,0,0,3
321,host-19,3,1,14,3,1,0,0.148500,0,32000,4752,0.148500,131072,3792,0.028931,1,0,2
321,host-2,3,1,14,3,1,0,0.129750,0,32000,4152,0.129750,131072,4699,0.035851,1,0,2
321,host-20,3,0,14,3,0,0,0.141469,0,32000,4527,0.141469,131072,5541,0.042274,0,0,3
321,host-21,3,0,14,3,0,0,0.118625,0,32000,3796,0.118625,131072,4317,0.032936,0,0,3
321,host-22,3,1,14,3,1,0,0.147500,0,32000,4720,0.147500,131072,4622,0.035263,1,0,2
321,host-23,2,0,14,2,0,0,0.111562,0,32000,3570,0.111562,131072,3312,0.025269,0,0,2
321,host-24,3,0,14,3,0,0,0.130469,0,32000,4175,0.130469,131072,3034,0.023148,0,0,3
321,host-3,2,1,14,2,1,0,0.103250,0,32000,3304,0.103250,131072,3661,0.027931,1,0,1
321,host-4,3,1,14,3,1,0,0.119938,0,32000,3838,0.119938,131072,4166,0.031784,1,0,2
321,host-5,3,0,14,3,0,0,0.126188,0,32000,4038,0.126188,131072,3350,0.025558,0,0,3
321,host-6,3,0,14,3,0,0,0.136969,0,32000,4383,0.136969,131072,4119,0.031425,0,0,3
321,host-7,2,0,14,2,0,0,0.109031,0,32000,3489,0.109031,131072,3118,0.023788,0,0,2
321,host-8,2,0,14,2,0,0,0.108250,0,32000,3464,0.108250,131072,3494,0.026657,0,0,2
321,host-9,3,0,14,3,0,0,0.146156,0,32000,4677,0.146156,131072,5005,0.038185,0,0,3
322,host-1,3,1,14,3,1,0,0.137219,0,32000,4391,0.137219,131072,3395,0.025902,1,0,2
322,host-10,2,0,14,2,0,0,0.122406,0,32000,3917,0.122406,131072,3742,0.028549,0,0,2
322,host-11,4,1,14,4,1,0,0.149906,0,32000,4797,0.149906,131072,4083,0.031151,1,0,3
322,host-12,3,0,14,3,0,0,0.119344,0,32000,3819,0.119344,131072,1992,0.015198,0,0,3
322,host-13,3,0,14,3,0,0,0.119375,0,32000,3820,0.119375,131072,4624,0.035278,0,0,3
322,host-14,2,1,14,2,1,0,0.087938,0,32000,2814,0.087938,131072,2099,0.016014,1,0,1
322,host-15,3,1,14,3,1,0,0.171187,0,32000,5478,0.171187,131072,6098,0.046524,0,1,2
322,host-16,3,0,14,3,0,0,0.134031,0,32000,4289,0.134031,131072,3326,0.025375,0,0,3
322,host-17,3,0,14,3,0,0,0.129812,0,32000,4154,0.129812,131072,4119,0.031425,0,0,3
322,host-18,2,0,14,2,0,0,0.088313,0,32000,2826,0.088313,131072,3134,0.023911,0,0,2
322,host-19,3,0,14,3,0,0,0.148500,0,32000,4752,0.148500,131072,3792,0.028931,0,0,3
322,host-2,3,1,14,3,1,0,0.129750,0,32000,4152,0.129750,131072,4699,0.035851,1,0,2
322,host-20,3,0,14,3,0,0,0.141469,0,32000,4527,0.141469,131072,5541,0.042274,0,0,3
322,host-21,2,0,14,2,0,0,0.084687,0,32000,2710,0.084687,131072,3233,0.024666,0,0,2
322,host-22,3,1,14,3,1,0,0.147500,0,32000,4720,0.147500,131072,4622,0.035263,1,0,2
322,host-23,2,0,14,2,0,0,0.111562,0,32000,3570,0.111562,131072,3312,0.025269,0,0,2
322,host-24,3,0,14,3,0,0,0.130469,0,32000,4175,0.130469,131072,3034,0.023148,0,0,3
322,host-3,3,2,14,3,2,0,0.147000,0,32000,4704,0.147000,131072,4891,0.037315,2,0,1
322,host-4,3,0,14,3,0,0,0.119938,0,32000,3838,0.119938,131072,4166,0.031784,0,0,3
322,host-5,3,0,14,3,0,0,0.126188,0,32000,4038,0.126188,131072,3350,0.025558,0,0,3
322,host-6,3,0,14,3,0,0,0.136969,0,32000,4383,0.136969,131072,4119,0.031425,0,0,3
322,host-7,2,0,14,2,0,0,0.109031,0,32000,3489,0.109031,131072,3118,0.023788,0,0,2
322,host-8,2,0,14,2,0,0,0.108250,0,32000,3464,0.108250,131072,3494,0.026657,0,0,2
322,host-9,2,0,14,2,0,0,0.103031,0,32000,3297,0.103031,131072,3756,0.028656,0,0,2
323,host-1,3,1,14,3,1,0,0.137219,0,32000,4391,0.137219,131072,3395,0.025902,0,1,2
323,host-10,2,0,14,2,0,0,0.122406,0,32000,3917,0.122406,131072,3742,0.028549,0,0,2
323,host-11,4,0,14,4,0,0,0.149906,0,32000,4797,0.149906,131072,4083,0.031151,0,0,4
323,host-12,3,0,14,3,0,0,0.119344,0,32000,3819,0.119344,131072,1992,0.015198,0,0,3
323,host-13,3,0,14,3,0,0,0.119375,0,32000,3820,0.119375,131072,4624,0.035278,0,0,3
323,host-14,3,2,14,3,2,0,0.131250,0,32000,4200,0.131250,131072,3268,0.024933,2,0,1
323,host-15,2,0,14,2,0,0,0.127188,0,32000,4070,0.127188,131072,4216,0.032166,0,0,2
323,host-16,3,0,14,3,0,0,0.134031,0,32000,4289,0.134031,131072,3326,0.025375,0,0,3
323,host-17,3,0,14,3,0,0,0.129812,0,32000,4154,0.129812,131072,4119,0.031425,0,0,3
323,host-18,2,0,14,2,0,0,0.088313,0,32000,2826,0.088313,131072,3134,0.023911,0,0,2
323,host-19,3,0,14,3,0,0,0.148500,0,32000,4752,0.148500,131072,3792,0.028931,0,0,3
323,host-2,3,0,14,3,0,0,0.129750,0,32000,4152,0.129750,131072,4699,0.035851,0,0,3
323,host-20,2,0,14,2,0,0,0.118313,0,32000,3786,0.118313,131072,4726,0.036057,0,0,2
323,host-21,3,1,14,3,1,0,0.114250,0,32000,3656,0.114250,131072,4248,0.032410,1,0,2
323,host-22,3,0,14,3,0,0,0.147500,0,32000,4720,0.147500,131072,4622,0.035263,0,0,3
323,host-23,2,0,14,2,0,0,0.111562,0,32000,3570,0.111562,131072,3312,0.025269,0,0,2
323,host-24,3,0,14,3,0,0,0.130469,0,32000,4175,0.130469,131072,3034,0.023148,0,0,3
323,host-3,3,0,14,3,0,0,0.147000,0,32000,4704,0.147000,131072,4891,0.037315,0,0,3
323,host-4,3,0,14,3,0,0,0.119938,0,32000,3838,0.119938,131072,4166,0.031784,0,0,3
323,host-5,3,0,14,3,0,0,0.126188,0,32000,4038,0.126188,131072,3350,0.025558,0,0,3
323,host-6,3,0,14,3,0,0,0.136969,0,32000,4383,0.136969,131072,4119,0.031425,0,0,3
323,host-7,1,0,14,1,0,0,0.066531,0,32000,2129,0.066531,131072,2221,0.016945,0,0,1
323,host-8,2,0,14,2,0,0,0.108250,0,32000,3464,0.108250,131072,3494,0.026657,0,0,2
323,host-9,2,0,14,2,0,0,0.103031,0,32000,3297,0.103031,131072,3756,0.028656,0,0,2
324,host-1,3,0,14,3,0,0,0.137219,0,32000,4391,0.137219,131072,3395,0.025902,0,0,3
324,host-10,2,0,14,2,0,0,0.122406,0,32000,3917,0.122406,131072,3742,0.028549,0,0,2
324,host-11,4,0,14,4,0,0,0.149906,0,32000,4797,0.149906,131072,4083,0.031151,0,0,4
324,host-12,3,0,14,3,0,0,0.119344,0,32000,3819,0.119344,131072,1992,0.015198,0,0,3
324,host-13,3,0,14,3,0,0,0.119375,0,32000,3820,0.119375,131072,4624,0.035278,0,0,3
324,host-14,3,0,14,3,0,0,0.131250,0,32000,4200,0.131250,131072,3268,0.024933,0,0,3
324,host-15,2,0,14,2,0,0,0.127188,0,32000,4070,0.127188,131072,4216,0.032166,0,0,2
324,host-16,3,0,14,3,0,0,0.134031,0,32000,4289,0.134031,131072,3326,0.025375,0,0,3
324,host-17,3,0,14,3,0,0,0.129812,0,32000,4154,0.129812,131072,4119,0.031425,0,0,3
324,host-18,2,1,14,2,1,0,0.120000,0,32000,3840,0.120000,131072,3750,0.028610,1,0,1
324,host-19,3,0,14,3,0,0,0.148500,0,32000,4752,0.148500,131072,3792,0.028931,0,0,3
324,host-2,3,0,14,3,0,0,0.129750,0,32000,4152,0.129750,131072,4699,0.035851,0,0,3
324,host-20,2,0,14,2,0,0,0.118313,0,32000,3786,0.118313,131072,4726,0.036057,0,0,2
324,host-21,3,0,14,3,0,0,0.114250,0,32000,3656,0.114250,131072,4248,0.032410,0,0,3
324,host-22,3,0,14,3,0,0,0.147500,0,32000,4720,0.147500,131072,4622,0.035263,0,0,3
324,host-23,2,0,14,2,0,0,0.111562,0,32000,3570,0.111562,131072,3312,0.025269,0,0,2
324,host-24,3,0,14,3,0,0,0.130469,0,32000,4175,0.130469,131072,3034,0.023148,0,0,3
324,host-3,3,0,14,3,0,0,0.147000,0,32000,4704,0.147000,131072,4891,0.037315,0,0,3
324,host-4,3,0,14,3,0,0,0.119938,0,32000,3838,0.119938,131072,4166,0.031784,0,0,3
324,host-5,3,0,14,3,0,0,0.126188,0,32000,4038,0.126188,131072,3350,0.025558,0,0,3
324,host-6,3,0,14,3,0,0,0.136969,0,32000,4383,0.136969,131072,4119,0.031425,0,0,3
324,host-7,3,2,14,3,2,0,0.173656,0,32000,5557,0.173656,131072,5843,0.044579,1,1,1
324,host-8,2,0,14,2,0,0,0.108250,0,32000,3464,0.108250,131072,3494,0.026657,0,0,2
324,host-9,2,0,14,2,0,0,0.103031,0,32000,3297,0.103031,131072,3756,0.028656,0,0,2
325,host-1,3,0,14,3,0,0,0.137219,0,32000,4391,0.137219,131072,3395,0.025902,0,0,3
325,host-10,2,0,14,2,0,0,0.122406,0,32000,3917,0.122406,131072,3742,0.028549,0,0,2
325,host-11,4,0,14,4,0,0,0.149906,0,32000,4797,0.149906,131072,4083,0.031151,0,0,4
325,host-12,2,0,14,2,0,0,0.087406,0,32000,2797,0.087406,131072,1411,0.010765,0,0,2
325,host-13,3,0,14,3,0,0,0.119375,0,32000,3820,0.119375,131072,4624,0.035278,0,0,3
325,host-14,3,0,14,3,0,0,0.131250,0,32000,4200,0.131250,131072,3268,0.024933,0,0,3
325,host-15,2,0,14,2,0,0,0.127188,0,32000,4070,0.127188,131072,4216,0.032166,0,0,2
325,host-16,3,0,14,3,0,0,0.134031,0,32000,4289,0.134031,131072,3326,0.025375,0,0,3
325,host-17,3,0,14,3,0,0,0.129812,0,32000,4154,0.129812,131072,4119,0.031425,0,0,3
325,host-18,2,0,14,2,0,0,0.120000,0,32000,3840,0.120000,131072,3750,0.028610,0,0,2
325,host-19,3,0,14,3,0,0,0.148500,0,32000,4752,0.148500,131072,3792,0.028931,0,0,3
325,host-2,3,0,14,3,0,0,0.129750,0,32000,4152,0.129750,131072,4699,0.035851,0,0,3
325,host-20,2,0,14,2,0,0,0.118313,0,32000,3786,0.118313,131072,4726,0.036057,0,0,2
325,host-21,3,0,14,3,0,0,0.114250,0,32000,3656,0.114250,131072,4248,0.032410,0,0,3
325,host-22,2,0,14,2,0,0,0.102875,0,32000,3292,0.102875,131072,3574,0.027267,0,0,2
325,host-23,2,0,14,2,0,0,0.111562,0,32000,3570,0.111562,131072,3312,0.025269,0,0,2
325,host-24,2,0,14,2,0,0,0.096125,0,32000,3076,0.096125,131072,2141,0.016335,0,0,2
325,host-3,3,0,14,3,0,0,0.147000,0,32000,4704,0.147000,131072,4891,0.037315,0,0,3
325,host-4,2,0,14,2,0,0,0.060312,0,32000,1930,0.060312,131072,1942,0.014816,0,0,2
325,host-5,2,0,14,2,0,0,0.068281,0,32000,2185,0.068281,131072,1943,0.014824,0,0,2
325,host-6,3,0,14,3,0,0,0.136969,0,32000,4383,0.136969,131072,4119,0.031425,0,0,3
325,host-7,3,1,14,3,1,0,0.173656,0,32000,5557,0.173656,131072,5843,0.044579,1,0,2
325,host-8,2,0,14,2,0,0,0.108250,0,32000,3464,0.108250,131072,3494,0.026657,0,0,2
325,host-9,3,1,14,3,1,0,0.176813,0,32000,5658,0.176813,131072,6362,0.048538,1,0,2
326,host-1,3,0,14,3,0,0,0.137219,0,32000,4391,0.137219,131072,3395,0.025902,0,0,3
326,host-10,2,0,14,2,0,0,0.122406,0,32000,3917,0.122406,131072,3742,0.028549,0,0,2
326,host-11,4,0,14,4,0,0,0.149906,0,32000,4797,0.149906,131072,4083,0.031151,0,0,4
326,host-12,2,0,14,2,0,0,0.087406,0,32000,2797,0.087406,131072,1411,0.010765,0,0,2
326,host-13,2,0,14,2,0,0,0.074875,0,32000,2396,0.074875,131072,3476,0.026520,0,0,2
326,host-14,3,0,14,3,0,0,0.131250,0,32000,4200,0.131250,131072,3268,0.024933,0,0,3
326,host-15,2,0,14,2,0,0,0.127188,0,32000,4070,0.127188,131072,4216,0.032166,0,0,2
326,host-16,3,0,14,3,0,0,0.134031,0,32000,4289,0.134031,131072,3326,0.025375,0,0,3
326,host-17,3,0,14,3,0,0,0.129812,0,32000,4154,0.129812,131072,4119,0.031425,0,0,3
326,host-18,2,0,14,2,0,0,0.120000,0,32000,3840,0.120000,131072,3750,0.028610,0,0,2
326,host-19,3,0,14,3,0,0,0.148500,0,32000,4752,0.148500,131072,3792,0.028931,0,0,3
326,host-2,3,0,14,3,0,0,0.129750,0,32000,4152,0.129750,131072,4699,0.035851,0,0,3
326,host-20,2,0,14,2,0,0,0.118313,0,32000,3786,0.118313,131072,4726,0.036057,0,0,2
326,host-21,3,0,14,3,0,0,0.114250,0,32000,3656,0.114250,131072,4248,0.032410,0,0,3
326,host-22,2,0,14,2,0,0,0.102875,0,32000,3292,0.102875,131072,3574,0.027267,0,0,2
326,host-23,2,0,14,2,0,0,0.111562,0,32000,3570,0.111562,131072,3312,0.025269,0,0,2
326,host-24,2,0,14,2,0,0,0.096125,0,32000,3076,0.096125,131072,2141,0.016335,0,0,2
326,host-3,3,0,14,3,0,0,0.147000,0,32000,4704,0.147000,131072,4891,0.037315,0,0,3
326,host-4,3,1,14,3,1,0,0.119938,0,32000,3838,0.119938,131072,4166,0.031784,1,0,2
326,host-5,2,0,14,2,0,0,0.068281,0,32000,2185,0.068281,131072,1943,0.014824,0,0,2
326,host-6,3,0,14,3,0,0,0.136969,0,32000,4383,0.136969,131072,4119,0.031425,0,0,3
326,host-7,2,0,14,2,0,0,0.107125,0,32000,3428,0.107125,131072,3622,0.027634,0,0,2
326,host-8,2,0,14,2,0,0,0.108250,0,32000,3464,0.108250,131072,3494,0.026657,0,0,2
326,host-9,3,0,14,3,0,0,0.176813,0,32000,5658,0.176813,131072,6362,0.048538,0,0,3
327,host-1,3,0,14,3,0,0,0.137219,0,32000,4391,0.137219,131072,3395,0.025902,0,0,3
327,host-10,1,0,14,1,0,0,0.077219,0,32000,2471,0.077219,131072,2298,0.017532,0,0,1
327,host-11,4,0,14,4,0,0,0.149906,0,32000,4797,0.149906,131072,4083,0.031151,0,0,4
327,host-12,2,0,14,2,0,0,0.087406,0,32000,2797,0.087406,131072,1411,0.010765,0,0,2
327,host-13,3,1,14,3,1,0,0.141406,0,32000,4525,0.141406,131072,5697,0.043465,1,0,2
327,host-14,3,0,14,3,0,0,0.131250,0,32000,4200,0.131250,131072,3268,0.024933,0,0,3
327,host-15,2,0,14,2,0,0,0.127188,0,32000,4070,0.127188,131072,4216,0.032166,0,0,2
327,host-16,3,0,14,3,0,0,0.134031,0,32000,4289,0.134031,131072,3326,0.025375,0,0,3
327,host-17,3,0,14,3,0,0,0.129812,0,32000,4154,0.129812,131072,4119,0.031425,0,0,3
327,host-18,2,0,14,2,0,0,0.120000,0,32000,3840,0.120000,131072,3750,0.028610,0,0,2
327,host-19,3,0,14,3,0,0,0.148500,0,32000,4752,0.148500,131072,3792,0.028931,0,0,3
327,host-2,3,0,14,3,0,0,0.129750,0,32000,4152,0.129750,131072,4699,0.035851,0,0,3
327,host-20,2,0,14,2,0,0,0.118313,0,32000,3786,0.118313,131072,4726,0.036057,0,0,2
327,host-21,3,1,14,3,1,0,0.087500,0,32000,2800,0.087500,131072,2842,0.021683,1,0,2
327,host-22,2,0,14,2,0,0,0.102875,0,32000,3292,0.102875,131072,3574,0.027267,0,0,2
327,host-23,2,1,14,2,1,0,0.114125,0,32000,3652,0.114125,131072,3802,0.029007,1,0,1
327,host-24,2,0,14,2,0,0,0.096125,0,32000,3076,0.096125,131072,2141,0.016335,0,0,2
327,host-3,3,0,14,3,0,0,0.147000,0,32000,4704,0.147000,131072,4891,0.037315,0,0,3
327,host-4,3,0,14,3,0,0,0.119938,0,32000,3838,0.119938,131072,4166,0.031784,0,0,3
327,host-5,3,1,14,3,1,0,0.094906,0,32000,3037,0.094906,131072,3016,0.023010,1,0,2
327,host-6,3,0,14,3,0,0,0.136969,0,32000,4383,0.136969,131072,4119,0.031425,0,0,3
327,host-7,2,0,14,2,0,0,0.107125,0,32000,3428,0.107125,131072,3622,0.027634,0,0,2
327,host-8,2,0,14,2,0,0,0.108250,0,32000,3464,0.108250,131072,3494,0.026657,0,0,2
327,host-9,3,0,14,3,0,0,0.176813,0,32000,5658,0.176813,131072,6362,0.048538,0,0,3
328,host-1,3,0,14,3,0,0,0.137219,0,32000,4391,0.137219,131072,3395,0.025902,0,0,3
328,host-10,1,0,14,1,0,0,0.077219,0,32000,2471,0.077219,131072,2298,0.017532,0,0,1
328,host-11,2,0,14,2,0,0,0.089781,0,32000,2873,0.089781,131072,2145,0.016365,0,0,2
328,host-12,2,0,14,2,0,0,0.087406,0,32000,2797,0.087406,131072,1411,0.010765,0,0,2
328,host-13,3,1,14,3,1,0,0.141406,0,32000,4525,0.141406,131072,5697,0.043465,1,0,2
328,host-14,3,0,14,3,0,0,0.131250,0,32000,4200,0.131250,131072,3268,0.024933,0,0,3
328,host-15,2,0,14,2,0,0,0.127188,0,32000,4070,0.127188,131072,4216,0.032166,0,0,2
328,host-16,2,0,14,2,0,0,0.096344,0,32000,3083,0.096344,131072,2499,0.019066,0,0,2
328,host-17,1,0,14,1,0,0,0.031844,0,32000,1019,0.031844,131072,563,0.004295,0,0,1
328,host-18,2,0,14,2,0,0,0.120000,0,32000,3840,0.120000,131072,3750,0.028610,0,0,2
328,host-19,3,0,14,3,0,0,0.148500,0,32000,4752,0.148500,131072,3792,0.028931,0,0,3
328,host-2,3,0,14,3,0,0,0.129750,0,32000,4152,0.129750,131072,4699,0.035851,0,0,3
328,host-20,1,0,14,1,0,0,0.057844,0,32000,1851,0.057844,131072,2312,0.017639,0,0,1
328,host-21,3,1,14,3,1,0,0.087500,0,32000,2800,0.087500,131072,2842,0.021683,1,0,2
328,host-22,2,0,14,2,0,0,0.102875,0,32000,3292,0.102875,131072,3574,0.027267,0,0,2
328,host-23,2,1,14,2,1,0,0.114125,0,32000,3652,0.114125,131072,3802,0.029007,1,0,1
328,host-24,2,0,14,2,0,0,0.096125,0,32000,3076,0.096125,131072,2141,0.016335,0,0,2
328,host-3,3,0,14,3,0,0,0.147000,0,32000,4704,0.147000,131072,4891,0.037315,0,0,3
328,host-4,3,0,14,3,0,0,0.119938,0,32000,3838,0.119938,131072,4166,0.031784,0,0,3
328,host-5,3,1,14,3,1,0,0.094906,0,32000,3037,0.094906,131072,3016,0.023010,0,1,2
328,host-6,2,0,14,2,0,0,0.112594,0,32000,3603,0.112594,131072,3489,0.026619,0,0,2
328,host-7,2,0,14,2,0,0,0.107125,0,32000,3428,0.107125,131072,3622,0.027634,0,0,2
328,host-8,2,0,14,2,0,0,0.108250,0,32000,3464,0.108250,131072,3494,0.026657,0,0,2
328,host-9,2,0,14,2,0,0,0.131625,0,32000,4212,0.131625,131072,4918,0.037521,0,0,2
329,host-1,3,0,14,3,0,0,0.137219,0,32000,4391,0.137219,131072,3395,0.025902,0,0,3
329,host-10,1,0,14,1,0,0,0.077219,0,32000,2471,0.077219,131072,2298,0.017532,0,0,1
329,host-11,2,0,14,2,0,0,0.089781,0,32000,2873,0.089781,131072,2145,0.016365,0,0,2
329,host-12,2,0,14,2,0,0,0.087406,0,32000,2797,0.087406,131072,1411,0.010765,0,0,2
329,host-13,3,0,14,3,0,0,0.141406,0,32000,4525,0.141406,131072,5697,0.043465,0,0,3
329,host-14,3,0,14,3,0,0,0.131250,0,32000,4200,0.131250,131072,3268,0.024933,0,0,3
329,host-15,2,0,14,2,0,0,0.127188,0,32000,4070,0.127188,131072,4216,0.032166,0,0,2
329,host-16,2,0,14,2,0,0,0.096344,0,32000,3083,0.096344,131072,2499,0.019066,0,0,2
329,host-17,2,1,14,2,1,0,0.059625,0,32000,1908,0.059625,131072,1085,0.008278,1,0,1
329,host-18,1,0,14,1,0,0,0.062187,0,32000,1990,0.062187,131072,1877,0.014320,0,0,1
329,host-19,2,0,14,2,0,0,0.110469,0,32000,3535,0.110469,131072,3151,0.024040,0,0,2
329,host-2,2,0,14,2,0,0,0.095937,0,32000,3070,0.095937,131072,3399,0.025932,0,0,2
329,host-20,1,0,14,1,0,0,0.057844,0,32000,1851,0.057844,131072,2312,0.017639,0,0,1
329,host-21,3,0,14,3,0,0,0.087500,0,32000,2800,0.087500,131072,2842,0.021683,0,0,3
329,host-22,2,0,14,2,0,0,0.102875,0,32000,3292,0.102875,131072,3574,0.027267,0,0,2
329,host-23,2,0,14,2,0,0,0.114125,0,32000,3652,0.114125,131072,3802,0.029007,0,0,2
329,host-24,2,0,14,2,0,0,0.096125,0,32000,3076,0.096125,131072,2141,0.016335,0,0,2
329,host-3,3,0,14,3,0,0,0.147000,0,32000,4704,0.147000,131072,4891,0.037315,0,0,3
329,host-4,3,0,14,3,0,0,0.119938,0,32000,3838,0.119938,131072,4166,0.031784,0,0,3
329,host-5,3,0,14,3,0,0,0.094906,0,32000,3037,0.094906,131072,3016,0.023010,0,0,3
329,host-6,2,0,14,2,0,0,0.112594,0,32000,3603,0.112594,131072,3489,0.026619,0,0,2
329,host-7,2,0,14,2,0,0,0.107125,0,32000,3428,0.107125,131072,3622,0.027634,0,0,2
329,host-8,1,0,14,1,0,0,0.031469,0,32000,1007,0.031469,131072,708,0.005402,0,0,1
329,host-9,2,0,14,2,0,0,0.131625,0,32000,4212,0.131625,131072,4918,0.037521,0,0,2
330,host-1,3,0,14,3,0,0,0.137219,0,32000,4391,0.137219,131072,3395,0.025902,0,0,3
330,host-10,1,0,14,1,0,0,0.077219,0,32000,2471,0.077219,131072,2298,0.017532,0,0,1
330,host-11,2,0,14,2,0,0,0.089781,0,32000,2873,0.089781,131072,2145,0.016365,0,0,2
330,host-12,2,0,14,2,0,0,0.087406,0,32000,2797,0.087406,131072,1411,0.010765,0,0,2
330,host-13,3,0,14,3,0,0,0.141406,0,32000,4525,0.141406,131072,5697,0.043465,0,0,3
330,host-14,3,0,14,3,0,0,0.131250,0,32000,4200,0.131250,131072,3268,0.024933,0,0,3
330,host-15,2,0,14,2,0,0,0.127188,0,32000,4070,0.127188,131072,4216,0.032166,0,0,2
330,host-16,2,0,14,2,0,0,0.096344,0,32000,3083,0.096344,131072,2499,0.019066,0,0,2
330,host-17,2,0,14,2,0,0,0.059625,0,32000,1908,0.059625,131072,1085,0.008278,0,0,2
330,host-18,1,0,14,1,0,0,0.062187,0,32000,1990,0.062187,131072,1877,0.014320,0,0,1
330,host-19,2,0,14,2,0,0,0.110469,0,32000,3535,0.110469,131072,3151,0.024040,0,0,2
330,host-2,2,0,14,2,0,0,0.095937,0,32000,3070,0.095937,131072,3399,0.025932,0,0,2
330,host-20,1,0,14,1,0,0,0.057844,0,32000,1851,0.057844,131072,2312,0.017639,0,0,1
330,host-21,3,0,14,3,0,0,0.087500,0,32000,2800,0.087500,131072,2842,0.021683,0,0,3
330,host-22,2,0,14,2,0,0,0.102875,0,32000,3292,0.102875,131072,3574,0.027267,0,0,2
330,host-23,2,0,14,2,0,0,0.114125,0,32000,3652,0.114125,131072,3802,0.029007,0,0,2
330,host-24,2,0,14,2,0,0,0.096125,0,32000,3076,0.096125,131072,2141,0.016335,0,0,2
330,host-3,3,0,14,3,0,0,0.147000,0,32000,4704,0.147000,131072,4891,0.037315,0,0,3
330,host-4,3,0,14,3,0,0,0.119938,0,32000,3838,0.119938,131072,4166,0.031784,0,0,3
330,host-5,3,0,14,3,0,0,0.094906,0,32000,3037,0.094906,131072,3016,0.023010,0,0,3
330,host-6,2,0,14,2,0,0,0.112594,0,32000,3603,0.112594,131072,3489,0.026619,0,0,2
330,host-7,2,0,14,2,0,0,0.107125,0,32000,3428,0.107125,131072,3622,0.027634,0,0,2
330,host-8,1,0,14,1,0,0,0.031469,0,32000,1007,0.031469,131072,708,0.005402,0,0,1
330,host-9,2,0,14,2,0,0,0.131625,0,32000,4212,0.131625,131072,4918,0.037521,0,0,2
331,host-1,3,0,14,3,0,0,0.137219,0,32000,4391,0.137219,131072,3395,0.025902,0,0,3
331,host-10,1,0,14,1,0,0,0.077219,0,32000,2471,0.077219,131072,2298,0.017532,0,0,1
331,host-11,2,0,14,2,0,0,0.089781,0,32000,2873,0.089781,131072,2145,0.016365,0,0,2
331,host-12,2,0,14,2,0,0,0.087406,0,32000,2797,0.087406,131072,1411,0.010765,0,0,2
331,host-13,3,0,14,3,0,0,0.141406,0,32000,4525,0.141406,131072,5697,0.043465,0,0,3
331,host-14,3,0,14,3,0,0,0.131250,0,32000,4200,0.131250,131072,3268,0.024933,0,0,3
331,host-15,2,0,14,2,0,0,0.127188,0,32000,4070,0.127188,131072,4216,0.032166,0,0,2
331,host-16,2,0,14,2,0,0,0.096344,0,32000,3083,0.096344,131072,2499,0.019066,0,0,2
331,host-17,2,0,14,2,0,0,0.059625,0,32000,1908,0.059625,131072,1085,0.008278,0,0,2
331,host-18,1,0,14,1,0,0,0.062187,0,32000,1990,0.062187,131072,1877,0.014320,0,0,1
331,host-19,2,0,14,2,0,0,0.110469,0,32000,3535,0.110469,131072,3151,0.024040,0,0,2
331,host-2,2,0,14,2,0,0,0.095937,0,32000,3070,0.095937,131072,3399,0.025932,0,0,2
331,host-20,1,0,14,1,0,0,0.057844,0,32000,1851,0.057844,131072,2312,0.017639,0,0,1
331,host-21,3,0,14,3,0,0,0.087500,0,32000,2800,0.087500,131072,2842,0.021683,0,0,3
331,host-22,2,0,14,2,0,0,0.102875,0,32000,3292,0.102875,131072,3574,0.027267,0,0,2
331,host-23,2,0,14,2,0,0,0.114125,0,32000,3652,0.114125,131072,3802,0.029007,0,0,2
331,host-24,2,0,14,2,0,0,0.096125,0,32000,3076,0.096125,131072,2141,0.016335,0,0,2
331,host-3,3,0,14,3,0,0,0.147000,0,32000,4704,0.147000,131072,4891,0.037315,0,0,3
331,host-4,3,0,14,3,0,0,0.119938,0,32000,3838,0.119938,131072,4166,0.031784,0,0,3
331,host-5,3,0,14,3,0,0,0.094906,0,32000,3037,0.094906,131072,3016,0.023010,0,0,3
331,host-6,2,0,14,2,0,0,0.112594,0,32000,3603,0.112594,131072,3489,0.026619,0,0,2
331,host-7,2,0,14,2,0,0,0.107125,0,32000,3428,0.107125,131072,3622,0.027634,0,0,2
331,host-8,2,1,14,2,1,0,0.087906,0,32000,2813,0.087906,131072,2832,0.021606,1,0,1
331,host-9,2,0,14,2,0,0,0.131625,0,32000,4212,0.131625,131072,4918,0.037521,0,0,2
332,host-1,3,0,14,3,0,0,0.137219,0,32000,4391,0.137219,131072,3395,0.025902,0,0,3
332,host-10,1,0,14,1,0,0,0.077219,0,32000,2471,0.077219,131072,2298,0.017532,0,0,1
332,host-11,2,0,14,2,0,0,0.089781,0,32000,2873,0.089781,131072,2145,0.016365,0,0,2
332,host-12,2,0,14,2,0,0,0.087406,0,32000,2797,0.087406,131072,1411,0.010765,0,0,2
332,host-13,3,0,14,3,0,0,0.141406,0,32000,4525,0.141406,131072,5697,0.043465,0,0,3
332,host-14,3,0,14,3,0,0,0.131250,0,32000,4200,0.131250,131072,3268,0.024933,0,0,3
332,host-15,2,0,14,2,0,0,0.127188,0,32000,4070,0.127188,131072,4216,0.032166,0,0,2
332,host-16,2,0,14,2,0,0,0.096344,0,32000,3083,0.096344,131072,2499,0.019066,0,0,2
332,host-17,2,0,14,2,0,0,0.059625,0,32000,1908,0.059625,131072,1085,0.008278,0,0,2
332,host-18,1,0,14,1,0,0,0.062187,0,32000,1990,0.062187,131072,1877,0.014320,0,0,1
332,host-19,2,0,14,2,0,0,0.110469,0,32000,3535,0.110469,131072,3151,0.024040,0,0,2
332,host-2,2,0,14,2,0,0,0.095937,0,32000,3070,0.095937,131072,3399,0.025932,0,0,2
332,host-20,2,1,14,2,1,0,0.093063,0,32000,2978,0.093063,131072,3412,0.026031,1,0,1
332,host-21,3,0,14,3,0,0,0.087500,0,32000,2800,0.087500,131072,2842,0.021683,0,0,3
332,host-22,2,0,14,2,0,0,0.102875,0,32000,3292,0.102875,131072,3574,0.027267,0,0,2
332,host-23,2,0,14,2,0,0,0.114125,0,32000,3652,0.114125,131072,3802,0.029007,0,0,2
332,host-24,2,0,14,2,0,0,0.096125,0,32000,3076,0.096125,131072,2141,0.016335,0,0,2
332,host-3,3,0,14,3,0,0,0.147000,0,32000,4704,0.147000,131072,4891,0.037315,0,0,3
332,host-4,3,1,14,3,1,0,0.119938,0,32000,3838,0.119938,131072,4166,0.031784,0,1,2
332,host-5,3,0,14,3,0,0,0.094906,0,32000,3037,0.094906,131072,3016,0.023010,0,0,3
332,host-6,2,0,14,2,0,0,0.112594,0,32000,3603,0.112594,131072,3489,0.026619,0,0,2
332,host-7,2,0,14,2,0,0,0.107125,0,32000,3428,0.107125,131072,3622,0.027634,0,0,2
332,host-8,2,0,14,2,0,0,0.087906,0,32000,2813,0.087906,131072,2832,0.021606,0,0,2
332,host-9,2,0,14,2,0,0,0.131625,0,32000,4212,0.131625,131072,4918,0.037521,0,0,2
333,host-1,3,0,14,3,0,0,0.137219,0,32000,4391,0.137219,131072,3395,0.025902,0,0,3
333,host-10,1,0,14,1,0,0,0.077219,0,32000,2471,0.077219,131072,2298,0.017532,0,0,1
333,host-11,2,0,14,2,0,0,0.089781,0,32000,2873,0.089781,131072,2145,0.016365,0,0,2
333,host-12,2,1,14,2,1,0,0.098719,0,32000,3159,0.098719,131072,2762,0.021072,1,0,1
333,host-13,3,0,14,3,0,0,0.141406,0,32000,4525,0.141406,131072,5697,0.043465,0,0,3
333,host-14,3,0,14,3,0,0,0.131250,0,32000,4200,0.131250,131072,3268,0.024933,0,0,3
333,host-15,2,0,14,2,0,0,0.127188,0,32000,4070,0.127188,131072,4216,0.032166,0,0,2
333,host-16,2,0,14,2,0,0,0.096344,0,32000,3083,0.096344,131072,2499,0.019066,0,0,2
333,host-17,3,1,14,3,1,0,0.119000,0,32000,3808,0.119000,131072,3310,0.025253,1,0,2
333,host-18,2,1,14,2,1,0,0.130312,0,32000,4170,0.130312,131072,4608,0.035156,1,0,1
333,host-19,2,0,14,2,0,0,0.110469,0,32000,3535,0.110469,131072,3151,0.024040,0,0,2
333,host-2,2,0,14,2,0,0,0.095937,0,32000,3070,0.095937,131072,3399,0.025932,0,0,2
333,host-20,2,0,14,2,0,0,0.093063,0,32000,2978,0.093063,131072,3412,0.026031,0,0,2
333,host-21,3,0,14,3,0,0,0.087500,0,32000,2800,0.087500,131072,2842,0.021683,0,0,3
333,host-22,2,0,14,2,0,0,0.102875,0,32000,3292,0.102875,131072,3574,0.027267,0,0,2
333,host-23,2,0,14,2,0,0,0.114125,0,32000,3652,0.114125,131072,3802,0.029007,0,0,2
333,host-24,2,1,14,2,1,0,0.111281,0,32000,3561,0.111281,131072,3449,0.026314,1,0,1
333,host-3,3,0,14,3,0,0,0.147000,0,32000,4704,0.147000,131072,4891,0.037315,0,0,3
333,host-4,3,0,14,3,0,0,0.119938,0,32000,3838,0.119938,131072,4166,0.031784,0,0,3
333,host-5,3,0,14,3,0,0,0.094906,0,32000,3037,0.094906,131072,3016,0.023010,0,0,3
333,host-6,2,0,14,2,0,0,0.112594,0,32000,3603,0.112594,131072,3489,0.026619,0,0,2
333,host-7,2,0,14,2,0,0,0.107125,0,32000,3428,0.107125,131072,3622,0.027634,0,0,2
333,host-8,2,0,14,2,0,0,0.087906,0,32000,2813,0.087906,131072,2832,0.021606,0,0,2
333,host-9,2,0,14,2,0,0,0.131625,0,32000,4212,0.131625,131072,4918,0.037521,0,0,2
334,host-1,3,0,14,3,0,0,0.137219,0,32000,4391,0.137219,131072,3395,0.025902,0,0,3
334,host-10,2,1,14,2,1,0,0.121219,0,32000,3879,0.121219,131072,4180,0.031891,1,0,1
334,host-11,2,0,14,2,0,0,0.089781,0,32000,2873,0.089781,131072,2145,0.016365,0,0,2
334,host-12,2,0,14,2,0,0,0.098719,0,32000,3159,0.098719,131072,2762,0.021072,0,0,2
334,host-13,3,0,14,3,0,0,0.141406,0,32000,4525,0.141406,131072,5697,0.043465,0,0,3
334,host-14,3,0,14,3,0,0,0.131250,0,32000,4200,0.131250,131072,3268,0.024933,0,0,3
334,host-15,2,0,14,2,0,0,0.127188,0,32000,4070,0.127188,131072,4216,0.032166,0,0,2
334,host-16,2,0,14,2,0,0,0.096344,0,32000,3083,0.096344,131072,2499,0.019066,0,0,2
334,host-17,3,1,14,3,1,0,0.119000,0,32000,3808,0.119000,131072,3310,0.025253,0,1,2
334,host-18,2,1,14,2,1,0,0.130312,0,32000,4170,0.130312,131072,4608,0.035156,1,0,1
334,host-19,2,0,14,2,0,0,0.110469,0,32000,3535,0.110469,131072,3151,0.024040,0,0,2
334,host-2,2,0,14,2,0,0,0.095937,0,32000,3070,0.095937,131072,3399,0.025932,0,0,2
334,host-20,2,0,14,2,0,0,0.093063,0,32000,2978,0.093063,131072,3412,0.026031,0,0,2
334,host-21,3,0,14,3,0,0,0.087500,0,32000,2800,0.087500,131072,2842,0.021683,0,0,3
334,host-22,2,0,14,2,0,0,0.102875,0,32000,3292,0.102875,131072,3574,0.027267,0,0,2
334,host-23,2,0,14,2,0,0,0.114125,0,32000,3652,0.114125,131072,3802,0.029007,0,0,2
334,host-24,1,0,14,1,0,0,0.052937,0,32000,1694,0.052937,131072,2261,0.017250,0,0,1
334,host-3,2,0,14,2,0,0,0.094031,0,32000,3009,0.094031,131072,2759,0.021049,0,0,2
334,host-4,3,0,14,3,0,0,0.119938,0,32000,3838,0.119938,131072,4166,0.031784,0,0,3
334,host-5,2,0,14,2,0,0,0.065094,0,32000,2083,0.065094,131072,2375,0.018120,0,0,2
334,host-6,1,0,14,1,0,0,0.074813,0,32000,2394,0.074813,131072,2536,0.019348,0,0,1
334,host-7,2,0,14,2,0,0,0.107125,0,32000,3428,0.107125,131072,3622,0.027634,0,0,2
334,host-8,2,0,14,2,0,0,0.087906,0,32000,2813,0.087906,131072,2832,0.021606,0,0,2
334,host-9,2,0,14,2,0,0,0.131625,0,32000,4212,0.131625,131072,4918,0.037521,0,0,2
335,host-1,2,1,14,2,1,0,0.082656,0,32000,2645,0.082656,131072,2146,0.016373,0,1,1
335,host-10,2,1,14,2,1,0,0.121219,0,32000,3879,0.121219,131072,4180,0.031891,1,0,1
335,host-11,2,0,14,2,0,0,0.089781,0,32000,2873,0.089781,131072,2145,0.016365,0,0,2
335,host-12,1,0,14,1,0,0,0.053844,0,32000,1723,0.053844,131072,1949,0.014870,0,0,1
335,host-13,3,0,14,3,0,0,0.141406,0,32000,4525,0.141406,131072,5697,0.043465,0,0,3
335,host-14,3,0,14,3,0,0,0.131250,0,32000,4200,0.131250,131072,3268,0.024933,0,0,3
335,host-15,2,0,14,2,0,0,0.127188,0,32000,4070,0.127188,131072,4216,0.032166,0,0,2
335,host-16,1,0,14,1,0,0,0.052562,0,32000,1682,0.052562,131072,1753,0.013374,0,0,1
335,host-17,3,0,14,3,0,0,0.119000,0,32000,3808,0.119000,131072,3310,0.025253,0,0,3
335,host-18,2,0,14,2,0,0,0.130312,0,32000,4170,0.130312,131072,4608,0.035156,0,0,2
335,host-19,2,0,14,2,0,0,0.110469,0,32000,3535,0.110469,131072,3151,0.024040,0,0,2
335,host-2,2,0,14,2,0,0,0.095937,0,32000,3070,0.095937,131072,3399,0.025932,0,0,2
335,host-20,2,0,14,2,0,0,0.093063,0,32000,2978,0.093063,131072,3412,0.026031,0,0,2
335,host-21,3,0,14,3,0,0,0.087500,0,32000,2800,0.087500,131072,2842,0.021683,0,0,3
335,host-22,2,0,14,2,0,0,0.102875,0,32000,3292,0.102875,131072,3574,0.027267,0,0,2
335,host-23,2,1,14,2,1,0,0.114125,0,32000,3652,0.114125,131072,3802,0.029007,0,1,1
335,host-24,2,1,14,2,1,0,0.134187,0,32000,4294,0.134187,131072,5087,0.038811,1,0,1
335,host-3,2,0,14,2,0,0,0.094031,0,32000,3009,0.094031,131072,2759,0.021049,0,0,2
335,host-4,3,0,14,3,0,0,0.119938,0,32000,3838,0.119938,131072,4166,0.031784,0,0,3
335,host-5,2,0,14,2,0,0,0.065094,0,32000,2083,0.065094,131072,2375,0.018120,0,0,2
335,host-6,1,0,14,1,0,0,0.074813,0,32000,2394,0.074813,131072,2536,0.019348,0,0,1
335,host-7,2,0,14,2,0,0,0.107125,0,32000,3428,0.107125,131072,3622,0.027634,0,0,2
335,host-8,2,0,14,2,0,0,0.087906,0,32000,2813,0.087906,131072,2832,0.021606,0,0,2
335,host-9,2,0,14,2,0,0,0.131625,0,32000,4212,0.131625,131072,4918,0.037521,0,0,2
336,host-1,3,1,14,3,1,0,0.140563,0,32000,4498,0.140563,131072,3553,0.027107,1,0,2
336,host-10,2,1,14,2,1,0,0.105875,0,32000,3388,0.105875,131072,4059,0.030968,1,0,1
336,host-11,2,0,14,2,0,0,0.089781,0,32000,2873,0.089781,131072,2145,0.016365,0,0,2
336,host-12,3,2,14,3,2,0,0.125969,0,32000,4031,0.125969,131072,3634,0.027725,2,0,1
336,host-13,3,0,14,3,0,0,0.141406,0,32000,4525,0.141406,131072,5697,0.043465,0,0,3
336,host-14,3,0,14,3,0,0,0.131250,0,32000,4200,0.131250,131072,3268,0.024933,0,0,3
336,host-15,2,0,14,2,0,0,0.127188,0,32000,4070,0.127188,131072,4216,0.032166,0,0,2
336,host-16,2,1,14,2,1,0,0.120656,0,32000,3861,0.120656,131072,4183,0.031914,1,0,1
336,host-17,3,0,14,3,0,0,0.119000,0,32000,3808,0.119000,131072,3310,0.025253,0,0,3
336,host-18,2,0,14,2,0,0,0.130312,0,32000,4170,0.130312,131072,4608,0.035156,0,0,2
336,host-19,2,1,14,2,1,0,0.126688,0,32000,4054,0.126688,131072,3274,0.024979,1,0,1
336,host-2,2,0,14,2,0,0,0.095937,0,32000,3070,0.095937,131072,3399,0.025932,0,0,2
336,host-20,2,0,14,2,0,0,0.093063,0,32000,2978,0.093063,131072,3412,0.026031,0,0,2
336,host-21,3,0,14,3,0,0,0.087500,0,32000,2800,0.087500,131072,2842,0.021683,0,0,3
336,host-22,2,0,14,2,0,0,0.102875,0,32000,3292,0.102875,131072,3574,0.027267,0,0,2
336,host-23,2,0,14,2,0,0,0.114125,0,32000,3652,0.114125,131072,3802,0.029007,0,0,2
336,host-24,2,0,14,2,0,0,0.134187,0,32000,4294,0.134187,131072,5087,0.038811,0,0,2
336,host-3,2,0,14,2,0,0,0.094031,0,32000,3009,0.094031,131072,2759,0.021049,0,0,2
336,host-4,3,0,14,3,0,0,0.119938,0,32000,3838,0.119938,131072,4166,0.031784,0,0,3
336,host-5,3,1,14,3,1,0,0.118188,0,32000,3782,0.118188,131072,4767,0.036369,1,0,2
336,host-6,2,1,14,2,1,0,0.129375,0,32000,4140,0.129375,131072,3785,0.028877,1,0,1
336,host-7,2,0,14,2,0,0,0.107125,0,32000,3428,0.107125,131072,3622,0.027634,0,0,2
336,host-8,2,0,14,2,0,0,0.087906,0,32000,2813,0.087906,131072,2832,0.021606,0,0,2
336,host-9,2,0,14,2,0,0,0.131625,0,32000,4212,0.131625,131072,4918,0.037521,0,0,2
337,host-1,3,1,14,3,1,0,0.140563,0,32000,4498,0.140563,131072,3553,0.027107,0,1,2
337,host-10,2,1,14,2,1,0,0.105875,0,32000,3388,0.105875,131072,4059,0.030968,1,0,1
337,host-11,2,0,14,2,0,0,0.089781,0,32000,2873,0.089781,131072,2145,0.016365,0,0,2
337,host-12,3,1,14,3,1,0,0.125969,0,32000,4031,0.125969,131072,3634,0.027725,1,0,2
337,host-13,3,0,14,3,0,0,0.141406,0,32000,4525,0.141406,131072,5697,0.043465,0,0,3
337,host-14,3,0,14,3,0,0,0.131250,0,32000,4200,0.131250,131072,3268,0.024933,0,0,3
337,host-15,2,0,14,2,0,0,0.127188,0,32000,4070,0.127188,131072,4216,0.032166,0,0,2
337,host-16,1,0,14,1,0,0,0.068094,0,32000,2179,0.068094,131072,2430,0.018539,0,0,1
337,host-17,3,0,14,3,0,0,0.119000,0,32000,3808,0.119000,131072,3310,0.025253,0,0,3
337,host-18,2,0,14,2,0,0,0.130312,0,32000,4170,0.130312,131072,4608,0.035156,0,0,2
337,host-19,2,0,14,2,0,0,0.126688,0,32000,4054,0.126688,131072,3274,0.024979,0,0,2
337,host-2,2,0,14,2,0,0,0.095937,0,32000,3070,0.095937,131072,3399,0.025932,0,0,2
337,host-20,2,0,14,2,0,0,0.093063,0,32000,2978,0.093063,131072,3412,0.026031,0,0,2
337,host-21,3,0,14,3,0,0,0.087500,0,32000,2800,0.087500,131072,2842,0.021683,0,0,3
337,host-22,2,0,14,2,0,0,0.102875,0,32000,3292,0.102875,131072,3574,0.027267,0,0,2
337,host-23,2,0,14,2,0,0,0.114125,0,32000,3652,0.114125,131072,3802,0.029007,0,0,2
337,host-24,2,0,14,2,0,0,0.134187,0,32000,4294,0.134187,131072,5087,0.038811,0,0,2
337,host-3,2,0,14,2,0,0,0.094031,0,32000,3009,0.094031,131072,2759,0.021049,0,0,2
337,host-4,3,0,14,3,0,0,0.119938,0,32000,3838,0.119938,131072,4166,0.031784,0,0,3
337,host-5,3,1,14,3,1,0,0.118188,0,32000,3782,0.118188,131072,4767,0.036369,0,1,2
337,host-6,2,1,14,2,1,0,0.129375,0,32000,4140,0.129375,131072,3785,0.028877,1,0,1
337,host-7,2,0,14,2,0,0,0.107125,0,32000,3428,0.107125,131072,3622,0.027634,0,0,2
337,host-8,2,0,14,2,0,0,0.087906,0,32000,2813,0.087906,131072,2832,0.021606,0,0,2
337,host-9,2,0,14,2,0,0,0.131625,0,32000,4212,0.131625,131072,4918,0.037521,0,0,2
338,host-1,3,0,14,3,0,0,0.140563,0,32000,4498,0.140563,131072,3553,0.027107,0,0,3
338,host-10,2,0,14,2,0,0,0.105875,0,32000,3388,0.105875,131072,4059,0.030968,0,0,2
338,host-11,2,0,14,2,0,0,0.089781,0,32000,2873,0.089781,131072,2145,0.016365,0,0,2
338,host-12,3,0,14,3,0,0,0.125969,0,32000,4031,0.125969,131072,3634,0.027725,0,0,3
338,host-13,3,0,14,3,0,0,0.141406,0,32000,4525,0.141406,131072,5697,0.043465,0,0,3
338,host-14,3,0,14,3,0,0,0.131250,0,32000,4200,0.131250,131072,3268,0.024933,0,0,3
338,host-15,2,0,14,2,0,0,0.127188,0,32000,4070,0.127188,131072,4216,0.032166,0,0,2
338,host-16,2,1,14,2,1,0,0.129969,0,32000,4159,0.129969,131072,4607,0.035149,1,0,1
338,host-17,3,0,14,3,0,0,0.119000,0,32000,3808,0.119000,131072,3310,0.025253,0,0,3
338,host-18,2,0,14,2,0,0,0.130312,0,32000,4170,0.130312,131072,4608,0.035156,0,0,2
338,host-19,2,0,14,2,0,0,0.126688,0,32000,4054,0.126688,131072,3274,0.024979,0,0,2
338,host-2,2,0,14,2,0,0,0.095937,0,32000,3070,0.095937,131072,3399,0.025932,0,0,2
338,host-20,2,0,14,2,0,0,0.093063,0,32000,2978,0.093063,131072,3412,0.026031,0,0,2
338,host-21,3,0,14,3,0,0,0.087500,0,32000,2800,0.087500,131072,2842,0.021683,0,0,3
338,host-22,2,0,14,2,0,0,0.102875,0,32000,3292,0.102875,131072,3574,0.027267,0,0,2
338,host-23,2,0,14,2,0,0,0.114125,0,32000,3652,0.114125,131072,3802,0.029007,0,0,2
338,host-24,2,0,14,2,0,0,0.134187,0,32000,4294,0.134187,131072,5087,0.038811,0,0,2
338,host-3,2,0,14,2,0,0,0.094031,0,32000,3009,0.094031,131072,2759,0.021049,0,0,2
338,host-4,3,0,14,3,0,0,0.119938,0,32000,3838,0.119938,131072,4166,0.031784,0,0,3
338,host-5,3,0,14,3,0,0,0.118188,0,32000,3782,0.118188,131072,4767,0.036369,0,0,3
338,host-6,1,0,14,1,0,0,0.054562,0,32000,1746,0.054562,131072,1249,0.009529,0,0,1
338,host-7,2,0,14,2,0,0,0.107125,0,32000,3428,0.107125,131072,3622,0.027634,0,0,2
338,host-8,2,0,14,2,0,0,0.087906,0,32000,2813,0.087906,131072,2832,0.021606,0,0,2
338,host-9,2,0,14,2,0,0,0.131625,0,32000,4212,0.131625,131072,4918,0.037521,0,0,2
339,host-1,3,0,14,3,0,0,0.140563,0,32000,4498,0.140563,131072,3553,0.027107,0,0,3
339,host-10,2,0,14,2,0,0,0.105875,0,32000,3388,0.105875,131072,4059,0.030968,0,0,2
339,host-11,2,0,14,2,0,0,0.089781,0,32000,2873,0.089781,131072,2145,0.016365,0,0,2
339,host-12,3,0,14,3,0,0,0.125969,0,32000,4031,0.125969,131072,3634,0.027725,0,0,3
339,host-13,2,0,14,2,0,0,0.096937,0,32000,3102,0.096937,131072,3779,0.028831,0,0,2
339,host-14,3,0,14,3,0,0,0.131250,0,32000,4200,0.131250,131072,3268,0.024933,0,0,3
339,host-15,2,0,14,2,0,0,0.127188,0,32000,4070,0.127188,131072,4216,0.032166,0,0,2
339,host-16,2,0,14,2,0,0,0.129969,0,32000,4159,0.129969,131072,4607,0.035149,0,0,2
339,host-17,3,0,14,3,0,0,0.119000,0,32000,3808,0.119000,131072,3310,0.025253,0,0,3
339,host-18,2,0,14,2,0,0,0.130312,0,32000,4170,0.130312,131072,4608,0.035156,0,0,2
339,host-19,2,1,14,2,1,0,0.126688,0,32000,4054,0.126688,131072,3274,0.024979,0,1,1
339,host-2,2,0,14,2,0,0,0.095937,0,32000,3070,0.095937,131072,3399,0.025932,0,0,2
339,host-20,2,0,14,2,0,0,0.093063,0,32000,2978,0.093063,131072,3412,0.026031,0,0,2
339,host-21,3,0,14,3,0,0,0.087500,0,32000,2800,0.087500,131072,2842,0.021683,0,0,3
339,host-22,1,0,14,1,0,0,0.074125,0,32000,2372,0.074125,131072,2377,0.018135,0,0,1
339,host-23,2,0,14,2,0,0,0.114125,0,32000,3652,0.114125,131072,3802,0.029007,0,0,2
339,host-24,2,0,14,2,0,0,0.134187,0,32000,4294,0.134187,131072,5087,0.038811,0,0,2
339,host-3,2,0,14,2,0,0,0.094031,0,32000,3009,0.094031,131072,2759,0.021049,0,0,2
339,host-4,3,0,14,3,0,0,0.119938,0,32000,3838,0.119938,131072,4166,0.031784,0,0,3
339,host-5,3,0,14,3,0,0,0.118188,0,32000,3782,0.118188,131072,4767,0.036369,0,0,3
339,host-6,2,1,14,2,1,0,0.099344,0,32000,3179,0.099344,131072,2584,0.019714,1,0,1
339,host-7,2,0,14,2,0,0,0.107125,0,32000,3428,0.107125,131072,3622,0.027634,0,0,2
339,host-8,2,0,14,2,0,0,0.087906,0,32000,2813,0.087906,131072,2832,0.021606,0,0,2
339,host-9,2,0,14,2,0,0,0.131625,0,32000,4212,0.131625,131072,4918,0.037521,0,0,2
340,host-1,3,0,14,3,0,0,0.140563,0,32000,4498,0.140563,131072,3553,0.027107,0,0,3
340,host-10,2,0,14,2,0,0,0.105875,0,32000,3388,0.105875,131072,4059,0.030968,0,0,2
340,host-11,2,0,14,2,0,0,0.089781,0,32000,2873,0.089781,131072,2145,0.016365,0,0,2
340,host-12,3,0,14,3,0,0,0.125969,0,32000,4031,0.125969,131072,3634,0.027725,0,0,3
340,host-13,2,0,14,2,0,0,0.096937,0,32000,3102,0.096937,131072,3779,0.028831,0,0,2
340,host-14,3,0,14,3,0,0,0.131250,0,32000,4200,0.131250,131072,3268,0.024933,0,0,3
340,host-15,1,0,14,1,0,0,0.072156,0,32000,2309,0.072156,131072,2949,0.022499,0,0,1
340,host-16,2,0,14,2,0,0,0.129969,0,32000,4159,0.129969,131072,4607,0.035149,0,0,2
340,host-17,3,0,14,3,0,0,0.119000,0,32000,3808,0.119000,131072,3310,0.025253,0,0,3
340,host-18,2,0,14,2,0,0,0.130312,0,32000,4170,0.130312,131072,4608,0.035156,0,0,2
340,host-19,2,0,14,2,0,0,0.126688,0,32000,4054,0.126688,131072,3274,0.024979,0,0,2
340,host-2,2,1,14,2,1,0,0.095937,0,32000,3070,0.095937,131072,3399,0.025932,0,1,1
340,host-20,1,0,14,1,0,0,0.035219,0,32000,1127,0.035219,131072,1100,0.008392,0,0,1
340,host-21,3,0,14,3,0,0,0.087500,0,32000,2800,0.087500,131072,2842,0.021683,0,0,3
340,host-22,2,1,14,2,1,0,0.136281,0,32000,4361,0.136281,131072,3844,0.029327,1,0,1
340,host-23,2,0,14,2,0,0,0.114125,0,32000,3652,0.114125,131072,3802,0.029007,0,0,2
340,host-24,2,0,14,2,0,0,0.134187,0,32000,4294,0.134187,131072,5087,0.038811,0,0,2
340,host-3,2,0,14,2,0,0,0.094031,0,32000,3009,0.094031,131072,2759,0.021049,0,0,2
340,host-4,2,0,14,2,0,0,0.085594,0,32000,2739,0.085594,131072,3273,0.024971,0,0,2
340,host-5,2,0,14,2,0,0,0.079719,0,32000,2551,0.079719,131072,3465,0.026436,0,0,2
340,host-6,2,1,14,2,1,0,0.099344,0,32000,3179,0.099344,131072,2584,0.019714,0,1,1
340,host-7,2,0,14,2,0,0,0.107125,0,32000,3428,0.107125,131072,3622,0.027634,0,0,2
340,host-8,1,0,14,1,0,0,0.056438,0,32000,1806,0.056438,131072,2124,0.016205,0,0,1
340,host-9,2,0,14,2,0,0,0.131625,0,32000,4212,0.131625,131072,4918,0.037521,0,0,2
341,host-1,3,0,14,3,0,0,0.140563,0,32000,4498,0.140563,131072,3553,0.027107,0,0,3
341,host-10,2,0,14,2,0,0,0.105875,0,32000,3388,0.105875,131072,4059,0.030968,0,0,2
341,host-11,2,0,14,2,0,0,0.089781,0,32000,2873,0.089781,131072,2145,0.016365,0,0,2
341,host-12,3,0,14,3,0,0,0.125969,0,32000,4031,0.125969,131072,3634,0.027725,0,0,3
341,host-13,2,0,14,2,0,0,0.096937,0,32000,3102,0.096937,131072,3779,0.028831,0,0,2
341,host-14,3,0,14,3,0,0,0.131250,0,32000,4200,0.131250,131072,3268,0.024933,0,0,3
341,host-15,1,0,14,1,0,0,0.072156,0,32000,2309,0.072156,131072,2949,0.022499,0,0,1
341,host-16,2,0,14,2,0,0,0.129969,0,32000,4159,0.129969,131072,4607,0.035149,0,0,2
341,host-17,3,0,14,3,0,0,0.119000,0,32000,3808,0.119000,131072,3310,0.025253,0,0,3
341,host-18,2,0,14,2,0,0,0.130312,0,32000,4170,0.130312,131072,4608,0.035156,0,0,2
341,host-19,2,0,14,2,0,0,0.126688,0,32000,4054,0.126688,131072,3274,0.024979,0,0,2
341,host-2,2,0,14,2,0,0,0.095937,0,32000,3070,0.095937,131072,3399,0.025932,0,0,2
341,host-20,2,1,14,2,1,0,0.062094,0,32000,1987,0.062094,131072,1631,0.012444,0,1,1
341,host-21,2,0,14,2,0,0,0.057344,0,32000,1835,0.057344,131072,1537,0.011726,0,0,2
341,host-22,2,0,14,2,0,0,0.136281,0,32000,4361,0.136281,131072,3844,0.029327,0,0,2
341,host-23,2,0,14,2,0,0,0.114125,0,32000,3652,0.114125,131072,3802,0.029007,0,0,2
341,host-24,2,0,14,2,0,0,0.134187,0,32000,4294,0.134187,131072,5087,0.038811,0,0,2
341,host-3,2,0,14,2,0,0,0.094031,0,32000,3009,0.094031,131072,2759,0.021049,0,0,2
341,host-4,2,0,14,2,0,0,0.085594,0,32000,2739,0.085594,131072,3273,0.024971,0,0,2
341,host-5,2,0,14,2,0,0,0.079719,0,32000,2551,0.079719,131072,3465,0.026436,0,0,2
341,host-6,2,0,14,2,0,0,0.099344,0,32000,3179,0.099344,131072,2584,0.019714,0,0,2
341,host-7,2,0,14,2,0,0,0.107125,0,32000,3428,0.107125,131072,3622,0.027634,0,0,2
341,host-8,2,1,14,2,1,0,0.084750,0,32000,2712,0.084750,131072,3210,0.024490,1,0,1
341,host-9,1,0,14,1,0,0,0.073781,0,32000,2361,0.073781,131072,2606,0.019882,0,0,1
342,host-1,3,0,14,3,0,0,0.140563,0,32000,4498,0.140563,131072,3553,0.027107,0,0,3
342,host-10,2,0,14,2,0,0,0.105875,0,32000,3388,0.105875,131072,4059,0.030968,0,0,2
342,host-11,2,0,14,2,0,0,0.089781,0,32000,2873,0.089781,131072,2145,0.016365,0,0,2
342,host-12,3,0,14,3,0,0,0.125969,0,32000,4031,0.125969,131072,3634,0.027725,0,0,3
342,host-13,2,0,14,2,0,0,0.096937,0,32000,3102,0.096937,131072,3779,0.028831,0,0,2
342,host-14,2,0,14,2,0,0,0.086656,0,32000,2773,0.086656,131072,2043,0.015587,0,0,2
342,host-15,2,1,14,2,1,0,0.107406,0,32000,3437,0.107406,131072,4579,0.034935,1,0,1
342,host-16,2,0,14,2,0,0,0.129969,0,32000,4159,0.129969,131072,4607,0.035149,0,0,2
342,host-17,3,0,14,3,0,0,0.119000,0,32000,3808,0.119000,131072,3310,0.025253,0,0,3
342,host-18,2,0,14,2,0,0,0.130312,0,32000,4170,0.130312,131072,4608,0.035156,0,0,2
342,host-19,2,1,14,2,1,0,0.102875,0,32000,3292,0.102875,131072,3336,0.025452,1,0,1
342,host-2,2,0,14,2,0,0,0.095937,0,32000,3070,0.095937,131072,3399,0.025932,0,0,2
342,host-20,3,1,14,3,1,0,0.104594,0,32000,3347,0.104594,131072,2528,0.019287,1,0,2
342,host-21,3,1,14,3,1,0,0.121406,0,32000,3885,0.121406,131072,4223,0.032219,1,0,2
342,host-22,2,0,14,2,0,0,0.136281,0,32000,4361,0.136281,131072,3844,0.029327,0,0,2
342,host-23,2,0,14,2,0,0,0.114125,0,32000,3652,0.114125,131072,3802,0.029007,0,0,2
342,host-24,2,0,14,2,0,0,0.134187,0,32000,4294,0.134187,131072,5087,0.038811,0,0,2
342,host-3,2,0,14,2,0,0,0.094031,0,32000,3009,0.094031,131072,2759,0.021049,0,0,2
342,host-4,2,0,14,2,0,0,0.085594,0,32000,2739,0.085594,131072,3273,0.024971,0,0,2
342,host-5,3,1,14,3,1,0,0.111656,0,32000,3573,0.111656,131072,4046,0.030869,1,0,2
342,host-6,2,0,14,2,0,0,0.099344,0,32000,3179,0.099344,131072,2584,0.019714,0,0,2
342,host-7,2,0,14,2,0,0,0.107125,0,32000,3428,0.107125,131072,3622,0.027634,0,0,2
342,host-8,2,1,14,2,1,0,0.084750,0,32000,2712,0.084750,131072,3210,0.024490,1,0,1
342,host-9,2,1,14,2,1,0,0.139625,0,32000,4468,0.139625,131072,4469,0.034096,1,0,1
343,host-1,3,0,14,3,0,0,0.140563,0,32000,4498,0.140563,131072,3553,0.027107,0,0,3
343,host-10,2,0,14,2,0,0,0.105875,0,32000,3388,0.105875,131072,4059,0.030968,0,0,2
343,host-11,2,0,14,2,0,0,0.089781,0,32000,2873,0.089781,131072,2145,0.016365,0,0,2
343,host-12,3,0,14,3,0,0,0.125969,0,32000,4031,0.125969,131072,3634,0.027725,0,0,3
343,host-13,2,0,14,2,0,0,0.096937,0,32000,3102,0.096937,131072,3779,0.028831,0,0,2
343,host-14,2,0,14,2,0,0,0.086656,0,32000,2773,0.086656,131072,2043,0.015587,0,0,2
343,host-15,2,1,14,2,1,0,0.107406,0,32000,3437,0.107406,131072,4579,0.034935,1,0,1
343,host-16,2,0,14,2,0,0,0.129969,0,32000,4159,0.129969,131072,4607,0.035149,0,0,2
343,host-17,3,0,14,3,0,0,0.119000,0,32000,3808,0.119000,131072,3310,0.025253,0,0,3
343,host-18,2,0,14,2,0,0,0.130312,0,32000,4170,0.130312,131072,4608,0.035156,0,0,2
343,host-19,2,1,14,2,1,0,0.102875,0,32000,3292,0.102875,131072,3336,0.025452,1,0,1
343,host-2,1,0,14,1,0,0,0.066375,0,32000,2124,0.066375,131072,2384,0.018188,0,0,1
343,host-20,3,0,14,3,0,0,0.104594,0,32000,3347,0.104594,131072,2528,0.019287,0,0,3
343,host-21,3,0,14,3,0,0,0.121406,0,32000,3885,0.121406,131072,4223,0.032219,0,0,3
343,host-22,2,0,14,2,0,0,0.136281,0,32000,4361,0.136281,131072,3844,0.029327,0,0,2
343,host-23,2,0,14,2,0,0,0.114125,0,32000,3652,0.114125,131072,3802,0.029007,0,0,2
343,host-24,2,0,14,2,0,0,0.134187,0,32000,4294,0.134187,131072,5087,0.038811,0,0,2
343,host-3,1,0,14,1,0,0,0.050281,0,32000,1609,0.050281,131072,1529,0.011665,0,0,1
343,host-4,3,1,14,3,1,0,0.117531,0,32000,3761,0.117531,131072,3854,0.029404,1,0,2
343,host-5,3,1,14,3,1,0,0.111656,0,32000,3573,0.111656,131072,4046,0.030869,1,0,2
343,host-6,2,0,14,2,0,0,0.099344,0,32000,3179,0.099344,131072,2584,0.019714,0,0,2
343,host-7,2,0,14,2,0,0,0.107125,0,32000,3428,0.107125,131072,3622,0.027634,0,0,2
343,host-8,3,1,14,3,1,0,0.150594,0,32000,4819,0.150594,131072,5073,0.038704,1,0,2
343,host-9,2,1,14,2,1,0,0.139625,0,32000,4468,0.139625,131072,4469,0.034096,1,0,1
344,host-1,2,0,14,2,0,0,0.108719,0,32000,3479,0.108719,131072,2990,0.022812,0,0,2
344,host-10,2,0,14,2,0,0,0.105875,0,32000,3388,0.105875,131072,4059,0.030968,0,0,2
344,host-11,2,0,14,2,0,0,0.089781,0,32000,2873,0.089781,131072,2145,0.016365,0,0,2
344,host-12,3,0,14,3,0,0,0.125969,0,32000,4031,0.125969,131072,3634,0.027725,0,0,3
344,host-13,2,0,14,2,0,0,0.096937,0,32000,3102,0.096937,131072,3779,0.028831,0,0,2
344,host-14,0,0,14,0,0,0,0.000000,0,32000,0,0.000000,131072,0,0.000000,0,0,0
344,host-15,2,1,14,2,1,0,0.107406,0,32000,3437,0.107406,131072,4579,0.034935,0,1,1
344,host-16,2,0,14,2,0,0,0.129969,0,32000,4159,0.129969,131072,4607,0.035149,0,0,2
344,host-17,3,0,14,3,0,0,0.119000,0,32000,3808,0.119000,131072,3310,0.025253,0,0,3
344,host-18,2,0,14,2,0,0,0.130312,0,32000,4170,0.130312,131072,4608,0.035156,0,0,2
344,host-19,2,0,14,2,0,0,0.102875,0,32000,3292,0.102875,131072,3336,0.025452,0,0,2
344,host-2,1,0,14,1,0,0,0.066375,0,32000,2124,0.066375,131072,2384,0.018188,0,0,1
344,host-20,3,0,14,3,0,0,0.104594,0,32000,3347,0.104594,131072,2528,0.019287,0,0,3
344,host-21,3,0,14,3,0,0,0.121406,0,32000,3885,0.121406,131072,4223,0.032219,0,0,3
344,host-22,2,0,14,2,0,0,0.136281,0,32000,4361,0.136281,131072,3844,0.029327,0,0,2
344,host-23,2,0,14,2,0,0,0.114125,0,32000,3652,0.114125,131072,3802,0.029007,0,0,2
344,host-24,2,0,14,2,0,0,0.134187,0,32000,4294,0.134187,131072,5087,0.038811,0,0,2
344,host-3,1,0,14,1,0,0,0.050281,0,32000,1609,0.050281,131072,1529,0.011665,0,0,1
344,host-4,3,1,14,3,1,0,0.117531,0,32000,3761,0.117531,131072,3854,0.029404,1,0,2
344,host-5,3,0,14,3,0,0,0.111656,0,32000,3573,0.111656,131072,4046,0.030869,0,0,3
344,host-6,2,0,14,2,0,0,0.099344,0,32000,3179,0.099344,131072,2584,0.019714,0,0,2
344,host-7,2,0,14,2,0,0,0.107125,0,32000,3428,0.107125,131072,3622,0.027634,0,0,2
344,host-8,3,0,14,3,0,0,0.150594,0,32000,4819,0.150594,131072,5073,0.038704,0,0,3
344,host-9,2,0,14,2,0,0,0.139625,0,32000,4468,0.139625,131072,4469,0.034096,0,0,2
345,host-1,2,0,14,2,0,0,0.108719,0,32000,3479,0.108719,131072,2990,0.022812,0,0,2
345,host-10,2,0,14,2,0,0,0.105875,0,32000,3388,0.105875,131072,4059,0.030968,0,0,2
345,host-11,2,0,14,2,0,0,0.089781,0,32000,2873,0.089781,131072,2145,0.016365,0,0,2
345,host-12,3,0,14,3,0,0,0.125969,0,32000,4031,0.125969,131072,3634,0.027725,0,0,3
345,host-13,2,1,14,2,1,0,0.096937,0,32000,3102,0.096937,131072,3779,0.028831,0,1,1
345,host-14,0,0,14,0,0,0,0.000000,0,32000,0,0.000000,131072,0,0.000000,0,0,0
345,host-15,2,0,14,2,0,0,0.107406,0,32000,3437,0.107406,131072,4579,0.034935,0,0,2
345,host-16,2,0,14,2,0,0,0.129969,0,32000,4159,0.129969,131072,4607,0.035149,0,0,2
345,host-17,3,0,14,3,0,0,0.119000,0,32000,3808,0.119000,131072,3310,0.025253,0,0,3
345,host-18,1,0,14,1,0,0,0.068125,0,32000,2180,0.068125,131072,2731,0.020836,0,0,1
345,host-19,2,0,14,2,0,0,0.102875,0,32000,3292,0.102875,131072,3336,0.025452,0,0,2
345,host-2,1,0,14,1,0,0,0.066375,0,32000,2124,0.066375,131072,2384,0.018188,0,0,1
345,host-20,3,0,14,3,0,0,0.104594,0,32000,3347,0.104594,131072,2528,0.019287,0,0,3
345,host-21,3,0,14,3,0,0,0.121406,0,32000,3885,0.121406,131072,4223,0.032219,0,0,3
345,host-22,2,0,14,2,0,0,0.136281,0,32000,4361,0.136281,131072,3844,0.029327,0,0,2
345,host-23,2,1,14,2,1,0,0.114125,0,32000,3652,0.114125,131072,3802,0.029007,0,1,1
345,host-24,2,0,14,2,0,0,0.134187,0,32000,4294,0.134187,131072,5087,0.038811,0,0,2
345,host-3,1,0,14,1,0,0,0.050281,0,32000,1609,0.050281,131072,1529,0.011665,0,0,1
345,host-4,3,0,14,3,0,0,0.117531,0,32000,3761,0.117531,131072,3854,0.029404,0,0,3
345,host-5,3,0,14,3,0,0,0.111656,0,32000,3573,0.111656,131072,4046,0.030869,0,0,3
345,host-6,2,0,14,2,0,0,0.099344,0,32000,3179,0.099344,131072,2584,0.019714,0,0,2
345,host-7,1,0,14,1,0,0,0.073781,0,32000,2361,0.073781,131072,2606,0.019882,0,0,1
345,host-8,3,0,14,3,0,0,0.150594,0,32000,4819,0.150594,131072,5073,0.038704,0,0,3
345,host-9,2,0,14,2,0,0,0.139625,0,32000,4468,0.139625,131072,4469,0.034096,0,0,2
346,host-1,2,0,14,2,0,0,0.108719,0,32000,3479,0.108719,131072,2990,0.022812,0,0,2
346,host-10,2,0,14,2,0,0,0.105875,0,32000,3388,0.105875,131072,4059,0.030968,0,0,2
346,host-11,2,0,14,2,0,0,0.089781,0,32000,2873,0.089781,131072,2145,0.016365,0,0,2
346,host-12,3,0,14,3,0,0,0.125969,0,32000,4031,0.125969,131072,3634,0.027725,0,0,3
346,host-13,2,0,14,2,0,0,0.096937,0,32000,3102,0.096937,131072,3779,0.028831,0,0,2
346,host-14,0,0,14,0,0,0,0.000000,0,32000,0,0.000000,131072,0,0.000000,0,0,0
346,host-15,2,0,14,2,0,0,0.107406,0,32000,3437,0.107406,131072,4579,0.034935,0,0,2
346,host-16,2,0,14,2,0,0,0.129969,0,32000,4159,0.129969,131072,4607,0.035149,0,0,2
346,host-17,3,0,14,3,0,0,0.119000,0,32000,3808,0.119000,131072,3310,0.025253,0,0,3
346,host-18,1,0,14,1,0,0,0.068125,0,32000,2180,0.068125,131072,2731,0.020836,0,0,1
346,host-19,2,0,14,2,0,0,0.102875,0,32000,3292,0.102875,131072,3336,0.025452,0,0,2
346,host-2,1,0,14,1,0,0,0.066375,0,32000,2124,0.066375,131072,2384,0.018188,0,0,1
346,host-20,3,0,14,3,0,0,0.104594,0,32000,3347,0.104594,131072,2528,0.019287,0,0,3
346,host-21,3,0,14,3,0,0,0.121406,0,32000,3885,0.121406,131072,4223,0.032219,0,0,3
346,host-22,2,0,14,2,0,0,0.136281,0,32000,4361,0.136281,131072,3844,0.029327,0,0,2
346,host-23,2,0,14,2,0,0,0.114125,0,32000,3652,0.114125,131072,3802,0.029007,0,0,2
346,host-24,2,0,14,2,0,0,0.134187,0,32000,4294,0.134187,131072,5087,0.038811,0,0,2
346,host-3,1,0,14,1,0,0,0.050281,0,32000,1609,0.050281,131072,1529,0.011665,0,0,1
346,host-4,3,0,14,3,0,0,0.117531,0,32000,3761,0.117531,131072,3854,0.029404,0,0,3
346,host-5,3,0,14,3,0,0,0.111656,0,32000,3573,0.111656,131072,4046,0.030869,0,0,3
346,host-6,2,0,14,2,0,0,0.099344,0,32000,3179,0.099344,131072,2584,0.019714,0,0,2
346,host-7,0,0,14,0,0,0,0.000000,0,32000,0,0.000000,131072,0,0.000000,0,0,0
346,host-8,3,0,14,3,0,0,0.150594,0,32000,4819,0.150594,131072,5073,0.038704,0,0,3
346,host-9,1,0,14,1,0,0,0.065844,0,32000,2107,0.065844,131072,1863,0.014214,0,0,1
347,host-1,2,0,14,2,0,0,0.108719,0,32000,3479,0.108719,131072,2990,0.022812,0,0,2
347,host-10,2,0,14,2,0,0,0.105875,0,32000,3388,0.105875,131072,4059,0.030968,0,0,2
347,host-11,2,0,14,2,0,0,0.089781,0,32000,2873,0.089781,131072,2145,0.016365,0,0,2
347,host-12,3,0,14,3,0,0,0.125969,0,32000,4031,0.125969,131072,3634,0.027725,0,0,3
347,host-13,2,0,14,2,0,0,0.096937,0,32000,3102,0.096937,131072,3779,0.028831,0,0,2
347,host-14,0,0,14,0,0,0,0.000000,0,32000,0,0.000000,131072,0,0.000000,0,0,0
347,host-15,2,0,14,2,0,0,0.107406,0,32000,3437,0.107406,131072,4579,0.034935,0,0,2
347,host-16,2,0,14,2,0,0,0.129969,0,32000,4159,0.129969,131072,4607,0.035149,0,0,2
347,host-17,3,0,14,3,0,0,0.119000,0,32000,3808,0.119000,131072,3310,0.025253,0,0,3
347,host-18,1,0,14,1,0,0,0.068125,0,32000,2180,0.068125,131072,2731,0.020836,0,0,1
347,host-19,2,0,14,2,0,0,0.102875,0,32000,3292,0.102875,131072,3336,0.025452,0,0,2
347,host-2,1,0,14,1,0,0,0.066375,0,32000,2124,0.066375,131072,2384,0.018188,0,0,1
347,host-20,3,0,14,3,0,0,0.104594,0,32000,3347,0.104594,131072,2528,0.019287,0,0,3
347,host-21,3,0,14,3,0,0,0.121406,0,32000,3885,0.121406,131072,4223,0.032219,0,0,3
347,host-22,2,0,14,2,0,0,0.136281,0,32000,4361,0.136281,131072,3844,0.029327,0,0,2
347,host-23,2,0,14,2,0,0,0.114125,0,32000,3652,0.114125,131072,3802,0.029007,0,0,2
347,host-24,2,0,14,2,0,0,0.134187,0,32000,4294,0.134187,131072,5087,0.038811,0,0,2
347,host-3,1,0,14,1,0,0,0.050281,0,32000,1609,0.050281,131072,1529,0.011665,0,0,1
347,host-4,3,0,14,3,0,0,0.117531,0,32000,3761,0.117531,131072,3854,0.029404,0,0,3
347,host-5,3,0,14,3,0,0,0.111656,0,32000,3573,0.111656,131072,4046,0.030869,0,0,3
347,host-6,2,0,14,2,0,0,0.099344,0,32000,3179,0.099344,131072,2584,0.019714,0,0,2
347,host-7,0,0,14,0,0,0,0.000000,0,32000,0,0.000000,131072,0,0.000000,0,0,0
347,host-8,3,0,14,3,0,0,0.150594,0,32000,4819,0.150594,131072,5073,0.038704,0,0,3
347,host-9,1,0,14,1,0,0,0.065844,0,32000,2107,0.065844,131072,1863,0.014214,0,0,1
348,host-1,2,0,14,2,0,0,0.108719,0,32000,3479,0.108719,131072,2990,0.022812,0,0,2
348,host-10,2,0,14,2,0,0,0.105875,0,32000,3388,0.105875,131072,4059,0.030968,0,0,2
348,host-11,2,0,14,2,0,0,0.089781,0,32000,2873,0.089781,131072,2145,0.016365,0,0,2
348,host-12,3,0,14,3,0,0,0.125969,0,32000,4031,0.125969,131072,3634,0.027725,0,0,3
348,host-13,2,0,14,2,0,0,0.096937,0,32000,3102,0.096937,131072,3779,0.028831,0,0,2
348,host-14,0,0,14,0,0,0,0.000000,0,32000,0,0.000000,131072,0,0.000000,0,0,0
348,host-15,2,0,14,2,0,0,0.107406,0,32000,3437,0.107406,131072,4579,0.034935,0,0,2
348,host-16,2,0,14,2,0,0,0.129969,0,32000,4159,0.129969,131072,4607,0.035149,0,0,2
348,host-17,3,1,14,3,1,0,0.119000,0,32000,3808,0.119000,131072,3310,0.025253,0,1,2
348,host-18,1,0,14,1,0,0,0.068125,0,32000,2180,0.068125,131072,2731,0.020836,0,0,1
348,host-19,2,0,14,2,0,0,0.102875,0,32000,3292,0.102875,131072,3336,0.025452,0,0,2
348,host-2,1,0,14,1,0,0,0.066375,0,32000,2124,0.066375,131072,2384,0.018188,0,0,1
348,host-20,3,0,14,3,0,0,0.104594,0,32000,3347,0.104594,131072,2528,0.019287,0,0,3
348,host-21,3,0,14,3,0,0,0.121406,0,32000,3885,0.121406,131072,4223,0.032219,0,0,3
348,host-22,2,0,14,2,0,0,0.136281,0,32000,4361,0.136281,131072,3844,0.029327,0,0,2
348,host-23,2,0,14,2,0,0,0.114125,0,32000,3652,0.114125,131072,3802,0.029007,0,0,2
348,host-24,2,0,14,2,0,0,0.134187,0,32000,4294,0.134187,131072,5087,0.038811,0,0,2
348,host-3,1,0,14,1,0,0,0.050281,0,32000,1609,0.050281,131072,1529,0.011665,0,0,1
348,host-4,3,0,14,3,0,0,0.117531,0,32000,3761,0.117531,131072,3854,0.029404,0,0,3
348,host-5,3,0,14,3,0,0,0.111656,0,32000,3573,0.111656,131072,4046,0.030869,0,0,3
348,host-6,2,0,14,2,0,0,0.099344,0,32000,3179,0.099344,131072,2584,0.019714,0,0,2
348,host-7,0,0,14,0,0,0,0.000000,0,32000,0,0.000000,131072,0,0.000000,0,0,0
348,host-8,3,0,14,3,0,0,0.150594,0,32000,4819,0.150594,131072,5073,0.038704,0,0,3
348,host-9,1,0,14,1,0,0,0.065844,0,32000,2107,0.065844,131072,1863,0.014214,0,0,1
349,host-1,2,0,14,2,0,0,0.108719,0,32000,3479,0.108719,131072,2990,0.022812,0,0,2
349,host-10,2,0,14,2,0,0,0.105875,0,32000,3388,0.105875,131072,4059,0.030968,0,0,2
349,host-11,2,0,14,2,0,0,0.089781,0,32000,2873,0.089781,131072,2145,0.016365,0,0,2
349,host-12,3,0,14,3,0,0,0.125969,0,32000,4031,0.125969,131072,3634,0.027725,0,0,3
349,host-13,2,0,14,2,0,0,0.096937,0,32000,3102,0.096937,131072,3779,0.028831,0,0,2
349,host-14,0,0,14,0,0,0,0.000000,0,32000,0,0.000000,131072,0,0.000000,0,0,0
349,host-15,2,0,14,2,0,0,0.107406,0,32000,3437,0.107406,131072,4579,0.034935,0,0,2
349,host-16,2,0,14,2,0,0,0.129969,0,32000,4159,0.129969,131072,4607,0.035149,0,0,2
349,host-17,3,0,14,3,0,0,0.119000,0,32000,3808,0.119000,131072,3310,0.025253,0,0,3
349,host-18,1,0,14,1,0,0,0.068125,0,32000,2180,0.068125,131072,2731,0.020836,0,0,1
349,host-19,2,0,14,2,0,0,0.102875,0,32000,3292,0.102875,131072,3336,0.025452,0,0,2
349,host-2,1,0,14,1,0,0,0.066375,0,32000,2124,0.066375,131072,2384,0.018188,0,0,1
349,host-20,3,0,14,3,0,0,0.104594,0,32000,3347,0.104594,131072,2528,0.019287,0,0,3
349,host-21,2,0,14,2,0,0,0.093625,0,32000,2996,0.093625,131072,3701,0.028236,0,0,2
349,host-22,2,0,14,2,0,0,0.136281,0,32000,4361,0.136281,131072,3844,0.029327,0,0,2
349,host-23,2,0,14,2,0,0,0.114125,0,32000,3652,0.114125,131072,3802,0.029007,0,0,2
349,host-24,2,0,14,2,0,0,0.134187,0,32000,4294,0.134187,131072,5087,0.038811,0,0,2
349,host-3,1,0,14,1,0,0,0.050281,0,32000,1609,0.050281,131072,1529,0.011665,0,0,1
349,host-4,3,0,14,3,0,0,0.117531,0,32000,3761,0.117531,131072,3854,0.029404,0,0,3
349,host-5,3,0,14,3,0,0,0.111656,0,32000,3573,0.111656,131072,4046,0.030869,0,0,3
349,host-6,2,0,14,2,0,0,0.099344,0,32000,3179,0.099344,131072,2584,0.019714,0,0,2
349,host-7,0,0,14,0,0,0,0.000000,0,32000,0,0.000000,131072,0,0.000000,0,0,0
349,host-8,3,0,14,3,0,0,0.150594,0,32000,4819,0.150594,131072,5073,0.038704,0,0,3
349,host-9,1,0,14,1,0,0,0.065844,0,32000,2107,0.065844,131072,1863,0.014214,0,0,1
350,host-1,2,0,14,2,0,0,0.108719,0,32000,3479,0.108719,131072,2990,0.022812,0,0,2
350,host-10,2,0,14,2,0,0,0.105875,0,32000,3388,0.105875,131072,4059,0.030968,0,0,2
350,host-11,2,0,14,2,0,0,0.089781,0,32000,2873,0.089781,131072,2145,0.016365,0,0,2
350,host-12,3,0,14,3,0,0,0.125969,0,32000,4031,0.125969,131072,3634,0.027725,0,0,3
350,host-13,2,0,14,2,0,0,0.096937,0,32000,3102,0.096937,131072,3779,0.028831,0,0,2
350,host-14,0,0,14,0,0,0,0.000000,0,32000,0,0.000000,131072,0,0.000000,0,0,0
350,host-15,2,0,14,2,0,0,0.107406,0,32000,3437,0.107406,131072,4579,0.034935,0,0,2
350,host-16,2,0,14,2,0,0,0.129969,0,32000,4159,0.129969,131072,4607,0.035149,0,0,2
350,host-17,3,0,14,3,0,0,0.119000,0,32000,3808,0.119000,131072,3310,0.025253,0,0,3
350,host-18,1,0,14,1,0,0,0.068125,0,32000,2180,0.068125,131072,2731,0.020836,0,0,1
350,host-19,2,0,14,2,0,0,0.102875,0,32000,3292,0.102875,131072,3336,0.025452,0,0,2
350,host-2,1,0,14,1,0,0,0.066375,0,32000,2124,0.066375,131072,2384,0.018188,0,0,1
350,host-20,3,0,14,3,0,0,0.104594,0,32000,3347,0.104594,131072,2528,0.019287,0,0,3
350,host-21,2,0,14,2,0,0,0.093625,0,32000,2996,0.093625,131072,3701,0.028236,0,0,2
350,host-22,2,0,14,2,0,0,0.136281,0,32000,4361,0.136281,131072,3844,0.029327,0,0,2
350,host-23,2,0,14,2,0,0,0.114125,0,32000,3652,0.114125,131072,3802,0.029007,0,0,2
350,host-24,2,0,14,2,0,0,0.134187,0,32000,4294,0.134187,131072,5087,0.038811,0,0,2
350,host-3,1,0,14,1,0,0,0.050281,0,32000,1609,0.050281,131072,1529,0.011665,0,0,1
350,host-4,3,0,14,3,0,0,0.117531,0,32000,3761,0.117531,131072,3854,0.029404,0,0,3
350,host-5,3,0,14,3,0,0,0.111656,0,32000,3573,0.111656,131072,4046,0.030869,0,0,3
350,host-6,2,0,14,2,0,0,0.099344,0,32000,3179,0.099344,131072,2584,0.019714,0,0,2
350,host-7,0,0,14,0,0,0,0.000000,0,32000,0,0.000000,131072,0,0.000000,0,0,0
350,host-8,3,0,14,3,0,0,0.150594,0,32000,4819,0.150594,131072,5073,0.038704,0,0,3
350,host-9,1,0,14,1,0,0,0.065844,0,32000,2107,0.065844,131072,1863,0.014214,0,0,1
351,host-1,2,0,14,2,0,0,0.108719,0,32000,3479,0.108719,131072,2990,0.022812,0,0,2
351,host-10,2,0,14,2,0,0,0.105875,0,32000,3388,0.105875,131072,4059,0.030968,0,0,2
351,host-11,2,0,14,2,0,0,0.089781,0,32000,2873,0.089781,131072,2145,0.016365,0,0,2
351,host-12,3,0,14,3,0,0,0.125969,0,32000,4031,0.125969,131072,3634,0.027725,0,0,3
351,host-13,2,0,14,2,0,0,0.096937,0,32000,3102,0.096937,131072,3779,0.028831,0,0,2
351,host-14,2,2,14,2,2,0,0.096344,0,32000,3083,0.096344,131072,2499,0.019066,2,0,0
351,host-15,2,0,14,2,0,0,0.107406,0,32000,3437,0.107406,131072,4579,0.034935,0,0,2
351,host-16,2,0,14,2,0,0,0.129969,0,32000,4159,0.129969,131072,4607,0.035149,0,0,2
351,host-17,3,0,14,3,0,0,0.119000,0,32000,3808,0.119000,131072,3310,0.025253,0,0,3
351,host-18,1,0,14,1,0,0,0.068125,0,32000,2180,0.068125,131072,2731,0.020836,0,0,1
351,host-19,2,0,14,2,0,0,0.102875,0,32000,3292,0.102875,131072,3336,0.025452,0,0,2
351,host-2,1,0,14,1,0,0,0.066375,0,32000,2124,0.066375,131072,2384,0.018188,0,0,1
351,host-20,3,0,14,3,0,0,0.104594,0,32000,3347,0.104594,131072,2528,0.019287,0,0,3
351,host-21,2,0,14,2,0,0,0.093625,0,32000,2996,0.093625,131072,3701,0.028236,0,0,2
351,host-22,2,0,14,2,0,0,0.136281,0,32000,4361,0.136281,131072,3844,0.029327,0,0,2
351,host-23,2,0,14,2,0,0,0.114125,0,32000,3652,0.114125,131072,3802,0.029007,0,0,2
351,host-24,2,0,14,2,0,0,0.134187,0,32000,4294,0.134187,131072,5087,0.038811,0,0,2
351,host-3,1,0,14,1,0,0,0.050281,0,32000,1609,0.050281,131072,1529,0.011665,0,0,1
351,host-4,3,0,14,3,0,0,0.117531,0,32000,3761,0.117531,131072,3854,0.029404,0,0,3
351,host-5,3,0,14,3,0,0,0.111656,0,32000,3573,0.111656,131072,4046,0.030869,0,0,3
351,host-6,2,0,14,2,0,0,0.099344,0,32000,3179,0.099344,131072,2584,0.019714,0,0,2
351,host-7,1,1,14,1,1,0,0.077219,0,32000,2471,0.077219,131072,2298,0.017532,1,0,0
351,host-8,3,0,14,3,0,0,0.150594,0,32000,4819,0.150594,131072,5073,0.038704,0,0,3
351,host-9,1,0,14,1,0,0,0.065844,0,32000,2107,0.065844,131072,1863,0.014214,0,0,1
352,host-1,2,0,14,2,0,0,0.108719,0,32000,3479,0.108719,131072,2990,0.022812,0,0,2
352,host-10,2,0,14,2,0,0,0.105875,0,32000,3388,0.105875,131072,4059,0.030968,0,0,2
352,host-11,2,0,14,2,0,0,0.089781,0,32000,2873,0.089781,131072,2145,0.016365,0,0,2
352,host-12,3,0,14,3,0,0,0.125969,0,32000,4031,0.125969,131072,3634,0.027725,0,0,3
352,host-13,1,0,14,1,0,0,0.066531,0,32000,2129,0.066531,131072,2221,0.016945,0,0,1
352,host-14,2,1,14,2,1,0,0.096344,0,32000,3083,0.096344,131072,2499,0.019066,1,0,1
352,host-15,2,0,14,2,0,0,0.107406,0,32000,3437,0.107406,131072,4579,0.034935,0,0,2
352,host-16,2,0,14,2,0,0,0.129969,0,32000,4159,0.129969,131072,4607,0.035149,0,0,2
352,host-17,3,0,14,3,0,0,0.119000,0,32000,3808,0.119000,131072,3310,0.025253,0,0,3
352,host-18,1,0,14,1,0,0,0.068125,0,32000,2180,0.068125,131072,2731,0.020836,0,0,1
352,host-19,2,0,14,2,0,0,0.102875,0,32000,3292,0.102875,131072,3336,0.025452,0,0,2
352,host-2,1,0,14,1,0,0,0.066375,0,32000,2124,0.066375,131072,2384,0.018188,0,0,1
352,host-20,3,0,14,3,0,0,0.104594,0,32000,3347,0.104594,131072,2528,0.019287,0,0,3
352,host-21,2,0,14,2,0,0,0.093625,0,32000,2996,0.093625,131072,3701,0.028236,0,0,2
352,host-22,2,0,14,2,0,0,0.136281,0,32000,4361,0.136281,131072,3844,0.029327,0,0,2
352,host-23,2,0,14,2,0,0,0.114125,0,32000,3652,0.114125,131072,3802,0.029007,0,0,2
352,host-24,2,0,14,2,0,0,0.134187,0,32000,4294,0.134187,131072,5087,0.038811,0,0,2
352,host-3,2,1,14,2,1,0,0.094875,0,32000,3036,0.094875,131072,2754,0.021011,1,0,1
352,host-4,3,0,14,3,0,0,0.117531,0,32000,3761,0.117531,131072,3854,0.029404,0,0,3
352,host-5,3,0,14,3,0,0,0.111656,0,32000,3573,0.111656,131072,4046,0.030869,0,0,3
352,host-6,2,0,14,2,0,0,0.099344,0,32000,3179,0.099344,131072,2584,0.019714,0,0,2
352,host-7,1,0,14,1,0,0,0.077219,0,32000,2471,0.077219,131072,2298,0.017532,0,0,1
352,host-8,2,0,14,2,0,0,0.094156,0,32000,3013,0.094156,131072,2949,0.022499,0,0,2
352,host-9,1,0,14,1,0,0,0.065844,0,32000,2107,0.065844,131072,1863,0.014214,0,0,1
353,host-1,2,0,14,2,0,0,0.108719,0,32000,3479,0.108719,131072,2990,0.022812,0,0,2
353,host-10,2,0,14,2,0,0,0.105875,0,32000,3388,0.105875,131072,4059,0.030968,0,0,2
353,host-11,1,0,14,1,0,0,0.038344,0,32000,1227,0.038344,131072,904,0.006897,0,0,1
353,host-12,3,0,14,3,0,0,0.125969,0,32000,4031,0.125969,131072,3634,0.027725,0,0,3
353,host-13,1,0,14,1,0,0,0.066531,0,32000,2129,0.066531,131072,2221,0.016945,0,0,1
353,host-14,2,1,14,2,1,0,0.096344,0,32000,3083,0.096344,131072,2499,0.019066,0,1,1
353,host-15,2,0,14,2,0,0,0.107406,0,32000,3437,0.107406,131072,4579,0.034935,0,0,2
353,host-16,2,0,14,2,0,0,0.129969,0,32000,4159,0.129969,131072,4607,0.035149,0,0,2
353,host-17,2,0,14,2,0,0,0.087156,0,32000,2789,0.087156,131072,2747,0.020958,0,0,2
353,host-18,1,0,14,1,0,0,0.068125,0,32000,2180,0.068125,131072,2731,0.020836,0,0,1
353,host-19,2,0,14,2,0,0,0.102875,0,32000,3292,0.102875,131072,3336,0.025452,0,0,2
353,host-2,1,0,14,1,0,0,0.066375,0,32000,2124,0.066375,131072,2384,0.018188,0,0,1
353,host-20,2,0,14,2,0,0,0.069375,0,32000,2220,0.069375,131072,1428,0.010895,0,0,2
353,host-21,2,0,14,2,0,0,0.093625,0,32000,2996,0.093625,131072,3701,0.028236,0,0,2
353,host-22,2,0,14,2,0,0,0.136281,0,32000,4361,0.136281,131072,3844,0.029327,0,0,2
353,host-23,2,0,14,2,0,0,0.114125,0,32000,3652,0.114125,131072,3802,0.029007,0,0,2
353,host-24,2,0,14,2,0,0,0.134187,0,32000,4294,0.134187,131072,5087,0.038811,0,0,2
353,host-3,2,1,14,2,1,0,0.094875,0,32000,3036,0.094875,131072,2754,0.021011,1,0,1
353,host-4,2,0,14,2,0,0,0.091563,0,32000,2930,0.091563,131072,2805,0.021400,0,0,2
353,host-5,3,0,14,3,0,0,0.111656,0,32000,3573,0.111656,131072,4046,0.030869,0,0,3
353,host-6,2,0,14,2,0,0,0.099344,0,32000,3179,0.099344,131072,2584,0.019714,0,0,2
353,host-7,1,0,14,1,0,0,0.077219,0,32000,2471,0.077219,131072,2298,0.017532,0,0,1
353,host-8,2,0,14,2,0,0,0.094156,0,32000,3013,0.094156,131072,2949,0.022499,0,0,2
353,host-9,2,1,14,2,1,0,0.105844,0,32000,3387,0.105844,131072,2463,0.018791,1,0,1
354,host-1,2,0,14,2,0,0,0.108719,0,32000,3479,0.108719,131072,2990,0.022812,0,0,2
354,host-10,2,0,14,2,0,0,0.105875,0,32000,3388,0.105875,131072,4059,0.030968,0,0,2
354,host-11,2,1,14,2,1,0,0.096437,0,32000,3086,0.096437,131072,3510,0.026779,1,0,1
354,host-12,3,0,14,3,0,0,0.125969,0,32000,4031,0.125969,131072,3634,0.027725,0,0,3
354,host-13,2,1,14,2,1,0,0.124875,0,32000,3996,0.124875,131072,3409,0.026009,1,0,1
354,host-14,2,0,14,2,0,0,0.096344,0,32000,3083,0.096344,131072,2499,0.019066,0,0,2
354,host-15,2,1,14,2,1,0,0.107406,0,32000,3437,0.107406,131072,4579,0.034935,0,1,1
354,host-16,2,0,14,2,0,0,0.129969,0,32000,4159,0.129969,131072,4607,0.035149,0,0,2
354,host-17,2,0,14,2,0,0,0.087156,0,32000,2789,0.087156,131072,2747,0.020958,0,0,2
354,host-18,2,1,14,2,1,0,0.104594,0,32000,3347,0.104594,131072,4096,0.031250,1,0,1
354,host-19,2,0,14,2,0,0,0.102875,0,32000,3292,0.102875,131072,3336,0.025452,0,0,2
354,host-2,2,1,14,2,1,0,0.109094,0,32000,3491,0.109094,131072,3626,0.027664,1,0,1
354,host-20,2,0,14,2,0,0,0.069375,0,32000,2220,0.069375,131072,1428,0.010895,0,0,2
354,host-21,2,0,14,2,0,0,0.093625,0,32000,2996,0.093625,131072,3701,0.028236,0,0,2
354,host-22,2,0,14,2,0,0,0.136281,0,32000,4361,0.136281,131072,3844,0.029327,0,0,2
354,host-23,2,0,14,2,0,0,0.114125,0,32000,3652,0.114125,131072,3802,0.029007,0,0,2
354,host-24,2,0,14,2,0,0,0.134187,0,32000,4294,0.134187,131072,5087,0.038811,0,0,2
354,host-3,2,0,14,2,0,0,0.094875,0,32000,3036,0.094875,131072,2754,0.021011,0,0,2
354,host-4,2,0,14,2,0,0,0.091563,0,32000,2930,0.091563,131072,2805,0.021400,0,0,2
354,host-5,3,0,14,3,0,0,0.111656,0,32000,3573,0.111656,131072,4046,0.030869,0,0,3
354,host-6,2,0,14,2,0,0,0.099344,0,32000,3179,0.099344,131072,2584,0.019714,0,0,2
354,host-7,1,0,14,1,0,0,0.077219,0,32000,2471,0.077219,131072,2298,0.017532,0,0,1
354,host-8,2,0,14,2,0,0,0.094156,0,32000,3013,0.094156,131072,2949,0.022499,0,0,2
354,host-9,2,0,14,2,0,0,0.105844,0,32000,3387,0.105844,131072,2463,0.018791,0,0,2
355,host-1,2,0,14,2,0,0,0.108719,0,32000,3479,0.108719,131072,2990,0.022812,0,0,2
355,host-10,2,0,14,2,0,0,0.105875,0,32000,3388,0.105875,131072,4059,0.030968,0,0,2
355,host-11,2,0,14,2,0,0,0.096437,0,32000,3086,0.096437,131072,3510,0.026779,0,0,2
355,host-12,2,0,14,2,0,0,0.072125,0,32000,2308,0.072125,131072,1685,0.012856,0,0,2
355,host-13,2,1,14,2,1,0,0.124875,0,32000,3996,0.124875,131072,3409,0.026009,1,0,1
355,host-14,2,0,14,2,0,0,0.096344,0,32000,3083,0.096344,131072,2499,0.019066,0,0,2
355,host-15,2,0,14,2,0,0,0.107406,0,32000,3437,0.107406,131072,4579,0.034935,0,0,2
355,host-16,2,0,14,2,0,0,0.129969,0,32000,4159,0.129969,131072,4607,0.035149,0,0,2
355,host-17,1,0,14,1,0,0,0.027781,0,32000,889,0.027781,131072,522,0.003983,0,0,1
355,host-18,1,0,14,1,0,0,0.036469,0,32000,1167,0.036469,131072,1365,0.010414,0,0,1
355,host-19,2,0,14,2,0,0,0.102875,0,32000,3292,0.102875,131072,3336,0.025452,0,0,2
355,host-2,2,1,14,2,1,0,0.109094,0,32000,3491,0.109094,131072,3626,0.027664,0,1,1
355,host-20,3,1,14,3,1,0,0.141250,0,32000,4520,0.141250,131072,3915,0.029869,1,0,2
355,host-21,2,0,14,2,0,0,0.093625,0,32000,2996,0.093625,131072,3701,0.028236,0,0,2
355,host-22,2,0,14,2,0,0,0.136281,0,32000,4361,0.136281,131072,3844,0.029327,0,0,2
355,host-23,2,0,14,2,0,0,0.114125,0,32000,3652,0.114125,131072,3802,0.029007,0,0,2
355,host-24,2,0,14,2,0,0,0.134187,0,32000,4294,0.134187,131072,5087,0.038811,0,0,2
355,host-3,2,0,14,2,0,0,0.094875,0,32000,3036,0.094875,131072,2754,0.021011,0,0,2
355,host-4,2,0,14,2,0,0,0.091563,0,32000,2930,0.091563,131072,2805,0.021400,0,0,2
355,host-5,3,0,14,3,0,0,0.111656,0,32000,3573,0.111656,131072,4046,0.030869,0,0,3
355,host-6,2,0,14,2,0,0,0.099344,0,32000,3179,0.099344,131072,2584,0.019714,0,0,2
355,host-7,1,0,14,1,0,0,0.077219,0,32000,2471,0.077219,131072,2298,0.017532,0,0,1
355,host-8,2,0,14,2,0,0,0.094156,0,32000,3013,0.094156,131072,2949,0.022499,0,0,2
355,host-9,2,0,14,2,0,0,0.105844,0,32000,3387,0.105844,131072,2463,0.018791,0,0,2
356,host-1,2,0,14,2,0,0,0.108719,0,32000,3479,0.108719,131072,2990,0.022812,0,0,2
356,host-10,1,0,14,1,0,0,0.061875,0,32000,1980,0.061875,131072,2177,0.016609,0,0,1
356,host-11,2,0,14,2,0,0,0.096437,0,32000,3086,0.096437,131072,3510,0.026779,0,0,2
356,host-12,2,0,14,2,0,0,0.072125,0,32000,2308,0.072125,131072,1685,0.012856,0,0,2
356,host-13,2,0,14,2,0,0,0.124875,0,32000,3996,0.124875,131072,3409,0.026009,0,0,2
356,host-14,2,0,14,2,0,0,0.096344,0,32000,3083,0.096344,131072,2499,0.019066,0,0,2
356,host-15,2,0,14,2,0,0,0.107406,0,32000,3437,0.107406,131072,4579,0.034935,0,0,2
356,host-16,2,0,14,2,0,0,0.129969,0,32000,4159,0.129969,131072,4607,0.035149,0,0,2
356,host-17,2,1,14,2,1,0,0.086125,0,32000,2756,0.086125,131072,1710,0.013046,1,0,1
356,host-18,1,0,14,1,0,0,0.036469,0,32000,1167,0.036469,131072,1365,0.010414,0,0,1
356,host-19,2,0,14,2,0,0,0.102875,0,32000,3292,0.102875,131072,3336,0.025452,0,0,2
356,host-2,2,0,14,2,0,0,0.109094,0,32000,3491,0.109094,131072,3626,0.027664,0,0,2
356,host-20,3,1,14,3,1,0,0.141250,0,32000,4520,0.141250,131072,3915,0.029869,1,0,2
356,host-21,2,0,14,2,0,0,0.093625,0,32000,2996,0.093625,131072,3701,0.028236,0,0,2
356,host-22,2,0,14,2,0,0,0.136281,0,32000,4361,0.136281,131072,3844,0.029327,0,0,2
356,host-23,2,0,14,2,0,0,0.114125,0,32000,3652,0.114125,131072,3802,0.029007,0,0,2
356,host-24,1,0,14,1,0,0,0.052937,0,32000,1694,0.052937,131072,2261,0.017250,0,0,1
356,host-3,2,0,14,2,0,0,0.094875,0,32000,3036,0.094875,131072,2754,0.021011,0,0,2
356,host-4,2,0,14,2,0,0,0.091563,0,32000,2930,0.091563,131072,2805,0.021400,0,0,2
356,host-5,3,0,14,3,0,0,0.111656,0,32000,3573,0.111656,131072,4046,0.030869,0,0,3
356,host-6,2,0,14,2,0,0,0.099344,0,32000,3179,0.099344,131072,2584,0.019714,0,0,2
356,host-7,1,0,14,1,0,0,0.077219,0,32000,2471,0.077219,131072,2298,0.017532,0,0,1
356,host-8,2,0,14,2,0,0,0.094156,0,32000,3013,0.094156,131072,2949,0.022499,0,0,2
356,host-9,2,0,14,2,0,0,0.105844,0,32000,3387,0.105844,131072,2463,0.018791,0,0,2
357,host-1,2,0,14,2,0,0,0.108719,0,32000,3479,0.108719,131072,2990,0.022812,0,0,2
357,host-10,1,0,14,1,0,0,0.061875,0,32000,1980,0.061875,131072,2177,0.016609,0,0,1
357,host-11,2,0,14,2,0,0,0.096437,0,32000,3086,0.096437,131072,3510,0.026779,0,0,2
357,host-12,1,0,14,1,0,0,0.044875,0,32000,1436,0.044875,131072,813,0.006203,0,0,1
357,host-13,2,0,14,2,0,0,0.124875,0,32000,3996,0.124875,131072,3409,0.026009,0,0,2
357,host-14,2,0,14,2,0,0,0.096344,0,32000,3083,0.096344,131072,2499,0.019066,0,0,2
357,host-15,2,0,14,2,0,0,0.107406,0,32000,3437,0.107406,131072,4579,0.034935,0,0,2
357,host-16,1,0,14,1,0,0,0.061875,0,32000,1980,0.061875,131072,2177,0.016609,0,0,1
357,host-17,2,1,14,2,1,0,0.086125,0,32000,2756,0.086125,131072,1710,0.013046,0,1,1
357,host-18,1,0,14,1,0,0,0.036469,0,32000,1167,0.036469,131072,1365,0.010414,0,0,1
357,host-19,2,0,14,2,0,0,0.102875,0,32000,3292,0.102875,131072,3336,0.025452,0,0,2
357,host-2,2,0,14,2,0,0,0.109094,0,32000,3491,0.109094,131072,3626,0.027664,0,0,2
357,host-20,3,0,14,3,0,0,0.141250,0,32000,4520,0.141250,131072,3915,0.029869,0,0,3
357,host-21,2,0,14,2,0,0,0.093625,0,32000,2996,0.093625,131072,3701,0.028236,0,0,2
357,host-22,2,0,14,2,0,0,0.136281,0,32000,4361,0.136281,131072,3844,0.029327,0,0,2
357,host-23,2,0,14,2,0,0,0.114125,0,32000,3652,0.114125,131072,3802,0.029007,0,0,2
357,host-24,1,0,14,1,0,0,0.052937,0,32000,1694,0.052937,131072,2261,0.017250,0,0,1
357,host-3,2,0,14,2,0,0,0.094875,0,32000,3036,0.094875,131072,2754,0.021011,0,0,2
357,host-4,2,0,14,2,0,0,0.091563,0,32000,2930,0.091563,131072,2805,0.021400,0,0,2
357,host-5,3,0,14,3,0,0,0.111656,0,32000,3573,0.111656,131072,4046,0.030869,0,0,3
357,host-6,2,0,14,2,0,0,0.099344,0,32000,3179,0.099344,131072,2584,0.019714,0,0,2
357,host-7,1,0,14,1,0,0,0.077219,0,32000,2471,0.077219,131072,2298,0.017532,0,0,1
357,host-8,2,0,14,2,0,0,0.094156,0,32000,3013,0.094156,131072,2949,0.022499,0,0,2
357,host-9,2,0,14,2,0,0,0.105844,0,32000,3387,0.105844,131072,2463,0.018791,0,0,2
358,host-1,1,0,14,1,0,0,0.050812,0,32000,1626,0.050812,131072,1583,0.012077,0,0,1
358,host-10,0,0,14,0,0,0,0.000000,0,32000,0,0.000000,131072,0,0.000000,0,0,0
358,host-11,2,0,14,2,0,0,0.096437,0,32000,3086,0.096437,131072,3510,0.026779,0,0,2
358,host-12,1,0,14,1,0,0,0.044875,0,32000,1436,0.044875,131072,813,0.006203,0,0,1
358,host-13,2,0,14,2,0,0,0.124875,0,32000,3996,0.124875,131072,3409,0.026009,0,0,2
358,host-14,2,0,14,2,0,0,0.096344,0,32000,3083,0.096344,131072,2499,0.019066,0,0,2
358,host-15,2,0,14,2,0,0,0.107406,0,32000,3437,0.107406,131072,4579,0.034935,0,0,2
358,host-16,1,0,14,1,0,0,0.061875,0,32000,1980,0.061875,131072,2177,0.016609,0,0,1
358,host-17,2,0,14,2,0,0,0.086125,0,32000,2756,0.086125,131072,1710,0.013046,0,0,2
358,host-18,1,0,14,1,0,0,0.036469,0,32000,1167,0.036469,131072,1365,0.010414,0,0,1
358,host-19,2,0,14,2,0,0,0.102875,0,32000,3292,0.102875,131072,3336,0.025452,0,0,2
358,host-2,2,0,14,2,0,0,0.109094,0,32000,3491,0.109094,131072,3626,0.027664,0,0,2
358,host-20,3,0,14,3,0,0,0.141250,0,32000,4520,0.141250,131072,3915,0.029869,0,0,3
358,host-21,2,0,14,2,0,0,0.093625,0,32000,2996,0.093625,131072,3701,0.028236,0,0,2
358,host-22,2,0,14,2,0,0,0.136281,0,32000,4361,0.136281,131072,3844,0.029327,0,0,2
358,host-23,2,0,14,2,0,0,0.114125,0,32000,3652,0.114125,131072,3802,0.029007,0,0,2
358,host-24,1,0,14,1,0,0,0.052937,0,32000,1694,0.052937,131072,2261,0.017250,0,0,1
358,host-3,2,0,14,2,0,0,0.094875,0,32000,3036,0.094875,131072,2754,0.021011,0,0,2
358,host-4,2,0,14,2,0,0,0.091563,0,32000,2930,0.091563,131072,2805,0.021400,0,0,2
358,host-5,2,0,14,2,0,0,0.058563,0,32000,1874,0.058563,131072,1654,0.012619,0,0,2
358,host-6,2,0,14,2,0,0,0.099344,0,32000,3179,0.099344,131072,2584,0.019714,0,0,2
358,host-7,1,0,14,1,0,0,0.077219,0,32000,2471,0.077219,131072,2298,0.017532,0,0,1
358,host-8,2,0,14,2,0,0,0.094156,0,32000,3013,0.094156,131072,2949,0.022499,0,0,2
358,host-9,2,0,14,2,0,0,0.105844,0,32000,3387,0.105844,131072,2463,0.018791,0,0,2
359,host-1,1,0,14,1,0,0,0.050812,0,32000,1626,0.050812,131072,1583,0.012077,0,0,1
359,host-10,0,0,14,0,0,0,0.000000,0,32000,0,0.000000,131072,0,0.000000,0,0,0
359,host-11,2,0,14,2,0,0,0.096437,0,32000,3086,0.096437,131072,3510,0.026779,0,0,2
359,host-12,1,0,14,1,0,0,0.044875,0,32000,1436,0.044875,131072,813,0.006203,0,0,1
359,host-13,2,0,14,2,0,0,0.124875,0,32000,3996,0.124875,131072,3409,0.026009,0,0,2
359,host-14,2,0,14,2,0,0,0.096344,0,32000,3083,0.096344,131072,2499,0.019066,0,0,2
359,host-15,2,0,14,2,0,0,0.107406,0,32000,3437,0.107406,131072,4579,0.034935,0,0,2
359,host-16,0,0,14,0,0,0,0.000000,0,32000,0,0.000000,131072,0,0.000000,0,0,0
359,host-17,2,0,14,2,0,0,0.086125,0,32000,2756,0.086125,131072,1710,0.013046,0,0,2
359,host-18,1,0,14,1,0,0,0.036469,0,32000,1167,0.036469,131072,1365,0.010414,0,0,1
359,host-19,2,0,14,2,0,0,0.102875,0,32000,3292,0.102875,131072,3336,0.025452,0,0,2
359,host-2,2,0,14,2,0,0,0.109094,0,32000,3491,0.109094,131072,3626,0.027664,0,0,2
359,host-20,3,0,14,3,0,0,0.141250,0,32000,4520,0.141250,131072,3915,0.029869,0,0,3
359,host-21,2,0,14,2,0,0,0.093625,0,32000,2996,0.093625,131072,3701,0.028236,0,0,2
359,host-22,2,0,14,2,0,0,0.136281,0,32000,4361,0.136281,131072,3844,0.029327,0,0,2
359,host-23,2,0,14,2,0,0,0.114125,0,32000,3652,0.114125,131072,3802,0.029007,0,0,2
359,host-24,1,0,14,1,0,0,0.052937,0,32000,1694,0.052937,131072,2261,0.017250,0,0,1
359,host-3,2,0,14,2,0,0,0.094875,0,32000,3036,0.094875,131072,2754,0.021011,0,0,2
359,host-4,2,0,14,2,0,0,0.091563,0,32000,2930,0.091563,131072,2805,0.021400,0,0,2
359,host-5,2,0,14,2,0,0,0.058563,0,32000,1874,0.058563,131072,1654,0.012619,0,0,2
359,host-6,2,0,14,2,0,0,0.099344,0,32000,3179,0.099344,131072,2584,0.019714,0,0,2
359,host-7,1,0,14,1,0,0,0.077219,0,32000,2471,0.077219,131072,2298,0.017532,0,0,1
359,host-8,2,0,14,2,0,0,0.094156,0,32000,3013,0.094156,131072,2949,0.022499,0,0,2
359,host-9,2,0,14,2,0,0,0.105844,0,32000,3387,0.105844,131072,2463,0.018791,0,0,2
360,host-1,1,0,14,1,0,0,0.050812,0,32000,1626,0.050812,131072,1583,0.012077,0,0,1
360,host-10,0,0,14,0,0,0,0.000000,0,32000,0,0.000000,131072,0,0.000000,0,0,0
360,host-11,2,0,14,2,0,0,0.096437,0,32000,3086,0.096437,131072,3510,0.026779,0,0,2
360,host-12,1,0,14,1,0,0,0.044875,0,32000,1436,0.044875,131072,813,0.006203,0,0,1
360,host-13,2,0,14,2,0,0,0.124875,0,32000,3996,0.124875,131072,3409,0.026009,0,0,2
360,host-14,2,0,14,2,0,0,0.096344,0,32000,3083,0.096344,131072,2499,0.019066,0,0,2
360,host-15,2,0,14,2,0,0,0.107406,0,32000,3437,0.107406,131072,4579,0.034935,0,0,2
360,host-16,0,0,14,0,0,0,0.000000,0,32000,0,0.000000,131072,0,0.000000,0,0,0
360,host-17,2,0,14,2,0,0,0.086125,0,32000,2756,0.086125,131072,1710,0.013046,0,0,2
360,host-18,1,0,14,1,0,0,0.036469,0,32000,1167,0.036469,131072,1365,0.010414,0,0,1
360,host-19,1,0,14,1,0,0,0.034094,0,32000,1091,0.034094,131072,1460,0.011139,0,0,1
360,host-2,2,0,14,2,0,0,0.109094,0,32000,3491,0.109094,131072,3626,0.027664,0,0,2
360,host-20,3,0,14,3,0,0,0.141250,0,32000,4520,0.141250,131072,3915,0.029869,0,0,3
360,host-21,2,0,14,2,0,0,0.093625,0,32000,2996,0.093625,131072,3701,0.028236,0,0,2
360,host-22,2,0,14,2,0,0,0.136281,0,32000,4361,0.136281,131072,3844,0.029327,0,0,2
360,host-23,2,0,14,2,0,0,0.114125,0,32000,3652,0.114125,131072,3802,0.029007,0,0,2
360,host-24,1,0,14,1,0,0,0.052937,0,32000,1694,0.052937,131072,2261,0.017250,0,0,1
360,host-3,2,0,14,2,0,0,0.094875,0,32000,3036,0.094875,131072,2754,0.021011,0,0,2
360,host-4,2,0,14,2,0,0,0.091563,0,32000,2930,0.091563,131072,2805,0.021400,0,0,2
360,host-5,2,0,14,2,0,0,0.058563,0,32000,1874,0.058563,131072,1654,0.012619,0,0,2
360,host-6,2,0,14,2,0,0,0.099344,0,32000,3179,0.099344,131072,2584,0.019714,0,0,2
360,host-7,1,0,14,1,0,0,0.077219,0,32000,2471,0.077219,131072,2298,0.017532,0,0,1
360,host-8,2,0,14,2,0,0,0.094156,0,32000,3013,0.094156,131072,2949,0.022499,0,0,2
360,host-9,2,0,14,2,0,0,0.105844,0,32000,3387,0.105844,131072,2463,0.018791,0,0,2
361,host-1,1,0,14,1,0,0,0.050812,0,32000,1626,0.050812,131072,1583,0.012077,0,0,1
361,host-10,0,0,14,0,0,0,0.000000,0,32000,0,0.000000,131072,0,0.000000,0,0,0
361,host-11,2,0,14,2,0,0,0.096437,0,32000,3086,0.096437,131072,3510,0.026779,0,0,2
361,host-12,1,0,14,1,0,0,0.044875,0,32000,1436,0.044875,131072,813,0.006203,0,0,1
361,host-13,2,0,14,2,0,0,0.124875,0,32000,3996,0.124875,131072,3409,0.026009,0,0,2
361,host-14,2,0,14,2,0,0,0.096344,0,32000,3083,0.096344,131072,2499,0.019066,0,0,2
361,host-15,2,0,14,2,0,0,0.107406,0,32000,3437,0.107406,131072,4579,0.034935,0,0,2
361,host-16,1,1,14,1,1,0,0.043312,0,32000,1386,0.043312,131072,1636,0.012482,1,0,0
361,host-17,2,0,14,2,0,0,0.086125,0,32000,2756,0.086125,131072,1710,0.013046,0,0,2
361,host-18,1,0,14,1,0,0,0.036469,0,32000,1167,0.036469,131072,1365,0.010414,0,0,1
361,host-19,1,0,14,1,0,0,0.034094,0,32000,1091,0.034094,131072,1460,0.011139,0,0,1
361,host-2,1,0,14,1,0,0,0.042719,0,32000,1367,0.042719,131072,1242,0.009476,0,0,1
361,host-20,3,0,14,3,0,0,0.141250,0,32000,4520,0.141250,131072,3915,0.029869,0,0,3
361,host-21,2,0,14,2,0,0,0.093625,0,32000,2996,0.093625,131072,3701,0.028236,0,0,2
361,host-22,1,0,14,1,0,0,0.074125,0,32000,2372,0.074125,131072,2377,0.018135,0,0,1
361,host-23,2,0,14,2,0,0,0.114125,0,32000,3652,0.114125,131072,3802,0.029007,0,0,2
361,host-24,1,0,14,1,0,0,0.052937,0,32000,1694,0.052937,131072,2261,0.017250,0,0,1
361,host-3,2,0,14,2,0,0,0.094875,0,32000,3036,0.094875,131072,2754,0.021011,0,0,2
361,host-4,2,0,14,2,0,0,0.091563,0,32000,2930,0.091563,131072,2805,0.021400,0,0,2
361,host-5,2,0,14,2,0,0,0.058563,0,32000,1874,0.058563,131072,1654,0.012619,0,0,2
361,host-6,1,0,14,1,0,0,0.054562,0,32000,1746,0.054562,131072,1249,0.009529,0,0,1
361,host-7,1,0,14,1,0,0,0.077219,0,32000,2471,0.077219,131072,2298,0.017532,0,0,1
361,host-8,2,0,14,2,0,0,0.094156,0,32000,3013,0.094156,131072,2949,0.022499,0,0,2
361,host-9,2,0,14,2,0,0,0.105844,0,32000,3387,0.105844,131072,2463,0.018791,0,0,2
362,host-1,1,0,14,1,0,0,0.050812,0,32000,1626,0.050812,131072,1583,0.012077,0,0,1
362,host-10,1,1,14,1,1,0,0.038219,0,32000,1223,0.038219,131072,1424,0.010864,1,0,0
362,host-11,2,0,14,2,0,0,0.096437,0,32000,3086,0.096437,131072,3510,0.026779,0,0,2
362,host-12,1,0,14,1,0,0,0.044875,0,32000,1436,0.044875,131072,813,0.006203,0,0,1
362,host-13,2,0,14,2,0,0,0.124875,0,32000,3996,0.124875,131072,3409,0.026009,0,0,2
362,host-14,2,0,14,2,0,0,0.096344,0,32000,3083,0.096344,131072,2499,0.019066,0,0,2
362,host-15,2,0,14,2,0,0,0.107406,0,32000,3437,0.107406,131072,4579,0.034935,0,0,2
362,host-16,1,1,14,1,1,0,0.043312,0,32000,1386,0.043312,131072,1636,0.012482,0,1,0
362,host-17,2,0,14,2,0,0,0.086125,0,32000,2756,0.086125,131072,1710,0.013046,0,0,2
362,host-18,1,0,14,1,0,0,0.036469,0,32000,1167,0.036469,131072,1365,0.010414,0,0,1
362,host-19,2,1,14,2,1,0,0.078281,0,32000,2505,0.078281,131072,3031,0.023125,1,0,1
362,host-2,1,0,14,1,0,0,0.042719,0,32000,1367,0.042719,131072,1242,0.009476,0,0,1
362,host-20,2,0,14,2,0,0,0.114375,0,32000,3660,0.114375,131072,3384,0.025818,0,0,2
362,host-21,2,0,14,2,0,0,0.093625,0,32000,2996,0.093625,131072,3701,0.028236,0,0,2
362,host-22,0,0,14,0,0,0,0.000000,0,32000,0,0.000000,131072,0,0.000000,0,0,0
362,host-23,2,0,14,2,0,0,0.114125,0,32000,3652,0.114125,131072,3802,0.029007,0,0,2
362,host-24,1,0,14,1,0,0,0.052937,0,32000,1694,0.052937,131072,2261,0.017250,0,0,1
362,host-3,1,0,14,1,0,0,0.044594,0,32000,1427,0.044594,131072,1225,0.009346,0,0,1
362,host-4,2,0,14,2,0,0,0.091563,0,32000,2930,0.091563,131072,2805,0.021400,0,0,2
362,host-5,2,0,14,2,0,0,0.058563,0,32000,1874,0.058563,131072,1654,0.012619,0,0,2
362,host-6,1,0,14,1,0,0,0.054562,0,32000,1746,0.054562,131072,1249,0.009529,0,0,1
362,host-7,1,0,14,1,0,0,0.077219,0,32000,2471,0.077219,131072,2298,0.017532,0,0,1
362,host-8,2,0,14,2,0,0,0.094156,0,32000,3013,0.094156,131072,2949,0.022499,0,0,2
362,host-9,2,0,14,2,0,0,0.105844,0,32000,3387,0.105844,131072,2463,0.018791,0,0,2
363,host-1,1,0,14,1,0,0,0.050812,0,32000,1626,0.050812,131072,1583,0.012077,0,0,1
363,host-10,1,0,14,1,0,0,0.038219,0,32000,1223,0.038219,131072,1424,0.010864,0,0,1
363,host-11,2,0,14,2,0,0,0.096437,0,32000,3086,0.096437,131072,3510,0.026779,0,0,2
363,host-12,1,0,14,1,0,0,0.044875,0,32000,1436,0.044875,131072,813,0.006203,0,0,1
363,host-13,2,0,14,2,0,0,0.124875,0,32000,3996,0.124875,131072,3409,0.026009,0,0,2
363,host-14,2,0,14,2,0,0,0.096344,0,32000,3083,0.096344,131072,2499,0.019066,0,0,2
363,host-15,2,0,14,2,0,0,0.107406,0,32000,3437,0.107406,131072,4579,0.034935,0,0,2
363,host-16,1,0,14,1,0,0,0.043312,0,32000,1386,0.043312,131072,1636,0.012482,0,0,1
363,host-17,2,0,14,2,0,0,0.086125,0,32000,2756,0.086125,131072,1710,0.013046,0,0,2
363,host-18,2,1,14,2,1,0,0.069812,0,32000,2234,0.069812,131072,2381,0.018166,1,0,1
363,host-19,2,0,14,2,0,0,0.078281,0,32000,2505,0.078281,131072,3031,0.023125,0,0,2
363,host-2,1,0,14,1,0,0,0.042719,0,32000,1367,0.042719,131072,1242,0.009476,0,0,1
363,host-20,1,0,14,1,0,0,0.071875,0,32000,2300,0.071875,131072,2487,0.018974,0,0,1
363,host-21,2,1,14,2,1,0,0.103344,0,32000,3307,0.103344,131072,3621,0.027626,1,0,1
363,host-22,1,1,14,1,1,0,0.071406,0,32000,2285,0.071406,131072,2568,0.019592,1,0,0
363,host-23,2,0,14,2,0,0,0.114125,0,32000,3652,0.114125,131072,3802,0.029007,0,0,2
363,host-24,1,0,14,1,0,0,0.052937,0,32000,1694,0.052937,131072,2261,0.017250,0,0,1
363,host-3,1,0,14,1,0,0,0.044594,0,32000,1427,0.044594,131072,1225,0.009346,0,0,1
363,host-4,2,0,14,2,0,0,0.091563,0,32000,2930,0.091563,131072,2805,0.021400,0,0,2
363,host-5,2,0,14,2,0,0,0.058563,0,32000,1874,0.058563,131072,1654,0.012619,0,0,2
363,host-6,1,0,14,1,0,0,0.054562,0,32000,1746,0.054562,131072,1249,0.009529,0,0,1
363,host-7,1,0,14,1,0,0,0.077219,0,32000,2471,0.077219,131072,2298,0.017532,0,0,1
363,host-8,1,0,14,1,0,0,0.065844,0,32000,2107,0.065844,131072,1863,0.014214,0,0,1
363,host-9,2,0,14,2,0,0,0.105844,0,32000,3387,0.105844,131072,2463,0.018791,0,0,2
364,host-1,1,0,14,1,0,0,0.050812,0,32000,1626,0.050812,131072,1583,0.012077,0,0,1
364,host-10,2,1,14,2,1,0,0.112000,0,32000,3584,0.112000,131072,4030,0.030746,1,0,1
364,host-11,2,0,14,2,0,0,0.096437,0,32000,3086,0.096437,131072,3510,0.026779,0,0,2
364,host-12,1,0,14,1,0,0,0.044875,0,32000,1436,0.044875,131072,813,0.006203,0,0,1
364,host-13,2,0,14,2,0,0,0.124875,0,32000,3996,0.124875,131072,3409,0.026009,0,0,2
364,host-14,2,0,14,2,0,0,0.096344,0,32000,3083,0.096344,131072,2499,0.019066,0,0,2
364,host-15,2,0,14,2,0,0,0.107406,0,32000,3437,0.107406,131072,4579,0.034935,0,0,2
364,host-16,1,0,14,1,0,0,0.043312,0,32000,1386,0.043312,131072,1636,0.012482,0,0,1
364,host-17,2,0,14,2,0,0,0.086125,0,32000,2756,0.086125,131072,1710,0.013046,0,0,2
364,host-18,2,0,14,2,0,0,0.069812,0,32000,2234,0.069812,131072,2381,0.018166,0,0,2
364,host-19,1,0,14,1,0,0,0.044187,0,32000,1414,0.044187,131072,1571,0.011986,0,0,1
364,host-2,2,1,14,2,1,0,0.113812,0,32000,3642,0.113812,131072,3556,0.027130,1,0,1
364,host-20,1,0,14,1,0,0,0.071875,0,32000,2300,0.071875,131072,2487,0.018974,0,0,1
364,host-21,2,1,14,2,1,0,0.103344,0,32000,3307,0.103344,131072,3621,0.027626,1,0,1
364,host-22,1,0,14,1,0,0,0.071406,0,32000,2285,0.071406,131072,2568,0.019592,0,0,1
364,host-23,2,1,14,2,1,0,0.114125,0,32000,3652,0.114125,131072,3802,0.029007,0,1,1
364,host-24,1,0,14,1,0,0,0.052937,0,32000,1694,0.052937,131072,2261,0.017250,0,0,1
364,host-3,1,0,14,1,0,0,0.044594,0,32000,1427,0.044594,131072,1225,0.009346,0,0,1
364,host-4,2,0,14,2,0,0,0.091563,0,32000,2930,0.091563,131072,2805,0.021400,0,0,2
364,host-5,1,0,14,1,0,0,0.026625,0,32000,852,0.026625,131072,1073,0.008186,0,0,1
364,host-6,1,0,14,1,0,0,0.054562,0,32000,1746,0.054562,131072,1249,0.009529,0,0,1
364,host-7,1,0,14,1,0,0,0.077219,0,32000,2471,0.077219,131072,2298,0.017532,0,0,1
364,host-8,0,0,14,0,0,0,0.000000,0,32000,0,0.000000,131072,0,0.000000,0,0,0
364,host-9,1,0,14,1,0,0,0.040000,0,32000,1280,0.040000,131072,600,0.004578,0,0,1
365,host-1,1,0,14,1,0,0,0.050812,0,32000,1626,0.050812,131072,1583,0.012077,0,0,1
365,host-10,2,0,14,2,0,0,0.112000,0,32000,3584,0.112000,131072,4030,0.030746,0,0,2
365,host-11,2,0,14,2,0,0,0.096437,0,32000,3086,0.096437,131072,3510,0.026779,0,0,2
365,host-12,1,0,14,1,0,0,0.044875,0,32000,1436,0.044875,131072,813,0.006203,0,0,1
365,host-13,2,0,14,2,0,0,0.124875,0,32000,3996,0.124875,131072,3409,0.026009,0,0,2
365,host-14,2,0,14,2,0,0,0.096344,0,32000,3083,0.096344,131072,2499,0.019066,0,0,2
365,host-15,1,0,14,1,0,0,0.072156,0,32000,2309,0.072156,131072,2949,0.022499,0,0,1
365,host-16,1,0,14,1,0,0,0.043312,0,32000,1386,0.043312,131072,1636,0.012482,0,0,1
365,host-17,2,0,14,2,0,0,0.086125,0,32000,2756,0.086125,131072,1710,0.013046,0,0,2
365,host-18,2,0,14,2,0,0,0.069812,0,32000,2234,0.069812,131072,2381,0.018166,0,0,2
365,host-19,1,0,14,1,0,0,0.044187,0,32000,1414,0.044187,131072,1571,0.011986,0,0,1
365,host-2,2,1,14,2,1,0,0.113812,0,32000,3642,0.113812,131072,3556,0.027130,0,1,1
365,host-20,1,0,14,1,0,0,0.071875,0,32000,2300,0.071875,131072,2487,0.018974,0,0,1
365,host-21,2,0,14,2,0,0,0.103344,0,32000,3307,0.103344,131072,3621,0.027626,0,0,2
365,host-22,1,0,14,1,0,0,0.071406,0,32000,2285,0.071406,131072,2568,0.019592,0,0,1
365,host-23,2,0,14,2,0,0,0.114125,0,32000,3652,0.114125,131072,3802,0.029007,0,0,2
365,host-24,0,0,14,0,0,0,0.000000,0,32000,0,0.000000,131072,0,0.000000,0,0,0
365,host-3,1,0,14,1,0,0,0.044594,0,32000,1427,0.044594,131072,1225,0.009346,0,0,1
365,host-4,1,1,14,1,1,0,0.059625,0,32000,1908,0.059625,131072,2224,0.016968,0,1,0
365,host-5,2,1,14,2,1,0,0.093000,0,32000,2976,0.093000,131072,3457,0.026375,1,0,1
365,host-6,1,0,14,1,0,0,0.054562,0,32000,1746,0.054562,131072,1249,0.009529,0,0,1
365,host-7,1,0,14,1,0,0,0.077219,0,32000,2471,0.077219,131072,2298,0.017532,0,0,1
365,host-8,1,1,14,1,1,0,0.040250,0,32000,1288,0.040250,131072,1283,0.009789,0,1,0
365,host-9,2,1,14,2,1,0,0.103625,0,32000,3316,0.103625,131072,2899,0.022118,1,0,1
366,host-1,2,1,14,2,1,0,0.095469,0,32000,3055,0.095469,131072,2653,0.020241,1,0,1
366,host-10,2,0,14,2,0,0,0.112000,0,32000,3584,0.112000,131072,4030,0.030746,0,0,2
366,host-11,2,0,14,2,0,0,0.096437,0,32000,3086,0.096437,131072,3510,0.026779,0,0,2
366,host-12,2,1,14,2,1,0,0.071750,0,32000,2296,0.071750,131072,1344,0.010254,1,0,1
366,host-13,2,0,14,2,0,0,0.124875,0,32000,3996,0.124875,131072,3409,0.026009,0,0,2
366,host-14,2,0,14,2,0,0,0.096344,0,32000,3083,0.096344,131072,2499,0.019066,0,0,2
366,host-15,1,0,14,1,0,0,0.072156,0,32000,2309,0.072156,131072,2949,0.022499,0,0,1
366,host-16,2,1,14,2,1,0,0.093594,0,32000,2995,0.093594,131072,3165,0.024147,1,0,1
366,host-17,2,0,14,2,0,0,0.086125,0,32000,2756,0.086125,131072,1710,0.013046,0,0,2
366,host-18,3,1,14,3,1,0,0.101656,0,32000,3253,0.101656,131072,2944,0.022461,1,0,2
366,host-19,2,1,14,2,1,0,0.118313,0,32000,3786,0.118313,131072,3948,0.030121,1,0,1
366,host-2,2,0,14,2,0,0,0.113812,0,32000,3642,0.113812,131072,3556,0.027130,0,0,2
366,host-20,1,0,14,1,0,0,0.071875,0,32000,2300,0.071875,131072,2487,0.018974,0,0,1
366,host-21,2,0,14,2,0,0,0.103344,0,32000,3307,0.103344,131072,3621,0.027626,0,0,2
366,host-22,2,1,14,2,1,0,0.138687,0,32000,4438,0.138687,131072,5204,0.039703,1,0,1
366,host-23,2,1,14,2,1,0,0.123188,0,32000,3942,0.123188,131072,3510,0.026779,1,0,1
366,host-24,2,2,14,2,2,0,0.111594,0,32000,3571,0.111594,131072,4031,0.030754,1,1,0
366,host-3,2,1,14,2,1,0,0.108656,0,32000,3477,0.108656,131072,3911,0.029839,1,0,1
366,host-4,2,1,14,2,1,0,0.085594,0,32000,2739,0.085594,131072,3273,0.024971,1,0,1
366,host-5,2,1,14,2,1,0,0.093000,0,32000,2976,0.093000,131072,3457,0.026375,0,1,1
366,host-6,2,1,14,2,1,0,0.101125,0,32000,3236,0.101125,131072,1935,0.014763,1,0,1
366,host-7,1,0,14,1,0,0,0.077219,0,32000,2471,0.077219,131072,2298,0.017532,0,0,1
366,host-8,3,2,14,3,2,0,0.122375,0,32000,3916,0.122375,131072,2884,0.022003,2,0,1
366,host-9,2,0,14,2,0,0,0.103625,0,32000,3316,0.103625,131072,2899,0.022118,0,0,2
367,host-1,2,1,14,2,1,0,0.095469,0,32000,3055,0.095469,131072,2653,0.020241,1,0,1
367,host-10,2,0,14,2,0,0,0.112000,0,32000,3584,0.112000,131072,4030,0.030746,0,0,2
367,host-11,2,0,14,2,0,0,0.096437,0,32000,3086,0.096437,131072,3510,0.026779,0,0,2
367,host-12,3,1,14,3,1,0,0.116250,0,32000,3720,0.116250,131072,2492,0.019012,0,1,2
367,host-13,2,0,14,2,0,0,0.124875,0,32000,3996,0.124875,131072,3409,0.026009,0,0,2
367,host-14,2,0,14,2,0,0,0.096344,0,32000,3083,0.096344,131072,2499,0.019066,0,0,2
367,host-15,2,1,14,2,1,0,0.104000,0,32000,3328,0.104000,131072,3512,0.026794,1,0,1
367,host-16,2,1,14,2,1,0,0.093594,0,32000,2995,0.093594,131072,3165,0.024147,1,0,1
367,host-17,2,0,14,2,0,0,0.086125,0,32000,2756,0.086125,131072,1710,0.013046,0,0,2
367,host-18,3,0,14,3,0,0,0.101656,0,32000,3253,0.101656,131072,2944,0.022461,0,0,3
367,host-19,2,1,14,2,1,0,0.118313,0,32000,3786,0.118313,131072,3948,0.030121,1,0,1
367,host-2,2,0,14,2,0,0,0.113812,0,32000,3642,0.113812,131072,3556,0.027130,0,0,2
367,host-20,2,1,14,2,1,0,0.116531,0,32000,3729,0.116531,131072,3557,0.027138,1,0,1
367,host-21,2,0,14,2,0,0,0.103344,0,32000,3307,0.103344,131072,3621,0.027626,0,0,2
367,host-22,2,1,14,2,1,0,0.138687,0,32000,4438,0.138687,131072,5204,0.039703,1,0,1
367,host-23,2,1,14,2,1,0,0.123188,0,32000,3942,0.123188,131072,3510,0.026779,1,0,1
367,host-24,2,0,14,2,0,0,0.111594,0,32000,3571,0.111594,131072,4031,0.030754,0,0,2
367,host-3,2,0,14,2,0,0,0.108656,0,32000,3477,0.108656,131072,3911,0.029839,0,0,2
367,host-4,2,0,14,2,0,0,0.085594,0,32000,2739,0.085594,131072,3273,0.024971,0,0,2
367,host-5,2,0,14,2,0,0,0.093000,0,32000,2976,0.093000,131072,3457,0.026375,0,0,2
367,host-6,2,0,14,2,0,0,0.101125,0,32000,3236,0.101125,131072,1935,0.014763,0,0,2
367,host-7,1,0,14,1,0,0,0.077219,0,32000,2471,0.077219,131072,2298,0.017532,0,0,1
367,host-8,3,2,14,3,2,0,0.122375,0,32000,3916,0.122375,131072,2884,0.022003,2,0,1
367,host-9,2,0,14,2,0,0,0.103625,0,32000,3316,0.103625,131072,2899,0.022118,0,0,2
368,host-1,2,0,14,2,0,0,0.095469,0,32000,3055,0.095469,131072,2653,0.020241,0,0,2
368,host-10,2,0,14,2,0,0,0.112000,0,32000,3584,0.112000,131072,4030,0.030746,0,0,2
368,host-11,2,0,14,2,0,0,0.096437,0,32000,3086,0.096437,131072,3510,0.026779,0,0,2
368,host-12,3,0,14,3,0,0,0.116250,0,32000,3720,0.116250,131072,2492,0.019012,0,0,3
368,host-13,2,0,14,2,0,0,0.124875,0,32000,3996,0.124875,131072,3409,0.026009,0,0,2
368,host-14,2,0,14,2,0,0,0.096344,0,32000,3083,0.096344,131072,2499,0.019066,0,0,2
368,host-15,2,2,14,2,2,0,0.104000,0,32000,3328,0.104000,131072,3512,0.026794,0,2,0
368,host-16,2,0,14,2,0,0,0.093594,0,32000,2995,0.093594,131072,3165,0.024147,0,0,2
368,host-17,2,0,14,2,0,0,0.086125,0,32000,2756,0.086125,131072,1710,0.013046,0,0,2
368,host-18,3,0,14,3,0,0,0.101656,0,32000,3253,0.101656,131072,2944,0.022461,0,0,3
368,host-19,2,0,14,2,0,0,0.118313,0,32000,3786,0.118313,131072,3948,0.030121,0,0,2
368,host-2,2,0,14,2,0,0,0.113812,0,32000,3642,0.113812,131072,3556,0.027130,0,0,2
368,host-20,2,0,14,2,0,0,0.116531,0,32000,3729,0.116531,131072,3557,0.027138,0,0,2
368,host-21,2,0,14,2,0,0,0.103344,0,32000,3307,0.103344,131072,3621,0.027626,0,0,2
368,host-22,2,0,14,2,0,0,0.138687,0,32000,4438,0.138687,131072,5204,0.039703,0,0,2
368,host-23,2,1,14,2,1,0,0.123188,0,32000,3942,0.123188,131072,3510,0.026779,0,1,1
368,host-24,2,0,14,2,0,0,0.111594,0,32000,3571,0.111594,131072,4031,0.030754,0,0,2
368,host-3,2,0,14,2,0,0,0.108656,0,32000,3477,0.108656,131072,3911,0.029839,0,0,2
368,host-4,3,1,14,3,1,0,0.136094,0,32000,4355,0.136094,131072,4840,0.036926,0,1,2
368,host-5,1,0,14,1,0,0,0.066375,0,32000,2124,0.066375,131072,2384,0.018188,0,0,1
368,host-6,2,0,14,2,0,0,0.101125,0,32000,3236,0.101125,131072,1935,0.014763,0,0,2
368,host-7,2,1,14,2,1,0,0.125594,0,32000,4019,0.125594,131072,3341,0.025490,1,0,1
368,host-8,3,0,14,3,0,0,0.122375,0,32000,3916,0.122375,131072,2884,0.022003,0,0,3
368,host-9,2,0,14,2,0,0,0.103625,0,32000,3316,0.103625,131072,2899,0.022118,0,0,2
369,host-1,2,0,14,2,0,0,0.095469,0,32000,3055,0.095469,131072,2653,0.020241,0,0,2
369,host-10,2,0,14,2,0,0,0.112000,0,32000,3584,0.112000,131072,4030,0.030746,0,0,2
369,host-11,2,0,14,2,0,0,0.096437,0,32000,3086,0.096437,131072,3510,0.026779,0,0,2
369,host-12,3,0,14,3,0,0,0.116250,0,32000,3720,0.116250,131072,2492,0.019012,0,0,3
369,host-13,2,0,14,2,0,0,0.124875,0,32000,3996,0.124875,131072,3409,0.026009,0,0,2
369,host-14,2,0,14,2,0,0,0.096344,0,32000,3083,0.096344,131072,2499,0.019066,0,0,2
369,host-15,2,0,14,2,0,0,0.104000,0,32000,3328,0.104000,131072,3512,0.026794,0,0,2
369,host-16,3,1,14,3,1,0,0.137344,0,32000,4395,0.137344,131072,4269,0.032570,1,0,2
369,host-17,2,1,14,2,1,0,0.103531,0,32000,3313,0.103531,131072,2632,0.020081,1,0,1
369,host-18,3,0,14,3,0,0,0.101656,0,32000,3253,0.101656,131072,2944,0.022461,0,0,3
369,host-19,2,0,14,2,0,0,0.118313,0,32000,3786,0.118313,131072,3948,0.030121,0,0,2
369,host-2,2,0,14,2,0,0,0.113812,0,32000,3642,0.113812,131072,3556,0.027130,0,0,2
369,host-20,2,0,14,2,0,0,0.116531,0,32000,3729,0.116531,131072,3557,0.027138,0,0,2
369,host-21,2,0,14,2,0,0,0.103344,0,32000,3307,0.103344,131072,3621,0.027626,0,0,2
369,host-22,2,0,14,2,0,0,0.138687,0,32000,4438,0.138687,131072,5204,0.039703,0,0,2
369,host-23,2,0,14,2,0,0,0.123188,0,32000,3942,0.123188,131072,3510,0.026779,0,0,2
369,host-24,2,0,14,2,0,0,0.111594,0,32000,3571,0.111594,131072,4031,0.030754,0,0,2
369,host-3,2,0,14,2,0,0,0.108656,0,32000,3477,0.108656,131072,3911,0.029839,0,0,2
369,host-4,3,0,14,3,0,0,0.136094,0,32000,4355,0.136094,131072,4840,0.036926,0,0,3
369,host-5,2,1,14,2,1,0,0.137156,0,32000,4389,0.137156,131072,4698,0.035843,1,0,1
369,host-6,2,0,14,2,0,0,0.101125,0,32000,3236,0.101125,131072,1935,0.014763,0,0,2
369,host-7,2,0,14,2,0,0,0.125594,0,32000,4019,0.125594,131072,3341,0.025490,0,0,2
369,host-8,3,0,14,3,0,0,0.122375,0,32000,3916,0.122375,131072,2884,0.022003,0,0,3
369,host-9,2,0,14,2,0,0,0.103625,0,32000,3316,0.103625,131072,2899,0.022118,0,0,2
370,host-1,3,1,14,3,1,0,0.139531,0,32000,4465,0.139531,131072,3704,0.028259,1,0,2
370,host-10,2,0,14,2,0,0,0.112000,0,32000,3584,0.112000,131072,4030,0.030746,0,0,2
370,host-11,2,0,14,2,0,0,0.096437,0,32000,3086,0.096437,131072,3510,0.026779,0,0,2
370,host-12,3,0,14,3,0,0,0.116250,0,32000,3720,0.116250,131072,2492,0.019012,0,0,3
370,host-13,2,0,14,2,0,0,0.124875,0,32000,3996,0.124875,131072,3409,0.026009,0,0,2
370,host-14,2,0,14,2,0,0,0.096344,0,32000,3083,0.096344,131072,2499,0.019066,0,0,2
370,host-15,2,0,14,2,0,0,0.104000,0,32000,3328,0.104000,131072,3512,0.026794,0,0,2
370,host-16,3,0,14,3,0,0,0.137344,0,32000,4395,0.137344,131072,4269,0.032570,0,0,3
370,host-17,2,0,14,2,0,0,0.103531,0,32000,3313,0.103531,131072,2632,0.020081,0,0,2
370,host-18,3,0,14,3,0,0,0.101656,0,32000,3253,0.101656,131072,2944,0.022461,0,0,3
370,host-19,2,0,14,2,0,0,0.118313,0,32000,3786,0.118313,131072,3948,0.030121,0,0,2
370,host-2,2,0,14,2,0,0,0.113812,0,32000,3642,0.113812,131072,3556,0.027130,0,0,2
370,host-20,2,0,14,2,0,0,0.116531,0,32000,3729,0.116531,131072,3557,0.027138,0,0,2
370,host-21,2,0,14,2,0,0,0.103344,0,32000,3307,0.103344,131072,3621,0.027626,0,0,2
370,host-22,2,0,14,2,0,0,0.138687,0,32000,4438,0.138687,131072,5204,0.039703,0,0,2
370,host-23,2,0,14,2,0,0,0.123188,0,32000,3942,0.123188,131072,3510,0.026779,0,0,2
370,host-24,2,0,14,2,0,0,0.111594,0,32000,3571,0.111594,131072,4031,0.030754,0,0,2
370,host-3,2,0,14,2,0,0,0.108656,0,32000,3477,0.108656,131072,3911,0.029839,0,0,2
370,host-4,3,0,14,3,0,0,0.136094,0,32000,4355,0.136094,131072,4840,0.036926,0,0,3
370,host-5,2,0,14,2,0,0,0.137156,0,32000,4389,0.137156,131072,4698,0.035843,0,0,2
370,host-6,2,0,14,2,0,0,0.101125,0,32000,3236,0.101125,131072,1935,0.014763,0,0,2
370,host-7,2,0,14,2,0,0,0.125594,0,32000,4019,0.125594,131072,3341,0.025490,0,0,2
370,host-8,3,0,14,3,0,0,0.122375,0,32000,3916,0.122375,131072,2884,0.022003,0,0,3
370,host-9,2,0,14,2,0,0,0.103625,0,32000,3316,0.103625,131072,2899,0.022118,0,0,2
371,host-1,3,1,14,3,1,0,0.139531,0,32000,4465,0.139531,131072,3704,0.028259,1,0,2
371,host-10,2,0,14,2,0,0,0.112000,0,32000,3584,0.112000,131072,4030,0.030746,0,0,2
371,host-11,2,0,14,2,0,0,0.096437,0,32000,3086,0.096437,131072,3510,0.026779,0,0,2
371,host-12,3,0,14,3,0,0,0.116250,0,32000,3720,0.116250,131072,2492,0.019012,0,0,3
371,host-13,2,0,14,2,0,0,0.124875,0,32000,3996,0.124875,131072,3409,0.026009,0,0,2
371,host-14,2,0,14,2,0,0,0.096344,0,32000,3083,0.096344,131072,2499,0.019066,0,0,2
371,host-15,2,0,14,2,0,0,0.104000,0,32000,3328,0.104000,131072,3512,0.026794,0,0,2
371,host-16,3,0,14,3,0,0,0.137344,0,32000,4395,0.137344,131072,4269,0.032570,0,0,3
371,host-17,2,0,14,2,0,0,0.103531,0,32000,3313,0.103531,131072,2632,0.020081,0,0,2
371,host-18,3,0,14,3,0,0,0.101656,0,32000,3253,0.101656,131072,2944,0.022461,0,0,3
371,host-19,2,0,14,2,0,0,0.118313,0,32000,3786,0.118313,131072,3948,0.030121,0,0,2
371,host-2,2,0,14,2,0,0,0.113812,0,32000,3642,0.113812,131072,3556,0.027130,0,0,2
371,host-20,2,0,14,2,0,0,0.116531,0,32000,3729,0.116531,131072,3557,0.027138,0,0,2
371,host-21,2,0,14,2,0,0,0.103344,0,32000,3307,0.103344,131072,3621,0.027626,0,0,2
371,host-22,2,0,14,2,0,0,0.138687,0,32000,4438,0.138687,131072,5204,0.039703,0,0,2
371,host-23,2,0,14,2,0,0,0.123188,0,32000,3942,0.123188,131072,3510,0.026779,0,0,2
371,host-24,2,0,14,2,0,0,0.111594,0,32000,3571,0.111594,131072,4031,0.030754,0,0,2
371,host-3,2,0,14,2,0,0,0.108656,0,32000,3477,0.108656,131072,3911,0.029839,0,0,2
371,host-4,3,0,14,3,0,0,0.136094,0,32000,4355,0.136094,131072,4840,0.036926,0,0,3
371,host-5,2,0,14,2,0,0,0.137156,0,32000,4389,0.137156,131072,4698,0.035843,0,0,2
371,host-6,2,0,14,2,0,0,0.101125,0,32000,3236,0.101125,131072,1935,0.014763,0,0,2
371,host-7,2,0,14,2,0,0,0.125594,0,32000,4019,0.125594,131072,3341,0.025490,0,0,2
371,host-8,3,0,14,3,0,0,0.122375,0,32000,3916,0.122375,131072,2884,0.022003,0,0,3
371,host-9,2,0,14,2,0,0,0.103625,0,32000,3316,0.103625,131072,2899,0.022118,0,0,2
372,host-1,3,0,14,3,0,0,0.139531,0,32000,4465,0.139531,131072,3704,0.028259,0,0,3
372,host-10,2,0,14,2,0,0,0.112000,0,32000,3584,0.112000,131072,4030,0.030746,0,0,2
372,host-11,3,1,14,3,1,0,0.134687,0,32000,4310,0.134687,131072,4343,0.033134,1,0,2
372,host-12,3,0,14,3,0,0,0.116250,0,32000,3720,0.116250,131072,2492,0.019012,0,0,3
372,host-13,2,0,14,2,0,0,0.124875,0,32000,3996,0.124875,131072,3409,0.026009,0,0,2
372,host-14,3,1,14,3,1,0,0.155281,0,32000,4969,0.155281,131072,4820,0.036774,1,0,2
372,host-15,2,0,14,2,0,0,0.104000,0,32000,3328,0.104000,131072,3512,0.026794,0,0,2
372,host-16,3,0,14,3,0,0,0.137344,0,32000,4395,0.137344,131072,4269,0.032570,0,0,3
372,host-17,2,0,14,2,0,0,0.103531,0,32000,3313,0.103531,131072,2632,0.020081,0,0,2
372,host-18,4,1,14,4,1,0,0.154594,0,32000,4947,0.154594,131072,5205,0.039711,1,0,3
372,host-19,2,0,14,2,0,0,0.118313,0,32000,3786,0.118313,131072,3948,0.030121,0,0,2
372,host-2,2,0,14,2,0,0,0.113812,0,32000,3642,0.113812,131072,3556,0.027130,0,0,2
372,host-20,2,0,14,2,0,0,0.116531,0,32000,3729,0.116531,131072,3557,0.027138,0,0,2
372,host-21,3,1,14,3,1,0,0.166531,0,32000,5329,0.166531,131072,5890,0.044937,1,0,2
372,host-22,2,0,14,2,0,0,0.138687,0,32000,4438,0.138687,131072,5204,0.039703,0,0,2
372,host-23,2,0,14,2,0,0,0.123188,0,32000,3942,0.123188,131072,3510,0.026779,0,0,2
372,host-24,2,0,14,2,0,0,0.111594,0,32000,3571,0.111594,131072,4031,0.030754,0,0,2
372,host-3,2,0,14,2,0,0,0.108656,0,32000,3477,0.108656,131072,3911,0.029839,0,0,2
372,host-4,3,0,14,3,0,0,0.136094,0,32000,4355,0.136094,131072,4840,0.036926,0,0,3
372,host-5,2,0,14,2,0,0,0.137156,0,32000,4389,0.137156,131072,4698,0.035843,0,0,2
372,host-6,3,1,14,3,1,0,0.149094,0,32000,4771,0.149094,131072,3460,0.026398,1,0,2
372,host-7,2,0,14,2,0,0,0.125594,0,32000,4019,0.125594,131072,3341,0.025490,0,0,2
372,host-8,3,0,14,3,0,0,0.122375,0,32000,3916,0.122375,131072,2884,0.022003,0,0,3
372,host-9,2,0,14,2,0,0,0.103625,0,32000,3316,0.103625,131072,2899,0.022118,0,0,2
373,host-1,3,0,14,3,0,0,0.139531,0,32000,4465,0.139531,131072,3704,0.028259,0,0,3
373,host-10,2,0,14,2,0,0,0.112000,0,32000,3584,0.112000,131072,4030,0.030746,0,0,2
373,host-11,3,0,14,3,0,0,0.134687,0,32000,4310,0.134687,131072,4343,0.033134,0,0,3
373,host-12,3,0,14,3,0,0,0.116250,0,32000,3720,0.116250,131072,2492,0.019012,0,0,3
373,host-13,2,0,14,2,0,0,0.124875,0,32000,3996,0.124875,131072,3409,0.026009,0,0,2
373,host-14,2,0,14,2,0,0,0.111500,0,32000,3568,0.111500,131072,4074,0.031082,0,0,2
373,host-15,2,0,14,2,0,0,0.104000,0,32000,3328,0.104000,131072,3512,0.026794,0,0,2
373,host-16,3,0,14,3,0,0,0.137344,0,32000,4395,0.137344,131072,4269,0.032570,0,0,3
373,host-17,2,0,14,2,0,0,0.103531,0,32000,3313,0.103531,131072,2632,0.020081,0,0,2
373,host-18,4,0,14,4,0,0,0.154594,0,32000,4947,0.154594,131072,5205,0.039711,0,0,4
373,host-19,2,0,14,2,0,0,0.118313,0,32000,3786,0.118313,131072,3948,0.030121,0,0,2
373,host-2,2,0,14,2,0,0,0.113812,0,32000,3642,0.113812,131072,3556,0.027130,0,0,2
373,host-20,2,0,14,2,0,0,0.116531,0,32000,3729,0.116531,131072,3557,0.027138,0,0,2
373,host-21,3,0,14,3,0,0,0.166531,0,32000,5329,0.166531,131072,5890,0.044937,0,0,3
373,host-22,2,0,14,2,0,0,0.138687,0,32000,4438,0.138687,131072,5204,0.039703,0,0,2
373,host-23,2,0,14,2,0,0,0.123188,0,32000,3942,0.123188,131072,3510,0.026779,0,0,2
373,host-24,2,0,14,2,0,0,0.111594,0,32000,3571,0.111594,131072,4031,0.030754,0,0,2
373,host-3,2,0,14,2,0,0,0.108656,0,32000,3477,0.108656,131072,3911,0.029839,0,0,2
373,host-4,3,0,14,3,0,0,0.136094,0,32000,4355,0.136094,131072,4840,0.036926,0,0,3
373,host-5,2,0,14,2,0,0,0.137156,0,32000,4389,0.137156,131072,4698,0.035843,0,0,2
373,host-6,3,1,14,3,1,0,0.149094,0,32000,4771,0.149094,131072,3460,0.026398,0,1,2
373,host-7,1,0,14,1,0,0,0.048375,0,32000,1548,0.048375,131072,1043,0.007957,0,0,1
373,host-8,3,0,14,3,0,0,0.122375,0,32000,3916,0.122375,131072,2884,0.022003,0,0,3
373,host-9,2,0,14,2,0,0,0.103625,0,32000,3316,0.103625,131072,2899,0.022118,0,0,2
374,host-1,2,0,14,2,0,0,0.088719,0,32000,2839,0.088719,131072,2121,0.016182,0,0,2
374,host-10,2,0,14,2,0,0,0.112000,0,32000,3584,0.112000,131072,4030,0.030746,0,0,2
374,host-11,2,0,14,2,0,0,0.096344,0,32000,3083,0.096344,131072,3439,0.026237,0,0,2
374,host-12,3,0,14,3,0,0,0.116250,0,32000,3720,0.116250,131072,2492,0.019012,0,0,3
374,host-13,2,0,14,2,0,0,0.124875,0,32000,3996,0.124875,131072,3409,0.026009,0,0,2
374,host-14,1,0,14,1,0,0,0.058937,0,32000,1886,0.058937,131072,2321,0.017708,0,0,1
374,host-15,2,0,14,2,0,0,0.104000,0,32000,3328,0.104000,131072,3512,0.026794,0,0,2
374,host-16,3,0,14,3,0,0,0.137344,0,32000,4395,0.137344,131072,4269,0.032570,0,0,3
374,host-17,2,0,14,2,0,0,0.103531,0,32000,3313,0.103531,131072,2632,0.020081,0,0,2
374,host-18,4,0,14,4,0,0,0.154594,0,32000,4947,0.154594,131072,5205,0.039711,0,0,4
374,host-19,2,0,14,2,0,0,0.118313,0,32000,3786,0.118313,131072,3948,0.030121,0,0,2
374,host-2,2,0,14,2,0,0,0.113812,0,32000,3642,0.113812,131072,3556,0.027130,0,0,2
374,host-20,2,0,14,2,0,0,0.116531,0,32000,3729,0.116531,131072,3557,0.027138,0,0,2
374,host-21,3,0,14,3,0,0,0.166531,0,32000,5329,0.166531,131072,5890,0.044937,0,0,3
374,host-22,2,0,14,2,0,0,0.138687,0,32000,4438,0.138687,131072,5204,0.039703,0,0,2
374,host-23,2,0,14,2,0,0,0.123188,0,32000,3942,0.123188,131072,3510,0.026779,0,0,2
374,host-24,2,0,14,2,0,0,0.111594,0,32000,3571,0.111594,131072,4031,0.030754,0,0,2
374,host-3,1,0,14,1,0,0,0.064062,0,32000,2050,0.064062,131072,2686,0.020493,0,0,1
374,host-4,3,0,14,3,0,0,0.136094,0,32000,4355,0.136094,131072,4840,0.036926,0,0,3
374,host-5,2,0,14,2,0,0,0.137156,0,32000,4389,0.137156,131072,4698,0.035843,0,0,2
374,host-6,3,0,14,3,0,0,0.149094,0,32000,4771,0.149094,131072,3460,0.026398,0,0,3
374,host-7,1,0,14,1,0,0,0.048375,0,32000,1548,0.048375,131072,1043,0.007957,0,0,1
374,host-8,3,0,14,3,0,0,0.122375,0,32000,3916,0.122375,131072,2884,0.022003,0,0,3
374,host-9,1,0,14,1,0,0,0.063625,0,32000,2036,0.063625,131072,2299,0.017540,0,0,1
375,host-1,2,0,14,2,0,0,0.088719,0,32000,2839,0.088719,131072,2121,0.016182,0,0,2
375,host-10,2,0,14,2,0,0,0.112000,0,32000,3584,0.112000,131072,4030,0.030746,0,0,2
375,host-11,1,0,14,1,0,0,0.038250,0,32000,1224,0.038250,131072,833,0.006355,0,0,1
375,host-12,3,0,14,3,0,0,0.116250,0,32000,3720,0.116250,131072,2492,0.019012,0,0,3
375,host-13,2,0,14,2,0,0,0.124875,0,32000,3996,0.124875,131072,3409,0.026009,0,0,2
375,host-14,1,0,14,1,0,0,0.058937,0,32000,1886,0.058937,131072,2321,0.017708,0,0,1
375,host-15,2,0,14,2,0,0,0.104000,0,32000,3328,0.104000,131072,3512,0.026794,0,0,2
375,host-16,3,0,14,3,0,0,0.137344,0,32000,4395,0.137344,131072,4269,0.032570,0,0,3
375,host-17,2,0,14,2,0,0,0.103531,0,32000,3313,0.103531,131072,2632,0.020081,0,0,2
375,host-18,3,0,14,3,0,0,0.118125,0,32000,3780,0.118125,131072,3840,0.029297,0,0,3
375,host-19,2,0,14,2,0,0,0.118313,0,32000,3786,0.118313,131072,3948,0.030121,0,0,2
375,host-2,2,0,14,2,0,0,0.113812,0,32000,3642,0.113812,131072,3556,0.027130,0,0,2
375,host-20,2,0,14,2,0,0,0.116531,0,32000,3729,0.116531,131072,3557,0.027138,0,0,2
375,host-21,3,0,14,3,0,0,0.166531,0,32000,5329,0.166531,131072,5890,0.044937,0,0,3
375,host-22,2,0,14,2,0,0,0.138687,0,32000,4438,0.138687,131072,5204,0.039703,0,0,2
375,host-23,2,0,14,2,0,0,0.123188,0,32000,3942,0.123188,131072,3510,0.026779,0,0,2
375,host-24,2,0,14,2,0,0,0.111594,0,32000,3571,0.111594,131072,4031,0.030754,0,0,2
375,host-3,1,0,14,1,0,0,0.064062,0,32000,2050,0.064062,131072,2686,0.020493,0,0,1
375,host-4,3,0,14,3,0,0,0.136094,0,32000,4355,0.136094,131072,4840,0.036926,0,0,3
375,host-5,2,0,14,2,0,0,0.137156,0,32000,4389,0.137156,131072,4698,0.035843,0,0,2
375,host-6,3,0,14,3,0,0,0.149094,0,32000,4771,0.149094,131072,3460,0.026398,0,0,3
375,host-7,1,0,14,1,0,0,0.048375,0,32000,1548,0.048375,131072,1043,0.007957,0,0,1
375,host-8,3,0,14,3,0,0,0.122375,0,32000,3916,0.122375,131072,2884,0.022003,0,0,3
375,host-9,1,0,14,1,0,0,0.063625,0,32000,2036,0.063625,131072,2299,0.017540,0,0,1
376,host-1,2,0,14,2,0,0,0.088719,0,32000,2839,0.088719,131072,2121,0.016182,0,0,2
376,host-10,2,0,14,2,0,0,0.112000,0,32000,3584,0.112000,131072,4030,0.030746,0,0,2
376,host-11,1,0,14,1,0,0,0.038250,0,32000,1224,0.038250,131072,833,0.006355,0,0,1
376,host-12,3,0,14,3,0,0,0.116250,0,32000,3720,0.116250,131072,2492,0.019012,0,0,3
376,host-13,1,0,14,1,0,0,0.066531,0,32000,2129,0.066531,131072,2221,0.016945,0,0,1
376,host-14,1,0,14,1,0,0,0.058937,0,32000,1886,0.058937,131072,2321,0.017708,0,0,1
376,host-15,2,0,14,2,0,0,0.104000,0,32000,3328,0.104000,131072,3512,0.026794,0,0,2
376,host-16,3,0,14,3,0,0,0.137344,0,32000,4395,0.137344,131072,4269,0.032570,0,0,3
376,host-17,2,0,14,2,0,0,0.103531,0,32000,3313,0.103531,131072,2632,0.020081,0,0,2
376,host-18,3,0,14,3,0,0,0.118125,0,32000,3780,0.118125,131072,3840,0.029297,0,0,3
376,host-19,2,0,14,2,0,0,0.118313,0,32000,3786,0.118313,131072,3948,0.030121,0,0,2
376,host-2,1,0,14,1,0,0,0.071094,0,32000,2275,0.071094,131072,2314,0.017654,0,0,1
376,host-20,2,0,14,2,0,0,0.116531,0,32000,3729,0.116531,131072,3557,0.027138,0,0,2
376,host-21,3,0,14,3,0,0,0.166531,0,32000,5329,0.166531,131072,5890,0.044937,0,0,3
376,host-22,2,0,14,2,0,0,0.138687,0,32000,4438,0.138687,131072,5204,0.039703,0,0,2
376,host-23,2,0,14,2,0,0,0.123188,0,32000,3942,0.123188,131072,3510,0.026779,0,0,2
376,host-24,2,0,14,2,0,0,0.111594,0,32000,3571,0.111594,131072,4031,0.030754,0,0,2
376,host-3,1,0,14,1,0,0,0.064062,0,32000,2050,0.064062,131072,2686,0.020493,0,0,1
376,host-4,3,0,14,3,0,0,0.136094,0,32000,4355,0.136094,131072,4840,0.036926,0,0,3
376,host-5,2,0,14,2,0,0,0.137156,0,32000,4389,0.137156,131072,4698,0.035843,0,0,2
376,host-6,3,0,14,3,0,0,0.149094,0,32000,4771,0.149094,131072,3460,0.026398,0,0,3
376,host-7,1,0,14,1,0,0,0.048375,0,32000,1548,0.048375,131072,1043,0.007957,0,0,1
376,host-8,3,0,14,3,0,0,0.122375,0,32000,3916,0.122375,131072,2884,0.022003,0,0,3
376,host-9,1,0,14,1,0,0,0.063625,0,32000,2036,0.063625,131072,2299,0.017540,0,0,1
377,host-1,2,0,14,2,0,0,0.088719,0,32000,2839,0.088719,131072,2121,0.016182,0,0,2
377,host-10,2,0,14,2,0,0,0.112000,0,32000,3584,0.112000,131072,4030,0.030746,0,0,2
377,host-11,1,0,14,1,0,0,0.038250,0,32000,1224,0.038250,131072,833,0.006355,0,0,1
377,host-12,3,0,14,3,0,0,0.116250,0,32000,3720,0.116250,131072,2492,0.019012,0,0,3
377,host-13,1,0,14,1,0,0,0.066531,0,32000,2129,0.066531,131072,2221,0.016945,0,0,1
377,host-14,1,0,14,1,0,0,0.058937,0,32000,1886,0.058937,131072,2321,0.017708,0,0,1
377,host-15,2,0,14,2,0,0,0.104000,0,32000,3328,0.104000,131072,3512,0.026794,0,0,2
377,host-16,3,0,14,3,0,0,0.137344,0,32000,4395,0.137344,131072,4269,0.032570,0,0,3
377,host-17,2,0,14,2,0,0,0.103531,0,32000,3313,0.103531,131072,2632,0.020081,0,0,2
377,host-18,3,0,14,3,0,0,0.118125,0,32000,3780,0.118125,131072,3840,0.029297,0,0,3
377,host-19,2,0,14,2,0,0,0.118313,0,32000,3786,0.118313,131072,3948,0.030121,0,0,2
377,host-2,1,1,14,1,1,0,0.071094,0,32000,2275,0.071094,131072,2314,0.017654,0,1,0
377,host-20,1,0,14,1,0,0,0.044656,0,32000,1429,0.044656,131072,1070,0.008163,0,0,1
377,host-21,3,0,14,3,0,0,0.166531,0,32000,5329,0.166531,131072,5890,0.044937,0,0,3
377,host-22,2,0,14,2,0,0,0.138687,0,32000,4438,0.138687,131072,5204,0.039703,0,0,2
377,host-23,2,0,14,2,0,0,0.123188,0,32000,3942,0.123188,131072,3510,0.026779,0,0,2
377,host-24,2,0,14,2,0,0,0.111594,0,32000,3571,0.111594,131072,4031,0.030754,0,0,2
377,host-3,1,0,14,1,0,0,0.064062,0,32000,2050,0.064062,131072,2686,0.020493,0,0,1
377,host-4,3,0,14,3,0,0,0.136094,0,32000,4355,0.136094,131072,4840,0.036926,0,0,3
377,host-5,2,0,14,2,0,0,0.137156,0,32000,4389,0.137156,131072,4698,0.035843,0,0,2
377,host-6,3,0,14,3,0,0,0.149094,0,32000,4771,0.149094,131072,3460,0.026398,0,0,3
377,host-7,1,0,14,1,0,0,0.048375,0,32000,1548,0.048375,131072,1043,0.007957,0,0,1
377,host-8,3,0,14,3,0,0,0.122375,0,32000,3916,0.122375,131072,2884,0.022003,0,0,3
377,host-9,1,0,14,1,0,0,0.063625,0,32000,2036,0.063625,131072,2299,0.017540,0,0,1
378,host-1,2,0,14,2,0,0,0.088719,0,32000,2839,0.088719,131072,2121,0.016182,0,0,2
378,host-10,2,0,14,2,0,0,0.112000,0,32000,3584,0.112000,131072,4030,0.030746,0,0,2
378,host-11,2,1,14,2,1,0,0.072156,0,32000,2309,0.072156,131072,1703,0.012993,1,0,1
378,host-12,3,0,14,3,0,0,0.116250,0,32000,3720,0.116250,131072,2492,0.019012,0,0,3
378,host-13,2,1,14,2,1,0,0.143313,0,32000,4586,0.143313,131072,5007,0.038200,1,0,1
378,host-14,2,1,14,2,1,0,0.096625,0,32000,3092,0.096625,131072,3148,0.024017,1,0,1
378,host-15,2,1,14,2,1,0,0.104000,0,32000,3328,0.104000,131072,3512,0.026794,0,1,1
378,host-16,3,0,14,3,0,0,0.137344,0,32000,4395,0.137344,131072,4269,0.032570,0,0,3
378,host-17,2,0,14,2,0,0,0.103531,0,32000,3313,0.103531,131072,2632,0.020081,0,0,2
378,host-18,3,0,14,3,0,0,0.118125,0,32000,3780,0.118125,131072,3840,0.029297,0,0,3
378,host-19,2,0,14,2,0,0,0.118313,0,32000,3786,0.118313,131072,3948,0.030121,0,0,2
378,host-2,1,0,14,1,0,0,0.071094,0,32000,2275,0.071094,131072,2314,0.017654,0,0,1
378,host-20,2,1,14,2,1,0,0.087375,0,32000,2796,0.087375,131072,2312,0.017639,1,0,1
378,host-21,3,0,14,3,0,0,0.166531,0,32000,5329,0.166531,131072,5890,0.044937,0,0,3
378,host-22,2,0,14,2,0,0,0.138687,0,32000,4438,0.138687,131072,5204,0.039703,0,0,2
378,host-23,2,0,14,2,0,0,0.123188,0,32000,3942,0.123188,131072,3510,0.026779,0,0,2
378,host-24,2,0,14,2,0,0,0.111594,0,32000,3571,0.111594,131072,4031,0.030754,0,0,2
378,host-3,2,1,14,2,1,0,0.121875,0,32000,3900,0.121875,131072,4559,0.034782,1,0,1
378,host-4,3,0,14,3,0,0,0.136094,0,32000,4355,0.136094,131072,4840,0.036926,0,0,3
378,host-5,2,0,14,2,0,0,0.137156,0,32000,4389,0.137156,131072,4698,0.035843,0,0,2
378,host-6,3,0,14,3,0,0,0.149094,0,32000,4771,0.149094,131072,3460,0.026398,0,0,3
378,host-7,2,1,14,2,1,0,0.108844,0,32000,3483,0.108844,131072,3457,0.026375,1,0,1
378,host-8,3,0,14,3,0,0,0.122375,0,32000,3916,0.122375,131072,2884,0.022003,0,0,3
378,host-9,2,1,14,2,1,0,0.101656,0,32000,3253,0.101656,131072,2940,0.022430,1,0,1
379,host-1,2,0,14,2,0,0,0.088719,0,32000,2839,0.088719,131072,2121,0.016182,0,0,2
379,host-10,2,0,14,2,0,0,0.112000,0,32000,3584,0.112000,131072,4030,0.030746,0,0,2
379,host-11,2,0,14,2,0,0,0.072156,0,32000,2309,0.072156,131072,1703,0.012993,0,0,2
379,host-12,3,0,14,3,0,0,0.116250,0,32000,3720,0.116250,131072,2492,0.019012,0,0,3
379,host-13,2,1,14,2,1,0,0.143313,0,32000,4586,0.143313,131072,5007,0.038200,1,0,1
379,host-14,2,0,14,2,0,0,0.096625,0,32000,3092,0.096625,131072,3148,0.024017,0,0,2
379,host-15,2,0,14,2,0,0,0.104000,0,32000,3328,0.104000,131072,3512,0.026794,0,0,2
379,host-16,3,0,14,3,0,0,0.137344,0,32000,4395,0.137344,131072,4269,0.032570,0,0,3
379,host-17,2,0,14,2,0,0,0.103531,0,32000,3313,0.103531,131072,2632,0.020081,0,0,2
379,host-18,3,0,14,3,0,0,0.118125,0,32000,3780,0.118125,131072,3840,0.029297,0,0,3
379,host-19,2,0,14,2,0,0,0.118313,0,32000,3786,0.118313,131072,3948,0.030121,0,0,2
379,host-2,1,0,14,1,0,0,0.071094,0,32000,2275,0.071094,131072,2314,0.017654,0,0,1
379,host-20,2,1,14,2,1,0,0.087375,0,32000,2796,0.087375,131072,2312,0.017639,0,1,1
379,host-21,3,0,14,3,0,0,0.166531,0,32000,5329,0.166531,131072,5890,0.044937,0,0,3
379,host-22,2,0,14,2,0,0,0.138687,0,32000,4438,0.138687,131072,5204,0.039703,0,0,2
379,host-23,2,0,14,2,0,0,0.123188,0,32000,3942,0.123188,131072,3510,0.026779,0,0,2
379,host-24,2,0,14,2,0,0,0.111594,0,32000,3571,0.111594,131072,4031,0.030754,0,0,2
379,host-3,2,1,14,2,1,0,0.121875,0,32000,3900,0.121875,131072,4559,0.034782,1,0,1
379,host-4,3,0,14,3,0,0,0.136094,0,32000,4355,0.136094,131072,4840,0.036926,0,0,3
379,host-5,2,0,14,2,0,0,0.137156,0,32000,4389,0.137156,131072,4698,0.035843,0,0,2
379,host-6,3,0,14,3,0,0,0.149094,0,32000,4771,0.149094,131072,3460,0.026398,0,0,3
379,host-7,2,2,14,2,2,0,0.108844,0,32000,3483,0.108844,131072,3457,0.026375,0,2,0
379,host-8,3,0,14,3,0,0,0.122375,0,32000,3916,0.122375,131072,2884,0.022003,0,0,3
379,host-9,2,0,14,2,0,0,0.101656,0,32000,3253,0.101656,131072,2940,0.022430,0,0,2
380,host-1,2,0,14,2,0,0,0.088719,0,32000,2839,0.088719,131072,2121,0.016182,0,0,2
380,host-10,2,0,14,2,0,0,0.112000,0,32000,3584,0.112000,131072,4030,0.030746,0,0,2
380,host-11,3,1,14,3,1,0,0.140406,0,32000,4493,0.140406,131072,4345,0.033150,1,0,2
380,host-12,3,0,14,3,0,0,0.116250,0,32000,3720,0.116250,131072,2492,0.019012,0,0,3
380,host-13,2,0,14,2,0,0,0.143313,0,32000,4586,0.143313,131072,5007,0.038200,0,0,2
380,host-14,2,0,14,2,0,0,0.096625,0,32000,3092,0.096625,131072,3148,0.024017,0,0,2
380,host-15,2,0,14,2,0,0,0.104000,0,32000,3328,0.104000,131072,3512,0.026794,0,0,2
380,host-16,3,0,14,3,0,0,0.137344,0,32000,4395,0.137344,131072,4269,0.032570,0,0,3
380,host-17,2,0,14,2,0,0,0.103531,0,32000,3313,0.103531,131072,2632,0.020081,0,0,2
380,host-18,3,0,14,3,0,0,0.118125,0,32000,3780,0.118125,131072,3840,0.029297,0,0,3
380,host-19,2,0,14,2,0,0,0.118313,0,32000,3786,0.118313,131072,3948,0.030121,0,0,2
380,host-2,2,1,14,2,1,0,0.139219,0,32000,4455,0.139219,131072,5045,0.038490,1,0,1
380,host-20,2,0,14,2,0,0,0.087375,0,32000,2796,0.087375,131072,2312,0.017639,0,0,2
380,host-21,3,0,14,3,0,0,0.166531,0,32000,5329,0.166531,131072,5890,0.044937,0,0,3
380,host-22,2,0,14,2,0,0,0.138687,0,32000,4438,0.138687,131072,5204,0.039703,0,0,2
380,host-23,2,0,14,2,0,0,0.123188,0,32000,3942,0.123188,131072,3510,0.026779,0,0,2
380,host-24,2,0,14,2,0,0,0.111594,0,32000,3571,0.111594,131072,4031,0.030754,0,0,2
380,host-3,2,1,14,2,1,0,0.121875,0,32000,3900,0.121875,131072,4559,0.034782,0,1,1
380,host-4,3,0,14,3,0,0,0.136094,0,32000,4355,0.136094,131072,4840,0.036926,0,0,3
380,host-5,2,0,14,2,0,0,0.137156,0,32000,4389,0.137156,131072,4698,0.035843,0,0,2
380,host-6,3,0,14,3,0,0,0.149094,0,32000,4771,0.149094,131072,3460,0.026398,0,0,3
380,host-7,2,0,14,2,0,0,0.108844,0,32000,3483,0.108844,131072,3457,0.026375,0,0,2
380,host-8,3,0,14,3,0,0,0.122375,0,32000,3916,0.122375,131072,2884,0.022003,0,0,3
380,host-9,2,0,14,2,0,0,0.101656,0,32000,3253,0.101656,131072,2940,0.022430,0,0,2
381,host-1,3,1,14,3,1,0,0.152594,0,32000,4883,0.152594,131072,4432,0.033813,1,0,2
381,host-10,2,0,14,2,0,0,0.112000,0,32000,3584,0.112000,131072,4030,0.030746,0,0,2
381,host-11,3,0,14,3,0,0,0.140406,0,32000,4493,0.140406,131072,4345,0.033150,0,0,3
381,host-12,3,0,14,3,0,0,0.116250,0,32000,3720,0.116250,131072,2492,0.019012,0,0,3
381,host-13,2,0,14,2,0,0,0.143313,0,32000,4586,0.143313,131072,5007,0.038200,0,0,2
381,host-14,3,1,14,3,1,0,0.168344,0,32000,5387,0.168344,131072,5802,0.044266,1,0,2
381,host-15,3,1,14,3,1,0,0.142344,0,32000,4555,0.142344,131072,4416,0.033691,1,0,2
381,host-16,3,0,14,3,0,0,0.137344,0,32000,4395,0.137344,131072,4269,0.032570,0,0,3
381,host-17,3,1,14,3,1,0,0.154344,0,32000,4939,0.154344,131072,4215,0.032158,1,0,2
381,host-18,3,0,14,3,0,0,0.118125,0,32000,3780,0.118125,131072,3840,0.029297,0,0,3
381,host-19,2,0,14,2,0,0,0.118313,0,32000,3786,0.118313,131072,3948,0.030121,0,0,2
381,host-2,2,1,14,2,1,0,0.139219,0,32000,4455,0.139219,131072,5045,0.038490,0,1,1
381,host-20,3,1,14,3,1,0,0.124438,0,32000,3982,0.124438,131072,3212,0.024506,1,0,2
381,host-21,3,0,14,3,0,0,0.166531,0,32000,5329,0.166531,131072,5890,0.044937,0,0,3
381,host-22,2,0,14,2,0,0,0.138687,0,32000,4438,0.138687,131072,5204,0.039703,0,0,2
381,host-23,2,0,14,2,0,0,0.123188,0,32000,3942,0.123188,131072,3510,0.026779,0,0,2
381,host-24,2,0,14,2,0,0,0.111594,0,32000,3571,0.111594,131072,4031,0.030754,0,0,2
381,host-3,2,0,14,2,0,0,0.121875,0,32000,3900,0.121875,131072,4559,0.034782,0,0,2
381,host-4,3,0,14,3,0,0,0.136094,0,32000,4355,0.136094,131072,4840,0.036926,0,0,3
381,host-5,2,0,14,2,0,0,0.137156,0,32000,4389,0.137156,131072,4698,0.035843,0,0,2
381,host-6,3,0,14,3,0,0,0.149094,0,32000,4771,0.149094,131072,3460,0.026398,0,0,3
381,host-7,2,0,14,2,0,0,0.108844,0,32000,3483,0.108844,131072,3457,0.026375,0,0,2
381,host-8,3,0,14,3,0,0,0.122375,0,32000,3916,0.122375,131072,2884,0.022003,0,0,3
381,host-9,3,1,14,3,1,0,0.135469,0,32000,4335,0.135469,131072,4240,0.032349,1,0,2
382,host-1,3,1,14,3,1,0,0.152594,0,32000,4883,0.152594,131072,4432,0.033813,1,0,2
382,host-10,2,0,14,2,0,0,0.112000,0,32000,3584,0.112000,131072,4030,0.030746,0,0,2
382,host-11,3,0,14,3,0,0,0.140406,0,32000,4493,0.140406,131072,4345,0.033150,0,0,3
382,host-12,3,0,14,3,0,0,0.116250,0,32000,3720,0.116250,131072,2492,0.019012,0,0,3
382,host-13,2,0,14,2,0,0,0.143313,0,32000,4586,0.143313,131072,5007,0.038200,0,0,2
382,host-14,3,1,14,3,1,0,0.168344,0,32000,5387,0.168344,131072,5802,0.044266,1,0,2
382,host-15,3,1,14,3,1,0,0.142344,0,32000,4555,0.142344,131072,4416,0.033691,1,0,2
382,host-16,3,0,14,3,0,0,0.137344,0,32000,4395,0.137344,131072,4269,0.032570,0,0,3
382,host-17,3,1,14,3,1,0,0.154344,0,32000,4939,0.154344,131072,4215,0.032158,1,0,2
382,host-18,3,0,14,3,0,0,0.118125,0,32000,3780,0.118125,131072,3840,0.029297,0,0,3
382,host-19,2,1,14,2,1,0,0.118313,0,32000,3786,0.118313,131072,3948,0.030121,0,1,1
382,host-2,2,0,14,2,0,0,0.139219,0,32000,4455,0.139219,131072,5045,0.038490,0,0,2
382,host-20,3,1,14,3,1,0,0.124438,0,32000,3982,0.124438,131072,3212,0.024506,1,0,2
382,host-21,3,0,14,3,0,0,0.166531,0,32000,5329,0.166531,131072,5890,0.044937,0,0,3
382,host-22,2,0,14,2,0,0,0.138687,0,32000,4438,0.138687,131072,5204,0.039703,0,0,2
382,host-23,2,0,14,2,0,0,0.123188,0,32000,3942,0.123188,131072,3510,0.026779,0,0,2
382,host-24,2,0,14,2,0,0,0.111594,0,32000,3571,0.111594,131072,4031,0.030754,0,0,2
382,host-3,2,0,14,2,0,0,0.121875,0,32000,3900,0.121875,131072,4559,0.034782,0,0,2
382,host-4,3,0,14,3,0,0,0.136094,0,32000,4355,0.136094,131072,4840,0.036926,0,0,3
382,host-5,2,0,14,2,0,0,0.137156,0,32000,4389,0.137156,131072,4698,0.035843,0,0,2
382,host-6,3,0,14,3,0,0,0.149094,0,32000,4771,0.149094,131072,3460,0.026398,0,0,3
382,host-7,3,1,14,3,1,0,0.159656,0,32000,5109,0.159656,131072,5040,0.038452,1,0,2
382,host-8,3,0,14,3,0,0,0.122375,0,32000,3916,0.122375,131072,2884,0.022003,0,0,3
382,host-9,3,1,14,3,1,0,0.135469,0,32000,4335,0.135469,131072,4240,0.032349,1,0,2
383,host-1,3,0,14,3,0,0,0.152594,0,32000,4883,0.152594,131072,4432,0.033813,0,0,3
383,host-10,2,0,14,2,0,0,0.112000,0,32000,3584,0.112000,131072,4030,0.030746,0,0,2
383,host-11,3,0,14,3,0,0,0.140406,0,32000,4493,0.140406,131072,4345,0.033150,0,0,3
383,host-12,3,0,14,3,0,0,0.116250,0,32000,3720,0.116250,131072,2492,0.019012,0,0,3
383,host-13,2,0,14,2,0,0,0.143313,0,32000,4586,0.143313,131072,5007,0.038200,0,0,2
383,host-14,3,1,14,3,1,0,0.168344,0,32000,5387,0.168344,131072,5802,0.044266,0,1,2
383,host-15,3,0,14,3,0,0,0.142344,0,32000,4555,0.142344,131072,4416,0.033691,0,0,3
383,host-16,2,0,14,2,0,0,0.094031,0,32000,3009,0.094031,131072,2633,0.020088,0,0,2
383,host-17,3,0,14,3,0,0,0.154344,0,32000,4939,0.154344,131072,4215,0.032158,0,0,3
383,host-18,3,0,14,3,0,0,0.118125,0,32000,3780,0.118125,131072,3840,0.029297,0,0,3
383,host-19,2,0,14,2,0,0,0.118313,0,32000,3786,0.118313,131072,3948,0.030121,0,0,2
383,host-2,2,0,14,2,0,0,0.139219,0,32000,4455,0.139219,131072,5045,0.038490,0,0,2
383,host-20,3,0,14,3,0,0,0.124438,0,32000,3982,0.124438,131072,3212,0.024506,0,0,3
383,host-21,3,0,14,3,0,0,0.166531,0,32000,5329,0.166531,131072,5890,0.044937,0,0,3
383,host-22,2,0,14,2,0,0,0.138687,0,32000,4438,0.138687,131072,5204,0.039703,0,0,2
383,host-23,2,0,14,2,0,0,0.123188,0,32000,3942,0.123188,131072,3510,0.026779,0,0,2
383,host-24,2,0,14,2,0,0,0.111594,0,32000,3571,0.111594,131072,4031,0.030754,0,0,2
383,host-3,2,0,14,2,0,0,0.121875,0,32000,3900,0.121875,131072,4559,0.034782,0,0,2
383,host-4,3,1,14,3,1,0,0.136094,0,32000,4355,0.136094,131072,4840,0.036926,0,1,2
383,host-5,2,0,14,2,0,0,0.137156,0,32000,4389,0.137156,131072,4698,0.035843,0,0,2
383,host-6,3,0,14,3,0,0,0.149094,0,32000,4771,0.149094,131072,3460,0.026398,0,0,3
383,host-7,3,0,14,3,0,0,0.159656,0,32000,5109,0.159656,131072,5040,0.038452,0,0,3
383,host-8,3,0,14,3,0,0,0.122375,0,32000,3916,0.122375,131072,2884,0.022003,0,0,3
383,host-9,3,0,14,3,0,0,0.135469,0,32000,4335,0.135469,131072,4240,0.032349,0,0,3
384,host-1,3,0,14,3,0,0,0.152594,0,32000,4883,0.152594,131072,4432,0.033813,0,0,3
384,host-10,2,0,14,2,0,0,0.112000,0,32000,3584,0.112000,131072,4030,0.030746,0,0,2
384,host-11,3,0,14,3,0,0,0.140406,0,32000,4493,0.140406,131072,4345,0.033150,0,0,3
384,host-12,3,0,14,3,0,0,0.116250,0,32000,3720,0.116250,131072,2492,0.019012,0,0,3
384,host-13,2,0,14,2,0,0,0.143313,0,32000,4586,0.143313,131072,5007,0.038200,0,0,2
384,host-14,3,0,14,3,0,0,0.168344,0,32000,5387,0.168344,131072,5802,0.044266,0,0,3
384,host-15,3,0,14,3,0,0,0.142344,0,32000,4555,0.142344,131072,4416,0.033691,0,0,3
384,host-16,2,0,14,2,0,0,0.094031,0,32000,3009,0.094031,131072,2633,0.020088,0,0,2
384,host-17,3,0,14,3,0,0,0.154344,0,32000,4939,0.154344,131072,4215,0.032158,0,0,3
384,host-18,3,0,14,3,0,0,0.118125,0,32000,3780,0.118125,131072,3840,0.029297,0,0,3
384,host-19,2,0,14,2,0,0,0.118313,0,32000,3786,0.118313,131072,3948,0.030121,0,0,2
384,host-2,2,0,14,2,0,0,0.139219,0,32000,4455,0.139219,131072,5045,0.038490,0,0,2
384,host-20,3,0,14,3,0,0,0.124438,0,32000,3982,0.124438,131072,3212,0.024506,0,0,3
384,host-21,3,0,14,3,0,0,0.166531,0,32000,5329,0.166531,131072,5890,0.044937,0,0,3
384,host-22,2,0,14,2,0,0,0.138687,0,32000,4438,0.138687,131072,5204,0.039703,0,0,2
384,host-23,2,0,14,2,0,0,0.123188,0,32000,3942,0.123188,131072,3510,0.026779,0,0,2
384,host-24,2,0,14,2,0,0,0.111594,0,32000,3571,0.111594,131072,4031,0.030754,0,0,2
384,host-3,2,0,14,2,0,0,0.121875,0,32000,3900,0.121875,131072,4559,0.034782,0,0,2
384,host-4,3,0,14,3,0,0,0.136094,0,32000,4355,0.136094,131072,4840,0.036926,0,0,3
384,host-5,2,0,14,2,0,0,0.137156,0,32000,4389,0.137156,131072,4698,0.035843,0,0,2
384,host-6,3,0,14,3,0,0,0.149094,0,32000,4771,0.149094,131072,3460,0.026398,0,0,3
384,host-7,3,0,14,3,0,0,0.159656,0,32000,5109,0.159656,131072,5040,0.038452,0,0,3
384,host-8,3,0,14,3,0,0,0.122375,0,32000,3916,0.122375,131072,2884,0.022003,0,0,3
384,host-9,3,0,14,3,0,0,0.135469,0,32000,4335,0.135469,131072,4240,0.032349,0,0,3
385,host-1,3,0,14,3,0,0,0.152594,0,32000,4883,0.152594,131072,4432,0.033813,0,0,3
385,host-10,2,0,14,2,0,0,0.112000,0,32000,3584,0.112000,131072,4030,0.030746,0,0,2
385,host-11,3,0,14,3,0,0,0.140406,0,32000,4493,0.140406,131072,4345,0.033150,0,0,3
385,host-12,3,0,14,3,0,0,0.116250,0,32000,3720,0.116250,131072,2492,0.019012,0,0,3
385,host-13,2,0,14,2,0,0,0.143313,0,32000,4586,0.143313,131072,5007,0.038200,0,0,2
385,host-14,3,0,14,3,0,0,0.168344,0,32000,5387,0.168344,131072,5802,0.044266,0,0,3
385,host-15,3,0,14,3,0,0,0.142344,0,32000,4555,0.142344,131072,4416,0.033691,0,0,3
385,host-16,3,1,14,3,1,0,0.156188,0,32000,4998,0.156188,131072,4100,0.031281,1,0,2
385,host-17,3,0,14,3,0,0,0.154344,0,32000,4939,0.154344,131072,4215,0.032158,0,0,3
385,host-18,3,0,14,3,0,0,0.118125,0,32000,3780,0.118125,131072,3840,0.029297,0,0,3
385,host-19,2,0,14,2,0,0,0.118313,0,32000,3786,0.118313,131072,3948,0.030121,0,0,2
385,host-2,2,0,14,2,0,0,0.139219,0,32000,4455,0.139219,131072,5045,0.038490,0,0,2
385,host-20,3,0,14,3,0,0,0.124438,0,32000,3982,0.124438,131072,3212,0.024506,0,0,3
385,host-21,2,0,14,2,0,0,0.092750,0,32000,2968,0.092750,131072,3284,0.025055,0,0,2
385,host-22,2,0,14,2,0,0,0.138687,0,32000,4438,0.138687,131072,5204,0.039703,0,0,2
385,host-23,2,0,14,2,0,0,0.123188,0,32000,3942,0.123188,131072,3510,0.026779,0,0,2
385,host-24,2,0,14,2,0,0,0.111594,0,32000,3571,0.111594,131072,4031,0.030754,0,0,2
385,host-3,2,0,14,2,0,0,0.121875,0,32000,3900,0.121875,131072,4559,0.034782,0,0,2
385,host-4,3,0,14,3,0,0,0.136094,0,32000,4355,0.136094,131072,4840,0.036926,0,0,3
385,host-5,2,0,14,2,0,0,0.137156,0,32000,4389,0.137156,131072,4698,0.035843,0,0,2
385,host-6,3,0,14,3,0,0,0.149094,0,32000,4771,0.149094,131072,3460,0.026398,0,0,3
385,host-7,3,0,14,3,0,0,0.159656,0,32000,5109,0.159656,131072,5040,0.038452,0,0,3
385,host-8,3,0,14,3,0,0,0.122375,0,32000,3916,0.122375,131072,2884,0.022003,0,0,3
385,host-9,3,0,14,3,0,0,0.135469,0,32000,4335,0.135469,131072,4240,0.032349,0,0,3
386,host-1,3,0,14,3,0,0,0.152594,0,32000,4883,0.152594,131072,4432,0.033813,0,0,3
386,host-10,2,0,14,2,0,0,0.112000,0,32000,3584,0.112000,131072,4030,0.030746,0,0,2
386,host-11,3,0,14,3,0,0,0.140406,0,32000,4493,0.140406,131072,4345,0.033150,0,0,3
386,host-12,3,0,14,3,0,0,0.116250,0,32000,3720,0.116250,131072,2492,0.019012,0,0,3
386,host-13,2,0,14,2,0,0,0.143313,0,32000,4586,0.143313,131072,5007,0.038200,0,0,2
386,host-14,3,0,14,3,0,0,0.168344,0,32000,5387,0.168344,131072,5802,0.044266,0,0,3
386,host-15,3,0,14,3,0,0,0.142344,0,32000,4555,0.142344,131072,4416,0.033691,0,0,3
386,host-16,3,1,14,3,1,0,0.156188,0,32000,4998,0.156188,131072,4100,0.031281,0,1,2
386,host-17,3,0,14,3,0,0,0.154344,0,32000,4939,0.154344,131072,4215,0.032158,0,0,3
386,host-18,3,0,14,3,0,0,0.118125,0,32000,3780,0.118125,131072,3840,0.029297,0,0,3
386,host-19,2,0,14,2,0,0,0.118313,0,32000,3786,0.118313,131072,3948,0.030121,0,0,2
386,host-2,2,0,14,2,0,0,0.139219,0,32000,4455,0.139219,131072,5045,0.038490,0,0,2
386,host-20,3,0,14,3,0,0,0.124438,0,32000,3982,0.124438,131072,3212,0.024506,0,0,3
386,host-21,2,0,14,2,0,0,0.092750,0,32000,2968,0.092750,131072,3284,0.025055,0,0,2
386,host-22,2,0,14,2,0,0,0.138687,0,32000,4438,0.138687,131072,5204,0.039703,0,0,2
386,host-23,2,0,14,2,0,0,0.123188,0,32000,3942,0.123188,131072,3510,0.026779,0,0,2
386,host-24,2,0,14,2,0,0,0.111594,0,32000,3571,0.111594,131072,4031,0.030754,0,0,2
386,host-3,2,0,14,2,0,0,0.121875,0,32000,3900,0.121875,131072,4559,0.034782,0,0,2
386,host-4,3,0,14,3,0,0,0.136094,0,32000,4355,0.136094,131072,4840,0.036926,0,0,3
386,host-5,2,0,14,2,0,0,0.137156,0,32000,4389,0.137156,131072,4698,0.035843,0,0,2
386,host-6,3,0,14,3,0,0,0.149094,0,32000,4771,0.149094,131072,3460,0.026398,0,0,3
386,host-7,3,0,14,3,0,0,0.159656,0,32000,5109,0.159656,131072,5040,0.038452,0,0,3
386,host-8,2,0,14,2,0,0,0.082125,0,32000,2628,0.082125,131072,1601,0.012215,0,0,2
386,host-9,2,0,14,2,0,0,0.071844,0,32000,2299,0.071844,131072,1941,0.014809,0,0,2
387,host-1,3,0,14,3,0,0,0.152594,0,32000,4883,0.152594,131072,4432,0.033813,0,0,3
387,host-10,2,0,14,2,0,0,0.112000,0,32000,3584,0.112000,131072,4030,0.030746,0,0,2
387,host-11,3,0,14,3,0,0,0.140406,0,32000,4493,0.140406,131072,4345,0.033150,0,0,3
387,host-12,2,0,14,2,0,0,0.089375,0,32000,2860,0.089375,131072,1961,0.014961,0,0,2
387,host-13,2,0,14,2,0,0,0.143313,0,32000,4586,0.143313,131072,5007,0.038200,0,0,2
387,host-14,3,0,14,3,0,0,0.168344,0,32000,5387,0.168344,131072,5802,0.044266,0,0,3
387,host-15,3,0,14,3,0,0,0.142344,0,32000,4555,0.142344,131072,4416,0.033691,0,0,3
387,host-16,3,0,14,3,0,0,0.156188,0,32000,4998,0.156188,131072,4100,0.031281,0,0,3
387,host-17,3,0,14,3,0,0,0.154344,0,32000,4939,0.154344,131072,4215,0.032158,0,0,3
387,host-18,2,0,14,2,0,0,0.086281,0,32000,2761,0.086281,131072,3277,0.025002,0,0,2
387,host-19,2,0,14,2,0,0,0.118313,0,32000,3786,0.118313,131072,3948,0.030121,0,0,2
387,host-2,2,0,14,2,0,0,0.139219,0,32000,4455,0.139219,131072,5045,0.038490,0,0,2
387,host-20,3,0,14,3,0,0,0.124438,0,32000,3982,0.124438,131072,3212,0.024506,0,0,3
387,host-21,2,0,14,2,0,0,0.092750,0,32000,2968,0.092750,131072,3284,0.025055,0,0,2
387,host-22,2,0,14,2,0,0,0.138687,0,32000,4438,0.138687,131072,5204,0.039703,0,0,2
387,host-23,2,0,14,2,0,0,0.123188,0,32000,3942,0.123188,131072,3510,0.026779,0,0,2
387,host-24,3,2,14,3,2,0,0.099750,0,32000,3192,0.099750,131072,4648,0.035461,2,0,1
387,host-3,2,0,14,2,0,0,0.121875,0,32000,3900,0.121875,131072,4559,0.034782,0,0,2
387,host-4,3,0,14,3,0,0,0.136094,0,32000,4355,0.136094,131072,4840,0.036926,0,0,3
387,host-5,2,0,14,2,0,0,0.137156,0,32000,4389,0.137156,131072,4698,0.035843,0,0,2
387,host-6,3,0,14,3,0,0,0.149094,0,32000,4771,0.149094,131072,3460,0.026398,0,0,3
387,host-7,3,0,14,3,0,0,0.159656,0,32000,5109,0.159656,131072,5040,0.038452,0,0,3
387,host-8,3,1,14,3,1,0,0.147969,0,32000,4735,0.147969,131072,3464,0.026428,1,0,2
387,host-9,3,1,14,3,1,0,0.124719,0,32000,3991,0.124719,131072,3963,0.030235,1,0,2
388,host-1,2,0,14,2,0,0,0.107938,0,32000,3454,0.107938,131072,3362,0.025650,0,0,2
388,host-10,2,0,14,2,0,0,0.112000,0,32000,3584,0.112000,131072,4030,0.030746,0,0,2
388,host-11,3,0,14,3,0,0,0.140406,0,32000,4493,0.140406,131072,4345,0.033150,0,0,3
388,host-12,2,0,14,2,0,0,0.089375,0,32000,2860,0.089375,131072,1961,0.014961,0,0,2
388,host-13,2,0,14,2,0,0,0.143313,0,32000,4586,0.143313,131072,5007,0.038200,0,0,2
388,host-14,3,0,14,3,0,0,0.168344,0,32000,5387,0.168344,131072,5802,0.044266,0,0,3
388,host-15,3,0,14,3,0,0,0.142344,0,32000,4555,0.142344,131072,4416,0.033691,0,0,3
388,host-16,2,0,14,2,0,0,0.105906,0,32000,3389,0.105906,131072,2571,0.019615,0,0,2
388,host-17,3,0,14,3,0,0,0.154344,0,32000,4939,0.154344,131072,4215,0.032158,0,0,3
388,host-18,3,1,14,3,1,0,0.162250,0,32000,5192,0.162250,131072,6197,0.047279,1,0,2
388,host-19,1,0,14,1,0,0,0.044187,0,32000,1414,0.044187,131072,1571,0.011986,0,0,1
388,host-2,2,0,14,2,0,0,0.139219,0,32000,4455,0.139219,131072,5045,0.038490,0,0,2
388,host-20,2,0,14,2,0,0,0.079781,0,32000,2553,0.079781,131072,2142,0.016342,0,0,2
388,host-21,2,0,14,2,0,0,0.092750,0,32000,2968,0.092750,131072,3284,0.025055,0,0,2
388,host-22,1,0,14,1,0,0,0.071406,0,32000,2285,0.071406,131072,2568,0.019592,0,0,1
388,host-23,2,0,14,2,0,0,0.123188,0,32000,3942,0.123188,131072,3510,0.026779,0,0,2
388,host-24,3,2,14,3,2,0,0.099750,0,32000,3192,0.099750,131072,4648,0.035461,2,0,1
388,host-3,2,0,14,2,0,0,0.121875,0,32000,3900,0.121875,131072,4559,0.034782,0,0,2
388,host-4,3,0,14,3,0,0,0.136094,0,32000,4355,0.136094,131072,4840,0.036926,0,0,3
388,host-5,2,0,14,2,0,0,0.137156,0,32000,4389,0.137156,131072,4698,0.035843,0,0,2
388,host-6,3,0,14,3,0,0,0.149094,0,32000,4771,0.149094,131072,3460,0.026398,0,0,3
388,host-7,3,0,14,3,0,0,0.159656,0,32000,5109,0.159656,131072,5040,0.038452,0,0,3
388,host-8,2,1,14,2,1,0,0.117281,0,32000,3753,0.117281,131072,3104,0.023682,1,0,1
388,host-9,3,1,14,3,1,0,0.124719,0,32000,3991,0.124719,131072,3963,0.030235,0,1,2
389,host-1,2,0,14,2,0,0,0.107938,0,32000,3454,0.107938,131072,3362,0.025650,0,0,2
389,host-10,2,0,14,2,0,0,0.112000,0,32000,3584,0.112000,131072,4030,0.030746,0,0,2
389,host-11,3,0,14,3,0,0,0.140406,0,32000,4493,0.140406,131072,4345,0.033150,0,0,3
389,host-12,2,0,14,2,0,0,0.089375,0,32000,2860,0.089375,131072,1961,0.014961,0,0,2
389,host-13,2,0,14,2,0,0,0.143313,0,32000,4586,0.143313,131072,5007,0.038200,0,0,2
389,host-14,3,0,14,3,0,0,0.168344,0,32000,5387,0.168344,131072,5802,0.044266,0,0,3
389,host-15,2,0,14,2,0,0,0.070187,0,32000,2246,0.070187,131072,1467,0.011192,0,0,2
389,host-16,2,0,14,2,0,0,0.105906,0,32000,3389,0.105906,131072,2571,0.019615,0,0,2
389,host-17,3,0,14,3,0,0,0.154344,0,32000,4939,0.154344,131072,4215,0.032158,0,0,3
389,host-18,3,1,14,3,1,0,0.162250,0,32000,5192,0.162250,131072,6197,0.047279,1,0,2
389,host-19,2,1,14,2,1,0,0.110031,0,32000,3521,0.110031,131072,3434,0.026199,1,0,1
389,host-2,2,0,14,2,0,0,0.139219,0,32000,4455,0.139219,131072,5045,0.038490,0,0,2
389,host-20,2,0,14,2,0,0,0.079781,0,32000,2553,0.079781,131072,2142,0.016342,0,0,2
389,host-21,1,0,14,1,0,0,0.063187,0,32000,2022,0.063187,131072,2269,0.017311,0,0,1
389,host-22,1,0,14,1,0,0,0.071406,0,32000,2285,0.071406,131072,2568,0.019592,0,0,1
389,host-23,1,0,14,1,0,0,0.050937,0,32000,1630,0.050937,131072,1533,0.011696,0,0,1
389,host-24,3,0,14,3,0,0,0.099750,0,32000,3192,0.099750,131072,4648,0.035461,0,0,3
389,host-3,2,0,14,2,0,0,0.121875,0,32000,3900,0.121875,131072,4559,0.034782,0,0,2
389,host-4,2,0,14,2,0,0,0.085594,0,32000,2739,0.085594,131072,3273,0.024971,0,0,2
389,host-5,2,0,14,2,0,0,0.137156,0,32000,4389,0.137156,131072,4698,0.035843,0,0,2
389,host-6,2,0,14,2,0,0,0.102531,0,32000,3281,0.102531,131072,2774,0.021164,0,0,2
389,host-7,3,0,14,3,0,0,0.159656,0,32000,5109,0.159656,131072,5040,0.038452,0,0,3
389,host-8,2,0,14,2,0,0,0.117281,0,32000,3753,0.117281,131072,3104,0.023682,0,0,2
389,host-9,3,0,14,3,0,0,0.124719,0,32000,3991,0.124719,131072,3963,0.030235,0,0,3
390,host-1,2,0,14,2,0,0,0.107938,0,32000,3454,0.107938,131072,3362,0.025650,0,0,2
390,host-10,2,0,14,2,0,0,0.112000,0,32000,3584,0.112000,131072,4030,0.030746,0,0,2
390,host-11,3,0,14,3,0,0,0.140406,0,32000,4493,0.140406,131072,4345,0.033150,0,0,3
390,host-12,2,0,14,2,0,0,0.089375,0,32000,2860,0.089375,131072,1961,0.014961,0,0,2
390,host-13,2,0,14,2,0,0,0.143313,0,32000,4586,0.143313,131072,5007,0.038200,0,0,2
390,host-14,3,0,14,3,0,0,0.168344,0,32000,5387,0.168344,131072,5802,0.044266,0,0,3
390,host-15,2,0,14,2,0,0,0.070187,0,32000,2246,0.070187,131072,1467,0.011192,0,0,2
390,host-16,2,1,14,2,1,0,0.110187,0,32000,3526,0.110187,131072,2949,0.022499,1,0,1
390,host-17,3,0,14,3,0,0,0.154344,0,32000,4939,0.154344,131072,4215,0.032158,0,0,3
390,host-18,3,0,14,3,0,0,0.162250,0,32000,5192,0.162250,131072,6197,0.047279,0,0,3
390,host-19,2,0,14,2,0,0,0.110031,0,32000,3521,0.110031,131072,3434,0.026199,0,0,2
390,host-2,2,0,14,2,0,0,0.139219,0,32000,4455,0.139219,131072,5045,0.038490,0,0,2
390,host-20,2,0,14,2,0,0,0.079781,0,32000,2553,0.079781,131072,2142,0.016342,0,0,2
390,host-21,2,1,14,2,1,0,0.107656,0,32000,3445,0.107656,131072,4187,0.031944,1,0,1
390,host-22,1,0,14,1,0,0,0.071406,0,32000,2285,0.071406,131072,2568,0.019592,0,0,1
390,host-23,2,1,14,2,1,0,0.113750,0,32000,3640,0.113750,131072,3947,0.030113,1,0,1
390,host-24,3,1,14,3,1,0,0.099750,0,32000,3192,0.099750,131072,4648,0.035461,0,1,2
390,host-3,2,0,14,2,0,0,0.121875,0,32000,3900,0.121875,131072,4559,0.034782,0,0,2
390,host-4,2,0,14,2,0,0,0.085594,0,32000,2739,0.085594,131072,3273,0.024971,0,0,2
390,host-5,2,1,14,2,1,0,0.124219,0,32000,3975,0.124219,131072,4696,0.035828,1,0,1
390,host-6,2,0,14,2,0,0,0.102531,0,32000,3281,0.102531,131072,2774,0.021164,0,0,2
390,host-7,3,0,14,3,0,0,0.159656,0,32000,5109,0.159656,131072,5040,0.038452,0,0,3
390,host-8,2,0,14,2,0,0,0.117281,0,32000,3753,0.117281,131072,3104,0.023682,0,0,2
390,host-9,3,0,14,3,0,0,0.124719,0,32000,3991,0.124719,131072,3963,0.030235,0,0,3
391,host-1,2,0,14,2,0,0,0.107938,0,32000,3454,0.107938,131072,3362,0.025650,0,0,2
391,host-10,2,0,14,2,0,0,0.112000,0,32000,3584,0.112000,131072,4030,0.030746,0,0,2
391,host-11,3,0,14,3,0,0,0.140406,0,32000,4493,0.140406,131072,4345,0.033150,0,0,3
391,host-12,2,0,14,2,0,0,0.089375,0,32000,2860,0.089375,131072,1961,0.014961,0,0,2
391,host-13,2,0,14,2,0,0,0.143313,0,32000,4586,0.143313,131072,5007,0.038200,0,0,2
391,host-14,3,0,14,3,0,0,0.168344,0,32000,5387,0.168344,131072,5802,0.044266,0,0,3
391,host-15,3,1,14,3,1,0,0.114781,0,32000,3673,0.114781,131072,2692,0.020538,1,0,2
391,host-16,2,1,14,2,1,0,0.110187,0,32000,3526,0.110187,131072,2949,0.022499,1,0,1
391,host-17,3,0,14,3,0,0,0.154344,0,32000,4939,0.154344,131072,4215,0.032158,0,0,3
391,host-18,3,0,14,3,0,0,0.162250,0,32000,5192,0.162250,131072,6197,0.047279,0,0,3
391,host-19,2,0,14,2,0,0,0.110031,0,32000,3521,0.110031,131072,3434,0.026199,0,0,2
391,host-2,2,0,14,2,0,0,0.139219,0,32000,4455,0.139219,131072,5045,0.038490,0,0,2
391,host-20,2,0,14,2,0,0,0.079781,0,32000,2553,0.079781,131072,2142,0.016342,0,0,2
391,host-21,2,0,14,2,0,0,0.107656,0,32000,3445,0.107656,131072,4187,0.031944,0,0,2
391,host-22,1,0,14,1,0,0,0.071406,0,32000,2285,0.071406,131072,2568,0.019592,0,0,1
391,host-23,2,1,14,2,1,0,0.113750,0,32000,3640,0.113750,131072,3947,0.030113,1,0,1
391,host-24,3,0,14,3,0,0,0.099750,0,32000,3192,0.099750,131072,4648,0.035461,0,0,3
391,host-3,2,0,14,2,0,0,0.121875,0,32000,3900,0.121875,131072,4559,0.034782,0,0,2
391,host-4,2,0,14,2,0,0,0.085594,0,32000,2739,0.085594,131072,3273,0.024971,0,0,2
391,host-5,2,1,14,2,1,0,0.124219,0,32000,3975,0.124219,131072,4696,0.035828,1,0,1
391,host-6,2,0,14,2,0,0,0.102531,0,32000,3281,0.102531,131072,2774,0.021164,0,0,2
391,host-7,3,0,14,3,0,0,0.159656,0,32000,5109,0.159656,131072,5040,0.038452,0,0,3
391,host-8,2,0,14,2,0,0,0.117281,0,32000,3753,0.117281,131072,3104,0.023682,0,0,2
391,host-9,3,0,14,3,0,0,0.124719,0,32000,3991,0.124719,131072,3963,0.030235,0,0,3
392,host-1,1,0,14,1,0,0,0.063875,0,32000,2044,0.063875,131072,2311,0.017632,0,0,1
392,host-10,2,0,14,2,0,0,0.112000,0,32000,3584,0.112000,131072,4030,0.030746,0,0,2
392,host-11,3,0,14,3,0,0,0.140406,0,32000,4493,0.140406,131072,4345,0.033150,0,0,3
392,host-12,2,0,14,2,0,0,0.089375,0,32000,2860,0.089375,131072,1961,0.014961,0,0,2
392,host-13,2,0,14,2,0,0,0.143313,0,32000,4586,0.143313,131072,5007,0.038200,0,0,2
392,host-14,3,0,14,3,0,0,0.168344,0,32000,5387,0.168344,131072,5802,0.044266,0,0,3
392,host-15,3,1,14,3,1,0,0.114781,0,32000,3673,0.114781,131072,2692,0.020538,0,1,2
392,host-16,2,0,14,2,0,0,0.110187,0,32000,3526,0.110187,131072,2949,0.022499,0,0,2
392,host-17,3,0,14,3,0,0,0.154344,0,32000,4939,0.154344,131072,4215,0.032158,0,0,3
392,host-18,3,0,14,3,0,0,0.162250,0,32000,5192,0.162250,131072,6197,0.047279,0,0,3
392,host-19,2,0,14,2,0,0,0.110031,0,32000,3521,0.110031,131072,3434,0.026199,0,0,2
392,host-2,2,0,14,2,0,0,0.139219,0,32000,4455,0.139219,131072,5045,0.038490,0,0,2
392,host-20,2,0,14,2,0,0,0.079781,0,32000,2553,0.079781,131072,2142,0.016342,0,0,2
392,host-21,2,1,14,2,1,0,0.107656,0,32000,3445,0.107656,131072,4187,0.031944,0,1,1
392,host-22,2,1,14,2,1,0,0.114687,0,32000,3670,0.114687,131072,3646,0.027817,1,0,1
392,host-23,2,0,14,2,0,0,0.113750,0,32000,3640,0.113750,131072,3947,0.030113,0,0,2
392,host-24,3,0,14,3,0,0,0.099750,0,32000,3192,0.099750,131072,4648,0.035461,0,0,3
392,host-3,2,0,14,2,0,0,0.121875,0,32000,3900,0.121875,131072,4559,0.034782,0,0,2
392,host-4,2,0,14,2,0,0,0.085594,0,32000,2739,0.085594,131072,3273,0.024971,0,0,2
392,host-5,2,0,14,2,0,0,0.124219,0,32000,3975,0.124219,131072,4696,0.035828,0,0,2
392,host-6,2,0,14,2,0,0,0.102531,0,32000,3281,0.102531,131072,2774,0.021164,0,0,2
392,host-7,3,0,14,3,0,0,0.159656,0,32000,5109,0.159656,131072,5040,0.038452,0,0,3
392,host-8,2,0,14,2,0,0,0.117281,0,32000,3753,0.117281,131072,3104,0.023682,0,0,2
392,host-9,3,0,14,3,0,0,0.124719,0,32000,3991,0.124719,131072,3963,0.030235,0,0,3
393,host-1,2,1,14,2,1,0,0.136031,0,32000,4353,0.136031,131072,5260,0.040131,0,1,1
393,host-10,2,0,14,2,0,0,0.112000,0,32000,3584,0.112000,131072,4030,0.030746,0,0,2
393,host-11,2,0,14,2,0,0,0.102156,0,32000,3269,0.102156,131072,3512,0.026794,0,0,2
393,host-12,3,1,14,3,1,0,0.117156,0,32000,3749,0.117156,131072,2483,0.018944,1,0,2
393,host-13,2,0,14,2,0,0,0.143313,0,32000,4586,0.143313,131072,5007,0.038200,0,0,2
393,host-14,2,0,14,2,0,0,0.109406,0,32000,3501,0.109406,131072,3481,0.026558,0,0,2
393,host-15,3,0,14,3,0,0,0.114781,0,32000,3673,0.114781,131072,2692,0.020538,0,0,3
393,host-16,2,0,14,2,0,0,0.110187,0,32000,3526,0.110187,131072,2949,0.022499,0,0,2
393,host-17,3,0,14,3,0,0,0.154344,0,32000,4939,0.154344,131072,4215,0.032158,0,0,3
393,host-18,3,0,14,3,0,0,0.162250,0,32000,5192,0.162250,131072,6197,0.047279,0,0,3
393,host-19,2,0,14,2,0,0,0.110031,0,32000,3521,0.110031,131072,3434,0.026199,0,0,2
393,host-2,2,0,14,2,0,0,0.139219,0,32000,4455,0.139219,131072,5045,0.038490,0,0,2
393,host-20,3,1,14,3,1,0,0.114969,0,32000,3679,0.114969,131072,3058,0.023331,1,0,2
393,host-21,2,0,14,2,0,0,0.107656,0,32000,3445,0.107656,131072,4187,0.031944,0,0,2
393,host-22,2,0,14,2,0,0,0.114687,0,32000,3670,0.114687,131072,3646,0.027817,0,0,2
393,host-23,2,0,14,2,0,0,0.113750,0,32000,3640,0.113750,131072,3947,0.030113,0,0,2
393,host-24,4,1,14,4,1,0,0.129312,0,32000,4138,0.129312,131072,5663,0.043205,1,0,3
393,host-3,2,0,14,2,0,0,0.121875,0,32000,3900,0.121875,131072,4559,0.034782,0,0,2
393,host-4,3,1,14,3,1,0,0.112219,0,32000,3591,0.112219,131072,4346,0.033157,1,0,2
393,host-5,2,0,14,2,0,0,0.124219,0,32000,3975,0.124219,131072,4696,0.035828,0,0,2
393,host-6,2,0,14,2,0,0,0.102531,0,32000,3281,0.102531,131072,2774,0.021164,0,0,2
393,host-7,3,0,14,3,0,0,0.159656,0,32000,5109,0.159656,131072,5040,0.038452,0,0,3
393,host-8,2,0,14,2,0,0,0.117281,0,32000,3753,0.117281,131072,3104,0.023682,0,0,2
393,host-9,3,0,14,3,0,0,0.124719,0,32000,3991,0.124719,131072,3963,0.030235,0,0,3
394,host-1,2,0,14,2,0,0,0.136031,0,32000,4353,0.136031,131072,5260,0.040131,0,0,2
394,host-10,2,0,14,2,0,0,0.112000,0,32000,3584,0.112000,131072,4030,0.030746,0,0,2
394,host-11,3,1,14,3,1,0,0.131719,0,32000,4215,0.131719,131072,4527,0.034538,1,0,2
394,host-12,3,1,14,3,1,0,0.117156,0,32000,3749,0.117156,131072,2483,0.018944,1,0,2
394,host-13,2,0,14,2,0,0,0.143313,0,32000,4586,0.143313,131072,5007,0.038200,0,0,2
394,host-14,2,0,14,2,0,0,0.109406,0,32000,3501,0.109406,131072,3481,0.026558,0,0,2
394,host-15,3,0,14,3,0,0,0.114781,0,32000,3673,0.114781,131072,2692,0.020538,0,0,3
394,host-16,2,0,14,2,0,0,0.110187,0,32000,3526,0.110187,131072,2949,0.022499,0,0,2
394,host-17,3,0,14,3,0,0,0.154344,0,32000,4939,0.154344,131072,4215,0.032158,0,0,3
394,host-18,3,0,14,3,0,0,0.162250,0,32000,5192,0.162250,131072,6197,0.047279,0,0,3
394,host-19,2,0,14,2,0,0,0.110031,0,32000,3521,0.110031,131072,3434,0.026199,0,0,2
394,host-2,2,0,14,2,0,0,0.139219,0,32000,4455,0.139219,131072,5045,0.038490,0,0,2
394,host-20,3,0,14,3,0,0,0.114969,0,32000,3679,0.114969,131072,3058,0.023331,0,0,3
394,host-21,2,0,14,2,0,0,0.107656,0,32000,3445,0.107656,131072,4187,0.031944,0,0,2
394,host-22,2,0,14,2,0,0,0.114687,0,32000,3670,0.114687,131072,3646,0.027817,0,0,2
394,host-23,2,0,14,2,0,0,0.113750,0,32000,3640,0.113750,131072,3947,0.030113,0,0,2
394,host-24,4,1,14,4,1,0,0.129312,0,32000,4138,0.129312,131072,5663,0.043205,1,0,3
394,host-3,2,0,14,2,0,0,0.121875,0,32000,3900,0.121875,131072,4559,0.034782,0,0,2
394,host-4,3,2,14,3,2,0,0.112219,0,32000,3591,0.112219,131072,4346,0.033157,0,2,1
394,host-5,2,0,14,2,0,0,0.124219,0,32000,3975,0.124219,131072,4696,0.035828,0,0,2
394,host-6,1,0,14,1,0,0,0.054562,0,32000,1746,0.054562,131072,1249,0.009529,0,0,1
394,host-7,3,0,14,3,0,0,0.159656,0,32000,5109,0.159656,131072,5040,0.038452,0,0,3
394,host-8,2,0,14,2,0,0,0.117281,0,32000,3753,0.117281,131072,3104,0.023682,0,0,2
394,host-9,3,0,14,3,0,0,0.124719,0,32000,3991,0.124719,131072,3963,0.030235,0,0,3
395,host-1,2,0,14,2,0,0,0.136031,0,32000,4353,0.136031,131072,5260,0.040131,0,0,2
395,host-10,2,0,14,2,0,0,0.112000,0,32000,3584,0.112000,131072,4030,0.030746,0,0,2
395,host-11,3,0,14,3,0,0,0.131719,0,32000,4215,0.131719,131072,4527,0.034538,0,0,3
395,host-12,3,0,14,3,0,0,0.117156,0,32000,3749,0.117156,131072,2483,0.018944,0,0,3
395,host-13,2,0,14,2,0,0,0.143313,0,32000,4586,0.143313,131072,5007,0.038200,0,0,2
395,host-14,2,0,14,2,0,0,0.109406,0,32000,3501,0.109406,131072,3481,0.026558,0,0,2
395,host-15,3,0,14,3,0,0,0.114781,0,32000,3673,0.114781,131072,2692,0.020538,0,0,3
395,host-16,2,0,14,2,0,0,0.110187,0,32000,3526,0.110187,131072,2949,0.022499,0,0,2
395,host-17,3,0,14,3,0,0,0.154344,0,32000,4939,0.154344,131072,4215,0.032158,0,0,3
395,host-18,3,0,14,3,0,0,0.162250,0,32000,5192,0.162250,131072,6197,0.047279,0,0,3
395,host-19,2,0,14,2,0,0,0.110031,0,32000,3521,0.110031,131072,3434,0.026199,0,0,2
395,host-2,2,0,14,2,0,0,0.139219,0,32000,4455,0.139219,131072,5045,0.038490,0,0,2
395,host-20,3,0,14,3,0,0,0.114969,0,32000,3679,0.114969,131072,3058,0.023331,0,0,3
395,host-21,2,0,14,2,0,0,0.107656,0,32000,3445,0.107656,131072,4187,0.031944,0,0,2
395,host-22,2,0,14,2,0,0,0.114687,0,32000,3670,0.114687,131072,3646,0.027817,0,0,2
395,host-23,2,0,14,2,0,0,0.113750,0,32000,3640,0.113750,131072,3947,0.030113,0,0,2
395,host-24,4,0,14,4,0,0,0.129312,0,32000,4138,0.129312,131072,5663,0.043205,0,0,4
395,host-3,2,0,14,2,0,0,0.121875,0,32000,3900,0.121875,131072,4559,0.034782,0,0,2
395,host-4,3,0,14,3,0,0,0.112219,0,32000,3591,0.112219,131072,4346,0.033157,0,0,3
395,host-5,2,0,14,2,0,0,0.124219,0,32000,3975,0.124219,131072,4696,0.035828,0,0,2
395,host-6,2,1,14,2,1,0,0.082344,0,32000,2635,0.082344,131072,1771,0.013512,1,0,1
395,host-7,3,0,14,3,0,0,0.159656,0,32000,5109,0.159656,131072,5040,0.038452,0,0,3
395,host-8,2,0,14,2,0,0,0.117281,0,32000,3753,0.117281,131072,3104,0.023682,0,0,2
395,host-9,3,0,14,3,0,0,0.124719,0,32000,3991,0.124719,131072,3963,0.030235,0,0,3
396,host-1,2,0,14,2,0,0,0.136031,0,32000,4353,0.136031,131072,5260,0.040131,0,0,2
396,host-10,2,0,14,2,0,0,0.112000,0,32000,3584,0.112000,131072,4030,0.030746,0,0,2
396,host-11,3,0,14,3,0,0,0.131719,0,32000,4215,0.131719,131072,4527,0.034538,0,0,3
396,host-12,3,0,14,3,0,0,0.117156,0,32000,3749,0.117156,131072,2483,0.018944,0,0,3
396,host-13,2,0,14,2,0,0,0.143313,0,32000,4586,0.143313,131072,5007,0.038200,0,0,2
396,host-14,2,0,14,2,0,0,0.109406,0,32000,3501,0.109406,131072,3481,0.026558,0,0,2
396,host-15,3,0,14,3,0,0,0.114781,0,32000,3673,0.114781,131072,2692,0.020538,0,0,3
396,host-16,2,0,14,2,0,0,0.110187,0,32000,3526,0.110187,131072,2949,0.022499,0,0,2
396,host-17,3,0,14,3,0,0,0.154344,0,32000,4939,0.154344,131072,4215,0.032158,0,0,3
396,host-18,3,0,14,3,0,0,0.162250,0,32000,5192,0.162250,131072,6197,0.047279,0,0,3
396,host-19,2,0,14,2,0,0,0.110031,0,32000,3521,0.110031,131072,3434,0.026199,0,0,2
396,host-2,2,0,14,2,0,0,0.139219,0,32000,4455,0.139219,131072,5045,0.038490,0,0,2
396,host-20,3,0,14,3,0,0,0.114969,0,32000,3679,0.114969,131072,3058,0.023331,0,0,3
396,host-21,2,0,14,2,0,0,0.107656,0,32000,3445,0.107656,131072,4187,0.031944,0,0,2
396,host-22,2,0,14,2,0,0,0.114687,0,32000,3670,0.114687,131072,3646,0.027817,0,0,2
396,host-23,2,0,14,2,0,0,0.113750,0,32000,3640,0.113750,131072,3947,0.030113,0,0,2
396,host-24,4,0,14,4,0,0,0.129312,0,32000,4138,0.129312,131072,5663,0.043205,0,0,4
396,host-3,2,0,14,2,0,0,0.121875,0,32000,3900,0.121875,131072,4559,0.034782,0,0,2
396,host-4,3,0,14,3,0,0,0.112219,0,32000,3591,0.112219,131072,4346,0.033157,0,0,3
396,host-5,2,0,14,2,0,0,0.124219,0,32000,3975,0.124219,131072,4696,0.035828,0,0,2
396,host-6,2,0,14,2,0,0,0.082344,0,32000,2635,0.082344,131072,1771,0.013512,0,0,2
396,host-7,3,0,14,3,0,0,0.159656,0,32000,5109,0.159656,131072,5040,0.038452,0,0,3
396,host-8,2,0,14,2,0,0,0.117281,0,32000,3753,0.117281,131072,3104,0.023682,0,0,2
396,host-9,3,0,14,3,0,0,0.124719,0,32000,3991,0.124719,131072,3963,0.030235,0,0,3
397,host-1,2,0,14,2,0,0,0.136031,0,32000,4353,0.136031,131072,5260,0.040131,0,0,2
397,host-10,2,0,14,2,0,0,0.112000,0,32000,3584,0.112000,131072,4030,0.030746,0,0,2
397,host-11,3,0,14,3,0,0,0.131719,0,32000,4215,0.131719,131072,4527,0.034538,0,0,3
397,host-12,3,1,14,3,1,0,0.117156,0,32000,3749,0.117156,131072,2483,0.018944,0,1,2
397,host-13,2,0,14,2,0,0,0.143313,0,32000,4586,0.143313,131072,5007,0.038200,0,0,2
397,host-14,2,0,14,2,0,0,0.109406,0,32000,3501,0.109406,131072,3481,0.026558,0,0,2
397,host-15,3,0,14,3,0,0,0.114781,0,32000,3673,0.114781,131072,2692,0.020538,0,0,3
397,host-16,2,0,14,2,0,0,0.110187,0,32000,3526,0.110187,131072,2949,0.022499,0,0,2
397,host-17,3,0,14,3,0,0,0.154344,0,32000,4939,0.154344,131072,4215,0.032158,0,0,3
397,host-18,3,0,14,3,0,0,0.162250,0,32000,5192,0.162250,131072,6197,0.047279,0,0,3
397,host-19,2,0,14,2,0,0,0.110031,0,32000,3521,0.110031,131072,3434,0.026199,0,0,2
397,host-2,2,0,14,2,0,0,0.139219,0,32000,4455,0.139219,131072,5045,0.038490,0,0,2
397,host-20,3,0,14,3,0,0,0.114969,0,32000,3679,0.114969,131072,3058,0.023331,0,0,3
397,host-21,2,0,14,2,0,0,0.107656,0,32000,3445,0.107656,131072,4187,0.031944,0,0,2
397,host-22,2,0,14,2,0,0,0.114687,0,32000,3670,0.114687,131072,3646,0.027817,0,0,2
397,host-23,2,0,14,2,0,0,0.113750,0,32000,3640,0.113750,131072,3947,0.030113,0,0,2
397,host-24,4,0,14,4,0,0,0.129312,0,32000,4138,0.129312,131072,5663,0.043205,0,0,4
397,host-3,2,0,14,2,0,0,0.121875,0,32000,3900,0.121875,131072,4559,0.034782,0,0,2
397,host-4,3,0,14,3,0,0,0.112219,0,32000,3591,0.112219,131072,4346,0.033157,0,0,3
397,host-5,2,0,14,2,0,0,0.124219,0,32000,3975,0.124219,131072,4696,0.035828,0,0,2
397,host-6,2,0,14,2,0,0,0.082344,0,32000,2635,0.082344,131072,1771,0.013512,0,0,2
397,host-7,3,0,14,3,0,0,0.159656,0,32000,5109,0.159656,131072,5040,0.038452,0,0,3
397,host-8,2,0,14,2,0,0,0.117281,0,32000,3753,0.117281,131072,3104,0.023682,0,0,2
397,host-9,3,0,14,3,0,0,0.124719,0,32000,3991,0.124719,131072,3963,0.030235,0,0,3
398,host-1,2,0,14,2,0,0,0.136031,0,32000,4353,0.136031,131072,5260,0.040131,0,0,2
398,host-10,1,0,14,1,0,0,0.073781,0,32000,2361,0.073781,131072,2606,0.019882,0,0,1
398,host-11,3,0,14,3,0,0,0.131719,0,32000,4215,0.131719,131072,4527,0.034538,0,0,3
398,host-12,3,0,14,3,0,0,0.117156,0,32000,3749,0.117156,131072,2483,0.018944,0,0,3
398,host-13,2,0,14,2,0,0,0.143313,0,32000,4586,0.143313,131072,5007,0.038200,0,0,2
398,host-14,2,0,14,2,0,0,0.109406,0,32000,3501,0.109406,131072,3481,0.026558,0,0,2
398,host-15,3,0,14,3,0,0,0.114781,0,32000,3673,0.114781,131072,2692,0.020538,0,0,3
398,host-16,2,0,14,2,0,0,0.110187,0,32000,3526,0.110187,131072,2949,0.022499,0,0,2
398,host-17,3,0,14,3,0,0,0.154344,0,32000,4939,0.154344,131072,4215,0.032158,0,0,3
398,host-18,3,0,14,3,0,0,0.162250,0,32000,5192,0.162250,131072,6197,0.047279,0,0,3
398,host-19,2,0,14,2,0,0,0.110031,0,32000,3521,0.110031,131072,3434,0.026199,0,0,2
398,host-2,1,0,14,1,0,0,0.068125,0,32000,2180,0.068125,131072,2731,0.020836,0,0,1
398,host-20,3,0,14,3,0,0,0.114969,0,32000,3679,0.114969,131072,3058,0.023331,0,0,3
398,host-21,2,0,14,2,0,0,0.107656,0,32000,3445,0.107656,131072,4187,0.031944,0,0,2
398,host-22,1,0,14,1,0,0,0.043281,0,32000,1385,0.043281,131072,1078,0.008224,0,0,1
398,host-23,2,0,14,2,0,0,0.113750,0,32000,3640,0.113750,131072,3947,0.030113,0,0,2
398,host-24,4,0,14,4,0,0,0.129312,0,32000,4138,0.129312,131072,5663,0.043205,0,0,4
398,host-3,2,1,14,2,1,0,0.121875,0,32000,3900,0.121875,131072,4559,0.034782,0,1,1
398,host-4,3,0,14,3,0,0,0.112219,0,32000,3591,0.112219,131072,4346,0.033157,0,0,3
398,host-5,2,0,14,2,0,0,0.124219,0,32000,3975,0.124219,131072,4696,0.035828,0,0,2
398,host-6,2,0,14,2,0,0,0.082344,0,32000,2635,0.082344,131072,1771,0.013512,0,0,2
398,host-7,3,0,14,3,0,0,0.159656,0,32000,5109,0.159656,131072,5040,0.038452,0,0,3
398,host-8,2,0,14,2,0,0,0.117281,0,32000,3753,0.117281,131072,3104,0.023682,0,0,2
398,host-9,3,0,14,3,0,0,0.124719,0,32000,3991,0.124719,131072,3963,0.030235,0,0,3
399,host-1,2,0,14,2,0,0,0.136031,0,32000,4353,0.136031,131072,5260,0.040131,0,0,2
399,host-10,2,1,14,2,1,0,0.141875,0,32000,4540,0.141875,131072,5036,0.038422,1,0,1
399,host-11,3,1,14,3,1,0,0.150375,0,32000,4812,0.150375,131072,5410,0.041275,1,0,2
399,host-12,3,0,14,3,0,0,0.117156,0,32000,3749,0.117156,131072,2483,0.018944,0,0,3
399,host-13,2,0,14,2,0,0,0.143313,0,32000,4586,0.143313,131072,5007,0.038200,0,0,2
399,host-14,2,0,14,2,0,0,0.109406,0,32000,3501,0.109406,131072,3481,0.026558,0,0,2
399,host-15,3,0,14,3,0,0,0.114781,0,32000,3673,0.114781,131072,2692,0.020538,0,0,3
399,host-16,2,0,14,2,0,0,0.110187,0,32000,3526,0.110187,131072,2949,0.022499,0,0,2
399,host-17,3,0,14,3,0,0,0.154344,0,32000,4939,0.154344,131072,4215,0.032158,0,0,3
399,host-18,3,0,14,3,0,0,0.162250,0,32000,5192,0.162250,131072,6197,0.047279,0,0,3
399,host-19,2,0,14,2,0,0,0.110031,0,32000,3521,0.110031,131072,3434,0.026199,0,0,2
399,host-2,2,1,14,2,1,0,0.112125,0,32000,3588,0.112125,131072,4613,0.035194,1,0,1
399,host-20,3,0,14,3,0,0,0.114969,0,32000,3679,0.114969,131072,3058,0.023331,0,0,3
399,host-21,2,0,14,2,0,0,0.107656,0,32000,3445,0.107656,131072,4187,0.031944,0,0,2
399,host-22,3,2,14,3,2,0,0.139094,0,32000,4451,0.139094,131072,4164,0.031769,2,0,1
399,host-23,2,0,14,2,0,0,0.113750,0,32000,3640,0.113750,131072,3947,0.030113,0,0,2
399,host-24,4,0,14,4,0,0,0.129312,0,32000,4138,0.129312,131072,5663,0.043205,0,0,4
399,host-3,2,0,14,2,0,0,0.121875,0,32000,3900,0.121875,131072,4559,0.034782,0,0,2
399,host-4,3,0,14,3,0,0,0.112219,0,32000,3591,0.112219,131072,4346,0.033157,0,0,3
399,host-5,2,0,14,2,0,0,0.124219,0,32000,3975,0.124219,131072,4696,0.035828,0,0,2
399,host-6,3,1,14,3,1,0,0.140250,0,32000,4488,0.140250,131072,3178,0.024246,1,0,2
399,host-7,3,0,14,3,0,0,0.159656,0,32000,5109,0.159656,131072,5040,0.038452,0,0,3
399,host-8,2,0,14,2,0,0,0.117281,0,32000,3753,0.117281,131072,3104,0.023682,0,0,2
399,host-9,3,0,14,3,0,0,0.124719,0,32000,3991,0.124719,131072,3963,0.030235,0,0,3
400,host-1,2,0,14,2,0,0,0.136031,0,32000,4353,0.136031,131072,5260,0.040131,0,0,2
400,host-10,2,1,14,2,1,0,0.141875,0,32000,4540,0.141875,131072,5036,0.038422,1,0,1
400,host-11,3,0,14,3,0,0,0.150375,0,32000,4812,0.150375,131072,5410,0.041275,0,0,3
400,host-12,2,0,14,2,0,0,0.072281,0,32000,2313,0.072281,131072,1670,0.012741,0,0,2
400,host-13,2,0,14,2,0,0,0.143313,0,32000,4586,0.143313,131072,5007,0.038200,0,0,2
400,host-14,2,1,14,2,1,0,0.124844,0,32000,3995,0.124844,131072,4159,0.031731,1,0,1
400,host-15,3,0,14,3,0,0,0.114781,0,32000,3673,0.114781,131072,2692,0.020538,0,0,3
400,host-16,2,0,14,2,0,0,0.110187,0,32000,3526,0.110187,131072,2949,0.022499,0,0,2
400,host-17,2,0,14,2,0,0,0.096000,0,32000,3072,0.096000,131072,3027,0.023094,0,0,2
400,host-18,3,0,14,3,0,0,0.162250,0,32000,5192,0.162250,131072,6197,0.047279,0,0,3
400,host-19,2,0,14,2,0,0,0.110031,0,32000,3521,0.110031,131072,3434,0.026199,0,0,2
400,host-2,2,1,14,2,1,0,0.112125,0,32000,3588,0.112125,131072,4613,0.035194,1,0,1
400,host-20,2,0,14,2,0,0,0.072250,0,32000,2312,0.072250,131072,1816,0.013855,0,0,2
400,host-21,3,1,14,3,1,0,0.178750,0,32000,5720,0.178750,131072,6501,0.049599,1,0,2
400,host-22,3,1,14,3,1,0,0.139094,0,32000,4451,0.139094,131072,4164,0.031769,1,0,2
400,host-23,2,0,14,2,0,0,0.113750,0,32000,3640,0.113750,131072,3947,0.030113,0,0,2
400,host-24,4,0,14,4,0,0,0.129312,0,32000,4138,0.129312,131072,5663,0.043205,0,0,4
400,host-3,2,0,14,2,0,0,0.121875,0,32000,3900,0.121875,131072,4559,0.034782,0,0,2
400,host-4,3,0,14,3,0,0,0.112219,0,32000,3591,0.112219,131072,4346,0.033157,0,0,3
400,host-5,2,0,14,2,0,0,0.124219,0,32000,3975,0.124219,131072,4696,0.035828,0,0,2
400,host-6,2,0,14,2,0,0,0.085687,0,32000,2742,0.085687,131072,1929,0.014717,0,0,2
400,host-7,2,0,14,2,0,0,0.099187,0,32000,3174,0.099187,131072,2626,0.020035,0,0,2
400,host-8,2,0,14,2,0,0,0.117281,0,32000,3753,0.117281,131072,3104,0.023682,0,0,2
400,host-9,2,0,14,2,0,0,0.086688,0,32000,2774,0.086688,131072,3322,0.025345,0,0,2
401,host-1,2,0,14,2,0,0,0.136031,0,32000,4353,0.136031,131072,5260,0.040131,0,0,2
401,host-10,2,0,14,2,0,0,0.141875,0,32000,4540,0.141875,131072,5036,0.038422,0,0,2
401,host-11,2,0,14,2,0,0,0.082125,0,32000,2628,0.082125,131072,2768,0.021118,0,0,2
401,host-12,2,0,14,2,0,0,0.072281,0,32000,2313,0.072281,131072,1670,0.012741,0,0,2
401,host-13,1,0,14,1,0,0,0.066531,0,32000,2129,0.066531,131072,2221,0.016945,0,0,1
401,host-14,2,1,14,2,1,0,0.124844,0,32000,3995,0.124844,131072,4159,0.031731,1,0,1
401,host-15,3,1,14,3,1,0,0.114781,0,32000,3673,0.114781,131072,2692,0.020538,0,1,2
401,host-16,2,0,14,2,0,0,0.110187,0,32000,3526,0.110187,131072,2949,0.022499,0,0,2
401,host-17,2,0,14,2,0,0,0.096000,0,32000,3072,0.096000,131072,3027,0.023094,0,0,2
401,host-18,3,0,14,3,0,0,0.162250,0,32000,5192,0.162250,131072,6197,0.047279,0,0,3
401,host-19,2,0,14,2,0,0,0.110031,0,32000,3521,0.110031,131072,3434,0.026199,0,0,2
401,host-2,2,0,14,2,0,0,0.112125,0,32000,3588,0.112125,131072,4613,0.035194,0,0,2
401,host-20,3,1,14,3,1,0,0.115375,0,32000,3692,0.115375,131072,3065,0.023384,1,0,2
401,host-21,3,0,14,3,0,0,0.178750,0,32000,5720,0.178750,131072,6501,0.049599,0,0,3
401,host-22,3,0,14,3,0,0,0.139094,0,32000,4451,0.139094,131072,4164,0.031769,0,0,3
401,host-23,2,0,14,2,0,0,0.113750,0,32000,3640,0.113750,131072,3947,0.030113,0,0,2
401,host-24,4,0,14,4,0,0,0.129312,0,32000,4138,0.129312,131072,5663,0.043205,0,0,4
401,host-3,1,0,14,1,0,0,0.064062,0,32000,2050,0.064062,131072,2686,0.020493,0,0,1
401,host-4,3,0,14,3,0,0,0.112219,0,32000,3591,0.112219,131072,4346,0.033157,0,0,3
401,host-5,2,0,14,2,0,0,0.124219,0,32000,3975,0.124219,131072,4696,0.035828,0,0,2
401,host-6,2,0,14,2,0,0,0.085687,0,32000,2742,0.085687,131072,1929,0.014717,0,0,2
401,host-7,2,0,14,2,0,0,0.099187,0,32000,3174,0.099187,131072,2626,0.020035,0,0,2
401,host-8,2,0,14,2,0,0,0.117281,0,32000,3753,0.117281,131072,3104,0.023682,0,0,2
401,host-9,2,0,14,2,0,0,0.086688,0,32000,2774,0.086688,131072,3322,0.025345,0,0,2
402,host-1,2,0,14,2,0,0,0.136031,0,32000,4353,0.136031,131072,5260,0.040131,0,0,2
402,host-10,2,0,14,2,0,0,0.141875,0,32000,4540,0.141875,131072,5036,0.038422,0,0,2
402,host-11,2,0,14,2,0,0,0.082125,0,32000,2628,0.082125,131072,2768,0.021118,0,0,2
402,host-12,2,0,14,2,0,0,0.072281,0,32000,2313,0.072281,131072,1670,0.012741,0,0,2
402,host-13,1,0,14,1,0,0,0.066531,0,32000,2129,0.066531,131072,2221,0.016945,0,0,1
402,host-14,2,0,14,2,0,0,0.124844,0,32000,3995,0.124844,131072,4159,0.031731,0,0,2
402,host-15,3,0,14,3,0,0,0.114781,0,32000,3673,0.114781,131072,2692,0.020538,0,0,3
402,host-16,2,0,14,2,0,0,0.110187,0,32000,3526,0.110187,131072,2949,0.022499,0,0,2
402,host-17,2,1,14,2,1,0,0.096000,0,32000,3072,0.096000,131072,3027,0.023094,0,1,1
402,host-18,3,0,14,3,0,0,0.162250,0,32000,5192,0.162250,131072,6197,0.047279,0,0,3
402,host-19,2,0,14,2,0,0,0.110031,0,32000,3521,0.110031,131072,3434,0.026199,0,0,2
402,host-2,1,0,14,1,0,0,0.044000,0,32000,1408,0.044000,131072,1882,0.014359,0,0,1
402,host-20,3,0,14,3,0,0,0.115375,0,32000,3692,0.115375,131072,3065,0.023384,0,0,3
402,host-21,3,0,14,3,0,0,0.178750,0,32000,5720,0.178750,131072,6501,0.049599,0,0,3
402,host-22,3,0,14,3,0,0,0.139094,0,32000,4451,0.139094,131072,4164,0.031769,0,0,3
402,host-23,2,0,14,2,0,0,0.113750,0,32000,3640,0.113750,131072,3947,0.030113,0,0,2
402,host-24,4,0,14,4,0,0,0.129312,0,32000,4138,0.129312,131072,5663,0.043205,0,0,4
402,host-3,2,1,14,2,1,0,0.107406,0,32000,3437,0.107406,131072,3560,0.027161,1,0,1
402,host-4,3,0,14,3,0,0,0.112219,0,32000,3591,0.112219,131072,4346,0.033157,0,0,3
402,host-5,2,0,14,2,0,0,0.124219,0,32000,3975,0.124219,131072,4696,0.035828,0,0,2
402,host-6,2,1,14,2,1,0,0.085687,0,32000,2742,0.085687,131072,1929,0.014717,0,1,1
402,host-7,2,0,14,2,0,0,0.099187,0,32000,3174,0.099187,131072,2626,0.020035,0,0,2
402,host-8,2,0,14,2,0,0,0.117281,0,32000,3753,0.117281,131072,3104,0.023682,0,0,2
402,host-9,2,0,14,2,0,0,0.086688,0,32000,2774,0.086688,131072,3322,0.025345,0,0,2
403,host-1,1,0,14,1,0,0,0.072156,0,32000,2309,0.072156,131072,2949,0.022499,0,0,1
403,host-10,1,0,14,1,0,0,0.068094,0,32000,2179,0.068094,131072,2430,0.018539,0,0,1
403,host-11,2,0,14,2,0,0,0.082125,0,32000,2628,0.082125,131072,2768,0.021118,0,0,2
403,host-12,2,0,14,2,0,0,0.072281,0,32000,2313,0.072281,131072,1670,0.012741,0,0,2
403,host-13,1,0,14,1,0,0,0.066531,0,32000,2129,0.066531,131072,2221,0.016945,0,0,1
403,host-14,2,0,14,2,0,0,0.124844,0,32000,3995,0.124844,131072,4159,0.031731,0,0,2
403,host-15,3,0,14,3,0,0,0.114781,0,32000,3673,0.114781,131072,2692,0.020538,0,0,3
403,host-16,2,0,14,2,0,0,0.110187,0,32000,3526,0.110187,131072,2949,0.022499,0,0,2
403,host-17,2,0,14,2,0,0,0.096000,0,32000,3072,0.096000,131072,3027,0.023094,0,0,2
403,host-18,2,0,14,2,0,0,0.128906,0,32000,4125,0.128906,131072,5181,0.039528,0,0,2
403,host-19,1,0,14,1,0,0,0.065844,0,32000,2107,0.065844,131072,1863,0.014214,0,0,1
403,host-2,1,0,14,1,0,0,0.044000,0,32000,1408,0.044000,131072,1882,0.014359,0,0,1
403,host-20,2,0,14,2,0,0,0.078312,0,32000,2506,0.078312,131072,2165,0.016518,0,0,2
403,host-21,3,0,14,3,0,0,0.178750,0,32000,5720,0.178750,131072,6501,0.049599,0,0,3
403,host-22,3,0,14,3,0,0,0.139094,0,32000,4451,0.139094,131072,4164,0.031769,0,0,3
403,host-23,2,0,14,2,0,0,0.113750,0,32000,3640,0.113750,131072,3947,0.030113,0,0,2
403,host-24,4,0,14,4,0,0,0.129312,0,32000,4138,0.129312,131072,5663,0.043205,0,0,4
403,host-3,2,1,14,2,1,0,0.107406,0,32000,3437,0.107406,131072,3560,0.027161,1,0,1
403,host-4,3,0,14,3,0,0,0.112219,0,32000,3591,0.112219,131072,4346,0.033157,0,0,3
403,host-5,2,0,14,2,0,0,0.124219,0,32000,3975,0.124219,131072,4696,0.035828,0,0,2
403,host-6,2,0,14,2,0,0,0.085687,0,32000,2742,0.085687,131072,1929,0.014717,0,0,2
403,host-7,1,0,14,1,0,0,0.048375,0,32000,1548,0.048375,131072,1043,0.007957,0,0,1
403,host-8,2,0,14,2,0,0,0.117281,0,32000,3753,0.117281,131072,3104,0.023682,0,0,2
403,host-9,2,0,14,2,0,0,0.086688,0,32000,2774,0.086688,131072,3322,0.025345,0,0,2
404,host-1,1,0,14,1,0,0,0.072156,0,32000,2309,0.072156,131072,2949,0.022499,0,0,1
404,host-10,1,0,14,1,0,0,0.068094,0,32000,2179,0.068094,131072,2430,0.018539,0,0,1
404,host-11,2,0,14,2,0,0,0.082125,0,32000,2628,0.082125,131072,2768,0.021118,0,0,2
404,host-12,2,0,14,2,0,0,0.072281,0,32000,2313,0.072281,131072,1670,0.012741,0,0,2
404,host-13,0,0,14,0,0,0,0.000000,0,32000,0,0.000000,131072,0,0.000000,0,0,0
404,host-14,1,0,14,1,0,0,0.053125,0,32000,1700,0.053125,131072,1505,0.011482,0,0,1
404,host-15,3,0,14,3,0,0,0.114781,0,32000,3673,0.114781,131072,2692,0.020538,0,0,3
404,host-16,2,0,14,2,0,0,0.110187,0,32000,3526,0.110187,131072,2949,0.022499,0,0,2
404,host-17,2,0,14,2,0,0,0.096000,0,32000,3072,0.096000,131072,3027,0.023094,0,0,2
404,host-18,2,0,14,2,0,0,0.128906,0,32000,4125,0.128906,131072,5181,0.039528,0,0,2
404,host-19,1,0,14,1,0,0,0.065844,0,32000,2107,0.065844,131072,1863,0.014214,0,0,1
404,host-2,2,1,14,2,1,0,0.092531,0,32000,2961,0.092531,131072,3609,0.027534,1,0,1
404,host-20,2,0,14,2,0,0,0.078312,0,32000,2506,0.078312,131072,2165,0.016518,0,0,2
404,host-21,3,0,14,3,0,0,0.178750,0,32000,5720,0.178750,131072,6501,0.049599,0,0,3
404,host-22,3,0,14,3,0,0,0.139094,0,32000,4451,0.139094,131072,4164,0.031769,0,0,3
404,host-23,2,0,14,2,0,0,0.113750,0,32000,3640,0.113750,131072,3947,0.030113,0,0,2
404,host-24,4,0,14,4,0,0,0.129312,0,32000,4138,0.129312,131072,5663,0.043205,0,0,4
404,host-3,2,0,14,2,0,0,0.107406,0,32000,3437,0.107406,131072,3560,0.027161,0,0,2
404,host-4,2,0,14,2,0,0,0.052594,0,32000,1683,0.052594,131072,2122,0.016190,0,0,2
404,host-5,2,0,14,2,0,0,0.124219,0,32000,3975,0.124219,131072,4696,0.035828,0,0,2
404,host-6,2,0,14,2,0,0,0.085687,0,32000,2742,0.085687,131072,1929,0.014717,0,0,2
404,host-7,2,1,14,2,1,0,0.088375,0,32000,2828,0.088375,131072,1643,0.012535,1,0,1
404,host-8,2,0,14,2,0,0,0.117281,0,32000,3753,0.117281,131072,3104,0.023682,0,0,2
404,host-9,1,0,14,1,0,0,0.052875,0,32000,1692,0.052875,131072,2022,0.015427,0,0,1
405,host-1,1,0,14,1,0,0,0.072156,0,32000,2309,0.072156,131072,2949,0.022499,0,0,1
405,host-10,1,0,14,1,0,0,0.068094,0,32000,2179,0.068094,131072,2430,0.018539,0,0,1
405,host-11,2,0,14,2,0,0,0.082125,0,32000,2628,0.082125,131072,2768,0.021118,0,0,2
405,host-12,2,0,14,2,0,0,0.072281,0,32000,2313,0.072281,131072,1670,0.012741,0,0,2
405,host-13,1,1,14,1,1,0,0.058094,0,32000,1859,0.058094,131072,2606,0.019882,1,0,0
405,host-14,2,1,14,2,1,0,0.125000,0,32000,4000,0.125000,131072,3992,0.030457,1,0,1
405,host-15,3,0,14,3,0,0,0.114781,0,32000,3673,0.114781,131072,2692,0.020538,0,0,3
405,host-16,2,0,14,2,0,0,0.110187,0,32000,3526,0.110187,131072,2949,0.022499,0,0,2
405,host-17,2,0,14,2,0,0,0.096000,0,32000,3072,0.096000,131072,3027,0.023094,0,0,2
405,host-18,2,0,14,2,0,0,0.128906,0,32000,4125,0.128906,131072,5181,0.039528,0,0,2
405,host-19,1,0,14,1,0,0,0.065844,0,32000,2107,0.065844,131072,1863,0.014214,0,0,1
405,host-2,2,0,14,2,0,0,0.092531,0,32000,2961,0.092531,131072,3609,0.027534,0,0,2
405,host-20,2,0,14,2,0,0,0.078312,0,32000,2506,0.078312,131072,2165,0.016518,0,0,2
405,host-21,3,0,14,3,0,0,0.178750,0,32000,5720,0.178750,131072,6501,0.049599,0,0,3
405,host-22,3,0,14,3,0,0,0.139094,0,32000,4451,0.139094,131072,4164,0.031769,0,0,3
405,host-23,2,0,14,2,0,0,0.113750,0,32000,3640,0.113750,131072,3947,0.030113,0,0,2
405,host-24,4,0,14,4,0,0,0.129312,0,32000,4138,0.129312,131072,5663,0.043205,0,0,4
405,host-3,2,0,14,2,0,0,0.107406,0,32000,3437,0.107406,131072,3560,0.027161,0,0,2
405,host-4,3,1,14,3,1,0,0.114125,0,32000,3652,0.114125,131072,4379,0.033409,1,0,2
405,host-5,2,0,14,2,0,0,0.124219,0,32000,3975,0.124219,131072,4696,0.035828,0,0,2
405,host-6,2,0,14,2,0,0,0.085687,0,32000,2742,0.085687,131072,1929,0.014717,0,0,2
405,host-7,2,0,14,2,0,0,0.088375,0,32000,2828,0.088375,131072,1643,0.012535,0,0,2
405,host-8,2,0,14,2,0,0,0.117281,0,32000,3753,0.117281,131072,3104,0.023682,0,0,2
405,host-9,2,1,14,2,1,0,0.101344,0,32000,3243,0.101344,131072,4253,0.032448,1,0,1
406,host-1,1,0,14,1,0,0,0.072156,0,32000,2309,0.072156,131072,2949,0.022499,0,0,1
406,host-10,1,0,14,1,0,0,0.068094,0,32000,2179,0.068094,131072,2430,0.018539,0,0,1
406,host-11,2,0,14,2,0,0,0.082125,0,32000,2628,0.082125,131072,2768,0.021118,0,0,2
406,host-12,2,0,14,2,0,0,0.072281,0,32000,2313,0.072281,131072,1670,0.012741,0,0,2
406,host-13,1,1,14,1,1,0,0.058094,0,32000,1859,0.058094,131072,2606,0.019882,0,1,0
406,host-14,2,1,14,2,1,0,0.125000,0,32000,4000,0.125000,131072,3992,0.030457,1,0,1
406,host-15,3,0,14,3,0,0,0.114781,0,32000,3673,0.114781,131072,2692,0.020538,0,0,3
406,host-16,2,0,14,2,0,0,0.110187,0,32000,3526,0.110187,131072,2949,0.022499,0,0,2
406,host-17,2,0,14,2,0,0,0.096000,0,32000,3072,0.096000,131072,3027,0.023094,0,0,2
406,host-18,2,0,14,2,0,0,0.128906,0,32000,4125,0.128906,131072,5181,0.039528,0,0,2
406,host-19,1,0,14,1,0,0,0.065844,0,32000,2107,0.065844,131072,1863,0.014214,0,0,1
406,host-2,2,0,14,2,0,0,0.092531,0,32000,2961,0.092531,131072,3609,0.027534,0,0,2
406,host-20,2,0,14,2,0,0,0.078312,0,32000,2506,0.078312,131072,2165,0.016518,0,0,2
406,host-21,3,0,14,3,0,0,0.178750,0,32000,5720,0.178750,131072,6501,0.049599,0,0,3
406,host-22,3,0,14,3,0,0,0.139094,0,32000,4451,0.139094,131072,4164,0.031769,0,0,3
406,host-23,2,0,14,2,0,0,0.113750,0,32000,3640,0.113750,131072,3947,0.030113,0,0,2
406,host-24,4,0,14,4,0,0,0.129312,0,32000,4138,0.129312,131072,5663,0.043205,0,0,4
406,host-3,2,0,14,2,0,0,0.107406,0,32000,3437,0.107406,131072,3560,0.027161,0,0,2
406,host-4,3,1,14,3,1,0,0.114125,0,32000,3652,0.114125,131072,4379,0.033409,0,1,2
406,host-5,2,0,14,2,0,0,0.124219,0,32000,3975,0.124219,131072,4696,0.035828,0,0,2
406,host-6,2,0,14,2,0,0,0.085687,0,32000,2742,0.085687,131072,1929,0.014717,0,0,2
406,host-7,2,0,14,2,0,0,0.088375,0,32000,2828,0.088375,131072,1643,0.012535,0,0,2
406,host-8,2,0,14,2,0,0,0.117281,0,32000,3753,0.117281,131072,3104,0.023682,0,0,2
406,host-9,2,0,14,2,0,0,0.101344,0,32000,3243,0.101344,131072,4253,0.032448,0,0,2
407,host-1,1,0,14,1,0,0,0.072156,0,32000,2309,0.072156,131072,2949,0.022499,0,0,1
407,host-10,1,0,14,1,0,0,0.068094,0,32000,2179,0.068094,131072,2430,0.018539,0,0,1
407,host-11,2,0,14,2,0,0,0.082125,0,32000,2628,0.082125,131072,2768,0.021118,0,0,2
407,host-12,2,0,14,2,0,0,0.072281,0,32000,2313,0.072281,131072,1670,0.012741,0,0,2
407,host-13,2,0,14,2,0,0,0.094562,0,32000,3026,0.094562,131072,3971,0.030296,0,0,2
407,host-14,2,0,14,2,0,0,0.125000,0,32000,4000,0.125000,131072,3992,0.030457,0,0,2
407,host-15,3,0,14,3,0,0,0.114781,0,32000,3673,0.114781,131072,2692,0.020538,0,0,3
407,host-16,1,0,14,1,0,0,0.048031,0,32000,1537,0.048031,131072,1482,0.011307,0,0,1
407,host-17,2,0,14,2,0,0,0.096000,0,32000,3072,0.096000,131072,3027,0.023094,0,0,2
407,host-18,2,0,14,2,0,0,0.128906,0,32000,4125,0.128906,131072,5181,0.039528,0,0,2
407,host-19,2,1,14,2,1,0,0.108375,0,32000,3468,0.108375,131072,2461,0.018776,1,0,1
407,host-2,2,0,14,2,0,0,0.092531,0,32000,2961,0.092531,131072,3609,0.027534,0,0,2
407,host-20,2,0,14,2,0,0,0.078312,0,32000,2506,0.078312,131072,2165,0.016518,0,0,2
407,host-21,3,0,14,3,0,0,0.178750,0,32000,5720,0.178750,131072,6501,0.049599,0,0,3
407,host-22,3,0,14,3,0,0,0.139094,0,32000,4451,0.139094,131072,4164,0.031769,0,0,3
407,host-23,2,0,14,2,0,0,0.113750,0,32000,3640,0.113750,131072,3947,0.030113,0,0,2
407,host-24,4,0,14,4,0,0,0.129312,0,32000,4138,0.129312,131072,5663,0.043205,0,0,4
407,host-3,2,0,14,2,0,0,0.107406,0,32000,3437,0.107406,131072,3560,0.027161,0,0,2
407,host-4,3,0,14,3,0,0,0.114125,0,32000,3652,0.114125,131072,4379,0.033409,0,0,3
407,host-5,2,0,14,2,0,0,0.124219,0,32000,3975,0.124219,131072,4696,0.035828,0,0,2
407,host-6,2,0,14,2,0,0,0.085687,0,32000,2742,0.085687,131072,1929,0.014717,0,0,2
407,host-7,2,0,14,2,0,0,0.088375,0,32000,2828,0.088375,131072,1643,0.012535,0,0,2
407,host-8,2,0,14,2,0,0,0.117281,0,32000,3753,0.117281,131072,3104,0.023682,0,0,2
407,host-9,2,0,14,2,0,0,0.101344,0,32000,3243,0.101344,131072,4253,0.032448,0,0,2
408,host-1,2,1,14,2,1,0,0.101969,0,32000,3263,0.101969,131072,3590,0.027390,1,0,1
408,host-10,2,1,14,2,1,0,0.121063,0,32000,3874,0.121063,131072,4562,0.034805,1,0,1
408,host-11,3,1,14,3,1,0,0.127000,0,32000,4064,0.127000,131072,3581,0.027321,1,0,2
408,host-12,3,1,14,3,1,0,0.130625,0,32000,4180,0.130625,131072,2858,0.021805,1,0,2
408,host-13,2,0,14,2,0,0,0.094562,0,32000,3026,0.094562,131072,3971,0.030296,0,0,2
408,host-14,2,0,14,2,0,0,0.125000,0,32000,4000,0.125000,131072,3992,0.030457,0,0,2
408,host-15,3,0,14,3,0,0,0.114781,0,32000,3673,0.114781,131072,2692,0.020538,0,0,3
408,host-16,2,1,14,2,1,0,0.085812,0,32000,2746,0.085812,131072,2435,0.018578,0,1,1
408,host-17,2,0,14,2,0,0,0.096000,0,32000,3072,0.096000,131072,3027,0.023094,0,0,2
408,host-18,2,0,14,2,0,0,0.128906,0,32000,4125,0.128906,131072,5181,0.039528,0,0,2
408,host-19,2,0,14,2,0,0,0.108375,0,32000,3468,0.108375,131072,2461,0.018776,0,0,2
408,host-2,2,0,14,2,0,0,0.092531,0,32000,2961,0.092531,131072,3609,0.027534,0,0,2
408,host-20,3,1,14,3,1,0,0.132875,0,32000,4252,0.132875,131072,3414,0.026047,1,0,2
408,host-21,3,0,14,3,0,0,0.178750,0,32000,5720,0.178750,131072,6501,0.049599,0,0,3
408,host-22,3,0,14,3,0,0,0.139094,0,32000,4451,0.139094,131072,4164,0.031769,0,0,3
408,host-23,2,0,14,2,0,0,0.113750,0,32000,3640,0.113750,131072,3947,0.030113,0,0,2
408,host-24,4,0,14,4,0,0,0.129312,0,32000,4138,0.129312,131072,5663,0.043205,0,0,4
408,host-3,2,0,14,2,0,0,0.107406,0,32000,3437,0.107406,131072,3560,0.027161,0,0,2
408,host-4,3,0,14,3,0,0,0.114125,0,32000,3652,0.114125,131072,4379,0.033409,0,0,3
408,host-5,2,0,14,2,0,0,0.124219,0,32000,3975,0.124219,131072,4696,0.035828,0,0,2
408,host-6,2,0,14,2,0,0,0.085687,0,32000,2742,0.085687,131072,1929,0.014717,0,0,2
408,host-7,2,0,14,2,0,0,0.088375,0,32000,2828,0.088375,131072,1643,0.012535,0,0,2
408,host-8,2,0,14,2,0,0,0.117281,0,32000,3753,0.117281,131072,3104,0.023682,0,0,2
408,host-9,2,0,14,2,0,0,0.101344,0,32000,3243,0.101344,131072,4253,0.032448,0,0,2
409,host-1,2,1,14,2,1,0,0.101969,0,32000,3263,0.101969,131072,3590,0.027390,1,0,1
409,host-10,2,0,14,2,0,0,0.121063,0,32000,3874,0.121063,131072,4562,0.034805,0,0,2
409,host-11,3,1,14,3,1,0,0.127000,0,32000,4064,0.127000,131072,3581,0.027321,1,0,2
409,host-12,3,1,14,3,1,0,0.130625,0,32000,4180,0.130625,131072,2858,0.021805,1,0,2
409,host-13,2,0,14,2,0,0,0.094562,0,32000,3026,0.094562,131072,3971,0.030296,0,0,2
409,host-14,2,0,14,2,0,0,0.125000,0,32000,4000,0.125000,131072,3992,0.030457,0,0,2
409,host-15,3,0,14,3,0,0,0.114781,0,32000,3673,0.114781,131072,2692,0.020538,0,0,3
409,host-16,2,0,14,2,0,0,0.085812,0,32000,2746,0.085812,131072,2435,0.018578,0,0,2
409,host-17,2,0,14,2,0,0,0.096000,0,32000,3072,0.096000,131072,3027,0.023094,0,0,2
409,host-18,2,0,14,2,0,0,0.128906,0,32000,4125,0.128906,131072,5181,0.039528,0,0,2
409,host-19,2,0,14,2,0,0,0.108375,0,32000,3468,0.108375,131072,2461,0.018776,0,0,2
409,host-2,2,0,14,2,0,0,0.092531,0,32000,2961,0.092531,131072,3609,0.027534,0,0,2
409,host-20,3,1,14,3,1,0,0.132875,0,32000,4252,0.132875,131072,3414,0.026047,1,0,2
409,host-21,3,0,14,3,0,0,0.178750,0,32000,5720,0.178750,131072,6501,0.049599,0,0,3
409,host-22,3,0,14,3,0,0,0.139094,0,32000,4451,0.139094,131072,4164,0.031769,0,0,3
409,host-23,2,0,14,2,0,0,0.113750,0,32000,3640,0.113750,131072,3947,0.030113,0,0,2
409,host-24,4,0,14,4,0,0,0.129312,0,32000,4138,0.129312,131072,5663,0.043205,0,0,4
409,host-3,2,0,14,2,0,0,0.107406,0,32000,3437,0.107406,131072,3560,0.027161,0,0,2
409,host-4,3,0,14,3,0,0,0.114125,0,32000,3652,0.114125,131072,4379,0.033409,0,0,3
409,host-5,2,0,14,2,0,0,0.124219,0,32000,3975,0.124219,131072,4696,0.035828,0,0,2
409,host-6,3,1,14,3,1,0,0.138656,0,32000,4437,0.138656,131072,4061,0.030983,0,1,2
409,host-7,2,0,14,2,0,0,0.088375,0,32000,2828,0.088375,131072,1643,0.012535,0,0,2
409,host-8,1,0,14,1,0,0,0.051437,0,32000,1646,0.051437,131072,1241,0.009468,0,0,1
409,host-9,1,0,14,1,0,0,0.048469,0,32000,1551,0.048469,131072,2231,0.017021,0,0,1
410,host-1,2,0,14,2,0,0,0.101969,0,32000,3263,0.101969,131072,3590,0.027390,0,0,2
410,host-10,2,0,14,2,0,0,0.121063,0,32000,3874,0.121063,131072,4562,0.034805,0,0,2
410,host-11,3,0,14,3,0,0,0.127000,0,32000,4064,0.127000,131072,3581,0.027321,0,0,3
410,host-12,3,0,14,3,0,0,0.130625,0,32000,4180,0.130625,131072,2858,0.021805,0,0,3
410,host-13,2,0,14,2,0,0,0.094562,0,32000,3026,0.094562,131072,3971,0.030296,0,0,2
410,host-14,2,0,14,2,0,0,0.125000,0,32000,4000,0.125000,131072,3992,0.030457,0,0,2
410,host-15,3,0,14,3,0,0,0.114781,0,32000,3673,0.114781,131072,2692,0.020538,0,0,3
410,host-16,2,0,14,2,0,0,0.085812,0,32000,2746,0.085812,131072,2435,0.018578,0,0,2
410,host-17,2,0,14,2,0,0,0.096000,0,32000,3072,0.096000,131072,3027,0.023094,0,0,2
410,host-18,1,0,14,1,0,0,0.052937,0,32000,1694,0.052937,131072,2261,0.017250,0,0,1
410,host-19,1,0,14,1,0,0,0.042531,0,32000,1361,0.042531,131072,598,0.004562,0,0,1
410,host-2,2,0,14,2,0,0,0.092531,0,32000,2961,0.092531,131072,3609,0.027534,0,0,2
410,host-20,3,0,14,3,0,0,0.132875,0,32000,4252,0.132875,131072,3414,0.026047,0,0,3
410,host-21,3,0,14,3,0,0,0.178750,0,32000,5720,0.178750,131072,6501,0.049599,0,0,3
410,host-22,3,0,14,3,0,0,0.139094,0,32000,4451,0.139094,131072,4164,0.031769,0,0,3
410,host-23,2,0,14,2,0,0,0.113750,0,32000,3640,0.113750,131072,3947,0.030113,0,0,2
410,host-24,3,0,14,3,0,0,0.095219,0,32000,3047,0.095219,131072,4203,0.032066,0,0,3
410,host-3,2,0,14,2,0,0,0.107406,0,32000,3437,0.107406,131072,3560,0.027161,0,0,2
410,host-4,3,0,14,3,0,0,0.114125,0,32000,3652,0.114125,131072,4379,0.033409,0,0,3
410,host-5,2,0,14,2,0,0,0.124219,0,32000,3975,0.124219,131072,4696,0.035828,0,0,2
410,host-6,3,0,14,3,0,0,0.138656,0,32000,4437,0.138656,131072,4061,0.030983,0,0,3
410,host-7,2,0,14,2,0,0,0.088375,0,32000,2828,0.088375,131072,1643,0.012535,0,0,2
410,host-8,1,0,14,1,0,0,0.051437,0,32000,1646,0.051437,131072,1241,0.009468,0,0,1
410,host-9,2,1,14,2,1,0,0.078281,0,32000,2505,0.078281,131072,2872,0.021912,1,0,1
411,host-1,2,0,14,2,0,0,0.101969,0,32000,3263,0.101969,131072,3590,0.027390,0,0,2
411,host-10,2,0,14,2,0,0,0.121063,0,32000,3874,0.121063,131072,4562,0.034805,0,0,2
411,host-11,3,0,14,3,0,0,0.127000,0,32000,4064,0.127000,131072,3581,0.027321,0,0,3
411,host-12,3,0,14,3,0,0,0.130625,0,32000,4180,0.130625,131072,2858,0.021805,0,0,3
411,host-13,2,0,14,2,0,0,0.094562,0,32000,3026,0.094562,131072,3971,0.030296,0,0,2
411,host-14,2,0,14,2,0,0,0.125000,0,32000,4000,0.125000,131072,3992,0.030457,0,0,2
411,host-15,3,0,14,3,0,0,0.114781,0,32000,3673,0.114781,131072,2692,0.020538,0,0,3
411,host-16,2,0,14,2,0,0,0.085812,0,32000,2746,0.085812,131072,2435,0.018578,0,0,2
411,host-17,2,0,14,2,0,0,0.096000,0,32000,3072,0.096000,131072,3027,0.023094,0,0,2
411,host-18,2,2,14,2,2,0,0.088125,0,32000,2820,0.088125,131072,3652,0.027863,2,0,0
411,host-19,2,1,14,2,1,0,0.104688,0,32000,3350,0.104688,131072,2065,0.015755,1,0,1
411,host-2,2,0,14,2,0,0,0.092531,0,32000,2961,0.092531,131072,3609,0.027534,0,0,2
411,host-20,3,1,14,3,1,0,0.132875,0,32000,4252,0.132875,131072,3414,0.026047,0,1,2
411,host-21,2,0,14,2,0,0,0.115562,0,32000,3698,0.115562,131072,4232,0.032288,0,0,2
411,host-22,3,0,14,3,0,0,0.139094,0,32000,4451,0.139094,131072,4164,0.031769,0,0,3
411,host-23,2,0,14,2,0,0,0.113750,0,32000,3640,0.113750,131072,3947,0.030113,0,0,2
411,host-24,3,1,14,3,1,0,0.125812,0,32000,4026,0.125812,131072,4436,0.033844,1,0,2
411,host-3,2,0,14,2,0,0,0.107406,0,32000,3437,0.107406,131072,3560,0.027161,0,0,2
411,host-4,3,0,14,3,0,0,0.114125,0,32000,3652,0.114125,131072,4379,0.033409,0,0,3
411,host-5,2,0,14,2,0,0,0.124219,0,32000,3975,0.124219,131072,4696,0.035828,0,0,2
411,host-6,3,0,14,3,0,0,0.138656,0,32000,4437,0.138656,131072,4061,0.030983,0,0,3
411,host-7,2,0,14,2,0,0,0.088375,0,32000,2828,0.088375,131072,1643,0.012535,0,0,2
411,host-8,3,2,14,3,2,0,0.148719,0,32000,4759,0.148719,131072,4970,0.037918,2,0,1
411,host-9,3,1,14,3,1,0,0.131219,0,32000,4199,0.131219,131072,5133,0.039162,1,0,2
412,host-1,2,0,14,2,0,0,0.101969,0,32000,3263,0.101969,131072,3590,0.027390,0,0,2
412,host-10,2,0,14,2,0,0,0.121063,0,32000,3874,0.121063,131072,4562,0.034805,0,0,2
412,host-11,3,0,14,3,0,0,0.127000,0,32000,4064,0.127000,131072,3581,0.027321,0,0,3
412,host-12,3,0,14,3,0,0,0.130625,0,32000,4180,0.130625,131072,2858,0.021805,0,0,3
412,host-13,2,0,14,2,0,0,0.094562,0,32000,3026,0.094562,131072,3971,0.030296,0,0,2
412,host-14,2,0,14,2,0,0,0.125000,0,32000,4000,0.125000,131072,3992,0.030457,0,0,2
412,host-15,3,0,14,3,0,0,0.114781,0,32000,3673,0.114781,131072,2692,0.020538,0,0,3
412,host-16,1,0,14,1,0,0,0.037781,0,32000,1209,0.037781,131072,953,0.007271,0,0,1
412,host-17,2,0,14,2,0,0,0.096000,0,32000,3072,0.096000,131072,3027,0.023094,0,0,2
412,host-18,2,2,14,2,2,0,0.088125,0,32000,2820,0.088125,131072,3652,0.027863,2,0,0
412,host-19,2,1,14,2,1,0,0.104688,0,32000,3350,0.104688,131072,2065,0.015755,0,1,1
412,host-2,2,1,14,2,1,0,0.092531,0,32000,2961,0.092531,131072,3609,0.027534,0,1,1
412,host-20,3,0,14,3,0,0,0.132875,0,32000,4252,0.132875,131072,3414,0.026047,0,0,3
412,host-21,2,0,14,2,0,0,0.115562,0,32000,3698,0.115562,131072,4232,0.032288,0,0,2
412,host-22,3,0,14,3,0,0,0.139094,0,32000,4451,0.139094,131072,4164,0.031769,0,0,3
412,host-23,1,0,14,1,0,0,0.050937,0,32000,1630,0.050937,131072,1533,0.011696,0,0,1
412,host-24,3,1,14,3,1,0,0.125812,0,32000,4026,0.125812,131072,4436,0.033844,1,0,2
412,host-3,2,0,14,2,0,0,0.107406,0,32000,3437,0.107406,131072,3560,0.027161,0,0,2
412,host-4,3,0,14,3,0,0,0.114125,0,32000,3652,0.114125,131072,4379,0.033409,0,0,3
412,host-5,2,0,14,2,0,0,0.124219,0,32000,3975,0.124219,131072,4696,0.035828,0,0,2
412,host-6,3,0,14,3,0,0,0.138656,0,32000,4437,0.138656,131072,4061,0.030983,0,0,3
412,host-7,2,0,14,2,0,0,0.088375,0,32000,2828,0.088375,131072,1643,0.012535,0,0,2
412,host-8,3,1,14,3,1,0,0.148719,0,32000,4759,0.148719,131072,4970,0.037918,1,0,2
412,host-9,3,0,14,3,0,0,0.131219,0,32000,4199,0.131219,131072,5133,0.039162,0,0,3
413,host-1,2,0,14,2,0,0,0.101969,0,32000,3263,0.101969,131072,3590,0.027390,0,0,2
413,host-10,2,0,14,2,0,0,0.121063,0,32000,3874,0.121063,131072,4562,0.034805,0,0,2
413,host-11,3,0,14,3,0,0,0.127000,0,32000,4064,0.127000,131072,3581,0.027321,0,0,3
413,host-12,3,0,14,3,0,0,0.130625,0,32000,4180,0.130625,131072,2858,0.021805,0,0,3
413,host-13,2,0,14,2,0,0,0.094562,0,32000,3026,0.094562,131072,3971,0.030296,0,0,2
413,host-14,2,0,14,2,0,0,0.125000,0,32000,4000,0.125000,131072,3992,0.030457,0,0,2
413,host-15,2,0,14,2,0,0,0.070187,0,32000,2246,0.070187,131072,1467,0.011192,0,0,2
413,host-16,2,1,14,2,1,0,0.090656,0,32000,2901,0.090656,131072,2975,0.022697,1,0,1
413,host-17,2,0,14,2,0,0,0.096000,0,32000,3072,0.096000,131072,3027,0.023094,0,0,2
413,host-18,2,0,14,2,0,0,0.088125,0,32000,2820,0.088125,131072,3652,0.027863,0,0,2
413,host-19,2,0,14,2,0,0,0.104688,0,32000,3350,0.104688,131072,2065,0.015755,0,0,2
413,host-2,2,0,14,2,0,0,0.092531,0,32000,2961,0.092531,131072,3609,0.027534,0,0,2
413,host-20,3,0,14,3,0,0,0.132875,0,32000,4252,0.132875,131072,3414,0.026047,0,0,3
413,host-21,1,0,14,1,0,0,0.071094,0,32000,2275,0.071094,131072,2314,0.017654,0,0,1
413,host-22,2,0,14,2,0,0,0.095812,0,32000,3066,0.095812,131072,3086,0.023544,0,0,2
413,host-23,2,1,14,2,1,0,0.081437,0,32000,2606,0.081437,131072,2794,0.021317,0,1,1
413,host-24,3,0,14,3,0,0,0.125812,0,32000,4026,0.125812,131072,4436,0.033844,0,0,3
413,host-3,2,0,14,2,0,0,0.107406,0,32000,3437,0.107406,131072,3560,0.027161,0,0,2
413,host-4,3,0,14,3,0,0,0.114125,0,32000,3652,0.114125,131072,4379,0.033409,0,0,3
413,host-5,1,0,14,1,0,0,0.066375,0,32000,2124,0.066375,131072,2384,0.018188,0,0,1
413,host-6,3,0,14,3,0,0,0.138656,0,32000,4437,0.138656,131072,4061,0.030983,0,0,3
413,host-7,2,0,14,2,0,0,0.088375,0,32000,2828,0.088375,131072,1643,0.012535,0,0,2
413,host-8,3,0,14,3,0,0,0.148719,0,32000,4759,0.148719,131072,4970,0.037918,0,0,3
413,host-9,3,0,14,3,0,0,0.131219,0,32000,4199,0.131219,131072,5133,0.039162,0,0,3
414,host-1,1,0,14,1,0,0,0.029812,0,32000,954,0.029812,131072,641,0.004890,0,0,1
414,host-10,2,0,14,2,0,0,0.121063,0,32000,3874,0.121063,131072,4562,0.034805,0,0,2
414,host-11,3,0,14,3,0,0,0.127000,0,32000,4064,0.127000,131072,3581,0.027321,0,0,3
414,host-12,3,0,14,3,0,0,0.130625,0,32000,4180,0.130625,131072,2858,0.021805,0,0,3
414,host-13,2,0,14,2,0,0,0.094562,0,32000,3026,0.094562,131072,3971,0.030296,0,0,2
414,host-14,2,0,14,2,0,0,0.125000,0,32000,4000,0.125000,131072,3992,0.030457,0,0,2
414,host-15,2,0,14,2,0,0,0.070187,0,32000,2246,0.070187,131072,1467,0.011192,0,0,2
414,host-16,2,0,14,2,0,0,0.090656,0,32000,2901,0.090656,131072,2975,0.022697,0,0,2
414,host-17,2,0,14,2,0,0,0.096000,0,32000,3072,0.096000,131072,3027,0.023094,0,0,2
414,host-18,2,0,14,2,0,0,0.088125,0,32000,2820,0.088125,131072,3652,0.027863,0,0,2
414,host-19,2,0,14,2,0,0,0.104688,0,32000,3350,0.104688,131072,2065,0.015755,0,0,2
414,host-2,2,0,14,2,0,0,0.092531,0,32000,2961,0.092531,131072,3609,0.027534,0,0,2
414,host-20,2,0,14,2,0,0,0.097687,0,32000,3126,0.097687,131072,2498,0.019058,0,0,2
414,host-21,1,0,14,1,0,0,0.071094,0,32000,2275,0.071094,131072,2314,0.017654,0,0,1
414,host-22,2,0,14,2,0,0,0.095812,0,32000,3066,0.095812,131072,3086,0.023544,0,0,2
414,host-23,2,0,14,2,0,0,0.081437,0,32000,2606,0.081437,131072,2794,0.021317,0,0,2
414,host-24,3,1,14,3,1,0,0.125812,0,32000,4026,0.125812,131072,4436,0.033844,0,1,2
414,host-3,2,0,14,2,0,0,0.107406,0,32000,3437,0.107406,131072,3560,0.027161,0,0,2
414,host-4,3,0,14,3,0,0,0.114125,0,32000,3652,0.114125,131072,4379,0.033409,0,0,3
414,host-5,1,0,14,1,0,0,0.066375,0,32000,2124,0.066375,131072,2384,0.018188,0,0,1
414,host-6,3,0,14,3,0,0,0.138656,0,32000,4437,0.138656,131072,4061,0.030983,0,0,3
414,host-7,2,0,14,2,0,0,0.088375,0,32000,2828,0.088375,131072,1643,0.012535,0,0,2
414,host-8,3,0,14,3,0,0,0.148719,0,32000,4759,0.148719,131072,4970,0.037918,0,0,3
414,host-9,3,0,14,3,0,0,0.131219,0,32000,4199,0.131219,131072,5133,0.039162,0,0,3
415,host-1,1,0,14,1,0,0,0.029812,0,32000,954,0.029812,131072,641,0.004890,0,0,1
415,host-10,2,0,14,2,0,0,0.121063,0,32000,3874,0.121063,131072,4562,0.034805,0,0,2
415,host-11,2,0,14,2,0,0,0.097437,0,32000,3118,0.097437,131072,2566,0.019577,0,0,2
415,host-12,3,0,14,3,0,0,0.130625,0,32000,4180,0.130625,131072,2858,0.021805,0,0,3
415,host-13,2,0,14,2,0,0,0.094562,0,32000,3026,0.094562,131072,3971,0.030296,0,0,2
415,host-14,2,0,14,2,0,0,0.125000,0,32000,4000,0.125000,131072,3992,0.030457,0,0,2
415,host-15,2,0,14,2,0,0,0.070187,0,32000,2246,0.070187,131072,1467,0.011192,0,0,2
415,host-16,2,0,14,2,0,0,0.090656,0,32000,2901,0.090656,131072,2975,0.022697,0,0,2
415,host-17,2,0,14,2,0,0,0.096000,0,32000,3072,0.096000,131072,3027,0.023094,0,0,2
415,host-18,2,0,14,2,0,0,0.088125,0,32000,2820,0.088125,131072,3652,0.027863,0,0,2
415,host-19,2,0,14,2,0,0,0.104688,0,32000,3350,0.104688,131072,2065,0.015755,0,0,2
415,host-2,2,0,14,2,0,0,0.092531,0,32000,2961,0.092531,131072,3609,0.027534,0,0,2
415,host-20,2,0,14,2,0,0,0.097687,0,32000,3126,0.097687,131072,2498,0.019058,0,0,2
415,host-21,1,0,14,1,0,0,0.071094,0,32000,2275,0.071094,131072,2314,0.017654,0,0,1
415,host-22,2,0,14,2,0,0,0.095812,0,32000,3066,0.095812,131072,3086,0.023544,0,0,2
415,host-23,2,1,14,2,1,0,0.081437,0,32000,2606,0.081437,131072,2794,0.021317,0,1,1
415,host-24,2,0,14,2,0,0,0.096250,0,32000,3080,0.096250,131072,3421,0.026100,0,0,2
415,host-3,2,0,14,2,0,0,0.107406,0,32000,3437,0.107406,131072,3560,0.027161,0,0,2
415,host-4,3,0,14,3,0,0,0.114125,0,32000,3652,0.114125,131072,4379,0.033409,0,0,3
415,host-5,1,0,14,1,0,0,0.066375,0,32000,2124,0.066375,131072,2384,0.018188,0,0,1
415,host-6,3,0,14,3,0,0,0.138656,0,32000,4437,0.138656,131072,4061,0.030983,0,0,3
415,host-7,2,0,14,2,0,0,0.088375,0,32000,2828,0.088375,131072,1643,0.012535,0,0,2
415,host-8,3,0,14,3,0,0,0.148719,0,32000,4759,0.148719,131072,4970,0.037918,0,0,3
415,host-9,3,1,14,3,1,0,0.131219,0,32000,4199,0.131219,131072,5133,0.039162,0,1,2
416,host-1,1,0,14,1,0,0,0.029812,0,32000,954,0.029812,131072,641,0.004890,0,0,1
416,host-10,2,0,14,2,0,0,0.121063,0,32000,3874,0.121063,131072,4562,0.034805,0,0,2
416,host-11,2,0,14,2,0,0,0.097437,0,32000,3118,0.097437,131072,2566,0.019577,0,0,2
416,host-12,3,0,14,3,0,0,0.130625,0,32000,4180,0.130625,131072,2858,0.021805,0,0,3
416,host-13,2,0,14,2,0,0,0.094562,0,32000,3026,0.094562,131072,3971,0.030296,0,0,2
416,host-14,2,0,14,2,0,0,0.125000,0,32000,4000,0.125000,131072,3992,0.030457,0,0,2
416,host-15,2,0,14,2,0,0,0.070187,0,32000,2246,0.070187,131072,1467,0.011192,0,0,2
416,host-16,2,0,14,2,0,0,0.090656,0,32000,2901,0.090656,131072,2975,0.022697,0,0,2
416,host-17,2,0,14,2,0,0,0.096000,0,32000,3072,0.096000,131072,3027,0.023094,0,0,2
416,host-18,2,0,14,2,0,0,0.088125,0,32000,2820,0.088125,131072,3652,0.027863,0,0,2
416,host-19,2,0,14,2,0,0,0.104688,0,32000,3350,0.104688,131072,2065,0.015755,0,0,2
416,host-2,2,0,14,2,0,0,0.092531,0,32000,2961,0.092531,131072,3609,0.027534,0,0,2
416,host-20,2,0,14,2,0,0,0.097687,0,32000,3126,0.097687,131072,2498,0.019058,0,0,2
416,host-21,1,0,14,1,0,0,0.071094,0,32000,2275,0.071094,131072,2314,0.017654,0,0,1
416,host-22,2,0,14,2,0,0,0.095812,0,32000,3066,0.095812,131072,3086,0.023544,0,0,2
416,host-23,2,0,14,2,0,0,0.081437,0,32000,2606,0.081437,131072,2794,0.021317,0,0,2
416,host-24,2,0,14,2,0,0,0.096250,0,32000,3080,0.096250,131072,3421,0.026100,0,0,2
416,host-3,2,0,14,2,0,0,0.107406,0,32000,3437,0.107406,131072,3560,0.027161,0,0,2
416,host-4,3,0,14,3,0,0,0.114125,0,32000,3652,0.114125,131072,4379,0.033409,0,0,3
416,host-5,1,0,14,1,0,0,0.066375,0,32000,2124,0.066375,131072,2384,0.018188,0,0,1
416,host-6,2,0,14,2,0,0,0.110875,0,32000,3548,0.110875,131072,3539,0.027000,0,0,2
416,host-7,2,0,14,2,0,0,0.088375,0,32000,2828,0.088375,131072,1643,0.012535,0,0,2
416,host-8,3,0,14,3,0,0,0.148719,0,32000,4759,0.148719,131072,4970,0.037918,0,0,3
416,host-9,3,0,14,3,0,0,0.131219,0,32000,4199,0.131219,131072,5133,0.039162,0,0,3
417,host-1,1,0,14,1,0,0,0.029812,0,32000,954,0.029812,131072,641,0.004890,0,0,1
417,host-10,2,0,14,2,0,0,0.121063,0,32000,3874,0.121063,131072,4562,0.034805,0,0,2
417,host-11,2,0,14,2,0,0,0.097437,0,32000,3118,0.097437,131072,2566,0.019577,0,0,2
417,host-12,3,0,14,3,0,0,0.130625,0,32000,4180,0.130625,131072,2858,0.021805,0,0,3
417,host-13,2,0,14,2,0,0,0.094562,0,32000,3026,0.094562,131072,3971,0.030296,0,0,2
417,host-14,2,0,14,2,0,0,0.125000,0,32000,4000,0.125000,131072,3992,0.030457,0,0,2
417,host-15,2,0,14,2,0,0,0.070187,0,32000,2246,0.070187,131072,1467,0.011192,0,0,2
417,host-16,2,0,14,2,0,0,0.090656,0,32000,2901,0.090656,131072,2975,0.022697,0,0,2
417,host-17,2,0,14,2,0,0,0.096000,0,32000,3072,0.096000,131072,3027,0.023094,0,0,2
417,host-18,2,0,14,2,0,0,0.088125,0,32000,2820,0.088125,131072,3652,0.027863,0,0,2
417,host-19,2,0,14,2,0,0,0.104688,0,32000,3350,0.104688,131072,2065,0.015755,0,0,2
417,host-2,2,0,14,2,0,0,0.092531,0,32000,2961,0.092531,131072,3609,0.027534,0,0,2
417,host-20,2,0,14,2,0,0,0.097687,0,32000,3126,0.097687,131072,2498,0.019058,0,0,2
417,host-21,1,0,14,1,0,0,0.071094,0,32000,2275,0.071094,131072,2314,0.017654,0,0,1
417,host-22,2,0,14,2,0,0,0.095812,0,32000,3066,0.095812,131072,3086,0.023544,0,0,2
417,host-23,2,0,14,2,0,0,0.081437,0,32000,2606,0.081437,131072,2794,0.021317,0,0,2
417,host-24,2,0,14,2,0,0,0.096250,0,32000,3080,0.096250,131072,3421,0.026100,0,0,2
417,host-3,2,0,14,2,0,0,0.107406,0,32000,3437,0.107406,131072,3560,0.027161,0,0,2
417,host-4,3,0,14,3,0,0,0.114125,0,32000,3652,0.114125,131072,4379,0.033409,0,0,3
417,host-5,0,0,14,0,0,0,0.000000,0,32000,0,0.000000,131072,0,0.000000,0,0,0
417,host-6,2,0,14,2,0,0,0.110875,0,32000,3548,0.110875,131072,3539,0.027000,0,0,2
417,host-7,2,0,14,2,0,0,0.088375,0,32000,2828,0.088375,131072,1643,0.012535,0,0,2
417,host-8,3,0,14,3,0,0,0.148719,0,32000,4759,0.148719,131072,4970,0.037918,0,0,3
417,host-9,3,0,14,3,0,0,0.131219,0,32000,4199,0.131219,131072,5133,0.039162,0,0,3
418,host-1,1,0,14,1,0,0,0.029812,0,32000,954,0.029812,131072,641,0.004890,0,0,1
418,host-10,2,0,14,2,0,0,0.121063,0,32000,3874,0.121063,131072,4562,0.034805,0,0,2
418,host-11,2,0,14,2,0,0,0.097437,0,32000,3118,0.097437,131072,2566,0.019577,0,0,2
418,host-12,2,0,14,2,0,0,0.086125,0,32000,2756,0.086125,131072,1710,0.013046,0,0,2
418,host-13,2,0,14,2,0,0,0.094562,0,32000,3026,0.094562,131072,3971,0.030296,0,0,2
418,host-14,2,0,14,2,0,0,0.125000,0,32000,4000,0.125000,131072,3992,0.030457,0,0,2
418,host-15,2,0,14,2,0,0,0.070187,0,32000,2246,0.070187,131072,1467,0.011192,0,0,2
418,host-16,2,0,14,2,0,0,0.090656,0,32000,2901,0.090656,131072,2975,0.022697,0,0,2
418,host-17,1,0,14,1,0,0,0.050812,0,32000,1626,0.050812,131072,1583,0.012077,0,0,1
418,host-18,2,0,14,2,0,0,0.088125,0,32000,2820,0.088125,131072,3652,0.027863,0,0,2
418,host-19,2,0,14,2,0,0,0.104688,0,32000,3350,0.104688,131072,2065,0.015755,0,0,2
418,host-2,2,0,14,2,0,0,0.092531,0,32000,2961,0.092531,131072,3609,0.027534,0,0,2
418,host-20,2,0,14,2,0,0,0.097687,0,32000,3126,0.097687,131072,2498,0.019058,0,0,2
418,host-21,1,0,14,1,0,0,0.071094,0,32000,2275,0.071094,131072,2314,0.017654,0,0,1
418,host-22,2,0,14,2,0,0,0.095812,0,32000,3066,0.095812,131072,3086,0.023544,0,0,2
418,host-23,2,0,14,2,0,0,0.081437,0,32000,2606,0.081437,131072,2794,0.021317,0,0,2
418,host-24,2,0,14,2,0,0,0.096250,0,32000,3080,0.096250,131072,3421,0.026100,0,0,2
418,host-3,2,0,14,2,0,0,0.107406,0,32000,3437,0.107406,131072,3560,0.027161,0,0,2
418,host-4,3,0,14,3,0,0,0.114125,0,32000,3652,0.114125,131072,4379,0.033409,0,0,3
418,host-5,0,0,14,0,0,0,0.000000,0,32000,0,0.000000,131072,0,0.000000,0,0,0
418,host-6,2,0,14,2,0,0,0.110875,0,32000,3548,0.110875,131072,3539,0.027000,0,0,2
418,host-7,1,0,14,1,0,0,0.040000,0,32000,1280,0.040000,131072,600,0.004578,0,0,1
418,host-8,3,0,14,3,0,0,0.148719,0,32000,4759,0.148719,131072,4970,0.037918,0,0,3
418,host-9,3,0,14,3,0,0,0.131219,0,32000,4199,0.131219,131072,5133,0.039162,0,0,3
419,host-1,1,0,14,1,0,0,0.029812,0,32000,954,0.029812,131072,641,0.004890,0,0,1
419,host-10,2,0,14,2,0,0,0.121063,0,32000,3874,0.121063,131072,4562,0.034805,0,0,2
419,host-11,2,0,14,2,0,0,0.097437,0,32000,3118,0.097437,131072,2566,0.019577,0,0,2
419,host-12,2,0,14,2,0,0,0.086125,0,32000,2756,0.086125,131072,1710,0.013046,0,0,2
419,host-13,2,0,14,2,0,0,0.094562,0,32000,3026,0.094562,131072,3971,0.030296,0,0,2
419,host-14,2,0,14,2,0,0,0.125000,0,32000,4000,0.125000,131072,3992,0.030457,0,0,2
419,host-15,2,0,14,2,0,0,0.070187,0,32000,2246,0.070187,131072,1467,0.011192,0,0,2
419,host-16,2,0,14,2,0,0,0.090656,0,32000,2901,0.090656,131072,2975,0.022697,0,0,2
419,host-17,1,0,14,1,0,0,0.050812,0,32000,1626,0.050812,131072,1583,0.012077,0,0,1
419,host-18,2,0,14,2,0,0,0.088125,0,32000,2820,0.088125,131072,3652,0.027863,0,0,2
419,host-19,2,0,14,2,0,0,0.104688,0,32000,3350,0.104688,131072,2065,0.015755,0,0,2
419,host-2,2,0,14,2,0,0,0.092531,0,32000,2961,0.092531,131072,3609,0.027534,0,0,2
419,host-20,2,0,14,2,0,0,0.097687,0,32000,3126,0.097687,131072,2498,0.019058,0,0,2
419,host-21,1,0,14,1,0,0,0.071094,0,32000,2275,0.071094,131072,2314,0.017654,0,0,1
419,host-22,2,0,14,2,0,0,0.095812,0,32000,3066,0.095812,131072,3086,0.023544,0,0,2
419,host-23,2,0,14,2,0,0,0.081437,0,32000,2606,0.081437,131072,2794,0.021317,0,0,2
419,host-24,2,0,14,2,0,0,0.096250,0,32000,3080,0.096250,131072,3421,0.026100,0,0,2
419,host-3,1,0,14,1,0,0,0.043344,0,32000,1387,0.043344,131072,874,0.006668,0,0,1
419,host-4,3,0,14,3,0,0,0.114125,0,32000,3652,0.114125,131072,4379,0.033409,0,0,3
419,host-5,1,1,14,1,1,0,0.068125,0,32000,2180,0.068125,131072,2731,0.020836,1,0,0
419,host-6,2,0,14,2,0,0,0.110875,0,32000,3548,0.110875,131072,3539,0.027000,0,0,2
419,host-7,1,0,14,1,0,0,0.040000,0,32000,1280,0.040000,131072,600,0.004578,0,0,1
419,host-8,3,0,14,3,0,0,0.148719,0,32000,4759,0.148719,131072,4970,0.037918,0,0,3
419,host-9,3,0,14,3,0,0,0.131219,0,32000,4199,0.131219,131072,5133,0.039162,0,0,3
420,host-1,2,0,14,2,0,0,0.071125,0,32000,2276,0.071125,131072,2024,0.015442,0,0,2
420,host-10,2,0,14,2,0,0,0.121063,0,32000,3874,0.121063,131072,4562,0.034805,0,0,2
420,host-11,2,0,14,2,0,0,0.097437,0,32000,3118,0.097437,131072,2566,0.019577,0,0,2
420,host-12,2,0,14,2,0,0,0.086125,0,32000,2756,0.086125,131072,1710,0.013046,0,0,2
420,host-13,2,0,14,2,0,0,0.094562,0,32000,3026,0.094562,131072,3971,0.030296,0,0,2
420,host-14,2,0,14,2,0,0,0.125000,0,32000,4000,0.125000,131072,3992,0.030457,0,0,2
420,host-15,2,0,14,2,0,0,0.070187,0,32000,2246,0.070187,131072,1467,0.011192,0,0,2
420,host-16,2,0,14,2,0,0,0.090656,0,32000,2901,0.090656,131072,2975,0.022697,0,0,2
420,host-17,1,0,14,1,0,0,0.050812,0,32000,1626,0.050812,131072,1583,0.012077,0,0,1
420,host-18,2,0,14,2,0,0,0.088125,0,32000,2820,0.088125,131072,3652,0.027863,0,0,2
420,host-19,2,0,14,2,0,0,0.104688,0,32000,3350,0.104688,131072,2065,0.015755,0,0,2
420,host-2,2,0,14,2,0,0,0.092531,0,32000,2961,0.092531,131072,3609,0.027534,0,0,2
420,host-20,2,0,14,2,0,0,0.097687,0,32000,3126,0.097687,131072,2498,0.019058,0,0,2
420,host-21,1,0,14,1,0,0,0.071094,0,32000,2275,0.071094,131072,2314,0.017654,0,0,1
420,host-22,1,0,14,1,0,0,0.053125,0,32000,1700,0.053125,131072,1505,0.011482,0,0,1
420,host-23,2,0,14,2,0,0,0.081437,0,32000,2606,0.081437,131072,2794,0.021317,0,0,2
420,host-24,2,0,14,2,0,0,0.096250,0,32000,3080,0.096250,131072,3421,0.026100,0,0,2
420,host-3,1,0,14,1,0,0,0.043344,0,32000,1387,0.043344,131072,874,0.006668,0,0,1
420,host-4,3,0,14,3,0,0,0.114125,0,32000,3652,0.114125,131072,4379,0.033409,0,0,3
420,host-5,1,1,14,1,1,0,0.068125,0,32000,2180,0.068125,131072,2731,0.020836,0,1,0
420,host-6,2,0,14,2,0,0,0.110875,0,32000,3548,0.110875,131072,3539,0.027000,0,0,2
420,host-7,2,1,14,2,1,0,0.094937,0,32000,3038,0.094937,131072,2418,0.018448,1,0,1
420,host-8,3,0,14,3,0,0,0.148719,0,32000,4759,0.148719,131072,4970,0.037918,0,0,3
420,host-9,3,0,14,3,0,0,0.131219,0,32000,4199,0.131219,131072,5133,0.039162,0,0,3
421,host-1,2,0,14,2,0,0,0.071125,0,32000,2276,0.071125,131072,2024,0.015442,0,0,2
421,host-10,1,0,14,1,0,0,0.052969,0,32000,1695,0.052969,131072,2132,0.016266,0,0,1
421,host-11,2,0,14,2,0,0,0.097437,0,32000,3118,0.097437,131072,2566,0.019577,0,0,2
421,host-12,2,0,14,2,0,0,0.086125,0,32000,2756,0.086125,131072,1710,0.013046,0,0,2
421,host-13,2,0,14,2,0,0,0.094562,0,32000,3026,0.094562,131072,3971,0.030296,0,0,2
421,host-14,2,0,14,2,0,0,0.125000,0,32000,4000,0.125000,131072,3992,0.030457,0,0,2
421,host-15,2,0,14,2,0,0,0.070187,0,32000,2246,0.070187,131072,1467,0.011192,0,0,2
421,host-16,2,0,14,2,0,0,0.090656,0,32000,2901,0.090656,131072,2975,0.022697,0,0,2
421,host-17,1,0,14,1,0,0,0.050812,0,32000,1626,0.050812,131072,1583,0.012077,0,0,1
421,host-18,2,0,14,2,0,0,0.088125,0,32000,2820,0.088125,131072,3652,0.027863,0,0,2
421,host-19,2,0,14,2,0,0,0.104688,0,32000,3350,0.104688,131072,2065,0.015755,0,0,2
421,host-2,2,0,14,2,0,0,0.092531,0,32000,2961,0.092531,131072,3609,0.027534,0,0,2
421,host-20,2,0,14,2,0,0,0.097687,0,32000,3126,0.097687,131072,2498,0.019058,0,0,2
421,host-21,0,0,14,0,0,0,0.000000,0,32000,0,0.000000,131072,0,0.000000,0,0,0
421,host-22,0,0,14,0,0,0,0.000000,0,32000,0,0.000000,131072,0,0.000000,0,0,0
421,host-23,2,0,14,2,0,0,0.081437,0,32000,2606,0.081437,131072,2794,0.021317,0,0,2
421,host-24,1,0,14,1,0,0,0.065844,0,32000,2107,0.065844,131072,1863,0.014214,0,0,1
421,host-3,1,0,14,1,0,0,0.043344,0,32000,1387,0.043344,131072,874,0.006668,0,0,1
421,host-4,2,0,14,2,0,0,0.088156,0,32000,2821,0.088156,131072,3330,0.025406,0,0,2
421,host-5,1,0,14,1,0,0,0.068125,0,32000,2180,0.068125,131072,2731,0.020836,0,0,1
421,host-6,2,0,14,2,0,0,0.110875,0,32000,3548,0.110875,131072,3539,0.027000,0,0,2
421,host-7,2,1,14,2,1,0,0.094937,0,32000,3038,0.094937,131072,2418,0.018448,1,0,1
421,host-8,3,0,14,3,0,0,0.148719,0,32000,4759,0.148719,131072,4970,0.037918,0,0,3
421,host-9,3,0,14,3,0,0,0.131219,0,32000,4199,0.131219,131072,5133,0.039162,0,0,3
422,host-1,2,0,14,2,0,0,0.071125,0,32000,2276,0.071125,131072,2024,0.015442,0,0,2
422,host-10,1,0,14,1,0,0,0.052969,0,32000,1695,0.052969,131072,2132,0.016266,0,0,1
422,host-11,1,0,14,1,0,0,0.044875,0,32000,1436,0.044875,131072,813,0.006203,0,0,1
422,host-12,2,0,14,2,0,0,0.086125,0,32000,2756,0.086125,131072,1710,0.013046,0,0,2
422,host-13,2,0,14,2,0,0,0.094562,0,32000,3026,0.094562,131072,3971,0.030296,0,0,2
422,host-14,1,0,14,1,0,0,0.071875,0,32000,2300,0.071875,131072,2487,0.018974,0,0,1
422,host-15,1,0,14,1,0,0,0.038344,0,32000,1227,0.038344,131072,904,0.006897,0,0,1
422,host-16,2,0,14,2,0,0,0.090656,0,32000,2901,0.090656,131072,2975,0.022697,0,0,2
422,host-17,1,0,14,1,0,0,0.050812,0,32000,1626,0.050812,131072,1583,0.012077,0,0,1
422,host-18,2,0,14,2,0,0,0.088125,0,32000,2820,0.088125,131072,3652,0.027863,0,0,2
422,host-19,2,0,14,2,0,0,0.104688,0,32000,3350,0.104688,131072,2065,0.015755,0,0,2
422,host-2,2,0,14,2,0,0,0.092531,0,32000,2961,0.092531,131072,3609,0.027534,0,0,2
422,host-20,1,0,14,1,0,0,0.054562,0,32000,1746,0.054562,131072,1249,0.009529,0,0,1
422,host-21,0,0,14,0,0,0,0.000000,0,32000,0,0.000000,131072,0,0.000000,0,0,0
422,host-22,0,0,14,0,0,0,0.000000,0,32000,0,0.000000,131072,0,0.000000,0,0,0
422,host-23,2,0,14,2,0,0,0.081437,0,32000,2606,0.081437,131072,2794,0.021317,0,0,2
422,host-24,1,0,14,1,0,0,0.065844,0,32000,2107,0.065844,131072,1863,0.014214,0,0,1
422,host-3,1,1,14,1,1,0,0.043344,0,32000,1387,0.043344,131072,874,0.006668,0,1,0
422,host-4,2,0,14,2,0,0,0.088156,0,32000,2821,0.088156,131072,3330,0.025406,0,0,2
422,host-5,1,0,14,1,0,0,0.068125,0,32000,2180,0.068125,131072,2731,0.020836,0,0,1
422,host-6,2,0,14,2,0,0,0.110875,0,32000,3548,0.110875,131072,3539,0.027000,0,0,2
422,host-7,2,0,14,2,0,0,0.094937,0,32000,3038,0.094937,131072,2418,0.018448,0,0,2
422,host-8,2,0,14,2,0,0,0.097281,0,32000,3113,0.097281,131072,3729,0.028450,0,0,2
422,host-9,3,0,14,3,0,0,0.131219,0,32000,4199,0.131219,131072,5133,0.039162,0,0,3
423,host-1,2,0,14,2,0,0,0.071125,0,32000,2276,0.071125,131072,2024,0.015442,0,0,2
423,host-10,1,0,14,1,0,0,0.052969,0,32000,1695,0.052969,131072,2132,0.016266,0,0,1
423,host-11,1,0,14,1,0,0,0.044875,0,32000,1436,0.044875,131072,813,0.006203,0,0,1
423,host-12,2,0,14,2,0,0,0.086125,0,32000,2756,0.086125,131072,1710,0.013046,0,0,2
423,host-13,2,0,14,2,0,0,0.094562,0,32000,3026,0.094562,131072,3971,0.030296,0,0,2
423,host-14,1,0,14,1,0,0,0.071875,0,32000,2300,0.071875,131072,2487,0.018974,0,0,1
423,host-15,2,1,14,2,1,0,0.097969,0,32000,3135,0.097969,131072,3128,0.023865,1,0,1
423,host-16,2,0,14,2,0,0,0.090656,0,32000,2901,0.090656,131072,2975,0.022697,0,0,2
423,host-17,1,0,14,1,0,0,0.050812,0,32000,1626,0.050812,131072,1583,0.012077,0,0,1
423,host-18,2,0,14,2,0,0,0.088125,0,32000,2820,0.088125,131072,3652,0.027863,0,0,2
423,host-19,2,0,14,2,0,0,0.104688,0,32000,3350,0.104688,131072,2065,0.015755,0,0,2
423,host-2,2,1,14,2,1,0,0.092531,0,32000,2961,0.092531,131072,3609,0.027534,0,1,1
423,host-20,1,0,14,1,0,0,0.054562,0,32000,1746,0.054562,131072,1249,0.009529,0,0,1
423,host-21,2,1,14,2,1,0,0.090844,0,32000,2907,0.090844,131072,3205,0.024452,1,0,1
423,host-22,1,1,14,1,1,0,0.073781,0,32000,2361,0.073781,131072,2606,0.019882,1,0,0
423,host-23,2,0,14,2,0,0,0.081437,0,32000,2606,0.081437,131072,2794,0.021317,0,0,2
423,host-24,1,0,14,1,0,0,0.065844,0,32000,2107,0.065844,131072,1863,0.014214,0,0,1
423,host-3,2,1,14,2,1,0,0.109875,0,32000,3516,0.109875,131072,3095,0.023613,1,0,1
423,host-4,2,0,14,2,0,0,0.088156,0,32000,2821,0.088156,131072,3330,0.025406,0,0,2
423,host-5,1,0,14,1,0,0,0.068125,0,32000,2180,0.068125,131072,2731,0.020836,0,0,1
423,host-6,2,0,14,2,0,0,0.110875,0,32000,3548,0.110875,131072,3539,0.027000,0,0,2
423,host-7,2,0,14,2,0,0,0.094937,0,32000,3038,0.094937,131072,2418,0.018448,0,0,2
423,host-8,2,0,14,2,0,0,0.097281,0,32000,3113,0.097281,131072,3729,0.028450,0,0,2
423,host-9,3,0,14,3,0,0,0.131219,0,32000,4199,0.131219,131072,5133,0.039162,0,0,3
424,host-1,2,0,14,2,0,0,0.071125,0,32000,2276,0.071125,131072,2024,0.015442,0,0,2
424,host-10,1,0,14,1,0,0,0.052969,0,32000,1695,0.052969,131072,2132,0.016266,0,0,1
424,host-11,1,0,14,1,0,0,0.044875,0,32000,1436,0.044875,131072,813,0.006203,0,0,1
424,host-12,2,0,14,2,0,0,0.086125,0,32000,2756,0.086125,131072,1710,0.013046,0,0,2
424,host-13,2,0,14,2,0,0,0.094562,0,32000,3026,0.094562,131072,3971,0.030296,0,0,2
424,host-14,1,0,14,1,0,0,0.071875,0,32000,2300,0.071875,131072,2487,0.018974,0,0,1
424,host-15,2,1,14,2,1,0,0.097969,0,32000,3135,0.097969,131072,3128,0.023865,1,0,1
424,host-16,2,0,14,2,0,0,0.090656,0,32000,2901,0.090656,131072,2975,0.022697,0,0,2
424,host-17,1,0,14,1,0,0,0.050812,0,32000,1626,0.050812,131072,1583,0.012077,0,0,1
424,host-18,2,0,14,2,0,0,0.088125,0,32000,2820,0.088125,131072,3652,0.027863,0,0,2
424,host-19,2,0,14,2,0,0,0.104688,0,32000,3350,0.104688,131072,2065,0.015755,0,0,2
424,host-2,2,0,14,2,0,0,0.092531,0,32000,2961,0.092531,131072,3609,0.027534,0,0,2
424,host-20,1,0,14,1,0,0,0.054562,0,32000,1746,0.054562,131072,1249,0.009529,0,0,1
424,host-21,2,1,14,2,1,0,0.090844,0,32000,2907,0.090844,131072,3205,0.024452,1,0,1
424,host-22,1,1,14,1,1,0,0.073781,0,32000,2361,0.073781,131072,2606,0.019882,0,1,0
424,host-23,2,0,14,2,0,0,0.081437,0,32000,2606,0.081437,131072,2794,0.021317,0,0,2
424,host-24,1,0,14,1,0,0,0.065844,0,32000,2107,0.065844,131072,1863,0.014214,0,0,1
424,host-3,2,1,14,2,1,0,0.109875,0,32000,3516,0.109875,131072,3095,0.023613,1,0,1
424,host-4,2,0,14,2,0,0,0.088156,0,32000,2821,0.088156,131072,3330,0.025406,0,0,2
424,host-5,1,0,14,1,0,0,0.068125,0,32000,2180,0.068125,131072,2731,0.020836,0,0,1
424,host-6,2,0,14,2,0,0,0.110875,0,32000,3548,0.110875,131072,3539,0.027000,0,0,2
424,host-7,2,0,14,2,0,0,0.094937,0,32000,3038,0.094937,131072,2418,0.018448,0,0,2
424,host-8,2,0,14,2,0,0,0.097281,0,32000,3113,0.097281,131072,3729,0.028450,0,0,2
424,host-9,3,0,14,3,0,0,0.131219,0,32000,4199,0.131219,131072,5133,0.039162,0,0,3
425,host-1,2,0,14,2,0,0,0.071125,0,32000,2276,0.071125,131072,2024,0.015442,0,0,2
425,host-10,1,0,14,1,0,0,0.052969,0,32000,1695,0.052969,131072,2132,0.016266,0,0,1
425,host-11,1,0,14,1,0,0,0.044875,0,32000,1436,0.044875,131072,813,0.006203,0,0,1
425,host-12,2,0,14,2,0,0,0.086125,0,32000,2756,0.086125,131072,1710,0.013046,0,0,2
425,host-13,2,0,14,2,0,0,0.094562,0,32000,3026,0.094562,131072,3971,0.030296,0,0,2
425,host-14,1,0,14,1,0,0,0.071875,0,32000,2300,0.071875,131072,2487,0.018974,0,0,1
425,host-15,2,0,14,2,0,0,0.097969,0,32000,3135,0.097969,131072,3128,0.023865,0,0,2
425,host-16,2,0,14,2,0,0,0.090656,0,32000,2901,0.090656,131072,2975,0.022697,0,0,2
425,host-17,1,0,14,1,0,0,0.050812,0,32000,1626,0.050812,131072,1583,0.012077,0,0,1
425,host-18,2,0,14,2,0,0,0.088125,0,32000,2820,0.088125,131072,3652,0.027863,0,0,2
425,host-19,2,0,14,2,0,0,0.104688,0,32000,3350,0.104688,131072,2065,0.015755,0,0,2
425,host-2,1,0,14,1,0,0,0.044000,0,32000,1408,0.044000,131072,1882,0.014359,0,0,1
425,host-20,1,1,14,1,1,0,0.054562,0,32000,1746,0.054562,131072,1249,0.009529,0,1,0
425,host-21,2,0,14,2,0,0,0.090844,0,32000,2907,0.090844,131072,3205,0.024452,0,0,2
425,host-22,1,0,14,1,0,0,0.073781,0,32000,2361,0.073781,131072,2606,0.019882,0,0,1
425,host-23,2,0,14,2,0,0,0.081437,0,32000,2606,0.081437,131072,2794,0.021317,0,0,2
425,host-24,1,0,14,1,0,0,0.065844,0,32000,2107,0.065844,131072,1863,0.014214,0,0,1
425,host-3,2,1,14,2,1,0,0.109875,0,32000,3516,0.109875,131072,3095,0.023613,0,1,1
425,host-4,2,0,14,2,0,0,0.088156,0,32000,2821,0.088156,131072,3330,0.025406,0,0,2
425,host-5,1,0,14,1,0,0,0.068125,0,32000,2180,0.068125,131072,2731,0.020836,0,0,1
425,host-6,2,0,14,2,0,0,0.110875,0,32000,3548,0.110875,131072,3539,0.027000,0,0,2
425,host-7,1,0,14,1,0,0,0.054938,0,32000,1758,0.054938,131072,1818,0.013870,0,0,1
425,host-8,2,0,14,2,0,0,0.097281,0,32000,3113,0.097281,131072,3729,0.028450,0,0,2
425,host-9,3,0,14,3,0,0,0.131219,0,32000,4199,0.131219,131072,5133,0.039162,0,0,3
426,host-1,2,0,14,2,0,0,0.071125,0,32000,2276,0.071125,131072,2024,0.015442,0,0,2
426,host-10,1,0,14,1,0,0,0.052969,0,32000,1695,0.052969,131072,2132,0.016266,0,0,1
426,host-11,2,1,14,2,1,0,0.117031,0,32000,3745,0.117031,131072,3762,0.028702,1,0,1
426,host-12,2,0,14,2,0,0,0.086125,0,32000,2756,0.086125,131072,1710,0.013046,0,0,2
426,host-13,2,0,14,2,0,0,0.094562,0,32000,3026,0.094562,131072,3971,0.030296,0,0,2
426,host-14,1,0,14,1,0,0,0.071875,0,32000,2300,0.071875,131072,2487,0.018974,0,0,1
426,host-15,2,0,14,2,0,0,0.097969,0,32000,3135,0.097969,131072,3128,0.023865,0,0,2
426,host-16,2,0,14,2,0,0,0.090656,0,32000,2901,0.090656,131072,2975,0.022697,0,0,2
426,host-17,2,1,14,2,1,0,0.080375,0,32000,2572,0.080375,131072,2598,0.019821,1,0,1
426,host-18,2,0,14,2,0,0,0.088125,0,32000,2820,0.088125,131072,3652,0.027863,0,0,2
426,host-19,2,0,14,2,0,0,0.104688,0,32000,3350,0.104688,131072,2065,0.015755,0,0,2
426,host-2,2,1,14,2,1,0,0.071250,0,32000,2280,0.071250,131072,2754,0.021011,1,0,1
426,host-20,1,0,14,1,0,0,0.054562,0,32000,1746,0.054562,131072,1249,0.009529,0,0,1
426,host-21,2,0,14,2,0,0,0.090844,0,32000,2907,0.090844,131072,3205,0.024452,0,0,2
426,host-22,1,0,14,1,0,0,0.073781,0,32000,2361,0.073781,131072,2606,0.019882,0,0,1
426,host-23,2,0,14,2,0,0,0.081437,0,32000,2606,0.081437,131072,2794,0.021317,0,0,2
426,host-24,1,0,14,1,0,0,0.065844,0,32000,2107,0.065844,131072,1863,0.014214,0,0,1
426,host-3,2,0,14,2,0,0,0.109875,0,32000,3516,0.109875,131072,3095,0.023613,0,0,2
426,host-4,2,0,14,2,0,0,0.088156,0,32000,2821,0.088156,131072,3330,0.025406,0,0,2
426,host-5,1,0,14,1,0,0,0.068125,0,32000,2180,0.068125,131072,2731,0.020836,0,0,1
426,host-6,2,0,14,2,0,0,0.110875,0,32000,3548,0.110875,131072,3539,0.027000,0,0,2
426,host-7,1,0,14,1,0,0,0.054938,0,32000,1758,0.054938,131072,1818,0.013870,0,0,1
426,host-8,2,0,14,2,0,0,0.097281,0,32000,3113,0.097281,131072,3729,0.028450,0,0,2
426,host-9,3,0,14,3,0,0,0.131219,0,32000,4199,0.131219,131072,5133,0.039162,0,0,3
427,host-1,2,0,14,2,0,0,0.071125,0,32000,2276,0.071125,131072,2024,0.015442,0,0,2
427,host-10,2,1,14,2,1,0,0.119344,0,32000,3819,0.119344,131072,4516,0.034454,1,0,1
427,host-11,2,1,14,2,1,0,0.117031,0,32000,3745,0.117031,131072,3762,0.028702,0,1,1
427,host-12,2,0,14,2,0,0,0.086125,0,32000,2756,0.086125,131072,1710,0.013046,0,0,2
427,host-13,0,0,14,0,0,0,0.000000,0,32000,0,0.000000,131072,0,0.000000,0,0,0
427,host-14,0,0,14,0,0,0,0.000000,0,32000,0,0.000000,131072,0,0.000000,0,0,0
427,host-15,2,0,14,2,0,0,0.097969,0,32000,3135,0.097969,131072,3128,0.023865,0,0,2
427,host-16,2,0,14,2,0,0,0.090656,0,32000,2901,0.090656,131072,2975,0.022697,0,0,2
427,host-17,2,1,14,2,1,0,0.080375,0,32000,2572,0.080375,131072,2598,0.019821,1,0,1
427,host-18,2,0,14,2,0,0,0.088125,0,32000,2820,0.088125,131072,3652,0.027863,0,0,2
427,host-19,2,0,14,2,0,0,0.104688,0,32000,3350,0.104688,131072,2065,0.015755,0,0,2
427,host-2,2,0,14,2,0,0,0.071250,0,32000,2280,0.071250,131072,2754,0.021011,0,0,2
427,host-20,1,0,14,1,0,0,0.054562,0,32000,1746,0.054562,131072,1249,0.009529,0,0,1
427,host-21,2,0,14,2,0,0,0.090844,0,32000,2907,0.090844,131072,3205,0.024452,0,0,2
427,host-22,1,0,14,1,0,0,0.073781,0,32000,2361,0.073781,131072,2606,0.019882,0,0,1
427,host-23,2,0,14,2,0,0,0.081437,0,32000,2606,0.081437,131072,2794,0.021317,0,0,2
427,host-24,1,0,14,1,0,0,0.065844,0,32000,2107,0.065844,131072,1863,0.014214,0,0,1
427,host-3,2,0,14,2,0,0,0.109875,0,32000,3516,0.109875,131072,3095,0.023613,0,0,2
427,host-4,1,0,14,1,0,0,0.026625,0,32000,852,0.026625,131072,1073,0.008186,0,0,1
427,host-5,1,0,14,1,0,0,0.068125,0,32000,2180,0.068125,131072,2731,0.020836,0,0,1
427,host-6,2,1,14,2,1,0,0.110875,0,32000,3548,0.110875,131072,3539,0.027000,0,1,1
427,host-7,1,0,14,1,0,0,0.054938,0,32000,1758,0.054938,131072,1818,0.013870,0,0,1
427,host-8,2,0,14,2,0,0,0.097281,0,32000,3113,0.097281,131072,3729,0.028450,0,0,2
427,host-9,2,0,14,2,0,0,0.082750,0,32000,2648,0.082750,131072,2902,0.022141,0,0,2
428,host-1,2,0,14,2,0,0,0.071125,0,32000,2276,0.071125,131072,2024,0.015442,0,0,2
428,host-10,2,1,14,2,1,0,0.119344,0,32000,3819,0.119344,131072,4516,0.034454,0,1,1
428,host-11,2,0,14,2,0,0,0.117031,0,32000,3745,0.117031,131072,3762,0.028702,0,0,2
428,host-12,2,0,14,2,0,0,0.086125,0,32000,2756,0.086125,131072,1710,0.013046,0,0,2
428,host-13,0,0,14,0,0,0,0.000000,0,32000,0,0.000000,131072,0,0.000000,0,0,0
428,host-14,1,1,14,1,1,0,0.056438,0,32000,1806,0.056438,131072,2124,0.016205,1,0,0
428,host-15,2,0,14,2,0,0,0.097969,0,32000,3135,0.097969,131072,3128,0.023865,0,0,2
428,host-16,2,0,14,2,0,0,0.090656,0,32000,2901,0.090656,131072,2975,0.022697,0,0,2
428,host-17,2,0,14,2,0,0,0.080375,0,32000,2572,0.080375,131072,2598,0.019821,0,0,2
428,host-18,2,0,14,2,0,0,0.088125,0,32000,2820,0.088125,131072,3652,0.027863,0,0,2
428,host-19,1,0,14,1,0,0,0.062156,0,32000,1989,0.062156,131072,1467,0.011192,0,0,1
428,host-2,2,0,14,2,0,0,0.071250,0,32000,2280,0.071250,131072,2754,0.021011,0,0,2
428,host-20,1,0,14,1,0,0,0.054562,0,32000,1746,0.054562,131072,1249,0.009529,0,0,1
428,host-21,2,0,14,2,0,0,0.090844,0,32000,2907,0.090844,131072,3205,0.024452,0,0,2
428,host-22,1,0,14,1,0,0,0.073781,0,32000,2361,0.073781,131072,2606,0.019882,0,0,1
428,host-23,2,0,14,2,0,0,0.081437,0,32000,2606,0.081437,131072,2794,0.021317,0,0,2
428,host-24,1,0,14,1,0,0,0.065844,0,32000,2107,0.065844,131072,1863,0.014214,0,0,1
428,host-3,2,0,14,2,0,0,0.109875,0,32000,3516,0.109875,131072,3095,0.023613,0,0,2
428,host-4,1,0,14,1,0,0,0.026625,0,32000,852,0.026625,131072,1073,0.008186,0,0,1
428,host-5,1,0,14,1,0,0,0.068125,0,32000,2180,0.068125,131072,2731,0.020836,0,0,1
428,host-6,2,0,14,2,0,0,0.110875,0,32000,3548,0.110875,131072,3539,0.027000,0,0,2
428,host-7,1,0,14,1,0,0,0.054938,0,32000,1758,0.054938,131072,1818,0.013870,0,0,1
428,host-8,2,0,14,2,0,0,0.097281,0,32000,3113,0.097281,131072,3729,0.028450,0,0,2
428,host-9,2,0,14,2,0,0,0.082750,0,32000,2648,0.082750,131072,2902,0.022141,0,0,2
429,host-1,2,0,14,2,0,0,0.071125,0,32000,2276,0.071125,131072,2024,0.015442,0,0,2
429,host-10,1,0,14,1,0,0,0.066375,0,32000,2124,0.066375,131072,2384,0.018188,0,0,1
429,host-11,2,0,14,2,0,0,0.117031,0,32000,3745,0.117031,131072,3762,0.028702,0,0,2
429,host-12,2,0,14,2,0,0,0.086125,0,32000,2756,0.086125,131072,1710,0.013046,0,0,2
429,host-13,2,2,14,2,2,0,0.092875,0,32000,2972,0.092875,131072,2191,0.016716,2,0,0
429,host-14,2,1,14,2,1,0,0.088281,0,32000,2825,0.088281,131072,2687,0.020500,1,0,1
429,host-15,2,0,14,2,0,0,0.097969,0,32000,3135,0.097969,131072,3128,0.023865,0,0,2
429,host-16,2,1,14,2,1,0,0.098062,0,32000,3138,0.098062,131072,3466,0.026443,1,0,1
429,host-17,2,0,14,2,0,0,0.080375,0,32000,2572,0.080375,131072,2598,0.019821,0,0,2
429,host-18,2,0,14,2,0,0,0.088125,0,32000,2820,0.088125,131072,3652,0.027863,0,0,2
429,host-19,1,0,14,1,0,0,0.062156,0,32000,1989,0.062156,131072,1467,0.011192,0,0,1
429,host-2,2,0,14,2,0,0,0.071250,0,32000,2280,0.071250,131072,2754,0.021011,0,0,2
429,host-20,2,1,14,2,1,0,0.118625,0,32000,3796,0.118625,131072,3935,0.030022,1,0,1
429,host-21,2,0,14,2,0,0,0.090844,0,32000,2907,0.090844,131072,3205,0.024452,0,0,2
429,host-22,1,0,14,1,0,0,0.073781,0,32000,2361,0.073781,131072,2606,0.019882,0,0,1
429,host-23,2,0,14,2,0,0,0.081437,0,32000,2606,0.081437,131072,2794,0.021317,0,0,2
429,host-24,1,0,14,1,0,0,0.065844,0,32000,2107,0.065844,131072,1863,0.014214,0,0,1
429,host-3,2,0,14,2,0,0,0.109875,0,32000,3516,0.109875,131072,3095,0.023613,0,0,2
429,host-4,3,2,14,3,2,0,0.108469,0,32000,3471,0.108469,131072,3872,0.029541,2,0,1
429,host-5,1,0,14,1,0,0,0.068125,0,32000,2180,0.068125,131072,2731,0.020836,0,0,1
429,host-6,2,0,14,2,0,0,0.110875,0,32000,3548,0.110875,131072,3539,0.027000,0,0,2
429,host-7,2,1,14,2,1,0,0.080906,0,32000,2589,0.080906,131072,2867,0.021873,1,0,1
429,host-8,2,0,14,2,0,0,0.097281,0,32000,3113,0.097281,131072,3729,0.028450,0,0,2
429,host-9,2,0,14,2,0,0,0.082750,0,32000,2648,0.082750,131072,2902,0.022141,0,0,2
430,host-1,1,0,14,1,0,0,0.041313,0,32000,1322,0.041313,131072,1383,0.010551,0,0,1
430,host-10,1,0,14,1,0,0,0.066375,0,32000,2124,0.066375,131072,2384,0.018188,0,0,1
430,host-11,2,0,14,2,0,0,0.117031,0,32000,3745,0.117031,131072,3762,0.028702,0,0,2
430,host-12,2,0,14,2,0,0,0.086125,0,32000,2756,0.086125,131072,1710,0.013046,0,0,2
430,host-13,2,1,14,2,1,0,0.092875,0,32000,2972,0.092875,131072,2191,0.016716,1,0,1
430,host-14,2,0,14,2,0,0,0.088281,0,32000,2825,0.088281,131072,2687,0.020500,0,0,2
430,host-15,2,0,14,2,0,0,0.097969,0,32000,3135,0.097969,131072,3128,0.023865,0,0,2
430,host-16,2,0,14,2,0,0,0.098062,0,32000,3138,0.098062,131072,3466,0.026443,0,0,2
430,host-17,2,0,14,2,0,0,0.080375,0,32000,2572,0.080375,131072,2598,0.019821,0,0,2
430,host-18,2,0,14,2,0,0,0.088125,0,32000,2820,0.088125,131072,3652,0.027863,0,0,2
430,host-19,2,1,14,2,1,0,0.110531,0,32000,3537,0.110531,131072,2510,0.019150,1,0,1
430,host-2,2,0,14,2,0,0,0.071250,0,32000,2280,0.071250,131072,2754,0.021011,0,0,2
430,host-20,2,0,14,2,0,0,0.118625,0,32000,3796,0.118625,131072,3935,0.030022,0,0,2
430,host-21,2,0,14,2,0,0,0.090844,0,32000,2907,0.090844,131072,3205,0.024452,0,0,2
430,host-22,1,0,14,1,0,0,0.073781,0,32000,2361,0.073781,131072,2606,0.019882,0,0,1
430,host-23,2,0,14,2,0,0,0.081437,0,32000,2606,0.081437,131072,2794,0.021317,0,0,2
430,host-24,1,0,14,1,0,0,0.065844,0,32000,2107,0.065844,131072,1863,0.014214,0,0,1
430,host-3,2,0,14,2,0,0,0.109875,0,32000,3516,0.109875,131072,3095,0.023613,0,0,2
430,host-4,3,2,14,3,2,0,0.108469,0,32000,3471,0.108469,131072,3872,0.029541,1,1,1
430,host-5,1,0,14,1,0,0,0.068125,0,32000,2180,0.068125,131072,2731,0.020836,0,0,1
430,host-6,1,0,14,1,0,0,0.057906,0,32000,1853,0.057906,131072,1407,0.010735,0,0,1
430,host-7,2,0,14,2,0,0,0.080906,0,32000,2589,0.080906,131072,2867,0.021873,0,0,2
430,host-8,2,0,14,2,0,0,0.097281,0,32000,3113,0.097281,131072,3729,0.028450,0,0,2
430,host-9,2,0,14,2,0,0,0.082750,0,32000,2648,0.082750,131072,2902,0.022141,0,0,2
431,host-1,2,1,14,2,1,0,0.092750,0,32000,2968,0.092750,131072,2624,0.020020,1,0,1
431,host-10,1,0,14,1,0,0,0.066375,0,32000,2124,0.066375,131072,2384,0.018188,0,0,1
431,host-11,2,0,14,2,0,0,0.117031,0,32000,3745,0.117031,131072,3762,0.028702,0,0,2
431,host-12,2,0,14,2,0,0,0.086125,0,32000,2756,0.086125,131072,1710,0.013046,0,0,2
431,host-13,2,0,14,2,0,0,0.092875,0,32000,2972,0.092875,131072,2191,0.016716,0,0,2
431,host-14,2,0,14,2,0,0,0.088281,0,32000,2825,0.088281,131072,2687,0.020500,0,0,2
431,host-15,2,0,14,2,0,0,0.097969,0,32000,3135,0.097969,131072,3128,0.023865,0,0,2
431,host-16,2,0,14,2,0,0,0.098062,0,32000,3138,0.098062,131072,3466,0.026443,0,0,2
431,host-17,2,0,14,2,0,0,0.080375,0,32000,2572,0.080375,131072,2598,0.019821,0,0,2
431,host-18,2,0,14,2,0,0,0.088125,0,32000,2820,0.088125,131072,3652,0.027863,0,0,2
431,host-19,2,0,14,2,0,0,0.110531,0,32000,3537,0.110531,131072,2510,0.019150,0,0,2
431,host-2,2,0,14,2,0,0,0.071250,0,32000,2280,0.071250,131072,2754,0.021011,0,0,2
431,host-20,2,1,14,2,1,0,0.118625,0,32000,3796,0.118625,131072,3935,0.030022,0,1,1
431,host-21,2,0,14,2,0,0,0.090844,0,32000,2907,0.090844,131072,3205,0.024452,0,0,2
431,host-22,1,0,14,1,0,0,0.073781,0,32000,2361,0.073781,131072,2606,0.019882,0,0,1
431,host-23,2,0,14,2,0,0,0.081437,0,32000,2606,0.081437,131072,2794,0.021317,0,0,2
431,host-24,1,1,14,1,1,0,0.065844,0,32000,2107,0.065844,131072,1863,0.014214,0,1,0
431,host-3,2,0,14,2,0,0,0.109875,0,32000,3516,0.109875,131072,3095,0.023613,0,0,2
431,host-4,3,0,14,3,0,0,0.108469,0,32000,3471,0.108469,131072,3872,0.029541,0,0,3
431,host-5,1,0,14,1,0,0,0.068125,0,32000,2180,0.068125,131072,2731,0.020836,0,0,1
431,host-6,1,0,14,1,0,0,0.057906,0,32000,1853,0.057906,131072,1407,0.010735,0,0,1
431,host-7,2,0,14,2,0,0,0.080906,0,32000,2589,0.080906,131072,2867,0.021873,0,0,2
431,host-8,2,0,14,2,0,0,0.097281,0,32000,3113,0.097281,131072,3729,0.028450,0,0,2
431,host-9,1,0,14,1,0,0,0.052937,0,32000,1694,0.052937,131072,2261,0.017250,0,0,1
432,host-1,2,1,14,2,1,0,0.092750,0,32000,2968,0.092750,131072,2624,0.020020,0,1,1
432,host-10,1,0,14,1,0,0,0.066375,0,32000,2124,0.066375,131072,2384,0.018188,0,0,1
432,host-11,2,0,14,2,0,0,0.117031,0,32000,3745,0.117031,131072,3762,0.028702,0,0,2
432,host-12,2,0,14,2,0,0,0.086125,0,32000,2756,0.086125,131072,1710,0.013046,0,0,2
432,host-13,2,0,14,2,0,0,0.092875,0,32000,2972,0.092875,131072,2191,0.016716,0,0,2
432,host-14,2,0,14,2,0,0,0.088281,0,32000,2825,0.088281,131072,2687,0.020500,0,0,2
432,host-15,2,0,14,2,0,0,0.097969,0,32000,3135,0.097969,131072,3128,0.023865,0,0,2
432,host-16,2,0,14,2,0,0,0.098062,0,32000,3138,0.098062,131072,3466,0.026443,0,0,2
432,host-17,2,0,14,2,0,0,0.080375,0,32000,2572,0.080375,131072,2598,0.019821,0,0,2
432,host-18,2,0,14,2,0,0,0.088125,0,32000,2820,0.088125,131072,3652,0.027863,0,0,2
432,host-19,2,0,14,2,0,0,0.110531,0,32000,3537,0.110531,131072,2510,0.019150,0,0,2
432,host-2,2,0,14,2,0,0,0.071250,0,32000,2280,0.071250,131072,2754,0.021011,0,0,2
432,host-20,2,0,14,2,0,0,0.118625,0,32000,3796,0.118625,131072,3935,0.030022,0,0,2
432,host-21,2,0,14,2,0,0,0.090844,0,32000,2907,0.090844,131072,3205,0.024452,0,0,2
432,host-22,1,0,14,1,0,0,0.073781,0,32000,2361,0.073781,131072,2606,0.019882,0,0,1
432,host-23,2,0,14,2,0,0,0.081437,0,32000,2606,0.081437,131072,2794,0.021317,0,0,2
432,host-24,1,0,14,1,0,0,0.065844,0,32000,2107,0.065844,131072,1863,0.014214,0,0,1
432,host-3,2,0,14,2,0,0,0.109875,0,32000,3516,0.109875,131072,3095,0.023613,0,0,2
432,host-4,3,0,14,3,0,0,0.108469,0,32000,3471,0.108469,131072,3872,0.029541,0,0,3
432,host-5,1,0,14,1,0,0,0.068125,0,32000,2180,0.068125,131072,2731,0.020836,0,0,1
432,host-6,1,0,14,1,0,0,0.057906,0,32000,1853,0.057906,131072,1407,0.010735,0,0,1
432,host-7,2,0,14,2,0,0,0.080906,0,32000,2589,0.080906,131072,2867,0.021873,0,0,2
432,host-8,2,0,14,2,0,0,0.097281,0,32000,3113,0.097281,131072,3729,0.028450,0,0,2
432,host-9,1,1,14,1,1,0,0.052937,0,32000,1694,0.052937,131072,2261,0.017250,0,1,0
433,host-1,2,0,14,2,0,0,0.092750,0,32000,2968,0.092750,131072,2624,0.020020,0,0,2
433,host-10,1,0,14,1,0,0,0.066375,0,32000,2124,0.066375,131072,2384,0.018188,0,0,1
433,host-11,2,0,14,2,0,0,0.117031,0,32000,3745,0.117031,131072,3762,0.028702,0,0,2
433,host-12,2,0,14,2,0,0,0.086125,0,32000,2756,0.086125,131072,1710,0.013046,0,0,2
433,host-13,2,0,14,2,0,0,0.092875,0,32000,2972,0.092875,131072,2191,0.016716,0,0,2
433,host-14,2,0,14,2,0,0,0.088281,0,32000,2825,0.088281,131072,2687,0.020500,0,0,2
433,host-15,2,0,14,2,0,0,0.097969,0,32000,3135,0.097969,131072,3128,0.023865,0,0,2
433,host-16,2,0,14,2,0,0,0.098062,0,32000,3138,0.098062,131072,3466,0.026443,0,0,2
433,host-17,2,0,14,2,0,0,0.080375,0,32000,2572,0.080375,131072,2598,0.019821,0,0,2
433,host-18,2,0,14,2,0,0,0.088125,0,32000,2820,0.088125,131072,3652,0.027863,0,0,2
433,host-19,2,0,14,2,0,0,0.110531,0,32000,3537,0.110531,131072,2510,0.019150,0,0,2
433,host-2,2,0,14,2,0,0,0.071250,0,32000,2280,0.071250,131072,2754,0.021011,0,0,2
433,host-20,2,0,14,2,0,0,0.118625,0,32000,3796,0.118625,131072,3935,0.030022,0,0,2
433,host-21,2,0,14,2,0,0,0.090844,0,32000,2907,0.090844,131072,3205,0.024452,0,0,2
433,host-22,1,0,14,1,0,0,0.073781,0,32000,2361,0.073781,131072,2606,0.019882,0,0,1
433,host-23,2,0,14,2,0,0,0.081437,0,32000,2606,0.081437,131072,2794,0.021317,0,0,2
433,host-24,1,0,14,1,0,0,0.065844,0,32000,2107,0.065844,131072,1863,0.014214,0,0,1
433,host-3,2,0,14,2,0,0,0.109875,0,32000,3516,0.109875,131072,3095,0.023613,0,0,2
433,host-4,3,0,14,3,0,0,0.108469,0,32000,3471,0.108469,131072,3872,0.029541,0,0,3
433,host-5,1,0,14,1,0,0,0.068125,0,32000,2180,0.068125,131072,2731,0.020836,0,0,1
433,host-6,1,0,14,1,0,0,0.057906,0,32000,1853,0.057906,131072,1407,0.010735,0,0,1
433,host-7,2,0,14,2,0,0,0.080906,0,32000,2589,0.080906,131072,2867,0.021873,0,0,2
433,host-8,2,0,14,2,0,0,0.097281,0,32000,3113,0.097281,131072,3729,0.028450,0,0,2
433,host-9,1,0,14,1,0,0,0.052937,0,32000,1694,0.052937,131072,2261,0.017250,0,0,1
434,host-1,2,0,14,2,0,0,0.092750,0,32000,2968,0.092750,131072,2624,0.020020,0,0,2
434,host-10,1,0,14,1,0,0,0.066375,0,32000,2124,0.066375,131072,2384,0.018188,0,0,1
434,host-11,2,0,14,2,0,0,0.117031,0,32000,3745,0.117031,131072,3762,0.028702,0,0,2
434,host-12,2,0,14,2,0,0,0.086125,0,32000,2756,0.086125,131072,1710,0.013046,0,0,2
434,host-13,2,0,14,2,0,0,0.092875,0,32000,2972,0.092875,131072,2191,0.016716,0,0,2
434,host-14,2,0,14,2,0,0,0.088281,0,32000,2825,0.088281,131072,2687,0.020500,0,0,2
434,host-15,2,0,14,2,0,0,0.097969,0,32000,3135,0.097969,131072,3128,0.023865,0,0,2
434,host-16,1,0,14,1,0,0,0.045187,0,32000,1446,0.045187,131072,1444,0.011017,0,0,1
434,host-17,2,0,14,2,0,0,0.080375,0,32000,2572,0.080375,131072,2598,0.019821,0,0,2
434,host-18,2,0,14,2,0,0,0.088125,0,32000,2820,0.088125,131072,3652,0.027863,0,0,2
434,host-19,2,0,14,2,0,0,0.110531,0,32000,3537,0.110531,131072,2510,0.019150,0,0,2
434,host-2,2,0,14,2,0,0,0.071250,0,32000,2280,0.071250,131072,2754,0.021011,0,0,2
434,host-20,2,0,14,2,0,0,0.118625,0,32000,3796,0.118625,131072,3935,0.030022,0,0,2
434,host-21,2,0,14,2,0,0,0.090844,0,32000,2907,0.090844,131072,3205,0.024452,0,0,2
434,host-22,1,0,14,1,0,0,0.073781,0,32000,2361,0.073781,131072,2606,0.019882,0,0,1
434,host-23,2,0,14,2,0,0,0.081437,0,32000,2606,0.081437,131072,2794,0.021317,0,0,2
434,host-24,1,0,14,1,0,0,0.065844,0,32000,2107,0.065844,131072,1863,0.014214,0,0,1
434,host-3,2,0,14,2,0,0,0.109875,0,32000,3516,0.109875,131072,3095,0.023613,0,0,2
434,host-4,3,0,14,3,0,0,0.108469,0,32000,3471,0.108469,131072,3872,0.029541,0,0,3
434,host-5,1,0,14,1,0,0,0.068125,0,32000,2180,0.068125,131072,2731,0.020836,0,0,1
434,host-6,1,0,14,1,0,0,0.057906,0,32000,1853,0.057906,131072,1407,0.010735,0,0,1
434,host-7,2,0,14,2,0,0,0.080906,0,32000,2589,0.080906,131072,2867,0.021873,0,0,2
434,host-8,2,0,14,2,0,0,0.097281,0,32000,3113,0.097281,131072,3729,0.028450,0,0,2
434,host-9,2,1,14,2,1,0,0.124031,0,32000,3969,0.124031,131072,4575,0.034904,1,0,1
435,host-1,2,0,14,2,0,0,0.092750,0,32000,2968,0.092750,131072,2624,0.020020,0,0,2
435,host-10,2,1,14,2,1,0,0.118938,0,32000,3806,0.118938,131072,4137,0.031563,1,0,1
435,host-11,2,0,14,2,0,0,0.117031,0,32000,3745,0.117031,131072,3762,0.028702,0,0,2
435,host-12,2,1,14,2,1,0,0.129750,0,32000,4152,0.129750,131072,3756,0.028656,1,0,1
435,host-13,2,0,14,2,0,0,0.092875,0,32000,2972,0.092875,131072,2191,0.016716,0,0,2
435,host-14,2,0,14,2,0,0,0.088281,0,32000,2825,0.088281,131072,2687,0.020500,0,0,2
435,host-15,2,0,14,2,0,0,0.097969,0,32000,3135,0.097969,131072,3128,0.023865,0,0,2
435,host-16,2,1,14,2,1,0,0.088969,0,32000,2847,0.088969,131072,2190,0.016708,1,0,1
435,host-17,2,0,14,2,0,0,0.080375,0,32000,2572,0.080375,131072,2598,0.019821,0,0,2
435,host-18,2,0,14,2,0,0,0.088125,0,32000,2820,0.088125,131072,3652,0.027863,0,0,2
435,host-19,2,0,14,2,0,0,0.110531,0,32000,3537,0.110531,131072,2510,0.019150,0,0,2
435,host-2,2,0,14,2,0,0,0.071250,0,32000,2280,0.071250,131072,2754,0.021011,0,0,2
435,host-20,2,0,14,2,0,0,0.118625,0,32000,3796,0.118625,131072,3935,0.030022,0,0,2
435,host-21,2,0,14,2,0,0,0.090844,0,32000,2907,0.090844,131072,3205,0.024452,0,0,2
435,host-22,1,0,14,1,0,0,0.073781,0,32000,2361,0.073781,131072,2606,0.019882,0,0,1
435,host-23,2,0,14,2,0,0,0.081437,0,32000,2606,0.081437,131072,2794,0.021317,0,0,2
435,host-24,2,1,14,2,1,0,0.143063,0,32000,4578,0.143063,131072,4161,0.031746,1,0,1
435,host-3,2,0,14,2,0,0,0.109875,0,32000,3516,0.109875,131072,3095,0.023613,0,0,2
435,host-4,2,1,14,2,1,0,0.081844,0,32000,2619,0.081844,131072,2799,0.021355,0,1,1
435,host-5,1,0,14,1,0,0,0.068125,0,32000,2180,0.068125,131072,2731,0.020836,0,0,1
435,host-6,2,1,14,2,1,0,0.096125,0,32000,3076,0.096125,131072,2831,0.021599,1,0,1
435,host-7,2,0,14,2,0,0,0.080906,0,32000,2589,0.080906,131072,2867,0.021873,0,0,2
435,host-8,2,0,14,2,0,0,0.097281,0,32000,3113,0.097281,131072,3729,0.028450,0,0,2
435,host-9,2,0,14,2,0,0,0.124031,0,32000,3969,0.124031,131072,4575,0.034904,0,0,2
436,host-1,2,0,14,2,0,0,0.092750,0,32000,2968,0.092750,131072,2624,0.020020,0,0,2
436,host-10,2,0,14,2,0,0,0.118938,0,32000,3806,0.118938,131072,4137,0.031563,0,0,2
436,host-11,2,0,14,2,0,0,0.117031,0,32000,3745,0.117031,131072,3762,0.028702,0,0,2
436,host-12,2,1,14,2,1,0,0.129750,0,32000,4152,0.129750,131072,3756,0.028656,1,0,1
436,host-13,2,0,14,2,0,0,0.092875,0,32000,2972,0.092875,131072,2191,0.016716,0,0,2
436,host-14,2,0,14,2,0,0,0.088281,0,32000,2825,0.088281,131072,2687,0.020500,0,0,2
436,host-15,2,0,14,2,0,0,0.097969,0,32000,3135,0.097969,131072,3128,0.023865,0,0,2
436,host-16,2,1,14,2,1,0,0.088969,0,32000,2847,0.088969,131072,2190,0.016708,1,0,1
436,host-17,2,0,14,2,0,0,0.080375,0,32000,2572,0.080375,131072,2598,0.019821,0,0,2
436,host-18,2,0,14,2,0,0,0.088125,0,32000,2820,0.088125,131072,3652,0.027863,0,0,2
436,host-19,2,0,14,2,0,0,0.110531,0,32000,3537,0.110531,131072,2510,0.019150,0,0,2
436,host-2,2,0,14,2,0,0,0.071250,0,32000,2280,0.071250,131072,2754,0.021011,0,0,2
436,host-20,2,0,14,2,0,0,0.118625,0,32000,3796,0.118625,131072,3935,0.030022,0,0,2
436,host-21,2,0,14,2,0,0,0.090844,0,32000,2907,0.090844,131072,3205,0.024452,0,0,2
436,host-22,1,0,14,1,0,0,0.073781,0,32000,2361,0.073781,131072,2606,0.019882,0,0,1
436,host-23,1,0,14,1,0,0,0.030500,0,32000,976,0.030500,131072,1261,0.009621,0,0,1
436,host-24,2,0,14,2,0,0,0.143063,0,32000,4578,0.143063,131072,4161,0.031746,0,0,2
436,host-3,2,0,14,2,0,0,0.109875,0,32000,3516,0.109875,131072,3095,0.023613,0,0,2
436,host-4,2,0,14,2,0,0,0.081844,0,32000,2619,0.081844,131072,2799,0.021355,0,0,2
436,host-5,2,1,14,2,1,0,0.139531,0,32000,4465,0.139531,131072,5299,0.040428,1,0,1
436,host-6,2,0,14,2,0,0,0.096125,0,32000,3076,0.096125,131072,2831,0.021599,0,0,2
436,host-7,2,0,14,2,0,0,0.080906,0,32000,2589,0.080906,131072,2867,0.021873,0,0,2
436,host-8,2,0,14,2,0,0,0.097281,0,32000,3113,0.097281,131072,3729,0.028450,0,0,2
436,host-9,2,0,14,2,0,0,0.124031,0,32000,3969,0.124031,131072,4575,0.034904,0,0,2
437,host-1,2,0,14,2,0,0,0.092750,0,32000,2968,0.092750,131072,2624,0.020020,0,0,2
437,host-10,2,1,14,2,1,0,0.118938,0,32000,3806,0.118938,131072,4137,0.031563,0,1,1
437,host-11,2,0,14,2,0,0,0.117031,0,32000,3745,0.117031,131072,3762,0.028702,0,0,2
437,host-12,2,0,14,2,0,0,0.129750,0,32000,4152,0.129750,131072,3756,0.028656,0,0,2
437,host-13,2,0,14,2,0,0,0.092875,0,32000,2972,0.092875,131072,2191,0.016716,0,0,2
437,host-14,2,0,14,2,0,0,0.088281,0,32000,2825,0.088281,131072,2687,0.020500,0,0,2
437,host-15,2,0,14,2,0,0,0.097969,0,32000,3135,0.097969,131072,3128,0.023865,0,0,2
437,host-16,2,0,14,2,0,0,0.088969,0,32000,2847,0.088969,131072,2190,0.016708,0,0,2
437,host-17,2,0,14,2,0,0,0.080375,0,32000,2572,0.080375,131072,2598,0.019821,0,0,2
437,host-18,2,0,14,2,0,0,0.088125,0,32000,2820,0.088125,131072,3652,0.027863,0,0,2
437,host-19,2,0,14,2,0,0,0.110531,0,32000,3537,0.110531,131072,2510,0.019150,0,0,2
437,host-2,2,0,14,2,0,0,0.071250,0,32000,2280,0.071250,131072,2754,0.021011,0,0,2
437,host-20,2,0,14,2,0,0,0.118625,0,32000,3796,0.118625,131072,3935,0.030022,0,0,2
437,host-21,2,0,14,2,0,0,0.090844,0,32000,2907,0.090844,131072,3205,0.024452,0,0,2
437,host-22,1,0,14,1,0,0,0.073781,0,32000,2361,0.073781,131072,2606,0.019882,0,0,1
437,host-23,1,0,14,1,0,0,0.030500,0,32000,976,0.030500,131072,1261,0.009621,0,0,1
437,host-24,2,0,14,2,0,0,0.143063,0,32000,4578,0.143063,131072,4161,0.031746,0,0,2
437,host-3,2,0,14,2,0,0,0.109875,0,32000,3516,0.109875,131072,3095,0.023613,0,0,2
437,host-4,2,0,14,2,0,0,0.081844,0,32000,2619,0.081844,131072,2799,0.021355,0,0,2
437,host-5,2,1,14,2,1,0,0.139531,0,32000,4465,0.139531,131072,5299,0.040428,0,1,1
437,host-6,2,0,14,2,0,0,0.096125,0,32000,3076,0.096125,131072,2831,0.021599,0,0,2
437,host-7,2,0,14,2,0,0,0.080906,0,32000,2589,0.080906,131072,2867,0.021873,0,0,2
437,host-8,2,0,14,2,0,0,0.097281,0,32000,3113,0.097281,131072,3729,0.028450,0,0,2
437,host-9,2,0,14,2,0,0,0.124031,0,32000,3969,0.124031,131072,4575,0.034904,0,0,2
438,host-1,2,0,14,2,0,0,0.092750,0,32000,2968,0.092750,131072,2624,0.020020,0,0,2
438,host-10,2,0,14,2,0,0,0.118938,0,32000,3806,0.118938,131072,4137,0.031563,0,0,2
438,host-11,2,0,14,2,0,0,0.117031,0,32000,3745,0.117031,131072,3762,0.028702,0,0,2
438,host-12,2,0,14,2,0,0,0.129750,0,32000,4152,0.129750,131072,3756,0.028656,0,0,2
438,host-13,2,0,14,2,0,0,0.092875,0,32000,2972,0.092875,131072,2191,0.016716,0,0,2
438,host-14,2,0,14,2,0,0,0.088281,0,32000,2825,0.088281,131072,2687,0.020500,0,0,2
438,host-15,2,0,14,2,0,0,0.097969,0,32000,3135,0.097969,131072,3128,0.023865,0,0,2
438,host-16,2,0,14,2,0,0,0.088969,0,32000,2847,0.088969,131072,2190,0.016708,0,0,2
438,host-17,2,0,14,2,0,0,0.080375,0,32000,2572,0.080375,131072,2598,0.019821,0,0,2
438,host-18,2,0,14,2,0,0,0.088125,0,32000,2820,0.088125,131072,3652,0.027863,0,0,2
438,host-19,2,0,14,2,0,0,0.110531,0,32000,3537,0.110531,131072,2510,0.019150,0,0,2
438,host-2,2,0,14,2,0,0,0.071250,0,32000,2280,0.071250,131072,2754,0.021011,0,0,2
438,host-20,2,0,14,2,0,0,0.118625,0,32000,3796,0.118625,131072,3935,0.030022,0,0,2
438,host-21,2,0,14,2,0,0,0.090844,0,32000,2907,0.090844,131072,3205,0.024452,0,0,2
438,host-22,1,0,14,1,0,0,0.073781,0,32000,2361,0.073781,131072,2606,0.019882,0,0,1
438,host-23,2,2,14,2,2,0,0.081437,0,32000,2606,0.081437,131072,2794,0.021317,1,1,0
438,host-24,2,0,14,2,0,0,0.143063,0,32000,4578,0.143063,131072,4161,0.031746,0,0,2
438,host-3,2,0,14,2,0,0,0.109875,0,32000,3516,0.109875,131072,3095,0.023613,0,0,2
438,host-4,2,0,14,2,0,0,0.081844,0,32000,2619,0.081844,131072,2799,0.021355,0,0,2
438,host-5,2,0,14,2,0,0,0.139531,0,32000,4465,0.139531,131072,5299,0.040428,0,0,2
438,host-6,2,0,14,2,0,0,0.096125,0,32000,3076,0.096125,131072,2831,0.021599,0,0,2
438,host-7,2,0,14,2,0,0,0.080906,0,32000,2589,0.080906,131072,2867,0.021873,0,0,2
438,host-8,2,0,14,2,0,0,0.097281,0,32000,3113,0.097281,131072,3729,0.028450,0,0,2
438,host-9,2,0,14,2,0,0,0.124031,0,32000,3969,0.124031,131072,4575,0.034904,0,0,2
439,host-1,2,0,14,2,0,0,0.092750,0,32000,2968,0.092750,131072,2624,0.020020,0,0,2
439,host-10,2,0,14,2,0,0,0.118938,0,32000,3806,0.118938,131072,4137,0.031563,0,0,2
439,host-11,2,0,14,2,0,0,0.117031,0,32000,3745,0.117031,131072,3762,0.028702,0,0,2
439,host-12,2,0,14,2,0,0,0.129750,0,32000,4152,0.129750,131072,3756,0.028656,0,0,2
439,host-13,2,0,14,2,0,0,0.092875,0,32000,2972,0.092875,131072,2191,0.016716,0,0,2
439,host-14,2,0,14,2,0,0,0.088281,0,32000,2825,0.088281,131072,2687,0.020500,0,0,2
439,host-15,2,0,14,2,0,0,0.097969,0,32000,3135,0.097969,131072,3128,0.023865,0,0,2
439,host-16,2,0,14,2,0,0,0.088969,0,32000,2847,0.088969,131072,2190,0.016708,0,0,2
439,host-17,2,0,14,2,0,0,0.080375,0,32000,2572,0.080375,131072,2598,0.019821,0,0,2
439,host-18,2,0,14,2,0,0,0.088125,0,32000,2820,0.088125,131072,3652,0.027863,0,0,2
439,host-19,2,0,14,2,0,0,0.110531,0,32000,3537,0.110531,131072,2510,0.019150,0,0,2
439,host-2,2,0,14,2,0,0,0.071250,0,32000,2280,0.071250,131072,2754,0.021011,0,0,2
439,host-20,2,0,14,2,0,0,0.118625,0,32000,3796,0.118625,131072,3935,0.030022,0,0,2
439,host-21,2,0,14,2,0,0,0.090844,0,32000,2907,0.090844,131072,3205,0.024452,0,0,2
439,host-22,1,0,14,1,0,0,0.073781,0,32000,2361,0.073781,131072,2606,0.019882,0,0,1
439,host-23,2,0,14,2,0,0,0.081437,0,32000,2606,0.081437,131072,2794,0.021317,0,0,2
439,host-24,2,0,14,2,0,0,0.143063,0,32000,4578,0.143063,131072,4161,0.031746,0,0,2
439,host-3,2,0,14,2,0,0,0.109875,0,32000,3516,0.109875,131072,3095,0.023613,0,0,2
439,host-4,2,0,14,2,0,0,0.081844,0,32000,2619,0.081844,131072,2799,0.021355,0,0,2
439,host-5,2,0,14,2,0,0,0.139531,0,32000,4465,0.139531,131072,5299,0.040428,0,0,2
439,host-6,2,0,14,2,0,0,0.096125,0,32000,3076,0.096125,131072,2831,0.021599,0,0,2
439,host-7,2,0,14,2,0,0,0.080906,0,32000,2589,0.080906,131072,2867,0.021873,0,0,2
439,host-8,2,0,14,2,0,0,0.097281,0,32000,3113,0.097281,131072,3729,0.028450,0,0,2
439,host-9,2,0,14,2,0,0,0.124031,0,32000,3969,0.124031,131072,4575,0.034904,0,0,2
440,host-1,1,0,14,1,0,0,0.051437,0,32000,1646,0.051437,131072,1241,0.009468,0,0,1
440,host-10,2,0,14,2,0,0,0.118938,0,32000,3806,0.118938,131072,4137,0.031563,0,0,2
440,host-11,2,0,14,2,0,0,0.117031,0,32000,3745,0.117031,131072,3762,0.028702,0,0,2
440,host-12,2,0,14,2,0,0,0.129750,0,32000,4152,0.129750,131072,3756,0.028656,0,0,2
440,host-13,2,0,14,2,0,0,0.092875,0,32000,2972,0.092875,131072,2191,0.016716,0,0,2
440,host-14,2,0,14,2,0,0,0.088281,0,32000,2825,0.088281,131072,2687,0.020500,0,0,2
440,host-15,2,0,14,2,0,0,0.097969,0,32000,3135,0.097969,131072,3128,0.023865,0,0,2
440,host-16,2,0,14,2,0,0,0.088969,0,32000,2847,0.088969,131072,2190,0.016708,0,0,2
440,host-17,2,0,14,2,0,0,0.080375,0,32000,2572,0.080375,131072,2598,0.019821,0,0,2
440,host-18,2,0,14,2,0,0,0.088125,0,32000,2820,0.088125,131072,3652,0.027863,0,0,2
440,host-19,2,1,14,2,1,0,0.110531,0,32000,3537,0.110531,131072,2510,0.019150,0,1,1
440,host-2,2,0,14,2,0,0,0.071250,0,32000,2280,0.071250,131072,2754,0.021011,0,0,2
440,host-20,2,0,14,2,0,0,0.118625,0,32000,3796,0.118625,131072,3935,0.030022,0,0,2
440,host-21,2,0,14,2,0,0,0.090844,0,32000,2907,0.090844,131072,3205,0.024452,0,0,2
440,host-22,1,0,14,1,0,0,0.073781,0,32000,2361,0.073781,131072,2606,0.019882,0,0,1
440,host-23,2,0,14,2,0,0,0.081437,0,32000,2606,0.081437,131072,2794,0.021317,0,0,2
440,host-24,2,0,14,2,0,0,0.143063,0,32000,4578,0.143063,131072,4161,0.031746,0,0,2
440,host-3,2,0,14,2,0,0,0.109875,0,32000,3516,0.109875,131072,3095,0.023613,0,0,2
440,host-4,2,0,14,2,0,0,0.081844,0,32000,2619,0.081844,131072,2799,0.021355,0,0,2
440,host-5,2,0,14,2,0,0,0.139531,0,32000,4465,0.139531,131072,5299,0.040428,0,0,2
440,host-6,2,0,14,2,0,0,0.096125,0,32000,3076,0.096125,131072,2831,0.021599,0,0,2
440,host-7,2,0,14,2,0,0,0.080906,0,32000,2589,0.080906,131072,2867,0.021873,0,0,2
440,host-8,2,0,14,2,0,0,0.097281,0,32000,3113,0.097281,131072,3729,0.028450,0,0,2
440,host-9,2,0,14,2,0,0,0.124031,0,32000,3969,0.124031,131072,4575,0.034904,0,0,2
441,host-1,2,1,14,2,1,0,0.096219,0,32000,3079,0.096219,131072,2576,0.019653,1,0,1
441,host-10,2,0,14,2,0,0,0.118938,0,32000,3806,0.118938,131072,4137,0.031563,0,0,2
441,host-11,2,0,14,2,0,0,0.117031,0,32000,3745,0.117031,131072,3762,0.028702,0,0,2
441,host-12,2,0,14,2,0,0,0.129750,0,32000,4152,0.129750,131072,3756,0.028656,0,0,2
441,host-13,2,0,14,2,0,0,0.092875,0,32000,2972,0.092875,131072,2191,0.016716,0,0,2
441,host-14,2,0,14,2,0,0,0.088281,0,32000,2825,0.088281,131072,2687,0.020500,0,0,2
441,host-15,2,0,14,2,0,0,0.097969,0,32000,3135,0.097969,131072,3128,0.023865,0,0,2
441,host-16,2,0,14,2,0,0,0.088969,0,32000,2847,0.088969,131072,2190,0.016708,0,0,2
441,host-17,2,0,14,2,0,0,0.080375,0,32000,2572,0.080375,131072,2598,0.019821,0,0,2
441,host-18,2,0,14,2,0,0,0.088125,0,32000,2820,0.088125,131072,3652,0.027863,0,0,2
441,host-19,2,0,14,2,0,0,0.110531,0,32000,3537,0.110531,131072,2510,0.019150,0,0,2
441,host-2,2,0,14,2,0,0,0.071250,0,32000,2280,0.071250,131072,2754,0.021011,0,0,2
441,host-20,2,0,14,2,0,0,0.118625,0,32000,3796,0.118625,131072,3935,0.030022,0,0,2
441,host-21,2,0,14,2,0,0,0.090844,0,32000,2907,0.090844,131072,3205,0.024452,0,0,2
441,host-22,1,0,14,1,0,0,0.073781,0,32000,2361,0.073781,131072,2606,0.019882,0,0,1
441,host-23,2,0,14,2,0,0,0.081437,0,32000,2606,0.081437,131072,2794,0.021317,0,0,2
441,host-24,2,0,14,2,0,0,0.143063,0,32000,4578,0.143063,131072,4161,0.031746,0,0,2
441,host-3,2,0,14,2,0,0,0.109875,0,32000,3516,0.109875,131072,3095,0.023613,0,0,2
441,host-4,2,0,14,2,0,0,0.081844,0,32000,2619,0.081844,131072,2799,0.021355,0,0,2
441,host-5,1,0,14,1,0,0,0.071406,0,32000,2285,0.071406,131072,2568,0.019592,0,0,1
441,host-6,2,0,14,2,0,0,0.096125,0,32000,3076,0.096125,131072,2831,0.021599,0,0,2
441,host-7,2,0,14,2,0,0,0.080906,0,32000,2589,0.080906,131072,2867,0.021873,0,0,2
441,host-8,2,1,14,2,1,0,0.097281,0,32000,3113,0.097281,131072,3729,0.028450,0,1,1
441,host-9,2,0,14,2,0,0,0.124031,0,32000,3969,0.124031,131072,4575,0.034904,0,0,2
442,host-1,2,1,14,2,1,0,0.096219,0,32000,3079,0.096219,131072,2576,0.019653,1,0,1
442,host-10,2,0,14,2,0,0,0.118938,0,32000,3806,0.118938,131072,4137,0.031563,0,0,2
442,host-11,2,0,14,2,0,0,0.117031,0,32000,3745,0.117031,131072,3762,0.028702,0,0,2
442,host-12,2,0,14,2,0,0,0.129750,0,32000,4152,0.129750,131072,3756,0.028656,0,0,2
442,host-13,2,0,14,2,0,0,0.092875,0,32000,2972,0.092875,131072,2191,0.016716,0,0,2
442,host-14,2,0,14,2,0,0,0.088281,0,32000,2825,0.088281,131072,2687,0.020500,0,0,2
442,host-15,2,0,14,2,0,0,0.097969,0,32000,3135,0.097969,131072,3128,0.023865,0,0,2
442,host-16,2,0,14,2,0,0,0.088969,0,32000,2847,0.088969,131072,2190,0.016708,0,0,2
442,host-17,2,0,14,2,0,0,0.080375,0,32000,2572,0.080375,131072,2598,0.019821,0,0,2
442,host-18,2,0,14,2,0,0,0.088125,0,32000,2820,0.088125,131072,3652,0.027863,0,0,2
442,host-19,2,0,14,2,0,0,0.110531,0,32000,3537,0.110531,131072,2510,0.019150,0,0,2
442,host-2,3,1,14,3,1,0,0.113750,0,32000,3640,0.113750,131072,3651,0.027855,1,0,2
442,host-20,2,0,14,2,0,0,0.118625,0,32000,3796,0.118625,131072,3935,0.030022,0,0,2
442,host-21,2,0,14,2,0,0,0.090844,0,32000,2907,0.090844,131072,3205,0.024452,0,0,2
442,host-22,1,0,14,1,0,0,0.073781,0,32000,2361,0.073781,131072,2606,0.019882,0,0,1
442,host-23,2,0,14,2,0,0,0.081437,0,32000,2606,0.081437,131072,2794,0.021317,0,0,2
442,host-24,2,0,14,2,0,0,0.143063,0,32000,4578,0.143063,131072,4161,0.031746,0,0,2
442,host-3,2,0,14,2,0,0,0.109875,0,32000,3516,0.109875,131072,3095,0.023613,0,0,2
442,host-4,2,0,14,2,0,0,0.081844,0,32000,2619,0.081844,131072,2799,0.021355,0,0,2
442,host-5,1,0,14,1,0,0,0.071406,0,32000,2285,0.071406,131072,2568,0.019592,0,0,1
442,host-6,2,0,14,2,0,0,0.096125,0,32000,3076,0.096125,131072,2831,0.021599,0,0,2
442,host-7,1,0,14,1,0,0,0.025969,0,32000,831,0.025969,131072,1049,0.008003,0,0,1
442,host-8,2,1,14,2,1,0,0.097281,0,32000,3113,0.097281,131072,3729,0.028450,0,1,1
442,host-9,2,0,14,2,0,0,0.124031,0,32000,3969,0.124031,131072,4575,0.034904,0,0,2
443,host-1,2,0,14,2,0,0,0.096219,0,32000,3079,0.096219,131072,2576,0.019653,0,0,2
443,host-10,2,0,14,2,0,0,0.118938,0,32000,3806,0.118938,131072,4137,0.031563,0,0,2
443,host-11,2,0,14,2,0,0,0.117031,0,32000,3745,0.117031,131072,3762,0.028702,0,0,2
443,host-12,2,0,14,2,0,0,0.129750,0,32000,4152,0.129750,131072,3756,0.028656,0,0,2
443,host-13,2,1,14,2,1,0,0.092875,0,32000,2972,0.092875,131072,2191,0.016716,0,1,1
443,host-14,2,0,14,2,0,0,0.088281,0,32000,2825,0.088281,131072,2687,0.020500,0,0,2
443,host-15,2,0,14,2,0,0,0.097969,0,32000,3135,0.097969,131072,3128,0.023865,0,0,2
443,host-16,2,0,14,2,0,0,0.088969,0,32000,2847,0.088969,131072,2190,0.016708,0,0,2
443,host-17,2,0,14,2,0,0,0.080375,0,32000,2572,0.080375,131072,2598,0.019821,0,0,2
443,host-18,2,0,14,2,0,0,0.088125,0,32000,2820,0.088125,131072,3652,0.027863,0,0,2
443,host-19,2,0,14,2,0,0,0.110531,0,32000,3537,0.110531,131072,2510,0.019150,0,0,2
443,host-2,3,0,14,3,0,0,0.113750,0,32000,3640,0.113750,131072,3651,0.027855,0,0,3
443,host-20,2,0,14,2,0,0,0.118625,0,32000,3796,0.118625,131072,3935,0.030022,0,0,2
443,host-21,1,0,14,1,0,0,0.057500,0,32000,1840,0.057500,131072,2189,0.016701,0,0,1
443,host-22,1,0,14,1,0,0,0.073781,0,32000,2361,0.073781,131072,2606,0.019882,0,0,1
443,host-23,2,0,14,2,0,0,0.081437,0,32000,2606,0.081437,131072,2794,0.021317,0,0,2
443,host-24,2,0,14,2,0,0,0.143063,0,32000,4578,0.143063,131072,4161,0.031746,0,0,2
443,host-3,1,0,14,1,0,0,0.066531,0,32000,2129,0.066531,131072,2221,0.016945,0,0,1
443,host-4,2,0,14,2,0,0,0.081844,0,32000,2619,0.081844,131072,2799,0.021355,0,0,2
443,host-5,1,0,14,1,0,0,0.071406,0,32000,2285,0.071406,131072,2568,0.019592,0,0,1
443,host-6,2,0,14,2,0,0,0.096125,0,32000,3076,0.096125,131072,2831,0.021599,0,0,2
443,host-7,2,1,14,2,1,0,0.057906,0,32000,1853,0.057906,131072,1630,0.012436,1,0,1
443,host-8,2,0,14,2,0,0,0.097281,0,32000,3113,0.097281,131072,3729,0.028450,0,0,2
443,host-9,2,0,14,2,0,0,0.124031,0,32000,3969,0.124031,131072,4575,0.034904,0,0,2
444,host-1,2,0,14,2,0,0,0.096219,0,32000,3079,0.096219,131072,2576,0.019653,0,0,2
444,host-10,2,0,14,2,0,0,0.118938,0,32000,3806,0.118938,131072,4137,0.031563,0,0,2
444,host-11,2,0,14,2,0,0,0.117031,0,32000,3745,0.117031,131072,3762,0.028702,0,0,2
444,host-12,2,0,14,2,0,0,0.129750,0,32000,4152,0.129750,131072,3756,0.028656,0,0,2
444,host-13,2,0,14,2,0,0,0.092875,0,32000,2972,0.092875,131072,2191,0.016716,0,0,2
444,host-14,2,0,14,2,0,0,0.088281,0,32000,2825,0.088281,131072,2687,0.020500,0,0,2
444,host-15,2,0,14,2,0,0,0.097969,0,32000,3135,0.097969,131072,3128,0.023865,0,0,2
444,host-16,2,0,14,2,0,0,0.088969,0,32000,2847,0.088969,131072,2190,0.016708,0,0,2
444,host-17,2,0,14,2,0,0,0.080375,0,32000,2572,0.080375,131072,2598,0.019821,0,0,2
444,host-18,2,0,14,2,0,0,0.088125,0,32000,2820,0.088125,131072,3652,0.027863,0,0,2
444,host-19,2,0,14,2,0,0,0.110531,0,32000,3537,0.110531,131072,2510,0.019150,0,0,2
444,host-2,3,0,14,3,0,0,0.113750,0,32000,3640,0.113750,131072,3651,0.027855,0,0,3
444,host-20,2,1,14,2,1,0,0.118625,0,32000,3796,0.118625,131072,3935,0.030022,0,1,1
444,host-21,1,0,14,1,0,0,0.057500,0,32000,1840,0.057500,131072,2189,0.016701,0,0,1
444,host-22,1,0,14,1,0,0,0.073781,0,32000,2361,0.073781,131072,2606,0.019882,0,0,1
444,host-23,2,0,14,2,0,0,0.081437,0,32000,2606,0.081437,131072,2794,0.021317,0,0,2
444,host-24,2,0,14,2,0,0,0.143063,0,32000,4578,0.143063,131072,4161,0.031746,0,0,2
444,host-3,1,0,14,1,0,0,0.066531,0,32000,2129,0.066531,131072,2221,0.016945,0,0,1
444,host-4,2,0,14,2,0,0,0.081844,0,32000,2619,0.081844,131072,2799,0.021355,0,0,2
444,host-5,1,0,14,1,0,0,0.071406,0,32000,2285,0.071406,131072,2568,0.019592,0,0,1
444,host-6,2,0,14,2,0,0,0.096125,0,32000,3076,0.096125,131072,2831,0.021599,0,0,2
444,host-7,2,1,14,2,1,0,0.057906,0,32000,1853,0.057906,131072,1630,0.012436,1,0,1
444,host-8,2,0,14,2,0,0,0.097281,0,32000,3113,0.097281,131072,3729,0.028450,0,0,2
444,host-9,2,0,14,2,0,0,0.124031,0,32000,3969,0.124031,131072,4575,0.034904,0,0,2
445,host-1,2,0,14,2,0,0,0.096219,0,32000,3079,0.096219,131072,2576,0.019653,0,0,2
445,host-10,2,0,14,2,0,0,0.118938,0,32000,3806,0.118938,131072,4137,0.031563,0,0,2
445,host-11,2,0,14,2,0,0,0.117031,0,32000,3745,0.117031,131072,3762,0.028702,0,0,2
445,host-12,1,0,14,1,0,0,0.071406,0,32000,2285,0.071406,131072,2568,0.019592,0,0,1
445,host-13,2,0,14,2,0,0,0.092875,0,32000,2972,0.092875,131072,2191,0.016716,0,0,2
445,host-14,2,0,14,2,0,0,0.088281,0,32000,2825,0.088281,131072,2687,0.020500,0,0,2
445,host-15,2,0,14,2,0,0,0.097969,0,32000,3135,0.097969,131072,3128,0.023865,0,0,2
445,host-16,2,0,14,2,0,0,0.088969,0,32000,2847,0.088969,131072,2190,0.016708,0,0,2
445,host-17,2,0,14,2,0,0,0.080375,0,32000,2572,0.080375,131072,2598,0.019821,0,0,2
445,host-18,2,0,14,2,0,0,0.088125,0,32000,2820,0.088125,131072,3652,0.027863,0,0,2
445,host-19,2,0,14,2,0,0,0.110531,0,32000,3537,0.110531,131072,2510,0.019150,0,0,2
445,host-2,3,0,14,3,0,0,0.113750,0,32000,3640,0.113750,131072,3651,0.027855,0,0,3
445,host-20,2,0,14,2,0,0,0.118625,0,32000,3796,0.118625,131072,3935,0.030022,0,0,2
445,host-21,0,0,14,0,0,0,0.000000,0,32000,0,0.000000,131072,0,0.000000,0,0,0
445,host-22,0,0,14,0,0,0,0.000000,0,32000,0,0.000000,131072,0,0.000000,0,0,0
445,host-23,2,0,14,2,0,0,0.081437,0,32000,2606,0.081437,131072,2794,0.021317,0,0,2
445,host-24,2,0,14,2,0,0,0.143063,0,32000,4578,0.143063,131072,4161,0.031746,0,0,2
445,host-3,1,1,14,1,1,0,0.066531,0,32000,2129,0.066531,131072,2221,0.016945,0,1,0
445,host-4,2,0,14,2,0,0,0.081844,0,32000,2619,0.081844,131072,2799,0.021355,0,0,2
445,host-5,1,0,14,1,0,0,0.071406,0,32000,2285,0.071406,131072,2568,0.019592,0,0,1
445,host-6,2,0,14,2,0,0,0.096125,0,32000,3076,0.096125,131072,2831,0.021599,0,0,2
445,host-7,2,0,14,2,0,0,0.057906,0,32000,1853,0.057906,131072,1630,0.012436,0,0,2
445,host-8,2,0,14,2,0,0,0.097281,0,32000,3113,0.097281,131072,3729,0.028450,0,0,2
445,host-9,2,0,14,2,0,0,0.124031,0,32000,3969,0.124031,131072,4575,0.034904,0,0,2
446,host-1,2,0,14,2,0,0,0.096219,0,32000,3079,0.096219,131072,2576,0.019653,0,0,2
446,host-10,2,0,14,2,0,0,0.118938,0,32000,3806,0.118938,131072,4137,0.031563,0,0,2
446,host-11,1,0,14,1,0,0,0.072156,0,32000,2309,0.072156,131072,2949,0.022499,0,0,1
446,host-12,1,0,14,1,0,0,0.071406,0,32000,2285,0.071406,131072,2568,0.019592,0,0,1
446,host-13,2,0,14,2,0,0,0.092875,0,32000,2972,0.092875,131072,2191,0.016716,0,0,2
446,host-14,2,0,14,2,0,0,0.088281,0,32000,2825,0.088281,131072,2687,0.020500,0,0,2
446,host-15,2,0,14,2,0,0,0.097969,0,32000,3135,0.097969,131072,3128,0.023865,0,0,2
446,host-16,2,1,14,2,1,0,0.088969,0,32000,2847,0.088969,131072,2190,0.016708,0,1,1
446,host-17,2,0,14,2,0,0,0.080375,0,32000,2572,0.080375,131072,2598,0.019821,0,0,2
446,host-18,2,0,14,2,0,0,0.088125,0,32000,2820,0.088125,131072,3652,0.027863,0,0,2
446,host-19,2,0,14,2,0,0,0.110531,0,32000,3537,0.110531,131072,2510,0.019150,0,0,2
446,host-2,3,0,14,3,0,0,0.113750,0,32000,3640,0.113750,131072,3651,0.027855,0,0,3
446,host-20,1,0,14,1,0,0,0.064062,0,32000,2050,0.064062,131072,2686,0.020493,0,0,1
446,host-21,0,0,14,0,0,0,0.000000,0,32000,0,0.000000,131072,0,0.000000,0,0,0
446,host-22,0,0,14,0,0,0,0.000000,0,32000,0,0.000000,131072,0,0.000000,0,0,0
446,host-23,2,0,14,2,0,0,0.081437,0,32000,2606,0.081437,131072,2794,0.021317,0,0,2
446,host-24,2,0,14,2,0,0,0.143063,0,32000,4578,0.143063,131072,4161,0.031746,0,0,2
446,host-3,1,0,14,1,0,0,0.066531,0,32000,2129,0.066531,131072,2221,0.016945,0,0,1
446,host-4,2,0,14,2,0,0,0.081844,0,32000,2619,0.081844,131072,2799,0.021355,0,0,2
446,host-5,1,0,14,1,0,0,0.071406,0,32000,2285,0.071406,131072,2568,0.019592,0,0,1
446,host-6,2,0,14,2,0,0,0.096125,0,32000,3076,0.096125,131072,2831,0.021599,0,0,2
446,host-7,2,0,14,2,0,0,0.057906,0,32000,1853,0.057906,131072,1630,0.012436,0,0,2
446,host-8,2,0,14,2,0,0,0.097281,0,32000,3113,0.097281,131072,3729,0.028450,0,0,2
446,host-9,2,0,14,2,0,0,0.124031,0,32000,3969,0.124031,131072,4575,0.034904,0,0,2
447,host-1,2,0,14,2,0,0,0.096219,0,32000,3079,0.096219,131072,2576,0.019653,0,0,2
447,host-10,2,0,14,2,0,0,0.118938,0,32000,3806,0.118938,131072,4137,0.031563,0,0,2
447,host-11,1,0,14,1,0,0,0.072156,0,32000,2309,0.072156,131072,2949,0.022499,0,0,1
447,host-12,1,0,14,1,0,0,0.071406,0,32000,2285,0.071406,131072,2568,0.019592,0,0,1
447,host-13,2,0,14,2,0,0,0.092875,0,32000,2972,0.092875,131072,2191,0.016716,0,0,2
447,host-14,2,0,14,2,0,0,0.088281,0,32000,2825,0.088281,131072,2687,0.020500,0,0,2
447,host-15,2,0,14,2,0,0,0.097969,0,32000,3135,0.097969,131072,3128,0.023865,0,0,2
447,host-16,2,0,14,2,0,0,0.088969,0,32000,2847,0.088969,131072,2190,0.016708,0,0,2
447,host-17,2,1,14,2,1,0,0.080375,0,32000,2572,0.080375,131072,2598,0.019821,0,1,1
447,host-18,2,0,14,2,0,0,0.088125,0,32000,2820,0.088125,131072,3652,0.027863,0,0,2
447,host-19,2,0,14,2,0,0,0.110531,0,32000,3537,0.110531,131072,2510,0.019150,0,0,2
447,host-2,2,0,14,2,0,0,0.086500,0,32000,2768,0.086500,131072,2779,0.021202,0,0,2
447,host-20,1,0,14,1,0,0,0.064062,0,32000,2050,0.064062,131072,2686,0.020493,0,0,1
447,host-21,0,0,14,0,0,0,0.000000,0,32000,0,0.000000,131072,0,0.000000,0,0,0
447,host-22,0,0,14,0,0,0,0.000000,0,32000,0,0.000000,131072,0,0.000000,0,0,0
447,host-23,2,0,14,2,0,0,0.081437,0,32000,2606,0.081437,131072,2794,0.021317,0,0,2
447,host-24,2,0,14,2,0,0,0.143063,0,32000,4578,0.143063,131072,4161,0.031746,0,0,2
447,host-3,1,0,14,1,0,0,0.066531,0,32000,2129,0.066531,131072,2221,0.016945,0,0,1
447,host-4,2,0,14,2,0,0,0.081844,0,32000,2619,0.081844,131072,2799,0.021355,0,0,2
447,host-5,1,0,14,1,0,0,0.071406,0,32000,2285,0.071406,131072,2568,0.019592,0,0,1
447,host-6,2,0,14,2,0,0,0.096125,0,32000,3076,0.096125,131072,2831,0.021599,0,0,2
447,host-7,2,0,14,2,0,0,0.057906,0,32000,1853,0.057906,131072,1630,0.012436,0,0,2
447,host-8,2,0,14,2,0,0,0.097281,0,32000,3113,0.097281,131072,3729,0.028450,0,0,2
447,host-9,2,0,14,2,0,0,0.124031,0,32000,3969,0.124031,131072,4575,0.034904,0,0,2
448,host-1,2,0,14,2,0,0,0.096219,0,32000,3079,0.096219,131072,2576,0.019653,0,0,2
448,host-10,2,0,14,2,0,0,0.118938,0,32000,3806,0.118938,131072,4137,0.031563,0,0,2
448,host-11,0,0,14,0,0,0,0.000000,0,32000,0,0.000000,131072,0,0.000000,0,0,0
448,host-12,1,0,14,1,0,0,0.071406,0,32000,2285,0.071406,131072,2568,0.019592,0,0,1
448,host-13,2,0,14,2,0,0,0.092875,0,32000,2972,0.092875,131072,2191,0.016716,0,0,2
448,host-14,2,0,14,2,0,0,0.088281,0,32000,2825,0.088281,131072,2687,0.020500,0,0,2
448,host-15,2,0,14,2,0,0,0.097969,0,32000,3135,0.097969,131072,3128,0.023865,0,0,2
448,host-16,2,0,14,2,0,0,0.088969,0,32000,2847,0.088969,131072,2190,0.016708,0,0,2
448,host-17,1,0,14,1,0,0,0.050812,0,32000,1626,0.050812,131072,1583,0.012077,0,0,1
448,host-18,2,0,14,2,0,0,0.088125,0,32000,2820,0.088125,131072,3652,0.027863,0,0,2
448,host-19,2,0,14,2,0,0,0.110531,0,32000,3537,0.110531,131072,2510,0.019150,0,0,2
448,host-2,2,0,14,2,0,0,0.086500,0,32000,2768,0.086500,131072,2779,0.021202,0,0,2
448,host-20,1,0,14,1,0,0,0.064062,0,32000,2050,0.064062,131072,2686,0.020493,0,0,1
448,host-21,0,0,14,0,0,0,0.000000,0,32000,0,0.000000,131072,0,0.000000,0,0,0
448,host-22,0,0,14,0,0,0,0.000000,0,32000,0,0.000000,131072,0,0.000000,0,0,0
448,host-23,2,0,14,2,0,0,0.081437,0,32000,2606,0.081437,131072,2794,0.021317,0,0,2
448,host-24,2,0,14,2,0,0,0.143063,0,32000,4578,0.143063,131072,4161,0.031746,0,0,2
448,host-3,1,0,14,1,0,0,0.066531,0,32000,2129,0.066531,131072,2221,0.016945,0,0,1
448,host-4,2,0,14,2,0,0,0.081844,0,32000,2619,0.081844,131072,2799,0.021355,0,0,2
448,host-5,1,0,14,1,0,0,0.071406,0,32000,2285,0.071406,131072,2568,0.019592,0,0,1
448,host-6,2,0,14,2,0,0,0.096125,0,32000,3076,0.096125,131072,2831,0.021599,0,0,2
448,host-7,2,0,14,2,0,0,0.057906,0,32000,1853,0.057906,131072,1630,0.012436,0,0,2
448,host-8,2,0,14,2,0,0,0.097281,0,32000,3113,0.097281,131072,3729,0.028450,0,0,2
448,host-9,2,0,14,2,0,0,0.124031,0,32000,3969,0.124031,131072,4575,0.034904,0,0,2
449,host-1,2,0,14,2,0,0,0.096219,0,32000,3079,0.096219,131072,2576,0.019653,0,0,2
449,host-10,2,0,14,2,0,0,0.118938,0,32000,3806,0.118938,131072,4137,0.031563,0,0,2
449,host-11,0,0,14,0,0,0,0.000000,0,32000,0,0.000000,131072,0,0.000000,0,0,0
449,host-12,1,0,14,1,0,0,0.071406,0,32000,2285,0.071406,131072,2568,0.019592,0,0,1
449,host-13,2,0,14,2,0,0,0.092875,0,32000,2972,0.092875,131072,2191,0.016716,0,0,2
449,host-14,1,0,14,1,0,0,0.031844,0,32000,1019,0.031844,131072,563,0.004295,0,0,1
449,host-15,2,0,14,2,0,0,0.097969,0,32000,3135,0.097969,131072,3128,0.023865,0,0,2
449,host-16,2,0,14,2,0,0,0.088969,0,32000,2847,0.088969,131072,2190,0.016708,0,0,2
449,host-17,1,0,14,1,0,0,0.050812,0,32000,1626,0.050812,131072,1583,0.012077,0,0,1
449,host-18,2,0,14,2,0,0,0.088125,0,32000,2820,0.088125,131072,3652,0.027863,0,0,2
449,host-19,2,0,14,2,0,0,0.110531,0,32000,3537,0.110531,131072,2510,0.019150,0,0,2
449,host-2,2,0,14,2,0,0,0.086500,0,32000,2768,0.086500,131072,2779,0.021202,0,0,2
449,host-20,1,0,14,1,0,0,0.064062,0,32000,2050,0.064062,131072,2686,0.020493,0,0,1
449,host-21,0,0,14,0,0,0,0.000000,0,32000,0,0.000000,131072,0,0.000000,0,0,0
449,host-22,0,0,14,0,0,0,0.000000,0,32000,0,0.000000,131072,0,0.000000,0,0,0
449,host-23,2,0,14,2,0,0,0.081437,0,32000,2606,0.081437,131072,2794,0.021317,0,0,2
449,host-24,2,0,14,2,0,0,0.143063,0,32000,4578,0.143063,131072,4161,0.031746,0,0,2
449,host-3,1,0,14,1,0,0,0.066531,0,32000,2129,0.066531,131072,2221,0.016945,0,0,1
449,host-4,2,0,14,2,0,0,0.081844,0,32000,2619,0.081844,131072,2799,0.021355,0,0,2
449,host-5,1,0,14,1,0,0,0.071406,0,32000,2285,0.071406,131072,2568,0.019592,0,0,1
449,host-6,2,0,14,2,0,0,0.096125,0,32000,3076,0.096125,131072,2831,0.021599,0,0,2
449,host-7,2,0,14,2,0,0,0.057906,0,32000,1853,0.057906,131072,1630,0.012436,0,0,2
449,host-8,2,0,14,2,0,0,0.097281,0,32000,3113,0.097281,131072,3729,0.028450,0,0,2
449,host-9,2,1,14,2,1,0,0.124031,0,32000,3969,0.124031,131072,4575,0.034904,0,1,1
450,host-1,2,0,14,2,0,0,0.096219,0,32000,3079,0.096219,131072,2576,0.019653,0,0,2
450,host-10,2,0,14,2,0,0,0.118938,0,32000,3806,0.118938,131072,4137,0.031563,0,0,2
450,host-11,1,1,14,1,1,0,0.036469,0,32000,1167,0.036469,131072,1365,0.010414,1,0,0
450,host-12,1,0,14,1,0,0,0.071406,0,32000,2285,0.071406,131072,2568,0.019592,0,0,1
450,host-13,2,0,14,2,0,0,0.092875,0,32000,2972,0.092875,131072,2191,0.016716,0,0,2
450,host-14,1,0,14,1,0,0,0.031844,0,32000,1019,0.031844,131072,563,0.004295,0,0,1
450,host-15,2,0,14,2,0,0,0.097969,0,32000,3135,0.097969,131072,3128,0.023865,0,0,2
450,host-16,2,0,14,2,0,0,0.088969,0,32000,2847,0.088969,131072,2190,0.016708,0,0,2
450,host-17,1,0,14,1,0,0,0.050812,0,32000,1626,0.050812,131072,1583,0.012077,0,0,1
450,host-18,2,0,14,2,0,0,0.088125,0,32000,2820,0.088125,131072,3652,0.027863,0,0,2
450,host-19,2,0,14,2,0,0,0.110531,0,32000,3537,0.110531,131072,2510,0.019150,0,0,2
450,host-2,2,0,14,2,0,0,0.086500,0,32000,2768,0.086500,131072,2779,0.021202,0,0,2
450,host-20,1,0,14,1,0,0,0.064062,0,32000,2050,0.064062,131072,2686,0.020493,0,0,1
450,host-21,1,1,14,1,1,0,0.070719,0,32000,2263,0.070719,131072,2580,0.019684,1,0,0
450,host-22,1,1,14,1,1,0,0.041688,0,32000,1334,0.041688,131072,1505,0.011482,1,0,0
450,host-23,2,0,14,2,0,0,0.081437,0,32000,2606,0.081437,131072,2794,0.021317,0,0,2
450,host-24,2,0,14,2,0,0,0.143063,0,32000,4578,0.143063,131072,4161,0.031746,0,0,2
450,host-3,1,0,14,1,0,0,0.066531,0,32000,2129,0.066531,131072,2221,0.016945,0,0,1
450,host-4,2,1,14,2,1,0,0.081844,0,32000,2619,0.081844,131072,2799,0.021355,0,1,1
450,host-5,1,0,14,1,0,0,0.071406,0,32000,2285,0.071406,131072,2568,0.019592,0,0,1
450,host-6,2,0,14,2,0,0,0.096125,0,32000,3076,0.096125,131072,2831,0.021599,0,0,2
450,host-7,2,0,14,2,0,0,0.057906,0,32000,1853,0.057906,131072,1630,0.012436,0,0,2
450,host-8,2,0,14,2,0,0,0.097281,0,32000,3113,0.097281,131072,3729,0.028450,0,0,2
450,host-9,2,0,14,2,0,0,0.124031,0,32000,3969,0.124031,131072,4575,0.034904,0,0,2
451,host-1,2,0,14,2,0,0,0.096219,0,32000,3079,0.096219,131072,2576,0.019653,0,0,2
451,host-10,2,0,14,2,0,0,0.118938,0,32000,3806,0.118938,131072,4137,0.031563,0,0,2
451,host-11,1,0,14,1,0,0,0.036469,0,32000,1167,0.036469,131072,1365,0.010414,0,0,1
451,host-12,1,0,14,1,0,0,0.071406,0,32000,2285,0.071406,131072,2568,0.019592,0,0,1
451,host-13,2,0,14,2,0,0,0.092875,0,32000,2972,0.092875,131072,2191,0.016716,0,0,2
451,host-14,2,1,14,2,1,0,0.073531,0,32000,2353,0.073531,131072,2068,0.015778,1,0,1
451,host-15,2,0,14,2,0,0,0.097969,0,32000,3135,0.097969,131072,3128,0.023865,0,0,2
451,host-16,2,0,14,2,0,0,0.088969,0,32000,2847,0.088969,131072,2190,0.016708,0,0,2
451,host-17,1,0,14,1,0,0,0.050812,0,32000,1626,0.050812,131072,1583,0.012077,0,0,1
451,host-18,2,0,14,2,0,0,0.088125,0,32000,2820,0.088125,131072,3652,0.027863,0,0,2
451,host-19,1,0,14,1,0,0,0.062156,0,32000,1989,0.062156,131072,1467,0.011192,0,0,1
451,host-2,2,0,14,2,0,0,0.086500,0,32000,2768,0.086500,131072,2779,0.021202,0,0,2
451,host-20,1,0,14,1,0,0,0.064062,0,32000,2050,0.064062,131072,2686,0.020493,0,0,1
451,host-21,1,0,14,1,0,0,0.070719,0,32000,2263,0.070719,131072,2580,0.019684,0,0,1
451,host-22,1,1,14,1,1,0,0.041688,0,32000,1334,0.041688,131072,1505,0.011482,1,0,0
451,host-23,2,0,14,2,0,0,0.081437,0,32000,2606,0.081437,131072,2794,0.021317,0,0,2
451,host-24,2,0,14,2,0,0,0.143063,0,32000,4578,0.143063,131072,4161,0.031746,0,0,2
451,host-3,1,0,14,1,0,0,0.066531,0,32000,2129,0.066531,131072,2221,0.016945,0,0,1
451,host-4,2,0,14,2,0,0,0.081844,0,32000,2619,0.081844,131072,2799,0.021355,0,0,2
451,host-5,1,0,14,1,0,0,0.071406,0,32000,2285,0.071406,131072,2568,0.019592,0,0,1
451,host-6,2,0,14,2,0,0,0.096125,0,32000,3076,0.096125,131072,2831,0.021599,0,0,2
451,host-7,2,0,14,2,0,0,0.057906,0,32000,1853,0.057906,131072,1630,0.012436,0,0,2
451,host-8,2,0,14,2,0,0,0.097281,0,32000,3113,0.097281,131072,3729,0.028450,0,0,2
451,host-9,2,0,14,2,0,0,0.124031,0,32000,3969,0.124031,131072,4575,0.034904,0,0,2
452,host-1,2,0,14,2,0,0,0.096219,0,32000,3079,0.096219,131072,2576,0.019653,0,0,2
452,host-10,2,0,14,2,0,0,0.118938,0,32000,3806,0.118938,131072,4137,0.031563,0,0,2
452,host-11,2,1,14,2,1,0,0.079187,0,32000,2534,0.079187,131072,2607,0.019890,1,0,1
452,host-12,1,0,14,1,0,0,0.071406,0,32000,2285,0.071406,131072,2568,0.019592,0,0,1
452,host-13,2,0,14,2,0,0,0.092875,0,32000,2972,0.092875,131072,2191,0.016716,0,0,2
452,host-14,2,1,14,2,1,0,0.073531,0,32000,2353,0.073531,131072,2068,0.015778,0,1,1
452,host-15,2,0,14,2,0,0,0.097969,0,32000,3135,0.097969,131072,3128,0.023865,0,0,2
452,host-16,2,0,14,2,0,0,0.088969,0,32000,2847,0.088969,131072,2190,0.016708,0,0,2
452,host-17,1,0,14,1,0,0,0.050812,0,32000,1626,0.050812,131072,1583,0.012077,0,0,1
452,host-18,2,0,14,2,0,0,0.088125,0,32000,2820,0.088125,131072,3652,0.027863,0,0,2
452,host-19,1,0,14,1,0,0,0.062156,0,32000,1989,0.062156,131072,1467,0.011192,0,0,1
452,host-2,2,0,14,2,0,0,0.086500,0,32000,2768,0.086500,131072,2779,0.021202,0,0,2
452,host-20,1,0,14,1,0,0,0.064062,0,32000,2050,0.064062,131072,2686,0.020493,0,0,1
452,host-21,1,0,14,1,0,0,0.070719,0,32000,2263,0.070719,131072,2580,0.019684,0,0,1
452,host-22,2,1,14,2,1,0,0.105313,0,32000,3370,0.105313,131072,3804,0.029022,1,0,1
452,host-23,2,0,14,2,0,0,0.081437,0,32000,2606,0.081437,131072,2794,0.021317,0,0,2
452,host-24,2,0,14,2,0,0,0.143063,0,32000,4578,0.143063,131072,4161,0.031746,0,0,2
452,host-3,1,0,14,1,0,0,0.066531,0,32000,2129,0.066531,131072,2221,0.016945,0,0,1
452,host-4,2,0,14,2,0,0,0.081844,0,32000,2619,0.081844,131072,2799,0.021355,0,0,2
452,host-5,1,0,14,1,0,0,0.071406,0,32000,2285,0.071406,131072,2568,0.019592,0,0,1
452,host-6,2,0,14,2,0,0,0.096125,0,32000,3076,0.096125,131072,2831,0.021599,0,0,2
452,host-7,2,0,14,2,0,0,0.057906,0,32000,1853,0.057906,131072,1630,0.012436,0,0,2
452,host-8,2,0,14,2,0,0,0.097281,0,32000,3113,0.097281,131072,3729,0.028450,0,0,2
452,host-9,2,0,14,2,0,0,0.124031,0,32000,3969,0.124031,131072,4575,0.034904,0,0,2
453,host-1,2,1,14,2,1,0,0.099344,0,32000,3179,0.099344,131072,2584,0.019714,1,0,1
453,host-10,2,0,14,2,0,0,0.118938,0,32000,3806,0.118938,131072,4137,0.031563,0,0,2
453,host-11,2,0,14,2,0,0,0.079187,0,32000,2534,0.079187,131072,2607,0.019890,0,0,2
453,host-12,1,0,14,1,0,0,0.071406,0,32000,2285,0.071406,131072,2568,0.019592,0,0,1
453,host-13,2,0,14,2,0,0,0.092875,0,32000,2972,0.092875,131072,2191,0.016716,0,0,2
453,host-14,2,0,14,2,0,0,0.073531,0,32000,2353,0.073531,131072,2068,0.015778,0,0,2
453,host-15,2,0,14,2,0,0,0.097969,0,32000,3135,0.097969,131072,3128,0.023865,0,0,2
453,host-16,2,0,14,2,0,0,0.088969,0,32000,2847,0.088969,131072,2190,0.016708,0,0,2
453,host-17,2,1,14,2,1,0,0.081500,0,32000,2608,0.081500,131072,1943,0.014824,1,0,1
453,host-18,2,0,14,2,0,0,0.088125,0,32000,2820,0.088125,131072,3652,0.027863,0,0,2
453,host-19,2,1,14,2,1,0,0.107031,0,32000,3425,0.107031,131072,2280,0.017395,1,0,1
453,host-2,2,0,14,2,0,0,0.086500,0,32000,2768,0.086500,131072,2779,0.021202,0,0,2
453,host-20,2,1,14,2,1,0,0.131344,0,32000,4203,0.131344,131072,5322,0.040604,1,0,1
453,host-21,2,1,14,2,1,0,0.100281,0,32000,3209,0.100281,131072,3595,0.027428,1,0,1
453,host-22,2,0,14,2,0,0,0.105313,0,32000,3370,0.105313,131072,3804,0.029022,0,0,2
453,host-23,2,0,14,2,0,0,0.081437,0,32000,2606,0.081437,131072,2794,0.021317,0,0,2
453,host-24,2,0,14,2,0,0,0.143063,0,32000,4578,0.143063,131072,4161,0.031746,0,0,2
453,host-3,2,1,14,2,1,0,0.138687,0,32000,4438,0.138687,131072,5170,0.039444,1,0,1
453,host-4,2,0,14,2,0,0,0.081844,0,32000,2619,0.081844,131072,2799,0.021355,0,0,2
453,host-5,1,0,14,1,0,0,0.071406,0,32000,2285,0.071406,131072,2568,0.019592,0,0,1
453,host-6,2,0,14,2,0,0,0.096125,0,32000,3076,0.096125,131072,2831,0.021599,0,0,2
453,host-7,3,1,14,3,1,0,0.116250,0,32000,3720,0.116250,131072,2818,0.021500,1,0,2
453,host-8,2,0,14,2,0,0,0.097281,0,32000,3113,0.097281,131072,3729,0.028450,0,0,2
453,host-9,2,0,14,2,0,0,0.124031,0,32000,3969,0.124031,131072,4575,0.034904,0,0,2
454,host-1,2,1,14,2,1,0,0.099344,0,32000,3179,0.099344,131072,2584,0.019714,1,0,1
454,host-10,2,0,14,2,0,0,0.118938,0,32000,3806,0.118938,131072,4137,0.031563,0,0,2
454,host-11,2,0,14,2,0,0,0.079187,0,32000,2534,0.079187,131072,2607,0.019890,0,0,2
454,host-12,1,0,14,1,0,0,0.071406,0,32000,2285,0.071406,131072,2568,0.019592,0,0,1
454,host-13,2,0,14,2,0,0,0.092875,0,32000,2972,0.092875,131072,2191,0.016716,0,0,2
454,host-14,2,0,14,2,0,0,0.073531,0,32000,2353,0.073531,131072,2068,0.015778,0,0,2
454,host-15,2,0,14,2,0,0,0.097969,0,32000,3135,0.097969,131072,3128,0.023865,0,0,2
454,host-16,2,0,14,2,0,0,0.088969,0,32000,2847,0.088969,131072,2190,0.016708,0,0,2
454,host-17,2,1,14,2,1,0,0.081500,0,32000,2608,0.081500,131072,1943,0.014824,1,0,1
454,host-18,2,0,14,2,0,0,0.088125,0,32000,2820,0.088125,131072,3652,0.027863,0,0,2
454,host-19,2,1,14,2,1,0,0.107031,0,32000,3425,0.107031,131072,2280,0.017395,1,0,1
454,host-2,2,0,14,2,0,0,0.086500,0,32000,2768,0.086500,131072,2779,0.021202,0,0,2
454,host-20,2,1,14,2,1,0,0.131344,0,32000,4203,0.131344,131072,5322,0.040604,1,0,1
454,host-21,2,1,14,2,1,0,0.100281,0,32000,3209,0.100281,131072,3595,0.027428,1,0,1
454,host-22,2,0,14,2,0,0,0.105313,0,32000,3370,0.105313,131072,3804,0.029022,0,0,2
454,host-23,2,0,14,2,0,0,0.081437,0,32000,2606,0.081437,131072,2794,0.021317,0,0,2
454,host-24,2,0,14,2,0,0,0.143063,0,32000,4578,0.143063,131072,4161,0.031746,0,0,2
454,host-3,2,1,14,2,1,0,0.138687,0,32000,4438,0.138687,131072,5170,0.039444,1,0,1
454,host-4,2,0,14,2,0,0,0.081844,0,32000,2619,0.081844,131072,2799,0.021355,0,0,2
454,host-5,1,0,14,1,0,0,0.071406,0,32000,2285,0.071406,131072,2568,0.019592,0,0,1
454,host-6,2,0,14,2,0,0,0.096125,0,32000,3076,0.096125,131072,2831,0.021599,0,0,2
454,host-7,3,1,14,3,1,0,0.116250,0,32000,3720,0.116250,131072,2818,0.021500,1,0,2
454,host-8,2,0,14,2,0,0,0.097281,0,32000,3113,0.097281,131072,3729,0.028450,0,0,2
454,host-9,2,0,14,2,0,0,0.124031,0,32000,3969,0.124031,131072,4575,0.034904,0,0,2
455,host-1,2,0,14,2,0,0,0.099344,0,32000,3179,0.099344,131072,2584,0.019714,0,0,2
455,host-10,2,0,14,2,0,0,0.118938,0,32000,3806,0.118938,131072,4137,0.031563,0,0,2
455,host-11,2,0,14,2,0,0,0.079187,0,32000,2534,0.079187,131072,2607,0.019890,0,0,2
455,host-12,1,0,14,1,0,0,0.071406,0,32000,2285,0.071406,131072,2568,0.019592,0,0,1
455,host-13,2,0,14,2,0,0,0.092875,0,32000,2972,0.092875,131072,2191,0.016716,0,0,2
455,host-14,2,0,14,2,0,0,0.073531,0,32000,2353,0.073531,131072,2068,0.015778,0,0,2
455,host-15,2,0,14,2,0,0,0.097969,0,32000,3135,0.097969,131072,3128,0.023865,0,0,2
455,host-16,2,0,14,2,0,0,0.088969,0,32000,2847,0.088969,131072,2190,0.016708,0,0,2
455,host-17,2,0,14,2,0,0,0.081500,0,32000,2608,0.081500,131072,1943,0.014824,0,0,2
455,host-18,2,0,14,2,0,0,0.088125,0,32000,2820,0.088125,131072,3652,0.027863,0,0,2
455,host-19,2,0,14,2,0,0,0.107031,0,32000,3425,0.107031,131072,2280,0.017395,0,0,2
455,host-2,2,0,14,2,0,0,0.086500,0,32000,2768,0.086500,131072,2779,0.021202,0,0,2
455,host-20,2,0,14,2,0,0,0.131344,0,32000,4203,0.131344,131072,5322,0.040604,0,0,2
455,host-21,2,0,14,2,0,0,0.100281,0,32000,3209,0.100281,131072,3595,0.027428,0,0,2
455,host-22,2,0,14,2,0,0,0.105313,0,32000,3370,0.105313,131072,3804,0.029022,0,0,2
455,host-23,2,0,14,2,0,0,0.081437,0,32000,2606,0.081437,131072,2794,0.021317,0,0,2
455,host-24,2,0,14,2,0,0,0.143063,0,32000,4578,0.143063,131072,4161,0.031746,0,0,2
455,host-3,2,1,14,2,1,0,0.138687,0,32000,4438,0.138687,131072,5170,0.039444,0,1,1
455,host-4,2,0,14,2,0,0,0.081844,0,32000,2619,0.081844,131072,2799,0.021355,0,0,2
455,host-5,2,1,14,2,1,0,0.099969,0,32000,3199,0.099969,131072,3586,0.027359,1,0,1
455,host-6,2,0,14,2,0,0,0.096125,0,32000,3076,0.096125,131072,2831,0.021599,0,0,2
455,host-7,3,0,14,3,0,0,0.116250,0,32000,3720,0.116250,131072,2818,0.021500,0,0,3
455,host-8,2,0,14,2,0,0,0.097281,0,32000,3113,0.097281,131072,3729,0.028450,0,0,2
455,host-9,2,0,14,2,0,0,0.124031,0,32000,3969,0.124031,131072,4575,0.034904,0,0,2
456,host-1,2,0,14,2,0,0,0.099344,0,32000,3179,0.099344,131072,2584,0.019714,0,0,2
456,host-10,2,0,14,2,0,0,0.118938,0,32000,3806,0.118938,131072,4137,0.031563,0,0,2
456,host-11,3,1,14,3,1,0,0.113000,0,32000,3616,0.113000,131072,3907,0.029808,1,0,2
456,host-12,2,1,14,2,1,0,0.112625,0,32000,3604,0.112625,131072,3443,0.026268,1,0,1
456,host-13,2,0,14,2,0,0,0.092875,0,32000,2972,0.092875,131072,2191,0.016716,0,0,2
456,host-14,3,1,14,3,1,0,0.128062,0,32000,4098,0.128062,131072,3996,0.030487,1,0,2
456,host-15,2,0,14,2,0,0,0.097969,0,32000,3135,0.097969,131072,3128,0.023865,0,0,2
456,host-16,2,0,14,2,0,0,0.088969,0,32000,2847,0.088969,131072,2190,0.016708,0,0,2
456,host-17,3,1,14,3,1,0,0.129469,0,32000,4143,0.129469,131072,3468,0.026459,1,0,2
456,host-18,2,0,14,2,0,0,0.088125,0,32000,2820,0.088125,131072,3652,0.027863,0,0,2
456,host-19,2,0,14,2,0,0,0.107031,0,32000,3425,0.107031,131072,2280,0.017395,0,0,2
456,host-2,2,0,14,2,0,0,0.086500,0,32000,2768,0.086500,131072,2779,0.021202,0,0,2
456,host-20,2,0,14,2,0,0,0.131344,0,32000,4203,0.131344,131072,5322,0.040604,0,0,2
456,host-21,2,0,14,2,0,0,0.100281,0,32000,3209,0.100281,131072,3595,0.027428,0,0,2
456,host-22,2,0,14,2,0,0,0.105313,0,32000,3370,0.105313,131072,3804,0.029022,0,0,2
456,host-23,3,1,14,3,1,0,0.119688,0,32000,3830,0.119688,131072,3627,0.027672,1,0,2
456,host-24,2,0,14,2,0,0,0.143063,0,32000,4578,0.143063,131072,4161,0.031746,0,0,2
456,host-3,2,0,14,2,0,0,0.138687,0,32000,4438,0.138687,131072,5170,0.039444,0,0,2
456,host-4,2,0,14,2,0,0,0.081844,0,32000,2619,0.081844,131072,2799,0.021355,0,0,2
456,host-5,2,1,14,2,1,0,0.099969,0,32000,3199,0.099969,131072,3586,0.027359,1,0,1
456,host-6,2,1,14,2,1,0,0.126188,0,32000,4038,0.126188,131072,4112,0.031372,1,0,1
456,host-7,3,0,14,3,0,0,0.116250,0,32000,3720,0.116250,131072,2818,0.021500,0,0,3
456,host-8,2,0,14,2,0,0,0.097281,0,32000,3113,0.097281,131072,3729,0.028450,0,0,2
456,host-9,2,0,14,2,0,0,0.124031,0,32000,3969,0.124031,131072,4575,0.034904,0,0,2
457,host-1,2,0,14,2,0,0,0.099344,0,32000,3179,0.099344,131072,2584,0.019714,0,0,2
457,host-10,2,0,14,2,0,0,0.118938,0,32000,3806,0.118938,131072,4137,0.031563,0,0,2
457,host-11,3,1,14,3,1,0,0.113000,0,32000,3616,0.113000,131072,3907,0.029808,1,0,2
457,host-12,1,1,14,1,1,0,0.041219,0,32000,1319,0.041219,131072,875,0.006676,0,1,0
457,host-13,2,0,14,2,0,0,0.092875,0,32000,2972,0.092875,131072,2191,0.016716,0,0,2
457,host-14,3,1,14,3,1,0,0.128062,0,32000,4098,0.128062,131072,3996,0.030487,1,0,2
457,host-15,2,0,14,2,0,0,0.097969,0,32000,3135,0.097969,131072,3128,0.023865,0,0,2
457,host-16,2,0,14,2,0,0,0.088969,0,32000,2847,0.088969,131072,2190,0.016708,0,0,2
457,host-17,3,0,14,3,0,0,0.129469,0,32000,4143,0.129469,131072,3468,0.026459,0,0,3
457,host-18,2,0,14,2,0,0,0.088125,0,32000,2820,0.088125,131072,3652,0.027863,0,0,2
457,host-19,2,0,14,2,0,0,0.107031,0,32000,3425,0.107031,131072,2280,0.017395,0,0,2
457,host-2,2,0,14,2,0,0,0.086500,0,32000,2768,0.086500,131072,2779,0.021202,0,0,2
457,host-20,2,0,14,2,0,0,0.131344,0,32000,4203,0.131344,131072,5322,0.040604,0,0,2
457,host-21,2,0,14,2,0,0,0.100281,0,32000,3209,0.100281,131072,3595,0.027428,0,0,2
457,host-22,2,0,14,2,0,0,0.105313,0,32000,3370,0.105313,131072,3804,0.029022,0,0,2
457,host-23,3,0,14,3,0,0,0.119688,0,32000,3830,0.119688,131072,3627,0.027672,0,0,3
457,host-24,2,0,14,2,0,0,0.143063,0,32000,4578,0.143063,131072,4161,0.031746,0,0,2
457,host-3,2,0,14,2,0,0,0.138687,0,32000,4438,0.138687,131072,5170,0.039444,0,0,2
457,host-4,3,1,14,3,1,0,0.120094,0,32000,3843,0.120094,131072,3632,0.027710,0,1,2
457,host-5,2,0,14,2,0,0,0.099969,0,32000,3199,0.099969,131072,3586,0.027359,0,0,2
457,host-6,2,0,14,2,0,0,0.126188,0,32000,4038,0.126188,131072,4112,0.031372,0,0,2
457,host-7,3,0,14,3,0,0,0.116250,0,32000,3720,0.116250,131072,2818,0.021500,0,0,3
457,host-8,2,0,14,2,0,0,0.097281,0,32000,3113,0.097281,131072,3729,0.028450,0,0,2
457,host-9,2,0,14,2,0,0,0.124031,0,32000,3969,0.124031,131072,4575,0.034904,0,0,2
458,host-1,2,0,14,2,0,0,0.099344,0,32000,3179,0.099344,131072,2584,0.019714,0,0,2
458,host-10,2,0,14,2,0,0,0.118938,0,32000,3806,0.118938,131072,4137,0.031563,0,0,2
458,host-11,3,0,14,3,0,0,0.113000,0,32000,3616,0.113000,131072,3907,0.029808,0,0,3
458,host-12,2,1,14,2,1,0,0.095750,0,32000,3064,0.095750,131072,2803,0.021385,1,0,1
458,host-13,2,0,14,2,0,0,0.092875,0,32000,2972,0.092875,131072,2191,0.016716,0,0,2
458,host-14,3,0,14,3,0,0,0.128062,0,32000,4098,0.128062,131072,3996,0.030487,0,0,3
458,host-15,2,0,14,2,0,0,0.097969,0,32000,3135,0.097969,131072,3128,0.023865,0,0,2
458,host-16,2,0,14,2,0,0,0.088969,0,32000,2847,0.088969,131072,2190,0.016708,0,0,2
458,host-17,3,0,14,3,0,0,0.129469,0,32000,4143,0.129469,131072,3468,0.026459,0,0,3
458,host-18,2,0,14,2,0,0,0.088125,0,32000,2820,0.088125,131072,3652,0.027863,0,0,2
458,host-19,2,0,14,2,0,0,0.107031,0,32000,3425,0.107031,131072,2280,0.017395,0,0,2
458,host-2,1,0,14,1,0,0,0.042500,0,32000,1360,0.042500,131072,897,0.006844,0,0,1
458,host-20,2,0,14,2,0,0,0.131344,0,32000,4203,0.131344,131072,5322,0.040604,0,0,2
458,host-21,2,0,14,2,0,0,0.100281,0,32000,3209,0.100281,131072,3595,0.027428,0,0,2
458,host-22,2,0,14,2,0,0,0.105313,0,32000,3370,0.105313,131072,3804,0.029022,0,0,2
458,host-23,3,0,14,3,0,0,0.119688,0,32000,3830,0.119688,131072,3627,0.027672,0,0,3
458,host-24,2,0,14,2,0,0,0.143063,0,32000,4578,0.143063,131072,4161,0.031746,0,0,2
458,host-3,2,0,14,2,0,0,0.138687,0,32000,4438,0.138687,131072,5170,0.039444,0,0,2
458,host-4,3,0,14,3,0,0,0.120094,0,32000,3843,0.120094,131072,3632,0.027710,0,0,3
458,host-5,1,0,14,1,0,0,0.028563,0,32000,914,0.028563,131072,1018,0.007767,0,0,1
458,host-6,2,0,14,2,0,0,0.126188,0,32000,4038,0.126188,131072,4112,0.031372,0,0,2
458,host-7,3,0,14,3,0,0,0.116250,0,32000,3720,0.116250,131072,2818,0.021500,0,0,3
458,host-8,2,1,14,2,1,0,0.097281,0,32000,3113,0.097281,131072,3729,0.028450,0,1,1
458,host-9,2,0,14,2,0,0,0.124031,0,32000,3969,0.124031,131072,4575,0.034904,0,0,2
459,host-1,2,0,14,2,0,0,0.099344,0,32000,3179,0.099344,131072,2584,0.019714,0,0,2
459,host-10,2,0,14,2,0,0,0.118938,0,32000,3806,0.118938,131072,4137,0.031563,0,0,2
459,host-11,3,0,14,3,0,0,0.113000,0,32000,3616,0.113000,131072,3907,0.029808,0,0,3
459,host-12,2,0,14,2,0,0,0.095750,0,32000,3064,0.095750,131072,2803,0.021385,0,0,2
459,host-13,2,0,14,2,0,0,0.092875,0,32000,2972,0.092875,131072,2191,0.016716,0,0,2
459,host-14,3,0,14,3,0,0,0.128062,0,32000,4098,0.128062,131072,3996,0.030487,0,0,3
459,host-15,2,0,14,2,0,0,0.097969,0,32000,3135,0.097969,131072,3128,0.023865,0,0,2
459,host-16,2,0,14,2,0,0,0.088969,0,32000,2847,0.088969,131072,2190,0.016708,0,0,2
459,host-17,3,0,14,3,0,0,0.129469,0,32000,4143,0.129469,131072,3468,0.026459,0,0,3
459,host-18,3,1,14,3,1,0,0.145969,0,32000,4671,0.145969,131072,5964,0.045502,1,0,2
459,host-19,2,0,14,2,0,0,0.107031,0,32000,3425,0.107031,131072,2280,0.017395,0,0,2
459,host-2,2,1,14,2,1,0,0.117313,0,32000,3754,0.117313,131072,3433,0.026192,1,0,1
459,host-20,2,0,14,2,0,0,0.131344,0,32000,4203,0.131344,131072,5322,0.040604,0,0,2
459,host-21,2,0,14,2,0,0,0.100281,0,32000,3209,0.100281,131072,3595,0.027428,0,0,2
459,host-22,2,0,14,2,0,0,0.105313,0,32000,3370,0.105313,131072,3804,0.029022,0,0,2
459,host-23,2,1,14,2,1,0,0.109656,0,32000,3509,0.109656,131072,3401,0.025948,1,0,1
459,host-24,2,0,14,2,0,0,0.143063,0,32000,4578,0.143063,131072,4161,0.031746,0,0,2
459,host-3,2,0,14,2,0,0,0.138687,0,32000,4438,0.138687,131072,5170,0.039444,0,0,2
459,host-4,3,0,14,3,0,0,0.120094,0,32000,3843,0.120094,131072,3632,0.027710,0,0,3
459,host-5,3,2,14,3,2,0,0.117719,0,32000,3767,0.117719,131072,3975,0.030327,2,0,1
459,host-6,2,2,14,2,2,0,0.112750,0,32000,3608,0.112750,131072,4623,0.035271,1,1,0
459,host-7,3,0,14,3,0,0,0.116250,0,32000,3720,0.116250,131072,2818,0.021500,0,0,3
459,host-8,2,0,14,2,0,0,0.097281,0,32000,3113,0.097281,131072,3729,0.028450,0,0,2
459,host-9,2,0,14,2,0,0,0.124031,0,32000,3969,0.124031,131072,4575,0.034904,0,0,2
460,host-1,2,0,14,2,0,0,0.099344,0,32000,3179,0.099344,131072,2584,0.019714,0,0,2
460,host-10,2,0,14,2,0,0,0.118938,0,32000,3806,0.118938,131072,4137,0.031563,0,0,2
460,host-11,3,0,14,3,0,0,0.113000,0,32000,3616,0.113000,131072,3907,0.029808,0,0,3
460,host-12,2,0,14,2,0,0,0.095750,0,32000,3064,0.095750,131072,2803,0.021385,0,0,2
460,host-13,3,1,14,3,1,0,0.164281,0,32000,5257,0.164281,131072,4759,0.036308,1,0,2
460,host-14,3,0,14,3,0,0,0.128062,0,32000,4098,0.128062,131072,3996,0.030487,0,0,3
460,host-15,2,0,14,2,0,0,0.097969,0,32000,3135,0.097969,131072,3128,0.023865,0,0,2
460,host-16,3,1,14,3,1,0,0.132969,0,32000,4255,0.132969,131072,4072,0.031067,1,0,2
460,host-17,3,0,14,3,0,0,0.129469,0,32000,4143,0.129469,131072,3468,0.026459,0,0,3
460,host-18,3,1,14,3,1,0,0.145969,0,32000,4671,0.145969,131072,5964,0.045502,1,0,2
460,host-19,2,0,14,2,0,0,0.107031,0,32000,3425,0.107031,131072,2280,0.017395,0,0,2
460,host-2,2,1,14,2,1,0,0.117313,0,32000,3754,0.117313,131072,3433,0.026192,1,0,1
460,host-20,2,0,14,2,0,0,0.131344,0,32000,4203,0.131344,131072,5322,0.040604,0,0,2
460,host-21,2,0,14,2,0,0,0.100281,0,32000,3209,0.100281,131072,3595,0.027428,0,0,2
460,host-22,2,0,14,2,0,0,0.105313,0,32000,3370,0.105313,131072,3804,0.029022,0,0,2
460,host-23,2,1,14,2,1,0,0.109656,0,32000,3509,0.109656,131072,3401,0.025948,1,0,1
460,host-24,2,0,14,2,0,0,0.143063,0,32000,4578,0.143063,131072,4161,0.031746,0,0,2
460,host-3,2,0,14,2,0,0,0.138687,0,32000,4438,0.138687,131072,5170,0.039444,0,0,2
460,host-4,3,0,14,3,0,0,0.120094,0,32000,3843,0.120094,131072,3632,0.027710,0,0,3
460,host-5,3,1,14,3,1,0,0.117719,0,32000,3767,0.117719,131072,3975,0.030327,1,0,2
460,host-6,2,0,14,2,0,0,0.112750,0,32000,3608,0.112750,131072,4623,0.035271,0,0,2
460,host-7,3,0,14,3,0,0,0.116250,0,32000,3720,0.116250,131072,2818,0.021500,0,0,3
460,host-8,2,0,14,2,0,0,0.097281,0,32000,3113,0.097281,131072,3729,0.028450,0,0,2
460,host-9,2,0,14,2,0,0,0.124031,0,32000,3969,0.124031,131072,4575,0.034904,0,0,2
461,host-1,2,0,14,2,0,0,0.099344,0,32000,3179,0.099344,131072,2584,0.019714,0,0,2
461,host-10,2,0,14,2,0,0,0.118938,0,32000,3806,0.118938,131072,4137,0.031563,0,0,2
461,host-11,3,0,14,3,0,0,0.113000,0,32000,3616,0.113000,131072,3907,0.029808,0,0,3
461,host-12,3,1,14,3,1,0,0.146250,0,32000,4680,0.146250,131072,4370,0.033340,1,0,2
461,host-13,3,2,14,3,2,0,0.164281,0,32000,5257,0.164281,131072,4759,0.036308,0,2,1
461,host-14,3,0,14,3,0,0,0.128062,0,32000,4098,0.128062,131072,3996,0.030487,0,0,3
461,host-15,2,0,14,2,0,0,0.097969,0,32000,3135,0.097969,131072,3128,0.023865,0,0,2
461,host-16,3,0,14,3,0,0,0.132969,0,32000,4255,0.132969,131072,4072,0.031067,0,0,3
461,host-17,3,0,14,3,0,0,0.129469,0,32000,4143,0.129469,131072,3468,0.026459,0,0,3
461,host-18,2,1,14,2,1,0,0.093094,0,32000,2979,0.093094,131072,3942,0.030075,0,1,1
461,host-19,1,0,14,1,0,0,0.044875,0,32000,1436,0.044875,131072,813,0.006203,0,0,1
461,host-2,2,0,14,2,0,0,0.117313,0,32000,3754,0.117313,131072,3433,0.026192,0,0,2
461,host-20,2,0,14,2,0,0,0.131344,0,32000,4203,0.131344,131072,5322,0.040604,0,0,2
461,host-21,2,0,14,2,0,0,0.100281,0,32000,3209,0.100281,131072,3595,0.027428,0,0,2
461,host-22,2,0,14,2,0,0,0.105313,0,32000,3370,0.105313,131072,3804,0.029022,0,0,2
461,host-23,2,0,14,2,0,0,0.109656,0,32000,3509,0.109656,131072,3401,0.025948,0,0,2
461,host-24,1,0,14,1,0,0,0.077219,0,32000,2471,0.077219,131072,2298,0.017532,0,0,1
461,host-3,2,0,14,2,0,0,0.138687,0,32000,4438,0.138687,131072,5170,0.039444,0,0,2
461,host-4,3,0,14,3,0,0,0.120094,0,32000,3843,0.120094,131072,3632,0.027710,0,0,3
461,host-5,3,0,14,3,0,0,0.117719,0,32000,3767,0.117719,131072,3975,0.030327,0,0,3
461,host-6,2,0,14,2,0,0,0.112750,0,32000,3608,0.112750,131072,4623,0.035271,0,0,2
461,host-7,3,0,14,3,0,0,0.116250,0,32000,3720,0.116250,131072,2818,0.021500,0,0,3
461,host-8,3,1,14,3,1,0,0.127781,0,32000,4089,0.127781,131072,4990,0.038071,1,0,2
461,host-9,2,0,14,2,0,0,0.124031,0,32000,3969,0.124031,131072,4575,0.034904,0,0,2
462,host-1,2,0,14,2,0,0,0.099344,0,32000,3179,0.099344,131072,2584,0.019714,0,0,2
462,host-10,2,0,14,2,0,0,0.118938,0,32000,3806,0.118938,131072,4137,0.031563,0,0,2
462,host-11,3,0,14,3,0,0,0.113000,0,32000,3616,0.113000,131072,3907,0.029808,0,0,3
462,host-12,3,0,14,3,0,0,0.146250,0,32000,4680,0.146250,131072,4370,0.033340,0,0,3
462,host-13,3,0,14,3,0,0,0.164281,0,32000,5257,0.164281,131072,4759,0.036308,0,0,3
462,host-14,3,0,14,3,0,0,0.128062,0,32000,4098,0.128062,131072,3996,0.030487,0,0,3
462,host-15,3,1,14,3,1,0,0.141719,0,32000,4535,0.141719,131072,4232,0.032288,1,0,2
462,host-16,3,0,14,3,0,0,0.132969,0,32000,4255,0.132969,131072,4072,0.031067,0,0,3
462,host-17,3,0,14,3,0,0,0.129469,0,32000,4143,0.129469,131072,3468,0.026459,0,0,3
462,host-18,3,2,14,3,2,0,0.134656,0,32000,4309,0.134656,131072,3798,0.028976,2,0,1
462,host-19,3,2,14,3,2,0,0.143937,0,32000,4606,0.143937,131072,3471,0.026482,2,0,1
462,host-2,2,1,14,2,1,0,0.117313,0,32000,3754,0.117313,131072,3433,0.026192,0,1,1
462,host-20,2,0,14,2,0,0,0.131344,0,32000,4203,0.131344,131072,5322,0.040604,0,0,2
462,host-21,2,0,14,2,0,0,0.100281,0,32000,3209,0.100281,131072,3595,0.027428,0,0,2
462,host-22,2,0,14,2,0,0,0.105313,0,32000,3370,0.105313,131072,3804,0.029022,0,0,2
462,host-23,2,0,14,2,0,0,0.109656,0,32000,3509,0.109656,131072,3401,0.025948,0,0,2
462,host-24,2,1,14,2,1,0,0.148000,0,32000,4736,0.148000,131072,4612,0.035187,1,0,1
462,host-3,2,0,14,2,0,0,0.138687,0,32000,4438,0.138687,131072,5170,0.039444,0,0,2
462,host-4,3,0,14,3,0,0,0.120094,0,32000,3843,0.120094,131072,3632,0.027710,0,0,3
462,host-5,3,0,14,3,0,0,0.117719,0,32000,3767,0.117719,131072,3975,0.030327,0,0,3
462,host-6,2,0,14,2,0,0,0.112750,0,32000,3608,0.112750,131072,4623,0.035271,0,0,2
462,host-7,3,0,14,3,0,0,0.116250,0,32000,3720,0.116250,131072,2818,0.021500,0,0,3
462,host-8,3,1,14,3,1,0,0.135437,0,32000,4334,0.135437,131072,4569,0.034859,1,0,2
462,host-9,2,0,14,2,0,0,0.124031,0,32000,3969,0.124031,131072,4575,0.034904,0,0,2
463,host-1,2,1,14,2,1,0,0.096687,0,32000,3094,0.096687,131072,1926,0.014694,1,0,1
463,host-10,2,0,14,2,0,0,0.118938,0,32000,3806,0.118938,131072,4137,0.031563,0,0,2
463,host-11,3,0,14,3,0,0,0.113000,0,32000,3616,0.113000,131072,3907,0.029808,0,0,3
463,host-12,3,0,14,3,0,0,0.146250,0,32000,4680,0.146250,131072,4370,0.033340,0,0,3
463,host-13,3,0,14,3,0,0,0.164281,0,32000,5257,0.164281,131072,4759,0.036308,0,0,3
463,host-14,3,0,14,3,0,0,0.128062,0,32000,4098,0.128062,131072,3996,0.030487,0,0,3
463,host-15,3,0,14,3,0,0,0.141719,0,32000,4535,0.141719,131072,4232,0.032288,0,0,3
463,host-16,3,0,14,3,0,0,0.132969,0,32000,4255,0.132969,131072,4072,0.031067,0,0,3
463,host-17,3,0,14,3,0,0,0.129469,0,32000,4143,0.129469,131072,3468,0.026459,0,0,3
463,host-18,3,1,14,3,1,0,0.134656,0,32000,4309,0.134656,131072,3798,0.028976,1,0,2
463,host-19,3,1,14,3,1,0,0.143937,0,32000,4606,0.143937,131072,3471,0.026482,0,1,2
463,host-2,2,0,14,2,0,0,0.117313,0,32000,3754,0.117313,131072,3433,0.026192,0,0,2
463,host-20,2,0,14,2,0,0,0.131344,0,32000,4203,0.131344,131072,5322,0.040604,0,0,2
463,host-21,2,0,14,2,0,0,0.100281,0,32000,3209,0.100281,131072,3595,0.027428,0,0,2
463,host-22,2,0,14,2,0,0,0.105313,0,32000,3370,0.105313,131072,3804,0.029022,0,0,2
463,host-23,2,0,14,2,0,0,0.109656,0,32000,3509,0.109656,131072,3401,0.025948,0,0,2
463,host-24,2,1,14,2,1,0,0.148000,0,32000,4736,0.148000,131072,4612,0.035187,0,1,1
463,host-3,2,1,14,2,1,0,0.138687,0,32000,4438,0.138687,131072,5170,0.039444,0,1,1
463,host-4,3,0,14,3,0,0,0.120094,0,32000,3843,0.120094,131072,3632,0.027710,0,0,3
463,host-5,3,0,14,3,0,0,0.117719,0,32000,3767,0.117719,131072,3975,0.030327,0,0,3
463,host-6,2,0,14,2,0,0,0.112750,0,32000,3608,0.112750,131072,4623,0.035271,0,0,2
463,host-7,3,0,14,3,0,0,0.116250,0,32000,3720,0.116250,131072,2818,0.021500,0,0,3
463,host-8,3,0,14,3,0,0,0.135437,0,32000,4334,0.135437,131072,4569,0.034859,0,0,3
463,host-9,2,0,14,2,0,0,0.124031,0,32000,3969,0.124031,131072,4575,0.034904,0,0,2
464,host-1,2,1,14,2,1,0,0.096687,0,32000,3094,0.096687,131072,1926,0.014694,0,1,1
464,host-10,2,0,14,2,0,0,0.118938,0,32000,3806,0.118938,131072,4137,0.031563,0,0,2
464,host-11,3,0,14,3,0,0,0.113000,0,32000,3616,0.113000,131072,3907,0.029808,0,0,3
464,host-12,3,0,14,3,0,0,0.146250,0,32000,4680,0.146250,131072,4370,0.033340,0,0,3
464,host-13,3,0,14,3,0,0,0.164281,0,32000,5257,0.164281,131072,4759,0.036308,0,0,3
464,host-14,3,0,14,3,0,0,0.128062,0,32000,4098,0.128062,131072,3996,0.030487,0,0,3
464,host-15,3,0,14,3,0,0,0.141719,0,32000,4535,0.141719,131072,4232,0.032288,0,0,3
464,host-16,3,0,14,3,0,0,0.132969,0,32000,4255,0.132969,131072,4072,0.031067,0,0,3
464,host-17,3,0,14,3,0,0,0.129469,0,32000,4143,0.129469,131072,3468,0.026459,0,0,3
464,host-18,3,0,14,3,0,0,0.134656,0,32000,4309,0.134656,131072,3798,0.028976,0,0,3
464,host-19,3,0,14,3,0,0,0.143937,0,32000,4606,0.143937,131072,3471,0.026482,0,0,3
464,host-2,2,0,14,2,0,0,0.117313,0,32000,3754,0.117313,131072,3433,0.026192,0,0,2
464,host-20,2,0,14,2,0,0,0.131344,0,32000,4203,0.131344,131072,5322,0.040604,0,0,2
464,host-21,2,0,14,2,0,0,0.100281,0,32000,3209,0.100281,131072,3595,0.027428,0,0,2
464,host-22,2,0,14,2,0,0,0.105313,0,32000,3370,0.105313,131072,3804,0.029022,0,0,2
464,host-23,2,0,14,2,0,0,0.109656,0,32000,3509,0.109656,131072,3401,0.025948,0,0,2
464,host-24,2,0,14,2,0,0,0.148000,0,32000,4736,0.148000,131072,4612,0.035187,0,0,2
464,host-3,2,0,14,2,0,0,0.138687,0,32000,4438,0.138687,131072,5170,0.039444,0,0,2
464,host-4,3,0,14,3,0,0,0.120094,0,32000,3843,0.120094,131072,3632,0.027710,0,0,3
464,host-5,3,0,14,3,0,0,0.117719,0,32000,3767,0.117719,131072,3975,0.030327,0,0,3
464,host-6,2,0,14,2,0,0,0.112750,0,32000,3608,0.112750,131072,4623,0.035271,0,0,2
464,host-7,3,0,14,3,0,0,0.116250,0,32000,3720,0.116250,131072,2818,0.021500,0,0,3
464,host-8,3,0,14,3,0,0,0.135437,0,32000,4334,0.135437,131072,4569,0.034859,0,0,3
464,host-9,2,0,14,2,0,0,0.124031,0,32000,3969,0.124031,131072,4575,0.034904,0,0,2
465,host-1,2,0,14,2,0,0,0.096687,0,32000,3094,0.096687,131072,1926,0.014694,0,0,2
465,host-10,2,0,14,2,0,0,0.118938,0,32000,3806,0.118938,131072,4137,0.031563,0,0,2
465,host-11,3,0,14,3,0,0,0.113000,0,32000,3616,0.113000,131072,3907,0.029808,0,0,3
465,host-12,3,0,14,3,0,0,0.146250,0,32000,4680,0.146250,131072,4370,0.033340,0,0,3
465,host-13,3,0,14,3,0,0,0.164281,0,32000,5257,0.164281,131072,4759,0.036308,0,0,3
465,host-14,3,0,14,3,0,0,0.128062,0,32000,4098,0.128062,131072,3996,0.030487,0,0,3
465,host-15,3,0,14,3,0,0,0.141719,0,32000,4535,0.141719,131072,4232,0.032288,0,0,3
465,host-16,3,0,14,3,0,0,0.132969,0,32000,4255,0.132969,131072,4072,0.031067,0,0,3
465,host-17,3,0,14,3,0,0,0.129469,0,32000,4143,0.129469,131072,3468,0.026459,0,0,3
465,host-18,3,0,14,3,0,0,0.134656,0,32000,4309,0.134656,131072,3798,0.028976,0,0,3
465,host-19,3,0,14,3,0,0,0.143937,0,32000,4606,0.143937,131072,3471,0.026482,0,0,3
465,host-2,2,0,14,2,0,0,0.117313,0,32000,3754,0.117313,131072,3433,0.026192,0,0,2
465,host-20,2,0,14,2,0,0,0.131344,0,32000,4203,0.131344,131072,5322,0.040604,0,0,2
465,host-21,2,0,14,2,0,0,0.100281,0,32000,3209,0.100281,131072,3595,0.027428,0,0,2
465,host-22,2,0,14,2,0,0,0.105313,0,32000,3370,0.105313,131072,3804,0.029022,0,0,2
465,host-23,2,0,14,2,0,0,0.109656,0,32000,3509,0.109656,131072,3401,0.025948,0,0,2
465,host-24,2,0,14,2,0,0,0.148000,0,32000,4736,0.148000,131072,4612,0.035187,0,0,2
465,host-3,2,0,14,2,0,0,0.138687,0,32000,4438,0.138687,131072,5170,0.039444,0,0,2
465,host-4,3,0,14,3,0,0,0.120094,0,32000,3843,0.120094,131072,3632,0.027710,0,0,3
465,host-5,3,0,14,3,0,0,0.117719,0,32000,3767,0.117719,131072,3975,0.030327,0,0,3
465,host-6,2,0,14,2,0,0,0.112750,0,32000,3608,0.112750,131072,4623,0.035271,0,0,2
465,host-7,3,0,14,3,0,0,0.116250,0,32000,3720,0.116250,131072,2818,0.021500,0,0,3
465,host-8,3,0,14,3,0,0,0.135437,0,32000,4334,0.135437,131072,4569,0.034859,0,0,3
465,host-9,2,0,14,2,0,0,0.124031,0,32000,3969,0.124031,131072,4575,0.034904,0,0,2
466,host-1,2,0,14,2,0,0,0.096687,0,32000,3094,0.096687,131072,1926,0.014694,0,0,2
466,host-10,2,0,14,2,0,0,0.118938,0,32000,3806,0.118938,131072,4137,0.031563,0,0,2
466,host-11,3,0,14,3,0,0,0.113000,0,32000,3616,0.113000,131072,3907,0.029808,0,0,3
466,host-12,3,0,14,3,0,0,0.146250,0,32000,4680,0.146250,131072,4370,0.033340,0,0,3
466,host-13,3,0,14,3,0,0,0.164281,0,32000,5257,0.164281,131072,4759,0.036308,0,0,3
466,host-14,3,0,14,3,0,0,0.128062,0,32000,4098,0.128062,131072,3996,0.030487,0,0,3
466,host-15,3,0,14,3,0,0,0.141719,0,32000,4535,0.141719,131072,4232,0.032288,0,0,3
466,host-16,3,0,14,3,0,0,0.132969,0,32000,4255,0.132969,131072,4072,0.031067,0,0,3
466,host-17,3,0,14,3,0,0,0.129469,0,32000,4143,0.129469,131072,3468,0.026459,0,0,3
466,host-18,3,0,14,3,0,0,0.134656,0,32000,4309,0.134656,131072,3798,0.028976,0,0,3
466,host-19,3,0,14,3,0,0,0.143937,0,32000,4606,0.143937,131072,3471,0.026482,0,0,3
466,host-2,2,0,14,2,0,0,0.117313,0,32000,3754,0.117313,131072,3433,0.026192,0,0,2
466,host-20,2,0,14,2,0,0,0.131344,0,32000,4203,0.131344,131072,5322,0.040604,0,0,2
466,host-21,2,0,14,2,0,0,0.100281,0,32000,3209,0.100281,131072,3595,0.027428,0,0,2
466,host-22,2,0,14,2,0,0,0.105313,0,32000,3370,0.105313,131072,3804,0.029022,0,0,2
466,host-23,2,0,14,2,0,0,0.109656,0,32000,3509,0.109656,131072,3401,0.025948,0,0,2
466,host-24,2,0,14,2,0,0,0.148000,0,32000,4736,0.148000,131072,4612,0.035187,0,0,2
466,host-3,2,0,14,2,0,0,0.138687,0,32000,4438,0.138687,131072,5170,0.039444,0,0,2
466,host-4,3,0,14,3,0,0,0.120094,0,32000,3843,0.120094,131072,3632,0.027710,0,0,3
466,host-5,3,0,14,3,0,0,0.117719,0,32000,3767,0.117719,131072,3975,0.030327,0,0,3
466,host-6,2,0,14,2,0,0,0.112750,0,32000,3608,0.112750,131072,4623,0.035271,0,0,2
466,host-7,3,0,14,3,0,0,0.116250,0,32000,3720,0.116250,131072,2818,0.021500,0,0,3
466,host-8,3,0,14,3,0,0,0.135437,0,32000,4334,0.135437,131072,4569,0.034859,0,0,3
466,host-9,2,0,14,2,0,0,0.124031,0,32000,3969,0.124031,131072,4575,0.034904,0,0,2
467,host-1,2,0,14,2,0,0,0.096687,0,32000,3094,0.096687,131072,1926,0.014694,0,0,2
467,host-10,1,0,14,1,0,0,0.066375,0,32000,2124,0.066375,131072,2384,0.018188,0,0,1
467,host-11,3,0,14,3,0,0,0.113000,0,32000,3616,0.113000,131072,3907,0.029808,0,0,3
467,host-12,3,0,14,3,0,0,0.146250,0,32000,4680,0.146250,131072,4370,0.033340,0,0,3
467,host-13,3,0,14,3,0,0,0.164281,0,32000,5257,0.164281,131072,4759,0.036308,0,0,3
467,host-14,3,0,14,3,0,0,0.128062,0,32000,4098,0.128062,131072,3996,0.030487,0,0,3
467,host-15,3,0,14,3,0,0,0.141719,0,32000,4535,0.141719,131072,4232,0.032288,0,0,3
467,host-16,2,0,14,2,0,0,0.089188,0,32000,2854,0.089188,131072,3326,0.025375,0,0,2
467,host-17,3,0,14,3,0,0,0.129469,0,32000,4143,0.129469,131072,3468,0.026459,0,0,3
467,host-18,3,0,14,3,0,0,0.134656,0,32000,4309,0.134656,131072,3798,0.028976,0,0,3
467,host-19,3,0,14,3,0,0,0.143937,0,32000,4606,0.143937,131072,3471,0.026482,0,0,3
467,host-2,2,0,14,2,0,0,0.117313,0,32000,3754,0.117313,131072,3433,0.026192,0,0,2
467,host-20,2,0,14,2,0,0,0.131344,0,32000,4203,0.131344,131072,5322,0.040604,0,0,2
467,host-21,2,0,14,2,0,0,0.100281,0,32000,3209,0.100281,131072,3595,0.027428,0,0,2
467,host-22,2,0,14,2,0,0,0.105313,0,32000,3370,0.105313,131072,3804,0.029022,0,0,2
467,host-23,2,0,14,2,0,0,0.109656,0,32000,3509,0.109656,131072,3401,0.025948,0,0,2
467,host-24,1,0,14,1,0,0,0.070781,0,32000,2265,0.070781,131072,2314,0.017654,0,0,1
467,host-3,2,0,14,2,0,0,0.138687,0,32000,4438,0.138687,131072,5170,0.039444,0,0,2
467,host-4,3,0,14,3,0,0,0.120094,0,32000,3843,0.120094,131072,3632,0.027710,0,0,3
467,host-5,3,0,14,3,0,0,0.117719,0,32000,3767,0.117719,131072,3975,0.030327,0,0,3
467,host-6,2,0,14,2,0,0,0.112750,0,32000,3608,0.112750,131072,4623,0.035271,0,0,2
467,host-7,3,0,14,3,0,0,0.116250,0,32000,3720,0.116250,131072,2818,0.021500,0,0,3
467,host-8,3,0,14,3,0,0,0.135437,0,32000,4334,0.135437,131072,4569,0.034859,0,0,3
467,host-9,2,0,14,2,0,0,0.124031,0,32000,3969,0.124031,131072,4575,0.034904,0,0,2
468,host-1,2,0,14,2,0,0,0.096687,0,32000,3094,0.096687,131072,1926,0.014694,0,0,2
468,host-10,1,0,14,1,0,0,0.066375,0,32000,2124,0.066375,131072,2384,0.018188,0,0,1
468,host-11,3,0,14,3,0,0,0.113000,0,32000,3616,0.113000,131072,3907,0.029808,0,0,3
468,host-12,3,0,14,3,0,0,0.146250,0,32000,4680,0.146250,131072,4370,0.033340,0,0,3
468,host-13,3,0,14,3,0,0,0.164281,0,32000,5257,0.164281,131072,4759,0.036308,0,0,3
468,host-14,3,1,14,3,1,0,0.128062,0,32000,4098,0.128062,131072,3996,0.030487,0,1,2
468,host-15,2,0,14,2,0,0,0.103375,0,32000,3308,0.103375,131072,3328,0.025391,0,0,2
468,host-16,2,0,14,2,0,0,0.089188,0,32000,2854,0.089188,131072,3326,0.025375,0,0,2
468,host-17,2,0,14,2,0,0,0.078656,0,32000,2517,0.078656,131072,1885,0.014381,0,0,2
468,host-18,3,0,14,3,0,0,0.134656,0,32000,4309,0.134656,131072,3798,0.028976,0,0,3
468,host-19,3,0,14,3,0,0,0.143937,0,32000,4606,0.143937,131072,3471,0.026482,0,0,3
468,host-2,2,0,14,2,0,0,0.117313,0,32000,3754,0.117313,131072,3433,0.026192,0,0,2
468,host-20,2,0,14,2,0,0,0.131344,0,32000,4203,0.131344,131072,5322,0.040604,0,0,2
468,host-21,2,0,14,2,0,0,0.100281,0,32000,3209,0.100281,131072,3595,0.027428,0,0,2
468,host-22,2,0,14,2,0,0,0.105313,0,32000,3370,0.105313,131072,3804,0.029022,0,0,2
468,host-23,2,0,14,2,0,0,0.109656,0,32000,3509,0.109656,131072,3401,0.025948,0,0,2
468,host-24,1,0,14,1,0,0,0.070781,0,32000,2265,0.070781,131072,2314,0.017654,0,0,1
468,host-3,2,0,14,2,0,0,0.138687,0,32000,4438,0.138687,131072,5170,0.039444,0,0,2
468,host-4,3,0,14,3,0,0,0.120094,0,32000,3843,0.120094,131072,3632,0.027710,0,0,3
468,host-5,3,0,14,3,0,0,0.117719,0,32000,3767,0.117719,131072,3975,0.030327,0,0,3
468,host-6,2,0,14,2,0,0,0.112750,0,32000,3608,0.112750,131072,4623,0.035271,0,0,2
468,host-7,3,0,14,3,0,0,0.116250,0,32000,3720,0.116250,131072,2818,0.021500,0,0,3
468,host-8,3,0,14,3,0,0,0.135437,0,32000,4334,0.135437,131072,4569,0.034859,0,0,3
468,host-9,2,0,14,2,0,0,0.124031,0,32000,3969,0.124031,131072,4575,0.034904,0,0,2
469,host-1,2,0,14,2,0,0,0.096687,0,32000,3094,0.096687,131072,1926,0.014694,0,0,2
469,host-10,1,0,14,1,0,0,0.066375,0,32000,2124,0.066375,131072,2384,0.018188,0,0,1
469,host-11,3,0,14,3,0,0,0.113000,0,32000,3616,0.113000,131072,3907,0.029808,0,0,3
469,host-12,3,0,14,3,0,0,0.146250,0,32000,4680,0.146250,131072,4370,0.033340,0,0,3
469,host-13,3,0,14,3,0,0,0.164281,0,32000,5257,0.164281,131072,4759,0.036308,0,0,3
469,host-14,3,0,14,3,0,0,0.128062,0,32000,4098,0.128062,131072,3996,0.030487,0,0,3
469,host-15,2,0,14,2,0,0,0.103375,0,32000,3308,0.103375,131072,3328,0.025391,0,0,2
469,host-16,2,0,14,2,0,0,0.089188,0,32000,2854,0.089188,131072,3326,0.025375,0,0,2
469,host-17,2,0,14,2,0,0,0.078656,0,32000,2517,0.078656,131072,1885,0.014381,0,0,2
469,host-18,3,0,14,3,0,0,0.134656,0,32000,4309,0.134656,131072,3798,0.028976,0,0,3
469,host-19,3,0,14,3,0,0,0.143937,0,32000,4606,0.143937,131072,3471,0.026482,0,0,3
469,host-2,2,0,14,2,0,0,0.117313,0,32000,3754,0.117313,131072,3433,0.026192,0,0,2
469,host-20,2,0,14,2,0,0,0.131344,0,32000,4203,0.131344,131072,5322,0.040604,0,0,2
469,host-21,2,0,14,2,0,0,0.100281,0,32000,3209,0.100281,131072,3595,0.027428,0,0,2
469,host-22,2,0,14,2,0,0,0.105313,0,32000,3370,0.105313,131072,3804,0.029022,0,0,2
469,host-23,2,0,14,2,0,0,0.109656,0,32000,3509,0.109656,131072,3401,0.025948,0,0,2
469,host-24,1,0,14,1,0,0,0.070781,0,32000,2265,0.070781,131072,2314,0.017654,0,0,1
469,host-3,2,0,14,2,0,0,0.138687,0,32000,4438,0.138687,131072,5170,0.039444,0,0,2
469,host-4,3,0,14,3,0,0,0.120094,0,32000,3843,0.120094,131072,3632,0.027710,0,0,3
469,host-5,3,0,14,3,0,0,0.117719,0,32000,3767,0.117719,131072,3975,0.030327,0,0,3
469,host-6,2,0,14,2,0,0,0.112750,0,32000,3608,0.112750,131072,4623,0.035271,0,0,2
469,host-7,3,0,14,3,0,0,0.116250,0,32000,3720,0.116250,131072,2818,0.021500,0,0,3
469,host-8,3,0,14,3,0,0,0.135437,0,32000,4334,0.135437,131072,4569,0.034859,0,0,3
469,host-9,2,0,14,2,0,0,0.124031,0,32000,3969,0.124031,131072,4575,0.034904,0,0,2
470,host-1,2,1,14,2,1,0,0.096687,0,32000,3094,0.096687,131072,1926,0.014694,0,1,1
470,host-10,1,0,14,1,0,0,0.066375,0,32000,2124,0.066375,131072,2384,0.018188,0,0,1
470,host-11,3,0,14,3,0,0,0.113000,0,32000,3616,0.113000,131072,3907,0.029808,0,0,3
470,host-12,3,0,14,3,0,0,0.146250,0,32000,4680,0.146250,131072,4370,0.033340,0,0,3
470,host-13,3,0,14,3,0,0,0.164281,0,32000,5257,0.164281,131072,4759,0.036308,0,0,3
470,host-14,3,0,14,3,0,0,0.128062,0,32000,4098,0.128062,131072,3996,0.030487,0,0,3
470,host-15,2,0,14,2,0,0,0.103375,0,32000,3308,0.103375,131072,3328,0.025391,0,0,2
470,host-16,2,0,14,2,0,0,0.089188,0,32000,2854,0.089188,131072,3326,0.025375,0,0,2
470,host-17,2,0,14,2,0,0,0.078656,0,32000,2517,0.078656,131072,1885,0.014381,0,0,2
470,host-18,3,0,14,3,0,0,0.134656,0,32000,4309,0.134656,131072,3798,0.028976,0,0,3
470,host-19,3,0,14,3,0,0,0.143937,0,32000,4606,0.143937,131072,3471,0.026482,0,0,3
470,host-2,2,0,14,2,0,0,0.117313,0,32000,3754,0.117313,131072,3433,0.026192,0,0,2
470,host-20,2,0,14,2,0,0,0.131344,0,32000,4203,0.131344,131072,5322,0.040604,0,0,2
470,host-21,2,0,14,2,0,0,0.100281,0,32000,3209,0.100281,131072,3595,0.027428,0,0,2
470,host-22,2,0,14,2,0,0,0.105313,0,32000,3370,0.105313,131072,3804,0.029022,0,0,2
470,host-23,2,0,14,2,0,0,0.109656,0,32000,3509,0.109656,131072,3401,0.025948,0,0,2
470,host-24,1,0,14,1,0,0,0.070781,0,32000,2265,0.070781,131072,2314,0.017654,0,0,1
470,host-3,2,0,14,2,0,0,0.138687,0,32000,4438,0.138687,131072,5170,0.039444,0,0,2
470,host-4,3,0,14,3,0,0,0.120094,0,32000,3843,0.120094,131072,3632,0.027710,0,0,3
470,host-5,3,0,14,3,0,0,0.117719,0,32000,3767,0.117719,131072,3975,0.030327,0,0,3
470,host-6,2,0,14,2,0,0,0.112750,0,32000,3608,0.112750,131072,4623,0.035271,0,0,2
470,host-7,3,0,14,3,0,0,0.116250,0,32000,3720,0.116250,131072,2818,0.021500,0,0,3
470,host-8,3,0,14,3,0,0,0.135437,0,32000,4334,0.135437,131072,4569,0.034859,0,0,3
470,host-9,2,0,14,2,0,0,0.124031,0,32000,3969,0.124031,131072,4575,0.034904,0,0,2
471,host-1,2,0,14,2,0,0,0.096687,0,32000,3094,0.096687,131072,1926,0.014694,0,0,2
471,host-10,2,1,14,2,1,0,0.104063,0,32000,3330,0.104063,131072,3890,0.029678,1,0,1
471,host-11,3,0,14,3,0,0,0.113000,0,32000,3616,0.113000,131072,3907,0.029808,0,0,3
471,host-12,3,0,14,3,0,0,0.146250,0,32000,4680,0.146250,131072,4370,0.033340,0,0,3
471,host-13,3,0,14,3,0,0,0.164281,0,32000,5257,0.164281,131072,4759,0.036308,0,0,3
471,host-14,3,0,14,3,0,0,0.128062,0,32000,4098,0.128062,131072,3996,0.030487,0,0,3
471,host-15,2,0,14,2,0,0,0.103375,0,32000,3308,0.103375,131072,3328,0.025391,0,0,2
471,host-16,2,0,14,2,0,0,0.089188,0,32000,2854,0.089188,131072,3326,0.025375,0,0,2
471,host-17,2,0,14,2,0,0,0.078656,0,32000,2517,0.078656,131072,1885,0.014381,0,0,2
471,host-18,3,0,14,3,0,0,0.134656,0,32000,4309,0.134656,131072,3798,0.028976,0,0,3
471,host-19,3,0,14,3,0,0,0.143937,0,32000,4606,0.143937,131072,3471,0.026482,0,0,3
471,host-2,2,0,14,2,0,0,0.117313,0,32000,3754,0.117313,131072,3433,0.026192,0,0,2
471,host-20,2,0,14,2,0,0,0.131344,0,32000,4203,0.131344,131072,5322,0.040604,0,0,2
471,host-21,2,1,14,2,1,0,0.075750,0,32000,2424,0.075750,131072,2621,0.019997,1,0,1
471,host-22,2,0,14,2,0,0,0.105313,0,32000,3370,0.105313,131072,3804,0.029022,0,0,2
471,host-23,2,0,14,2,0,0,0.109656,0,32000,3509,0.109656,131072,3401,0.025948,0,0,2
471,host-24,1,0,14,1,0,0,0.070781,0,32000,2265,0.070781,131072,2314,0.017654,0,0,1
471,host-3,2,0,14,2,0,0,0.138687,0,32000,4438,0.138687,131072,5170,0.039444,0,0,2
471,host-4,3,0,14,3,0,0,0.120094,0,32000,3843,0.120094,131072,3632,0.027710,0,0,3
471,host-5,3,0,14,3,0,0,0.117719,0,32000,3767,0.117719,131072,3975,0.030327,0,0,3
471,host-6,2,0,14,2,0,0,0.112750,0,32000,3608,0.112750,131072,4623,0.035271,0,0,2
471,host-7,3,0,14,3,0,0,0.116250,0,32000,3720,0.116250,131072,2818,0.021500,0,0,3
471,host-8,3,0,14,3,0,0,0.135437,0,32000,4334,0.135437,131072,4569,0.034859,0,0,3
471,host-9,2,0,14,2,0,0,0.124031,0,32000,3969,0.124031,131072,4575,0.034904,0,0,2
472,host-1,2,0,14,2,0,0,0.096687,0,32000,3094,0.096687,131072,1926,0.014694,0,0,2
472,host-10,2,0,14,2,0,0,0.104063,0,32000,3330,0.104063,131072,3890,0.029678,0,0,2
472,host-11,3,0,14,3,0,0,0.113000,0,32000,3616,0.113000,131072,3907,0.029808,0,0,3
472,host-12,3,0,14,3,0,0,0.146250,0,32000,4680,0.146250,131072,4370,0.033340,0,0,3
472,host-13,3,0,14,3,0,0,0.164281,0,32000,5257,0.164281,131072,4759,0.036308,0,0,3
472,host-14,3,0,14,3,0,0,0.128062,0,32000,4098,0.128062,131072,3996,0.030487,0,0,3
472,host-15,2,0,14,2,0,0,0.103375,0,32000,3308,0.103375,131072,3328,0.025391,0,0,2
472,host-16,2,0,14,2,0,0,0.089188,0,32000,2854,0.089188,131072,3326,0.025375,0,0,2
472,host-17,2,0,14,2,0,0,0.078656,0,32000,2517,0.078656,131072,1885,0.014381,0,0,2
472,host-18,3,0,14,3,0,0,0.134656,0,32000,4309,0.134656,131072,3798,0.028976,0,0,3
472,host-19,3,0,14,3,0,0,0.143937,0,32000,4606,0.143937,131072,3471,0.026482,0,0,3
472,host-2,2,0,14,2,0,0,0.117313,0,32000,3754,0.117313,131072,3433,0.026192,0,0,2
472,host-20,2,0,14,2,0,0,0.131344,0,32000,4203,0.131344,131072,5322,0.040604,0,0,2
472,host-21,2,1,14,2,1,0,0.075750,0,32000,2424,0.075750,131072,2621,0.019997,1,0,1
472,host-22,1,0,14,1,0,0,0.063625,0,32000,2036,0.063625,131072,2299,0.017540,0,0,1
472,host-23,2,0,14,2,0,0,0.109656,0,32000,3509,0.109656,131072,3401,0.025948,0,0,2
472,host-24,2,1,14,2,1,0,0.141000,0,32000,4512,0.141000,131072,4223,0.032219,1,0,1
472,host-3,2,0,14,2,0,0,0.138687,0,32000,4438,0.138687,131072,5170,0.039444,0,0,2
472,host-4,3,0,14,3,0,0,0.120094,0,32000,3843,0.120094,131072,3632,0.027710,0,0,3
472,host-5,3,0,14,3,0,0,0.117719,0,32000,3767,0.117719,131072,3975,0.030327,0,0,3
472,host-6,2,0,14,2,0,0,0.112750,0,32000,3608,0.112750,131072,4623,0.035271,0,0,2
472,host-7,3,0,14,3,0,0,0.116250,0,32000,3720,0.116250,131072,2818,0.021500,0,0,3
472,host-8,3,0,14,3,0,0,0.135437,0,32000,4334,0.135437,131072,4569,0.034859,0,0,3
472,host-9,2,0,14,2,0,0,0.124031,0,32000,3969,0.124031,131072,4575,0.034904,0,0,2
473,host-1,2,0,14,2,0,0,0.096687,0,32000,3094,0.096687,131072,1926,0.014694,0,0,2
473,host-10,2,0,14,2,0,0,0.104063,0,32000,3330,0.104063,131072,3890,0.029678,0,0,2
473,host-11,2,0,14,2,0,0,0.076531,0,32000,2449,0.076531,131072,2542,0.019394,0,0,2
473,host-12,3,0,14,3,0,0,0.146250,0,32000,4680,0.146250,131072,4370,0.033340,0,0,3
473,host-13,3,0,14,3,0,0,0.164281,0,32000,5257,0.164281,131072,4759,0.036308,0,0,3
473,host-14,2,0,14,2,0,0,0.086375,0,32000,2764,0.086375,131072,2491,0.019005,0,0,2
473,host-15,2,0,14,2,0,0,0.103375,0,32000,3308,0.103375,131072,3328,0.025391,0,0,2
473,host-16,2,0,14,2,0,0,0.089188,0,32000,2854,0.089188,131072,3326,0.025375,0,0,2
473,host-17,2,0,14,2,0,0,0.078656,0,32000,2517,0.078656,131072,1885,0.014381,0,0,2
473,host-18,3,0,14,3,0,0,0.134656,0,32000,4309,0.134656,131072,3798,0.028976,0,0,3
473,host-19,3,0,14,3,0,0,0.143937,0,32000,4606,0.143937,131072,3471,0.026482,0,0,3
473,host-2,2,0,14,2,0,0,0.117313,0,32000,3754,0.117313,131072,3433,0.026192,0,0,2
473,host-20,2,0,14,2,0,0,0.131344,0,32000,4203,0.131344,131072,5322,0.040604,0,0,2
473,host-21,2,0,14,2,0,0,0.075750,0,32000,2424,0.075750,131072,2621,0.019997,0,0,2
473,host-22,1,1,14,1,1,0,0.043781,0,32000,1401,0.043781,131072,746,0.005692,1,0,0
473,host-23,2,0,14,2,0,0,0.109656,0,32000,3509,0.109656,131072,3401,0.025948,0,0,2
473,host-24,2,0,14,2,0,0,0.141000,0,32000,4512,0.141000,131072,4223,0.032219,0,0,2
473,host-3,2,0,14,2,0,0,0.138687,0,32000,4438,0.138687,131072,5170,0.039444,0,0,2
473,host-4,3,0,14,3,0,0,0.120094,0,32000,3843,0.120094,131072,3632,0.027710,0,0,3
473,host-5,3,0,14,3,0,0,0.117719,0,32000,3767,0.117719,131072,3975,0.030327,0,0,3
473,host-6,2,0,14,2,0,0,0.112750,0,32000,3608,0.112750,131072,4623,0.035271,0,0,2
473,host-7,3,0,14,3,0,0,0.116250,0,32000,3720,0.116250,131072,2818,0.021500,0,0,3
473,host-8,3,0,14,3,0,0,0.135437,0,32000,4334,0.135437,131072,4569,0.034859,0,0,3
473,host-9,2,0,14,2,0,0,0.124031,0,32000,3969,0.124031,131072,4575,0.034904,0,0,2
474,host-1,2,0,14,2,0,0,0.096687,0,32000,3094,0.096687,131072,1926,0.014694,0,0,2
474,host-10,2,0,14,2,0,0,0.104063,0,32000,3330,0.104063,131072,3890,0.029678,0,0,2
474,host-11,3,1,14,3,1,0,0.127344,0,32000,4075,0.127344,131072,4125,0.031471,1,0,2
474,host-12,3,0,14,3,0,0,0.146250,0,32000,4680,0.146250,131072,4370,0.033340,0,0,3
474,host-13,3,0,14,3,0,0,0.164281,0,32000,5257,0.164281,131072,4759,0.036308,0,0,3
474,host-14,2,0,14,2,0,0,0.086375,0,32000,2764,0.086375,131072,2491,0.019005,0,0,2
474,host-15,2,0,14,2,0,0,0.103375,0,32000,3308,0.103375,131072,3328,0.025391,0,0,2
474,host-16,2,0,14,2,0,0,0.089188,0,32000,2854,0.089188,131072,3326,0.025375,0,0,2
474,host-17,3,1,14,3,1,0,0.117000,0,32000,3744,0.117000,131072,2789,0.021278,1,0,2
474,host-18,3,0,14,3,0,0,0.134656,0,32000,4309,0.134656,131072,3798,0.028976,0,0,3
474,host-19,3,0,14,3,0,0,0.143937,0,32000,4606,0.143937,131072,3471,0.026482,0,0,3
474,host-2,2,0,14,2,0,0,0.117313,0,32000,3754,0.117313,131072,3433,0.026192,0,0,2
474,host-20,2,0,14,2,0,0,0.131344,0,32000,4203,0.131344,131072,5322,0.040604,0,0,2
474,host-21,3,1,14,3,1,0,0.128312,0,32000,4106,0.128312,131072,4374,0.033371,1,0,2
474,host-22,2,1,14,2,1,0,0.121000,0,32000,3872,0.121000,131072,3044,0.023224,1,0,1
474,host-23,2,0,14,2,0,0,0.109656,0,32000,3509,0.109656,131072,3401,0.025948,0,0,2
474,host-24,2,0,14,2,0,0,0.141000,0,32000,4512,0.141000,131072,4223,0.032219,0,0,2
474,host-3,2,0,14,2,0,0,0.138687,0,32000,4438,0.138687,131072,5170,0.039444,0,0,2
474,host-4,3,0,14,3,0,0,0.120094,0,32000,3843,0.120094,131072,3632,0.027710,0,0,3
474,host-5,3,0,14,3,0,0,0.117719,0,32000,3767,0.117719,131072,3975,0.030327,0,0,3
474,host-6,2,0,14,2,0,0,0.112750,0,32000,3608,0.112750,131072,4623,0.035271,0,0,2
474,host-7,3,0,14,3,0,0,0.116250,0,32000,3720,0.116250,131072,2818,0.021500,0,0,3
474,host-8,3,0,14,3,0,0,0.135437,0,32000,4334,0.135437,131072,4569,0.034859,0,0,3
474,host-9,2,0,14,2,0,0,0.124031,0,32000,3969,0.124031,131072,4575,0.034904,0,0,2
475,host-1,2,0,14,2,0,0,0.096687,0,32000,3094,0.096687,131072,1926,0.014694,0,0,2
475,host-10,2,0,14,2,0,0,0.104063,0,32000,3330,0.104063,131072,3890,0.029678,0,0,2
475,host-11,3,1,14,3,1,0,0.127344,0,32000,4075,0.127344,131072,4125,0.031471,1,0,2
475,host-12,3,0,14,3,0,0,0.146250,0,32000,4680,0.146250,131072,4370,0.033340,0,0,3
475,host-13,3,0,14,3,0,0,0.164281,0,32000,5257,0.164281,131072,4759,0.036308,0,0,3
475,host-14,3,1,14,3,1,0,0.113250,0,32000,3624,0.113250,131072,3022,0.023056,1,0,2
475,host-15,2,0,14,2,0,0,0.103375,0,32000,3308,0.103375,131072,3328,0.025391,0,0,2
475,host-16,2,0,14,2,0,0,0.089188,0,32000,2854,0.089188,131072,3326,0.025375,0,0,2
475,host-17,2,1,14,2,1,0,0.086313,0,32000,2762,0.086313,131072,2429,0.018532,1,0,1
475,host-18,3,0,14,3,0,0,0.134656,0,32000,4309,0.134656,131072,3798,0.028976,0,0,3
475,host-19,3,0,14,3,0,0,0.143937,0,32000,4606,0.143937,131072,3471,0.026482,0,0,3
475,host-2,2,0,14,2,0,0,0.117313,0,32000,3754,0.117313,131072,3433,0.026192,0,0,2
475,host-20,1,0,14,1,0,0,0.064062,0,32000,2050,0.064062,131072,2686,0.020493,0,0,1
475,host-21,3,0,14,3,0,0,0.128312,0,32000,4106,0.128312,131072,4374,0.033371,0,0,3
475,host-22,2,1,14,2,1,0,0.121000,0,32000,3872,0.121000,131072,3044,0.023224,0,1,1
475,host-23,2,0,14,2,0,0,0.109656,0,32000,3509,0.109656,131072,3401,0.025948,0,0,2
475,host-24,2,0,14,2,0,0,0.141000,0,32000,4512,0.141000,131072,4223,0.032219,0,0,2
475,host-3,2,0,14,2,0,0,0.138687,0,32000,4438,0.138687,131072,5170,0.039444,0,0,2
475,host-4,3,0,14,3,0,0,0.120094,0,32000,3843,0.120094,131072,3632,0.027710,0,0,3
475,host-5,3,0,14,3,0,0,0.117719,0,32000,3767,0.117719,131072,3975,0.030327,0,0,3
475,host-6,2,0,14,2,0,0,0.112750,0,32000,3608,0.112750,131072,4623,0.035271,0,0,2
475,host-7,3,0,14,3,0,0,0.116250,0,32000,3720,0.116250,131072,2818,0.021500,0,0,3
475,host-8,3,0,14,3,0,0,0.135437,0,32000,4334,0.135437,131072,4569,0.034859,0,0,3
475,host-9,2,0,14,2,0,0,0.124031,0,32000,3969,0.124031,131072,4575,0.034904,0,0,2
476,host-1,2,0,14,2,0,0,0.096687,0,32000,3094,0.096687,131072,1926,0.014694,0,0,2
476,host-10,2,0,14,2,0,0,0.104063,0,32000,3330,0.104063,131072,3890,0.029678,0,0,2
476,host-11,3,0,14,3,0,0,0.127344,0,32000,4075,0.127344,131072,4125,0.031471,0,0,3
476,host-12,3,0,14,3,0,0,0.146250,0,32000,4680,0.146250,131072,4370,0.033340,0,0,3
476,host-13,3,0,14,3,0,0,0.164281,0,32000,5257,0.164281,131072,4759,0.036308,0,0,3
476,host-14,3,0,14,3,0,0,0.113250,0,32000,3624,0.113250,131072,3022,0.023056,0,0,3
476,host-15,2,0,14,2,0,0,0.103375,0,32000,3308,0.103375,131072,3328,0.025391,0,0,2
476,host-16,2,0,14,2,0,0,0.089188,0,32000,2854,0.089188,131072,3326,0.025375,0,0,2
476,host-17,3,2,14,3,2,0,0.136594,0,32000,4371,0.136594,131072,3958,0.030197,1,1,1
476,host-18,3,0,14,3,0,0,0.134656,0,32000,4309,0.134656,131072,3798,0.028976,0,0,3
476,host-19,3,0,14,3,0,0,0.143937,0,32000,4606,0.143937,131072,3471,0.026482,0,0,3
476,host-2,2,0,14,2,0,0,0.117313,0,32000,3754,0.117313,131072,3433,0.026192,0,0,2
476,host-20,2,1,14,2,1,0,0.090688,0,32000,2902,0.090688,131072,3759,0.028679,1,0,1
476,host-21,2,0,14,2,0,0,0.098750,0,32000,3160,0.098750,131072,3359,0.025627,0,0,2
476,host-22,2,0,14,2,0,0,0.121000,0,32000,3872,0.121000,131072,3044,0.023224,0,0,2
476,host-23,2,0,14,2,0,0,0.109656,0,32000,3509,0.109656,131072,3401,0.025948,0,0,2
476,host-24,2,0,14,2,0,0,0.141000,0,32000,4512,0.141000,131072,4223,0.032219,0,0,2
476,host-3,1,0,14,1,0,0,0.066531,0,32000,2129,0.066531,131072,2221,0.016945,0,0,1
476,host-4,3,0,14,3,0,0,0.120094,0,32000,3843,0.120094,131072,3632,0.027710,0,0,3
476,host-5,3,0,14,3,0,0,0.117719,0,32000,3767,0.117719,131072,3975,0.030327,0,0,3
476,host-6,2,0,14,2,0,0,0.112750,0,32000,3608,0.112750,131072,4623,0.035271,0,0,2
476,host-7,3,0,14,3,0,0,0.116250,0,32000,3720,0.116250,131072,2818,0.021500,0,0,3
476,host-8,3,0,14,3,0,0,0.135437,0,32000,4334,0.135437,131072,4569,0.034859,0,0,3
476,host-9,2,0,14,2,0,0,0.124031,0,32000,3969,0.124031,131072,4575,0.034904,0,0,2
477,host-1,2,0,14,2,0,0,0.096687,0,32000,3094,0.096687,131072,1926,0.014694,0,0,2
477,host-10,2,0,14,2,0,0,0.104063,0,32000,3330,0.104063,131072,3890,0.029678,0,0,2
477,host-11,3,0,14,3,0,0,0.127344,0,32000,4075,0.127344,131072,4125,0.031471,0,0,3
477,host-12,3,0,14,3,0,0,0.146250,0,32000,4680,0.146250,131072,4370,0.033340,0,0,3
477,host-13,3,0,14,3,0,0,0.164281,0,32000,5257,0.164281,131072,4759,0.036308,0,0,3
477,host-14,3,0,14,3,0,0,0.113250,0,32000,3624,0.113250,131072,3022,0.023056,0,0,3
477,host-15,2,0,14,2,0,0,0.103375,0,32000,3308,0.103375,131072,3328,0.025391,0,0,2
477,host-16,2,0,14,2,0,0,0.089188,0,32000,2854,0.089188,131072,3326,0.025375,0,0,2
477,host-17,3,1,14,3,1,0,0.136594,0,32000,4371,0.136594,131072,3958,0.030197,1,0,2
477,host-18,3,0,14,3,0,0,0.134656,0,32000,4309,0.134656,131072,3798,0.028976,0,0,3
477,host-19,3,0,14,3,0,0,0.143937,0,32000,4606,0.143937,131072,3471,0.026482,0,0,3
477,host-2,2,0,14,2,0,0,0.117313,0,32000,3754,0.117313,131072,3433,0.026192,0,0,2
477,host-20,2,1,14,2,1,0,0.090688,0,32000,2902,0.090688,131072,3759,0.028679,0,1,1
477,host-21,2,0,14,2,0,0,0.098750,0,32000,3160,0.098750,131072,3359,0.025627,0,0,2
477,host-22,2,0,14,2,0,0,0.121000,0,32000,3872,0.121000,131072,3044,0.023224,0,0,2
477,host-23,2,1,14,2,1,0,0.099187,0,32000,3174,0.099187,131072,3090,0.023575,1,0,1
477,host-24,2,0,14,2,0,0,0.141000,0,32000,4512,0.141000,131072,4223,0.032219,0,0,2
477,host-3,2,1,14,2,1,0,0.140656,0,32000,4501,0.140656,131072,4598,0.035080,1,0,1
477,host-4,3,0,14,3,0,0,0.120094,0,32000,3843,0.120094,131072,3632,0.027710,0,0,3
477,host-5,2,0,14,2,0,0,0.089156,0,32000,2853,0.089156,131072,2957,0.022560,0,0,2
477,host-6,2,0,14,2,0,0,0.112750,0,32000,3608,0.112750,131072,4623,0.035271,0,0,2
477,host-7,3,0,14,3,0,0,0.116250,0,32000,3720,0.116250,131072,2818,0.021500,0,0,3
477,host-8,3,0,14,3,0,0,0.135437,0,32000,4334,0.135437,131072,4569,0.034859,0,0,3
477,host-9,2,0,14,2,0,0,0.124031,0,32000,3969,0.124031,131072,4575,0.034904,0,0,2
478,host-1,2,0,14,2,0,0,0.096687,0,32000,3094,0.096687,131072,1926,0.014694,0,0,2
478,host-10,2,0,14,2,0,0,0.104063,0,32000,3330,0.104063,131072,3890,0.029678,0,0,2
478,host-11,3,0,14,3,0,0,0.127344,0,32000,4075,0.127344,131072,4125,0.031471,0,0,3
478,host-12,2,0,14,2,0,0,0.105031,0,32000,3361,0.105031,131072,3495,0.026665,0,0,2
478,host-13,3,0,14,3,0,0,0.164281,0,32000,5257,0.164281,131072,4759,0.036308,0,0,3
478,host-14,2,0,14,2,0,0,0.058719,0,32000,1879,0.058719,131072,1094,0.008347,0,0,2
478,host-15,2,0,14,2,0,0,0.103375,0,32000,3308,0.103375,131072,3328,0.025391,0,0,2
478,host-16,3,1,14,3,1,0,0.163312,0,32000,5226,0.163312,131072,5703,0.043510,1,0,2
478,host-17,2,0,14,2,0,0,0.088625,0,32000,2836,0.088625,131072,2433,0.018562,0,0,2
478,host-18,3,0,14,3,0,0,0.134656,0,32000,4309,0.134656,131072,3798,0.028976,0,0,3
478,host-19,3,0,14,3,0,0,0.143937,0,32000,4606,0.143937,131072,3471,0.026482,0,0,3
478,host-2,2,0,14,2,0,0,0.117313,0,32000,3754,0.117313,131072,3433,0.026192,0,0,2
478,host-20,2,0,14,2,0,0,0.090688,0,32000,2902,0.090688,131072,3759,0.028679,0,0,2
478,host-21,2,0,14,2,0,0,0.098750,0,32000,3160,0.098750,131072,3359,0.025627,0,0,2
478,host-22,2,0,14,2,0,0,0.121000,0,32000,3872,0.121000,131072,3044,0.023224,0,0,2
478,host-23,2,1,14,2,1,0,0.099187,0,32000,3174,0.099187,131072,3090,0.023575,1,0,1
478,host-24,2,0,14,2,0,0,0.141000,0,32000,4512,0.141000,131072,4223,0.032219,0,0,2
478,host-3,2,1,14,2,1,0,0.140656,0,32000,4501,0.140656,131072,4598,0.035080,1,0,1
478,host-4,2,0,14,2,0,0,0.081844,0,32000,2619,0.081844,131072,2799,0.021355,0,0,2
478,host-5,3,1,14,3,1,0,0.116937,0,32000,3742,0.116937,131072,3479,0.026543,1,0,2
478,host-6,2,0,14,2,0,0,0.112750,0,32000,3608,0.112750,131072,4623,0.035271,0,0,2
478,host-7,3,0,14,3,0,0,0.116250,0,32000,3720,0.116250,131072,2818,0.021500,0,0,3
478,host-8,3,0,14,3,0,0,0.135437,0,32000,4334,0.135437,131072,4569,0.034859,0,0,3
478,host-9,1,0,14,1,0,0,0.071094,0,32000,2275,0.071094,131072,2314,0.017654,0,0,1
479,host-1,2,0,14,2,0,0,0.096687,0,32000,3094,0.096687,131072,1926,0.014694,0,0,2
479,host-10,2,0,14,2,0,0,0.104063,0,32000,3330,0.104063,131072,3890,0.029678,0,0,2
479,host-11,3,0,14,3,0,0,0.127344,0,32000,4075,0.127344,131072,4125,0.031471,0,0,3
479,host-12,1,0,14,1,0,0,0.050500,0,32000,1616,0.050500,131072,1567,0.011955,0,0,1
479,host-13,3,0,14,3,0,0,0.164281,0,32000,5257,0.164281,131072,4759,0.036308,0,0,3
479,host-14,3,1,14,3,1,0,0.096906,0,32000,3101,0.096906,131072,1809,0.013802,0,1,2
479,host-15,2,0,14,2,0,0,0.103375,0,32000,3308,0.103375,131072,3328,0.025391,0,0,2
479,host-16,3,1,14,3,1,0,0.163312,0,32000,5226,0.163312,131072,5703,0.043510,0,1,2
479,host-17,2,0,14,2,0,0,0.088625,0,32000,2836,0.088625,131072,2433,0.018562,0,0,2
479,host-18,3,0,14,3,0,0,0.134656,0,32000,4309,0.134656,131072,3798,0.028976,0,0,3
479,host-19,3,0,14,3,0,0,0.143937,0,32000,4606,0.143937,131072,3471,0.026482,0,0,3
479,host-2,2,0,14,2,0,0,0.117313,0,32000,3754,0.117313,131072,3433,0.026192,0,0,2
479,host-20,2,0,14,2,0,0,0.090688,0,32000,2902,0.090688,131072,3759,0.028679,0,0,2
479,host-21,2,0,14,2,0,0,0.098750,0,32000,3160,0.098750,131072,3359,0.025627,0,0,2
479,host-22,2,0,14,2,0,0,0.121000,0,32000,3872,0.121000,131072,3044,0.023224,0,0,2
479,host-23,2,0,14,2,0,0,0.099187,0,32000,3174,0.099187,131072,3090,0.023575,0,0,2
479,host-24,2,0,14,2,0,0,0.141000,0,32000,4512,0.141000,131072,4223,0.032219,0,0,2
479,host-3,2,0,14,2,0,0,0.140656,0,32000,4501,0.140656,131072,4598,0.035080,0,0,2
479,host-4,2,0,14,2,0,0,0.081844,0,32000,2619,0.081844,131072,2799,0.021355,0,0,2
479,host-5,3,0,14,3,0,0,0.116937,0,32000,3742,0.116937,131072,3479,0.026543,0,0,3
479,host-6,2,0,14,2,0,0,0.112750,0,32000,3608,0.112750,131072,4623,0.035271,0,0,2
479,host-7,3,0,14,3,0,0,0.116250,0,32000,3720,0.116250,131072,2818,0.021500,0,0,3
479,host-8,2,0,14,2,0,0,0.072250,0,32000,2312,0.072250,131072,2300,0.017548,0,0,2
479,host-9,1,0,14,1,0,0,0.071094,0,32000,2275,0.071094,131072,2314,0.017654,0,0,1
480,host-1,2,0,14,2,0,0,0.096687,0,32000,3094,0.096687,131072,1926,0.014694,0,0,2
480,host-10,2,0,14,2,0,0,0.104063,0,32000,3330,0.104063,131072,3890,0.029678,0,0,2
480,host-11,2,0,14,2,0,0,0.093531,0,32000,2993,0.093531,131072,2825,0.021553,0,0,2
480,host-12,1,0,14,1,0,0,0.050500,0,32000,1616,0.050500,131072,1567,0.011955,0,0,1
480,host-13,3,0,14,3,0,0,0.164281,0,32000,5257,0.164281,131072,4759,0.036308,0,0,3
480,host-14,3,0,14,3,0,0,0.096906,0,32000,3101,0.096906,131072,1809,0.013802,0,0,3
480,host-15,2,0,14,2,0,0,0.103375,0,32000,3308,0.103375,131072,3328,0.025391,0,0,2
480,host-16,3,0,14,3,0,0,0.163312,0,32000,5226,0.163312,131072,5703,0.043510,0,0,3
480,host-17,2,0,14,2,0,0,0.088625,0,32000,2836,0.088625,131072,2433,0.018562,0,0,2
480,host-18,3,0,14,3,0,0,0.134656,0,32000,4309,0.134656,131072,3798,0.028976,0,0,3
480,host-19,3,0,14,3,0,0,0.143937,0,32000,4606,0.143937,131072,3471,0.026482,0,0,3
480,host-2,2,0,14,2,0,0,0.117313,0,32000,3754,0.117313,131072,3433,0.026192,0,0,2
480,host-20,2,0,14,2,0,0,0.090688,0,32000,2902,0.090688,131072,3759,0.028679,0,0,2
480,host-21,2,0,14,2,0,0,0.098750,0,32000,3160,0.098750,131072,3359,0.025627,0,0,2
480,host-22,2,0,14,2,0,0,0.121000,0,32000,3872,0.121000,131072,3044,0.023224,0,0,2
480,host-23,2,0,14,2,0,0,0.099187,0,32000,3174,0.099187,131072,3090,0.023575,0,0,2
480,host-24,2,0,14,2,0,0,0.141000,0,32000,4512,0.141000,131072,4223,0.032219,0,0,2
480,host-3,2,0,14,2,0,0,0.140656,0,32000,4501,0.140656,131072,4598,0.035080,0,0,2
480,host-4,2,0,14,2,0,0,0.081844,0,32000,2619,0.081844,131072,2799,0.021355,0,0,2
480,host-5,2,0,14,2,0,0,0.078719,0,32000,2519,0.078719,131072,2055,0.015678,0,0,2
480,host-6,1,0,14,1,0,0,0.044469,0,32000,1423,0.044469,131072,1918,0.014633,0,0,1
480,host-7,3,0,14,3,0,0,0.116250,0,32000,3720,0.116250,131072,2818,0.021500,0,0,3
480,host-8,2,0,14,2,0,0,0.072250,0,32000,2312,0.072250,131072,2300,0.017548,0,0,2
480,host-9,1,0,14,1,0,0,0.071094,0,32000,2275,0.071094,131072,2314,0.017654,0,0,1
481,host-1,2,0,14,2,0,0,0.096687,0,32000,3094,0.096687,131072,1926,0.014694,0,0,2
481,host-10,2,0,14,2,0,0,0.104063,0,32000,3330,0.104063,131072,3890,0.029678,0,0,2
481,host-11,2,0,14,2,0,0,0.093531,0,32000,2993,0.093531,131072,2825,0.021553,0,0,2
481,host-12,1,0,14,1,0,0,0.050500,0,32000,1616,0.050500,131072,1567,0.011955,0,0,1
481,host-13,2,0,14,2,0,0,0.119781,0,32000,3833,0.119781,131072,3611,0.027550,0,0,2
481,host-14,3,0,14,3,0,0,0.096906,0,32000,3101,0.096906,131072,1809,0.013802,0,0,3
481,host-15,2,0,14,2,0,0,0.103375,0,32000,3308,0.103375,131072,3328,0.025391,0,0,2
481,host-16,2,0,14,2,0,0,0.119313,0,32000,3818,0.119313,131072,3821,0.029152,0,0,2
481,host-17,2,0,14,2,0,0,0.088625,0,32000,2836,0.088625,131072,2433,0.018562,0,0,2
481,host-18,3,0,14,3,0,0,0.134656,0,32000,4309,0.134656,131072,3798,0.028976,0,0,3
481,host-19,3,0,14,3,0,0,0.143937,0,32000,4606,0.143937,131072,3471,0.026482,0,0,3
481,host-2,1,0,14,1,0,0,0.042500,0,32000,1360,0.042500,131072,897,0.006844,0,0,1
481,host-20,2,0,14,2,0,0,0.090688,0,32000,2902,0.090688,131072,3759,0.028679,0,0,2
481,host-21,2,0,14,2,0,0,0.098750,0,32000,3160,0.098750,131072,3359,0.025627,0,0,2
481,host-22,2,0,14,2,0,0,0.121000,0,32000,3872,0.121000,131072,3044,0.023224,0,0,2
481,host-23,1,0,14,1,0,0,0.027781,0,32000,889,0.027781,131072,522,0.003983,0,0,1
481,host-24,2,0,14,2,0,0,0.141000,0,32000,4512,0.141000,131072,4223,0.032219,0,0,2
481,host-3,2,0,14,2,0,0,0.140656,0,32000,4501,0.140656,131072,4598,0.035080,0,0,2
481,host-4,2,0,14,2,0,0,0.081844,0,32000,2619,0.081844,131072,2799,0.021355,0,0,2
481,host-5,2,0,14,2,0,0,0.078719,0,32000,2519,0.078719,131072,2055,0.015678,0,0,2
481,host-6,0,0,14,0,0,0,0.000000,0,32000,0,0.000000,131072,0,0.000000,0,0,0
481,host-7,3,0,14,3,0,0,0.116250,0,32000,3720,0.116250,131072,2818,0.021500,0,0,3
481,host-8,2,0,14,2,0,0,0.072250,0,32000,2312,0.072250,131072,2300,0.017548,0,0,2
481,host-9,1,0,14,1,0,0,0.071094,0,32000,2275,0.071094,131072,2314,0.017654,0,0,1
482,host-1,2,0,14,2,0,0,0.096687,0,32000,3094,0.096687,131072,1926,0.014694,0,0,2
482,host-10,2,0,14,2,0,0,0.104063,0,32000,3330,0.104063,131072,3890,0.029678,0,0,2
482,host-11,2,0,14,2,0,0,0.093531,0,32000,2993,0.093531,131072,2825,0.021553,0,0,2
482,host-12,0,0,14,0,0,0,0.000000,0,32000,0,0.000000,131072,0,0.000000,0,0,0
482,host-13,0,0,14,0,0,0,0.000000,0,32000,0,0.000000,131072,0,0.000000,0,0,0
482,host-14,3,0,14,3,0,0,0.096906,0,32000,3101,0.096906,131072,1809,0.013802,0,0,3
482,host-15,2,0,14,2,0,0,0.103375,0,32000,3308,0.103375,131072,3328,0.025391,0,0,2
482,host-16,1,0,14,1,0,0,0.074125,0,32000,2372,0.074125,131072,2377,0.018135,0,0,1
482,host-17,2,0,14,2,0,0,0.088625,0,32000,2836,0.088625,131072,2433,0.018562,0,0,2
482,host-18,2,0,14,2,0,0,0.076813,0,32000,2458,0.076813,131072,1486,0.011337,0,0,2
482,host-19,3,0,14,3,0,0,0.143937,0,32000,4606,0.143937,131072,3471,0.026482,0,0,3
482,host-2,1,1,14,1,1,0,0.042500,0,32000,1360,0.042500,131072,897,0.006844,0,1,0
482,host-20,2,0,14,2,0,0,0.090688,0,32000,2902,0.090688,131072,3759,0.028679,0,0,2
482,host-21,2,0,14,2,0,0,0.098750,0,32000,3160,0.098750,131072,3359,0.025627,0,0,2
482,host-22,2,0,14,2,0,0,0.121000,0,32000,3872,0.121000,131072,3044,0.023224,0,0,2
482,host-23,1,0,14,1,0,0,0.027781,0,32000,889,0.027781,131072,522,0.003983,0,0,1
482,host-24,2,0,14,2,0,0,0.141000,0,32000,4512,0.141000,131072,4223,0.032219,0,0,2
482,host-3,2,0,14,2,0,0,0.140656,0,32000,4501,0.140656,131072,4598,0.035080,0,0,2
482,host-4,2,0,14,2,0,0,0.081844,0,32000,2619,0.081844,131072,2799,0.021355,0,0,2
482,host-5,2,0,14,2,0,0,0.078719,0,32000,2519,0.078719,131072,2055,0.015678,0,0,2
482,host-6,0,0,14,0,0,0,0.000000,0,32000,0,0.000000,131072,0,0.000000,0,0,0
482,host-7,3,0,14,3,0,0,0.116250,0,32000,3720,0.116250,131072,2818,0.021500,0,0,3
482,host-8,1,0,14,1,0,0,0.041750,0,32000,1336,0.041750,131072,1039,0.007927,0,0,1
482,host-9,1,0,14,1,0,0,0.071094,0,32000,2275,0.071094,131072,2314,0.017654,0,0,1
483,host-1,2,0,14,2,0,0,0.096687,0,32000,3094,0.096687,131072,1926,0.014694,0,0,2
483,host-10,2,0,14,2,0,0,0.104063,0,32000,3330,0.104063,131072,3890,0.029678,0,0,2
483,host-11,2,0,14,2,0,0,0.093531,0,32000,2993,0.093531,131072,2825,0.021553,0,0,2
483,host-12,2,2,14,2,2,0,0.058750,0,32000,1880,0.058750,131072,2626,0.020035,2,0,0
483,host-13,1,1,14,1,1,0,0.044000,0,32000,1408,0.044000,131072,1882,0.014359,1,0,0
483,host-14,3,0,14,3,0,0,0.096906,0,32000,3101,0.096906,131072,1809,0.013802,0,0,3
483,host-15,2,0,14,2,0,0,0.103375,0,32000,3308,0.103375,131072,3328,0.025391,0,0,2
483,host-16,1,0,14,1,0,0,0.074125,0,32000,2372,0.074125,131072,2377,0.018135,0,0,1
483,host-17,2,0,14,2,0,0,0.088625,0,32000,2836,0.088625,131072,2433,0.018562,0,0,2
483,host-18,2,0,14,2,0,0,0.076813,0,32000,2458,0.076813,131072,1486,0.011337,0,0,2
483,host-19,2,0,14,2,0,0,0.102781,0,32000,3289,0.102781,131072,2220,0.016937,0,0,2
483,host-2,1,0,14,1,0,0,0.042500,0,32000,1360,0.042500,131072,897,0.006844,0,0,1
483,host-20,2,0,14,2,0,0,0.090688,0,32000,2902,0.090688,131072,3759,0.028679,0,0,2
483,host-21,2,1,14,2,1,0,0.098750,0,32000,3160,0.098750,131072,3359,0.025627,0,1,1
483,host-22,2,0,14,2,0,0,0.121000,0,32000,3872,0.121000,131072,3044,0.023224,0,0,2
483,host-23,2,1,14,2,1,0,0.057344,0,32000,1835,0.057344,131072,1537,0.011726,1,0,1
483,host-24,2,0,14,2,0,0,0.141000,0,32000,4512,0.141000,131072,4223,0.032219,0,0,2
483,host-3,2,1,14,2,1,0,0.140656,0,32000,4501,0.140656,131072,4598,0.035080,0,1,1
483,host-4,2,0,14,2,0,0,0.081844,0,32000,2619,0.081844,131072,2799,0.021355,0,0,2
483,host-5,2,0,14,2,0,0,0.078719,0,32000,2519,0.078719,131072,2055,0.015678,0,0,2
483,host-6,1,1,14,1,1,0,0.072156,0,32000,2309,0.072156,131072,2949,0.022499,1,0,0
483,host-7,3,0,14,3,0,0,0.116250,0,32000,3720,0.116250,131072,2818,0.021500,0,0,3
483,host-8,1,0,14,1,0,0,0.041750,0,32000,1336,0.041750,131072,1039,0.007927,0,0,1
483,host-9,1,0,14,1,0,0,0.071094,0,32000,2275,0.071094,131072,2314,0.017654,0,0,1
484,host-1,2,0,14,2,0,0,0.096687,0,32000,3094,0.096687,131072,1926,0.014694,0,0,2
484,host-10,2,0,14,2,0,0,0.104063,0,32000,3330,0.104063,131072,3890,0.029678,0,0,2
484,host-11,2,0,14,2,0,0,0.093531,0,32000,2993,0.093531,131072,2825,0.021553,0,0,2
484,host-12,2,0,14,2,0,0,0.058750,0,32000,1880,0.058750,131072,2626,0.020035,0,0,2
484,host-13,1,1,14,1,1,0,0.044000,0,32000,1408,0.044000,131072,1882,0.014359,1,0,0
484,host-14,3,0,14,3,0,0,0.096906,0,32000,3101,0.096906,131072,1809,0.013802,0,0,3
484,host-15,1,0,14,1,0,0,0.059625,0,32000,1908,0.059625,131072,2224,0.016968,0,0,1
484,host-16,1,0,14,1,0,0,0.074125,0,32000,2372,0.074125,131072,2377,0.018135,0,0,1
484,host-17,2,0,14,2,0,0,0.088625,0,32000,2836,0.088625,131072,2433,0.018562,0,0,2
484,host-18,1,0,14,1,0,0,0.034688,0,32000,1110,0.034688,131072,809,0.006172,0,0,1
484,host-19,1,0,14,1,0,0,0.044875,0,32000,1436,0.044875,131072,813,0.006203,0,0,1
484,host-2,1,0,14,1,0,0,0.042500,0,32000,1360,0.042500,131072,897,0.006844,0,0,1
484,host-20,2,0,14,2,0,0,0.090688,0,32000,2902,0.090688,131072,3759,0.028679,0,0,2
484,host-21,2,0,14,2,0,0,0.098750,0,32000,3160,0.098750,131072,3359,0.025627,0,0,2
484,host-22,2,0,14,2,0,0,0.121000,0,32000,3872,0.121000,131072,3044,0.023224,0,0,2
484,host-23,2,1,14,2,1,0,0.057344,0,32000,1835,0.057344,131072,1537,0.011726,1,0,1
484,host-24,1,0,14,1,0,0,0.070219,0,32000,2247,0.070219,131072,1909,0.014565,0,0,1
484,host-3,2,0,14,2,0,0,0.140656,0,32000,4501,0.140656,131072,4598,0.035080,0,0,2
484,host-4,2,0,14,2,0,0,0.081844,0,32000,2619,0.081844,131072,2799,0.021355,0,0,2
484,host-5,2,0,14,2,0,0,0.078719,0,32000,2519,0.078719,131072,2055,0.015678,0,0,2
484,host-6,1,0,14,1,0,0,0.072156,0,32000,2309,0.072156,131072,2949,0.022499,0,0,1
484,host-7,3,0,14,3,0,0,0.116250,0,32000,3720,0.116250,131072,2818,0.021500,0,0,3
484,host-8,2,1,14,2,1,0,0.113906,0,32000,3645,0.113906,131072,3988,0.030426,1,0,1
484,host-9,1,0,14,1,0,0,0.071094,0,32000,2275,0.071094,131072,2314,0.017654,0,0,1
485,host-1,1,0,14,1,0,0,0.054562,0,32000,1746,0.054562,131072,1249,0.009529,0,0,1
485,host-10,2,0,14,2,0,0,0.104063,0,32000,3330,0.104063,131072,3890,0.029678,0,0,2
485,host-11,2,0,14,2,0,0,0.093531,0,32000,2993,0.093531,131072,2825,0.021553,0,0,2
485,host-12,2,1,14,2,1,0,0.058750,0,32000,1880,0.058750,131072,2626,0.020035,0,1,1
485,host-13,1,0,14,1,0,0,0.044000,0,32000,1408,0.044000,131072,1882,0.014359,0,0,1
485,host-14,3,0,14,3,0,0,0.096906,0,32000,3101,0.096906,131072,1809,0.013802,0,0,3
485,host-15,1,0,14,1,0,0,0.059625,0,32000,1908,0.059625,131072,2224,0.016968,0,0,1
485,host-16,1,0,14,1,0,0,0.074125,0,32000,2372,0.074125,131072,2377,0.018135,0,0,1
485,host-17,2,0,14,2,0,0,0.088625,0,32000,2836,0.088625,131072,2433,0.018562,0,0,2
485,host-18,0,0,14,0,0,0,0.000000,0,32000,0,0.000000,131072,0,0.000000,0,0,0
485,host-19,1,0,14,1,0,0,0.044875,0,32000,1436,0.044875,131072,813,0.006203,0,0,1
485,host-2,1,0,14,1,0,0,0.042500,0,32000,1360,0.042500,131072,897,0.006844,0,0,1
485,host-20,2,0,14,2,0,0,0.090688,0,32000,2902,0.090688,131072,3759,0.028679,0,0,2
485,host-21,2,0,14,2,0,0,0.098750,0,32000,3160,0.098750,131072,3359,0.025627,0,0,2
485,host-22,2,0,14,2,0,0,0.121000,0,32000,3872,0.121000,131072,3044,0.023224,0,0,2
485,host-23,2,0,14,2,0,0,0.057344,0,32000,1835,0.057344,131072,1537,0.011726,0,0,2
485,host-24,1,0,14,1,0,0,0.070219,0,32000,2247,0.070219,131072,1909,0.014565,0,0,1
485,host-3,2,0,14,2,0,0,0.140656,0,32000,4501,0.140656,131072,4598,0.035080,0,0,2
485,host-4,2,0,14,2,0,0,0.081844,0,32000,2619,0.081844,131072,2799,0.021355,0,0,2
485,host-5,2,0,14,2,0,0,0.078719,0,32000,2519,0.078719,131072,2055,0.015678,0,0,2
485,host-6,1,0,14,1,0,0,0.072156,0,32000,2309,0.072156,131072,2949,0.022499,0,0,1
485,host-7,3,0,14,3,0,0,0.116250,0,32000,3720,0.116250,131072,2818,0.021500,0,0,3
485,host-8,1,1,14,1,1,0,0.072156,0,32000,2309,0.072156,131072,2949,0.022499,0,1,0
485,host-9,1,0,14,1,0,0,0.071094,0,32000,2275,0.071094,131072,2314,0.017654,0,0,1
486,host-1,1,0,14,1,0,0,0.054562,0,32000,1746,0.054562,131072,1249,0.009529,0,0,1
486,host-10,2,0,14,2,0,0,0.104063,0,32000,3330,0.104063,131072,3890,0.029678,0,0,2
486,host-11,2,0,14,2,0,0,0.093531,0,32000,2993,0.093531,131072,2825,0.021553,0,0,2
486,host-12,2,0,14,2,0,0,0.058750,0,32000,1880,0.058750,131072,2626,0.020035,0,0,2
486,host-13,1,0,14,1,0,0,0.044000,0,32000,1408,0.044000,131072,1882,0.014359,0,0,1
486,host-14,3,0,14,3,0,0,0.096906,0,32000,3101,0.096906,131072,1809,0.013802,0,0,3
486,host-15,1,0,14,1,0,0,0.059625,0,32000,1908,0.059625,131072,2224,0.016968,0,0,1
486,host-16,1,0,14,1,0,0,0.074125,0,32000,2372,0.074125,131072,2377,0.018135,0,0,1
486,host-17,2,0,14,2,0,0,0.088625,0,32000,2836,0.088625,131072,2433,0.018562,0,0,2
486,host-18,1,1,14,1,1,0,0.057906,0,32000,1853,0.057906,131072,1407,0.010735,0,1,0
486,host-19,1,0,14,1,0,0,0.044875,0,32000,1436,0.044875,131072,813,0.006203,0,0,1
486,host-2,1,0,14,1,0,0,0.042500,0,32000,1360,0.042500,131072,897,0.006844,0,0,1
486,host-20,2,0,14,2,0,0,0.090688,0,32000,2902,0.090688,131072,3759,0.028679,0,0,2
486,host-21,2,0,14,2,0,0,0.098750,0,32000,3160,0.098750,131072,3359,0.025627,0,0,2
486,host-22,2,0,14,2,0,0,0.121000,0,32000,3872,0.121000,131072,3044,0.023224,0,0,2
486,host-23,2,0,14,2,0,0,0.057344,0,32000,1835,0.057344,131072,1537,0.011726,0,0,2
486,host-24,1,0,14,1,0,0,0.070219,0,32000,2247,0.070219,131072,1909,0.014565,0,0,1
486,host-3,2,0,14,2,0,0,0.140656,0,32000,4501,0.140656,131072,4598,0.035080,0,0,2
486,host-4,2,0,14,2,0,0,0.081844,0,32000,2619,0.081844,131072,2799,0.021355,0,0,2
486,host-5,2,0,14,2,0,0,0.078719,0,32000,2519,0.078719,131072,2055,0.015678,0,0,2
486,host-6,1,0,14,1,0,0,0.072156,0,32000,2309,0.072156,131072,2949,0.022499,0,0,1
486,host-7,3,0,14,3,0,0,0.116250,0,32000,3720,0.116250,131072,2818,0.021500,0,0,3
486,host-8,1,0,14,1,0,0,0.072156,0,32000,2309,0.072156,131072,2949,0.022499,0,0,1
486,host-9,1,0,14,1,0,0,0.071094,0,32000,2275,0.071094,131072,2314,0.017654,0,0,1
487,host-1,1,0,14,1,0,0,0.054562,0,32000,1746,0.054562,131072,1249,0.009529,0,0,1
487,host-10,2,0,14,2,0,0,0.104063,0,32000,3330,0.104063,131072,3890,0.029678,0,0,2
487,host-11,2,0,14,2,0,0,0.093531,0,32000,2993,0.093531,131072,2825,0.021553,0,0,2
487,host-12,2,0,14,2,0,0,0.058750,0,32000,1880,0.058750,131072,2626,0.020035,0,0,2
487,host-13,1,0,14,1,0,0,0.044000,0,32000,1408,0.044000,131072,1882,0.014359,0,0,1
487,host-14,3,0,14,3,0,0,0.096906,0,32000,3101,0.096906,131072,1809,0.013802,0,0,3
487,host-15,1,0,14,1,0,0,0.059625,0,32000,1908,0.059625,131072,2224,0.016968,0,0,1
487,host-16,1,0,14,1,0,0,0.074125,0,32000,2372,0.074125,131072,2377,0.018135,0,0,1
487,host-17,2,0,14,2,0,0,0.088625,0,32000,2836,0.088625,131072,2433,0.018562,0,0,2
487,host-18,1,0,14,1,0,0,0.057906,0,32000,1853,0.057906,131072,1407,0.010735,0,0,1
487,host-19,1,0,14,1,0,0,0.044875,0,32000,1436,0.044875,131072,813,0.006203,0,0,1
487,host-2,1,0,14,1,0,0,0.042500,0,32000,1360,0.042500,131072,897,0.006844,0,0,1
487,host-20,2,0,14,2,0,0,0.090688,0,32000,2902,0.090688,131072,3759,0.028679,0,0,2
487,host-21,2,0,14,2,0,0,0.098750,0,32000,3160,0.098750,131072,3359,0.025627,0,0,2
487,host-22,2,0,14,2,0,0,0.121000,0,32000,3872,0.121000,131072,3044,0.023224,0,0,2
487,host-23,2,0,14,2,0,0,0.057344,0,32000,1835,0.057344,131072,1537,0.011726,0,0,2
487,host-24,1,0,14,1,0,0,0.070219,0,32000,2247,0.070219,131072,1909,0.014565,0,0,1
487,host-3,2,0,14,2,0,0,0.140656,0,32000,4501,0.140656,131072,4598,0.035080,0,0,2
487,host-4,2,0,14,2,0,0,0.081844,0,32000,2619,0.081844,131072,2799,0.021355,0,0,2
487,host-5,2,0,14,2,0,0,0.078719,0,32000,2519,0.078719,131072,2055,0.015678,0,0,2
487,host-6,1,0,14,1,0,0,0.072156,0,32000,2309,0.072156,131072,2949,0.022499,0,0,1
487,host-7,3,0,14,3,0,0,0.116250,0,32000,3720,0.116250,131072,2818,0.021500,0,0,3
487,host-8,1,0,14,1,0,0,0.072156,0,32000,2309,0.072156,131072,2949,0.022499,0,0,1
487,host-9,1,1,14,1,1,0,0.071094,0,32000,2275,0.071094,131072,2314,0.017654,0,1,0
488,host-1,1,0,14,1,0,0,0.054562,0,32000,1746,0.054562,131072,1249,0.009529,0,0,1
488,host-10,2,0,14,2,0,0,0.104063,0,32000,3330,0.104063,131072,3890,0.029678,0,0,2
488,host-11,2,0,14,2,0,0,0.093531,0,32000,2993,0.093531,131072,2825,0.021553,0,0,2
488,host-12,2,0,14,2,0,0,0.058750,0,32000,1880,0.058750,131072,2626,0.020035,0,0,2
488,host-13,1,0,14,1,0,0,0.044000,0,32000,1408,0.044000,131072,1882,0.014359,0,0,1
488,host-14,3,0,14,3,0,0,0.096906,0,32000,3101,0.096906,131072,1809,0.013802,0,0,3
488,host-15,1,0,14,1,0,0,0.059625,0,32000,1908,0.059625,131072,2224,0.016968,0,0,1
488,host-16,1,0,14,1,0,0,0.074125,0,32000,2372,0.074125,131072,2377,0.018135,0,0,1
488,host-17,2,0,14,2,0,0,0.088625,0,32000,2836,0.088625,131072,2433,0.018562,0,0,2
488,host-18,1,0,14,1,0,0,0.057906,0,32000,1853,0.057906,131072,1407,0.010735,0,0,1
488,host-19,1,0,14,1,0,0,0.044875,0,32000,1436,0.044875,131072,813,0.006203,0,0,1
488,host-2,1,0,14,1,0,0,0.042500,0,32000,1360,0.042500,131072,897,0.006844,0,0,1
488,host-20,2,0,14,2,0,0,0.090688,0,32000,2902,0.090688,131072,3759,0.028679,0,0,2
488,host-21,2,0,14,2,0,0,0.098750,0,32000,3160,0.098750,131072,3359,0.025627,0,0,2
488,host-22,2,0,14,2,0,0,0.121000,0,32000,3872,0.121000,131072,3044,0.023224,0,0,2
488,host-23,2,0,14,2,0,0,0.057344,0,32000,1835,0.057344,131072,1537,0.011726,0,0,2
488,host-24,1,0,14,1,0,0,0.070219,0,32000,2247,0.070219,131072,1909,0.014565,0,0,1
488,host-3,2,0,14,2,0,0,0.140656,0,32000,4501,0.140656,131072,4598,0.035080,0,0,2
488,host-4,2,1,14,2,1,0,0.081844,0,32000,2619,0.081844,131072,2799,0.021355,0,1,1
488,host-5,2,0,14,2,0,0,0.078719,0,32000,2519,0.078719,131072,2055,0.015678,0,0,2
488,host-6,1,0,14,1,0,0,0.072156,0,32000,2309,0.072156,131072,2949,0.022499,0,0,1
488,host-7,3,0,14,3,0,0,0.116250,0,32000,3720,0.116250,131072,2818,0.021500,0,0,3
488,host-8,1,0,14,1,0,0,0.072156,0,32000,2309,0.072156,131072,2949,0.022499,0,0,1
488,host-9,1,0,14,1,0,0,0.071094,0,32000,2275,0.071094,131072,2314,0.017654,0,0,1
489,host-1,2,1,14,2,1,0,0.092813,0,32000,2970,0.092813,131072,2082,0.015884,1,0,1
489,host-10,2,0,14,2,0,0,0.104063,0,32000,3330,0.104063,131072,3890,0.029678,0,0,2
489,host-11,2,0,14,2,0,0,0.093531,0,32000,2993,0.093531,131072,2825,0.021553,0,0,2
489,host-12,3,1,14,3,1,0,0.121938,0,32000,3902,0.121938,131072,4895,0.037346,1,0,2
489,host-13,2,1,14,2,1,0,0.082219,0,32000,2631,0.082219,131072,3306,0.025223,1,0,1
489,host-14,3,0,14,3,0,0,0.096906,0,32000,3101,0.096906,131072,1809,0.013802,0,0,3
489,host-15,2,1,14,2,1,0,0.131031,0,32000,4193,0.131031,131072,4792,0.036560,1,0,1
489,host-16,1,0,14,1,0,0,0.074125,0,32000,2372,0.074125,131072,2377,0.018135,0,0,1
489,host-17,2,0,14,2,0,0,0.088625,0,32000,2836,0.088625,131072,2433,0.018562,0,0,2
489,host-18,2,1,14,2,1,0,0.110844,0,32000,3547,0.110844,131072,3668,0.027985,1,0,1
489,host-19,2,1,14,2,1,0,0.103813,0,32000,3322,0.103813,131072,3134,0.023911,1,0,1
489,host-2,2,1,14,2,1,0,0.086563,0,32000,2770,0.086563,131072,1948,0.014862,1,0,1
489,host-20,2,0,14,2,0,0,0.090688,0,32000,2902,0.090688,131072,3759,0.028679,0,0,2
489,host-21,2,0,14,2,0,0,0.098750,0,32000,3160,0.098750,131072,3359,0.025627,0,0,2
489,host-22,2,0,14,2,0,0,0.121000,0,32000,3872,0.121000,131072,3044,0.023224,0,0,2
489,host-23,3,1,14,3,1,0,0.105313,0,32000,3370,0.105313,131072,3062,0.023361,1,0,2
489,host-24,1,0,14,1,0,0,0.070219,0,32000,2247,0.070219,131072,1909,0.014565,0,0,1
489,host-3,2,0,14,2,0,0,0.140656,0,32000,4501,0.140656,131072,4598,0.035080,0,0,2
489,host-4,2,0,14,2,0,0,0.081844,0,32000,2619,0.081844,131072,2799,0.021355,0,0,2
489,host-5,2,0,14,2,0,0,0.078719,0,32000,2519,0.078719,131072,2055,0.015678,0,0,2
489,host-6,1,0,14,1,0,0,0.072156,0,32000,2309,0.072156,131072,2949,0.022499,0,0,1
489,host-7,3,0,14,3,0,0,0.116250,0,32000,3720,0.116250,131072,2818,0.021500,0,0,3
489,host-8,1,0,14,1,0,0,0.072156,0,32000,2309,0.072156,131072,2949,0.022499,0,0,1
489,host-9,1,0,14,1,0,0,0.071094,0,32000,2275,0.071094,131072,2314,0.017654,0,0,1
490,host-1,2,0,14,2,0,0,0.092813,0,32000,2970,0.092813,131072,2082,0.015884,0,0,2
490,host-10,2,0,14,2,0,0,0.104063,0,32000,3330,0.104063,131072,3890,0.029678,0,0,2
490,host-11,1,0,14,1,0,0,0.050812,0,32000,1626,0.050812,131072,1583,0.012077,0,0,1
490,host-12,3,0,14,3,0,0,0.121938,0,32000,3902,0.121938,131072,4895,0.037346,0,0,3
490,host-13,2,0,14,2,0,0,0.082219,0,32000,2631,0.082219,131072,3306,0.025223,0,0,2
490,host-14,3,0,14,3,0,0,0.096906,0,32000,3101,0.096906,131072,1809,0.013802,0,0,3
490,host-15,2,1,14,2,1,0,0.131031,0,32000,4193,0.131031,131072,4792,0.036560,1,0,1
490,host-16,1,0,14,1,0,0,0.074125,0,32000,2372,0.074125,131072,2377,0.018135,0,0,1
490,host-17,2,0,14,2,0,0,0.088625,0,32000,2836,0.088625,131072,2433,0.018562,0,0,2
490,host-18,2,0,14,2,0,0,0.110844,0,32000,3547,0.110844,131072,3668,0.027985,0,0,2
490,host-19,2,0,14,2,0,0,0.103813,0,32000,3322,0.103813,131072,3134,0.023911,0,0,2
490,host-2,2,1,14,2,1,0,0.086563,0,32000,2770,0.086563,131072,1948,0.014862,1,0,1
490,host-20,2,0,14,2,0,0,0.090688,0,32000,2902,0.090688,131072,3759,0.028679,0,0,2
490,host-21,2,0,14,2,0,0,0.098750,0,32000,3160,0.098750,131072,3359,0.025627,0,0,2
490,host-22,2,0,14,2,0,0,0.121000,0,32000,3872,0.121000,131072,3044,0.023224,0,0,2
490,host-23,3,0,14,3,0,0,0.105313,0,32000,3370,0.105313,131072,3062,0.023361,0,0,3
490,host-24,2,1,14,2,1,0,0.141625,0,32000,4532,0.141625,131072,4477,0.034157,1,0,1
490,host-3,2,0,14,2,0,0,0.140656,0,32000,4501,0.140656,131072,4598,0.035080,0,0,2
490,host-4,2,0,14,2,0,0,0.081844,0,32000,2619,0.081844,131072,2799,0.021355,0,0,2
490,host-5,2,0,14,2,0,0,0.078719,0,32000,2519,0.078719,131072,2055,0.015678,0,0,2
490,host-6,1,0,14,1,0,0,0.072156,0,32000,2309,0.072156,131072,2949,0.022499,0,0,1
490,host-7,3,0,14,3,0,0,0.116250,0,32000,3720,0.116250,131072,2818,0.021500,0,0,3
490,host-8,1,0,14,1,0,0,0.072156,0,32000,2309,0.072156,131072,2949,0.022499,0,0,1
490,host-9,1,0,14,1,0,0,0.071094,0,32000,2275,0.071094,131072,2314,0.017654,0,0,1
491,host-1,2,0,14,2,0,0,0.092813,0,32000,2970,0.092813,131072,2082,0.015884,0,0,2
491,host-10,2,0,14,2,0,0,0.104063,0,32000,3330,0.104063,131072,3890,0.029678,0,0,2
491,host-11,1,0,14,1,0,0,0.050812,0,32000,1626,0.050812,131072,1583,0.012077,0,0,1
491,host-12,3,0,14,3,0,0,0.121938,0,32000,3902,0.121938,131072,4895,0.037346,0,0,3
491,host-13,2,0,14,2,0,0,0.082219,0,32000,2631,0.082219,131072,3306,0.025223,0,0,2
491,host-14,3,0,14,3,0,0,0.096906,0,32000,3101,0.096906,131072,1809,0.013802,0,0,3
491,host-15,2,0,14,2,0,0,0.131031,0,32000,4193,0.131031,131072,4792,0.036560,0,0,2
491,host-16,1,0,14,1,0,0,0.074125,0,32000,2372,0.074125,131072,2377,0.018135,0,0,1
491,host-17,2,0,14,2,0,0,0.088625,0,32000,2836,0.088625,131072,2433,0.018562,0,0,2
491,host-18,2,0,14,2,0,0,0.110844,0,32000,3547,0.110844,131072,3668,0.027985,0,0,2
491,host-19,2,0,14,2,0,0,0.103813,0,32000,3322,0.103813,131072,3134,0.023911,0,0,2
491,host-2,2,0,14,2,0,0,0.086563,0,32000,2770,0.086563,131072,1948,0.014862,0,0,2
491,host-20,2,0,14,2,0,0,0.090688,0,32000,2902,0.090688,131072,3759,0.028679,0,0,2
491,host-21,2,0,14,2,0,0,0.098750,0,32000,3160,0.098750,131072,3359,0.025627,0,0,2
491,host-22,2,0,14,2,0,0,0.121000,0,32000,3872,0.121000,131072,3044,0.023224,0,0,2
491,host-23,3,1,14,3,1,0,0.105313,0,32000,3370,0.105313,131072,3062,0.023361,0,1,2
491,host-24,2,0,14,2,0,0,0.141625,0,32000,4532,0.141625,131072,4477,0.034157,0,0,2
491,host-3,2,0,14,2,0,0,0.140656,0,32000,4501,0.140656,131072,4598,0.035080,0,0,2
491,host-4,2,0,14,2,0,0,0.081844,0,32000,2619,0.081844,131072,2799,0.021355,0,0,2
491,host-5,2,1,14,2,1,0,0.078719,0,32000,2519,0.078719,131072,2055,0.015678,0,1,1
491,host-6,1,0,14,1,0,0,0.072156,0,32000,2309,0.072156,131072,2949,0.022499,0,0,1
491,host-7,3,0,14,3,0,0,0.116250,0,32000,3720,0.116250,131072,2818,0.021500,0,0,3
491,host-8,1,0,14,1,0,0,0.072156,0,32000,2309,0.072156,131072,2949,0.022499,0,0,1
491,host-9,1,0,14,1,0,0,0.071094,0,32000,2275,0.071094,131072,2314,0.017654,0,0,1
492,host-1,2,0,14,2,0,0,0.092813,0,32000,2970,0.092813,131072,2082,0.015884,0,0,2
492,host-10,1,0,14,1,0,0,0.066375,0,32000,2124,0.066375,131072,2384,0.018188,0,0,1
492,host-11,1,0,14,1,0,0,0.050812,0,32000,1626,0.050812,131072,1583,0.012077,0,0,1
492,host-12,3,0,14,3,0,0,0.121938,0,32000,3902,0.121938,131072,4895,0.037346,0,0,3
492,host-13,2,0,14,2,0,0,0.082219,0,32000,2631,0.082219,131072,3306,0.025223,0,0,2
492,host-14,3,0,14,3,0,0,0.096906,0,32000,3101,0.096906,131072,1809,0.013802,0,0,3
492,host-15,2,0,14,2,0,0,0.131031,0,32000,4193,0.131031,131072,4792,0.036560,0,0,2
492,host-16,1,0,14,1,0,0,0.074125,0,32000,2372,0.074125,131072,2377,0.018135,0,0,1
492,host-17,2,0,14,2,0,0,0.088625,0,32000,2836,0.088625,131072,2433,0.018562,0,0,2
492,host-18,2,0,14,2,0,0,0.110844,0,32000,3547,0.110844,131072,3668,0.027985,0,0,2
492,host-19,2,0,14,2,0,0,0.103813,0,32000,3322,0.103813,131072,3134,0.023911,0,0,2
492,host-2,2,0,14,2,0,0,0.086563,0,32000,2770,0.086563,131072,1948,0.014862,0,0,2
492,host-20,2,0,14,2,0,0,0.090688,0,32000,2902,0.090688,131072,3759,0.028679,0,0,2
492,host-21,2,0,14,2,0,0,0.098750,0,32000,3160,0.098750,131072,3359,0.025627,0,0,2
492,host-22,2,0,14,2,0,0,0.121000,0,32000,3872,0.121000,131072,3044,0.023224,0,0,2
492,host-23,3,0,14,3,0,0,0.105313,0,32000,3370,0.105313,131072,3062,0.023361,0,0,3
492,host-24,2,0,14,2,0,0,0.141625,0,32000,4532,0.141625,131072,4477,0.034157,0,0,2
492,host-3,2,0,14,2,0,0,0.140656,0,32000,4501,0.140656,131072,4598,0.035080,0,0,2
492,host-4,2,0,14,2,0,0,0.081844,0,32000,2619,0.081844,131072,2799,0.021355,0,0,2
492,host-5,2,0,14,2,0,0,0.078719,0,32000,2519,0.078719,131072,2055,0.015678,0,0,2
492,host-6,1,0,14,1,0,0,0.072156,0,32000,2309,0.072156,131072,2949,0.022499,0,0,1
492,host-7,3,0,14,3,0,0,0.116250,0,32000,3720,0.116250,131072,2818,0.021500,0,0,3
492,host-8,1,0,14,1,0,0,0.072156,0,32000,2309,0.072156,131072,2949,0.022499,0,0,1
492,host-9,1,0,14,1,0,0,0.071094,0,32000,2275,0.071094,131072,2314,0.017654,0,0,1
493,host-1,2,0,14,2,0,0,0.092813,0,32000,2970,0.092813,131072,2082,0.015884,0,0,2
493,host-10,1,0,14,1,0,0,0.066375,0,32000,2124,0.066375,131072,2384,0.018188,0,0,1
493,host-11,1,0,14,1,0,0,0.050812,0,32000,1626,0.050812,131072,1583,0.012077,0,0,1
493,host-12,3,0,14,3,0,0,0.121938,0,32000,3902,0.121938,131072,4895,0.037346,0,0,3
493,host-13,2,0,14,2,0,0,0.082219,0,32000,2631,0.082219,131072,3306,0.025223,0,0,2
493,host-14,3,0,14,3,0,0,0.096906,0,32000,3101,0.096906,131072,1809,0.013802,0,0,3
493,host-15,2,0,14,2,0,0,0.131031,0,32000,4193,0.131031,131072,4792,0.036560,0,0,2
493,host-16,1,0,14,1,0,0,0.074125,0,32000,2372,0.074125,131072,2377,0.018135,0,0,1
493,host-17,2,0,14,2,0,0,0.088625,0,32000,2836,0.088625,131072,2433,0.018562,0,0,2
493,host-18,2,0,14,2,0,0,0.110844,0,32000,3547,0.110844,131072,3668,0.027985,0,0,2
493,host-19,2,0,14,2,0,0,0.103813,0,32000,3322,0.103813,131072,3134,0.023911,0,0,2
493,host-2,2,0,14,2,0,0,0.086563,0,32000,2770,0.086563,131072,1948,0.014862,0,0,2
493,host-20,2,0,14,2,0,0,0.090688,0,32000,2902,0.090688,131072,3759,0.028679,0,0,2
493,host-21,1,0,14,1,0,0,0.052562,0,32000,1682,0.052562,131072,1753,0.013374,0,0,1
493,host-22,2,0,14,2,0,0,0.121000,0,32000,3872,0.121000,131072,3044,0.023224,0,0,2
493,host-23,3,0,14,3,0,0,0.105313,0,32000,3370,0.105313,131072,3062,0.023361,0,0,3
493,host-24,1,0,14,1,0,0,0.071406,0,32000,2285,0.071406,131072,2568,0.019592,0,0,1
493,host-3,2,0,14,2,0,0,0.140656,0,32000,4501,0.140656,131072,4598,0.035080,0,0,2
493,host-4,2,0,14,2,0,0,0.081844,0,32000,2619,0.081844,131072,2799,0.021355,0,0,2
493,host-5,2,0,14,2,0,0,0.078719,0,32000,2519,0.078719,131072,2055,0.015678,0,0,2
493,host-6,1,0,14,1,0,0,0.072156,0,32000,2309,0.072156,131072,2949,0.022499,0,0,1
493,host-7,3,0,14,3,0,0,0.116250,0,32000,3720,0.116250,131072,2818,0.021500,0,0,3
493,host-8,1,0,14,1,0,0,0.072156,0,32000,2309,0.072156,131072,2949,0.022499,0,0,1
493,host-9,1,0,14,1,0,0,0.071094,0,32000,2275,0.071094,131072,2314,0.017654,0,0,1
494,host-1,2,0,14,2,0,0,0.092813,0,32000,2970,0.092813,131072,2082,0.015884,0,0,2
494,host-10,1,0,14,1,0,0,0.066375,0,32000,2124,0.066375,131072,2384,0.018188,0,0,1
494,host-11,2,1,14,2,1,0,0.127281,0,32000,4073,0.127281,131072,4098,0.031265,1,0,1
494,host-12,3,0,14,3,0,0,0.121938,0,32000,3902,0.121938,131072,4895,0.037346,0,0,3
494,host-13,2,0,14,2,0,0,0.082219,0,32000,2631,0.082219,131072,3306,0.025223,0,0,2
494,host-14,3,0,14,3,0,0,0.096906,0,32000,3101,0.096906,131072,1809,0.013802,0,0,3
494,host-15,2,0,14,2,0,0,0.131031,0,32000,4193,0.131031,131072,4792,0.036560,0,0,2
494,host-16,1,0,14,1,0,0,0.074125,0,32000,2372,0.074125,131072,2377,0.018135,0,0,1
494,host-17,2,0,14,2,0,0,0.088625,0,32000,2836,0.088625,131072,2433,0.018562,0,0,2
494,host-18,2,0,14,2,0,0,0.110844,0,32000,3547,0.110844,131072,3668,0.027985,0,0,2
494,host-19,2,0,14,2,0,0,0.103813,0,32000,3322,0.103813,131072,3134,0.023911,0,0,2
494,host-2,2,0,14,2,0,0,0.086563,0,32000,2770,0.086563,131072,1948,0.014862,0,0,2
494,host-20,2,0,14,2,0,0,0.090688,0,32000,2902,0.090688,131072,3759,0.028679,0,0,2
494,host-21,1,0,14,1,0,0,0.052562,0,32000,1682,0.052562,131072,1753,0.013374,0,0,1
494,host-22,2,0,14,2,0,0,0.121000,0,32000,3872,0.121000,131072,3044,0.023224,0,0,2
494,host-23,3,0,14,3,0,0,0.105313,0,32000,3370,0.105313,131072,3062,0.023361,0,0,3
494,host-24,1,0,14,1,0,0,0.071406,0,32000,2285,0.071406,131072,2568,0.019592,0,0,1
494,host-3,2,0,14,2,0,0,0.140656,0,32000,4501,0.140656,131072,4598,0.035080,0,0,2
494,host-4,2,0,14,2,0,0,0.081844,0,32000,2619,0.081844,131072,2799,0.021355,0,0,2
494,host-5,2,0,14,2,0,0,0.078719,0,32000,2519,0.078719,131072,2055,0.015678,0,0,2
494,host-6,1,0,14,1,0,0,0.072156,0,32000,2309,0.072156,131072,2949,0.022499,0,0,1
494,host-7,3,0,14,3,0,0,0.116250,0,32000,3720,0.116250,131072,2818,0.021500,0,0,3
494,host-8,1,0,14,1,0,0,0.072156,0,32000,2309,0.072156,131072,2949,0.022499,0,0,1
494,host-9,1,0,14,1,0,0,0.071094,0,32000,2275,0.071094,131072,2314,0.017654,0,0,1
495,host-1,2,0,14,2,0,0,0.092813,0,32000,2970,0.092813,131072,2082,0.015884,0,0,2
495,host-10,0,0,14,0,0,0,0.000000,0,32000,0,0.000000,131072,0,0.000000,0,0,0
495,host-11,2,0,14,2,0,0,0.127281,0,32000,4073,0.127281,131072,4098,0.031265,0,0,2
495,host-12,3,0,14,3,0,0,0.121938,0,32000,3902,0.121938,131072,4895,0.037346,0,0,3
495,host-13,2,0,14,2,0,0,0.082219,0,32000,2631,0.082219,131072,3306,0.025223,0,0,2
495,host-14,3,0,14,3,0,0,0.096906,0,32000,3101,0.096906,131072,1809,0.013802,0,0,3
495,host-15,2,0,14,2,0,0,0.131031,0,32000,4193,0.131031,131072,4792,0.036560,0,0,2
495,host-16,1,0,14,1,0,0,0.074125,0,32000,2372,0.074125,131072,2377,0.018135,0,0,1
495,host-17,2,0,14,2,0,0,0.088625,0,32000,2836,0.088625,131072,2433,0.018562,0,0,2
495,host-18,2,0,14,2,0,0,0.110844,0,32000,3547,0.110844,131072,3668,0.027985,0,0,2
495,host-19,2,0,14,2,0,0,0.103813,0,32000,3322,0.103813,131072,3134,0.023911,0,0,2
495,host-2,2,0,14,2,0,0,0.086563,0,32000,2770,0.086563,131072,1948,0.014862,0,0,2
495,host-20,2,0,14,2,0,0,0.090688,0,32000,2902,0.090688,131072,3759,0.028679,0,0,2
495,host-21,1,0,14,1,0,0,0.052562,0,32000,1682,0.052562,131072,1753,0.013374,0,0,1
495,host-22,2,0,14,2,0,0,0.121000,0,32000,3872,0.121000,131072,3044,0.023224,0,0,2
495,host-23,3,0,14,3,0,0,0.105313,0,32000,3370,0.105313,131072,3062,0.023361,0,0,3
495,host-24,1,0,14,1,0,0,0.071406,0,32000,2285,0.071406,131072,2568,0.019592,0,0,1
495,host-3,2,0,14,2,0,0,0.140656,0,32000,4501,0.140656,131072,4598,0.035080,0,0,2
495,host-4,2,0,14,2,0,0,0.081844,0,32000,2619,0.081844,131072,2799,0.021355,0,0,2
495,host-5,2,0,14,2,0,0,0.078719,0,32000,2519,0.078719,131072,2055,0.015678,0,0,2
495,host-6,1,0,14,1,0,0,0.072156,0,32000,2309,0.072156,131072,2949,0.022499,0,0,1
495,host-7,3,1,14,3,1,0,0.116250,0,32000,3720,0.116250,131072,2818,0.021500,0,1,2
495,host-8,1,0,14,1,0,0,0.072156,0,32000,2309,0.072156,131072,2949,0.022499,0,0,1
495,host-9,1,0,14,1,0,0,0.071094,0,32000,2275,0.071094,131072,2314,0.017654,0,0,1
496,host-1,2,0,14,2,0,0,0.092813,0,32000,2970,0.092813,131072,2082,0.015884,0,0,2
496,host-10,1,1,14,1,1,0,0.066375,0,32000,2124,0.066375,131072,2384,0.018188,1,0,0
496,host-11,2,0,14,2,0,0,0.127281,0,32000,4073,0.127281,131072,4098,0.031265,0,0,2
496,host-12,3,0,14,3,0,0,0.121938,0,32000,3902,0.121938,131072,4895,0.037346,0,0,3
496,host-13,2,0,14,2,0,0,0.082219,0,32000,2631,0.082219,131072,3306,0.025223,0,0,2
496,host-14,2,0,14,2,0,0,0.070031,0,32000,2241,0.070031,131072,1278,0.009750,0,0,2
496,host-15,2,0,14,2,0,0,0.131031,0,32000,4193,0.131031,131072,4792,0.036560,0,0,2
496,host-16,1,0,14,1,0,0,0.074125,0,32000,2372,0.074125,131072,2377,0.018135,0,0,1
496,host-17,2,0,14,2,0,0,0.088625,0,32000,2836,0.088625,131072,2433,0.018562,0,0,2
496,host-18,2,0,14,2,0,0,0.110844,0,32000,3547,0.110844,131072,3668,0.027985,0,0,2
496,host-19,2,0,14,2,0,0,0.103813,0,32000,3322,0.103813,131072,3134,0.023911,0,0,2
496,host-2,2,0,14,2,0,0,0.086563,0,32000,2770,0.086563,131072,1948,0.014862,0,0,2
496,host-20,2,0,14,2,0,0,0.090688,0,32000,2902,0.090688,131072,3759,0.028679,0,0,2
496,host-21,2,1,14,2,1,0,0.093875,0,32000,3004,0.093875,131072,3136,0.023926,0,1,1
496,host-22,2,0,14,2,0,0,0.121000,0,32000,3872,0.121000,131072,3044,0.023224,0,0,2
496,host-23,3,0,14,3,0,0,0.105313,0,32000,3370,0.105313,131072,3062,0.023361,0,0,3
496,host-24,1,0,14,1,0,0,0.071406,0,32000,2285,0.071406,131072,2568,0.019592,0,0,1
496,host-3,2,0,14,2,0,0,0.140656,0,32000,4501,0.140656,131072,4598,0.035080,0,0,2
496,host-4,2,0,14,2,0,0,0.081844,0,32000,2619,0.081844,131072,2799,0.021355,0,0,2
496,host-5,2,0,14,2,0,0,0.078719,0,32000,2519,0.078719,131072,2055,0.015678,0,0,2
496,host-6,1,0,14,1,0,0,0.072156,0,32000,2309,0.072156,131072,2949,0.022499,0,0,1
496,host-7,3,0,14,3,0,0,0.116250,0,32000,3720,0.116250,131072,2818,0.021500,0,0,3
496,host-8,1,0,14,1,0,0,0.072156,0,32000,2309,0.072156,131072,2949,0.022499,0,0,1
496,host-9,1,0,14,1,0,0,0.071094,0,32000,2275,0.071094,131072,2314,0.017654,0,0,1
497,host-1,2,0,14,2,0,0,0.092813,0,32000,2970,0.092813,131072,2082,0.015884,0,0,2
497,host-10,2,1,14,2,1,0,0.121313,0,32000,3882,0.121313,131072,4202,0.032059,1,0,1
497,host-11,2,0,14,2,0,0,0.127281,0,32000,4073,0.127281,131072,4098,0.031265,0,0,2
497,host-12,3,0,14,3,0,0,0.121938,0,32000,3902,0.121938,131072,4895,0.037346,0,0,3
497,host-13,2,0,14,2,0,0,0.082219,0,32000,2631,0.082219,131072,3306,0.025223,0,0,2
497,host-14,3,1,14,3,1,0,0.114531,0,32000,3665,0.114531,131072,2426,0.018509,1,0,2
497,host-15,2,0,14,2,0,0,0.131031,0,32000,4193,0.131031,131072,4792,0.036560,0,0,2
497,host-16,1,0,14,1,0,0,0.074125,0,32000,2372,0.074125,131072,2377,0.018135,0,0,1
497,host-17,2,0,14,2,0,0,0.088625,0,32000,2836,0.088625,131072,2433,0.018562,0,0,2
497,host-18,2,0,14,2,0,0,0.110844,0,32000,3547,0.110844,131072,3668,0.027985,0,0,2
497,host-19,2,0,14,2,0,0,0.103813,0,32000,3322,0.103813,131072,3134,0.023911,0,0,2
497,host-2,2,0,14,2,0,0,0.086563,0,32000,2770,0.086563,131072,1948,0.014862,0,0,2
497,host-20,2,0,14,2,0,0,0.090688,0,32000,2902,0.090688,131072,3759,0.028679,0,0,2
497,host-21,2,0,14,2,0,0,0.093875,0,32000,3004,0.093875,131072,3136,0.023926,0,0,2
497,host-22,2,0,14,2,0,0,0.121000,0,32000,3872,0.121000,131072,3044,0.023224,0,0,2
497,host-23,3,0,14,3,0,0,0.105313,0,32000,3370,0.105313,131072,3062,0.023361,0,0,3
497,host-24,1,0,14,1,0,0,0.071406,0,32000,2285,0.071406,131072,2568,0.019592,0,0,1
497,host-3,2,0,14,2,0,0,0.140656,0,32000,4501,0.140656,131072,4598,0.035080,0,0,2
497,host-4,2,0,14,2,0,0,0.081844,0,32000,2619,0.081844,131072,2799,0.021355,0,0,2
497,host-5,2,0,14,2,0,0,0.078719,0,32000,2519,0.078719,131072,2055,0.015678,0,0,2
497,host-6,1,0,14,1,0,0,0.072156,0,32000,2309,0.072156,131072,2949,0.022499,0,0,1
497,host-7,3,0,14,3,0,0,0.116250,0,32000,3720,0.116250,131072,2818,0.021500,0,0,3
497,host-8,1,0,14,1,0,0,0.072156,0,32000,2309,0.072156,131072,2949,0.022499,0,0,1
497,host-9,1,0,14,1,0,0,0.071094,0,32000,2275,0.071094,131072,2314,0.017654,0,0,1
498,host-1,2,0,14,2,0,0,0.092813,0,32000,2970,0.092813,131072,2082,0.015884,0,0,2
498,host-10,2,1,14,2,1,0,0.121313,0,32000,3882,0.121313,131072,4202,0.032059,0,1,1
498,host-11,2,0,14,2,0,0,0.127281,0,32000,4073,0.127281,131072,4098,0.031265,0,0,2
498,host-12,3,0,14,3,0,0,0.121938,0,32000,3902,0.121938,131072,4895,0.037346,0,0,3
498,host-13,2,0,14,2,0,0,0.082219,0,32000,2631,0.082219,131072,3306,0.025223,0,0,2
498,host-14,3,0,14,3,0,0,0.114531,0,32000,3665,0.114531,131072,2426,0.018509,0,0,3
498,host-15,2,0,14,2,0,0,0.131031,0,32000,4193,0.131031,131072,4792,0.036560,0,0,2
498,host-16,1,0,14,1,0,0,0.074125,0,32000,2372,0.074125,131072,2377,0.018135,0,0,1
498,host-17,2,1,14,2,1,0,0.083531,0,32000,2673,0.083531,131072,2348,0.017914,1,0,1
498,host-18,2,0,14,2,0,0,0.110844,0,32000,3547,0.110844,131072,3668,0.027985,0,0,2
498,host-19,2,0,14,2,0,0,0.103813,0,32000,3322,0.103813,131072,3134,0.023911,0,0,2
498,host-2,2,0,14,2,0,0,0.086563,0,32000,2770,0.086563,131072,1948,0.014862,0,0,2
498,host-20,1,0,14,1,0,0,0.064062,0,32000,2050,0.064062,131072,2686,0.020493,0,0,1
498,host-21,2,0,14,2,0,0,0.093875,0,32000,3004,0.093875,131072,3136,0.023926,0,0,2
498,host-22,2,0,14,2,0,0,0.121000,0,32000,3872,0.121000,131072,3044,0.023224,0,0,2
498,host-23,3,0,14,3,0,0,0.105313,0,32000,3370,0.105313,131072,3062,0.023361,0,0,3
498,host-24,1,0,14,1,0,0,0.071406,0,32000,2285,0.071406,131072,2568,0.019592,0,0,1
498,host-3,2,0,14,2,0,0,0.140656,0,32000,4501,0.140656,131072,4598,0.035080,0,0,2
498,host-4,2,0,14,2,0,0,0.081844,0,32000,2619,0.081844,131072,2799,0.021355,0,0,2
498,host-5,2,0,14,2,0,0,0.078719,0,32000,2519,0.078719,131072,2055,0.015678,0,0,2
498,host-6,1,0,14,1,0,0,0.072156,0,32000,2309,0.072156,131072,2949,0.022499,0,0,1
498,host-7,3,0,14,3,0,0,0.116250,0,32000,3720,0.116250,131072,2818,0.021500,0,0,3
498,host-8,1,0,14,1,0,0,0.072156,0,32000,2309,0.072156,131072,2949,0.022499,0,0,1
498,host-9,2,1,14,2,1,0,0.119469,0,32000,3823,0.119469,131072,3357,0.025612,1,0,1
499,host-1,2,0,14,2,0,0,0.092813,0,32000,2970,0.092813,131072,2082,0.015884,0,0,2
499,host-10,2,0,14,2,0,0,0.121313,0,32000,3882,0.121313,131072,4202,0.032059,0,0,2
499,host-11,2,0,14,2,0,0,0.127281,0,32000,4073,0.127281,131072,4098,0.031265,0,0,2
499,host-12,3,0,14,3,0,0,0.121938,0,32000,3902,0.121938,131072,4895,0.037346,0,0,3
499,host-13,2,0,14,2,0,0,0.082219,0,32000,2631,0.082219,131072,3306,0.025223,0,0,2
499,host-14,2,0,14,2,0,0,0.076344,0,32000,2443,0.076344,131072,1711,0.013054,0,0,2
499,host-15,2,0,14,2,0,0,0.131031,0,32000,4193,0.131031,131072,4792,0.036560,0,0,2
499,host-16,1,0,14,1,0,0,0.074125,0,32000,2372,0.074125,131072,2377,0.018135,0,0,1
499,host-17,2,0,14,2,0,0,0.083531,0,32000,2673,0.083531,131072,2348,0.017914,0,0,2
499,host-18,2,0,14,2,0,0,0.110844,0,32000,3547,0.110844,131072,3668,0.027985,0,0,2
499,host-19,2,0,14,2,0,0,0.103813,0,32000,3322,0.103813,131072,3134,0.023911,0,0,2
499,host-2,2,0,14,2,0,0,0.086563,0,32000,2770,0.086563,131072,1948,0.014862,0,0,2
499,host-20,2,1,14,2,1,0,0.126219,0,32000,4039,0.126219,131072,4153,0.031685,1,0,1
499,host-21,2,0,14,2,0,0,0.093875,0,32000,3004,0.093875,131072,3136,0.023926,0,0,2
499,host-22,2,0,14,2,0,0,0.121000,0,32000,3872,0.121000,131072,3044,0.023224,0,0,2
499,host-23,2,0,14,2,0,0,0.077531,0,32000,2481,0.077531,131072,2540,0.019379,0,0,2
499,host-24,1,0,14,1,0,0,0.071406,0,32000,2285,0.071406,131072,2568,0.019592,0,0,1
499,host-3,1,0,14,1,0,0,0.066531,0,32000,2129,0.066531,131072,2221,0.016945,0,0,1
499,host-4,2,0,14,2,0,0,0.081844,0,32000,2619,0.081844,131072,2799,0.021355,0,0,2
499,host-5,1,0,14,1,0,0,0.050937,0,32000,1630,0.050937,131072,1533,0.011696,0,0,1
499,host-6,1,0,14,1,0,0,0.072156,0,32000,2309,0.072156,131072,2949,0.022499,0,0,1
499,host-7,3,0,14,3,0,0,0.116250,0,32000,3720,0.116250,131072,2818,0.021500,0,0,3
499,host-8,1,0,14,1,0,0,0.072156,0,32000,2309,0.072156,131072,2949,0.022499,0,0,1
499,host-9,2,1,14,2,1,0,0.119469,0,32000,3823,0.119469,131072,3357,0.025612,1,0,1
500,host-1,2,0,14,2,0,0,0.092813,0,32000,2970,0.092813,131072,2082,0.015884,0,0,2
500,host-10,2,0,14,2,0,0,0.121313,0,32000,3882,0.121313,131072,4202,0.032059,0,0,2
500,host-11,2,0,14,2,0,0,0.127281,0,32000,4073,0.127281,131072,4098,0.031265,0,0,2
500,host-12,3,0,14,3,0,0,0.121938,0,32000,3902,0.121938,131072,4895,0.037346,0,0,3
500,host-13,2,0,14,2,0,0,0.082219,0,32000,2631,0.082219,131072,3306,0.025223,0,0,2
500,host-14,2,0,14,2,0,0,0.076344,0,32000,2443,0.076344,131072,1711,0.013054,0,0,2
500,host-15,2,0,14,2,0,0,0.131031,0,32000,4193,0.131031,131072,4792,0.036560,0,0,2
500,host-16,0,0,14,0,0,0,0.000000,0,32000,0,0.000000,131072,0,0.000000,0,0,0
500,host-17,2,0,14,2,0,0,0.083531,0,32000,2673,0.083531,131072,2348,0.017914,0,0,2
500,host-18,2,0,14,2,0,0,0.110844,0,32000,3547,0.110844,131072,3668,0.027985,0,0,2
500,host-19,2,0,14,2,0,0,0.103813,0,32000,3322,0.103813,131072,3134,0.023911,0,0,2
500,host-2,2,0,14,2,0,0,0.086563,0,32000,2770,0.086563,131072,1948,0.014862,0,0,2
500,host-20,2,1,14,2,1,0,0.126219,0,32000,4039,0.126219,131072,4153,0.031685,1,0,1
500,host-21,2,0,14,2,0,0,0.093875,0,32000,3004,0.093875,131072,3136,0.023926,0,0,2
500,host-22,2,0,14,2,0,0,0.121000,0,32000,3872,0.121000,131072,3044,0.023224,0,0,2
500,host-23,2,0,14,2,0,0,0.077531,0,32000,2481,0.077531,131072,2540,0.019379,0,0,2
500,host-24,1,0,14,1,0,0,0.071406,0,32000,2285,0.071406,131072,2568,0.019592,0,0,1
500,host-3,1,0,14,1,0,0,0.066531,0,32000,2129,0.066531,131072,2221,0.016945,0,0,1
500,host-4,2,0,14,2,0,0,0.081844,0,32000,2619,0.081844,131072,2799,0.021355,0,0,2
500,host-5,1,0,14,1,0,0,0.050937,0,32000,1630,0.050937,131072,1533,0.011696,0,0,1
500,host-6,1,0,14,1,0,0,0.072156,0,32000,2309,0.072156,131072,2949,0.022499,0,0,1
500,host-7,3,0,14,3,0,0,0.116250,0,32000,3720,0.116250,131072,2818,0.021500,0,0,3
500,host-8,1,0,14,1,0,0,0.072156,0,32000,2309,0.072156,131072,2949,0.022499,0,0,1
500,host-9,2,0,14,2,0,0,0.119469,0,32000,3823,0.119469,131072,3357,0.025612,0,0,2
501,host-1,2,0,14,2,0,0,0.092813,0,32000,2970,0.092813,131072,2082,0.015884,0,0,2
501,host-10,2,0,14,2,0,0,0.121313,0,32000,3882,0.121313,131072,4202,0.032059,0,0,2
501,host-11,2,0,14,2,0,0,0.127281,0,32000,4073,0.127281,131072,4098,0.031265,0,0,2
501,host-12,3,0,14,3,0,0,0.121938,0,32000,3902,0.121938,131072,4895,0.037346,0,0,3
501,host-13,2,0,14,2,0,0,0.082219,0,32000,2631,0.082219,131072,3306,0.025223,0,0,2
501,host-14,2,0,14,2,0,0,0.076344,0,32000,2443,0.076344,131072,1711,0.013054,0,0,2
501,host-15,2,0,14,2,0,0,0.131031,0,32000,4193,0.131031,131072,4792,0.036560,0,0,2
501,host-16,2,2,14,2,2,0,0.088125,0,32000,2820,0.088125,131072,3652,0.027863,2,0,0
501,host-17,2,0,14,2,0,0,0.083531,0,32000,2673,0.083531,131072,2348,0.017914,0,0,2
501,host-18,2,0,14,2,0,0,0.110844,0,32000,3547,0.110844,131072,3668,0.027985,0,0,2
501,host-19,2,0,14,2,0,0,0.103813,0,32000,3322,0.103813,131072,3134,0.023911,0,0,2
501,host-2,2,0,14,2,0,0,0.086563,0,32000,2770,0.086563,131072,1948,0.014862,0,0,2
501,host-20,2,0,14,2,0,0,0.126219,0,32000,4039,0.126219,131072,4153,0.031685,0,0,2
501,host-21,2,0,14,2,0,0,0.093875,0,32000,3004,0.093875,131072,3136,0.023926,0,0,2
501,host-22,2,0,14,2,0,0,0.121000,0,32000,3872,0.121000,131072,3044,0.023224,0,0,2
501,host-23,2,0,14,2,0,0,0.077531,0,32000,2481,0.077531,131072,2540,0.019379,0,0,2
501,host-24,1,0,14,1,0,0,0.071406,0,32000,2285,0.071406,131072,2568,0.019592,0,0,1
501,host-3,2,1,14,2,1,0,0.132375,0,32000,4236,0.132375,131072,4084,0.031158,1,0,1
501,host-4,2,0,14,2,0,0,0.081844,0,32000,2619,0.081844,131072,2799,0.021355,0,0,2
501,host-5,2,1,14,2,1,0,0.085031,0,32000,2721,0.085031,131072,2993,0.022835,1,0,1
501,host-6,1,0,14,1,0,0,0.072156,0,32000,2309,0.072156,131072,2949,0.022499,0,0,1
501,host-7,3,0,14,3,0,0,0.116250,0,32000,3720,0.116250,131072,2818,0.021500,0,0,3
501,host-8,1,0,14,1,0,0,0.072156,0,32000,2309,0.072156,131072,2949,0.022499,0,0,1
501,host-9,2,0,14,2,0,0,0.119469,0,32000,3823,0.119469,131072,3357,0.025612,0,0,2
502,host-1,2,0,14,2,0,0,0.092813,0,32000,2970,0.092813,131072,2082,0.015884,0,0,2
502,host-10,2,0,14,2,0,0,0.121313,0,32000,3882,0.121313,131072,4202,0.032059,0,0,2
502,host-11,2,0,14,2,0,0,0.127281,0,32000,4073,0.127281,131072,4098,0.031265,0,0,2
502,host-12,3,0,14,3,0,0,0.121938,0,32000,3902,0.121938,131072,4895,0.037346,0,0,3
502,host-13,2,0,14,2,0,0,0.082219,0,32000,2631,0.082219,131072,3306,0.025223,0,0,2
502,host-14,2,0,14,2,0,0,0.076344,0,32000,2443,0.076344,131072,1711,0.013054,0,0,2
502,host-15,2,0,14,2,0,0,0.131031,0,32000,4193,0.131031,131072,4792,0.036560,0,0,2
502,host-16,2,2,14,2,2,0,0.088125,0,32000,2820,0.088125,131072,3652,0.027863,2,0,0
502,host-17,2,0,14,2,0,0,0.083531,0,32000,2673,0.083531,131072,2348,0.017914,0,0,2
502,host-18,2,0,14,2,0,0,0.110844,0,32000,3547,0.110844,131072,3668,0.027985,0,0,2
502,host-19,2,0,14,2,0,0,0.103813,0,32000,3322,0.103813,131072,3134,0.023911,0,0,2
502,host-2,2,0,14,2,0,0,0.086563,0,32000,2770,0.086563,131072,1948,0.014862,0,0,2
502,host-20,2,0,14,2,0,0,0.126219,0,32000,4039,0.126219,131072,4153,0.031685,0,0,2
502,host-21,2,0,14,2,0,0,0.093875,0,32000,3004,0.093875,131072,3136,0.023926,0,0,2
502,host-22,2,0,14,2,0,0,0.121000,0,32000,3872,0.121000,131072,3044,0.023224,0,0,2
502,host-23,2,0,14,2,0,0,0.077531,0,32000,2481,0.077531,131072,2540,0.019379,0,0,2
502,host-24,1,0,14,1,0,0,0.071406,0,32000,2285,0.071406,131072,2568,0.019592,0,0,1
502,host-3,2,1,14,2,1,0,0.132375,0,32000,4236,0.132375,131072,4084,0.031158,1,0,1
502,host-4,2,0,14,2,0,0,0.081844,0,32000,2619,0.081844,131072,2799,0.021355,0,0,2
502,host-5,2,1,14,2,1,0,0.085031,0,32000,2721,0.085031,131072,2993,0.022835,1,0,1
502,host-6,1,0,14,1,0,0,0.072156,0,32000,2309,0.072156,131072,2949,0.022499,0,0,1
502,host-7,3,0,14,3,0,0,0.116250,0,32000,3720,0.116250,131072,2818,0.021500,0,0,3
502,host-8,1,0,14,1,0,0,0.072156,0,32000,2309,0.072156,131072,2949,0.022499,0,0,1
502,host-9,2,0,14,2,0,0,0.119469,0,32000,3823,0.119469,131072,3357,0.025612,0,0,2
503,host-1,2,0,14,2,0,0,0.092813,0,32000,2970,0.092813,131072,2082,0.015884,0,0,2
503,host-10,2,0,14,2,0,0,0.121313,0,32000,3882,0.121313,131072,4202,0.032059,0,0,2
503,host-11,2,0,14,2,0,0,0.127281,0,32000,4073,0.127281,131072,4098,0.031265,0,0,2
503,host-12,3,0,14,3,0,0,0.121938,0,32000,3902,0.121938,131072,4895,0.037346,0,0,3
503,host-13,2,0,14,2,0,0,0.082219,0,32000,2631,0.082219,131072,3306,0.025223,0,0,2
503,host-14,2,0,14,2,0,0,0.076344,0,32000,2443,0.076344,131072,1711,0.013054,0,0,2
503,host-15,1,0,14,1,0,0,0.071406,0,32000,2285,0.071406,131072,2568,0.019592,0,0,1
503,host-16,2,1,14,2,1,0,0.088125,0,32000,2820,0.088125,131072,3652,0.027863,0,1,1
503,host-17,2,0,14,2,0,0,0.083531,0,32000,2673,0.083531,131072,2348,0.017914,0,0,2
503,host-18,2,0,14,2,0,0,0.110844,0,32000,3547,0.110844,131072,3668,0.027985,0,0,2
503,host-19,2,0,14,2,0,0,0.103813,0,32000,3322,0.103813,131072,3134,0.023911,0,0,2
503,host-2,1,0,14,1,0,0,0.044062,0,32000,1410,0.044062,131072,1051,0.008018,0,0,1
503,host-20,2,0,14,2,0,0,0.126219,0,32000,4039,0.126219,131072,4153,0.031685,0,0,2
503,host-21,2,0,14,2,0,0,0.093875,0,32000,3004,0.093875,131072,3136,0.023926,0,0,2
503,host-22,0,0,14,0,0,0,0.000000,0,32000,0,0.000000,131072,0,0.000000,0,0,0
503,host-23,2,0,14,2,0,0,0.077531,0,32000,2481,0.077531,131072,2540,0.019379,0,0,2
503,host-24,1,0,14,1,0,0,0.071406,0,32000,2285,0.071406,131072,2568,0.019592,0,0,1
503,host-3,2,0,14,2,0,0,0.132375,0,32000,4236,0.132375,131072,4084,0.031158,0,0,2
503,host-4,2,0,14,2,0,0,0.081844,0,32000,2619,0.081844,131072,2799,0.021355,0,0,2
503,host-5,2,0,14,2,0,0,0.085031,0,32000,2721,0.085031,131072,2993,0.022835,0,0,2
503,host-6,1,0,14,1,0,0,0.072156,0,32000,2309,0.072156,131072,2949,0.022499,0,0,1
503,host-7,2,0,14,2,0,0,0.084312,0,32000,2698,0.084312,131072,2237,0.017067,0,0,2
503,host-8,1,0,14,1,0,0,0.072156,0,32000,2309,0.072156,131072,2949,0.022499,0,0,1
503,host-9,2,0,14,2,0,0,0.119469,0,32000,3823,0.119469,131072,3357,0.025612,0,0,2
504,host-1,2,0,14,2,0,0,0.092813,0,32000,2970,0.092813,131072,2082,0.015884,0,0,2
504,host-10,2,0,14,2,0,0,0.121313,0,32000,3882,0.121313,131072,4202,0.032059,0,0,2
504,host-11,1,0,14,1,0,0,0.076469,0,32000,2447,0.076469,131072,2515,0.019188,0,0,1
504,host-12,2,1,14,2,1,0,0.093688,0,32000,2998,0.093688,131072,3530,0.026932,0,1,1
504,host-13,2,0,14,2,0,0,0.082219,0,32000,2631,0.082219,131072,3306,0.025223,0,0,2
504,host-14,2,0,14,2,0,0,0.076344,0,32000,2443,0.076344,131072,1711,0.013054,0,0,2
504,host-15,1,0,14,1,0,0,0.071406,0,32000,2285,0.071406,131072,2568,0.019592,0,0,1
504,host-16,2,0,14,2,0,0,0.088125,0,32000,2820,0.088125,131072,3652,0.027863,0,0,2
504,host-17,1,0,14,1,0,0,0.045187,0,32000,1446,0.045187,131072,1444,0.011017,0,0,1
504,host-18,2,0,14,2,0,0,0.110844,0,32000,3547,0.110844,131072,3668,0.027985,0,0,2
504,host-19,2,0,14,2,0,0,0.103813,0,32000,3322,0.103813,131072,3134,0.023911,0,0,2
504,host-2,1,0,14,1,0,0,0.044062,0,32000,1410,0.044062,131072,1051,0.008018,0,0,1
504,host-20,2,0,14,2,0,0,0.126219,0,32000,4039,0.126219,131072,4153,0.031685,0,0,2
504,host-21,1,0,14,1,0,0,0.041313,0,32000,1322,0.041313,131072,1383,0.010551,0,0,1
504,host-22,0,0,14,0,0,0,0.000000,0,32000,0,0.000000,131072,0,0.000000,0,0,0
504,host-23,2,0,14,2,0,0,0.077531,0,32000,2481,0.077531,131072,2540,0.019379,0,0,2
504,host-24,1,0,14,1,0,0,0.071406,0,32000,2285,0.071406,131072,2568,0.019592,0,0,1
504,host-3,1,0,14,1,0,0,0.065844,0,32000,2107,0.065844,131072,1863,0.014214,0,0,1
504,host-4,2,0,14,2,0,0,0.081844,0,32000,2619,0.081844,131072,2799,0.021355,0,0,2
504,host-5,2,0,14,2,0,0,0.085031,0,32000,2721,0.085031,131072,2993,0.022835,0,0,2
504,host-6,0,0,14,0,0,0,0.000000,0,32000,0,0.000000,131072,0,0.000000,0,0,0
504,host-7,2,0,14,2,0,0,0.084312,0,32000,2698,0.084312,131072,2237,0.017067,0,0,2
504,host-8,1,0,14,1,0,0,0.072156,0,32000,2309,0.072156,131072,2949,0.022499,0,0,1
504,host-9,2,0,14,2,0,0,0.119469,0,32000,3823,0.119469,131072,3357,0.025612,0,0,2
