timestamp_ms,request_id,um,function_node,decision_type,physical_node,container_id,cold_start_ms,transfer_ms,execution_ms,container_state_before,container_state_after,cpu_request_mcpu,memory_mb,transfer_data_mb,bandwidth_mbps,allocated_cpu_mcpu,reason
1251,req-1,dag_0013,dag_0013_fn_008,cold_start,host-9,ctr-1,1571,0,299,,RUNNING,1408,1882,0.000000,,1760.000000,no_warm_container
1927,req-2,dag_0010,dag_0010_fn_004,cold_start,host-19,ctr-2,1270,0,166,,RUNNING,1387,874,0.000000,,1733.750000,no_warm_container
3121,req-1,dag_0013,dag_0013_fn_001,cold_start,host-20,ctr-12,1413,18,303,,RUNNING,1577,1927,8.345903,3713.082985,1971.250000,no_warm_container
3363,req-2,dag_0010,dag_0010_fn_005,cold_start,host-4,ctr-13,1285,6,262,,RUNNING,1553,1727,11.385418,17478.288243,1941.250000,no_warm_container
4855,req-1,dag_0013,dag_0013_fn_010,warm_reuse,host-17,ctr-11,0,3,273,IDLE,RUNNING,1853,1407,7.762459,23598.277270,2316.250000,warm_container_available
4916,req-2,dag_0010,dag_0010_fn_006,cold_start,host-24,ctr-14,878,205,371,,RUNNING,1969,2257,32.040049,1252.870764,2461.250000,no_warm_container
6370,req-2,dag_0010,dag_0010_fn_007,cold_start,host-15,ctr-16,869,13,365,,RUNNING,1551,2231,33.484786,21744.504774,1938.750000,no_warm_container
6752,req-3,dag_0011,dag_0011_fn_006,cold_start,host-5,ctr-17,571,0,273,,RUNNING,1806,2124,0.000000,,2257.500000,no_warm_container
7378,req-4,dag_0012,dag_0012_fn_010,cold_start,host-13,ctr-18,818,0,209,,RUNNING,872,872,0.000000,,1090.000000,no_warm_container
7596,req-3,dag_0011,dag_0011_fn_011,cold_start,host-11,ctr-19,1298,13,285,,RUNNING,973,1558,14.722002,9642.896742,1216.250000,no_warm_container
8405,req-4,dag_0012,dag_0012_fn_012,cold_start,host-14,ctr-20,851,8,388,,RUNNING,2309,2949,10.740312,11175.077486,2886.250000,no_warm_container
9192,req-3,dag_0011,dag_0011_fn_012,cold_start,host-12,ctr-25,611,13,168,,RUNNING,831,1049,23.067503,14729.723397,1038.750000,no_warm_container
9984,req-3,dag_0011,dag_0011_fn_013,warm_reuse,host-7,ctr-22,0,10,228,IDLE,RUNNING,1019,563,27.069235,23818.231433,1273.750000,warm_container_available
9652,req-4,dag_0012,dag_0012_fn_013,cold_start,host-10,ctr-26,1300,33,134,,RUNNING,946,1015,27.879769,6848.307128,1182.500000,no_warm_container
10222,req-3,dag_0011,dag_0011_fn_014,cold_start,host-13,ctr-27,1483,23,256,,RUNNING,1646,1241,26.999585,9451.217697,2057.500000,no_warm_container
11666,req-5,dag_0015,dag_0015_fn_007,cold_start,host-18,ctr-28,1368,0,211,,RUNNING,1401,746,0.000000,,1751.250000,no_warm_container
13026,req-6,dag_0011,dag_0011_fn_004,cold_start,host-7,ctr-30,935,0,331,,RUNNING,2275,2314,0.000000,,2843.750000,no_warm_container
13245,req-5,dag_0015,dag_0015_fn_004,cold_start,host-3,ctr-31,821,52,366,,RUNNING,2471,2298,33.840261,5239.880644,3088.750000,no_warm_container
14292,req-6,dag_0011,dag_0011_fn_011,warm_reuse,host-11,ctr-19,0,24,285,IDLE,RUNNING,973,1558,31.073613,10649.372827,1216.250000,warm_container_available
14601,req-6,dag_0011,dag_0011_fn_012,warm_reuse,host-12,ctr-25,0,13,168,IDLE,RUNNING,831,1049,23.067503,14729.723397,1038.750000,warm_container_available
14782,req-6,dag_0011,dag_0011_fn_013,warm_reuse,host-7,ctr-22,0,10,228,IDLE,RUNNING,1019,563,27.069235,23818.231433,1273.750000,warm_container_available
14511,req-7,dag_0009,dag_0009_fn_012,cold_start,host-9,ctr-33,567,0,176,,RUNNING,1223,1424,0.000000,,1528.750000,no_warm_container
15020,req-6,dag_0011,dag_0011_fn_014,warm_reuse,host-23,ctr-23,0,60,256,IDLE,RUNNING,1646,1241,26.999585,3657.576205,2057.500000,warm_container_available
14484,req-5,dag_0015,dag_0015_fn_005,cold_start,host-19,ctr-32,681,10,240,,RUNNING,1682,1753,28.268505,23233.856599,2102.500000,no_warm_container
15254,req-7,dag_0009,dag_0009_fn_010,cold_start,host-20,ctr-58,506,68,185,,RUNNING,1471,704,31.378274,3713.082985,1838.750000,no_warm_container
14904,req-8,dag_0005,dag_0005_fn_007,cold_start,host-15,ctr-34,1275,0,367,,RUNNING,2124,2384,0.000000,,2655.000000,no_warm_container
15415,req-5,dag_0015,dag_0015_fn_006,cold_start,host-11,ctr-59,1011,11,361,,RUNNING,1626,1583,33.415142,24455.803384,2032.500000,no_warm_container
16798,req-5,dag_0015,dag_0015_fn_008,warm_reuse,host-11,ctr-29,0,0,179,IDLE,RUNNING,1227,904,25.449310,,1533.750000,warm_container_available
16546,req-8,dag_0005,dag_0005_fn_016,cold_start,host-19,ctr-61,618,5,226,,RUNNING,860,531,9.046479,15814.031445,1075.000000,no_warm_container
16013,req-7,dag_0009,dag_0009_fn_014,cold_start,host-6,ctr-60,1371,4,239,,RUNNING,1630,1533,7.554987,18474.138054,2037.500000,no_warm_container
17395,req-8,dag_0005,dag_0005_fn_003,warm_reuse,host-12,ctr-37,0,12,199,IDLE,RUNNING,1609,1529,16.253019,11287.931143,2011.250000,warm_container_available
17606,req-8,dag_0005,dag_0005_fn_012,warm_reuse,host-17,ctr-43,0,10,316,IDLE,RUNNING,2372,2377,20.466084,17895.061457,2965.000000,warm_container_available
17932,req-8,dag_0005,dag_0005_fn_013,warm_reuse,host-8,ctr-44,0,18,391,IDLE,RUNNING,2050,2686,32.436835,14505.328543,2562.500000,warm_container_available
17775,req-9,dag_0003,dag_0003_fn_026,cold_start,host-12,ctr-62,1143,0,393,,RUNNING,1907,2324,0.000000,,2383.750000,no_warm_container
19311,req-9,dag_0003,dag_0003_fn_027,warm_reuse,host-23,ctr-63,0,11,107,IDLE,RUNNING,1168,350,29.814858,21738.362247,1460.000000,warm_container_available
18810,req-10,dag_0002,dag_0002_fn_012,cold_start,host-4,ctr-67,1372,0,300,,RUNNING,1989,1467,0.000000,,2486.250000,no_warm_container
19429,req-9,dag_0003,dag_0003_fn_028,cold_start,host-13,ctr-68,1440,9,264,,RUNNING,1867,1188,21.153485,20453.185703,2333.750000,no_warm_container
21142,req-9,dag_0003,dag_0003_fn_029,warm_reuse,host-7,ctr-65,0,14,251,IDLE,RUNNING,1746,1249,16.513362,9545.539213,2182.500000,warm_container_available
21407,req-9,dag_0003,dag_0003_fn_030,warm_reuse,host-14,ctr-66,0,10,213,IDLE,RUNNING,1436,813,26.111300,22475.550793,1795.000000,warm_container_available
21927,req-12,dag_0010,dag_0010_fn_004,warm_reuse,host-19,ctr-2,0,0,166,IDLE,RUNNING,1387,874,0.000000,,1733.750000,warm_container_available
20482,req-10,dag_0002,dag_0002_fn_008,cold_start,host-3,ctr-69,1561,4,293,,RUNNING,1692,2022,7.980514,16574.091290,2115.000000,no_warm_container
22093,req-12,dag_0010,dag_0010_fn_005,warm_reuse,host-4,ctr-13,0,6,262,IDLE,RUNNING,1553,1727,11.385418,17478.288243,1941.250000,warm_container_available
22340,req-10,dag_0002,dag_0002_fn_014,warm_reuse,host-19,ctr-72,0,8,289,IDLE,RUNNING,2107,1863,22.696604,23233.856599,2633.750000,warm_container_available
21717,req-11,dag_0008,dag_0008_fn_013,cold_start,host-21,ctr-75,766,0,120,,RUNNING,1288,1283,0.000000,,1610.000000,no_warm_container
22361,req-12,dag_0010,dag_0010_fn_006,warm_reuse,host-24,ctr-14,0,205,371,IDLE,RUNNING,1969,2257,32.040049,1252.870764,2461.250000,warm_container_available
22637,req-10,dag_0002,dag_0002_fn_009,warm_reuse,host-15,ctr-70,0,18,262,IDLE,RUNNING,1091,1460,27.518717,12243.427657,1363.750000,warm_container_available
22917,req-10,dag_0002,dag_0002_fn_010,warm_reuse,host-5,ctr-71,0,9,305,IDLE,RUNNING,1128,1630,19.973001,18745.948150,1410.000000,warm_container_available
22937,req-12,dag_0010,dag_0010_fn_007,warm_reuse,host-15,ctr-16,0,13,365,IDLE,RUNNING,1551,2231,33.484786,21744.504774,1938.750000,warm_container_available
22603,req-11,dag_0008,dag_0008_fn_003,cold_start,host-2,ctr-76,638,13,392,,RUNNING,2054,2593,31.707319,20821.533934,2567.500000,no_warm_container
23231,req-10,dag_0002,dag_0002_fn_029,warm_reuse,host-8,ctr-73,0,48,348,IDLE,RUNNING,1694,2261,18.545680,3147.523889,2117.500000,warm_container_available
23627,req-10,dag_0002,dag_0002_fn_030,warm_reuse,host-9,ctr-74,0,51,424,IDLE,RUNNING,2022,2269,22.307476,3500.719714,2527.500000,warm_container_available
23646,req-11,dag_0008,dag_0008_fn_004,cold_start,host-17,ctr-77,1127,3,131,,RUNNING,1002,680,5.174287,16037.694620,1252.500000,no_warm_container
24907,req-11,dag_0008,dag_0008_fn_016,cold_start,host-3,ctr-80,1129,8,338,,RUNNING,2312,1977,8.132014,8515.606688,2890.000000,no_warm_container
26382,req-11,dag_0008,dag_0008_fn_017,warm_reuse,host-8,ctr-79,0,131,200,IDLE,RUNNING,1490,686,33.572218,2061.510902,1862.500000,warm_container_available
28242,req-13,dag_0014,dag_0014_fn_005,cold_start,host-22,ctr-81,833,0,165,,RUNNING,1181,713,0.000000,,1476.250000,no_warm_container
29240,req-13,dag_0014,dag_0014_fn_006,cold_start,host-16,ctr-82,513,153,170,,RUNNING,1009,1327,20.726888,1090.766981,1261.250000,no_warm_container
30076,req-13,dag_0014,dag_0014_fn_008,cold_start,host-1,ctr-85,777,158,352,,RUNNING,1423,1918,26.793608,1358.397560,1778.750000,no_warm_container
30662,req-14,dag_0011,dag_0011_fn_006,cold_start,host-5,ctr-86,571,0,273,,RUNNING,1806,2124,0.000000,,2257.500000,no_warm_container
31506,req-14,dag_0011,dag_0011_fn_011,warm_reuse,host-11,ctr-19,0,13,285,IDLE,RUNNING,973,1558,14.722002,9642.896742,1216.250000,warm_container_available
31804,req-14,dag_0011,dag_0011_fn_012,warm_reuse,host-12,ctr-25,0,13,168,IDLE,RUNNING,831,1049,23.067503,14729.723397,1038.750000,warm_container_available
31985,req-14,dag_0011,dag_0011_fn_013,warm_reuse,host-7,ctr-22,0,10,228,IDLE,RUNNING,1019,563,27.069235,23818.231433,1273.750000,warm_container_available
32223,req-14,dag_0011,dag_0011_fn_014,warm_reuse,host-23,ctr-23,0,60,256,IDLE,RUNNING,1646,1241,26.999585,3657.576205,2057.500000,warm_container_available
31363,req-13,dag_0014,dag_0014_fn_009,cold_start,host-17,ctr-87,1578,5,335,,RUNNING,1851,2312,9.152835,14728.855037,2313.750000,no_warm_container
32216,req-15,dag_0012,dag_0012_fn_009,cold_start,host-13,ctr-88,1591,0,170,,RUNNING,1427,1225,0.000000,,1783.750000,no_warm_container
33977,req-15,dag_0012,dag_0012_fn_012,warm_reuse,host-10,ctr-89,0,7,388,IDLE,RUNNING,2309,2949,13.341765,15616.137894,2886.250000,warm_container_available
34372,req-15,dag_0012,dag_0012_fn_013,warm_reuse,host-18,ctr-90,0,10,134,IDLE,RUNNING,946,1015,27.879769,23794.521531,1182.500000,warm_container_available
33177,req-16,dag_0013,dag_0013_fn_008,cold_start,host-22,ctr-91,1571,0,299,,RUNNING,1408,1882,0.000000,,1760.000000,no_warm_container
35234,req-17,dag_0009,dag_0009_fn_012,warm_reuse,host-9,ctr-33,0,0,176,IDLE,RUNNING,1223,1424,0.000000,,1528.750000,warm_container_available
35410,req-17,dag_0009,dag_0009_fn_004,warm_reuse,host-22,ctr-52,0,68,424,IDLE,RUNNING,2285,2568,31.378274,3704.182897,2856.250000,warm_container_available
35769,req-18,dag_0005,dag_0005_fn_007,warm_reuse,host-15,ctr-34,0,0,367,IDLE,RUNNING,2124,2384,0.000000,,2655.000000,warm_container_available
35047,req-16,dag_0013,dag_0013_fn_009,cold_start,host-7,ctr-92,773,4,179,,RUNNING,976,1261,8.345903,19529.885747,1220.000000,no_warm_container
35902,req-17,dag_0009,dag_0009_fn_014,warm_reuse,host-16,ctr-56,0,85,239,IDLE,RUNNING,1630,1533,11.504602,1090.766981,2037.500000,warm_container_available
36003,req-16,dag_0013,dag_0013_fn_010,cold_start,host-24,ctr-94,778,11,273,,RUNNING,1853,1407,27.427542,21773.650509,2316.250000,no_warm_container
36136,req-18,dag_0005,dag_0005_fn_005,cold_start,host-21,ctr-96,841,5,169,,RUNNING,1424,1148,9.046479,14541.871000,1780.000000,no_warm_container
36067,req-19,dag_0003,dag_0003_fn_022,cold_start,host-2,ctr-95,928,0,255,,RUNNING,1386,1636,0.000000,,1732.500000,no_warm_container
37250,req-19,dag_0003,dag_0003_fn_028,warm_reuse,host-13,ctr-68,0,4,264,IDLE,RUNNING,1867,1188,5.068042,13168.139926,2333.750000,warm_container_available
37518,req-19,dag_0003,dag_0003_fn_029,warm_reuse,host-7,ctr-65,0,14,251,IDLE,RUNNING,1746,1249,16.513362,9545.539213,2182.500000,warm_container_available
37783,req-19,dag_0003,dag_0003_fn_030,warm_reuse,host-14,ctr-66,0,10,213,IDLE,RUNNING,1436,813,26.111300,22475.550793,1795.000000,warm_container_available
37151,req-18,dag_0005,dag_0005_fn_006,cold_start,host-11,ctr-97,1235,31,245,,RUNNING,1548,1043,12.782703,3403.454307,1935.000000,no_warm_container
38662,req-18,dag_0005,dag_0005_fn_010,cold_start,host-20,ctr-99,778,27,192,,RUNNING,1446,1444,20.508260,6127.944144,1807.500000,no_warm_container
38490,req-20,dag_0015,dag_0015_fn_001,cold_start,host-1,ctr-98,1443,0,385,,RUNNING,2180,2731,0.000000,,2725.000000,no_warm_container
40318,req-20,dag_0015,dag_0015_fn_006,warm_reuse,host-21,ctr-103,0,7,361,IDLE,RUNNING,1626,1583,12.985388,15577.776580,2032.500000,warm_container_available
39659,req-18,dag_0005,dag_0005_fn_013,cold_start,host-18,ctr-105,838,22,391,,RUNNING,2050,2686,16.572930,6205.691369,2562.500000,no_warm_container
40686,req-20,dag_0015,dag_0015_fn_008,warm_reuse,host-12,ctr-104,0,12,179,IDLE,RUNNING,1227,904,25.449310,17552.597640,1533.750000,warm_container_available
41927,req-21,dag_0010,dag_0010_fn_002,cold_start,host-4,ctr-106,713,0,211,,RUNNING,1360,897,0.000000,,1700.000000,no_warm_container
42851,req-21,dag_0010,dag_0010_fn_008,cold_start,host-23,ctr-107,1446,10,165,,RUNNING,1022,581,6.653566,5551.994866,1277.500000,no_warm_container
44143,req-22,dag_0018,dag_0018_fn_003,cold_start,host-19,ctr-108,636,0,328,,RUNNING,2263,2580,0.000000,,2828.750000,no_warm_container
45322,req-23,dag_0013,dag_0013_fn_008,warm_reuse,host-22,ctr-91,0,0,299,IDLE,RUNNING,1408,1882,0.000000,,1760.000000,warm_container_available
44472,req-21,dag_0010,dag_0010_fn_013,cold_start,host-4,ctr-109,1006,12,377,,RUNNING,1908,2224,12.081508,8676.752562,2385.000000,no_warm_container
45621,req-23,dag_0013,dag_0013_fn_002,cold_start,host-17,ctr-114,605,7,363,,RUNNING,1926,1810,8.345903,10395.440687,2407.500000,no_warm_container
46596,req-23,dag_0013,dag_0013_fn_010,warm_reuse,host-24,ctr-94,0,7,273,IDLE,RUNNING,1853,1407,6.315953,8073.520589,2316.250000,warm_container_available
45107,req-22,dag_0018,dag_0018_fn_004,cold_start,host-5,ctr-113,1538,6,251,,RUNNING,1334,1505,15.018022,22828.888370,1667.500000,no_warm_container
46902,req-22,dag_0018,dag_0018_fn_005,warm_reuse,host-8,ctr-112,0,31,157,IDLE,RUNNING,1167,1365,11.976465,3147.523889,1458.750000,warm_container_available
45867,req-21,dag_0010,dag_0010_fn_014,cold_start,host-24,ctr-115,1184,199,404,,RUNNING,2129,2221,31.036224,1252.870764,2661.250000,no_warm_container
47311,req-24,dag_0019,dag_0019_fn_006,cold_start,host-3,ctr-116,1278,0,166,,RUNNING,1433,1335,0.000000,,1791.250000,no_warm_container
48788,req-25,dag_0009,dag_0009_fn_012,warm_reuse,host-9,ctr-33,0,0,176,IDLE,RUNNING,1223,1424,0.000000,,1528.750000,warm_container_available
48964,req-25,dag_0009,dag_0009_fn_004,warm_reuse,host-22,ctr-52,0,68,424,IDLE,RUNNING,2285,2568,31.378274,3704.182897,2856.250000,warm_container_available
49456,req-25,dag_0009,dag_0009_fn_014,warm_reuse,host-16,ctr-56,0,85,239,IDLE,RUNNING,1630,1533,11.504602,1090.766981,2037.500000,warm_container_available
50082,req-27,dag_0004,dag_0004_fn_008,cold_start,host-3,ctr-118,648,0,204,,RUNNING,1322,1383,0.000000,,1652.500000,no_warm_container
51228,req-28,dag_0005,dag_0005_fn_007,warm_reuse,host-15,ctr-34,0,0,367,IDLE,RUNNING,2124,2384,0.000000,,2655.000000,warm_container_available
49979,req-26,dag_0002,dag_0002_fn_024,cold_start,host-8,ctr-117,1588,0,298,,RUNNING,1370,1197,0.000000,,1712.500000,no_warm_container
51595,req-28,dag_0005,dag_0005_fn_016,cold_start,host-2,ctr-128,618,5,226,,RUNNING,860,531,9.046479,17197.914267,1075.000000,no_warm_container
50934,req-27,dag_0004,dag_0004_fn_010,cold_start,host-6,ctr-119,1589,43,302,,RUNNING,1758,1818,16.733574,3178.333045,2197.500000,no_warm_container
51865,req-26,dag_0002,dag_0002_fn_025,cold_start,host-3,ctr-129,943,10,318,,RUNNING,1886,2321,29.715526,23943.938850,2357.500000,no_warm_container
53512,req-29,dag_0013,dag_0013_fn_008,warm_reuse,host-22,ctr-91,0,0,299,IDLE,RUNNING,1408,1882,0.000000,,1760.000000,warm_container_available
53136,req-26,dag_0002,dag_0002_fn_027,cold_start,host-20,ctr-131,637,26,147,,RUNNING,1224,833,25.113934,7777.880916,1530.000000,no_warm_container
52444,req-28,dag_0005,dag_0005_fn_003,cold_start,host-5,ctr-130,1599,15,199,,RUNNING,1609,1529,16.253019,9024.108827,2011.250000,no_warm_container
53946,req-26,dag_0002,dag_0002_fn_028,cold_start,host-12,ctr-133,859,14,286,,RUNNING,1535,1525,23.750071,13980.477547,1918.750000,no_warm_container
53811,req-29,dag_0013,dag_0013_fn_007,cold_start,host-1,ctr-132,1110,4,338,,RUNNING,1380,1249,8.345903,18376.014808,1725.000000,no_warm_container
55105,req-26,dag_0002,dag_0002_fn_029,warm_reuse,host-8,ctr-126,0,12,348,IDLE,RUNNING,1694,2261,34.642392,23843.107737,2117.500000,warm_container_available
55263,req-29,dag_0013,dag_0013_fn_010,warm_reuse,host-18,ctr-93,0,8,273,IDLE,RUNNING,1853,1407,16.989637,19286.931650,2316.250000,warm_container_available
54257,req-28,dag_0005,dag_0005_fn_012,cold_start,host-17,ctr-135,1135,8,316,,RUNNING,2372,2377,20.466084,22286.217861,2965.000000,no_warm_container
55465,req-26,dag_0002,dag_0002_fn_030,warm_reuse,host-23,ctr-127,0,54,424,IDLE,RUNNING,2022,2269,22.307476,3335.855912,2527.500000,warm_container_available
55576,req-30,dag_0015,dag_0015_fn_001,warm_reuse,host-1,ctr-98,0,0,385,IDLE,RUNNING,2180,2731,0.000000,,2725.000000,warm_container_available
55716,req-28,dag_0005,dag_0005_fn_013,warm_reuse,host-18,ctr-105,0,12,391,IDLE,RUNNING,2050,2686,32.436835,22602.281420,2562.500000,warm_container_available
55961,req-30,dag_0015,dag_0015_fn_006,warm_reuse,host-21,ctr-103,0,7,361,IDLE,RUNNING,1626,1583,12.985388,15577.776580,2032.500000,warm_container_available
56329,req-30,dag_0015,dag_0015_fn_008,warm_reuse,host-12,ctr-104,0,12,179,IDLE,RUNNING,1227,904,25.449310,17552.597640,1533.750000,warm_container_available
59324,req-31,dag_0013,dag_0013_fn_008,warm_reuse,host-22,ctr-91,0,0,299,IDLE,RUNNING,1408,1882,0.000000,,1760.000000,warm_container_available
59623,req-31,dag_0013,dag_0013_fn_009,cold_start,host-7,ctr-136,773,4,179,,RUNNING,976,1261,8.345903,19529.885747,1220.000000,no_warm_container
60579,req-31,dag_0013,dag_0013_fn_010,warm_reuse,host-18,ctr-93,0,18,273,IDLE,RUNNING,1853,1407,27.427542,12682.672788,2316.250000,warm_container_available
60344,req-32,dag_0012,dag_0012_fn_010,cold_start,host-11,ctr-137,818,0,209,,RUNNING,872,872,0.000000,,1090.000000,no_warm_container
61371,req-32,dag_0012,dag_0012_fn_012,cold_start,host-11,ctr-138,851,0,388,,RUNNING,2309,2949,10.740312,,2886.250000,no_warm_container
62318,req-35,dag_0013,dag_0013_fn_008,warm_reuse,host-22,ctr-91,0,0,299,IDLE,RUNNING,1408,1882,0.000000,,1760.000000,warm_container_available
62617,req-35,dag_0013,dag_0013_fn_009,warm_reuse,host-7,ctr-136,0,4,179,IDLE,RUNNING,976,1261,8.345903,19529.885747,1220.000000,warm_container_available
62800,req-35,dag_0013,dag_0013_fn_010,warm_reuse,host-18,ctr-93,0,18,273,IDLE,RUNNING,1853,1407,27.427542,12682.672788,2316.250000,warm_container_available
61970,req-34,dag_0003,dag_0003_fn_013,cold_start,host-20,ctr-140,949,0,278,,RUNNING,1455,1403,0.000000,,1818.750000,no_warm_container
61927,req-33,dag_0010,dag_0010_fn_004,cold_start,host-7,ctr-139,1270,0,166,,RUNNING,1387,874,0.000000,,1733.750000,no_warm_container
63363,req-33,dag_0010,dag_0010_fn_011,cold_start,host-21,ctr-150,498,13,143,,RUNNING,1067,1016,11.385418,7163.316737,1333.750000,no_warm_container
62610,req-32,dag_0012,dag_0012_fn_013,cold_start,host-21,ctr-141,1300,20,134,,RUNNING,946,1015,27.879769,11644.089346,1182.500000,no_warm_container
63197,req-34,dag_0003,dag_0003_fn_014,cold_start,host-14,ctr-149,1305,4,134,,RUNNING,954,641,5.766705,11866.985656,1192.500000,no_warm_container
64640,req-34,dag_0003,dag_0003_fn_028,warm_reuse,host-6,ctr-143,0,28,264,IDLE,RUNNING,1867,1188,12.598050,3607.256446,2333.750000,warm_container_available
64932,req-34,dag_0003,dag_0003_fn_029,warm_reuse,host-10,ctr-144,0,8,251,IDLE,RUNNING,1746,1249,16.513362,18740.272580,2182.500000,warm_container_available
64017,req-33,dag_0010,dag_0010_fn_012,cold_start,host-16,ctr-151,1113,18,338,,RUNNING,2361,2606,7.039783,3308.186299,2951.250000,no_warm_container
65191,req-34,dag_0003,dag_0003_fn_030,warm_reuse,host-4,ctr-145,0,16,213,IDLE,RUNNING,1436,813,26.111300,13094.177995,1795.000000,warm_container_available
65486,req-33,dag_0010,dag_0010_fn_013,warm_reuse,host-4,ctr-109,0,22,377,IDLE,RUNNING,1908,2224,18.487276,6809.339680,2385.000000,warm_container_available
65885,req-33,dag_0010,dag_0010_fn_014,warm_reuse,host-9,ctr-110,0,22,404,IDLE,RUNNING,2129,2221,31.036224,11704.051401,2661.250000,warm_container_available
66536,req-41,dag_0013,dag_0013_fn_008,warm_reuse,host-22,ctr-91,0,0,299,IDLE,RUNNING,1408,1882,0.000000,,1760.000000,warm_container_available
66051,req-39,dag_0011,dag_0011_fn_006,cold_start,host-20,ctr-163,571,0,273,,RUNNING,1806,2124,0.000000,,2257.500000,no_warm_container
65985,req-38,dag_0007,dag_0007_fn_003,cold_start,host-5,ctr-154,681,0,325,,RUNNING,1467,1390,0.000000,,1833.750000,no_warm_container
65299,req-36,dag_0015,dag_0015_fn_007,cold_start,host-23,ctr-152,1368,0,211,,RUNNING,1401,746,0.000000,,1751.250000,no_warm_container
66835,req-41,dag_0013,dag_0013_fn_009,warm_reuse,host-7,ctr-136,0,4,179,IDLE,RUNNING,976,1261,8.345903,19529.885747,1220.000000,warm_container_available
66878,req-36,dag_0015,dag_0015_fn_004,warm_reuse,host-15,ctr-161,0,12,366,IDLE,RUNNING,2471,2298,33.840261,24219.897885,3088.750000,warm_container_available
65736,req-37,dag_0009,dag_0009_fn_001,cold_start,host-20,ctr-153,1223,0,146,,RUNNING,852,1073,0.000000,,1065.000000,no_warm_container
66991,req-38,dag_0007,dag_0007_fn_012,warm_reuse,host-19,ctr-155,0,4,347,IDLE,RUNNING,1935,2414,9.294136,23133.657012,2418.750000,warm_container_available
67018,req-41,dag_0013,dag_0013_fn_010,warm_reuse,host-18,ctr-93,0,18,273,IDLE,RUNNING,1853,1407,27.427542,12682.672788,2316.250000,warm_container_available
67256,req-36,dag_0015,dag_0015_fn_005,warm_reuse,host-14,ctr-162,0,15,240,IDLE,RUNNING,1682,1753,28.268505,15663.234149,2102.500000,warm_container_available
67342,req-38,dag_0007,dag_0007_fn_013,warm_reuse,host-11,ctr-156,0,10,237,IDLE,RUNNING,1206,827,28.741075,24455.803384,1507.500000,warm_container_available
66115,req-40,dag_0002,dag_0002_fn_012,cold_start,host-10,ctr-164,1372,0,300,,RUNNING,1989,1467,0.000000,,2486.250000,no_warm_container
67511,req-36,dag_0015,dag_0015_fn_006,warm_reuse,host-21,ctr-103,0,16,361,IDLE,RUNNING,1626,1583,33.415142,16985.908266,2032.500000,warm_container_available
67589,req-38,dag_0007,dag_0007_fn_017,warm_reuse,host-4,ctr-157,0,10,182,IDLE,RUNNING,1217,641,27.862452,24243.784236,1521.250000,warm_container_available
67781,req-38,dag_0007,dag_0007_fn_018,warm_reuse,host-9,ctr-158,0,18,381,IDLE,RUNNING,1850,1873,26.303743,11704.051401,2312.500000,warm_container_available
67888,req-36,dag_0015,dag_0015_fn_008,warm_reuse,host-12,ctr-104,0,12,179,IDLE,RUNNING,1227,904,25.449310,17552.597640,1533.750000,warm_container_available
68180,req-38,dag_0007,dag_0007_fn_019,warm_reuse,host-19,ctr-159,0,9,383,IDLE,RUNNING,2457,2786,24.763478,24449.177005,3071.250000,warm_container_available
66895,req-39,dag_0011,dag_0011_fn_011,cold_start,host-1,ctr-165,1298,17,285,,RUNNING,973,1558,14.722002,7259.317820,1216.250000,no_warm_container
67105,req-37,dag_0009,dag_0009_fn_002,cold_start,host-24,ctr-166,1374,8,175,,RUNNING,889,522,10.651236,10733.528994,1111.250000,no_warm_container
68662,req-37,dag_0009,dag_0009_fn_014,warm_reuse,host-16,ctr-56,0,15,239,IDLE,RUNNING,1630,1533,24.384062,13575.380684,2037.500000,warm_container_available
68495,req-39,dag_0011,dag_0011_fn_012,cold_start,host-24,ctr-168,611,50,168,,RUNNING,831,1049,23.067503,3722.133272,1038.750000,no_warm_container
67787,req-40,dag_0002,dag_0002_fn_008,cold_start,host-17,ctr-167,1561,5,293,,RUNNING,1692,2022,7.980514,13253.132489,2115.000000,no_warm_container
69500,req-42,dag_0005,dag_0005_fn_007,warm_reuse,host-15,ctr-34,0,0,367,IDLE,RUNNING,2124,2384,0.000000,,2655.000000,warm_container_available
69867,req-42,dag_0005,dag_0005_fn_016,warm_reuse,host-2,ctr-128,0,5,226,IDLE,RUNNING,860,531,9.046479,17197.914267,1075.000000,warm_container_available
70098,req-42,dag_0005,dag_0005_fn_003,warm_reuse,host-5,ctr-130,0,15,199,IDLE,RUNNING,1609,1529,16.253019,9024.108827,2011.250000,warm_container_available
69324,req-39,dag_0011,dag_0011_fn_013,cold_start,host-5,ctr-172,978,16,228,,RUNNING,1019,563,27.069235,14386.255584,1273.750000,no_warm_container
70312,req-42,dag_0005,dag_0005_fn_012,warm_reuse,host-13,ctr-134,0,15,316,IDLE,RUNNING,2372,2377,20.466084,11182.131164,2965.000000,warm_container_available
70546,req-39,dag_0011,dag_0011_fn_014,warm_reuse,host-8,ctr-171,0,69,256,IDLE,RUNNING,1646,1241,26.999585,3147.523889,2057.500000,warm_container_available
70643,req-42,dag_0005,dag_0005_fn_013,warm_reuse,host-18,ctr-105,0,29,391,IDLE,RUNNING,2050,2686,32.436835,8968.302625,2562.500000,warm_container_available
69646,req-40,dag_0002,dag_0002_fn_014,cold_start,host-3,ctr-173,1089,22,289,,RUNNING,2107,1863,22.696604,8515.606688,2633.750000,no_warm_container
71046,req-40,dag_0002,dag_0002_fn_009,warm_reuse,host-14,ctr-120,0,12,262,IDLE,RUNNING,1091,1460,27.518717,19364.206121,1363.750000,warm_container_available
71320,req-40,dag_0002,dag_0002_fn_010,warm_reuse,host-12,ctr-121,0,38,305,IDLE,RUNNING,1128,1630,19.973001,4249.235441,1410.000000,warm_container_available
71663,req-40,dag_0002,dag_0002_fn_029,warm_reuse,host-8,ctr-126,0,7,348,IDLE,RUNNING,1694,2261,18.545680,23843.107737,2117.500000,warm_container_available
72018,req-40,dag_0002,dag_0002_fn_030,warm_reuse,host-23,ctr-127,0,54,424,IDLE,RUNNING,2022,2269,22.307476,3335.855912,2527.500000,warm_container_available
75935,req-43,dag_0001,dag_0001_fn_010,cold_start,host-22,ctr-174,1103,0,241,,RUNNING,1319,875,0.000000,,1648.750000,no_warm_container
77279,req-43,dag_0001,dag_0001_fn_025,cold_start,host-1,ctr-175,1218,15,293,,RUNNING,1745,1928,33.085626,18376.014808,2181.250000,no_warm_container
78805,req-43,dag_0001,dag_0001_fn_007,cold_start,host-3,ctr-184,963,9,353,,RUNNING,2185,2705,21.822820,21754.675022,2731.250000,no_warm_container
80130,req-43,dag_0001,dag_0001_fn_032,warm_reuse,host-6,ctr-183,0,87,289,IDLE,RUNNING,1082,1300,34.355821,3178.333045,1352.500000,warm_container_available
79643,req-44,dag_0003,dag_0003_fn_015,cold_start,host-8,ctr-185,1405,0,173,,RUNNING,980,1123,0.000000,,1225.000000,no_warm_container
81221,req-44,dag_0003,dag_0003_fn_028,warm_reuse,host-6,ctr-143,0,9,264,IDLE,RUNNING,1867,1188,11.957639,11144.293892,2333.750000,warm_container_available
81494,req-44,dag_0003,dag_0003_fn_029,warm_reuse,host-10,ctr-144,0,8,251,IDLE,RUNNING,1746,1249,16.513362,18740.272580,2182.500000,warm_container_available
81753,req-44,dag_0003,dag_0003_fn_030,warm_reuse,host-4,ctr-145,0,16,213,IDLE,RUNNING,1436,813,26.111300,13094.177995,1795.000000,warm_container_available
81896,req-45,dag_0002,dag_0002_fn_012,warm_reuse,host-10,ctr-164,0,0,300,IDLE,RUNNING,1989,1467,0.000000,,2486.250000,warm_container_available
82196,req-45,dag_0002,dag_0002_fn_008,warm_reuse,host-17,ctr-167,0,5,293,IDLE,RUNNING,1692,2022,7.980514,13253.132489,2115.000000,warm_container_available
82494,req-45,dag_0002,dag_0002_fn_014,warm_reuse,host-24,ctr-169,0,23,289,IDLE,RUNNING,2107,1863,22.696604,8073.520589,2633.750000,warm_container_available
82243,req-47,dag_0009,dag_0009_fn_012,cold_start,host-11,ctr-187,567,0,176,,RUNNING,1223,1424,0.000000,,1528.750000,no_warm_container
82806,req-45,dag_0002,dag_0002_fn_009,warm_reuse,host-14,ctr-120,0,64,262,IDLE,RUNNING,1091,1460,27.518717,3485.693727,1363.750000,warm_container_available
83132,req-45,dag_0002,dag_0002_fn_010,warm_reuse,host-12,ctr-121,0,38,305,IDLE,RUNNING,1128,1630,19.973001,4249.235441,1410.000000,warm_container_available
81927,req-46,dag_0010,dag_0010_fn_009,cold_start,host-2,ctr-186,1505,0,157,,RUNNING,1227,1200,0.000000,,1533.750000,no_warm_container
83475,req-45,dag_0002,dag_0002_fn_029,warm_reuse,host-8,ctr-126,0,7,348,IDLE,RUNNING,1694,2261,18.545680,23843.107737,2117.500000,warm_container_available
83585,req-49,dag_0005,dag_0005_fn_007,warm_reuse,host-15,ctr-34,0,0,367,IDLE,RUNNING,2124,2384,0.000000,,2655.000000,warm_container_available
83589,req-46,dag_0010,dag_0010_fn_012,warm_reuse,host-16,ctr-151,0,14,338,IDLE,RUNNING,2361,2606,30.320737,18258.834726,2951.250000,warm_container_available
83830,req-45,dag_0002,dag_0002_fn_030,warm_reuse,host-23,ctr-127,0,54,424,IDLE,RUNNING,2022,2269,22.307476,3335.855912,2527.500000,warm_container_available
83952,req-49,dag_0005,dag_0005_fn_016,warm_reuse,host-2,ctr-128,0,5,226,IDLE,RUNNING,860,531,9.046479,17197.914267,1075.000000,warm_container_available
83941,req-46,dag_0010,dag_0010_fn_013,warm_reuse,host-4,ctr-109,0,22,377,IDLE,RUNNING,1908,2224,18.487276,6809.339680,2385.000000,warm_container_available
82986,req-47,dag_0009,dag_0009_fn_004,cold_start,host-12,ctr-189,1013,18,424,,RUNNING,2285,2568,31.378274,14729.723397,2856.250000,no_warm_container
82552,req-48,dag_0012,dag_0012_fn_009,cold_start,host-21,ctr-188,1591,0,170,,RUNNING,1427,1225,0.000000,,1783.750000,no_warm_container
84183,req-49,dag_0005,dag_0005_fn_003,warm_reuse,host-5,ctr-130,0,15,199,IDLE,RUNNING,1609,1529,16.253019,9024.108827,2011.250000,warm_container_available
84340,req-46,dag_0010,dag_0010_fn_014,warm_reuse,host-9,ctr-110,0,22,404,IDLE,RUNNING,2129,2221,31.036224,11704.051401,2661.250000,warm_container_available
84397,req-49,dag_0005,dag_0005_fn_012,warm_reuse,host-13,ctr-134,0,15,316,IDLE,RUNNING,2372,2377,20.466084,11182.131164,2965.000000,warm_container_available
84441,req-47,dag_0009,dag_0009_fn_014,warm_reuse,host-16,ctr-56,0,16,239,IDLE,RUNNING,1630,1533,11.504602,5765.566180,2037.500000,warm_container_available
84728,req-49,dag_0005,dag_0005_fn_013,warm_reuse,host-18,ctr-105,0,29,391,IDLE,RUNNING,2050,2686,32.436835,8968.302625,2562.500000,warm_container_available
84313,req-48,dag_0012,dag_0012_fn_012,cold_start,host-13,ctr-191,851,25,388,,RUNNING,2309,2949,13.341765,4413.130721,2886.250000,no_warm_container
85577,req-48,dag_0012,dag_0012_fn_013,cold_start,host-11,ctr-192,1300,26,134,,RUNNING,946,1015,27.879769,8726.934405,1182.500000,no_warm_container
86400,req-50,dag_0020,dag_0020_fn_001,cold_start,host-20,ctr-193,543,0,193,,RUNNING,1383,1585,0.000000,,1728.750000,no_warm_container
87136,req-50,dag_0020,dag_0020_fn_003,cold_start,host-14,ctr-196,1328,18,322,,RUNNING,2265,2314,26.368483,11866.985656,2831.250000,no_warm_container
88804,req-50,dag_0020,dag_0020_fn_004,warm_reuse,host-5,ctr-195,0,56,185,IDLE,RUNNING,1400,1104,17.965145,2584.574231,1750.000000,warm_container_available
87757,req-51,dag_0013,dag_0013_fn_008,cold_start,host-23,ctr-197,1571,0,299,,RUNNING,1408,1882,0.000000,,1760.000000,no_warm_container
89627,req-51,dag_0013,dag_0013_fn_002,cold_start,host-19,ctr-198,605,3,363,,RUNNING,1926,1810,8.345903,22392.099810,2407.500000,no_warm_container
90598,req-51,dag_0013,dag_0013_fn_010,cold_start,host-19,ctr-200,778,0,273,,RUNNING,1853,1407,6.315953,,2316.250000,no_warm_container
92725,req-52,dag_0019,dag_0019_fn_001,cold_start,host-18,ctr-201,894,0,200,,RUNNING,1206,1506,0.000000,,1507.500000,no_warm_container
93819,req-52,dag_0019,dag_0019_fn_002,cold_start,host-15,ctr-204,1152,72,311,,RUNNING,2247,1909,20.483005,2281.809807,2808.750000,no_warm_container
94379,req-53,dag_0011,dag_0011_fn_007,cold_start,host-9,ctr-205,734,0,212,,RUNNING,1385,1078,0.000000,,1731.250000,no_warm_container
95325,req-53,dag_0011,dag_0011_fn_008,cold_start,host-7,ctr-207,657,8,236,,RUNNING,1126,916,15.485135,16859.038140,1407.500000,no_warm_container
96374,req-55,dag_0002,dag_0002_fn_012,warm_reuse,host-10,ctr-164,0,0,300,IDLE,RUNNING,1989,1467,0.000000,,2486.250000,warm_container_available
96674,req-55,dag_0002,dag_0002_fn_008,warm_reuse,host-17,ctr-167,0,5,293,IDLE,RUNNING,1692,2022,7.980514,13253.132489,2115.000000,warm_container_available
95283,req-54,dag_0015,dag_0015_fn_001,cold_start,host-11,ctr-206,1443,0,385,,RUNNING,2180,2731,0.000000,,2725.000000,no_warm_container
96972,req-55,dag_0002,dag_0002_fn_014,warm_reuse,host-24,ctr-169,0,23,289,IDLE,RUNNING,2107,1863,22.696604,8073.520589,2633.750000,warm_container_available
97111,req-54,dag_0015,dag_0015_fn_006,warm_reuse,host-21,ctr-212,0,9,361,IDLE,RUNNING,1626,1583,12.985388,11644.089346,2032.500000,warm_container_available
97284,req-55,dag_0002,dag_0002_fn_009,warm_reuse,host-14,ctr-120,0,64,262,IDLE,RUNNING,1091,1460,27.518717,3485.693727,1363.750000,warm_container_available
97481,req-54,dag_0015,dag_0015_fn_008,warm_reuse,host-4,ctr-213,0,61,179,IDLE,RUNNING,1227,904,25.449310,3370.365830,1533.750000,warm_container_available
96226,req-53,dag_0011,dag_0011_fn_011,cold_start,host-3,ctr-214,1298,51,285,,RUNNING,973,1558,28.048344,4477.928063,1216.250000,no_warm_container
97610,req-55,dag_0002,dag_0002_fn_010,warm_reuse,host-12,ctr-121,0,38,305,IDLE,RUNNING,1128,1630,19.973001,4249.235441,1410.000000,warm_container_available
97860,req-53,dag_0011,dag_0011_fn_012,warm_reuse,host-22,ctr-209,0,13,168,IDLE,RUNNING,831,1049,23.067503,15119.332154,1038.750000,warm_container_available
97953,req-55,dag_0002,dag_0002_fn_029,warm_reuse,host-8,ctr-126,0,7,348,IDLE,RUNNING,1694,2261,18.545680,23843.107737,2117.500000,warm_container_available
98041,req-53,dag_0011,dag_0011_fn_013,warm_reuse,host-5,ctr-210,0,13,228,IDLE,RUNNING,1019,563,27.069235,17639.845128,1273.750000,warm_container_available
98282,req-53,dag_0011,dag_0011_fn_014,warm_reuse,host-18,ctr-211,0,19,256,IDLE,RUNNING,1646,1241,26.999585,11759.303755,2057.500000,warm_container_available
98308,req-55,dag_0002,dag_0002_fn_030,warm_reuse,host-23,ctr-127,0,54,424,IDLE,RUNNING,2022,2269,22.307476,3335.855912,2527.500000,warm_container_available
99520,req-56,dag_0009,dag_0009_fn_012,warm_reuse,host-11,ctr-187,0,0,176,IDLE,RUNNING,1223,1424,0.000000,,1528.750000,warm_container_available
99696,req-56,dag_0009,dag_0009_fn_004,warm_reuse,host-12,ctr-189,0,18,424,IDLE,RUNNING,2285,2568,31.378274,14729.723397,2856.250000,warm_container_available
99717,req-57,dag_0005,dag_0005_fn_007,warm_reuse,host-15,ctr-34,0,0,367,IDLE,RUNNING,2124,2384,0.000000,,2655.000000,warm_container_available
100084,req-57,dag_0005,dag_0005_fn_016,warm_reuse,host-2,ctr-128,0,5,226,IDLE,RUNNING,860,531,9.046479,17197.914267,1075.000000,warm_container_available
100138,req-56,dag_0009,dag_0009_fn_014,warm_reuse,host-16,ctr-56,0,16,239,IDLE,RUNNING,1630,1533,11.504602,5765.566180,2037.500000,warm_container_available
100315,req-57,dag_0005,dag_0005_fn_003,warm_reuse,host-5,ctr-130,0,15,199,IDLE,RUNNING,1609,1529,16.253019,9024.108827,2011.250000,warm_container_available
100529,req-57,dag_0005,dag_0005_fn_012,warm_reuse,host-13,ctr-134,0,15,316,IDLE,RUNNING,2372,2377,20.466084,11182.131164,2965.000000,warm_container_available
100860,req-57,dag_0005,dag_0005_fn_013,warm_reuse,host-18,ctr-105,0,29,391,IDLE,RUNNING,2050,2686,32.436835,8968.302625,2562.500000,warm_container_available
100074,req-58,dag_0014,dag_0014_fn_001,cold_start,host-1,ctr-215,1384,0,336,,RUNNING,2431,2920,0.000000,,3038.750000,no_warm_container
100837,req-59,dag_0018,dag_0018_fn_003,cold_start,host-22,ctr-216,636,0,328,,RUNNING,2263,2580,0.000000,,2828.750000,no_warm_container
101927,req-60,dag_0010,dag_0010_fn_001,cold_start,host-6,ctr-219,624,0,305,,RUNNING,1870,1715,0.000000,,2337.500000,no_warm_container
101801,req-59,dag_0018,dag_0018_fn_004,cold_start,host-17,ctr-218,1538,12,251,,RUNNING,1334,1505,15.018022,10395.440687,1667.500000,no_warm_container
101794,req-58,dag_0014,dag_0014_fn_002,cold_start,host-3,ctr-217,1589,3,329,,RUNNING,2010,2414,7.969419,21754.675022,2512.500000,no_warm_container
103602,req-59,dag_0018,dag_0018_fn_005,warm_reuse,host-3,ctr-224,0,12,157,IDLE,RUNNING,1167,1365,11.976465,8515.606688,1458.750000,warm_container_available
103715,req-58,dag_0014,dag_0014_fn_003,warm_reuse,host-10,ctr-221,0,5,329,IDLE,RUNNING,1537,1482,8.548646,14598.324480,1921.250000,warm_container_available
102856,req-60,dag_0010,dag_0010_fn_007,cold_start,host-17,ctr-225,869,5,365,,RUNNING,1551,2231,10.767523,18643.369495,1938.750000,no_warm_container
104049,req-58,dag_0014,dag_0014_fn_008,warm_reuse,host-1,ctr-222,0,8,352,IDLE,RUNNING,1423,1918,8.353655,8701.129502,1778.750000,warm_container_available
104409,req-58,dag_0014,dag_0014_fn_009,warm_reuse,host-8,ctr-223,0,23,335,IDLE,RUNNING,1851,2312,9.152835,3241.777822,2313.750000,warm_container_available
105262,req-61,dag_0003,dag_0003_fn_025,cold_start,host-7,ctr-226,895,0,318,,RUNNING,1894,2079,0.000000,,2367.500000,no_warm_container
106475,req-61,dag_0003,dag_0003_fn_027,cold_start,host-4,ctr-227,896,4,107,,RUNNING,1168,350,5.459694,12020.812710,1460.000000,no_warm_container
107482,req-61,dag_0003,dag_0003_fn_028,cold_start,host-9,ctr-228,1440,15,264,,RUNNING,1867,1188,21.153485,11704.051401,2333.750000,no_warm_container
109981,req-62,dag_0002,dag_0002_fn_012,warm_reuse,host-10,ctr-164,0,0,300,IDLE,RUNNING,1989,1467,0.000000,,2486.250000,warm_container_available
110281,req-62,dag_0002,dag_0002_fn_008,warm_reuse,host-17,ctr-167,0,5,293,IDLE,RUNNING,1692,2022,7.980514,13253.132489,2115.000000,warm_container_available
109201,req-61,dag_0003,dag_0003_fn_029,cold_start,host-14,ctr-231,1226,65,251,,RUNNING,1746,1249,16.513362,2037.536986,2182.500000,no_warm_container
110579,req-62,dag_0002,dag_0002_fn_014,warm_reuse,host-24,ctr-169,0,23,289,IDLE,RUNNING,2107,1863,22.696604,8073.520589,2633.750000,warm_container_available
110641,req-63,dag_0011,dag_0011_fn_007,warm_reuse,host-9,ctr-205,0,0,212,IDLE,RUNNING,1385,1078,0.000000,,1731.250000,warm_container_available
110743,req-61,dag_0003,dag_0003_fn_030,warm_reuse,host-20,ctr-230,0,10,213,IDLE,RUNNING,1436,813,26.111300,20947.982970,1795.000000,warm_container_available
110853,req-63,dag_0011,dag_0011_fn_008,warm_reuse,host-7,ctr-207,0,8,236,IDLE,RUNNING,1126,916,15.485135,16859.038140,1407.500000,warm_container_available
110891,req-62,dag_0002,dag_0002_fn_009,warm_reuse,host-14,ctr-120,0,64,262,IDLE,RUNNING,1091,1460,27.518717,3485.693727,1363.750000,warm_container_available
111097,req-63,dag_0011,dag_0011_fn_011,warm_reuse,host-3,ctr-214,0,51,285,IDLE,RUNNING,973,1558,28.048344,4477.928063,1216.250000,warm_container_available
111217,req-62,dag_0002,dag_0002_fn_010,warm_reuse,host-12,ctr-121,0,38,305,IDLE,RUNNING,1128,1630,19.973001,4249.235441,1410.000000,warm_container_available
111433,req-63,dag_0011,dag_0011_fn_012,warm_reuse,host-22,ctr-209,0,13,168,IDLE,RUNNING,831,1049,23.067503,15119.332154,1038.750000,warm_container_available
111552,req-64,dag_0015,dag_0015_fn_001,warm_reuse,host-11,ctr-206,0,0,385,IDLE,RUNNING,2180,2731,0.000000,,2725.000000,warm_container_available
111560,req-62,dag_0002,dag_0002_fn_029,warm_reuse,host-8,ctr-126,0,7,348,IDLE,RUNNING,1694,2261,18.545680,23843.107737,2117.500000,warm_container_available
111614,req-63,dag_0011,dag_0011_fn_013,warm_reuse,host-5,ctr-210,0,13,228,IDLE,RUNNING,1019,563,27.069235,17639.845128,1273.750000,warm_container_available
111855,req-63,dag_0011,dag_0011_fn_014,warm_reuse,host-18,ctr-211,0,19,256,IDLE,RUNNING,1646,1241,26.999585,11759.303755,2057.500000,warm_container_available
111937,req-64,dag_0015,dag_0015_fn_006,warm_reuse,host-21,ctr-212,0,9,361,IDLE,RUNNING,1626,1583,12.985388,11644.089346,2032.500000,warm_container_available
111915,req-62,dag_0002,dag_0002_fn_030,warm_reuse,host-23,ctr-127,0,54,424,IDLE,RUNNING,2022,2269,22.307476,3335.855912,2527.500000,warm_container_available
112307,req-64,dag_0015,dag_0015_fn_008,warm_reuse,host-4,ctr-213,0,61,179,IDLE,RUNNING,1227,904,25.449310,3370.365830,1533.750000,warm_container_available
114942,req-65,dag_0004,dag_0004_fn_002,cold_start,host-19,ctr-232,1449,0,207,,RUNNING,1147,1495,0.000000,,1433.750000,no_warm_container
115657,req-66,dag_0012,dag_0012_fn_009,cold_start,host-2,ctr-233,1591,0,170,,RUNNING,1427,1225,0.000000,,1783.750000,no_warm_container
116598,req-65,dag_0004,dag_0004_fn_006,cold_start,host-19,ctr-234,690,0,340,,RUNNING,1821,2304,14.014943,,2276.250000,no_warm_container
117418,req-66,dag_0012,dag_0012_fn_012,cold_start,host-24,ctr-238,851,9,388,,RUNNING,2309,2949,13.341765,11988.408516,2886.250000,no_warm_container
118666,req-66,dag_0012,dag_0012_fn_013,warm_reuse,host-23,ctr-237,0,41,134,IDLE,RUNNING,946,1015,27.879769,5539.423387,1182.500000,warm_container_available
117628,req-65,dag_0004,dag_0004_fn_007,cold_start,host-15,ctr-239,1254,13,338,,RUNNING,2125,2296,18.729914,12243.427657,2656.250000,no_warm_container
119251,req-67,dag_0011,dag_0011_fn_004,cold_start,host-2,ctr-240,935,0,331,,RUNNING,2275,2314,0.000000,,2843.750000,no_warm_container
120517,req-67,dag_0011,dag_0011_fn_011,warm_reuse,host-3,ctr-214,0,12,285,IDLE,RUNNING,973,1558,31.073613,20896.199903,1216.250000,warm_container_available
120220,req-68,dag_0003,dag_0003_fn_010,cold_start,host-11,ctr-241,422,0,169,,RUNNING,1361,598,0.000000,,1701.250000,no_warm_container
120814,req-67,dag_0011,dag_0011_fn_012,warm_reuse,host-22,ctr-209,0,13,168,IDLE,RUNNING,831,1049,23.067503,15119.332154,1038.750000,warm_container_available
120995,req-67,dag_0011,dag_0011_fn_013,warm_reuse,host-5,ctr-210,0,13,228,IDLE,RUNNING,1019,563,27.069235,17639.845128,1273.750000,warm_container_available
121236,req-67,dag_0011,dag_0011_fn_014,warm_reuse,host-18,ctr-211,0,19,256,IDLE,RUNNING,1646,1241,26.999585,11759.303755,2057.500000,warm_container_available
120811,req-68,dag_0003,dag_0003_fn_011,cold_start,host-13,ctr-242,497,47,165,,RUNNING,1209,953,8.517297,1468.381159,1511.250000,no_warm_container
121520,req-68,dag_0003,dag_0003_fn_012,cold_start,host-5,ctr-243,795,13,358,,RUNNING,1695,2132,25.768738,16522.586997,2118.750000,no_warm_container
121927,req-69,dag_0010,dag_0010_fn_004,cold_start,host-12,ctr-244,1270,0,166,,RUNNING,1387,874,0.000000,,1733.750000,no_warm_container
122162,req-70,dag_0005,dag_0005_fn_007,cold_start,host-22,ctr-245,1275,0,367,,RUNNING,2124,2384,0.000000,,2655.000000,no_warm_container
122446,req-71,dag_0009,dag_0009_fn_001,cold_start,host-13,ctr-246,1223,0,146,,RUNNING,852,1073,0.000000,,1065.000000,no_warm_container
123804,req-70,dag_0005,dag_0005_fn_016,warm_reuse,host-16,ctr-251,0,67,226,IDLE,RUNNING,860,531,9.046479,1090.766981,1075.000000,warm_container_available
123363,req-69,dag_0010,dag_0010_fn_011,cold_start,host-5,ctr-258,498,12,143,,RUNNING,1067,1016,11.385418,8098.820478,1333.750000,no_warm_container
122686,req-68,dag_0003,dag_0003_fn_014,cold_start,host-1,ctr-247,1305,25,134,,RUNNING,954,641,9.239683,3014.991767,1192.500000,no_warm_container
124150,req-68,dag_0003,dag_0003_fn_028,warm_reuse,host-9,ctr-228,0,7,264,IDLE,RUNNING,1867,1188,12.598050,15616.369006,2333.750000,warm_container_available
124421,req-68,dag_0003,dag_0003_fn_029,warm_reuse,host-14,ctr-231,0,65,251,IDLE,RUNNING,1746,1249,16.513362,2037.536986,2182.500000,warm_container_available
124737,req-68,dag_0003,dag_0003_fn_030,warm_reuse,host-20,ctr-230,0,10,213,IDLE,RUNNING,1436,813,26.111300,20947.982970,1795.000000,warm_container_available
124016,req-69,dag_0010,dag_0010_fn_012,cold_start,host-3,ctr-260,1113,4,338,,RUNNING,2361,2606,7.039783,18371.718175,2951.250000,no_warm_container
123815,req-71,dag_0009,dag_0009_fn_002,cold_start,host-14,ctr-259,1374,8,175,,RUNNING,889,522,10.651236,11175.077486,1111.250000,no_warm_container
125372,req-71,dag_0009,dag_0009_fn_014,warm_reuse,host-15,ctr-253,0,20,239,IDLE,RUNNING,1630,1533,24.384062,9914.439054,2037.500000,warm_container_available
125471,req-69,dag_0010,dag_0010_fn_013,warm_reuse,host-12,ctr-256,0,13,377,IDLE,RUNNING,1908,2224,18.487276,12253.977668,2385.000000,warm_container_available
124097,req-70,dag_0005,dag_0005_fn_003,cold_start,host-13,ctr-261,1599,28,199,,RUNNING,1609,1529,16.253019,4699.840468,2011.250000,no_warm_container
125861,req-69,dag_0010,dag_0010_fn_014,warm_reuse,host-16,ctr-257,0,44,404,IDLE,RUNNING,2129,2221,31.036224,5765.566180,2661.250000,warm_container_available
125923,req-70,dag_0005,dag_0005_fn_012,warm_reuse,host-6,ctr-249,0,14,316,IDLE,RUNNING,2372,2377,20.466084,12579.129611,2965.000000,warm_container_available
126253,req-70,dag_0005,dag_0005_fn_013,warm_reuse,host-18,ctr-250,0,17,391,IDLE,RUNNING,2050,2686,32.436835,15539.827759,2562.500000,warm_container_available
133495,req-72,dag_0011,dag_0011_fn_006,cold_start,host-7,ctr-262,571,0,273,,RUNNING,1806,2124,0.000000,,2257.500000,no_warm_container
134339,req-72,dag_0011,dag_0011_fn_011,warm_reuse,host-3,ctr-214,0,27,285,IDLE,RUNNING,973,1558,14.722002,4477.928063,1216.250000,warm_container_available
134651,req-72,dag_0011,dag_0011_fn_012,warm_reuse,host-22,ctr-209,0,13,168,IDLE,RUNNING,831,1049,23.067503,15119.332154,1038.750000,warm_container_available
134832,req-72,dag_0011,dag_0011_fn_013,warm_reuse,host-5,ctr-210,0,13,228,IDLE,RUNNING,1019,563,27.069235,17639.845128,1273.750000,warm_container_available
135073,req-72,dag_0011,dag_0011_fn_014,warm_reuse,host-18,ctr-211,0,19,256,IDLE,RUNNING,1646,1241,26.999585,11759.303755,2057.500000,warm_container_available
136438,req-73,dag_0005,dag_0005_fn_007,warm_reuse,host-22,ctr-245,0,0,367,IDLE,RUNNING,2124,2384,0.000000,,2655.000000,warm_container_available
136805,req-73,dag_0005,dag_0005_fn_016,warm_reuse,host-16,ctr-251,0,67,226,IDLE,RUNNING,860,531,9.046479,1090.766981,1075.000000,warm_container_available
137098,req-73,dag_0005,dag_0005_fn_003,warm_reuse,host-6,ctr-248,0,12,199,IDLE,RUNNING,1609,1529,16.253019,11110.103088,2011.250000,warm_container_available
137309,req-73,dag_0005,dag_0005_fn_012,warm_reuse,host-6,ctr-249,0,0,316,IDLE,RUNNING,2372,2377,20.466084,,2965.000000,warm_container_available
137496,req-74,dag_0009,dag_0009_fn_001,warm_reuse,host-13,ctr-246,0,0,146,IDLE,RUNNING,852,1073,0.000000,,1065.000000,warm_container_available
137625,req-73,dag_0005,dag_0005_fn_013,warm_reuse,host-18,ctr-250,0,17,391,IDLE,RUNNING,2050,2686,32.436835,15539.827759,2562.500000,warm_container_available
137642,req-74,dag_0009,dag_0009_fn_002,warm_reuse,host-14,ctr-259,0,8,175,IDLE,RUNNING,889,522,10.651236,11175.077486,1111.250000,warm_container_available
137825,req-74,dag_0009,dag_0009_fn_014,warm_reuse,host-15,ctr-253,0,20,239,IDLE,RUNNING,1630,1533,24.384062,9914.439054,2037.500000,warm_container_available
139370,req-76,dag_0003,dag_0003_fn_010,warm_reuse,host-11,ctr-241,0,0,169,IDLE,RUNNING,1361,598,0.000000,,1701.250000,warm_container_available
139539,req-76,dag_0003,dag_0003_fn_011,warm_reuse,host-13,ctr-242,0,47,165,IDLE,RUNNING,1209,953,8.517297,1468.381159,1511.250000,warm_container_available
139751,req-76,dag_0003,dag_0003_fn_012,warm_reuse,host-5,ctr-243,0,13,358,IDLE,RUNNING,1695,2132,25.768738,16522.586997,2118.750000,warm_container_available
138464,req-75,dag_0012,dag_0012_fn_009,cold_start,host-17,ctr-263,1591,0,170,,RUNNING,1427,1225,0.000000,,1783.750000,no_warm_container
140122,req-76,dag_0003,dag_0003_fn_014,warm_reuse,host-1,ctr-247,0,25,134,IDLE,RUNNING,954,641,9.239683,3014.991767,1192.500000,warm_container_available
140281,req-76,dag_0003,dag_0003_fn_028,warm_reuse,host-9,ctr-228,0,7,264,IDLE,RUNNING,1867,1188,12.598050,15616.369006,2333.750000,warm_container_available
140552,req-76,dag_0003,dag_0003_fn_029,warm_reuse,host-14,ctr-231,0,65,251,IDLE,RUNNING,1746,1249,16.513362,2037.536986,2182.500000,warm_container_available
140868,req-76,dag_0003,dag_0003_fn_030,warm_reuse,host-20,ctr-230,0,10,213,IDLE,RUNNING,1436,813,26.111300,20947.982970,1795.000000,warm_container_available
140225,req-75,dag_0012,dag_0012_fn_012,cold_start,host-8,ctr-264,851,8,388,,RUNNING,2309,2949,13.341765,14505.328543,2886.250000,no_warm_container
141472,req-75,dag_0012,dag_0012_fn_013,cold_start,host-2,ctr-266,1300,10,134,,RUNNING,946,1015,27.879769,23008.816567,1182.500000,no_warm_container
141927,req-78,dag_0010,dag_0010_fn_003,cold_start,host-23,ctr-268,1085,0,109,,RUNNING,1190,371,0.000000,,1487.500000,no_warm_container
142377,req-79,dag_0006,dag_0006_fn_001,cold_start,host-10,ctr-269,818,0,298,,RUNNING,1050,820,0.000000,,1312.500000,no_warm_container
141783,req-77,dag_0013,dag_0013_fn_008,cold_start,host-19,ctr-267,1571,0,299,,RUNNING,1408,1882,0.000000,,1760.000000,no_warm_container
143493,req-79,dag_0006,dag_0006_fn_002,cold_start,host-24,ctr-271,759,24,377,,RUNNING,2206,2642,26.750135,9258.664183,2757.500000,no_warm_container
143121,req-78,dag_0010,dag_0010_fn_005,cold_start,host-21,ctr-270,1285,18,262,,RUNNING,1553,1727,24.105105,11056.200546,1941.250000,no_warm_container
143653,req-77,dag_0013,dag_0013_fn_009,cold_start,host-2,ctr-272,773,3,179,,RUNNING,976,1261,8.345903,23356.338094,1220.000000,no_warm_container
144608,req-77,dag_0013,dag_0013_fn_010,cold_start,host-23,ctr-294,778,10,273,,RUNNING,1853,1407,27.427542,22393.330445,2316.250000,no_warm_container
144686,req-78,dag_0010,dag_0010_fn_006,cold_start,host-15,ctr-296,878,11,371,,RUNNING,1969,2257,32.040049,24242.641422,2461.250000,no_warm_container
145946,req-78,dag_0010,dag_0010_fn_007,warm_reuse,host-11,ctr-292,0,20,365,IDLE,RUNNING,1551,2231,33.484786,13953.367164,1938.750000,warm_container_available
144653,req-79,dag_0006,dag_0006_fn_003,cold_start,host-21,ctr-295,1360,11,160,,RUNNING,1335,507,17.904475,13092.252281,1668.750000,no_warm_container
146184,req-79,dag_0006,dag_0006_fn_004,warm_reuse,host-10,ctr-274,0,82,222,IDLE,RUNNING,1325,1031,33.195552,3271.508288,1656.250000,warm_container_available
146488,req-79,dag_0006,dag_0006_fn_005,warm_reuse,host-23,ctr-275,0,15,258,IDLE,RUNNING,1568,1877,32.958464,18231.657871,1960.000000,warm_container_available
146761,req-79,dag_0006,dag_0006_fn_006,warm_reuse,host-11,ctr-276,0,10,134,IDLE,RUNNING,1195,1243,27.539168,22618.038486,1493.750000,warm_container_available
146905,req-79,dag_0006,dag_0006_fn_007,warm_reuse,host-19,ctr-277,0,12,230,IDLE,RUNNING,887,1331,20.283043,14165.276764,1108.750000,warm_container_available
147147,req-79,dag_0006,dag_0006_fn_008,warm_reuse,host-17,ctr-278,0,31,433,IDLE,RUNNING,2176,2879,9.841006,2602.682929,2720.000000,warm_container_available
146047,req-80,dag_0002,dag_0002_fn_012,cold_start,host-3,ctr-297,1372,0,300,,RUNNING,1989,1467,0.000000,,2486.250000,no_warm_container
147611,req-79,dag_0006,dag_0006_fn_009,warm_reuse,host-20,ctr-279,0,56,322,IDLE,RUNNING,1116,1763,31.366159,4494.356361,1395.000000,warm_container_available
147989,req-79,dag_0006,dag_0006_fn_010,warm_reuse,host-21,ctr-280,0,13,128,IDLE,RUNNING,1246,795,30.259579,18991.416523,1557.500000,warm_container_available
148130,req-79,dag_0006,dag_0006_fn_011,warm_reuse,host-15,ctr-281,0,3,187,IDLE,RUNNING,1201,1052,8.084792,24242.641422,1501.250000,warm_container_available
148320,req-79,dag_0006,dag_0006_fn_012,warm_reuse,host-7,ctr-282,0,137,329,IDLE,RUNNING,1877,1564,32.073225,1879.311218,2346.250000,warm_container_available
148786,req-79,dag_0006,dag_0006_fn_013,warm_reuse,host-9,ctr-283,0,5,252,IDLE,RUNNING,1522,1850,8.399779,13649.067798,1902.500000,warm_container_available
147462,req-81,dag_0015,dag_0015_fn_001,cold_start,host-16,ctr-304,1443,0,385,,RUNNING,2180,2731,0.000000,,2725.000000,no_warm_container
149043,req-79,dag_0006,dag_0006_fn_014,warm_reuse,host-12,ctr-284,0,11,277,IDLE,RUNNING,1147,864,21.646566,15984.998180,1433.750000,warm_container_available
147719,req-80,dag_0002,dag_0002_fn_008,cold_start,host-5,ctr-305,1561,3,293,,RUNNING,1692,2022,7.980514,21306.620240,2115.000000,no_warm_container
149331,req-79,dag_0006,dag_0006_fn_015,warm_reuse,host-2,ctr-285,0,4,397,IDLE,RUNNING,2119,2742,7.138192,14790.693815,2648.750000,warm_container_available
149487,req-82,dag_0013,dag_0013_fn_008,warm_reuse,host-19,ctr-267,0,0,299,IDLE,RUNNING,1408,1882,0.000000,,1760.000000,warm_container_available
149576,req-80,dag_0002,dag_0002_fn_014,warm_reuse,host-13,ctr-301,0,17,289,IDLE,RUNNING,2107,1863,22.696604,11182.131164,2633.750000,warm_container_available
149786,req-82,dag_0013,dag_0013_fn_009,warm_reuse,host-2,ctr-272,0,3,179,IDLE,RUNNING,976,1261,8.345903,23356.338094,1220.000000,warm_container_available
149732,req-79,dag_0006,dag_0006_fn_016,warm_reuse,host-1,ctr-286,0,79,336,IDLE,RUNNING,2286,1866,28.497976,2913.250024,2857.500000,warm_container_available
149882,req-80,dag_0002,dag_0002_fn_009,warm_reuse,host-4,ctr-299,0,11,262,IDLE,RUNNING,1091,1460,27.518717,20871.278489,1363.750000,warm_container_available
149968,req-82,dag_0013,dag_0013_fn_010,warm_reuse,host-14,ctr-293,0,10,273,IDLE,RUNNING,1853,1407,27.427542,21951.196998,2316.250000,warm_container_available
150147,req-79,dag_0006,dag_0006_fn_017,warm_reuse,host-19,ctr-287,0,6,194,IDLE,RUNNING,906,1198,10.332896,15075.690799,1132.500000,warm_container_available
150155,req-80,dag_0002,dag_0002_fn_010,warm_reuse,host-12,ctr-300,0,15,305,IDLE,RUNNING,1128,1630,19.973001,11083.198176,1410.000000,warm_container_available
149290,req-81,dag_0015,dag_0015_fn_006,cold_start,host-22,ctr-306,1011,12,361,,RUNNING,1626,1583,12.985388,8874.627623,2032.500000,no_warm_container
150347,req-79,dag_0006,dag_0006_fn_018,warm_reuse,host-8,ctr-288,0,11,187,IDLE,RUNNING,735,1196,29.952652,22495.302010,918.750000,warm_container_available
150475,req-80,dag_0002,dag_0002_fn_029,warm_reuse,host-4,ctr-302,0,8,348,IDLE,RUNNING,1694,2261,18.545680,18615.903622,2117.500000,warm_container_available
150545,req-79,dag_0006,dag_0006_fn_019,warm_reuse,host-4,ctr-289,0,6,242,IDLE,RUNNING,986,594,13.001285,20567.590274,1232.500000,warm_container_available
150793,req-79,dag_0006,dag_0006_fn_020,warm_reuse,host-10,ctr-290,0,27,351,IDLE,RUNNING,2202,1894,20.335360,6203.705401,2752.500000,warm_container_available
150831,req-80,dag_0002,dag_0002_fn_030,warm_reuse,host-12,ctr-303,0,17,424,IDLE,RUNNING,2022,2269,22.307476,11083.198176,2527.500000,warm_container_available
151076,req-83,dag_0011,dag_0011_fn_006,warm_reuse,host-7,ctr-262,0,0,273,IDLE,RUNNING,1806,2124,0.000000,,2257.500000,warm_container_available
151349,req-83,dag_0011,dag_0011_fn_011,warm_reuse,host-3,ctr-214,0,27,285,IDLE,RUNNING,973,1558,14.722002,4477.928063,1216.250000,warm_container_available
151661,req-83,dag_0011,dag_0011_fn_012,warm_reuse,host-22,ctr-209,0,13,168,IDLE,RUNNING,831,1049,23.067503,15119.332154,1038.750000,warm_container_available
150674,req-81,dag_0015,dag_0015_fn_008,cold_start,host-8,ctr-308,1082,10,179,,RUNNING,1227,904,25.449310,21207.251273,1533.750000,no_warm_container
151842,req-83,dag_0011,dag_0011_fn_013,warm_reuse,host-5,ctr-210,0,13,228,IDLE,RUNNING,1019,563,27.069235,17639.845128,1273.750000,warm_container_available
152083,req-83,dag_0011,dag_0011_fn_014,warm_reuse,host-18,ctr-211,0,19,256,IDLE,RUNNING,1646,1241,26.999585,11759.303755,2057.500000,warm_container_available
151905,req-84,dag_0001,dag_0001_fn_010,cold_start,host-24,ctr-309,1103,0,241,,RUNNING,1319,875,0.000000,,1648.750000,no_warm_container
153249,req-84,dag_0001,dag_0001_fn_025,cold_start,host-7,ctr-313,1218,30,293,,RUNNING,1745,1928,33.085626,8930.257880,2181.250000,no_warm_container
154790,req-84,dag_0001,dag_0001_fn_007,warm_reuse,host-19,ctr-310,0,11,353,IDLE,RUNNING,2185,2705,21.822820,16632.254388,2731.250000,warm_container_available
155154,req-84,dag_0001,dag_0001_fn_032,warm_reuse,host-17,ctr-312,0,106,289,IDLE,RUNNING,1082,1300,34.355821,2602.682929,1352.500000,warm_container_available
155932,req-85,dag_0005,dag_0005_fn_007,warm_reuse,host-22,ctr-245,0,0,367,IDLE,RUNNING,2124,2384,0.000000,,2655.000000,warm_container_available
156429,req-86,dag_0009,dag_0009_fn_001,warm_reuse,host-13,ctr-246,0,0,146,IDLE,RUNNING,852,1073,0.000000,,1065.000000,warm_container_available
156575,req-86,dag_0009,dag_0009_fn_002,warm_reuse,host-14,ctr-259,0,8,175,IDLE,RUNNING,889,522,10.651236,11175.077486,1111.250000,warm_container_available
156758,req-86,dag_0009,dag_0009_fn_014,warm_reuse,host-15,ctr-253,0,20,239,IDLE,RUNNING,1630,1533,24.384062,9914.439054,2037.500000,warm_container_available
156299,req-85,dag_0005,dag_0005_fn_005,cold_start,host-18,ctr-314,841,4,169,,RUNNING,1424,1148,9.046479,22408.870995,1780.000000,no_warm_container
157313,req-85,dag_0005,dag_0005_fn_006,cold_start,host-4,ctr-315,1235,6,245,,RUNNING,1548,1043,12.782703,17529.653597,1935.000000,no_warm_container
158799,req-85,dag_0005,dag_0005_fn_010,cold_start,host-6,ctr-316,778,8,192,,RUNNING,1446,1444,20.508260,21610.500723,1807.500000,no_warm_container
159777,req-85,dag_0005,dag_0005_fn_013,cold_start,host-18,ctr-318,838,9,391,,RUNNING,2050,2686,16.572930,15539.827759,2562.500000,no_warm_container
160745,req-87,dag_0012,dag_0012_fn_010,cold_start,host-11,ctr-319,818,0,209,,RUNNING,872,872,0.000000,,1090.000000,no_warm_container
161772,req-87,dag_0012,dag_0012_fn_012,warm_reuse,host-8,ctr-264,0,14,388,IDLE,RUNNING,2309,2949,10.740312,6369.003974,2886.250000,warm_container_available
162174,req-87,dag_0012,dag_0012_fn_013,warm_reuse,host-2,ctr-266,0,10,134,IDLE,RUNNING,946,1015,27.879769,23008.816567,1182.500000,warm_container_available
161927,req-88,dag_0010,dag_0010_fn_004,cold_start,host-5,ctr-320,1270,0,166,,RUNNING,1387,874,0.000000,,1733.750000,no_warm_container
163363,req-88,dag_0010,dag_0010_fn_011,warm_reuse,host-14,ctr-321,0,15,143,IDLE,RUNNING,1067,1016,11.385418,6454.981141,1333.750000,warm_container_available
163521,req-88,dag_0010,dag_0010_fn_012,warm_reuse,host-13,ctr-322,0,4,338,IDLE,RUNNING,2361,2606,7.039783,16313.147166,2951.250000,warm_container_available
163863,req-88,dag_0010,dag_0010_fn_013,warm_reuse,host-20,ctr-323,0,28,377,IDLE,RUNNING,1908,2224,18.487276,5448.346048,2385.000000,warm_container_available
162582,req-89,dag_0015,dag_0015_fn_007,cold_start,host-9,ctr-325,1368,0,211,,RUNNING,1401,746,0.000000,,1751.250000,no_warm_container
164268,req-88,dag_0010,dag_0010_fn_014,warm_reuse,host-17,ctr-324,0,11,404,IDLE,RUNNING,2129,2221,31.036224,23598.277270,2661.250000,warm_container_available
163257,req-90,dag_0002,dag_0002_fn_011,cold_start,host-6,ctr-326,1119,0,110,,RUNNING,1127,1100,0.000000,,1408.750000,no_warm_container
164161,req-89,dag_0015,dag_0015_fn_004,cold_start,host-23,ctr-327,821,13,366,,RUNNING,2471,2298,33.840261,21474.446308,3088.750000,no_warm_container
164351,req-91,dag_0003,dag_0003_fn_020,cold_start,host-24,ctr-328,904,0,277,,RUNNING,1303,1388,0.000000,,1628.750000,no_warm_container
164486,req-90,dag_0002,dag_0002_fn_006,cold_start,host-10,ctr-329,1065,7,277,,RUNNING,1900,2225,15.364348,18740.272580,2375.000000,no_warm_container
165361,req-89,dag_0015,dag_0015_fn_005,cold_start,host-1,ctr-335,681,11,240,,RUNNING,1682,1753,28.268505,22104.273250,2102.500000,no_warm_container
166293,req-92,dag_0011,dag_0011_fn_006,warm_reuse,host-7,ctr-262,0,0,273,IDLE,RUNNING,1806,2124,0.000000,,2257.500000,warm_container_available
166293,req-89,dag_0015,dag_0015_fn_006,warm_reuse,host-22,ctr-306,0,12,361,IDLE,RUNNING,1626,1583,33.415142,24011.121997,2032.500000,warm_container_available
165835,req-90,dag_0002,dag_0002_fn_007,cold_start,host-16,ctr-337,676,16,263,,RUNNING,1723,1949,33.515489,17522.409326,2153.750000,no_warm_container
166566,req-92,dag_0011,dag_0011_fn_011,warm_reuse,host-3,ctr-214,0,27,285,IDLE,RUNNING,973,1558,14.722002,4477.928063,1216.250000,warm_container_available
166666,req-89,dag_0015,dag_0015_fn_008,warm_reuse,host-3,ctr-307,0,19,179,IDLE,RUNNING,1227,904,25.449310,11039.075824,1533.750000,warm_container_available
166790,req-90,dag_0002,dag_0002_fn_029,warm_reuse,host-4,ctr-302,0,35,348,IDLE,RUNNING,1694,2261,29.333775,6809.339680,2117.500000,warm_container_available
166878,req-92,dag_0011,dag_0011_fn_012,warm_reuse,host-22,ctr-209,0,13,168,IDLE,RUNNING,831,1049,23.067503,15119.332154,1038.750000,warm_container_available
165532,req-91,dag_0003,dag_0003_fn_028,cold_start,host-14,ctr-336,1440,38,264,,RUNNING,1867,1188,16.346092,3485.693727,2333.750000,no_warm_container
167059,req-92,dag_0011,dag_0011_fn_013,warm_reuse,host-5,ctr-210,0,13,228,IDLE,RUNNING,1019,563,27.069235,17639.845128,1273.750000,warm_container_available
167173,req-90,dag_0002,dag_0002_fn_030,warm_reuse,host-12,ctr-303,0,17,424,IDLE,RUNNING,2022,2269,22.307476,11083.198176,2527.500000,warm_container_available
167274,req-91,dag_0003,dag_0003_fn_029,warm_reuse,host-20,ctr-332,0,7,251,IDLE,RUNNING,1746,1249,16.513362,20947.982970,2182.500000,warm_container_available
167300,req-92,dag_0011,dag_0011_fn_014,warm_reuse,host-18,ctr-211,0,19,256,IDLE,RUNNING,1646,1241,26.999585,11759.303755,2057.500000,warm_container_available
167532,req-91,dag_0003,dag_0003_fn_030,warm_reuse,host-21,ctr-333,0,11,213,IDLE,RUNNING,1436,813,26.111300,18991.416523,1795.000000,warm_container_available
168640,req-93,dag_0018,dag_0018_fn_003,cold_start,host-3,ctr-338,636,0,328,,RUNNING,2263,2580,0.000000,,2828.750000,no_warm_container
169604,req-93,dag_0018,dag_0018_fn_004,cold_start,host-15,ctr-339,1538,7,251,,RUNNING,1334,1505,15.018022,19807.880776,1667.500000,no_warm_container
171264,req-94,dag_0009,dag_0009_fn_012,cold_start,host-1,ctr-341,567,0,176,,RUNNING,1223,1424,0.000000,,1528.750000,no_warm_container
171400,req-93,dag_0018,dag_0018_fn_005,cold_start,host-16,ctr-342,589,23,157,,RUNNING,1167,1365,11.976465,4193.645588,1458.750000,no_warm_container
172007,req-94,dag_0009,dag_0009_fn_004,cold_start,host-10,ctr-343,1013,12,424,,RUNNING,2285,2568,31.378274,22752.907726,2856.250000,no_warm_container
173456,req-94,dag_0009,dag_0009_fn_014,warm_reuse,host-15,ctr-253,0,5,239,IDLE,RUNNING,1630,1533,11.504602,19583.238345,2037.500000,warm_container_available
172613,req-95,dag_0014,dag_0014_fn_001,cold_start,host-12,ctr-344,1384,0,336,,RUNNING,2431,2920,0.000000,,3038.750000,no_warm_container
174333,req-95,dag_0014,dag_0014_fn_002,cold_start,host-5,ctr-349,1589,8,329,,RUNNING,2010,2414,7.969419,8098.820478,2512.500000,no_warm_container
175933,req-96,dag_0005,dag_0005_fn_007,warm_reuse,host-22,ctr-245,0,0,367,IDLE,RUNNING,2124,2384,0.000000,,2655.000000,warm_container_available
176259,req-95,dag_0014,dag_0014_fn_003,warm_reuse,host-19,ctr-346,0,3,329,IDLE,RUNNING,1537,1482,8.548646,23133.657012,1921.250000,warm_container_available
176300,req-96,dag_0005,dag_0005_fn_005,warm_reuse,host-18,ctr-314,0,4,169,IDLE,RUNNING,1424,1148,9.046479,22408.870995,1780.000000,warm_container_available
176473,req-96,dag_0005,dag_0005_fn_006,warm_reuse,host-4,ctr-315,0,6,245,IDLE,RUNNING,1548,1043,12.782703,17529.653597,1935.000000,warm_container_available
176591,req-95,dag_0014,dag_0014_fn_008,warm_reuse,host-8,ctr-347,0,3,352,IDLE,RUNNING,1423,1918,8.353655,22495.302010,1778.750000,warm_container_available
176724,req-96,dag_0005,dag_0005_fn_010,warm_reuse,host-6,ctr-316,0,8,192,IDLE,RUNNING,1446,1444,20.508260,21610.500723,1807.500000,warm_container_available
176924,req-96,dag_0005,dag_0005_fn_013,warm_reuse,host-6,ctr-317,0,0,391,IDLE,RUNNING,2050,2686,16.572930,,2562.500000,warm_container_available
176946,req-95,dag_0014,dag_0014_fn_009,warm_reuse,host-21,ctr-348,0,4,335,IDLE,RUNNING,1851,2312,9.152835,19643.239847,2313.750000,warm_container_available
178994,req-97,dag_0002,dag_0002_fn_012,cold_start,host-9,ctr-350,1372,0,300,,RUNNING,1989,1467,0.000000,,2486.250000,no_warm_container
179991,req-98,dag_0020,dag_0020_fn_001,cold_start,host-19,ctr-351,543,0,193,,RUNNING,1383,1585,0.000000,,1728.750000,no_warm_container
180727,req-98,dag_0020,dag_0020_fn_003,cold_start,host-19,ctr-359,1328,0,322,,RUNNING,2265,2314,26.368483,,2831.250000,no_warm_container
180666,req-97,dag_0002,dag_0002_fn_008,cold_start,host-1,ctr-358,1561,6,293,,RUNNING,1692,2022,7.980514,11468.894014,2115.000000,no_warm_container
182377,req-98,dag_0020,dag_0020_fn_004,warm_reuse,host-16,ctr-357,0,9,185,IDLE,RUNNING,1400,1104,17.965145,17881.140467,1750.000000,warm_container_available
181063,req-99,dag_0003,dag_0003_fn_018,cold_start,host-14,ctr-360,1370,0,408,,RUNNING,1840,2189,0.000000,,2300.000000,no_warm_container
182526,req-97,dag_0002,dag_0002_fn_014,warm_reuse,host-23,ctr-355,0,12,289,IDLE,RUNNING,2107,1863,22.696604,16296.749515,2633.750000,warm_container_available
181927,req-100,dag_0010,dag_0010_fn_002,cold_start,host-15,ctr-361,713,0,211,,RUNNING,1360,897,0.000000,,1700.000000,no_warm_container
182841,req-99,dag_0003,dag_0003_fn_028,warm_reuse,host-24,ctr-331,0,8,264,IDLE,RUNNING,1867,1188,24.085188,24213.100923,2333.750000,warm_container_available
182827,req-97,dag_0002,dag_0002_fn_009,warm_reuse,host-17,ctr-353,0,42,262,IDLE,RUNNING,1091,1460,27.518717,5289.124068,1363.750000,warm_container_available
183113,req-99,dag_0003,dag_0003_fn_029,warm_reuse,host-20,ctr-332,0,12,251,IDLE,RUNNING,1746,1249,16.513362,11110.620959,2182.500000,warm_container_available
183131,req-97,dag_0002,dag_0002_fn_010,warm_reuse,host-13,ctr-354,0,7,305,IDLE,RUNNING,1128,1630,19.973001,22859.220499,1410.000000,warm_container_available
183376,req-99,dag_0003,dag_0003_fn_030,warm_reuse,host-21,ctr-333,0,11,213,IDLE,RUNNING,1436,813,26.111300,18991.416523,1795.000000,warm_container_available
183443,req-97,dag_0002,dag_0002_fn_029,warm_reuse,host-4,ctr-302,0,8,348,IDLE,RUNNING,1694,2261,18.545680,20871.278489,2117.500000,warm_container_available
183799,req-97,dag_0002,dag_0002_fn_030,warm_reuse,host-12,ctr-303,0,17,424,IDLE,RUNNING,2022,2269,22.307476,11083.198176,2527.500000,warm_container_available
182851,req-100,dag_0010,dag_0010_fn_008,cold_start,host-18,ctr-362,1446,29,165,,RUNNING,1022,581,6.653566,1880.845876,1277.500000,no_warm_container
184491,req-100,dag_0010,dag_0010_fn_013,warm_reuse,host-20,ctr-323,0,10,377,IDLE,RUNNING,1908,2224,12.081508,10527.234805,2385.000000,warm_container_available
184878,req-100,dag_0010,dag_0010_fn_014,warm_reuse,host-17,ctr-324,0,11,404,IDLE,RUNNING,2129,2221,31.036224,23598.277270,2661.250000,warm_container_available
186433,req-101,dag_0012,dag_0012_fn_009,cold_start,host-13,ctr-363,1591,0,170,,RUNNING,1427,1225,0.000000,,1783.750000,no_warm_container
188194,req-101,dag_0012,dag_0012_fn_012,cold_start,host-8,ctr-364,851,14,388,,RUNNING,2309,2949,13.341765,8154.051959,2886.250000,no_warm_container
189447,req-101,dag_0012,dag_0012_fn_013,cold_start,host-14,ctr-366,1300,89,134,,RUNNING,946,1015,27.879769,2526.275018,1182.500000,no_warm_container
194064,req-102,dag_0007,dag_0007_fn_015,cold_start,host-3,ctr-367,1244,0,127,,RUNNING,1330,692,0.000000,,1662.500000,no_warm_container
195055,req-103,dag_0011,dag_0011_fn_004,cold_start,host-10,ctr-372,935,0,331,,RUNNING,2275,2314,0.000000,,2843.750000,no_warm_container
195435,req-102,dag_0007,dag_0007_fn_016,cold_start,host-1,ctr-373,741,23,389,,RUNNING,1647,2039,34.398042,11980.971473,2058.750000,no_warm_container
196588,req-102,dag_0007,dag_0007_fn_017,warm_reuse,host-3,ctr-369,0,6,182,IDLE,RUNNING,1217,641,16.308849,21754.675022,1521.250000,warm_container_available
195511,req-104,dag_0003,dag_0003_fn_026,cold_start,host-24,ctr-374,1143,0,393,,RUNNING,1907,2324,0.000000,,2383.750000,no_warm_container
196776,req-102,dag_0007,dag_0007_fn_018,warm_reuse,host-15,ctr-370,0,11,381,IDLE,RUNNING,1850,1873,26.303743,19807.880776,2312.500000,warm_container_available
197168,req-102,dag_0007,dag_0007_fn_019,warm_reuse,host-16,ctr-371,0,48,383,IDLE,RUNNING,2457,2786,24.763478,4193.645588,3071.250000,warm_container_available
196321,req-103,dag_0011,dag_0011_fn_011,cold_start,host-2,ctr-375,1298,17,285,,RUNNING,973,1558,31.073613,14750.822802,1216.250000,no_warm_container
196570,req-105,dag_0002,dag_0002_fn_020,cold_start,host-2,ctr-376,1305,0,265,,RUNNING,1344,916,0.000000,,1680.000000,no_warm_container
197047,req-104,dag_0003,dag_0003_fn_027,cold_start,host-5,ctr-377,896,17,107,,RUNNING,1168,350,29.814858,14386.255584,1460.000000,no_warm_container
198067,req-104,dag_0003,dag_0003_fn_028,warm_reuse,host-24,ctr-331,0,16,264,IDLE,RUNNING,1867,1188,21.153485,11166.511284,2333.750000,warm_container_available
198347,req-104,dag_0003,dag_0003_fn_029,warm_reuse,host-20,ctr-332,0,12,251,IDLE,RUNNING,1746,1249,16.513362,11110.620959,2182.500000,warm_container_available
197921,req-103,dag_0011,dag_0011_fn_012,cold_start,host-22,ctr-378,611,13,168,,RUNNING,831,1049,23.067503,15323.466459,1038.750000,no_warm_container
198610,req-104,dag_0003,dag_0003_fn_030,warm_reuse,host-21,ctr-333,0,11,213,IDLE,RUNNING,1436,813,26.111300,18991.416523,1795.000000,warm_container_available
198140,req-105,dag_0002,dag_0002_fn_021,cold_start,host-6,ctr-383,1016,9,242,,RUNNING,1805,1676,20.618479,19016.447829,2256.250000,no_warm_container
199407,req-105,dag_0002,dag_0002_fn_019,warm_reuse,host-6,ctr-379,0,0,195,IDLE,RUNNING,1424,1209,11.580609,,1780.000000,warm_container_available
199602,req-105,dag_0002,dag_0002_fn_029,warm_reuse,host-4,ctr-302,0,18,348,IDLE,RUNNING,1694,2261,30.862580,13975.542262,2117.500000,warm_container_available
198713,req-103,dag_0011,dag_0011_fn_013,cold_start,host-21,ctr-384,978,13,228,,RUNNING,1019,563,27.069235,17960.675929,1273.750000,no_warm_container
199932,req-103,dag_0011,dag_0011_fn_014,warm_reuse,host-5,ctr-382,0,42,256,IDLE,RUNNING,1646,1241,26.999585,5161.364519,2057.500000,warm_container_available
199968,req-105,dag_0002,dag_0002_fn_030,warm_reuse,host-12,ctr-303,0,17,424,IDLE,RUNNING,2022,2269,22.307476,11083.198176,2527.500000,warm_container_available
198904,req-106,dag_0009,dag_0009_fn_001,cold_start,host-4,ctr-385,1223,0,146,,RUNNING,852,1073,0.000000,,1065.000000,no_warm_container
200273,req-106,dag_0009,dag_0009_fn_002,cold_start,host-9,ctr-386,1374,8,175,,RUNNING,889,522,10.651236,11704.051401,1111.250000,no_warm_container
201927,req-107,dag_0010,dag_0010_fn_004,cold_start,host-18,ctr-389,1270,0,166,,RUNNING,1387,874,0.000000,,1733.750000,no_warm_container
201830,req-106,dag_0009,dag_0009_fn_014,cold_start,host-12,ctr-388,1371,13,239,,RUNNING,1630,1533,24.384062,15984.998180,2037.500000,no_warm_container
203363,req-107,dag_0010,dag_0010_fn_011,cold_start,host-11,ctr-390,498,5,143,,RUNNING,1067,1016,11.385418,20704.483897,1333.750000,no_warm_container
203467,req-108,dag_0013,dag_0013_fn_008,cold_start,host-23,ctr-391,1571,0,299,,RUNNING,1408,1882,0.000000,,1760.000000,no_warm_container
204009,req-107,dag_0010,dag_0010_fn_012,cold_start,host-11,ctr-395,1113,0,338,,RUNNING,2361,2606,7.039783,,2951.250000,no_warm_container
204130,req-109,dag_0005,dag_0005_fn_007,cold_start,host-23,ctr-396,1275,0,367,,RUNNING,2124,2384,0.000000,,2655.000000,no_warm_container
204515,req-110,dag_0015,dag_0015_fn_001,cold_start,host-13,ctr-397,1443,0,385,,RUNNING,2180,2731,0.000000,,2725.000000,no_warm_container
205772,req-109,dag_0005,dag_0005_fn_016,cold_start,host-15,ctr-400,618,3,226,,RUNNING,860,531,9.046479,24219.897885,1075.000000,no_warm_container
205337,req-108,dag_0013,dag_0013_fn_007,cold_start,host-1,ctr-398,1110,4,338,,RUNNING,1380,1249,8.345903,22104.273250,1725.000000,no_warm_container
205460,req-107,dag_0010,dag_0010_fn_013,cold_start,host-20,ctr-399,1006,25,377,,RUNNING,1908,2224,18.487276,6127.944144,2385.000000,no_warm_container
206789,req-108,dag_0013,dag_0013_fn_010,warm_reuse,host-14,ctr-394,0,20,273,IDLE,RUNNING,1853,1407,16.989637,6868.475392,2316.250000,warm_container_available
206343,req-110,dag_0015,dag_0015_fn_006,cold_start,host-17,ctr-401,1011,18,361,,RUNNING,1626,1583,12.985388,5880.846034,2032.500000,no_warm_container
206868,req-107,dag_0010,dag_0010_fn_014,cold_start,host-7,ctr-403,1184,36,404,,RUNNING,2129,2221,31.036224,6984.466098,2661.250000,no_warm_container
206619,req-109,dag_0005,dag_0005_fn_003,cold_start,host-17,ctr-402,1599,11,199,,RUNNING,1609,1529,16.253019,12574.500229,2011.250000,no_warm_container
208428,req-109,dag_0005,dag_0005_fn_012,warm_reuse,host-8,ctr-404,0,12,316,IDLE,RUNNING,2372,2377,20.466084,14505.328543,2965.000000,warm_container_available
208552,req-111,dag_0013,dag_0013_fn_008,warm_reuse,host-23,ctr-391,0,0,299,IDLE,RUNNING,1408,1882,0.000000,,1760.000000,warm_container_available
208756,req-109,dag_0005,dag_0005_fn_013,warm_reuse,host-2,ctr-405,0,12,391,IDLE,RUNNING,2050,2686,32.436835,23008.816567,2562.500000,warm_container_available
207733,req-110,dag_0015,dag_0015_fn_008,cold_start,host-18,ctr-407,1082,10,179,,RUNNING,1227,904,25.449310,22602.281420,1533.750000,no_warm_container
208851,req-111,dag_0013,dag_0013_fn_009,warm_reuse,host-7,ctr-393,0,6,179,IDLE,RUNNING,976,1261,8.345903,12412.311552,1220.000000,warm_container_available
209036,req-111,dag_0013,dag_0013_fn_010,warm_reuse,host-14,ctr-394,0,10,273,IDLE,RUNNING,1853,1407,27.427542,22475.550793,2316.250000,warm_container_available
213948,req-114,dag_0011,dag_0011_fn_004,warm_reuse,host-10,ctr-372,0,0,331,IDLE,RUNNING,2275,2314,0.000000,,2843.750000,warm_container_available
212624,req-112,dag_0012,dag_0012_fn_009,cold_start,host-14,ctr-408,1591,0,170,,RUNNING,1427,1225,0.000000,,1783.750000,no_warm_container
212882,req-113,dag_0002,dag_0002_fn_012,cold_start,host-13,ctr-409,1372,0,300,,RUNNING,1989,1467,0.000000,,2486.250000,no_warm_container
214279,req-114,dag_0011,dag_0011_fn_011,warm_reuse,host-2,ctr-375,0,17,285,IDLE,RUNNING,973,1558,31.073613,14750.822802,1216.250000,warm_container_available
214385,req-112,dag_0012,dag_0012_fn_012,warm_reuse,host-4,ctr-414,0,52,388,IDLE,RUNNING,2309,2949,13.341765,2052.776251,2886.250000,warm_container_available
214581,req-114,dag_0011,dag_0011_fn_012,warm_reuse,host-22,ctr-378,0,13,168,IDLE,RUNNING,831,1049,23.067503,15323.466459,1038.750000,warm_container_available
214762,req-114,dag_0011,dag_0011_fn_013,warm_reuse,host-21,ctr-384,0,13,228,IDLE,RUNNING,1019,563,27.069235,17960.675929,1273.750000,warm_container_available
214825,req-112,dag_0012,dag_0012_fn_013,warm_reuse,host-3,ctr-415,0,14,134,IDLE,RUNNING,946,1015,27.879769,16574.091290,1182.500000,warm_container_available
215003,req-114,dag_0011,dag_0011_fn_014,warm_reuse,host-5,ctr-382,0,42,256,IDLE,RUNNING,1646,1241,26.999585,5161.364519,2057.500000,warm_container_available
214554,req-113,dag_0002,dag_0002_fn_008,cold_start,host-22,ctr-416,1561,3,293,,RUNNING,1692,2022,7.980514,22566.508253,2115.000000,no_warm_container
216411,req-113,dag_0002,dag_0002_fn_014,warm_reuse,host-9,ctr-413,0,16,289,IDLE,RUNNING,2107,1863,22.696604,11604.525966,2633.750000,warm_container_available
216716,req-113,dag_0002,dag_0002_fn_009,warm_reuse,host-21,ctr-411,0,22,262,IDLE,RUNNING,1091,1460,27.518717,10306.206153,1363.750000,warm_container_available
217000,req-113,dag_0002,dag_0002_fn_010,warm_reuse,host-16,ctr-412,0,49,305,IDLE,RUNNING,1128,1630,19.973001,3308.186299,1410.000000,warm_container_available
217354,req-113,dag_0002,dag_0002_fn_029,warm_reuse,host-4,ctr-302,0,22,348,IDLE,RUNNING,1694,2261,18.545680,6809.339680,2117.500000,warm_container_available
216070,req-115,dag_0003,dag_0003_fn_019,cold_start,host-3,ctr-417,1324,0,372,,RUNNING,1425,1924,0.000000,,1781.250000,no_warm_container
217724,req-113,dag_0002,dag_0002_fn_030,warm_reuse,host-12,ctr-303,0,17,424,IDLE,RUNNING,2022,2269,22.307476,11083.198176,2527.500000,warm_container_available
217766,req-115,dag_0003,dag_0003_fn_028,warm_reuse,host-24,ctr-331,0,9,264,IDLE,RUNNING,1867,1188,17.851401,16671.486553,2333.750000,warm_container_available
218039,req-115,dag_0003,dag_0003_fn_029,warm_reuse,host-20,ctr-332,0,12,251,IDLE,RUNNING,1746,1249,16.513362,11110.620959,2182.500000,warm_container_available
218302,req-115,dag_0003,dag_0003_fn_030,warm_reuse,host-21,ctr-333,0,11,213,IDLE,RUNNING,1436,813,26.111300,18991.416523,1795.000000,warm_container_available
219220,req-116,dag_0009,dag_0009_fn_012,cold_start,host-15,ctr-418,567,0,176,,RUNNING,1223,1424,0.000000,,1528.750000,no_warm_container
219963,req-116,dag_0009,dag_0009_fn_004,cold_start,host-16,ctr-419,1013,60,424,,RUNNING,2285,2568,31.378274,4193.645588,2856.250000,no_warm_container
221460,req-116,dag_0009,dag_0009_fn_014,warm_reuse,host-12,ctr-388,0,14,239,IDLE,RUNNING,1630,1533,11.504602,6857.821848,2037.500000,warm_container_available
221927,req-117,dag_0010,dag_0010_fn_004,warm_reuse,host-18,ctr-389,0,0,166,IDLE,RUNNING,1387,874,0.000000,,1733.750000,warm_container_available
222059,req-118,dag_0013,dag_0013_fn_008,warm_reuse,host-23,ctr-391,0,0,299,IDLE,RUNNING,1408,1882,0.000000,,1760.000000,warm_container_available
222093,req-117,dag_0010,dag_0010_fn_011,warm_reuse,host-11,ctr-390,0,5,143,IDLE,RUNNING,1067,1016,11.385418,20704.483897,1333.750000,warm_container_available
222241,req-117,dag_0010,dag_0010_fn_012,warm_reuse,host-11,ctr-395,0,0,338,IDLE,RUNNING,2361,2606,7.039783,,2951.250000,warm_container_available
222358,req-118,dag_0013,dag_0013_fn_007,warm_reuse,host-1,ctr-398,0,4,338,IDLE,RUNNING,1380,1249,8.345903,22104.273250,1725.000000,warm_container_available
222579,req-117,dag_0010,dag_0010_fn_013,warm_reuse,host-20,ctr-399,0,25,377,IDLE,RUNNING,1908,2224,18.487276,6127.944144,2385.000000,warm_container_available
222700,req-118,dag_0013,dag_0013_fn_010,warm_reuse,host-14,ctr-394,0,20,273,IDLE,RUNNING,1853,1407,16.989637,6868.475392,2316.250000,warm_container_available
222757,req-119,dag_0005,dag_0005_fn_007,warm_reuse,host-23,ctr-396,0,0,367,IDLE,RUNNING,2124,2384,0.000000,,2655.000000,warm_container_available
222981,req-117,dag_0010,dag_0010_fn_014,warm_reuse,host-7,ctr-403,0,36,404,IDLE,RUNNING,2129,2221,31.036224,6984.466098,2661.250000,warm_container_available
223364,req-120,dag_0011,dag_0011_fn_004,warm_reuse,host-10,ctr-372,0,0,331,IDLE,RUNNING,2275,2314,0.000000,,2843.750000,warm_container_available
223695,req-120,dag_0011,dag_0011_fn_011,warm_reuse,host-2,ctr-375,0,17,285,IDLE,RUNNING,973,1558,31.073613,14750.822802,1216.250000,warm_container_available
223124,req-119,dag_0005,dag_0005_fn_005,cold_start,host-6,ctr-420,841,32,169,,RUNNING,1424,1148,9.046479,2303.125916,1780.000000,no_warm_container
223997,req-120,dag_0011,dag_0011_fn_012,warm_reuse,host-22,ctr-378,0,13,168,IDLE,RUNNING,831,1049,23.067503,15323.466459,1038.750000,warm_container_available
224178,req-120,dag_0011,dag_0011_fn_013,warm_reuse,host-21,ctr-384,0,13,228,IDLE,RUNNING,1019,563,27.069235,17960.675929,1273.750000,warm_container_available
224419,req-120,dag_0011,dag_0011_fn_014,warm_reuse,host-5,ctr-382,0,42,256,IDLE,RUNNING,1646,1241,26.999585,5161.364519,2057.500000,warm_container_available
225254,req-121,dag_0012,dag_0012_fn_009,warm_reuse,host-14,ctr-408,0,0,170,IDLE,RUNNING,1427,1225,0.000000,,1783.750000,warm_container_available
224166,req-119,dag_0005,dag_0005_fn_006,cold_start,host-1,ctr-421,1235,5,245,,RUNNING,1548,1043,12.782703,24397.449453,1935.000000,no_warm_container
225424,req-121,dag_0012,dag_0012_fn_012,warm_reuse,host-4,ctr-414,0,52,388,IDLE,RUNNING,2309,2949,13.341765,2052.776251,2886.250000,warm_container_available
225864,req-121,dag_0012,dag_0012_fn_013,warm_reuse,host-3,ctr-415,0,14,134,IDLE,RUNNING,946,1015,27.879769,16574.091290,1182.500000,warm_container_available
225651,req-119,dag_0005,dag_0005_fn_010,cold_start,host-5,ctr-423,778,21,192,,RUNNING,1446,1444,20.508260,7974.537795,1807.500000,no_warm_container
226642,req-119,dag_0005,dag_0005_fn_013,warm_reuse,host-2,ctr-405,0,9,391,IDLE,RUNNING,2050,2686,16.572930,15243.301631,2562.500000,warm_container_available
228215,req-123,dag_0013,dag_0013_fn_008,warm_reuse,host-23,ctr-391,0,0,299,IDLE,RUNNING,1408,1882,0.000000,,1760.000000,warm_container_available
228514,req-123,dag_0013,dag_0013_fn_009,warm_reuse,host-7,ctr-393,0,6,179,IDLE,RUNNING,976,1261,8.345903,12412.311552,1220.000000,warm_container_available
227875,req-122,dag_0001,dag_0001_fn_001,cold_start,host-15,ctr-424,786,0,234,,RUNNING,1428,1048,0.000000,,1785.000000,no_warm_container
228699,req-123,dag_0013,dag_0013_fn_010,warm_reuse,host-14,ctr-394,0,10,273,IDLE,RUNNING,1853,1407,27.427542,22475.550793,2316.250000,warm_container_available
228895,req-122,dag_0001,dag_0001_fn_025,cold_start,host-13,ctr-428,1218,7,293,,RUNNING,1745,1928,18.482314,23684.125553,2181.250000,no_warm_container
229893,req-124,dag_0003,dag_0003_fn_008,cold_start,host-8,ctr-429,879,0,418,,RUNNING,2083,2754,0.000000,,2603.750000,no_warm_container
231178,req-125,dag_0013,dag_0013_fn_008,warm_reuse,host-23,ctr-391,0,0,299,IDLE,RUNNING,1408,1882,0.000000,,1760.000000,warm_container_available
231190,req-124,dag_0003,dag_0003_fn_028,warm_reuse,host-24,ctr-331,0,10,264,IDLE,RUNNING,1867,1188,26.159446,21283.019833,2333.750000,warm_container_available
231464,req-124,dag_0003,dag_0003_fn_029,warm_reuse,host-20,ctr-332,0,12,251,IDLE,RUNNING,1746,1249,16.513362,11110.620959,2182.500000,warm_container_available
230413,req-122,dag_0001,dag_0001_fn_002,cold_start,host-18,ctr-430,1123,20,165,,RUNNING,780,630,21.822820,8968.302625,975.000000,no_warm_container
231727,req-124,dag_0003,dag_0003_fn_030,warm_reuse,host-21,ctr-333,0,11,213,IDLE,RUNNING,1436,813,26.111300,18991.416523,1795.000000,warm_container_available
231721,req-122,dag_0001,dag_0001_fn_003,cold_start,host-19,ctr-434,1042,4,146,,RUNNING,1144,1308,9.504287,19736.082845,1430.000000,no_warm_container
231477,req-125,dag_0013,dag_0013_fn_001,cold_start,host-9,ctr-432,1413,5,303,,RUNNING,1577,1927,8.345903,13841.803466,1971.250000,no_warm_container
232913,req-122,dag_0001,dag_0001_fn_032,warm_reuse,host-24,ctr-427,0,4,289,IDLE,RUNNING,1082,1300,9.411823,18843.218941,1352.500000,warm_container_available
231692,req-126,dag_0015,dag_0015_fn_007,cold_start,host-18,ctr-433,1368,0,211,,RUNNING,1401,746,0.000000,,1751.250000,no_warm_container
233198,req-125,dag_0013,dag_0013_fn_010,warm_reuse,host-14,ctr-394,0,31,273,IDLE,RUNNING,1853,1407,7.762459,2037.536986,2316.250000,warm_container_available
232684,req-127,dag_0009,dag_0009_fn_001,cold_start,host-10,ctr-435,1223,0,146,,RUNNING,852,1073,0.000000,,1065.000000,no_warm_container
233271,req-126,dag_0015,dag_0015_fn_004,cold_start,host-3,ctr-436,821,52,366,,RUNNING,2471,2298,33.840261,5239.880644,3088.750000,no_warm_container
234510,req-126,dag_0015,dag_0015_fn_005,cold_start,host-24,ctr-442,681,14,240,,RUNNING,1682,1753,28.268505,16671.486553,2102.500000,no_warm_container
234053,req-127,dag_0009,dag_0009_fn_002,cold_start,host-1,ctr-441,1374,10,175,,RUNNING,889,522,10.651236,8701.129502,1111.250000,no_warm_container
235445,req-126,dag_0015,dag_0015_fn_006,warm_reuse,host-6,ctr-439,0,54,361,IDLE,RUNNING,1626,1583,33.415142,5020.687992,2032.500000,warm_container_available
235612,req-127,dag_0009,dag_0009_fn_014,warm_reuse,host-12,ctr-388,0,93,239,IDLE,RUNNING,1630,1533,24.384062,2099.606100,2037.500000,warm_container_available
235860,req-126,dag_0015,dag_0015_fn_008,warm_reuse,host-17,ctr-440,0,11,179,IDLE,RUNNING,1227,904,25.449310,18643.369495,1533.750000,warm_container_available
241927,req-129,dag_0010,dag_0010_fn_004,warm_reuse,host-18,ctr-389,0,0,166,IDLE,RUNNING,1387,874,0.000000,,1733.750000,warm_container_available
242093,req-129,dag_0010,dag_0010_fn_011,warm_reuse,host-11,ctr-390,0,5,143,IDLE,RUNNING,1067,1016,11.385418,20704.483897,1333.750000,warm_container_available
242241,req-129,dag_0010,dag_0010_fn_012,warm_reuse,host-11,ctr-395,0,0,338,IDLE,RUNNING,2361,2606,7.039783,,2951.250000,warm_container_available
241602,req-128,dag_0019,dag_0019_fn_001,cold_start,host-9,ctr-443,894,0,200,,RUNNING,1206,1506,0.000000,,1507.500000,no_warm_container
242579,req-129,dag_0010,dag_0010_fn_013,warm_reuse,host-20,ctr-399,0,25,377,IDLE,RUNNING,1908,2224,18.487276,6127.944144,2385.000000,warm_container_available
242981,req-129,dag_0010,dag_0010_fn_014,warm_reuse,host-7,ctr-403,0,36,404,IDLE,RUNNING,2129,2221,31.036224,6984.466098,2661.250000,warm_container_available
242696,req-128,dag_0019,dag_0019_fn_003,cold_start,host-16,ctr-444,1534,27,265,,RUNNING,1478,1606,20.483005,6294.379999,1847.500000,no_warm_container
244357,req-130,dag_0014,dag_0014_fn_001,cold_start,host-10,ctr-445,1384,0,336,,RUNNING,2431,2920,0.000000,,3038.750000,no_warm_container
246077,req-130,dag_0014,dag_0014_fn_002,cold_start,host-21,ctr-450,1589,9,329,,RUNNING,2010,2414,7.969419,7338.567846,2512.500000,no_warm_container
248004,req-130,dag_0014,dag_0014_fn_003,warm_reuse,host-1,ctr-447,0,4,329,IDLE,RUNNING,1537,1482,8.548646,22457.202118,1921.250000,warm_container_available
248337,req-130,dag_0014,dag_0014_fn_008,warm_reuse,host-22,ctr-448,0,3,352,IDLE,RUNNING,1423,1918,8.353655,24011.121997,1778.750000,warm_container_available
248692,req-130,dag_0014,dag_0014_fn_009,warm_reuse,host-23,ctr-449,0,14,335,IDLE,RUNNING,1851,2312,9.152835,5298.007277,2313.750000,warm_container_available
248318,req-131,dag_0005,dag_0005_fn_007,cold_start,host-2,ctr-451,1275,0,367,,RUNNING,2124,2384,0.000000,,2655.000000,no_warm_container
249492,req-132,dag_0003,dag_0003_fn_010,cold_start,host-6,ctr-456,422,0,169,,RUNNING,1361,598,0.000000,,1701.250000,no_warm_container
249960,req-131,dag_0005,dag_0005_fn_016,cold_start,host-12,ctr-457,618,23,226,,RUNNING,860,531,9.046479,3254.174263,1075.000000,no_warm_container
250083,req-132,dag_0003,dag_0003_fn_011,cold_start,host-15,ctr-458,497,22,165,,RUNNING,1209,953,8.517297,3230.840925,1511.250000,no_warm_container
250767,req-132,dag_0003,dag_0003_fn_012,cold_start,host-13,ctr-459,795,9,358,,RUNNING,1695,2132,25.768738,23684.125553,2118.750000,no_warm_container
250827,req-131,dag_0005,dag_0005_fn_003,cold_start,host-14,ctr-460,1599,35,199,,RUNNING,1609,1529,16.253019,3789.163071,2011.250000,no_warm_container
251929,req-132,dag_0003,dag_0003_fn_014,cold_start,host-13,ctr-461,1305,0,134,,RUNNING,954,641,9.239683,,1192.500000,no_warm_container
252660,req-131,dag_0005,dag_0005_fn_012,cold_start,host-21,ctr-466,1135,10,316,,RUNNING,2372,2377,20.466084,16985.908266,2965.000000,no_warm_container
254121,req-131,dag_0005,dag_0005_fn_013,warm_reuse,host-16,ctr-455,0,79,391,IDLE,RUNNING,2050,2686,32.436835,3308.186299,2562.500000,warm_container_available
253883,req-133,dag_0018,dag_0018_fn_003,cold_start,host-19,ctr-468,636,0,328,,RUNNING,2263,2580,0.000000,,2828.750000,no_warm_container
253368,req-132,dag_0003,dag_0003_fn_028,cold_start,host-17,ctr-467,1440,18,264,,RUNNING,1867,1188,12.598050,5880.846034,2333.750000,no_warm_container
255090,req-132,dag_0003,dag_0003_fn_029,warm_reuse,host-23,ctr-463,0,13,251,IDLE,RUNNING,1746,1249,16.513362,10624.987257,2182.500000,warm_container_available
255354,req-132,dag_0003,dag_0003_fn_030,warm_reuse,host-8,ctr-464,0,17,213,IDLE,RUNNING,1436,813,26.111300,12761.842568,1795.000000,warm_container_available
254547,req-134,dag_0015,dag_0015_fn_007,cold_start,host-9,ctr-469,1368,0,211,,RUNNING,1401,746,0.000000,,1751.250000,no_warm_container
256126,req-134,dag_0015,dag_0015_fn_004,warm_reuse,host-3,ctr-471,0,260,366,IDLE,RUNNING,2471,2298,33.840261,1042.382942,3088.750000,warm_container_available
254847,req-133,dag_0018,dag_0018_fn_004,cold_start,host-18,ctr-470,1538,22,251,,RUNNING,1334,1505,15.018022,5702.285114,1667.500000,no_warm_container
256658,req-133,dag_0018,dag_0018_fn_005,warm_reuse,host-15,ctr-472,0,42,157,IDLE,RUNNING,1167,1365,11.976465,2281.809807,1458.750000,warm_container_available
256752,req-134,dag_0015,dag_0015_fn_005,cold_start,host-24,ctr-473,681,14,240,,RUNNING,1682,1753,28.268505,16671.486553,2102.500000,no_warm_container
257687,req-134,dag_0015,dag_0015_fn_006,cold_start,host-12,ctr-474,1011,17,361,,RUNNING,1626,1583,33.415142,16264.296115,2032.500000,no_warm_container
259076,req-134,dag_0015,dag_0015_fn_008,cold_start,host-22,ctr-476,1082,12,179,,RUNNING,1227,904,25.449310,18343.449652,1533.750000,no_warm_container
260896,req-136,dag_0005,dag_0005_fn_007,warm_reuse,host-2,ctr-451,0,0,367,IDLE,RUNNING,2124,2384,0.000000,,2655.000000,warm_container_available
261263,req-136,dag_0005,dag_0005_fn_005,warm_reuse,host-5,ctr-452,0,9,169,IDLE,RUNNING,1424,1148,9.046479,9024.108827,1780.000000,warm_container_available
261441,req-136,dag_0005,dag_0005_fn_006,warm_reuse,host-19,ctr-453,0,5,245,IDLE,RUNNING,1548,1043,12.782703,23133.657012,1935.000000,warm_container_available
261691,req-136,dag_0005,dag_0005_fn_010,warm_reuse,host-5,ctr-454,0,8,192,IDLE,RUNNING,1446,1444,20.508260,22828.888370,1807.500000,warm_container_available
260262,req-135,dag_0013,dag_0013_fn_008,cold_start,host-1,ctr-477,1571,0,299,,RUNNING,1408,1882,0.000000,,1760.000000,no_warm_container
261891,req-136,dag_0005,dag_0005_fn_013,warm_reuse,host-16,ctr-455,0,86,391,IDLE,RUNNING,2050,2686,16.572930,1546.838593,2562.500000,warm_container_available
261927,req-138,dag_0010,dag_0010_fn_001,cold_start,host-4,ctr-481,624,0,305,,RUNNING,1870,1715,0.000000,,2337.500000,no_warm_container
261695,req-137,dag_0011,dag_0011_fn_004,cold_start,host-17,ctr-480,935,0,331,,RUNNING,2275,2314,0.000000,,2843.750000,no_warm_container
262132,req-135,dag_0013,dag_0013_fn_007,cold_start,host-2,ctr-482,1110,4,338,,RUNNING,1380,1249,8.345903,21189.262885,1725.000000,no_warm_container
263584,req-135,dag_0013,dag_0013_fn_010,warm_reuse,host-24,ctr-479,0,12,273,IDLE,RUNNING,1853,1407,16.989637,11988.408516,2316.250000,warm_container_available
262856,req-138,dag_0010,dag_0010_fn_007,cold_start,host-7,ctr-483,869,26,365,,RUNNING,1551,2231,10.767523,3316.520455,1938.750000,no_warm_container
262961,req-137,dag_0011,dag_0011_fn_011,cold_start,host-15,ctr-484,1298,26,285,,RUNNING,973,1558,31.073613,9567.989488,1216.250000,no_warm_container
263705,req-139,dag_0009,dag_0009_fn_001,cold_start,host-11,ctr-485,1223,0,146,,RUNNING,852,1073,0.000000,,1065.000000,no_warm_container
264570,req-137,dag_0011,dag_0011_fn_012,cold_start,host-9,ctr-491,611,82,168,,RUNNING,831,1049,23.067503,2264.895966,1038.750000,no_warm_container
265431,req-137,dag_0011,dag_0011_fn_013,warm_reuse,host-7,ctr-489,0,13,228,IDLE,RUNNING,1019,563,27.069235,16859.038140,1273.750000,warm_container_available
265672,req-137,dag_0011,dag_0011_fn_014,warm_reuse,host-11,ctr-490,0,21,256,IDLE,RUNNING,1646,1241,26.999585,10649.372827,2057.500000,warm_container_available
265184,req-141,dag_0012,dag_0012_fn_011,cold_start,host-10,ctr-494,615,0,245,,RUNNING,904,1365,0.000000,,1130.000000,no_warm_container
264822,req-140,dag_0003,dag_0003_fn_024,cold_start,host-20,ctr-492,1226,0,315,,RUNNING,1367,1242,0.000000,,1708.750000,no_warm_container
266363,req-140,dag_0003,dag_0003_fn_028,warm_reuse,host-8,ctr-462,0,14,264,IDLE,RUNNING,1867,1188,27.260867,16679.298471,2333.750000,warm_container_available
265074,req-139,dag_0009,dag_0009_fn_002,cold_start,host-16,ctr-493,1374,54,175,,RUNNING,889,522,10.651236,1589.498124,1111.250000,no_warm_container
266641,req-140,dag_0003,dag_0003_fn_029,warm_reuse,host-23,ctr-463,0,40,251,IDLE,RUNNING,1746,1249,16.513362,3335.855912,2182.500000,warm_container_available
266677,req-139,dag_0009,dag_0009_fn_014,warm_reuse,host-18,ctr-487,0,33,239,IDLE,RUNNING,1630,1533,24.384062,5989.402610,2037.500000,warm_container_available
266044,req-141,dag_0012,dag_0012_fn_012,cold_start,host-3,ctr-495,851,50,388,,RUNNING,2309,2949,25.615849,4173.147776,2886.250000,no_warm_container
266932,req-140,dag_0003,dag_0003_fn_030,warm_reuse,host-8,ctr-464,0,17,213,IDLE,RUNNING,1436,813,26.111300,12761.842568,1795.000000,warm_container_available
267333,req-141,dag_0012,dag_0012_fn_013,cold_start,host-10,ctr-497,1300,16,134,,RUNNING,946,1015,27.879769,14598.324480,1182.500000,no_warm_container
272246,req-142,dag_0002,dag_0002_fn_012,cold_start,host-13,ctr-498,1372,0,300,,RUNNING,1989,1467,0.000000,,2486.250000,no_warm_container
273582,req-143,dag_0020,dag_0020_fn_005,cold_start,host-4,ctr-505,1253,0,270,,RUNNING,1840,1242,0.000000,,2300.000000,no_warm_container
273918,req-142,dag_0002,dag_0002_fn_008,cold_start,host-15,ctr-506,1561,5,293,,RUNNING,1692,2022,7.980514,12889.933994,2115.000000,no_warm_container
275777,req-142,dag_0002,dag_0002_fn_014,warm_reuse,host-14,ctr-502,0,12,289,IDLE,RUNNING,2107,1863,22.696604,15663.234149,2633.750000,warm_container_available
275105,req-143,dag_0020,dag_0020_fn_006,cold_start,host-21,ctr-507,984,6,182,,RUNNING,889,434,8.022456,11428.889167,1111.250000,no_warm_container
276078,req-142,dag_0002,dag_0002_fn_009,warm_reuse,host-6,ctr-500,0,62,262,IDLE,RUNNING,1091,1460,27.518717,3607.256446,1363.750000,warm_container_available
276402,req-142,dag_0002,dag_0002_fn_010,warm_reuse,host-1,ctr-501,0,7,305,IDLE,RUNNING,1128,1630,19.973001,24397.449453,1410.000000,warm_container_available
276714,req-142,dag_0002,dag_0002_fn_029,warm_reuse,host-12,ctr-503,0,71,348,IDLE,RUNNING,1694,2261,18.545680,2099.606100,2117.500000,warm_container_available
277133,req-142,dag_0002,dag_0002_fn_030,warm_reuse,host-23,ctr-504,0,9,424,IDLE,RUNNING,2022,2269,22.307476,21738.362247,2527.500000,warm_container_available
280224,req-144,dag_0005,dag_0005_fn_007,warm_reuse,host-2,ctr-451,0,0,367,IDLE,RUNNING,2124,2384,0.000000,,2655.000000,warm_container_available
280591,req-144,dag_0005,dag_0005_fn_016,cold_start,host-21,ctr-508,618,6,226,,RUNNING,860,531,9.046479,12380.302027,1075.000000,no_warm_container
281927,req-145,dag_0010,dag_0010_fn_001,warm_reuse,host-4,ctr-481,0,0,305,IDLE,RUNNING,1870,1715,0.000000,,2337.500000,warm_container_available
282232,req-145,dag_0010,dag_0010_fn_007,warm_reuse,host-7,ctr-483,0,26,365,IDLE,RUNNING,1551,2231,10.767523,3316.520455,1938.750000,warm_container_available
281441,req-144,dag_0005,dag_0005_fn_003,cold_start,host-6,ctr-509,1599,6,199,,RUNNING,1609,1529,16.253019,22047.158174,2011.250000,no_warm_container
283245,req-144,dag_0005,dag_0005_fn_012,warm_reuse,host-19,ctr-510,0,14,316,IDLE,RUNNING,2372,2377,20.466084,12286.054661,2965.000000,warm_container_available
283575,req-144,dag_0005,dag_0005_fn_013,cold_start,host-17,ctr-511,838,100,391,,RUNNING,2050,2686,32.436835,2602.682929,2562.500000,no_warm_container
285725,req-146,dag_0009,dag_0009_fn_001,warm_reuse,host-11,ctr-485,0,0,146,IDLE,RUNNING,852,1073,0.000000,,1065.000000,warm_container_available
285871,req-146,dag_0009,dag_0009_fn_002,warm_reuse,host-16,ctr-493,0,54,175,IDLE,RUNNING,889,522,10.651236,1589.498124,1111.250000,warm_container_available
286100,req-146,dag_0009,dag_0009_fn_014,warm_reuse,host-18,ctr-487,0,33,239,IDLE,RUNNING,1630,1533,24.384062,5989.402610,2037.500000,warm_container_available
286165,req-147,dag_0002,dag_0002_fn_024,cold_start,host-5,ctr-512,1588,0,298,,RUNNING,1370,1197,0.000000,,1712.500000,no_warm_container
288051,req-147,dag_0002,dag_0002_fn_016,cold_start,host-9,ctr-516,1392,37,335,,RUNNING,1321,1621,29.715526,6536.486695,1651.250000,no_warm_container
289815,req-147,dag_0002,dag_0002_fn_009,warm_reuse,host-6,ctr-500,0,18,262,IDLE,RUNNING,1091,1460,18.205203,8545.036482,1363.750000,warm_container_available
290095,req-147,dag_0002,dag_0002_fn_010,warm_reuse,host-1,ctr-501,0,7,305,IDLE,RUNNING,1128,1630,19.973001,24397.449453,1410.000000,warm_container_available
290407,req-147,dag_0002,dag_0002_fn_029,warm_reuse,host-12,ctr-503,0,71,348,IDLE,RUNNING,1694,2261,18.545680,2099.606100,2117.500000,warm_container_available
290826,req-147,dag_0002,dag_0002_fn_030,warm_reuse,host-23,ctr-504,0,9,424,IDLE,RUNNING,2022,2269,22.307476,21738.362247,2527.500000,warm_container_available
290557,req-148,dag_0015,dag_0015_fn_001,cold_start,host-10,ctr-517,1443,0,385,,RUNNING,2180,2731,0.000000,,2725.000000,no_warm_container
292385,req-148,dag_0015,dag_0015_fn_006,warm_reuse,host-8,ctr-518,0,70,361,IDLE,RUNNING,1626,1583,12.985388,1498.580126,2032.500000,warm_container_available
291048,req-149,dag_0012,dag_0012_fn_009,cold_start,host-16,ctr-520,1591,0,170,,RUNNING,1427,1225,0.000000,,1783.750000,no_warm_container
292816,req-148,dag_0015,dag_0015_fn_008,warm_reuse,host-11,ctr-519,0,10,179,IDLE,RUNNING,1227,904,25.449310,21819.215479,1533.750000,warm_container_available
293650,req-150,dag_0005,dag_0005_fn_007,warm_reuse,host-2,ctr-451,0,0,367,IDLE,RUNNING,2124,2384,0.000000,,2655.000000,warm_container_available
292809,req-149,dag_0012,dag_0012_fn_012,cold_start,host-1,ctr-521,851,79,388,,RUNNING,2309,2949,13.341765,1358.397560,2886.250000,no_warm_container
294017,req-150,dag_0005,dag_0005_fn_016,warm_reuse,host-21,ctr-508,0,6,226,IDLE,RUNNING,860,531,9.046479,12380.302027,1075.000000,warm_container_available
294249,req-150,dag_0005,dag_0005_fn_003,warm_reuse,host-6,ctr-509,0,6,199,IDLE,RUNNING,1609,1529,16.253019,22047.158174,2011.250000,warm_container_available
294454,req-150,dag_0005,dag_0005_fn_012,warm_reuse,host-19,ctr-510,0,14,316,IDLE,RUNNING,2372,2377,20.466084,12286.054661,2965.000000,warm_container_available
294784,req-150,dag_0005,dag_0005_fn_013,warm_reuse,host-17,ctr-511,0,100,391,IDLE,RUNNING,2050,2686,32.436835,2602.682929,2562.500000,warm_container_available
294127,req-149,dag_0012,dag_0012_fn_013,cold_start,host-13,ctr-523,1300,35,134,,RUNNING,946,1015,27.879769,6425.884987,1182.500000,no_warm_container
298970,req-151,dag_0009,dag_0009_fn_012,cold_start,host-14,ctr-524,567,0,176,,RUNNING,1223,1424,0.000000,,1528.750000,no_warm_container
299165,req-152,dag_0002,dag_0002_fn_005,cold_start,host-22,ctr-525,1488,0,176,,RUNNING,920,1197,0.000000,,1150.000000,no_warm_container
299713,req-151,dag_0009,dag_0009_fn_007,cold_start,host-21,ctr-527,1133,15,152,,RUNNING,1086,1084,31.378274,16985.908266,1357.500000,no_warm_container
299396,req-153,dag_0013,dag_0013_fn_008,cold_start,host-15,ctr-526,1571,0,299,,RUNNING,1408,1882,0.000000,,1760.000000,no_warm_container
301013,req-151,dag_0009,dag_0009_fn_014,warm_reuse,host-18,ctr-487,0,63,239,IDLE,RUNNING,1630,1533,19.024041,2415.854339,2037.500000,warm_container_available
300829,req-152,dag_0002,dag_0002_fn_001,cold_start,host-15,ctr-533,1115,11,280,,RUNNING,1761,1267,21.472265,16990.777771,2201.250000,no_warm_container
301266,req-153,dag_0013,dag_0013_fn_003,cold_start,host-20,ctr-534,1034,12,194,,RUNNING,741,815,8.345903,5700.481430,926.250000,no_warm_container
302506,req-153,dag_0013,dag_0013_fn_010,warm_reuse,host-5,ctr-532,0,13,273,IDLE,RUNNING,1853,1407,22.751607,14015.192222,2316.250000,warm_container_available
302530,req-155,dag_0013,dag_0013_fn_008,warm_reuse,host-15,ctr-526,0,0,299,IDLE,RUNNING,1408,1882,0.000000,,1760.000000,warm_container_available
301927,req-154,dag_0010,dag_0010_fn_002,cold_start,host-7,ctr-535,713,0,211,,RUNNING,1360,897,0.000000,,1700.000000,no_warm_container
302235,req-152,dag_0002,dag_0002_fn_002,cold_start,host-8,ctr-536,852,4,127,,RUNNING,1007,708,8.041797,21363.875918,1258.750000,no_warm_container
302829,req-155,dag_0013,dag_0013_fn_009,cold_start,host-18,ctr-537,773,36,179,,RUNNING,976,1261,8.345903,1880.845876,1220.000000,no_warm_container
303638,req-156,dag_0005,dag_0005_fn_007,warm_reuse,host-2,ctr-451,0,0,367,IDLE,RUNNING,2124,2384,0.000000,,2655.000000,warm_container_available
303218,req-152,dag_0002,dag_0002_fn_003,cold_start,host-24,ctr-542,575,12,202,,RUNNING,1099,893,29.774004,21283.019833,1373.750000,no_warm_container
303817,req-155,dag_0013,dag_0013_fn_010,warm_reuse,host-5,ctr-532,0,29,273,IDLE,RUNNING,1853,1407,27.427542,7656.950472,2316.250000,warm_container_available
304007,req-152,dag_0002,dag_0002_fn_030,warm_reuse,host-23,ctr-504,0,41,424,IDLE,RUNNING,2022,2269,28.274710,5539.423387,2527.500000,warm_container_available
302851,req-154,dag_0010,dag_0010_fn_008,cold_start,host-12,ctr-538,1446,10,165,,RUNNING,1022,581,6.653566,5502.596203,1277.500000,no_warm_container
304472,req-154,dag_0010,dag_0010_fn_013,warm_reuse,host-4,ctr-540,0,6,377,IDLE,RUNNING,1908,2224,12.081508,18615.903622,2385.000000,warm_container_available
303845,req-157,dag_0001,dag_0001_fn_001,cold_start,host-22,ctr-543,786,0,234,,RUNNING,1428,1048,0.000000,,1785.000000,no_warm_container
304005,req-156,dag_0005,dag_0005_fn_005,cold_start,host-13,ctr-544,841,6,169,,RUNNING,1424,1148,9.046479,13168.139926,1780.000000,no_warm_container
304855,req-154,dag_0010,dag_0010_fn_014,warm_reuse,host-7,ctr-541,0,75,404,IDLE,RUNNING,2129,2221,31.036224,3316.520455,2661.250000,warm_container_available
304865,req-157,dag_0001,dag_0001_fn_025,cold_start,host-21,ctr-545,1218,9,293,,RUNNING,1745,1928,18.482314,17960.675929,2181.250000,no_warm_container
305021,req-156,dag_0005,dag_0005_fn_006,cold_start,host-23,ctr-546,1235,5,245,,RUNNING,1548,1043,12.782703,23606.502664,1935.000000,no_warm_container
305943,req-158,dag_0007,dag_0007_fn_002,cold_start,host-17,ctr-547,1073,0,254,,RUNNING,1085,870,0.000000,,1356.250000,no_warm_container
306506,req-156,dag_0005,dag_0005_fn_010,cold_start,host-9,ctr-558,778,12,192,,RUNNING,1446,1444,20.508260,13841.803466,1807.500000,no_warm_container
307270,req-158,dag_0007,dag_0007_fn_012,warm_reuse,host-20,ctr-552,0,34,347,IDLE,RUNNING,1935,2414,19.019384,4494.356361,2418.750000,warm_container_available
307488,req-156,dag_0005,dag_0005_fn_013,warm_reuse,host-17,ctr-511,0,12,391,IDLE,RUNNING,2050,2686,16.572930,11736.996858,2562.500000,warm_container_available
306385,req-157,dag_0001,dag_0001_fn_002,cold_start,host-6,ctr-557,1123,8,165,,RUNNING,780,630,21.822820,22047.158174,975.000000,no_warm_container
307651,req-158,dag_0007,dag_0007_fn_013,warm_reuse,host-16,ctr-553,0,13,237,IDLE,RUNNING,1206,827,28.741075,18264.063273,1507.500000,warm_container_available
307681,req-157,dag_0001,dag_0001_fn_003,warm_reuse,host-11,ctr-549,0,4,146,IDLE,RUNNING,1144,1308,9.504287,23531.236617,1430.000000,warm_container_available
307831,req-157,dag_0001,dag_0001_fn_032,warm_reuse,host-2,ctr-550,0,4,289,IDLE,RUNNING,1082,1300,9.411823,19787.274418,1352.500000,warm_container_available
307901,req-158,dag_0007,dag_0007_fn_017,warm_reuse,host-19,ctr-554,0,15,182,IDLE,RUNNING,1217,641,27.862452,15796.689939,1521.250000,warm_container_available
308098,req-158,dag_0007,dag_0007_fn_018,warm_reuse,host-18,ctr-555,0,37,381,IDLE,RUNNING,1850,1873,26.303743,5702.285114,2312.500000,warm_container_available
308516,req-158,dag_0007,dag_0007_fn_019,warm_reuse,host-8,ctr-556,0,21,383,IDLE,RUNNING,2457,2786,24.763478,9834.263992,3071.250000,warm_container_available
311775,req-159,dag_0003,dag_0003_fn_010,cold_start,host-12,ctr-559,422,0,169,,RUNNING,1361,598,0.000000,,1701.250000,no_warm_container
312366,req-159,dag_0003,dag_0003_fn_011,cold_start,host-6,ctr-566,497,4,165,,RUNNING,1209,953,8.517297,20002.824135,1511.250000,no_warm_container
313032,req-159,dag_0003,dag_0003_fn_012,warm_reuse,host-3,ctr-561,0,19,358,IDLE,RUNNING,1695,2132,25.768738,11263.355306,2118.750000,warm_container_available
313409,req-159,dag_0003,dag_0003_fn_014,warm_reuse,host-5,ctr-562,0,4,134,IDLE,RUNNING,954,641,9.239683,21306.620240,1192.500000,warm_container_available
313547,req-159,dag_0003,dag_0003_fn_028,warm_reuse,host-24,ctr-563,0,10,264,IDLE,RUNNING,1867,1188,12.598050,11166.511284,2333.750000,warm_container_available
313821,req-159,dag_0003,dag_0003_fn_029,warm_reuse,host-1,ctr-564,0,7,251,IDLE,RUNNING,1746,1249,16.513362,20960.983966,2182.500000,warm_container_available
312730,req-160,dag_0015,dag_0015_fn_007,cold_start,host-16,ctr-567,1368,0,211,,RUNNING,1401,746,0.000000,,1751.250000,no_warm_container
314079,req-159,dag_0003,dag_0003_fn_030,warm_reuse,host-12,ctr-565,0,100,213,IDLE,RUNNING,1436,813,26.111300,2099.606100,1795.000000,warm_container_available
314309,req-160,dag_0015,dag_0015_fn_004,cold_start,host-10,ctr-568,821,15,366,,RUNNING,2471,2298,33.840261,18156.264160,3088.750000,no_warm_container
315511,req-160,dag_0015,dag_0015_fn_005,cold_start,host-16,ctr-573,681,13,240,,RUNNING,1682,1753,28.268505,17522.409326,2102.500000,no_warm_container
316445,req-160,dag_0015,dag_0015_fn_006,warm_reuse,host-1,ctr-570,0,197,361,IDLE,RUNNING,1626,1583,33.415142,1358.397560,2032.500000,warm_container_available
315481,req-161,dag_0014,dag_0014_fn_007,cold_start,host-6,ctr-572,1259,0,337,,RUNNING,2394,2536,0.000000,,2992.500000,no_warm_container
317003,req-160,dag_0015,dag_0015_fn_008,warm_reuse,host-11,ctr-571,0,10,179,IDLE,RUNNING,1227,904,25.449310,21433.609000,1533.750000,warm_container_available
317077,req-161,dag_0014,dag_0014_fn_008,cold_start,host-13,ctr-574,777,13,352,,RUNNING,1423,1918,14.982579,9646.870626,1778.750000,no_warm_container
318614,req-163,dag_0002,dag_0002_fn_005,warm_reuse,host-22,ctr-525,0,0,176,IDLE,RUNNING,920,1197,0.000000,,1150.000000,warm_container_available
318790,req-163,dag_0002,dag_0002_fn_001,warm_reuse,host-15,ctr-533,0,11,280,IDLE,RUNNING,1761,1267,21.472265,16990.777771,2201.250000,warm_container_available
319081,req-163,dag_0002,dag_0002_fn_002,warm_reuse,host-8,ctr-536,0,4,127,IDLE,RUNNING,1007,708,8.041797,21363.875918,1258.750000,warm_container_available
318009,req-162,dag_0011,dag_0011_fn_009,cold_start,host-5,ctr-576,1138,0,145,,RUNNING,1231,1302,0.000000,,1538.750000,no_warm_container
319212,req-163,dag_0002,dag_0002_fn_003,warm_reuse,host-4,ctr-539,0,12,202,IDLE,RUNNING,1099,893,29.774004,20567.590274,1373.750000,warm_container_available
319426,req-163,dag_0002,dag_0002_fn_030,warm_reuse,host-23,ctr-504,0,41,424,IDLE,RUNNING,2022,2269,28.274710,5551.994866,2527.500000,warm_container_available
318219,req-161,dag_0014,dag_0014_fn_009,cold_start,host-9,ctr-577,1578,36,335,,RUNNING,1851,2312,9.152835,2040.348906,2313.750000,no_warm_container
319292,req-162,dag_0011,dag_0011_fn_010,cold_start,host-21,ctr-578,633,12,196,,RUNNING,965,1305,34.404775,23227.651191,1206.250000,no_warm_container
320417,req-165,dag_0005,dag_0005_fn_007,warm_reuse,host-2,ctr-451,0,0,367,IDLE,RUNNING,2124,2384,0.000000,,2655.000000,warm_container_available
320133,req-162,dag_0011,dag_0011_fn_011,cold_start,host-13,ctr-580,1298,50,285,,RUNNING,973,1558,27.574942,4413.130721,1216.250000,no_warm_container
320784,req-165,dag_0005,dag_0005_fn_002,cold_start,host-19,ctr-581,726,4,312,,RUNNING,1853,1398,9.046479,19206.340528,2316.250000,no_warm_container
320110,req-164,dag_0012,dag_0012_fn_009,cold_start,host-14,ctr-579,1591,0,170,,RUNNING,1427,1225,0.000000,,1783.750000,no_warm_container
321766,req-162,dag_0011,dag_0011_fn_012,warm_reuse,host-4,ctr-584,0,9,168,IDLE,RUNNING,831,1049,23.067503,20871.278489,1038.750000,warm_container_available
321871,req-164,dag_0012,dag_0012_fn_012,warm_reuse,host-15,ctr-587,0,11,388,IDLE,RUNNING,2309,2949,13.341765,9914.439054,2886.250000,warm_container_available
321826,req-165,dag_0005,dag_0005_fn_001,cold_start,host-3,ctr-589,728,17,157,,RUNNING,1400,1230,12.992913,6420.572985,1750.000000,no_warm_container
321943,req-162,dag_0011,dag_0011_fn_013,cold_start,host-1,ctr-591,978,12,228,,RUNNING,1019,563,27.069235,18415.813820,1273.750000,no_warm_container
323161,req-162,dag_0011,dag_0011_fn_014,warm_reuse,host-11,ctr-586,0,11,256,IDLE,RUNNING,1646,1241,26.999585,21433.609000,2057.500000,warm_container_available
321927,req-166,dag_0010,dag_0010_fn_004,cold_start,host-14,ctr-590,1270,0,166,,RUNNING,1387,874,0.000000,,1733.750000,no_warm_container
322728,req-165,dag_0005,dag_0005_fn_004,cold_start,host-14,ctr-593,590,5,294,,RUNNING,1386,1169,10.668931,19364.206121,1732.500000,no_warm_container
322270,req-164,dag_0012,dag_0012_fn_013,cold_start,host-21,ctr-592,1300,16,134,,RUNNING,946,1015,27.879769,14541.871000,1182.500000,no_warm_container
323363,req-166,dag_0010,dag_0010_fn_011,cold_start,host-7,ctr-594,498,17,143,,RUNNING,1067,1016,11.385418,5381.566342,1333.750000,no_warm_container
323617,req-165,dag_0005,dag_0005_fn_011,cold_start,host-18,ctr-595,968,20,384,,RUNNING,1990,1877,15.295242,6435.148144,2487.500000,no_warm_container
324021,req-166,dag_0010,dag_0010_fn_012,cold_start,host-9,ctr-597,1113,5,338,,RUNNING,2361,2606,7.039783,13649.067798,2951.250000,no_warm_container
325477,req-166,dag_0010,dag_0010_fn_013,cold_start,host-4,ctr-598,1006,7,377,,RUNNING,1908,2224,18.487276,21885.884430,2385.000000,no_warm_container
326725,req-167,dag_0009,dag_0009_fn_001,cold_start,host-5,ctr-599,1223,0,146,,RUNNING,852,1073,0.000000,,1065.000000,no_warm_container
326867,req-166,dag_0010,dag_0010_fn_014,cold_start,host-13,ctr-600,1184,69,404,,RUNNING,2129,2221,31.036224,3601.454597,2661.250000,no_warm_container
328094,req-167,dag_0009,dag_0009_fn_002,cold_start,host-17,ctr-603,1374,4,175,,RUNNING,889,522,10.651236,22286.217861,1111.250000,no_warm_container
329647,req-167,dag_0009,dag_0009_fn_014,warm_reuse,host-23,ctr-602,0,19,239,IDLE,RUNNING,1630,1533,24.384062,10624.987257,2037.500000,warm_container_available
330843,req-168,dag_0011,dag_0011_fn_006,cold_start,host-8,ctr-604,571,0,273,,RUNNING,1806,2124,0.000000,,2257.500000,no_warm_container
331687,req-168,dag_0011,dag_0011_fn_011,warm_reuse,host-13,ctr-580,0,6,285,IDLE,RUNNING,973,1558,14.722002,21330.552714,1216.250000,warm_container_available
331978,req-168,dag_0011,dag_0011_fn_012,warm_reuse,host-4,ctr-584,0,9,168,IDLE,RUNNING,831,1049,23.067503,20871.278489,1038.750000,warm_container_available
332155,req-168,dag_0011,dag_0011_fn_013,warm_reuse,host-17,ctr-585,0,16,228,IDLE,RUNNING,1019,563,27.069235,13938.655967,1273.750000,warm_container_available
332399,req-168,dag_0011,dag_0011_fn_014,warm_reuse,host-11,ctr-586,0,13,256,IDLE,RUNNING,1646,1241,26.999585,16893.572087,2057.500000,warm_container_available
331501,req-169,dag_0002,dag_0002_fn_011,cold_start,host-20,ctr-605,1119,0,110,,RUNNING,1127,1100,0.000000,,1408.750000,no_warm_container
332730,req-169,dag_0002,dag_0002_fn_006,cold_start,host-17,ctr-606,1065,6,277,,RUNNING,1900,2225,15.364348,23598.277270,2375.000000,no_warm_container
334078,req-169,dag_0002,dag_0002_fn_007,warm_reuse,host-12,ctr-608,0,31,263,IDLE,RUNNING,1723,1949,33.515489,8846.834847,2153.750000,warm_container_available
332939,req-170,dag_0015,dag_0015_fn_001,cold_start,host-18,ctr-607,1443,0,385,,RUNNING,2180,2731,0.000000,,2725.000000,no_warm_container
334372,req-169,dag_0002,dag_0002_fn_029,warm_reuse,host-24,ctr-609,0,25,348,IDLE,RUNNING,1694,2261,29.333775,9434.067196,2117.500000,warm_container_available
334767,req-170,dag_0015,dag_0015_fn_006,warm_reuse,host-1,ctr-570,0,5,361,IDLE,RUNNING,1626,1583,12.985388,21102.328705,2032.500000,warm_container_available
334745,req-169,dag_0002,dag_0002_fn_030,warm_reuse,host-23,ctr-504,0,33,424,IDLE,RUNNING,2022,2269,22.307476,5539.423387,2527.500000,warm_container_available
333435,req-171,dag_0013,dag_0013_fn_008,cold_start,host-10,ctr-610,1571,0,299,,RUNNING,1408,1882,0.000000,,1760.000000,no_warm_container
335133,req-170,dag_0015,dag_0015_fn_008,warm_reuse,host-11,ctr-571,0,10,179,IDLE,RUNNING,1227,904,25.449310,21433.609000,1533.750000,warm_container_available
334364,req-172,dag_0003,dag_0003_fn_001,cold_start,host-24,ctr-611,1131,0,359,,RUNNING,2600,2826,0.000000,,3250.000000,no_warm_container
335427,req-173,dag_0012,dag_0012_fn_010,cold_start,host-12,ctr-613,818,0,209,,RUNNING,872,872,0.000000,,1090.000000,no_warm_container
336454,req-173,dag_0012,dag_0012_fn_012,warm_reuse,host-15,ctr-587,0,6,388,IDLE,RUNNING,2309,2949,10.740312,15961.407156,2886.250000,warm_container_available
335854,req-172,dag_0003,dag_0003_fn_002,cold_start,host-5,ctr-614,762,19,394,,RUNNING,1699,2392,32.963231,14386.255584,2123.750000,no_warm_container
335305,req-171,dag_0013,dag_0013_fn_006,cold_start,host-16,ctr-612,1366,4,309,,RUNNING,2179,2430,8.345903,17522.409326,2723.750000,no_warm_container
336848,req-173,dag_0012,dag_0012_fn_013,warm_reuse,host-21,ctr-592,0,16,134,IDLE,RUNNING,946,1015,27.879769,14541.871000,1182.500000,warm_container_available
336984,req-171,dag_0013,dag_0013_fn_010,warm_reuse,host-1,ctr-619,0,47,273,IDLE,RUNNING,1853,1407,7.947359,1358.397560,2316.250000,warm_container_available
337029,req-172,dag_0003,dag_0003_fn_003,cold_start,host-16,ctr-620,1451,93,415,,RUNNING,1980,2177,17.852607,1546.838593,2475.000000,no_warm_container
338988,req-172,dag_0003,dag_0003_fn_004,warm_reuse,host-19,ctr-616,0,16,317,IDLE,RUNNING,2201,1876,30.224330,15796.689939,2751.250000,warm_container_available
339321,req-172,dag_0003,dag_0003_fn_029,warm_reuse,host-6,ctr-617,0,28,251,IDLE,RUNNING,1746,1249,14.467495,4161.114293,2182.500000,warm_container_available
339600,req-172,dag_0003,dag_0003_fn_030,warm_reuse,host-12,ctr-618,0,12,213,IDLE,RUNNING,1436,813,26.111300,17728.322498,1795.000000,warm_container_available
339791,req-176,dag_0005,dag_0005_fn_007,warm_reuse,host-2,ctr-451,0,0,367,IDLE,RUNNING,2124,2384,0.000000,,2655.000000,warm_container_available
338623,req-174,dag_0019,dag_0019_fn_006,cold_start,host-6,ctr-621,1278,0,166,,RUNNING,1433,1335,0.000000,,1791.250000,no_warm_container
339096,req-175,dag_0002,dag_0002_fn_012,cold_start,host-22,ctr-622,1372,0,300,,RUNNING,1989,1467,0.000000,,2486.250000,no_warm_container
340158,req-176,dag_0005,dag_0005_fn_016,cold_start,host-20,ctr-623,618,7,226,,RUNNING,860,531,9.046479,11298.167998,1075.000000,no_warm_container
341009,req-176,dag_0005,dag_0005_fn_003,warm_reuse,host-3,ctr-582,0,7,199,IDLE,RUNNING,1609,1529,16.253019,19026.003914,2011.250000,warm_container_available
341215,req-176,dag_0005,dag_0005_fn_012,warm_reuse,host-22,ctr-583,0,11,316,IDLE,RUNNING,2372,2377,20.466084,15119.332154,2965.000000,warm_container_available
340768,req-175,dag_0002,dag_0002_fn_013,cold_start,host-8,ctr-624,1274,4,168,,RUNNING,906,1086,7.980514,21207.251273,1132.500000,no_warm_container
341542,req-176,dag_0005,dag_0005_fn_013,cold_start,host-21,ctr-625,838,15,391,,RUNNING,2050,2686,32.436835,17960.675929,2562.500000,no_warm_container
341927,req-177,dag_0010,dag_0010_fn_002,cold_start,host-20,ctr-626,713,0,211,,RUNNING,1360,897,0.000000,,1700.000000,no_warm_container
342214,req-175,dag_0002,dag_0002_fn_014,cold_start,host-8,ctr-631,1089,0,289,,RUNNING,2107,1863,7.101441,,2633.750000,no_warm_container
343592,req-175,dag_0002,dag_0002_fn_009,warm_reuse,host-19,ctr-627,0,13,262,IDLE,RUNNING,1091,1460,27.518717,17383.010774,1363.750000,warm_container_available
343867,req-175,dag_0002,dag_0002_fn_010,warm_reuse,host-15,ctr-628,0,14,305,IDLE,RUNNING,1128,1630,19.973001,12243.427657,1410.000000,warm_container_available
344186,req-175,dag_0002,dag_0002_fn_029,warm_reuse,host-24,ctr-609,0,54,348,IDLE,RUNNING,1694,2261,18.545680,2796.804341,2117.500000,warm_container_available
342851,req-177,dag_0010,dag_0010_fn_008,cold_start,host-4,ctr-632,1446,25,165,,RUNNING,1022,581,6.653566,2153.581391,1277.500000,no_warm_container
344487,req-177,dag_0010,dag_0010_fn_013,warm_reuse,host-4,ctr-598,0,0,377,IDLE,RUNNING,1908,2224,12.081508,,2385.000000,warm_container_available
344588,req-175,dag_0002,dag_0002_fn_030,warm_reuse,host-23,ctr-504,0,33,424,IDLE,RUNNING,2022,2269,22.307476,5539.423387,2527.500000,warm_container_available
344864,req-177,dag_0010,dag_0010_fn_014,warm_reuse,host-13,ctr-600,0,69,404,IDLE,RUNNING,2129,2221,31.036224,3601.454597,2661.250000,warm_container_available
347719,req-178,dag_0009,dag_0009_fn_001,warm_reuse,host-5,ctr-599,0,0,146,IDLE,RUNNING,852,1073,0.000000,,1065.000000,warm_container_available
347865,req-178,dag_0009,dag_0009_fn_002,warm_reuse,host-17,ctr-603,0,4,175,IDLE,RUNNING,889,522,10.651236,22286.217861,1111.250000,warm_container_available
348044,req-178,dag_0009,dag_0009_fn_014,warm_reuse,host-23,ctr-602,0,19,239,IDLE,RUNNING,1630,1533,24.384062,10624.987257,2037.500000,warm_container_available
350817,req-179,dag_0015,dag_0015_fn_007,cold_start,host-14,ctr-633,1368,0,211,,RUNNING,1401,746,0.000000,,1751.250000,no_warm_container
352396,req-179,dag_0015,dag_0015_fn_004,warm_reuse,host-7,ctr-634,0,51,366,IDLE,RUNNING,2471,2298,33.840261,5381.566342,3088.750000,warm_container_available
352813,req-179,dag_0015,dag_0015_fn_005,warm_reuse,host-14,ctr-635,0,11,240,IDLE,RUNNING,1682,1753,28.268505,22475.550793,2102.500000,warm_container_available
353064,req-179,dag_0015,dag_0015_fn_006,warm_reuse,host-1,ctr-570,0,51,361,IDLE,RUNNING,1626,1583,33.415142,5340.291705,2032.500000,warm_container_available
352422,req-181,dag_0018,dag_0018_fn_001,cold_start,host-9,ctr-637,998,0,192,,RUNNING,1280,600,0.000000,,1600.000000,no_warm_container
353476,req-179,dag_0015,dag_0015_fn_008,warm_reuse,host-11,ctr-571,0,10,179,IDLE,RUNNING,1227,904,25.449310,21433.609000,1533.750000,warm_container_available
351964,req-180,dag_0012,dag_0012_fn_009,cold_start,host-3,ctr-636,1591,0,170,,RUNNING,1427,1225,0.000000,,1783.750000,no_warm_container
353725,req-180,dag_0012,dag_0012_fn_012,warm_reuse,host-15,ctr-587,0,6,388,IDLE,RUNNING,2309,2949,13.341765,19807.880776,2886.250000,warm_container_available
354119,req-180,dag_0012,dag_0012_fn_013,warm_reuse,host-21,ctr-592,0,16,134,IDLE,RUNNING,946,1015,27.879769,14541.871000,1182.500000,warm_container_available
353612,req-181,dag_0018,dag_0018_fn_002,cold_start,host-11,ctr-638,906,37,390,,RUNNING,1859,2606,17.386138,3764.146900,2323.750000,no_warm_container
353758,req-182,dag_0003,dag_0003_fn_024,cold_start,host-2,ctr-639,1226,0,315,,RUNNING,1367,1242,0.000000,,1708.750000,no_warm_container
354945,req-181,dag_0018,dag_0018_fn_006,cold_start,host-20,ctr-642,1409,44,321,,RUNNING,2300,2487,33.364492,6127.944144,2875.000000,no_warm_container
355299,req-182,dag_0003,dag_0003_fn_028,cold_start,host-17,ctr-643,1440,14,264,,RUNNING,1867,1188,27.260867,16037.694620,2333.750000,no_warm_container
357017,req-182,dag_0003,dag_0003_fn_029,warm_reuse,host-6,ctr-617,0,7,251,IDLE,RUNNING,1746,1249,16.513362,19710.565419,2182.500000,warm_container_available
357275,req-182,dag_0003,dag_0003_fn_030,warm_reuse,host-12,ctr-618,0,12,213,IDLE,RUNNING,1436,813,26.111300,17728.322498,1795.000000,warm_container_available
360917,req-183,dag_0003,dag_0003_fn_022,cold_start,host-16,ctr-644,928,0,255,,RUNNING,1386,1636,0.000000,,1732.500000,no_warm_container
362100,req-183,dag_0003,dag_0003_fn_028,warm_reuse,host-17,ctr-643,0,3,264,IDLE,RUNNING,1867,1188,5.068042,17225.444400,2333.750000,warm_container_available
361564,req-184,dag_0009,dag_0009_fn_012,cold_start,host-10,ctr-645,567,0,176,,RUNNING,1223,1424,0.000000,,1528.750000,no_warm_container
362367,req-183,dag_0003,dag_0003_fn_029,warm_reuse,host-6,ctr-617,0,7,251,IDLE,RUNNING,1746,1249,16.513362,19710.565419,2182.500000,warm_container_available
361927,req-185,dag_0010,dag_0010_fn_010,cold_start,host-19,ctr-646,489,0,185,,RUNNING,1414,1571,0.000000,,1767.500000,no_warm_container
362625,req-183,dag_0003,dag_0003_fn_030,warm_reuse,host-12,ctr-618,0,12,213,IDLE,RUNNING,1436,813,26.111300,17728.322498,1795.000000,warm_container_available
362601,req-185,dag_0010,dag_0010_fn_011,cold_start,host-18,ctr-648,498,31,143,,RUNNING,1067,1016,21.921490,5702.285114,1333.750000,no_warm_container
362307,req-184,dag_0009,dag_0009_fn_004,cold_start,host-22,ctr-647,1013,11,424,,RUNNING,2285,2568,31.378274,23360.199077,2856.250000,no_warm_container
363755,req-184,dag_0009,dag_0009_fn_014,warm_reuse,host-23,ctr-602,0,18,239,IDLE,RUNNING,1630,1533,11.504602,5298.007277,2037.500000,warm_container_available
363273,req-185,dag_0010,dag_0010_fn_012,cold_start,host-10,ctr-650,1113,4,338,,RUNNING,2361,2606,7.039783,17979.942871,2951.250000,no_warm_container
363741,req-186,dag_0011,dag_0011_fn_004,cold_start,host-2,ctr-651,935,0,331,,RUNNING,2275,2314,0.000000,,2843.750000,no_warm_container
364728,req-185,dag_0010,dag_0010_fn_013,warm_reuse,host-4,ctr-598,0,12,377,IDLE,RUNNING,1908,2224,18.487276,13094.177995,2385.000000,warm_container_available
364220,req-187,dag_0008,dag_0008_fn_013,cold_start,host-8,ctr-652,766,0,120,,RUNNING,1288,1283,0.000000,,1610.000000,no_warm_container
365117,req-185,dag_0010,dag_0010_fn_014,warm_reuse,host-13,ctr-600,0,69,404,IDLE,RUNNING,2129,2221,31.036224,3601.454597,2661.250000,warm_container_available
364557,req-189,dag_0012,dag_0012_fn_003,cold_start,host-9,ctr-654,1063,0,322,,RUNNING,2036,2299,0.000000,,2545.000000,no_warm_container
364369,req-188,dag_0005,dag_0005_fn_007,cold_start,host-5,ctr-653,1275,0,367,,RUNNING,2124,2384,0.000000,,2655.000000,no_warm_container
365106,req-187,dag_0008,dag_0008_fn_001,cold_start,host-24,ctr-656,834,12,354,,RUNNING,2598,2473,31.707319,21283.019833,3247.500000,no_warm_container
365007,req-186,dag_0011,dag_0011_fn_011,cold_start,host-24,ctr-655,1298,21,285,,RUNNING,973,1558,31.073613,11988.408516,1216.250000,no_warm_container
366611,req-186,dag_0011,dag_0011_fn_012,warm_reuse,host-4,ctr-665,0,22,168,IDLE,RUNNING,831,1049,23.067503,8411.838864,1038.750000,warm_container_available
366011,req-188,dag_0005,dag_0005_fn_005,cold_start,host-12,ctr-669,841,8,169,,RUNNING,1424,1148,9.046479,9942.171158,1780.000000,no_warm_container
365942,req-189,dag_0012,dag_0012_fn_001,cold_start,host-8,ctr-657,1401,21,149,,RUNNING,982,360,29.480654,11576.116776,1227.500000,no_warm_container
367513,req-189,dag_0012,dag_0012_fn_002,warm_reuse,host-22,ctr-668,0,4,398,IDLE,RUNNING,2153,2636,6.841378,17517.863356,2691.250000,warm_container_available
366306,req-187,dag_0008,dag_0008_fn_002,cold_start,host-20,ctr-670,1359,8,264,,RUNNING,1429,1070,9.801419,11110.620959,1786.250000,no_warm_container
367173,req-190,dag_0020,dag_0020_fn_002,cold_start,host-4,ctr-673,626,0,239,,RUNNING,1616,1567,0.000000,,2020.000000,no_warm_container
366801,req-186,dag_0011,dag_0011_fn_013,cold_start,host-15,ctr-671,978,33,228,,RUNNING,1019,563,27.069235,6672.979716,1273.750000,no_warm_container
367915,req-189,dag_0012,dag_0012_fn_012,warm_reuse,host-15,ctr-587,0,16,388,IDLE,RUNNING,2309,2949,33.075540,16990.777771,2886.250000,warm_container_available
367937,req-187,dag_0008,dag_0008_fn_016,warm_reuse,host-23,ctr-663,0,8,338,IDLE,RUNNING,2312,1977,22.148334,22577.979120,2890.000000,warm_container_available
368040,req-186,dag_0011,dag_0011_fn_014,warm_reuse,host-8,ctr-667,0,11,256,IDLE,RUNNING,1646,1241,26.999585,21363.875918,2057.500000,warm_container_available
367029,req-188,dag_0005,dag_0005_fn_006,cold_start,host-7,ctr-672,1235,5,245,,RUNNING,1548,1043,12.782703,23818.231433,1935.000000,no_warm_container
368319,req-189,dag_0012,dag_0012_fn_013,warm_reuse,host-21,ctr-592,0,16,134,IDLE,RUNNING,946,1015,27.879769,14541.871000,1182.500000,warm_container_available
368283,req-187,dag_0008,dag_0008_fn_017,warm_reuse,host-6,ctr-664,0,117,200,IDLE,RUNNING,1490,686,33.572218,2303.125916,1862.500000,warm_container_available
368514,req-188,dag_0005,dag_0005_fn_010,cold_start,host-17,ctr-675,778,87,192,,RUNNING,1446,1444,20.508260,1894.907725,1807.500000,no_warm_container
368038,req-190,dag_0020,dag_0020_fn_003,cold_start,host-5,ctr-674,1328,23,322,,RUNNING,2265,2314,15.043409,5381.367469,2831.250000,no_warm_container
369571,req-188,dag_0005,dag_0005_fn_013,warm_reuse,host-3,ctr-660,0,16,391,IDLE,RUNNING,2050,2686,16.572930,8515.606688,2562.500000,warm_container_available
369711,req-190,dag_0020,dag_0020_fn_004,warm_reuse,host-16,ctr-676,0,93,185,IDLE,RUNNING,1400,1104,17.965145,1546.838593,1750.000000,warm_container_available
369868,req-191,dag_0002,dag_0002_fn_023,cold_start,host-1,ctr-677,1295,0,266,,RUNNING,1410,1051,0.000000,,1762.500000,no_warm_container
371429,req-191,dag_0002,dag_0002_fn_025,cold_start,host-14,ctr-678,943,29,318,,RUNNING,1886,2321,24.772986,6868.475392,2357.500000,no_warm_container
372719,req-191,dag_0002,dag_0002_fn_027,warm_reuse,host-11,ctr-679,0,21,147,IDLE,RUNNING,1224,833,25.113934,10005.484642,1530.000000,warm_container_available
372887,req-191,dag_0002,dag_0002_fn_028,warm_reuse,host-6,ctr-680,0,11,286,IDLE,RUNNING,1535,1525,23.750071,18502.740098,1918.750000,warm_container_available
373184,req-191,dag_0002,dag_0002_fn_029,warm_reuse,host-18,ctr-681,0,18,348,IDLE,RUNNING,1694,2261,34.642392,15539.827759,2117.500000,warm_container_available
373550,req-191,dag_0002,dag_0002_fn_030,warm_reuse,host-21,ctr-682,0,14,424,IDLE,RUNNING,2022,2269,22.307476,13624.035027,2527.500000,warm_container_available
376957,req-192,dag_0011,dag_0011_fn_004,warm_reuse,host-2,ctr-651,0,0,331,IDLE,RUNNING,2275,2314,0.000000,,2843.750000,warm_container_available
377010,req-193,dag_0009,dag_0009_fn_012,warm_reuse,host-10,ctr-645,0,0,176,IDLE,RUNNING,1223,1424,0.000000,,1528.750000,warm_container_available
377186,req-193,dag_0009,dag_0009_fn_004,warm_reuse,host-22,ctr-647,0,11,424,IDLE,RUNNING,2285,2568,31.378274,23360.199077,2856.250000,warm_container_available
377288,req-192,dag_0011,dag_0011_fn_011,warm_reuse,host-24,ctr-655,0,21,285,IDLE,RUNNING,973,1558,31.073613,11988.408516,1216.250000,warm_container_available
377594,req-192,dag_0011,dag_0011_fn_012,warm_reuse,host-4,ctr-665,0,22,168,IDLE,RUNNING,831,1049,23.067503,8411.838864,1038.750000,warm_container_available
377621,req-193,dag_0009,dag_0009_fn_014,warm_reuse,host-23,ctr-602,0,18,239,IDLE,RUNNING,1630,1533,11.504602,5298.007277,2037.500000,warm_container_available
377784,req-192,dag_0011,dag_0011_fn_013,warm_reuse,host-15,ctr-671,0,33,228,IDLE,RUNNING,1019,563,27.069235,6672.979716,1273.750000,warm_container_available
378045,req-192,dag_0011,dag_0011_fn_014,warm_reuse,host-8,ctr-667,0,11,256,IDLE,RUNNING,1646,1241,26.999585,21363.875918,2057.500000,warm_container_available
378390,req-196,dag_0005,dag_0005_fn_007,warm_reuse,host-5,ctr-653,0,0,367,IDLE,RUNNING,2124,2384,0.000000,,2655.000000,warm_container_available
377529,req-194,dag_0007,dag_0007_fn_002,cold_start,host-11,ctr-683,1073,0,254,,RUNNING,1085,870,0.000000,,1356.250000,no_warm_container
378757,req-196,dag_0005,dag_0005_fn_005,warm_reuse,host-12,ctr-669,0,8,169,IDLE,RUNNING,1424,1148,9.046479,9942.171158,1780.000000,warm_container_available
377590,req-195,dag_0003,dag_0003_fn_024,cold_start,host-20,ctr-684,1226,0,315,,RUNNING,1367,1242,0.000000,,1708.750000,no_warm_container
378856,req-194,dag_0007,dag_0007_fn_012,warm_reuse,host-7,ctr-685,0,8,347,IDLE,RUNNING,1935,2414,19.019384,20445.110786,2418.750000,warm_container_available
378934,req-196,dag_0005,dag_0005_fn_006,warm_reuse,host-7,ctr-672,0,5,245,IDLE,RUNNING,1548,1043,12.782703,23818.231433,1935.000000,warm_container_available
379131,req-195,dag_0003,dag_0003_fn_028,warm_reuse,host-17,ctr-643,0,10,264,IDLE,RUNNING,1867,1188,27.260867,23598.277270,2333.750000,warm_container_available
379211,req-194,dag_0007,dag_0007_fn_013,warm_reuse,host-14,ctr-686,0,11,237,IDLE,RUNNING,1206,827,28.741075,22475.550793,1507.500000,warm_container_available
379184,req-196,dag_0005,dag_0005_fn_010,warm_reuse,host-17,ctr-675,0,87,192,IDLE,RUNNING,1446,1444,20.508260,1894.907725,1807.500000,warm_container_available
379405,req-195,dag_0003,dag_0003_fn_029,warm_reuse,host-6,ctr-617,0,7,251,IDLE,RUNNING,1746,1249,16.513362,19710.565419,2182.500000,warm_container_available
379459,req-194,dag_0007,dag_0007_fn_017,warm_reuse,host-9,ctr-687,0,11,182,IDLE,RUNNING,1217,641,27.862452,21205.369729,1521.250000,warm_container_available
379463,req-196,dag_0005,dag_0005_fn_013,warm_reuse,host-3,ctr-660,0,16,391,IDLE,RUNNING,2050,2686,16.572930,8515.606688,2562.500000,warm_container_available
379663,req-195,dag_0003,dag_0003_fn_030,warm_reuse,host-12,ctr-618,0,12,213,IDLE,RUNNING,1436,813,26.111300,17728.322498,1795.000000,warm_container_available
379652,req-194,dag_0007,dag_0007_fn_018,warm_reuse,host-3,ctr-688,0,202,381,IDLE,RUNNING,1850,1873,26.303743,1042.382942,2312.500000,warm_container_available
380235,req-194,dag_0007,dag_0007_fn_019,warm_reuse,host-13,ctr-689,0,17,383,IDLE,RUNNING,2457,2786,24.763478,12230.970358,3071.250000,warm_container_available
379815,req-198,dag_0001,dag_0001_fn_017,cold_start,host-11,ctr-691,771,0,358,,RUNNING,2184,2642,0.000000,,2730.000000,no_warm_container
379368,req-197,dag_0015,dag_0015_fn_001,cold_start,host-2,ctr-690,1443,0,385,,RUNNING,2180,2731,0.000000,,2725.000000,no_warm_container
381927,req-199,dag_0010,dag_0010_fn_010,warm_reuse,host-19,ctr-646,0,0,185,IDLE,RUNNING,1414,1571,0.000000,,1767.500000,warm_container_available
382112,req-199,dag_0010,dag_0010_fn_011,warm_reuse,host-18,ctr-648,0,31,143,IDLE,RUNNING,1067,1016,21.921490,5702.285114,1333.750000,warm_container_available
380944,req-198,dag_0001,dag_0001_fn_018,cold_start,host-20,ctr-692,1174,32,270,,RUNNING,1186,900,24.274925,6127.944144,1482.500000,no_warm_container
381196,req-197,dag_0015,dag_0015_fn_006,cold_start,host-7,ctr-698,1011,13,361,,RUNNING,1626,1583,12.985388,8168.287893,2032.500000,no_warm_container
382286,req-199,dag_0010,dag_0010_fn_012,warm_reuse,host-10,ctr-650,0,4,338,IDLE,RUNNING,2361,2606,7.039783,17979.942871,2951.250000,warm_container_available
382420,req-198,dag_0001,dag_0001_fn_019,warm_reuse,host-1,ctr-693,0,16,295,IDLE,RUNNING,2044,2311,13.748443,7259.317820,2555.000000,warm_container_available
382581,req-197,dag_0015,dag_0015_fn_008,warm_reuse,host-15,ctr-697,0,12,179,IDLE,RUNNING,1227,904,25.449310,17231.240139,1533.750000,warm_container_available
382628,req-199,dag_0010,dag_0010_fn_013,warm_reuse,host-4,ctr-598,0,12,377,IDLE,RUNNING,1908,2224,18.487276,13094.177995,2385.000000,warm_container_available
382731,req-198,dag_0001,dag_0001_fn_020,warm_reuse,host-14,ctr-694,0,15,369,IDLE,RUNNING,2295,2654,12.249442,6868.475392,2868.750000,warm_container_available
383017,req-199,dag_0010,dag_0010_fn_014,warm_reuse,host-13,ctr-600,0,69,404,IDLE,RUNNING,2129,2221,31.036224,3601.454597,2661.250000,warm_container_available
383115,req-198,dag_0001,dag_0001_fn_032,warm_reuse,host-9,ctr-695,0,3,289,IDLE,RUNNING,1082,1300,6.618977,21205.369729,1352.500000,warm_container_available
384522,req-200,dag_0002,dag_0002_fn_012,cold_start,host-16,ctr-699,1372,0,300,,RUNNING,1989,1467,0.000000,,2486.250000,no_warm_container
386194,req-200,dag_0002,dag_0002_fn_008,cold_start,host-9,ctr-700,1561,16,293,,RUNNING,1692,2022,7.980514,4220.954794,2115.000000,no_warm_container
388064,req-200,dag_0002,dag_0002_fn_014,cold_start,host-19,ctr-705,1089,8,289,,RUNNING,2107,1863,22.696604,24449.177005,2633.750000,no_warm_container
387809,req-201,dag_0014,dag_0014_fn_001,cold_start,host-18,ctr-704,1384,0,336,,RUNNING,2431,2920,0.000000,,3038.750000,no_warm_container
389450,req-200,dag_0002,dag_0002_fn_009,warm_reuse,host-24,ctr-701,0,12,262,IDLE,RUNNING,1091,1460,27.518717,18843.218941,1363.750000,warm_container_available
389724,req-200,dag_0002,dag_0002_fn_010,warm_reuse,host-24,ctr-702,0,0,305,IDLE,RUNNING,1128,1630,19.973001,,1410.000000,warm_container_available
390029,req-200,dag_0002,dag_0002_fn_029,warm_reuse,host-18,ctr-681,0,45,348,IDLE,RUNNING,1694,2261,18.545680,3347.758589,2117.500000,warm_container_available
390422,req-200,dag_0002,dag_0002_fn_030,warm_reuse,host-21,ctr-682,0,14,424,IDLE,RUNNING,2022,2269,22.307476,13624.035027,2527.500000,warm_container_available
389529,req-201,dag_0014,dag_0014_fn_002,cold_start,host-23,ctr-706,1589,5,329,,RUNNING,2010,2414,7.969419,13164.322851,2512.500000,no_warm_container
391452,req-201,dag_0014,dag_0014_fn_003,warm_reuse,host-16,ctr-707,0,4,329,IDLE,RUNNING,1537,1482,8.548646,17843.864143,1921.250000,warm_container_available
391785,req-201,dag_0014,dag_0014_fn_008,warm_reuse,host-21,ctr-708,0,3,352,IDLE,RUNNING,1423,1918,8.353655,24695.927789,1778.750000,warm_container_available
390297,req-202,dag_0012,dag_0012_fn_009,cold_start,host-15,ctr-710,1591,0,170,,RUNNING,1427,1225,0.000000,,1783.750000,no_warm_container
392140,req-201,dag_0014,dag_0014_fn_009,warm_reuse,host-5,ctr-709,0,15,335,IDLE,RUNNING,1851,2312,9.152835,5161.364519,2313.750000,warm_container_available
391653,req-203,dag_0011,dag_0011_fn_007,cold_start,host-22,ctr-711,734,0,212,,RUNNING,1385,1078,0.000000,,1731.250000,no_warm_container
392058,req-202,dag_0012,dag_0012_fn_012,cold_start,host-1,ctr-712,851,10,388,,RUNNING,2309,2949,13.341765,11855.611148,2886.250000,no_warm_container
392599,req-203,dag_0011,dag_0011_fn_008,cold_start,host-20,ctr-713,657,55,236,,RUNNING,1126,916,15.485135,2277.701958,1407.500000,no_warm_container
393547,req-203,dag_0011,dag_0011_fn_011,warm_reuse,host-24,ctr-655,0,21,285,IDLE,RUNNING,973,1558,28.048344,10733.528994,1216.250000,warm_container_available
393853,req-203,dag_0011,dag_0011_fn_012,warm_reuse,host-4,ctr-665,0,22,168,IDLE,RUNNING,831,1049,23.067503,8411.838864,1038.750000,warm_container_available
392659,req-204,dag_0009,dag_0009_fn_001,cold_start,host-4,ctr-714,1223,0,146,,RUNNING,852,1073,0.000000,,1065.000000,no_warm_container
394043,req-203,dag_0011,dag_0011_fn_013,warm_reuse,host-15,ctr-671,0,33,228,IDLE,RUNNING,1019,563,27.069235,6672.979716,1273.750000,warm_container_available
394304,req-203,dag_0011,dag_0011_fn_014,warm_reuse,host-8,ctr-667,0,11,256,IDLE,RUNNING,1646,1241,26.999585,21363.875918,2057.500000,warm_container_available
393307,req-202,dag_0012,dag_0012_fn_013,cold_start,host-11,ctr-717,1300,11,134,,RUNNING,946,1015,27.879769,21433.609000,1182.500000,no_warm_container
394028,req-204,dag_0009,dag_0009_fn_002,cold_start,host-6,ctr-718,1374,4,175,,RUNNING,889,522,10.651236,21610.500723,1111.250000,no_warm_container
395581,req-204,dag_0009,dag_0009_fn_014,warm_reuse,host-23,ctr-602,0,9,239,IDLE,RUNNING,1630,1533,24.384062,22884.955250,2037.500000,warm_container_available
396600,req-205,dag_0005,dag_0005_fn_007,warm_reuse,host-5,ctr-653,0,0,367,IDLE,RUNNING,2124,2384,0.000000,,2655.000000,warm_container_available
396967,req-205,dag_0005,dag_0005_fn_005,warm_reuse,host-12,ctr-669,0,8,169,IDLE,RUNNING,1424,1148,9.046479,9942.171158,1780.000000,warm_container_available
397144,req-205,dag_0005,dag_0005_fn_006,warm_reuse,host-7,ctr-672,0,5,245,IDLE,RUNNING,1548,1043,12.782703,23818.231433,1935.000000,warm_container_available
397394,req-205,dag_0005,dag_0005_fn_010,warm_reuse,host-17,ctr-675,0,87,192,IDLE,RUNNING,1446,1444,20.508260,1894.907725,1807.500000,warm_container_available
397673,req-205,dag_0005,dag_0005_fn_013,warm_reuse,host-3,ctr-660,0,16,391,IDLE,RUNNING,2050,2686,16.572930,8515.606688,2562.500000,warm_container_available
398497,req-206,dag_0015,dag_0015_fn_002,cold_start,host-22,ctr-719,960,0,342,,RUNNING,1366,1581,0.000000,,1707.500000,no_warm_container
399159,req-208,dag_0011,dag_0011_fn_004,cold_start,host-21,ctr-725,935,0,331,,RUNNING,2275,2314,0.000000,,2843.750000,no_warm_container
398661,req-207,dag_0013,dag_0013_fn_008,cold_start,host-2,ctr-720,1571,0,299,,RUNNING,1408,1882,0.000000,,1760.000000,no_warm_container
400425,req-208,dag_0011,dag_0011_fn_011,warm_reuse,host-24,ctr-655,0,11,285,IDLE,RUNNING,973,1558,31.073613,22761.152973,1216.250000,warm_container_available
400721,req-208,dag_0011,dag_0011_fn_012,warm_reuse,host-4,ctr-665,0,22,168,IDLE,RUNNING,831,1049,23.067503,8411.838864,1038.750000,warm_container_available
400911,req-208,dag_0011,dag_0011_fn_013,warm_reuse,host-15,ctr-671,0,33,228,IDLE,RUNNING,1019,563,27.069235,6672.979716,1273.750000,warm_container_available
401172,req-208,dag_0011,dag_0011_fn_014,warm_reuse,host-8,ctr-667,0,11,256,IDLE,RUNNING,1646,1241,26.999585,21363.875918,2057.500000,warm_container_available
399799,req-206,dag_0015,dag_0015_fn_003,cold_start,host-14,ctr-726,1480,23,337,,RUNNING,1700,1505,22.869483,8196.421772,2125.000000,no_warm_container
400531,req-207,dag_0013,dag_0013_fn_007,cold_start,host-20,ctr-727,1110,6,338,,RUNNING,1380,1249,8.345903,11298.167998,1725.000000,no_warm_container
401639,req-206,dag_0015,dag_0015_fn_005,warm_reuse,host-11,ctr-724,0,23,240,IDLE,RUNNING,1682,1753,27.826786,10005.484642,2102.500000,warm_container_available
401902,req-206,dag_0015,dag_0015_fn_006,warm_reuse,host-17,ctr-696,0,21,361,IDLE,RUNNING,1626,1583,33.415142,12823.345962,2032.500000,warm_container_available
401985,req-207,dag_0013,dag_0013_fn_010,warm_reuse,host-6,ctr-722,0,8,273,IDLE,RUNNING,1853,1407,16.989637,18474.138054,2316.250000,warm_container_available
402284,req-206,dag_0015,dag_0015_fn_008,warm_reuse,host-15,ctr-697,0,22,179,IDLE,RUNNING,1227,904,25.449310,9567.989488,1533.750000,warm_container_available
401927,req-209,dag_0010,dag_0010_fn_004,cold_start,host-3,ctr-728,1270,0,166,,RUNNING,1387,874,0.000000,,1733.750000,no_warm_container
403626,req-210,dag_0018,dag_0018_fn_001,cold_start,host-7,ctr-730,998,0,192,,RUNNING,1280,600,0.000000,,1600.000000,no_warm_container
403363,req-209,dag_0010,dag_0010_fn_005,cold_start,host-2,ctr-729,1285,4,262,,RUNNING,1553,1727,11.385418,23851.135035,1941.250000,no_warm_container
404816,req-210,dag_0018,dag_0018_fn_002,cold_start,host-13,ctr-731,906,15,390,,RUNNING,1859,2606,17.386138,9451.217697,2323.750000,no_warm_container
404914,req-209,dag_0010,dag_0010_fn_006,cold_start,host-4,ctr-732,878,12,371,,RUNNING,1969,2257,32.040049,23286.800388,2461.250000,no_warm_container
406175,req-209,dag_0010,dag_0010_fn_007,warm_reuse,host-9,ctr-733,0,23,365,IDLE,RUNNING,1551,2231,33.484786,11704.051401,1938.750000,warm_container_available
406127,req-210,dag_0018,dag_0018_fn_005,cold_start,host-13,ctr-735,589,0,157,,RUNNING,1167,1365,33.364492,,1458.750000,no_warm_container
406835,req-211,dag_0003,dag_0003_fn_010,cold_start,host-19,ctr-736,422,0,169,,RUNNING,1361,598,0.000000,,1701.250000,no_warm_container
407426,req-211,dag_0003,dag_0003_fn_011,cold_start,host-16,ctr-737,497,4,165,,RUNNING,1209,953,8.517297,17881.140467,1511.250000,no_warm_container
408092,req-211,dag_0003,dag_0003_fn_012,cold_start,host-6,ctr-743,795,19,358,,RUNNING,1695,2132,25.768738,11110.103088,2118.750000,no_warm_container
409264,req-211,dag_0003,dag_0003_fn_014,cold_start,host-9,ctr-744,1305,7,134,,RUNNING,954,641,9.239683,10832.675972,1192.500000,no_warm_container
410710,req-211,dag_0003,dag_0003_fn_028,warm_reuse,host-12,ctr-740,0,7,264,IDLE,RUNNING,1867,1188,12.598050,15984.998180,2333.750000,warm_container_available
410981,req-211,dag_0003,dag_0003_fn_029,warm_reuse,host-20,ctr-741,0,8,251,IDLE,RUNNING,1746,1249,16.513362,18161.004177,2182.500000,warm_container_available
411240,req-211,dag_0003,dag_0003_fn_030,warm_reuse,host-11,ctr-742,0,12,213,IDLE,RUNNING,1436,813,26.111300,18159.363185,1795.000000,warm_container_available
410382,req-212,dag_0002,dag_0002_fn_012,cold_start,host-19,ctr-745,1372,0,300,,RUNNING,1989,1467,0.000000,,2486.250000,no_warm_container
411825,req-213,dag_0013,dag_0013_fn_008,warm_reuse,host-2,ctr-720,0,0,299,IDLE,RUNNING,1408,1882,0.000000,,1760.000000,warm_container_available
412124,req-213,dag_0013,dag_0013_fn_009,cold_start,host-23,ctr-753,773,3,179,,RUNNING,976,1261,8.345903,22393.330445,1220.000000,no_warm_container
413079,req-213,dag_0013,dag_0013_fn_010,warm_reuse,host-6,ctr-722,0,96,273,IDLE,RUNNING,1853,1407,27.427542,2303.125916,2316.250000,warm_container_available
412054,req-212,dag_0002,dag_0002_fn_008,cold_start,host-16,ctr-752,1561,4,293,,RUNNING,1692,2022,7.980514,17881.140467,2115.000000,no_warm_container
413912,req-212,dag_0002,dag_0002_fn_014,warm_reuse,host-24,ctr-749,0,11,289,IDLE,RUNNING,2107,1863,22.696604,17355.715260,2633.750000,warm_container_available
414212,req-212,dag_0002,dag_0002_fn_009,warm_reuse,host-8,ctr-747,0,18,262,IDLE,RUNNING,1091,1460,27.518717,12850.285377,1363.750000,warm_container_available
414492,req-212,dag_0002,dag_0002_fn_010,warm_reuse,host-18,ctr-748,0,7,305,IDLE,RUNNING,1128,1630,19.973001,24492.197974,1410.000000,warm_container_available
414591,req-214,dag_0009,dag_0009_fn_001,warm_reuse,host-4,ctr-714,0,0,146,IDLE,RUNNING,852,1073,0.000000,,1065.000000,warm_container_available
414737,req-214,dag_0009,dag_0009_fn_002,warm_reuse,host-12,ctr-715,0,8,175,IDLE,RUNNING,889,522,10.651236,11083.198176,1111.250000,warm_container_available
414804,req-212,dag_0002,dag_0002_fn_029,warm_reuse,host-9,ctr-750,0,8,348,IDLE,RUNNING,1694,2261,18.545680,20897.461845,2117.500000,warm_container_available
414920,req-214,dag_0009,dag_0009_fn_014,warm_reuse,host-23,ctr-602,0,9,239,IDLE,RUNNING,1630,1533,24.384062,21738.362247,2037.500000,warm_container_available
415160,req-212,dag_0002,dag_0002_fn_030,warm_reuse,host-8,ctr-751,0,16,424,IDLE,RUNNING,2022,2269,22.307476,11576.116776,2527.500000,warm_container_available
419026,req-216,dag_0004,dag_0004_fn_008,cold_start,host-1,ctr-755,648,0,204,,RUNNING,1322,1383,0.000000,,1652.500000,no_warm_container
418247,req-215,dag_0015,dag_0015_fn_001,cold_start,host-5,ctr-754,1443,0,385,,RUNNING,2180,2731,0.000000,,2725.000000,no_warm_container
420075,req-215,dag_0015,dag_0015_fn_006,warm_reuse,host-17,ctr-696,0,5,361,IDLE,RUNNING,1626,1583,12.985388,22286.217861,2032.500000,warm_container_available
420441,req-215,dag_0015,dag_0015_fn_008,warm_reuse,host-15,ctr-697,0,22,179,IDLE,RUNNING,1227,904,25.449310,9567.989488,1533.750000,warm_container_available
419878,req-216,dag_0004,dag_0004_fn_010,cold_start,host-7,ctr-756,1589,12,302,,RUNNING,1758,1818,16.733574,11250.400121,2197.500000,no_warm_container
421927,req-217,dag_0010,dag_0010_fn_004,warm_reuse,host-3,ctr-728,0,0,166,IDLE,RUNNING,1387,874,0.000000,,1733.750000,warm_container_available
422093,req-217,dag_0010,dag_0010_fn_011,cold_start,host-21,ctr-757,498,4,143,,RUNNING,1067,1016,11.385418,23600.349955,1333.750000,no_warm_container
422846,req-218,dag_0013,dag_0013_fn_008,warm_reuse,host-2,ctr-720,0,0,299,IDLE,RUNNING,1408,1882,0.000000,,1760.000000,warm_container_available
423145,req-218,dag_0013,dag_0013_fn_009,warm_reuse,host-23,ctr-753,0,3,179,IDLE,RUNNING,976,1261,8.345903,22393.330445,1220.000000,warm_container_available
423327,req-218,dag_0013,dag_0013_fn_010,warm_reuse,host-6,ctr-722,0,96,273,IDLE,RUNNING,1853,1407,27.427542,2303.125916,2316.250000,warm_container_available
422738,req-217,dag_0010,dag_0010_fn_012,cold_start,host-22,ctr-758,1113,4,338,,RUNNING,2361,2606,7.039783,15131.390949,2951.250000,no_warm_container
424193,req-217,dag_0010,dag_0010_fn_013,warm_reuse,host-15,ctr-760,0,9,377,IDLE,RUNNING,1908,2224,18.487276,16990.777771,2385.000000,warm_container_available
422874,req-219,dag_0003,dag_0003_fn_018,cold_start,host-21,ctr-759,1370,0,408,,RUNNING,1840,2189,0.000000,,2300.000000,no_warm_container
424579,req-217,dag_0010,dag_0010_fn_014,warm_reuse,host-3,ctr-761,0,23,404,IDLE,RUNNING,2129,2221,31.036224,11279.201876,2661.250000,warm_container_available
424652,req-219,dag_0003,dag_0003_fn_028,warm_reuse,host-12,ctr-740,0,11,264,IDLE,RUNNING,1867,1188,24.085188,17552.597640,2333.750000,warm_container_available
424927,req-219,dag_0003,dag_0003_fn_029,warm_reuse,host-20,ctr-741,0,8,251,IDLE,RUNNING,1746,1249,16.513362,18161.004177,2182.500000,warm_container_available
425186,req-219,dag_0003,dag_0003_fn_030,warm_reuse,host-11,ctr-742,0,12,213,IDLE,RUNNING,1436,813,26.111300,18159.363185,1795.000000,warm_container_available
426189,req-221,dag_0013,dag_0013_fn_008,warm_reuse,host-2,ctr-720,0,0,299,IDLE,RUNNING,1408,1882,0.000000,,1760.000000,warm_container_available
426488,req-221,dag_0013,dag_0013_fn_009,warm_reuse,host-23,ctr-753,0,3,179,IDLE,RUNNING,976,1261,8.345903,22393.330445,1220.000000,warm_container_available
425934,req-220,dag_0012,dag_0012_fn_010,cold_start,host-2,ctr-762,818,0,209,,RUNNING,872,872,0.000000,,1090.000000,no_warm_container
426670,req-221,dag_0013,dag_0013_fn_010,warm_reuse,host-6,ctr-722,0,96,273,IDLE,RUNNING,1853,1407,27.427542,2303.125916,2316.250000,warm_container_available
426961,req-220,dag_0012,dag_0012_fn_012,warm_reuse,host-11,ctr-763,0,6,388,IDLE,RUNNING,2309,2949,10.740312,14372.587155,2886.250000,warm_container_available
427355,req-220,dag_0012,dag_0012_fn_013,warm_reuse,host-17,ctr-764,0,18,134,IDLE,RUNNING,946,1015,27.879769,12823.345962,1182.500000,warm_container_available
426600,req-222,dag_0005,dag_0005_fn_007,cold_start,host-10,ctr-765,1275,0,367,,RUNNING,2124,2384,0.000000,,2655.000000,no_warm_container
427517,req-223,dag_0011,dag_0011_fn_006,cold_start,host-14,ctr-766,571,0,273,,RUNNING,1806,2124,0.000000,,2257.500000,no_warm_container
428242,req-222,dag_0005,dag_0005_fn_005,cold_start,host-13,ctr-767,841,4,169,,RUNNING,1424,1148,9.046479,21347.912469,1780.000000,no_warm_container
428361,req-223,dag_0011,dag_0011_fn_011,cold_start,host-4,ctr-768,1298,58,285,,RUNNING,973,1558,14.722002,2052.776251,1216.250000,no_warm_container
430002,req-223,dag_0011,dag_0011_fn_012,warm_reuse,host-7,ctr-772,0,56,168,IDLE,RUNNING,831,1049,23.067503,3316.520455,1038.750000,warm_container_available
430226,req-223,dag_0011,dag_0011_fn_013,warm_reuse,host-14,ctr-773,0,10,228,IDLE,RUNNING,1019,563,27.069235,22475.550793,1273.750000,warm_container_available
430319,req-224,dag_0002,dag_0002_fn_012,warm_reuse,host-19,ctr-745,0,0,300,IDLE,RUNNING,1989,1467,0.000000,,2486.250000,warm_container_available
429256,req-222,dag_0005,dag_0005_fn_006,cold_start,host-19,ctr-775,1235,9,245,,RUNNING,1548,1043,12.782703,11819.616268,1935.000000,no_warm_container
430619,req-224,dag_0002,dag_0002_fn_008,warm_reuse,host-18,ctr-746,0,12,293,IDLE,RUNNING,1692,2022,7.980514,5702.285114,2115.000000,warm_container_available
430745,req-222,dag_0005,dag_0005_fn_010,warm_reuse,host-16,ctr-770,0,10,192,IDLE,RUNNING,1446,1444,20.508260,17881.140467,1807.500000,warm_container_available
430924,req-224,dag_0002,dag_0002_fn_014,warm_reuse,host-24,ctr-749,0,11,289,IDLE,RUNNING,2107,1863,22.696604,17312.673448,2633.750000,warm_container_available
430947,req-222,dag_0005,dag_0005_fn_013,warm_reuse,host-20,ctr-771,0,10,391,IDLE,RUNNING,2050,2686,16.572930,14564.328934,2562.500000,warm_container_available
431224,req-224,dag_0002,dag_0002_fn_009,warm_reuse,host-8,ctr-747,0,18,262,IDLE,RUNNING,1091,1460,27.518717,12850.285377,1363.750000,warm_container_available
431504,req-224,dag_0002,dag_0002_fn_010,warm_reuse,host-18,ctr-748,0,7,305,IDLE,RUNNING,1128,1630,19.973001,24492.197974,1410.000000,warm_container_available
431816,req-224,dag_0002,dag_0002_fn_029,warm_reuse,host-9,ctr-750,0,8,348,IDLE,RUNNING,1694,2261,18.545680,20897.461845,2117.500000,warm_container_available
430464,req-223,dag_0011,dag_0011_fn_014,cold_start,host-1,ctr-776,1483,41,256,,RUNNING,1646,1241,26.999585,5340.291705,2057.500000,no_warm_container
432172,req-224,dag_0002,dag_0002_fn_030,warm_reuse,host-8,ctr-751,0,16,424,IDLE,RUNNING,2022,2269,22.307476,11576.116776,2527.500000,warm_container_available
433445,req-225,dag_0011,dag_0011_fn_004,cold_start,host-9,ctr-777,935,0,331,,RUNNING,2275,2314,0.000000,,2843.750000,no_warm_container
434711,req-225,dag_0011,dag_0011_fn_011,warm_reuse,host-4,ctr-768,0,12,285,IDLE,RUNNING,973,1558,31.073613,21885.884430,1216.250000,warm_container_available
435008,req-225,dag_0011,dag_0011_fn_012,warm_reuse,host-7,ctr-772,0,56,168,IDLE,RUNNING,831,1049,23.067503,3316.520455,1038.750000,warm_container_available
435232,req-225,dag_0011,dag_0011_fn_013,warm_reuse,host-14,ctr-773,0,10,228,IDLE,RUNNING,1019,563,27.069235,22475.550793,1273.750000,warm_container_available
434926,req-227,dag_0009,dag_0009_fn_012,cold_start,host-6,ctr-779,567,0,176,,RUNNING,1223,1424,0.000000,,1528.750000,no_warm_container
435470,req-225,dag_0011,dag_0011_fn_014,warm_reuse,host-4,ctr-774,0,106,256,IDLE,RUNNING,1646,1241,26.999585,2052.776251,2057.500000,warm_container_available
434889,req-226,dag_0015,dag_0015_fn_007,cold_start,host-16,ctr-778,1368,0,211,,RUNNING,1401,746,0.000000,,1751.250000,no_warm_container
436468,req-226,dag_0015,dag_0015_fn_004,warm_reuse,host-24,ctr-781,0,16,366,IDLE,RUNNING,2471,2298,33.840261,17355.715260,3088.750000,warm_container_available
435669,req-227,dag_0009,dag_0009_fn_004,cold_start,host-5,ctr-783,1013,13,424,,RUNNING,2285,2568,31.378274,20647.765651,2856.250000,no_warm_container
436850,req-226,dag_0015,dag_0015_fn_005,warm_reuse,host-10,ctr-782,0,28,240,IDLE,RUNNING,1682,1753,28.268505,8254.571119,2102.500000,warm_container_available
437118,req-226,dag_0015,dag_0015_fn_006,warm_reuse,host-17,ctr-696,0,21,361,IDLE,RUNNING,1626,1583,33.415142,13253.132489,2032.500000,warm_container_available
437500,req-226,dag_0015,dag_0015_fn_008,warm_reuse,host-15,ctr-697,0,22,179,IDLE,RUNNING,1227,904,25.449310,9567.989488,1533.750000,warm_container_available
437557,req-228,dag_0013,dag_0013_fn_008,warm_reuse,host-2,ctr-720,0,0,299,IDLE,RUNNING,1408,1882,0.000000,,1760.000000,warm_container_available
437856,req-228,dag_0013,dag_0013_fn_009,warm_reuse,host-23,ctr-753,0,3,179,IDLE,RUNNING,976,1261,8.345903,22393.330445,1220.000000,warm_container_available
438038,req-228,dag_0013,dag_0013_fn_010,warm_reuse,host-6,ctr-722,0,96,273,IDLE,RUNNING,1853,1407,27.427542,2303.125916,2316.250000,warm_container_available
437119,req-227,dag_0009,dag_0009_fn_014,cold_start,host-23,ctr-784,1371,4,239,,RUNNING,1630,1533,11.504602,23853.761732,2037.500000,no_warm_container
439825,req-229,dag_0002,dag_0002_fn_012,warm_reuse,host-19,ctr-745,0,0,300,IDLE,RUNNING,1989,1467,0.000000,,2486.250000,warm_container_available
440125,req-229,dag_0002,dag_0002_fn_008,warm_reuse,host-18,ctr-746,0,12,293,IDLE,RUNNING,1692,2022,7.980514,5702.285114,2115.000000,warm_container_available
440430,req-229,dag_0002,dag_0002_fn_014,warm_reuse,host-24,ctr-749,0,11,289,IDLE,RUNNING,2107,1863,22.696604,17312.673448,2633.750000,warm_container_available
440730,req-229,dag_0002,dag_0002_fn_009,warm_reuse,host-8,ctr-747,0,18,262,IDLE,RUNNING,1091,1460,27.518717,12850.285377,1363.750000,warm_container_available
441010,req-229,dag_0002,dag_0002_fn_010,warm_reuse,host-18,ctr-748,0,7,305,IDLE,RUNNING,1128,1630,19.973001,24492.197974,1410.000000,warm_container_available
441322,req-229,dag_0002,dag_0002_fn_029,warm_reuse,host-9,ctr-750,0,8,348,IDLE,RUNNING,1694,2261,18.545680,20897.461845,2117.500000,warm_container_available
441678,req-229,dag_0002,dag_0002_fn_030,warm_reuse,host-8,ctr-751,0,16,424,IDLE,RUNNING,2022,2269,22.307476,11576.116776,2527.500000,warm_container_available
440939,req-230,dag_0019,dag_0019_fn_006,cold_start,host-1,ctr-785,1278,0,166,,RUNNING,1433,1335,0.000000,,1791.250000,no_warm_container
442602,req-232,dag_0005,dag_0005_fn_007,warm_reuse,host-10,ctr-765,0,0,367,IDLE,RUNNING,2124,2384,0.000000,,2655.000000,warm_container_available
441927,req-231,dag_0010,dag_0010_fn_002,cold_start,host-2,ctr-786,713,0,211,,RUNNING,1360,897,0.000000,,1700.000000,no_warm_container
442969,req-232,dag_0005,dag_0005_fn_005,warm_reuse,host-13,ctr-767,0,4,169,IDLE,RUNNING,1424,1148,9.046479,21347.912469,1780.000000,warm_container_available
443142,req-232,dag_0005,dag_0005_fn_006,warm_reuse,host-13,ctr-769,0,0,245,IDLE,RUNNING,1548,1043,12.782703,,1935.000000,warm_container_available
443387,req-232,dag_0005,dag_0005_fn_010,warm_reuse,host-16,ctr-770,0,20,192,IDLE,RUNNING,1446,1444,20.508260,8579.106443,1807.500000,warm_container_available
443599,req-232,dag_0005,dag_0005_fn_013,warm_reuse,host-20,ctr-771,0,10,391,IDLE,RUNNING,2050,2686,16.572930,14564.328934,2562.500000,warm_container_available
442851,req-231,dag_0010,dag_0010_fn_008,cold_start,host-7,ctr-787,1446,7,165,,RUNNING,1022,581,6.653566,8168.287893,1277.500000,no_warm_container
444469,req-231,dag_0010,dag_0010_fn_013,warm_reuse,host-15,ctr-760,0,6,377,IDLE,RUNNING,1908,2224,12.081508,17231.240139,2385.000000,warm_container_available
444852,req-231,dag_0010,dag_0010_fn_014,warm_reuse,host-3,ctr-761,0,23,404,IDLE,RUNNING,2129,2221,31.036224,11279.201876,2661.250000,warm_container_available
445944,req-233,dag_0015,dag_0015_fn_007,warm_reuse,host-16,ctr-778,0,0,211,IDLE,RUNNING,1401,746,0.000000,,1751.250000,warm_container_available
446155,req-233,dag_0015,dag_0015_fn_004,warm_reuse,host-24,ctr-781,0,16,366,IDLE,RUNNING,2471,2298,33.840261,17355.715260,3088.750000,warm_container_available
446537,req-233,dag_0015,dag_0015_fn_005,warm_reuse,host-10,ctr-782,0,28,240,IDLE,RUNNING,1682,1753,28.268505,8254.571119,2102.500000,warm_container_available
446805,req-233,dag_0015,dag_0015_fn_006,warm_reuse,host-17,ctr-696,0,21,361,IDLE,RUNNING,1626,1583,33.415142,13253.132489,2032.500000,warm_container_available
447187,req-233,dag_0015,dag_0015_fn_008,warm_reuse,host-15,ctr-697,0,22,179,IDLE,RUNNING,1227,904,25.449310,9567.989488,1533.750000,warm_container_available
448753,req-234,dag_0011,dag_0011_fn_004,warm_reuse,host-9,ctr-777,0,0,331,IDLE,RUNNING,2275,2314,0.000000,,2843.750000,warm_container_available
449084,req-234,dag_0011,dag_0011_fn_011,warm_reuse,host-4,ctr-768,0,12,285,IDLE,RUNNING,973,1558,31.073613,21885.884430,1216.250000,warm_container_available
449381,req-234,dag_0011,dag_0011_fn_012,warm_reuse,host-7,ctr-772,0,56,168,IDLE,RUNNING,831,1049,23.067503,3316.520455,1038.750000,warm_container_available
449605,req-234,dag_0011,dag_0011_fn_013,warm_reuse,host-14,ctr-773,0,10,228,IDLE,RUNNING,1019,563,27.069235,22475.550793,1273.750000,warm_container_available
449843,req-234,dag_0011,dag_0011_fn_014,warm_reuse,host-4,ctr-774,0,106,256,IDLE,RUNNING,1646,1241,26.999585,2052.776251,2057.500000,warm_container_available
449410,req-235,dag_0018,dag_0018_fn_003,cold_start,host-21,ctr-788,636,0,328,,RUNNING,2263,2580,0.000000,,2828.750000,no_warm_container
450374,req-235,dag_0018,dag_0018_fn_004,cold_start,host-14,ctr-791,1538,6,251,,RUNNING,1334,1505,15.018022,20066.512119,1667.500000,no_warm_container
452169,req-235,dag_0018,dag_0018_fn_005,warm_reuse,host-11,ctr-790,0,10,157,IDLE,RUNNING,1167,1365,11.976465,10005.484642,1458.750000,warm_container_available
451290,req-237,dag_0012,dag_0012_fn_003,cold_start,host-22,ctr-793,1063,0,322,,RUNNING,2036,2299,0.000000,,2545.000000,no_warm_container
451214,req-236,dag_0003,dag_0003_fn_024,cold_start,host-11,ctr-792,1226,0,315,,RUNNING,1367,1242,0.000000,,1708.750000,no_warm_container
452675,req-237,dag_0012,dag_0012_fn_001,cold_start,host-17,ctr-794,1401,23,149,,RUNNING,982,360,29.480654,10395.440687,1227.500000,no_warm_container
452755,req-236,dag_0003,dag_0003_fn_028,cold_start,host-7,ctr-795,1440,11,264,,RUNNING,1867,1188,27.260867,20445.110786,2333.750000,no_warm_container
454248,req-237,dag_0012,dag_0012_fn_002,warm_reuse,host-20,ctr-798,0,13,398,IDLE,RUNNING,2153,2636,6.841378,4494.356361,2691.250000,warm_container_available
454470,req-236,dag_0003,dag_0003_fn_029,warm_reuse,host-1,ctr-796,0,13,251,IDLE,RUNNING,1746,1249,16.513362,10649.032862,2182.500000,warm_container_available
454659,req-237,dag_0012,dag_0012_fn_012,warm_reuse,host-3,ctr-799,0,14,388,IDLE,RUNNING,2309,2949,33.075540,19026.003914,2886.250000,warm_container_available
454734,req-236,dag_0003,dag_0003_fn_030,warm_reuse,host-19,ctr-797,0,14,213,IDLE,RUNNING,1436,813,26.111300,15075.690799,1795.000000,warm_container_available
455061,req-237,dag_0012,dag_0012_fn_013,warm_reuse,host-21,ctr-800,0,10,134,IDLE,RUNNING,946,1015,27.879769,23600.349955,1182.500000,warm_container_available
454658,req-238,dag_0002,dag_0002_fn_026,cold_start,host-5,ctr-801,1379,0,168,,RUNNING,914,1018,0.000000,,1142.500000,no_warm_container
456205,req-238,dag_0002,dag_0002_fn_027,cold_start,host-4,ctr-808,637,17,147,,RUNNING,1224,833,29.545956,14711.069988,1530.000000,no_warm_container
455785,req-239,dag_0001,dag_0001_fn_010,cold_start,host-12,ctr-802,1103,0,241,,RUNNING,1319,875,0.000000,,1648.750000,no_warm_container
457006,req-238,dag_0002,dag_0002_fn_028,warm_reuse,host-17,ctr-807,0,14,286,IDLE,RUNNING,1535,1525,23.750071,13938.655967,1918.750000,warm_container_available
457306,req-238,dag_0002,dag_0002_fn_029,warm_reuse,host-9,ctr-750,0,21,348,IDLE,RUNNING,1694,2261,34.642392,13533.173729,2117.500000,warm_container_available
457675,req-238,dag_0002,dag_0002_fn_030,warm_reuse,host-8,ctr-751,0,16,424,IDLE,RUNNING,2022,2269,22.307476,11576.116776,2527.500000,warm_container_available
457129,req-239,dag_0001,dag_0001_fn_025,cold_start,host-12,ctr-809,1218,0,293,,RUNNING,1745,1928,33.085626,,2181.250000,no_warm_container
458640,req-239,dag_0001,dag_0001_fn_007,warm_reuse,host-6,ctr-803,0,9,353,IDLE,RUNNING,2185,2705,21.822820,20002.824135,2731.250000,warm_container_available
459002,req-239,dag_0001,dag_0001_fn_032,warm_reuse,host-11,ctr-805,0,12,289,IDLE,RUNNING,1082,1300,34.355821,23531.236617,1352.500000,warm_container_available
458824,req-240,dag_0009,dag_0009_fn_012,cold_start,host-5,ctr-810,567,0,176,,RUNNING,1223,1424,0.000000,,1528.750000,no_warm_container
458876,req-241,dag_0014,dag_0014_fn_007,cold_start,host-2,ctr-811,1259,0,337,,RUNNING,2394,2536,0.000000,,2992.500000,no_warm_container
460352,req-243,dag_0005,dag_0005_fn_007,warm_reuse,host-10,ctr-765,0,0,367,IDLE,RUNNING,2124,2384,0.000000,,2655.000000,warm_container_available
460472,req-241,dag_0014,dag_0014_fn_008,warm_reuse,host-6,ctr-814,0,7,352,IDLE,RUNNING,1423,1918,14.982579,19016.447829,1778.750000,warm_container_available
459567,req-240,dag_0009,dag_0009_fn_004,cold_start,host-13,ctr-817,1013,23,424,,RUNNING,2285,2568,31.378274,11182.131164,2856.250000,no_warm_container
459106,req-242,dag_0013,dag_0013_fn_008,cold_start,host-16,ctr-816,1571,0,299,,RUNNING,1408,1882,0.000000,,1760.000000,no_warm_container
460719,req-243,dag_0005,dag_0005_fn_005,warm_reuse,host-13,ctr-767,0,4,169,IDLE,RUNNING,1424,1148,9.046479,21347.912469,1780.000000,warm_container_available
460831,req-241,dag_0014,dag_0014_fn_009,warm_reuse,host-18,ctr-815,0,5,335,IDLE,RUNNING,1851,2312,9.152835,15539.827759,2313.750000,warm_container_available
460892,req-243,dag_0005,dag_0005_fn_006,warm_reuse,host-13,ctr-769,0,0,245,IDLE,RUNNING,1548,1043,12.782703,,1935.000000,warm_container_available
461027,req-240,dag_0009,dag_0009_fn_014,warm_reuse,host-5,ctr-813,0,6,239,IDLE,RUNNING,1630,1533,11.504602,16522.586997,2037.500000,warm_container_available
461137,req-243,dag_0005,dag_0005_fn_010,warm_reuse,host-16,ctr-770,0,20,192,IDLE,RUNNING,1446,1444,20.508260,8579.106443,1807.500000,warm_container_available
461349,req-243,dag_0005,dag_0005_fn_013,warm_reuse,host-20,ctr-771,0,10,391,IDLE,RUNNING,2050,2686,16.572930,14564.328934,2562.500000,warm_container_available
460764,req-244,dag_0020,dag_0020_fn_002,cold_start,host-12,ctr-818,626,0,239,,RUNNING,1616,1567,0.000000,,2020.000000,no_warm_container
460976,req-242,dag_0013,dag_0013_fn_009,cold_start,host-8,ctr-819,773,12,179,,RUNNING,976,1261,8.345903,5847.379380,1220.000000,no_warm_container
461927,req-246,dag_0010,dag_0010_fn_002,warm_reuse,host-2,ctr-786,0,0,211,IDLE,RUNNING,1360,897,0.000000,,1700.000000,warm_container_available
462138,req-246,dag_0010,dag_0010_fn_008,warm_reuse,host-7,ctr-787,0,7,165,IDLE,RUNNING,1022,581,6.653566,8168.287893,1277.500000,warm_container_available
462310,req-246,dag_0010,dag_0010_fn_013,warm_reuse,host-15,ctr-760,0,6,377,IDLE,RUNNING,1908,2224,12.081508,17231.240139,2385.000000,warm_container_available
461071,req-245,dag_0017,dag_0017_fn_004,cold_start,host-19,ctr-820,1492,0,270,,RUNNING,1317,1251,0.000000,,1646.250000,no_warm_container
462693,req-246,dag_0010,dag_0010_fn_014,warm_reuse,host-3,ctr-761,0,23,404,IDLE,RUNNING,2129,2221,31.036224,11279.201876,2661.250000,warm_container_available
461940,req-242,dag_0013,dag_0013_fn_010,cold_start,host-19,ctr-822,778,13,273,,RUNNING,1853,1407,27.427542,17383.010774,2316.250000,no_warm_container
461629,req-244,dag_0020,dag_0020_fn_003,cold_start,host-24,ctr-821,1328,13,322,,RUNNING,2265,2314,15.043409,9434.067196,2831.250000,no_warm_container
463292,req-244,dag_0020,dag_0020_fn_004,warm_reuse,host-15,ctr-826,0,7,185,IDLE,RUNNING,1400,1104,17.965145,21744.504774,1750.000000,warm_container_available
462833,req-245,dag_0017,dag_0017_fn_005,cold_start,host-1,ctr-827,1077,17,144,,RUNNING,1348,677,33.571364,16258.978080,1685.000000,no_warm_container
464071,req-245,dag_0017,dag_0017_fn_003,warm_reuse,host-18,ctr-823,0,12,134,IDLE,RUNNING,1110,809,27.945288,19286.931650,1387.500000,warm_container_available
464217,req-245,dag_0017,dag_0017_fn_007,warm_reuse,host-8,ctr-825,0,17,242,IDLE,RUNNING,1336,1039,20.414272,9834.263992,1670.000000,warm_container_available
467118,req-247,dag_0011,dag_0011_fn_004,warm_reuse,host-9,ctr-777,0,0,331,IDLE,RUNNING,2275,2314,0.000000,,2843.750000,warm_container_available
467449,req-247,dag_0011,dag_0011_fn_011,warm_reuse,host-4,ctr-768,0,12,285,IDLE,RUNNING,973,1558,31.073613,21885.884430,1216.250000,warm_container_available
467746,req-247,dag_0011,dag_0011_fn_012,warm_reuse,host-7,ctr-772,0,56,168,IDLE,RUNNING,831,1049,23.067503,3316.520455,1038.750000,warm_container_available
467970,req-247,dag_0011,dag_0011_fn_013,warm_reuse,host-14,ctr-773,0,10,228,IDLE,RUNNING,1019,563,27.069235,22475.550793,1273.750000,warm_container_available
468208,req-247,dag_0011,dag_0011_fn_014,warm_reuse,host-4,ctr-774,0,106,256,IDLE,RUNNING,1646,1241,26.999585,2052.776251,2057.500000,warm_container_available
469361,req-248,dag_0003,dag_0003_fn_024,warm_reuse,host-11,ctr-792,0,0,315,IDLE,RUNNING,1367,1242,0.000000,,1708.750000,warm_container_available
469676,req-248,dag_0003,dag_0003_fn_028,warm_reuse,host-7,ctr-795,0,11,264,IDLE,RUNNING,1867,1188,27.260867,20445.110786,2333.750000,warm_container_available
469951,req-248,dag_0003,dag_0003_fn_029,warm_reuse,host-1,ctr-796,0,13,251,IDLE,RUNNING,1746,1249,16.513362,10649.032862,2182.500000,warm_container_available
470215,req-248,dag_0003,dag_0003_fn_030,warm_reuse,host-19,ctr-797,0,14,213,IDLE,RUNNING,1436,813,26.111300,15075.690799,1795.000000,warm_container_available
470288,req-249,dag_0019,dag_0019_fn_001,cold_start,host-10,ctr-828,894,0,200,,RUNNING,1206,1506,0.000000,,1507.500000,no_warm_container
471382,req-249,dag_0019,dag_0019_fn_002,cold_start,host-24,ctr-830,1152,18,311,,RUNNING,2247,1909,20.483005,9258.664183,2808.750000,no_warm_container
472397,req-250,dag_0015,dag_0015_fn_007,cold_start,host-22,ctr-831,1368,0,211,,RUNNING,1401,746,0.000000,,1751.250000,no_warm_container
474534,req-251,dag_0005,dag_0005_fn_007,warm_reuse,host-10,ctr-765,0,0,367,IDLE,RUNNING,2124,2384,0.000000,,2655.000000,warm_container_available
473976,req-250,dag_0015,dag_0015_fn_004,cold_start,host-22,ctr-832,821,0,366,,RUNNING,2471,2298,33.840261,,3088.750000,no_warm_container
475163,req-250,dag_0015,dag_0015_fn_005,warm_reuse,host-21,ctr-833,0,13,240,IDLE,RUNNING,1682,1753,28.268505,17960.675929,2102.500000,warm_container_available
475416,req-250,dag_0015,dag_0015_fn_006,warm_reuse,host-11,ctr-834,0,79,361,IDLE,RUNNING,1626,1583,33.415142,3403.454307,2032.500000,warm_container_available
474901,req-251,dag_0005,dag_0005_fn_016,cold_start,host-14,ctr-836,618,5,226,,RUNNING,860,531,9.046479,15351.014796,1075.000000,no_warm_container
475856,req-250,dag_0015,dag_0015_fn_008,warm_reuse,host-17,ctr-835,0,16,179,IDLE,RUNNING,1227,904,25.449310,12823.345962,1533.750000,warm_container_available
475723,req-252,dag_0009,dag_0009_fn_001,cold_start,host-20,ctr-837,1223,0,146,,RUNNING,852,1073,0.000000,,1065.000000,no_warm_container
475750,req-251,dag_0005,dag_0005_fn_003,cold_start,host-17,ctr-838,1599,12,199,,RUNNING,1609,1529,16.253019,11608.121266,2011.250000,no_warm_container
477092,req-252,dag_0009,dag_0009_fn_002,cold_start,host-5,ctr-841,1374,7,175,,RUNNING,889,522,10.651236,14015.192222,1111.250000,no_warm_container
478648,req-252,dag_0009,dag_0009_fn_014,warm_reuse,host-5,ctr-813,0,0,239,IDLE,RUNNING,1630,1533,24.384062,,2037.500000,warm_container_available
477560,req-251,dag_0005,dag_0005_fn_012,cold_start,host-16,ctr-842,1135,9,316,,RUNNING,2372,2377,20.466084,19477.242441,2965.000000,no_warm_container
478147,req-253,dag_0003,dag_0003_fn_021,cold_start,host-14,ctr-843,701,0,152,,RUNNING,1222,715,0.000000,,1527.500000,no_warm_container
479000,req-253,dag_0003,dag_0003_fn_028,warm_reuse,host-7,ctr-795,0,35,264,IDLE,RUNNING,1867,1188,23.089602,5381.566342,2333.750000,warm_container_available
479020,req-251,dag_0005,dag_0005_fn_013,warm_reuse,host-20,ctr-771,0,18,391,IDLE,RUNNING,2050,2686,32.436835,14564.328934,2562.500000,warm_container_available
479299,req-253,dag_0003,dag_0003_fn_029,warm_reuse,host-1,ctr-796,0,13,251,IDLE,RUNNING,1746,1249,16.513362,10649.032862,2182.500000,warm_container_available
479563,req-253,dag_0003,dag_0003_fn_030,warm_reuse,host-19,ctr-797,0,14,213,IDLE,RUNNING,1436,813,26.111300,15075.690799,1795.000000,warm_container_available
481927,req-254,dag_0010,dag_0010_fn_002,warm_reuse,host-2,ctr-786,0,0,211,IDLE,RUNNING,1360,897,0.000000,,1700.000000,warm_container_available
482138,req-254,dag_0010,dag_0010_fn_008,warm_reuse,host-7,ctr-787,0,7,165,IDLE,RUNNING,1022,581,6.653566,8168.287893,1277.500000,warm_container_available
482245,req-255,dag_0015,dag_0015_fn_007,warm_reuse,host-22,ctr-831,0,0,211,IDLE,RUNNING,1401,746,0.000000,,1751.250000,warm_container_available
482310,req-254,dag_0010,dag_0010_fn_013,warm_reuse,host-15,ctr-760,0,6,377,IDLE,RUNNING,1908,2224,12.081508,17231.240139,2385.000000,warm_container_available
482456,req-255,dag_0015,dag_0015_fn_004,warm_reuse,host-22,ctr-832,0,0,366,IDLE,RUNNING,2471,2298,33.840261,,3088.750000,warm_container_available
482693,req-254,dag_0010,dag_0010_fn_014,warm_reuse,host-3,ctr-761,0,23,404,IDLE,RUNNING,2129,2221,31.036224,11279.201876,2661.250000,warm_container_available
482822,req-255,dag_0015,dag_0015_fn_005,warm_reuse,host-21,ctr-833,0,13,240,IDLE,RUNNING,1682,1753,28.268505,17960.675929,2102.500000,warm_container_available
483075,req-255,dag_0015,dag_0015_fn_006,warm_reuse,host-11,ctr-834,0,79,361,IDLE,RUNNING,1626,1583,33.415142,3403.454307,2032.500000,warm_container_available
482905,req-256,dag_0012,dag_0012_fn_011,cold_start,host-12,ctr-844,615,0,245,,RUNNING,904,1365,0.000000,,1130.000000,no_warm_container
483515,req-255,dag_0015,dag_0015_fn_008,warm_reuse,host-17,ctr-835,0,16,179,IDLE,RUNNING,1227,904,25.449310,12823.345962,1533.750000,warm_container_available
482976,req-257,dag_0013,dag_0013_fn_008,cold_start,host-13,ctr-845,1571,0,299,,RUNNING,1408,1882,0.000000,,1760.000000,no_warm_container
483765,req-256,dag_0012,dag_0012_fn_012,cold_start,host-8,ctr-849,851,9,388,,RUNNING,2309,2949,25.615849,23843.107737,2886.250000,no_warm_container
484846,req-257,dag_0013,dag_0013_fn_009,warm_reuse,host-12,ctr-848,0,8,179,IDLE,RUNNING,976,1261,8.345903,8477.403845,1220.000000,warm_container_available
485013,req-256,dag_0012,dag_0012_fn_013,warm_reuse,host-23,ctr-847,0,67,134,IDLE,RUNNING,946,1015,27.879769,3335.855912,1182.500000,warm_container_available
485033,req-257,dag_0013,dag_0013_fn_010,cold_start,host-18,ctr-850,778,27,273,,RUNNING,1853,1407,27.427542,8233.028570,2316.250000,no_warm_container
486834,req-258,dag_0011,dag_0011_fn_004,warm_reuse,host-9,ctr-777,0,0,331,IDLE,RUNNING,2275,2314,0.000000,,2843.750000,warm_container_available
487165,req-258,dag_0011,dag_0011_fn_011,warm_reuse,host-4,ctr-768,0,12,285,IDLE,RUNNING,973,1558,31.073613,21885.884430,1216.250000,warm_container_available
487462,req-258,dag_0011,dag_0011_fn_012,warm_reuse,host-7,ctr-772,0,56,168,IDLE,RUNNING,831,1049,23.067503,3316.520455,1038.750000,warm_container_available
487686,req-258,dag_0011,dag_0011_fn_013,warm_reuse,host-14,ctr-773,0,10,228,IDLE,RUNNING,1019,563,27.069235,22475.550793,1273.750000,warm_container_available
487924,req-258,dag_0011,dag_0011_fn_014,warm_reuse,host-4,ctr-774,0,106,256,IDLE,RUNNING,1646,1241,26.999585,2052.776251,2057.500000,warm_container_available
488723,req-260,dag_0009,dag_0009_fn_012,cold_start,host-13,ctr-852,567,0,176,,RUNNING,1223,1424,0.000000,,1528.750000,no_warm_container
488708,req-259,dag_0002,dag_0002_fn_023,cold_start,host-2,ctr-851,1295,0,266,,RUNNING,1410,1051,0.000000,,1762.500000,no_warm_container
490269,req-259,dag_0002,dag_0002_fn_025,warm_reuse,host-19,ctr-853,0,11,318,IDLE,RUNNING,1886,2321,24.772986,19206.340528,2357.500000,warm_container_available
489466,req-260,dag_0009,dag_0009_fn_004,cold_start,host-24,ctr-859,1013,19,424,,RUNNING,2285,2568,31.378274,13378.871422,2856.250000,no_warm_container
490598,req-259,dag_0002,dag_0002_fn_027,warm_reuse,host-1,ctr-854,0,13,147,IDLE,RUNNING,1224,833,25.113934,16258.978080,1530.000000,warm_container_available
490758,req-259,dag_0002,dag_0002_fn_028,warm_reuse,host-23,ctr-855,0,12,286,IDLE,RUNNING,1535,1525,23.750071,16296.749515,1918.750000,warm_container_available
490922,req-260,dag_0009,dag_0009_fn_014,warm_reuse,host-5,ctr-813,0,7,239,IDLE,RUNNING,1630,1533,11.504602,14386.255584,2037.500000,warm_container_available
491056,req-259,dag_0002,dag_0002_fn_029,warm_reuse,host-18,ctr-856,0,22,348,IDLE,RUNNING,1694,2261,34.642392,12868.228232,2117.500000,warm_container_available
491426,req-259,dag_0002,dag_0002_fn_030,warm_reuse,host-12,ctr-857,0,15,424,IDLE,RUNNING,2022,2269,22.307476,12329.221823,2527.500000,warm_container_available
493611,req-261,dag_0003,dag_0003_fn_023,cold_start,host-11,ctr-860,798,0,392,,RUNNING,2447,2515,0.000000,,3058.750000,no_warm_container
494801,req-261,dag_0003,dag_0003_fn_028,warm_reuse,host-7,ctr-795,0,5,264,IDLE,RUNNING,1867,1188,11.537699,20445.110786,2333.750000,warm_container_available
495070,req-261,dag_0003,dag_0003_fn_029,warm_reuse,host-1,ctr-796,0,13,251,IDLE,RUNNING,1746,1249,16.513362,10649.032862,2182.500000,warm_container_available
495334,req-261,dag_0003,dag_0003_fn_030,warm_reuse,host-19,ctr-797,0,14,213,IDLE,RUNNING,1436,813,26.111300,15075.690799,1795.000000,warm_container_available
495269,req-263,dag_0004,dag_0004_fn_008,cold_start,host-21,ctr-862,648,0,204,,RUNNING,1322,1383,0.000000,,1652.500000,no_warm_container
495126,req-262,dag_0005,dag_0005_fn_007,cold_start,host-10,ctr-861,1275,0,367,,RUNNING,2124,2384,0.000000,,2655.000000,no_warm_container
496768,req-262,dag_0005,dag_0005_fn_005,cold_start,host-14,ctr-864,841,5,169,,RUNNING,1424,1148,9.046479,15351.014796,1780.000000,no_warm_container
496121,req-263,dag_0004,dag_0004_fn_010,cold_start,host-10,ctr-863,1589,41,302,,RUNNING,1758,1818,16.733574,3271.508288,2197.500000,no_warm_container
497783,req-262,dag_0005,dag_0005_fn_006,cold_start,host-9,ctr-865,1235,5,245,,RUNNING,1548,1043,12.782703,21205.369729,1935.000000,no_warm_container
499268,req-262,dag_0005,dag_0005_fn_010,warm_reuse,host-17,ctr-866,0,14,192,IDLE,RUNNING,1446,1444,20.508260,11736.996858,1807.500000,warm_container_available
499474,req-262,dag_0005,dag_0005_fn_013,warm_reuse,host-20,ctr-771,0,30,391,IDLE,RUNNING,2050,2686,16.572930,4494.356361,2562.500000,warm_container_available
498828,req-264,dag_0002,dag_0002_fn_012,cold_start,host-20,ctr-867,1372,0,300,,RUNNING,1989,1467,0.000000,,2486.250000,no_warm_container
500500,req-264,dag_0002,dag_0002_fn_008,cold_start,host-16,ctr-868,1561,4,293,,RUNNING,1692,2022,7.980514,18264.063273,2115.000000,no_warm_container
502358,req-264,dag_0002,dag_0002_fn_014,warm_reuse,host-3,ctr-871,0,32,289,IDLE,RUNNING,2107,1863,22.696604,5691.800588,2633.750000,warm_container_available
502679,req-264,dag_0002,dag_0002_fn_009,warm_reuse,host-5,ctr-869,0,11,262,IDLE,RUNNING,1091,1460,27.518717,21306.620240,1363.750000,warm_container_available
502952,req-264,dag_0002,dag_0002_fn_010,warm_reuse,host-16,ctr-870,0,104,305,IDLE,RUNNING,1128,1630,19.973001,1546.838593,1410.000000,warm_container_available
503361,req-264,dag_0002,dag_0002_fn_029,warm_reuse,host-18,ctr-856,0,25,348,IDLE,RUNNING,1694,2261,18.545680,5989.402610,2117.500000,warm_container_available
503734,req-264,dag_0002,dag_0002_fn_030,warm_reuse,host-12,ctr-857,0,15,424,IDLE,RUNNING,2022,2269,22.307476,12329.221823,2527.500000,warm_container_available
